Variable / Field Name,Form Name,Section Header,Field Type,Field Label,"Choices, Calculations, OR Slider Labels",Field Note,Text Validation Type OR Show Slider Number,Text Validation Min,Text Validation Max,Identifier?,Branching Logic (Show field only if...),Required Field?,Custom Alignment,Question Number (surveys only)
subjectkey,Child Eyes Task 2006,Header,text,The NDAR Global Unique Identifier (GUID) for subjects which identifies a subject in NDAR,,,,,,,,y,,
src_subject_id,Child Eyes Task 2006,,text,The site's subject identification,,,,,,,,y,,
interview_date,Child Eyes Task 2006,,text,Date on which the interview/genetic test/sampling/imaging was completed,"MM/yyyy, MM/yyyy | MM/dd/yyyy, MM/dd/yyyy",* '01/01/1900' indicates that a date associated with retrospective data is not known.,date_ymd,,,,,y,,
interview_age,Child Eyes Task 2006,,text,Age in months at the time of the interview/test/sampling/imaging.,,Age is rounded to chronological month If the research participant is 13 days old at time of interview  the appropriate value would be 0 months if the participant is 19 days old the value would be 1 month,number,0,1200,,,y,,
comments_misc,Child Eyes Task 2006,,text,"Miscellaneous comments on study, interview, methodology relevant to this form data",,,,,,,,,,
untestable,Child Eyes Task 2006,,dropdown,Was the patient untestable?,"Yes, Yes | No, No | N/A, N/A",,,,,,,,,
untestable_reason,Child Eyes Task 2006,,text,what was the reason he/she was untestable?,,,,,,,,,,
mental_state_task_score,Child Eyes Task 2006,Score Summary,text,Mental State Task Score,,,number,0,29,,,y,,
gender_score,Child Eyes Task 2006,,text,Gender Score,,,number,0,29,,,y,,
