Variable / Field Name,Form Name,Section Header,Field Type,Field Label,"Choices, Calculations, OR Slider Labels",Field Note,Text Validation Type OR Show Slider Number,Text Validation Min,Text Validation Max,Identifier?,Branching Logic (Show field only if...),Required Field?,Custom Alignment,Question Number (surveys only)
subjectkey,CPEA STAART ADI 1988,,text,The NDAR Global Unique Identifier (GUID) for subjects which identifies a subject in NDAR,,,,,,,,y,,
interview_date,CPEA STAART ADI 1988,,text,Date on which the interview/genetic test/sampling/imaging was completed,"MM/yyyy, MM/yyyy | MM/dd/yyyy, MM/dd/yyyy",* '01/01/1900' indicates that a date associated with retrospective data is not known.,date_ymd,,,,,y,,
cycle,CPEA STAART ADI 1988,,text,Timepoint information,,,,,,,,y,,
patid,CPEA STAART ADI 1988,,text,src_Subject_id,,Patient IDs were assigned at the research site for CPEA and STAART,,,,,,y,,
network,CPEA STAART ADI 1988,,text,Network,,CPEA or STAART Network,,,,,,y,,
site,CPEA STAART ADI 1988,,text,Site,,CPEA or STAART Site,,,,,,y,,
study,CPEA STAART ADI 1988,,text,Study,,CPEA or STAART Study,,,,,,y,,
adi_da_afp,CPEA STAART ADI 1988,,text,ADI: Age at first phrases,,,,,,,,y,,
adi_al_agfpu,CPEA STAART ADI 1988,,text,Age of first phrases,"0 - 800, 0 - 800 |   993,   993 |  994,  994 |  996,  996 |  997,  997 |  999,  999",,,,,,,y,,
adi_al_agfsw,CPEA STAART ADI 1988,,text,Age of first single words,"0 - 800, 0 - 800 |   993,   993 |  994,  994 |  996,  996 |  997,  997 |  999,  999",,,,,,,y,,
adi_da_afsw,CPEA STAART ADI 1988,,text,ADI: Age at first single words - Interim step to calculate summary scores,,,,,,,,y,,
adi_dx,CPEA STAART ADI 1988,,text,ADI: Diagnosis,,,,,,,,y,,
adi_date,CPEA STAART ADI 1988,,text,ADI: Date,,,,,,,,y,,
adi_version,CPEA STAART ADI 1988,,text,ADI: Version,,,,,,,,y,,
adi_gb_agfab,CPEA STAART ADI 1988,,text,Age when abnormality first evident,,Nulled value range of:    to accept outlier data,,,,,,y,,
