Variable / Field Name,Form Name,Section Header,Field Type,Field Label,"Choices, Calculations, OR Slider Labels",Field Note,Text Validation Type OR Show Slider Number,Text Validation Min,Text Validation Max,Identifier?,Branching Logic (Show field only if...),Required Field?,Custom Alignment,Question Number (surveys only)
subjectkey,Peds - Diffusion Tensor Imaging,,text,The NDAR Global Unique Identifier (GUID) for subjects which identifies a subject in NDAR,,,,,,,,y,,
src_subject_id,Peds - Diffusion Tensor Imaging,,text,The site's subject identification,,,,,,,,y,,
timepoint_label,Peds - Diffusion Tensor Imaging,,text,User-defined timepoint/visit label - a label selected by the site at the time of registration of a new timepoint into the database.  This label is used to group all the instruments administered to a subject at a given timepoint.,,,,,,,,y,,
dti_age_days_dob,Peds - Diffusion Tensor Imaging,,text,Age in days to date of birth from DTI scan date.  This may differ from the T1 date due to an offset in scan date between structural and DTI data.,,,,,,,,y,,
dti_time_days_arbitrary_date,Peds - Diffusion Tensor Imaging,,text,Time in days calculated by subtracting an arbitrary date from the DTI scan date.  Allows the user to identify ACR or Living Phantom scans from the same time in an anonymized way.,,,,,,,,y,,
dti_time_days_to_t1,Peds - Diffusion Tensor Imaging,,text,Number of days delay time between T1 structural acquisition and DTI acquisition.,,,,,,,,y,,
dti_release_version,Peds - Diffusion Tensor Imaging,,text,Version of the DTI data release.  This release number is independent of the Structural MRI release number.,,,,,,,,y,,
scanner_manufacturer_dti,Peds - Diffusion Tensor Imaging,,text,Siemens or GE as extract from the MINC header,,,,,,,,y,,
scanner_software_versions_dti,Peds - Diffusion Tensor Imaging,,text,MRI scanner software version,,,,,,,,y,,
mri_echo_time_dti,Peds - Diffusion Tensor Imaging,,text,TE,,,,,,,,y,,
mri_repetition_time_dti,Peds - Diffusion Tensor Imaging,,text,TR,,,,,,,,y,,
mri_excitation_pulse_angle_dti,Peds - Diffusion Tensor Imaging,,text,excitation pulse angle for DTI (degrees).  Expected value is 90 degress.,,,,,,,,y,,
mri_band_width_dti,Peds - Diffusion Tensor Imaging,,text,Band width,,,,,,,,y,,
mri_nex_dti,Peds - Diffusion Tensor Imaging,,text,Number of excitations (NEX),,,,,,,,y,,
mri_field_of_view_raw_ap_dti,Peds - Diffusion Tensor Imaging,,text,field of view in the anterior-posterior direction for the DWI images as acquired at the scanner before processing,,,,,,,,y,,
mri_field_of_view_raw_lr_dti,Peds - Diffusion Tensor Imaging,,text,field of view in the left-right direction for the DWI images as acquired at the scanner before processing,,,,,,,,y,,
mri_voxel_width_raw_ap_dti,Peds - Diffusion Tensor Imaging,,text,Voxel resolution in Anterior-Posterior direction for raw DWI data. AP = y direction for axial acquisition.,,,,,,,,y,,
mri_voxel_width_raw_lr_dti,Peds - Diffusion Tensor Imaging,,text,Voxel resolution in Left-Right direction for raw DWI data. LR = x direction for axial acquisition.,,,,,,,,y,,
mri_voxel_width_raw_is_dti,Peds - Diffusion Tensor Imaging,,text,Voxel resolution in Inferior-Superior direction for raw DWI data. IS = z for axial acquisition.,,,,,,,,y,,
mri_number_slices_raw_dti,Peds - Diffusion Tensor Imaging,,text,Number of slices for raw DWI data.,,,,,,,,y,,
mri_field_of_view_corr_ap_dti,Peds - Diffusion Tensor Imaging,,text,Field of view (FOV)in anterior-posterior direction for DWI data after artifact remediation and distortion correction.,,,,,,,,y,,
mri_field_of_view_corr_lr_dti,Peds - Diffusion Tensor Imaging,,text,Field of view (FOV)in left-right direction for DWI data after artifact remediation and distortion correction.,,,,,,,,y,,
mri_voxel_width_corr_ap_dti,Peds - Diffusion Tensor Imaging,,text,Voxel resolution in Anterior-Posterior direction for DWI data after artifact remediation and distortion correction.,,,,,,,,y,,
mri_voxel_width_corr_lr_dti,Peds - Diffusion Tensor Imaging,,text,Voxel resolution in Left-Right direction for DWI data after artifact remediation and distortion correction.,,,,,,,,y,,
mri_voxel_width_corr_is_dti,Peds - Diffusion Tensor Imaging,,text,Voxel resolution in Inferior-Superior direction for DWI data after artifact remediation and distortion correction.,,,,,,,,y,,
mri_acquisition_matrix_dti,Peds - Diffusion Tensor Imaging,,text,Image acquisition matrix size.,,,,,,,,y,,
mri_image_matrix_dti,Peds - Diffusion Tensor Imaging,,text,"Final image matrix size.  Compared with the acquisition matrix size, this indicates in the images were interpolated by the scanner.",,,,,,,,y,,
mri_number_slices_corr_dti,Peds - Diffusion Tensor Imaging,,text,Number of slices for final output data.,,,,,,,,y,,
mri_slice_gap_dti,Peds - Diffusion Tensor Imaging,,text,Space between slices.  Should be 0.  (mm),,,,,,,,y,,
mri_num_replicates_b1000_dti,Peds - Diffusion Tensor Imaging,,text,Number of replicates of the basic 6 directions at b = 1000 s/mm2.  Obj1 & Obj2 should be = 4,,,,,,,,y,,
mri_num_replicates_b500_dti,Peds - Diffusion Tensor Imaging,,text,"Number of replicates of the basic 6 directions at b = 500s/mm2. Expected values: Obj1 = 0, Obj2 = 2",,,,,,,,y,,
mri_num_vol_b1000_corr_dti,Peds - Diffusion Tensor Imaging,,text,Final number of b1000 volumes included after artifact removal.,,,,,,,,y,,
mri_num_vol_b500_corr_dti,Peds - Diffusion Tensor Imaging,,text,Number of b500 volumes included after artifact removal.,,,,,,,,y,,
mri_epi_correction_dti,Peds - Diffusion Tensor Imaging,,text,"Is EPI correction performed? Y=yes, N=no",,,,,,,,y,,
mri_epi_bspline_grid_size_dti,Peds - Diffusion Tensor Imaging,,text,Value of the bspline grid size used for EPI correction.  Total grid size is the sum of this number plus 3 additional grid points for the required border size.,,,,,,,,y,,
dti_registration_target_type,Peds - Diffusion Tensor Imaging,,text,"Imaging modality of target image used for EPI correction and/or reorientation.  T1, T2 or PD",,,,,,,,y,,
qc_num_volumes_dti,Peds - Diffusion Tensor Imaging,,dropdown,"Quality score for protocol violations; 0=no violation, 1=violation. Number of acquired volumes.","0, 0 |  1,  1",,,,,,,y,,
qc_num_slices_dti,Peds - Diffusion Tensor Imaging,,dropdown,"Quality score for protocol violations; 0=no violation, 1=violation.  Number of slices per DWI volume.","0, 0 |  1,  1",,,,,,,y,,
qc_in_plane_resolution_dti,Peds - Diffusion Tensor Imaging,,dropdown,"Quality score for protocol violations; 0=no violation, 1=violation. Axial in-plane resoultion.","0, 0 |  1,  1",,,,,,,y,,
qc_slice_thickness_dti,Peds - Diffusion Tensor Imaging,,dropdown,"Quality score for protocol violations; 0=no violation, 1=violation. Slice thickness.","0, 0 |  1,  1",,,,,,,y,,
qc_zero_fill_acq_dti,Peds - Diffusion Tensor Imaging,,dropdown,"Quality score for protocol violations; 0=no violation, 1=violation. Protocol specified no zero filling at the time of acquisition.","0, 0 |  1,  1",,,,,,,y,,
qc_nex_dti,Peds - Diffusion Tensor Imaging,,dropdown,"Quality score for protocol violations; 0=no violation, 1=violation. Protocol specifies NEX=1.","0, 0 |  1,  1",,,,,,,y,,
qc_oblique_acq_dti,Peds - Diffusion Tensor Imaging,,dropdown,"Quality score for protocol violations; 0=no violation, 1=violation. Protocol specified pure axial acquisition only.","0, 0 |  1,  1",,,,,,,y,,
qc_echo_time_dti,Peds - Diffusion Tensor Imaging,,dropdown,"Quality score for protocol violations; 0=no violation, 1=violation. Echo time must be the same for all replicates, including b1000 and b500.","0, 0 |  1,  1",,,,,,,y,,
qc_gain_scale_dti,Peds - Diffusion Tensor Imaging,,dropdown,"Quality score for raw DWI data; 0=perfect, 1=minor problem, 2=moderate problem, 3=major problem. Gain differences between replicates, or scaling differences between b0 and DWI images.","0, 0 |  1,  1 |  2,  2 |  3,  3 |  4,  4",,,,,,,y,,
qc_brain_coverage_top_dti,Peds - Diffusion Tensor Imaging,,dropdown,"Quality score for raw DWI data; 0=perfect, 1=minor problem, 2=moderate problem, 3=major problem. Was the top of the brain fully included in acquisition?","0, 0 |  1,  1 |  2,  2 |  3,  3 |  4,  4",,,,,,,y,,
qc_brain_coverage_bottom_dti,Peds - Diffusion Tensor Imaging,,dropdown,"Quality score for raw DWI data; 0=perfect, 1=minor problem, 2=moderate problem, 3=major problem. Was the bottom of the brain (cerebellum) fully included in acquisition?","0, 0 |  1,  1 |  2,  2 |  3,  3 |  4,  4",,,,,,,y,,
qc_ghosting_dti,Peds - Diffusion Tensor Imaging,,dropdown,"Quality score for raw DWI data; 0=perfect, 1=minor problem, 2=moderate problem, 3=major problem. Severity of ghosting.","0, 0 |  1,  1 |  2,  2 |  3,  3 |  4,  4",,,,,,,y,,
qc_nosie_artifacts_dti,Peds - Diffusion Tensor Imaging,,dropdown,"Quality score for raw DWI data; 0=perfect, 1=minor problem, 2=moderate problem, 3=major problem. Severity of noise, spike noise, RF, and recon artifacts.","0, 0 |  1,  1 |  2,  2 |  3,  3 |  4,  4",,,,,,,y,,
qc_motion_signal_drop_dti,Peds - Diffusion Tensor Imaging,,dropdown,"Quality score for raw DWI data; 0=perfect, 1=minor problem, 2=moderate problem, 3=major problem. Severity of signal dropouts due to motion.","0, 0 |  1,  1 |  2,  2 |  3,  3 |  4,  4",,,,,,,y,,
qc_motion_eddy_dist_dti,Peds - Diffusion Tensor Imaging,,dropdown,"Quality score for raw DWI data; 0=perfect, 1=minor problem, 2=moderate problem, 3=major problem. Severity of misregistration due to motion and eddy distortion.","0, 0 |  1,  1 |  2,  2 |  3,  3 |  4,  4",,,,,,,y,,
qc_epi_dist_dti,Peds - Diffusion Tensor Imaging,,dropdown,"Quality score for raw DWI data; 0=perfect, 1=minor problem, 2=moderate problem, 3=major problem. Severity of susceptibility related EPI distortion.","0, 0 |  1,  1 |  2,  2 |  3,  3 |  4,  4",,,,,,,y,,
qc_cardiac_artifacts_dti,Peds - Diffusion Tensor Imaging,,dropdown,"Quality score for raw DWI data; 0=perfect, 1=minor problem, 2=moderate problem, 3=major problem. Severity of cardiac pulsation artifacts.","0, 0 |  1,  1 |  2,  2 |  3,  3 |  4,  4",,,,,,,y,,
qc_qual_motion_eddy_corr_dti,Peds - Diffusion Tensor Imaging,,dropdown,"Quality score for corrected DWI data; 0=perfect, 1=minor problem, 2=moderate problem, 3=major problem. Quality of the correction of misregistration due to motion and eddy distortion.","0, 0 |  1,  1 |  2,  2 |  3,  3 |  4,  4",,,,,,,y,,
qc_qual_epi_corr_dti,Peds - Diffusion Tensor Imaging,,dropdown,"Quality score for corrected DWI data; 0=perfect, 1=minor problem, 2=moderate problem, 3=major problem. Quality of correction for EPI distortion.","0, 0 |  1,  1 |  2,  2 |  3,  3 |  4,  4",,,,,,,y,,
qc_region_frontal_dti,Peds - Diffusion Tensor Imaging,,dropdown,"Regional quality score for tensor derived quantities; 0=perfect, 1=minor problem, 2=moderate problem, 3=major problem. Frontal lobes.","0, 0 |  1,  1 |  2,  2 |  3,  3 |  4,  4",,,,,,,y,,
qc_region_parietal_dti,Peds - Diffusion Tensor Imaging,,dropdown,"Regional quality score for tensor derived quantities; 0=perfect, 1=minor problem, 2=moderate problem, 3=major problem. Parietal lobes.","0, 0 |  1,  1 |  2,  2 |  3,  3 |  4,  4",,,,,,,y,,
qc_region_occipital_dti,Peds - Diffusion Tensor Imaging,,dropdown,"Regional quality score for tensor derived quantities; 0=perfect, 1=minor problem, 2=moderate problem, 3=major problem. Occipital lobes.","0, 0 |  1,  1 |  2,  2 |  3,  3 |  4,  4",,,,,,,y,,
qc_region_temporal_dti,Peds - Diffusion Tensor Imaging,,dropdown,"Regional quality score for tensor derived quantities; 0=perfect, 1=minor problem, 2=moderate problem, 3=major problem. Temporal lobes.","0, 0 |  1,  1 |  2,  2 |  3,  3 |  4,  4",,,,,,,y,,
qc_region_cerebellum_bs_dti,Peds - Diffusion Tensor Imaging,,dropdown,"Regional quality score for tensor derived quantities; 0=perfect, 1=minor problem, 2=moderate problem, 3=major problem. Cerebellum and brainstem.  Likely affected by cardiac pulsation.","0, 0 |  1,  1 |  2,  2 |  3,  3 |  4,  4",,,,,,,y,,
qc_region_central_brain_dti,Peds - Diffusion Tensor Imaging,,dropdown,"Regional quality score for tensor derived quantities; 0=perfect, 1=minor problem, 2=moderate problem, 3=major problem. Central brain regions (Ask Ami - midbrain?).","0, 0 |  1,  1 |  2,  2 |  3,  3 |  4,  4",,,,,,,y,,
qc_region_top_brain_dti,Peds - Diffusion Tensor Imaging,,dropdown,"Regional quality score for tensor derived quantities; 0=perfect, 1=minor problem, 2=moderate problem, 3=major problem. Top of the brain.","0, 0 |  1,  1 |  2,  2 |  3,  3 |  4,  4",,,,,,,y,,
qc_region_global_dti,Peds - Diffusion Tensor Imaging,,dropdown,"Regional quality score for tensor derived quantities; 0=perfect, 1=minor problem, 2=moderate problem, 3=major problem. Whole brain, overall quality of tensor derived maps.","0, 0 |  1,  1 |  2,  2 |  3,  3 |  4,  4",,,,,,,y,,
mri_tensor_fit_type_dti,Peds - Diffusion Tensor Imaging,,text,"Algorithm used for tensor fitting.  Options are N1=non-linear, R1=RESTORE robust, iR1=iRESTORE robust fitting. The option selected provided the best results.",,,,,,,,y,,
dti_fa_image_nii,Peds - Diffusion Tensor Imaging,,text,Fractional Anisotropy image in nifti format.,,,,,,,,y,,
dti_ra_image_nii,Peds - Diffusion Tensor Imaging,,text,Relative Anisotropy image in nifti format.,,,,,,,,y,,
dti_li_image_nii,Peds - Diffusion Tensor Imaging,,text,Lattice Index image in nifti format.,,,,,,,,y,,
dti_tr_image_nii,Peds - Diffusion Tensor Imaging,,text,Trace ADC image in nifti format.,,,,,,,,y,,
dti_ev_image_nii,Peds - Diffusion Tensor Imaging,,text,"Eigenvalue image in 4D nifti format.  Volumes are in the order lambda1, lambda2, lambda3.",,,,,,,,y,,
dti_cs_image_nii,Peds - Diffusion Tensor Imaging,,text,Chi-Square map in nifti format. Measure of the goodness of fit of the data.,,,,,,,,y,,
dti_out_image_nii,Peds - Diffusion Tensor Imaging,,text,Outlier map in nifti format. Created only if RESTORE or iRESTORE robust fitting was used.  Indicates number of outliers rejected as a percent of the total number of volumes less the degrees of freedom (dof=7 for tensor fitting).,,,,,,,,y,,
dti_dec_image_nii,Peds - Diffusion Tensor Imaging,,text,Directional Encoded Color (DEC) image in nifti format.,,,,,,,,y,,
dti_mask_image_nii,Peds - Diffusion Tensor Imaging,,text,Mask image used in tensor fitting,,,,,,,,y,,
dti_tal_noscale_t1_nii,Peds - Diffusion Tensor Imaging,,text,T1W image in Tal no-scale space in nifti format,,,,,,,,y,,
dti_tal_noscale_t2_nii,Peds - Diffusion Tensor Imaging,,text,T2W image in Tal no-scale space in nifti format,,,,,,,,y,,
dti_tal_noscale_pd_nii,Peds - Diffusion Tensor Imaging,,text,PDW image in Tal no-scale space in nifti format,,,,,,,,y,,
dti_dwi_raw_images,Peds - Diffusion Tensor Imaging,,text,"All DWI images that passed minimum quality assessment.  Images are saved slice by slice in raw floating point format. .list, .path and .bmtxt files are provided for opening in TORTOISE.  Provided in a .tar.gz file.",,,,,,,,y,,
dti_dwi_raw_corrected_images,Peds - Diffusion Tensor Imaging,,text,"All DWI images that passed minimum quality assessment, after artifact remediation and distortion correction, plus computed noise correction for interpolation, tensor, amplitude and mask images. Compatible with TORTOISE, and raw floating point images.",,,,,,,,y,,
dti_tensor_images,Peds - Diffusion Tensor Imaging,,text,"Computed tensor, amplitude and mask images. Compatible with TORTOISE. All tensor derived quantities can be computed from these files easily in TORTOISE.",,,,,,,,y,,
