Variable / Field Name,Form Name,Section Header,Field Type,Field Label,"Choices, Calculations, OR Slider Labels",Field Note,Text Validation Type OR Show Slider Number,Text Validation Min,Text Validation Max,Identifier?,Branching Logic (Show field only if...),Required Field?,Custom Alignment,Question Number (surveys only)
ps_girls_q1_ht_growth_spurt,Peds - Physical,,dropdown,Pubertal Status Questionnaire (Girls): Q1 height growth spurt (1=Not Started; 2=Barely Started; 3=Definitely Under Way; 4=Completed),"1, 1 | 2, 2 | 3, 3 | 4, 4",,,,,,,y,,
ps_boys_q5_facial_hair,Peds - Physical,,dropdown,Pubertal Status Questionnaire (Boys): Q5 facial hair (1=Not Started; 2=Barely Started; 3=Definitely Under Way; 4=Completed),"1, 1 | 2, 2 | 3, 3 | 4, 4",,,,,,,y,,
ps_girls_q5_menstruation_start,Peds - Physical,,dropdown,Pubertal Status Questionnaire (Girls): Q5 menstruation started (1=No; 2=Yes),"N, N | Y, Y",,,,,,,y,,
ps_girls_q4_breasts_growth,Peds - Physical,,dropdown,Pubertal Status Questionnaire (Girls): Q4 breasts growth (1=Not Started; 2=Barely Started; 3=Definitely Under Way; 4=Completed),"1, 1 | 2, 2 | 3, 3 | 4, 4",,,,,,,y,,
ps_girls_q3_skin_changes,Peds - Physical,,dropdown,Pubertal Status Questionnaire (Girls): Q3 skin changes (1=Not Started; 2=Barely Started; 3=Definitely Under Way; 4=Completed),"1, 1 | 2, 2 | 3, 3 | 4, 4",,,,,,,y,,
ps_girls_q2_body_hair_growth,Peds - Physical,,dropdown,Pubertal Status Questionnaire (Girls): Q2 body hair growth (1=Not Started; 2=Barely Started; 3=Definitely Under Way; 4=Completed),"1, 1 | 2, 2 | 3, 3 | 4, 4",,,,,,,y,,
ps_boys_q4_voice_deepening,Peds - Physical,,dropdown,Pubertal Status Questionnaire (Boys): Q4 voice deepening (1=Not Started; 2=Barely Started; 3=Definitely Under Way; 4=Completed),"1, 1 | 2, 2 | 3, 3 | 4, 4",,,,,,,y,,
ps_boys_q3_skin_changes,Peds - Physical,,dropdown,Pubertal Status Questionnaire (Boys): Q3 skin changes (1=Not Started; 2=Barely Started; 3=Definitely Under Way; 4=Completed),"1, 1 | 2, 2 | 3, 3 | 4, 4",,,,,,,y,,
ps_boys_q2_body_hair_growth,Peds - Physical,,dropdown,Pubertal Status Questionnaire (Boys): Q2 body hair growth (1=Not Started; 2=Barely Started; 3=Definitely Under Way; 4=Completed),"1, 1 | 2, 2 | 3, 3 | 4, 4",,,,,,,y,,
ps_boys_q1_height_growth_spurt,Peds - Physical,,dropdown,Pubertal Status Questionnaire (Boys): Q1 height growth spurt (1=Not Started; 2=Barely Started; 3=Definitely Under Way; 4=Completed),"1, 1 | 2, 2 | 3, 3 | 4, 4",,,,,,,y,,
timepoint_label,Peds - Physical,,text,User-defined timepoint/visit label - a label selected by the site at the time of registration of a new timepoint into the database.  This label is used to group all the instruments administered to a subject at a given timepoint.,,,,,,,,y,,
src_subject_id,Peds - Physical,,text,The site's subject identification,,,,,,,,y,,
subjectkey,Peds - Physical,,text,The NDAR Global Unique Identifier (GUID) for subjects which identifies a subject in NDAR,,,,,,,,,,
neuro_009_weight_kg,Peds - Physical,,text,Neurological Exam (4:6+ y:m): Weight (kg) recorded during neurological exam,,,,,,,,y,,
neuro_004_head_circum_cm,Peds - Physical,,text,Neurological Exam (4:6+ y:m): Measured head circumference (cm),,,,,,,,y,,
neuro_007_height_cm,Peds - Physical,,text,Neurological Exam (4:6+ y:m): Measured height (cm),,,,,,,,y,,
