Variable / Field Name,Form Name,Section Header,Field Type,Field Label,"Choices, Calculations, OR Slider Labels",Field Note,Text Validation Type OR Show Slider Number,Text Validation Min,Text Validation Max,Identifier?,Branching Logic (Show field only if...),Required Field?,Custom Alignment,Question Number (surveys only)
subjectkey,CPEA STAART Interim Contacts,,text,The NDAR Global Unique Identifier (GUID) for subjects which identifies a subject in NDAR,,,,,,,,,,
patid,CPEA STAART Interim Contacts,,text,src_Subject_id,,Patient IDs were assigned at the research site for CPEA and STAART,,,,,,y,,
cycle,CPEA STAART Interim Contacts,,text,Timepoint information,,,,,,,,y,,
phase,CPEA STAART Interim Contacts,,dropdown,Phase,"1, 1 |  2,  2 |  3,  3 |  4,  4",,,,,,,y,,
q18_date,CPEA STAART Interim Contacts,,text,Date,,Required field. SAS Date,,,,,,y,,
q18_ratr,CPEA STAART Interim Contacts,,text,Rater Name,,"The name of the staff member who administered the form. If the form was filled out by the guardian or teacher, the CC¿s name should be entered as Rater.",,,,,,y,,
18_ratr,CPEA STAART Interim Contacts,,text,Rater Name,,"The name of the staff member who administered the form. If the form was filled out by the guardian or teacher, the CC¿s name should be entered as Rater.",,,,,,y,,
q18_prif,CPEA STAART Interim Contacts,,dropdown,Primary Source: Father,"0, Check if father is primary source. 0=no |  -1,  -1=yes.",,,,,,,y,,
q18_pric,CPEA STAART Interim Contacts,,dropdown,Primary Source: Child,"0, Check if child is primary source. 0=no |  -1,  -1=yes.",,,,,,,y,,
q18_prio,CPEA STAART Interim Contacts,,dropdown,Primary Source: Other,"0, Check if primary source not mother, father, child or teacher. Please check and enter in specify ¿Not Done¿ for IC that were not completed. 0=no |  -1,  -1=yes.",,,,,,,y,,
8_prio,CPEA STAART Interim Contacts,,dropdown,Primary Source: Other,"0, Check if primary source not mother, father, child or teacher. Please check and enter in specify ¿Not Done¿ for IC that were not completed. 0=no |  -1,  -1=yes.",,,,,,,y,,
q18_parm,CPEA STAART Interim Contacts,,dropdown,Participants present: Mother,"0, Check if mother is present during assessment. If Teacher is primary source this item should be left blank. 0=no |  -1,  -1=yes.",,,,,,,y,,
q18_parf,CPEA STAART Interim Contacts,,dropdown,Participants present: Father,"0, Check if father is present during assessment. If Teacher is primary source this item should be left blank. 0=no |  -1,  -1=yes.",,,,,,,y,,
q18_parc,CPEA STAART Interim Contacts,,dropdown,Participants present: Child,"0, Check if chid is present during assessment. If Teacher is primary source this item should be left blank. 0=no |  -1,  -1=yes.",,,,,,,y,,
q18_paro,CPEA STAART Interim Contacts,,dropdown,Participants present: Other,"0, If Teacher is primary source, this item should be left blank. If administered by phone, q18_paro should be checked and PHONE should be written in q18_pa_s. 0=no |  -1,  -1=yes.",,,,,,,y,,
q18_pa_s,CPEA STAART Interim Contacts,,text,Other Participants present specified,,Complete if q18_paro is checked,,,,,,y,,
q18_1a,CPEA STAART Interim Contacts,,dropdown,Research Staff,"0, 0 |  1,  1 |  -7,  -7 |  -8,  -8 |  -9,  -9","Field should not be left blank. If missing, please use -7,8, -9. Should be completed for all contacts ¿ interim, safety and taper contacts.",,,,,,y,,
18_1a,CPEA STAART Interim Contacts,,dropdown,Research Staff,"0, 0 |  1,  1 |  -7,  -7 |  -8,  -8 |  -9,  -9","Field should not be left blank. If missing, please use -7,8, -9. Should be completed for all contacts ¿ interim, safety and taper contacts.",,,,,,y,,
18_1b,CPEA STAART Interim Contacts,,dropdown,Treating clinician,"0, 0 |  1,  1 |  -7,  -7 |  -8,  -8 |  -9,  -9","Field should not be left blank. If missing, please use -7,8, -9. Should be completed for all contacts ¿ interim, safety and taper contacts.",,,,,,y,,
18_1c,CPEA STAART Interim Contacts,,dropdown,Other clinician,"0, 0 |  1,  1 |  -7,  -7 |  -8,  -8 |  -9,  -9","Field should not be left blank. If missing, please use -7,8, -9. Should be completed for all contacts ¿ interim, safety and taper contacts.",,,,,,y,,
q18_1d,CPEA STAART Interim Contacts,,dropdown,Guardian or family member,"0, 0 |  1,  1 |  -7,  -7 |  -8,  -8 |  -9,  -9","Field should not be left blank. If missing, please use -7,8, -9. Should be completed for all contacts ¿ interim, safety and taper contacts.",,,,,,y,,
18_1d,CPEA STAART Interim Contacts,,dropdown,Guardian or family member,"0, 0 |  1,  1 |  -7,  -7 |  -8,  -8 |  -9,  -9","Field should not be left blank. If missing, please use -7,8, -9. Should be completed for all contacts ¿ interim, safety and taper contacts.",,,,,,y,,
18_1e,CPEA STAART Interim Contacts,,dropdown,Other,"0, 0 |  1,  1 |  -7,  -7 |  -8,  -8 |  -9,  -9","Field should not be left blank. If missing, please use -7,8, -9. Should be completed for all contacts ¿ interim, safety and taper contacts.",,,,,,y,,
q18_2a,CPEA STAART Interim Contacts,,dropdown,PHONE I contact (Phase I: 7 days after BASELINE),"0, 0 |  1,  1 |  -7,  -7 |  -8,  -8 |  -9,  -9","Field should not be left blank. If missing, please use -7,8, -9. Should be completed for all contacts ¿ interim, safety and taper contacts.",,,,,,y,,
18_2a,CPEA STAART Interim Contacts,,dropdown,PHONE I contact (Phase I: 7 days after BASELINE),"0, 0 |  1,  1 |  -7,  -7 |  -8,  -8 |  -9,  -9","Field should not be left blank. If missing, please use -7,8, -9. Should be completed for all contacts ¿ interim, safety and taper contacts.",,,,,,y,,
18_2b,CPEA STAART Interim Contacts,,dropdown,PHONE II contact (Open label:7 days after Open Label Baseline Date),"0, 0 |  1,  1 |  -7,  -7 |  -8,  -8 |  -9,  -9","Field should not be left blank. If missing, please use -7,8, -9. Should be completed for all contacts ¿ interim, safety and taper contacts.",,,,,,y,,
18_2c,CPEA STAART Interim Contacts,,dropdown,Missed scheduled visit,"0, 0 |  1,  1 |  -7,  -7 |  -8,  -8 |  -9,  -9","Field should not be left blank. If missing, please use -7,8, -9. Should be completed for all contacts ¿ interim, safety and taper contacts.",,,,,,y,,
18_2d,CPEA STAART Interim Contacts,,dropdown,Final Taper contact,"0, 0 |  1,  1 |  -7,  -7 |  -8,  -8 |  -9,  -9","Field should not be left blank. If missing, please use -7,8, -9. Should be completed for all contacts ¿ interim, safety and taper contacts.",,,,,,y,,
18_2e,CPEA STAART Interim Contacts,,dropdown,Taper contact,"0, 0 |  1,  1 |  -7,  -7 |  -8,  -8 |  -9,  -9","Field should not be left blank. If missing, please use -7,8, -9. Should be completed for all contacts ¿ interim, safety and taper contacts.",,,,,,y,,
18_2f,CPEA STAART Interim Contacts,,dropdown,Other medication issue or follow-up,"0, 0 |  1,  1 |  -7,  -7 |  -8,  -8 |  -9,  -9","Field should not be left blank. If missing, please use -7,8, -9. Should be completed for all contacts ¿ interim, safety and taper contacts.",,,,,,y,,
18_2g,CPEA STAART Interim Contacts,,dropdown,Adverse event/side effect,"0, 0 |  1,  1 |  -7,  -7 |  -8,  -8 |  -9,  -9","Field should not be left blank. If missing, please use -7,8, -9. Should be completed for all contacts ¿ interim, safety and taper contacts.",,,,,,y,,
18_2h,CPEA STAART Interim Contacts,,dropdown,Emergency situation,"0, 0 |  1,  1 |  -7,  -7 |  -8,  -8 |  -9,  -9","Field should not be left blank. If missing, please use -7,8, -9. Should be completed for all contacts ¿ interim, safety and taper contacts.",,,,,,y,,
18_2i,CPEA STAART Interim Contacts,,dropdown,Compliance reminder,"0, 0 |  1,  1 |  -7,  -7 |  -8,  -8 |  -9,  -9","Field should not be left blank. If missing, please use -7,8, -9. Should be completed for all contacts ¿ interim, safety and taper contacts.",,,,,,y,,
18_2j,CPEA STAART Interim Contacts,,dropdown,Other,"0, 0 |  1,  1 |  -7,  -7 |  -8,  -8 |  -9,  -9","Field should not be left blank. If missing, please use -7,8, -9. Should be completed for all contacts ¿ interim, safety and taper contacts.",,,,,,y,,
q18_3,CPEA STAART Interim Contacts,,text,Current dose,"0 to 40.00, 0 to 40.00 |  -7,  -7 |  -8,  -8 |  -9,  -9 | 44, 44","Field should not be left blank. If missing, please use -7,8, -9.",,,,,,y,,
q18_3a,CPEA STAART Interim Contacts,,dropdown,Number of times per day,"0 to 4, 0 to 4 |  -7,  -7 |  -8,  -8 |  -9,  -9","Field should not be left blank. If missing, please use -7,8, -9.",,,,,,y,,
q18_4,CPEA STAART Interim Contacts,,dropdown,Dosing change as a result of this contact,"0, 0 |  1,  1 |  -7,  -7 |  -8,  -8 |  -9,  -9","Field should not be left blank. If missing, please use -7,8, -9.",,,,,,y,,
q18_4a,CPEA STAART Interim Contacts,,text,Updated dose,"0 to 40.00, 0 to 40.00 |  -7,  -7 |  -8,  -8 |  -9,  -9",Complete only if q18_4 = 1,,,,,,y,,
q18_4b,CPEA STAART Interim Contacts,,dropdown,Number of times per day,"0 to 4, 0 to 4 |  -7,  -7 |  -8,  -8 |  -9,  -9",Complete only if q18_4 = 1,,,,,,y,,
q18_4_s,CPEA STAART Interim Contacts,,text,Dosing change comments: Specify,,Complete only if q18_4 = 1,,,,,,y,,
q18_5,CPEA STAART Interim Contacts,,dropdown,Mediciation lost or spilled during visit interval,"0, 0 |  1,  1 |  -7,  -7 |  -8,  -8 |  -9,  -9","Field should not be left blank. If missing, please use -7,8, -9.",,,,,,y,,
q18_6,CPEA STAART Interim Contacts,,dropdown,Medication Regimen,"1 to 6, 1 to 6 |  -7,  -7 |  -8,  -8 |  -9,  -9 | 0, 0","Field should not be left blank. If missing, please use -7,8, -9.",,,,,,y,,
q18_6_s1,CPEA STAART Interim Contacts,,text,Other: Specify,,Complete only if q18_6 = 6,,,,,,y,,
q18_6_s2,CPEA STAART Interim Contacts,,text,Medication regimen comments: Specify,,"Field should not be left blank. If missing, please use -7,8, -9.",,,,,,y,,
q18_6b,CPEA STAART Interim Contacts,,text,Volume dispensed,"48 to 700.0, 48 to 700.0 |  -7,  -7 |  -8,  -8 |  -9,  -9","Field should not be left blank. If missing, please use -7,8, -9.",,,,,,y,,
q18_7,CPEA STAART Interim Contacts,,dropdown,Were there any adverse events,"0, 0 |  1,  1 |  -7,  -7 |  -8,  -8 |  -9,  -9","Field should not be left blank. If missing, please use -7,8, -9.",,,,,,y,,
q18_8,CPEA STAART Interim Contacts,,dropdown,Action taken,"0, 0 |  1,  1 |  -7,  -7 |  -8,  -8 |  -9,  -9","Field should not be left blank. If missing, please use -7,8, -9.",,,,,,y,,
q18_8a,CPEA STAART Interim Contacts,,dropdown,Sent medication,"0, 0 |  1,  1 |  -7,  -7 |  -8,  -8 |  -9,  -9",Complete only if q18_8 = 1,,,,,,y,,
q18_8b,CPEA STAART Interim Contacts,,dropdown,Treatment MD follow-up required,"0, 0 |  1,  1 |  -7,  -7 |  -8,  -8 |  -9,  -9",Complete only if q18_8 = 1,,,,,,y,,
q18_8c,CPEA STAART Interim Contacts,,dropdown,Other clinician follow-up required,"0, 0 |  1,  1 |  -7,  -7 |  -8,  -8 |  -9,  -9",Complete only if q18_8 = 1,,,,,,y,,
q18_8_s1,CPEA STAART Interim Contacts,,text,Other clinician follow-up required: Specify,,Complete only if q18_8c = 1,,,,,,y,,
q18_8d,CPEA STAART Interim Contacts,,dropdown,Blind broken,"0, 0 |  1,  1 |  -7,  -7 |  -8,  -8 |  -9,  -9",Complete only if q18_8 = 1,,,,,,y,,
q18_8e,CPEA STAART Interim Contacts,,dropdown,Emergency procedures,"0, 0 |  1,  1 |  -7,  -7 |  -8,  -8 |  -9,  -9",Complete only if q18_8 = 1,,,,,,y,,
q18_8f,CPEA STAART Interim Contacts,,dropdown,Message left with guardian (only if compliance reminder),"0, 0 |  1,  1 |  -7,  -7 |  -8,  -8 |  -9,  -9",Complete only if q18_8 = 1,,,,,,y,,
q18_8g,CPEA STAART Interim Contacts,,dropdown,Other,"0, 0 |  1,  1 |  -7,  -7 |  -8,  -8 |  -9,  -9",Complete only if q18_8 = 1,,,,,,y,,
q18_8_s2,CPEA STAART Interim Contacts,,text,Other: Specify,,Complete only if q18_8g = 1,,,,,,y,,
