Variable / Field Name,Form Name,Section Header,Field Type,Field Label,"Choices, Calculations, OR Slider Labels",Field Note,Text Validation Type OR Show Slider Number,Text Validation Min,Text Validation Max,Identifier?,Branching Logic (Show field only if...),Required Field?,Custom Alignment,Question Number (surveys only)
subjectkey,Wechsler Intelligence Scale for Children - IV [part 2],Header,text,,,,,,,,,y,,
assess_join_var,Wechsler Intelligence Scale for Children - IV [part 2],,text,,,,,,,,,y,,
src_subject_id,Wechsler Intelligence Scale for Children - IV [part 2],,text,,,,,,,,,y,,
interview_date,Wechsler Intelligence Scale for Children - IV [part 2],,text,,"MM/yyyy, MM/yyyy | MM/dd/yyyy, MM/dd/yyyy",* '01/01/1900' indicates that a date associated with retrospective data is not known.,date_ymd,,,,,y,,
interview_age,Wechsler Intelligence Scale for Children - IV [part 2],,text,,,Age is rounded to chronological month If the research participant is 13 days old at time of interview  the appropriate value would be 0 months if the participant is 19 days old the value would be 1 month,number,0,1200,,,y,,
gender,Wechsler Intelligence Scale for Children - IV [part 2],,dropdown,,"M, M | F, F",,,,,,,y,,
comments_misc,Wechsler Intelligence Scale for Children - IV [part 2],,text,,,,,,,,,,,
scaled_blockdesign,Wechsler Intelligence Scale for Children - IV [part 2],Scaled Scores,text,,,,,,,,,y,,
scaled_similar,Wechsler Intelligence Scale for Children - IV [part 2],,text,,,,,,,,,y,,
scaled_digispan,Wechsler Intelligence Scale for Children - IV [part 2],,text,,,,,,,,,y,,
scaled_picconcept,Wechsler Intelligence Scale for Children - IV [part 2],,text,,,,,,,,,y,,
scaled_coding,Wechsler Intelligence Scale for Children - IV [part 2],,text,,,,,,,,,y,,
scaled_vocab,Wechsler Intelligence Scale for Children - IV [part 2],,text,,,,,,,,,y,,
scaled_ltrnumseq,Wechsler Intelligence Scale for Children - IV [part 2],,text,,,,,,,,,y,,
scaled_matrix,Wechsler Intelligence Scale for Children - IV [part 2],,text,,,,,,,,,y,,
scaled_comp,Wechsler Intelligence Scale for Children - IV [part 2],,text,,,,,,,,,y,,
scaled_sysmbol,Wechsler Intelligence Scale for Children - IV [part 2],,text,,,,,,,,,y,,
scaled_piccomplete,Wechsler Intelligence Scale for Children - IV [part 2],,text,,,,,,,,,y,,
scaled_cancel,Wechsler Intelligence Scale for Children - IV [part 2],,text,,,,,,,,,y,,
scaled_info,Wechsler Intelligence Scale for Children - IV [part 2],,text,,,,,,,,,y,,
scaled_arith,Wechsler Intelligence Scale for Children - IV [part 2],,text,,,,,,,,,y,,
scaled_wordreason,Wechsler Intelligence Scale for Children - IV [part 2],,text,,,,,,,,,y,,
raw_blockdesign,Wechsler Intelligence Scale for Children - IV [part 2],Raw Scores,text,,,,number,0,68,,,y,,
raw_similar,Wechsler Intelligence Scale for Children - IV [part 2],,text,,,,number,0,44,,,y,,
raw_digispan,Wechsler Intelligence Scale for Children - IV [part 2],,text,,,,number,0,32,,,y,,
raw_picconcept,Wechsler Intelligence Scale for Children - IV [part 2],,text,,,,number,0,28,,,y,,
raw_coding,Wechsler Intelligence Scale for Children - IV [part 2],,text,,,,number,0,119,,,y,,
raw_vocab,Wechsler Intelligence Scale for Children - IV [part 2],,text,,,,number,0,68,,,y,,
raw_ltrnumseq,Wechsler Intelligence Scale for Children - IV [part 2],,text,,,,number,0,30,,,y,,
raw_matrix,Wechsler Intelligence Scale for Children - IV [part 2],,text,,,,number,0,35,,,y,,
raw_comp,Wechsler Intelligence Scale for Children - IV [part 2],,text,,,,number,0,42,,,y,,
raw_sysmbol,Wechsler Intelligence Scale for Children - IV [part 2],,text,,,,number,0,60,,,y,,
raw_piccomplete,Wechsler Intelligence Scale for Children - IV [part 2],,text,,,,number,0,38,,,y,,
raw_cancel,Wechsler Intelligence Scale for Children - IV [part 2],,text,,,,number,0,136,,,y,,
raw_info,Wechsler Intelligence Scale for Children - IV [part 2],,text,,,,number,0,33,,,y,,
raw_arith,Wechsler Intelligence Scale for Children - IV [part 2],,text,,,,number,0,34,,,y,,
raw_wordreason,Wechsler Intelligence Scale for Children - IV [part 2],,text,,,,number,0,24,,,y,,
fullscale_blockdesign,Wechsler Intelligence Scale for Children - IV [part 2],Full Scale Scores,text,,,,,,,,,y,,
fullscale_similar,Wechsler Intelligence Scale for Children - IV [part 2],,text,,,,,,,,,y,,
fullscale_digispan,Wechsler Intelligence Scale for Children - IV [part 2],,text,,,,,,,,,y,,
fullscale_picconcept,Wechsler Intelligence Scale for Children - IV [part 2],,text,,,,,,,,,y,,
fullscale_coding,Wechsler Intelligence Scale for Children - IV [part 2],,text,,,,,,,,,y,,
fullscale_vocab,Wechsler Intelligence Scale for Children - IV [part 2],,text,,,,,,,,,y,,
fullscale_ltrnumseq,Wechsler Intelligence Scale for Children - IV [part 2],,text,,,,,,,,,y,,
fullscale_matrix,Wechsler Intelligence Scale for Children - IV [part 2],,text,,,,,,,,,y,,
fullscale_comp,Wechsler Intelligence Scale for Children - IV [part 2],,text,,,,,,,,,y,,
fullscale_sysmbol,Wechsler Intelligence Scale for Children - IV [part 2],,text,,,,,,,,,y,,
fullscale_piccomplete,Wechsler Intelligence Scale for Children - IV [part 2],,text,,,,,,,,,y,,
fullscale_cancel,Wechsler Intelligence Scale for Children - IV [part 2],,text,,,,,,,,,y,,
fullscale_info,Wechsler Intelligence Scale for Children - IV [part 2],,text,,,,,,,,,y,,
fullscale_arith,Wechsler Intelligence Scale for Children - IV [part 2],,text,,,,,,,,,y,,
fullscale_wordreason,Wechsler Intelligence Scale for Children - IV [part 2],,text,,,,,,,,,y,,
ageequiv_picarrange,Wechsler Intelligence Scale for Children - IV [part 2],Age Equivalence,text,,,,,,,,,y,,
ageequiv_blockdesign,Wechsler Intelligence Scale for Children - IV [part 2],,text,,,,,,,,,y,,
ageequiv_vocab,Wechsler Intelligence Scale for Children - IV [part 2],,text,,,,,,,,,y,,
verbal_sss,Wechsler Intelligence Scale for Children - IV [part 2],Verbal Comprehension,text,,,,,,,,,y,,
verbal_cscore,Wechsler Intelligence Scale for Children - IV [part 2],,text,,,,,,,,,y,,
verbal_percentile,Wechsler Intelligence Scale for Children - IV [part 2],,text,,,,,,,,,y,,
verbal_confidence,Wechsler Intelligence Scale for Children - IV [part 2],,text,,,,,,,,,y,,
verbal_confidencel,Wechsler Intelligence Scale for Children - IV [part 2],,text,,,,,,,,,y,,
verbal_confidenceh,Wechsler Intelligence Scale for Children - IV [part 2],,text,,,,,,,,,y,,
perp_sss,Wechsler Intelligence Scale for Children - IV [part 2],Perceptual Reasoning,text,,,,,,,,,y,,
perp_cscore,Wechsler Intelligence Scale for Children - IV [part 2],,text,,,,,,,,,y,,
perp_percentile,Wechsler Intelligence Scale for Children - IV [part 2],,text,,,,,,,,,y,,
perp_confidence,Wechsler Intelligence Scale for Children - IV [part 2],,text,,,,,,,,,y,,
perp_confidencel,Wechsler Intelligence Scale for Children - IV [part 2],,text,,,,,,,,,y,,
perp_confidenceh,Wechsler Intelligence Scale for Children - IV [part 2],,text,,,,,,,,,y,,
workmem_sss,Wechsler Intelligence Scale for Children - IV [part 2],Working Memory,text,,,,,,,,,y,,
workmem_cscore,Wechsler Intelligence Scale for Children - IV [part 2],,text,,,,,,,,,y,,
workmem_percentile,Wechsler Intelligence Scale for Children - IV [part 2],,text,,,,,,,,,y,,
workmem_confidence,Wechsler Intelligence Scale for Children - IV [part 2],,text,,,,,,,,,y,,
process_sss,Wechsler Intelligence Scale for Children - IV [part 2],Processing Speed,text,,,,,,,,,y,,
process_cscore,Wechsler Intelligence Scale for Children - IV [part 2],,text,,,,,,,,,y,,
process_percentile,Wechsler Intelligence Scale for Children - IV [part 2],,text,,,,,,,,,y,,
process_confidence,Wechsler Intelligence Scale for Children - IV [part 2],,text,,,,,,,,,y,,
process_confidencel,Wechsler Intelligence Scale for Children - IV [part 2],,text,,,,,,,,,y,,
process_confidenceh,Wechsler Intelligence Scale for Children - IV [part 2],,text,,,,,,,,,y,,
fullscale_sss,Wechsler Intelligence Scale for Children - IV [part 2],Full Scale,text,,,,,,,,,y,,
fullscale_cscore,Wechsler Intelligence Scale for Children - IV [part 2],,text,,,,,,,,,y,,
fullscale_percentile,Wechsler Intelligence Scale for Children - IV [part 2],,text,,,,,,,,,y,,
fullscale_confidence,Wechsler Intelligence Scale for Children - IV [part 2],,text,,,,,,,,,y,,
fullscale_confidencel,Wechsler Intelligence Scale for Children - IV [part 2],,text,,,,,,,,,y,,
fullscale_confidenceh,Wechsler Intelligence Scale for Children - IV [part 2],,text,,,,,,,,,y,,
conf_percent,Wechsler Intelligence Scale for Children - IV [part 2],,dropdown,,"90, 90 | 95, 95",,,,,,,y,,
similaritiesmc_penresp,Wechsler Intelligence Scale for Children - IV [part 2],Similarities Multiple Choice,text,,,,,,,,,y,,
similaritiesmc_pen,Wechsler Intelligence Scale for Children - IV [part 2],,dropdown,,"0, 0 | 1, 1",,,,,,,y,,
similaritiesmc_milkresp,Wechsler Intelligence Scale for Children - IV [part 2],,text,,,,,,,,,y,,
similaritiesmc_milk,Wechsler Intelligence Scale for Children - IV [part 2],,dropdown,,"0, 0 | 1, 1",,,,,,,y,,
similaritiesmc_appleresp,Wechsler Intelligence Scale for Children - IV [part 2],,text,,,,,,,,,y,,
similaritiesmc_apple,Wechsler Intelligence Scale for Children - IV [part 2],,dropdown,,"0, 0 | 1, 1 | 2, 2",,,,,,,y,,
similaritiesmc_shirtresp,Wechsler Intelligence Scale for Children - IV [part 2],,text,,,,,,,,,y,,
similaritiesmc_shirt,Wechsler Intelligence Scale for Children - IV [part 2],,dropdown,,"0, 0 | 1, 1 | 2, 2",,,,,,,y,,
similaritiesmc_butterflyresp,Wechsler Intelligence Scale for Children - IV [part 2],,text,,,,,,,,,y,,
similaritiesmc_butterfly,Wechsler Intelligence Scale for Children - IV [part 2],,dropdown,,"0, 0 | 1, 1 | 2, 2",,,,,,,y,,
similaritiesmc_catresp,Wechsler Intelligence Scale for Children - IV [part 2],,text,,,,,,,,,y,,
similaritiesmc_cat,Wechsler Intelligence Scale for Children - IV [part 2],,dropdown,,"0, 0 | 1, 1 | 2, 2",,,,,,,y,,
similaritiesmc_winterresp,Wechsler Intelligence Scale for Children - IV [part 2],,text,,,,,,,,,y,,
similaritiesmc_winter,Wechsler Intelligence Scale for Children - IV [part 2],,dropdown,,"0, 0 | 1, 1 | 2, 2",,,,,,,y,,
similaritiesmc_angerresp,Wechsler Intelligence Scale for Children - IV [part 2],,text,,,,,,,,,y,,
similaritiesmc_anger,Wechsler Intelligence Scale for Children - IV [part 2],,dropdown,,"0, 0 | 1, 1 | 2, 2",,,,,,,y,,
similaritiesmc_elbowresp,Wechsler Intelligence Scale for Children - IV [part 2],,text,,,,,,,,,y,,
similaritiesmc_elbow,Wechsler Intelligence Scale for Children - IV [part 2],,dropdown,,"0, 0 | 1, 1 | 2, 2",,,,,,,y,,
similaritiesmc_frownresp,Wechsler Intelligence Scale for Children - IV [part 2],,text,,,,,,,,,y,,
similaritiesmc_frown,Wechsler Intelligence Scale for Children - IV [part 2],,dropdown,,"0, 0 | 1, 1 | 2, 2",,,,,,,y,,
similaritiesmc_paintresp,Wechsler Intelligence Scale for Children - IV [part 2],,text,,,,,,,,,y,,
similaritiesmc_paint,Wechsler Intelligence Scale for Children - IV [part 2],,dropdown,,"0, 0 | 1, 1 | 2, 2",,,,,,,y,,
similaritiesmc_lumberresp,Wechsler Intelligence Scale for Children - IV [part 2],,text,,,,,,,,,y,,
similaritiesmc_lumber,Wechsler Intelligence Scale for Children - IV [part 2],,dropdown,,"0, 0 | 1, 1 | 2, 2",,,,,,,y,,
similaritiesmc_poetresp,Wechsler Intelligence Scale for Children - IV [part 2],,text,,,,,,,,,y,,
similaritiesmc_poet,Wechsler Intelligence Scale for Children - IV [part 2],,dropdown,,"0, 0 | 1, 1 | 2, 2",,,,,,,y,,
similaritiesmc_mountainresp,Wechsler Intelligence Scale for Children - IV [part 2],,text,,,,,,,,,y,,
similaritiesmc_mountain,Wechsler Intelligence Scale for Children - IV [part 2],,dropdown,,"0, 0 | 1, 1 | 2, 2",,,,,,,y,,
similaritiesmc_iceresp,Wechsler Intelligence Scale for Children - IV [part 2],,text,,,,,,,,,y,,
similaritiesmc_ice,Wechsler Intelligence Scale for Children - IV [part 2],,dropdown,,"0, 0 | 1, 1 | 2, 2",,,,,,,y,,
similaritiesmc_firstresp,Wechsler Intelligence Scale for Children - IV [part 2],,text,,,,,,,,,y,,
similaritiesmc_first,Wechsler Intelligence Scale for Children - IV [part 2],,dropdown,,"0, 0 | 1, 1 | 2, 2",,,,,,,y,,
similaritiesmc_floodresp,Wechsler Intelligence Scale for Children - IV [part 2],,text,,,,,,,,,y,,
similaritiesmc_flood,Wechsler Intelligence Scale for Children - IV [part 2],,dropdown,,"0, 0 | 1, 1 | 2, 2",,,,,,,y,,
similaritiesmc_rubberresp,Wechsler Intelligence Scale for Children - IV [part 2],,text,,,,,,,,,y,,
similaritiesmc_rubber,Wechsler Intelligence Scale for Children - IV [part 2],,dropdown,,"0, 0 | 1, 1 | 2, 2",,,,,,,y,,
similaritiesmc_saltresp,Wechsler Intelligence Scale for Children - IV [part 2],,text,,,,,,,,,y,,
similaritiesmc_salt,Wechsler Intelligence Scale for Children - IV [part 2],,dropdown,,"0, 0 | 1, 1 | 2, 2",,,,,,,y,,
similaritiesmc_revengeresp,Wechsler Intelligence Scale for Children - IV [part 2],,text,,,,,,,,,y,,
similaritiesmc_revenge,Wechsler Intelligence Scale for Children - IV [part 2],,dropdown,,"0, 0 | 1, 1 | 2, 2",,,,,,,y,,
similaritiesmc_permissionresp,Wechsler Intelligence Scale for Children - IV [part 2],,text,,,,,,,,,y,,
similaritiesmc_permission,Wechsler Intelligence Scale for Children - IV [part 2],,dropdown,,"0, 0 | 1, 1 | 2, 2",,,,,,,y,,
similaritiesmc_realityresp,Wechsler Intelligence Scale for Children - IV [part 2],,text,,,,,,,,,y,,
similaritiesmc_reality,Wechsler Intelligence Scale for Children - IV [part 2],,dropdown,,"0, 0 | 1, 1 | 2, 2",,,,,,,y,,
similaritiesmc_spaceresp,Wechsler Intelligence Scale for Children - IV [part 2],,text,,,,,,,,,y,,
similaritiesmc_space,Wechsler Intelligence Scale for Children - IV [part 2],,dropdown,,"0, 0 | 1, 1 | 2, 2",,,,,,,y,,
similaritiesmc_simcscore,Wechsler Intelligence Scale for Children - IV [part 2],,text,,,,number,0,44,,,y,,
vocabmc_carresp,Wechsler Intelligence Scale for Children - IV [part 2],Vocabulary Multiple Choice,text,,,,,,,,,y,,
vocabmc_car,Wechsler Intelligence Scale for Children - IV [part 2],,dropdown,,"0, 0 | 1, 1",,,,,,,y,,
vocabmc_flowerresp,Wechsler Intelligence Scale for Children - IV [part 2],,text,,,,,,,,,y,,
vocabmc_flower,Wechsler Intelligence Scale for Children - IV [part 2],,dropdown,,"0, 0 | 1, 1",,,,,,,y,,
vocabmc_trainresp,Wechsler Intelligence Scale for Children - IV [part 2],,text,,,,,,,,,y,,
vocabmc_train,Wechsler Intelligence Scale for Children - IV [part 2],,dropdown,,"0, 0 | 1, 1",,,,,,,y,,
vocabmc_bucketresp,Wechsler Intelligence Scale for Children - IV [part 2],,text,,,,,,,,,y,,
vocabmc_bucket,Wechsler Intelligence Scale for Children - IV [part 2],,dropdown,,"0, 0 | 1, 1",,,,,,,y,,
vocabmc_clockresp,Wechsler Intelligence Scale for Children - IV [part 2],,text,,,,,,,,,y,,
vocabmc_clock,Wechsler Intelligence Scale for Children - IV [part 2],,dropdown,,"0, 0 | 1, 1 | 2, 2",,,,,,,y,,
vocabmc_hatresp,Wechsler Intelligence Scale for Children - IV [part 2],,text,,,,,,,,,y,,
vocabmc_hat,Wechsler Intelligence Scale for Children - IV [part 2],,dropdown,,"0, 0 | 1, 1 | 2, 2",,,,,,,y,,
vocabmc_umbrellaresp,Wechsler Intelligence Scale for Children - IV [part 2],,text,,,,,,,,,y,,
vocabmc_umbrella,Wechsler Intelligence Scale for Children - IV [part 2],,dropdown,,"0, 0 | 1, 1 | 2, 2",,,,,,,y,,
vocabmc_cowresp,Wechsler Intelligence Scale for Children - IV [part 2],,text,,,,,,,,,y,,
vocabmc_cow,Wechsler Intelligence Scale for Children - IV [part 2],,dropdown,,"0, 0 | 1, 1 | 2, 2",,,,,,,y,,
vocabmc_bicycleresp,Wechsler Intelligence Scale for Children - IV [part 2],,text,,,,,,,,,y,,
vocabmc_bicycle,Wechsler Intelligence Scale for Children - IV [part 2],,dropdown,,"0, 0 | 1, 1 | 2, 2",,,,,,,y,,
vocabmc_alphabetresp,Wechsler Intelligence Scale for Children - IV [part 2],,text,,,,,,,,,y,,
vocabmc_alphabet,Wechsler Intelligence Scale for Children - IV [part 2],,dropdown,,"0, 0 | 1, 1 | 2, 2",,,,,,,y,,
vocabmc_leaveresp,Wechsler Intelligence Scale for Children - IV [part 2],,text,,,,,,,,,y,,
vocabmc_leave,Wechsler Intelligence Scale for Children - IV [part 2],,dropdown,,"0, 0 | 1, 1 | 2, 2",,,,,,,y,,
vocabmc_braveresp,Wechsler Intelligence Scale for Children - IV [part 2],,text,,,,,,,,,y,,
vocabmc_brave,Wechsler Intelligence Scale for Children - IV [part 2],,dropdown,,"0, 0 | 1, 1 | 2, 2",,,,,,,y,,
vocabmc_thiefresp,Wechsler Intelligence Scale for Children - IV [part 2],,text,,,,,,,,,y,,
vocabmc_thief,Wechsler Intelligence Scale for Children - IV [part 2],,dropdown,,"0, 0 | 1, 1 | 2, 2",,,,,,,y,,
vocabmc_obeyresp,Wechsler Intelligence Scale for Children - IV [part 2],,text,,,,,,,,,y,,
vocabmc_obey,Wechsler Intelligence Scale for Children - IV [part 2],,dropdown,,"0, 0 | 1, 1 | 2, 2",,,,,,,y,,
vocabmc_islandresp,Wechsler Intelligence Scale for Children - IV [part 2],,text,,,,,,,,,y,,
vocabmc_island,Wechsler Intelligence Scale for Children - IV [part 2],,dropdown,,"0, 0 | 1, 1 | 2, 2",,,,,,,y,,
vocabmc_pestresp,Wechsler Intelligence Scale for Children - IV [part 2],,text,,,,,,,,,y,,
vocabmc_pest,Wechsler Intelligence Scale for Children - IV [part 2],,dropdown,,"0, 0 | 1, 1 | 2, 2",,,,,,,y,,
vocabmc_nonsenseresp,Wechsler Intelligence Scale for Children - IV [part 2],,text,,,,,,,,,y,,
vocabmc_nonsense,Wechsler Intelligence Scale for Children - IV [part 2],,dropdown,,"0, 0 | 1, 1 | 2, 2",,,,,,,y,,
vocabmc_ancientresp,Wechsler Intelligence Scale for Children - IV [part 2],,text,,,,,,,,,y,,
vocabmc_ancient,Wechsler Intelligence Scale for Children - IV [part 2],,dropdown,,"0, 0 | 1, 1 | 2, 2",,,,,,,y,,
vocabmc_mimicresp,Wechsler Intelligence Scale for Children - IV [part 2],,text,,,,,,,,,y,,
vocabmc_mimic,Wechsler Intelligence Scale for Children - IV [part 2],,dropdown,,"0, 0 | 1, 1 | 2, 2",,,,,,,y,,
vocabmc_absorbresp,Wechsler Intelligence Scale for Children - IV [part 2],,text,,,,,,,,,y,,
vocabmc_absorb,Wechsler Intelligence Scale for Children - IV [part 2],,dropdown,,"0, 0 | 1, 1 | 2, 2",,,,,,,y,,
vocabmc_fableresp,Wechsler Intelligence Scale for Children - IV [part 2],,text,,,,,,,,,y,,
vocabmc_fable,Wechsler Intelligence Scale for Children - IV [part 2],,dropdown,,"0, 0 | 1, 1 | 2, 2",,,,,,,y,,
vocabmc_migrateresp,Wechsler Intelligence Scale for Children - IV [part 2],,text,,,,,,,,,y,,
vocabmc_migrate,Wechsler Intelligence Scale for Children - IV [part 2],,dropdown,,"0, 0 | 1, 1 | 2, 2",,,,,,,y,,
vocabmc_preciseresp,Wechsler Intelligence Scale for Children - IV [part 2],,text,,,,,,,,,y,,
vocabmc_precise,Wechsler Intelligence Scale for Children - IV [part 2],,dropdown,,"0, 0 | 1, 1 | 2, 2",,,,,,,y,,
vocabmc_transparentresp,Wechsler Intelligence Scale for Children - IV [part 2],,text,,,,,,,,,y,,
vocabmc_transparent,Wechsler Intelligence Scale for Children - IV [part 2],,dropdown,,"0, 0 | 1, 1 | 2, 2",,,,,,,y,,
vocabmc_seldomresp,Wechsler Intelligence Scale for Children - IV [part 2],,text,,,,,,,,,y,,
vocabmc_seldom,Wechsler Intelligence Scale for Children - IV [part 2],,dropdown,,"0, 0 | 1, 1 | 2, 2",,,,,,,y,,
vocabmc_rivalryresp,Wechsler Intelligence Scale for Children - IV [part 2],,text,,,,,,,,,y,,
vocabmc_rivalry,Wechsler Intelligence Scale for Children - IV [part 2],,dropdown,,"0, 0 | 1, 1 | 2, 2",,,,,,,y,,
vocabmc_strenuousresp,Wechsler Intelligence Scale for Children - IV [part 2],,text,,,,,,,,,y,,
vocabmc_strenuous,Wechsler Intelligence Scale for Children - IV [part 2],,dropdown,,"0, 0 | 1, 1 | 2, 2",,,,,,,y,,
vocabmc_foresightresp,Wechsler Intelligence Scale for Children - IV [part 2],,text,,,,,,,,,y,,
vocabmc_foresight,Wechsler Intelligence Scale for Children - IV [part 2],,dropdown,,"0, 0 | 1, 1 | 2, 2",,,,,,,y,,
vocabmc_unanimousresp,Wechsler Intelligence Scale for Children - IV [part 2],,text,,,,,,,,,y,,
vocabmc_unanimous,Wechsler Intelligence Scale for Children - IV [part 2],,dropdown,,"0, 0 | 1, 1 | 2, 2",,,,,,,y,,
vocabmc_amendmentresp,Wechsler Intelligence Scale for Children - IV [part 2],,text,,,,,,,,,y,,
vocabmc_amendment,Wechsler Intelligence Scale for Children - IV [part 2],,dropdown,,"0, 0 | 1, 1 | 2, 2",,,,,,,y,,
vocabmc_compelresp,Wechsler Intelligence Scale for Children - IV [part 2],,text,,,,,,,,,y,,
vocabmc_compel,Wechsler Intelligence Scale for Children - IV [part 2],,dropdown,,"0, 0 | 1, 1 | 2, 2",,,,,,,y,,
vocabmc_afflictionresp,Wechsler Intelligence Scale for Children - IV [part 2],,text,,,,,,,,,y,,
vocabmc_affliction,Wechsler Intelligence Scale for Children - IV [part 2],,dropdown,,"0, 0 | 1, 1 | 2, 2",,,,,,,y,,
vocabmc_imminentresp,Wechsler Intelligence Scale for Children - IV [part 2],,text,,,,,,,,,y,,
vocabmc_imminent,Wechsler Intelligence Scale for Children - IV [part 2],,dropdown,,"0, 0 | 1, 1 | 2, 2",,,,,,,y,,
vocabmc_aberrationresp,Wechsler Intelligence Scale for Children - IV [part 2],,text,,,,,,,,,y,,
vocabmc_aberration,Wechsler Intelligence Scale for Children - IV [part 2],,dropdown,,"0, 0 | 1, 1 | 2, 2",,,,,,,y,,
vocabmc_garrulousresp,Wechsler Intelligence Scale for Children - IV [part 2],,text,,,,,,,,,y,,
