Variable / Field Name,Form Name,Section Header,Field Type,Field Label,"Choices, Calculations, OR Slider Labels",Field Note,Text Validation Type OR Show Slider Number,Text Validation Min,Text Validation Max,Identifier?,Branching Logic (Show field only if...),Required Field?,Custom Alignment,Question Number (surveys only)
subjectkey,Kiddie-Sads-Present and Lifetime Version (K-SADS-PL),NDAR Required,text,The NDAR Global Unique Identifier (GUID) for subjects which identifies a subject in NDAR,,,,,,,,y,,
src_subject_id,Kiddie-Sads-Present and Lifetime Version (K-SADS-PL),,text,The site's subject identification,,,,,,,,y,,
interview_age,Kiddie-Sads-Present and Lifetime Version (K-SADS-PL),,text,Age in months at the time of the interview/test/sampling/imaging.,,Age is rounded to chronological month If the research participant is 13 days old at time of interview  the appropriate value would be 0 months if the participant is 19 days old the value would be 1 month,number,0,1200,,,y,,
interview_date,Kiddie-Sads-Present and Lifetime Version (K-SADS-PL),,text,Date on which the interview/genetic test/sampling/imaging was completed,"MM/yyyy, MM/yyyy | MM/dd/yyyy, MM/dd/yyyy",* '01/01/1900' indicates that a date associated with retrospective data is not known.,date_ymd,,,,,y,,
agefirst,Kiddie-Sads-Present and Lifetime Version (K-SADS-PL),Cigarette Use,text,age of first regular use,,,number,0,130,,,y,,
agoraphobia_current,Kiddie-Sads-Present and Lifetime Version (K-SADS-PL),Agoraphobia,text,does the parent think the subject has agoraphobia,,,number,0,3,,,y,,
agoraphobia_past,Kiddie-Sads-Present and Lifetime Version (K-SADS-PL),,text,does the parent think the subject had agoraphobia,,,number,0,3,,,y,,
anhedonia_current,Kiddie-Sads-Present and Lifetime Version (K-SADS-PL),Depressive Disorders,text,according to the parent is the subject anhedonic,,,number,0,3,,,y,,
anhedonia_past,Kiddie-Sads-Present and Lifetime Version (K-SADS-PL),,text,according to the parent was the subject anhedonic,,,number,0,3,,,y,,
argue_current,Kiddie-Sads-Present and Lifetime Version (K-SADS-PL),Oppositional Defiant D,text,does the parent think the subject argues a lot with adults,,,number,0,3,,,y,,
argue_past,Kiddie-Sads-Present and Lifetime Version (K-SADS-PL),,text,does the parent think the subject argued a lot with adults,,,number,0,3,,,y,,
attemptquit,Kiddie-Sads-Present and Lifetime Version (K-SADS-PL),,text,does the parent think the subject ever attemtpted to quit,,,number,0,2,,,y,,
attention_current,Kiddie-Sads-Present and Lifetime Version (K-SADS-PL),ADHD,text,does the parent think the subject has difficulty sustaining attention on tasks,,,number,0,3,,,y,,
attention_past,Kiddie-Sads-Present and Lifetime Version (K-SADS-PL),,text,does the parent think the subject had difficulty sustaining attention on tasks,,,number,0,3,,,y,,
avoid_situations,Kiddie-Sads-Present and Lifetime Version (K-SADS-PL),PostTraumatic Stress,text,does the parent think the subject makes efforts to avoid activities that arose recollection of the trauma,,,number,0,2,,,y,,
avoid_thoughts,Kiddie-Sads-Present and Lifetime Version (K-SADS-PL),,text,does the parent think the subject makes efforts to avoid thoughts associated with the trauma,,,number,0,2,,,y,,
bullies_current,Kiddie-Sads-Present and Lifetime Version (K-SADS-PL),Conduct Disorder,text,does the parent think the subject bullies others,,,number,0,3,,,y,,
bullies_past,Kiddie-Sads-Present and Lifetime Version (K-SADS-PL),,text,does the parent think the subject bullied others,,,number,0,3,,,y,,
car_accident,Kiddie-Sads-Present and Lifetime Version (K-SADS-PL),,text,does the parent think the subject has ever been in a car accident,,,number,0,2,,,y,,
chewed,Kiddie-Sads-Present and Lifetime Version (K-SADS-PL),,text,does the parent think the subject ever chewed tobaccos,,,number,0,2,,,y,,
compulsions_current,Kiddie-Sads-Present and Lifetime Version (K-SADS-PL),Obsessive Compulsive D,text,does the parent think the subject has compulsions,,,number,0,3,,,y,,
compulsions_past,Kiddie-Sads-Present and Lifetime Version (K-SADS-PL),,text,does the parent think the subject had compulsions,,,number,0,3,,,y,,
concern,Kiddie-Sads-Present and Lifetime Version (K-SADS-PL),Alcohol Abuse,text,does the parent think anyone has compalined about the subjects drinking,,,number,0,2,,,y,,
decreasedsleep_current,Kiddie-Sads-Present and Lifetime Version (K-SADS-PL),Mania/Hypomania,text,does the parent think the subject have decreased need for sleep,,,number,0,4,,,y,,
decreasedsleep_past,Kiddie-Sads-Present and Lifetime Version (K-SADS-PL),,text,does the parent think the subject had a decreased need for sleep,,,number,0,4,,,y,,
delusions_current,Kiddie-Sads-Present and Lifetime Version (K-SADS-PL),Psychosis,text,does the parent think the subject has delusions,,,number,0,3,,,y,,
delusions_past,Kiddie-Sads-Present and Lifetime Version (K-SADS-PL),,text,does the parent think the subject had delusions,,,number,0,3,,,y,,
depressed_mood_current,Kiddie-Sads-Present and Lifetime Version (K-SADS-PL),,text,Does the parent think the subject currently has a depressed mood,,,number,0,4,,,y,,
depressed_mood_past,Kiddie-Sads-Present and Lifetime Version (K-SADS-PL),,text,does the parent think the subject had a depressed mood in the past,,,number,0,4,,,y,,
disobey_current,Kiddie-Sads-Present and Lifetime Version (K-SADS-PL),,text,does the parent think the subject disobeys rules a lot,,,number,0,3,,,y,,
disobey_past,Kiddie-Sads-Present and Lifetime Version (K-SADS-PL),,text,does the parent think the subject disobeyed rules a lot,,,number,0,3,,,y,,
distracted_current,Kiddie-Sads-Present and Lifetime Version (K-SADS-PL),,text,does the parent think the subject is easily distracted,,,number,0,3,,,y,,
distracted_past,Kiddie-Sads-Present and Lifetime Version (K-SADS-PL),,text,does the parent think the subject was easily distracted,,,number,0,3,,,y,,
distress_current,Kiddie-Sads-Present and Lifetime Version (K-SADS-PL),,text,does the parent think the subject is significantly distressed by feared stimuli,,,number,0,3,,,y,,
distress_past,Kiddie-Sads-Present and Lifetime Version (K-SADS-PL),,text,does the parent think the subject was significantly distressed by feared stimuli,,,number,0,3,,,y,,
eatingbinge_current,Kiddie-Sads-Present and Lifetime Version (K-SADS-PL),Bulimia Nervosa,text,does the parent think the subject has eating binges or attacks,,,number,0,3,,,y,,
eatingbinge_past,Kiddie-Sads-Present and Lifetime Version (K-SADS-PL),,text,does the parent think the subject has eating binges or attacks,,,number,0,3,,,y,,
elation_current,Kiddie-Sads-Present and Lifetime Version (K-SADS-PL),,text,does the parent think the subjects mood is elated,,,number,0,4,,,y,,
elation_past,Kiddie-Sads-Present and Lifetime Version (K-SADS-PL),,text,did the parent think the subjects mood is elated,,,number,0,4,,,y,,
emaciation_current,Kiddie-Sads-Present and Lifetime Version (K-SADS-PL),Anorexia Nervosa,text,does the parent think the subject is emaciated,,,number,0,3,,,y,,
emaciation_past,Kiddie-Sads-Present and Lifetime Version (K-SADS-PL),,text,does the parent think the subject was emaciated,,,number,0,3,,,y,,
encopresis_cur,Kiddie-Sads-Present and Lifetime Version (K-SADS-PL),Encopresis,dropdown,does the subect meet dsm criteria for encopresis current,"yes, yes | no, no",,,,,,,y,,
encopresis_past,Kiddie-Sads-Present and Lifetime Version (K-SADS-PL),,dropdown,does the subect meet dsm criteria for encopresis past,"yes, yes | no, no",,,,,,,y,,
enuresis_c,Kiddie-Sads-Present and Lifetime Version (K-SADS-PL),Enuresis,dropdown,does the subect meet dsm criteria for enuresis current,"yes, yes | no, no",,,,,,,y,,
enuresis_p,Kiddie-Sads-Present and Lifetime Version (K-SADS-PL),,dropdown,does the subect meet dsm criteria for enuresis past,"yes, yes | no, no",,,,,,,y,,
event_disaster,Kiddie-Sads-Present and Lifetime Version (K-SADS-PL),,text,does the parent think the subject has ever been a witness of a disaster,,,number,0,2,,,y,,
event_domestic_viol,Kiddie-Sads-Present and Lifetime Version (K-SADS-PL),,text,does the parent think the subject has ever witnessed domestic violence,,,number,0,2,,,y,,
event_fire,Kiddie-Sads-Present and Lifetime Version (K-SADS-PL),,text,does the parent think the subject has ever been in a fire,,,number,0,2,,,y,,
event_other,Kiddie-Sads-Present and Lifetime Version (K-SADS-PL),,text,does the parent think the subject has ever experienced other traumatic events,,,number,0,2,,,y,,
event_phys_abuse,Kiddie-Sads-Present and Lifetime Version (K-SADS-PL),,text,does the parent think the subject has ever experienced physical abuse,,,number,0,2,,,y,,
event_sexual_abuse,Kiddie-Sads-Present and Lifetime Version (K-SADS-PL),,text,does the parent think the subject has ever experienced sexual abuse,,,number,0,2,,,y,,
event_traumatic_news,Kiddie-Sads-Present and Lifetime Version (K-SADS-PL),,text,does the parent think the subject has ever been confronted with traumatic news,,,number,0,2,,,y,,
event_victim_crime,Kiddie-Sads-Present and Lifetime Version (K-SADS-PL),,text,does the parent think the subject has ever been a victim of a crime,,,number,0,2,,,y,,
event_witness_crime,Kiddie-Sads-Present and Lifetime Version (K-SADS-PL),,text,does the parent think the subject has ever been a witness of a crime,,,number,0,2,,,y,,
excessiveworry_current,Kiddie-Sads-Present and Lifetime Version (K-SADS-PL),Generalized Anxiety D,text,does the parent think the subject worries excessively,,,number,0,3,,,y,,
excessiveworry_past,Kiddie-Sads-Present and Lifetime Version (K-SADS-PL),,text,does the parent think the subject worried excessively,,,number,0,3,,,y,,
fearobese_current,Kiddie-Sads-Present and Lifetime Version (K-SADS-PL),,text,does the parent think the subject has fears of becoming obese,,,number,0,3,,,y,,
fearobese_past,Kiddie-Sads-Present and Lifetime Version (K-SADS-PL),,text,does the parent think the subject had fears of becoming obese,,,number,0,3,,,y,,
fearsalone_current,Kiddie-Sads-Present and Lifetime Version (K-SADS-PL),Separation Anxiety Disorder,text,does the parent think the subject has fears about being home alone,,,number,0,3,,,y,,
fearsalone_past,Kiddie-Sads-Present and Lifetime Version (K-SADS-PL),,text,does the parent think the subject had fears about being home alone,,,number,0,3,,,y,,
fearscalamitous_current,Kiddie-Sads-Present and Lifetime Version (K-SADS-PL),,text,does the parent think the subject has fears that a calamitous event will cause separation,,,number,0,3,,,y,,
fearscalamitous_past,Kiddie-Sads-Present and Lifetime Version (K-SADS-PL),,text,does the parent think the subject had fears that a calamitous event will cause separation,,,number,0,3,,,y,,
fearsharm_current,Kiddie-Sads-Present and Lifetime Version (K-SADS-PL),,text,does the parent think the subject has fears that harm will befall their attachment figure,,,number,0,3,,,y,,
fearsharm_past,Kiddie-Sads-Present and Lifetime Version (K-SADS-PL),,text,does the parent think the subject had fears that harm will befall their attachment figure,,,number,0,3,,,y,,
fearsocial_current,Kiddie-Sads-Present and Lifetime Version (K-SADS-PL),Social Phobia,text,does the parent think the subject has a fear of social situations,,,number,0,3,,,y,,
fearsocial_past,Kiddie-Sads-Present and Lifetime Version (K-SADS-PL),,text,does the parent think the subject had a fear of social situations,,,number,0,3,,,y,,
fearssleep_current,Kiddie-Sads-Present and Lifetime Version (K-SADS-PL),,text,does the parent think the subject has fears sleeping away from home,,,number,0,3,,,y,,
fearssleep_past,Kiddie-Sads-Present and Lifetime Version (K-SADS-PL),,text,does the parent think the subject had fears sleeping away from home,,,number,0,3,,,y,,
fights_current,Kiddie-Sads-Present and Lifetime Version (K-SADS-PL),,text,does the parent think the subject initiates physical fights,,,number,0,3,,,y,,
fights_past,Kiddie-Sads-Present and Lifetime Version (K-SADS-PL),,text,does the parent think the subject initiated physical fights,,,number,0,3,,,y,,
freq_drink,Kiddie-Sads-Present and Lifetime Version (K-SADS-PL),,text,what's the most number of days in a week the parent think the subject drinks,,,number,0,2,,,y,,
freq_cannabis,Kiddie-Sads-Present and Lifetime Version (K-SADS-PL),Substance Abuse,text,how often in the past 6 months does the parent think the subject has used cannabis,,,number,0,3,,,y,,
freq_cocaine,Kiddie-Sads-Present and Lifetime Version (K-SADS-PL),,text,does the parent think the subject has ever used cocaine,,,number,0,3,,,y,,
freq_halluc,Kiddie-Sads-Present and Lifetime Version (K-SADS-PL),,text,how often in the past 6 months does the parent think the subject has used hallucinogens,,,number,0,3,,,y,,
freq_opiods,Kiddie-Sads-Present and Lifetime Version (K-SADS-PL),,text,how often in the past 6 months does the parent think the subject has used opiods,,,number,0,3,,,y,,
freq_other,Kiddie-Sads-Present and Lifetime Version (K-SADS-PL),,text,how often in the past 6 months does the parent think the subject has used other,,,number,0,3,,,y,,
freq_pcp,Kiddie-Sads-Present and Lifetime Version (K-SADS-PL),,text,how often in the past 6 months does the parent think the subject has used pcp,,,number,0,3,,,y,,
freq_polysubstance,Kiddie-Sads-Present and Lifetime Version (K-SADS-PL),,text,how often in the past 6 months does the parent think the subject has used ploysubstance,,,number,0,3,,,y,,
freq_sed_noinfo,Kiddie-Sads-Present and Lifetime Version (K-SADS-PL),,text,how often in the past 6 months does the parent think the subject has used sedatives,,,number,0,3,,,y,,
freq_solvents,Kiddie-Sads-Present and Lifetime Version (K-SADS-PL),,text,how often in the past 6 months does the parent think the subject has used solvents,,,number,0,3,,,y,,
freq_stimulants,Kiddie-Sads-Present and Lifetime Version (K-SADS-PL),,text,how often in the past 6 months does the parent think the subject has used stimulants,,,number,0,3,,,y,,
grandiosity_current,Kiddie-Sads-Present and Lifetime Version (K-SADS-PL),,text,does the parent think the subject has grandiosity and inflated self esteem,,,number,0,4,,,y,,
grandiosity_past,Kiddie-Sads-Present and Lifetime Version (K-SADS-PL),,text,does the parent think the subject had grandiosity and inflated self esteem,,,number,0,4,,,y,,
hallucinations_current,Kiddie-Sads-Present and Lifetime Version (K-SADS-PL),,text,does the parent think the subject has hallucinations,,,number,0,3,,,y,,
hallucinations_past,Kiddie-Sads-Present and Lifetime Version (K-SADS-PL),,text,does the parent think the subject had hallucinations,,,number,0,3,,,y,,
impulsivity_current,Kiddie-Sads-Present and Lifetime Version (K-SADS-PL),,text,does the parent think the subject is impulsive,,,number,0,3,,,y,,
impulsivity_past,Kiddie-Sads-Present and Lifetime Version (K-SADS-PL),,text,does the parent think the subject was impulsive,,,number,0,3,,,y,,
inflexible_current,Kiddie-Sads-Present and Lifetime Version (K-SADS-PL),Aspergers,text,does the parent think the subject has an inflexible adherence to specific routines,,,number,0,3,,,y,,
inflexible_past,Kiddie-Sads-Present and Lifetime Version (K-SADS-PL),,text,does the parent think the subject had an inflexible adherence to specific routines,,,number,0,3,,,y,,
irratblemood_past,Kiddie-Sads-Present and Lifetime Version (K-SADS-PL),,text,does the parent think the subject had irritable mood with manic symptomatolgy,,,number,0,4,,,y,,
irritability_current,Kiddie-Sads-Present and Lifetime Version (K-SADS-PL),,text,According to the parent is the subject irratible,,,number,0,4,,,y,,
irritability_past,Kiddie-Sads-Present and Lifetime Version (K-SADS-PL),,text,according to the parent was the subject irritable,,,number,0,4,,,y,,
irritablemood_current,Kiddie-Sads-Present and Lifetime Version (K-SADS-PL),,text,does the parent think the subject has irritable mood with manic symptomatolgy,,,number,0,4,,,y,,
laxatives_current,Kiddie-Sads-Present and Lifetime Version (K-SADS-PL),,text,does the parent think the subject uses laxatives,,,number,0,3,,,y,,
laxatives_past,Kiddie-Sads-Present and Lifetime Version (K-SADS-PL),,text,does the parent think the subject used laxatives,,,number,0,3,,,y,,
lies_current,Kiddie-Sads-Present and Lifetime Version (K-SADS-PL),,text,does the parent think the subject lies,,,number,0,3,,,y,,
lies_past,Kiddie-Sads-Present and Lifetime Version (K-SADS-PL),,text,does the parent think the subject lied,,,number,0,3,,,y,,
loose_temper_current,Kiddie-Sads-Present and Lifetime Version (K-SADS-PL),,text,does the parent think the subject loses their temper,,,number,0,3,,,y,,
loose_temper_past,Kiddie-Sads-Present and Lifetime Version (K-SADS-PL),,text,does the parent think the subject used to loose their temper,,,number,0,3,,,y,,
markedfeel_current,Kiddie-Sads-Present and Lifetime Version (K-SADS-PL),,text,does the parent think the subject has marked feeling of tension,,,number,0,3,,,y,,
markedfeel_past,Kiddie-Sads-Present and Lifetime Version (K-SADS-PL),,text,does the parent think the subject had marked feeling of tension,,,number,0,3,,,y,,
month_tobacco,Kiddie-Sads-Present and Lifetime Version (K-SADS-PL),,text,does the parent think the subject smoked or chewed tobacco daily for one month or more,,,number,0,2,,,y,,
moodlability_current,Kiddie-Sads-Present and Lifetime Version (K-SADS-PL),,text,does the parent think the subject has mood lability,,,number,0,4,,,y,,
moodlability_past,Kiddie-Sads-Present and Lifetime Version (K-SADS-PL),,text,does the parent think the subject had mood lability,,,number,0,4,,,y,,
moto_current,Kiddie-Sads-Present and Lifetime Version (K-SADS-PL),Tic Disorders,text,does the parent think the subject has motor tics,,,number,0,3,,,y,,
motor_past,Kiddie-Sads-Present and Lifetime Version (K-SADS-PL),,text,does the parent think the subject had motor tics,,,number,0,3,,,y,,
nightmares,Kiddie-Sads-Present and Lifetime Version (K-SADS-PL),,text,does the parent think the subject has nightmares,,,number,0,2,,,y,,
nonsuicidal_current,Kiddie-Sads-Present and Lifetime Version (K-SADS-PL),,text,does the parent think the subject partakes in non-suicidal physical self-damaging acts,,,number,0,3,,,y,,
nonsuicidal_past,Kiddie-Sads-Present and Lifetime Version (K-SADS-PL),,text,does the parent think the subject partook in non-suicidal physical self-damaging acts,,,number,0,3,,,y,,
obsessions_current,Kiddie-Sads-Present and Lifetime Version (K-SADS-PL),,text,does the parent think the subject has obsessions,,,number,0,3,,,y,,
obsessions_past,Kiddie-Sads-Present and Lifetime Version (K-SADS-PL),,text,does the parent think the subject had obsessions,,,number,0,3,,,y,,
oddbehav_current,Kiddie-Sads-Present and Lifetime Version (K-SADS-PL),,text,does the parent think the subject has odd behaviour,,,number,0,3,,,y,,
oddbehav_past,Kiddie-Sads-Present and Lifetime Version (K-SADS-PL),,text,does the parent think the subject had odd behaviour,,,number,0,3,,,y,,
other_accident,Kiddie-Sads-Present and Lifetime Version (K-SADS-PL),,text,does the parent think the subject has ever been in an other accident,,,number,0,2,,,y,,
panicattacks_current,Kiddie-Sads-Present and Lifetime Version (K-SADS-PL),Panic Disorder,text,does the parent think the subject has panic attacks,,,number,0,3,,,y,,
panicattacks_past,Kiddie-Sads-Present and Lifetime Version (K-SADS-PL),,text,does the parent think the subject had panic attacks,,,number,0,3,,,y,,
phonic_tics_current,Kiddie-Sads-Present and Lifetime Version (K-SADS-PL),,text,does the parent think the subject has phonic tics,,,number,0,3,,,y,,
phonic_tics_past,Kiddie-Sads-Present and Lifetime Version (K-SADS-PL),,text,does the parent think the subject had phonic tics,,,number,0,3,,,y,,
problems_drink,Kiddie-Sads-Present and Lifetime Version (K-SADS-PL),Alcohol,text,does the parent think the subjects drinking ever caused problems,,,number,0,2,,,y,,
problems_substance_use,Kiddie-Sads-Present and Lifetime Version (K-SADS-PL),,text,does the parent think the subjects substance use has ever caused problems,,,number,0,2,,,y,,
quant_day,Kiddie-Sads-Present and Lifetime Version (K-SADS-PL),,text,whats the most the parent thinks the subject has drunk in a single day,,,number,0,2,,,y,,
quant_howmany,Kiddie-Sads-Present and Lifetime Version (K-SADS-PL),,text,how many drinks does the parent think the subject has,,,number,0,2,,,y,,
quantity_currentuse,Kiddie-Sads-Present and Lifetime Version (K-SADS-PL),,text,Number of cigarettes smoked per day,,,number,0,500,,,y,,
quantity_greatestuse,Kiddie-Sads-Present and Lifetime Version (K-SADS-PL),,text,Greatest number of cigarettes smoked per day,,,number,0,500,,,y,,
quit,Kiddie-Sads-Present and Lifetime Version (K-SADS-PL),,text,does the parent think the subject ever quit,,,number,0,2,,,y,,
quitmonths,Kiddie-Sads-Present and Lifetime Version (K-SADS-PL),,text,Longest number of months quit,,,number,0,1200,,,y,,
repeatedpass_current_day,Kiddie-Sads-Present and Lifetime Version (K-SADS-PL),,text,does the parent think the subject has repeated passage of feces in the day,,,number,0,3,,,y,,
repeatedpass_current_night,Kiddie-Sads-Present and Lifetime Version (K-SADS-PL),,text,does the parent think the subject has repeated passage of feces in the night,,,number,0,3,,,y,,
repeatedpass_current_total,Kiddie-Sads-Present and Lifetime Version (K-SADS-PL),,text,does the parent think the subject has repeated passage of feces in total,,,number,0,3,,,y,,
repeatedpass_past_day,Kiddie-Sads-Present and Lifetime Version (K-SADS-PL),,text,does the parent think the subject had repeated passage of feces in the day,,,number,0,3,,,y,,
repeatedpass_past_night,Kiddie-Sads-Present and Lifetime Version (K-SADS-PL),,text,does the parent think the subject had repeated passage of feces in the night,,,number,0,3,,,y,,
repeatedpass_past_total,Kiddie-Sads-Present and Lifetime Version (K-SADS-PL),,text,does the parent think the subject had repeated passage of feces in total,,,number,0,3,,,y,,
repeatvoiding_current_day,Kiddie-Sads-Present and Lifetime Version (K-SADS-PL),,text,does the parent think the subject has repeated voiding in the day,,,number,0,3,,,y,,
repeatvoiding_current_night,Kiddie-Sads-Present and Lifetime Version (K-SADS-PL),,text,does the parent think the subject has repeated voiding in the night,,,number,0,3,,,y,,
repeatvoiding_current_total,Kiddie-Sads-Present and Lifetime Version (K-SADS-PL),,text,does the parent think the subject has repeated voiding in total,,,number,0,3,,,y,,
repeatvoiding_past_day,Kiddie-Sads-Present and Lifetime Version (K-SADS-PL),,text,does the parent think the subject had repeated voiding in the day,,,number,0,3,,,y,,
repeatvoiding_past_night,Kiddie-Sads-Present and Lifetime Version (K-SADS-PL),,text,does the parent think the subject had repeated voiding in the night,,,number,0,3,,,y,,
repeatvoiding_past_total,Kiddie-Sads-Present and Lifetime Version (K-SADS-PL),,text,does the parent think the subject had repeated voiding in total,,,number,0,3,,,y,,
repetitive_play,Kiddie-Sads-Present and Lifetime Version (K-SADS-PL),,text,does the parent think the subject partakes in repetitive play related to the event,,,number,0,2,,,y,,
schoolreluc_current,Kiddie-Sads-Present and Lifetime Version (K-SADS-PL),,text,does the parent think the subject is reluctant to go to school,,,number,0,3,,,y,,
schoolreluc_past,Kiddie-Sads-Present and Lifetime Version (K-SADS-PL),,text,does the parent think the subject was reluctant to go to school,,,number,0,3,,,y,,
seated_current,Kiddie-Sads-Present and Lifetime Version (K-SADS-PL),,text,does the parent think the subject has difficulty remaining seated,,,number,0,3,,,y,,
seated_past,Kiddie-Sads-Present and Lifetime Version (K-SADS-PL),,text,does the parent think the subject had difficulty remaining seated,,,number,0,3,,,y,,
smoked_ever,Kiddie-Sads-Present and Lifetime Version (K-SADS-PL),,text,does the parent think the subject ever smoked,,,number,0,2,,,y,,
social_current,Kiddie-Sads-Present and Lifetime Version (K-SADS-PL),,text,does the parent think the subject has a lack of social reciprocity,,,number,0,3,,,y,,
social_past,Kiddie-Sads-Present and Lifetime Version (K-SADS-PL),,text,does the parent think the subject had a lack of social reciprocity,,,number,0,3,,,y,,
somatic_current,Kiddie-Sads-Present and Lifetime Version (K-SADS-PL),,text,does the parent think the subject has somatic complaints,,,number,0,3,,,y,,
somatic_past,Kiddie-Sads-Present and Lifetime Version (K-SADS-PL),,text,does the parent think the subject had somatic complaints,,,number,0,3,,,y,,
specific_current,Kiddie-Sads-Present and Lifetime Version (K-SADS-PL),Specific Phobias,text,does the parent think the subject has specific phobias,,,number,0,3,,,y,,
specific_past,Kiddie-Sads-Present and Lifetime Version (K-SADS-PL),,text,does the parent think the subject had specific phobias,,,number,0,3,,,y,,
stealing_current,Kiddie-Sads-Present and Lifetime Version (K-SADS-PL),,text,does the parent think the subject partakes in nonaggressive stealing,,,number,0,3,,,y,,
stealing_past,Kiddie-Sads-Present and Lifetime Version (K-SADS-PL),,text,does the parent think the subject partook in nonaggressive stealing,,,number,0,3,,,y,,
suicidal_id_current,Kiddie-Sads-Present and Lifetime Version (K-SADS-PL),,text,does the parent think the subject has suicidal ideation,,,number,0,3,,,y,,
suicidal_id_past,Kiddie-Sads-Present and Lifetime Version (K-SADS-PL),,text,does the parent think the subject had suicidal ideation,,,number,0,3,,,y,,
suicidalacts_in_current,Kiddie-Sads-Present and Lifetime Version (K-SADS-PL),,text,does the parent think the subject has intent to perform suicidal acts,,,number,0,3,,,y,,
suicidalacts_in_past,Kiddie-Sads-Present and Lifetime Version (K-SADS-PL),,text,does the parent think the subject had intent to perform suicidal acts,,,number,0,3,,,y,,
suicidalacts_med_current,Kiddie-Sads-Present and Lifetime Version (K-SADS-PL),,text,how threatening does the parent think the most serious suicidal act was to subjects life or physical condition,,,number,0,3,,,y,,
suicidalacts_med_past,Kiddie-Sads-Present and Lifetime Version (K-SADS-PL),,text,how threatening does the parent think the most serious suicidal act was to subjects life or physical condition,,,number,0,3,,,y,,
supplement1_cur,Kiddie-Sads-Present and Lifetime Version (K-SADS-PL),,dropdown,should supplement 1 current be completed,"yes, yes | no, no",,,,,,,y,,
supplement1_past,Kiddie-Sads-Present and Lifetime Version (K-SADS-PL),,dropdown,should supplement 1 past be completed,"yes, yes | no, no",,,,,,,y,,
supplement2_cur,Kiddie-Sads-Present and Lifetime Version (K-SADS-PL),,dropdown,should supplement 2 current be completed,"yes, yes | no, no",,,,,,,y,,
supplement2_past,Kiddie-Sads-Present and Lifetime Version (K-SADS-PL),,dropdown,should supplement 2 past be completed,"yes, yes | no, no",,,,,,,y,,
supplement3_cur,Kiddie-Sads-Present and Lifetime Version (K-SADS-PL),,dropdown,should supplement 3 current be completed,"yes, yes | no, no",,,,,,,y,,
supplement3_past,Kiddie-Sads-Present and Lifetime Version (K-SADS-PL),,dropdown,should supplement 3 past be completed,"yes, yes | no, no",,,,,,,y,,
supplement4_cur,Kiddie-Sads-Present and Lifetime Version (K-SADS-PL),,dropdown,should supplement 4 current be completed,"yes, yes | no, no",,,,,,,y,,
supplement4_past,Kiddie-Sads-Present and Lifetime Version (K-SADS-PL),,dropdown,should supplement 4 past be completed,"yes, yes | no, no",,,,,,,y,,
supplement5_cur,Kiddie-Sads-Present and Lifetime Version (K-SADS-PL),,dropdown,should supplement 5 current be completed,"yes, yes | no, no",,,,,,,y,,
supplement5_past,Kiddie-Sads-Present and Lifetime Version (K-SADS-PL),,dropdown,should supplement 5 past be completed,"yes, yes | no, no",,,,,,,y,,
thoughts_death_ever,Kiddie-Sads-Present and Lifetime Version (K-SADS-PL),,text,does the parent think the subject has recurrent thoughts of the event,,,number,0,2,,,y,,
thoughts_death_current,Kiddie-Sads-Present and Lifetime Version (K-SADS-PL),,text,does the parent think the subject has thoughts of death,,,number,0,3,,,y,,
thoughts_death_past,Kiddie-Sads-Present and Lifetime Version (K-SADS-PL),,text,does the parent think the subject had thoughts of death,,,number,0,3,,,y,,
treatment_alcohol_ever,Kiddie-Sads-Present and Lifetime Version (K-SADS-PL),,text,does the parent think the subject ever received treatment for alcohol problems,,,number,0,2,,,y,,
truant_current,Kiddie-Sads-Present and Lifetime Version (K-SADS-PL),,text,does the parent think the subject truants,,,number,0,3,,,y,,
truant_past,Kiddie-Sads-Present and Lifetime Version (K-SADS-PL),,text,does the parent think the subject truanted,,,number,0,3,,,y,,
use_2drinks,Kiddie-Sads-Present and Lifetime Version (K-SADS-PL),,text,does the parent think the subject drank two drinks in one week four or more times,,,number,0,2,,,y,,
use_agefirst,Kiddie-Sads-Present and Lifetime Version (K-SADS-PL),,text,age above at first regular use,,,number,0,130,,,y,,
use_cannabis,Kiddie-Sads-Present and Lifetime Version (K-SADS-PL),,text,does the parent think the subject has ever used cannabis,,,number,0,2,,,y,,
use_cocaine,Kiddie-Sads-Present and Lifetime Version (K-SADS-PL),,text,does the parent think the subject has ever used cocaine,,,number,0,2,,,y,,
use_currentfreq,Kiddie-Sads-Present and Lifetime Version (K-SADS-PL),,text,Number of drinks drank per week,,,number,0,2000,,,y,,
use_halluc,Kiddie-Sads-Present and Lifetime Version (K-SADS-PL),,text,does the parent think the subject has ever used hallucinogens,,,number,0,2,,,y,,
use_opiods,Kiddie-Sads-Present and Lifetime Version (K-SADS-PL),,text,does the parent think the subject has ever used opiods,,,number,0,2,,,y,,
use_other,Kiddie-Sads-Present and Lifetime Version (K-SADS-PL),,text,does the parent think the subject has ever used other,,,number,0,2,,,y,,
use_pcp,Kiddie-Sads-Present and Lifetime Version (K-SADS-PL),,text,does the parent think the subject has ever used pcp,,,number,0,2,,,y,,
use_sed_noinfo,Kiddie-Sads-Present and Lifetime Version (K-SADS-PL),,text,does the parent think the subject has ever used sedatives,,,number,0,2,,,y,,
use_solvents,Kiddie-Sads-Present and Lifetime Version (K-SADS-PL),,text,does the parent think the subject has ever used solvents,,,number,0,2,,,y,,
use_stimulants,Kiddie-Sads-Present and Lifetime Version (K-SADS-PL),,text,does the parent think the subject has ever used stimulants,,,number,0,2,,,y,,
weightloss_caloric_current,Kiddie-Sads-Present and Lifetime Version (K-SADS-PL),,text,does the parent think the subject uses non-caloric fluids,,,number,0,3,,,y,,
weightloss_caloric_past,Kiddie-Sads-Present and Lifetime Version (K-SADS-PL),,text,does the parent think the subject used non-caloric fluids,,,number,0,3,,,y,,
weightloss_combined_current,Kiddie-Sads-Present and Lifetime Version (K-SADS-PL),,text,does the parent think the subject uses combined frequency weight loss methods,,,number,0,3,,,y,,
weightloss_combined_past,Kiddie-Sads-Present and Lifetime Version (K-SADS-PL),,text,does the parent think the subject used combined frequency weight loss methods,,,number,0,3,,,y,,
weightloss_exercise_current,Kiddie-Sads-Present and Lifetime Version (K-SADS-PL),,text,does the parent think the subject does a lot of exercise,,,number,0,3,,,y,,
weightloss_exercise_past,Kiddie-Sads-Present and Lifetime Version (K-SADS-PL),,text,does the parent think the subject did a lot of exercise,,,number,0,3,,,y,,
weightloss_pills_current,Kiddie-Sads-Present and Lifetime Version (K-SADS-PL),,text,does the parent think the subject uses weightloss pills,,,number,0,3,,,y,,
weightloss_pills_past,Kiddie-Sads-Present and Lifetime Version (K-SADS-PL),,text,does the parent think the subject used weightloss pills,,,number,0,3,,,y,,
weightloss_throw_current,Kiddie-Sads-Present and Lifetime Version (K-SADS-PL),,text,does the parent think the subject throws up,,,number,0,3,,,y,,
weightloss_throw_past,Kiddie-Sads-Present and Lifetime Version (K-SADS-PL),,text,does the parent think the subject threw up,,,number,0,3,,,y,,
weightloss_water_current,Kiddie-Sads-Present and Lifetime Version (K-SADS-PL),,text,does the parent think the subject uses water pills,,,number,0,3,,,y,,
weightloss_water_past,Kiddie-Sads-Present and Lifetime Version (K-SADS-PL),,text,does the parent think the subject used water pills,,,number,0,3,,,y,,
