Variable / Field Name,Form Name,Section Header,Field Type,Field Label,"Choices, Calculations, OR Slider Labels",Field Note,Text Validation Type OR Show Slider Number,Text Validation Min,Text Validation Max,Identifier?,Branching Logic (Show field only if...),Required Field?,Custom Alignment,Question Number (surveys only)
subjectkey,CPEA STAART PLS 3,,text,The NDAR Global Unique Identifier (GUID) for subjects which identifies a subject in NDAR,,,,,,,,y,,
interview_date,CPEA STAART PLS 3,,text,Date on which the interview/genetic test/sampling/imaging was completed,"MM/yyyy, MM/yyyy | MM/dd/yyyy, MM/dd/yyyy",* '01/01/1900' indicates that a date associated with retrospective data is not known.,date_ymd,,,,,y,,
cycle,CPEA STAART PLS 3,,text,Timepoint information,,,,,,,,y,,
patid,CPEA STAART PLS 3,,text,src_Subject_id,,Patient IDs were assigned at the research site for CPEA and STAART,,,,,,y,,
network,CPEA STAART PLS 3,,text,Network,,CPEA or STAART Network,,,,,,y,,
site,CPEA STAART PLS 3,,text,Site,,CPEA or STAART Site,,,,,,y,,
study,CPEA STAART PLS 3,,text,Study,,CPEA or STAART Study,,,,,,y,,
pls_ac11_ae,CPEA STAART PLS 3,,text,PLS: Auditory Comprehension 6-11 Months - Anticipates an event or signal,,,,,,,,y,,
pls_ac11_fl,CPEA STAART PLS 3,,text,PLS: Auditory Comprehension 6-11 Months  Follows line of regard,,,,,,,,y,,
pls_ac11_uw,CPEA STAART PLS 3,,text,PLS: Auditory Comprehension 6-11 Months - Understands a specific word or phrase,,,,,,,,y,,
pls_ac17_fd,CPEA STAART PLS 3,,text,PLS: Auditory Comprehension 12-17 Months - Follows simple directions with gestural cues,,,,,,,,y,,
pls_ac17_io,CPEA STAART PLS 3,,text,PLS: Auditory Comprehension 12-17 Months - Identifies familiar objects,,,,,,,,y,,
pls_ac17_ip,CPEA STAART PLS 3,,text,PLS: Auditory Comprehension 12-17 Months - Identifies pictures,,,,,,,,y,,
pls_ac17_ma,CPEA STAART PLS 3,,text,PLS: Auditory Comprehension 12-17 Months- Maintains attention for two minutes,,,,,,,,y,,
pls_ac23_fd,CPEA STAART PLS 3,,text,PLS: Auditory Comprehension 18-23 Months- Follows simple directions without gestural cues,,,,,,,,y,,
pls_ac23_ibp,CPEA STAART PLS 3,,text,PLS: Auditory Comprehension 18-23 Months- Indicates body parts on self,,,,,,,,y,,
pls_ac23_ip,CPEA STAART PLS 3,,text,PLS: Auditory Comprehension 18-23 Months- Identifies pictures,,,,,,,,y,,
pls_ac23_uv,CPEA STAART PLS 3,,text,PLS: Auditory Comprehension 18-23 Months - Understands verbs in context,,,,,,,,y,,
pls_ac29_ra,CPEA STAART PLS 3,,text,PLS: Auditory Comprehension 24-29 Months - Recognizes action in pictures,,,,,,,,y,,
pls_ac29_up,CPEA STAART PLS 3,,text,PLS: Auditory Comprehension 24-29 Months - Understands several pronouns,,,,,,,,y,,
pls_ac29_uq,CPEA STAART PLS 3,,text,PLS: Auditory Comprehension 24-29 Months - Understands quantity concepts,,,,,,,,y,,
pls_ac29_usc,CPEA STAART PLS 3,,text,PLS: Auditory Comprehension 24-29 Months - Understands spatial concepts,,,,,,,,y,,
pls_ac35_udc,CPEA STAART PLS 3,,text,PLS: Auditory Comprehension 30-35 Months - Understands descriptive concepts,,,,,,,,y,,
pls_ac35_uo,CPEA STAART PLS 3,,text,PLS: Auditory Comprehension 30-35 Months - Understands use of objects,,,,,,,,y,,
pls_ac35_up,CPEA STAART PLS 3,,text,PLS: Auditory Comprehension 30-35 Months - Understands pronouns,,,,,,,,y,,
pls_ac35_ur,CPEA STAART PLS 3,,text,PLS: Auditory Comprehension 30-35 Months - Understands part or whole relationships,,,,,,,,y,,
pls_ac41_go,CPEA STAART PLS 3,,text,PLS: Auditory Comprehension 36-41 Months - Groups objects,,,,,,,,y,,
pls_ac41_ico,CPEA STAART PLS 3,,text,PLS: Auditory Comprehension 36-41 Months - Identifies colors,,,,,,,,y,,
pls_ac41_udc,CPEA STAART PLS 3,,text,PLS: Auditory Comprehension 36-41 Months - Understands descriptive concepts,,,,,,,,y,,
pls_ac41_un,CPEA STAART PLS 3,,text,PLS: Auditory Comprehension 36-41 Months - Understands negatives,,,,,,,,y,,
pls_ac47_co,CPEA STAART PLS 3,,text,PLS: Auditory Comprehension 42-47 Months - Compares Objects,,,,,,,,y,,
pls_ac47_ibp,CPEA STAART PLS 3,,text,PLS: Auditory Comprehension 42-47 Months - Indicates body parts on self,,,,,,,,y,,
pls_ac47_ip,CPEA STAART PLS 3,,text,PLS: Auditory Comprehension 42-47 Months - Identifies pictures,,,,,,,,y,,
pls_ac47_mi,CPEA STAART PLS 3,,text,PLS: Auditory Comprehension 42-47 Months - Makes inferences,,,,,,,,y,,
pls_ac5_ds,CPEA STAART PLS 3,,text,PLS: Auditory Comprehension 0-5 Months - Discriminates one sound from another,,,,,,,,y,,
pls_ac5_li,CPEA STAART PLS 3,,text,PLS: Auditory Comprehension 0-5 Months - Looks intently at a speaker,,,,,,,,y,,
pls_ac5_rc,CPEA STAART PLS 3,,text,PLS: Auditory Comprehension 0-5 Months - Reacts to the sound of cellophane,,,,,,,,y,,
pls_ac5_th,CPEA STAART PLS 3,,text,PLS: Auditory Comprehension 0-5 Months - Turns head to locate source of sound,,,,,,,,y,,
pls_ac53_ca,CPEA STAART PLS 3,,text,PLS: Auditory Comprehension 48-53 Months - Compares animals,,,,,,,,y,,
pls_ac53_ip,CPEA STAART PLS 3,,text,PLS: Auditory Comprehension 48-53 Months - Identifies pictures,,,,,,,,y,,
pls_ac53_ucd,CPEA STAART PLS 3,,text,PLS: Auditory Comprehension 48-53 Months - Understands complex directions,,,,,,,,y,,
pls_ac53_usc,CPEA STAART PLS 3,,text,PLS: Auditory Comprehension 48-53 Months - Understands spatial concepts,,,,,,,,y,,
pls_ac59_udc,CPEA STAART PLS 3,,text,PLS: Auditory Comprehension 54-59 Months - Understand descriptive concepts,,,,,,,,y,,
pls_ac59_upv,CPEA STAART PLS 3,,text,PLS: Auditory Comprehension 54-59 Months - Understands passive voice sentences,,,,,,,,y,,
pls_ac59_uqc,CPEA STAART PLS 3,,text,PLS: Auditory Comprehension 54-59 Months - Understands quantity concepts,,,,,,,,y,,
pls_ac59_utc,CPEA STAART PLS 3,,text,PLS: Auditory Comprehension 54-59 Months - Understands time concepts,,,,,,,,y,,
pls_ac71_uer,CPEA STAART PLS 3,,text,"PLS: Auditory Comprehension 60-71 Months - Understands -er ending as one who""",,,,,,,,y,,
pls_ac71_un,CPEA STAART PLS 3,,text,PLS: Auditory Comprehension 60-71 Months - Understands noun and modifying adjectives,,,,,,,,y,,
pls_ac71_uqc,CPEA STAART PLS 3,,text,PLS: Auditory Comprehension 60-71 Months - Understands quantity concepts,,,,,,,,y,,
pls_ac71_uts,CPEA STAART PLS 3,,text,PLS: Auditory Comprehension 60-71 Months - Understands time-sequence concepts,,,,,,,,y,,
pls_ac83_asn,CPEA STAART PLS 3,,text,PLS: Auditory Comprehension 72-83 Months - Adds and subtracts numbers to five,,,,,,,,y,,
pls_ac83_ibp,CPEA STAART PLS 3,,text,PLS: Auditory Comprehension 72-83 Months - Indicates body parts on self,,,,,,,,y,,
pls_ac83_ip,CPEA STAART PLS 3,,text,PLS: Auditory Comprehension 72-83 Months - Identifies pictures,,,,,,,,y,,
pls_ac83_utc,CPEA STAART PLS 3,,text,PLS: Auditory Comprehension 72-83 Months - Understands time concepts,,,,,,,,y,,
pls_date,CPEA STAART PLS 3,,text,PLS Date,,,,,,,,y,,
pls_ec11_as,CPEA STAART PLS 3,,text,PLS: Expressive Communication 6-11 Months - Approximates sounds made by another person,,,,,,,,y,,
pls_ec11_cn,CPEA STAART PLS 3,,text,"PLS: Expressive Communication 6-11 Months - Communicates nonverbally, using gestures or pushing and pulling behaviors",,,,,,,,y,,
pls_ec11_cs,CPEA STAART PLS 3,,text,PLS: Expressive Communication 6-11 Months - Combines sounds to form syllables,,,,,,,,y,,
pls_ec11_p4c,CPEA STAART PLS 3,,text,PLS: Expressive Communication 6-11 Months - Produces at least four different consonant-like sounds,,,,,,,,y,,
pls_ec17_hv,CPEA STAART PLS 3,,text,PLS: Expressive Communication 12-17 Months - Has a vocabulary of at least one word,,,,,,,,y,,
pls_ec17_ig,CPEA STAART PLS 3,,text,PLS: Expressive Communication 12-17 Months - Initiates a game or social routine,,,,,,,,y,,
pls_ec17_iw,CPEA STAART PLS 3,,text,PLS: Expressive Communication 12-17 Months - Imitates a word,,,,,,,,y,,
pls_ec17_vs,CPEA STAART PLS 3,,text,PLS: Expressive Communication 12-17 Months - Varies the sounds produced in syllable strings,,,,,,,,y,,
pls_ec23_hv,CPEA STAART PLS 3,,text,PLS: Expressive Communication 19-23 Months -  Has a vocabulary of at least 10 words,,,,,,,,y,,
pls_ec23_no,CPEA STAART PLS 3,,text,PLS: Expressive Communication 19-23 Months - Names objects,,,,,,,,y,,
pls_ec23_ps,CPEA STAART PLS 3,,text,PLS: Expressive Communication 19-23 Months - Produces a succession of single word utterances,,,,,,,,y,,
pls_ec23_uop,CPEA STAART PLS 3,,text,PLS: Expressive Communication 19-23 Months - Uses one pronoun,,,,,,,,y,,
pls_ec29_csp,CPEA STAART PLS 3,,text,PLS: Expressive Communication 24-29 Months - Combines three or four words in spontaneous speech,,,,,,,,y,,
pls_ec29_np,CPEA STAART PLS 3,,text,PLS: Expressive Communication 24-29 Months - Names pictures,,,,,,,,y,,
pls_ec29_up,CPEA STAART PLS 3,,text,PLS: Expressive Communication 24-29 Months - Uses plurals,,,,,,,,y,,
pls_ec29_uq,CPEA STAART PLS 3,,text,PLS: Expressive Communication 24-29 Months - Uses a question inflection,,,,,,,,y,,
pls_ec35_aq,CPEA STAART PLS 3,,text,"PLS: Expressive Communication 30-35 Months - Answers what, where and yes and no questions",,,,,,,,y,,
pls_ec35_ing,CPEA STAART PLS 3,,dropdown,Uses verb + '-ing',"0, 0 |  1,  1",,,,,,,y,,
pls_ec35_pbs,CPEA STAART PLS 3,,text,PLS: Expressive Communication 30-35 Months - Produces basic sentences,,,,,,,,y,,
pls_ec35_up,CPEA STAART PLS 3,,text,PLS: Expressive Communication 30-35 Months - Uses possessives,,,,,,,,y,,
pls_ec41_aq,CPEA STAART PLS 3,,text,PLS: Expressive Communication 36-41 Months - Answers questions logically,,,,,,,,y,,
pls_ec41_to,CPEA STAART PLS 3,,text,PLS: Expressive Communication 36-41 Months - Tells how an object is used,,,,,,,,y,,
pls_ec41_tre,CPEA STAART PLS 3,,text,PLS: Expressive Communication 36-41 Months - Tells about remote events,,,,,,,,y,,
pls_ec41_usp,CPEA STAART PLS 3,,text,PLS: Expressive Communication 36-41 Months - Uses several pronouns spontaneously,,,,,,,,y,,
pls_ec47_awq,CPEA STAART PLS 3,,text,PLS: Expressive Communication 42-47 Months - Answers when questions,,,,,,,,y,,
pls_ec47_ca,CPEA STAART PLS 3,,text,PLS: Expressive Communication 42-47 Months - Completes analogies,,,,,,,,y,,
pls_ec47_rs,CPEA STAART PLS 3,,text,PLS: Expressive Communication 42-47 Months - Repeats sentences,,,,,,,,y,,
pls_ec47_ua,CPEA STAART PLS 3,,text,PLS: Expressive Communication 42-47 Months - Uses Auxiliaries,,,,,,,,y,,
pls_ec5_lg,CPEA STAART PLS 3,,text,PLS: Expressive Communication 0-5 Months - Laughs,,,,,,,,y,,
pls_ec5_svp,CPEA STAART PLS 3,,text,PLS: Expressive Communication 0-5 Months - Engages in solitary vocal play,,,,,,,,y,,
pls_ec5_vc,CPEA STAART PLS 3,,text,"PLS: Expressive Communication 0-5 Months - Vocalizes when talked to (Vocal Cognition"")""",,,,,,,,y,,
pls_ec5_vp,CPEA STAART PLS 3,,text,PLS: Expressive Communication 0-5 Months - Vocalizes a variety of pleasure and displeasure sounds,,,,,,,,y,,
pls_ec53_dp,CPEA STAART PLS 3,,text,PLS: Expressive Communication 48-53 Months - Describes a procedure,,,,,,,,y,,
pls_ec53_na,CPEA STAART PLS 3,,text,PLS: Expressive Communication 48-53 Months - Names animals,,,,,,,,y,,
pls_ec53_upr,CPEA STAART PLS 3,,text,PLS: Expressive Communication 48-53 Months - Uses prepositions,,,,,,,,y,,
pls_ec53_urf,CPEA STAART PLS 3,,text,PLS: Expressive Communication 48-53 Months - Uses irregular and regular forms of past tense,,,,,,,,y,,
pls_ec59_dw,CPEA STAART PLS 3,,text,PLS: Expressive Communication 54-59 Months - Defines words,,,,,,,,y,,
pls_ec59_nc,CPEA STAART PLS 3,,text,PLS: Expressive Communication 54-59 Months - Names categories,,,,,,,,y,,
pls_ec59_rs,CPEA STAART PLS 3,,text,PLS: Expressive Communication 54-59 Months - Repeats sentences,,,,,,,,y,,
pls_ec59_rwq,CPEA STAART PLS 3,,text,PLS: Expressive Communication 54-59 Months - Responds to why questions by giving a reason,,,,,,,,y,,
pls_ec71_bs,CPEA STAART PLS 3,,text,PLS: Expressive Communication 60-71 Months - Builds sentences,,,,,,,,y,,
pls_ec71_dw,CPEA STAART PLS 3,,text,PLS: Expressive Communication 60-71 Months - Defines words,,,,,,,,y,,
pls_ec71_ua,CPEA STAART PLS 3,,text,PLS: Expressive Communication 60-71 Months - Uses adjectives to describe people and objects,,,,,,,,y,,
pls_ec71_uwq,CPEA STAART PLS 3,,text,PLS: Expressive Communication 60-71 Months - Uses words that express quantity,,,,,,,,y,,
pls_ec83_er,CPEA STAART PLS 3,,text,"PLS: Expressive Communication 72-83 Months - Uses -er ending to indicate one who""",,,,,,,,y,,
pls_ec83_rsv,CPEA STAART PLS 3,,text,PLS: Expressive Communication 72-83 Months - Retells a story with visual support,,,,,,,,y,,
pls_ec83_ucs,CPEA STAART PLS 3,,text,PLS: Expressive Communication 72-83 Months - Uses comparative and superlative forms,,,,,,,,y,,
pls_ec83_uip,CPEA STAART PLS 3,,text,PLS: Expressive Communication 72-83 Months - Uses irregular plurals,,,,,,,,y,,
pls_ms_dnt,CPEA STAART PLS 3,,text,PLS: Supplemental Measure Morphology-Syntax - Did not talk spontaneously,,,,,,,,y,,
pls_ms_past,CPEA STAART PLS 3,,text,PLS: Supplemental Measure Morphology-Syntax - Past tense (-ed),,,,,,,,y,,
pls_ms_pres,CPEA STAART PLS 3,,text,PLS: Supplemental Measure Morphology-Syntax - Present tense,,,,,,,,y,,
pls_ms_s3w,CPEA STAART PLS 3,,text,PLS: Supplemental Measure Morphology-Syntax - Spoke in two- to three-word utterances,,,,,,,,y,,
pls_ms_s5w,CPEA STAART PLS 3,,text,PLS: Supplemental Measure Morphology-Syntax - Spoke in four- to five-word sentences,,,,,,,,y,,
pls_ms_sp1w,CPEA STAART PLS 3,,text,PLS: Supplemental Measure Morphology-Syntax - Spoke in one word utterances,,,,,,,,y,,
pls_ms_swu,CPEA STAART PLS 3,,text,PLS: Supplemental Measure Morphology-Syntax - Spoke in successive single word utterances,,,,,,,,y,,
pls_ms_ucs,CPEA STAART PLS 3,,text,PLS: Supplemental Measure Morphology-Syntax - Used complex sentences,,,,,,,,y,,
pls_ms_uexs,CPEA STAART PLS 3,,text,PLS: Supplemental Measure Morphology-Syntax - Used expanded sentences,,,,,,,,y,,
pls_sc_acae,CPEA STAART PLS 3,,text,Age Equivalent in Months,,,,,,,,y,,
pls_sc_aclta,CPEA STAART PLS 3,,text,Last Task Administered,,,,,,,,y,,
pls_sc_acpr,CPEA STAART PLS 3,,text,Percentile Rank,,,,,,,,y,,
pls_sc_acraw,CPEA STAART PLS 3,,text,Raw Scores,,,,,,,,y,,
pls_sc_acss,CPEA STAART PLS 3,,text,Standard Scores,,,,,,,,y,,
pls_sc_aczro,CPEA STAART PLS 3,,text,Number of 0 scores,,,,,,,,y,,
pls_sc_ecae,CPEA STAART PLS 3,,text,Age Equivalent in Months,,,,,,,,y,,
pls_sc_eclta,CPEA STAART PLS 3,,text,Last Task Administered,,,,,,,,y,,
pls_sc_ecpr,CPEA STAART PLS 3,,text,Percentile Rank,,,,,,,,y,,
pls_sc_ecraw,CPEA STAART PLS 3,,text,Raw Scores,,,,,,,,y,,
pls_sc_ecss,CPEA STAART PLS 3,,text,Standard Scores,,,,,,,,y,,
pls_sc_eczro,CPEA STAART PLS 3,,text,Number of 0 scores,,,,,,,,y,,
pls_sc_tlae,CPEA STAART PLS 3,,text,Age Equivalent in Months,,,,,,,,y,,
pls_sc_tlpr,CPEA STAART PLS 3,,text,Percentile Rank,,,,,,,,y,,
pls_sc_tlrs,CPEA STAART PLS 3,,text,AC Raw Score + EC Raw Score,,,,,,,,y,,
pls_sc_tlss,CPEA STAART PLS 3,,text,Standard Score,,,,,,,,y,,
pls_sc_tlsst,CPEA STAART PLS 3,,text,Standard Score Total,,,,,,,,y,,
pls_sl_aqn,CPEA STAART PLS 3,,text,PLS: Supplemental Measure Social Language - Asked a question,,,,,,,,y,,
pls_sl_atten,CPEA STAART PLS 3,,text,PLS: Supplemental Measure Social Language - Tried to get your attention,,,,,,,,y,,
pls_sl_da,CPEA STAART PLS 3,,text,PLS: Supplemental Measure Social Language - Directed your attention to something,,,,,,,,y,,
pls_sl_indir,CPEA STAART PLS 3,,text,PLS: Supplemental Measure Social Language - Used indirect requests or hints,,,,,,,,y,,
pls_sl_mcn,CPEA STAART PLS 3,,text,PLS: Supplemental Measure Social Language - Maintained a conversation,,,,,,,,y,,
pls_sl_pro,CPEA STAART PLS 3,,text,PLS: Supplemental Measure Social Language - Protested or complained,,,,,,,,y,,
pls_sl_prw,CPEA STAART PLS 3,,text,"PLS: Supplemental Measure Social Language - Practiced"" or repeated words""",,,,,,,,y,,
pls_sl_rexp,CPEA STAART PLS 3,,text,PLS: Supplemental Measure Social Language - Talked about recent experiences,,,,,,,,y,,
pls_sl_role,CPEA STAART PLS 3,,text,PLS: Supplemental Measure Social Language - Role-played stereotypic themes,,,,,,,,y,,
pls_sl_rp,CPEA STAART PLS 3,,text,PLS: Supplemental Measure Social Language - Repeated or reworded messages you didnt understand,,,,,,,,y,,
pls_sl_sttop,CPEA STAART PLS 3,,text,PLS: Supplemental Measure Social Language - Stayed on topic,,,,,,,,y,,
pls_sl_talk,CPEA STAART PLS 3,,text,PLS: Supplemental Measure Social Language - Talked about what he or she was doing,,,,,,,,y,,
pls_sl_teo,CPEA STAART PLS 3,,text,PLS: Supplemental Measure Social Language - Told you about an event or object,,,,,,,,y,,
pls_sl_try,CPEA STAART PLS 3,,text,PLS: Supplemental Measure Social Language - Tried to get you to do something,,,,,,,,y,,
pls_sl_usip,CPEA STAART PLS 3,,text,PLS: Supplemental Measure Social Language - Used language to interact with another person,,,,,,,,y,,
pls_sl_usln,CPEA STAART PLS 3,,text,PLS: Supplemental Measure Social Language - Used language to control others behavior,,,,,,,,y,,
pls_sm_aseq,CPEA STAART PLS 3,,text,PLS: Supplemental Measure Semantics - Appropriately sequenced,,,,,,,,y,,
pls_sm_dis,CPEA STAART PLS 3,,text,PLS: Supplemental Measure Semantics - Disorganized,,,,,,,,y,,
pls_sm_nop,CPEA STAART PLS 3,,text,PLS: Supplemental Measure Semantics - Named objects-pictures,,,,,,,,y,,
pls_sm_org,CPEA STAART PLS 3,,text,PLS: Supplemental Measure Semantics - Organized,,,,,,,,y,,
pls_sm_otop,CPEA STAART PLS 3,,text,PLS: Supplemental Measure Semantics - On topic,,,,,,,,y,,
pls_sm_outsq,CPEA STAART PLS 3,,text,PLS: Supplemental Measure Semantics - Out of sequence,,,,,,,,y,,
pls_sm_uaw,CPEA STAART PLS 3,,text,PLS: Supplemental Measure Semantics - Used action words,,,,,,,,y,,
pls_sm_uwdo,CPEA STAART PLS 3,,text,PLS: Supplemental Measure Semantics - Used words to describe objects or people,,,,,,,,y,,
pls_sm_uwp,CPEA STAART PLS 3,,text,PLS: Supplemental Measure Semantics - Used words denoting possession,,,,,,,,y,,
pls_sm_uwpl,CPEA STAART PLS 3,,text,PLS: Supplemental Measure Semantics - Used words denoting place,,,,,,,,y,,
pls_sm_uwq,CPEA STAART PLS 3,,text,PLS: Supplemental Measure Semantics - Used words denoting quality,,,,,,,,y,,
pls_sm_uwrc,CPEA STAART PLS 3,,text,PLS: Supplemental Measure Semantics - Used words denoting recurrence,,,,,,,,y,,
pls_sm_uwrn,CPEA STAART PLS 3,,text,PLS: Supplemental Measure Semantics - Used words to give reasons,,,,,,,,y,,
pls_sm_uwtm,CPEA STAART PLS 3,,text,PLS: Supplemental Measure Semantics - Used words denoting time,,,,,,,,y,,
pls_spch_int,CPEA STAART PLS 3,,text,PLS: Supplemental Measure Speech Intelligibility,,,,,,,,y,,
pls_version,CPEA STAART PLS 3,,text,PLS Version,,,,,,,,y,,
