Variable / Field Name,Form Name,Section Header,Field Type,Field Label,"Choices, Calculations, OR Slider Labels",Field Note,Text Validation Type OR Show Slider Number,Text Validation Min,Text Validation Max,Identifier?,Branching Logic (Show field only if...),Required Field?,Custom Alignment,Question Number (surveys only)
subjectkey,NICHD Brain and Tissue Bank ASD Catalog,NDAR Required,text,The NDAR Global Unique Identifier (GUID) for subjects which identifies a subject in NDAR,,,,,,,,y,,
rincortex,NICHD Brain and Tissue Bank ASD Catalog,,text,RIN number for cortex,,,,,,,,y,,
rincbell,NICHD Brain and Tissue Bank ASD Catalog,,text,RIN number for cerebellum,,,,,,,,y,,
src_subject_id,NICHD Brain and Tissue Bank ASD Catalog,,text,The site's subject identification,,,,,,,,y,,
interview_date,NICHD Brain and Tissue Bank ASD Catalog,,text,Date on which the interview/genetic test/sampling/imaging was completed,"MM/yyyy, MM/yyyy | MM/dd/yyyy, MM/dd/yyyy",* '01/01/1900' indicates that a date associated with retrospective data is not known.,date_ymd,,,,,y,,
historyrec1,NICHD Brain and Tissue Bank ASD Catalog,,text,Brief Medical History,,,,,,,,y,,
historyrec2,NICHD Brain and Tissue Bank ASD Catalog,,text,Additional Brief Medical History information 2,,,,,,,,y,,
historyrec3,NICHD Brain and Tissue Bank ASD Catalog,,text,Additional Brief Medical History information 3,,,,,,,,y,,
historyrec4,NICHD Brain and Tissue Bank ASD Catalog,,text,Additional Brief Medical History information 4,,,,,,,,y,,
historyrec5,NICHD Brain and Tissue Bank ASD Catalog,,text,Additional Brief Medical History information 5,,,,,,,,y,,
historyrec6,NICHD Brain and Tissue Bank ASD Catalog,,text,Additional Brief Medical History information 6,,,,,,,,y,,
historyrec7,NICHD Brain and Tissue Bank ASD Catalog,,text,Additional Brief Medical History information 7,,,,,,,,y,,
historyrec8,NICHD Brain and Tissue Bank ASD Catalog,,text,Additional Brief Medical History information 8,,,,,,,,y,,
historyrec9,NICHD Brain and Tissue Bank ASD Catalog,,text,Additional Brief Medical History information 9,,,,,,,,y,,
historyrec10,NICHD Brain and Tissue Bank ASD Catalog,,text,Additional Brief Medical History information 10,,,,,,,,y,,
historyrec11,NICHD Brain and Tissue Bank ASD Catalog,,text,Additional Brief Medical History information 11,,,,,,,,y,,
surgoraut,NICHD Brain and Tissue Bank ASD Catalog,,text,surgery or autopsy,,,,,,,,y,,
ageyears,NICHD Brain and Tissue Bank ASD Catalog,,text,Age in years,,,,,,,,y,,
agedays,NICHD Brain and Tissue Bank ASD Catalog,,text,Age in months,,,,,,,,y,,
cdeathoff,NICHD Brain and Tissue Bank ASD Catalog,,text,Cause of Death,,,,,,,,y,,
disorder,NICHD Brain and Tissue Bank ASD Catalog,,text,Disorder,,,,,,,,y,,
hbsag,NICHD Brain and Tissue Bank ASD Catalog,,text,hepatitis B surface antigen test results HBsAg,,,,,,,,y,,
hiv,NICHD Brain and Tissue Bank ASD Catalog,,text,HIV test results,,,,,,,,y,,
pminterval,NICHD Brain and Tissue Bank ASD Catalog,,text,Post mortem interval in hours,,,,,,,,y,,
gender,NICHD Brain and Tissue Bank ASD Catalog,,dropdown,Gender,"M, M | F, F",,,,,,,y,,
mravail,NICHD Brain and Tissue Bank ASD Catalog,,text,medical records available,,,,,,,,y,,
npavail,NICHD Brain and Tissue Bank ASD Catalog,,text,neuropathology report available,,,,,,,,y,,
adiravail,NICHD Brain and Tissue Bank ASD Catalog,,text,ADI-R available,,,,,,,,y,,
s201,NICHD Brain and Tissue Bank ASD Catalog,,text,Frozen CEREBRUM- HC Section 1 (Method 2),,,,,,,,y,,
s203,NICHD Brain and Tissue Bank ASD Catalog,,text,Frozen CEREBRUM- HC Section 3 (Method 2),,,,,,,,y,,
s205,NICHD Brain and Tissue Bank ASD Catalog,,text,Frozen CEREBRUM- HC Section 5 (Method 2),,,,,,,,y,,
s207,NICHD Brain and Tissue Bank ASD Catalog,,text,Frozen CEREBRUM- HC Section 7 (Method 2),,,,,,,,y,,
s209,NICHD Brain and Tissue Bank ASD Catalog,,text,Frozen CEREBRUM- HC Section 9 (Method 2),,,,,,,,y,,
s211,NICHD Brain and Tissue Bank ASD Catalog,,text,Frozen CEREBRUM- HC Section 11 (Method 2),,,,,,,,y,,
s213,NICHD Brain and Tissue Bank ASD Catalog,,text,Frozen CEREBRUM- HC Section 13 (Method 2),,,,,,,,y,,
s215,NICHD Brain and Tissue Bank ASD Catalog,,text,Frozen CEREBRUM- HC Section 15 (Method 2),,,,,,,,y,,
s217,NICHD Brain and Tissue Bank ASD Catalog,,text,Frozen CEREBRUM- HC Section 17 (Method 2),,,,,,,,y,,
s219,NICHD Brain and Tissue Bank ASD Catalog,,text,Frozen CEREBRUM- HC Section 19 (Method 2),,,,,,,,y,,
s221,NICHD Brain and Tissue Bank ASD Catalog,,text,Frozen CEREBRUM- HC Section 21 (Method 2),,,,,,,,y,,
s223,NICHD Brain and Tissue Bank ASD Catalog,,text,Frozen CEREBRUM- HC Section 23 (Method 2),,,,,,,,y,,
s225,NICHD Brain and Tissue Bank ASD Catalog,,text,Frozen CEREBRUM- HC Section 25 (Method 2),,,,,,,,y,,
s227,NICHD Brain and Tissue Bank ASD Catalog,,text,Frozen CEREBRUM- HC Section 27 (Method 2),,,,,,,,y,,
s229,NICHD Brain and Tissue Bank ASD Catalog,,text,Frozen CEREBRUM- HC Section 29 (Method 2),,,,,,,,y,,
s231,NICHD Brain and Tissue Bank ASD Catalog,,text,Frozen CEREBRUM- HC Section 31 (Method 2),,,,,,,,y,,
s232,NICHD Brain and Tissue Bank ASD Catalog,,text,Frozen MID BRAIN/PONS- Section 1 (Method 2),,,,,,,,y,,
s234,NICHD Brain and Tissue Bank ASD Catalog,,text,Frozen MID BRAIN/PONS- Section 3 (Method 2),,,,,,,,y,,
s236,NICHD Brain and Tissue Bank ASD Catalog,,text,Frozen MID BRAIN/PONS- Section 5 (Method 2),,,,,,,,y,,
s238,NICHD Brain and Tissue Bank ASD Catalog,,text,Frozen MID BRAIN/PONS- Section 7 (Method 2),,,,,,,,y,,
s250,NICHD Brain and Tissue Bank ASD Catalog,,text,Frozen MID BRAIN/PONS- Section 9 (Method 2),,,,,,,,y,,
s240,NICHD Brain and Tissue Bank ASD Catalog,,text,Frozen CEREBELLUM- Section 1 (Method 2),,,,,,,,y,,
s242,NICHD Brain and Tissue Bank ASD Catalog,,text,Frozen CEREBELLUM- Section 3 (Method 2),,,,,,,,y,,
s244,NICHD Brain and Tissue Bank ASD Catalog,,text,Frozen CEREBELLUM- Section 5 (Method 2),,,,,,,,y,,
s246,NICHD Brain and Tissue Bank ASD Catalog,,text,Frozen CEREBELLUM- Section 7 (Method 2),,,,,,,,y,,
s248,NICHD Brain and Tissue Bank ASD Catalog,,text,Frozen CEREBELLUM- Section 9 (Method 2),,,,,,,,y,,
s189,NICHD Brain and Tissue Bank ASD Catalog,,text,Frozen MEDULLA- Whole Section 1,,,,,,,,y,,
s190,NICHD Brain and Tissue Bank ASD Catalog,,text,Frozen MEDULLA- Whole Section 3,,,,,,,,y,,
s191,NICHD Brain and Tissue Bank ASD Catalog,,text,Frozen MEDULLA- Whole Section 5,,,,,,,,y,,
s187,NICHD Brain and Tissue Bank ASD Catalog,,text,Frozen HALF BRAIN (uncut)- Left,,,,,,,,y,,
s188,NICHD Brain and Tissue Bank ASD Catalog,,text,Frozen HALF BRAIN (uncut)- Right,,,,,,,,y,,
s166,NICHD Brain and Tissue Bank ASD Catalog,,text,Frozen BRAIN- Whole,,,,,,,,y,,
s196,NICHD Brain and Tissue Bank ASD Catalog,,text,Frozen BRAIN- Dura,,,,,,,,y,,
s197,NICHD Brain and Tissue Bank ASD Catalog,,text,Frozen BRAIN- Cranial Nerve,,,,,,,,y,,
s101,NICHD Brain and Tissue Bank ASD Catalog,,text,Frozen BODY FLUIDS- Blood Plasma,,,,,,,,y,,
s102,NICHD Brain and Tissue Bank ASD Catalog,,text,Frozen BODY FLUIDS- RBC,,,,,,,,y,,
s103,NICHD Brain and Tissue Bank ASD Catalog,,text,Frozen BODY FLUIDS- CSF,,,,,,,,y,,
s104,NICHD Brain and Tissue Bank ASD Catalog,,text,Frozen BODY FLUIDS- Urine,,,,,,,,y,,
s105,NICHD Brain and Tissue Bank ASD Catalog,,text,Frozen BODY FLUIDS- Vitreous,,,,,,,,y,,
s106,NICHD Brain and Tissue Bank ASD Catalog,,text,Frozen CARDIOVASCULAR- Aorta,,,,,,,,y,,
s107,NICHD Brain and Tissue Bank ASD Catalog,,text,Frozen CARDIOVASCULAR- Artery,,,,,,,,y,,
s108,NICHD Brain and Tissue Bank ASD Catalog,,text,Frozen CARDIOVASCULAR- Heart,,,,,,,,y,,
s109,NICHD Brain and Tissue Bank ASD Catalog,,text,Frozen CARDIOVASCULAR- Vein,,,,,,,,y,,
s110,NICHD Brain and Tissue Bank ASD Catalog,,text,Frozen ENDOCRINE- Adrenal,,,,,,,,y,,
s111,NICHD Brain and Tissue Bank ASD Catalog,,text,Frozen ENDOCRINE- Breast,,,,,,,,y,,
s112,NICHD Brain and Tissue Bank ASD Catalog,,text,Frozen ENDOCRINE- Pineal,,,,,,,,y,,
s113,NICHD Brain and Tissue Bank ASD Catalog,,text,Frozen ENDOCRINE- Pituitary,,,,,,,,y,,
s114,NICHD Brain and Tissue Bank ASD Catalog,,text,Frozen ENDOCRINE- Thyroid,,,,,,,,y,,
s115,NICHD Brain and Tissue Bank ASD Catalog,,text,Frozen GASTROINTESTINAL- Anus,,,,,,,,y,,
s116,NICHD Brain and Tissue Bank ASD Catalog,,text,Frozen GASTROINTESTINAL- Appendix,,,,,,,,y,,
s117,NICHD Brain and Tissue Bank ASD Catalog,,text,Frozen GASTROINTESTINAL- Colon ascending,,,,,,,,y,,
s118,NICHD Brain and Tissue Bank ASD Catalog,,text,Frozen GASTROINTESTINAL- Colon descending,,,,,,,,y,,
s119,NICHD Brain and Tissue Bank ASD Catalog,,text,Frozen GASTROINTESTINAL- Duodenum,,,,,,,,y,,
s120,NICHD Brain and Tissue Bank ASD Catalog,,text,Frozen GASTROINTESTINAL- Esophagus,,,,,,,,y,,
s121,NICHD Brain and Tissue Bank ASD Catalog,,text,Frozen GASTROINTESTINAL- Gallbladder,,,,,,,,y,,
s122,NICHD Brain and Tissue Bank ASD Catalog,,text,Frozen GASTROINTESTINAL- Ileum,,,,,,,,y,,
s123,NICHD Brain and Tissue Bank ASD Catalog,,text,Frozen GASTROINTESTINAL- Jejunum,,,,,,,,y,,
s124,NICHD Brain and Tissue Bank ASD Catalog,,text,Frozen GASTROINTESTINAL- Liver,,,,,,,,y,,
s125,NICHD Brain and Tissue Bank ASD Catalog,,text,Frozen GASTROINTESTINAL- Pancreas,,,,,,,,y,,
s126,NICHD Brain and Tissue Bank ASD Catalog,,text,Frozen GASTROINTESTINAL- Stomach,,,,,,,,y,,
s127,NICHD Brain and Tissue Bank ASD Catalog,,text,Frozen GASTROINTESTINAL- Tongue,,,,,,,,y,,
s128,NICHD Brain and Tissue Bank ASD Catalog,,text,Frozen GENITAL- Fallopian Tube,,,,,,,,y,,
s129,NICHD Brain and Tissue Bank ASD Catalog,,text,Frozen GENITAL- Ovary,,,,,,,,y,,
s130,NICHD Brain and Tissue Bank ASD Catalog,,text,Frozen GENITAL- Testicle,,,,,,,,y,,
s131,NICHD Brain and Tissue Bank ASD Catalog,,text,Frozen GENITAL- Uterus,,,,,,,,y,,
s132,NICHD Brain and Tissue Bank ASD Catalog,,text,Frozen HEMATOPOIETIC- Lymph Node,,,,,,,,y,,
s133,NICHD Brain and Tissue Bank ASD Catalog,,text,Frozen HEMATOPOIETIC- Spleen,,,,,,,,y,,
s134,NICHD Brain and Tissue Bank ASD Catalog,,text,Frozen HEMATOPOIETIC- Thymus,,,,,,,,y,,
s135,NICHD Brain and Tissue Bank ASD Catalog,,text,Frozen HEMATOPOIETIC- Tonsil,,,,,,,,y,,
s136,NICHD Brain and Tissue Bank ASD Catalog,,text,Frozen INTEGUMENTARY- Adipose,,,,,,,,y,,
s137,NICHD Brain and Tissue Bank ASD Catalog,,text,Frozen INTEGUMENTARY- Hair,,,,,,,,y,,
s138,NICHD Brain and Tissue Bank ASD Catalog,,text,Frozen INTEGUMENTARY- Nail,,,,,,,,y,,
s139,NICHD Brain and Tissue Bank ASD Catalog,,text,Frozen INTEGUMENTARY- Skin,,,,,,,,y,,
s140,NICHD Brain and Tissue Bank ASD Catalog,,text,Frozen MUSCULO SKELETAL- Bone (rib),,,,,,,,y,,
s141,NICHD Brain and Tissue Bank ASD Catalog,,text,Frozen MUSCULO SKELETAL- Diaphragm,,,,,,,,y,,
s142,NICHD Brain and Tissue Bank ASD Catalog,,text,Frozen MUSCULO SKELETAL- Long Bone,,,,,,,,y,,
s143,NICHD Brain and Tissue Bank ASD Catalog,,text,Frozen MUSCULO SKELETAL- Middle Ear,,,,,,,,y,,
s144,NICHD Brain and Tissue Bank ASD Catalog,,text,Frozen MUSCULO SKELETAL- Middle Ear Bone,,,,,,,,y,,
s145,NICHD Brain and Tissue Bank ASD Catalog,,text,Frozen MUSCULO SKELETAL- Psoas,,,,,,,,y,,
s146,NICHD Brain and Tissue Bank ASD Catalog,,text,Frozen RESPIRATORY- Bronchus,,,,,,,,y,,
s147,NICHD Brain and Tissue Bank ASD Catalog,,text,Frozen RESPIRATORY- Lung,,,,,,,,y,,
s148,NICHD Brain and Tissue Bank ASD Catalog,,text,Frozen RESPIRATORY- Trachea,,,,,,,,y,,
s149,NICHD Brain and Tissue Bank ASD Catalog,,text,Frozen SPINAL CORD- Cervical,,,,,,,,y,,
s150,NICHD Brain and Tissue Bank ASD Catalog,,text,Frozen SPINAL CORD- Lumbar,,,,,,,,y,,
s151,NICHD Brain and Tissue Bank ASD Catalog,,text,Frozen SPINAL CORD- Peripheral Nerve,,,,,,,,y,,
s152,NICHD Brain and Tissue Bank ASD Catalog,,text,Frozen SPINAL CORD- Thoracic,,,,,,,,y,,
s153,NICHD Brain and Tissue Bank ASD Catalog,,text,Frozen SPINAL CORD- Sacral,,,,,,,,y,,
s154,NICHD Brain and Tissue Bank ASD Catalog,,text,Frozen URINARY- Bladder,,,,,,,,y,,
s155,NICHD Brain and Tissue Bank ASD Catalog,,text,Frozen URINARY- Kidney,,,,,,,,y,,
s156,NICHD Brain and Tissue Bank ASD Catalog,,text,Frozen URINARY- Prostate,,,,,,,,y,,
s157,NICHD Brain and Tissue Bank ASD Catalog,,text,Frozen URINARY- Ureter,,,,,,,,y,,
s158,NICHD Brain and Tissue Bank ASD Catalog,,text,Frozen OTHER TISSUE- Eyes,,,,,,,,y,,
s159,NICHD Brain and Tissue Bank ASD Catalog,,text,Frozen OTHER TISSUE- Placenta,,,,,,,,y,,
s160,NICHD Brain and Tissue Bank ASD Catalog,,text,Frozen OTHER TISSUE- Umbilical Cord,,,,,,,,y,,
s161,NICHD Brain and Tissue Bank ASD Catalog,,text,Frozen OTHER TISSUE- Fibroblasts,,,,,,,,y,,
s162,NICHD Brain and Tissue Bank ASD Catalog,,text,Frozen OTHER TISSUE- Tumor,,,,,,,,y,,
s163,NICHD Brain and Tissue Bank ASD Catalog,,text,Frozen OTHER TISSUE- Brain subsections,,,,,,,,y,,
s164,NICHD Brain and Tissue Bank ASD Catalog,,text,Frozen OTHER TISSUE- Tissue(s) nrc,,,,,,,,y,,
s165,NICHD Brain and Tissue Bank ASD Catalog,,text,Frozen OTHER TISSUE- Astrocytes,,,,,,,,y,,
s202,NICHD Brain and Tissue Bank ASD Catalog,,text,Fixed CEREBRUM- HC Section 2 (Method 2),,,,,,,,y,,
s204,NICHD Brain and Tissue Bank ASD Catalog,,text,Fixed CEREBRUM- HC Section 4 (Method 2),,,,,,,,y,,
s206,NICHD Brain and Tissue Bank ASD Catalog,,text,Fixed CEREBRUM- HC Section 6 (Method 2),,,,,,,,y,,
s208,NICHD Brain and Tissue Bank ASD Catalog,,text,Fixed CEREBRUM- HC Section 8 (Method 2),,,,,,,,y,,
s210,NICHD Brain and Tissue Bank ASD Catalog,,text,Fixed CEREBRUM- HC Section 10 (Method 2),,,,,,,,y,,
s212,NICHD Brain and Tissue Bank ASD Catalog,,text,Fixed CEREBRUM- HC Section 12 (Method 2),,,,,,,,y,,
s214,NICHD Brain and Tissue Bank ASD Catalog,,text,Fixed CEREBRUM- HC Section 14 (Method 2),,,,,,,,y,,
s216,NICHD Brain and Tissue Bank ASD Catalog,,text,Fixed CEREBRUM- HC Section 16 (Method 2),,,,,,,,y,,
s218,NICHD Brain and Tissue Bank ASD Catalog,,text,Fixed CEREBRUM- HC Section 18 (Method 2),,,,,,,,y,,
s220,NICHD Brain and Tissue Bank ASD Catalog,,text,Fixed CEREBRUM- HC Section 20 (Method 2),,,,,,,,y,,
s222,NICHD Brain and Tissue Bank ASD Catalog,,text,Fixed CEREBRUM- HC Section 22 (Method 2),,,,,,,,y,,
s224,NICHD Brain and Tissue Bank ASD Catalog,,text,Fixed CEREBRUM- HC Section 24 (Method 2),,,,,,,,y,,
s226,NICHD Brain and Tissue Bank ASD Catalog,,text,Fixed CEREBRUM- HC Section 26 (Method 2),,,,,,,,y,,
s228,NICHD Brain and Tissue Bank ASD Catalog,,text,Fixed CEREBRUM- HC Section 28 (Method 2),,,,,,,,y,,
s230,NICHD Brain and Tissue Bank ASD Catalog,,text,Fixed CEREBRUM- HC Section 30 (Method 2),,,,,,,,y,,
s233,NICHD Brain and Tissue Bank ASD Catalog,,text,Fixed MID BRAIN/PONS- Section 2 (Method 2),,,,,,,,y,,
s235,NICHD Brain and Tissue Bank ASD Catalog,,text,Fixed MID BRAIN/PONS- Section 4 (Method 2),,,,,,,,y,,
s237,NICHD Brain and Tissue Bank ASD Catalog,,text,Fixed MID BRAIN/PONS- Section 6 (Method 2),,,,,,,,y,,
s239,NICHD Brain and Tissue Bank ASD Catalog,,text,Fixed MID BRAIN/PONS- Section 8 (Method 2),,,,,,,,y,,
s251,NICHD Brain and Tissue Bank ASD Catalog,,text,Fixed MID BRAIN/PONS- Section 10 (Method 2),,,,,,,,y,,
s241,NICHD Brain and Tissue Bank ASD Catalog,,text,Fixed CEREBELLUM- Section 2 (Method 2),,,,,,,,y,,
s243,NICHD Brain and Tissue Bank ASD Catalog,,text,Fixed CEREBELLUM- Section 4 (Method 2),,,,,,,,y,,
s245,NICHD Brain and Tissue Bank ASD Catalog,,text,Fixed CEREBELLUM- Section 6 (Method 2),,,,,,,,y,,
s247,NICHD Brain and Tissue Bank ASD Catalog,,text,Fixed CEREBELLUM- Section 8 (Method 2),,,,,,,,y,,
s249,NICHD Brain and Tissue Bank ASD Catalog,,text,Fixed CEREBELLUM- Section 10 (Method 2),,,,,,,,y,,
s89,NICHD Brain and Tissue Bank ASD Catalog,,text,Fixed MEDULLA- Whole Section 2,,,,,,,,y,,
s90,NICHD Brain and Tissue Bank ASD Catalog,,text,Fixed MEDULLA- Whole Section 4,,,,,,,,y,,
s87,NICHD Brain and Tissue Bank ASD Catalog,,text,Fixed HALF BRAIN (uncut)- Left,,,,,,,,y,,
s88,NICHD Brain and Tissue Bank ASD Catalog,,text,Fixed HALF BRAIN (uncut)- Right,,,,,,,,y,,
s66,NICHD Brain and Tissue Bank ASD Catalog,,text,Fixed BRAIN- Whole,,,,,,,,y,,
s96,NICHD Brain and Tissue Bank ASD Catalog,,text,Fixed BRAIN- Dura,,,,,,,,y,,
s97,NICHD Brain and Tissue Bank ASD Catalog,,text,Fixed BRAIN- Cranial Nerve,,,,,,,,y,,
s6,NICHD Brain and Tissue Bank ASD Catalog,,text,Fixed CARDIOVASCULAR- Aorta,,,,,,,,y,,
s7,NICHD Brain and Tissue Bank ASD Catalog,,text,Fixed CARDIOVASCULAR- Artery,,,,,,,,y,,
s8,NICHD Brain and Tissue Bank ASD Catalog,,text,Fixed CARDIOVASCULAR- Heart,,,,,,,,y,,
s9,NICHD Brain and Tissue Bank ASD Catalog,,text,Fixed CARDIOVASCULAR- Vein,,,,,,,,y,,
s10,NICHD Brain and Tissue Bank ASD Catalog,,text,Fixed ENDOCRINE- Adrenal,,,,,,,,y,,
s11,NICHD Brain and Tissue Bank ASD Catalog,,text,Fixed ENDOCRINE- Breast,,,,,,,,y,,
s12,NICHD Brain and Tissue Bank ASD Catalog,,text,Fixed ENDOCRINE- Pineal,,,,,,,,y,,
s13,NICHD Brain and Tissue Bank ASD Catalog,,text,Fixed ENDOCRINE- Pituitary,,,,,,,,y,,
s14,NICHD Brain and Tissue Bank ASD Catalog,,text,Fixed ENDOCRINE- Thyroid,,,,,,,,y,,
s15,NICHD Brain and Tissue Bank ASD Catalog,,text,Fixed GASTROINTESTINAL- Anus,,,,,,,,y,,
s16,NICHD Brain and Tissue Bank ASD Catalog,,text,Fixed GASTROINTESTINAL- Appendix,,,,,,,,y,,
s17,NICHD Brain and Tissue Bank ASD Catalog,,text,Fixed GASTROINTESTINAL- Colon ascending,,,,,,,,y,,
s18,NICHD Brain and Tissue Bank ASD Catalog,,text,Fixed GASTROINTESTINAL- Colon descending,,,,,,,,y,,
s19,NICHD Brain and Tissue Bank ASD Catalog,,text,Fixed GASTROINTESTINAL- Duodenum,,,,,,,,y,,
s20,NICHD Brain and Tissue Bank ASD Catalog,,text,Fixed GASTROINTESTINAL- Esophagus,,,,,,,,y,,
s21,NICHD Brain and Tissue Bank ASD Catalog,,text,Fixed GASTROINTESTINAL- Gallbladder,,,,,,,,y,,
s22,NICHD Brain and Tissue Bank ASD Catalog,,text,Fixed GASTROINTESTINAL- Ileum,,,,,,,,y,,
s23,NICHD Brain and Tissue Bank ASD Catalog,,text,Fixed GASTROINTESTINAL- Jejunum,,,,,,,,y,,
s24,NICHD Brain and Tissue Bank ASD Catalog,,text,Fixed GASTROINTESTINAL- Liver,,,,,,,,y,,
s25,NICHD Brain and Tissue Bank ASD Catalog,,text,Fixed GASTROINTESTINAL- Pancreas,,,,,,,,y,,
s26,NICHD Brain and Tissue Bank ASD Catalog,,text,Fixed GASTROINTESTINAL- Stomach,,,,,,,,y,,
s27,NICHD Brain and Tissue Bank ASD Catalog,,text,Fixed GASTROINTESTINAL- Tongue,,,,,,,,y,,
s28,NICHD Brain and Tissue Bank ASD Catalog,,text,Fixed GENITAL- Fallopian Tube,,,,,,,,y,,
s29,NICHD Brain and Tissue Bank ASD Catalog,,text,Fixed GENITAL- Ovary,,,,,,,,y,,
s30,NICHD Brain and Tissue Bank ASD Catalog,,text,Fixed GENITAL- Testicle,,,,,,,,y,,
s31,NICHD Brain and Tissue Bank ASD Catalog,,text,Fixed GENITAL- Uterus,,,,,,,,y,,
s32,NICHD Brain and Tissue Bank ASD Catalog,,text,Fixed HEMATOPOIETIC- Lymph Node,,,,,,,,y,,
s33,NICHD Brain and Tissue Bank ASD Catalog,,text,Fixed HEMATOPOIETIC- Spleen,,,,,,,,y,,
s34,NICHD Brain and Tissue Bank ASD Catalog,,text,Fixed HEMATOPOIETIC- Thymus,,,,,,,,y,,
s35,NICHD Brain and Tissue Bank ASD Catalog,,text,Fixed HEMATOPOIETIC- Tonsil,,,,,,,,y,,
s36,NICHD Brain and Tissue Bank ASD Catalog,,text,Fixed INTEGUMENTARY- Adipose,,,,,,,,y,,
s37,NICHD Brain and Tissue Bank ASD Catalog,,text,Fixed INTEGUMENTARY- Hair,,,,,,,,y,,
s38,NICHD Brain and Tissue Bank ASD Catalog,,text,Fixed INTEGUMENTARY- Nail,,,,,,,,y,,
s39,NICHD Brain and Tissue Bank ASD Catalog,,text,Fixed INTEGUMENTARY- Skin,,,,,,,,y,,
s40,NICHD Brain and Tissue Bank ASD Catalog,,text,Fixed MUSCULO SKELETAL- Bone (rib),,,,,,,,y,,
s41,NICHD Brain and Tissue Bank ASD Catalog,,text,Fixed MUSCULO SKELETAL- Diaphragm,,,,,,,,y,,
s42,NICHD Brain and Tissue Bank ASD Catalog,,text,Fixed MUSCULO SKELETAL- Long Bone,,,,,,,,y,,
s43,NICHD Brain and Tissue Bank ASD Catalog,,text,Fixed MUSCULO SKELETAL- Middle Ear,,,,,,,,y,,
s44,NICHD Brain and Tissue Bank ASD Catalog,,text,Fixed MUSCULO SKELETAL- Middle Ear Bone,,,,,,,,y,,
s45,NICHD Brain and Tissue Bank ASD Catalog,,text,Fixed MUSCULO SKELETAL- Psoas,,,,,,,,y,,
s46,NICHD Brain and Tissue Bank ASD Catalog,,text,Fixed RESPIRATORY- Bronchus,,,,,,,,y,,
