Variable / Field Name,Form Name,Section Header,Field Type,Field Label,"Choices, Calculations, OR Slider Labels",Field Note,Text Validation Type OR Show Slider Number,Text Validation Min,Text Validation Max,Identifier?,Branching Logic (Show field only if...),Required Field?,Custom Alignment,Question Number (surveys only)
subjectkey,CHARGE Medical History (May 2007),Header,text,The NDAR Global Unique Identifier (GUID) for subjects which identifies a subject in NDAR,,,,,,,,y,,
src_subject_id,CHARGE Medical History (May 2007),,text,The site's subject identification,,,,,,,,y,,
interview_date,CHARGE Medical History (May 2007),,text,Date on which the interview/genetic test/sampling/imaging was completed,"MM/yyyy, MM/yyyy | MM/dd/yyyy, MM/dd/yyyy",* '01/01/1900' indicates that a date associated with retrospective data is not known.,date_ymd,,,,,y,,
interview_age,CHARGE Medical History (May 2007),,text,Age in months at the time of the interview/test/sampling/imaging.,,Age is rounded to chronological month If the research participant is 13 days old at time of interview  the appropriate value would be 0 months if the participant is 19 days old the value would be 1 month,number,0,1200,,,y,,
comments_misc,CHARGE Medical History (May 2007),,text,"Miscellaneous comments on study, interview, methodology relevant to this form data",,,,,,,,,,
diag_aofc,CHARGE Medical History (May 2007),Diagnostic History,text,Age of First Concern(in months),,,number,0,1200,,,y,,
diag_aofcnk,CHARGE Medical History (May 2007),,text,Age of First Concern - NK,,,,,,,,y,,
diag_fconcern,CHARGE Medical History (May 2007),,text,First Concerns,,,,,,,,y,,
diag_diagnosis,CHARGE Medical History (May 2007),,text,Diagnosis,,,,,,,,y,,
diag_ageatdiag,CHARGE Medical History (May 2007),,text,Age at diagnosis(in months),,,number,0,1200,,,y,,
diag_ageatdiagnk,CHARGE Medical History (May 2007),,text,Age at diagnosis - NK,,,,,,,,y,,
diag_diagnosismadeby,CHARGE Medical History (May 2007),,dropdown,Diagnosis made by,"Physician, Physician | Psychologist, Psychologist | Other, Other | NK, NK",,,,,,,y,,
postnatal_temp,CHARGE Medical History (May 2007),Early Postnatal History,dropdown,Temperament,"Easy, Easy | Difficult/Irregular, Difficult/Irregular | Passive, Passive | NK, NK",,,,,,,y,,
postnatal_eyecontact,CHARGE Medical History (May 2007),,dropdown,Eye Contact:,"Normal, Normal | Difficult to Engage, Difficult to Engage | NK, NK",,,,,,,y,,
postnatal_sleeppattern,CHARGE Medical History (May 2007),,dropdown,Sleep Pattern:,"Regular/Predictable, Regular/Predictable | Irregular/Unpredictable, Irregular/Unpredictable | NK, NK | , ",,,,,,,y,,
postnatal_feedbottle,CHARGE Medical History (May 2007),,dropdown,Feeding: Bottle,"Yes, Yes | No, No",,,,,,,y,,
postnatal_feedbottleform,CHARGE Medical History (May 2007),,text,Feeding: Formula,,,,,,,,y,,
postnatal_feedbr,CHARGE Medical History (May 2007),,dropdown,Feeding: Breast,"Yes, Yes | No, No",,,,,,,y,,
postnatal_feedbrlngth,CHARGE Medical History (May 2007),,text,Feeding: Length,,,,,,,,y,,
postnatal_wtgainpoor,CHARGE Medical History (May 2007),,dropdown,Poor Weight Gain,"Yes, Yes | No, No | NK, NK",,,,,,,y,,
postnatal_colic,CHARGE Medical History (May 2007),,dropdown,Colic/Difficult to Soothe,"Yes, Yes | No, No | NK, NK",,,,,,,y,,
develop_grossm,CHARGE Medical History (May 2007),Developmental History,dropdown,Gross Motor:,"Early, Early | Average, Average | Late, Late | NK, NK",,,,,,,y,,
develop_finem,CHARGE Medical History (May 2007),,dropdown,Fine Motor:,"Early, Early | Average, Average | Late, Late | NK, NK",,,,,,,y,,
develop_lang,CHARGE Medical History (May 2007),,dropdown,Language,"Early, Early | Average, Average | Late, Late | NK, NK",,,,,,,y,,
develop_social,CHARGE Medical History (May 2007),,dropdown,Social,"Early, Early | Average, Average | Late, Late | NK, NK",,,,,,,y,,
develop_selfhelp,CHARGE Medical History (May 2007),,dropdown,Self-Help,"Early, Early | Average, Average | Late, Late | NK, NK",,,,,,,y,,
develop_regression,CHARGE Medical History (May 2007),,dropdown,Developmental Regression:,"Yes, Yes | No, No | NK, NK",,,,,,,y,,
develop_regressionage,CHARGE Medical History (May 2007),,text,Age(In mnths),,,number,0,1200,,,y,,
develop_regressionskillloss,CHARGE Medical History (May 2007),,text,Skills Lost,,,,,,,,y,,
currmed_prescription,CHARGE Medical History (May 2007),Current Medications,text,"Prescription (Medication, Dose, Frequency, Reason)",,,,,,,,y,,
currmed_overcounter,CHARGE Medical History (May 2007),,text,"Over the Counter (Medication, Dose, Frequency, Reason)",,,,,,,,y,,
currmed_supplement,CHARGE Medical History (May 2007),,text,"Supplements (Herbal, Vitamin, etc.) (Supplement, Dose, Frequency, Reason)",,,,,,,,y,,
rev_headmicroph,CHARGE Medical History (May 2007),Review of Systems - Head/Brain,dropdown,Microcephaly,"Yes, Yes | No, No | NK, NK",,,,,,,y,,
rev_headmacroph,CHARGE Medical History (May 2007),,dropdown,Macrocephaly,"Yes, Yes | No, No | NK, NK",,,,,,,y,,
rev_headstructab,CHARGE Medical History (May 2007),,dropdown,Structural abnormalities,"Yes, Yes | No, No | NK, NK",,,,,,,y,,
rev_headstructabdesc,CHARGE Medical History (May 2007),,text,Structural abnormalities: Describe,,,,,,,,y,,
rev_headmeningitis,CHARGE Medical History (May 2007),,dropdown,Meningitis,"Yes, Yes | No, No | NK, NK",,,,,,,y,,
rev_headmeningitisage,CHARGE Medical History (May 2007),,text,Meningitis: Age(in months),,,number,0,1200,,,y,,
rev_headmeningitisorg,CHARGE Medical History (May 2007),,text,Meningitis: Organism,,,,,,,,y,,
rev_headencephalitis,CHARGE Medical History (May 2007),,dropdown,Encephalitis,"Yes, Yes | No, No | NK, NK",,,,,,,y,,
rev_headencephalitisage,CHARGE Medical History (May 2007),,text,Encephalitis: Age(in months),,,number,0,1200,,,y,,
rev_headencephalitisorg,CHARGE Medical History (May 2007),,text,Encephalitis: Organism,,,,,,,,y,,
rev_headfebseiz,CHARGE Medical History (May 2007),,dropdown,Febrile Seizures,"Yes, Yes | No, No | NK, NK",,,,,,,y,,
rev_headfebseizages,CHARGE Medical History (May 2007),,text,Febrile Seizures: Age(S),,,,,,,,y,,
rev_headseizure,CHARGE Medical History (May 2007),,dropdown,Seizures,"Yes, Yes | No, No | NK, NK",,,,,,,y,,
rev_headseizureonset,CHARGE Medical History (May 2007),,text,Seizures: Onset,,,,,,,,y,,
rev_headseizurecontrol,CHARGE Medical History (May 2007),,dropdown,Seizures: Controlled,"Yes, Yes | No, No | NK, NK",,,,,,,y,,
rev_headeeg,CHARGE Medical History (May 2007),,dropdown,EEG,"Yes, Yes | No, No | NK, NK",,,,,,,y,,
rev_headeegresult,CHARGE Medical History (May 2007),,text,EEG: Results,,,,,,,,y,,
rev_headimagestudy,CHARGE Medical History (May 2007),,dropdown,Imaging Studies,"Yes, Yes | No, No | NK, NK",,,,,,,y,,
rev_headimagestudytype,CHARGE Medical History (May 2007),,dropdown,Imaging Studies: Type,"US, US | CT, CT | MR, MR | PET, PET",,,,,,,y,,
rev_headimagestudyresult,CHARGE Medical History (May 2007),,text,Imaging Studies: Results,,,,,,,,y,,
rev_headother,CHARGE Medical History (May 2007),,text,Other/Comments,,,,,,,,,,
rev_eyeimpair,CHARGE Medical History (May 2007),Review - Eyes,dropdown,Visual impairments,"Yes, Yes | No, No | NK, NK",,,,,,,y,,
rev_eyestrabismus,CHARGE Medical History (May 2007),,dropdown,Strabismus,"Yes, Yes | No, No | NK, NK",,,,,,,y,,
rev_eyeoter,CHARGE Medical History (May 2007),,text,Other/Comments:,,,,,,,,,,
rev_eartest,CHARGE Medical History (May 2007),Review of Systems - Ears,dropdown,Hearing Testing:,"Yes, Yes | No, No | NK, NK",,,,,,,y,,
rev_eartestages,CHARGE Medical History (May 2007),,text,Hearing Testing: Age(S),,,,,,,,y,,
rev_eartestresult,CHARGE Medical History (May 2007),,dropdown,Hearing Testing: Result,"Normal, Normal | Abnormal, Abnormal",,,,,,,y,,
rev_eartestfinding,CHARGE Medical History (May 2007),,text,Hearing Testing: Findings,,,,,,,,y,,
rev_earab,CHARGE Medical History (May 2007),,dropdown,Ext. Ear Abnormalities,"Yes, Yes | No, No | NK, NK",,,,,,,y,,
rev_earabdesc,CHARGE Medical History (May 2007),,text,Ext. Ear Abnormalities: Abnormalities,,,,,,,,y,,
rev_earrecuotitis,CHARGE Medical History (May 2007),,dropdown,Recurrent Otitis Media,"Yes, Yes | No, No | NK, NK",,,,,,,y,,
rev_earrecuotitisyear,CHARGE Medical History (May 2007),,text,Recurrent Otitis Media: #Year,,,,,,,,y,,
rev_earrecuotitisage,CHARGE Medical History (May 2007),,text,Recurrent Otitis Media: Age of Onset(in months),,,number,0,1200,,,y,,
rev_earpetube,CHARGE Medical History (May 2007),,dropdown,PE Tubes,"Yes, Yes | No, No | NK, NK",,,,,,,y,,
rev_earpetubeset,CHARGE Medical History (May 2007),,text,PE Tubes: Sets,,,,,,,,y,,
rev_earother,CHARGE Medical History (May 2007),,text,Other/Comments,,,,,,,,,,
rev_nosesmellprob,CHARGE Medical History (May 2007),Nose,dropdown,Problems with Smell,"Yes, Yes | No, No | NK, NK",,,,,,,y,,
rev_noseother,CHARGE Medical History (May 2007),,text,Other/Comments,,,,,,,,,,
rev_mouthcleftlip,CHARGE Medical History (May 2007),Review - Mouth,dropdown,Cleft Lip,"Yes, Yes | No, No | NK, NK",,,,,,,y,,
rev_mouthcleftpalate,CHARGE Medical History (May 2007),,dropdown,Cleft Palate,"Yes, Yes | No, No | NK, NK",,,,,,,y,,
rev_mouthspeechdiff,CHARGE Medical History (May 2007),,dropdown,Speech Difficulties,"Yes, Yes | No, No | NK, NK",,,,,,,y,,
rev_mouthnasalreg,CHARGE Medical History (May 2007),,dropdown,Nasal Regurgitation,"Yes, Yes | No, No | NK, NK",,,,,,,y,,
rev_mouthother,CHARGE Medical History (May 2007),,text,Other/Comments,,,,,,,,,,
rev_teethneonatal,CHARGE Medical History (May 2007),Review - Teeth,dropdown,Neonatal Teeth,"Yes, Yes | No, No | NK, NK",,,,,,,y,,
rev_teethdentalab,CHARGE Medical History (May 2007),,dropdown,Dental abnormalities,"Yes, Yes | No, No | NK, NK",,,,,,,y,,
rev_teethdentalabdesc,CHARGE Medical History (May 2007),,text,Dental abnormalities: Describe,,,,,,,,y,,
rev_teethdentalabother,CHARGE Medical History (May 2007),,text,Other/Comments,,,,,,,,,,
rev_neckspinalab,CHARGE Medical History (May 2007),Neck Back,dropdown,Spinal abnormalities,"Yes, Yes | No, No | NK, NK",,,,,,,y,,
rev_neckother,CHARGE Medical History (May 2007),,text,Other/Comments,,,,,,,,,,
rev_orthofracture,CHARGE Medical History (May 2007),Review - Orthopedic,dropdown,Fractures,"Yes, Yes | No, No | NK, NK",,,,,,,y,,
rev_orthofractureno,CHARGE Medical History (May 2007),,text,Fractures: Number,,,,,,,,y,,
rev_orthofractureloc,CHARGE Medical History (May 2007),,text,Fractures: Location,,,,,,,,y,,
rev_orthojointdislocate,CHARGE Medical History (May 2007),,dropdown,Joint Dislocation,"Yes, Yes | No, No | NK, NK",,,,,,,y,,
rev_orthojointdislocatelist,CHARGE Medical History (May 2007),,text,Joint Dislocation: Joints,,,,,,,,y,,
rev_orthoosteomylitis,CHARGE Medical History (May 2007),,dropdown,Osteomylitis,"Yes, Yes | No, No | NK, NK",,,,,,,y,,
rev_orthoother,CHARGE Medical History (May 2007),,text,Other/Comments,,,,,,,,,,
rev_skinbirthmark,CHARGE Medical History (May 2007),Review - Skin,dropdown,Birth Marks,"Yes, Yes | No, No | NK, NK",,,,,,,y,,
rev_skineczema,CHARGE Medical History (May 2007),,dropdown,Eczema,"Yes, Yes | No, No | NK, NK",,,,,,,y,,
rev_skinabcesses,CHARGE Medical History (May 2007),,dropdown,Skin Infections/Abcesses,"Yes, Yes | No, No | NK, NK",,,,,,,y,,
rev_skinabcessesnumtreat,CHARGE Medical History (May 2007),,text,Skin Infections/Abcesses: Number/Treatment,,,,,,,,y,,
rev_skinother,CHARGE Medical History (May 2007),,text,Other/Comments,,,,,,,,,,
rev_pulbreathab,CHARGE Medical History (May 2007),Review - Pulmonary,dropdown,Abnormal Breathing,"Yes, Yes | No, No | NK, NK",,,,,,,y,,
rev_pulasthma,CHARGE Medical History (May 2007),,dropdown,Asthma,"Yes, Yes | No, No | NK, NK",,,,,,,y,,
rev_pulasthmatrigg,CHARGE Medical History (May 2007),,text,Asthma: Triggers,,,,,,,,y,,
rev_pullungmalfunc,CHARGE Medical History (May 2007),,dropdown,Lung Malformations,"Yes, Yes | No, No | NK, NK",,,,,,,y,,
rev_pulpneumoniafreq,CHARGE Medical History (May 2007),,dropdown,Frequent Pneumonia,"Yes, Yes | No, No | NK, NK",,,,,,,y,,
rev_pulpneumoniafreqages,CHARGE Medical History (May 2007),,text,Frequent Pneumonia: Ages(S),,,,,,,,y,,
rev_pulaspiration,CHARGE Medical History (May 2007),,dropdown,Aspiration,"Yes, Yes | No, No | NK, NK",,,,,,,y,,
rev_pulother,CHARGE Medical History (May 2007),,text,Other/Comments,,,,,,,,,,
rev_cardiomalfunc,CHARGE Medical History (May 2007),Review - Cardiovascular,dropdown,Cardiac Malformation,"Yes, Yes | No, No | NK, NK",,,,,,,y,,
rev_cardiomalfunclesion,CHARGE Medical History (May 2007),,text,Cardiac Malformation: Lesion,,,,,,,,y,,
rev_cardiocyanosis,CHARGE Medical History (May 2007),,dropdown,Cyanosis,"Yes, Yes | No, No | NK, NK",,,,,,,y,,
rev_cardioother,CHARGE Medical History (May 2007),,text,Other/Comments,,,,,,,,,,
rev_gastrodysphagia,CHARGE Medical History (May 2007),Review - Gastrointestinal,dropdown,Dysphagia,"Yes, Yes | No, No | NK, NK",,,,,,,y,,
rev_gastroreflux,CHARGE Medical History (May 2007),,dropdown,Reflux,"Yes, Yes | No, No | NK, NK",,,,,,,y,,
rev_gastrorefluxmed,CHARGE Medical History (May 2007),,dropdown,Reflux: Medication Required,"Yes, Yes | No, No | NK, NK",,,,,,,y,,
rev_gastroother,CHARGE Medical History (May 2007),,dropdown,Other feeding difficulties,"Yes, Yes | No, No | NK, NK",,,,,,,y,,
rev_gastrohernia,CHARGE Medical History (May 2007),,dropdown,Hernia,"Yes, Yes | No, No | NK, NK",,,,,,,y,,
rev_gastroherniatype,CHARGE Medical History (May 2007),,text,Hernia: Type,,,,,,,,y,,
rev_gastroothercom,CHARGE Medical History (May 2007),,text,Other/comments,,,,,,,,,,
rev_genitorenalmalfunc,CHARGE Medical History (May 2007),Review - Genito-Urinary,dropdown,Renal Malformation,"Yes, Yes | No, No | NK, NK",,,,,,,y,,
rev_genitorenalmalfunctype,CHARGE Medical History (May 2007),,text,Renal Malformation: Type,,,,,,,,y,,
rev_genitouti,CHARGE Medical History (May 2007),,dropdown,UTI,"Yes, Yes | No, No | NK, NK",,,,,,,y,,
rev_genitoutinum,CHARGE Medical History (May 2007),,text,UTI: Number,,,,,,,,y,,
rev_genitourinediscolor,CHARGE Medical History (May 2007),,dropdown,Discolored Urine,"Yes, Yes | No, No | NK, NK",,,,,,,y,,
rev_genitourinediscolorage,CHARGE Medical History (May 2007),,text,Discolored Urine: Age(in months),,,number,0,1200,,,y,,
rev_genitourinecolor,CHARGE Medical History (May 2007),,text,Discolored Urine: Color,,,,,,,,y,,
rev_genitocryptorchidism,CHARGE Medical History (May 2007),,dropdown,Cryptorchidism,"Yes, Yes | No, No | NK, NK",,,,,,,y,,
rev_genitocryptorchidismtype,CHARGE Medical History (May 2007),,dropdown,Cryptorchidism: Type,"Left, Left | Right, Right | Bilateral, Bilateral",,,,,,,y,,
rev_genitoother,CHARGE Medical History (May 2007),,text,Other/comments,,,,,,,,,,
rev_endoprecocious,CHARGE Medical History (May 2007),Review - Endocrine/Metabolic,dropdown,Precocious Puberty,"Yes, Yes | No, No | NK, NK",,,,,,,y,,
rev_endoprecociousage,CHARGE Medical History (May 2007),,text,Precocious Puberty: Age(in months),,,number,0,1200,,,y,,
rev_endohypothyroidism,CHARGE Medical History (May 2007),,dropdown,Hypothyroidism,"Yes, Yes | No, No | NK, NK",,,,,,,y,,
rev_endohyperthyroidism,CHARGE Medical History (May 2007),,dropdown,Hyperthyroidism,"Yes, Yes | No, No | NK, NK",,,,,,,y,,
rev_endoobesity,CHARGE Medical History (May 2007),,dropdown,Obesity,"Yes, Yes | No, No | NK, NK",,,,,,,y,,
rev_endodiabetes,CHARGE Medical History (May 2007),,dropdown,Diabetes,"Yes, Yes | No, No | NK, NK",,,,,,,y,,
rev_endodiabetestype,CHARGE Medical History (May 2007),,dropdown,Diabetes: Type,"I, I | II, II",,,,,,,y,,
rev_endodiabetesage,CHARGE Medical History (May 2007),,text,Diabetes: Age(in months),,,number,0,1200,,,y,,
rev_endopancreasinsuff,CHARGE Medical History (May 2007),,dropdown,Pancreatic Insufficiency,"Yes, Yes | No, No | NK, NK",,,,,,,y,,
rev_endohypoglycemia,CHARGE Medical History (May 2007),,dropdown,Hypoglycemia,"Yes, Yes | No, No | NK, NK",,,,,,,y,,
rev_endoother,CHARGE Medical History (May 2007),,text,Other/comments,,,,,,,,,,
rev_hemanemia,CHARGE Medical History (May 2007),Review - Hematalogic,dropdown,Anemia,"Yes, Yes | No, No | NK, NK",,,,,,,y,,
rev_hemanemiatype,CHARGE Medical History (May 2007),,text,Anemia: Type,,,,,,,,y,,
rev_hembleeddisorder,CHARGE Medical History (May 2007),,dropdown,Bleeding disorder,"Yes, Yes | No, No | NK, NK",,,,,,,y,,
rev_hembleeddisordertype,CHARGE Medical History (May 2007),,text,Bleeding disorder: Type,,,,,,,,y,,
rev_immunorecurinfection,CHARGE Medical History (May 2007),Review of Systems - Immunologic,dropdown,"Recurrent Infections((>2 pneum or sinus infect/yr, >8 OM /yr, absesses))","Yes, Yes | No, No | NK, NK",,,,,,,y,,
rev_immunosepsis,CHARGE Medical History (May 2007),,dropdown,Sepsis,"Yes, Yes | No, No | NK, NK",,,,,,,y,,
rev_immunosepsisage,CHARGE Medical History (May 2007),,text,Sepsis: Age(in months),,,number,0,1200,,,y,,
rev_immunosepsisorg,CHARGE Medical History (May 2007),,text,Sepsis: Organism,,,,,,,,y,,
rev_immunoosteo,CHARGE Medical History (May 2007),,dropdown,Osteomyelitis,"Yes, Yes | No, No | NK, NK",,,,,,,y,,
rev_immunoosteoage,CHARGE Medical History (May 2007),,text,Osteomyelitis: Age(in months),,,number,0,1200,,,y,,
rev_immunoosteoloc,CHARGE Medical History (May 2007),,text,Osteomyelitis: Location,,,,,,,,y,,
rev_immunoosteolocorg,CHARGE Medical History (May 2007),,text,Osteomyelitis: Organism,,,,,,,,y,,
rev_immunoigdeficiency,CHARGE Medical History (May 2007),,dropdown,Ig Deficiency,"Yes, Yes | No, No | NK, NK",,,,,,,y,,
rev_immunocellimmunedef,CHARGE Medical History (May 2007),,dropdown,Cell Mediated Immune Def.,"Yes, Yes | No, No | NK, NK",,,,,,,y,,
rev_immunoenvallergy,CHARGE Medical History (May 2007),,dropdown,Environmental Allergies,"Yes, Yes | No, No | NK, NK",,,,,,,y,,
rev_immunoenvallergytype,CHARGE Medical History (May 2007),,text,Environmental Allergies: Type,,,,,,,,y,,
rev_immunomedallergy,CHARGE Medical History (May 2007),,dropdown,Medication Allergies,"Yes, Yes | No, No | NK, NK",,,,,,,y,,
rev_immunomedallergymed,CHARGE Medical History (May 2007),,text,Medication Allergies: Medications,,,,,,,,y,,
rev_immunoimmunization,CHARGE Medical History (May 2007),,dropdown,Immunizations,"Up to date, Up to date | Behind, Behind | None, None | NK, NK",,,,,,,y,,
rev_immunoimmunizdtap,CHARGE Medical History (May 2007),,dropdown,Neonatal Teeth,"Up to date, Up to date | Behind, Behind | None, None | NK, NK",,,,,,,y,,
rev_immunoimmunizipv,CHARGE Medical History (May 2007),,dropdown,Immunizations: IPV,"Up to date, Up to date | Behind, Behind | None, None | NK, NK",,,,,,,y,,
rev_immunoimmunizhib,CHARGE Medical History (May 2007),,dropdown,Immunizations: HIB,"Up to date, Up to date | Behind, Behind | None, None | NK, NK",,,,,,,y,,
rev_immunoimmunizmmr,CHARGE Medical History (May 2007),,dropdown,Immunizations: MMR,"Up to date, Up to date | Behind, Behind | None, None | NK, NK",,,,,,,y,,
rev_immunoimmunizhepb,CHARGE Medical History (May 2007),,dropdown,Immunizations: HepB,"Up to date, Up to date | Behind, Behind | None, None | NK, NK",,,,,,,y,,
rev_immunoimmunizhepa,CHARGE Medical History (May 2007),,dropdown,Immunizations: HepA,"Up to date, Up to date | Behind, Behind | None, None | NK, NK",,,,,,,y,,
rev_immunoimmunizvari,CHARGE Medical History (May 2007),,dropdown,Immunizations: Varicella,"Up to date, Up to date | Behind, Behind | None, None | NK, NK",,,,,,,y,,
rev_immunoimmunizprev,CHARGE Medical History (May 2007),,dropdown,Immunizations: Prevnar,"Up to date, Up to date | Behind, Behind | None, None | NK, NK",,,,,,,y,,
rev_immunoinfluenzvacc,CHARGE Medical History (May 2007),,dropdown,Influenza Vaccines,"Yes, Yes | No, No | NK, NK | None, None",,,,,,,y,,
rev_immunoinfluenzvacc1d,CHARGE Medical History (May 2007),,text,Influenza Vaccine 1 Day,,,,,,,,y,,
rev_immunoinfluenzvacc1m,CHARGE Medical History (May 2007),,text,Influenza Vaccine 1 Month,,,,,,,,y,,
rev_immunoinfluenzvacc1y,CHARGE Medical History (May 2007),,text,Influenza Vaccine 1 Year,,,,,,,,y,,
rev_immunoinfluenzvacc2d,CHARGE Medical History (May 2007),,text,Influenza Vaccine 2 Day,,,,,,,,y,,
rev_immunoinfluenzvacc2m,CHARGE Medical History (May 2007),,text,Influenza Vaccine 2 Month,,,,,,,,y,,
rev_immunoinfluenzvacc2y,CHARGE Medical History (May 2007),,text,Influenza Vaccine 2 Year,,,,,,,,y,,
rev_immunoinfluenzvacc3d,CHARGE Medical History (May 2007),,text,Influenza Vaccine 3 Day,,,,,,,,y,,
rev_immunoinfluenzvacc3m,CHARGE Medical History (May 2007),,text,Influenza Vaccine 3 Month,,,,,,,,y,,
rev_immunoinfluenzvacc3y,CHARGE Medical History (May 2007),,text,Influenza Vaccine 3 Year,,,,,,,,y,,
rev_immunoinfluenzvacc4d,CHARGE Medical History (May 2007),,text,Influenza Vaccine 4 Day,,,,,,,,y,,
rev_immunoinfluenzvacc4m,CHARGE Medical History (May 2007),,text,Influenza Vaccine 4 Month,,,,,,,,y,,
rev_immunoinfluenzvacc4y,CHARGE Medical History (May 2007),,text,Influenza Vaccine 4 Year,,,,,,,,y,,
rev_immunoinfluenzvacc5d,CHARGE Medical History (May 2007),,text,Influenza Vaccine 5 Day,,,,,,,,y,,
rev_immunoinfluenzvacc5m,CHARGE Medical History (May 2007),,text,Influenza Vaccine 5 Month,,,,,,,,y,,
rev_immunoinfluenzvacc5y,CHARGE Medical History (May 2007),,text,Influenza Vaccine 5 Year,,,,,,,,y,,
rev_immunoinfluenzvacc1_h1n1,CHARGE Medical History (May 2007),,dropdown,Indicate the whether the vaccine given was the H1N1 vaccine,"Yes, Yes | No, No",,,,,,,y,,
rev_immunoinfluenzvacc2_h1n1,CHARGE Medical History (May 2007),,dropdown,indicate whether the vaccine given was the H1N1 vaccine,"Yes, Yes | No, No",,,,,,,y,,
rev_immunoinfluenzvacc3_h1n1,CHARGE Medical History (May 2007),,dropdown,Indicate whether the vaccine given was the H1N1 vaccine,"Yes, Yes | No, No",,,,,,,y,,
rev_immunoinfluenzvacc4_h1n1,CHARGE Medical History (May 2007),,dropdown,Indicate whether the vaccine given was the H1N1 vaccine,"Yes, Yes | No, No",,,,,,,y,,
rev_immunoinfluenzvacc5_h1n1,CHARGE Medical History (May 2007),,dropdown,Indicate whether the vaccine given was the H1N1 vaccine,"Yes, Yes | No, No",,,,,,,y,,
