Variable / Field Name,Form Name,Section Header,Field Type,Field Label,"Choices, Calculations, OR Slider Labels",Field Note,Text Validation Type OR Show Slider Number,Text Validation Min,Text Validation Max,Identifier?,Branching Logic (Show field only if...),Required Field?,Custom Alignment,Question Number (surveys only)
subjectkey,Mullen - Scales of Early Learning,Header,text,,,,,,,,,y,,
src_subject_id,Mullen - Scales of Early Learning,,text,,,,,,,,,y,,
interview_date,Mullen - Scales of Early Learning,,text,,"MM/yyyy, MM/yyyy | MM/dd/yyyy, MM/dd/yyyy",* '01/01/1900' indicates that a date associated with retrospective data is not known.,date_ymd,,,,,y,,
interview_age,Mullen - Scales of Early Learning,,text,,,Age is rounded to chronological month If the research participant is 13 days old at time of interview  the appropriate value would be 0 months if the participant is 19 days old the value would be 1 month,number,0,1200,,,y,,
interview_chrono_age,Mullen - Scales of Early Learning,,text,,,,number,0,1200,,,y,,
interview_adj_age,Mullen - Scales of Early Learning,,text,,,,number,0,1200,,,y,,
gender,Mullen - Scales of Early Learning,,dropdown,,"M, M | F, F",,,,,,,y,,
comments_misc,Mullen - Scales of Early Learning,,text,,,,,,,,,,,
info_gest,Mullen - Scales of Early Learning,Information,text,,,,,,,,,y,,
info_birthwt,Mullen - Scales of Early Learning,,text,,,,,,,,,y,,
info_apgar1,Mullen - Scales of Early Learning,,text,,,,,,,,,y,,
info_apgar5,Mullen - Scales of Early Learning,,text,,,,,,,,,y,,
info_visionprob,Mullen - Scales of Early Learning,,dropdown,,"Yes, Yes | No, No",,,,,,,y,,
info_hearprob,Mullen - Scales of Early Learning,,dropdown,,"Yes, Yes | No, No",,,,,,,y,,
info_phycharac,Mullen - Scales of Early Learning,,text,,,,,,,,,y,,
info_med,Mullen - Scales of Early Learning,,dropdown,,"Yes, Yes | No, No",,,,,,,y,,
info_med_cmt,Mullen - Scales of Early Learning,,text,,,,,,,,,y,,
info_refreason,Mullen - Scales of Early Learning,,text,,,,,,,,,y,,
info_cmt,Mullen - Scales of Early Learning,,text,,,,,,,,,,,
primary_language,Mullen - Scales of Early Learning,,text,,,,,,,,,y,,
scl1_held,Mullen - Scales of Early Learning,Scale 1: Gross Motor,dropdown,,"1, 1 | 0, 0",,,,,,,y,,
scl1_headrotate,Mullen - Scales of Early Learning,,dropdown,,"1, 1 | 0, 0",,,,,,,y,,
scl1_movearm,Mullen - Scales of Early Learning,,dropdown,,"1, 1 | 0, 0",,,,,,,y,,
scl1_holdshead,Mullen - Scales of Early Learning,,dropdown,,"1, 1 | 0, 0",,,,,,,y,,
scl1_supforearm,Mullen - Scales of Early Learning,,dropdown,,"1, 1 | 0, 0",,,,,,,y,,
scl1_headsteady,Mullen - Scales of Early Learning,,dropdown,,"1, 1 | 0, 0",,,,,,,y,,
scl1_rollover,Mullen - Scales of Early Learning,,dropdown,,"1, 1 | 0, 0",,,,,,,y,,
scl1_holdfinger,Mullen - Scales of Early Learning,,dropdown,,"1, 1 | 0, 0",,,,,,,y,,
scl1_siftwt,Mullen - Scales of Early Learning,,dropdown,,"1, 1 | 0, 0",,,,,,,y,,
scl1_standhandheld,Mullen - Scales of Early Learning,,dropdown,,"1, 1 | 0, 0",,,,,,,y,,
scl1_sit_armfree,Mullen - Scales of Early Learning,,dropdown,,"1, 1 | 0, 0",,,,,,,y,,
scl1_pullself,Mullen - Scales of Early Learning,,dropdown,,"1, 1 | 0, 0",,,,,,,y,,
scl1_sitting,Mullen - Scales of Early Learning,,dropdown,,"1, 1 | 0, 0",,,,,,,y,,
scl1_walkhandheld,Mullen - Scales of Early Learning,,dropdown,,"1, 1 | 0, 0",,,,,,,y,,
scl1_standalone,Mullen - Scales of Early Learning,,dropdown,,"1, 1 | 0, 0",,,,,,,y,,
scl1_walkalone,Mullen - Scales of Early Learning,,dropdown,,"1, 1 | 0, 0",,,,,,,y,,
scl1_throwball,Mullen - Scales of Early Learning,,dropdown,,"1, 1 | 0, 0",,,,,,,y,,
scl1_stnadbyroll,Mullen - Scales of Early Learning,,dropdown,,"1, 1 | 0, 0",,,,,,,y,,
scl1_stand,Mullen - Scales of Early Learning,,dropdown,,"1, 1 | 0, 0",,,,,,,y,,
scl1_walkstairshelp,Mullen - Scales of Early Learning,,dropdown,,"1, 1 | 0, 0",,,,,,,y,,
scl1_runstiff,Mullen - Scales of Early Learning,,dropdown,,"1, 1 | 0, 0",,,,,,,y,,
scl1_kickball,Mullen - Scales of Early Learning,,dropdown,,"1, 1 | 0, 0",,,,,,,y,,
scl1_standonefoot,Mullen - Scales of Early Learning,,dropdown,,"1, 1 | 0, 0",,,,,,,y,,
scl1_walksteps,Mullen - Scales of Early Learning,,dropdown,,"1, 1 | 0, 0",,,,,,,y,,
scl1_walkstairsself,Mullen - Scales of Early Learning,,dropdown,,"1, 1 | 0, 0",,,,,,,y,,
scl1_jumpbenchtot,Mullen - Scales of Early Learning,,dropdown,,"2, 2 | 1, 1 | 0, 0",,,,,,,y,,
scl1_jumpinplace,Mullen - Scales of Early Learning,,dropdown,,"1, 1 | 0, 0",,,,,,,y,,
scl1_tiptoe,Mullen - Scales of Early Learning,,dropdown,,"1, 1 | 0, 0",,,,,,,y,,
scl1_armbalance,Mullen - Scales of Early Learning,,dropdown,,"1, 1 | 0, 0",,,,,,,y,,
scl1_walkdownstairs,Mullen - Scales of Early Learning,,dropdown,,"1, 1 | 0, 0",,,,,,,y,,
scl1_gettostand,Mullen - Scales of Early Learning,,dropdown,,"1, 1 | 0, 0",,,,,,,y,,
scl1_balanceonefoot,Mullen - Scales of Early Learning,,dropdown,,"1, 1 | 0, 0",,,,,,,y,,
scl1_turncorner,Mullen - Scales of Early Learning,,dropdown,,"1, 1 | 0, 0",,,,,,,y,,
scl1_hoptwotimes,Mullen - Scales of Early Learning,,dropdown,,"1, 1 | 0, 0",,,,,,,y,,
scl1_armatside,Mullen - Scales of Early Learning,,dropdown,,"1, 1 | 0, 0",,,,,,,y,,
scl1_gm_raw_score,Mullen - Scales of Early Learning,,text,,,,,,,,,y,,
scl2_fixtotal,Mullen - Scales of Early Learning,Scale 2: Visual Reception,dropdown,,"2, 2 | 1, 1 | 0, 0",,,,,,,y,,
scl2_trackface,Mullen - Scales of Early Learning,,dropdown,,"1, 1 | 0, 0",,,,,,,y,,
scl2_trackbulleye,Mullen - Scales of Early Learning,,dropdown,,"1, 1 | 0, 0",,,,,,,y,,
scl2_localaltballface,Mullen - Scales of Early Learning,,dropdown,,"1, 1 | 0, 0",,,,,,,y,,
scl2_stareownhand,Mullen - Scales of Early Learning,,dropdown,,"1, 1 | 0, 0",,,,,,,y,,
scl2_localbulleye,Mullen - Scales of Early Learning,,dropdown,,"1, 1 | 0, 0",,,,,,,y,,
scl2_lookdropspoon,Mullen - Scales of Early Learning,,dropdown,,"1, 1 | 0, 0",,,,,,,y,,
scl2_pullcord,Mullen - Scales of Early Learning,,dropdown,,"1, 1 | 0, 0",,,,,,,y,,
scl2_hiddenring_total,Mullen - Scales of Early Learning,,dropdown,,"2, 2 | 1, 1 | 0, 0",,,,,,,y,,
scl2_turncup_sideup,Mullen - Scales of Early Learning,,dropdown,,"1, 1 | 0, 0",,,,,,,y,,
scl2_assoc_brush,Mullen - Scales of Early Learning,,dropdown,,"Yes, Yes | No, No",,,,,,,y,,
scl2_assoc_spoon,Mullen - Scales of Early Learning,,dropdown,,"Yes, Yes | No, No",,,,,,,y,,
scl2_assoc_cup,Mullen - Scales of Early Learning,,dropdown,,"Yes, Yes | No, No",,,,,,,y,,
scl2_assoc_ball,Mullen - Scales of Early Learning,,dropdown,,"Yes, Yes | No, No",,,,,,,y,,
scl2_assoc_total,Mullen - Scales of Early Learning,,dropdown,,"1, 1 | 0, 0",,,,,,,y,,
scl2_car_underwashcloth,Mullen - Scales of Early Learning,,dropdown,,"1, 1 | 0, 0",,,,,,,y,,
scl2_showinterest,Mullen - Scales of Early Learning,,dropdown,,"1, 1 | 0, 0",,,,,,,y,,
scl2_attnd_pic,Mullen - Scales of Early Learning,,dropdown,,"1, 1 | 0, 0",,,,,,,y,,
scl2_toy_covered,Mullen - Scales of Early Learning,,dropdown,,"1, 1 | 0, 0",,,,,,,y,,
scl2_dicformtotal,Mullen - Scales of Early Learning,,dropdown,,"4, 4 | 3, 3 | 2, 2 | 1, 1 | 0, 0",,,,,,,y,,
scl2_objwithname17a,Mullen - Scales of Early Learning,,dropdown,,"3, 3 | 2, 2 | 1, 1 | 0, 0",,,,,,,y,,
scl2_match_shoes,Mullen - Scales of Early Learning,,dropdown,,"Yes, Yes | No, No",,,,,,,y,,
scl2_match_cars,Mullen - Scales of Early Learning,,dropdown,,"Yes, Yes | No, No",,,,,,,y,,
scl2_match_keys,Mullen - Scales of Early Learning,,dropdown,,"Yes, Yes | No, No",,,,,,,y,,
scl2_match_sticks,Mullen - Scales of Early Learning,,dropdown,,"Yes, Yes | No, No",,,,,,,y,,
scl2_nestcup_three,Mullen - Scales of Early Learning,,dropdown,,"2, 2 | 1, 1 | 0, 0",,,,,,,y,,
scl2_sort_spoonsblock,Mullen - Scales of Early Learning,,dropdown,,"1, 1 | 0, 0",,,,,,,y,,
scl2_mtchshape_circle,Mullen - Scales of Early Learning,,dropdown,,"Yes, Yes | No, No",,,,,,,y,,
scl2_mtchshape_sq,Mullen - Scales of Early Learning,,dropdown,,"Yes, Yes | No, No",,,,,,,y,,
scl2_mtchshape_triangle,Mullen - Scales of Early Learning,,dropdown,,"Yes, Yes | No, No",,,,,,,y,,
scl2_mtchshape_total,Mullen - Scales of Early Learning,,dropdown,,"1, 1 | 0, 0",,,,,,,y,,
scl2_mtchpic_shoe,Mullen - Scales of Early Learning,,dropdown,,"Yes, Yes | No, No",,,,,,,y,,
scl2_mtchpic_cup,Mullen - Scales of Early Learning,,dropdown,,"Yes, Yes | No, No",,,,,,,y,,
scl2_mtchpic_plane,Mullen - Scales of Early Learning,,dropdown,,"Yes, Yes | No, No",,,,,,,y,,
scl2_mtchpic_total,Mullen - Scales of Early Learning,,dropdown,,"1, 1 | 0, 0",,,,,,,y,,
scl2_mtchsize_largered,Mullen - Scales of Early Learning,,dropdown,,"Yes, Yes | No, No",,,,,,,y,,
scl2_mtchsize_smallred,Mullen - Scales of Early Learning,,dropdown,,"Yes, Yes | No, No",,,,,,,y,,
scl2_mtchsize_largeyellow,Mullen - Scales of Early Learning,,dropdown,,"Yes, Yes | No, No",,,,,,,y,,
scl2_mtchsize_smallyellow,Mullen - Scales of Early Learning,,dropdown,,"Yes, Yes | No, No",,,,,,,y,,
scl2_mtchsize_total,Mullen - Scales of Early Learning,,dropdown,,"1, 1 | 0, 0",,,,,,,y,,
scl2_onepic_memory,Mullen - Scales of Early Learning,,dropdown,,"1, 1 | 0, 0",,,,,,,y,,
scl2_spadet1,Mullen - Scales of Early Learning,,dropdown,,"1, 1 | 0, 0",,,,,,,y,,
scl2_spadet21,Mullen - Scales of Early Learning,,dropdown,,"Yes, Yes | No, No",,,,,,,y,,
scl2_spadet22,Mullen - Scales of Early Learning,,dropdown,,"Yes, Yes | No, No",,,,,,,y,,
scl2_spadet23,Mullen - Scales of Early Learning,,dropdown,,"Yes, Yes | No, No",,,,,,,y,,
scl2_spadet24,Mullen - Scales of Early Learning,,dropdown,,"Yes, Yes | No, No",,,,,,,y,,
scl2_spadet2total,Mullen - Scales of Early Learning,,dropdown,,"2, 2 | 1, 1 | 0, 0",,,,,,,y,,
scl2_objmem_key,Mullen - Scales of Early Learning,,dropdown,,"Yes, Yes | No, No",,,,,,,y,,
scl2_objmem_ball,Mullen - Scales of Early Learning,,dropdown,,"Yes, Yes | No, No",,,,,,,y,,
scl2_objmem_car,Mullen - Scales of Early Learning,,dropdown,,"Yes, Yes | No, No",,,,,,,y,,
scl2_objmem_total,Mullen - Scales of Early Learning,,dropdown,,"1, 1 | 0, 0",,,,,,,y,,
scl2_spapos1,Mullen - Scales of Early Learning,,dropdown,,"Yes, Yes | No, No",,,,,,,y,,
scl2_spapos2,Mullen - Scales of Early Learning,,dropdown,,"Yes, Yes | No, No",,,,,,,y,,
scl2_spapos3,Mullen - Scales of Early Learning,,dropdown,,"Yes, Yes | No, No",,,,,,,y,,
scl2_spapos4,Mullen - Scales of Early Learning,,dropdown,,"Yes, Yes | No, No",,,,,,,y,,
scl2_spapos_total,Mullen - Scales of Early Learning,,dropdown,,"1, 1 | 0, 0",,,,,,,y,,
scl2_letmtchl,Mullen - Scales of Early Learning,,dropdown,,"Yes, Yes | No, No",,,,,,,y,,
scl2_letmtchc,Mullen - Scales of Early Learning,,dropdown,,"Yes, Yes | No, No",,,,,,,y,,
scl2_letmtchn,Mullen - Scales of Early Learning,,dropdown,,"Yes, Yes | No, No",,,,,,,y,,
scl2_letmtchb,Mullen - Scales of Early Learning,,dropdown,,"Yes, Yes | No, No",,,,,,,y,,
scl2_letmtchh,Mullen - Scales of Early Learning,,dropdown,,"Yes, Yes | No, No",,,,,,,y,,
scl2_letmtchp,Mullen - Scales of Early Learning,,dropdown,,"Yes, Yes | No, No",,,,,,,y,,
scl2_letmtch_tot,Mullen - Scales of Early Learning,,dropdown,,"1, 1 | 0, 0",,,,,,,y,,
scl2_disc_bunny,Mullen - Scales of Early Learning,,dropdown,,"Yes, Yes | No, No",,,,,,,y,,
scl2_disc_hammer,Mullen - Scales of Early Learning,,dropdown,,"Yes, Yes | No, No",,,,,,,y,,
scl2_disc_child,Mullen - Scales of Early Learning,,dropdown,,"Yes, Yes | No, No",,,,,,,y,,
scl2_disc_wagon,Mullen - Scales of Early Learning,,dropdown,,"Yes, Yes | No, No",,,,,,,y,,
scl2_disc_total,Mullen - Scales of Early Learning,,dropdown,,"4, 4 | 3, 3 | 2, 2 | 1, 1 | 0, 0",,,,,,,y,,
scl2_mtchwordb,Mullen - Scales of Early Learning,,dropdown,,"Yes, Yes | No, No",,,,,,,y,,
scl2_mtchwordt,Mullen - Scales of Early Learning,,dropdown,,"Yes, Yes | No, No",,,,,,,y,,
scl2_mtchwordd,Mullen - Scales of Early Learning,,dropdown,,"Yes, Yes | No, No",,,,,,,y,,
scl2_mtchwordn,Mullen - Scales of Early Learning,,dropdown,,"Yes, Yes | No, No",,,,,,,y,,
scl2_mtchwordrt,Mullen - Scales of Early Learning,,dropdown,,"Yes, Yes | No, No",,,,,,,y,,
scl2_mtchwordbe,Mullen - Scales of Early Learning,,dropdown,,"Yes, Yes | No, No",,,,,,,y,,
scl2_mtchwordbat,Mullen - Scales of Early Learning,,dropdown,,"Yes, Yes | No, No",,,,,,,y,,
scl2_mtchwordcoat,Mullen - Scales of Early Learning,,dropdown,,"Yes, Yes | No, No",,,,,,,y,,
scl2_mtchwordwill,Mullen - Scales of Early Learning,,dropdown,,"Yes, Yes | No, No",,,,,,,y,,
scl2_mtchwordtot,Mullen - Scales of Early Learning,,dropdown,,"4, 4 | 3, 3 | 2, 2 | 1, 1 | 0, 0",,,,,,,y,,
scl2_threepic_mem_key,Mullen - Scales of Early Learning,,dropdown,,"Yes, Yes | No, No",,,,,,,y,,
scl2_threepic_mem_book,Mullen - Scales of Early Learning,,dropdown,,"Yes, Yes | No, No",,,,,,,y,,
scl2_threepic_mem_chair,Mullen - Scales of Early Learning,,dropdown,,"Yes, Yes | No, No",,,,,,,y,,
scl2_threepic_mem_tot,Mullen - Scales of Early Learning,,dropdown,,"1, 1 | 0, 0",,,,,,,y,,
scl2_spadet31,Mullen - Scales of Early Learning,,dropdown,,"Yes, Yes | No, No",,,,,,,y,,
scl2_spadet32,Mullen - Scales of Early Learning,,dropdown,,"Yes, Yes | No, No",,,,,,,y,,
scl2_spadet33,Mullen - Scales of Early Learning,,dropdown,,"Yes, Yes | No, No",,,,,,,y,,
scl2_spadet34,Mullen - Scales of Early Learning,,dropdown,,"Yes, Yes | No, No",,,,,,,y,,
scl2_spadet35,Mullen - Scales of Early Learning,,dropdown,,"Yes, Yes | No, No",,,,,,,y,,
scl2_spadettot,Mullen - Scales of Early Learning,,dropdown,,"2, 2 | 1, 1 | 0, 0",,,,,,,y,,
scl2_formmem1,Mullen - Scales of Early Learning,,dropdown,,"Yes, Yes | No, No",,,,,,,y,,
scl2_formmem2,Mullen - Scales of Early Learning,,dropdown,,"Yes, Yes | No, No",,,,,,,y,,
scl2_formmem3,Mullen - Scales of Early Learning,,dropdown,,"Yes, Yes | No, No",,,,,,,y,,
scl2_formmem4,Mullen - Scales of Early Learning,,dropdown,,"Yes, Yes | No, No",,,,,,,y,,
scl2_formmemtot,Mullen - Scales of Early Learning,,dropdown,,"2, 2 | 1, 1 | 0, 0",,,,,,,y,,
scl2_vs_raw_score,Mullen - Scales of Early Learning,,text,,,,,,,,,y,,
scl3_arm_flexed,Mullen - Scales of Early Learning,Scale 3. Fine Motor,dropdown,,"1, 1 | 0, 0",,,,,,,y,,
scl3_ring_reflex,Mullen - Scales of Early Learning,,dropdown,,"1, 1 | 0, 0",,,,,,,y,,
scl3_fist_mouth,Mullen - Scales of Early Learning,,dropdown,,"1, 1 | 0, 0",,,,,,,y,,
scl3_boim,Mullen - Scales of Early Learning,,dropdown,,"1, 1 | 0, 0",,,,,,,y,,
scl3_grasp_reflex,Mullen - Scales of Early Learning,,dropdown,,"1, 1 | 0, 0",,,,,,,y,,
scl3_grasp_peg,Mullen - Scales of Early Learning,,dropdown,,"1, 1 | 0, 0",,,,,,,y,,
scl3_grasp_block,Mullen - Scales of Early Learning,,dropdown,,"1, 1 | 0, 0",,,,,,,y,,
scl3_bangs,Mullen - Scales of Early Learning,,dropdown,,"1, 1 | 0, 0",,,,,,,y,,
scl3_grasp_opp,Mullen - Scales of Early Learning,,dropdown,,"1, 1 | 0, 0",,,,,,,y,,
scl3_pincer_total,Mullen - Scales of Early Learning,,dropdown,,"2, 2 | 1, 1 | 0, 0",,,,,,,y,,
scl3_bang_midline,Mullen - Scales of Early Learning,,dropdown,,"1, 1 | 0, 0",,,,,,,y,,
scl3_task3_total,Mullen - Scales of Early Learning,,dropdown,,"3, 3 | 2, 2 | 1, 1 | 0, 0",,,,,,,y,,
scl3_twohand_tgthr,Mullen - Scales of Early Learning,,dropdown,,"1, 1 | 0, 0",,,,,,,y,,
scl3_turnpages_several,Mullen - Scales of Early Learning,,dropdown,,"2, 2 | 1, 1 | 0, 0",,,,,,,y,,
scl3_crayon_anydirn,Mullen - Scales of Early Learning,,dropdown,,"0, 0 | 1, 1 | 2, 2",,,,,,,y,,
scl3_crayon_vertical,Mullen - Scales of Early Learning,,dropdown,,"0, 0 | 1, 1",,,,,,,y,,
scl3_crayon_total,Mullen - Scales of Early Learning,,dropdown,,"3, 3 | 2, 2 | 1, 1 | 0, 0",,,,,,,y,,
scl3_putpenny_horizontal,Mullen - Scales of Early Learning,,dropdown,,"0, 0 | 1, 1",,,,,,,y,,
scl3_putpenny_vertical,Mullen - Scales of Early Learning,,dropdown,,"0, 0 | 1, 1",,,,,,,y,,
scl3_putpenny_total,Mullen - Scales of Early Learning,,dropdown,,"2, 2 | 1, 1 | 0, 0",,,,,,,y,,
scl3_stackblock_total,Mullen - Scales of Early Learning,,dropdown,,"3, 3 | 2, 2 | 1, 1 | 0, 0",,,,,,,y,,
scl3_fourblock_total,Mullen - Scales of Early Learning,,dropdown,,"2, 2 | 1, 1 | 0, 0",,,,,,,y,,
scl3_screw_nutbolt,Mullen - Scales of Early Learning,,dropdown,,"1, 1 | 0, 0",,,,,,,y,,
scl3_stringbead,Mullen - Scales of Early Learning,,dropdown,,"1, 1 | 0, 0",,,,,,,y,,
scl3_fourblockdrawer,Mullen - Scales of Early Learning,,dropdown,,"1, 1 | 0, 0",,,,,,,y,,
scl3_copy_circle,Mullen - Scales of Early Learning,,dropdown,,"0, 0 | 1, 1",,,,,,,y,,
scl3_copy_circleline,Mullen - Scales of Early Learning,,dropdown,,"0, 0 | 1, 1",,,,,,,y,,
scl3_copy_total,Mullen - Scales of Early Learning,,dropdown,,"2, 2 | 1, 1 | 0, 0",,,,,,,y,,
scl3_drawpath_example,Mullen - Scales of Early Learning,,dropdown,,"Yes, Yes | No, No",,,,,,,y,,
scl3_drawpath_fig1,Mullen - Scales of Early Learning,,dropdown,,"Yes, Yes | No, No",,,,,,,y,,
scl3_drawpath_fig2,Mullen - Scales of Early Learning,,dropdown,,"Yes, Yes | No, No",,,,,,,y,,
scl3_drawpath_fig3,Mullen - Scales of Early Learning,,dropdown,,"Yes, Yes | No, No",,,,,,,y,,
scl3_drawpath_fig_total,Mullen - Scales of Early Learning,,dropdown,,"2, 2 | 1, 1 | 0, 0",,,,,,,y,,
scl3_scissor_total,Mullen - Scales of Early Learning,,dropdown,,"2, 2 | 1, 1 | 0, 0",,,,,,,y,,
scl3_fold_paper,Mullen - Scales of Early Learning,,dropdown,,"2, 2 | 1, 1 | 0, 0",,,,,,,y,,
scl3_draw_circle,Mullen - Scales of Early Learning,,dropdown,,"0, 0 | 1, 1",,,,,,,y,,
scl3_draw_square,Mullen - Scales of Early Learning,,dropdown,,"0, 0 | 1, 1",,,,,,,y,,
scl3_draw_diagonal,Mullen - Scales of Early Learning,,dropdown,,"0, 0 | 1, 1",,,,,,,y,,
scl3_draw_total,Mullen - Scales of Early Learning,,dropdown,,"3, 3 | 2, 2 | 1, 1 | 0, 0",,,,,,,y,,
scl3_tocufinger1,Mullen - Scales of Early Learning,,dropdown,,"1, 1 | 0, 0",,,,,,,y,,
scl3_tocufinger2,Mullen - Scales of Early Learning,,dropdown,,"1, 1 | 0, 0",,,,,,,y,,
scl3_foldpaper_sq,Mullen - Scales of Early Learning,,dropdown,,"1, 1 | 0, 0",,,,,,,y,,
scl3_copyshape_cross,Mullen - Scales of Early Learning,,dropdown,,"1, 1 | 0, 0",,,,,,,y,,
scl3_copyshape_sq,Mullen - Scales of Early Learning,,dropdown,,"1, 1 | 0, 0",,,,,,,y,,
scl3_copyshape_led,Mullen - Scales of Early Learning,,dropdown,,"1, 1 | 0, 0",,,,,,,y,,
scl3_copyshape_tri,Mullen - Scales of Early Learning,,dropdown,,"1, 1 | 0, 0",,,,,,,y,,
scl3_copyshape_letx,Mullen - Scales of Early Learning,,dropdown,,"1, 1 | 0, 0",,,,,,,y,,
scl3_copyshape_total,Mullen - Scales of Early Learning,,dropdown,,"5, 5 | 4, 4 | 3, 3 | 2, 2 | 1, 1 | 0, 0",,,,,,,y,,
scl3_fm_raw_score,Mullen - Scales of Early Learning,,text,,,,,,,,,y,,
scl4_react_loud_noise,Mullen - Scales of Early Learning,Scale 4. Receptive Language,dropdown,,"1, 1 | 0, 0",,,,,,,y,,
