Variable / Field Name,Form Name,Section Header,Field Type,Field Label,"Choices, Calculations, OR Slider Labels",Field Note,Text Validation Type OR Show Slider Number,Text Validation Min,Text Validation Max,Identifier?,Branching Logic (Show field only if...),Required Field?,Custom Alignment,Question Number (surveys only)
subjectkey,Peds - Screening and Exclusion Form (0:0 to 4:5 y:m),,text,The NDAR Global Unique Identifier (GUID) for subjects which identifies a subject in NDAR,,,,,,,,,,
admin_status,Peds - Screening and Exclusion Form (0:0 to 4:5 y:m),,dropdown,Instrument administration status,"Complete, Complete | Partial, Partial | Not Administered, Not Administered | Not Applicable, Not Applicable",,,,,,,y,,
src_subject_id,Peds - Screening and Exclusion Form (0:0 to 4:5 y:m),,text,The site's subject identification,,,,,,,,y,,
age_in_days_dot_to_edc,Peds - Screening and Exclusion Form (0:0 to 4:5 y:m),,text,Age in days obtained by subtracting the Expected Date of Confinement (EDC/Due Date) from the date of test,,,,,,,,y,,
timepoint_label,Peds - Screening and Exclusion Form (0:0 to 4:5 y:m),,text,User-defined timepoint/visit label - a label selected by the site at the time of registration of a new timepoint into the database.  This label is used to group all the instruments administered to a subject at a given timepoint.,,,,,,,,y,,
ex_ic_demo_bio_parent_unkwn_hx,Peds - Screening and Exclusion Form (0:0 to 4:5 y:m),,dropdown,"Screening and Exclusion Form (0:0 to 4:5 y:m) Question IC Biological father or mother of Child of Interest (COI) has unknown history (ex. Medical) (Y=Yes, N=No, NA=Not Available)","Y, Y | N, N | NA, NA",,,,,,,y,,
ex_iia1_preg_mom_age_coi_birth,Peds - Screening and Exclusion Form (0:0 to 4:5 y:m),,text,Screening and Exclusion Form (0:0 to 4:5 y:m) Question IIA1 Maternal age at Child of Interest (COI) birth,,,,,,,,y,,
ex_iib1_preg_mom_smoking,Peds - Screening and Exclusion Form (0:0 to 4:5 y:m),,dropdown,"Screening and Exclusion Form (0:0 to 4:5 y:m) Question IIB1 Maternal Smoking >10 cigarettes/week during pregnancy with Child of Interest (COI) (Y=Yes, N=No, NA=Not Available)","Y, Y | N, N | NA, NA",,,,,,,y,,
ex_iib2_preg_mom_alc_intake,Peds - Screening and Exclusion Form (0:0 to 4:5 y:m),,dropdown,"Screening and Exclusion Form (0:0 to 4:5 y:m) Question IIB2 Maternal Alcohol intake >2 drinks/week during pregnancy with Child of Interest (COI) (Y=Yes, N=No, NA=Not Available)","Y, Y | N, N | NA, NA",,,,,,,y,,
ex_iib4_preg_mom_drugs_abuse,Peds - Screening and Exclusion Form (0:0 to 4:5 y:m),,dropdown,"Screening and Exclusion Form (0:0 to 4:5 y:m) Question IIB4 Maternal drugs of abuse used during pregnancy with Child of Interest (COI) (Y=Yes, N=No, NA=Not Available)","Y, Y | N, N | NA, NA",,,,,,,y,,
ex_iic1_preg_mom_plac_abrupt,Peds - Screening and Exclusion Form (0:0 to 4:5 y:m),,dropdown,"Screening and Exclusion Form (0:0 to 4:5 y:m) Question IIC1 Maternal placental abruption during pregnancy with Child of Interest (COI) (Y=Yes, N=No, NA=Not Available)","Y, Y | N, N | NA, NA",,,,,,,y,,
ex_iic2_preg_mom_preeclampsia,Peds - Screening and Exclusion Form (0:0 to 4:5 y:m),,dropdown,"Screening and Exclusion Form (0:0 to 4:5 y:m) Question IIC2 Maternal preeclampsia with treatment during pregnancy with Child of Interest (COI) (Y=Yes, N=No, NA=Not Available)","Y, Y | N, N | NA, NA",,,,,,,y,,
ex_iic5_preg_mom_a_hemorrhage,Peds - Screening and Exclusion Form (0:0 to 4:5 y:m),,dropdown,"Screening and Exclusion Form (0:0 to 4:5 y:m) Question IIC5 Maternal antepartum hemorrhage during pregnacy with Child of Interest (COI) (spotting is not exclusionary) (Y=Yes, N=No, NA=Not Available)","Y, Y | N, N | NA, NA",,,,,,,y,,
ex_iic7_preg_mom_general_anes,Peds - Screening and Exclusion Form (0:0 to 4:5 y:m),,dropdown,"Screening and Exclusion Form (0:0 to 4:5 y:m) Question IIC7 Maternal general anesthesia during pregnancy with Child of Interest (COI) (Y=Yes, N=No, NA=Not Available)","Y, Y | N, N | NA, NA",,,,,,,y,,
ex_iiic_del_high_forceps,Peds - Screening and Exclusion Form (0:0 to 4:5 y:m),,dropdown,"Screening and Exclusion Form (0:0 to 4:5 y:m) Question IIIC High Forceps used during delivery of the Child of Interest (COI) (Y=Yes, N=No, NA=Not Available)","Y, Y | N, N | NA, NA",,,,,,,y,,
ex_iiie_del_breech_malpresent,Peds - Screening and Exclusion Form (0:0 to 4:5 y:m),,dropdown,"Screening and Exclusion Form (0:0 to 4:5 y:m) Question IIIE Breech or malpresentation during delivery of the Child of Interest (COI) (not exclusionary with planned c-section) (Y=Yes, N=No, NA=Not Available)","Y, Y | N, N | NA, NA",,,,,,,y,,
ex_iva5a_bn_born_early_or_late,Peds - Screening and Exclusion Form (0:0 to 4:5 y:m),,dropdown,"Screening and Exclusion Form (0:0 to 4:5 y:m) Question IVA5a Was the Child of Interest (COI) born early or late? (Early, Late, NA=Not Available)","Early, Early | Late, Late | NA, NA",,,,,,,y,,
ex_iva6_bn_37wks4day_42wks3day,Peds - Screening and Exclusion Form (0:0 to 4:5 y:m),,dropdown,"Screening and Exclusion Form (0:0 to 4:5 y:m) Question IVA6 Child of Interest (COI) born born at <37 weeks 4 days or >42 weeks 3 days (Y=Yes, N=No, NA=Not Available)","Y, Y | N, N | NA, NA",,,,,,,y,,
ex_ivb1a_bn_birth_body_wt_gram,Peds - Screening and Exclusion Form (0:0 to 4:5 y:m),,text,Screening and Exclusion Form (0:0 to 4:5 y:m) Question IVB1a Child of Interest (COI) birth body weight in grams,,,,,,,,y,,
ex_ivb1b_bn_birth_body_wt_perc,Peds - Screening and Exclusion Form (0:0 to 4:5 y:m),,text,Screening and Exclusion Form (0:0 to 4:5 y:m) Question IVB1b Child of Interest (COI) birth body weight percentile,,,,,,,,y,,
ex_ivb2a_bn_birth_body_lgth_cm,Peds - Screening and Exclusion Form (0:0 to 4:5 y:m),,text,Screening and Exclusion Form (0:0 to 4:5 y:m) Question IVB2a Child of Interest (COI) birth body length in centimeters,,,,,,,,y,,
ex_ivb2b_bn_birth_bdy_lgth_pct,Peds - Screening and Exclusion Form (0:0 to 4:5 y:m),,text,Screening and Exclusion Form (0:0 to 4:5 y:m) Question IVB2b Child of Interest (COI) birth body length percentile,,,,,,,,y,,
ex_ivb2c_bn_bdy_lgth_less_5pct,Peds - Screening and Exclusion Form (0:0 to 4:5 y:m),,dropdown,"Screening and Exclusion Form (0:0 to 4:5 y:m) Question IVB2c Was the Child of Interest (COI) birth body length less than the 5th percentile? (Y=Yes, N=No, NA=Not Available)","Y, Y | N, N | NA, NA",,,,,,,y,,
ex_ivb3c_bn_brth_ofc_less_5pct,Peds - Screening and Exclusion Form (0:0 to 4:5 y:m),,dropdown,"Screening and Exclusion Form (0:0 to 4:5 y:m) Question IVB3c Was the Child of Interest (COI) Head Circumference OFC less than the 5th percentile at Birth? (Y=Yes, N=No, NA=Not Available)","Y, Y | N, N | NA, NA",,,,,,,y,,
ex_ivb4a_bn_weight_length_pct,Peds - Screening and Exclusion Form (0:0 to 4:5 y:m),,text,Screening and Exclusion Form (0:0 to 4:5 y:m) Question IVB4a Child of Interest (COI) birth body weight-for-length or stature percentile,,,,,,,,y,,
ex_ivc10_bn_abn_brain_scan_eeg,Peds - Screening and Exclusion Form (0:0 to 4:5 y:m),,dropdown,"Screening and Exclusion Form (0:0 to 4:5 y:m) Question IVC10 Child of Interest (COI) abnormal brain scan or EEG (Y=Yes, N=No, NA=Not Available)","Y, Y | N, N | NA, NA",,,,,,,y,,
ex_ivc11_bn_vision_hear_impair,Peds - Screening and Exclusion Form (0:0 to 4:5 y:m),,dropdown,"Screening and Exclusion Form (0:0 to 4:5 y:m) Question IVC11 Child of Interest (COI) vision or hearing impairment (e.g., abnormal BAER or Autoacoustic, Retinopathy, Ophthalmia) (Y=Yes, N=No, NA=Not Available)","Y, Y | N, N | NA, NA",,,,,,,y,,
ex_ivc12_bn_tumors_diap_hernia,Peds - Screening and Exclusion Form (0:0 to 4:5 y:m),,dropdown,"Screening and Exclusion Form (0:0 to 4:5 y:m) Question IVC12 Child of Interest (COI) tumors or diaphragmatic hernia (Y=Yes, N=No, NA=Not Available)","Y, Y | N, N | NA, NA",,,,,,,y,,
ex_ivc1_bn_seizures,Peds - Screening and Exclusion Form (0:0 to 4:5 y:m),,dropdown,"Screening and Exclusion Form (0:0 to 4:5 y:m) Question IVC1 Child of Interest (COI) seizures (all, including febrile seizures) (Y=Yes, N=No, NA=Not Available)","Y, Y | N, N | NA, NA",,,,,,,y,,
ex_ivc3_bn_structural_abnormal,Peds - Screening and Exclusion Form (0:0 to 4:5 y:m),,dropdown,"Screening and Exclusion Form (0:0 to 4:5 y:m) Question IVC3 Child of Interest (COI) structural abnormalities of body (limbs, head or face) (Y=Yes, N=No, NA=Not Available)","Y, Y | N, N | NA, NA",,,,,,,y,,
ex_ivc4_bn_medical_conditions,Peds - Screening and Exclusion Form (0:0 to 4:5 y:m),,dropdown,"Screening and Exclusion Form (0:0 to 4:5 y:m) Question IVC4 Child of Interest (COI) medical conditions (e.g., PKU, hypothyroidism, hyperthyroidism, anemia) (Y=Yes, N=No, NA=Not Available)","Y, Y | N, N | NA, NA",,,,,,,y,,
ex_ivc8_bn_chromosomal_anomal,Peds - Screening and Exclusion Form (0:0 to 4:5 y:m),,dropdown,"Screening and Exclusion Form (0:0 to 4:5 y:m) Question IVC8 Child of Interest (COI) chromosomal/congenital anomalies (Downs, Turners, Klinefelters, Cleft lip) (Y=Yes, N=No, NA=Not Available)","Y, Y | N, N | NA, NA",,,,,,,y,,
ex_ivc9_bn_infections,Peds - Screening and Exclusion Form (0:0 to 4:5 y:m),,dropdown,"Screening and Exclusion Form (0:0 to 4:5 y:m) Question IVC9 Child of Interest (COI) infections (e.g., HIV, sepsis, toxoplasmosis, rubella, CMV, herpes, syphilis [ToRCHeS], hepatitis, meningitis (Y=Yes, N=No, NA=Not Available)","Y, Y | N, N | NA, NA",,,,,,,y,,
ex_va1_dev_non_fluent_english,Peds - Screening and Exclusion Form (0:0 to 4:5 y:m),,dropdown,"Screening and Exclusion Form (0:0 to 4:5 y:m) Question VA1 Child of Interest (COI) non-fluent in English, if age appropriate (Y=Yes, N=No, NA=Not Available)","Y, Y | N, N | NA, NA",,,,,,,y,,
ex_vc1_dev_chronic_med_cond,Peds - Screening and Exclusion Form (0:0 to 4:5 y:m),,dropdown,"Screening and Exclusion Form (0:0 to 4:5 y:m) Question VC1 Child of Interest (COI) chronic medical conditions (e.g., diabetes, kidney, or liver problems) (Y=Yes, N=No, NA=Not Available)","Y, Y | N, N | NA, NA",,,,,,,y,,
ex_vc3_dev_metal_frag_eye_face,Peds - Screening and Exclusion Form (0:0 to 4:5 y:m),,dropdown,"Screening and Exclusion Form (0:0 to 4:5 y:m) Question VC3 Child of Interest (COI) metal fragments in the eye or face (Y=Yes, N=No, NA=Not Available)","Y, Y | N, N | NA, NA",,,,,,,y,,
ex_vc4_dev_nr_piercings,Peds - Screening and Exclusion Form (0:0 to 4:5 y:m),,dropdown,"Screening and Exclusion Form (0:0 to 4:5 y:m) Question VC4 Child of Interest (COI) non-removable body piercings (Y=Yes, N=No, NA=Not Available)","Y, Y | N, N | NA, NA",,,,,,,y,,
ex_vc5_dev_system_rheum_ill,Peds - Screening and Exclusion Form (0:0 to 4:5 y:m),,dropdown,"Screening and Exclusion Form (0:0 to 4:5 y:m) Question VC5 Child of Interest (COI) systematic rheumatologic illness or disorder (e.g., arthritis) (Y=Yes, N=No, NA=Not Available)","Y, Y | N, N | NA, NA",,,,,,,y,,
ex_vc6_dev_malignancy_cancer,Peds - Screening and Exclusion Form (0:0 to 4:5 y:m),,dropdown,"Screening and Exclusion Form (0:0 to 4:5 y:m) Question VC6 Child of Interest (COI) malignancy or cancer (Y=Yes, N=No, NA=Not Available)","Y, Y | N, N | NA, NA",,,,,,,y,,
ex_vc9_dev_chemo_rad_therapy,Peds - Screening and Exclusion Form (0:0 to 4:5 y:m),,dropdown,"Screening and Exclusion Form (0:0 to 4:5 y:m) Question VC9 Child of Interest (COI) chemotherapy or radiation therapy (Y=Yes, N=No, NA=Not Available)","Y, Y | N, N | NA, NA",,,,,,,y,,
ex_vd11a_dev_other_neuro_cond,Peds - Screening and Exclusion Form (0:0 to 4:5 y:m),,dropdown,"Screening and Exclusion Form (0:0 to 4:5 y:m) Question VD11a Child of Interest (COI) Other diagnosed/treated neurological conditions (Y=Yes, N=No)","Y, Y | N, N | NA, NA",,,,,,,y,,
ex_vd1_dev_seizures,Peds - Screening and Exclusion Form (0:0 to 4:5 y:m),,dropdown,"Screening and Exclusion Form (0:0 to 4:5 y:m) Question VD1 Child of Interest (COI) seizures (all, including febrile seizures) (Y=Yes, N=No, NA=Not Available)","Y, Y | N, N | NA, NA",,,,,,,y,,
ex_vd2_dev_muscular_dystrophy,Peds - Screening and Exclusion Form (0:0 to 4:5 y:m),,dropdown,"Screening and Exclusion Form (0:0 to 4:5 y:m) Question VD2 Child of Interest (COI) Muscular Dystrophy (Y=Yes, N=No, NA=Not Available)","Y, Y | N, N | NA, NA",,,,,,,y,,
ex_vd4_dev_cns_infection,Peds - Screening and Exclusion Form (0:0 to 4:5 y:m),,dropdown,"Screening and Exclusion Form (0:0 to 4:5 y:m) Question VD4 Child of Interest (COI) CNS Infection (e.g., meningitis, encephalitis) (Y=Yes, N=No)","Y, Y | N, N | NA, NA",,,,,,,y,,
ex_vd6_dev_hearing_impairment,Peds - Screening and Exclusion Form (0:0 to 4:5 y:m),,dropdown,"Screening and Exclusion Form (0:0 to 4:5 y:m) Question VD6 Child of Interest (COI) hearing impairment requiring treatment/intervention (Y=Yes, N=No)","Y, Y | N, N | NA, NA",,,,,,,y,,
ex_vd7_dev_visual_impairment,Peds - Screening and Exclusion Form (0:0 to 4:5 y:m),,dropdown,"Screening and Exclusion Form (0:0 to 4:5 y:m) Question VD7 Child of Interest (COI) visual impairment (e.g., strabismus, visual disability [conventional glasses correction to 20/40 or better is not exclusionary]) (Y=Yes, N=No)","Y, Y | N, N | NA, NA",,,,,,,y,,
ex_vf10_dev_reactive_attch_dis,Peds - Screening and Exclusion Form (0:0 to 4:5 y:m),,dropdown,"Screening and Exclusion Form (0:0 to 4:5 y:m) Question VF10 Child of Interest (COI) diagnosed with Reactive Attachment Disorder (Y=Yes, N=No, NA=Not Available)","Y, Y | N, N | NA, NA",,,,,,,y,,
ex_vf11_dev_feed_dis_infancy,Peds - Screening and Exclusion Form (0:0 to 4:5 y:m),,dropdown,"Screening and Exclusion Form (0:0 to 4:5 y:m) Question VF11 Child of Interest (COI) diagnosed with Feeding Disorder of Infancy (Y=Yes, N=No, NA=Not Available)","Y, Y | N, N | NA, NA",,,,,,,y,,
ex_vf12_dev_pica,Peds - Screening and Exclusion Form (0:0 to 4:5 y:m),,dropdown,"Screening and Exclusion Form (0:0 to 4:5 y:m) Question VF12 Child of Interest (COI) diagnosed with Pica (Y=Yes, N=No, NA=Not Available)","Y, Y | N, N | NA, NA",,,,,,,y,,
ex_vf14_dev_selective_mutism,Peds - Screening and Exclusion Form (0:0 to 4:5 y:m),,dropdown,"Screening and Exclusion Form (0:0 to 4:5 y:m) Question VF14 Child of Interest (COI) diagnosed with Selective Mutism (Y=Yes, N=No, NA=Not Available)","Y, Y | N, N | NA, NA",,,,,,,y,,
ex_vf16_dev_stereo_move_dis,Peds - Screening and Exclusion Form (0:0 to 4:5 y:m),,dropdown,"Screening and Exclusion Form (0:0 to 4:5 y:m) Question VF16 Child of Interest (COI) diagnosed with Stereotypic Movement Disorder (Y=Yes, N=No, NA=Not Available)","Y, Y | N, N | NA, NA",,,,,,,y,,
ex_vf2_dev_separation_anxiety,Peds - Screening and Exclusion Form (0:0 to 4:5 y:m),,dropdown,"Screening and Exclusion Form (0:0 to 4:5 y:m) Question VF2 Child of Interest (COI) diagnosed with Separation Anxiety (Y=Yes, N=No, NA=Not Available)","Y, Y | N, N | NA, NA",,,,,,,y,,
ex_vf6_dev_pdd,Peds - Screening and Exclusion Form (0:0 to 4:5 y:m),,dropdown,"Screening and Exclusion Form (0:0 to 4:5 y:m) Question VF6 Child of Interest (COI) diagnosed with Pervasive Developmental Disorder (PDD) (e.g. Autism, Asperger Syndrome, etc.) (Y=Yes, N=No, NA=Not Available)","Y, Y | N, N | NA, NA",,,,,,,y,,
ex_vf7_dev_tic_disorder,Peds - Screening and Exclusion Form (0:0 to 4:5 y:m),,dropdown,"Screening and Exclusion Form (0:0 to 4:5 y:m) Question VF7 Child of Interest (COI) diagnosed with Tic Disorder (e.g., motor and vocal) (Y=Yes, N=No, NA=Not Available)","Y, Y | N, N | NA, NA",,,,,,,y,,
ex_vf8_dev_child_disintegr_dis,Peds - Screening and Exclusion Form (0:0 to 4:5 y:m),,dropdown,"Screening and Exclusion Form (0:0 to 4:5 y:m) Question VF8 Child of Interest (COI) diagnosed with Childhood Disintegration Disorder (Y=Yes, N=No, NA=Not Available)","Y, Y | N, N | NA, NA",,,,,,,y,,
ex_vf9_dev_retts_disorder,Peds - Screening and Exclusion Form (0:0 to 4:5 y:m),,dropdown,"Screening and Exclusion Form (0:0 to 4:5 y:m) Question VF9 Child of Interest (COI) diagnosed with Retts Disorder (Y=Yes, N=No, NA=Not Available)","Y, Y | N, N | NA, NA",,,,,,,y,,
ex_viiia10_n_tics,Peds - Screening and Exclusion Form (0:0 to 4:5 y:m),,dropdown,"Screening and Exclusion Form (0:0 to 4:5 y:m) Question VIIIA10 Neurological Exam 0:0 to 0:1 Child of Interest (COI) diagnosed with Tics (Y=Yes, N=No, NA=Not Available)","Y, Y | N, N | NA, NA",,,,,,,y,,
ex_viiia11_n_exo_esotropia,Peds - Screening and Exclusion Form (0:0 to 4:5 y:m),,dropdown,"Screening and Exclusion Form (0:0 to 4:5 y:m) Question VIIIA11 Neurological Exam 0:0 to 0:1 Child of Interest (COI) diagnosed with any clearly noticeable Exo- or Esotropia (Y=Yes, N=No, NA=Not Available)","Y, Y | N, N | NA, NA",,,,,,,y,,
ex_viiia13_n_asym_facial_move,Peds - Screening and Exclusion Form (0:0 to 4:5 y:m),,dropdown,"Screening and Exclusion Form (0:0 to 4:5 y:m) Question VIIIA13 Neurological Exam 0:0 to 0:1 Child of Interest (COI) diagnosed with Asymmetry of Facial Movement (Y=Yes, N=No, NA=Not Available)","Y, Y | N, N | NA, NA",,,,,,,y,,
ex_viiia16_n_strabismus,Peds - Screening and Exclusion Form (0:0 to 4:5 y:m),,dropdown,"Screening and Exclusion Form (0:0 to 4:5 y:m) Question VIIIA16 Neurological Exam 0:0 to 0:1 Child of Interest (COI) diagnosed with Strabismus (Y=Yes, N=No, NA=Not Available)","Y, Y | N, N | NA, NA",,,,,,,y,,
ex_viiia1b_n_dysmorph_labial,Peds - Screening and Exclusion Form (0:0 to 4:5 y:m),,dropdown,Screening and Exclusion Form (0:0 to 4:5 y:m) Question VIIIA1b Neurological Exam 0:0 to 0:1 Child of Interest (COI) diagnosed with Facial Dysmorphisms - repaired or unrepaired labial cleft,"Y, Y | N, N | NA, NA",,,,,,,y,,
ex_viiia1c_n_dysmorph_sturge,Peds - Screening and Exclusion Form (0:0 to 4:5 y:m),,dropdown,Screening and Exclusion Form (0:0 to 4:5 y:m) Question VIIIA1c Neurological Exam 0:0 to 0:1 Child of Interest (COI) diagnosed with Facial Dysmorphisms - facial stigmata of Sturge Weber disease,"Y, Y | N, N | NA, NA",,,,,,,y,,
ex_viiia1_n_dysmorphisms,Peds - Screening and Exclusion Form (0:0 to 4:5 y:m),,dropdown,"Screening and Exclusion Form (0:0 to 4:5 y:m) Question VIIIA1 Neurological Exam 0:0 to 0:1 Child of Interest (COI) diagnosed with Facial Dysmorphisms (Y=Yes, N=No, NA=Not Available)","Y, Y | N, N | NA, NA",,,,,,,y,,
ex_viiia2_n_hypertonia,Peds - Screening and Exclusion Form (0:0 to 4:5 y:m),,dropdown,"Screening and Exclusion Form (0:0 to 4:5 y:m) Question VIIIA2 Neurological Exam 0:0 to 0:1 Child of Interest (COI) diagnosed with mild, moderate, or severe Hypertonia (Y=Yes, N=No, NA=NotAvailable)","Y, Y | N, N | NA, NA",,,,,,,y,,
ex_viiia3_n_hypotonia,Peds - Screening and Exclusion Form (0:0 to 4:5 y:m),,dropdown,"Screening and Exclusion Form (0:0 to 4:5 y:m) Question VIIIA3 Neurological Exam 0:0 to 0:1 Child of Interest (COI) diagnosed with mild, moderate, or severe Hypotonia (Y=Yes, N=No, NA=Not Available)","Y, Y | N, N | NA, NA",,,,,,,y,,
ex_viiia5_n_clonus_ankle,Peds - Screening and Exclusion Form (0:0 to 4:5 y:m),,dropdown,"Screening and Exclusion Form (0:0 to 4:5 y:m) Question VIIIA5 Neurological Exam 0:0 to 0:1 Child of Interest (COI) diagnosed with >10 beats of Clonus at ankles (Y=Yes, N=No, NA=Not Available)","Y, Y | N, N | NA, NA",,,,,,,y,,
ex_viiia7_n_dystonia,Peds - Screening and Exclusion Form (0:0 to 4:5 y:m),,dropdown,"Screening and Exclusion Form (0:0 to 4:5 y:m) Question VIIIA7 Neurological Exam 0:0 to 0:1 Child of Interest (COI) diagnosed with Dystonia (Y=Yes, N=No, NA=Not Available)","Y, Y | N, N | NA, NA",,,,,,,y,,
ex_viiia_n_admin_status,Peds - Screening and Exclusion Form (0:0 to 4:5 y:m),,dropdown,Screening and Exclusion Form (0:0 to 4:5 y:m) Question VIIIA Neurological Exam 0:0 to 0:1 Was this exam administered to the Child of Interest (COI)?,"Y, Y | N, N | NA, NA",,,,,,,y,,
ex_viiib11_n_dysmetria,Peds - Screening and Exclusion Form (0:0 to 4:5 y:m),,dropdown,"Screening and Exclusion Form (0:0 to 4:5 y:m) Question VIIIB11 Neurological Exam 0:2 to 0:11 Child of Interest (COI) diagnosed with Dysmetria (Y=Yes, N=No, NA=Not Available)","Y, Y | N, N | NA, NA",,,,,,,y,,
ex_viiib14_n_nystagmus,Peds - Screening and Exclusion Form (0:0 to 4:5 y:m),,dropdown,"Screening and Exclusion Form (0:0 to 4:5 y:m) Question VIIIB14 Neurological Exam 0:2 to 0:11 Child of Interest (COI) diagnosed with jerk, pendular, rotatory, or monocular Nystagmus (Y=Yes, N=No, NA=Not Available)","Y, Y | N, N | NA, NA",,,,,,,y,,
ex_viiib17_n_ocular_motility,Peds - Screening and Exclusion Form (0:0 to 4:5 y:m),,dropdown,"Screening and Exclusion Form (0:0 to 4:5 y:m) Question VIIIB17 Neurological Exam 0:2 to 0:11 Child of Interest (COI) diagnosed with Ocular Motility Disturbance (Y=Yes, N=No, NA=Not Available)","Y, Y | N, N | NA, NA",,,,,,,y,,
ex_viiib18_n_strabismus,Peds - Screening and Exclusion Form (0:0 to 4:5 y:m),,dropdown,"Screening and Exclusion Form (0:0 to 4:5 y:m) Question VIIIB18 Neurological Exam 0:2 to 0:11 Child of Interest (COI) diagnosed with Strabismus (Y=Yes, N=No, NA=Not Available)","Y, Y | N, N | NA, NA",,,,,,,y,,
ex_viiib1c_n_dysmorph_sturge,Peds - Screening and Exclusion Form (0:0 to 4:5 y:m),,dropdown,Screening and Exclusion Form (0:0 to 4:5 y:m) Question VIIIB1c Neurological Exam 0:2 to 0:11 Child of Interest (COI) diagnosed with Facial Dysmorphisms - facial stigmata of Sturge Weber disease,"Y, Y | N, N | NA, NA",,,,,,,y,,
ex_viiib1d_n_dysmorph_tuberous,Peds - Screening and Exclusion Form (0:0 to 4:5 y:m),,dropdown,Screening and Exclusion Form (0:0 to 4:5 y:m) Question VIIIB1d Neurological Exam 0:2 to 0:11 Child of Interest (COI) diagnosed with Facial Dysmorphisms - facial stigmata of tuberous sclerosis,"Y, Y | N, N | NA, NA",,,,,,,y,,
ex_viiib1_n_dysmorphisms,Peds - Screening and Exclusion Form (0:0 to 4:5 y:m),,dropdown,"Screening and Exclusion Form (0:0 to 4:5 y:m) Question VIIIB1 Neurological Exam 0:2 to 0:11 Child of Interest (COI) diagnosed with Facial Dysmorphisms (Y=Yes, N=No, NA=Not Available)","Y, Y | N, N | NA, NA",,,,,,,y,,
ex_viiib3_n_hypotonia,Peds - Screening and Exclusion Form (0:0 to 4:5 y:m),,dropdown,"Screening and Exclusion Form (0:0 to 4:5 y:m) Question VIIIB3 Neurological Exam 0:2 to 0:11 Child of Interest (COI) diagnosed with mild, moderate, or severe Hypotonia (Y=Yes, N=No, NA=Not Available)","Y, Y | N, N | NA, NA",,,,,,,y,,
ex_viiib9_n_tremor,Peds - Screening and Exclusion Form (0:0 to 4:5 y:m),,dropdown,"Screening and Exclusion Form (0:0 to 4:5 y:m) Question VIIIB9 Neurological Exam 0:2 to 0:11 Child of Interest (COI) diagnosed with Tremor (Y=Yes, N=No, NA=Not Available)","Y, Y | N, N | NA, NA",,,,,,,y,,
ex_viiic10_n_dysmetria,Peds - Screening and Exclusion Form (0:0 to 4:5 y:m),,dropdown,"Screening and Exclusion Form (0:0 to 4:5 y:m) Question VIIIC10 Neurological Exam 1:0 to 2:11 Child of Interest (COI) diagnosed with Dysmetria (Y=Yes, N=No, NA=Not Available)","Y, Y | N, N | NA, NA",,,,,,,y,,
ex_viiic13_n_nystagmus,Peds - Screening and Exclusion Form (0:0 to 4:5 y:m),,dropdown,"Screening and Exclusion Form (0:0 to 4:5 y:m) Question VIIIC13 Neurological Exam 1:0 to 2:11 Child of Interest (COI) diagnosed with jerk, pendular, rotatory, or monocular Nystagmus (Y=Yes, N=No, NA=Not Available)","Y, Y | N, N | NA, NA",,,,,,,y,,
ex_viiic17_n_strabismus,Peds - Screening and Exclusion Form (0:0 to 4:5 y:m),,dropdown,"Screening and Exclusion Form (0:0 to 4:5 y:m) Question VIIIC17 Neurological Exam 1:0 to 2:11 Child of Interest (COI) diagnosed with Strabismus (Y=Yes, N=No, NA=Not Available)","Y, Y | N, N | NA, NA",,,,,,,y,,
ex_viiic1a_n_dysmorph_palatal,Peds - Screening and Exclusion Form (0:0 to 4:5 y:m),,dropdown,"Screening and Exclusion Form (0:0 to 4:5 y:m) Question VIIIC1a Neurological Exam 1:0 to 2:11 Child of Interest (COI) diagnosed with Facial Dysmorphisms - repaired or unrepaired palatal cleft (Y=Yes, N=No, NA=Not Available)","Y, Y | N, N | NA, NA",,,,,,,y,,
ex_viiic1d_n_dysmorph_tuberous,Peds - Screening and Exclusion Form (0:0 to 4:5 y:m),,dropdown,"Screening and Exclusion Form (0:0 to 4:5 y:m) Question VIIIC1d Neurological Exam 1:0 to 2:11 Child of Interest (COI) diagnosed with Facial Dysmorphisms - facial stigmata of tuberous sclerosis (Y=Yes, N=No, NA=Not Available)","Y, Y | N, N | NA, NA",,,,,,,y,,
ex_viiic2_n_hypertonia,Peds - Screening and Exclusion Form (0:0 to 4:5 y:m),,dropdown,"Screening and Exclusion Form (0:0 to 4:5 y:m) Question VIIIC2 Neurological Exam 1:0 to 2:11 Child of Interest (COI) diagnosed with mild, moderate, or severe Hypertonia (Y=Yes, N=No, NA=Not Available)","Y, Y | N, N | NA, NA",,,,,,,y,,
ex_viiic6_n_dystonia,Peds - Screening and Exclusion Form (0:0 to 4:5 y:m),,dropdown,"Screening and Exclusion Form (0:0 to 4:5 y:m) Question VIIIC6 Neurological Exam 1:0 to 2:11 Child of Interest (COI) diagnosed with Dystonia (Y=Yes, N=No, NA=Not Available)","Y, Y | N, N | NA, NA",,,,,,,y,,
ex_viiic7_n_choreoathetosis,Peds - Screening and Exclusion Form (0:0 to 4:5 y:m),,dropdown,"Screening and Exclusion Form (0:0 to 4:5 y:m) Question VIIIC7 Neurological Exam 1:0 to 2:11 Child of Interest (COI) diagnosed with Choreoathetosis (Y=Yes, N=No, NA=Not Available)","Y, Y | N, N | NA, NA",,,,,,,y,,
ex_viiic8_n_tremor,Peds - Screening and Exclusion Form (0:0 to 4:5 y:m),,dropdown,"Screening and Exclusion Form (0:0 to 4:5 y:m) Question VIIIC8 Neurological Exam 1:0 to 2:11 Child of Interest (COI) diagnosed with Tremor (Y=Yes, N=No, NA=Not Available)","Y, Y | N, N | NA, NA",,,,,,,y,,
ex_viiid14_n_asym_facial_move,Peds - Screening and Exclusion Form (0:0 to 4:5 y:m),,dropdown,"Screening and Exclusion Form (0:0 to 4:5 y:m) Question VIIID14 Neurological Exam 3:0 to 4:5 Child of Interest (COI) diagnosed with Asymmetry of Facial Movement (Y=Yes, N=No, NA=Not Available)","Y, Y | N, N | NA, NA",,,,,,,y,,
ex_viiid15_n_abn_visual_fields,Peds - Screening and Exclusion Form (0:0 to 4:5 y:m),,dropdown,"Screening and Exclusion Form (0:0 to 4:5 y:m) Question VIIID15 Neurological Exam 3:0 to 4:5 Child of Interest (COI) diagnosed with Abnormal Visual Fields (Y=Yes, N=No, NA=Not Available)","Y, Y | N, N | NA, NA",,,,,,,y,,
ex_viiid16_n_ocular_motility,Peds - Screening and Exclusion Form (0:0 to 4:5 y:m),,dropdown,"Screening and Exclusion Form (0:0 to 4:5 y:m) Question VIIID16 Neurological Exam 3:0 to 4:5 Child of Interest (COI) diagnosed with Ocular Motility Disturbance (Y=Yes, N=No, NA=Not Available)","Y, Y | N, N | NA, NA",,,,,,,y,,
ex_viiid1a_n_dysmorph_palatal,Peds - Screening and Exclusion Form (0:0 to 4:5 y:m),,dropdown,"Screening and Exclusion Form (0:0 to 4:5 y:m) Question VIIID1a Neurological Exam 3:0 to 4:5 Child of Interest (COI) diagnosed with Facial Dysmorphisms - repaired or unrepaired palatal cleft (Y=Yes, N=No, NA=Not Available)","Y, Y | N, N | NA, NA",,,,,,,y,,
ex_viiid1d_n_dysmorph_tuberous,Peds - Screening and Exclusion Form (0:0 to 4:5 y:m),,dropdown,"Screening and Exclusion Form (0:0 to 4:5 y:m) Question VIIID1d Neurological Exam 3:0 to 4:5 Child of Interest (COI) diagnosed with Facial Dysmorphisms - facial stigmata of tuberous sclerosis (Y=Yes, N=No, NA=Not Available)","Y, Y | N, N | NA, NA",,,,,,,y,,
ex_viiid1_n_dysmorphisms,Peds - Screening and Exclusion Form (0:0 to 4:5 y:m),,dropdown,"Screening and Exclusion Form (0:0 to 4:5 y:m) Question VIIID1 Neurological Exam 3:0 to 4:5 Child of Interest (COI) diagnosed with Facial Dysmorphisms (Y=Yes, N=No, NA=Not Available)","Y, Y | N, N | NA, NA",,,,,,,y,,
ex_viiid2_n_hypertonia,Peds - Screening and Exclusion Form (0:0 to 4:5 y:m),,dropdown,"Screening and Exclusion Form (0:0 to 4:5 y:m) Question VIIID2 Neurological Exam 3:0 to 4:5 Child of Interest (COI) diagnosed with mild, moderate, or severe Hypertonia (Y=Yes, N=No, NA=Not Available)","Y, Y | N, N | NA, NA",,,,,,,y,,
ex_viiid4_n_strength,Peds - Screening and Exclusion Form (0:0 to 4:5 y:m),,dropdown,"Screening and Exclusion Form (0:0 to 4:5 y:m) Question VIIID4 Neurological Exam 3:0 to 4:5 Child of Interest (COI) diagnosed with Strength <4/5 (Y=Yes, N=No, NA=Not Available)","Y, Y | N, N | NA, NA",,,,,,,y,,
ex_viiid5_n_clonus,Peds - Screening and Exclusion Form (0:0 to 4:5 y:m),,dropdown,"Screening and Exclusion Form (0:0 to 4:5 y:m) Question VIIID5 Neurological Exam 3:0 to 4:5 Child of Interest (COI) diagnosed with Clonus at any site (Y=Yes, N=No, NA=Not Available)","Y, Y | N, N | NA, NA",,,,,,,y,,
ex_viiid6_n_dystonia,Peds - Screening and Exclusion Form (0:0 to 4:5 y:m),,dropdown,"Screening and Exclusion Form (0:0 to 4:5 y:m) Question VIIID6 Neurological Exam 3:0 to 4:5 Child of Interest (COI) diagnosed with Dystonia (Y=Yes, N=No, NA=Not Available)","Y, Y | N, N | NA, NA",,,,,,,y,,
ex_ia_demo_parents_uncom_engl,Peds - Screening and Exclusion Form (0:0 to 4:5 y:m),,dropdown,Screening and Exclusion Form (0:0 to 4:5 y:m) Question IA Both biological mother and father of the Child of Interest (COI) are uncomfortable reading English documents (One parent uncomfortable with reading English is not exclusionary),"Y, Y | N, N | NA, NA",,,,,,,y,,
ex_ib_demo_adopted_or_osd,Peds - Screening and Exclusion Form (0:0 to 4:5 y:m),,dropdown,"Screening and Exclusion Form (0:0 to 4:5 y:m) Question IB Child of Interest (COI) adopted or product of ovum/sperm donation (Y=Yes, N=No, NA=Not Available)","Y, Y | N, N | NA, NA",,,,,,,y,,
ex_iia2_preg_mom_age_ran_birth,Peds - Screening and Exclusion Form (0:0 to 4:5 y:m),,dropdown,"Screening and Exclusion Form (0:0 to 4:5 y:m) Question IIA2 Maternal age at Child of Interest (COI) birth <16 years or >44 years (Y=Yes, N=No, NA=Not Available)","Y, Y | N, N | NA, NA",,,,,,,y,,
ex_iib3a_preg_mom_ex_meds_used,Peds - Screening and Exclusion Form (0:0 to 4:5 y:m),,dropdown,"Screening and Exclusion Form (0:0 to 4:5 y:m) Question IIB3a Maternal exclusionary medications used during pregnancy with Child of Interest (COI) from Appendix A (Y=Yes, N=No, NA=Not Available)","Y, Y | N, N | NA, NA",,,,,,,y,,
ex_iic3_preg_mom_strct_bedrest,Peds - Screening and Exclusion Form (0:0 to 4:5 y:m),,dropdown,"Screening and Exclusion Form (0:0 to 4:5 y:m) Question IIC3 Maternal strict bed rest >6 weeks duration during pregnancy with Child of Interest (COI) (Y=Yes, N=No, NA=Not Available)","Y, Y | N, N | NA, NA",,,,,,,y,,
ex_iic4_preg_mom_hospital_ad,Peds - Screening and Exclusion Form (0:0 to 4:5 y:m),,dropdown,"Screening and Exclusion Form (0:0 to 4:5 y:m) Question IIC4 Maternal pre-delivery hospital admissions related to pregnancy, during pregnancy with Child of Interest (COI) (Y=Yes, N=No, NA=Not Available)","Y, Y | N, N | NA, NA",,,,,,,y,,
ex_iic6_preg_mom_premature_rup,Peds - Screening and Exclusion Form (0:0 to 4:5 y:m),,dropdown,"Screening and Exclusion Form (0:0 to 4:5 y:m) Question IIC6 Maternal premature rupture of membranes >24 hours prior to delivery of Child of Interest (COI) (Y=Yes, N=No, NA=Not Available)","Y, Y | N, N | NA, NA",,,,,,,y,,
ex_iic8_preg_mom_medical_cond,Peds - Screening and Exclusion Form (0:0 to 4:5 y:m),,dropdown,"Screening and Exclusion Form (0:0 to 4:5 y:m) Question IIC8 Maternal medical conditions during pregnancy with Child of Interest (COI) (Y=Yes, N=No, NA=Not Available)","Y, Y | N, N | NA, NA",,,,,,,y,,
ex_iic9_preg_mom_infection_del,Peds - Screening and Exclusion Form (0:0 to 4:5 y:m),,dropdown,"Screening and Exclusion Form (0:0 to 4:5 y:m) Question IIC9 Maternal infections around time of delivery of Child of Interest (COI) (e.g., HIV, sepsis, toxoplasmosis, rubella, CMV, herpes, syphilis [ToRCHeS], hepatitis, positive culture (fever)","Y, Y | N, N | NA, NA",,,,,,,y,,
ex_iiia_del_c_section_distress,Peds - Screening and Exclusion Form (0:0 to 4:5 y:m),,dropdown,"Screening and Exclusion Form (0:0 to 4:5 y:m) Question IIIA C-section performed secondary to Child of Interest (COI) or maternal medical distress (Y=Yes, N=No, NA=Not Available)","Y, Y | N, N | NA, NA",,,,,,,y,,
ex_iiib_del_multiple_births,Peds - Screening and Exclusion Form (0:0 to 4:5 y:m),,dropdown,"Screening and Exclusion Form (0:0 to 4:5 y:m) Question IIIB Multiple Births (e.g., Child of Interest (COI) a twin, triplet, etc.) (Y=Yes, N=No, NA=Not Available)","Y, Y | N, N | NA, NA",,,,,,,y,,
ex_iiid_del_vacuum_extraction,Peds - Screening and Exclusion Form (0:0 to 4:5 y:m),,dropdown,"Screening and Exclusion Form (0:0 to 4:5 y:m) Question IIID Vacuum Extraction used during delivery of the Child of Interest (COI) (Y=Yes, N=No, NA=Not Available)","Y, Y | N, N | NA, NA",,,,,,,y,,
ex_ivb1c_bn_body_wt_less_5_pct,Peds - Screening and Exclusion Form (0:0 to 4:5 y:m),,dropdown,"Screening and Exclusion Form (0:0 to 4:5 y:m) Question IVB1c Was the Child of Interest (COI) birth body weight less than the 5th percentile? (Y=Yes, N=No, NA=Not Available)","Y, Y | N, N | NA, NA",,,,,,,y,,
ex_ivb3a_bn_birth_ofc_cm,Peds - Screening and Exclusion Form (0:0 to 4:5 y:m),,text,Screening and Exclusion Form (0:0 to 4:5 y:m) Question IVB3a Child of Interest (COI) birth Head Circumference (OFC) in centimeters,,,,,,,,y,,
ex_ivb3b_bn_birth_ofc_perc,Peds - Screening and Exclusion Form (0:0 to 4:5 y:m),,text,Screening and Exclusion Form (0:0 to 4:5 y:m) Question IVB3b Child of Interest (COI) birth Head Circumference (OFC) percentile,,,,,,,,y,,
ex_ivb4b_bn_wt_lgth_less_5_pct,Peds - Screening and Exclusion Form (0:0 to 4:5 y:m),,dropdown,"Screening and Exclusion Form (0:0 to 4:5 y:m) Question IVB4b Was the Child of Interest (COI) weight-for-length or stature at birth less than the 5th percentile? (Y=Yes, N=No, NA=Not Available)","Y, Y | N, N | NA, NA",,,,,,,y,,
ex_ivb5a_bn_apgar_at_1_minute,Peds - Screening and Exclusion Form (0:0 to 4:5 y:m),,text,"Screening and Exclusion Form (0:0 to 4:5 y:m) Question IVB5a Child of Interest (COI) Apgar score at 1 minute (0, 1, 2, 3, 4, 5, 6, 7, 8, 9, 10)",,,,,,,,y,,
ex_ivb5b_bn_apgar_at_5_minutes,Peds - Screening and Exclusion Form (0:0 to 4:5 y:m),,text,"Screening and Exclusion Form (0:0 to 4:5 y:m) Question IVB5b Child of Interest (COI) Apgar score at 5 minutes (0, 1, 2, 3, 4, 5, 6, 7, 8, 9, 10)",,,,,,,,y,,
ex_ivb5c_bn_apgar_less_8at5min,Peds - Screening and Exclusion Form (0:0 to 4:5 y:m),,dropdown,"Screening and Exclusion Form (0:0 to 4:5 y:m) Question IVB5c Was the Child of Interest (COI) Apgar score less than 8 at 5 minutes? (Y=Yes, N=No, NA=Not Available)","Y, Y | N, N | NA, NA",,,,,,,y,,
ex_ivc2_bn_hyperbilirubinemia,Peds - Screening and Exclusion Form (0:0 to 4:5 y:m),,dropdown,"Screening and Exclusion Form (0:0 to 4:5 y:m) Question IVC2 Child of Interest (COI) hyperbilirubinemia requiring transfusion, phototherapy, or bili-blanket >48 hours, or, hospital re-admission with treatment (Y=Yes, N=No, NA=Not Available)","Y, Y | N, N | NA, NA",,,,,,,y,,
ex_ivc5_bn_resp_distress,Peds - Screening and Exclusion Form (0:0 to 4:5 y:m),,dropdown,"Screening and Exclusion Form (0:0 to 4:5 y:m) Question IVC5 Child of Interest (COI) respiratory distress (e.g., chest compression, intubation, ventilator, supplemental oxygen, meconium, pneumonia) (Y=Yes, N=No, NA=Not Available)","Y, Y | N, N | NA, NA",,,,,,,y,,
ex_ivc6a_bn_admitted_neonatal,Peds - Screening and Exclusion Form (0:0 to 4:5 y:m),,dropdown,"Screening and Exclusion Form (0:0 to 4:5 y:m) Question IVC6a Child of Interest (COI) admitted to specialized neonatal care unit (ex. NICU) (Y=Yes, N=No, NA=Not Available)","Y, Y | N, N | NA, NA",,,,,,,y,,
ex_ivc7_bn_heart_disease_surg,Peds - Screening and Exclusion Form (0:0 to 4:5 y:m),,dropdown,"Screening and Exclusion Form (0:0 to 4:5 y:m) Question IVC7 Child of Interest (COI) heart disease or heart surgery (Y=Yes, N=No, NA=Not Available)","Y, Y | N, N | NA, NA",,,,,,,y,,
ex_va2a_dev_mom_drug_breastfed,Peds - Screening and Exclusion Form (0:0 to 4:5 y:m),,dropdown,"Screening and Exclusion Form (0:0 to 4:5 y:m) Question VA2a If Child of Interest (COI) breastfed: Exclusionary maternal medications and drugs of abuse from Appendix A (Y=Yes, N=No, NA=Not Available)","Y, Y | N, N | NA, NA",,,,,,,y,,
ex_vc10_dev_nr_dental_work,Peds - Screening and Exclusion Form (0:0 to 4:5 y:m),,dropdown,"Screening and Exclusion Form (0:0 to 4:5 y:m) Question VC10 Child of Interest (COI) non-removable metal dental work (e.g., braces, retainer [tooth fillings are not exclusionary]) (Y=Yes, N=No, NA=Not Available)","Y, Y | N, N | NA, NA",,,,,,,y,,
ex_vc11_dev_congenital_abnorm,Peds - Screening and Exclusion Form (0:0 to 4:5 y:m),,dropdown,"Screening and Exclusion Form (0:0 to 4:5 y:m) Question VC11 Child of Interest (COI) congenital abnormalities of face, head, or limbs (Y=Yes, N=No, NA=Not Available)","Y, Y | N, N | NA, NA",,,,,,,y,,
ex_vc12a_dev_exclusionary_meds,Peds - Screening and Exclusion Form (0:0 to 4:5 y:m),,dropdown,"Screening and Exclusion Form (0:0 to 4:5 y:m) Question VC12a Child of Interest (COI) exclusionary medications used during past year from Appendix A (Y=Yes, N=No, NA=Not Available)","Y, Y | N, N | NA, NA",,,,,,,y,,
ex_vc2_dev_metal_implants,Peds - Screening and Exclusion Form (0:0 to 4:5 y:m),,dropdown,"Screening and Exclusion Form (0:0 to 4:5 y:m) Question VC2 Child of Interest (COI) metal implants (e.g., pacemaker, electronic medical implants, teeth braces, pins) (Y=Yes, N=No, NA=Not Available)","Y, Y | N, N | NA, NA",,,,,,,y,,
ex_vc7_dev_sign_heart_disease,Peds - Screening and Exclusion Form (0:0 to 4:5 y:m),,dropdown,"Screening and Exclusion Form (0:0 to 4:5 y:m) Question VC7 Child of Interest (COI) significant heart disease (Y=Yes, N=No, NA=Not Available)","Y, Y | N, N | NA, NA",,,,,,,y,,
ex_vc8_dev_major_surgery,Peds - Screening and Exclusion Form (0:0 to 4:5 y:m),,dropdown,"Screening and Exclusion Form (0:0 to 4:5 y:m) Question VC8 Child of Interest (COI) major surgery (e.g., neuro, heart) (Y=Yes, N=No, NA=Not Available)","Y, Y | N, N | NA, NA",,,,,,,y,,
ex_vd10_dev_cns_radiotherapy,Peds - Screening and Exclusion Form (0:0 to 4:5 y:m),,dropdown,"Screening and Exclusion Form (0:0 to 4:5 y:m) Question VD10 Child of Interest (COI) CNS Radiotherapy (e.g., radiation treatment for cancer) (Y=Yes, N=No)","Y, Y | N, N | NA, NA",,,,,,,y,,
ex_vd3_dev_myotonic_dystrophy,Peds - Screening and Exclusion Form (0:0 to 4:5 y:m),,dropdown,"Screening and Exclusion Form (0:0 to 4:5 y:m) Question VD3 Child of Interest (COI) Myotonic Dystrophy (e.g., muscle disease) (Y=Yes, N=No)","Y, Y | N, N | NA, NA",,,,,,,y,,
ex_vd5_dev_closed_head_injury,Peds - Screening and Exclusion Form (0:0 to 4:5 y:m),,dropdown,"Screening and Exclusion Form (0:0 to 4:5 y:m) Question VD5 Child of Interest (COI) closed head injury (e.g., >5 minutes loss of consciousness, overnight hospital stay) (Y=Yes, N=No)","Y, Y | N, N | NA, NA",,,,,,,y,,
ex_vd8_dev_tuberous_sclerosis,Peds - Screening and Exclusion Form (0:0 to 4:5 y:m),,dropdown,"Screening and Exclusion Form (0:0 to 4:5 y:m) Question VD8 Child of Interest (COI) Tuberous Sclerosis (e.g., brain lesion causing seizures, skin lesions) (Y=Yes, N=No)","Y, Y | N, N | NA, NA",,,,,,,y,,
ex_vd9_dev_neurofibromatosis,Peds - Screening and Exclusion Form (0:0 to 4:5 y:m),,dropdown,"Screening and Exclusion Form (0:0 to 4:5 y:m) Question VD9 Child of Interest (COI) Neurofibromatosis (Y=Yes, N=No)","Y, Y | N, N | NA, NA",,,,,,,y,,
ex_ve1_dev_lang_learning_dis,Peds - Screening and Exclusion Form (0:0 to 4:5 y:m),,dropdown,"Screening and Exclusion Form (0:0 to 4:5 y:m) Question VE1 Child of Interest (COI) Significant language or learning disorder program or treatment (Y=Yes, N=No, NA=Not Available)","Y, Y | N, N | NA, NA",,,,,,,y,,
ex_ve2_dev_special_educ_pl,Peds - Screening and Exclusion Form (0:0 to 4:5 y:m),,dropdown,"Screening and Exclusion Form (0:0 to 4:5 y:m) Question VE2 Child of Interest (COI) Special types of educational placement (Y=Yes, N=No, NA=Not Available)","Y, Y | N, N | NA, NA",,,,,,,y,,
ex_ve3_dev_occupational_therap,Peds - Screening and Exclusion Form (0:0 to 4:5 y:m),,dropdown,"Screening and Exclusion Form (0:0 to 4:5 y:m) Question VE3 Child of Interest (COI) Occupational therapy related to medical or neurological exclusion (current or past) (Y=Yes, N=No, NA=Not Available)","Y, Y | N, N | NA, NA",,,,,,,y,,
ex_ve4_dev_physical_therapy,Peds - Screening and Exclusion Form (0:0 to 4:5 y:m),,dropdown,"Screening and Exclusion Form (0:0 to 4:5 y:m) Question VE4 Child of Interest (COI) Physical therapy related to medical or neurological exclusion (current or past) (Y=Yes, N=No, NA=Not Available)","Y, Y | N, N | NA, NA",,,,,,,y,,
ex_ve5_dev_lead,Peds - Screening and Exclusion Form (0:0 to 4:5 y:m),,dropdown,"Screening and Exclusion Form (0:0 to 4:5 y:m) Question VE5 Child of Interest (COI) Tested for lead and clinic treatment or intervention (e.g., hospitalization, medications, chelation, change in diet or environment) (Y=Yes, N=No, NA=Not Available)","Y, Y | N, N | NA, NA",,,,,,,y,,
ex_vf13_dev_rumination_dis,Peds - Screening and Exclusion Form (0:0 to 4:5 y:m),,dropdown,"Screening and Exclusion Form (0:0 to 4:5 y:m) Question VF13 Child of Interest (COI) diagnosed with Rumination Disorder (Y=Yes, N=No, NA=Not Available)","Y, Y | N, N | NA, NA",,,,,,,y,,
ex_vf15_dev_tourettes_syndrome,Peds - Screening and Exclusion Form (0:0 to 4:5 y:m),,dropdown,"Screening and Exclusion Form (0:0 to 4:5 y:m) Question VF15 Child of Interest (COI) diagnosed with Tourettes Syndrome (Y=Yes, N=No, NA=Not Available)","Y, Y | N, N | NA, NA",,,,,,,y,,
ex_vf1_dev_mood,Peds - Screening and Exclusion Form (0:0 to 4:5 y:m),,dropdown,"Screening and Exclusion Form (0:0 to 4:5 y:m) Question VF1 Child of Interest (COI) diagnosed with a Mood Disorder (Y=Yes, N=No, NA=Not Available)","Y, Y | N, N | NA, NA",,,,,,,y,,
ex_vf3_dev_conduct_disorder,Peds - Screening and Exclusion Form (0:0 to 4:5 y:m),,dropdown,"Screening and Exclusion Form (0:0 to 4:5 y:m) Question VF3 Child of Interest (COI) diagnosed with Conduct Disorder (Y=Yes, N=No, NA=Not Available)","Y, Y | N, N | NA, NA",,,,,,,y,,
ex_vf4_dev_adhd,Peds - Screening and Exclusion Form (0:0 to 4:5 y:m),,dropdown,"Screening and Exclusion Form (0:0 to 4:5 y:m) Question VF4 Child of Interest (COI) diagnosed with Attention Deficit-Hyperactivity Disorder (Y=Yes, N=No, NA=Not Available)","Y, Y | N, N | NA, NA",,,,,,,y,,
ex_vf5_dev_ocd,Peds - Screening and Exclusion Form (0:0 to 4:5 y:m),,dropdown,"Screening and Exclusion Form (0:0 to 4:5 y:m) Question VF5 Child of Interest (COI) diagnosed with Obsessive Compulsive Disorder (Y=Yes, N=No, NA=Not Available)","Y, Y | N, N | NA, NA",,,,,,,y,,
ex_viiia12_n_nystagmus,Peds - Screening and Exclusion Form (0:0 to 4:5 y:m),,dropdown,"Screening and Exclusion Form (0:0 to 4:5 y:m) Question VIIIA12 Neurological Exam 0:0 to 0:1 Child of Interest (COI) diagnosed with jerk, pendular, rotatory, or monocular Nystagmus (Y=Yes, N=No, NA=Not Available)","Y, Y | N, N | NA, NA",,,,,,,y,,
ex_viiia14_n_abn_visual_fields,Peds - Screening and Exclusion Form (0:0 to 4:5 y:m),,dropdown,"Screening and Exclusion Form (0:0 to 4:5 y:m) Question VIIIA14 Neurological Exam 0:0 to 0:1 Child of Interest (COI) diagnosed with Abnormal Visual Fields (Y=Yes, N=No, NA=Not Available)","Y, Y | N, N | NA, NA",,,,,,,y,,
ex_viiia15_n_ocular_motility,Peds - Screening and Exclusion Form (0:0 to 4:5 y:m),,dropdown,"Screening and Exclusion Form (0:0 to 4:5 y:m) Question VIIIA15 Neurological Exam 0:0 to 0:1 Child of Interest (COI) diagnosed with Ocular Motility Disturbance (Y=Yes, N=No, NA=Not Available)","Y, Y | N, N | NA, NA",,,,,,,y,,
ex_viiia17_n_abn_facial_move,Peds - Screening and Exclusion Form (0:0 to 4:5 y:m),,dropdown,"Screening and Exclusion Form (0:0 to 4:5 y:m) Question VIIIA17 Neurological Exam 0:0 to 0:1 Child of Interest (COI) diagnosed with Markedly Abnormal Facial Movement (Y=Yes, N=No, NA=Not Available)","Y, Y | N, N | NA, NA",,,,,,,y,,
ex_viiia1a_n_dysmorph_palatal,Peds - Screening and Exclusion Form (0:0 to 4:5 y:m),,dropdown,Screening and Exclusion Form (0:0 to 4:5 y:m) Question VIIIA1a Neurological Exam 0:0 to 0:1 Child of Interest (COI) diagnosed with Facial Dysmorphisms - repaired or unrepaired palatal cleft,"Y, Y | N, N | NA, NA",,,,,,,y,,
ex_viiia1d_n_dysmorph_tuberous,Peds - Screening and Exclusion Form (0:0 to 4:5 y:m),,dropdown,Screening and Exclusion Form (0:0 to 4:5 y:m) Question VIIIA1d Neurological Exam 0:0 to 0:1 Child of Interest (COI) diagnosed with Facial Dysmorphisms - facial stigmata of tuberous sclerosis,"Y, Y | N, N | NA, NA",,,,,,,y,,
ex_viiia4_n_strength,Peds - Screening and Exclusion Form (0:0 to 4:5 y:m),,dropdown,"Screening and Exclusion Form (0:0 to 4:5 y:m) Question VIIIA4 Neurological Exam 0:0 to 0:1 Child of Interest (COI) diagnosed with Strength <4/5 (Y=Yes, N=No, NA=Not Available)","Y, Y | N, N | NA, NA",,,,,,,y,,
ex_viiia6_n_clonus_other,Peds - Screening and Exclusion Form (0:0 to 4:5 y:m),,dropdown,"Screening and Exclusion Form (0:0 to 4:5 y:m) Question VIIIA6 Neurological Exam 0:0 to 0:1 Child of Interest (COI) diagnosed with Clonus at site other than ankle (Y=Yes, N=No, NA=Not Available)","Y, Y | N, N | NA, NA",,,,,,,y,,
ex_viiia8_n_choreoathetosis,Peds - Screening and Exclusion Form (0:0 to 4:5 y:m),,dropdown,"Screening and Exclusion Form (0:0 to 4:5 y:m) Question VIIIA8 Neurological Exam 0:0 to 0:1 Child of Interest (COI) diagnosed with Choreoathetosis (Y=Yes, N=No, NA=Not Available)","Y, Y | N, N | NA, NA",,,,,,,y,,
ex_viiia9_n_tremor,Peds - Screening and Exclusion Form (0:0 to 4:5 y:m),,dropdown,"Screening and Exclusion Form (0:0 to 4:5 y:m) Question VIIIA9 Neurological Exam 0:0 to 0:1 Child of Interest (COI) diagnosed with Tremor (Y=Yes, N=No, NA=Not Available)","Y, Y | N, N | NA, NA",,,,,,,y,,
ex_viiib10_n_tics,Peds - Screening and Exclusion Form (0:0 to 4:5 y:m),,dropdown,"Screening and Exclusion Form (0:0 to 4:5 y:m) Question VIIIB10 Neurological Exam 0:2 to 0:11 Child of Interest (COI) diagnosed with Tics (Y=Yes, N=No, NA=Not Available)","Y, Y | N, N | NA, NA",,,,,,,y,,
ex_viiib12_n_ataxia,Peds - Screening and Exclusion Form (0:0 to 4:5 y:m),,dropdown,"Screening and Exclusion Form (0:0 to 4:5 y:m) Question VIIIB12 Neurological Exam 0:2 to 0:11 Child of Interest (COI) diagnosed with Ataxia (Y=Yes, N=No, NA=Not Available)","Y, Y | N, N | NA, NA",,,,,,,y,,
ex_viiib13_n_exo_esotropia,Peds - Screening and Exclusion Form (0:0 to 4:5 y:m),,dropdown,"Screening and Exclusion Form (0:0 to 4:5 y:m) Question VIIIB13 Neurological Exam 0:2 to 0:11 Child of Interest (COI) diagnosed with any clearly noticeable Exo- or Esotropia (Y=Yes, N=No, NA=Not Available)","Y, Y | N, N | NA, NA",,,,,,,y,,
ex_viiib15_n_asym_facial_move,Peds - Screening and Exclusion Form (0:0 to 4:5 y:m),,dropdown,"Screening and Exclusion Form (0:0 to 4:5 y:m) Question VIIIB15 Neurological Exam 0:2 to 0:11 Child of Interest (COI) diagnosed with Asymmetry of Facial Movement (Y=Yes, N=No, NA=Not Available)","Y, Y | N, N | NA, NA",,,,,,,y,,
ex_viiib16_n_abn_visual_field,Peds - Screening and Exclusion Form (0:0 to 4:5 y:m),,dropdown,"Screening and Exclusion Form (0:0 to 4:5 y:m) Question VIIIB16 Neurological Exam 0:2 to 0:11 Child of Interest (COI) diagnosed with Abnormal Visual Fields (Y=Yes, N=No, NA=Not Available)","Y, Y | N, N | NA, NA",,,,,,,y,,
ex_viiib19_n_abnfacial_move,Peds - Screening and Exclusion Form (0:0 to 4:5 y:m),,dropdown,"Screening and Exclusion Form (0:0 to 4:5 y:m) Question VIIIB19 Neurological Exam 0:2 to 0:11 Child of Interest (COI) diagnosed with Markedly Abnormal Facial Movement (Y=Yes, N=No, NA=Not Available)","Y, Y | N, N | NA, NA",,,,,,,y,,
ex_viiib1a_n_dysmorph_palatal,Peds - Screening and Exclusion Form (0:0 to 4:5 y:m),,dropdown,Screening and Exclusion Form (0:0 to 4:5 y:m) Question VIIIB1a Neurological Exam 0:2 to 0:11 Child of Interest (COI) diagnosed with Facial Dysmorphisms - repaired or unrepaired palatal cleft,"Y, Y | N, N | NA, NA",,,,,,,y,,
ex_viiib1b_n_dysmorph_labial,Peds - Screening and Exclusion Form (0:0 to 4:5 y:m),,dropdown,Screening and Exclusion Form (0:0 to 4:5 y:m) Question VIIIB1b Neurological Exam 0:2 to 0:11 Child of Interest (COI) diagnosed with Facial Dysmorphisms - repaired or unrepaired labial cleft,"Y, Y | N, N | NA, NA",,,,,,,y,,
ex_viiib20_n_cannot_sit_indep,Peds - Screening and Exclusion Form (0:0 to 4:5 y:m),,dropdown,"Screening and Exclusion Form (0:0 to 4:5 y:m) Question VIIIB20 Neurological Exam 0:2 to 0:11 Child of Interest (COI) diagnosed with inability to sit independently by 8 months (Y=Yes, N=No, NA=Not Available)","Y, Y | N, N | NA, NA",,,,,,,y,,
ex_viiib21_n_cannot_roll,Peds - Screening and Exclusion Form (0:0 to 4:5 y:m),,dropdown,"Screening and Exclusion Form (0:0 to 4:5 y:m) Question VIIIB21 Neurological Exam 0:2 to 0:11 Child of Interest (COI) diagnosed with inability to roll from front to back or back to front by 6 months (Y=Yes, N=No, NA=Not Available)","Y, Y | N, N | NA, NA",,,,,,,y,,
ex_viiib22_n_tonic_neck_reflex,Peds - Screening and Exclusion Form (0:0 to 4:5 y:m),,dropdown,"Screening and Exclusion Form (0:0 to 4:5 y:m) Question VIIIB22 Neurological Exam 0:2 to 0:11 Child of Interest (COI) diagnosed with present tonic neck reflex after 7 months (Y=Yes, N=No, NA=Not Available)","Y, Y | N, N | NA, NA",,,,,,,y,,
ex_viiib2_n_hypertonia,Peds - Screening and Exclusion Form (0:0 to 4:5 y:m),,dropdown,"Screening and Exclusion Form (0:0 to 4:5 y:m) Question VIIIB2 Neurological Exam 0:2 to 0:11 Child of Interest (COI) diagnosed with mild, moderate, or severe Hypertonia (Y=Yes, N=No, NA=Not Available)","Y, Y | N, N | NA, NA",,,,,,,y,,
ex_viiib4_n_strength,Peds - Screening and Exclusion Form (0:0 to 4:5 y:m),,dropdown,"Screening and Exclusion Form (0:0 to 4:5 y:m) Question VIIIB4 Neurological Exam 0:2 to 0:11 Child of Interest (COI) diagnosed with Strength <4/5 (Y=Yes, N=No, NA=Not Available)","Y, Y | N, N | NA, NA",,,,,,,y,,
ex_viiib5_n_clonus_ankle,Peds - Screening and Exclusion Form (0:0 to 4:5 y:m),,dropdown,Screening and Exclusion Form (0:0 to 4:5 y:m) Question VIIIB5 Neurological Exam 0:2 to 0:11 Child of Interest (COI) diagnosed with >5 beats of Clonus at ankles for children 2-4 months of age; any ankle Clonus in children >4 months of age,"Y, Y | N, N | NA, NA",,,,,,,y,,
ex_viiib6_n_clonus_other,Peds - Screening and Exclusion Form (0:0 to 4:5 y:m),,dropdown,"Screening and Exclusion Form (0:0 to 4:5 y:m) Question VIIIB6 Neurological Exam 0:2 to 0:11 Child of Interest (COI) diagnosed with Clonus at site other than ankle (Y=Yes, N=No, NA=Not Available)","Y, Y | N, N | NA, NA",,,,,,,y,,
ex_viiib7_n_dystonia,Peds - Screening and Exclusion Form (0:0 to 4:5 y:m),,dropdown,"Screening and Exclusion Form (0:0 to 4:5 y:m) Question VIIIB7 Neurological Exam 0:2 to 0:11 Child of Interest (COI) diagnosed with Dystonia (Y=Yes, N=No, NA=Not Available)","Y, Y | N, N | NA, NA",,,,,,,y,,
ex_viiib8_n_choreoathetosis,Peds - Screening and Exclusion Form (0:0 to 4:5 y:m),,dropdown,"Screening and Exclusion Form (0:0 to 4:5 y:m) Question VIIIB8 Neurological Exam 0:2 to 0:11 Child of Interest (COI) diagnosed with Choreoathetosis (Y=Yes, N=No, NA=Not Available)","Y, Y | N, N | NA, NA",,,,,,,y,,
ex_viiib_n_admin_status,Peds - Screening and Exclusion Form (0:0 to 4:5 y:m),,dropdown,"Screening and Exclusion Form (0:0 to 4:5 y:m) Question VIIIB Neurological Exam 0:2 to 0:11 Was this exam administered to the Child of Interest (COI) (Y=Yes, N=No, NA=Not Available)?","Y, Y | N, N | NA, NA",,,,,,,y,,
ex_viiic11_n_ataxia,Peds - Screening and Exclusion Form (0:0 to 4:5 y:m),,dropdown,"Screening and Exclusion Form (0:0 to 4:5 y:m) Question VIIIC11 Neurological Exam 1:0 to 2:11 Child of Interest (COI) diagnosed with Ataxia (Y=Yes, N=No, NA=Not Available)","Y, Y | N, N | NA, NA",,,,,,,y,,
ex_viiic12_n_exo_esotropia,Peds - Screening and Exclusion Form (0:0 to 4:5 y:m),,dropdown,"Screening and Exclusion Form (0:0 to 4:5 y:m) Question VIIIC12 Neurological Exam 1:0 to 2:11 Child of Interest (COI) diagnosed with any clearly noticeable Exo- or Esotropia (Y=Yes, N=No, NA=Not Available)","Y, Y | N, N | NA, NA",,,,,,,y,,
ex_viiic14_n_asym_facial_move,Peds - Screening and Exclusion Form (0:0 to 4:5 y:m),,dropdown,"Screening and Exclusion Form (0:0 to 4:5 y:m) Question VIIIC14 Neurological Exam 1:0 to 2:11 Child of Interest (COI) diagnosed with Asymmetry of Facial Movement (Y=Yes, N=No, NA=Not Available)","Y, Y | N, N | NA, NA",,,,,,,y,,
ex_viiic15_n_abn_visual_field,Peds - Screening and Exclusion Form (0:0 to 4:5 y:m),,dropdown,"Screening and Exclusion Form (0:0 to 4:5 y:m) Question VIIIC15 Neurological Exam 1:0 to 2:11 Child of Interest (COI) diagnosed with Abnormal Visual Fields (Y=Yes, N=No, NA=Not Available)","Y, Y | N, N | NA, NA",,,,,,,y,,
ex_viiic16_n_ocular_motility,Peds - Screening and Exclusion Form (0:0 to 4:5 y:m),,dropdown,"Screening and Exclusion Form (0:0 to 4:5 y:m) Question VIIIC16 Neurological Exam 1:0 to 2:11 Child of Interest (COI) diagnosed with Ocular Motility Disturbance (Y=Yes, N=No, NA=Not Available)","Y, Y | N, N | NA, NA",,,,,,,y,,
ex_viiic18_n_abn_facial_move,Peds - Screening and Exclusion Form (0:0 to 4:5 y:m),,dropdown,"Screening and Exclusion Form (0:0 to 4:5 y:m) Question VIIIC18 Neurological Exam 1:0 to 2:11 Child of Interest (COI) diagnosed with Markedly Abnormal Facial Movement (Y=Yes, N=No, NA=Not Available)","Y, Y | N, N | NA, NA",,,,,,,y,,
ex_viiic19_n_babbling,Peds - Screening and Exclusion Form (0:0 to 4:5 y:m),,dropdown,"Screening and Exclusion Form (0:0 to 4:5 y:m) Question VIIIC19 Neurological Exam 1:0 to 2:11 Child of Interest (COI) diagnosed with inability to babble by 12 months (Y=Yes, N=No, NA=Not Available)","Y, Y | N, N | NA, NA",,,,,,,y,,
ex_viiic1b_n_dysmorph_labial,Peds - Screening and Exclusion Form (0:0 to 4:5 y:m),,dropdown,"Screening and Exclusion Form (0:0 to 4:5 y:m) Question VIIIC1b Neurological Exam 1:0 to 2:11 Child of Interest (COI) diagnosed with Facial Dysmorphisms - repaired or unrepaired labial cleft (Y=Yes, N=No, NA=Not Available)","Y, Y | N, N | NA, NA",,,,,,,y,,
ex_viiic1c_n_dysmorph_sturge,Peds - Screening and Exclusion Form (0:0 to 4:5 y:m),,dropdown,"Screening and Exclusion Form (0:0 to 4:5 y:m) Question VIIIC1c Neurological Exam 1:0 to 2:11 Child of Interest (COI) diagnosed with Facial Dysmorphisms - facial stigmata of Sturge Weber disease (Y=Yes, N=No, NA=Not Available)","Y, Y | N, N | NA, NA",,,,,,,y,,
ex_viiic1_n_dysmorphisms,Peds - Screening and Exclusion Form (0:0 to 4:5 y:m),,dropdown,"Screening and Exclusion Form (0:0 to 4:5 y:m) Question VIIIC1 Neurological Exam 1:0 to 2:11 Child of Interest (COI) diagnosed with Facial Dysmorphisms (Y=Yes, N=No, NA=Not Available)","Y, Y | N, N | NA, NA",,,,,,,y,,
ex_viiic20_n_expressive_lang,Peds - Screening and Exclusion Form (0:0 to 4:5 y:m),,dropdown,"Screening and Exclusion Form (0:0 to 4:5 y:m) Question VIIIC20 Neurological Exam 1:0 to 2:11 Child of Interest (COI) diagnosed with no Expressive Language (word expression) by 24 months (Y=Yes, N=No, NA=Not Available)","Y, Y | N, N | NA, NA",,,,,,,y,,
ex_viiic3_n_hypotonia,Peds - Screening and Exclusion Form (0:0 to 4:5 y:m),,dropdown,"Screening and Exclusion Form (0:0 to 4:5 y:m) Question VIIIC3 Neurological Exam 1:0 to 2:11 Child of Interest (COI) diagnosed with mild, moderate, or severe Hypotonia (Y=Yes, N=No, NA=Not Available)","Y, Y | N, N | NA, NA",,,,,,,y,,
ex_viiic4_n_strength,Peds - Screening and Exclusion Form (0:0 to 4:5 y:m),,dropdown,"Screening and Exclusion Form (0:0 to 4:5 y:m) Question VIIIC4 Neurological Exam 1:0 to 2:11 Child of Interest (COI) diagnosed with Strength <4/5 (Y=Yes, N=No, NA=Not Available)","Y, Y | N, N | NA, NA",,,,,,,y,,
ex_viiic5_n_clonus,Peds - Screening and Exclusion Form (0:0 to 4:5 y:m),,dropdown,"Screening and Exclusion Form (0:0 to 4:5 y:m) Question VIIIC5 Neurological Exam 1:0 to 2:11 Child of Interest (COI) diagnosed with Clonus at any site (Y=Yes, N=No, NA=Not Available)","Y, Y | N, N | NA, NA",,,,,,,y,,
ex_viiic9_n_tics,Peds - Screening and Exclusion Form (0:0 to 4:5 y:m),,dropdown,"Screening and Exclusion Form (0:0 to 4:5 y:m) Question VIIIC9 Neurological Exam 1:0 to 2:11 Child of Interest (COI) diagnosed with Tics (Y=Yes, N=No, NA=Not Available)","Y, Y | N, N | NA, NA",,,,,,,y,,
ex_viiic_n_admin_status,Peds - Screening and Exclusion Form (0:0 to 4:5 y:m),,dropdown,"Screening and Exclusion Form (0:0 to 4:5 y:m) Question VIIIC Neurological Exam 1:0 to 2:11 Was this exam administered to the Child of Interest (COI) (Y=Yes, N=No, NA=Not Available)?","Y, Y | N, N | NA, NA",,,,,,,y,,
ex_viiid10_n_dysmetria,Peds - Screening and Exclusion Form (0:0 to 4:5 y:m),,dropdown,"Screening and Exclusion Form (0:0 to 4:5 y:m) Question VIIID10 Neurological Exam 3:0 to 4:5 Child of Interest (COI) diagnosed with Dysmetria (Y=Yes, N=No, NA=Not Available)","Y, Y | N, N | NA, NA",,,,,,,y,,
ex_viiid11_n_ataxia,Peds - Screening and Exclusion Form (0:0 to 4:5 y:m),,dropdown,"Screening and Exclusion Form (0:0 to 4:5 y:m) Question VIIID11 Neurological Exam 3:0 to 4:5 Child of Interest (COI) diagnosed with Ataxia (Y=Yes, N=No, NA=Not Available)","Y, Y | N, N | NA, NA",,,,,,,y,,
ex_viiid12_n_exo_esotropia,Peds - Screening and Exclusion Form (0:0 to 4:5 y:m),,dropdown,"Screening and Exclusion Form (0:0 to 4:5 y:m) Question VIIID12 Neurological Exam 3:0 to 4:5 Child of Interest (COI) diagnosed with any clearly noticeable Exo- or Esotropia (Y=Yes, N=No, NA=Not Available)","Y, Y | N, N | NA, NA",,,,,,,y,,
ex_viiid13_n_nystagmus,Peds - Screening and Exclusion Form (0:0 to 4:5 y:m),,dropdown,"Screening and Exclusion Form (0:0 to 4:5 y:m) Question VIIID13 Neurological Exam 3:0 to 4:5 Child of Interest (COI) diagnosed with jerk, pendular, rotatory, or monocular Nystagmus (Y=Yes, N=No, NA=Not Available)","Y, Y | N, N | NA, NA",,,,,,,y,,
ex_viiid17_n_strabismus,Peds - Screening and Exclusion Form (0:0 to 4:5 y:m),,dropdown,"Screening and Exclusion Form (0:0 to 4:5 y:m) Question VIIID17 Neurological Exam 3:0 to 4:5 Child of Interest (COI) diagnosed with Strabismus (Y=Yes, N=No, NA=Not Available)","Y, Y | N, N | NA, NA",,,,,,,y,,
ex_viiid18_n_abn_facial_move,Peds - Screening and Exclusion Form (0:0 to 4:5 y:m),,dropdown,"Screening and Exclusion Form (0:0 to 4:5 y:m) Question VIIID18 Neurological Exam 3:0 to 4:5 Child of Interest (COI) diagnosed with Markedly Abnormal Facial Movement (Y=Yes, N=No, NA=Not Available)","Y, Y | N, N | NA, NA",,,,,,,y,,
ex_viiid1b_n_dysmorph_labial,Peds - Screening and Exclusion Form (0:0 to 4:5 y:m),,dropdown,"Screening and Exclusion Form (0:0 to 4:5 y:m) Question VIIID1b Neurological Exam 3:0 to 4:5 Child of Interest (COI) diagnosed with Facial Dysmorphisms - repaired or unrepaired labial cleft (Y=Yes, N=No, NA=Not Available)","Y, Y | N, N | NA, NA",,,,,,,y,,
ex_viiid1c_n_dysmorph_sturge,Peds - Screening and Exclusion Form (0:0 to 4:5 y:m),,dropdown,"Screening and Exclusion Form (0:0 to 4:5 y:m) Question VIIID1c Neurological Exam 3:0 to 4:5 Child of Interest (COI) diagnosed with Facial Dysmorphisms - facial stigmata of Sturge Weber disease (Y=Yes, N=No, NA=Not Available)","Y, Y | N, N | NA, NA",,,,,,,y,,
ex_viiid3_n_hypotonia,Peds - Screening and Exclusion Form (0:0 to 4:5 y:m),,dropdown,"Screening and Exclusion Form (0:0 to 4:5 y:m) Question VIIID3 Neurological Exam 3:0 to 4:5 Child of Interest (COI) diagnosed with mild, moderate, or severe Hypotonia (Y=Yes, N=No, NA=Not Available)","Y, Y | N, N | NA, NA",,,,,,,y,,
ex_viiid7_n_choreoathetosis,Peds - Screening and Exclusion Form (0:0 to 4:5 y:m),,dropdown,"Screening and Exclusion Form (0:0 to 4:5 y:m) Question VIIID7 Neurological Exam 3:0 to 4:5 Child of Interest (COI) diagnosed with Choreoathetosis (Y=Yes, N=No, NA=Not Available)","Y, Y | N, N | NA, NA",,,,,,,y,,
ex_viiid8_n_tremor,Peds - Screening and Exclusion Form (0:0 to 4:5 y:m),,dropdown,"Screening and Exclusion Form (0:0 to 4:5 y:m) Question VIIID8 Neurological Exam 3:0 to 4:5 Child of Interest (COI) diagnosed with Tremor (Y=Yes, N=No, NA=Not Available)","Y, Y | N, N | NA, NA",,,,,,,y,,
ex_viiid9_n_tics,Peds - Screening and Exclusion Form (0:0 to 4:5 y:m),,dropdown,"Screening and Exclusion Form (0:0 to 4:5 y:m) Question VIIID9 Neurological Exam 3:0 to 4:5 Child of Interest (COI) diagnosed with Tics (Y=Yes, N=No, NA=Not Available)","Y, Y | N, N | NA, NA",,,,,,,y,,
ex_viiid_n_admin_status,Peds - Screening and Exclusion Form (0:0 to 4:5 y:m),,dropdown,"Screening and Exclusion Form (0:0 to 4:5 y:m) Question VIIID Neurological Exam 3:0 to 4:5 Was this exam administered to the Child of Interest (COI) (Y=Yes, N=No, NA=Not Available)?","Y, Y | N, N | NA, NA",,,,,,,y,,
