Variable / Field Name,Form Name,Section Header,Field Type,Field Label,"Choices, Calculations, OR Slider Labels",Field Note,Text Validation Type OR Show Slider Number,Text Validation Min,Text Validation Max,Identifier?,Branching Logic (Show field only if...),Required Field?,Custom Alignment,Question Number (surveys only)
subjectkey,CPEA STAART Stanford Binet 4th Edition,,text,,,,,,,,,y,,
interview_date,CPEA STAART Stanford Binet 4th Edition,,text,,"MM/yyyy, MM/yyyy | MM/dd/yyyy, MM/dd/yyyy",* '01/01/1900' indicates that a date associated with retrospective data is not known.,date_ymd,,,,,y,,
cycle,CPEA STAART Stanford Binet 4th Edition,,text,,,,,,,,,y,,
patid,CPEA STAART Stanford Binet 4th Edition,,text,,,Patient IDs were assigned at the research site for CPEA and STAART,,,,,,y,,
network,CPEA STAART Stanford Binet 4th Edition,,text,,,CPEA or STAART Network,,,,,,y,,
site,CPEA STAART Stanford Binet 4th Edition,,text,,,CPEA or STAART Site,,,,,,y,,
study,CPEA STAART Stanford Binet 4th Edition,,text,,,CPEA or STAART Study,,,,,,y,,
sb_age,CPEA STAART Stanford Binet 4th Edition,,text,,,,,,,,,y,,
sb_ar_sas,CPEA STAART Stanford Binet 4th Edition,,text,,,,,,,,,y,,
sb_arc_ae,CPEA STAART Stanford Binet 4th Edition,,text,,,,,,,,,y,,
sb_arc_raw,CPEA STAART Stanford Binet 4th Edition,,text,,,,,,,,,y,,
sb_arc_sas,CPEA STAART Stanford Binet 4th Edition,,text,,,,,,,,,y,,
sb_arf_ae,CPEA STAART Stanford Binet 4th Edition,,text,,,,,,,,,y,,
sb_arf_raw,CPEA STAART Stanford Binet 4th Edition,,text,,,,,,,,,y,,
sb_arf_sas,CPEA STAART Stanford Binet 4th Edition,,text,,,,,,,,,y,,
sb_arm_ae,CPEA STAART Stanford Binet 4th Edition,,text,,,,,,,,,y,,
sb_arm_raw,CPEA STAART Stanford Binet 4th Edition,,text,,,,,,,,,y,,
sb_arm_sas,CPEA STAART Stanford Binet 4th Edition,,text,,,,,,,,,y,,
sb_arp_ae,CPEA STAART Stanford Binet 4th Edition,,text,,,,,,,,,y,,
sb_arp_raw,CPEA STAART Stanford Binet 4th Edition,,text,,,,,,,,,y,,
sb_arp_sas,CPEA STAART Stanford Binet 4th Edition,,text,,,,,,,,,y,,
sb_date,CPEA STAART Stanford Binet 4th Edition,,text,,,,,,,,,y,,
sb_version,CPEA STAART Stanford Binet 4th Edition,,text,,,,,,,,,y,,
sb_fsiq_stdscore,CPEA STAART Stanford Binet 4th Edition,,text,,,,,,,,,y,,
sb_qn_sas,CPEA STAART Stanford Binet 4th Edition,,text,,,,,,,,,y,,
sb_qne_ae,CPEA STAART Stanford Binet 4th Edition,,text,,,,,,,,,y,,
sb_qne_raw,CPEA STAART Stanford Binet 4th Edition,,text,,,,,,,,,y,,
sb_qne_sas,CPEA STAART Stanford Binet 4th Edition,,text,,,,,,,,,y,,
sb_qnn_ae,CPEA STAART Stanford Binet 4th Edition,,text,,,,,,,,,y,,
sb_qnn_raw,CPEA STAART Stanford Binet 4th Edition,,text,,,,,,,,,y,,
sb_qnn_sas,CPEA STAART Stanford Binet 4th Edition,,text,,,,,,,,,y,,
sb_qnq_ae,CPEA STAART Stanford Binet 4th Edition,,text,,,,,,,,,y,,
sb_qnq_raw,CPEA STAART Stanford Binet 4th Edition,,text,,,,,,,,,y,,
sb_qnq_sas,CPEA STAART Stanford Binet 4th Edition,,text,,,,,,,,,y,,
sb_sm_sas,CPEA STAART Stanford Binet 4th Edition,,text,,,,,,,,,y,,
sb_smb_ae,CPEA STAART Stanford Binet 4th Edition,,text,,,,,,,,,y,,
sb_smb_raw,CPEA STAART Stanford Binet 4th Edition,,text,,,,,,,,,y,,
sb_smb_sas,CPEA STAART Stanford Binet 4th Edition,,text,,,,,,,,,y,,
sb_smd_ae,CPEA STAART Stanford Binet 4th Edition,,text,,,,,,,,,y,,
sb_smd_raw,CPEA STAART Stanford Binet 4th Edition,,text,,,,,,,,,y,,
sb_smd_sas,CPEA STAART Stanford Binet 4th Edition,,text,,,,,,,,,y,,
sb_smo_ae,CPEA STAART Stanford Binet 4th Edition,,text,,,,,,,,,y,,
sb_smo_raw,CPEA STAART Stanford Binet 4th Edition,,text,,,,,,,,,y,,
sb_smo_sas,CPEA STAART Stanford Binet 4th Edition,,text,,,,,,,,,y,,
sb_sms_ae,CPEA STAART Stanford Binet 4th Edition,,text,,,,,,,,,y,,
sb_sms_raw,CPEA STAART Stanford Binet 4th Edition,,text,,,,,,,,,y,,
sb_sms_sas,CPEA STAART Stanford Binet 4th Edition,,text,,,,,,,,,y,,
sb_tc_iq,CPEA STAART Stanford Binet 4th Edition,,text,,,,,,,,,y,,
sb_vr_sas,CPEA STAART Stanford Binet 4th Edition,,text,,,,,,,,,y,,
sb_vra_ae,CPEA STAART Stanford Binet 4th Edition,,text,,,,,,,,,y,,
sb_vra_raw,CPEA STAART Stanford Binet 4th Edition,,text,,,,,,,,,y,,
sb_vra_sas,CPEA STAART Stanford Binet 4th Edition,,text,,,,,,,,,y,,
sb_vrc_ae,CPEA STAART Stanford Binet 4th Edition,,text,,,,,,,,,y,,
sb_vrc_raw,CPEA STAART Stanford Binet 4th Edition,,text,,,,,,,,,y,,
sb_vrc_sas,CPEA STAART Stanford Binet 4th Edition,,text,,,,,,,,,y,,
sb_vrr_ae,CPEA STAART Stanford Binet 4th Edition,,text,,,,,,,,,y,,
sb_vrr_raw,CPEA STAART Stanford Binet 4th Edition,,text,,,,,,,,,y,,
sb_vrr_sas,CPEA STAART Stanford Binet 4th Edition,,text,,,,,,,,,y,,
sb_vrv_ae,CPEA STAART Stanford Binet 4th Edition,,text,,,,,,,,,y,,
sb_vrv_raw,CPEA STAART Stanford Binet 4th Edition,,text,,,,,,,,,y,,
sb_vrv_sas,CPEA STAART Stanford Binet 4th Edition,,text,,,,,,,,,y,,
