Variable / Field Name,Form Name,Section Header,Field Type,Field Label,"Choices, Calculations, OR Slider Labels",Field Note,Text Validation Type OR Show Slider Number,Text Validation Min,Text Validation Max,Identifier?,Branching Logic (Show field only if...),Required Field?,Custom Alignment,Question Number (surveys only)
subjectkey,CPEA STAART Caregiver Strain Questionnaire,,text,The NDAR Global Unique Identifier (GUID) for subjects which identifies a subject in NDAR,,,,,,,,y,,
patid,CPEA STAART Caregiver Strain Questionnaire,HEADER,text,src_Subject_id,,Patient IDs were assigned at the research site for CPEA and STAART,,,,,,y,,
cycle,CPEA STAART Caregiver Strain Questionnaire,,text,Timepoint information,,,,,,,,y,,
phase,CPEA STAART Caregiver Strain Questionnaire,,dropdown,Phase,"1, 1 |  2,  2 |  3,  3 |  4,  4",,,,,,,y,,
q34_date,CPEA STAART Caregiver Strain Questionnaire,,text,Date,,,,,,,,y,,
q34_prim,CPEA STAART Caregiver Strain Questionnaire,,dropdown,Primary Source: Mother,"0, 0 |  -1,  -1","Check if mother is primary source, 0=no, -1=yes",,,,,,y,,
q34_prif,CPEA STAART Caregiver Strain Questionnaire,,dropdown,Primary Source: Father,"0, 0 |  -1,  -1",Check if father is primary source,,,,,,y,,
q34_pric,CPEA STAART Caregiver Strain Questionnaire,,dropdown,Primary Source: Child,"0, 0 |  -1,  -1",Check if child is primary source,,,,,,y,,
q34_prio,CPEA STAART Caregiver Strain Questionnaire,,dropdown,Primary Source: Other,"0, 0 |  -1,  -1","Check if primary source not mother, father, child or teacher.",,,,,,y,,
q34_pr_s,CPEA STAART Caregiver Strain Questionnaire,,text,Other Primary Source specified,,Complete if q34_prio is checked,,,,,,y,,
q34_parm,CPEA STAART Caregiver Strain Questionnaire,,dropdown,Participants present: Mother,"0, 0 |  -1,  -1",Check if mother is present during assessment. If Teacher is primary source this item should be left blank,,,,,,y,,
q34_parf,CPEA STAART Caregiver Strain Questionnaire,,dropdown,Participants present: Father,"0, 0 |  -1,  -1",Check if father is present during assessment. If Teacher is primary source this item should be left blank,,,,,,y,,
q34_parc,CPEA STAART Caregiver Strain Questionnaire,,dropdown,Participants present: Child,"0, 0 |  -1,  -1",Check if chid is present during assessment. If Teacher is primary source this item should be left blank,,,,,,y,,
q34_paro,CPEA STAART Caregiver Strain Questionnaire,,dropdown,Participants present: Other,"0, 0 |  -1,  -1","If administered by phone, q34_paro should be checked and PHONE should be written in q34_pa_s",,,,,,y,,
q34_pa_s,CPEA STAART Caregiver Strain Questionnaire,,text,Other Participants present specified,,Complete if q34_paro is checked,,,,,,y,,
q34_1,CPEA STAART Caregiver Strain Questionnaire,1,dropdown,Do you think your child's problems have affected your family life,"0, 0 |  1,  1 |  -7,  -7 |  -8,  -8 |  -9,  -9","Field should not be left blank. If missing, please use -7,8, -9.",,,,,,y,,
q34_1_s,CPEA STAART Caregiver Strain Questionnaire,,text,"If yes, in what way",,Complete if q34_1 = 1,,,,,,y,,
q34_2,CPEA STAART Caregiver Strain Questionnaire,2,dropdown,Interruption of personal time resulting from your child's illness,"0 to 5, 0 to 5 |  -7,  -7 |  -8,  -8 |  -9,  -9","Field should not be left blank. If missing, please use -7,8, -9.",,,,,,y,,
q34_3,CPEA STAART Caregiver Strain Questionnaire,3,dropdown,Your missing work or neglecting other duties because of your child's illness,"0 to 5, 0 to 5 |  -7,  -7 |  -8,  -8 |  -9,  -9","Field should not be left blank. If missing, please use -7,8, -9.",,,,,,y,,
q34_4,CPEA STAART Caregiver Strain Questionnaire,4,dropdown,Disruption of family routines due to your child's illness,"0 to 5, 0 to 5 |  -7,  -7 |  -8,  -8 |  -9,  -9","Field should not be left blank. If missing, please use -7,8, -9.",,,,,,y,,
q34_5,CPEA STAART Caregiver Strain Questionnaire,5,dropdown,Any family member having to do without things because of your child's illness,"0 to 5, 0 to 5 |  -7,  -7 |  -8,  -8 |  -9,  -9","Field should not be left blank. If missing, please use -7,8, -9.",,,,,,y,,
q34_6,CPEA STAART Caregiver Strain Questionnaire,6,dropdown,Any family member suffering negative mental or physical health effects as a result of your child's illness,"0 to 5, 0 to 5 |  -7,  -7 |  -8,  -8 |  -9,  -9","Field should not be left blank. If missing, please use -7,8, -9.",,,,,,y,,
q34_7,CPEA STAART Caregiver Strain Questionnaire,7,dropdown,"Your child getting into trouble with neighbors, community or law enforcement","0 to 5, 0 to 5 |  -7,  -7 |  -8,  -8 |  -9,  -9","Field should not be left blank. If missing, please use -7,8, -9.",,,,,,y,,
q34_8,CPEA STAART Caregiver Strain Questionnaire,8,dropdown,Financial strain for your family as a result of your child's illness,"0 to 5, 0 to 5 |  -7,  -7 |  -8,  -8 |  -9,  -9","Field should not be left blank. If missing, please use -7,8, -9.",,,,,,y,,
q34_9,CPEA STAART Caregiver Strain Questionnaire,9,dropdown,Less attention paid to any family member because of the attention given to your child,"0 to 5, 0 to 5 |  -7,  -7 |  -8,  -8 |  -9,  -9","Field should not be left blank. If missing, please use -7,8, -9.",,,,,,y,,
q34_10,CPEA STAART Caregiver Strain Questionnaire,10,dropdown,Disruption or upset relationships within your family due to your child's illness,"0 to 5, 0 to 5 |  -7,  -7 |  -8,  -8 |  -9,  -9","Field should not be left blank. If missing, please use -7,8, -9.",,,,,,y,,
q34_11,CPEA STAART Caregiver Strain Questionnaire,11,dropdown,Disruption of your family's social activities resulting from your child's illness,"0 to 5, 0 to 5 |  -7,  -7 |  -8,  -8 |  -9,  -9","Field should not be left blank. If missing, please use -7,8, -9.",,,,,,y,,
q34_12,CPEA STAART Caregiver Strain Questionnaire,12,dropdown,How socially isolated did you feel as a result of your child's illness,"0 to 5, 0 to 5 |  -7,  -7 |  -8,  -8 |  -9,  -9","Field should not be left blank. If missing, please use -7,8, -9.",,,,,,y,,
q34_13,CPEA STAART Caregiver Strain Questionnaire,13,dropdown,How sad or unhappy did you feel as a result of your child's illness,"0 to 5, 0 to 5 |  -7,  -7 |  -8,  -8 |  -9,  -9","Field should not be left blank. If missing, please use -7,8, -9.",,,,,,y,,
q34_14,CPEA STAART Caregiver Strain Questionnaire,14,dropdown,How embarrassed did you feel about your child's illness,"0 to 5, 0 to 5 |  -7,  -7 |  -8,  -8 |  -9,  -9","Field should not be left blank. If missing, please use -7,8, -9.",,,,,,y,,
q34_15,CPEA STAART Caregiver Strain Questionnaire,15,dropdown,Did you have any problems relating to your child,"0 to 5, 0 to 5 |  -7,  -7 |  -8,  -8 |  -9,  -9","Field should not be left blank. If missing, please use -7,8, -9.",,,,,,y,,
q34_16,CPEA STAART Caregiver Strain Questionnaire,16,dropdown,How angry did you feel toward your child,"0 to 5, 0 to 5 |  -7,  -7 |  -8,  -8 |  -9,  -9","Field should not be left blank. If missing, please use -7,8, -9.",,,,,,y,,
q34_17,CPEA STAART Caregiver Strain Questionnaire,17,dropdown,How worried did you feel about your child's future,"0 to 5, 0 to 5 |  -7,  -7 |  -8,  -8 |  -9,  -9","Field should not be left blank. If missing, please use -7,8, -9.",,,,,,y,,
q34_18,CPEA STAART Caregiver Strain Questionnaire,18,dropdown,How worried did you feel about your family's future,"0 to 5, 0 to 5 |  -7,  -7 |  -8,  -8 |  -9,  -9","Field should not be left blank. If missing, please use -7,8, -9.",,,,,,y,,
q34_19,CPEA STAART Caregiver Strain Questionnaire,19,dropdown,How guilty did you feel about your child's illness,"0 to 5, 0 to 5 |  -7,  -7 |  -8,  -8 |  -9,  -9","Field should not be left blank. If missing, please use -7,8, -9.",,,,,,y,,
q34_20,CPEA STAART Caregiver Strain Questionnaire,20,dropdown,How resentful did you feel toward your child,"0 to 5, 0 to 5 |  -7,  -7 |  -8,  -8 |  -9,  -9","Field should not be left blank. If missing, please use -7,8, -9.",,,,,,y,,
q34_21,CPEA STAART Caregiver Strain Questionnaire,21,dropdown,How tired or strained did you feel as a result of your child's illness,"0 to 5, 0 to 5 |  -7,  -7 |  -8,  -8 |  -9,  -9","Field should not be left blank. If missing, please use -7,8, -9.",,,,,,y,,
q34_22,CPEA STAART Caregiver Strain Questionnaire,22,dropdown,"In general, how much of a toll has your child's illness been on your family","0 to 5, 0 to 5 |  -7,  -7 |  -8,  -8 |  -9,  -9","Field should not be left blank. If missing, please use -7,8, -9.",,,,,,y,,
interview_date,CPEA STAART Caregiver Strain Questionnaire,,text,Date on which the interview/genetic test/sampling/imaging was completed,"MM/yyyy, MM/yyyy | MM/dd/yyyy, MM/dd/yyyy",* '01/01/1900' indicates that a date associated with retrospective data is not known.,date_ymd,,,,,y,,
