Variable / Field Name,Form Name,Section Header,Field Type,Field Label,"Choices, Calculations, OR Slider Labels",Field Note,Text Validation Type OR Show Slider Number,Text Validation Min,Text Validation Max,Identifier?,Branching Logic (Show field only if...),Required Field?,Custom Alignment,Question Number (surveys only)
subjectkey,Diagnosis,NDAR Required,text,The NDAR Global Unique Identifier (GUID) for subjects which identifies a subject in NDAR,,,,,,,,y,,
src_subject_id,Diagnosis,,text,The site's subject identification,,,,,,,,y,,
interview_date,Diagnosis,,text,Date on which the interview/genetic test/sampling/imaging was completed,"MM/yyyy, MM/yyyy | MM/dd/yyyy, MM/dd/yyyy",* '01/01/1900' indicates that a date associated with retrospective data is not known.,date_ymd,,,,,y,,
interview_age,Diagnosis,,text,Age in months at the time of the interview/test/sampling/imaging.,,Age is rounded to chronological month If the research participant is 13 days old at time of interview  the appropriate value would be 0 months if the participant is 19 days old the value would be 1 month,number,0,1200,,,y,,
gender,Diagnosis,,dropdown,Gender,"M, M | F, F",,,,,,,y,,
cgas,Diagnosis,,text,score on children's global assessment scale,,,number,0,100,,,y,,
control,Diagnosis,,dropdown,Is the participant a control?  0 = no; 1 = yes,"0, 0 | 1, 1",,,,,,,y,,
control_proband,Diagnosis,,dropdown,"if the participant is a control, does he/she have a relative diagnosed with ASD?  0 = no; 1 = yes","0, 0 | 1, 1",,,,,,,y,,
control_proband_relation,Diagnosis,,text,"if the participant has a relative diagnosed with ASD, specify the relationship to the affected person 0=mother; 1=father; 2=sister; 3=brother; 4=uncle; 5=aunt; 6=cousin; 7=grandmother; 8=grandfather",,,number,0,8,,,y,,
subthreshold_other,Diagnosis,,dropdown,"does participant have a subthreshold disorder other than adhd?
True=1;False=0","0, 0 | 1, 1",,,,,,,y,,
subthreshold_adhd,Diagnosis,,dropdown,"does participant have subthreshold adhd?
True=1;False=0","0, 0 | 1, 1",,,,,,,y,,
adhd,Diagnosis,,text,does participant have adhd? 1 = does participant have adhd? 1 = ADHD-Innatentive; 2=ADHD-Hyperactive/Impulsive; 3=ADHD-Combined; 4=ADHD-NOS; 5=rule out ADHD,,,number,0,5,,,y,,
adhd_hyperimp2s,Diagnosis,,text,Number of hyperactive/impulsive symptoms endorsed at 2 in summary on KSADS,,,number,0,9,,,y,,
adhd_hyperimp3s,Diagnosis,,text,Number of hyperactive/impulsive symptoms endorsed at 3 in summary on KSADS,,,number,0,9,,,y,,
adhd_inattent2s,Diagnosis,,text,Number of inattentive symptoms endorsed at 2 in summary on KSADS,,,number,0,9,,,y,,
adhd_inattent3s,Diagnosis,,text,Number of inattentive symptoms endorsed at 3 in summary on KSADS,,,number,0,9,,,y,,
pdd,Diagnosis,,text,does participant have pdd? 1=PDD; 2=Aspergers; 3=Autism; 5=rule out PDD,,,number,0,5,,,y,,
pdd_adhd_comborbidity,Diagnosis,,dropdown,is there adhd/pdd comorbidity? i.e. participant meets DSM-IV PDD criteria and all DSM-IV ADHD criteria except for criterion E? 1 - yes; 2 - no,"0, 0 | 1, 1",,,,,,,y,,
pdd_adhd,Diagnosis,,text,if pdd does participant meet for any DSM-IV ADHD diagnosis ignoring criterion E?  1 = ADHD-Innatentive; 2=ADHD-Hyperactive/Impulsive; 3=ADHD-Combined; 4=ADHD-NOS,,,number,0,4,,,y,,
anxiety_nos,Diagnosis,,dropdown,does participant meet for Anxiety NOS? 1 = no; 1 = yes,"0, 0 | 1, 1",,,,,,,y,,
social_phobia,Diagnosis,,text,current diagnosis of social phobia.,,,number,0,4,,,y,,
gad,Diagnosis,,dropdown,does participant meet for generalized anxiety disorder? 0 = no; 1 = yes,"0, 0 | 1, 1",,,,,,,y,,
seperation_anxiety,Diagnosis,,dropdown,does participant meet for separation anxiety? 0 = no; 1 = yes,"0, 0 | 1, 1",,,,,,,y,,
dysthymia,Diagnosis,,text,current diagnosis of dysthymia.,,,number,0,4,,,y,,
mdd,Diagnosis,,dropdown,does participant meet for major depressive disorder? 0 = no; 1 = yes,"0, 0 | 1, 1",,,,,,,y,,
spec_lang_dis,Diagnosis,,dropdown,does participant meet for specific language disorder? 0 = no; 1 = yes,"0, 0 | 1, 1",,,,,,,y,,
spec_learn_dis,Diagnosis,,dropdown,does participant meet for specific learning disorder? 0 = no; 1 = yes,"0, 0 | 1, 1",,,,,,,y,,
mania,Diagnosis,,text,current diagnosis of mania.,,,number,0,4,,,y,,
psychosis,Diagnosis,,dropdown,does participant have psychosis? 0 = no; 1 = yes,"0, 0 | 1, 1",,,,,,,y,,
panic,Diagnosis,,dropdown,does participant meet for panic disorder? 0 = no; 1 = yes,"0, 0 | 1, 1",,,,,,,y,,
avoidant_dis,Diagnosis,,dropdown,does participant meet for avoidant disorder? 0 = no; 1 = yes,"0, 0 | 1, 1",,,,,,,y,,
agoraphobia,Diagnosis,,text,current diagnosis of agoraphobia.,,,number,0,4,,,y,,
ocd,Diagnosis,,dropdown,does participant have obsessive compulsive disorder? 0 = no; 1 = yes,"0, 0 | 1, 1",,,,,,,y,,
enuresis,Diagnosis,,text,current diagnosis of enuresis.,,,number,0,4,,,y,,
encopresis,Diagnosis,,text,current diagnosis of encopresis.,,,number,0,4,,,y,,
anorexia,Diagnosis,,dropdown,does participant have anorexia? 0 = no; 1 = yes,"0, 0 | 1, 1",,,,,,,y,,
bulimia,Diagnosis,,text,current diagnosis of bulimia.,,,number,0,4,,,y,,
odd,Diagnosis,,dropdown,does participant have oppositional defiant disorder? 0 = no; 1 = yes,"0, 0 | 1, 1",,,,,,,y,,
cd,Diagnosis,,dropdown,does participant have conduct disorder? 0 = no; 1 = yes,"0, 0 | 1, 1",,,,,,,y,,
tic_dis,Diagnosis,,dropdown,does participant have tic disorder? 0 = no; 1 = yes,"0, 0 | 1, 1",,,,,,,y,,
substance_abuse,Diagnosis,,text,current diagnosis of substance abuse.,,,number,0,4,,,y,,
cigarette_use,Diagnosis,,dropdown,does participant use cigarettes? 0 = no; 1 = yes,"0, 0 | 1, 1",,,,,,,y,,
cigarette_number_packs,Diagnosis,,text,indicate the average number of packs of cigarettes smoked daily,,,,,,,,y,,
cigaretteuse_time_yrs,Diagnosis,,text,indicate the number of years that the participant has smoked cigarettes,,,,,,,,y,,
alcohol_abuse,Diagnosis,,text,current diagnosis of alcohol abuse.,,,number,0,4,,,y,,
alcohol_daily,Diagnosis,,text,indicate the average number of alcohol drinks consumed daily,,,,,,,,y,,
substance_abuse_time_yrs,Diagnosis,,text,indicate the number of years that the participant has abused a substance,,,,,,,,y,,
ptsd,Diagnosis,,dropdown,does participant have post-traumatic stress disorder? 0 = no; 1 = yes,"0, 0 | 1, 1",,,,,,,y,,
ptsd_time_yrs,Diagnosis,,text,indicate the number of years that the participant has suffered from PTSD,,,,,,,,y,,
ptsd_event,Diagnosis,,text,provide information about the event which prompted PTSD,,,,,,,,y,,
notes,Diagnosis,,text,any additional notes,,,,,,,,y,,
substance_abused,Diagnosis,,text,indicate the substance or substances used or abused by the participant,,,,,,,,y,,
