Variable / Field Name,Form Name,Section Header,Field Type,Field Label,"Choices, Calculations, OR Slider Labels",Field Note,Text Validation Type OR Show Slider Number,Text Validation Min,Text Validation Max,Identifier?,Branching Logic (Show field only if...),Required Field?,Custom Alignment,Question Number (surveys only)
subjectkey,CPEA STAART ADI-R 1999 Short,,text,The NDAR Global Unique Identifier (GUID) for subjects which identifies a subject in NDAR,,,,,,,,y,,
interview_date,CPEA STAART ADI-R 1999 Short,,text,Date on which the interview/genetic test/sampling/imaging was completed,"MM/yyyy, MM/yyyy | MM/dd/yyyy, MM/dd/yyyy",* '01/01/1900' indicates that a date associated with retrospective data is not known.,date_ymd,,,,,,,
cycle,CPEA STAART ADI-R 1999 Short,,text,Timepoint information,,,,,,,,y,,
patid,CPEA STAART ADI-R 1999 Short,,text,src_Subject_id,,Patient IDs were assigned at the research site for CPEA and STAART,,,,,,y,,
network,CPEA STAART ADI-R 1999 Short,,text,Network,,CPEA or STAART Network,,,,,,y,,
site,CPEA STAART ADI-R 1999 Short,,text,Site,,CPEA or STAART Site,,,,,,y,,
study,CPEA STAART ADI-R 1999 Short,,text,Study,,CPEA or STAART Study,,,,,,y,,
adi_al_acvos_a,CPEA STAART ADI-R 1999 Short,,text,"Preacademic, academic or vocational skills:  Before age 5.0",,,,,,,,y,,
adi_al_acvos_b,CPEA STAART ADI-R 1999 Short,,text,"Preacademic, academic or vocational skills:  After age 5.0",,,,,,,,y,,
adi_al_adpsk_a,CPEA STAART ADI-R 1999 Short,,text,Adaptive skills:  Before age 5.0,,,,,,,,y,,
adi_al_adpsk_b,CPEA STAART ADI-R 1999 Short,,text,Adaptive skills:  After age 5.0,,,,,,,,y,,
adi_al_agfap,CPEA STAART ADI-R 1999 Short,,text,Age when main loss of skill first apparent,"0 - 800, 0 - 800 |   998,   998 |  999,  999",,,,,,,y,,
adi_al_agfpu,CPEA STAART ADI-R 1999 Short,,text,Age of first phrases,"0 - 800, 0 - 800 |   993,   993 |  994,  994 |  996,  996 |  997,  997 |  999,  999",,,,,,,y,,
adi_al_agfsw,CPEA STAART ADI-R 1999 Short,,text,Age of first single words,"0 - 800, 0 - 800 |   993,   993 |  994,  994 |  996,  996 |  997,  997 |  999,  999",,,,,,,y,,
adi_al_agllg,CPEA STAART ADI-R 1999 Short,,dropdown,Age when main loss of language skills first apparent,"0 - 800, 0 - 800 |   998,   998 |  999,  999",,,,,,,y,,
adi_al_allpi,CPEA STAART ADI-R 1999 Short,,text,Association of loss of language with physical illness:  Ever,,,,,,,,y,,
adi_al_alspi_a,CPEA STAART ADI-R 1999 Short,,text,Association of loss of skills with physical illness:  Before age 5.0,,,,,,,,y,,
adi_al_alspi_b,CPEA STAART ADI-R 1999 Short,,text,Association of loss of skills with physical illness:  Ever,,,,,,,,y,,
adi_al_commu_a,CPEA STAART ADI-R 1999 Short,,text,Communication:  Before age 5.0,,,,,,,,y,,
adi_al_commu_b,CPEA STAART ADI-R 1999 Short,,text,Communication:  After age 5.0,,,,,,,,y,,
adi_al_ctimp_a,CPEA STAART ADI-R 1999 Short,,text,Play and imagination:  Before age 5.0,,,,,,,,y,,
adi_al_ctimp_b,CPEA STAART ADI-R 1999 Short,,text,Constructive or imaginative play:  Ever,,,,,,,,y,,
adi_al_dllsk,CPEA STAART ADI-R 1999 Short,,dropdown,Duration of loss of language skills,"0 - 800, 0 - 800 |   993,   993 |  994,  994 |  998,  998 |  999,  999",,,,,,,y,,
adi_al_lclbl,CPEA STAART ADI-R 1999 Short,,text,Level of communicative language before loss,,,,,,,,y,,
adi_al_lllsa,CPEA STAART ADI-R 1999 Short,,text,Loss of language skills after acquisition:  Ever,,,,,,,,y,,
adi_al_lsosk_a,CPEA STAART ADI-R 1999 Short,,text,Loss of skills (for at least 3 months):  Before age 5.0,,,,,,,,y,,
adi_al_lsosk_b,CPEA STAART ADI-R 1999 Short,,text,Loss of skills (for at least 3 months):  Ever,,,,,,,,y,,
adi_al_mtrsk_a,CPEA STAART ADI-R 1999 Short,,text,Area of Loss:  Motor Skills:  Before age 5.0,,,,,,,,y,,
adi_al_mtrsk_b,CPEA STAART ADI-R 1999 Short,,text,Area of Loss:  Motor Skills,,,,,,,,y,,
adi_al_phmvt_b,CPEA STAART ADI-R 1999 Short,,text,Purposive hand movements:  Ever,,,,,,,,y,,
adi_al_searp_a,CPEA STAART ADI-R 1999 Short,,text,Social interest and responsiveness:  Before age 5.0,,,,,,,,y,,
adi_al_searp_b,CPEA STAART ADI-R 1999 Short,,text,Social engagement and responsiveness:  Ever,,,,,,,,y,,
adi_al_shpsk,CPEA STAART ADI-R 1999 Short,,text,Self-help skills:  Ever,,,,,,,,y,,
adi_cc_ctcnb_a,CPEA STAART ADI-R 1999 Short,,text,Current Concerns,,,,,,,,y,,
adi_cc_ctcnb_b,CPEA STAART ADI-R 1999 Short,,text,Current Concerns,,,,,,,,y,,
adi_cc_ctcnb_c,CPEA STAART ADI-R 1999 Short,,text,Current Concerns,,,,,,,,y,,
adi_cc_ctcnb_d,CPEA STAART ADI-R 1999 Short,,text,Current Concerns,,,,,,,,y,,
adi_cm_artcl,CPEA STAART ADI-R 1999 Short,,text,Loss of language skills after acquisition:  Articulation,,,,,,,,y,,
adi_cm_cnahr,CPEA STAART ADI-R 1999 Short,,text,Concerns about hearing,,,,,,,,y,,
adi_cm_cxneu_a,CPEA STAART ADI-R 1999 Short,,text,Complexity of non-echoed utterances:  Current,,,,,,,,y,,
adi_cm_cxneu_b,CPEA STAART ADI-R 1999 Short,,text,Complexity of non-echoed utterances:  At age 5.0,,,,,,,,y,,
adi_cm_imeha_a,CPEA STAART ADI-R 1999 Short,,text,Immediate echolalia:  Current,,,,,,,,y,,
adi_cm_imeha_b,CPEA STAART ADI-R 1999 Short,,text,Immediate echolalia:  Ever,,,,,,,,y,,
adi_cm_smcms,CPEA STAART ADI-R 1999 Short,,text,"Loss of language skills after acquisition:  Spontaneous, meaningful communicative speech",,,,,,,,y,,
adi_cm_spstx,CPEA STAART ADI-R 1999 Short,,text,Loss of language skills after acquisition:  Simple syntax,,,,,,,,y,,
adi_cm_tkexo_b,CPEA STAART ADI-R 1999 Short,,text,Talk expressing interest in others:  Most abnormal 4.0 - 5.0,,,,,,,,y,,
adi_cm_wswoc,CPEA STAART ADI-R 1999 Short,,text,Loss of language skills after acquisition:  Words used spontaneously w/out clear communicative intent,,,,,,,,y,,
adi_da_aafe,CPEA STAART ADI-R 1999 Short,,text,ADI: Age when abnormality first evident,,,,,,,,y,,
adi_da_afp,CPEA STAART ADI-R 1999 Short,,text,ADI: Age at first phrases,,,,,,,,y,,
adi_da_afsw,CPEA STAART ADI-R 1999 Short,,text,ADI: Age at first single words - Interim step to calculate summary scores,,,,,,,,y,,
adi_da_apfn,CPEA STAART ADI-R 1999 Short,,text,ADI: Age when parents first noticed - Interim step to calculate summary score,,,,,,,,y,,
adi_da_ijam,CPEA STAART ADI-R 1999 Short,,text,"ADI: Interviewers judgment of age manifest - if less than 36 months, score 1",,,,,,,,y,,
adi_date,CPEA STAART ADI-R 1999 Short,,text,ADI: Date,,,,,,,,y,,
adi_dx,CPEA STAART ADI-R 1999 Short,,text,ADI: Diagnosis,,,,,,,,y,,
adi_ed_abcdt,CPEA STAART ADI-R 1999 Short,,text,Acquisition of bladder control: Daytime,"0 - 800, 0 - 800 |   993,   993 |  994,  994 |  995,  995 |  996,  996 |  997,  997 |  998,  998 |  999,  999",,,,,,,y,,
adi_ed_abcgl,CPEA STAART ADI-R 1999 Short,,dropdown,Acquisition of bowel control,"0 - 800, 0 - 800 |   993,   993 |  994,  994 |  995,  995 |  996,  996 |  997,  997 |  998,  998 |  999,  999",,,,,,,y,,
adi_ed_abcnt,CPEA STAART ADI-R 1999 Short,,dropdown,Acquisition of bladder control:  Nighttime,"0 - 800, 0 - 800 |   993,   993 |  994,  994 |  995,  995 |  996,  996 |  997,  997 |  998,  998 |  999,  999",,,,,,,y,,
adi_ed_agadv,CPEA STAART ADI-R 1999 Short,,text,Age in months when parents first sought advice,"0 - 800, 0 - 800 |  ,   |  991,  991 |  992,  992 |  996,  996 |  997,  997 |  998,  998 |  999,  999",,,,,,,y,,
adi_ed_agnrl,CPEA STAART ADI-R 1999 Short,,text,"Age when first noticed that something was not quite right in language, relationships, or behavior","0 - 800, 0 - 800 |   991,   991 |  992,  992 |  996,  996 |  997,  997 |  998,  998 |  999,  999",,,,,,,y,,
adi_ed_fsapc_a,CPEA STAART ADI-R 1999 Short,,text,First symptoms to arouse parental concern,,,,,,,,y,,
adi_ed_fsapc_b,CPEA STAART ADI-R 1999 Short,,text,First symptoms to arouse parental concern,,,,,,,,y,,
adi_ed_fsapc_c,CPEA STAART ADI-R 1999 Short,,text,First symptoms to arouse parental concern,,,,,,,,y,,
adi_ed_fsapc_d,CPEA STAART ADI-R 1999 Short,,text,First symptoms to arouse parental concern,,,,,,,,y,,
adi_ed_fwuna,CPEA STAART ADI-R 1999 Short,,text,First walked unaided,"0 - 800, 0 - 800 |   995,   995 |  996,  996 |  997,  997 |  998,  998 |  999,  999",,,,,,,y,,
adi_ed_oapwh,CPEA STAART ADI-R 1999 Short,,text,Onset as perceived with hindsight,,,,,,,,y,,
adi_gb_agfab,CPEA STAART ADI-R 1999 Short,,text,Age when abnormality first evident,,Nulled value range of:    to accept outlier data,,,,,,y,,
adi_gb_atcfm_a,CPEA STAART ADI-R 1999 Short,,text,Aggression toward caregivers or family members:  Current,,,,,,,,y,,
adi_gb_atcfm_b,CPEA STAART ADI-R 1999 Short,,text,Aggression toward caregivers or family members:  Ever,,,,,,,,y,,
adi_gb_atnfm_a,CPEA STAART ADI-R 1999 Short,,text,Aggression toward noncaregivers or nonfamily members:  Current,,,,,,,,y,,
adi_gb_atnfm_b,CPEA STAART ADI-R 1999 Short,,text,Aggression toward noncaregivers or nonfamily members:  Ever,,,,,,,,y,,
adi_gb_cmpab_a,CPEA STAART ADI-R 1999 Short,,text,Computational ability:  Current,,,,,,,,y,,
adi_gb_cmpab_b,CPEA STAART ADI-R 1999 Short,,text,Computational ability:  Ever,,,,,,,,y,,
adi_gb_count_a,CPEA STAART ADI-R 1999 Short,,dropdown,Reading Ability:  Current,"0, 0 |  1,  1 |  2,  2 |  3,  3 |  4,  4 |  8,  8 |  9,  9",,,,,,,y,,
adi_gb_count_b,CPEA STAART ADI-R 1999 Short,,dropdown,Reading Ability:  Ever,"0, 0 |  1,  1 |  2,  2 |  3,  3 |  4,  4 |  8,  8 |  9,  9",,,,,,,y,,
adi_gb_dprgdt,CPEA STAART ADI-R 1999 Short,,text,Duration of period of deterioration,"0 - 800, 0 - 800 |  995,  995 | 996, 996 | 999, 999",,,,,,,y,,
adi_gb_drwsk_a,CPEA STAART ADI-R 1999 Short,,text,Drawing skill:  Current,,,,,,,,y,,
adi_gb_drwsk_b,CPEA STAART ADI-R 1999 Short,,text,Drawing skill:  Ever,,,,,,,,y,,
adi_gb_ftfbo_a,CPEA STAART ADI-R 1999 Short,,text,Faints/fits/blackouts:  Current,,,,,,,,y,,
adi_gb_ftfbo_b,CPEA STAART ADI-R 1999 Short,,text,Faints/fits/blackouts:  Ever,,,,,,,,y,,
adi_gb_gait_a,CPEA STAART ADI-R 1999 Short,,text,Gait:  Current,,,,,,,,y,,
adi_gb_gait_b,CPEA STAART ADI-R 1999 Short,,text,Gait:  Most abnormal 4.0 - 5.0,,,,,,,,y,,
adi_gb_gmcrd_a,CPEA STAART ADI-R 1999 Short,,text,Gross motor coordination:  Current,,,,,,,,y,,
adi_gb_hypvt_a,CPEA STAART ADI-R 1999 Short,,text,Hyperventilation:  Current,,,,,,,,y,,
adi_gb_hypvt_b,CPEA STAART ADI-R 1999 Short,,text,Hyperventilation:  Ever,,,,,,,,y,,
adi_gb_itvjd,CPEA STAART ADI-R 1999 Short,,text,Interviewers judgment on age when developmental abnormalities probably first manifest,,,,,,,,y,,
adi_gb_letrec_a,CPEA STAART ADI-R 1999 Short,,dropdown,Drawing Skill:  Current,"0, 0 |  1,  1 |  2,  2 |  3,  3 |  4,  4 |  8,  8 |  9,  9",,,,,,,y,,
adi_gb_letrec_b,CPEA STAART ADI-R 1999 Short,,dropdown,Drawing Skill:  Ever,"0, 0 |  1,  1 |  2,  2 |  3,  3 |  4,  4 |  8,  8 |  9,  9",,,,,,,y,,
adi_gb_mandx_a,CPEA STAART ADI-R 1999 Short,,dropdown,Computational Ability:  Current,"0, 0 |  1,  1 |  2,  2 |  3,  3 |  4,  4 |  8,  8 |  9,  9",,,,,,,y,,
adi_gb_mandx_b,CPEA STAART ADI-R 1999 Short,,dropdown,Computational Ability:  Ever,"0, 0 |  1,  1 |  2,  2 |  3,  3 |  4,  4 |  8,  8 |  9,  9",,,,,,,y,,
adi_gb_memsk_a,CPEA STAART ADI-R 1999 Short,,text,Memory skill:  Current,,,,,,,,y,,
adi_gb_memsk_b,CPEA STAART ADI-R 1999 Short,,text,Memory skill:  Ever,,,,,,,,y,,
adi_gb_musab_a,CPEA STAART ADI-R 1999 Short,,text,Musical ability:  Current,,,,,,,,y,,
adi_gb_musab_b,CPEA STAART ADI-R 1999 Short,,text,Musical ability:  Ever,,,,,,,,y,,
adi_gb_ovrhm_a,CPEA STAART ADI-R 1999 Short,,text,Overactivity at home and elsewhere:  Current,,,,,,,,y,,
adi_gb_ovrhm_b,CPEA STAART ADI-R 1999 Short,,text,Overactivity at home and elsewhere:  Ever,,,,,,,,y,,
adi_gb_prgdt,CPEA STAART ADI-R 1999 Short,,text,Progressive deterioration,,,,,,,,y,,
adi_gb_reada_a,CPEA STAART ADI-R 1999 Short,,text,Reading ability:  Current,,,,,,,,y,,
adi_gb_reada_b,CPEA STAART ADI-R 1999 Short,,text,Reading ability:  Ever,,,,,,,,y,,
adi_gb_slfin_a,CPEA STAART ADI-R 1999 Short,,text,Self-injury:  Current,,,,,,,,y,,
adi_gb_slfin_b,CPEA STAART ADI-R 1999 Short,,text,Self-injury:  Ever,,,,,,,,y,,
adi_gb_vspla_a,CPEA STAART ADI-R 1999 Short,,text,Visuospatial ability:  Current,,,,,,,,y,,
adi_gb_vspla_b,CPEA STAART ADI-R 1999 Short,,text,Visuospatial ability:  Ever,,,,,,,,y,,
adi_ib_ainrs_a,CPEA STAART ADI-R 1999 Short,,text,Abnormal idiosyncratic negative response to specific sensory stimuli:  Current,,,,,,,,y,,
adi_ib_ainrs_b,CPEA STAART ADI-R 1999 Short,,text,Abnormal idiosyncratic negative response to specific sensory stimuli:  Ever,,,,,,,,y,,
adi_ib_cmprt_a,CPEA STAART ADI-R 1999 Short,,dropdown,Compulsions/rituals:  Current,"0, 0 |  1,  1 |  2,  2 |  3,  3 |  9,  9",,,,,,,y,,
adi_ib_cmprt_b,CPEA STAART ADI-R 1999 Short,,dropdown,Compulsions/rituals:  Ever,"0, 0 |  1,  1 |  2,  2 |  3,  3 |  9,  9",,,,,,,y,,
adi_ib_crcit_a,CPEA STAART ADI-R 1999 Short,,dropdown,Circumscribed interests:  Current (3.0 or older),"0, 0 |  1,  1 |  2,  2 |  3,  3 |  8,  8 |  9,  9",,,,,,,y,,
adi_ib_crcit_b,CPEA STAART ADI-R 1999 Short,,dropdown,Circumscribed interests:  Ever (3.0 or older),"0, 0 |  1,  1 |  2,  2 |  3,  3 |  8,  8 |  9,  9",,,,,,,y,,
adi_ib_dmcrp_a,CPEA STAART ADI-R 1999 Short,,text,Difficulties with minor changes in subjects own routine or personal environment:  Current,,,,,,,,y,,
adi_ib_dmcrp_b,CPEA STAART ADI-R 1999 Short,,text,Difficulties with minor changes in subjects own routine or personal environment:  Ever,,,,,,,,y,,
adi_ib_hdfgm_a,CPEA STAART ADI-R 1999 Short,,dropdown,Hand and finger mannerisms:  Current,"0, 0 |  1,  1 |  2,  2 |  3,  3 |  8,  8 |  9,  9",,,,,,,y,,
adi_ib_hdfgm_b,CPEA STAART ADI-R 1999 Short,,dropdown,Hand and finger mannerisms:  Ever,"0, 0 |  1,  1 |  2,  2 |  3,  3 |  8,  8 |  9,  9",,,,,,,y,,
adi_ib_mdhdm_a,CPEA STAART ADI-R 1999 Short,,text,Midline hand movements:  Current,,,,,,,,y,,
adi_ib_mdhdm_b,CPEA STAART ADI-R 1999 Short,,text,Midline hand movements:  Ever,,,,,,,,y,,
adi_ib_ocmsb_a,CPEA STAART ADI-R 1999 Short,,dropdown,Other complex mannerisms or stereotyped body movements:  Current,"0, 0 |  1,  1 |  2,  2 |  3,  3 |  8,  8 |  9,  9",,,,,,,y,,
adi_ib_ocmsb_b,CPEA STAART ADI-R 1999 Short,,dropdown,Other complex mannerisms or stereotyped body movements:  Ever,"0, 0 |  1,  1 |  2,  2 |  3,  3 |  8,  8 |  9,  9",,,,,,,y,,
adi_ib_rock_a,CPEA STAART ADI-R 1999 Short,,text,Rocking:  Current,,,,,,,,y,,
adi_ib_rock_b,CPEA STAART ADI-R 1999 Short,,text,Rocking:  Ever,,,,,,,,y,,
adi_ib_rpuob_a,CPEA STAART ADI-R 1999 Short,,dropdown,Repetitive use of objects or interests in parts of objects:  Current,"0, 0 |  1,  1 |  2,  2 |  3,  3 |  7,  7 |  8,  8 |  9,  9",,,,,,,y,,
adi_ib_rpuob_b,CPEA STAART ADI-R 1999 Short,,dropdown,Repetitive use of objects or interests in parts of objects:  Ever,"0, 0 |  1,  1 |  2,  2 |  3,  3 |  7,  7 |  8,  8 |  9,  9",,,,,,,y,,
adi_ib_rtcev_a,CPEA STAART ADI-R 1999 Short,,text,Resistance to trivial changes in the environment:  Current,,,,,,,,y,,
adi_ib_rtcev_b,CPEA STAART ADI-R 1999 Short,,text,Resistance to trivial changes in the environment:  Ever,,,,,,,,y,,
adi_ib_uatto_a,CPEA STAART ADI-R 1999 Short,,text,Unusual attachment to objects:  Current,,,,,,,,y,,
adi_ib_uatto_b,CPEA STAART ADI-R 1999 Short,,text,Unusual attachment to objects:  Ever,,,,,,,,y,,
adi_ib_ugstn_a,CPEA STAART ADI-R 1999 Short,,text,Unduly sensitive to noise:  Current,,,,,,,,y,,
adi_ib_ugstn_b,CPEA STAART ADI-R 1999 Short,,text,Unduly sensitive to noise:  Ever,,,,,,,,y,,
adi_ib_unpro_a,CPEA STAART ADI-R 1999 Short,,dropdown,Unusual preoccupations:  Current,"0, 0 |  1,  1 |  2,  2 |  3,  3 |  9,  9",,,,,,,y,,
adi_ib_unpro_b,CPEA STAART ADI-R 1999 Short,,dropdown,Unusual preoccupations:  Ever,"0, 0 |  1,  1 |  2,  2 |  3,  3 |  9,  9",,,,,,,y,,
adi_ib_unsyi_a,CPEA STAART ADI-R 1999 Short,,dropdown,Unusual sensory interests:  Current,"0, 0 |  1,  1 |  2,  2 |  9,  9",,,,,,,y,,
adi_ib_unsyi_b,CPEA STAART ADI-R 1999 Short,,dropdown,Unusual sensory interests:  Ever,"0, 0 |  1,  1 |  2,  2 |  9,  9",,,,,,,y,,
adi_lc_artpn_a,CPEA STAART ADI-R 1999 Short,,text,Articulation and pronunciation:  Current (4.0 or older),,,,,,,,y,,
adi_lc_artpn_b,CPEA STAART ADI-R 1999 Short,,text,Articulation and pronunciation:  At 5.0 years,,,,,,,,y,,
adi_lc_attvc_a,CPEA STAART ADI-R 1999 Short,,text,Attention to voice:  Current (under 5.0),,,,,,,,y,,
adi_lc_attvc_b,CPEA STAART ADI-R 1999 Short,,text,Attention to voice:  Most abnormal 4.0 - 5.0,,,,,,,,y,,
adi_lc_cistg_a,CPEA STAART ADI-R 1999 Short,,dropdown,Conventional/instrumental gestures:  Current,"0, 0 |  1,  1 |  2,  2 |  3,  3 |  8,  8 |  9,  9",,,,,,,y,,
adi_lc_cistg_b,CPEA STAART ADI-R 1999 Short,,dropdown,Conventional/instrumental gestures:  Most abnormal 4.0 - 5.0,"0, 0 |  1,  1 |  2,  2 |  3,  3 |  8,  8 |  9,  9",,,,,,,y,,
adi_lc_cpslg_a,CPEA STAART ADI-R 1999 Short,,text,Comprehension of simple language:  Current,,,,,,,,y,,
adi_lc_cpslg_b,CPEA STAART ADI-R 1999 Short,,text,Comprehension of simple language:  Most abnormal 4.0 - 5.0,,,,,,,,y,,
adi_lc_ctcms_a,CPEA STAART ADI-R 1999 Short,,text,Current communicative speech:  Current,,,,,,,,y,,
adi_lc_hdshk_a,CPEA STAART ADI-R 1999 Short,,dropdown,Head shaking:  Current,"0, 0 |  1,  1 |  2,  2 |  8,  8 |  9,  9",,,,,,,y,,
adi_lc_hdshk_b,CPEA STAART ADI-R 1999 Short,,dropdown,Head shaking:  Most abnormal 4.0  - 5.0,"0, 0 |  1,  1 |  2,  2 |  8,  8 |  9,  9",,,,,,,y,,
adi_lc_imgpl_a,CPEA STAART ADI-R 1999 Short,,dropdown,Imaginative play:  Current (under 10.0),"0, 0 |  1,  1 |  2,  2 |  3,  3 |  8,  8 |  9,  9",,,,,,,y,,
adi_lc_imgpl_b,CPEA STAART ADI-R 1999 Short,,dropdown,Imaginative play:  Most abnormal 4.0 - 5.0,"0, 0 |  1,  1 |  2,  2 |  3,  3 |  8,  8 |  9,  9",,,,,,,y,,
adi_lc_impwp_a,CPEA STAART ADI-R 1999 Short,,dropdown,Imaginative play with peers:  Current (Over 4.0 and under 10.0),"0, 0 |  1,  1 |  2,  2 |  3,  3 |  8,  8 |  9,  9",,,,,,,y,,
adi_lc_impwp_b,CPEA STAART ADI-R 1999 Short,,dropdown,Imaginative play with peers:  Most abnormal 4.0 - 5.0,"0, 0 |  1,  1 |  2,  2 |  3,  3 |  8,  8 |  9,  9",,,,,,,y,,
adi_lc_inqos_a,CPEA STAART ADI-R 1999 Short,,dropdown,Inappropriate questions or statements:  Current,"0, 0 |  1,  1 |  2,  2 |  8,  8 |  9,  9",,,,,,,y,,
adi_lc_inqos_b,CPEA STAART ADI-R 1999 Short,,dropdown,Inappropriate questions or statements:  Ever,"0, 0 |  1,  1 |  2,  2 |  8,  8 |  9,  9",,,,,,,y,,
adi_lc_ivrrt_a,CPEA STAART ADI-R 1999 Short,,text,Intonation/volume/rhythm/rate:  Current,,,,,,,,y,,
adi_lc_ivrrt_b,CPEA STAART ADI-R 1999 Short,,text,Intonation/volume/rhythm/rate:  Ever,,,,,,,,y,,
adi_lc_neidl_a,CPEA STAART ADI-R 1999 Short,,dropdown,Neologisms/idiosyncratic language:  Current,"0, 0 |  1,  1 |  2,  2 |  8,  8 |  9,  9",,,,,,,y,,
adi_lc_neidl_b,CPEA STAART ADI-R 1999 Short,,dropdown,Neologisms/idiosyncratic language:  Ever,"0, 0 |  1,  1 |  2,  2 |  8,  8 |  9,  9",,,,,,,y,,
adi_lc_noddg_a,CPEA STAART ADI-R 1999 Short,,dropdown,Nodding:  Current,"0, 0 |  1,  1 |  2,  2 |  8,  8 |  9,  9",,,,,,,y,,
adi_lc_noddg_b,CPEA STAART ADI-R 1999 Short,,dropdown,Nodding:  Most abnormal 4.0 - 5.0,"0, 0 |  1,  1 |  2,  2 |  8,  8 |  9,  9",,,,,,,y,,
adi_lc_ovlol,CPEA STAART ADI-R 1999 Short,,text,Overall level of language,,,,,,,,y,,
adi_lc_pnmrv_a,CPEA STAART ADI-R 1999 Short,,dropdown,Pronominal reversal:  Current,"0, 0 |  1,  1 |  2,  2 |  3,  3 |  7,  7 |  8,  8 |  9,  9",,,,,,,y,,
adi_lc_pnmrv_b,CPEA STAART ADI-R 1999 Short,,dropdown,Pronominal reversal:  Ever,"0, 0 |  1,  1 |  2,  2 |  3,  3 |  7,  7 |  8,  8 |  9,  9",,,,,,,y,,
adi_lc_ptexp_a,CPEA STAART ADI-R 1999 Short,,dropdown,Pointing to express interest:  Current,"0, 0 |  1,  1 |  2,  2 |  8,  8 |  9,  9",,,,,,,y,,
adi_lc_ptexp_b,CPEA STAART ADI-R 1999 Short,,dropdown,Pointing to express interest:  Most abnormal,"0, 0 |  1,  1 |  2,  2 |  8,  8 |  9,  9",,,,,,,y,,
adi_lc_rcpcv_a,CPEA STAART ADI-R 1999 Short,,dropdown,Reciprocal Conversation:  Current,"0, 0 |  1,  1 |  2,  2 |  3,  3 |  8,  8 |  9,  9",,,,,,,y,,
adi_lc_rcpcv_b,CPEA STAART ADI-R 1999 Short,,dropdown,Reciprocal Conversation:  Ever (when verbal),"0, 0 |  1,  1 |  2,  2 |  3,  3 |  8,  8 |  9,  9",,,,,,,y,,
adi_lc_scvbc_a,CPEA STAART ADI-R 1999 Short,,dropdown,Social verbalization/chat:  Current,"0, 0 |  1,  1 |  2,  2 |  8,  8 |  9,  9",,,,,,,y,,
adi_lc_scvbc_b,CPEA STAART ADI-R 1999 Short,,dropdown,Social verbalization/chat:  Ever (when verbal),"0, 0 |  1,  1 |  2,  2 |  8,  8 |  9,  9",,,,,,,y,,
adi_lc_spioa_a,CPEA STAART ADI-R 1999 Short,,dropdown,Spontaneous imitation of actions:  Current (under 10.0),"0, 0 |  1,  1 |  2,  2 |  3,  3 |  8,  8 |  9,  9",,,,,,,y,,
adi_lc_spioa_b,CPEA STAART ADI-R 1999 Short,,dropdown,Spontaneous imitation of actions:  Most abnormal 4.0 - 5.0,"0, 0 |  1,  1 |  2,  2 |  3,  3 |  8,  8 |  9,  9",,,,,,,y,,
adi_lc_suade_a,CPEA STAART ADI-R 1999 Short,,dropdown,Stereotyped utterances and delayed echolalia:  Current,"0, 0 |  1,  1 |  2,  2 |  3,  3 |  8,  8 |  9,  9",,,,,,,y,,
adi_lc_suade_b,CPEA STAART ADI-R 1999 Short,,dropdown,Stereotyped utterances and delayed echolalia:  Ever,"0, 0 |  1,  1 |  2,  2 |  3,  3 |  8,  8 |  9,  9",,,,,,,y,,
adi_lc_uobtc_a,CPEA STAART ADI-R 1999 Short,,dropdown,Use of others body to communicate:  Current,"0, 0 |  1,  1 |  2,  2 |  3,  3 |  8,  8 |  9,  9",,,,,,,y,,
adi_lc_uobtc_b,CPEA STAART ADI-R 1999 Short,,dropdown,Use of others body to communicate:  Ever,"0, 0 |  1,  1 |  2,  2 |  3,  3 |  8,  8 |  9,  9",,,,,,,y,,
adi_lc_vblrt_a,CPEA STAART ADI-R 1999 Short,,dropdown,Verbal rituals:  Current,"0, 0 |  1,  1 |  2,  2 |  3,  3 |  8,  8 |  9,  9",,,,,,,y,,
adi_lc_vblrt_b,CPEA STAART ADI-R 1999 Short,,dropdown,Verbal rituals:  Ever,"0, 0 |  1,  1 |  2,  2 |  3,  3 |  8,  8 |  9,  9",,,,,,,y,,
adi_sp_apscr_a,CPEA STAART ADI-R 1999 Short,,dropdown,Appropriateness of social responses:  Current,"0, 0 |  1,  1 |  2,  2 |  3,  3 |  8,  8 |  9,  9",,,,,,,y,,
adi_sp_apscr_b,CPEA STAART ADI-R 1999 Short,,dropdown,Appropriateness of social responses:  Most abnormal 4.0 - 5.0,"0, 0 |  1,  1 |  2,  2 |  3,  3 |  8,  8 |  9,  9",,,,,,,y,,
adi_sp_armsu_a,CPEA STAART ADI-R 1999 Short,,text,Arms up to be lifted:  Current (under 4.0),,,,,,,,y,,
adi_sp_ccmft_a,CPEA STAART ADI-R 1999 Short,,text,Coming for comfort:  Current (under age 10 years),,,,,,,,y,,
adi_sp_crsty_a,CPEA STAART ADI-R 1999 Short,,text,Curiosity:  Current,,,,,,,,y,,
adi_sp_crsty_b,CPEA STAART ADI-R 1999 Short,,text,Curiosity:  Most abnormal 4.0 - 5.0,,,,,,,,y,,
adi_sp_dirgz_a,CPEA STAART ADI-R 1999 Short,,dropdown,Direct gaze:  Current (under 5.0),"0, 0 |  1,  1 |  2,  2 |  3,  3 |  8,  8 |  9,  9",,,,,,,y,,
adi_sp_dirgz_b,CPEA STAART ADI-R 1999 Short,,dropdown,Direct gaze:  Most abnormal 4.0 - 5.0,"0, 0 |  1,  1 |  2,  2 |  3,  3 |  8,  8 |  9,  9",,,,,,,y,,
adi_sp_favat_1,CPEA STAART ADI-R 1999 Short,,text,Favorite activities 1,,,,,,,,y,,
adi_sp_favat_2,CPEA STAART ADI-R 1999 Short,,text,Favorite activities 2,,,,,,,,y,,
adi_sp_favat_3,CPEA STAART ADI-R 1999 Short,,text,Favorite activities 3,,,,,,,,y,,
adi_sp_favat_4,CPEA STAART ADI-R 1999 Short,,text,Favorite activities 4,,,,,,,,y,,
adi_sp_favty_1,CPEA STAART ADI-R 1999 Short,,text,Favorite toys/objects,,,,,,,,y,,
adi_sp_favty_2,CPEA STAART ADI-R 1999 Short,,text,Favorite toys/objects,,,,,,,,y,,
adi_sp_favty_3,CPEA STAART ADI-R 1999 Short,,text,Favorite toys/objects,,,,,,,,y,,
adi_sp_favty_4,CPEA STAART ADI-R 1999 Short,,text,Favorite toys/objects,,,,,,,,y,,
adi_sp_frdsp_a,CPEA STAART ADI-R 1999 Short,,dropdown,Friendships:  Current (5.0 or older),"0, 0 |  1,  1 |  2,  2 |  3,  3 |  8,  8 |  9,  9",,,,,,,y,,
adi_sp_frdsp_b,CPEA STAART ADI-R 1999 Short,,dropdown,Friendships:  Most abnormal 10.0 - 15.0,"0, 0 |  1,  1 |  2,  2 |  3,  3 |  8,  8 |  9,  9",,,,,,,y,,
adi_sp_gpwpr_a,CPEA STAART ADI-R 1999 Short,,dropdown,Group play with peers:  Current (Over 4.0 and under 10.0),"0, 0 |  1,  1 |  2,  2 |  3,  3 |  8,  8 |  9,  9",,,,,,,y,,
adi_sp_gpwpr_b,CPEA STAART ADI-R 1999 Short,,dropdown,Group play with peers:  Most abnormal 4.0 - 5.0,"0, 0 |  1,  1 |  2,  2 |  3,  3 |  8,  8 |  9,  9",,,,,,,y,,
adi_sp_imscp_a,CPEA STAART ADI-R 1999 Short,,dropdown,Imitative social play:  Current (under 10.0),"0, 0 |  1,  1 |  2,  2 |  3,  3 |  8,  8 |  9,  9",,,,,,,y,,
adi_sp_imscp_b,CPEA STAART ADI-R 1999 Short,,dropdown,Imitative social play:  Most abnormal 4.0 - 5.0,"0, 0 |  1,  1 |  2,  2 |  3,  3 |  8,  8 |  9,  9",,,,,,,y,,
adi_sp_inapa_a,CPEA STAART ADI-R 1999 Short,,text,Initiation of appropriate activities:  Current,,,,,,,,y,,
adi_sp_inapa_b,CPEA STAART ADI-R 1999 Short,,text,Initiation of appropriate activities:  Most abnormal 4.0 - 5.0,,,,,,,,y,,
adi_sp_infex_a,CPEA STAART ADI-R 1999 Short,,dropdown,Inappropriate facial expression:  Current,"0, 0 |  1,  1 |  2,  2 |  8,  8 |  9,  9",,,,,,,y,,
adi_sp_infex_b,CPEA STAART ADI-R 1999 Short,,dropdown,Inappropriate facial expression:  Ever,"0, 0 |  1,  1 |  2,  2 |  8,  8 |  9,  9",,,,,,,y,,
adi_sp_intcd_a,CPEA STAART ADI-R 1999 Short,,dropdown,Interest in children:  Current (under 10.0),"0, 0 |  1,  1 |  2,  2 |  3,  3 |  8,  8 |  9,  9",,,,,,,y,,
adi_sp_intcd_b,CPEA STAART ADI-R 1999 Short,,dropdown,Interest in children:  Most abnormal 4.0 - 5.0,"0, 0 |  1,  1 |  2,  2 |  3,  3 |  8,  8 |  9,  9",,,,,,,y,,
adi_sp_ofcmf_a,CPEA STAART ADI-R 1999 Short,,dropdown,Offers comfort:  Current,"0, 0 |  1,  1 |  2,  2 |  3,  3 |  8,  8 |  9,  9",,,,,,,y,,
adi_sp_ofcmf_b,CPEA STAART ADI-R 1999 Short,,dropdown,Offers comfort:  Most abnormal 4.0 - 5.0,"0, 0 |  1,  1 |  2,  2 |  3,  3 |  8,  8 |  9,  9",,,,,,,y,,
