Variable / Field Name,Form Name,Section Header,Field Type,Field Label,"Choices, Calculations, OR Slider Labels",Field Note,Text Validation Type OR Show Slider Number,Text Validation Min,Text Validation Max,Identifier?,Branching Logic (Show field only if...),Required Field?,Custom Alignment,Question Number (surveys only)
subjectkey,Peds - Physical and Neurological Exam (0:2 to 0:11 y:m),,text,The NDAR Global Unique Identifier (GUID) for subjects which identifies a subject in NDAR,,,,,,,,,,
src_subject_id,Peds - Physical and Neurological Exam (0:2 to 0:11 y:m),,text,The site's subject identification,,,,,,,,y,,
timepoint_label,Peds - Physical and Neurological Exam (0:2 to 0:11 y:m),,text,User-defined timepoint/visit label - a label selected by the site at the time of registration of a new timepoint into the database.  This label is used to group all the instruments administered to a subject at a given timepoint.,,,,,,,,y,,
admin_status,Peds - Physical and Neurological Exam (0:2 to 0:11 y:m),,dropdown,Instrument administration status,"Complete, Complete | Partial, Partial | Not Administered, Not Administered | Not Applicable, Not Applicable",,,,,,,y,,
neuro_q11_weight_percentile,Peds - Physical and Neurological Exam (0:2 to 0:11 y:m),,text,Physical/Neurological Examination Question 11 Approximate Weight Percentile for Age,,,,,,,,y,,
neuro_q13_hypertonia_rue,Peds - Physical and Neurological Exam (0:2 to 0:11 y:m),,dropdown,"Physical/Neurological Examination Question 13 Hypertonia Right Upper Extremity (0=None, 1=Mild, 2=Moderate, 3=Severe, NA=Not Available)","0, 0 | 1, 1 | 2, 2 | 3, 3 | NA, NA",,,,,,,y,,
neuro_q16_hypertonia_lle,Peds - Physical and Neurological Exam (0:2 to 0:11 y:m),,dropdown,"Physical/Neurological Examination Question 16 Hypertonia Left Lower Extremity (0=None, 1=Mild, 2=Moderate, 3=Severe, NA=Not Available)","0, 0 | 1, 1 | 2, 2 | 3, 3 | NA, NA",,,,,,,y,,
neuro_q17_hypotonia_rue,Peds - Physical and Neurological Exam (0:2 to 0:11 y:m),,dropdown,"Physical/Neurological Examination Question 17 Hypotonia (resistance to passive movement, ignore mild joint) Right Upper Extremity (0=None, 1=Mild, 2=Moderate, 3=Severe, NA=Not Available)","0, 0 | 1, 1 | 2, 2 | 3, 3 | NA, NA",,,,,,,y,,
neuro_q18_hypotonia_lue,Peds - Physical and Neurological Exam (0:2 to 0:11 y:m),,dropdown,"Physical/Neurological Examination Question 18 Hypotonia (resistance to passive movement, ignore mild joint) Left Upper Extremity (0=None, 1=Mild, 2=Moderate, 3=Severe, NA=Not Available)","0, 0 | 1, 1 | 2, 2 | 3, 3 | NA, NA",,,,,,,y,,
neuro_q19_hypotonia_rle,Peds - Physical and Neurological Exam (0:2 to 0:11 y:m),,dropdown,"Physical/Neurological Examination Question 19 Hypotonia (resistance to passive movement, ignore mild joint) Right Lower Extremity (0=None, 1=Mild, 2=Moderate, 3=Severe, NA=Not Available)","0, 0 | 1, 1 | 2, 2 | 3, 3 | NA, NA",,,,,,,y,,
neuro_q1_gen_state_of_health,Peds - Physical and Neurological Exam (0:2 to 0:11 y:m),,dropdown,"Physical/Neurological Examination Question 1 General State of Health (0=Normal, 1=Definitely Uncomfortable (e.g., bad cold), NA=Not Available)","0, 0 | 1, 1 | NA, NA",,,,,,,y,,
neuro_q23_weakness_rle,Peds - Physical and Neurological Exam (0:2 to 0:11 y:m),,dropdown,"Physical/Neurological Examination Question 23 Weakness Right Lower Extremity (0=None (5/5), 1=Mild (4/5), 2=Moderate (3/5), 3=Severe (1-2/5), NA=Not Available)","0, 0 | 1, 1 | 2, 2 | 3, 3 | NA, NA",,,,,,,y,,
neuro_q24_weakness_lle,Peds - Physical and Neurological Exam (0:2 to 0:11 y:m),,dropdown,"Physical/Neurological Examination Question 24 Weakness Left Lower Extremity (0=None (5/5), 1=Mild (4/5), 2=Moderate (3/5), 3=Severe (1-2/5), NA=Not Available)","0, 0 | 1, 1 | 2, 2 | 3, 3 | NA, NA",,,,,,,y,,
neuro_q25_dtr_biceps_rue,Peds - Physical and Neurological Exam (0:2 to 0:11 y:m),,dropdown,"Physical/Neurological Examination Question 25 Deep Tendon Reflexes Biceps Right Upper Extremity (0=Normal (1+, 2+, 3+); 1=Abnormal, NA=Not Available)","0, 0 | 1, 1 | NA, NA",,,,,,,y,,
neuro_q29_dtr_brachiorad_rue,Peds - Physical and Neurological Exam (0:2 to 0:11 y:m),,dropdown,"Physical/Neurological Examination Question 29 Deep Tendon Reflexes Brachioradialis Right Upper Extremity (0=Normal (1+, 2+, 3+); 1=Abnormal, NA=Not Available)","0, 0 | 1, 1 | NA, NA",,,,,,,y,,
neuro_q2_general_physical,Peds - Physical and Neurological Exam (0:2 to 0:11 y:m),,dropdown,"Physical/Neurological Examination Question 2 General Physical (limited to visual inspection, auscultation of chest for heart and lungs, palpation of abdomen) ","0, 0 | 1, 1 | 2, 2 | NA, NA",,,,,,,y,,
neuro_q32_dtr_quadriceps_lle,Peds - Physical and Neurological Exam (0:2 to 0:11 y:m),,dropdown,"Physical/Neurological Examination Question 32 Deep Tendon Reflexes Quadriceps Left Lower Extremity (0=Normal (1+, 2+, 3+); 1=Abnormal, NA=Not Available)","0, 0 | 1, 1 | NA, NA",,,,,,,y,,
neuro_q34_dtr_ankles_lle,Peds - Physical and Neurological Exam (0:2 to 0:11 y:m),,dropdown,"Physical/Neurological Examination (0:2 to 0:11 y:m) Question 34 Deep Tendon Reflexes Ankles Left Lower Extremity (0=Normal (1+, 2+, 3+); 1=Clonus, NA=Not Available)","0, 0 | 1, 1 | NA, NA",,,,,,,y,,
neuro_q35_plantar_rle,Peds - Physical and Neurological Exam (0:2 to 0:11 y:m),,dropdown,"Physical/Neurological Examination Question 35 Plantar Right Lower Extremity (0=Flexor (Toe), 1=Extensor (Toe), 2=No Toe Movement, NA=Not Available)","0, 0 | 1, 1 | 2, 2 | NA, NA",,,,,,,y,,
neuro_q36_plantar_lle,Peds - Physical and Neurological Exam (0:2 to 0:11 y:m),,dropdown,"Physical/Neurological Examination Question 36 Plantar Left Lower Extremity (0=Flexor (Toe), 1=Extensor (Toe), 2=No Toe Movement, NA=Not Available)","0, 0 | 1, 1 | 2, 2 | NA, NA",,,,,,,y,,
neuro_q37_tendon_reflex_asym,Peds - Physical and Neurological Exam (0:2 to 0:11 y:m),,dropdown,"Physical/Neurological Examination Question 37 Tendon Reflex Asymmetry (0=None, 1=Present, NA=Not Administered)","0, 0 | 1, 1 | NA, NA",,,,,,,y,,
neuro_q43_choreo_dys_limbs_lue,Peds - Physical and Neurological Exam (0:2 to 0:11 y:m),,dropdown,"Physical/Neurological Examination Question 43 Choreoathetosis or Dystonia of Limbs Left Upper Extremity (0=None, 1=Present, NA=Not Available)","0, 0 | 1, 1 | NA, NA",,,,,,,y,,
neuro_q56_tics_head_face,Peds - Physical and Neurological Exam (0:2 to 0:11 y:m),,dropdown,"Physical/Neurological Examination Question 56 Tics Head/Face (0=None, 1=Present, NA=Not Available)","0, 0 | 1, 1 | NA, NA",,,,,,,y,,
neuro_q58_ocular_motility_rt,Peds - Physical and Neurological Exam (0:2 to 0:11 y:m),,dropdown,"Physical/Neurological Examination (0:2 to 0:11 y:m) Question 58 Ocular Motility (CNs III, IV, VI, gaze preference) Right Eye (0=Normal, 1=Abnormal, NA=Not Available)","0, 0 | 1, 1 | NA, NA",,,,,,,y,,
neuro_q61_strabismus_right,Peds - Physical and Neurological Exam (0:2 to 0:11 y:m),,dropdown,"Physical/Neurological Examination (0:2 to 0:11 y:m) Question 61 Strabismus Right Eye (0=None, 1=Mild estropia, 2=Severe estropia, 3=Mild exotropia or exophoria 4=Severe extropia, NA=Not Available)","0, 0 | 1, 1 | 2, 2 | 3, 3 | 4, 4 | NA, NA",,,,,,,y,,
neuro_q62_strabismus_left,Peds - Physical and Neurological Exam (0:2 to 0:11 y:m),,dropdown,"Physical/Neurological Examination (0:2 to 0:11 y:m) Question 62 Strabismus Left Eye (0=None, 1=Mild estropia, 2=Severe estropia, 3=Mild exotropia or exophoria 4=Severe extropia, NA=Not Available)","0, 0 | 1, 1 | 2, 2 | 3, 3 | 4, 4 | NA, NA",,,,,,,y,,
neuro_q63_nystagmus_right,Peds - Physical and Neurological Exam (0:2 to 0:11 y:m),,dropdown,"Physical/Neurological Examination (0:2 to 0:11 y:m) Question 63 Nystagmus Right Eye (0=None, 1=Present but mild, 2=Jerk on lateral gaze, 3=Pendular on lateral gaze, 4=Rotatory on lateral gaze, NA=Not Available)","0, 0 | 1, 1 | 2, 2 | 3, 3 | 4, 4 | NA, NA",,,,,,,y,,
neuro_q66_facial_move_umn_rt,Peds - Physical and Neurological Exam (0:2 to 0:11 y:m),,dropdown,"Physical/Neurological Examination (0:2 to 0:11 y:m) Question 66 Facial Movements - Upper Motor Neuron (lower facial movement) Right Side of Face (0=Normal, 1=Mildly Abnormal, 2=Markedly Abnormal, NA=Not Available)","0, 0 | 1, 1 | 2, 2 | NA, NA",,,,,,,y,,
neuro_q69_facial_move_lmn_rt,Peds - Physical and Neurological Exam (0:2 to 0:11 y:m),,dropdown,"Physical/Neurological Examination (0:2 to 0:11 y:m) Question 69 Facial Movements - Lower Motor Neuron (upper and lower facial movement) Right Side of Face (0=Normal, 1=Mildly Abnormal, 2=Markedly Abnormal, NA=Not Available)","0, 0 | 1, 1 | 2, 2 | NA, NA",,,,,,,y,,
neuro_q70_facial_move_lmn_left,Peds - Physical and Neurological Exam (0:2 to 0:11 y:m),,dropdown,"Physical/Neurological Examination (0:2 to 0:11 y:m) Question 70 Facial Movements - Lower Motor Neuron (upper and lower facial movement) Left Side of Face (0=Normal, 1=Mildly Abnormal, 2=Markedly Abnormal, NA=Not Available)","0, 0 | 1, 1 | 2, 2 | NA, NA",,,,,,,y,,
neuro_q73_palate_elevation_lt,Peds - Physical and Neurological Exam (0:2 to 0:11 y:m),,dropdown,"Physical/Neurological Examination (0:2 to 0:11 y:m) Question 73 Palate Elevation Left (0=Symmetric, 1=Mildly Asymmetric, 2=Markedly Asymmetric, NA=Not Available)","0, 0 | 1, 1 | 2, 2 | NA, NA",,,,,,,y,,
neuro_q74_jaw_movement,Peds - Physical and Neurological Exam (0:2 to 0:11 y:m),,dropdown,"Physical/Neurological Examination (0:2 to 0:11 y:m) Question 74 Jaw Movements (Up and Down) (0=Normal, 1=Abnormal, NA=Not Available)","0, 0 | 1, 1 | NA, NA",,,,,,,y,,
neuro_q75_suck,Peds - Physical and Neurological Exam (0:2 to 0:11 y:m),,dropdown,"Physical/Neurological Examination (0:2 to 0:11 y:m) Question 75 Suck (0=Normal, 1=Abnormal, NA=Not Available)","0, 0 | 1, 1 | NA, NA",,,,,,,y,,
neuro_q79_tonic_neck_reflex_lt,Peds - Physical and Neurological Exam (0:2 to 0:11 y:m),,dropdown,"Physical/Neurological Examination (0:2 to 0:11 y:m) Question 79 (Performed with Child Lying in the Supine Position) Tonic Neck Reflex Present (2 Months) Head Turned to Left Shoulder (0=Present, 1=Absent, NA=Not Available)","0, 0 | 1, 1 | NA, NA",,,,,,,y,,
neuro_q7_head_circum_pct,Peds - Physical and Neurological Exam (0:2 to 0:11 y:m),,text,Physical/Neurological Examination Question 7 Approximate Head Circumference Percentile for Age,,,,,,,,y,,
neuro_q82_support_self_forearm,Peds - Physical and Neurological Exam (0:2 to 0:11 y:m),,dropdown,"Physical/Neurological Examination (0:2 to 0:11 y:m) Question 82 In Prone Position, Supports Self on Forearms (3 Months) (0=Yes, 1=No, NA=Not Available)","0, 0 | 1, 1 | NA, NA",,,,,,,y,,
age_in_days_dot_to_edc,Peds - Physical and Neurological Exam (0:2 to 0:11 y:m),,text,Age in days obtained by subtracting the Expected Date of Confinement (EDC/Due Date) from the date of test,,,,,,,,y,,
neuro_q10_weight_kg,Peds - Physical and Neurological Exam (0:2 to 0:11 y:m),,text,Physical/Neurological Examination Question 10 Measured Weight in Kilograms,,,,,,,,y,,
neuro_q12_wt_for_length_pct,Peds - Physical and Neurological Exam (0:2 to 0:11 y:m),,text,Physical/Neurological Examination Question 12 Approximate Weight for Length or Stature Percentile for Age,,,,,,,,y,,
neuro_q14_hypertonia_lue,Peds - Physical and Neurological Exam (0:2 to 0:11 y:m),,dropdown,"Physical/Neurological Examination Question 14 Hypertonia Left Upper Extremity (0=None, 1=Mild, 2=Moderate, 3=Severe, NA=Not Available)","0, 0 | 1, 1 | 2, 2 | 3, 3 | NA, NA",,,,,,,y,,
neuro_q15_hypertonia_rle,Peds - Physical and Neurological Exam (0:2 to 0:11 y:m),,dropdown,"Physical/Neurological Examination Question 15 Hypertonia Right Lower Extremity (0=None, 1=Mild, 2=Moderate, 3=Severe, NA=Not Available)","0, 0 | 1, 1 | 2, 2 | 3, 3 | NA, NA",,,,,,,y,,
neuro_q20_hypotonia_lle,Peds - Physical and Neurological Exam (0:2 to 0:11 y:m),,dropdown,"Physical/Neurological Examination Question 20 Hypotonia (resistance to passive movement, ignore mild joint) Left Lower Extremity (0=None, 1=Mild, 2=Moderate, 3=Severe, NA=Not Available)","0, 0 | 1, 1 | 2, 2 | 3, 3 | NA, NA",,,,,,,y,,
neuro_q21_weakness_rue,Peds - Physical and Neurological Exam (0:2 to 0:11 y:m),,dropdown,"Physical/Neurological Examination Question 21 Weakness Right Upper Extremity (0=None (5/5), 1=Mild (4/5), 2=Moderate (3/5), 3=Severe (1-2/5), NA=Not Available)","0, 0 | 1, 1 | 2, 2 | 3, 3 | NA, NA",,,,,,,y,,
neuro_q22_weakness_lue,Peds - Physical and Neurological Exam (0:2 to 0:11 y:m),,dropdown,"Physical/Neurological Examination Question 22 Weakness Left Upper Extremity (0=None (5/5), 1=Mild (4/5), 2=Moderate (3/5), 3=Severe (1-2/5), NA=Not Available)","0, 0 | 1, 1 | 2, 2 | 3, 3 | NA, NA",,,,,,,y,,
neuro_q26_dtr_biceps_lue,Peds - Physical and Neurological Exam (0:2 to 0:11 y:m),,dropdown,"Physical/Neurological Examination Question 26 Deep Tendon Reflexes Biceps Left Upper Extremity (0=Normal (1+, 2+, 3+); 1=Abnormal, NA=Not Available)","0, 0 | 1, 1 | NA, NA",,,,,,,y,,
neuro_q27_dtr_triceps_rue,Peds - Physical and Neurological Exam (0:2 to 0:11 y:m),,dropdown,"Physical/Neurological Examination Question 27 Deep Tendon Reflexes Triceps Right Upper Extremity (0=Normal (1+, 2+, 3+); 1=Abnormal, NA=Not Available)","0, 0 | 1, 1 | NA, NA",,,,,,,y,,
neuro_q28_dtr_triceps_lue,Peds - Physical and Neurological Exam (0:2 to 0:11 y:m),,dropdown,"Physical/Neurological Examination Question 28 Deep Tendon Reflexes Triceps Left Upper Extremity (0=Normal (1+, 2+, 3+); 1=Abnormal, NA=Not Available)","0, 0 | 1, 1 | NA, NA",,,,,,,y,,
neuro_q30_dtr_brachiorad_lue,Peds - Physical and Neurological Exam (0:2 to 0:11 y:m),,dropdown,"Physical/Neurological Examination Question 30 Deep Tendon Reflexes Brachioradialis Left Upper Extremity (0=Normal (1+, 2+, 3+); 1=Abnormal, NA=Not Available)","0, 0 | 1, 1 | NA, NA",,,,,,,y,,
neuro_q31_dtr_quadriceps_rle,Peds - Physical and Neurological Exam (0:2 to 0:11 y:m),,dropdown,"Physical/Neurological Examination Question 31 Deep Tendon Reflexes Quadriceps Right Lower Extremity (0=Normal (1+, 2+, 3+); 1=Abnormal, NA=Not Available)","0, 0 | 1, 1 | NA, NA",,,,,,,y,,
neuro_q33_dtr_ankles_rle,Peds - Physical and Neurological Exam (0:2 to 0:11 y:m),,dropdown,"Physical/Neurological Examination (0:2 to 0:11 y:m) Question 33 Deep Tendon Reflexes Ankles Right Lower Extremity (0=Normal (1+, 2+, 3+); 1=Clonus, NA=Not Available)","0, 0 | 1, 1 | NA, NA",,,,,,,y,,
neuro_q39_abn_truncal_post_rt,Peds - Physical and Neurological Exam (0:2 to 0:11 y:m),,dropdown,"Physical/Neurological Examination Question 39 Abnormal Truncal Posture (Dystonia) Right (0=None, 1=Present, NA=Not Administered)","0, 0 | 1, 1 | NA, NA",,,,,,,y,,
neuro_q3_unusual_facial_appear,Peds - Physical and Neurological Exam (0:2 to 0:11 y:m),,dropdown,"Physical/Neurological Examination Question 3 Unusual Facial Appearance (0=None, 1=Present, NA=Not Available)","0, 0 | 1, 1 | NA, NA",,,,,,,y,,
neuro_q40_abn_truncal_post_lt,Peds - Physical and Neurological Exam (0:2 to 0:11 y:m),,dropdown,"Physical/Neurological Examination Question 40 Abnormal Truncal Posture (Dystonia) Left (0=None, 1=Present, NA=Not Administered)","0, 0 | 1, 1 | NA, NA",,,,,,,y,,
neuro_q42_choreo_dys_limbs_rue,Peds - Physical and Neurological Exam (0:2 to 0:11 y:m),,dropdown,"Physical/Neurological Examination Question 42 Choreoathetosis or Dystonia of Limbs Right Upper Extremity (0=None, 1=Present, NA=Not Available)","0, 0 | 1, 1 | NA, NA",,,,,,,y,,
neuro_q44_choreo_dys_limbs_rle,Peds - Physical and Neurological Exam (0:2 to 0:11 y:m),,dropdown,"Physical/Neurological Examination Question 44 Choreoathetosis or Dystonia of Limbs Right Lower Extremity (0=None, 1=Present, NA=Not Available)","0, 0 | 1, 1 | NA, NA",,,,,,,y,,
neuro_q45_choreo_dys_limbs_lle,Peds - Physical and Neurological Exam (0:2 to 0:11 y:m),,dropdown,"Physical/Neurological Examination Question 45 Choreoathetosis or Dystonia of Limbs Left Lower Extremity (0=None, 1=Present, NA=Not Available)","0, 0 | 1, 1 | NA, NA",,,,,,,y,,
neuro_q47_tremor_rue,Peds - Physical and Neurological Exam (0:2 to 0:11 y:m),,dropdown,"Physical/Neurological Examination Question 47 Tremor Right Upper Extremity (0=None, 1=Present, NA=Not Available)","0, 0 | 1, 1 | NA, NA",,,,,,,y,,
neuro_q48_tremor_lue,Peds - Physical and Neurological Exam (0:2 to 0:11 y:m),,dropdown,"Physical/Neurological Examination Question 48 Tremor Left Upper Extremity (0=None, 1=Present, NA=Not Available)","0, 0 | 1, 1 | NA, NA",,,,,,,y,,
neuro_q49_tremor_rle,Peds - Physical and Neurological Exam (0:2 to 0:11 y:m),,dropdown,"Physical/Neurological Examination Question 49 Tremor Right Lower Extremity (0=None, 1=Present, NA=Not Available)","0, 0 | 1, 1 | NA, NA",,,,,,,y,,
neuro_q4_major_malformation,Peds - Physical and Neurological Exam (0:2 to 0:11 y:m),,dropdown,"Physical/Neurological Examination Question 4 Major Malformation (0 = None, 1= Present, NA=Not Available)","0, 0 | 1, 1 | NA, NA",,,,,,,y,,
neuro_q50_tremor_lle,Peds - Physical and Neurological Exam (0:2 to 0:11 y:m),,dropdown,"Physical/Neurological Examination Question 50 Tremor Left Lower Extremity (0=None, 1=Present, NA=Not Available)","0, 0 | 1, 1 | NA, NA",,,,,,,y,,
neuro_q52_tics_rue,Peds - Physical and Neurological Exam (0:2 to 0:11 y:m),,dropdown,"Physical/Neurological Examination Question 52 Tics Right Upper Extremity (0=None, 1=Present, NA=Not Available)","0, 0 | 1, 1 | NA, NA",,,,,,,y,,
neuro_q53_tics_lue,Peds - Physical and Neurological Exam (0:2 to 0:11 y:m),,dropdown,"Physical/Neurological Examination Question 53 Tics Left Upper Extremity (0=None, 1=Present, NA=Not Available)","0, 0 | 1, 1 | NA, NA",,,,,,,y,,
neuro_q54_tics_rle,Peds - Physical and Neurological Exam (0:2 to 0:11 y:m),,dropdown,"Physical/Neurological Examination Question 54 Tics Right Lower Extremity (0=None, 1=Present, NA=Not Available)","0, 0 | 1, 1 | NA, NA",,,,,,,y,,
neuro_q55_tics_lle,Peds - Physical and Neurological Exam (0:2 to 0:11 y:m),,dropdown,"Physical/Neurological Examination Question 55 Tics Left Lower Extremity (0=None, 1=Present, NA=Not Available)","0, 0 | 1, 1 | NA, NA",,,,,,,y,,
neuro_q59_ocular_motility_left,Peds - Physical and Neurological Exam (0:2 to 0:11 y:m),,dropdown,"Physical/Neurological Examination (0:2 to 0:11 y:m) Question 59 Ocular Motility (CNs III, IV, VI, gaze preference) Left Eye (0=Normal, 1=Abnormal, NA=Not Available)","0, 0 | 1, 1 | NA, NA",,,,,,,y,,
neuro_q64_nystagmus_left,Peds - Physical and Neurological Exam (0:2 to 0:11 y:m),,dropdown,"Physical/Neurological Examination (0:2 to 0:11 y:m) Question 64 Nystagmus Left Eye (0=None, 1=Present but mild, 2=Jerk on lateral gaze, 3=Pendular on lateral gaze, 4=Rotatory on lateral gaze, NA=Not Available)","0, 0 | 1, 1 | 2, 2 | 3, 3 | 4, 4 | NA, NA",,,,,,,y,,
neuro_q67_facial_move_umn_left,Peds - Physical and Neurological Exam (0:2 to 0:11 y:m),,dropdown,"Physical/Neurological Examination (0:2 to 0:11 y:m) Question 67 Facial Movements - Upper Motor Neuron (lower facial movement) Left Side of Face (0=Normal, 1=Mildly Abnormal, 2=Markedly Abnormal, NA=Not Available)","0, 0 | 1, 1 | 2, 2 | NA, NA",,,,,,,y,,
neuro_q6_head_circumference_cm,Peds - Physical and Neurological Exam (0:2 to 0:11 y:m),,text,Physical/Neurological Examination Question 6  Measured Head Circumference in Centimeters,,,,,,,,y,,
neuro_q72_palate_elevation_rt,Peds - Physical and Neurological Exam (0:2 to 0:11 y:m),,dropdown,"Physical/Neurological Examination (0:2 to 0:11 y:m) Question 72 Palate Elevation Right (0=Symmetric, 1=Mildly Asymmetric, 2=Markedly Asymmetric, NA=Not Available)","0, 0 | 1, 1 | 2, 2 | NA, NA",,,,,,,y,,
neuro_q76_tongue_movement,Peds - Physical and Neurological Exam (0:2 to 0:11 y:m),,dropdown,"Physical/Neurological Examination (0:2 to 0:11 y:m) Question 76 Tongue Movements (In and Out) (0=Protrudes and Retracts Easily, 1=Abnormal, NA=Not Available)","0, 0 | 1, 1 | NA, NA",,,,,,,y,,
neuro_q77_gag,Peds - Physical and Neurological Exam (0:2 to 0:11 y:m),,dropdown,"Physical/Neurological Examination (0:2 to 0:11 y:m) Question 77 Gag (0=Normal, 1=Hyperactive, 2=Depressed, 3=Absent, NA=Not Available)","0, 0 | 1, 1 | 2, 2 | 3, 3 | NA, NA",,,,,,,y,,
neuro_q78_tonic_neck_reflex_rt,Peds - Physical and Neurological Exam (0:2 to 0:11 y:m),,dropdown,"Physical/Neurological Examination (0:2 to 0:11 y:m) Question 78 (Performed with Child Lying in the Supine Position) Tonic Neck Reflex Present (2 Months) Head Turned to Right Shoulder (0=Present, 1=Absent, NA=Not Available)","0, 0 | 1, 1 | NA, NA",,,,,,,y,,
neuro_q80_trunc_incurv_abs_lt,Peds - Physical and Neurological Exam (0:2 to 0:11 y:m),,dropdown,"Physical/Neurological Examination (0:2 to 0:11 y:m) Question 80 Truncal Incurvation (Galants Reflex) Absent (2 Months) Left Paraspinal Stimulus (0=Absent, 1=Present, NA=Not Available)","0, 0 | 1, 1 | NA, NA",,,,,,,y,,
neuro_q81_trunc_incurv_abs_rt,Peds - Physical and Neurological Exam (0:2 to 0:11 y:m),,dropdown,"Physical/Neurological Examination (0:2 to 0:11 y:m) Question 81 Truncal Incurvation (Galants Reflex) Absent (2 Months) Right Paraspinal Stimulus (0=Absent, 1=Present, NA=Not Available)","0, 0 | 1, 1 | NA, NA",,,,,,,y,,
neuro_q83_hands_open_at_rest,Peds - Physical and Neurological Exam (0:2 to 0:11 y:m),,dropdown,"Physical/Neurological Examination (0:2 to 0:11 y:m) Question 83 Holds Hands Open at Rest (3 Months) (0=Yes, 1=No, NA=Not Available)","0, 0 | 1, 1 | NA, NA",,,,,,,y,,
neuro_q84_arms_unison_grsp_obj,Peds - Physical and Neurological Exam (0:2 to 0:11 y:m),,dropdown,"Physical/Neurological Examination (0:2 to 0:11 y:m) Question 84 Moves Arms in Unison to Grasp an Object (3 Months) (0=Yes, 1=No, NA=Not Available)","0, 0 | 1, 1 | NA, NA",,,,,,,y,,
neuro_q85_moro_reflex_absent,Peds - Physical and Neurological Exam (0:2 to 0:11 y:m),,dropdown,"Physical/Neurological Examination (0:2 to 0:11 y:m) Question 85 Moro Reflex is Absent (3 Months) (0=Yes, 1=No, NA=Not Available)","0, 0 | 1, 1 | NA, NA",,,,,,,y,,
neuro_q86_palmar_grasp_abs_rt,Peds - Physical and Neurological Exam (0:2 to 0:11 y:m),,dropdown,"Physical/Neurological Examination (0:2 to 0:11 y:m) Question 86 Palmar Grasp is Absent Right Hand (4 Months) (0=Absent, 1=Present, NA=Not Available)","0, 0 | 1, 1 | NA, NA",,,,,,,y,,
neuro_q87_palmar_grasp_abs_lt,Peds - Physical and Neurological Exam (0:2 to 0:11 y:m),,dropdown,"Physical/Neurological Examination (0:2 to 0:11 y:m) Question 87 Palmar Grasp is Absent Left Hand (4 Months) (0=Absent, 1=Present, NA=Not Available)","0, 0 | 1, 1 | NA, NA",,,,,,,y,,
neuro_q88_rolls_front_to_back,Peds - Physical and Neurological Exam (0:2 to 0:11 y:m),,dropdown,"Physical/Neurological Examination (0:2 to 0:11 y:m) Question 88 Rolls Front to Back When Placed Prone (5 Months) (0=Yes, 1=No, NA=Not Available)","0, 0 | 1, 1 | NA, NA",,,,,,,y,,
neuro_q89_r_cube_either_arm,Peds - Physical and Neurological Exam (0:2 to 0:11 y:m),,dropdown,"Physical/Neurological Examination (0:2 to 0:11 y:m) Question 89 Reaches for Cube with Either Arm (5 Months) (0=Yes, 1=No, NA=Not Available)","0, 0 | 1, 1 | NA, NA",,,,,,,y,,
neuro_q8_height_cm,Peds - Physical and Neurological Exam (0:2 to 0:11 y:m),,text,Physical/Neurological Examination Question 8 Measured Height in Centimeters,,,,,,,,y,,
neuro_q90_tonic_nck_rflx_abs_r,Peds - Physical and Neurological Exam (0:2 to 0:11 y:m),,dropdown,"Physical/Neurological Examination (0:2 to 0:11 y:m) Question 90 Tonic Neck Reflex Absent (6 Months) Head Turned to Right Shoulder (0=Present, 1=Absent, NA=Not Available)","0, 0 | 1, 1 | NA, NA",,,,,,,y,,
neuro_q91_tonic_nck_rflx_abs_l,Peds - Physical and Neurological Exam (0:2 to 0:11 y:m),,dropdown,"Physical/Neurological Examination (0:2 to 0:11 y:m) Question 91 Tonic Neck Reflex Absent (6 Months) Head Turned to Left Shoulder (0=Present, 1=Absent, NA=Not Available)","0, 0 | 1, 1 | NA, NA",,,,,,,y,,
neuro_q92_sits_well_unsupport,Peds - Physical and Neurological Exam (0:2 to 0:11 y:m),,dropdown,"Physical/Neurological Examination (0:2 to 0:11 y:m) Question 92 Sits Well Unsupported (6 Months) (0=Yes, 1=No, NA=Not Available)","0, 0 | 1, 1 | NA, NA",,,,,,,y,,
neuro_q93_crawls,Peds - Physical and Neurological Exam (0:2 to 0:11 y:m),,dropdown,"Physical/Neurological Examination (0:2 to 0:11 y:m) Question 93 Crawls (9 Months) (0=Yes, 1=No, NA=Not Available)","0, 0 | 1, 1 | NA, NA",,,,,,,y,,
neuro_q94_transfers_obj_hand,Peds - Physical and Neurological Exam (0:2 to 0:11 y:m),,dropdown,"Physical/Neurological Examination (0:2 to 0:11 y:m) Question 94 Transfers an Object from One Hand to the Other (9 Months) (0=Yes, 1=No, NA=Not Available)","0, 0 | 1, 1 | NA, NA",,,,,,,y,,
neuro_q95_pincer_grasp_raisin,Peds - Physical and Neurological Exam (0:2 to 0:11 y:m),,dropdown,"Physical/Neurological Examination (0:2 to 0:11 y:m) Question 95 Uses a Pincer Grasp to Pick Up a Raisin (9 Months) (0=Yes, 1=No, NA=Not Available)","0, 0 | 1, 1 | NA, NA",,,,,,,y,,
neuro_q96_walks_alone,Peds - Physical and Neurological Exam (0:2 to 0:11 y:m),,dropdown,"Physical/Neurological Examination (0:2 to 0:11 y:m) Question 96 Walks Alone (12 Months) (0=Yes, 1=No, NA=Not Available)","0, 0 | 1, 1 | NA, NA",,,,,,,y,,
neuro_q97_coos,Peds - Physical and Neurological Exam (0:2 to 0:11 y:m),,dropdown,"Physical/Neurological Examination (0:2 to 0:11 y:m) Question 97 Coos (3 Months) (0=Yes, 1=No, NA=Not Available)","0, 0 | 1, 1 | NA, NA",,,,,,,y,,
neuro_q98_babbles,Peds - Physical and Neurological Exam (0:2 to 0:11 y:m),,dropdown,"Physical/Neurological Examination (0:2 to 0:11 y:m) Question 98 Babbles (6 Months) (0=Yes, 1=No, NA=Not Available)","0, 0 | 1, 1 | NA, NA",,,,,,,y,,
neuro_q99_has_two_words,Peds - Physical and Neurological Exam (0:2 to 0:11 y:m),,dropdown,"Physical/Neurological Examination (0:2 to 0:11 y:m) Question 99 Has Two Words Other Than Mama and Dada (12 Months) (0=Yes, 1=No, NA=Not Available) Note: Parent Report is Acceptable","0, 0 | 1, 1 | NA, NA",,,,,,,y,,
neuro_q9_height_percentile,Peds - Physical and Neurological Exam (0:2 to 0:11 y:m),,text,Physical/Neurological Examination Question 9 Approximate Height Percentile for Age,,,,,,,,y,,
