Variable / Field Name,Form Name,Section Header,Field Type,Field Label,"Choices, Calculations, OR Slider Labels",Field Note,Text Validation Type OR Show Slider Number,Text Validation Min,Text Validation Max,Identifier?,Branching Logic (Show field only if...),Required Field?,Custom Alignment,Question Number (surveys only)
subjectkey,CPEA STAART CBCL 1.5 to 5,,text,The NDAR Global Unique Identifier (GUID) for subjects which identifies a subject in NDAR,,,,,,,,y,,
cbcl_age,CPEA STAART CBCL 1.5 to 5,,text,CBCL Age,,,,,,,,y,,
cycle,CPEA STAART CBCL 1.5 to 5,,text,Timepoint information,,,,,,,,y,,
patid,CPEA STAART CBCL 1.5 to 5,,text,src_Subject_id,,Patient IDs were assigned at the research site for CPEA and STAART,,,,,,y,,
network,CPEA STAART CBCL 1.5 to 5,,text,Network,,CPEA or STAART Network,,,,,,y,,
site,CPEA STAART CBCL 1.5 to 5,,text,Site,,CPEA or STAART Site,,,,,,y,,
study,CPEA STAART CBCL 1.5 to 5,,text,Study,,CPEA or STAART Study,,,,,,y,,
cbcl_ab5_per,CPEA STAART CBCL 1.5 to 5,,text,Percentile,,,,,,,,y,,
cbcl_ab5_total,CPEA STAART CBCL 1.5 to 5,,text,Total Score,,,,,,,,y,,
cbcl_ab5_tscr,CPEA STAART CBCL 1.5 to 5,,text,T Score,,,,,,,,y,,
cbcl_ad5_per,CPEA STAART CBCL 1.5 to 5,,text,Percentile,,,,,,,,y,,
cbcl_ad5_total,CPEA STAART CBCL 1.5 to 5,,text,Total Score,,,,,,,,y,,
cbcl_ad5_tscr,CPEA STAART CBCL 1.5 to 5,,text,T Score,,,,,,,,y,,
cbcl_af5_per,CPEA STAART CBCL 1.5 to 5,,text,Percentile,,,,,,,,y,,
cbcl_af5_total,CPEA STAART CBCL 1.5 to 5,,text,Total Score,,,,,,,,y,,
cbcl_af5_tscr,CPEA STAART CBCL 1.5 to 5,,text,T Score,,,,,,,,y,,
cbcl_ah5_per,CPEA STAART CBCL 1.5 to 5,,text,Percentile,,,,,,,,y,,
cbcl_ah5_total,CPEA STAART CBCL 1.5 to 5,,text,Total Score,,,,,,,,y,,
cbcl_ah5_tscr,CPEA STAART CBCL 1.5 to 5,,text,T Score,,,,,,,,y,,
cbcl_at5_per,CPEA STAART CBCL 1.5 to 5,,text,Percentile,,,,,,,,y,,
cbcl_at5_total,CPEA STAART CBCL 1.5 to 5,,text,Total Score,,,,,,,,y,,
cbcl_at5_tscr,CPEA STAART CBCL 1.5 to 5,,text,T Score,,,,,,,,y,,
cbcl_ax5_per,CPEA STAART CBCL 1.5 to 5,,text,Percentile,,,,,,,,y,,
cbcl_ax5_total,CPEA STAART CBCL 1.5 to 5,,text,Total Score,,,,,,,,y,,
cbcl_ax5_tscr,CPEA STAART CBCL 1.5 to 5,,text,T Score,,,,,,,,y,,
cbcl_er5_per,CPEA STAART CBCL 1.5 to 5,,text,Percentile,,,,,,,,y,,
cbcl_er5_total,CPEA STAART CBCL 1.5 to 5,,text,Total Score,,,,,,,,y,,
cbcl_er5_tscr,CPEA STAART CBCL 1.5 to 5,,text,T Score,,,,,,,,y,,
cbcl_ex5_per,CPEA STAART CBCL 1.5 to 5,,text,Percentile,,,,,,,,y,,
cbcl_ex5_total,CPEA STAART CBCL 1.5 to 5,,text,Total Score,,,,,,,,y,,
cbcl_ex5_tscr,CPEA STAART CBCL 1.5 to 5,,text,T Score,,,,,,,,y,,
cbcl_in5_per,CPEA STAART CBCL 1.5 to 5,,text,Percentile,,,,,,,,y,,
cbcl_in5_total,CPEA STAART CBCL 1.5 to 5,,text,Total Score,,,,,,,,y,,
cbcl_in5_tscr,CPEA STAART CBCL 1.5 to 5,,text,T Score,,,,,,,,y,,
cbcl_od5_per,CPEA STAART CBCL 1.5 to 5,,text,Percentile,,,,,,,,y,,
cbcl_od5_total,CPEA STAART CBCL 1.5 to 5,,text,Total Score,,,,,,,,y,,
cbcl_od5_tscr,CPEA STAART CBCL 1.5 to 5,,text,T Score,,,,,,,,y,,
cbcl_pd5_per,CPEA STAART CBCL 1.5 to 5,,text,Percentile,,,,,,,,y,,
cbcl_pd5_total,CPEA STAART CBCL 1.5 to 5,,text,Total Score,,,,,,,,y,,
cbcl_pd5_tscr,CPEA STAART CBCL 1.5 to 5,,text,T Score,,,,,,,,y,,
cbcl_sc5_per,CPEA STAART CBCL 1.5 to 5,,text,Percentile,,,,,,,,y,,
cbcl_sc5_total,CPEA STAART CBCL 1.5 to 5,,text,Total Score,,,,,,,,y,,
cbcl_sc5_tscr,CPEA STAART CBCL 1.5 to 5,,text,T Score,,,,,,,,y,,
cbcl_sp5_per,CPEA STAART CBCL 1.5 to 5,,text,Percentile,,Nulled value range of:   0 - 100 to accept outlier data,,,,,,y,,
cbcl_sp5_total,CPEA STAART CBCL 1.5 to 5,,text,Total Score,,Nulled value range of:   0 - 14 to accept outlier data,,,,,,y,,
cbcl_sp5_tscr,CPEA STAART CBCL 1.5 to 5,,text,T Score,,Nulled value range of:   0 - 100 to accept outlier data,,,,,,y,,
cbcl_tp5_per,CPEA STAART CBCL 1.5 to 5,,text,Percentile,,,,,,,,y,,
cbcl_tp5_total,CPEA STAART CBCL 1.5 to 5,,text,Total Score,,,,,,,,y,,
cbcl_tp5_tscr,CPEA STAART CBCL 1.5 to 5,,text,T Score,,,,,,,,y,,
cbcl_version,CPEA STAART CBCL 1.5 to 5,,text,Version,,,,,,,,y,,
cbcl_wd5_per,CPEA STAART CBCL 1.5 to 5,,text,Percentile,,,,,,,,y,,
cbcl_wd5_total,CPEA STAART CBCL 1.5 to 5,,text,Total Score,,,,,,,,y,,
cbcl_wd5_tscr,CPEA STAART CBCL 1.5 to 5,,text,T Score,,,,,,,,y,,
