Variable / Field Name,Form Name,Section Header,Field Type,Field Label,"Choices, Calculations, OR Slider Labels",Field Note,Text Validation Type OR Show Slider Number,Text Validation Min,Text Validation Max,Identifier?,Branching Logic (Show field only if...),Required Field?,Custom Alignment,Question Number (surveys only)
src_subject_id,Traffic Related Pollution Estimates from CALINE,,text,The site's subject identification,,,,,,,,y,,
periodname,Traffic Related Pollution Estimates from CALINE,,text,Time Period for Exposure,,,,,,,,y,,
roadtype1_nox,Traffic Related Pollution Estimates from CALINE,,text,NOx estimate from Interstate Highways,,estimated in parts per billion (ppb),,,,,,y,,
roadtype2_nox,Traffic Related Pollution Estimates from CALINE,,text,NOx estimate for US and State Highways,,estimated in parts per billion (ppb),,,,,,y,,
roadtype3_nox,Traffic Related Pollution Estimates from CALINE,,text,NOx estimated for secondary state or county highways,,estimated in parts per billion (ppb),,,,,,y,,
roadtype4_nox,Traffic Related Pollution Estimates from CALINE,,text,"NOx estimated for local, neighborhood, rural road, or city street",,estimated in parts per billion (ppb),,,,,,y,,
total_nox_allroads,Traffic Related Pollution Estimates from CALINE,,text,NOx estimated from all road types,,estimated in parts per billion (ppb),,,,,,y,,
subjectkey,Traffic Related Pollution Estimates from CALINE,,text,The NDAR Global Unique Identifier (GUID) for subjects which identifies a subject in NDAR,,,,,,,,y,,
