Variable / Field Name,Form Name,Section Header,Field Type,Field Label,"Choices, Calculations, OR Slider Labels",Field Note,Text Validation Type OR Show Slider Number,Text Validation Min,Text Validation Max,Identifier?,Branching Logic (Show field only if...),Required Field?,Custom Alignment,Question Number (surveys only)
subjectkey,CPEA STAART Adverse Events,,text,The NDAR Global Unique Identifier (GUID) for subjects which identifies a subject in NDAR,,,,,,,,y,,
patid,CPEA STAART Adverse Events,,text,src_Subject_id,,Patient IDs were assigned at the research site for CPEA and STAART,,,,,,y,,
cycle,CPEA STAART Adverse Events,,text,Timepoint information,,,,,,,,y,,
phase,CPEA STAART Adverse Events,,dropdown,Phase,"1, 1 |  2,  2 |  3,  3 |  4,  4",,,,,,,y,,
q13_date,CPEA STAART Adverse Events,,text,Date,,Required field,,,,,,y,,
q13_ratr,CPEA STAART Adverse Events,,text,Rater Name,,"The name of the staff member who administered the form. If the form was filled out by the guardian or teacher, the CC¿s name should be entered as Rater.",,,,,,y,,
13_ratr,CPEA STAART Adverse Events,,text,Rater Name,,"The name of the staff member who administered the form. If the form was filled out by the guardian or teacher, the CC¿s name should be entered as Rater.",,,,,,y,,
q13_prif,CPEA STAART Adverse Events,,dropdown,Primary Source: Father,"0, 0 |  -1,  -1","Checl if father is primary source. 0=no, -1=yes.",,,,,,y,,
q13_pric,CPEA STAART Adverse Events,,dropdown,Primary Source: Child,"0, 0 |  -1,  -1","Check if child is primary source. 0=no, -1=yes.",,,,,,y,,
q13_prit,CPEA STAART Adverse Events,,dropdown,Primary Source: Teacher,"0, 0 |  -1,  -1","Check if teacher is primary source. 0=no, -1=yes.",,,,,,y,,
q13_prio,CPEA STAART Adverse Events,,dropdown,Primary Source: Other,"0, 0 |  -1,  -1","Check if primary source not mother, father, child or teacher. 0=no, -1=yes.",,,,,,y,,
q13_pr_s,CPEA STAART Adverse Events,,text,Other Primary Source specified,,Complete if q13_prio is checked,,,,,,y,,
q13_parm,CPEA STAART Adverse Events,,dropdown,Participants present: Mother,"0, 0 |  -1,  -1","Check if mother is present during assessment. If Teacher is primary source this item should be left blank. 0=no, -1=yes.",,,,,,y,,
q13_parf,CPEA STAART Adverse Events,,dropdown,Participants present: Father,"0, 0 |  -1,  -1",Check if father is present during assessment. If Teacher is primary source this item should be left blank,,,,,,y,,
q13_parc,CPEA STAART Adverse Events,,dropdown,Participants present: Child,"0, 0 |  -1,  -1","Check if chid is present during assessment. If Teacher is primary source this item should be left blank. 0=no, -1=yes.",,,,,,y,,
q13_part,CPEA STAART Adverse Events,,dropdown,Participants present: Teacher,"0, 0 |  -1,  -1","If Teacher is primary source, this item should be left blank. 0=no, -1=yes.",,,,,,y,,
q13_paro,CPEA STAART Adverse Events,,dropdown,Participants present: Other,"0, 0 |  -1,  -1","If Teacher is primary source, this item should be left blank. If administered by phone, q13_paro should be checked and PHONE should be written in q13_pa_s. 0=no, -1=yes.",,,,,,y,,
q13_pa_s,CPEA STAART Adverse Events,,text,Other Participants present specified,,Complete if q13_paro is checked,,,,,,y,,
q13_desc,CPEA STAART Adverse Events,,text,Description,,"Lab values that fall outside of the study-specific safety ranges will be reported as an AE. If subsequent testing proves to be within the safety range, a comment will be added to the AE form.",,,,,,y,,
q13_dons,CPEA STAART Adverse Events,,text,Onset Date,,"If date of onset is not known, try to first narrow it down to month and year, if possible. If month and year is known, enter DD/MM/YYYY (e.g., if the guardian knows that the AE started in April 1999, enter 04/01/1999). If only year is known, enter 01/01/YYYY. If only age is known (e.g., the parent knows that the AE started when the participant was 2 yrs old), enter the birth date of that year (e.g., 02/01/2000 for a participant who had an AE start at age two whose date of birth was 02/01/1998). If quarter is known, enter the first date of that quarter (e.g., if the parent knows that the AE occurred the during the second quarter of 1999, enter 04/01/1999).",,,,,,y,,
q13_tons,CPEA STAART Adverse Events,,text,Onset Time,,,number,00:00,23:59,,,y,,
q13_sev,CPEA STAART Adverse Events,,dropdown,Severity,"1, 1 |  2,  2 |  3,  3 |  -7,  -7 | -8, -8 |  -9,  -9","If time of onset is not known, try to narrow it down. If guardian says ¿morning¿, enter 9:00. If parent says ¿afternoon¿, enter 15:00. If parent says ¿evening¿, enter ¿21:00¿. If guardian cannot narrow it down, enter 00:00. Mild: Transient discomfort that does not interfere with participants normal functioning. Moderate: Produces limited impairment of function and can require therapeutic intervention, but is unlikely to produce sequelae. Severe: Results in marked impairment of function and can lead to temporary inability to resume usual life pattern. The AE may produce sequelae that require prolonged therapeutic intervention.",,,,,,y,,
String,CPEA STAART Adverse Events,,text,1; 2; 3; -7;-8; -9,,,,,,,,,,
q13_att,CPEA STAART Adverse Events,,dropdown,Attribute,"1, 1 |  2,  2 |  3,  3 |  4,  4 |  5,  5 |  -7,  -7 |  -8,  -8 |  -9,  -9",Required field,,,,,,y,,
q13_atk,CPEA STAART Adverse Events,,text,Actions Taken,,Separate each action taken with a comma in the DES.,,,,,,y,,
q13_atks,CPEA STAART Adverse Events,,text,"Actions Taken, Specify",,Complete if q13_atk = 6,,,,,,y,,
q13_out,CPEA STAART Adverse Events,,dropdown,Outcome,"1, 1 |  2,  2 |  3,  3 |  4,  4 |  -7,  -7 |  -8,  -8 |  -9,  -9","If an existing AE does not have a date resolved and is still current, outcome should be AE Still Present. If an existing AE has resolved, cross out the original outcome on the form and enter the new outcome. The outcome cannot be AE Still Present.",,,,,,y,,
q13_dres,CPEA STAART Adverse Events,,dropdown,Date Resolved,"MM/yyyy, MM/yyyy |  MM/dd/yyyy,  MM/dd/yyyy","If date resolved is not known, try to first narrow it down to the last week it was present, if possible. Enter the last date of the week specified. If guardian cannot narrow down to week, enter today's date (the most conservative approach).",,,,,,y,,
q13_tres,CPEA STAART Adverse Events,,text,Time Resolved,,"If time resolved is not known, try to narrow it down. If guardian says morning, enter 9:00. If parent says afternoon, enter 15:00. If parent says evening, enter 21:00. If guardian cannot narrow it down, enter 00:00. If the Adverse Event was life-threatening, ended in a disability or birth defect/congenital anomaly, enter that here.",number,00:00,23:59,,,y,,
q13_comm,CPEA STAART Adverse Events,,text,Comments,,,,,,,,y,,
q13_interview_date,CPEA STAART Adverse Events,,text,Date,"MM/yyyy, MM/yyyy |  MM/dd/yyyy,  MM/dd/yyyy",,date_ymd,,,,,y,,
q13_interview_date2,CPEA STAART Adverse Events,,text,Date,"MM/yyyy, MM/yyyy |  MM/dd/yyyy,  MM/dd/yyyy",,date_ymd,,,,,y,,
q13_interview_date3,CPEA STAART Adverse Events,,text,Date,"MM/yyyy, MM/yyyy |  MM/dd/yyyy,  MM/dd/yyyy",,date_ymd,,,,,y,,
