Variable / Field Name,Form Name,Section Header,Field Type,Field Label,"Choices, Calculations, OR Slider Labels",Field Note,Text Validation Type OR Show Slider Number,Text Validation Min,Text Validation Max,Identifier?,Branching Logic (Show field only if...),Required Field?,Custom Alignment,Question Number (surveys only)
subjectkey,Karyotype,Header,text,The NDAR Global Unique Identifier (GUID) for subjects which identifies a subject in NDAR,,,,,,,,y,,
src_subject_id,Karyotype,,text,The site's subject identification,,,,,,,,y,,
interview_date,Karyotype,,text,Date on which the interview/genetic test/sampling/imaging was completed,"MM/yyyy, MM/yyyy | MM/dd/yyyy, MM/dd/yyyy",* '01/01/1900' indicates that a date associated with retrospective data is not known.,date_ymd,,,,,y,,
interview_age,Karyotype,,text,Age in months at the time of the interview/test/sampling/imaging.,,Age is rounded to chronological month If the research participant is 13 days old at time of interview  the appropriate value would be 0 months if the participant is 19 days old the value would be 1 month,number,0,1200,,,y,,
comments_misc,Karyotype,,text,"Miscellaneous comments on study, interview, methodology relevant to this form data",,,,,,,,,,
genetic_test,Karyotype,Genetics,dropdown,Genetic Testing Performed,"No, No | Yes, Yes",,,,,,,y,,
genetic_result,Karyotype,,dropdown,Any abnormal result,"No, No | Yes, Yes",,,,,,,y,,
karyo_test,Karyotype,Karyotype,dropdown,KaryoType performed,"No, No | Yes, Yes",,,,,,,y,,
karyo_result,Karyotype,,dropdown,Karyotype result,"Normal, Normal | Abnormal, Abnormal",,,,,,,y,,
karyo_comment,Karyotype,,text,Comment,,,,,,,,,,
fragile_test,Karyotype,Fragile X,dropdown,Fragile X testing performed,"No, No | Yes, Yes",,,,,,,y,,
fragile_result,Karyotype,,dropdown,Fragile X result,"Full Mut, Full Mut | Pre Mut, Pre Mut | Normal, Normal",,,,,,,y,,
fragile_comment,Karyotype,,text,Comment,,,,,,,,,,
dup_test,Karyotype,150 Q,dropdown,15Q Duplication testing,"No, No | Yes, Yes",,,,,,,y,,
dup_result,Karyotype,,dropdown,15Q Duplication testing result,"Normal, Normal | Abnormal, Abnormal",,,,,,,y,,
dup_comment,Karyotype,,text,Comment,,,,,,,,,,
mecp_analysis,Karyotype,MEPC2,dropdown,MECP2 Mutation analysis,"No, No | Yes, Yes",,,,,,,y,,
mecp_result,Karyotype,,dropdown,MECP2 Result,"Normal, Normal | Abnormal, Abnormal",,,,,,,y,,
other_test,Karyotype,Other,dropdown,Other testing performed,"No, No | Yes, Yes",,,,,,,y,,
other_comment,Karyotype,,text,Comment,,,,,,,,,,
