Variable / Field Name,Form Name,Section Header,Field Type,Field Label,"Choices, Calculations, OR Slider Labels",Field Note,Text Validation Type OR Show Slider Number,Text Validation Min,Text Validation Max,Identifier?,Branching Logic (Show field only if...),Required Field?,Custom Alignment,Question Number (surveys only)
subjectkey,CPEA STAART Vital Signs,,text,The NDAR Global Unique Identifier (GUID) for subjects which identifies a subject in NDAR,,,,,,,,y,,
patid,CPEA STAART Vital Signs,HEADER,text,src_Subject_id,,Patient IDs were assigned at the research site for CPEA and STAART,,,,,,y,,
network,CPEA STAART Vital Signs,,text,Network,,CPEA or STAART Network,,,,,,y,,
site,CPEA STAART Vital Signs,,text,Site,,CPEA or STAART Site,,,,,,y,,
study,CPEA STAART Vital Signs,,text,Study,,CPEA or STAART Study,,,,,,y,,
cycle,CPEA STAART Vital Signs,,text,Timepoint information,,,,,,,,y,,
phase,CPEA STAART Vital Signs,,dropdown,Phase,"1, 1 |  2,  2 |  3,  3 |  4,  4",,,,,,,y,,
q20_date,CPEA STAART Vital Signs,,text,Date,,"Required field, SAS Date",,,,,,y,,
interview_date,CPEA STAART Vital Signs,,text,Date on which the interview/genetic test/sampling/imaging was completed,"MM/yyyy, MM/yyyy | MM/dd/yyyy, MM/dd/yyyy",* '01/01/1900' indicates that a date associated with retrospective data is not known.,date_ymd,,,,,y,,
q20_1a,CPEA STAART Vital Signs,1,text,Weight lbs,"-7, -7 | -8, -8 | -9, -9 | 19.8 to 98, 19.8 to 98","Weight change greater than 30 percent from baseline will be flagged as an adverse event. Field should not be left blank. If missing, please use -7,-8, -9.",,,,,,y,,
q20_1b,CPEA STAART Vital Signs,,dropdown,Weight lbs : Fraction,"-7, -7 | -8, -8 | -9, -9 | 1 to 9, 1 to 9",Round to the nearest .10 lbs.,,,,,,y,,
q20_1c,CPEA STAART Vital Signs,,dropdown,Weight kg,"-7, -7 | -8, -8 | -9, -9 | 9 to 45, 9 to 45","Weight change greater than 30 percent from baseline will be flagged as an adverse event. Field should not be left blank. If missing, please use -7,-8, -9.",,,,,,y,,
q20_1d,CPEA STAART Vital Signs,,text,Weight kg :Fraction,,Round to the nearest .10 kg.,number,"-7,-8,-9,1",9,,,y,,
q20_2a,CPEA STAART Vital Signs,2,dropdown,Blood Pressure,"-7, -7 | -8, -8 | -9, -9 | 70 to 125, 70 to 125","Systolic Blood Pressure safety range is 80 to  160. Levels outside of this range will be flagged as an adverse event. Field should not be left blank. If missing, please use -7,-8, -9.",,,,,,y,,
q20_2b,CPEA STAART Vital Signs,,dropdown,Blood Pressure,"-7, -7 | -8, -8 | -9, -9 | 31 to 90, 31 to 90",,,,,,,y,,
q20_3,CPEA STAART Vital Signs,3,dropdown,Pulse Rate,"-7, -7 | -8, -8 | -9, -9 | 55 to 130, 55 to 130","Safety range is 45 to 130. Levels outside of this range will be flagged as an adverse event. Field should not be left blank. If missing, please use -7,-8, -9.",,,,,,y,,
