Variable / Field Name,Form Name,Section Header,Field Type,Field Label,"Choices, Calculations, OR Slider Labels",Field Note,Text Validation Type OR Show Slider Number,Text Validation Min,Text Validation Max,Identifier?,Branching Logic (Show field only if...),Required Field?,Custom Alignment,Question Number (surveys only)
subjectkey,ATP Brain Donor Medication History,,text,The NDAR Global Unique Identifier (GUID) for subjects which identifies a subject in NDAR,,,,,,,,y,,
src_subject_id,ATP Brain Donor Medication History,,text,The site's subject identification,,,,,,,,y,,
medication_name,ATP Brain Donor Medication History,,text,Name of medication,,,,,,,,,,
medication_frequency,ATP Brain Donor Medication History,,text,frequency of medication administration,,,,,,,,y,,
medication_dosage,ATP Brain Donor Medication History,,text,dosage of medication,,,,,,,,y,,
medication_unit,ATP Brain Donor Medication History,,text,"unit of dosage e.g. mg, cc, ml",,,,,,,,y,,
medication__age_months,ATP Brain Donor Medication History,,text,"Age, in months, when medication was prescribed",,,,,,,,y,,
medication_notes,ATP Brain Donor Medication History,,text,notes or observations regarding medication,,,,,,,,y,,
date_updated,ATP Brain Donor Medication History,,text,Date record updated,,,date_ymd,,,,,y,,
