Variable / Field Name,Form Name,Section Header,Field Type,Field Label,"Choices, Calculations, OR Slider Labels",Field Note,Text Validation Type OR Show Slider Number,Text Validation Min,Text Validation Max,Identifier?,Branching Logic (Show field only if...),Required Field?,Custom Alignment,Question Number (surveys only)
subjectkey,Nonpharmacological Treatment Forms,NDAR Required,text,The NDAR Global Unique Identifier (GUID) for subjects which identifies a subject in NDAR,,,,,,,,y,,
src_subject_id,Nonpharmacological Treatment Forms,,text,The site's subject identification,,,,,,,,y,,
interview_date,Nonpharmacological Treatment Forms,,text,Date on which the interview/genetic test/sampling/imaging was completed,"MM/yyyy, MM/yyyy | MM/dd/yyyy, MM/dd/yyyy",* '01/01/1900' indicates that a date associated with retrospective data is not known.,date_ymd,,,,,y,,
interview_age,Nonpharmacological Treatment Forms,,text,Age in months at the time of the interview/test/sampling/imaging.,,Age is rounded to chronological month If the research participant is 13 days old at time of interview  the appropriate value would be 0 months if the participant is 19 days old the value would be 1 month,number,0,1200,,,y,,
cbt_start,Nonpharmacological Treatment Forms,,text,date subject began Cognitive  Behavioural Therapy (CBT),"MM/yyyy, MM/yyyy | MM/dd/yyyy, MM/dd/yyyy",,date_ymd,,,,,y,,
cbt_end,Nonpharmacological Treatment Forms,,text,date subject ended Cognitive  Behavioural Therapy (CBT),"MM/yyyy, MM/yyyy | MM/dd/yyyy, MM/dd/yyyy",,date_ymd,,,,,y,,
cbt_days,Nonpharmacological Treatment Forms,,text,days per week subject has Cognitive  Behavioural Therapy (CBT),,,number,0,7,,,y,,
cbt_hours,Nonpharmacological Treatment Forms,,text,hours per day subject has Cognitive  Behavioural Therapy (CBT),,,number,0,24,,,y,,
cbt_setting,Nonpharmacological Treatment Forms,,text,setting of Cognitive  Behavioural Therapy (CBT),,,,,,,,y,,
cbt_notes,Nonpharmacological Treatment Forms,,text,notes on Cognitive  Behavioural Therapy (CBT),,,,,,,,y,,
occupational_therapy_start,Nonpharmacological Treatment Forms,,text,date subject began OT,"MM/yyyy, MM/yyyy | MM/dd/yyyy, MM/dd/yyyy",,date_ymd,,,,,y,,
ot_end,Nonpharmacological Treatment Forms,,text,date subject ended OT,"MM/yyyy, MM/yyyy | MM/dd/yyyy, MM/dd/yyyy",,date_ymd,,,,,y,,
ot_days,Nonpharmacological Treatment Forms,,text,days per week subject has OT,,,number,0,7,,,y,,
ot_hours,Nonpharmacological Treatment Forms,,text,hours per day subject has OT,,,number,0,24,,,y,,
ot_setting,Nonpharmacological Treatment Forms,,text,setting of OT,,,,,,,,y,,
ot_notes,Nonpharmacological Treatment Forms,,text,notes on OT,,,,,,,,y,,
physical_therapy_start,Nonpharmacological Treatment Forms,,text,date subject began PT,"MM/yyyy, MM/yyyy | MM/dd/yyyy, MM/dd/yyyy",,date_ymd,,,,,y,,
pt_end,Nonpharmacological Treatment Forms,,text,date subject ended PT,"MM/yyyy, MM/yyyy | MM/dd/yyyy, MM/dd/yyyy",,date_ymd,,,,,y,,
pt_days,Nonpharmacological Treatment Forms,,text,days per week subject has PT,,,number,0,7,,,y,,
pt_hours,Nonpharmacological Treatment Forms,,text,hours per day subject has PT,,,number,0,24,,,y,,
pt_setting,Nonpharmacological Treatment Forms,,text,setting of PT,,,,,,,,y,,
pt_notes,Nonpharmacological Treatment Forms,,text,notes on PT,,,,,,,,y,,
aba_start,Nonpharmacological Treatment Forms,,text,date subject began Applied Behavioural Analysis (ABA),"MM/yyyy, MM/yyyy | MM/dd/yyyy, MM/dd/yyyy",,date_ymd,,,,,y,,
aba_end,Nonpharmacological Treatment Forms,,text,date subject ended Applied Behavioural Analysis (ABA),"MM/yyyy, MM/yyyy | MM/dd/yyyy, MM/dd/yyyy",,date_ymd,,,,,y,,
aba_days,Nonpharmacological Treatment Forms,,text,days per week subject has Applied Behavioural Analysis (ABA),,,number,0,7,,,y,,
aba_hours,Nonpharmacological Treatment Forms,,text,hours per day subject has Applied Behavioural Analysis (ABA),,,number,0,24,,,y,,
aba_setting,Nonpharmacological Treatment Forms,,text,setting of Applied Behavioural Analysis (ABA),,,,,,,,y,,
aba_notes,Nonpharmacological Treatment Forms,,text,notes on Applied Behavioural Analysis (ABA),,,,,,,,y,,
speech_therapy_start,Nonpharmacological Treatment Forms,,text,date subject began Speech Therapy (ST),"MM/yyyy, MM/yyyy | MM/dd/yyyy, MM/dd/yyyy",,date_ymd,,,,,y,,
st_end,Nonpharmacological Treatment Forms,,text,date subject ended Speech Therapy (ST),"MM/yyyy, MM/yyyy | MM/dd/yyyy, MM/dd/yyyy",,date_ymd,,,,,y,,
st_days,Nonpharmacological Treatment Forms,,text,days per week subject has Speech Therapy (ST),,,number,0,7,,,y,,
st_hours,Nonpharmacological Treatment Forms,,text,hours per day subject has Speech Therapy (ST),,,number,0,24,,,y,,
st_setting,Nonpharmacological Treatment Forms,,text,setting of Speech Therapy (ST),,,,,,,,y,,
st_notes,Nonpharmacological Treatment Forms,,text,notes on Speech Therapy (ST),,,,,,,,y,,
play_therapy_start,Nonpharmacological Treatment Forms,,text,date subject began Play Therapy,"MM/yyyy, MM/yyyy | MM/dd/yyyy, MM/dd/yyyy",,date_ymd,,,,,y,,
play_therapy_end,Nonpharmacological Treatment Forms,,text,date subject ended Play Therapy,"MM/yyyy, MM/yyyy | MM/dd/yyyy, MM/dd/yyyy",,date_ymd,,,,,y,,
play_therapy_days,Nonpharmacological Treatment Forms,,text,days per week subject has Play Therapy,,,number,0,7,,,y,,
play_therapy_hours,Nonpharmacological Treatment Forms,,text,hours per day subject has Play Therapy,,,number,0,24,,,y,,
play_therapy_setting,Nonpharmacological Treatment Forms,,text,setting of Play Therapy,,,,,,,,y,,
play_therapy_notes,Nonpharmacological Treatment Forms,,text,notes on Play Therapy,,,,,,,,y,,
dietary_start,Nonpharmacological Treatment Forms,,text,date subject began special diet,"MM/yyyy, MM/yyyy | MM/dd/yyyy, MM/dd/yyyy",,date_ymd,,,,,y,,
dietary_end,Nonpharmacological Treatment Forms,,text,date subject ended special diet,"MM/yyyy, MM/yyyy | MM/dd/yyyy, MM/dd/yyyy",,date_ymd,,,,,y,,
dietary_days,Nonpharmacological Treatment Forms,,text,days per week subject has special diet,,,number,0,7,,,y,,
dietary_hours,Nonpharmacological Treatment Forms,,text,hours per day subject has special diet,,,number,0,24,,,y,,
dietary_setting,Nonpharmacological Treatment Forms,,text,setting of special diet,,,,,,,,y,,
dietary_notes,Nonpharmacological Treatment Forms,,text,notes on special diet,,,,,,,,y,,
other_start,Nonpharmacological Treatment Forms,,text,date subject began other therapy,"MM/yyyy, MM/yyyy | MM/dd/yyyy, MM/dd/yyyy",,date_ymd,,,,,y,,
other_end,Nonpharmacological Treatment Forms,,text,date subject ended other therapy,"MM/yyyy, MM/yyyy | MM/dd/yyyy, MM/dd/yyyy",,date_ymd,,,,,y,,
other_days,Nonpharmacological Treatment Forms,,text,days per week subject has other therapy,,,number,0,7,,,y,,
other_hours,Nonpharmacological Treatment Forms,,text,hours per day subject has other therapy,,,number,0,24,,,y,,
other_setting,Nonpharmacological Treatment Forms,,text,setting of other therapy,,,,,,,,y,,
other_notes,Nonpharmacological Treatment Forms,,text,notes on other,,,,,,,,y,,
