Variable / Field Name,Form Name,Section Header,Field Type,Field Label,"Choices, Calculations, OR Slider Labels",Field Note,Text Validation Type OR Show Slider Number,Text Validation Min,Text Validation Max,Identifier?,Branching Logic (Show field only if...),Required Field?,Custom Alignment,Question Number (surveys only)
subjectkey,Peds - BRIEF Adult Version (Self Report),,text,The NDAR Global Unique Identifier (GUID) for subjects which identifies a subject in NDAR,,,,,,,,,,
src_subject_id,Peds - BRIEF Adult Version (Self Report),,text,The site's subject identification,,,,,,,,y,,
brief_adult_self_bri_low_ci_90,Peds - BRIEF Adult Version (Self Report),,text,BRIEF Adult Version - Self Report: Behavior regulation index (BRI) lower confidence interval 90th percentile,,,,,,,,y,,
brief_adult_self_bri_pct,Peds - BRIEF Adult Version (Self Report),,text,BRIEF Adult Version - Self Report: Behavior regulation index (BRI) percentile,,,,,,,,y,,
brief_adult_self_bri_raw,Peds - BRIEF Adult Version (Self Report),,text,BRIEF Adult Version - Self Report: Behavior regulation index (BRI) raw score,,,,,,,,y,,
brief_adult_self_bri_t,Peds - BRIEF Adult Version (Self Report),,text,BRIEF Adult Version - Self Report: Behavior regulation index (BRI) T score,,,,,,,,y,,
brief_adult_self_bri_up_ci_90,Peds - BRIEF Adult Version (Self Report),,text,BRIEF Adult Version - Self Report: Behavior regulation index (BRI) upper confidence interval 90th percentile,,,,,,,,y,,
brief_adult_self_ec_low_ci_90,Peds - BRIEF Adult Version (Self Report),,text,BRIEF Adult Version - Self Report: Emotional Control Scale lower confidence interval 90th percentile,,,,,,,,y,,
brief_adult_self_ec_percentile,Peds - BRIEF Adult Version (Self Report),,text,BRIEF Adult Version - Self Report: Emotional Control Scale percentile,,,,,,,,y,,
brief_adult_self_ec_raw,Peds - BRIEF Adult Version (Self Report),,text,BRIEF Adult Version - Self Report: Emotional Control Scale raw score,,,,,,,,y,,
brief_adult_self_ec_t,Peds - BRIEF Adult Version (Self Report),,text,BRIEF Adult Version - Self Report: Emotional Control Scale T score,,,,,,,,y,,
brief_adult_self_ec_up_ci_90,Peds - BRIEF Adult Version (Self Report),,text,BRIEF Adult Version - Self Report: Emotional Control Scale upper confidence interval 90th percentile,,,,,,,,y,,
brief_adult_self_gec_low_ci_90,Peds - BRIEF Adult Version (Self Report),,text,BRIEF Adult Version - Self Report:  Global Executive Composite (GEC) lower confidence interval 90th percentile,,,,,,,,y,,
brief_adult_self_gec_pct,Peds - BRIEF Adult Version (Self Report),,text,BRIEF Adult Version - Self Report:  Global Executive Composite (GEC) percentile,,,,,,,,y,,
brief_adult_self_gec_raw,Peds - BRIEF Adult Version (Self Report),,text,BRIEF Adult Version - Self Report: Global Executive Composite (GEC) raw score,,,,,,,,y,,
brief_adult_self_gec_t,Peds - BRIEF Adult Version (Self Report),,text,BRIEF Adult Version - Self Report:  Global Executive Composite (GEC) T score,,,,,,,,y,,
brief_adult_self_gec_up_ci_90,Peds - BRIEF Adult Version (Self Report),,text,BRIEF Adult Version - Self Report:  Global Executive Composite (GEC) upper confidence interval 90th percentile,,,,,,,,y,,
brief_adult_self_inconsis_cl,Peds - BRIEF Adult Version (Self Report),,text,BRIEF Adult Version - Self Report: Inconsistency protocol classification,,,,,,,,y,,
brief_adult_self_inconsis_pct,Peds - BRIEF Adult Version (Self Report),,text,BRIEF Adult Version - Self Report: Inconsistency cumulative percentile,,,,,,,,y,,
brief_adult_self_inconsis_sc,Peds - BRIEF Adult Version (Self Report),,text,BRIEF Adult Version - Self Report: Inconsistency score,,,,,,,,y,,
brief_adult_self_infreq_class,Peds - BRIEF Adult Version (Self Report),,text,BRIEF Adult Version - Self Report: Infrequency protocol classification,,,,,,,,y,,
brief_adult_self_infreq_pct,Peds - BRIEF Adult Version (Self Report),,text,BRIEF Adult Version - Self Report: Infrequency cumulative percentile,,,,,,,,y,,
brief_adult_self_infreq_score,Peds - BRIEF Adult Version (Self Report),,text,BRIEF Adult Version - Self Report: Infrequency score,,,,,,,,y,,
brief_adult_self_inhib_low_90,Peds - BRIEF Adult Version (Self Report),,text,BRIEF Adult Version - Self Report: Inhibition Scale lower confidence interval 90th percentile,,,,,,,,y,,
brief_adult_self_inhib_pct,Peds - BRIEF Adult Version (Self Report),,text,BRIEF Adult Version - Self Report: Inhibition Scale percentile,,,,,,,,y,,
brief_adult_self_inhib_raw,Peds - BRIEF Adult Version (Self Report),,text,BRIEF Adult Version - Self Report: Inhibition Scale raw score,,,,,,,,y,,
brief_adult_self_inhib_t,Peds - BRIEF Adult Version (Self Report),,text,BRIEF Adult Version - Self Report: Inhibition Scale T score,,,,,,,,y,,
brief_adult_self_inhib_up_90,Peds - BRIEF Adult Version (Self Report),,text,BRIEF Adult Version - Self Report: Inhibition Scale upper confidence interval 90th percentile,,,,,,,,y,,
brief_adult_self_init_low_90,Peds - BRIEF Adult Version (Self Report),,text,BRIEF Adult Version - Self Report: Initiate Scale lower confidence interval 90th percentile,,,,,,,,y,,
brief_adult_self_initiate_pct,Peds - BRIEF Adult Version (Self Report),,text,BRIEF Adult Version - Self Report: Initiate Scale percentile,,,,,,,,y,,
brief_adult_self_initiate_raw,Peds - BRIEF Adult Version (Self Report),,text,BRIEF Adult Version - Self Report: Initiate Scale raw score,,,,,,,,y,,
brief_adult_self_initiate_t,Peds - BRIEF Adult Version (Self Report),,text,BRIEF Adult Version - Self Report: Initiate Scale T score,,,,,,,,y,,
brief_adult_self_init_up_ci_90,Peds - BRIEF Adult Version (Self Report),,text,BRIEF Adult Version - Self Report: Initiate Scale upper confidence interval 90th percentile,,,,,,,,y,,
brief_adult_self_mi_low_ci_90,Peds - BRIEF Adult Version (Self Report),,text,BRIEF Adult Version - Self Report: Metacognition index (MI) lower confidence interval 90th percentile,,,,,,,,y,,
brief_adult_self_mi_percentile,Peds - BRIEF Adult Version (Self Report),,text,BRIEF Adult Version - Self Report: Metacognition index (MI) percentile,,,,,,,,y,,
brief_adult_self_mi_raw,Peds - BRIEF Adult Version (Self Report),,text,BRIEF Adult Version - Self Report: Metacognition index (MI) raw score,,,,,,,,y,,
brief_adult_self_mi_t,Peds - BRIEF Adult Version (Self Report),,text,BRIEF Adult Version - Self Report: Metacognition index (MI) T score,,,,,,,,y,,
brief_adult_self_mi_up_ci_90,Peds - BRIEF Adult Version (Self Report),,text,BRIEF Adult Version - Self Report: Metacognition index (MI) upper confidence interval 90th percentile,,,,,,,,y,,
brief_adult_self_neg_class,Peds - BRIEF Adult Version (Self Report),,text,BRIEF Adult Version - Self Report: Negativity protocol classification,,,,,,,,y,,
brief_adult_self_neg_pct,Peds - BRIEF Adult Version (Self Report),,text,BRIEF Adult Version - Self Report: Negativity cumulative percentile,,,,,,,,y,,
brief_adult_self_neg_score,Peds - BRIEF Adult Version (Self Report),,text,BRIEF Adult Version - Self Report: Negativity score,,,,,,,,y,,
brief_adult_self_om_low_ci_90,Peds - BRIEF Adult Version (Self Report),,text,BRIEF Adult Version - Self Report: Material Organization Scale lower confidence interval 90th percentile,,,,,,,,y,,
brief_adult_self_om_percentile,Peds - BRIEF Adult Version (Self Report),,text,BRIEF Adult Version - Self Report: Material Organization Scale percentile,,,,,,,,y,,
brief_adult_self_om_raw,Peds - BRIEF Adult Version (Self Report),,text,BRIEF Adult Version - Self Report: Material Organization Scale raw score,,,,,,,,y,,
brief_adult_self_om_t,Peds - BRIEF Adult Version (Self Report),,text,BRIEF Adult Version - Self Report: Material Organization Scale T score,,,,,,,,y,,
brief_adult_self_om_up_ci_90,Peds - BRIEF Adult Version (Self Report),,text,BRIEF Adult Version - Self Report: Material Organization Scale upper confidence interval 90th percentile,,,,,,,,y,,
brief_adult_self_po_low_ci_90,Peds - BRIEF Adult Version (Self Report),,text,BRIEF Adult Version - Self Report: Plan Organize Scale lower confidence interval 90th percentile,,,,,,,,y,,
brief_adult_self_po_percentile,Peds - BRIEF Adult Version (Self Report),,text,BRIEF Adult Version - Self Report: Plan Organize Scale percentile,,,,,,,,y,,
brief_adult_self_po_raw,Peds - BRIEF Adult Version (Self Report),,text,BRIEF Adult Version - Self Report: Plan Organize Scale raw score,,,,,,,,y,,
brief_adult_self_po_t,Peds - BRIEF Adult Version (Self Report),,text,BRIEF Adult Version - Self Report: Plan Organize Scale T score,,,,,,,,y,,
brief_adult_self_po_up_ci_90,Peds - BRIEF Adult Version (Self Report),,text,BRIEF Adult Version - Self Report: Plan Organize Scale upper confidence interval 90th percentile,,,,,,,,y,,
brief_adult_self_q1,Peds - BRIEF Adult Version (Self Report),,dropdown,BRIEF Adult Version - Self Report: Q1 (N=Never; S=Sometimes; O=Often; NA=Not Answered),"N, N | S, S | O, O | NA, NA",,,,,,,y,,
brief_adult_self_q10,Peds - BRIEF Adult Version (Self Report),,dropdown,BRIEF Adult Version - Self Report: Q10 (N=Never; S=Sometimes; O=Often; NA=Not Answered),"N, N | S, S | O, O | NA, NA",,,,,,,y,,
brief_adult_self_q11,Peds - BRIEF Adult Version (Self Report),,dropdown,BRIEF Adult Version - Self Report: Q11 (N=Never; S=Sometimes; O=Often; NA=Not Answered),"N, N | S, S | O, O | NA, NA",,,,,,,y,,
brief_adult_self_q12,Peds - BRIEF Adult Version (Self Report),,dropdown,BRIEF Adult Version - Self Report: Q12 (N=Never; S=Sometimes; O=Often; NA=Not Answered),"N, N | S, S | O, O | NA, NA",,,,,,,y,,
brief_adult_self_q13,Peds - BRIEF Adult Version (Self Report),,dropdown,BRIEF Adult Version - Self Report: Q13 (N=Never; S=Sometimes; O=Often; NA=Not Answered),"N, N | S, S | O, O | NA, NA",,,,,,,y,,
brief_adult_self_q14,Peds - BRIEF Adult Version (Self Report),,dropdown,BRIEF Adult Version - Self Report: Q14 (N=Never; S=Sometimes; O=Often; NA=Not Answered),"N, N | S, S | O, O | NA, NA",,,,,,,y,,
brief_adult_self_q15,Peds - BRIEF Adult Version (Self Report),,dropdown,BRIEF Adult Version - Self Report: Q15 (N=Never; S=Sometimes; O=Often; NA=Not Answered),"N, N | S, S | O, O | NA, NA",,,,,,,y,,
timepoint_label,Peds - BRIEF Adult Version (Self Report),,text,User-defined timepoint/visit label - a label selected by the site at the time of registration of a new timepoint into the database.  This label is used to group all the instruments administered to a subject at a given timepoint.,,,,,,,,y,,
brief_adult_self_q17,Peds - BRIEF Adult Version (Self Report),,dropdown,BRIEF Adult Version - Self Report: Q17 (N=Never; S=Sometimes; O=Often; NA=Not Answered),"N, N | S, S | O, O | NA, NA",,,,,,,y,,
brief_adult_self_q19,Peds - BRIEF Adult Version (Self Report),,dropdown,BRIEF Adult Version - Self Report: Q19 (N=Never; S=Sometimes; O=Often; NA=Not Answered),"N, N | S, S | O, O | NA, NA",,,,,,,y,,
brief_adult_self_q21,Peds - BRIEF Adult Version (Self Report),,dropdown,BRIEF Adult Version - Self Report: Q21 (N=Never; S=Sometimes; O=Often; NA=Not Answered),"N, N | S, S | O, O | NA, NA",,,,,,,y,,
brief_adult_self_q22,Peds - BRIEF Adult Version (Self Report),,dropdown,BRIEF Adult Version - Self Report: Q22 (N=Never; S=Sometimes; O=Often; NA=Not Answered),"N, N | S, S | O, O | NA, NA",,,,,,,y,,
brief_adult_self_q23,Peds - BRIEF Adult Version (Self Report),,dropdown,BRIEF Adult Version - Self Report: Q23 (N=Never; S=Sometimes; O=Often; NA=Not Answered),"N, N | S, S | O, O | NA, NA",,,,,,,y,,
brief_adult_self_q24,Peds - BRIEF Adult Version (Self Report),,dropdown,BRIEF Adult Version - Self Report: Q24 (N=Never; S=Sometimes; O=Often; NA=Not Answered),"N, N | S, S | O, O | NA, NA",,,,,,,y,,
brief_adult_self_q25,Peds - BRIEF Adult Version (Self Report),,dropdown,BRIEF Adult Version - Self Report: Q25 (N=Never; S=Sometimes; O=Often; NA=Not Answered),"N, N | S, S | O, O | NA, NA",,,,,,,y,,
brief_adult_self_q26,Peds - BRIEF Adult Version (Self Report),,dropdown,BRIEF Adult Version - Self Report: Q26 (N=Never; S=Sometimes; O=Often; NA=Not Answered),"N, N | S, S | O, O | NA, NA",,,,,,,y,,
brief_adult_self_q27,Peds - BRIEF Adult Version (Self Report),,dropdown,BRIEF Adult Version - Self Report: Q27 (N=Never; S=Sometimes; O=Often; NA=Not Answered),"N, N | S, S | O, O | NA, NA",,,,,,,y,,
brief_adult_self_q28,Peds - BRIEF Adult Version (Self Report),,dropdown,BRIEF Adult Version - Self Report: Q28 (N=Never; S=Sometimes; O=Often; NA=Not Answered),"N, N | S, S | O, O | NA, NA",,,,,,,y,,
brief_adult_self_q29,Peds - BRIEF Adult Version (Self Report),,dropdown,BRIEF Adult Version - Self Report: Q29 (N=Never; S=Sometimes; O=Often; NA=Not Answered),"N, N | S, S | O, O | NA, NA",,,,,,,y,,
brief_adult_self_q3,Peds - BRIEF Adult Version (Self Report),,dropdown,BRIEF Adult Version - Self Report: Q3 (N=Never; S=Sometimes; O=Often; NA=Not Answered),"N, N | S, S | O, O | NA, NA",,,,,,,y,,
brief_adult_self_q30,Peds - BRIEF Adult Version (Self Report),,dropdown,BRIEF Adult Version - Self Report: Q30 (N=Never; S=Sometimes; O=Often; NA=Not Answered),"N, N | S, S | O, O | NA, NA",,,,,,,y,,
brief_adult_self_q31,Peds - BRIEF Adult Version (Self Report),,dropdown,BRIEF Adult Version - Self Report: Q31 (N=Never; S=Sometimes; O=Often; NA=Not Answered),"N, N | S, S | O, O | NA, NA",,,,,,,y,,
brief_adult_self_q32,Peds - BRIEF Adult Version (Self Report),,dropdown,BRIEF Adult Version - Self Report: Q32 (N=Never; S=Sometimes; O=Often; NA=Not Answered),"N, N | S, S | O, O | NA, NA",,,,,,,y,,
brief_adult_self_q33,Peds - BRIEF Adult Version (Self Report),,dropdown,BRIEF Adult Version - Self Report: Q33 (N=Never; S=Sometimes; O=Often; NA=Not Answered),"N, N | S, S | O, O | NA, NA",,,,,,,y,,
brief_adult_self_q34,Peds - BRIEF Adult Version (Self Report),,dropdown,BRIEF Adult Version - Self Report: Q34 (N=Never; S=Sometimes; O=Often; NA=Not Answered),"N, N | S, S | O, O | NA, NA",,,,,,,y,,
brief_adult_self_q35,Peds - BRIEF Adult Version (Self Report),,dropdown,BRIEF Adult Version - Self Report: Q35 (N=Never; S=Sometimes; O=Often; NA=Not Answered),"N, N | S, S | O, O | NA, NA",,,,,,,y,,
brief_adult_self_q36,Peds - BRIEF Adult Version (Self Report),,dropdown,BRIEF Adult Version - Self Report: Q36 (N=Never; S=Sometimes; O=Often; NA=Not Answered),"N, N | S, S | O, O | NA, NA",,,,,,,y,,
brief_adult_self_q37,Peds - BRIEF Adult Version (Self Report),,dropdown,BRIEF Adult Version - Self Report: Q37 (N=Never; S=Sometimes; O=Often; NA=Not Answered),"N, N | S, S | O, O | NA, NA",,,,,,,y,,
brief_adult_self_q38,Peds - BRIEF Adult Version (Self Report),,dropdown,BRIEF Adult Version - Self Report: Q38 (N=Never; S=Sometimes; O=Often; NA=Not Answered),"N, N | S, S | O, O | NA, NA",,,,,,,y,,
brief_adult_self_q39,Peds - BRIEF Adult Version (Self Report),,dropdown,BRIEF Adult Version - Self Report: Q39 (N=Never; S=Sometimes; O=Often; NA=Not Answered),"N, N | S, S | O, O | NA, NA",,,,,,,y,,
brief_adult_self_q4,Peds - BRIEF Adult Version (Self Report),,dropdown,BRIEF Adult Version - Self Report: Q4 (N=Never; S=Sometimes; O=Often; NA=Not Answered),"N, N | S, S | O, O | NA, NA",,,,,,,y,,
brief_adult_self_q40,Peds - BRIEF Adult Version (Self Report),,dropdown,BRIEF Adult Version - Self Report: Q40 (N=Never; S=Sometimes; O=Often; NA=Not Answered),"N, N | S, S | O, O | NA, NA",,,,,,,y,,
brief_adult_self_q41,Peds - BRIEF Adult Version (Self Report),,dropdown,BRIEF Adult Version - Self Report: Q41 (N=Never; S=Sometimes; O=Often; NA=Not Answered),"N, N | S, S | O, O | NA, NA",,,,,,,y,,
brief_adult_self_q42,Peds - BRIEF Adult Version (Self Report),,dropdown,BRIEF Adult Version - Self Report: Q42 (N=Never; S=Sometimes; O=Often; NA=Not Answered),"N, N | S, S | O, O | NA, NA",,,,,,,y,,
brief_adult_self_q43,Peds - BRIEF Adult Version (Self Report),,dropdown,BRIEF Adult Version - Self Report: Q43 (N=Never; S=Sometimes; O=Often; NA=Not Answered),"N, N | S, S | O, O | NA, NA",,,,,,,y,,
brief_adult_self_q44,Peds - BRIEF Adult Version (Self Report),,dropdown,BRIEF Adult Version - Self Report: Q44 (N=Never; S=Sometimes; O=Often; NA=Not Answered),"N, N | S, S | O, O | NA, NA",,,,,,,y,,
brief_adult_self_q45,Peds - BRIEF Adult Version (Self Report),,dropdown,BRIEF Adult Version - Self Report: Q45 (N=Never; S=Sometimes; O=Often; NA=Not Answered),"N, N | S, S | O, O | NA, NA",,,,,,,y,,
brief_adult_self_q46,Peds - BRIEF Adult Version (Self Report),,dropdown,BRIEF Adult Version - Self Report: Q46 (N=Never; S=Sometimes; O=Often; NA=Not Answered),"N, N | S, S | O, O | NA, NA",,,,,,,y,,
brief_adult_self_q47,Peds - BRIEF Adult Version (Self Report),,dropdown,BRIEF Adult Version - Self Report: Q47 (N=Never; S=Sometimes; O=Often; NA=Not Answered),"N, N | S, S | O, O | NA, NA",,,,,,,y,,
brief_adult_self_q48,Peds - BRIEF Adult Version (Self Report),,dropdown,BRIEF Adult Version - Self Report: Q48 (N=Never; S=Sometimes; O=Often; NA=Not Answered),"N, N | S, S | O, O | NA, NA",,,,,,,y,,
brief_adult_self_q49,Peds - BRIEF Adult Version (Self Report),,dropdown,BRIEF Adult Version - Self Report: Q49 (N=Never; S=Sometimes; O=Often; NA=Not Answered),"N, N | S, S | O, O | NA, NA",,,,,,,y,,
brief_adult_self_q5,Peds - BRIEF Adult Version (Self Report),,dropdown,BRIEF Adult Version - Self Report: Q5 (N=Never; S=Sometimes; O=Often; NA=Not Answered),"N, N | S, S | O, O | NA, NA",,,,,,,y,,
brief_adult_self_q50,Peds - BRIEF Adult Version (Self Report),,dropdown,BRIEF Adult Version - Self Report: Q50 (N=Never; S=Sometimes; O=Often; NA=Not Answered),"N, N | S, S | O, O | NA, NA",,,,,,,y,,
brief_adult_self_q51,Peds - BRIEF Adult Version (Self Report),,dropdown,BRIEF Adult Version - Self Report: Q51 (N=Never; S=Sometimes; O=Often; NA=Not Answered),"N, N | S, S | O, O | NA, NA",,,,,,,y,,
brief_adult_self_q52,Peds - BRIEF Adult Version (Self Report),,dropdown,BRIEF Adult Version - Self Report: Q52 (N=Never; S=Sometimes; O=Often; NA=Not Answered),"N, N | S, S | O, O | NA, NA",,,,,,,y,,
brief_adult_self_q53,Peds - BRIEF Adult Version (Self Report),,dropdown,BRIEF Adult Version - Self Report: Q53 (N=Never; S=Sometimes; O=Often; NA=Not Answered),"N, N | S, S | O, O | NA, NA",,,,,,,y,,
brief_adult_self_q54,Peds - BRIEF Adult Version (Self Report),,dropdown,BRIEF Adult Version - Self Report: Q54 (N=Never; S=Sometimes; O=Often; NA=Not Answered),"N, N | S, S | O, O | NA, NA",,,,,,,y,,
brief_adult_self_q55,Peds - BRIEF Adult Version (Self Report),,dropdown,BRIEF Adult Version - Self Report: Q55 (N=Never; S=Sometimes; O=Often; NA=Not Answered),"N, N | S, S | O, O | NA, NA",,,,,,,y,,
brief_adult_self_q56,Peds - BRIEF Adult Version (Self Report),,dropdown,BRIEF Adult Version - Self Report: Q56 (N=Never; S=Sometimes; O=Often; NA=Not Answered),"N, N | S, S | O, O | NA, NA",,,,,,,y,,
brief_adult_self_q57,Peds - BRIEF Adult Version (Self Report),,dropdown,BRIEF Adult Version - Self Report: Q57  (N=Never; S=Sometimes; O=Often; NA=Not Answered),"N, N | S, S | O, O | NA, NA",,,,,,,y,,
brief_adult_self_q58,Peds - BRIEF Adult Version (Self Report),,dropdown,BRIEF Adult Version - Self Report: Q58 (N=Never; S=Sometimes; O=Often; NA=Not Answered),"N, N | S, S | O, O | NA, NA",,,,,,,y,,
brief_adult_self_q59,Peds - BRIEF Adult Version (Self Report),,dropdown,BRIEF Adult Version - Self Report: Q59 (N=Never; S=Sometimes; O=Often; NA=Not Answered),"N, N | S, S | O, O | NA, NA",,,,,,,y,,
brief_adult_self_q6,Peds - BRIEF Adult Version (Self Report),,dropdown,BRIEF Adult Version - Self Report: Q6 (N=Never; S=Sometimes; O=Often; NA=Not Answered),"N, N | S, S | O, O | NA, NA",,,,,,,y,,
brief_adult_self_q60,Peds - BRIEF Adult Version (Self Report),,dropdown,BRIEF Adult Version - Self Report: Q60 (N=Never; S=Sometimes; O=Often; NA=Not Answered),"N, N | S, S | O, O | NA, NA",,,,,,,y,,
brief_adult_self_q16,Peds - BRIEF Adult Version (Self Report),,dropdown,BRIEF Adult Version - Self Report: Q16 (N=Never; S=Sometimes; O=Often; NA=Not Answered),"N, N | S, S | O, O | NA, NA",,,,,,,y,,
brief_adult_self_q18,Peds - BRIEF Adult Version (Self Report),,dropdown,BRIEF Adult Version - Self Report: Q18 (N=Never; S=Sometimes; O=Often; NA=Not Answered),"N, N | S, S | O, O | NA, NA",,,,,,,y,,
brief_adult_self_q2,Peds - BRIEF Adult Version (Self Report),,dropdown,BRIEF Adult Version - Self Report: Q2 (N=Never; S=Sometimes; O=Often; NA=Not Answered),"N, N | S, S | O, O | NA, NA",,,,,,,y,,
brief_adult_self_q20,Peds - BRIEF Adult Version (Self Report),,dropdown,BRIEF Adult Version - Self Report: Q20 (N=Never; S=Sometimes; O=Often; NA=Not Answered),"N, N | S, S | O, O | NA, NA",,,,,,,y,,
brief_adult_self_q7,Peds - BRIEF Adult Version (Self Report),,dropdown,BRIEF Adult Version - Self Report: Q7 (N=Never; S=Sometimes; O=Often; NA=Not Answered),"N, N | S, S | O, O | NA, NA",,,,,,,y,,
brief_adult_self_q72,Peds - BRIEF Adult Version (Self Report),,dropdown,BRIEF Adult Version - Self Report: Q72 (N=Never; S=Sometimes; O=Often; NA=Not Answered),"N, N | S, S | O, O | NA, NA",,,,,,,y,,
brief_adult_self_q74,Peds - BRIEF Adult Version (Self Report),,dropdown,BRIEF Adult Version - Self Report: Q74 (N=Never; S=Sometimes; O=Often; NA=Not Answered),"N, N | S, S | O, O | NA, NA",,,,,,,y,,
brief_adult_self_q8,Peds - BRIEF Adult Version (Self Report),,dropdown,BRIEF Adult Version - Self Report: Q8 (N=Never; S=Sometimes; O=Often; NA=Not Answered),"N, N | S, S | O, O | NA, NA",,,,,,,y,,
brief_adult_self_q9,Peds - BRIEF Adult Version (Self Report),,dropdown,BRIEF Adult Version - Self Report: Q9 (N=Never; S=Sometimes; O=Often; NA=Not Answered),"N, N | S, S | O, O | NA, NA",,,,,,,y,,
brief_adult_self_sm_percentile,Peds - BRIEF Adult Version (Self Report),,text,BRIEF Adult Version - Self Report: Self Monitoring Scale percentile,,,,,,,,y,,
brief_adult_self_sm_raw,Peds - BRIEF Adult Version (Self Report),,text,BRIEF Adult Version - Self Report: Self Monitoring Scale raw score,,,,,,,,y,,
brief_adult_self_sm_t,Peds - BRIEF Adult Version (Self Report),,text,BRIEF Adult Version - Self Report: Self Monitoring Scale T score,,,,,,,,y,,
brief_adult_self_sm_up_ci_90,Peds - BRIEF Adult Version (Self Report),,text,BRIEF Adult Version - Self Report: Self Monitoring Scale upper confidence interval 90th percentile,,,,,,,,y,,
brief_adult_self_shift_low_90,Peds - BRIEF Adult Version (Self Report),,text,BRIEF Adult Version - Self Report: Shift Scale lower confidence interval 90th percentile,,,,,,,,y,,
brief_adult_self_shift_pct,Peds - BRIEF Adult Version (Self Report),,text,BRIEF Adult Version - Self Report: Shift Scale percentile,,,,,,,,y,,
brief_adult_self_shift_raw,Peds - BRIEF Adult Version (Self Report),,text,BRIEF Adult Version - Self Report: Shift Scale raw score,,,,,,,,y,,
brief_adult_self_shift_t,Peds - BRIEF Adult Version (Self Report),,text,BRIEF Adult Version - Self Report: Shift Scale T score,,,,,,,,y,,
brief_adult_self_shift_up_90,Peds - BRIEF Adult Version (Self Report),,text,BRIEF Adult Version - Self Report: Shift Scale upper confidence interval 90th percentile,,,,,,,,y,,
brief_adult_self_tm_low_ci_90,Peds - BRIEF Adult Version (Self Report),,text,BRIEF Adult Version - Self Report: Task Monitoring Scale lower confidence interval 90th percentile,,,,,,,,y,,
brief_adult_self_tm_raw,Peds - BRIEF Adult Version (Self Report),,text,BRIEF Adult Version - Self Report: Task Monitoring Scale raw score,,,,,,,,y,,
brief_adult_self_tm_up_ci_90,Peds - BRIEF Adult Version (Self Report),,text,BRIEF Adult Version - Self Report: Task Monitoring Scale upper confidence interval 90th percentile,,,,,,,,y,,
brief_adult_self_wm_percentile,Peds - BRIEF Adult Version (Self Report),,text,BRIEF Adult Version - Self Report: Memory Scale percentile,,,,,,,,y,,
brief_adult_self_q61,Peds - BRIEF Adult Version (Self Report),,dropdown,BRIEF Adult Version - Self Report: Q61 (N=Never; S=Sometimes; O=Often; NA=Not Answered),"N, N | S, S | O, O | NA, NA",,,,,,,y,,
brief_adult_self_q62,Peds - BRIEF Adult Version (Self Report),,dropdown,BRIEF Adult Version - Self Report: Q62 (N=Never; S=Sometimes; O=Often; NA=Not Answered),"N, N | S, S | O, O | NA, NA",,,,,,,y,,
brief_adult_self_q63,Peds - BRIEF Adult Version (Self Report),,dropdown,BRIEF Adult Version - Self Report: Q63 (N=Never; S=Sometimes; O=Often; NA=Not Answered),"N, N | S, S | O, O | NA, NA",,,,,,,y,,
brief_adult_self_q64,Peds - BRIEF Adult Version (Self Report),,dropdown,BRIEF Adult Version - Self Report: Q64 (N=Never; S=Sometimes; O=Often; NA=Not Answered),"N, N | S, S | O, O | NA, NA",,,,,,,y,,
brief_adult_self_q65,Peds - BRIEF Adult Version (Self Report),,dropdown,BRIEF Adult Version - Self Report: Q65 (N=Never; S=Sometimes; O=Often; NA=Not Answered),"N, N | S, S | O, O | NA, NA",,,,,,,y,,
brief_adult_self_q66,Peds - BRIEF Adult Version (Self Report),,dropdown,BRIEF Adult Version - Self Report: Q66 (N=Never; S=Sometimes; O=Often; NA=Not Answered),"N, N | S, S | O, O | NA, NA",,,,,,,y,,
brief_adult_self_q67,Peds - BRIEF Adult Version (Self Report),,dropdown,BRIEF Adult Version - Self Report: Q67 (N=Never; S=Sometimes; O=Often; NA=Not Answered),"N, N | S, S | O, O | NA, NA",,,,,,,y,,
brief_adult_self_q68,Peds - BRIEF Adult Version (Self Report),,dropdown,BRIEF Adult Version - Self Report: Q68 (N=Never; S=Sometimes; O=Often; NA=Not Answered),"N, N | S, S | O, O | NA, NA",,,,,,,y,,
brief_adult_self_q69,Peds - BRIEF Adult Version (Self Report),,dropdown,BRIEF Adult Version - Self Report: Q69 (N=Never; S=Sometimes; O=Often; NA=Not Answered),"N, N | S, S | O, O | NA, NA",,,,,,,y,,
brief_adult_self_q70,Peds - BRIEF Adult Version (Self Report),,dropdown,BRIEF Adult Version - Self Report: Q70 (N=Never; S=Sometimes; O=Often; NA=Not Answered),"N, N | S, S | O, O | NA, NA",,,,,,,y,,
brief_adult_self_q71,Peds - BRIEF Adult Version (Self Report),,dropdown,BRIEF Adult Version - Self Report: Q71 (N=Never; S=Sometimes; O=Often; NA=Not Answered),"N, N | S, S | O, O | NA, NA",,,,,,,y,,
brief_adult_self_q73,Peds - BRIEF Adult Version (Self Report),,dropdown,BRIEF Adult Version - Self Report: Q73 (N=Never; S=Sometimes; O=Often; NA=Not Answered),"N, N | S, S | O, O | NA, NA",,,,,,,y,,
brief_adult_self_q75,Peds - BRIEF Adult Version (Self Report),,dropdown,BRIEF Adult Version - Self Report: Q75 (N=Never; S=Sometimes; O=Often; NA=Not Answered),"N, N | S, S | O, O | NA, NA",,,,,,,y,,
brief_adult_self_sm_low_ci_90,Peds - BRIEF Adult Version (Self Report),,text,BRIEF Adult Version - Self Report: Self Monitoring Scale lower confidence interval 90th percentile,,,,,,,,y,,
brief_adult_self_tm_percentile,Peds - BRIEF Adult Version (Self Report),,text,BRIEF Adult Version - Self Report: Task Monitoring Scale percentile,,,,,,,,y,,
brief_adult_self_tm_t,Peds - BRIEF Adult Version (Self Report),,text,BRIEF Adult Version - Self Report: Task Monitoring Scale T score,,,,,,,,y,,
brief_adult_self_wm_low_ci_90,Peds - BRIEF Adult Version (Self Report),,text,BRIEF Adult Version - Self Report: Memory Scale lower confidence interval 90th percentile,,,,,,,,y,,
brief_adult_self_wm_raw,Peds - BRIEF Adult Version (Self Report),,text,BRIEF Adult Version - Self Report: Memory Scale raw score,,,,,,,,y,,
brief_adult_self_wm_t,Peds - BRIEF Adult Version (Self Report),,text,BRIEF Adult Version - Self Report: Memory Scale T score,,,,,,,,y,,
brief_adult_self_wm_up_ci_90,Peds - BRIEF Adult Version (Self Report),,text,BRIEF Adult Version - Self Report: Memory Scale upper confidence interval 90th percentile,,,,,,,,y,,
