Variable / Field Name,Form Name,Section Header,Field Type,Field Label,"Choices, Calculations, OR Slider Labels",Field Note,Text Validation Type OR Show Slider Number,Text Validation Min,Text Validation Max,Identifier?,Branching Logic (Show field only if...),Required Field?,Custom Alignment,Question Number (surveys only)
hand_q2_draw_line,Peds - Handedness (3:0 to 5:11 y:m) - Part 2,,dropdown,Handedness: Question 2 draw a line (R=Right; L=Left; B=Both/Bimanual; NA=Not Available),"R, R | L, L | B, B | NA, NA",,,,,,,y,,
hand_q1_write_name,Peds - Handedness (3:0 to 5:11 y:m) - Part 2,,dropdown,Handedness: Question 1 write your name (R=Right; L=Left; B=Both/Bimanual; NA=Not Available),"R, R | L, L | B, B | NA, NA",,,,,,,y,,
admin_status,Peds - Handedness (3:0 to 5:11 y:m) - Part 2,,dropdown,Instrument administration status,"Complete, Complete | Partial, Partial | Not Administered, Not Administered | Not Applicable, Not Applicable",,,,,,,y,,
timepoint_label,Peds - Handedness (3:0 to 5:11 y:m) - Part 2,,text,User-defined timepoint/visit label - a label selected by the site at the time of registration of a new timepoint into the database.  This label is used to group all the instruments administered to a subject at a given timepoint.,,,,,,,,y,,
src_subject_id,Peds - Handedness (3:0 to 5:11 y:m) - Part 2,,text,The site's subject identification,,,,,,,,y,,
hand_tested_hand_preference,Peds - Handedness (3:0 to 5:11 y:m) - Part 2,,dropdown,"Handedness: Hand preference answers include Right, Left, Mixed","Right, Right | Left, Left | Mixed, Mixed | Both/Biman, Both/Biman",,,,,,,y,,
hand_q9_cut_with_scissors,Peds - Handedness (3:0 to 5:11 y:m) - Part 2,,dropdown,Handedness: Question 9 cut the paper (R=Right; L=Left; B=Both/Bimanual; NA=Not Available),"R, R | L, L | B, B | NA, NA",,,,,,,y,,
hand_q8_eat_with_spoon,Peds - Handedness (3:0 to 5:11 y:m) - Part 2,,dropdown,Handedness: Question 8 use the spoon (R=Right; L=Left; B=Both/Bimanual; NA=Not Available),"R, R | L, L | B, B | NA, NA",,,,,,,y,,
hand_q7_place_puzzle_piece,Peds - Handedness (3:0 to 5:11 y:m) - Part 2,,dropdown,Handedness: Question 7 place the missing puzzle piece in the puzzle (R=Right; L=Left; B=Both/Bimanual; NA=Not Available),"R, R | L, L | B, B | NA, NA",,,,,,,y,,
hand_q6_place_lego_on_top,Peds - Handedness (3:0 to 5:11 y:m) - Part 2,,dropdown,Handedness: Question 6 place a Lego on top of a tower (R=Right; L=Left; B=Both/Bimanual; NA=Not Available),"R, R | L, L | B, B | NA, NA",,,,,,,y,,
hand_q5_hammer_peg,Peds - Handedness (3:0 to 5:11 y:m) - Part 2,,dropdown,Handedness: Question 5 hammer a peg (R=Right; L=Left; B=Both/Bimanual; NA=Not Available),"R, R | L, L | B, B | NA, NA",,,,,,,y,,
hand_q4_open_jar,Peds - Handedness (3:0 to 5:11 y:m) - Part 2,,dropdown,Handedness: Question 4 open the jar (R=Right; L=Left; B=Both/Bimanual; NA=Not Available),"R, R | L, L | B, B | NA, NA",,,,,,,y,,
hand_q3_throw_ball,Peds - Handedness (3:0 to 5:11 y:m) - Part 2,,dropdown,Handedness: Question 3 throw the ball (R=Right; L=Left; B=Both/Bimanual; NA=Not Available),"R, R | L, L | B, B | NA, NA",,,,,,,y,,
hand_q10_put_ring_around_rod,Peds - Handedness (3:0 to 5:11 y:m) - Part 2,,dropdown,Handedness: Question 10 put a ring around a rod (R=Right; L=Left; B=Both/Bimanual; NA=Not Available),"R, R | L, L | B, B | NA, NA",,,,,,,y,,
hand_foot_use_subtest_foot_use,Peds - Handedness (3:0 to 5:11 y:m) - Part 2,,dropdown,Handedness: Score assigned to the foot used to kick a ball (1=Right Foot; 2=Left Foot),"1, 1 | 2, 2",,,,,,,y,,
hand_foot_use_subtest,Peds - Handedness (3:0 to 5:11 y:m) - Part 2,,dropdown,Handedness: Foot used to kick a ball (R=Right; L=Left; NA=Not Available),"R, R | L, L | NA, NA",,,,,,,y,,
hand_eye_use_subtest_eye_used,Peds - Handedness (3:0 to 5:11 y:m) - Part 2,,dropdown,Handedness: Score assigned to the eye used to look through a telescope (1=Right Eye; 2=Left Eye),"1, 1 | 2, 2",,,,,,,y,,
hand_eye_use_subtest,Peds - Handedness (3:0 to 5:11 y:m) - Part 2,,dropdown,Handedness: Eye used to look through a telescope (R=Right; L=Left; NA=Not Available),"R, R | L, L | NA, NA",,,,,,,y,,
hand_caregiver_report_hand_use,Peds - Handedness (3:0 to 5:11 y:m) - Part 2,,dropdown,Handedness: Caregiver report as to what is the child preferred hand (R=Right; L=Left; NP=No Preference; NA=Not Available),"R, R | L, L | NP, NP | NA, NA",,,,,,,y,,
hand_num_trls_rh_active_strat,Peds - Handedness (3:0 to 5:11 y:m) - Part 2,,text,Handedness: Number of trials with a Right Hand Active Strategy,,,,,,,,y,,
hand_num_trls_lh_active_strat,Peds - Handedness (3:0 to 5:11 y:m) - Part 2,,text,Handedness: Number of trials with a Left Hand Active Strategy,,,,,,,,y,,
hand_num_trls_bh_active_strat,Peds - Handedness (3:0 to 5:11 y:m) - Part 2,,text,Handedness: Number of trials with a Both Hands Active Strategy,,,,,,,,y,,
age_in_days_dot_to_dob,Peds - Handedness (3:0 to 5:11 y:m) - Part 2,,text,Handedness: Age in days obtained by subtracting the date of birth from the date of test,,,,,,,,y,,
subjectkey,Peds - Handedness (3:0 to 5:11 y:m) - Part 2,,text,The NDAR Global Unique Identifier (GUID) for subjects which identifies a subject in NDAR,,,,,,,,,,
hand_pct_trls_rh_active_strat,Peds - Handedness (3:0 to 5:11 y:m) - Part 2,,text,Handedness: Percent of the trials with a Right Hand Active Strategy,,,,,,,,y,,
hand_pct_trls_lh_active_strat,Peds - Handedness (3:0 to 5:11 y:m) - Part 2,,text,Handedness: Percent of the trials with a Left Hand Active Strategy,,,,,,,,y,,
hand_pct_trls_bh_active_strat,Peds - Handedness (3:0 to 5:11 y:m) - Part 2,,text,Handedness: Percent of the trials with a Both Hands Active Strategy,,,,,,,,y,,
hand_bimanual_laterality_index,Peds - Handedness (3:0 to 5:11 y:m) - Part 2,,text,Handedness: Bimanual Laterality Index,,,,,,,,y,,
