Variable / Field Name,Form Name,Section Header,Field Type,Field Label,"Choices, Calculations, OR Slider Labels",Field Note,Text Validation Type OR Show Slider Number,Text Validation Min,Text Validation Max,Identifier?,Branching Logic (Show field only if...),Required Field?,Custom Alignment,Question Number (surveys only)
subjectkey,CPEA STAART C-YBOCS (Target Symptoms),,text,The NDAR Global Unique Identifier (GUID) for subjects which identifies a subject in NDAR,,,,,,,,y,,
patid,CPEA STAART C-YBOCS (Target Symptoms),,text,src_Subject_id,,Patient IDs were assigned at the research site for CPEA and STAART,,,,,,y,,
cycle,CPEA STAART C-YBOCS (Target Symptoms),,text,Timepoint information,,,,,,,,y,,
phase,CPEA STAART C-YBOCS (Target Symptoms),,dropdown,Phase,"1, 1 |  2,  2 |  3,  3 |  4,  4",,,,,,,y,,
q8_date,CPEA STAART C-YBOCS (Target Symptoms),,text,Date,,Required field,,,,,,y,,
q8_ratr,CPEA STAART C-YBOCS (Target Symptoms),,text,Rater Name,,"The name of the staff member who administered the form. If the form was filled out by the guardian or teacher, the CC¿s name should be entered as Rater.",,,,,,y,,
8_ratr,CPEA STAART C-YBOCS (Target Symptoms),,text,Rater Name,,"The name of the staff member who administered the form. If the form was filled out by the guardian or teacher, the CC¿s name should be entered as Rater.",,,,,,y,,
q8_prif,CPEA STAART C-YBOCS (Target Symptoms),,dropdown,Primary Source: Father,"0, 0 |  -1,  -1","Check if father is primary source. 0=no, -1=yes.",,,,,,y,,
q8_pric,CPEA STAART C-YBOCS (Target Symptoms),,dropdown,Primary Source: Child,"0, 0 |  -1,  -1","Check if child is primary source. 0=no, -1=yes.",,,,,,y,,
q8_prit,CPEA STAART C-YBOCS (Target Symptoms),,dropdown,Primary Source: Teacher,"0, 0 |  -1,  -1","Check if teacher is primary source. 0=no, -1=yes.",,,,,,y,,
q8_prio,CPEA STAART C-YBOCS (Target Symptoms),,dropdown,Primary Source: Other,"0, 0 |  -1,  -1","Check if primary source not mother, father, child or teacher. 0=no, -1=yes.",,,,,,y,,
q8_pr_s,CPEA STAART C-YBOCS (Target Symptoms),,text,Other Primary Source specified,,Complete if q8_prio is checked,,,,,,y,,
q8_parm,CPEA STAART C-YBOCS (Target Symptoms),,dropdown,Participants present: Mother,"0, 0 |  -1,  -1","Check if mother is present during assessment. If Teacher is primary source this item should be left blank. 0=no, -1=yes.",,,,,,y,,
q8_parf,CPEA STAART C-YBOCS (Target Symptoms),,dropdown,Participants present: Father,"0, 0 |  -1,  -1","Check if father is present during assessment. If Teacher is primary source this item should be left blank. 0=no, -1=yes.",,,,,,y,,
q8_parc,CPEA STAART C-YBOCS (Target Symptoms),,dropdown,Participants present: Child,"0, 0 |  -1,  -1","Check if chid is present during assessment. If Teacher is primary source this item should be left blank. 0=no, -1=yes.",,,,,,y,,
q8_part,CPEA STAART C-YBOCS (Target Symptoms),,dropdown,Participants present: Teacher,"0, 0 |  -1,  -1","If Teacher is primary source, this item should be left blank. 0=no, -1=yes.",,,,,,y,,
q8_paro,CPEA STAART C-YBOCS (Target Symptoms),,dropdown,Participants present: Other,"0, 0 |  -1,  -1","If Teacher is primary source, this item should be left blank. If administered by phone, q8_paro should be checked and PHONE should be written in q8_pa_s. 0=no, -1=yes.",,,,,,y,,
q8_pa_s,CPEA STAART C-YBOCS (Target Symptoms),,text,Other Participants present specified,,Complete if q8_paro is checked,,,,,,y,,
q8_issue,CPEA STAART C-YBOCS (Target Symptoms),,text,Issue,,,,,,,,y,,
q8_issueid,CPEA STAART C-YBOCS (Target Symptoms),,text,Issue,,Unique identifier for issue reported - not on CRF,number,1,9999999,,,y,,
interview_date,CPEA STAART C-YBOCS (Target Symptoms),,text,Date on which the interview/genetic test/sampling/imaging was completed,"MM/yyyy, MM/yyyy | MM/dd/yyyy, MM/dd/yyyy",* '01/01/1900' indicates that a date associated with retrospective data is not known.,date_ymd,,,,,y,,
