Variable / Field Name,Form Name,Section Header,Field Type,Field Label,"Choices, Calculations, OR Slider Labels",Field Note,Text Validation Type OR Show Slider Number,Text Validation Min,Text Validation Max,Identifier?,Branching Logic (Show field only if...),Required Field?,Custom Alignment,Question Number (surveys only)
subjectkey,CPEA STAART Mullen,,text,,,,,,,,,y,,
interview_date,CPEA STAART Mullen,,text,,"MM/yyyy, MM/yyyy | MM/dd/yyyy, MM/dd/yyyy",* '01/01/1900' indicates that a date associated with retrospective data is not known.,date_ymd,,,,,y,,
cycle,CPEA STAART Mullen,,text,,,,,,,,,y,,
patid,CPEA STAART Mullen,,text,,,Patient IDs were assigned at the research site for CPEA and STAART,,,,,,y,,
network,CPEA STAART Mullen,,text,,,CPEA or STAART Network,,,,,,y,,
site,CPEA STAART Mullen,,text,,,CPEA or STAART Site,,,,,,y,,
study,CPEA STAART Mullen,,text,,,CPEA or STAART Study,,,,,,y,,
adi_da_afsw,CPEA STAART Mullen,,text,,,,,,,,,y,,
adi_dx,CPEA STAART Mullen,,text,,,,,,,,,y,,
mull_ae,CPEA STAART Mullen,,text,,,,,,,,,y,,
mull_age,CPEA STAART Mullen,,text,,,,,,,,,y,,
mull_date,CPEA STAART Mullen,,text,,,,,,,,,y,,
mull_el_ss,CPEA STAART Mullen,,text,,,,,,,,,y,,
mull_el_ae,CPEA STAART Mullen,,text,,,,,,,,,y,,
mull_el_aq,CPEA STAART Mullen,,dropdown,,"0, 0 |  1,  1 |  2,  2",,,,,,,y,,
mull_el_bas,CPEA STAART Mullen,,text,,,,,,,,,y,,
mull_el_ccol,CPEA STAART Mullen,,dropdown,,"0, 0 |  1,  1",,,,,,,y,,
mull_el_ceil,CPEA STAART Mullen,,text,,,,,,,,,y,,
mull_el_cjg,CPEA STAART Mullen,,dropdown,,"0, 0 |  1,  1",,,,,,,y,,
mull_el_cttt,CPEA STAART Mullen,,dropdown,,"0, 0 |  1,  1 |  2,  2 |  3,  3",,,,,,,y,,
mull_el_cwg,CPEA STAART Mullen,,dropdown,,"0, 0 |  1,  1",,,,,,,y,,
mull_el_dc,CPEA STAART Mullen,,text,,,,,,,,,y,,
mull_el_err,CPEA STAART Mullen,,text,,,,,,,,,y,,
mull_el_iq,CPEA STAART Mullen,,text,,,,,,,,,y,,
mull_el_jwi,CPEA STAART Mullen,,dropdown,,"0, 0 |  1,  1",,,,,,,y,,
mull_el_lp,CPEA STAART Mullen,,dropdown,,"0, 0 |  1,  1",,,,,,,y,,
mull_el_mv,CPEA STAART Mullen,,dropdown,,"0, 0 |  1,  1",,,,,,,y,,
mull_el_no,CPEA STAART Mullen,,dropdown,,"0, 0 |  1,  1 |  2,  2 |  3,  3",,,,,,,y,,
mull_el_ov,CPEA STAART Mullen,,dropdown,,"0, 0 |  1,  1 |  2,  2 |  3,  3 |  4,  4",,,,,,,y,,
mull_el_pglg,CPEA STAART Mullen,,dropdown,,"0, 0 |  1,  1",,,,,,,y,,
mull_el_pr,CPEA STAART Mullen,,text,,,,,,,,,y,,
mull_el_pracreas,CPEA STAART Mullen,,dropdown,,"0, 0 |  1,  1 |  2,  2 |  3,  3 |  4,  4",,,,,,,y,,
mull_el_ptcs,CPEA STAART Mullen,,dropdown,,"0, 0 |  1,  1",,,,,,,y,,
mull_el_pv,CPEA STAART Mullen,,dropdown,,"0, 0 |  1,  1 |  2,  2 |  3,  3 |  4,  4 |  5,  5",,,,,,,y,,
mull_el_pws,CPEA STAART Mullen,,dropdown,,"0, 0 |  1,  1",,,,,,,y,,
mull_el_raw,CPEA STAART Mullen,,text,,,,,,,,,y,,
ull_el_raw,CPEA STAART Mullen,,text,,,,,,,,,y,,
mull_el_rs2,CPEA STAART Mullen,,dropdown,,"0, 0 |  1,  1 |  2,  2",,,,,,,y,,
mull_el_rtn,CPEA STAART Mullen,,dropdown,,"0, 0 |  1,  1",,,,,,,y,,
mull_el_samhs,CPEA STAART Mullen,,dropdown,,"0, 0 |  1,  1",,,,,,,y,,
mull_el_sfw,CPEA STAART Mullen,,dropdown,,"0, 0 |  1,  1 |  2,  2 |  3,  3",,,,,,,y,,
mull_fm_fptfs,CPEA STAART Mullen,,text,,,,,,,,,y,,
mull_el_sscm,CPEA STAART Mullen,,dropdown,,"0, 0 |  1,  1",,,,,,,y,,
mull_el_t,CPEA STAART Mullen,,text,,,,,,,,,y,,
mull_el_up,CPEA STAART Mullen,,dropdown,,"0, 0 |  1,  1",,,,,,,y,,
mull_el_uttfws,CPEA STAART Mullen,,dropdown,,"0, 0 |  1,  1",,,,,,,y,,
mull_el_utwp,CPEA STAART Mullen,,dropdown,,"0, 0 |  1,  1",,,,,,,y,,
mull_el_va,CPEA STAART Mullen,,dropdown,,"0, 0 |  1,  1 |  2,  2 |  3,  3 |  4,  4 |  5,  5",,,,,,,y,,
mull_el_vb,CPEA STAART Mullen,,dropdown,,"0, 0 |  1,  1",,,,,,,y,,
mull_el_voc,CPEA STAART Mullen,,dropdown,,"0, 0 |  1,  1",,,,,,,y,,
mull_el_vsss,CPEA STAART Mullen,,dropdown,,"0, 0 |  1,  1",,,,,,,y,,
mull_fm_ae,CPEA STAART Mullen,,text,,,,,,,,,y,,
mull_fm_afhf,CPEA STAART Mullen,,dropdown,,"0, 0 |  1,  1",,,,,,,y,,
mull_fm_bas,CPEA STAART Mullen,,text,,,,,,,,,y,,
mull_fm_bftm,CPEA STAART Mullen,,dropdown,,"0, 0 |  1,  1",,,,,,,y,,
mull_fm_bimhm,CPEA STAART Mullen,,dropdown,,"0, 0 |  1,  1",,,,,,,y,,
mull_fm_boim,CPEA STAART Mullen,,dropdown,,"0, 0 |  1,  1",,,,,,,y,,
mull_fm_cccal,CPEA STAART Mullen,,dropdown,,"0, 0 |  1,  1 |  2,  2",,,,,,,y,,
mull_fm_ceil,CPEA STAART Mullen,,text,,,,,,,,,y,,
mull_fm_csal,CPEA STAART Mullen,,dropdown,,"0, 0 |  1,  1 |  2,  2 |  3,  3 |  4,  4 |  5,  5",,,,,,,y,,
mull_fm_cws,CPEA STAART Mullen,,dropdown,,"0, 0 |  1,  1 |  2,  2",,,,,,,y,,
mull_fm_dc,CPEA STAART Mullen,,text,,,,,,,,,y,,
mull_fm_dip,CPEA STAART Mullen,,dropdown,,"0, 0 |  1,  1 |  2,  2",,,,,,,y,,
mull_fm_err,CPEA STAART Mullen,,text,,,,,,,,,y,,
mull_fm_ss,CPEA STAART Mullen,,text,,,,,,,,,y,,
mull_fm_fptt,CPEA STAART Mullen,,dropdown,,"0, 0 |  1,  1",,,,,,,y,,
mull_fm_gp,CPEA STAART Mullen,,dropdown,,"0, 0 |  1,  1",,,,,,,y,,
mull_fm_gri,CPEA STAART Mullen,,dropdown,,"0, 0 |  1,  1",,,,,,,y,,
mull_fm_hrr,CPEA STAART Mullen,,dropdown,,"0, 0 |  1,  1",,,,,,,y,,
mull_fm_icl,CPEA STAART Mullen,,dropdown,,"0, 0 |  1,  1 |  2,  2 |  3,  3",,,,,,,y,,
mull_fm_id,CPEA STAART Mullen,,dropdown,,"0, 0 |  1,  1 |  2,  2 |  3,  3",,,,,,,y,,
mull_fm_ifbtower,CPEA STAART Mullen,,dropdown,,"0, 0 |  1,  1",,,,,,,y,,
mull_fm_ifbtrain,CPEA STAART Mullen,,dropdown,,"0, 0 |  1,  1 |  2,  2",,,,,,,y,,
mull_fm_iq,CPEA STAART Mullen,,text,,,,,,,,,y,,
mull_fm_ppishav,CPEA STAART Mullen,,dropdown,,"0, 0 |  1,  1 |  2,  2",,,,,,,y,,
mull_fm_pr,CPEA STAART Mullen,,text,,,,,,,,,y,,
mull_fm_raw,CPEA STAART Mullen,,text,,,,,,,,,y,,
ull_fm_raw,CPEA STAART Mullen,,text,,,,,,,,,y,,
mull_fm_rgto,CPEA STAART Mullen,,dropdown,,"0, 0 |  1,  1",,,,,,,y,,
mull_fm_sb,CPEA STAART Mullen,,dropdown,,"0, 0 |  1,  1",,,,,,,y,,
mull_fm_sbv,CPEA STAART Mullen,,dropdown,,"0, 0 |  1,  1 |  2,  2 |  3,  3",,,,,,,y,,
mull_gm_ss,CPEA STAART Mullen,,text,,,,,,,,,y,,
mull_fm_t,CPEA STAART Mullen,,text,,,,,,,,,y,,
mull_fm_tbd,CPEA STAART Mullen,,dropdown,,"0, 0 |  1,  1",,,,,,,y,,
mull_fm_tbopoi,CPEA STAART Mullen,,dropdown,,"0, 0 |  1,  1 |  2,  2 |  3,  3",,,,,,,y,,
mull_fm_tf1,CPEA STAART Mullen,,dropdown,,"0, 0 |  1,  1",,,,,,,y,,
mull_fm_tf2,CPEA STAART Mullen,,dropdown,,"0, 0 |  1,  1",,,,,,,y,,
mull_fm_tpib,CPEA STAART Mullen,,text,,,,,,,,,y,,
mull_fm_upg,CPEA STAART Mullen,,dropdown,,"0, 0 |  1,  1 |  2,  2",,,,,,,y,,
mull_fm_usnab,CPEA STAART Mullen,,dropdown,,"0, 0 |  1,  1",,,,,,,y,,
mull_fm_utht,CPEA STAART Mullen,,dropdown,,"0, 0 |  1,  1",,,,,,,y,,
mull_gm_ae,CPEA STAART Mullen,,text,,,,,,,,,y,,
mull_gm_bas,CPEA STAART Mullen,,text,,,,,,,,,y,,
mull_gm_boof,CPEA STAART Mullen,,dropdown,,"0, 0 |  1,  1",,,,,,,y,,
mull_gm_ceil,CPEA STAART Mullen,,text,,,,,,,,,y,,
mull_gm_dc,CPEA STAART Mullen,,text,,,,,,,,,y,,
mull_gm_ebhr,CPEA STAART Mullen,,dropdown,,"0, 0 |  1,  1",,,,,,,y,,
mull_gm_err,CPEA STAART Mullen,,text,,,,,,,,,y,,
mull_gm_hfpsts,CPEA STAART Mullen,,dropdown,,"0, 0 |  1,  1",,,,,,,y,,
mull_gm_htt,CPEA STAART Mullen,,dropdown,,"0, 0 |  1,  1",,,,,,,y,,
mull_gm_huhhs,CPEA STAART Mullen,,dropdown,,"0, 0 |  1,  1",,,,,,,y,,
mull_gm_jdfb,CPEA STAART Mullen,,dropdown,,"0, 0 |  1,  1 |  2,  2",,,,,,,y,,
mull_gm_jipft,CPEA STAART Mullen,,dropdown,,"0, 0 |  1,  1",,,,,,,y,,
mull_gm_kb,CPEA STAART Mullen,,dropdown,,"0, 0 |  1,  1",,,,,,,y,,
mull_gm_malv,CPEA STAART Mullen,,dropdown,,"0, 0 |  1,  1",,,,,,,y,,
mull_gm_pr,CPEA STAART Mullen,,text,,,,,,,,,y,,
mull_gm_psts,CPEA STAART Mullen,,dropdown,,"0, 0 |  1,  1",,,,,,,y,,
mull_gm_raw,CPEA STAART Mullen,,text,,,,,,,,,y,,
ull_gm_raw,CPEA STAART Mullen,,text,,,,,,,,,y,,
mull_gm_ro,CPEA STAART Mullen,,dropdown,,"0, 0 |  1,  1",,,,,,,y,,
mull_gm_rs,CPEA STAART Mullen,,dropdown,,"0, 0 |  1,  1",,,,,,,y,,
mull_gm_rtcs,CPEA STAART Mullen,,dropdown,,"0, 0 |  1,  1",,,,,,,y,,
mull_gm_sa,CPEA STAART Mullen,,dropdown,,"0, 0 |  1,  1",,,,,,,y,,
mull_gm_sbrts,CPEA STAART Mullen,,dropdown,,"0, 0 |  1,  1",,,,,,,y,,
mull_gm_sfts,CPEA STAART Mullen,,dropdown,,"0, 0 |  1,  1",,,,,,,y,,
mull_gm_shhb,CPEA STAART Mullen,,dropdown,,"0, 0 |  1,  1",,,,,,,y,,
mull_gm_sof,CPEA STAART Mullen,,dropdown,,"0, 0 |  1,  1",,,,,,,y,,
mull_gm_sofwh,CPEA STAART Mullen,,dropdown,,"0, 0 |  1,  1",,,,,,,y,,
mull_rl_ss,CPEA STAART Mullen,,text,,,,,,,,,y,,
mull_gm_sshs,CPEA STAART Mullen,,dropdown,,"0, 0 |  1,  1",,,,,,,y,,
mull_gm_sss,CPEA STAART Mullen,,dropdown,,"0, 0 |  1,  1",,,,,,,y,,
mull_gm_sthak,CPEA STAART Mullen,,dropdown,,"0, 0 |  1,  1",,,,,,,y,,
mull_gm_swaf,CPEA STAART Mullen,,dropdown,,"0, 0 |  1,  1",,,,,,,y,,
mull_gm_swr,CPEA STAART Mullen,,dropdown,,"0, 0 |  1,  1",,,,,,,y,,
mull_gm_t,CPEA STAART Mullen,,text,,,,,,,,,y,,
mull_gm_tbu,CPEA STAART Mullen,,dropdown,,"0, 0 |  1,  1",,,,,,,y,,
mull_gm_wa,CPEA STAART Mullen,,dropdown,,"0, 0 |  1,  1",,,,,,,y,,
mull_gm_wdsbsa,CPEA STAART Mullen,,dropdown,,"0, 0 |  1,  1",,,,,,,y,,
mull_gm_wolaas,CPEA STAART Mullen,,dropdown,,"0, 0 |  1,  1",,,,,,,y,,
mull_gm_woluatb,CPEA STAART Mullen,,dropdown,,"0, 0 |  1,  1",,,,,,,y,,
mull_gm_wott,CPEA STAART Mullen,,dropdown,,"0, 0 |  1,  1",,,,,,,y,,
mull_gm_wsofol,CPEA STAART Mullen,,dropdown,,"0, 0 |  1,  1",,,,,,,y,,
mull_gm_wusbyn,CPEA STAART Mullen,,dropdown,,"0, 0 |  1,  1",,,,,,,y,,
mull_gm_wuswhn,CPEA STAART Mullen,,dropdown,,"0, 0 |  1,  1",,,,,,,y,,
mull_gm_wwohh,CPEA STAART Mullen,,dropdown,,"0, 0 |  1,  1",,,,,,,y,,
mull_iq,CPEA STAART Mullen,,text,,,,,,,,,y,,
mull_nv_ae,CPEA STAART Mullen,,text,,,,,,,,,y,,
mull_nv_iq,CPEA STAART Mullen,,text,,,,,,,,,y,,
mull_nv_ma,CPEA STAART Mullen,,text,,,,,,,,,y,,
mull_nv_ratiq,CPEA STAART Mullen,,text,,,,,,,,,y,,
mull_rl_ae,CPEA STAART Mullen,,text,,,,,,,,,y,,
mull_rl_asa,CPEA STAART Mullen,,dropdown,,"0, 0 |  1,  1 |  2,  2 |  3,  3 |  4,  4",,,,,,,y,,
mull_rl_ats,CPEA STAART Mullen,,dropdown,,"0, 0 |  1,  1",,,,,,,y,,
mull_rl_atwam,CPEA STAART Mullen,,dropdown,,"0, 0 |  1,  1",,,,,,,y,,
mull_rl_bas,CPEA STAART Mullen,,text,,,,,,,,,y,,
mull_rl_caw,CPEA STAART Mullen,,dropdown,,"0, 0 |  1,  1 |  2,  2",,,,,,,y,,
mull_rl_cc,CPEA STAART Mullen,,dropdown,,"0, 0 |  1,  1 |  2,  2 |  3,  3 |  4,  4",,,,,,,y,,
mull_rl_ceil,CPEA STAART Mullen,,text,,,,,,,,,y,,
mull_rl_clal,CPEA STAART Mullen,,dropdown,,"0, 0 |  1,  1",,,,,,,y,,
mull_rl_clat,CPEA STAART Mullen,,dropdown,,"0, 0 |  1,  1",,,,,,,y,,
mull_rl_cq1,CPEA STAART Mullen,,dropdown,,"0, 0 |  1,  1",,,,,,,y,,
mull_rl_cq2,CPEA STAART Mullen,,dropdown,,"0, 0 |  1,  1",,,,,,,y,,
mull_rl_dc,CPEA STAART Mullen,,text,,,,,,,,,y,,
mull_rl_err,CPEA STAART Mullen,,text,,,,,,,,,y,,
mull_rl_esmi,CPEA STAART Mullen,,dropdown,,"0, 0 |  1,  1",,,,,,,y,,
mull_rl_f2uc,CPEA STAART Mullen,,dropdown,,"0, 0 |  1,  1",,,,,,,y,,
mull_rl_f3uc,CPEA STAART Mullen,,dropdown,,"0, 0 |  1,  1",,,,,,,y,,
mull_rl_fd,CPEA STAART Mullen,,dropdown,,"0, 0 |  1,  1",,,,,,,y,,
mull_rl_frc,CPEA STAART Mullen,,dropdown,,"0, 0 |  1,  1",,,,,,,y,,
mull_rl_gk,CPEA STAART Mullen,,dropdown,,"0, 0 |  1,  1 |  2,  2 |  3,  3 |  4,  4 |  5,  5",,,,,,,y,,
mull_rl_gtovr,CPEA STAART Mullen,,dropdown,,"0, 0 |  1,  1",,,,,,,y,,
mull_rl_hcse,CPEA STAART Mullen,,dropdown,,"0, 0 |  1,  1 |  2,  2",,,,,,,y,,
mull_rl_ic,CPEA STAART Mullen,,dropdown,,"0, 0 |  1,  1",,,,,,,y,,
mull_rl_il,CPEA STAART Mullen,,dropdown,,"0, 0 |  1,  1 |  2,  2",,,,,,,y,,
mull_rl_io,CPEA STAART Mullen,,dropdown,,"0, 0 |  1,  1",,,,,,,y,,
mull_rl_iof,CPEA STAART Mullen,,dropdown,,"0, 0 |  1,  1",,,,,,,y,,
mull_rl_ip,CPEA STAART Mullen,,dropdown,,"0, 0 |  1,  1",,,,,,,y,,
mull_rl_iq,CPEA STAART Mullen,,text,,,,,,,,,y,,
mull_rl_lc,CPEA STAART Mullen,,dropdown,,"0, 0 |  1,  1",,,,,,,y,,
mull_rl_pr,CPEA STAART Mullen,,text,,,,,,,,,y,,
mull_rl_raw,CPEA STAART Mullen,,text,,,,,,,,,y,,
ull_rl_raw,CPEA STAART Mullen,,text,,,,,,,,,y,,
mull_rl_rfnw,CPEA STAART Mullen,,dropdown,,"0, 0 |  1,  1",,,,,,,y,,
mull_rl_ron,CPEA STAART Mullen,,dropdown,,"0, 0 |  1,  1",,,,,,,y,,
mull_rl_rrtln,CPEA STAART Mullen,,dropdown,,"0, 0 |  1,  1",,,,,,,y,,
mull_rl_rtvafbs,CPEA STAART Mullen,,dropdown,,"0, 0 |  1,  1",,,,,,,y,,
mull_rl_rtvafbv,CPEA STAART Mullen,,dropdown,,"0, 0 |  1,  1",,,,,,,y,,
mull_rl_sc,CPEA STAART Mullen,,dropdown,,"0, 0 |  1,  1",,,,,,,y,,
mull_version,CPEA STAART Mullen,,text,,,,,,,,,y,,
mull_rl_t,CPEA STAART Mullen,,text,,,,,,,,,y,,
mull_rl_ugac,CPEA STAART Mullen,,dropdown,,"0, 0 |  1,  1",,,,,,,y,,
mull_rl_uiw,CPEA STAART Mullen,,dropdown,,"0, 0 |  1,  1",,,,,,,y,,
mull_rl_usvi,CPEA STAART Mullen,,dropdown,,"0, 0 |  1,  1",,,,,,,y,,
mull_ss_ae,CPEA STAART Mullen,,text,,,,,,,,,y,,
mull_ss_ci,CPEA STAART Mullen,,text,,,,,,,,,y,,
mull_ss_dc,CPEA STAART Mullen,,text,,,,,,,,,y,,
mull_ss_err,CPEA STAART Mullen,,text,,,,,,,,,y,,
mull_ss_pr,CPEA STAART Mullen,,text,,,,,,,,,y,,
mull_ss_raw,CPEA STAART Mullen,,text,,,,,,,,,y,,
mull_ss_std,CPEA STAART Mullen,,text,,,,,,,,,y,,
mull_ss_t,CPEA STAART Mullen,,text,,,,,,,,,y,,
mull_v_ae,CPEA STAART Mullen,,text,,,,,,,,,y,,
mull_v_iq,CPEA STAART Mullen,,text,,,,,,,,,y,,
mull_v_ma,CPEA STAART Mullen,,text,,,,,,,,,y,,
mull_v_ratiq,CPEA STAART Mullen,,text,,,,,,,,,y,,
mull_vr_ss,CPEA STAART Mullen,,text,,,,,,,,,y,,
mull_vr_ae,CPEA STAART Mullen,,text,,,,,,,,,y,,
mull_vr_atp,CPEA STAART Mullen,,dropdown,,"0, 0 |  1,  1",,,,,,,y,,
mull_vr_bas,CPEA STAART Mullen,,text,,,,,,,,,y,,
mull_vr_ceil,CPEA STAART Mullen,,text,,,,,,,,,y,,
