Variable / Field Name,Form Name,Section Header,Field Type,Field Label,"Choices, Calculations, OR Slider Labels",Field Note,Text Validation Type OR Show Slider Number,Text Validation Min,Text Validation Max,Identifier?,Branching Logic (Show field only if...),Required Field?,Custom Alignment,Question Number (surveys only)
subjectkey,Peds - CDISC4 Parent Version,,text,The NDAR Global Unique Identifier (GUID) for subjects which identifies a subject in NDAR,,,,,,,,,,
admin_status,Peds - CDISC4 Parent Version,,dropdown,Instrument administration status,"Complete, Complete | Partial, Partial | Not Administered, Not Administered | Not Applicable, Not Applicable",,,,,,,y,,
src_subject_id,Peds - CDISC4 Parent Version,,text,The site's subject identification,,,,,,,,y,,
timepoint_label,Peds - CDISC4 Parent Version,,text,User-defined timepoint/visit label - a label selected by the site at the time of registration of a new timepoint into the database.  This label is used to group all the instruments administered to a subject at a given timepoint.,,,,,,,,y,,
disc_p_alcohol_dependence,Peds - CDISC4 Parent Version,,dropdown,"DISC (Parent): Alcohol dependence (0=Negative, 1=Positive)","0, 0 | 1, 1 | NA, NA",,,,,,,y,,
disc_p_anorexia_nerv_past_mnth,Peds - CDISC4 Parent Version,,dropdown,"DISC (Parent): Anorexia nervosa past month (0=Negative; 1=Positive, DSM IV Code 307.1)","0, 0 | 1, 1 | NA, NA",,,,,,,y,,
disc_p_anorexia_nerv_past_year,Peds - CDISC4 Parent Version,,dropdown,"DISC (Parent): Anorexia nervosa past year (0=Negative; 1=Positive, DSM IV Code 307.1)","0, 0 | 1, 1 | NA, NA",,,,,,,y,,
disc_p_adhd,Peds - CDISC4 Parent Version,,dropdown,"DISC (Parent): Attention-deficit hyperactivity disorder (0=Negative; 1=Positive, DSM IV Code 314.0X)","0, 0 | 1, 1 | NA, NA",,,,,,,y,,
disc_p_bulimia_nerv_past_month,Peds - CDISC4 Parent Version,,dropdown,"DISC (Parent): Bulimia nervosa past month (0=Negative; 1=Positive, DSM IV Code 307.51)","0, 0 | 1, 1 | NA, NA",,,,,,,y,,
disc_p_bulimia_nerv_past_year,Peds - CDISC4 Parent Version,,dropdown,"DISC (Parent): Bulimia nervosa past year (0=Negative; 1=Positive, DSM IV Code 307.51)","0, 0 | 1, 1 | NA, NA",,,,,,,y,,
disc_p_chronic_mvtd_past_year,Peds - CDISC4 Parent Version,,dropdown,"DISC (Parent): Chronic motor or vocal tic disorder past year (0=Negative; 1=Positive, DSM IV Code 307.22)","0, 0 | 1, 1 | NA, NA",,,,,,,y,,
disc_p_conduct_dis_past_month,Peds - CDISC4 Parent Version,,dropdown,"DISC (Parent): Conduct disorder past month (0=Negative; 1=Positive, DSM IV Code 312.8)","0, 0 | 1, 1 | NA, NA",,,,,,,y,,
disc_p_conduct_dis_past_year,Peds - CDISC4 Parent Version,,dropdown,"DISC (Parent): Conduct disorder past year (0=Negative; 1=Positive, DSM IV Code 312.8)","0, 0 | 1, 1 | NA, NA",,,,,,,y,,
disc_p_encopresis_past_month,Peds - CDISC4 Parent Version,,dropdown,"DISC (Parent): Encopresis past month (0=Negative; 1=Positive, DSM IV Code 307.6)","0, 0 | 1, 1 | NA, NA",,,,,,,y,,
disc_p_encopresis_past_year,Peds - CDISC4 Parent Version,,dropdown,"DISC (Parent): Encopresis past year (0=Negative; 1=Positive, DSM IV Code 307.6)","0, 0 | 1, 1 | NA, NA",,,,,,,y,,
disc_p_enuresis_di_past_month,Peds - CDISC4 Parent Version,,dropdown,"DISC (Parent): Enuresis diurnal past month (0=Negative; 1=Positive, DSM IV Code 307.6)","0, 0 | 1, 1 | NA, NA",,,,,,,y,,
disc_p_enuresis_noct_past_year,Peds - CDISC4 Parent Version,,dropdown,"DISC (Parent): Enuresis nocturnal past year (0=Negative; 1=Positive, DSM IV Code 307.6)","0, 0 | 1, 1 | NA, NA",,,,,,,y,,
disc_p_hypomania_ep_past_month,Peds - CDISC4 Parent Version,,dropdown,"DISC (Parent): Hypomania episode past month (0=Negative, 1=Positive)","0, 0 | 1, 1 | NA, NA",,,,,,,y,,
disc_p_marijuana_dependence,Peds - CDISC4 Parent Version,,dropdown,"DISC (Parent): Marijuana dependence (0=Negative, 1=Positive)","0, 0 | 1, 1 | NA, NA",,,,,,,y,,
disc_p_ocd_past_month,Peds - CDISC4 Parent Version,,dropdown,"DISC (Parent): Obsessive-compulsive disorder past month (0=Negative; 1=Positive, DSM IV Code 300.3)","0, 0 | 1, 1 | NA, NA",,,,,,,y,,
disc_p_odd_past_year,Peds - CDISC4 Parent Version,,dropdown,"DISC (Parent): Oppositional defiant disorder past year (0=Negative; 1=Positive, DSM IV Code 313.81)","0, 0 | 1, 1 | NA, NA",,,,,,,y,,
disc_p_pica_past_month,Peds - CDISC4 Parent Version,,dropdown,"DISC (Parent): Pica past month (0=Negative; 1=Positive, DSM IV Code 307.52)","0, 0 | 1, 1 | NA, NA",,,,,,,y,,
disc_p_pica_past_year,Peds - CDISC4 Parent Version,,dropdown,"DISC (Parent): Pica past year (0=Negative; 1=Positive, DSM IV Code 307.52)","0, 0 | 1, 1 | NA, NA",,,,,,,y,,
disc_p_ptsd_past_year,Peds - CDISC4 Parent Version,,dropdown,"DISC (Parent): Post traumatic stress disorder past year (0=Negative; 1=Positive, DSM IV Code 309.81)","0, 0 | 1, 1 | NA, NA",,,,,,,y,,
disc_p_select_mutism_past_mnth,Peds - CDISC4 Parent Version,,dropdown,"DISC (Parent): Selective mutism past month (0=Negative; 1=Positive, DSM IV Code 313.23)","0, 0 | 1, 1 | NA, NA",,,,,,,y,,
disc_p_select_mutism_past_year,Peds - CDISC4 Parent Version,,dropdown,"DISC (Parent): Selective mutism past year (0=Negative; 1=Positive, DSM IV Code 313.23)","0, 0 | 1, 1 | NA, NA",,,,,,,y,,
disc_p_social_phob_past_month,Peds - CDISC4 Parent Version,,dropdown,"DISC (Parent): Social phobia past month (0=Negative; 1=Positive, DSM IV Code 300.23)","0, 0 | 1, 1 | NA, NA",,,,,,,y,,
disc_p_social_phobia_past_year,Peds - CDISC4 Parent Version,,dropdown,"DISC (Parent): Social phobia past year (0=Negative; 1=Positive, DSM IV Code 300.23)","0, 0 | 1, 1 | NA, NA",,,,,,,y,,
disc_p_specific_phob_past_mnth,Peds - CDISC4 Parent Version,,dropdown,"DISC (Parent): Specific phobia past month (0=Negative; 1=Positive, DSM IV Code 300.29)","0, 0 | 1, 1 | NA, NA",,,,,,,y,,
disc_p_specific_phob_past_year,Peds - CDISC4 Parent Version,,dropdown,"DISC (Parent): Specific phobia past year (0=Negative; 1=Positive, DSM IV Code 300.29)","0, 0 | 1, 1 | NA, NA",,,,,,,y,,
disc_p_substance_abuse,Peds - CDISC4 Parent Version,,dropdown,"DISC (Parent): Substance abuse (0=Negative, 1=Positive)","0, 0 | 1, 1 | NA, NA",,,,,,,y,,
disc_p_tourettes_dis_past_mnth,Peds - CDISC4 Parent Version,,dropdown,"DISC (Parent): Tourette's disorder past month (0=Negative; 1=Positive, DSM IV Code 307.23)","0, 0 | 1, 1 | NA, NA",,,,,,,y,,
disc_p_tourettes_dis_past_year,Peds - CDISC4 Parent Version,,dropdown,"DISC (Parent): Tourette's disorder past year (0=Negative; 1=Positive, DSM IV Code 307.23)","0, 0 | 1, 1 | NA, NA",,,,,,,y,,
disc_p_trich_past_year,Peds - CDISC4 Parent Version,,dropdown,"DISC (Parent): Trichotillomania past year (0=Negative; 1=Positive, DSM IV Code 312.39)","0, 0 | 1, 1 | NA, NA",,,,,,,y,,
disc_y_agoraphobia_past_month,Peds - CDISC4 Parent Version,,dropdown,"DISC (Youth): Agoraphobia past month (0=Negative, 1=Positive)","0, 0 | 1, 1 | NA, NA",,,,,,,y,,
disc_y_agoraphobia_past_year,Peds - CDISC4 Parent Version,,dropdown,"DISC (Youth): Agoraphobia past year (0=Negative, 1=Positive)","0, 0 | 1, 1 | NA, NA",,,,,,,y,,
disc_y_anorexia_nerv_past_year,Peds - CDISC4 Parent Version,,dropdown,"DISC (Youth): Anorexia nervosa past year (0=Negative; 1=Positive, DSM IV Code 307.1)","0, 0 | 1, 1 | NA, NA",,,,,,,y,,
disc_y_adhd,Peds - CDISC4 Parent Version,,dropdown,"DISC (Youth): Attention-deficit hyperactivity disorder (0=Negative; 1=Positive, DSM IV Code 314.0X)","0, 0 | 1, 1 | NA, NA",,,,,,,y,,
disc_y_bulimia_nerv_past_month,Peds - CDISC4 Parent Version,,dropdown,"DISC (Youth): Bulimia nervosa past month (0=Negative; 1=Positive, DSM IV Code 307.51)","0, 0 | 1, 1 | NA, NA",,,,,,,y,,
disc_y_conduct_dis_past_month,Peds - CDISC4 Parent Version,,dropdown,"DISC (Youth): Conduct disorder past month (0=Negative; 1=Positive, DSM IV Code 312.8)","0, 0 | 1, 1 | NA, NA",,,,,,,y,,
disc_y_dysthymic_dis_past_mnth,Peds - CDISC4 Parent Version,,dropdown,"DISC (Youth): Dysthymic disorder past month (0=Negative; 1=Positive, DSM IV Code 300.4)","0, 0 | 1, 1 | NA, NA",,,,,,,y,,
disc_y_dysthymic_dis_past_year,Peds - CDISC4 Parent Version,,dropdown,"DISC (Youth): Dysthymic disorder past year (0=Negative; 1=Positive, DSM IV Code 300.4)","0, 0 | 1, 1 | NA, NA",,,,,,,y,,
disc_y_encopresis_past_month,Peds - CDISC4 Parent Version,,dropdown,"DISC (Youth): Encopresis past month (0=Negative; 1=Positive, DSM IV Code 307.6)","0, 0 | 1, 1 | NA, NA",,,,,,,y,,
disc_y_encopresis_past_year,Peds - CDISC4 Parent Version,,dropdown,"DISC (Youth): Encopresis past year (0=Negative; 1=Positive, DSM IV Code 307.6)","0, 0 | 1, 1 | NA, NA",,,,,,,y,,
disc_y_enuresis_di_past_month,Peds - CDISC4 Parent Version,,dropdown,"DISC (Youth): Enuresis diurnal past month (0=Negative; 1=Positive, DSM IV Code 307.6)","0, 0 | 1, 1 | NA, NA",,,,,,,y,,
disc_y_enuresis_di_past_year,Peds - CDISC4 Parent Version,,dropdown,"DISC (Youth): Enuresis diurnal past year (0=Negative; 1=Positive, DSM IV Code 307.6)","0, 0 | 1, 1 | NA, NA",,,,,,,y,,
disc_y_enuresis_noct_past_mnth,Peds - CDISC4 Parent Version,,dropdown,"DISC (Youth): Enuresis nocturnal past month (0=Negative; 1=Positive, DSM IV Code 307.6)","0, 0 | 1, 1 | NA, NA",,,,,,,y,,
disc_y_hypomania_ep_past_month,Peds - CDISC4 Parent Version,,dropdown,"DISC (Youth): Hypomania episode past month (0=Negative, 1=Positive)","0, 0 | 1, 1 | NA, NA",,,,,,,y,,
disc_y_hypomania_ep_past_year,Peds - CDISC4 Parent Version,,dropdown,"DISC (Youth): Hypomania episode past year (0=Negative, 1=Positive)","0, 0 | 1, 1 | NA, NA",,,,,,,y,,
disc_y_major_dep_ep_past_month,Peds - CDISC4 Parent Version,,dropdown,"DISC (Youth): Major depressive episode past month (0=Negative, 1=Positive)","0, 0 | 1, 1 | NA, NA",,,,,,,y,,
disc_y_major_dep_ep_past_year,Peds - CDISC4 Parent Version,,dropdown,"DISC (Youth): Major depressive episode past year (0=Negative, 1=Positive)","0, 0 | 1, 1 | NA, NA",,,,,,,y,,
disc_y_manic_ep_past_month,Peds - CDISC4 Parent Version,,dropdown,"DISC (Youth): Manic episode past month (0=Negative, 1=Positive)","0, 0 | 1, 1 | NA, NA",,,,,,,y,,
disc_y_manic_episode_past_year,Peds - CDISC4 Parent Version,,dropdown,"DISC (Youth): Manic episode past year (0=Negative, 1=Positive)","0, 0 | 1, 1 | NA, NA",,,,,,,y,,
disc_y_marijuana_abuse,Peds - CDISC4 Parent Version,,dropdown,"DISC (Youth): Marijuana abuse (0=Negative, 1=Positive)","0, 0 | 1, 1 | NA, NA",,,,,,,y,,
disc_y_marijuana_dependence,Peds - CDISC4 Parent Version,,dropdown,"DISC (Youth): Marijuana dependence (0=Negative, 1=Positive)","0, 0 | 1, 1 | NA, NA",,,,,,,y,,
disc_y_nicotine_dependence,Peds - CDISC4 Parent Version,,dropdown,"DISC (Youth): Nicotine dependence (0=Negative, 1=Positive)","0, 0 | 1, 1 | NA, NA",,,,,,,y,,
disc_y_ocd_past_month,Peds - CDISC4 Parent Version,,dropdown,"DISC (Youth): Obsessive-compulsive disorder past month (0=Negative; 1=Positive, DSM IV Code 300.3)","0, 0 | 1, 1 | NA, NA",,,,,,,y,,
disc_y_ocd_past_year,Peds - CDISC4 Parent Version,,dropdown,"DISC (Youth): Obsessive-compulsive disorder past year (0=Negative; 1=Positive, DSM IV Code 300.3)","0, 0 | 1, 1 | NA, NA",,,,,,,y,,
disc_y_odd_past_month,Peds - CDISC4 Parent Version,,dropdown,"DISC (Youth): Oppositional defiant disorder past month (0=Negative; 1=Positive, DSM IV Code 313.81)","0, 0 | 1, 1 | NA, NA",,,,,,,y,,
disc_y_odd_past_year,Peds - CDISC4 Parent Version,,dropdown,"DISC (Youth): Oppositional defiant disorder past year (0=Negative; 1=Positive, DSM IV Code 313.81)","0, 0 | 1, 1 | NA, NA",,,,,,,y,,
disc_y_panic_dis_past_month,Peds - CDISC4 Parent Version,,dropdown,"DISC (Youth): Panic disorder past month (0=Negative; 1=Positive, DSM IV Code 300.01)","0, 0 | 1, 1 | NA, NA",,,,,,,y,,
disc_y_panic_dis_past_year,Peds - CDISC4 Parent Version,,dropdown,"DISC (Youth): Panic disorder past year  (0=Negative; 1=Positive, DSM IV Code 300.01)","0, 0 | 1, 1 | NA, NA",,,,,,,y,,
disc_y_pica_past_month,Peds - CDISC4 Parent Version,,dropdown,"DISC (Youth): Pica past month (0=Negative; 1=Positive, DSM IV Code 307.52)","0, 0 | 1, 1 | NA, NA",,,,,,,y,,
disc_y_pica_past_year,Peds - CDISC4 Parent Version,,dropdown,"DISC (Youth): Pica past year (0=Negative; 1=Positive, DSM IV Code 307.52)","0, 0 | 1, 1 | NA, NA",,,,,,,y,,
disc_y_ptsd_past_year,Peds - CDISC4 Parent Version,,dropdown,"DISC (Youth): Post traumatic stress disorder past year (0=Negative; 1=Positive, DSM IV Code 309.81)","0, 0 | 1, 1 | NA, NA",,,,,,,y,,
disc_y_schizophrenia,Peds - CDISC4 Parent Version,,dropdown,"DISC (Youth): Schizophrenia (0=Negative, 1=Positive)","0, 0 | 1, 1 | NA, NA",,,,,,,y,,
disc_y_select_mutism_past_mnth,Peds - CDISC4 Parent Version,,dropdown,"DISC (Youth): Selective mutism past month (0=Negative; 1=Positive, DSM IV Code 313.23)","0, 0 | 1, 1 | NA, NA",,,,,,,y,,
disc_y_select_mutism_past_year,Peds - CDISC4 Parent Version,,dropdown,"DISC (Youth): Selective mutism past year (0=Negative; 1=Positive, DSM IV Code 313.23)","0, 0 | 1, 1 | NA, NA",,,,,,,y,,
disc_y_sep_anx_dis_past_month,Peds - CDISC4 Parent Version,,dropdown,"DISC (Youth): Separation anxiety disorder past month (0=Negative; 1=Positive, DSM IV Code 309.21)","0, 0 | 1, 1 | NA, NA",,,,,,,y,,
disc_y_sep_anx_dis_past_year,Peds - CDISC4 Parent Version,,dropdown,"DISC (Youth): Separation anxiety disorder past year (0=Negative; 1=Positive, DSM IV Code 309.21)","0, 0 | 1, 1 | NA, NA",,,,,,,y,,
disc_y_social_phob_past_month,Peds - CDISC4 Parent Version,,dropdown,"DISC (Youth): Social phobia past month (0=Negative; 1=Positive, DSM IV Code 300.23)","0, 0 | 1, 1 | NA, NA",,,,,,,y,,
disc_y_social_phob_past_year,Peds - CDISC4 Parent Version,,dropdown,"DISC (Youth): Social phobia past year (0=Negative; 1=Positive, DSM IV Code 300.23)","0, 0 | 1, 1 | NA, NA",,,,,,,y,,
disc_y_specific_phob_past_mnth,Peds - CDISC4 Parent Version,,dropdown,"DISC (Youth): Specific phobia past month (0=Negative; 1=Positive, DSM IV Code 300.29)","0, 0 | 1, 1 | NA, NA",,,,,,,y,,
disc_y_specific_phob_past_year,Peds - CDISC4 Parent Version,,dropdown,"DISC (Youth): Specific phobia past year (0=Negative; 1=Positive, DSM IV Code 300.29)","0, 0 | 1, 1 | NA, NA",,,,,,,y,,
disc_y_substance_abuse,Peds - CDISC4 Parent Version,,dropdown,"DISC (Youth): Substance abuse (0=Negative, 1=Positive)","0, 0 | 1, 1 | NA, NA",,,,,,,y,,
disc_y_substance_dependence,Peds - CDISC4 Parent Version,,dropdown,"DISC (Youth): Substance dependence (0=Negative, 1=Positive)","0, 0 | 1, 1 | NA, NA",,,,,,,y,,
disc_y_tourettes_dis_past_mnth,Peds - CDISC4 Parent Version,,dropdown,"DISC (Youth): Tourette's disorder past month (0=Negative; 1=Positive, DSM IV Code 307.23)","0, 0 | 1, 1 | NA, NA",,,,,,,y,,
disc_y_tourettes_dis_past_year,Peds - CDISC4 Parent Version,,dropdown,"DISC (Youth): Tourette's disorder past year (0=Negative; 1=Positive, DSM IV Code 307.23)","0, 0 | 1, 1 | NA, NA",,,,,,,y,,
disc_y_transient_tic_past_mnth,Peds - CDISC4 Parent Version,,dropdown,"DISC (Youth): Transient tic disorder past month (0=Negative, 1=Positive)","0, 0 | 1, 1 | NA, NA",,,,,,,y,,
disc_y_transient_tic_past_year,Peds - CDISC4 Parent Version,,dropdown,"DISC (Youth): Transient tic disorder past year (0=Negative, 1=Positive)","0, 0 | 1, 1 | NA, NA",,,,,,,y,,
disc_y_trich_past_month,Peds - CDISC4 Parent Version,,dropdown,"DISC (Youth): Trichotillomania past month (0=Negative; 1=Positive, DSM IV Code 312.39)","0, 0 | 1, 1 | NA, NA",,,,,,,y,,
disc_y_trich_past_year,Peds - CDISC4 Parent Version,,dropdown,"DISC (Youth): Trichotillomania past year (0=Negative; 1=Positive, DSM IV Code 312.39)","0, 0 | 1, 1 | NA, NA",,,,,,,y,,
age_days_date_assessment_dob,Peds - CDISC4 Parent Version,,text,Subject's age in days obtained by subtracting the date of birth from the date of test,,,,,,,,y,,
disc_p_agoraphobia_past_month,Peds - CDISC4 Parent Version,,dropdown,"DISC (Parent): Agoraphobia past month (0=Negative, 1=Positive)","0, 0 | 1, 1 | NA, NA",,,,,,,y,,
disc_p_agoraphobia_past_year,Peds - CDISC4 Parent Version,,dropdown,"DISC (Parent): Agoraphobia past year (0=Negative, 1=Positive)","0, 0 | 1, 1 | NA, NA",,,,,,,y,,
disc_p_alcohol_abuse,Peds - CDISC4 Parent Version,,dropdown,"DISC (Parent): Alcohol abuse (0=Negative, 1=Positive)","0, 0 | 1, 1 | NA, NA",,,,,,,y,,
disc_p_chronic_mvtd_past_month,Peds - CDISC4 Parent Version,,dropdown,"DISC (Parent): Chronic motor or vocal tic disorder past month (0=Negative; 1=Positive, DSM IV Code 307.22)","0, 0 | 1, 1 | NA, NA",,,,,,,y,,
disc_p_dysthymic_past_month,Peds - CDISC4 Parent Version,,dropdown,"DISC (Parent): Dysthymic disorder past month (0=Negative; 1=Positive, DSM IV Code 300.4)","0, 0 | 1, 1 | NA, NA",,,,,,,y,,
disc_p_dysthymic_dis_past_year,Peds - CDISC4 Parent Version,,dropdown,"DISC (Parent): Dysthymic disorder past year (0=Negative; 1=Positive, DSM IV Code 300.4)","0, 0 | 1, 1 | NA, NA",,,,,,,y,,
disc_p_enuresis_di_past_year,Peds - CDISC4 Parent Version,,dropdown,"DISC (Parent): Enuresis diurnal past year (0=Negative; 1=Positive, DSM IV Code 307.6)","0, 0 | 1, 1 | NA, NA",,,,,,,y,,
disc_p_enuresis_noct_past_mnth,Peds - CDISC4 Parent Version,,dropdown,"DISC (Parent): Enuresis nocturnal past month (0=Negative; 1=Positive, DSM IV Code 307.6)","0, 0 | 1, 1 | NA, NA",,,,,,,y,,
disc_p_gen_anxiety_past_month,Peds - CDISC4 Parent Version,,dropdown,"DISC (Parent): Generalized anxiety disorder past month (0=Negative; 1=Positive, DSM IV Code 300.02)","0, 0 | 1, 1 | NA, NA",,,,,,,y,,
disc_p_gen_anxiety_past_year,Peds - CDISC4 Parent Version,,dropdown,"DISC (Parent): Generalized anxiety disorder past year (0=Negative; 1=Positive, DSM IV Code 300.02)","0, 0 | 1, 1 | NA, NA",,,,,,,y,,
disc_p_hypomania_ep_past_year,Peds - CDISC4 Parent Version,,dropdown,"DISC (Parent): Hypomania episode past year (0=Negative, 1=Positive)","0, 0 | 1, 1 | NA, NA",,,,,,,y,,
disc_p_major_dep_ep_past_month,Peds - CDISC4 Parent Version,,dropdown,"DISC (Parent): Major depressive episode past month (0=Negative, 1=Positive)","0, 0 | 1, 1 | NA, NA",,,,,,,y,,
disc_p_major_dep_ep_past_year,Peds - CDISC4 Parent Version,,dropdown,"DISC (Parent): Major depressive episode past year (0=Negative, 1=Positive)","0, 0 | 1, 1 | NA, NA",,,,,,,y,,
disc_p_manic_ep_past_month,Peds - CDISC4 Parent Version,,dropdown,"DISC (Parent): Manic episode past month (0=Negative, 1=Positive)","0, 0 | 1, 1 | NA, NA",,,,,,,y,,
disc_p_manic_episode_past_year,Peds - CDISC4 Parent Version,,dropdown,"DISC (Parent): Manic episode past year (0=Negative, 1=Positive)","0, 0 | 1, 1 | NA, NA",,,,,,,y,,
disc_p_marijuana_abuse,Peds - CDISC4 Parent Version,,dropdown,"DISC (Parent): Marijuana abuse (0=Negative, 1=Positive)","0, 0 | 1, 1 | NA, NA",,,,,,,y,,
disc_p_nicotine_dependence,Peds - CDISC4 Parent Version,,dropdown,"DISC (Parent): Nicotine dependence (0=Negative, 1=Positive)","0, 0 | 1, 1 | NA, NA",,,,,,,y,,
disc_p_ocd_past_year,Peds - CDISC4 Parent Version,,dropdown,"DISC (Parent): Obsessive-compulsive disorder past year (0=Negative; 1=Positive, DSM IV Code 300.3)","0, 0 | 1, 1 | NA, NA",,,,,,,y,,
disc_p_odd_past_month,Peds - CDISC4 Parent Version,,dropdown,"DISC (Parent): Oppositional defiant disorder past month (0=Negative; 1=Positive, DSM IV Code 313.81)","0, 0 | 1, 1 | NA, NA",,,,,,,y,,
disc_p_panic_dis_past_month,Peds - CDISC4 Parent Version,,dropdown,"DISC (Parent): Panic disorder past month (0=Negative; 1=Positive, DSM IV Code 300.01)","0, 0 | 1, 1 | NA, NA",,,,,,,y,,
disc_p_panic_dis_past_year,Peds - CDISC4 Parent Version,,dropdown,"DISC (Parent): Panic disorder past year  (0=Negative; 1=Positive, DSM IV Code 300.01)","0, 0 | 1, 1 | NA, NA",,,,,,,y,,
disc_p_ptsd_past_month,Peds - CDISC4 Parent Version,,dropdown,"DISC (Parent): Post traumatic stress disorder past month (0=Negative; 1=Positive, DSM IV Code 309.81)","0, 0 | 1, 1 | NA, NA",,,,,,,y,,
disc_p_schizophrenia,Peds - CDISC4 Parent Version,,dropdown,"DISC (Parent): Schizophrenia (0=Negative, 1=Positive)","0, 0 | 1, 1 | NA, NA",,,,,,,y,,
disc_p_sep_anx_dis_past_month,Peds - CDISC4 Parent Version,,dropdown,"DISC (Parent): Separation anxiety disorder past month (0=Negative; 1=Positive, DSM IV Code 309.21)","0, 0 | 1, 1 | NA, NA",,,,,,,y,,
disc_p_sep_anx_dis_past_year,Peds - CDISC4 Parent Version,,dropdown,"DISC (Parent): Separation anxiety disorder past year (0=Negative; 1=Positive, DSM IV Code 309.21)","0, 0 | 1, 1 | NA, NA",,,,,,,y,,
disc_p_substance_dependence,Peds - CDISC4 Parent Version,,dropdown,"DISC (Parent): Substance dependence (0=Negative, 1=Positive)","0, 0 | 1, 1 | NA, NA",,,,,,,y,,
disc_p_transient_tic_past_mnth,Peds - CDISC4 Parent Version,,dropdown,"DISC (Parent): Transient tic disorder past month (0=Negative, 1=Positive)","0, 0 | 1, 1 | NA, NA",,,,,,,y,,
disc_p_transient_tic_past_year,Peds - CDISC4 Parent Version,,dropdown,"DISC (Parent): Transient tic disorder past year (0=Negative, 1=Positive)","0, 0 | 1, 1 | NA, NA",,,,,,,y,,
disc_p_trich_past_month,Peds - CDISC4 Parent Version,,dropdown,"DISC (Parent): Trichotillomania past month (0=Negative; 1=Positive, DSM IV Code 312.39)","0, 0 | 1, 1 | NA, NA",,,,,,,y,,
disc_y_alcohol_abuse,Peds - CDISC4 Parent Version,,dropdown,"DISC (Youth): Alcohol abuse (0=Negative, 1=Positive)","0, 0 | 1, 1 | NA, NA",,,,,,,y,,
disc_y_alcohol_dependence,Peds - CDISC4 Parent Version,,dropdown,"DISC (Youth): Alcohol dependence (0=Negative, 1=Positive)","0, 0 | 1, 1 | NA, NA",,,,,,,y,,
disc_y_anorexia_nerv_past_mnth,Peds - CDISC4 Parent Version,,dropdown,"DISC (Youth): Anorexia nervosa past month (0=Negative; 1=Positive, DSM IV Code 307.1)","0, 0 | 1, 1 | NA, NA",,,,,,,y,,
disc_y_bulimia_nerv_past_year,Peds - CDISC4 Parent Version,,dropdown,"DISC (Youth): Bulimia nervosa past year (0=Negative; 1=Positive, DSM IV Code 307.51)","0, 0 | 1, 1 | NA, NA",,,,,,,y,,
disc_y_chronic_mvtd_past_month,Peds - CDISC4 Parent Version,,dropdown,"DISC (Youth): Chronic motor or vocal tic disorder past month (0=Negative; 1=Positive, DSM IV Code 307.22)","0, 0 | 1, 1 | NA, NA",,,,,,,y,,
disc_y_chronic_mvtd_past_year,Peds - CDISC4 Parent Version,,dropdown,"DISC (Youth): Chronic motor or vocal tic disorder past year (0=Negative; 1=Positive, DSM IV Code 307.22)","0, 0 | 1, 1 | NA, NA",,,,,,,y,,
disc_y_conduct_dis_past_year,Peds - CDISC4 Parent Version,,dropdown,"DISC (Youth): Conduct disorder past year (0=Negative; 1=Positive, DSM IV Code 312.8)","0, 0 | 1, 1 | NA, NA",,,,,,,y,,
disc_y_enuresis_noct_past_year,Peds - CDISC4 Parent Version,,dropdown,"DISC (Youth): Enuresis nocturnal past year (0=Negative; 1=Positive, DSM IV Code 307.6)","0, 0 | 1, 1 | NA, NA",,,,,,,y,,
disc_y_gen_anxiety_past_month,Peds - CDISC4 Parent Version,,dropdown,"DISC (Youth): Generalized anxiety disorder past month (0=Negative; 1=Positive, DSM IV Code 300.02)","0, 0 | 1, 1 | NA, NA",,,,,,,y,,
disc_y_gen_anxiety_past_year,Peds - CDISC4 Parent Version,,dropdown,"DISC (Youth): Generalized anxiety disorder past year (0=Negative; 1=Positive, DSM IV Code 300.02)","0, 0 | 1, 1 | NA, NA",,,,,,,y,,
disc_y_ptsd_past_month,Peds - CDISC4 Parent Version,,dropdown,"DISC (Youth): Post traumatic stress disorder past month (0=Negative; 1=Positive, DSM IV Code 309.81)","0, 0 | 1, 1 | NA, NA",,,,,,,y,,
