Variable / Field Name,Form Name,Section Header,Field Type,Field Label,"Choices, Calculations, OR Slider Labels",Field Note,Text Validation Type OR Show Slider Number,Text Validation Min,Text Validation Max,Identifier?,Branching Logic (Show field only if...),Required Field?,Custom Alignment,Question Number (surveys only)
subjectkey,CPEA STAART CELF,,text,The NDAR Global Unique Identifier (GUID) for subjects which identifies a subject in NDAR,,,,,,,,y,,
interview_date,CPEA STAART CELF,,text,Date on which the interview/genetic test/sampling/imaging was completed,"MM/yyyy, MM/yyyy | MM/dd/yyyy, MM/dd/yyyy",* '01/01/1900' indicates that a date associated with retrospective data is not known.,date_ymd,,,,,y,,
cycle,CPEA STAART CELF,,text,Timepoint information,,,,,,,,y,,
patid,CPEA STAART CELF,,text,src_Subject_id,,Patient IDs were assigned at the research site for CPEA and STAART,,,,,,y,,
network,CPEA STAART CELF,,text,Network,,CPEA or STAART Network,,,,,,y,,
site,CPEA STAART CELF,,text,Site,,CPEA or STAART Site,,,,,,y,,
study,CPEA STAART CELF,,text,Study,,CPEA or STAART Study,,,,,,y,,
celf_ae,CPEA STAART CELF,,text,Age Equivalent,,,,,,,,y,,
celf_age,CPEA STAART CELF,,text,Chronological Age,,,,,,,,y,,
celf_date,CPEA STAART CELF,,text,CBCL Date,,,,,,,,y,,
celf_els_raw,CPEA STAART CELF,,text,CELF Expressive Language Raw Score,,,,,,,,y,,
celf_els_scld,CPEA STAART CELF,,text,CELF Expressive Language Scaled Score,,,,,,,,y,,
celf_rls_raw,CPEA STAART CELF,,text,CELF Receptive Language Raw Score,,,,,,,,y,,
celf_els_std,CPEA STAART CELF,,text,Standard Score,,,,,,,,y,,
elf_els_std,CPEA STAART CELF,,text,Standard Score,,,,,,,,y,,
celf_tls_raw,CPEA STAART CELF,,text,CELF Total Language Raw Score,,,,,,,,y,,
celf_rls_std,CPEA STAART CELF,,text,Standard Score,,,,,,,,y,,
elf_rls_std,CPEA STAART CELF,,text,Standard Score,,,,,,,,y,,
elf_sr_raw,CPEA STAART CELF,,text,Raw Score,,,,,,,,y,,
elf_sr_std,CPEA STAART CELF,,text,Standard Score,,,,,,,,y,,
celf_tls_std,CPEA STAART CELF,,text,Standard Score,,,,,,,,y,,
elf_tls_std,CPEA STAART CELF,,text,Standard Score,,,,,,,,y,,
elf_wc_raw,CPEA STAART CELF,,text,Raw Score,,,,,,,,y,,
elf_wc_std,CPEA STAART CELF,,text,Standard Score,,,,,,,,y,,
