Variable / Field Name,Form Name,Section Header,Field Type,Field Label,"Choices, Calculations, OR Slider Labels",Field Note,Text Validation Type OR Show Slider Number,Text Validation Min,Text Validation Max,Identifier?,Branching Logic (Show field only if...),Required Field?,Custom Alignment,Question Number (surveys only)
subjectkey,Peds - CANTAB,,text,The NDAR Global Unique Identifier (GUID) for subjects which identifies a subject in NDAR,,,,,,,,,,
admin_status,Peds - CANTAB,,dropdown,Instrument administration status,"Complete, Complete | Partial, Partial | Not Administered, Not Administered | Not Applicable, Not Applicable",,,,,,,y,,
src_subject_id,Peds - CANTAB,,text,The site's subject identification,,,,,,,,y,,
age_days_dot_to_dob,Peds - CANTAB,,text,Age in days obtained by subtracting the date of birth from the date of test,,,,,,,,y,,
timepoint_label,Peds - CANTAB,,text,User-defined timepoint/visit label - a label selected by the site at the time of registration of a new timepoint into the database.  This label is used to group all the instruments administered to a subject at a given timepoint.,,,,,,,,y,,
cantab_ied_initial_shift,Peds - CANTAB,,text,CANTAB: ID/ED set shift subtest indicates whether the initial set shift was intra or extradimensional,,,,,,,,y,,
cantab_ied_original_dimension,Peds - CANTAB,,text,"CANTAB: ID/ED set shift subtest original dimension (i.e., shape)",,,,,,,,y,,
cantab_ied_outcome,Peds - CANTAB,,dropdown,CANTAB: ID/ED set shift subtest outcome (Y=Complete; F=Fail; N=Not Complete; A=Aborted).,"test completed, test completed | test ended due to system error, test ended due to system error | test not completed, test not completed | test failed, test failed | test aborted, test aborted",,,,,,,y,,
cantab_ied_stage1_error,Peds - CANTAB,,text,CANTAB: ID/ED set shift subtest stage 1 total number of errors,,,,,,,,y,,
cantab_ied_stage1_latency,Peds - CANTAB,,text,CANTAB: ID/ED set shift subtest stage 1 average latency for all the trials,,,,,,,,y,,
cantab_ied_stage1_trial,Peds - CANTAB,,text,CANTAB: ID/ED set shift subtest stage 1 total number of trials,,,,,,,,y,,
cantab_ied_stage2_error,Peds - CANTAB,,text,CANTAB: ID/ED set shift subtest stage 2 total number of errors,,,,,,,,y,,
cantab_ied_stage2_latency,Peds - CANTAB,,text,CANTAB: ID/ED set shift subtest stage 2 average latency for all the trials for all the trials,,,,,,,,y,,
cantab_ied_stage2_trial,Peds - CANTAB,,text,CANTAB: ID/ED set shift subtest stage 2 total number of trials,,,,,,,,y,,
cantab_ied_stage3_error,Peds - CANTAB,,text,CANTAB: ID/ED set shift subtest stage 3 total number of errors,,,,,,,,y,,
cantab_ied_stage3_latency,Peds - CANTAB,,text,CANTAB: ID/ED set shift subtest stage 3 average latency for all the trials,,,,,,,,y,,
cantab_ied_stage3_trial,Peds - CANTAB,,text,CANTAB: ID/ED set shift subtest stage 3 total number of trials,,,,,,,,y,,
cantab_ied_stage4_error,Peds - CANTAB,,text,CANTAB: ID/ED set shift subtest stage 4 total number of errors,,,,,,,,y,,
cantab_ied_stage5_latency,Peds - CANTAB,,text,CANTAB: ID/ED set shift subtest stage 5 average latency for all the trials,,,,,,,,y,,
cantab_ied_stage5_trial,Peds - CANTAB,,text,CANTAB: ID/ED set shift subtest stage 5 total number of trials,,,,,,,,y,,
cantab_ied_stage6_error,Peds - CANTAB,,text,CANTAB: ID/ED set shift subtest stage 6 total number of errors,,,,,,,,y,,
cantab_ied_stage6_latency,Peds - CANTAB,,text,CANTAB: ID/ED set shift subtest stage 6 average latency for all the trials,,,,,,,,y,,
cantab_ied_stage6_trial,Peds - CANTAB,,text,CANTAB: ID/ED set shift subtest stage 6 total number of trials,,,,,,,,y,,
cantab_ied_stage7_error,Peds - CANTAB,,text,CANTAB: ID/ED set shift subtest stage 7 total number of errors,,,,,,,,y,,
cantab_ied_stage7_trial,Peds - CANTAB,,text,CANTAB: ID/ED set shift subtest stage 7 total number of trials,,,,,,,,y,,
cantab_ied_stage8_error,Peds - CANTAB,,text,CANTAB: ID/ED set shift subtest stage 8 total number of errors,,,,,,,,y,,
cantab_ied_stage8_latency,Peds - CANTAB,,text,CANTAB: ID/ED set shift subtest stage 8 average latency for all the trials,,,,,,,,y,,
cantab_ied_stage9_trial,Peds - CANTAB,,text,CANTAB: ID/ED set shift subtest stage 9 total number of trials,,,,,,,,y,,
cantab_ied_stages_completed,Peds - CANTAB,,text,CANTAB: ID/ED set shift subtest total number of stages completed up to a maximum of 9,,,,,,,,y,,
cantab_ied_stage_all_error,Peds - CANTAB,,text,CANTAB: ID/ED set shift subtest total number of errors for all stages,,,,,,,,y,,
cantab_ied_stage_all_latency,Peds - CANTAB,,text,CANTAB: ID/ED set shift subtest average latency for all trials across all stages,,,,,,,,y,,
cantab_ied_stage_all_trials,Peds - CANTAB,,text,CANTAB: ID/ED set shift subtest total number of trials completed across al stages,,,,,,,,y,,
cantab_ssp_box_errors,Peds - CANTAB,,text,CANTAB: Spatial span subtest box errors,,,,,,,,y,,
cantab_swm3_double_return_er,Peds - CANTAB,,text,"CANTAB: Spatial working memory subtest represents the number of times that a subject commits a return error that can be simultaneously categorized as being both a ""within error"" and a ""between error"" (applies to levels 4, 6 and 8 only)",,,,,,,,y,,
cantab_swm3_within_trl_rtrn_er,Peds - CANTAB,,text,"CANTAB: Spatial working memory subtest total number of within errors represents the number of times during a trial (within) that the subject revisits a box from which the token has already been found and removed (applies to levels 4, 6 and 8 only)",,,,,,,,y,,
cantab_swm4_double_return_er,Peds - CANTAB,,text,"CANTAB: Spatial working memory subtest represents the number of times that a subject commits a return error that can be simultaneously categorized as being both a ""within error"" and a ""between error"" where the set length is 4",,,,,,,,y,,
cantab_swm4_optimal_responses,Peds - CANTAB,,text,CANTAB: Spatial working memory subtest optimal number of responses for all trials where the set length is 4,,,,,,,,y,,
cantab_swm4_within_trl_rtrn_er,Peds - CANTAB,,text,CANTAB: Spatial working memory subtest total number of within errors represents the number of times during a trial (within) that the subject revisits a box from which the token has already been found and removed where the set length is 4,,,,,,,,y,,
cantab_swm6_within_trl_rtrn_er,Peds - CANTAB,,text,CANTAB: Spatial working memory subtest total number of within errors represents the number of times during a trial (within) that the subject revisits a box from which the token has already been found and removed where the set length is 6,,,,,,,,y,,
cantab_swm8_optimal_responses,Peds - CANTAB,,text,CANTAB: Spatial working memory subtest optimal number of responses for all trials where the set length is 8,,,,,,,,y,,
cantab_swm8_within_trl_rtrn_er,Peds - CANTAB,,text,CANTAB: Spatial working memory subtest total number of within errors represents the number of times during a trial (within) that the subject revisits a box from which the token has already been found and removed where the set length is 8,,,,,,,,y,,
cantab_swm_actual_responses,Peds - CANTAB,,text,CANTAB: Spatial working memory subtest actual number of responses for all trials where the set length is >=4,,,,,,,,y,,
cantab_swm_btwn_trl_return_er,Peds - CANTAB,,text,"CANTAB: Spatial working memory subtest between trial return errors represents the number of times across trials (between) that a subject revisits a box from which the token has already been found and removed (applies to levels 4, 6 and 8 only)",,,,,,,,y,,
cantab_swm_double_return_er,Peds - CANTAB,,text,"CANTAB: Spatial working memory subtest represents the number of times that a subject commits a return error that can be simultaneously categorized as being both a ""within error"" and a ""between error"" (applies to levels 4, 6 and 8 only)",,,,,,,,y,,
cantab_swm_optimal_responses,Peds - CANTAB,,text,CANTAB: Spatial working memory subtest optimal number of responses for all trials where the set length is >=4,,,,,,,,y,,
cantab_swm_outcome,Peds - CANTAB,,dropdown,CANTAB: Spatial working memory subtest (Y=Complete; N=Not Complete; A=Aborted),"test completed, test completed | test ended due to system error, test ended due to system error | test not completed, test not completed | test failed, test failed | test aborted, test aborted",,,,,,,y,,
cantab_swm_strategy,Peds - CANTAB,,text,CANTAB: Spatial working memory subtest use of strategy,,,,,,,,y,,
cantab_swm_within_trl_rtrn_er,Peds - CANTAB,,text,"CANTAB: Spatial working memory subtest total number of within errors represents the number of times during a trial (within) that the subject revisits a box from which the token has already been found and removed (applies to levels 4, 6 and 8 only)",,,,,,,,y,,
cantab_ied_stage4_latency,Peds - CANTAB,,text,CANTAB: ID/ED set shift subtest stage 4 average latency for all the trials,,,,,,,,y,,
cantab_ied_stage4_trial,Peds - CANTAB,,text,CANTAB: ID/ED set shift subtest stage 4 total number of trials,,,,,,,,y,,
cantab_ied_stage5_error,Peds - CANTAB,,text,CANTAB: ID/ED set shift subtest stage 5 total number of errors,,,,,,,,y,,
cantab_ied_stage7_latency,Peds - CANTAB,,text,CANTAB: ID/ED set shift subtest stage 7 average latency for all the trials,,,,,,,,y,,
cantab_ied_stage8_trial,Peds - CANTAB,,text,CANTAB: ID/ED set shift subtest stage 8 total number of trials,,,,,,,,y,,
cantab_ied_stage9_error,Peds - CANTAB,,text,CANTAB: ID/ED set shift subtest stage 9 total number of errors,,,,,,,,y,,
cantab_ied_stage9_latency,Peds - CANTAB,,text,CANTAB: ID/ED set shift subtest stage 9 average latency for all the trials,,,,,,,,y,,
cantab_ssp_placement_errors,Peds - CANTAB,,text,CANTAB: Spatial span subtest placement errors,,,,,,,,y,,
cantab_ssp_spatial_span,Peds - CANTAB,,text,CANTAB: Spatial span subtest represents a summary variable indicating the subjectu2019s total spatial span score where the highest score possible is a spatial span of 9.,,,,,,,,y,,
cantab_swm3_actual_responses,Peds - CANTAB,,text,CANTAB: Spatial working memory subtest actual number of responses for all trials where the set length is 3,,,,,,,,y,,
cantab_swm3_btwn_trl_return_er,Peds - CANTAB,,text,"CANTAB: Spatial working memory subtest between trial return errors represents the number of times across trials (between) that a subject revisits a box from which the token has already been found and removed (applies to levels 4, 6 and 8 only)",,,,,,,,y,,
cantab_swm3_optimal_responses,Peds - CANTAB,,text,CANTAB: Spatial working memory subtest optimal number of responses for all trials where the set length is 3,,,,,,,,y,,
cantab_swm4_actual_responses,Peds - CANTAB,,text,CANTAB: Spatial working memory subtest actual number of responses for all trials where the set length is 4,,,,,,,,y,,
cantab_swm4_btwn_trl_return_er,Peds - CANTAB,,text,CANTAB: Spatial working memory subtest between trial return errors represents the number of times across trials (between) that a subject revisits a box from which the token has already been found and removed where the set length is 4,,,,,,,,y,,
cantab_swm6_actual_responses,Peds - CANTAB,,text,CANTAB: Spatial working memory subtest actual number of responses for all trials where the set length is 6,,,,,,,,y,,
cantab_swm6_btwn_trl_return_er,Peds - CANTAB,,text,CANTAB: Spatial working memory subtest between trial return errors represents the number of times across trials (between) that a subject revisits a box from which the token has already been found and removed where the set length is 6,,,,,,,,y,,
cantab_swm6_double_return_er,Peds - CANTAB,,text,"CANTAB: Spatial working memory subtest represents the number of times that a subject commits a return error that can be simultaneously categorized as being both a ""within error"" and a ""between error"" where the set length is 6",,,,,,,,y,,
cantab_swm6_optimal_responses,Peds - CANTAB,,text,CANTAB: Spatial working memory subtest optimal number of responses for all trials where the set length is 6,,,,,,,,y,,
cantab_swm8_actual_responses,Peds - CANTAB,,text,CANTAB: Spatial working memory subtest actual number of responses for all trials where the set length is 8,,,,,,,,y,,
cantab_swm8_btwn_trl_return_er,Peds - CANTAB,,text,CANTAB: Spatial working memory subtest between trial return errors represents the number of times across trials (between) that a subject revisits a box from which the token has already been found and removed where the set length is 8,,,,,,,,y,,
cantab_swm8_double_return_er,Peds - CANTAB,,text,"CANTAB: Spatial working memory subtest represents the number of times that a subject commits a return error that can be simultaneously categorized as being both a ""within error"" and a ""between error"" where the set length is 8",,,,,,,,y,,
