Variable / Field Name,Form Name,Section Header,Field Type,Field Label,"Choices, Calculations, OR Slider Labels",Field Note,Text Validation Type OR Show Slider Number,Text Validation Min,Text Validation Max,Identifier?,Branching Logic (Show field only if...),Required Field?,Custom Alignment,Question Number (surveys only)
fcc3_distance,Distance to Roadway Metrics,,text,Distance (in meters) to nearest class 3 road to birth residence,,Secondary state or county highway distance,number,0,4348,,,,,
fcc4_distance,Distance to Roadway Metrics,,text,Distance (in meters) to nearest class 4 road to birth residence,,"Local, neighborhood, rural road, city street distance",number,0,1038,,,,,
diagnosis,Distance to Roadway Metrics,,text,Subject Diagnosis,,"Final Diagnostic Group Based on Ascertainment, ADOS, ADIR, and SCQ",,,,,,,,
src_subject_id,Distance to Roadway Metrics,NDAR Required,text,The site's subject identification,,,,,,,,y,,
gender,Distance to Roadway Metrics,,dropdown,Gender,"M, M | F, F",,,,,,,y,,
fcc1_distance,Distance to Roadway Metrics,,text,Distance (in meters) to nearest class 1 road to birth residence,,Interstate highway distance,number,0,84101,,,y,,
fcc2_distance,Distance to Roadway Metrics,,text,Distance (in meters) to nearest class 2 road to birth residence,,,number,0,38834,,,,,
subjectkey,Distance to Roadway Metrics,,text,The NDAR Global Unique Identifier (GUID) for subjects which identifies a subject in NDAR,,,,,,,,y,,
