Variable / Field Name,Form Name,Section Header,Field Type,Field Label,"Choices, Calculations, OR Slider Labels",Field Note,Text Validation Type OR Show Slider Number,Text Validation Min,Text Validation Max,Identifier?,Branching Logic (Show field only if...),Required Field?,Custom Alignment,Question Number (surveys only)
subjectkey,Peds - Longitudinally Registered MRI variables,,text,The NDAR Global Unique Identifier (GUID) for subjects which identifies a subject in NDAR,,,,,,,,,,
lr_timepoint_label,Peds - Longitudinally Registered MRI variables,,text,User-defined timepoint/visit label - a label selected by the site at the time of registration of a new timepoint into the database. This label is used to group all the instruments administered to a subject at a given timepoint,,,,,,,,y,,
lr_brainstem_volume,Peds - Longitudinally Registered MRI variables,,text,MRI Variables: Brainstem Volume (Longitudinally Registered),,,,,,,,,,
lr_caudate_left_volume,Peds - Longitudinally Registered MRI variables,,text,MRI Variables: Caudate Left Volume (Longitudinally Registered),,,,,,,,,,
lr_caudate_right_volume,Peds - Longitudinally Registered MRI variables,,text,MRI Variables: Caudate Right Volume (Longitudinally Registered),,,,,,,,,,
lr_cerebellum_left_volume,Peds - Longitudinally Registered MRI variables,,text,MRI Variables: Cerebellum Left Volume (Longitudinally Registered),,,,,,,,,,
lr_cerebellum_right_volume,Peds - Longitudinally Registered MRI variables,,text,MRI Variables: Cerebellum Right Volume (Longitudinally Registered),,,,,,,,,,
lr_civet_gray_surface_left,Peds - Longitudinally Registered MRI variables,,text,MRI Variables: CIVET output for gray surface left (Longitudinally Registered),,,,,,,,,,
lr_civet_gray_surface_right,Peds - Longitudinally Registered MRI variables,,text,MRI Variables: CIVET output for gray surface right (Longitudinally Registered),,,,,,,,,,
lr_civet_gray_surf_rsl_left,Peds - Longitudinally Registered MRI variables,,text,MRI Variables: CIVET output for gray surface rsl left (Longitudinally Registered),,,,,,,,,,
lr_civet_gray_surf_rsl_right,Peds - Longitudinally Registered MRI variables,,text,MRI Variables: CIVET output for gray surface rsl right (Longitudinally Registered),,,,,,,,,,
lr_civet_gyrification_idx_lt,Peds - Longitudinally Registered MRI variables,,text,MRI Variables: CIVET output for gyrification index left (Longitudinally Registered),,,,,,,,,,
lr_civet_gyrification_idx_rt,Peds - Longitudinally Registered MRI variables,,text,MRI Variables: CIVET output for gyrification index right (Longitudinally Registered),,,,,,,,,,
lr_civet_lobe_tlink_20mm_left,Peds - Longitudinally Registered MRI variables,,text,MRI Variables: CIVET output for lobe thickness tlink 20mm left (Longitudinally Registered),,,,,,,,,,
lr_civet_lobe_tlink_20mm_rgt,Peds - Longitudinally Registered MRI variables,,text,MRI Variables: CIVET output for lobe thickness tlink 20mm right (Longitudinally Registered),,,,,,,,,,
lr_civet_mc_gray_left,Peds - Longitudinally Registered MRI variables,,text,MRI Variables: CIVET output for mc gray left (Longitudinally Registered),,,,,,,,,,
lr_civet_mc_gray_right,Peds - Longitudinally Registered MRI variables,,text,MRI Variables: CIVET output for mc gray right (Longitudinally Registered),,,,,,,,,,
lr_civet_mc_mid_left,Peds - Longitudinally Registered MRI variables,,text,MRI Variables: CIVET output for mc mid left (Longitudinally Registered),,,,,,,,,,
lr_civet_mc_mid_right,Peds - Longitudinally Registered MRI variables,,text,MRI Variables: CIVET output for mc mid right (Longitudinally Registered),,,,,,,,,,
lr_civet_mc_rsl_gray_left,Peds - Longitudinally Registered MRI variables,,text,MRI Variables: CIVET output for mc rsl gray left (Longitudinally Registered),,,,,,,,,,
lr_civet_mc_rsl_gray_right,Peds - Longitudinally Registered MRI variables,,text,MRI Variables: CIVET output for mc rsl gray right (Longitudinally Registered),,,,,,,,,,
lr_civet_mc_rsl_mid_left,Peds - Longitudinally Registered MRI variables,,text,MRI Variables: CIVET output for mc rsl mid left (Longitudinally Registered),,,,,,,,,,
lr_civet_mc_rsl_mid_right,Peds - Longitudinally Registered MRI variables,,text,MRI Variables: CIVET output for mc rsl mid right (Longitudinally Registered),,,,,,,,,,
lr_civet_mc_rsl_white_left,Peds - Longitudinally Registered MRI variables,,text,MRI Variables: CIVET output for mc rsl white left (Longitudinally Registered),,,,,,,,,,
lr_civet_mc_rsl_white_right,Peds - Longitudinally Registered MRI variables,,text,MRI Variables: CIVET output for mc rsl white right (Longitudinally Registered),,,,,,,,,,
lr_civet_mc_white_left,Peds - Longitudinally Registered MRI variables,,text,MRI Variables: CIVET output for mc white left (Longitudinally Registered),,,,,,,,,,
lr_civet_mc_white_right,Peds - Longitudinally Registered MRI variables,,text,MRI Variables: CIVET output for mc white right (Longitudinally Registered),,,,,,,,,,
lr_civet_mid_surface_left,Peds - Longitudinally Registered MRI variables,,text,MRI Variables: CIVET output for mid surface left (Longitudinally Registered),,,,,,,,,,
lr_civet_mid_surface_right,Peds - Longitudinally Registered MRI variables,,text,MRI Variables: CIVET output for mid surface right (Longitudinally Registered),,,,,,,,,,
lr_civet_mid_surface_rsl_left,Peds - Longitudinally Registered MRI variables,,text,MRI Variables: CIVET output for mid surface rsl left (Longitudinally Registered),,,,,,,,,,
lr_civet_mid_surface_rsl_right,Peds - Longitudinally Registered MRI variables,,text,MRI Variables: CIVET output for mid surface rsl right (Longitudinally Registered),,,,,,,,,,
lr_civet_thickness_left,Peds - Longitudinally Registered MRI variables,,text,MRI Variables: CIVET output for thickness left (Longitudinally Registered),,,,,,,,,,
lr_civet_thickness_right,Peds - Longitudinally Registered MRI variables,,text,MRI Variables: CIVET output for thickness right (Longitudinally Registered),,,,,,,,,,
lr_civet_thickness_rsl_left,Peds - Longitudinally Registered MRI variables,,text,MRI Variables: CIVET output for thickness rsl left (Longitudinally Registered),,,,,,,,,,
lr_civet_thickness_rsl_right,Peds - Longitudinally Registered MRI variables,,text,MRI Variables: CIVET output for thickness rsl right (Longitudinally Registered),,,,,,,,,,
lr_civet_white_surface_left,Peds - Longitudinally Registered MRI variables,,text,MRI Variables: CIVET output for white surface left (Longitudinally Registered),,,,,,,,,,
lr_civet_white_surf_left_cal,Peds - Longitudinally Registered MRI variables,,text,MRI Variables: CIVET output for white surface left calibrated (Longitudinally Registered),,,,,,,,,,
lr_civet_white_surface_right,Peds - Longitudinally Registered MRI variables,,text,MRI Variables: CIVET output for white surface right (Longitudinally Registered),,,,,,,,,,
lr_civet_white_surf_right_cal,Peds - Longitudinally Registered MRI variables,,text,MRI Variables: CIVET output for white surface right calibrated (Longitudinally Registered),,,,,,,,,,
lr_clp_pdw_file_mnc,Peds - Longitudinally Registered MRI variables,,text,MRI Variables: Native proton density weighted MINC file (Longitudinally Registered),,,,,,,,,,
lr_clp_pdw_file_nii,Peds - Longitudinally Registered MRI variables,,text,MRI Variables: Native proton density weighted NII file (Longitudinally Registered),,,,,,,,,,
lr_clp_t1w_file_mnc,Peds - Longitudinally Registered MRI variables,,text,MRI Variables: Native T1 weighted MINC file (Longitudinally Registered),,,,,,,,,,
lr_clp_t1w_file_nii,Peds - Longitudinally Registered MRI variables,,text,MRI Variables: Native T1 weighted NII file (Longitudinally Registered),,,,,,,,,,
lr_clp_t2w_file_mnc,Peds - Longitudinally Registered MRI variables,,text,MRI Variables: Native T2 weighted MINC file (Longitudinally Registered),,,,,,,,,,
lr_clp_t2w_file_nii,Peds - Longitudinally Registered MRI variables,,text,MRI Variables: Native T2 weighted NII file (Longitudinally Registered),,,,,,,,,,
lr_csf_volume,Peds - Longitudinally Registered MRI variables,,text,MRI Variables: CSF Volume (Longitudinally Registered),,,,,,,,,,
lr_extracerebral_csf_volume,Peds - Longitudinally Registered MRI variables,,text,MRI Variables: Extracerebral CSF Volume (Longitudinally Registered),,,,,,,,,,
lr_frontal_left_grey_matter,Peds - Longitudinally Registered MRI variables,,text,MRI Variables: Frontal Left Grey Matter (Longitudinally Registered),,,,,,,,,,
lr_frontal_left_volume,Peds - Longitudinally Registered MRI variables,,text,MRI Variables: Frontal Left Volume (Longitudinally Registered),,,,,,,,,,
lr_frontal_left_white_matter,Peds - Longitudinally Registered MRI variables,,text,MRI Variables: Frontal Left White Matter (Longitudinally Registered),,,,,,,,,,
lr_frontal_right_grey_matter,Peds - Longitudinally Registered MRI variables,,text,MRI Variables: Frontal Right Grey Matter (Longitudinally Registered),,,,,,,,,,
lr_frontal_right_volume,Peds - Longitudinally Registered MRI variables,,text,MRI Variables: Frontal Right Volume (Longitudinally Registered),,,,,,,,,,
lr_frontal_right_white_matter,Peds - Longitudinally Registered MRI variables,,text,MRI Variables: Frontal Right White Matter (Longitudinally Registered),,,,,,,,,,
lr_globus_pallidus_left_vol,Peds - Longitudinally Registered MRI variables,,text,MRI Variables: Globus Pallidus Left Volume (Longitudinally Registered),,,,,,,,,,
lr_globus_pallidus_right_vol,Peds - Longitudinally Registered MRI variables,,text,MRI Variables: Globus Pallidus Right Volume (Longitudinally Registered),,,,,,,,,,
lr_grey_matter_volume,Peds - Longitudinally Registered MRI variables,,text,MRI Variables: Grey Matter Volume (Longitudinally Registered),,,,,,,,,,
lr_gyrification_idx_gray_left,Peds - Longitudinally Registered MRI variables,,text,MRI Variables: Gyrification Index of Gray Left Lobe (Longitudinally Registered),,,,,,,,,,
lr_gyrification_idx_gray_rgt,Peds - Longitudinally Registered MRI variables,,text,MRI Variables: Gyrification Index of Gray Right Lobe (Longitudinally Registered),,,,,,,,,,
lr_gyrification_idx_mid_left,Peds - Longitudinally Registered MRI variables,,text,MRI Variables: Gyrification Index of Mid Left Lobe (Longitudinally Registered),,,,,,,,,,
lr_gyrification_idx_mid_right,Peds - Longitudinally Registered MRI variables,,text,MRI Variables: Gyrification Index of Mid Right Lobe (Longitudinally Registered),,,,,,,,,,
lr_gyrification_idx_white_lt,Peds - Longitudinally Registered MRI variables,,text,MRI Variables:  Gyrification Index of White Left Lobe (Longitudinally Registered),,,,,,,,,,
lr_gyrification_idx_white_rgt,Peds - Longitudinally Registered MRI variables,,text,MRI Variables: Gyrification Index of White Right Lobe (Longitudinally Registered),,,,,,,,,,
lr_intracranial_volume,Peds - Longitudinally Registered MRI variables,,text,MRI Variables: Intracranial Volume (Longitudinally Registered),,,,,,,,,,
lr_jacobian_file_mnc,Peds - Longitudinally Registered MRI variables,,text,MRI Variables: The jacobian determinant MINC file(Longitudinally Registered),,,,,,,,,,
lr_jacobian_file_nii,Peds - Longitudinally Registered MRI variables,,text,MRI Variables: The jacobian determinant NII file(Longitudinally Registered),,,,,,,,,,
lr_lateral_ventricle_left_vol,Peds - Longitudinally Registered MRI variables,,text,MRI Variables: Lateral Ventricle Left Volume (Longitudinally Registered),,,,,,,,,,
lr_lateral_ventricle_right_vol,Peds - Longitudinally Registered MRI variables,,text,MRI Variables: Lateral Ventricle Right Volume (LongitudinallyRegistered),,,,,,,,,,
lr_nl_logjacobian_rsl_file_mnc,Peds - Longitudinally Registered MRI variables,,text,MRI Variables: non-linear jacobian resampled MINC file(Longitudinally Registered),,,,,,,,,,
lr_nl_logjacobian_rsl_file_nii,Peds - Longitudinally Registered MRI variables,,text,MRI Variables: non-linear jacobian resampled NII file(Longitudinally Registered),,,,,,,,,,
lr_modulated_csf_file_mnc,Peds - Longitudinally Registered MRI variables,,text,MRI Variables: Modulated CSF volumes MINC file(Longitudinally Registered),,,,,,,,,,
lr_modulated_csf_file_nii,Peds - Longitudinally Registered MRI variables,,text,MRI Variables: Modulated CSF volumes NII file(Longitudinally Registered),,,,,,,,,,
lr_modulated_gm_file_mnc,Peds - Longitudinally Registered MRI variables,,text,MRI Variables: Modulated grey matter volumes MINC file(Longitudinally Registered),,,,,,,,,,
lr_modulated_gm_file_nii,Peds - Longitudinally Registered MRI variables,,text,MRI Variables: Modulated grey matter volumes NII file(Longitudinally Registered),,,,,,,,,,
lr_modulated_wm_file_mnc,Peds - Longitudinally Registered MRI variables,,text,MRI Variables:  Modulated white matter volumes MINC file(Longitudinally Registered),,,,,,,,,,
lr_modulated_wm_file_nii,Peds - Longitudinally Registered MRI variables,,text,MRI Variables:  Modulated white matter volumes NII file(Longitudinally Registered),,,,,,,,,,
lr_nlr_grid_file_mnc,Peds - Longitudinally Registered MRI variables,,text,MRI Variables:  MINC file(Longitudinally Registered),,,,,,,,,,
lr_nlr_grid_file_nii,Peds - Longitudinally Registered MRI variables,,text,MRI Variables:  NII file(Longitudinally Registered),,,,,,,,,,
lr_nlr_xfm,Peds - Longitudinally Registered MRI variables,,text,MRI Variables: Non-linearly registered transformation matrix (Longitudinally Registered),,,,,,,,,,
lr_occipital_left_grey_matter,Peds - Longitudinally Registered MRI variables,,text,MRI Variables: Occipital Left Grey Matter (Longitudinally Registered),,,,,,,,,,
lr_occipital_left_volume,Peds - Longitudinally Registered MRI variables,,text,MRI Variables: Occipital Left Volume (Longitudinally Registered),,,,,,,,,,
lr_occipital_lt_white_matter,Peds - Longitudinally Registered MRI variables,,text,MRI Variables: Occipital Left White Matter (Longitudinally Registered),,,,,,,,,,
lr_occipital_right_grey_matter,Peds - Longitudinally Registered MRI variables,,text,MRI Variables: Occipital Right Grey Matter (Longitudinally Registered),,,,,,,,,,
lr_occipital_right_volume,Peds - Longitudinally Registered MRI variables,,text,MRI Variables: Occipital Right Volume (Longitudinally Registered),,,,,,,,,,
lr_occipital_rt_white_matter,Peds - Longitudinally Registered MRI variables,,text,MRI Variables: Occipital Right White Matter (Longitudinally Registered),,,,,,,,,,
lr_parenchyma_vol,Peds - Longitudinally Registered MRI variables,,text,MRI Variables: Parenchyma Volume (Longitudinally Registered),,,,,,,,,,
lr_parietal_left_grey_matter,Peds - Longitudinally Registered MRI variables,,text,MRI Variables: Parietal Left Grey Matter (Longitudinally Registered),,,,,,,,,,
lr_parietal_left_volume,Peds - Longitudinally Registered MRI variables,,text,MRI Variables: Parietal Left Volume (Longitudinally Registered),,,,,,,,,,
lr_parietal_left_white_matter,Peds - Longitudinally Registered MRI variables,,text,MRI Variables: Parietal Left White Matter (Longitudinally Registered),,,,,,,,,,
lr_parietal_right_grey_matter,Peds - Longitudinally Registered MRI variables,,text,MRI Variables: Parietal Right Grey Matter (Longitudinally Registered),,,,,,,,,,
lr_parietal_right_volume,Peds - Longitudinally Registered MRI variables,,text,MRI Variables: Parietal Right Volume (Longitudinally Registered),,,,,,,,,,
lr_parietal_right_white_matter,Peds - Longitudinally Registered MRI variables,,text,MRI Variables: Parietal Right White Matter (Longitudinally Registered),,,,,,,,,,
lr_putamen_left_volume,Peds - Longitudinally Registered MRI variables,,text,MRI Variables: Putamen Left Volume (Longitudinally Registered),,,,,,,,,,
lr_putamen_right_volume,Peds - Longitudinally Registered MRI variables,,text,MRI Variables: Putamen Right Volume (Longitudinally Registered),,,,,,,,,,
lr_tal_pdw_file_mnc,Peds - Longitudinally Registered MRI variables,,text,MRI Variables: Stereotaxic PDW MINC file (Longitudinally Registered),,,,,,,,,,
lr_tal_pdw_file_nii,Peds - Longitudinally Registered MRI variables,,text,MRI Variables: Stereotaxic PDW NII file (Longitudinally Registered),,,,,,,,,,
lr_tal_t1w_file_mnc,Peds - Longitudinally Registered MRI variables,,text,MRI Variables: Stereotaxic T1w MINC file (Longitudinally Registered),,,,,,,,,,
lr_tal_t1w_file_nii,Peds - Longitudinally Registered MRI variables,,text,MRI Variables: Stereotaxic T1w NII file (Longitudinally Registered),,,,,,,,,,
lr_tal_t2w_file_mnc,Peds - Longitudinally Registered MRI variables,,text,MRI Variables: Stereotaxic T2w MINC file (Longitudinally Registered),,,,,,,,,,
lr_tal_t2w_file_nii,Peds - Longitudinally Registered MRI variables,,text,MRI Variables: Stereotaxic T2w NII file (Longitudinally Registered),,,,,,,,,,
lr_tal_noscale_pdw_file_mnc,Peds - Longitudinally Registered MRI variables,,text,MRI Variables: Stereotaxic noscale pdw MINC file (Longitudinally Registered),,,,,,,,,,
lr_tal_noscale_pdw_file_nii,Peds - Longitudinally Registered MRI variables,,text,MRI Variables: Stereotaxic noscale pdw NII file (Longitudinally Registered),,,,,,,,,,
lr_tal_noscale_t1w_file_mnc,Peds - Longitudinally Registered MRI variables,,text,MRI Variables: Stereotaxic noscale t1w MINC file (Longitudinally Registered),,,,,,,,,,
lr_tal_noscale_t1w_file_nii,Peds - Longitudinally Registered MRI variables,,text,MRI Variables: Stereotaxic noscale t1w NII file (Longitudinally Registered),,,,,,,,,,
lr_tal_noscale_t2w_file_mnc,Peds - Longitudinally Registered MRI variables,,text,MRI Variables: Stereotaxic noscale t2w MINC file (Longitudinally Registered),,,,,,,,,,
lr_tal_noscale_t2w_file_nii,Peds - Longitudinally Registered MRI variables,,text,MRI Variables: Stereotaxic noscale t2w NII file (Longitudinally Registered),,,,,,,,,,
lr_tal_noscale_xfm_t1w,Peds - Longitudinally Registered MRI variables,,text,MRI Variables: Stereotaxic noscale t1w transformation matrix (Longitudinally Registered),,,,,,,,,,
lr_tal_noscale_xfm_t2w,Peds - Longitudinally Registered MRI variables,,text,MRI Variables: Stereotaxic noscale t2w transformation matrix (Longitudinally Registered),,,,,,,,,,
lr_tal_xfm_t1w,Peds - Longitudinally Registered MRI variables,,text,MRI Variables: Stereotaxic t1w transformation matrix (Longitudinally Registered),,,,,,,,,,
lr_tal_xfm_t2w,Peds - Longitudinally Registered MRI variables,,text,MRI Variables: Stereotaxic t2w transformation matrix (Longitudinally Registered),,,,,,,,,,
lr_temporal_left_grey_matter,Peds - Longitudinally Registered MRI variables,,text,MRI Variables: Temporal Left Grey Matter (Longitudinally Registered),,,,,,,,,,
lr_temporal_left_volume,Peds - Longitudinally Registered MRI variables,,text,MRI Variables: Temporal Left Volume (Longitudinally Registered),,,,,,,,,,
lr_temporal_left_white_matter,Peds - Longitudinally Registered MRI variables,,text,MRI Variables: Temporal Left White Matter (Longitudinally Registered),,,,,,,,,,
lr_temporal_right_grey_matter,Peds - Longitudinally Registered MRI variables,,text,MRI Variables: Temporal Right Grey Matter (Longitudinally Registered),,,,,,,,,,
lr_temporal_right_volume,Peds - Longitudinally Registered MRI variables,,text,MRI Variables: Temporal Right Volume (Longitudinally Registered),,,,,,,,,,
lr_temporal_rt_white_matter,Peds - Longitudinally Registered MRI variables,,text,MRI Variables: Temporal Right White Matter (Longitudinally Registered),,,,,,,,,,
lr_thalamus_left_volume,Peds - Longitudinally Registered MRI variables,,text,MRI Variables: Thalamus Left Volume (Longitudinally Registered),,,,,,,,,,
lr_thalamus_right_volume,Peds - Longitudinally Registered MRI variables,,text,MRI Variables: Thalamus Right Volume (LongitudinallyRegistered),,,,,,,,,,
lr_white_matter_volume,Peds - Longitudinally Registered MRI variables,,text,MRI Variables: White Matter Volume (Longitudinally Registered),,,,,,,,,,
src_subject_id,Peds - Longitudinally Registered MRI variables,,text,The site's subject identification,,,,,,,,,,
age_days_date_of_visit_to_dob,Peds - Longitudinally Registered MRI variables,,text,"Age in days at Visit (DoV-DoB), same as age of scan if obtained",,,,,,,,y,,
