Variable / Field Name,Form Name,Section Header,Field Type,Field Label,"Choices, Calculations, OR Slider Labels",Field Note,Text Validation Type OR Show Slider Number,Text Validation Min,Text Validation Max,Identifier?,Branching Logic (Show field only if...),Required Field?,Custom Alignment,Question Number (surveys only)
subjectkey,CPEA STAART Leiter Scales,,text,,,,,,,,,y,,
interview_date,CPEA STAART Leiter Scales,,text,,"MM/yyyy, MM/yyyy | MM/dd/yyyy, MM/dd/yyyy",* '01/01/1900' indicates that a date associated with retrospective data is not known.,date_ymd,,,,,y,,
cycle,CPEA STAART Leiter Scales,,text,,,,,,,,,y,,
patid,CPEA STAART Leiter Scales,,text,,,Patient IDs were assigned at the research site for CPEA and STAART,,,,,,y,,
network,CPEA STAART Leiter Scales,,text,,,CPEA or STAART Network,,,,,,y,,
site,CPEA STAART Leiter Scales,,text,,,CPEA or STAART Site,,,,,,y,,
study,CPEA STAART Leiter Scales,,text,,,CPEA or STAART Study,,,,,,y,,
leit_age,CPEA STAART Leiter Scales,,text,,,,,,,,,y,,
leit_brief_ae,CPEA STAART Leiter Scales,,text,,,,,,,,,y,,
leit_brief_gs,CPEA STAART Leiter Scales,,text,,,,,,,,,y,,
leit_brief_iq,CPEA STAART Leiter Scales,,text,,,,,,,,,y,,
leit_brief_lci,CPEA STAART Leiter Scales,,text,,,,,,,,,y,,
leit_brief_per,CPEA STAART Leiter Scales,,text,,,,,,,,,y,,
leit_brief_sss,CPEA STAART Leiter Scales,,text,,,,,,,,,y,,
leit_brief_uci,CPEA STAART Leiter Scales,,text,,,,,,,,,y,,
leit_c_4dots,CPEA STAART Leiter Scales,,dropdown,,"0, 0 |  1,  1 |  2,  2",,,,,,,y,,
leit_c_4dots1,CPEA STAART Leiter Scales,,text,,,,,,,,,y,,
leit_c_4dots6,CPEA STAART Leiter Scales,,text,,,,,,,,,y,,
leit_c_ae,CPEA STAART Leiter Scales,,text,,,,,,,,,y,,
leit_c_apple,CPEA STAART Leiter Scales,,dropdown,,"0, 0 |  1,  1",,,,,,,y,,
leit_c_apple5,CPEA STAART Leiter Scales,,text,,,,,,,,,y,,
leit_c_bas,CPEA STAART Leiter Scales,,text,,,,,,,,,y,,
leit_c_bed,CPEA STAART Leiter Scales,,dropdown,,"0, 0 |  1,  1",,,,,,,y,,
leit_c_bed6,CPEA STAART Leiter Scales,,text,,,,,,,,,y,,
leit_c_bottleshoe,CPEA STAART Leiter Scales,,dropdown,,"0, 0 |  1,  1 |  2,  2",,,,,,,y,,
leit_c_bottleshoe4,CPEA STAART Leiter Scales,,text,,,,,,,,,y,,
leit_c_bottleshoe5,CPEA STAART Leiter Scales,,text,,,,,,,,,y,,
leit_c_ceil,CPEA STAART Leiter Scales,,text,,,,,,,,,y,,
leit_c_color,CPEA STAART Leiter Scales,,dropdown,,"0, 0 |  1,  1 |  2,  2 |  3,  3",,,,,,,y,,
leit_c_color1,CPEA STAART Leiter Scales,,text,,,,,,,,,y,,
leit_c_color4,CPEA STAART Leiter Scales,,text,,,,,,,,,y,,
leit_c_color7,CPEA STAART Leiter Scales,,text,,,,,,,,,y,,
leit_c_dog,CPEA STAART Leiter Scales,,dropdown,,"0, 0 |  1,  1",,,,,,,y,,
leit_c_dog7,CPEA STAART Leiter Scales,,text,,,,,,,,,y,,
leit_c_dot,CPEA STAART Leiter Scales,,dropdown,,"0, 0 |  1,  1 |  2,  2",,,,,,,y,,
leit_c_dot5,CPEA STAART Leiter Scales,,text,,,,,,,,,y,,
leit_c_dot6,CPEA STAART Leiter Scales,,text,,,,,,,,,y,,
leit_c_pitcherbulb,CPEA STAART Leiter Scales,,dropdown,,"0, 0 |  1,  1 |  2,  2",,,,,,,y,,
leit_c_pitcherbulb4,CPEA STAART Leiter Scales,,text,,,,,,,,,y,,
leit_c_pitcherbulb7,CPEA STAART Leiter Scales,,text,,,,,,,,,y,,
leit_c_raw,CPEA STAART Leiter Scales,,text,,,,,,,,,y,,
leit_c_size,CPEA STAART Leiter Scales,,dropdown,,"0, 0 |  1,  1 |  2,  2",,,,,,,y,,
leit_c_size4,CPEA STAART Leiter Scales,,text,,,,,,,,,y,,
leit_c_size7,CPEA STAART Leiter Scales,,text,,,,,,,,,y,,
leit_c_sovalj,CPEA STAART Leiter Scales,,dropdown,,"0, 0 |  1,  1 |  2,  2",,,,,,,y,,
leit_c_sovalj5,CPEA STAART Leiter Scales,,text,,,,,,,,,y,,
leit_c_sovalj6,CPEA STAART Leiter Scales,,text,,,,,,,,,y,,
leit_c_squarex,CPEA STAART Leiter Scales,,dropdown,,"0, 0 |  1,  1 |  2,  2",,,,,,,y,,
leit_c_squarex3,CPEA STAART Leiter Scales,,text,,,,,,,,,y,,
leit_c_squarex4,CPEA STAART Leiter Scales,,text,,,,,,,,,y,,
leit_c_ss,CPEA STAART Leiter Scales,,text,,,,,,,,,y,,
leit_da_ae,CPEA STAART Leiter Scales,,text,,,,,,,,,y,,
leit_da_banana,CPEA STAART Leiter Scales,,dropdown,,"0, 0 |  1,  1",,,,,,,y,,
leit_da_barrow,CPEA STAART Leiter Scales,,dropdown,,"0, 0 |  1,  1",,,,,,,y,,
leit_da_bas,CPEA STAART Leiter Scales,,text,,,,,,,,,y,,
leit_da_bdiamond,CPEA STAART Leiter Scales,,dropdown,,"0, 0 |  1,  1",,,,,,,y,,
leit_da_bsquare,CPEA STAART Leiter Scales,,dropdown,,"0, 0 |  1,  1",,,,,,,y,,
leit_da_ceil,CPEA STAART Leiter Scales,,text,,,,,,,,,y,,
leit_da_circlex,CPEA STAART Leiter Scales,,dropdown,,"0, 0 |  1,  1",,,,,,,y,,
leit_da_csides,CPEA STAART Leiter Scales,,dropdown,,"0, 0 |  1,  1 |  2,  2 |  3,  3",,,,,,,y,,
leit_da_csidestime,CPEA STAART Leiter Scales,,dropdown,,"0, 0 |  1,  1 |  2,  2",,,,,,,y,,
leit_da_csquare,CPEA STAART Leiter Scales,,dropdown,,"0, 0 |  1,  1",,,,,,,y,,
leit_da_mshape,CPEA STAART Leiter Scales,,dropdown,,"0, 0 |  1,  1 |  2,  2 |  3,  3",,,,,,,y,,
leit_da_mshapetime,CPEA STAART Leiter Scales,,dropdown,,"0, 0 |  1,  1 |  2,  2",,,,,,,y,,
leit_da_oval,CPEA STAART Leiter Scales,,dropdown,,"0, 0 |  1,  1",,,,,,,y,,
leit_da_r3d,CPEA STAART Leiter Scales,,dropdown,,"0, 0 |  1,  1 |  2,  2 |  3,  3",,,,,,,y,,
leit_da_raw,CPEA STAART Leiter Scales,,text,,,,,,,,,y,,
leit_da_rcircle2,CPEA STAART Leiter Scales,,dropdown,,"0, 0 |  1,  1 |  2,  2 |  3,  3",,,,,,,y,,
leit_da_rcircle4,CPEA STAART Leiter Scales,,dropdown,,"0, 0 |  1,  1 |  2,  2 |  3,  3",,,,,,,y,,
leit_da_rcircle4time,CPEA STAART Leiter Scales,,dropdown,,"0, 0 |  1,  1 |  2,  2",,,,,,,y,,
leit_da_rsquare,CPEA STAART Leiter Scales,,dropdown,,"0, 0 |  1,  1 |  2,  2 |  3,  3",,,,,,,y,,
leit_da_rtrapezoid,CPEA STAART Leiter Scales,,dropdown,,"0, 0 |  1,  1",,,,,,,y,,
leit_da_rwedge,CPEA STAART Leiter Scales,,dropdown,,"0, 0 |  1,  1 |  2,  2 |  3,  3",,,,,,,y,,
leit_da_square,CPEA STAART Leiter Scales,,dropdown,,"0, 0 |  1,  1",,,,,,,y,,
leit_da_ss,CPEA STAART Leiter Scales,,text,,,,,,,,,y,,
leit_da_striangle,CPEA STAART Leiter Scales,,dropdown,,"0, 0 |  1,  1",,,,,,,y,,
leit_da_tristick,CPEA STAART Leiter Scales,,dropdown,,"0, 0 |  1,  1",,,,,,,y,,
leit_date,CPEA STAART Leiter Scales,,text,,,,,,,,,y,,
leit_exal_raw,CPEA STAART Leiter Scales,,text,,,,,,,,,y,,
leit_exanx_raw,CPEA STAART Leiter Scales,,text,,,,,,,,,y,,
leit_exat_raw,CPEA STAART Leiter Scales,,text,,,,,,,,,y,,
leit_excs_raw,CPEA STAART Leiter Scales,,text,,,,,,,,,y,,
leit_excs_ss,CPEA STAART Leiter Scales,,text,,,,,,,,,y,,
leit_exef_raw,CPEA STAART Leiter Scales,,text,,,,,,,,,y,,
leit_exer_raw,CPEA STAART Leiter Scales,,text,,,,,,,,,y,,
leit_exer_ss,CPEA STAART Leiter Scales,,text,,,,,,,,,y,,
leit_exoi_raw,CPEA STAART Leiter Scales,,text,,,,,,,,,y,,
leit_exre_raw,CPEA STAART Leiter Scales,,text,,,,,,,,,y,,
leit_exsen_raw,CPEA STAART Leiter Scales,,text,,,,,,,,,y,,
leit_exso_raw,CPEA STAART Leiter Scales,,text,,,,,,,,,y,,
leit_fc_ae,CPEA STAART Leiter Scales,,text,,,,,,,,,y,,
leit_fc_apple,CPEA STAART Leiter Scales,,dropdown,,"0, 0 |  1,  1",,,,,,,y,,
leit_fc_arrow,CPEA STAART Leiter Scales,,dropdown,,"0, 0 |  1,  1 |  2,  2 |  3,  3",,,,,,,y,,
leit_fc_arrow5,CPEA STAART Leiter Scales,,text,,,,,,,,,y,,
leit_fc_arrow6,CPEA STAART Leiter Scales,,text,,,,,,,,,y,,
leit_fc_arrow7,CPEA STAART Leiter Scales,,text,,,,,,,,,y,,
leit_fc_banana,CPEA STAART Leiter Scales,,dropdown,,"0, 0 |  1,  1",,,,,,,y,,
leit_fc_bas,CPEA STAART Leiter Scales,,text,,,,,,,,,y,,
leit_fc_beach,CPEA STAART Leiter Scales,,dropdown,,"0, 0 |  1,  1",,,,,,,y,,
leit_fc_boxes,CPEA STAART Leiter Scales,,dropdown,,"0, 0 |  1,  1 |  2,  2 |  3,  3",,,,,,,y,,
leit_fc_boxes5,CPEA STAART Leiter Scales,,text,,,,,,,,,y,,
leit_fc_boxes6,CPEA STAART Leiter Scales,,text,,,,,,,,,y,,
leit_fc_boxes7,CPEA STAART Leiter Scales,,text,,,,,,,,,y,,
leit_fc_bsquare,CPEA STAART Leiter Scales,,dropdown,,"0, 0 |  1,  1",,,,,,,y,,
leit_fc_catepillar,CPEA STAART Leiter Scales,,dropdown,,"0, 0 |  1,  1",,,,,,,y,,
leit_fc_ceil,CPEA STAART Leiter Scales,,text,,,,,,,,,y,,
leit_fc_cow,CPEA STAART Leiter Scales,,dropdown,,"0, 0 |  1,  1",,,,,,,y,,
leit_fc_dog,CPEA STAART Leiter Scales,,dropdown,,"0, 0 |  1,  1",,,,,,,y,,
leit_fc_horse,CPEA STAART Leiter Scales,,dropdown,,"0, 0 |  1,  1",,,,,,,y,,
leit_fc_iq,CPEA STAART Leiter Scales,,text,,,,,,,,,y,,
leit_fc_man,CPEA STAART Leiter Scales,,dropdown,,"0, 0 |  1,  1",,,,,,,y,,
leit_fc_pieces,CPEA STAART Leiter Scales,,dropdown,,"0, 0 |  1,  1 |  2,  2 |  3,  3",,,,,,,y,,
leit_fc_pieces4,CPEA STAART Leiter Scales,,text,,,,,,,,,y,,
leit_fc_pieces6,CPEA STAART Leiter Scales,,text,,,,,,,,,y,,
leit_fc_pieces7,CPEA STAART Leiter Scales,,text,,,,,,,,,y,,
leit_fc_present,CPEA STAART Leiter Scales,,dropdown,,"0, 0 |  1,  1",,,,,,,y,,
leit_fc_raw,CPEA STAART Leiter Scales,,text,,,,,,,,,y,,
leit_fc_rsquare,CPEA STAART Leiter Scales,,dropdown,,"0, 0 |  1,  1",,,,,,,y,,
leit_fc_shapea,CPEA STAART Leiter Scales,,dropdown,,"0, 0 |  1,  1 |  2,  2 |  3,  3",,,,,,,y,,
leit_fc_shapea3,CPEA STAART Leiter Scales,,text,,,,,,,,,y,,
leit_fc_shapea4,CPEA STAART Leiter Scales,,text,,,,,,,,,y,,
leit_fc_shapea7,CPEA STAART Leiter Scales,,text,,,,,,,,,y,,
leit_fc_shapeb,CPEA STAART Leiter Scales,,dropdown,,"0, 0 |  1,  1 |  2,  2 |  3,  3",,,,,,,y,,
leit_fc_shapeb3,CPEA STAART Leiter Scales,,text,,,,,,,,,y,,
leit_fc_shapeb4,CPEA STAART Leiter Scales,,text,,,,,,,,,y,,
leit_fc_shapeb5,CPEA STAART Leiter Scales,,text,,,,,,,,,y,,
leit_fc_shapes,CPEA STAART Leiter Scales,,dropdown,,"0, 0 |  1,  1 |  2,  2 |  3,  3",,,,,,,y,,
leit_fc_shapes5,CPEA STAART Leiter Scales,,text,,,,,,,,,y,,
leit_fc_shapes6,CPEA STAART Leiter Scales,,text,,,,,,,,,y,,
leit_fc_shapes7,CPEA STAART Leiter Scales,,text,,,,,,,,,y,,
leit_fc_sheep,CPEA STAART Leiter Scales,,dropdown,,"0, 0 |  1,  1",,,,,,,y,,
leit_fc_soccer,CPEA STAART Leiter Scales,,dropdown,,"0, 0 |  1,  1",,,,,,,y,,
leit_fc_ss,CPEA STAART Leiter Scales,,text,,,,,,,,,y,,
leit_fc_starball,CPEA STAART Leiter Scales,,dropdown,,"0, 0 |  1,  1",,,,,,,y,,
leit_fc_sun,CPEA STAART Leiter Scales,,dropdown,,"0, 0 |  1,  1",,,,,,,y,,
leit_fc_worlds,CPEA STAART Leiter Scales,,dropdown,,"0, 0 |  1,  1 |  2,  2 |  3,  3",,,,,,,y,,
leit_fc_worlds4,CPEA STAART Leiter Scales,,text,,,,,,,,,y,,
leit_fc_worlds6,CPEA STAART Leiter Scales,,text,,,,,,,,,y,,
leit_fc_worlds7,CPEA STAART Leiter Scales,,text,,,,,,,,,y,,
leit_fg_2lemon,CPEA STAART Leiter Scales,,dropdown,,"0, 0 |  1,  1",,,,,,,y,,
leit_fg_ae,CPEA STAART Leiter Scales,,text,,,,,,,,,y,,
leit_fg_apron,CPEA STAART Leiter Scales,,dropdown,,"0, 0 |  1,  1",,,,,,,y,,
leit_fg_awning,CPEA STAART Leiter Scales,,dropdown,,"0, 0 |  1,  1",,,,,,,y,,
leit_fg_bas,CPEA STAART Leiter Scales,,text,,,,,,,,,y,,
leit_fg_book,CPEA STAART Leiter Scales,,dropdown,,"0, 0 |  1,  1",,,,,,,y,,
leit_fg_bow,CPEA STAART Leiter Scales,,dropdown,,"0, 0 |  1,  1",,,,,,,y,,
leit_fg_brush,CPEA STAART Leiter Scales,,dropdown,,"0, 0 |  1,  1",,,,,,,y,,
leit_fg_bsmile,CPEA STAART Leiter Scales,,dropdown,,"0, 0 |  1,  1",,,,,,,y,,
leit_fg_building,CPEA STAART Leiter Scales,,dropdown,,"0, 0 |  1,  1",,,,,,,y,,
leit_fg_bush,CPEA STAART Leiter Scales,,dropdown,,"0, 0 |  1,  1",,,,,,,y,,
leit_fg_ceil,CPEA STAART Leiter Scales,,text,,,,,,,,,y,,
leit_fg_chairleg,CPEA STAART Leiter Scales,,dropdown,,"0, 0 |  1,  1",,,,,,,y,,
leit_fg_collar,CPEA STAART Leiter Scales,,dropdown,,"0, 0 |  1,  1",,,,,,,y,,
leit_fg_curtains,CPEA STAART Leiter Scales,,dropdown,,"0, 0 |  1,  1",,,,,,,y,,
leit_fg_dino,CPEA STAART Leiter Scales,,dropdown,,"0, 0 |  1,  1",,,,,,,y,,
leit_fg_dog,CPEA STAART Leiter Scales,,dropdown,,"0, 0 |  1,  1",,,,,,,y,,
leit_fg_dresser,CPEA STAART Leiter Scales,,dropdown,,"0, 0 |  1,  1",,,,,,,y,,
leit_fg_faucet,CPEA STAART Leiter Scales,,dropdown,,"0, 0 |  1,  1",,,,,,,y,,
leit_fg_hat,CPEA STAART Leiter Scales,,dropdown,,"0, 0 |  1,  1",,,,,,,y,,
leit_fg_house,CPEA STAART Leiter Scales,,dropdown,,"0, 0 |  1,  1",,,,,,,y,,
leit_fg_iq,CPEA STAART Leiter Scales,,text,,,,,,,,,y,,
leit_fg_leaves,CPEA STAART Leiter Scales,,dropdown,,"0, 0 |  1,  1",,,,,,,y,,
leit_fg_lemon,CPEA STAART Leiter Scales,,dropdown,,"0, 0 |  1,  1",,,,,,,y,,
leit_fg_otruck,CPEA STAART Leiter Scales,,dropdown,,"0, 0 |  1,  1",,,,,,,y,,
leit_fg_plant,CPEA STAART Leiter Scales,,dropdown,,"0, 0 |  1,  1",,,,,,,y,,
leit_fg_raw,CPEA STAART Leiter Scales,,text,,,,,,,,,y,,
leit_fg_rwtruck,CPEA STAART Leiter Scales,,dropdown,,"0, 0 |  1,  1",,,,,,,y,,
leit_fg_shirt,CPEA STAART Leiter Scales,,dropdown,,"0, 0 |  1,  1",,,,,,,y,,
leit_fg_shoe,CPEA STAART Leiter Scales,,dropdown,,"0, 0 |  1,  1",,,,,,,y,,
leit_fg_ss,CPEA STAART Leiter Scales,,text,,,,,,,,,y,,
leit_fg_strap,CPEA STAART Leiter Scales,,dropdown,,"0, 0 |  1,  1",,,,,,,y,,
leit_fg_swimsuit,CPEA STAART Leiter Scales,,dropdown,,"0, 0 |  1,  1",,,,,,,y,,
leit_fg_vest,CPEA STAART Leiter Scales,,dropdown,,"0, 0 |  1,  1",,,,,,,y,,
leit_fg_wagon,CPEA STAART Leiter Scales,,dropdown,,"0, 0 |  1,  1",,,,,,,y,,
leit_fg_wave,CPEA STAART Leiter Scales,,dropdown,,"0, 0 |  1,  1",,,,,,,y,,
leit_fg_wheel,CPEA STAART Leiter Scales,,dropdown,,"0, 0 |  1,  1",,,,,,,y,,
leit_flreas_ae,CPEA STAART Leiter Scales,,text,,,,,,,,,y,,
leit_flreas_iq,CPEA STAART Leiter Scales,,text,,,,,,,,,y,,
leit_flreas_lci,CPEA STAART Leiter Scales,,text,,,,,,,,,y,,
leit_flreas_per,CPEA STAART Leiter Scales,,text,,,,,,,,,y,,
leit_flreas_sss,CPEA STAART Leiter Scales,,text,,,,,,,,,y,,
leit_flreas_uci,CPEA STAART Leiter Scales,,text,,,,,,,,,y,,
leit_fr_14blocksp,CPEA STAART Leiter Scales,,dropdown,,"0, 0 |  1,  1",,,,,,,y,,
leit_fr_2arrows,CPEA STAART Leiter Scales,,dropdown,,"0, 0 |  1,  1",,,,,,,y,,
leit_fr_31blockso,CPEA STAART Leiter Scales,,dropdown,,"0, 0 |  1,  1",,,,,,,y,,
leit_fr_34blocksb,CPEA STAART Leiter Scales,,dropdown,,"0, 0 |  1,  1",,,,,,,y,,
leit_fr_3dblockt,CPEA STAART Leiter Scales,,dropdown,,"0, 0 |  1,  1",,,,,,,y,,
leit_fr_67blockg,CPEA STAART Leiter Scales,,dropdown,,"0, 0 |  1,  1",,,,,,,y,,
leit_fr_67blockgtime,CPEA STAART Leiter Scales,,dropdown,,"0, 0 |  1,  1 |  2,  2",,,,,,,y,,
leit_fr_ae,CPEA STAART Leiter Scales,,text,,,,,,,,,y,,
leit_fr_bas,CPEA STAART Leiter Scales,,text,,,,,,,,,y,,
leit_fr_blocksp,CPEA STAART Leiter Scales,,dropdown,,"0, 0 |  1,  1",,,,,,,y,,
leit_fr_blocksptime,CPEA STAART Leiter Scales,,dropdown,,"0, 0 |  1,  1 |  2,  2",,,,,,,y,,
leit_fr_boxlines,CPEA STAART Leiter Scales,,dropdown,,"0, 0 |  1,  1",,,,,,,y,,
leit_fr_ceil,CPEA STAART Leiter Scales,,text,,,,,,,,,y,,
leit_fr_envelope,CPEA STAART Leiter Scales,,dropdown,,"0, 0 |  1,  1",,,,,,,y,,
leit_fr_hand,CPEA STAART Leiter Scales,,dropdown,,"0, 0 |  1,  1",,,,,,,y,,
leit_fr_line,CPEA STAART Leiter Scales,,dropdown,,"0, 0 |  1,  1",,,,,,,y,,
leit_fr_pinwheel,CPEA STAART Leiter Scales,,dropdown,,"0, 0 |  1,  1",,,,,,,y,,
leit_fr_raw,CPEA STAART Leiter Scales,,text,,,,,,,,,y,,
