Variable / Field Name,Form Name,Section Header,Field Type,Field Label,"Choices, Calculations, OR Slider Labels",Field Note,Text Validation Type OR Show Slider Number,Text Validation Min,Text Validation Max,Identifier?,Branching Logic (Show field only if...),Required Field?,Custom Alignment,Question Number (surveys only)
subjectkey,Differential Ability Scales- School Age Record [part 2],Header,text,The NDAR Global Unique Identifier (GUID) for subjects which identifies a subject in NDAR,,,,,,,,y,,
assess_join_var,Differential Ability Scales- School Age Record [part 2],,text,Variable used to combine assessments with multiple parts due to the technical limitation of 1000 elements per data structure,,,,,,,,y,,
src_subject_id,Differential Ability Scales- School Age Record [part 2],,text,The site's subject identification,,,,,,,,y,,
interview_date,Differential Ability Scales- School Age Record [part 2],,text,Date on which the interview/genetic test/sampling/imaging was completed,"MM/yyyy, MM/yyyy | MM/dd/yyyy, MM/dd/yyyy",* '01/01/1900' indicates that a date associated with retrospective data is not known.,date_ymd,,,,,y,,
interview_age,Differential Ability Scales- School Age Record [part 2],,text,Age in months at the time of the interview/test/sampling/imaging.,,Age is rounded to chronological month If the research participant is 13 days old at time of interview  the appropriate value would be 0 months if the participant is 19 days old the value would be 1 month,number,0,1200,,,y,,
comments_misc,Differential Ability Scales- School Age Record [part 2],,text,"Miscellaneous comments on study, interview, methodology relevant to this form data",,,,,,,,,,
nums_question1,Differential Ability Scales- School Age Record [part 2],Basic Number Skills,dropdown,Point to 28,"0, 0 | 1, 1",,,,,,,y,,
nums_questionnumrecog1,Differential Ability Scales- School Age Record [part 2],,text,Point to 28 - Num Recognition,,,,,,,,y,,
nums_question2,Differential Ability Scales- School Age Record [part 2],,dropdown,Say 100,"0, 0 | 1, 1",,,,,,,y,,
nums_questionnumrecog2,Differential Ability Scales- School Age Record [part 2],,text,Say 100 - Num Recognition,,,,,,,,y,,
nums_question3,Differential Ability Scales- School Age Record [part 2],,dropdown,Say 40,"0, 0 | 1, 1",,,,,,,y,,
nums_questionnumrecog3,Differential Ability Scales- School Age Record [part 2],,text,Say 40 - Num Recognition,,,,,,,,y,,
nums_question4,Differential Ability Scales- School Age Record [part 2],,dropdown,Say 12,"0, 0 | 1, 1",,,,,,,y,,
nums_questionnumrecog4,Differential Ability Scales- School Age Record [part 2],,text,Say 12 - Num Recognition,,,,,,,,y,,
nums_question5,Differential Ability Scales- School Age Record [part 2],,dropdown,Say 31,"0, 0 | 1, 1",,,,,,,y,,
nums_questionnumrecog5,Differential Ability Scales- School Age Record [part 2],,text,Say 31 - Num Recognition,,,,,,,,y,,
nums_question6,Differential Ability Scales- School Age Record [part 2],,dropdown,5,"0, 0 | 1, 1",,,,,,,y,,
nums_questionadd6,Differential Ability Scales- School Age Record [part 2],,text,5 - Addition,,,,,,,,y,,
nums_question7,Differential Ability Scales- School Age Record [part 2],,dropdown,38,"0, 0 | 1, 1",,,,,,,y,,
nums_questionsub7,Differential Ability Scales- School Age Record [part 2],,text,38 - Addition,,,,,,,,y,,
nums_question8,Differential Ability Scales- School Age Record [part 2],,dropdown,3,"0, 0 | 1, 1",,,,,,,y,,
nums_questionmult8,Differential Ability Scales- School Age Record [part 2],,text,3 - Mult.,,,,,,,,y,,
nums_question9,Differential Ability Scales- School Age Record [part 2],,dropdown,Say 870,"0, 0 | 1, 1",,,,,,,y,,
nums_questionnumrecog9,Differential Ability Scales- School Age Record [part 2],,text,Say 870  - Num Recognition,,,,,,,,y,,
nums_question10,Differential Ability Scales- School Age Record [part 2],,dropdown,Say 215,"0, 0 | 1, 1",,,,,,,y,,
nums_questionnumrecog10,Differential Ability Scales- School Age Record [part 2],,text,Say 215   - Num Recognition,,,,,,,,y,,
nums_question11,Differential Ability Scales- School Age Record [part 2],,dropdown,"Say 1,473","0, 0 | 1, 1",,,,,,,y,,
nums_questionnumrecog11,Differential Ability Scales- School Age Record [part 2],,text,"Say 1,473 - Num Recognition",,,,,,,,y,,
nums_question12,Differential Ability Scales- School Age Record [part 2],,dropdown,Point to 594,"0, 0 | 1, 1",,,,,,,y,,
nums_questionnumrecog12,Differential Ability Scales- School Age Record [part 2],,text,Point to 594 - Num Recognition,,,,,,,,y,,
nums_question13,Differential Ability Scales- School Age Record [part 2],,dropdown,12,"0, 0 | 1, 1",,,,,,,y,,
nums_questionsub13,Differential Ability Scales- School Age Record [part 2],,text,12 - Subtraction,,,,,,,,y,,
nums_question14,Differential Ability Scales- School Age Record [part 2],,dropdown,95,"0, 0 | 1, 1",,,,,,,y,,
nums_questionadd14,Differential Ability Scales- School Age Record [part 2],,text,95 - Addition,,,,,,,,y,,
nums_question15,Differential Ability Scales- School Age Record [part 2],,dropdown,112,"0, 0 | 1, 1",,,,,,,y,,
nums_questionadd15,Differential Ability Scales- School Age Record [part 2],,text,112 - Addition,,,,,,,,y,,
nums_question16,Differential Ability Scales- School Age Record [part 2],,dropdown,8,"0, 0 | 1, 1",,,,,,,y,,
nums_questionmult16,Differential Ability Scales- School Age Record [part 2],,text,8 - Mult.,,,,,,,,y,,
nums_question17,Differential Ability Scales- School Age Record [part 2],,dropdown,6,"0, 0 | 1, 1",,,,,,,y,,
nums_questionsub17,Differential Ability Scales- School Age Record [part 2],,text,6 - Subtraction,,,,,,,,y,,
nums_question18,Differential Ability Scales- School Age Record [part 2],,dropdown,19,"0, 0 | 1, 1",,,,,,,y,,
nums_questionsub18,Differential Ability Scales- School Age Record [part 2],,text,19 - Subtraction,,,,,,,,y,,
nums_question19,Differential Ability Scales- School Age Record [part 2],,dropdown,36,"0, 0 | 1, 1",,,,,,,y,,
nums_questionmult19,Differential Ability Scales- School Age Record [part 2],,text,36 - Mult.,,,,,,,,y,,
nums_question20,Differential Ability Scales- School Age Record [part 2],,dropdown,2,"0, 0 | 1, 1",,,,,,,y,,
nums_questiondiv20,Differential Ability Scales- School Age Record [part 2],,text,2 - Division,,,,,,,,y,,
nums_question21,Differential Ability Scales- School Age Record [part 2],,dropdown,175,"0, 0 | 1, 1",,,,,,,y,,
nums_questionmult21,Differential Ability Scales- School Age Record [part 2],,text,175 - Mult,,,,,,,,y,,
nums_question22,Differential Ability Scales- School Age Record [part 2],,dropdown,32,"0, 0 | 1, 1",,,,,,,y,,
nums_questiondiv22,Differential Ability Scales- School Age Record [part 2],,text,32 - Division,,,,,,,,y,,
nums_question23,Differential Ability Scales- School Age Record [part 2],,dropdown,17,"0, 0 | 1, 1",,,,,,,y,,
nums_questiondiv23,Differential Ability Scales- School Age Record [part 2],,text,17 - Division,,,,,,,,y,,
nums_question24,Differential Ability Scales- School Age Record [part 2],,dropdown,102.9,"0, 0 | 1, 1",,,,,,,y,,
nums_questionadd24,Differential Ability Scales- School Age Record [part 2],,text,102.9 - Addition,,,,,,,,y,,
nums_questiondec24,Differential Ability Scales- School Age Record [part 2],,text,102.9 - Decimals,,,,,,,,y,,
nums_question25,Differential Ability Scales- School Age Record [part 2],,dropdown,1155,"0, 0 | 1, 1",,,,,,,y,,
nums_questionmult25,Differential Ability Scales- School Age Record [part 2],,text,1155 - Mult.,,,,,,,,y,,
nums_question26,Differential Ability Scales- School Age Record [part 2],,dropdown,4958,"0, 0 | 1, 1",,,,,,,y,,
nums_questionmult26,Differential Ability Scales- School Age Record [part 2],,text,4958 - Mult.,,,,,,,,y,,
nums_question27,Differential Ability Scales- School Age Record [part 2],,dropdown,6,"0, 0 | 1, 1",,,,,,,y,,
nums_questiondiv27,Differential Ability Scales- School Age Record [part 2],,text,6 - Division,,,,,,,,y,,
nums_question28,Differential Ability Scales- School Age Record [part 2],,dropdown,22,"0, 0 | 1, 1",,,,,,,y,,
nums_questiondiv28,Differential Ability Scales- School Age Record [part 2],,text,22 - Division,,,,,,,,y,,
nums_question29,Differential Ability Scales- School Age Record [part 2],,dropdown,1/3,"0, 0 | 1, 1",,,,,,,y,,
nums_questionsub29,Differential Ability Scales- School Age Record [part 2],,text,1/3 - Subtraction,,,,,,,,y,,
nums_questionfrac29,Differential Ability Scales- School Age Record [part 2],,text,1/3 - Fractions,,,,,,,,y,,
nums_question30,Differential Ability Scales- School Age Record [part 2],,dropdown,8.91,"0, 0 | 1, 1",,,,,,,y,,
nums_questionsub30,Differential Ability Scales- School Age Record [part 2],,text,8.91 - Subtraction,,,,,,,,y,,
nums_questiondec30,Differential Ability Scales- School Age Record [part 2],,text,8.91 - Decimals,,,,,,,,y,,
nums_question31,Differential Ability Scales- School Age Record [part 2],,dropdown,3/8,"0, 0 | 1, 1",,,,,,,y,,
nums_questionadd31,Differential Ability Scales- School Age Record [part 2],,text,3/8 - Addition,,,,,,,,y,,
nums_questionfrac31,Differential Ability Scales- School Age Record [part 2],,text,3/8 - Fractions,,,,,,,,y,,
nums_question32,Differential Ability Scales- School Age Record [part 2],,dropdown,3/20,"0, 0 | 1, 1",,,,,,,y,,
nums_questionsub32,Differential Ability Scales- School Age Record [part 2],,text,3/20 - Subtraction,,,,,,,,y,,
nums_questionfrac32,Differential Ability Scales- School Age Record [part 2],,text,3/20 - Fractions,,,,,,,,y,,
nums_question33,Differential Ability Scales- School Age Record [part 2],,dropdown,3/40,"0, 0 | 1, 1",,,,,,,y,,
nums_questionmult33,Differential Ability Scales- School Age Record [part 2],,text,3/40 - Mult,,,,,,,,y,,
nums_questionfrac33,Differential Ability Scales- School Age Record [part 2],,text,3/40 - Fractions,,,,,,,,y,,
nums_question34,Differential Ability Scales- School Age Record [part 2],,dropdown,13/21,"0, 0 | 1, 1",,,,,,,y,,
nums_questionadd34,Differential Ability Scales- School Age Record [part 2],,text,13/21 Addition,,,,,,,,y,,
nums_questionfrac34,Differential Ability Scales- School Age Record [part 2],,text,13/21 - Fractions,,,,,,,,y,,
nums_question35,Differential Ability Scales- School Age Record [part 2],,dropdown,2/6 or 1/3,"0, 0 | 1, 1",,,,,,,y,,
nums_questionmult35,Differential Ability Scales- School Age Record [part 2],,text,2/6 or 1/3  - Mult.,,,,,,,,y,,
nums_questionfrac35,Differential Ability Scales- School Age Record [part 2],,text,2/6 or 1/3 - Fractions,,,,,,,,y,,
nums_question36,Differential Ability Scales- School Age Record [part 2],,dropdown,52.1,"0, 0 | 1, 1",,,,,,,y,,
nums_questiondiv36,Differential Ability Scales- School Age Record [part 2],,text,52.1 - Division,,,,,,,,y,,
nums_questiondec36,Differential Ability Scales- School Age Record [part 2],,text,52.1 - Decimals,,,,,,,,y,,
nums_question37,Differential Ability Scales- School Age Record [part 2],,dropdown,4.94,"0, 0 | 1, 1",,,,,,,y,,
nums_questionmult37,Differential Ability Scales- School Age Record [part 2],,text,4.94 - Mult.,,,,,,,,y,,
nums_questiondec37,Differential Ability Scales- School Age Record [part 2],,text,4.94 - Decimals,,,,,,,,y,,
nums_question38,Differential Ability Scales- School Age Record [part 2],,dropdown,16.68,"0, 0 | 1, 1",,,,,,,y,,
nums_questionmult38,Differential Ability Scales- School Age Record [part 2],,text,16.68 - Mult.,,,,,,,,y,,
nums_questiondec38,Differential Ability Scales- School Age Record [part 2],,text,16.68 - Decimals,,,,,,,,y,,
nums_question39,Differential Ability Scales- School Age Record [part 2],,dropdown,75 or 75%,"0, 0 | 1, 1",,,,,,,y,,
nums_questionfrac39,Differential Ability Scales- School Age Record [part 2],,text,75 or 75% - Fractions,,,,,,,,y,,
nums_questionconv39,Differential Ability Scales- School Age Record [part 2],,text,75 or 75% - Conversion,,,,,,,,y,,
nums_question40,Differential Ability Scales- School Age Record [part 2],,dropdown,14/15,"0, 0 | 1, 1",,,,,,,y,,
nums_questiondiv40,Differential Ability Scales- School Age Record [part 2],,text,14/15 - Division,,,,,,,,y,,
nums_questionfrac40,Differential Ability Scales- School Age Record [part 2],,text,14/15 - Fractions,,,,,,,,y,,
nums_question41,Differential Ability Scales- School Age Record [part 2],,dropdown,2,"0, 0 | 1, 1",,,,,,,y,,
nums_questiondiv41,Differential Ability Scales- School Age Record [part 2],,text,2 - Division,,,,,,,,y,,
nums_questionfrac41,Differential Ability Scales- School Age Record [part 2],,text,2 - Fractions,,,,,,,,y,,
nums_question42,Differential Ability Scales- School Age Record [part 2],,dropdown,85 or 85%,"0, 0 | 1, 1",,,,,,,y,,
nums_questiondiv42,Differential Ability Scales- School Age Record [part 2],,text,85 or 85% - Division,,,,,,,,y,,
nums_questionfrac42,Differential Ability Scales- School Age Record [part 2],,text,85 or 85% - Fractions,,,,,,,,y,,
nums_questioncdec42,Differential Ability Scales- School Age Record [part 2],,text,85 or 85% - Decimals,,,,,,,,y,,
nums_questionconv42,Differential Ability Scales- School Age Record [part 2],,text,85 or 85% - Conversion,,,,,,,,y,,
nums_question43,Differential Ability Scales- School Age Record [part 2],,dropdown,2.4,"0, 0 | 1, 1",,,,,,,y,,
nums_questionfrac43,Differential Ability Scales- School Age Record [part 2],,text,2.4 - Fractions,,,,,,,,y,,
nums_questiondec43,Differential Ability Scales- School Age Record [part 2],,text,2.4 - Decimals,,,,,,,,y,,
nums_questionconv43,Differential Ability Scales- School Age Record [part 2],,text,2.4 - Conversion,,,,,,,,y,,
nums_question44,Differential Ability Scales- School Age Record [part 2],,dropdown,21,"0, 0 | 1, 1",,,,,,,y,,
nums_questionmult44,Differential Ability Scales- School Age Record [part 2],,text,21 - Mult.,,,,,,,,y,,
nums_questiondec44,Differential Ability Scales- School Age Record [part 2],,text,21 - Decimals,,,,,,,,y,,
nums_questionconv44,Differential Ability Scales- School Age Record [part 2],,text,21 - Conversion,,,,,,,,y,,
nums_question45,Differential Ability Scales- School Age Record [part 2],,dropdown,120 or $120,"0, 0 | 1, 1",,,,,,,y,,
nums_questionsub45,Differential Ability Scales- School Age Record [part 2],,text,120 or $120 - Subtraction,,,,,,,,y,,
nums_questionmult45,Differential Ability Scales- School Age Record [part 2],,text,120 or $120 - Mult,,,,,,,,y,,
nums_questionwprob45,Differential Ability Scales- School Age Record [part 2],,text,120 or $120 - Word prob,,,,,,,,y,,
nums_question46,Differential Ability Scales- School Age Record [part 2],,dropdown,20 or 20%,"0, 0 | 1, 1",,,,,,,y,,
nums_questiondiv46,Differential Ability Scales- School Age Record [part 2],,text,20 or 20% - Division,,,,,,,,y,,
nums_questionfrac46,Differential Ability Scales- School Age Record [part 2],,text,20 or 20% - Fractions,,,,,,,,y,,
nums_questiondec46,Differential Ability Scales- School Age Record [part 2],,text,20 or 20% - Decimals,,,,,,,,y,,
nums_questionconv46,Differential Ability Scales- School Age Record [part 2],,text,20 or 20% - Conversion,,,,,,,,y,,
nums_questionwprob46,Differential Ability Scales- School Age Record [part 2],,text,20 or 20% - Word prob.,,,,,,,,y,,
nums_question47,Differential Ability Scales- School Age Record [part 2],,dropdown,140 or $140,"0, 0 | 1, 1",,,,,,,y,,
nums_questionsub47,Differential Ability Scales- School Age Record [part 2],,text,140 or $140 - Subtraction,,,,,,,,y,,
nums_questionmult47,Differential Ability Scales- School Age Record [part 2],,text,140 or $140 - Mult.,,,,,,,,y,,
nums_questionfrac47,Differential Ability Scales- School Age Record [part 2],,text,140 or $140 - Fractions,,,,,,,,y,,
nums_questiondec47,Differential Ability Scales- School Age Record [part 2],,text,140 or $140 - Decimals,,,,,,,,y,,
nums_questionwprob47,Differential Ability Scales- School Age Record [part 2],,text,140 or $140 - Word prob.,,,,,,,,y,,
nums_question48,Differential Ability Scales- School Age Record [part 2],,dropdown,157 or 157 yds.,"0, 0 | 1, 1",,,,,,,y,,
nums_questionmult48,Differential Ability Scales- School Age Record [part 2],,text,157 or 157 yds. - Mult.,,,,,,,,y,,
nums_questiondec48,Differential Ability Scales- School Age Record [part 2],,text,157 or 157 yds. - Decimals,,,,,,,,y,,
nums_questionwprob48,Differential Ability Scales- School Age Record [part 2],,text,157 or 157 yds. - Word prob.,,,,,,,,y,,
nums_raw,Differential Ability Scales- School Age Record [part 2],,text,Raw Score,,,,,,,,y,,
nums_start,Differential Ability Scales- School Age Record [part 2],,text,Item Started at,,,,,,,,y,,
nums_stop,Differential Ability Scales- School Age Record [part 2],,text,Item Stopped at,,,,,,,,y,,
nums_score,Differential Ability Scales- School Age Record [part 2],,text,Ability Score,,,,,,,,y,,
spelling_namescore,Differential Ability Scales- School Age Record [part 2],Spelling,dropdown,names,"0, 0 | 1, 1 | 2, 2 | 3, 3",,,,,,,y,,
spelling_response1,Differential Ability Scales- School Age Record [part 2],,dropdown,in,"0, 0 | 1, 1",,,,,,,y,,
spelling_catspell1,Differential Ability Scales- School Age Record [part 2],,text,Category - Prespelling,,,,,,,,y,,
spelling_catrudi1,Differential Ability Scales- School Age Record [part 2],,text,Category - Rudimentary,,,,,,,,y,,
spelling_catsemi1,Differential Ability Scales- School Age Record [part 2],,text,Category - Semiphonetic,,,,,,,,y,,
spelling_catbasic1,Differential Ability Scales- School Age Record [part 2],,text,Category - Basic Phonetic,,,,,,,,y,,
spelling_catplau1,Differential Ability Scales- School Age Record [part 2],,text,Category - Plausible Phonetic,,,,,,,,y,,
spelling_catorder1,Differential Ability Scales- School Age Record [part 2],,text,Category - Order Error,,,,,,,,y,,
spelling_response2,Differential Ability Scales- School Age Record [part 2],,dropdown,and,"0, 0 | 1, 1",,,,,,,y,,
spelling_catspell2,Differential Ability Scales- School Age Record [part 2],,dropdown,Category - Prespelling,"Yes, Yes | No, No",,,,,,,y,,
spelling_catrudi2,Differential Ability Scales- School Age Record [part 2],,dropdown,Category - Rudimentary,"Yes, Yes | No, No",,,,,,,y,,
spelling_catsemi2,Differential Ability Scales- School Age Record [part 2],,dropdown,Category - Semiphonetic,"Yes, Yes | No, No",,,,,,,y,,
spelling_catbasic2,Differential Ability Scales- School Age Record [part 2],,dropdown,Category - Basic Phonetic,"Yes, Yes | No, No",,,,,,,y,,
spelling_catplau2,Differential Ability Scales- School Age Record [part 2],,dropdown,Category - Plausible Phonetic,"Yes, Yes | No, No",,,,,,,y,,
spelling_catorder2,Differential Ability Scales- School Age Record [part 2],,dropdown,Category - Order Error,"Yes, Yes | No, No",,,,,,,y,,
spelling_response3,Differential Ability Scales- School Age Record [part 2],,dropdown,dog,"0, 0 | 1, 1",,,,,,,y,,
spelling_catspell3,Differential Ability Scales- School Age Record [part 2],,dropdown,Category - Prespelling,"Yes, Yes | No, No",,,,,,,y,,
spelling_catrudi3,Differential Ability Scales- School Age Record [part 2],,dropdown,Category - Rudimentary,"Yes, Yes | No, No",,,,,,,y,,
spelling_catsemi3,Differential Ability Scales- School Age Record [part 2],,dropdown,Category - Semiphonetic,"Yes, Yes | No, No",,,,,,,y,,
spelling_catbasic3,Differential Ability Scales- School Age Record [part 2],,dropdown,Category - Basic Phonetic,"Yes, Yes | No, No",,,,,,,y,,
spelling_catplau3,Differential Ability Scales- School Age Record [part 2],,dropdown,Category - Plausible Phonetic,"Yes, Yes | No, No",,,,,,,y,,
spelling_catorder3,Differential Ability Scales- School Age Record [part 2],,dropdown,Category - Order Error,"Yes, Yes | No, No",,,,,,,y,,
spelling_response4,Differential Ability Scales- School Age Record [part 2],,dropdown,we,"0, 0 | 1, 1",,,,,,,y,,
spelling_catspell4,Differential Ability Scales- School Age Record [part 2],,dropdown,Category - Prespelling,"Yes, Yes | No, No",,,,,,,y,,
spelling_catrudi4,Differential Ability Scales- School Age Record [part 2],,dropdown,Category - Rudimentary,"Yes, Yes | No, No",,,,,,,y,,
spelling_catsemi4,Differential Ability Scales- School Age Record [part 2],,dropdown,Category - Semiphonetic,"Yes, Yes | No, No",,,,,,,y,,
spelling_catbasic4,Differential Ability Scales- School Age Record [part 2],,dropdown,Category - Basic Phonetic,"Yes, Yes | No, No",,,,,,,y,,
spelling_catplau4,Differential Ability Scales- School Age Record [part 2],,dropdown,Category - Plausible Phonetic,"Yes, Yes | No, No",,,,,,,y,,
spelling_catorder4,Differential Ability Scales- School Age Record [part 2],,dropdown,Category - Order Error,"Yes, Yes | No, No",,,,,,,y,,
spelling_response5,Differential Ability Scales- School Age Record [part 2],,dropdown,big,"0, 0 | 1, 1",,,,,,,y,,
spelling_catspell5,Differential Ability Scales- School Age Record [part 2],,dropdown,Category - Prespelling,"Yes, Yes | No, No",,,,,,,y,,
spelling_catrudi5,Differential Ability Scales- School Age Record [part 2],,dropdown,Category - Rudimentary,"Yes, Yes | No, No",,,,,,,y,,
spelling_catsemi5,Differential Ability Scales- School Age Record [part 2],,dropdown,Category - Semiphonetic,"Yes, Yes | No, No",,,,,,,y,,
spelling_catbasic5,Differential Ability Scales- School Age Record [part 2],,dropdown,Category - Basic Phonetic,"Yes, Yes | No, No",,,,,,,y,,
spelling_catplau5,Differential Ability Scales- School Age Record [part 2],,dropdown,Category - Plausible Phonetic,"Yes, Yes | No, No",,,,,,,y,,
spelling_catorder5,Differential Ability Scales- School Age Record [part 2],,dropdown,Category - Order Error,"Yes, Yes | No, No",,,,,,,y,,
spelling_response6,Differential Ability Scales- School Age Record [part 2],,dropdown,my,"0, 0 | 1, 1",,,,,,,y,,
spelling_catspell6,Differential Ability Scales- School Age Record [part 2],,dropdown,Category - Prespelling,"Yes, Yes | No, No",,,,,,,y,,
spelling_catrudi6,Differential Ability Scales- School Age Record [part 2],,dropdown,Category - Rudimentary,"Yes, Yes | No, No",,,,,,,y,,
spelling_catsemi6,Differential Ability Scales- School Age Record [part 2],,dropdown,Category - Semiphonetic,"Yes, Yes | No, No",,,,,,,y,,
spelling_catbasic6,Differential Ability Scales- School Age Record [part 2],,dropdown,Category - Basic Phonetic,"Yes, Yes | No, No",,,,,,,y,,
spelling_catplau6,Differential Ability Scales- School Age Record [part 2],,dropdown,Category - Plausible Phonetic,"Yes, Yes | No, No",,,,,,,y,,
spelling_catorder6,Differential Ability Scales- School Age Record [part 2],,dropdown,Category - Order Error,"Yes, Yes | No, No",,,,,,,y,,
spelling_response7,Differential Ability Scales- School Age Record [part 2],,dropdown,bus,"0, 0 | 1, 1",,,,,,,y,,
spelling_catspell7,Differential Ability Scales- School Age Record [part 2],,dropdown,Category - Prespelling,"Yes, Yes | No, No",,,,,,,y,,
spelling_catrudi7,Differential Ability Scales- School Age Record [part 2],,dropdown,Category - Rudimentary,"Yes, Yes | No, No",,,,,,,y,,
spelling_catsemi7,Differential Ability Scales- School Age Record [part 2],,dropdown,Category - Semiphonetic,"Yes, Yes | No, No",,,,,,,y,,
spelling_catbasic7,Differential Ability Scales- School Age Record [part 2],,dropdown,Category - Basic Phonetic,"Yes, Yes | No, No",,,,,,,y,,
spelling_catplau7,Differential Ability Scales- School Age Record [part 2],,dropdown,Category - Plausible Phonetic,"Yes, Yes | No, No",,,,,,,y,,
spelling_catorder7,Differential Ability Scales- School Age Record [part 2],,dropdown,Category - Order Error,"Yes, Yes | No, No",,,,,,,y,,
spelling_response8,Differential Ability Scales- School Age Record [part 2],,dropdown,sit,"0, 0 | 1, 1",,,,,,,y,,
spelling_catspell8,Differential Ability Scales- School Age Record [part 2],,dropdown,Category - Prespelling,"Yes, Yes | No, No",,,,,,,y,,
spelling_catrudi8,Differential Ability Scales- School Age Record [part 2],,dropdown,Category - Rudimentary,"Yes, Yes | No, No",,,,,,,y,,
spelling_catsemi8,Differential Ability Scales- School Age Record [part 2],,dropdown,Category - Semiphonetic,"Yes, Yes | No, No",,,,,,,y,,
spelling_catbasic8,Differential Ability Scales- School Age Record [part 2],,dropdown,Category - Basic Phonetic,"Yes, Yes | No, No",,,,,,,y,,
spelling_catplau8,Differential Ability Scales- School Age Record [part 2],,dropdown,Category - Plausible Phonetic,"Yes, Yes | No, No",,,,,,,y,,
spelling_catorder8,Differential Ability Scales- School Age Record [part 2],,dropdown,Category - Order Error,"Yes, Yes | No, No",,,,,,,y,,
spelling_response9,Differential Ability Scales- School Age Record [part 2],,dropdown,do,"0, 0 | 1, 1",,,,,,,y,,
spelling_catspell9,Differential Ability Scales- School Age Record [part 2],,dropdown,Category - Prespelling,"Yes, Yes | No, No",,,,,,,y,,
spelling_catrudi9,Differential Ability Scales- School Age Record [part 2],,dropdown,Category - Rudimentary,"Yes, Yes | No, No",,,,,,,y,,
spelling_catsemi9,Differential Ability Scales- School Age Record [part 2],,dropdown,Category - Semiphonetic,"Yes, Yes | No, No",,,,,,,y,,
