Variable / Field Name,Form Name,Section Header,Field Type,Field Label,"Choices, Calculations, OR Slider Labels",Field Note,Text Validation Type OR Show Slider Number,Text Validation Min,Text Validation Max,Identifier?,Branching Logic (Show field only if...),Required Field?,Custom Alignment,Question Number (surveys only)
wppsi_viq_pr_string,WPPSI Ages 4 Years 0 Months to 7 Years 3 Months (2002),,text,,,,,,,,,y,,
wppsi_piq_pr_string,WPPSI Ages 4 Years 0 Months to 7 Years 3 Months (2002),,text,,,,,,,,,y,,
wppsi_psd_pr_string,WPPSI Ages 4 Years 0 Months to 7 Years 3 Months (2002),,text,,,,,,,,,y,,
wppsi_fiq_pr_string,WPPSI Ages 4 Years 0 Months to 7 Years 3 Months (2002),,text,,,,,,,,,y,,
wppsi_vcb_pr,WPPSI Ages 4 Years 0 Months to 7 Years 3 Months (2002),,text,,,,,,,,,y,,
wppsi_piq_pr,WPPSI Ages 4 Years 0 Months to 7 Years 3 Months (2002),,text,,,,,,,,,y,,
wppsi_psd_pr,WPPSI Ages 4 Years 0 Months to 7 Years 3 Months (2002),,text,,,,,,,,,y,,
wppsi_fiq_composite,WPPSI Ages 4 Years 0 Months to 7 Years 3 Months (2002),,text,,,,,,,,,y,,
wppsi_fiq_pr,WPPSI Ages 4 Years 0 Months to 7 Years 3 Months (2002),,text,,,,,,,,,y,,
subjectkey,WPPSI Ages 4 Years 0 Months to 7 Years 3 Months (2002),Header,text,,,,,,,,,y,,
src_subject_id,WPPSI Ages 4 Years 0 Months to 7 Years 3 Months (2002),,text,,,,,,,,,y,,
interview_date,WPPSI Ages 4 Years 0 Months to 7 Years 3 Months (2002),,text,,"MM/yyyy, MM/yyyy | MM/dd/yyyy, MM/dd/yyyy",* '01/01/1900' indicates that a date associated with retrospective data is not known.,date_ymd,,,,,y,,
interview_age,WPPSI Ages 4 Years 0 Months to 7 Years 3 Months (2002),,text,,,Age is rounded to chronological month If the research participant is 13 days old at time of interview  the appropriate value would be 0 months if the participant is 19 days old the value would be 1 month,number,0,1200,,,y,,
wppsi_bld_ae,WPPSI Ages 4 Years 0 Months to 7 Years 3 Months (2002),,text,,,,,,,,,y,,
wppsi_bld_rawscre,WPPSI Ages 4 Years 0 Months to 7 Years 3 Months (2002),,text,,,,,,,,,y,,
ppsi_bld_rawscre,WPPSI Ages 4 Years 0 Months to 7 Years 3 Months (2002),,text,,,,,,,,,y,,
ppsi_bld_scldscre,WPPSI Ages 4 Years 0 Months to 7 Years 3 Months (2002),,text,,,,,,,,,y,,
ppsi_inf_rawscre,WPPSI Ages 4 Years 0 Months to 7 Years 3 Months (2002),,text,,,,,,,,,y,,
ppsi_inf_scldscre,WPPSI Ages 4 Years 0 Months to 7 Years 3 Months (2002),,text,,,,,,,,,y,,
ppsi_mxr_rawscre,WPPSI Ages 4 Years 0 Months to 7 Years 3 Months (2002),,text,,,,,,,,,y,,
ppsi_mxr_scldscre,WPPSI Ages 4 Years 0 Months to 7 Years 3 Months (2002),,text,,,,,,,,,y,,
ppsi_vcb_rawscre,WPPSI Ages 4 Years 0 Months to 7 Years 3 Months (2002),,text,,,,,,,,,y,,
ppsi_vcb_scldscre,WPPSI Ages 4 Years 0 Months to 7 Years 3 Months (2002),,text,,,,,,,,,y,,
ppsi_pcn_rawscre,WPPSI Ages 4 Years 0 Months to 7 Years 3 Months (2002),,text,,,,,,,,,y,,
ppsi_pcn_scldscre,WPPSI Ages 4 Years 0 Months to 7 Years 3 Months (2002),,text,,,,,,,,,y,,
ppsi_sbs_rawscre,WPPSI Ages 4 Years 0 Months to 7 Years 3 Months (2002),,text,,,,,,,,,y,,
ppsi_sbs_scldscre,WPPSI Ages 4 Years 0 Months to 7 Years 3 Months (2002),,text,,,,,,,,,y,,
ppsi_wrs_rawscre,WPPSI Ages 4 Years 0 Months to 7 Years 3 Months (2002),,text,,,,,,,,,y,,
ppsi_wrs_scldscre,WPPSI Ages 4 Years 0 Months to 7 Years 3 Months (2002),,text,,,,,,,,,y,,
ppsi_cdg_rawscre,WPPSI Ages 4 Years 0 Months to 7 Years 3 Months (2002),,text,,,,,,,,,y,,
ppsi_cdg_scldscre,WPPSI Ages 4 Years 0 Months to 7 Years 3 Months (2002),,text,,,,,,,,,y,,
ppsi_cmp_rawscre,WPPSI Ages 4 Years 0 Months to 7 Years 3 Months (2002),,text,,,,,,,,,y,,
ppsi_cmp_scldscre,WPPSI Ages 4 Years 0 Months to 7 Years 3 Months (2002),,text,,,,,,,,,y,,
ppsi_pcc_rawscre,WPPSI Ages 4 Years 0 Months to 7 Years 3 Months (2002),,text,,,,,,,,,y,,
ppsi_pcc_scldscre,WPPSI Ages 4 Years 0 Months to 7 Years 3 Months (2002),,text,,,,,,,,,y,,
ppsi_sml_rawscre,WPPSI Ages 4 Years 0 Months to 7 Years 3 Months (2002),,text,,,,,,,,,y,,
ppsi_sml_scldscre,WPPSI Ages 4 Years 0 Months to 7 Years 3 Months (2002),,text,,,,,,,,,y,,
ppsi_rcv_rawscre,WPPSI Ages 4 Years 0 Months to 7 Years 3 Months (2002),,text,,,,,,,,,y,,
wppsi_oba_rawscre,WPPSI Ages 4 Years 0 Months to 7 Years 3 Months (2002),,text,,,,,,,,,y,,
ppsi_oba_rawscre,WPPSI Ages 4 Years 0 Months to 7 Years 3 Months (2002),,text,,,,,,,,,y,,
ppsi_oba_scldscre,WPPSI Ages 4 Years 0 Months to 7 Years 3 Months (2002),,text,,,,,,,,,y,,
ppsi_pnm_rawscre,WPPSI Ages 4 Years 0 Months to 7 Years 3 Months (2002),,text,,,,,,,,,y,,
ppsi_pnm_scldscre,WPPSI Ages 4 Years 0 Months to 7 Years 3 Months (2002),,text,,,,,,,,,y,,
ppsi_viq_scldscre,WPPSI Ages 4 Years 0 Months to 7 Years 3 Months (2002),,text,,,,,,,,,y,,
ppsi_viq_compscre,WPPSI Ages 4 Years 0 Months to 7 Years 3 Months (2002),,text,,,,,,,,,y,,
ppsi_piq_sumscld,WPPSI Ages 4 Years 0 Months to 7 Years 3 Months (2002),,text,,,,,,,,,y,,
ppsi_piq_compscre,WPPSI Ages 4 Years 0 Months to 7 Years 3 Months (2002),,text,,,,,,,,,y,,
ppsi_psd_sumscld,WPPSI Ages 4 Years 0 Months to 7 Years 3 Months (2002),,text,,,,,,,,,y,,
ppsi_psd_compscre,WPPSI Ages 4 Years 0 Months to 7 Years 3 Months (2002),,text,,,,,,,,,y,,
ppsi_fiq_sumscld,WPPSI Ages 4 Years 0 Months to 7 Years 3 Months (2002),,text,,,,,,,,,y,,
