Variable / Field Name,Form Name,Section Header,Field Type,Field Label,"Choices, Calculations, OR Slider Labels",Field Note,Text Validation Type OR Show Slider Number,Text Validation Min,Text Validation Max,Identifier?,Branching Logic (Show field only if...),Required Field?,Custom Alignment,Question Number (surveys only)
subjectkey,Peds - JTCI Self Report,,text,The NDAR Global Unique Identifier (GUID) for subjects which identifies a subject in NDAR,,,,,,,,,,
src_subject_id,Peds - JTCI Self Report,,text,The site's subject identification,,,,,,,,y,,
timepoint_label,Peds - JTCI Self Report,,text,User-defined timepoint/visit label - a label selected by the site at the time of registration of a new timepoint into the database.  This label is used to group all the instruments administered to a subject at a given timepoint.,,,,,,,,y,,
admin_status,Peds - JTCI Self Report,,dropdown,Instrument administration status,"Complete, Complete | Partial, Partial | Not Administered, Not Administered | Not Applicable, Not Applicable",,,,,,,y,,
age_days_dot_to_dob,Peds - JTCI Self Report,,text,Age in days obtained by subtracting the date of birth from the date of test,,,,,,,,y,,
jtci_sr_cooperativeness_raw_sc,Peds - JTCI Self Report,,text,JTCI Self-Report (10:0 to 14:11 y:m): Cooperativeness subscale raw score,,,,,,,,y,,
jtci_sr_harmavoidance_raw_sc,Peds - JTCI Self Report,,text,JTCI Self-Report (10:0 to 14:11 y:m): Harm avoidance subscale raw score,,,,,,,,y,,
jtci_sr_noveltyseeking_raw_sc,Peds - JTCI Self Report,,text,JTCI Self-Report (10:0 to 14:11 y:m): Novelty seeking subscale raw score,,,,,,,,y,,
jtci_sr_q1,Peds - JTCI Self Report,,dropdown,JTCI Self-Report (10:0 to 14:11 y:m): Q1 answer (T=True; F=False),"T, T | F, F | NA, NA",,,,,,,y,,
jtci_sr_q10,Peds - JTCI Self Report,,dropdown,JTCI Self-Report (10:0 to 14:11 y:m): Q10 answer (T=True; F=False),"T, T | F, F | NA, NA",,,,,,,y,,
jtci_sr_q100,Peds - JTCI Self Report,,dropdown,JTCI Self-Report (10:0 to 14:11 y:m): Q100 answer (T=True; F=False),"T, T | F, F | NA, NA",,,,,,,y,,
jtci_sr_q101,Peds - JTCI Self Report,,dropdown,JTCI Self-Report (10:0 to 14:11 y:m): Q101 answer (T=True; F=False),"T, T | F, F | NA, NA",,,,,,,y,,
jtci_sr_q102,Peds - JTCI Self Report,,dropdown,JTCI Self-Report (10:0 to 14:11 y:m): Q102 answer (T=True; F=False),"T, T | F, F | NA, NA",,,,,,,y,,
jtci_sr_q103,Peds - JTCI Self Report,,dropdown,JTCI Self-Report (10:0 to 14:11 y:m): Q103 answer (T=True; F=False),"T, T | F, F | NA, NA",,,,,,,y,,
jtci_sr_q104,Peds - JTCI Self Report,,dropdown,JTCI Self-Report (10:0 to 14:11 y:m): Q104 answer (T=True; F=False),"T, T | F, F | NA, NA",,,,,,,y,,
jtci_sr_q105,Peds - JTCI Self Report,,dropdown,JTCI Self-Report (10:0 to 14:11 y:m): Q105 answer (T=True; F=False),"T, T | F, F | NA, NA",,,,,,,y,,
jtci_sr_q107,Peds - JTCI Self Report,,dropdown,JTCI Self-Report (10:0 to 14:11 y:m): Q107 answer (T=True; F=False),"T, T | F, F | NA, NA",,,,,,,y,,
jtci_sr_q108,Peds - JTCI Self Report,,dropdown,JTCI Self-Report (10:0 to 14:11 y:m): Q108 answer (T=True; F=False),"T, T | F, F | NA, NA",,,,,,,y,,
jtci_sr_q11,Peds - JTCI Self Report,,dropdown,JTCI Self-Report (10:0 to 14:11 y:m): Q11 answer (T=True; F=False),"T, T | F, F | NA, NA",,,,,,,y,,
jtci_sr_q12,Peds - JTCI Self Report,,dropdown,JTCI Self-Report (10:0 to 14:11 y:m): Q12 answer (T=True; F=False),"T, T | F, F | NA, NA",,,,,,,y,,
jtci_sr_q13,Peds - JTCI Self Report,,dropdown,JTCI Self-Report (10:0 to 14:11 y:m): Q13 answer (T=True; F=False),"T, T | F, F | NA, NA",,,,,,,y,,
jtci_sr_q17,Peds - JTCI Self Report,,dropdown,JTCI Self-Report (10:0 to 14:11 y:m): Q17 answer (T=True; F=False),"T, T | F, F | NA, NA",,,,,,,y,,
jtci_sr_q18,Peds - JTCI Self Report,,dropdown,JTCI Self-Report (10:0 to 14:11 y:m): Q18 answer (T=True; F=False),"T, T | F, F | NA, NA",,,,,,,y,,
jtci_sr_q2,Peds - JTCI Self Report,,dropdown,JTCI Self-Report (10:0 to 14:11 y:m): Q2 answer (T=True; F=False),"T, T | F, F | NA, NA",,,,,,,y,,
jtci_sr_q20,Peds - JTCI Self Report,,dropdown,JTCI Self-Report (10:0 to 14:11 y:m): Q20 answer (T=True; F=False),"T, T | F, F | NA, NA",,,,,,,y,,
jtci_sr_q21,Peds - JTCI Self Report,,dropdown,JTCI Self-Report (10:0 to 14:11 y:m): Q21 answer (T=True; F=False),"T, T | F, F | NA, NA",,,,,,,y,,
jtci_sr_q22,Peds - JTCI Self Report,,dropdown,JTCI Self-Report (10:0 to 14:11 y:m): Q22 answer (T=True; F=False),"T, T | F, F | NA, NA",,,,,,,y,,
jtci_sr_q24,Peds - JTCI Self Report,,dropdown,JTCI Self-Report (10:0 to 14:11 y:m): Q24 answer (T=True; F=False),"T, T | F, F | NA, NA",,,,,,,y,,
jtci_sr_q25,Peds - JTCI Self Report,,dropdown,JTCI Self-Report (10:0 to 14:11 y:m): Q25 answer (T=True; F=False),"T, T | F, F | NA, NA",,,,,,,y,,
jtci_sr_q26,Peds - JTCI Self Report,,dropdown,JTCI Self-Report (10:0 to 14:11 y:m): Q26 answer (T=True; F=False),"T, T | F, F | NA, NA",,,,,,,y,,
jtci_sr_q27,Peds - JTCI Self Report,,dropdown,JTCI Self-Report (10:0 to 14:11 y:m): Q27 answer (T=True; F=False),"T, T | F, F | NA, NA",,,,,,,y,,
jtci_sr_q28,Peds - JTCI Self Report,,dropdown,JTCI Self-Report (10:0 to 14:11 y:m): Q28 answer (T=True; F=False),"T, T | F, F | NA, NA",,,,,,,y,,
jtci_sr_q29,Peds - JTCI Self Report,,dropdown,JTCI Self-Report (10:0 to 14:11 y:m): Q29 answer (T=True; F=False),"T, T | F, F | NA, NA",,,,,,,y,,
jtci_sr_q3,Peds - JTCI Self Report,,dropdown,JTCI Self-Report (10:0 to 14:11 y:m): Q3 answer (T=True; F=False),"T, T | F, F | NA, NA",,,,,,,y,,
jtci_sr_q30,Peds - JTCI Self Report,,dropdown,JTCI Self-Report (10:0 to 14:11 y:m): Q30 answer (T=True; F=False),"T, T | F, F | NA, NA",,,,,,,y,,
jtci_sr_q31,Peds - JTCI Self Report,,dropdown,JTCI Self-Report (10:0 to 14:11 y:m): Q31 answer (T=True; F=False),"T, T | F, F | NA, NA",,,,,,,y,,
jtci_sr_q32,Peds - JTCI Self Report,,dropdown,JTCI Self-Report (10:0 to 14:11 y:m): Q32 answer (T=True; F=False),"T, T | F, F | NA, NA",,,,,,,y,,
jtci_sr_q33,Peds - JTCI Self Report,,dropdown,JTCI Self-Report (10:0 to 14:11 y:m): Q33 answer (T=True; F=False),"T, T | F, F | NA, NA",,,,,,,y,,
jtci_sr_q35,Peds - JTCI Self Report,,dropdown,JTCI Self-Report (10:0 to 14:11 y:m): Q35 answer (T=True; F=False),"T, T | F, F | NA, NA",,,,,,,y,,
jtci_sr_q36,Peds - JTCI Self Report,,dropdown,JTCI Self-Report (10:0 to 14:11 y:m): Q36 answer (T=True; F=False),"T, T | F, F | NA, NA",,,,,,,y,,
jtci_sr_q37,Peds - JTCI Self Report,,dropdown,JTCI Self-Report (10:0 to 14:11 y:m): Q37 answer (T=True; F=False),"T, T | F, F | NA, NA",,,,,,,y,,
jtci_sr_q38,Peds - JTCI Self Report,,dropdown,JTCI Self-Report (10:0 to 14:11 y:m): Q38 answer (T=True; F=False),"T, T | F, F | NA, NA",,,,,,,y,,
jtci_sr_q39,Peds - JTCI Self Report,,dropdown,JTCI Self-Report (10:0 to 14:11 y:m): Q39 answer (T=True; F=False),"T, T | F, F | NA, NA",,,,,,,y,,
jtci_sr_q4,Peds - JTCI Self Report,,dropdown,JTCI Self-Report (10:0 to 14:11 y:m): Q4 answer (T=True; F=False),"T, T | F, F | NA, NA",,,,,,,y,,
jtci_sr_q40,Peds - JTCI Self Report,,dropdown,JTCI Self-Report (10:0 to 14:11 y:m): Q40 answer (T=True; F=False),"T, T | F, F | NA, NA",,,,,,,y,,
jtci_sr_q41,Peds - JTCI Self Report,,dropdown,JTCI Self-Report (10:0 to 14:11 y:m): Q41 answer (T=True; F=False),"T, T | F, F | NA, NA",,,,,,,y,,
jtci_sr_q42,Peds - JTCI Self Report,,dropdown,JTCI Self-Report (10:0 to 14:11 y:m): Q42 answer (T=True; F=False),"T, T | F, F | NA, NA",,,,,,,y,,
jtci_sr_q43,Peds - JTCI Self Report,,dropdown,JTCI Self-Report (10:0 to 14:11 y:m): Q43 answer (T=True; F=False),"T, T | F, F | NA, NA",,,,,,,y,,
jtci_sr_q44,Peds - JTCI Self Report,,dropdown,JTCI Self-Report (10:0 to 14:11 y:m): Q44 answer (T=True; F=False),"T, T | F, F | NA, NA",,,,,,,y,,
jtci_sr_q45,Peds - JTCI Self Report,,dropdown,JTCI Self-Report (10:0 to 14:11 y:m): Q45 answer (T=True; F=False),"T, T | F, F | NA, NA",,,,,,,y,,
jtci_sr_q46,Peds - JTCI Self Report,,dropdown,JTCI Self-Report (10:0 to 14:11 y:m): Q46 answer (T=True; F=False),"T, T | F, F | NA, NA",,,,,,,y,,
jtci_sr_q47,Peds - JTCI Self Report,,dropdown,JTCI Self-Report (10:0 to 14:11 y:m): Q47 answer (T=True; F=False),"T, T | F, F | NA, NA",,,,,,,y,,
jtci_sr_q49,Peds - JTCI Self Report,,dropdown,JTCI Self-Report (10:0 to 14:11 y:m): Q49 answer (T=True; F=False),"T, T | F, F | NA, NA",,,,,,,y,,
jtci_sr_q5,Peds - JTCI Self Report,,dropdown,JTCI Self-Report (10:0 to 14:11 y:m): Q5 answer (T=True; F=False),"T, T | F, F | NA, NA",,,,,,,y,,
jtci_sr_q50,Peds - JTCI Self Report,,dropdown,JTCI Self-Report (10:0 to 14:11 y:m): Q50 answer (T=True; F=False),"T, T | F, F | NA, NA",,,,,,,y,,
jtci_sr_q51,Peds - JTCI Self Report,,dropdown,JTCI Self-Report (10:0 to 14:11 y:m): Q51 answer (T=True; F=False),"T, T | F, F | NA, NA",,,,,,,y,,
jtci_sr_q52,Peds - JTCI Self Report,,dropdown,JTCI Self-Report (10:0 to 14:11 y:m): Q52 answer (T=True; F=False),"T, T | F, F | NA, NA",,,,,,,y,,
jtci_sr_q53,Peds - JTCI Self Report,,dropdown,JTCI Self-Report (10:0 to 14:11 y:m): Q53 answer (T=True; F=False),"T, T | F, F | NA, NA",,,,,,,y,,
jtci_sr_q54,Peds - JTCI Self Report,,dropdown,JTCI Self-Report (10:0 to 14:11 y:m): Q54 answer (T=True; F=False),"T, T | F, F | NA, NA",,,,,,,y,,
jtci_sr_q55,Peds - JTCI Self Report,,dropdown,JTCI Self-Report (10:0 to 14:11 y:m): Q55 answer (T=True; F=False),"T, T | F, F | NA, NA",,,,,,,y,,
jtci_sr_q56,Peds - JTCI Self Report,,dropdown,JTCI Self-Report (10:0 to 14:11 y:m): Q56 answer (T=True; F=False),"T, T | F, F | NA, NA",,,,,,,y,,
jtci_sr_q57,Peds - JTCI Self Report,,dropdown,JTCI Self-Report (10:0 to 14:11 y:m): Q57 answer (T=True; F=False),"T, T | F, F | NA, NA",,,,,,,y,,
jtci_sr_q58,Peds - JTCI Self Report,,dropdown,JTCI Self-Report (10:0 to 14:11 y:m): Q58 answer (T=True; F=False),"T, T | F, F | NA, NA",,,,,,,y,,
jtci_sr_q59,Peds - JTCI Self Report,,dropdown,JTCI Self-Report (10:0 to 14:11 y:m): Q59 answer (T=True; F=False),"T, T | F, F | NA, NA",,,,,,,y,,
jtci_sr_q6,Peds - JTCI Self Report,,dropdown,JTCI Self-Report (10:0 to 14:11 y:m): Q6 answer (T=True; F=False),"T, T | F, F | NA, NA",,,,,,,y,,
jtci_sr_q61,Peds - JTCI Self Report,,dropdown,JTCI Self-Report (10:0 to 14:11 y:m): Q61 answer (T=True; F=False),"T, T | F, F | NA, NA",,,,,,,y,,
jtci_sr_q62,Peds - JTCI Self Report,,dropdown,JTCI Self-Report (10:0 to 14:11 y:m): Q62 answer (T=True; F=False),"T, T | F, F | NA, NA",,,,,,,y,,
jtci_sr_q63,Peds - JTCI Self Report,,dropdown,JTCI Self-Report (10:0 to 14:11 y:m): Q63 answer (T=True; F=False),"T, T | F, F | NA, NA",,,,,,,y,,
jtci_sr_q64,Peds - JTCI Self Report,,dropdown,JTCI Self-Report (10:0 to 14:11 y:m): Q64 answer (T=True; F=False),"T, T | F, F | NA, NA",,,,,,,y,,
jtci_sr_q65,Peds - JTCI Self Report,,dropdown,JTCI Self-Report (10:0 to 14:11 y:m): Q65 answer (T=True; F=False),"T, T | F, F | NA, NA",,,,,,,y,,
jtci_sr_q66,Peds - JTCI Self Report,,dropdown,JTCI Self-Report (10:0 to 14:11 y:m): Q66 answer (T=True; F=False),"T, T | F, F | NA, NA",,,,,,,y,,
jtci_sr_q68,Peds - JTCI Self Report,,dropdown,JTCI Self-Report (10:0 to 14:11 y:m): Q68 answer (T=True; F=False),"T, T | F, F | NA, NA",,,,,,,y,,
jtci_sr_q69,Peds - JTCI Self Report,,dropdown,JTCI Self-Report (10:0 to 14:11 y:m): Q69 answer (T=True; F=False),"T, T | F, F | NA, NA",,,,,,,y,,
jtci_sr_q7,Peds - JTCI Self Report,,dropdown,JTCI Self-Report (10:0 to 14:11 y:m): Q7 answer (T=True; F=False),"T, T | F, F | NA, NA",,,,,,,y,,
jtci_sr_q70,Peds - JTCI Self Report,,dropdown,JTCI Self-Report (10:0 to 14:11 y:m): Q70 answer (T=True; F=False),"T, T | F, F | NA, NA",,,,,,,y,,
jtci_sr_q71,Peds - JTCI Self Report,,dropdown,JTCI Self-Report (10:0 to 14:11 y:m): Q71 answer (T=True; F=False),"T, T | F, F | NA, NA",,,,,,,y,,
jtci_sr_q72,Peds - JTCI Self Report,,dropdown,JTCI Self-Report (10:0 to 14:11 y:m): Q72 answer (T=True; F=False),"T, T | F, F | NA, NA",,,,,,,y,,
jtci_sr_q73,Peds - JTCI Self Report,,dropdown,JTCI Self-Report (10:0 to 14:11 y:m): Q73 answer (T=True; F=False),"T, T | F, F | NA, NA",,,,,,,y,,
jtci_sr_q74,Peds - JTCI Self Report,,dropdown,JTCI Self-Report (10:0 to 14:11 y:m): Q74 answer (T=True; F=False),"T, T | F, F | NA, NA",,,,,,,y,,
jtci_sr_q75,Peds - JTCI Self Report,,dropdown,JTCI Self-Report (10:0 to 14:11 y:m): Q75 answer (T=True; F=False),"T, T | F, F | NA, NA",,,,,,,y,,
jtci_sr_q76,Peds - JTCI Self Report,,dropdown,JTCI Self-Report (10:0 to 14:11 y:m): Q76 answer (T=True; F=False),"T, T | F, F | NA, NA",,,,,,,y,,
jtci_sr_q77,Peds - JTCI Self Report,,dropdown,JTCI Self-Report (10:0 to 14:11 y:m): Q77 answer (T=True; F=False),"T, T | F, F | NA, NA",,,,,,,y,,
jtci_sr_q78,Peds - JTCI Self Report,,dropdown,JTCI Self-Report (10:0 to 14:11 y:m): Q78 answer (T=True; F=False),"T, T | F, F | NA, NA",,,,,,,y,,
jtci_sr_q79,Peds - JTCI Self Report,,dropdown,JTCI Self-Report (10:0 to 14:11 y:m): Q79 answer (T=True; F=False),"T, T | F, F | NA, NA",,,,,,,y,,
jtci_sr_q8,Peds - JTCI Self Report,,dropdown,JTCI Self-Report (10:0 to 14:11 y:m): Q8 answer (T=True; F=False),"T, T | F, F | NA, NA",,,,,,,y,,
jtci_sr_q80,Peds - JTCI Self Report,,dropdown,JTCI Self-Report (10:0 to 14:11 y:m): Q80 answer (T=True; F=False),"T, T | F, F | NA, NA",,,,,,,y,,
jtci_sr_q81,Peds - JTCI Self Report,,dropdown,JTCI Self-Report (10:0 to 14:11 y:m): Q81 answer (T=True; F=False),"T, T | F, F | NA, NA",,,,,,,y,,
jtci_sr_q82,Peds - JTCI Self Report,,dropdown,JTCI Self-Report (10:0 to 14:11 y:m): Q82 answer (T=True; F=False),"T, T | F, F | NA, NA",,,,,,,y,,
jtci_sr_q83,Peds - JTCI Self Report,,dropdown,JTCI Self-Report (10:0 to 14:11 y:m): Q83 answer (T=True; F=False),"T, T | F, F | NA, NA",,,,,,,y,,
jtci_sr_q84,Peds - JTCI Self Report,,dropdown,JTCI Self-Report (10:0 to 14:11 y:m): Q84 answer (T=True; F=False),"T, T | F, F | NA, NA",,,,,,,y,,
jtci_sr_q85,Peds - JTCI Self Report,,dropdown,JTCI Self-Report (10:0 to 14:11 y:m): Q85 answer (T=True; F=False),"T, T | F, F | NA, NA",,,,,,,y,,
jtci_sr_q86,Peds - JTCI Self Report,,dropdown,JTCI Self-Report (10:0 to 14:11 y:m): Q86 answer (T=True; F=False),"T, T | F, F | NA, NA",,,,,,,y,,
jtci_sr_q87,Peds - JTCI Self Report,,dropdown,JTCI Self-Report (10:0 to 14:11 y:m): Q87 answer (T=True; F=False),"T, T | F, F | NA, NA",,,,,,,y,,
jtci_sr_q88,Peds - JTCI Self Report,,dropdown,JTCI Self-Report (10:0 to 14:11 y:m): Q88 answer (T=True; F=False),"T, T | F, F | NA, NA",,,,,,,y,,
jtci_sr_q89,Peds - JTCI Self Report,,dropdown,JTCI Self-Report (10:0 to 14:11 y:m): Q89 answer (T=True; F=False),"T, T | F, F | NA, NA",,,,,,,y,,
jtci_sr_q9,Peds - JTCI Self Report,,dropdown,JTCI Self-Report (10:0 to 14:11 y:m): Q9 answer (T=True; F=False),"T, T | F, F | NA, NA",,,,,,,y,,
jtci_sr_q90,Peds - JTCI Self Report,,dropdown,JTCI Self-Report (10:0 to 14:11 y:m): Q90 answer (T=True; F=False),"T, T | F, F | NA, NA",,,,,,,y,,
jtci_sr_q91,Peds - JTCI Self Report,,dropdown,JTCI Self-Report (10:0 to 14:11 y:m): Q91 answer (T=True; F=False),"T, T | F, F | NA, NA",,,,,,,y,,
jtci_sr_q92,Peds - JTCI Self Report,,dropdown,JTCI Self-Report (10:0 to 14:11 y:m): Q92 answer (T=True; F=False),"T, T | F, F | NA, NA",,,,,,,y,,
jtci_sr_q94,Peds - JTCI Self Report,,dropdown,JTCI Self-Report (10:0 to 14:11 y:m): Q94 answer (T=True; F=False),"T, T | F, F | NA, NA",,,,,,,y,,
jtci_sr_q95,Peds - JTCI Self Report,,dropdown,JTCI Self-Report (10:0 to 14:11 y:m): Q95 answer (T=True; F=False),"T, T | F, F | NA, NA",,,,,,,y,,
jtci_sr_q96,Peds - JTCI Self Report,,dropdown,JTCI Self-Report (10:0 to 14:11 y:m): Q96 answer (T=True; F=False),"T, T | F, F | NA, NA",,,,,,,y,,
jtci_sr_q97,Peds - JTCI Self Report,,dropdown,JTCI Self-Report (10:0 to 14:11 y:m): Q97 answer (T=True; F=False),"T, T | F, F | NA, NA",,,,,,,y,,
jtci_sr_q98,Peds - JTCI Self Report,,dropdown,JTCI Self-Report (10:0 to 14:11 y:m): Q98 answer (T=True; F=False),"T, T | F, F | NA, NA",,,,,,,y,,
jtci_sr_q99,Peds - JTCI Self Report,,dropdown,JTCI Self-Report (10:0 to 14:11 y:m): Q99 answer (T=True; F=False),"T, T | F, F | NA, NA",,,,,,,y,,
jtci_sr_rewarddepend_raw_score,Peds - JTCI Self Report,,text,JTCI Self-Report (10:0 to 14:11 y:m): Reward dependence subscale raw score,,,,,,,,y,,
jtci_sr_selfdirect_raw_score,Peds - JTCI Self Report,,text,JTCI Self-Report (10:0 to 14:11 y:m): Self directedness subscale raw score,,,,,,,,y,,
jtci_sr_selftranc1_raw_score,Peds - JTCI Self Report,,text,JTCI Self-Report (10:0 to 14:11 y:m): Self transcendence 1 raw score,,,,,,,,y,,
jtci_sr_selftranc2_raw_score,Peds - JTCI Self Report,,text,JTCI Self-Report (10:0 to 14:11 y:m): Self transcendence 2 raw score,,,,,,,,y,,
jtci_sr_valid_raw_score,Peds - JTCI Self Report,,text,JTCI Self-Report (10:0 to 14:11 y:m): Validity subscale raw score,,,,,,,,y,,
jtci_sr_q106,Peds - JTCI Self Report,,dropdown,JTCI Self-Report (10:0 to 14:11 y:m): Q106 answer (T=True; F=False),"T, T | F, F | NA, NA",,,,,,,y,,
jtci_sr_q14,Peds - JTCI Self Report,,dropdown,JTCI Self-Report (10:0 to 14:11 y:m): Q14 answer (T=True; F=False),"T, T | F, F | NA, NA",,,,,,,y,,
jtci_sr_q15,Peds - JTCI Self Report,,dropdown,JTCI Self-Report (10:0 to 14:11 y:m): Q15 answer (T=True; F=False),"T, T | F, F | NA, NA",,,,,,,y,,
jtci_sr_q16,Peds - JTCI Self Report,,dropdown,JTCI Self-Report (10:0 to 14:11 y:m): Q16 answer (T=True; F=False),"T, T | F, F | NA, NA",,,,,,,y,,
jtci_sr_q19,Peds - JTCI Self Report,,dropdown,JTCI Self-Report (10:0 to 14:11 y:m): Q19 answer (T=True; F=False),"T, T | F, F | NA, NA",,,,,,,y,,
jtci_sr_q23,Peds - JTCI Self Report,,dropdown,JTCI Self-Report (10:0 to 14:11 y:m): Q23 answer (T=True; F=False),"T, T | F, F | NA, NA",,,,,,,y,,
jtci_sr_q34,Peds - JTCI Self Report,,dropdown,JTCI Self-Report (10:0 to 14:11 y:m): Q34 answer (T=True; F=False),"T, T | F, F | NA, NA",,,,,,,y,,
jtci_sr_q48,Peds - JTCI Self Report,,dropdown,JTCI Self-Report (10:0 to 14:11 y:m): Q48 answer (T=True; F=False),"T, T | F, F | NA, NA",,,,,,,y,,
jtci_sr_q60,Peds - JTCI Self Report,,dropdown,JTCI Self-Report (10:0 to 14:11 y:m): Q60 answer (T=True; F=False),"T, T | F, F | NA, NA",,,,,,,y,,
jtci_sr_q67,Peds - JTCI Self Report,,dropdown,JTCI Self-Report (10:0 to 14:11 y:m): Q67 answer (T=True; F=False),"T, T | F, F | NA, NA",,,,,,,y,,
jtci_sr_q93,Peds - JTCI Self Report,,dropdown,JTCI Self-Report (10:0 to 14:11 y:m): Q93 answer (T=True; F=False),"T, T | F, F | NA, NA",,,,,,,y,,
