Variable / Field Name,Form Name,Section Header,Field Type,Field Label,"Choices, Calculations, OR Slider Labels",Field Note,Text Validation Type OR Show Slider Number,Text Validation Min,Text Validation Max,Identifier?,Branching Logic (Show field only if...),Required Field?,Custom Alignment,Question Number (surveys only)
admin_status,Peds - NEPSY Verbal Fluency (Semantic and Phonemic),,dropdown,Instrument administration status,"Complete, Complete | Partial, Partial | Not Administered, Not Administered | Not Applicable, Not Applicable",,,,,,,y,,
timepoint_label,Peds - NEPSY Verbal Fluency (Semantic and Phonemic),,text,User-defined timepoint/visit label - a label selected by the site at the time of registration of a new timepoint into the database.  This label is used to group all the instruments administered to a subject at a given timepoint.,,,,,,,,y,,
src_subject_id,Peds - NEPSY Verbal Fluency (Semantic and Phonemic),,text,The site's subject identification,,,,,,,,y,,
vf_total_words_letter_f,Peds - NEPSY Verbal Fluency (Semantic and Phonemic),,text,Verbal Fluency (7y+): Letter F total number of words,,,,,,,,y,,
vf_total_words_food_or_drink,Peds - NEPSY Verbal Fluency (Semantic and Phonemic),,text,Verbal Fluency: Food/Drink total number of words,,,,,,,,y,,
vf_tot_words_credited_letter_s,Peds - NEPSY Verbal Fluency (Semantic and Phonemic),,text,Verbal Fluency (7y+): Letter S total number of words credited,,,,,,,,y,,
vf_rule_breaking_er_animals,Peds - NEPSY Verbal Fluency (Semantic and Phonemic),,text,Verbal Fluency: Animals rule breaking errors,,,,,,,,y,,
vf_perseverative_er_letter_s,Peds - NEPSY Verbal Fluency (Semantic and Phonemic),,text,Verbal Fluency (7y+): Letter S perseverative errors,,,,,,,,y,,
vf_food_drink_words_15to29_sec,Peds - NEPSY Verbal Fluency (Semantic and Phonemic),,text,Verbal Fluency (7y+): Food/Drink number of correct words produced in the 16 to 30 seconds time period,,,,,,,,y,,
vf_animal_word_cred_46to60_sec,Peds - NEPSY Verbal Fluency (Semantic and Phonemic),,text,Verbal Fluency: Animals number of correct words produced in the 46 to 60 seconds time period,,,,,,,,y,,
vf_animal_word_cred_31to45_sec,Peds - NEPSY Verbal Fluency (Semantic and Phonemic),,text,Verbal Fluency: Animals number of correct words produced in the 31 to 45 seconds time period,,,,,,,,y,,
vf_total_words_letter_s,Peds - NEPSY Verbal Fluency (Semantic and Phonemic),,text,Verbal Fluency (7y+): Letter S total number of words,,,,,,,,y,,
vf_total_words_letter_a,Peds - NEPSY Verbal Fluency (Semantic and Phonemic),,text,Verbal Fluency (7y+): Letter A total number of words,,,,,,,,y,,
vf_tot_words_credit_sem_categ,Peds - NEPSY Verbal Fluency (Semantic and Phonemic),,text,Verbal Fluency (7y+): Semantic category comprised of animal and food/drink words total number of words credited,,,,,,,,y,,
vf_tot_words_credit_phon_categ,Peds - NEPSY Verbal Fluency (Semantic and Phonemic),,text,"Verbal Fluency (7y+): Phonemic category comprised of letters A, F, and S total number of words credited",,,,,,,,y,,
vf_tot_words_credited_letter_f,Peds - NEPSY Verbal Fluency (Semantic and Phonemic),,text,Verbal Fluency (7y+): Letter F total number of words credited,,,,,,,,y,,
vf_tot_words_credit_food_drink,Peds - NEPSY Verbal Fluency (Semantic and Phonemic),,text,Verbal Fluency: Food/Drink total number of words credited,,,,,,,,y,,
vf_tot_words_credited_animals,Peds - NEPSY Verbal Fluency (Semantic and Phonemic),,text,Verbal Fluency: Animals total number of words credited,,,,,,,,y,,
vf_tot_words_creditedletter_a,Peds - NEPSY Verbal Fluency (Semantic and Phonemic),,text,Verbal Fluency (7y+): Letter A total number of words credited,,,,,,,,y,,
vf_total_words_animals,Peds - NEPSY Verbal Fluency (Semantic and Phonemic),,text,Verbal Fluency: Animals total number of words,,,,,,,,y,,
vf_total_score,Peds - NEPSY Verbal Fluency (Semantic and Phonemic),,text,"Verbal Fluency (7y+): Total raw ccore represents the cum of credited words in response to letters F and S, animal words, and food/drink words",,,,,,,,y,,
vf_total_raw_score,Peds - NEPSY Verbal Fluency (Semantic and Phonemic),,text,"Verbal Fluency: Total raw score represents the sum of credited words in response to letters A, F, S, animal words, and food/drink words",,,,,,,,y,,
vf_scaled_score,Peds - NEPSY Verbal Fluency (Semantic and Phonemic),,text,"Verbal Fluency: Age-specific scaled score for ages 7 through 12:11 (Population mean = 10, SD = 3)",,,,,,,,y,,
vf_rule_breaking_er_letter_s,Peds - NEPSY Verbal Fluency (Semantic and Phonemic),,text,Verbal Fluency (7y+): Letter S rule breaking errors,,,,,,,,y,,
vf_rule_breaking_er_letter_f,Peds - NEPSY Verbal Fluency (Semantic and Phonemic),,text,Verbal Fluency (7y+): Letter F rule breaking errors,,,,,,,,y,,
vf_rule_breaking_er_letter_a,Peds - NEPSY Verbal Fluency (Semantic and Phonemic),,text,Verbal Fluency (7y+): Letter A rule breaking errors,,,,,,,,y,,
vf_rule_breaking_er_food_drink,Peds - NEPSY Verbal Fluency (Semantic and Phonemic),,text,Verbal Fluency: Food/Drink rule breaking errors,,,,,,,,y,,
vf_perseverative_er_letter_f,Peds - NEPSY Verbal Fluency (Semantic and Phonemic),,text,Verbal Fluency (7y+): Letter F words perseverative errors,,,,,,,,y,,
vf_perseverative_er_letter_a,Peds - NEPSY Verbal Fluency (Semantic and Phonemic),,text,Verbal Fluency (7y+): Letter A perseverative errors,,,,,,,,y,,
vf_perseverative_er_food_drink,Peds - NEPSY Verbal Fluency (Semantic and Phonemic),,text,Verbal Fluency: Food/Drink perseverative errors,,,,,,,,y,,
vf_perseverative_er_animals,Peds - NEPSY Verbal Fluency (Semantic and Phonemic),,text,Verbal Fluency: Animals perseverative errors,,,,,,,,y,,
vf_let_s_words_46to60_sec,Peds - NEPSY Verbal Fluency (Semantic and Phonemic),,text,Verbal Fluency (7y+): Letter S number of correct words produced in the 46 to 60 seconds time period,,,,,,,,y,,
vf_let_s_words_31to45_sec,Peds - NEPSY Verbal Fluency (Semantic and Phonemic),,text,Verbal Fluency (7y+): Letter S number of correct words produced in the 31 to 45 seconds time period,,,,,,,,y,,
vf_let_s_words_1to15_sec,Peds - NEPSY Verbal Fluency (Semantic and Phonemic),,text,Verbal Fluency (7y+): Letter S number of correct words produced in the 1 to 15 seconds time period,,,,,,,,y,,
vf_let_s_words_16to30_sec,Peds - NEPSY Verbal Fluency (Semantic and Phonemic),,text,Verbal Fluency (7y+): Letter S number of correct words produced in the 16 to 30 seconds time period,,,,,,,,y,,
vf_let_f_words_46to60_sec,Peds - NEPSY Verbal Fluency (Semantic and Phonemic),,text,Verbal Fluency (7y+): Letter F number of correct words produced in the 46 to 60 seconds time period,,,,,,,,y,,
vf_let_f_words_31to45_sec,Peds - NEPSY Verbal Fluency (Semantic and Phonemic),,text,Verbal Fluency (7y+): Letter F number of correct words produced in the 31 to 45 seconds time period,,,,,,,,y,,
vf_let_f_words_1to15_sec,Peds - NEPSY Verbal Fluency (Semantic and Phonemic),,text,Verbal Fluency (7y+): Letter F number of correct words produced in the 1 to 15 seconds time period,,,,,,,,y,,
vf_let_f_words_16to30_sec,Peds - NEPSY Verbal Fluency (Semantic and Phonemic),,text,Verbal Fluency (7y+): Letter F number of correct words produced in the 16 to 30 seconds time period,,,,,,,,y,,
vf_let_a_words_46to60_sec,Peds - NEPSY Verbal Fluency (Semantic and Phonemic),,text,Verbal Fluency (7y+): Letter A number of correct words produced in the 46 to 60 seconds time period,,,,,,,,y,,
vf_let_a_words_31to45_sec,Peds - NEPSY Verbal Fluency (Semantic and Phonemic),,text,Verbal Fluency (7y+): Letter A number of correct words produced in the 31 to 45 seconds time period,,,,,,,,y,,
vf_let_a_words_1to15_sec,Peds - NEPSY Verbal Fluency (Semantic and Phonemic),,text,Verbal Fluency (7y+): Letter A number of correct words produced in the 1 to 15 seconds time period,,,,,,,,y,,
vf_let_a_words_16to30_sec,Peds - NEPSY Verbal Fluency (Semantic and Phonemic),,text,Verbal Fluency (7y+): Letter A number of correct words produced in the 16 to 30 seconds time period,,,,,,,,y,,
vf_food_drink_words_46to60_sec,Peds - NEPSY Verbal Fluency (Semantic and Phonemic),,text,Verbal Fluency: Food/Drink number of correct words produced in the 46 to 60 seconds time period,,,,,,,,y,,
vf_food_drink_words_31to45_sec,Peds - NEPSY Verbal Fluency (Semantic and Phonemic),,text,Verbal Fluency: Food/Drink number of correct words produced in the 31 to 45 seconds time period,,,,,,,,y,,
vf_food_drink_words_1to15_sec,Peds - NEPSY Verbal Fluency (Semantic and Phonemic),,text,Verbal Fluency: Food/Drink number of correct words produced in the 1 to 15 seconds time period,,,,,,,,y,,
vf_animal_word_cred_1to15_sec,Peds - NEPSY Verbal Fluency (Semantic and Phonemic),,text,Verbal Fluency: Animals number of correct words produced in the 1 to 15 seconds time period,,,,,,,,y,,
vf_animal_word_cred_16to30_sec,Peds - NEPSY Verbal Fluency (Semantic and Phonemic),,text,Verbal Fluency: Animals number of correct words produced in the 16 to 30 seconds time period,,,,,,,,y,,
age_days_dot_to_dob,Peds - NEPSY Verbal Fluency (Semantic and Phonemic),,text,Age in days obtained by subtracting the date of birth from the date of test,,,,,,,,y,,
subjectkey,Peds - NEPSY Verbal Fluency (Semantic and Phonemic),,text,The NDAR Global Unique Identifier (GUID) for subjects which identifies a subject in NDAR,,,,,,,,,,
