Variable / Field Name,Form Name,Section Header,Field Type,Field Label,"Choices, Calculations, OR Slider Labels",Field Note,Text Validation Type OR Show Slider Number,Text Validation Min,Text Validation Max,Identifier?,Branching Logic (Show field only if...),Required Field?,Custom Alignment,Question Number (surveys only)
subjectkey,Aberrant Behavior Checklist - Community,Header,text,The NDAR Global Unique Identifier (GUID) for subjects which identifies a subject in NDAR,,,,,,,,y,,
src_subject_id,Aberrant Behavior Checklist - Community,,text,The site's subject identification,,,,,,,,y,,
interview_date,Aberrant Behavior Checklist - Community,,text,Date on which the interview/genetic test/sampling/imaging was completed,"MM/yyyy, MM/yyyy | MM/dd/yyyy, MM/dd/yyyy",* '01/01/1900' indicates that a date associated with retrospective data is not known.,date_ymd,,,,,y,,
interview_age,Aberrant Behavior Checklist - Community,,text,Age in months at the time of the interview/test/sampling/imaging.,,Age is rounded to chronological month If the research participant is 13 days old at time of interview  the appropriate value would be 0 months if the participant is 19 days old the value would be 1 month,number,0,1200,,,y,,
comments_misc,Aberrant Behavior Checklist - Community,,text,"Miscellaneous comments on study, interview, methodology relevant to this form data",,,,,,,,,,
inter_relationparent,Aberrant Behavior Checklist - Community,,dropdown,Relationship to client - Parent,"Yes, Yes | No, No",,,,,,,y,,
inter_relationteacher,Aberrant Behavior Checklist - Community,,dropdown,Relationship to client - Teacher,"Yes, Yes | No, No",,,,,,,y,,
inter_relationtrainer,Aberrant Behavior Checklist - Community,,dropdown,Relationship to client - Trainer/Supervisor,"Yes, Yes | No, No",,,,,,,y,,
inter_relationother,Aberrant Behavior Checklist - Community,,dropdown,Relationship to client - Other,"Yes, Yes | No, No",,,,,,,y,,
inter_relationothspecify,Aberrant Behavior Checklist - Community,,text,Relationship to client - Other (please specify),,,,,,,,y,,
inter_whrhome,Aberrant Behavior Checklist - Community,Interview,dropdown,Where Was the Client Observed? Home,"Yes, Yes | No, No",,,,,,,y,,
inter_whrschool,Aberrant Behavior Checklist - Community,,dropdown,Where Was the Client Observed? School,"Yes, Yes | No, No",,,,,,,y,,
inter_whrresid,Aberrant Behavior Checklist - Community,,dropdown,Where Was the Client Observed? Residential Unit,"Yes, Yes | No, No",,,,,,,y,,
inter_whrwrksp,Aberrant Behavior Checklist - Community,,dropdown,Where Was the Client Observed? Workshop,"Yes, Yes | No, No",,,,,,,y,,
inter_whroth,Aberrant Behavior Checklist - Community,,dropdown,Where Was the Client Observed? Other,"Yes, Yes | No, No",,,,,,,y,,
inter_whrothspec,Aberrant Behavior Checklist - Community,,text,"Specify Location, if Other:",,,,,,,,y,,
inter_cladh,Aberrant Behavior Checklist - Community,,dropdown,"If in School, Type of Class (check one): Developmentally Handicapped","Yes, Yes | No, No",,,,,,,y,,
inter_clamh,Aberrant Behavior Checklist - Community,,dropdown,"If in School, Type of Class (check one): Multihandicapped","Yes, Yes | No, No",,,,,,,y,,
inter_clasbh,Aberrant Behavior Checklist - Community,,dropdown,"If in School, Type of Class (check one): Severe Behavior Handicap","Yes, Yes | No, No",,,,,,,y,,
inter_claoth,Aberrant Behavior Checklist - Community,,dropdown,"If in School, Type of Class (check one): Other","Yes, Yes | No, No",,,,,,,y,,
inter_claothspec,Aberrant Behavior Checklist - Community,,text,"Specify Class, if Other:",,,,,,,,y,,
inter_ethcau,Aberrant Behavior Checklist - Community,,dropdown,Ethnic Group (check): Caucasian,"Yes, Yes | No, No",,,,,,,y,,
inter_ethhis,Aberrant Behavior Checklist - Community,,dropdown,Ethnic Group (check): Hispanic,"Yes, Yes | No, No",,,,,,,y,,
inter_ethafa,Aberrant Behavior Checklist - Community,,dropdown,Ethnic Group (check): African-American,"Yes, Yes | No, No",,,,,,,y,,
inter_ethoth,Aberrant Behavior Checklist - Community,,dropdown,Ethnic Group (check): Other,"Yes, Yes | No, No",,,,,,,y,,
inter_ethothspec,Aberrant Behavior Checklist - Community,,text,"Specify Ethnic Group, if Other:",,,,,,,,y,,
inter_deaf,Aberrant Behavior Checklist - Community,,dropdown,CLIENTS MEDICAL STATUS: Deafness?,"Yes, Yes | No, No | ?, ?",,,,,,,y,,
inter_blind,Aberrant Behavior Checklist - Community,,dropdown,CLIENTS MEDICAL STATUS: Blindness?,"Yes, Yes | No, No | ?, ?",,,,,,,y,,
inter_epilep,Aberrant Behavior Checklist - Community,,dropdown,CLIENTS MEDICAL STATUS: Epilepsy?,"Yes, Yes | No, No | ?, ?",,,,,,,y,,
inter_cp,Aberrant Behavior Checklist - Community,,dropdown,CLIENTS MEDICAL STATUS: Cerebral Palsy?,"Yes, Yes | No, No | ?, ?",,,,,,,y,,
inter_othercond,Aberrant Behavior Checklist - Community,,text,CLIENTS MEDICAL STATUS: Other,,,,,,,,y,,
inter_med1,Aberrant Behavior Checklist - Community,,text,Current Medications 1 and dosage schedule,,,,,,,,y,,
inter_med2,Aberrant Behavior Checklist - Community,,text,Current Medications 2 and dosage schedule,,,,,,,,y,,
inter_med3,Aberrant Behavior Checklist - Community,,text,Current Medications 3 and dosage schedule,,,,,,,,y,,
inter_med4,Aberrant Behavior Checklist - Community,,text,Current Medications 4 and dosage schedule,,,,,,,,y,,
inter_med5,Aberrant Behavior Checklist - Community,,text,Current Medications 5 and dosage schedule,,,,,,,,y,,
ques_active,Aberrant Behavior Checklist - Community,Questions,dropdown,"1. Excessively active at home, school, work, or elsewhere","0, 0 | 1, 1 | 2, 2 | 3, 3",,,,,,,y,,
ques_selfinj,Aberrant Behavior Checklist - Community,,dropdown,2. Injures self on purpose,"0, 0 | 1, 1 | 2, 2 | 3, 3",,,,,,,y,,
ques_inact,Aberrant Behavior Checklist - Community,,dropdown,"3. Listless, sluggish, inactive","0, 0 | 1, 1 | 2, 2 | 3, 3",,,,,,,y,,
ques_aggres,Aberrant Behavior Checklist - Community,,dropdown,4. Aggressive to other children.or adults (verbally or physically),"0, 0 | 1, 1 | 2, 2 | 3, 3",,,,,,,y,,
ques_isolate,Aberrant Behavior Checklist - Community,,dropdown,5. Seeks isolation from others,"0, 0 | 1, 1 | 2, 2 | 3, 3",,,,,,,y,,
ques_bodymove,Aberrant Behavior Checklist - Community,,dropdown,"6. Meaningless, recurring body movements","0, 0 | 1, 1 | 2, 2 | 3, 3",,,,,,,y,,
ques_boister,Aberrant Behavior Checklist - Community,,dropdown,7. Boisterous (inappropriately noisy and rough),"0, 0 | 1, 1 | 2, 2 | 3, 3",,,,,,,y,,
ques_scream,Aberrant Behavior Checklist - Community,,dropdown,8. Screams inappropriately,"0, 0 | 1, 1 | 2, 2 | 3, 3",,,,,,,y,,
ques_talk,Aberrant Behavior Checklist - Community,,dropdown,9. Talks excessively,"0, 0 | 1, 1 | 2, 2 | 3, 3",,,,,,,y,,
ques_temper,Aberrant Behavior Checklist - Community,,dropdown,10. Temper tantrums/outbursts,"0, 0 | 1, 1 | 2, 2 | 3, 3",,,,,,,y,,
ques_stermov,Aberrant Behavior Checklist - Community,,dropdown,"11. Stereotyped behavior; abnormal, repetitive movements","0, 0 | 1, 1 | 2, 2 | 3, 3",,,,,,,y,,
ques_preocc,Aberrant Behavior Checklist - Community,,dropdown,12. Preoccupied; stares into space,"0, 0 | 1, 1 | 2, 2 | 3, 3",,,,,,,y,,
ques_impuls,Aberrant Behavior Checklist - Community,,dropdown,13. Impulsive (acts without thinking),"0, 0 | 1, 1 | 2, 2 | 3, 3",,,,,,,y,,
ques_irrita,Aberrant Behavior Checklist - Community,,dropdown,14. Irritable and whiny,"0, 0 | 1, 1 | 2, 2 | 3, 3",,,,,,,y,,
ques_restless,Aberrant Behavior Checklist - Community,,dropdown,"15. Restless, unable to sit still","0, 0 | 1, 1 | 2, 2 | 3, 3",,,,,,,y,,
ques_withdra,Aberrant Behavior Checklist - Community,,dropdown,16. Withdrawn; prefers solitary activities,"0, 0 | 1, 1 | 2, 2 | 3, 3",,,,,,,y,,
ques_oddbeh,Aberrant Behavior Checklist - Community,,dropdown,"17. Odd, bizarre in behavior","0, 0 | 1, 1 | 2, 2 | 3, 3",,,,,,,y,,
ques_diso,Aberrant Behavior Checklist - Community,,dropdown,18. Disobedient; difficult to control,"0, 0 | 1, 1 | 2, 2 | 3, 3",,,,,,,y,,
ques_yells,Aberrant Behavior Checklist - Community,,dropdown,19. Yells at inappropriate times,"0, 0 | 1, 1 | 2, 2 | 3, 3",,,,,,,y,,
ques_fixface,Aberrant Behavior Checklist - Community,,dropdown,20. Fixed facial expression; lacks emotional responsiveness,"0, 0 | 1, 1 | 2, 2 | 3, 3",,,,,,,y,,
ques_disturb,Aberrant Behavior Checklist - Community,,dropdown,21. Disturbs others,"0, 0 | 1, 1 | 2, 2 | 3, 3",,,,,,,y,,
ques_reptsp,Aberrant Behavior Checklist - Community,,dropdown,22. Repetitive speech,"0, 0 | 1, 1 | 2, 2 | 3, 3",,,,,,,y,,
ques_nothsit,Aberrant Behavior Checklist - Community,,dropdown,23. Does nothing but sit and watch others,"0, 0 | 1, 1 | 2, 2 | 3, 3",,,,,,,y,,
ques_uncoop,Aberrant Behavior Checklist - Community,,dropdown,24. Uncooperative,"0, 0 | 1, 1 | 2, 2 | 3, 3",,,,,,,y,,
ques_depres,Aberrant Behavior Checklist - Community,,dropdown,25. Depressed mood,"0, 0 | 1, 1 | 2, 2 | 3, 3",,,,,,,y,,
ques_nocont,Aberrant Behavior Checklist - Community,,dropdown,26. Resists any form of physical contact,"0, 0 | 1, 1 | 2, 2 | 3, 3",,,,,,,y,,
ques_headrep,Aberrant Behavior Checklist - Community,,dropdown,27. Moves or rolls head back and forth repetitively,"0, 0 | 1, 1 | 2, 2 | 3, 3",,,,,,,y,,
ques_noinstr,Aberrant Behavior Checklist - Community,,dropdown,28. Does not pay attention to instructions,"0, 0 | 1, 1 | 2, 2 | 3, 3",,,,,,,y,,
ques_demand,Aberrant Behavior Checklist - Community,,dropdown,29. Demands must be met immediately,"0, 0 | 1, 1 | 2, 2 | 3, 3",,,,,,,y,,
ques_isoother,Aberrant Behavior Checklist - Community,,dropdown,30. Isolates himself/herself from other children or adults,"0, 0 | 1, 1 | 2, 2 | 3, 3",,,,,,,y,,
ques_disgroup,Aberrant Behavior Checklist - Community,,dropdown,31. Disrupts group activities,"0, 0 | 1, 1 | 2, 2 | 3, 3",,,,,,,y,,
ques_longtime,Aberrant Behavior Checklist - Community,,dropdown,32. Sits or stands in one position for a long time,"0, 0 | 1, 1 | 2, 2 | 3, 3",,,,,,,y,,
ques_talkself,Aberrant Behavior Checklist - Community,,dropdown,33. Talks to self loudly,"0, 0 | 1, 1 | 2, 2 | 3, 3",,,,,,,y,,
ques_criesmin,Aberrant Behavior Checklist - Community,,dropdown,34. Cries over minor annoyances and hurts,"0, 0 | 1, 1 | 2, 2 | 3, 3",,,,,,,y,,
ques_repmov,Aberrant Behavior Checklist - Community,,dropdown,"35. Repetitive hand, body, or head movements","0, 0 | 1, 1 | 2, 2 | 3, 3",,,,,,,y,,
ques_moodqu,Aberrant Behavior Checklist - Community,,dropdown,36. Mood changes quickly,"0, 0 | 1, 1 | 2, 2 | 3, 3",,,,,,,y,,
ques_unstruct,Aberrant Behavior Checklist - Community,,dropdown,37. Unresponsive to structured activities (does not react),"0, 0 | 1, 1 | 2, 2 | 3, 3",,,,,,,y,,
ques_noseat,Aberrant Behavior Checklist - Community,,dropdown,"38. Does not stay in seat (e.g., during lesson or training periods, meals, etc)","0, 0 | 1, 1 | 2, 2 | 3, 3",,,,,,,y,,
ques_nsitstil,Aberrant Behavior Checklist - Community,,dropdown,39. Will not sit still for any length of time,"0, 0 | 1, 1 | 2, 2 | 3, 3",,,,,,,y,,
ques_difreach,Aberrant Behavior Checklist - Community,,dropdown,"40. Is difficult to reach, contact, or get through to","0, 0 | 1, 1 | 2, 2 | 3, 3",,,,,,,y,,
ques_criesini,Aberrant Behavior Checklist - Community,,dropdown,41. Cries and screams inappropriately,"0, 0 | 1, 1 | 2, 2 | 3, 3",,,,,,,y,,
ques_prefalon,Aberrant Behavior Checklist - Community,,dropdown,42. Prefers to be alone,"0, 0 | 1, 1 | 2, 2 | 3, 3",,,,,,,y,,
ques_nowords,Aberrant Behavior Checklist - Community,,dropdown,43. Does not try to communicate by words or gestures,"0, 0 | 1, 1 | 2, 2 | 3, 3",,,,,,,y,,
ques_distract,Aberrant Behavior Checklist - Community,,dropdown,44. Easily distractible,"0, 0 | 1, 1 | 2, 2 | 3, 3",,,,,,,y,,
ques_waverep,Aberrant Behavior Checklist - Community,,dropdown,45. Waves or shakes the extremities repeatedly,"0, 0 | 1, 1 | 2, 2 | 3, 3",,,,,,,y,,
ques_repwords,Aberrant Behavior Checklist - Community,,dropdown,46. Repeats a word or phrase over and over,"0, 0 | 1, 1 | 2, 2 | 3, 3",,,,,,,y,,
ques_bangsobj,Aberrant Behavior Checklist - Community,,dropdown,47. Stamps feet or bangs objects or slams doors,"0, 0 | 1, 1 | 2, 2 | 3, 3",,,,,,,y,,
ques_construn,Aberrant Behavior Checklist - Community,,dropdown,48. Constantly runs or jumps around the room,"0, 0 | 1, 1 | 2, 2 | 3, 3",,,,,,,y,,
ques_rocksrep,Aberrant Behavior Checklist - Community,,dropdown,49. Rocks body back and forth repeatedly,"0, 0 | 1, 1 | 2, 2 | 3, 3",,,,,,,y,,
ques_hurtself,Aberrant Behavior Checklist - Community,,dropdown,50. Deliberately hurts himself/herself,"0, 0 | 1, 1 | 2, 2 | 3, 3",,,,,,,y,,
ques_noattent,Aberrant Behavior Checklist - Community,,dropdown,51. Pays no attention when spoken to,"0, 0 | 1, 1 | 2, 2 | 3, 3",,,,,,,y,,
ques_violenself,Aberrant Behavior Checklist - Community,,dropdown,52. Does physical violence to self,"0, 0 | 1, 1 | 2, 2 | 3, 3",,,,,,,y,,
ques_nospont,Aberrant Behavior Checklist - Community,,dropdown,"53. Inactive, never moves spontaneously","0, 0 | 1, 1 | 2, 2 | 3, 3",,,,,,,y,,
ques_overact,Aberrant Behavior Checklist - Community,,dropdown,54. Tends to be excessively active,"0, 0 | 1, 1 | 2, 2 | 3, 3",,,,,,,y,,
ques_negaffec,Aberrant Behavior Checklist - Community,,dropdown,55. Responds negatively to affection,"0, 0 | 1, 1 | 2, 2 | 3, 3",,,,,,,y,,
ques_ignodirec,Aberrant Behavior Checklist - Community,,dropdown,56. Deliberately ignores directions,"0, 0 | 1, 1 | 2, 2 | 3, 3",,,,,,,y,,
ques_nownway,Aberrant Behavior Checklist - Community,,dropdown,57. Has temper outbursts or tantrums when he/she does not get own way,"0, 0 | 1, 1 | 2, 2 | 3, 3",,,,,,,y,,
ques_fewsocia,Aberrant Behavior Checklist - Community,,dropdown,58. Shows few social reactions to others,"0, 0 | 1, 1 | 2, 2 | 3, 3",,,,,,,y,,
total_irrita,Aberrant Behavior Checklist - Community,Totals,text,Subscale I: Irritability,,,,,,,,y,,
total_lethar,Aberrant Behavior Checklist - Community,,text,Subscale II: Lethargy,,,,,,,,y,,
total_stereo,Aberrant Behavior Checklist - Community,,text,Subscale III: Stereotypy,,,,,,,,y,,
total_hyper,Aberrant Behavior Checklist - Community,,text,Subscale IV: Hyperactivity,,,,,,,,y,,
total_speech,Aberrant Behavior Checklist - Community,,text,Subscale V: Inappropriate Speech,,,,,,,,y,,
