Variable / Field Name,Form Name,Section Header,Field Type,Field Label,"Choices, Calculations, OR Slider Labels",Field Note,Text Validation Type OR Show Slider Number,Text Validation Min,Text Validation Max,Identifier?,Branching Logic (Show field only if...),Required Field?,Custom Alignment,Question Number (surveys only)
subjectkey,Social Communication Questionnaire (SCQ) - Current,Header,text,,,,,,,,,y,,
src_subject_id,Social Communication Questionnaire (SCQ) - Current,,text,,,,,,,,,y,,
interview_date,Social Communication Questionnaire (SCQ) - Current,,text,,"MM/yyyy, MM/yyyy | MM/dd/yyyy, MM/dd/yyyy",* '01/01/1900' indicates that a date associated with retrospective data is not known.,date_ymd,,,,,y,,
interview_age,Social Communication Questionnaire (SCQ) - Current,,text,,,Age is rounded to chronological month If the research participant is 13 days old at time of interview  the appropriate value would be 0 months if the participant is 19 days old the value would be 1 month,number,0,1200,,,y,,
comments_misc,Social Communication Questionnaire (SCQ) - Current,,text,,,,,,,,,,,
header_1,Social Communication Questionnaire (SCQ) - Current,,text,,,,,,,,,y,,
gender,Social Communication Questionnaire (SCQ) - Current,,dropdown,,"M, M | F, F",,,,,,,y,,
current_shortphrases,Social Communication Questionnaire (SCQ) - Current,Questions,dropdown,,"Yes, Yes | No, No",,,,,,,y,,
current_turns,Social Communication Questionnaire (SCQ) - Current,,dropdown,,"Yes, Yes | No, No",,,,,,,y,,
current_oddphrases,Social Communication Questionnaire (SCQ) - Current,,dropdown,,"Yes, Yes | No, No",,,,,,,y,,
current_askiappques,Social Communication Questionnaire (SCQ) - Current,,dropdown,,"Yes, Yes | No, No",,,,,,,y,,
current_pronounsmix,Social Communication Questionnaire (SCQ) - Current,,dropdown,,"Yes, Yes | No, No",,,,,,,y,,
current_madeup,Social Communication Questionnaire (SCQ) - Current,,dropdown,,"Yes, Yes | No, No",,,,,,,y,,
current_sayagain,Social Communication Questionnaire (SCQ) - Current,,dropdown,,"Yes, Yes | No, No",,,,,,,y,,
current_things,Social Communication Questionnaire (SCQ) - Current,,dropdown,,"Yes, Yes | No, No",,,,,,,y,,
current_facialex,Social Communication Questionnaire (SCQ) - Current,,dropdown,,"Yes, Yes | No, No",,,,,,,y,,
current_handtool,Social Communication Questionnaire (SCQ) - Current,,dropdown,,"Yes, Yes | No, No",,,,,,,y,,
current_oddinterest,Social Communication Questionnaire (SCQ) - Current,,dropdown,,"Yes, Yes | No, No",,,,,,,y,,
current_interestobjpart,Social Communication Questionnaire (SCQ) - Current,,dropdown,,"Yes, Yes | No, No",,,,,,,y,,
current_unusual,Social Communication Questionnaire (SCQ) - Current,,dropdown,,"Yes, Yes | No, No",,,,,,,y,,
current_unusualint,Social Communication Questionnaire (SCQ) - Current,,dropdown,,"Yes, Yes | No, No",,,,,,,y,,
current_manner,Social Communication Questionnaire (SCQ) - Current,,dropdown,,"Yes, Yes | No, No",,,,,,,y,,
current_movement,Social Communication Questionnaire (SCQ) - Current,,dropdown,,"Yes, Yes | No, No",,,,,,,y,,
current_injure,Social Communication Questionnaire (SCQ) - Current,,dropdown,,"Yes, Yes | No, No",,,,,,,y,,
current_objcarry,Social Communication Questionnaire (SCQ) - Current,,dropdown,,"Yes, Yes | No, No",,,,,,,y,,
current_bestfrnd,Social Communication Questionnaire (SCQ) - Current,,dropdown,,"Yes, Yes | No, No",,,,,,,y,,
current_talkfrndly,Social Communication Questionnaire (SCQ) - Current,,dropdown,,"Yes, Yes | No, No",,,,,,,y,,
current_copyyou,Social Communication Questionnaire (SCQ) - Current,,dropdown,,"Yes, Yes | No, No",,,,,,,y,,
current_ptthings,Social Communication Questionnaire (SCQ) - Current,,dropdown,,"Yes, Yes | No, No",,,,,,,y,,
current_gesture,Social Communication Questionnaire (SCQ) - Current,,dropdown,,"Yes, Yes | No, No",,,,,,,y,,
current_nodheady,Social Communication Questionnaire (SCQ) - Current,,dropdown,,"Yes, Yes | No, No",,,,,,,y,,
current_nodheadn,Social Communication Questionnaire (SCQ) - Current,,dropdown,,"Yes, Yes | No, No",,,,,,,y,,
current_facelook,Social Communication Questionnaire (SCQ) - Current,,dropdown,,"Yes, Yes | No, No",,,,,,,y,,
current_smileback,Social Communication Questionnaire (SCQ) - Current,,dropdown,,"Yes, Yes | No, No",,,,,,,y,,
current_attn,Social Communication Questionnaire (SCQ) - Current,,dropdown,,"Yes, Yes | No, No",,,,,,,y,,
current_share,Social Communication Questionnaire (SCQ) - Current,,dropdown,,"Yes, Yes | No, No",,,,,,,y,,
current_joinenjoy,Social Communication Questionnaire (SCQ) - Current,,dropdown,,"Yes, Yes | No, No",,,,,,,y,,
current_comfort,Social Communication Questionnaire (SCQ) - Current,,dropdown,,"Yes, Yes | No, No",,,,,,,y,,
current_help,Social Communication Questionnaire (SCQ) - Current,,dropdown,,"Yes, Yes | No, No",,,,,,,y,,
current_normalfacialexp,Social Communication Questionnaire (SCQ) - Current,,dropdown,,"Yes, Yes | No, No",,,,,,,y,,
current_copyaction,Social Communication Questionnaire (SCQ) - Current,,dropdown,,"Yes, Yes | No, No",,,,,,,y,,
current_makebelievegame,Social Communication Questionnaire (SCQ) - Current,,dropdown,,"Yes, Yes | No, No",,,,,,,y,,
current_childinterest,Social Communication Questionnaire (SCQ) - Current,,dropdown,,"Yes, Yes | No, No",,,,,,,y,,
current_positiveapp,Social Communication Questionnaire (SCQ) - Current,,dropdown,,"Yes, Yes | No, No",,,,,,,y,,
current_talknoname,Social Communication Questionnaire (SCQ) - Current,,dropdown,,"Yes, Yes | No, No",,,,,,,y,,
current_imaginegame,Social Communication Questionnaire (SCQ) - Current,,dropdown,,"Yes, Yes | No, No",,,,,,,y,,
current_playcoop,Social Communication Questionnaire (SCQ) - Current,,dropdown,,"Yes, Yes | No, No",,,,,,,y,,
scq_subtotal_1,Social Communication Questionnaire (SCQ) - Current,,text,,,,,,,,,y,,
scq_subtotal_2,Social Communication Questionnaire (SCQ) - Current,,text,,,,,,,,,y,,
scq_subtotal_3,Social Communication Questionnaire (SCQ) - Current,,text,,,,,,,,,y,,
scq_subtotal_4,Social Communication Questionnaire (SCQ) - Current,,text,,,,,,,,,y,,
scq_total_score,Social Communication Questionnaire (SCQ) - Current,,text,,,,,,,,,y,,
