Variable / Field Name,Form Name,Section Header,Field Type,Field Label,"Choices, Calculations, OR Slider Labels",Field Note,Text Validation Type OR Show Slider Number,Text Validation Min,Text Validation Max,Identifier?,Branching Logic (Show field only if...),Required Field?,Custom Alignment,Question Number (surveys only)
subjectkey,"Peabody Picture Vocabulary Test, Third Edition (Form A)",Header,text,The NDAR Global Unique Identifier (GUID) for subjects which identifies a subject in NDAR,,,,,,,,y,,
src_subject_id,"Peabody Picture Vocabulary Test, Third Edition (Form A)",,text,The site's subject identification,,,,,,,,y,,
interview_date,"Peabody Picture Vocabulary Test, Third Edition (Form A)",,text,Date on which the interview/genetic test/sampling/imaging was completed,"MM/yyyy, MM/yyyy | MM/dd/yyyy, MM/dd/yyyy",* '01/01/1900' indicates that a date associated with retrospective data is not known.,date_ymd,,,,,y,,
interview_age,"Peabody Picture Vocabulary Test, Third Edition (Form A)",,text,Age in months at the time of the interview/test/sampling/imaging.,,Age is rounded to chronological month If the research participant is 13 days old at time of interview  the appropriate value would be 0 months if the participant is 19 days old the value would be 1 month,number,0,1200,,,y,,
comments_misc,"Peabody Picture Vocabulary Test, Third Edition (Form A)",,text,"Miscellaneous comments on study, interview, methodology relevant to this form data",,,,,,,,,,
test_reason,"Peabody Picture Vocabulary Test, Third Edition (Form A)",,text,Reason for Testing,,,,,,,,y,,
other_info,"Peabody Picture Vocabulary Test, Third Edition (Form A)",,text,Other Information on Test Taker,,,,,,,,,,
chronological_age,"Peabody Picture Vocabulary Test, Third Edition (Form A)",,text,Interview Age (in months),,,number,0,1200,,,y,,
gender,"Peabody Picture Vocabulary Test, Third Edition (Form A)",,dropdown,Gender,"M, M | F, F",,,,,,,y,,
language,"Peabody Picture Vocabulary Test, Third Edition (Form A)",,text,Language Spoken at Home,,,,,,,,y,,
language_specify,"Peabody Picture Vocabulary Test, Third Edition (Form A)",,text,Language in the home - Specify if other than standard english,,,,,,,,y,,
score_raw,"Peabody Picture Vocabulary Test, Third Edition (Form A)",Scores,text,Raw Score (from oval on page 2),,,number,1,,,,y,,
score_standard,"Peabody Picture Vocabulary Test, Third Edition (Form A)",,text,Standard Score (Norms table 1),,,,,,,,y,,
score_precent,"Peabody Picture Vocabulary Test, Third Edition (Form A)",,text,Percentile Rank (Norms table 2),,,,,,,,y,,
score_norm,"Peabody Picture Vocabulary Test, Third Edition (Form A)",,text,Normal Curve Equivalent (Norms table 2),,,,,,,,y,,
score_stanine,"Peabody Picture Vocabulary Test, Third Edition (Form A)",,text,Stanine (Norms table 2),,,,,,,,y,,
score_ageeq,"Peabody Picture Vocabulary Test, Third Edition (Form A)",,text,Age Equivalent (Norms table 3),,,,,,,,y,,
errors_set1,"Peabody Picture Vocabulary Test, Third Edition (Form A)",Errors,text,No. or Errors in Set 1,,,number,0,,,,y,,
errors_set2,"Peabody Picture Vocabulary Test, Third Edition (Form A)",,text,No. or Errors in Set 2,,,number,0,,,,y,,
errors_set3,"Peabody Picture Vocabulary Test, Third Edition (Form A)",,text,No. or Errors in Set 3,,,number,0,,,,y,,
errors_set4,"Peabody Picture Vocabulary Test, Third Edition (Form A)",,text,No. or Errors in Set 4,,,number,0,,,,y,,
errors_set5,"Peabody Picture Vocabulary Test, Third Edition (Form A)",,text,No. or Errors in Set 5,,,number,0,,,,y,,
errors_set6,"Peabody Picture Vocabulary Test, Third Edition (Form A)",,text,No. or Errors in Set 6,,,number,0,,,,y,,
errors_set7,"Peabody Picture Vocabulary Test, Third Edition (Form A)",,text,No. or Errors in Set 7,,,number,0,,,,y,,
errors_set8,"Peabody Picture Vocabulary Test, Third Edition (Form A)",,text,No. or Errors in Set 8,,,number,0,,,,y,,
errors_set9,"Peabody Picture Vocabulary Test, Third Edition (Form A)",,text,No. or Errors in Set 9,,,number,0,,,,y,,
errors_set10,"Peabody Picture Vocabulary Test, Third Edition (Form A)",,text,No. or Errors in Set 10,,,number,0,,,,y,,
errors_set11,"Peabody Picture Vocabulary Test, Third Edition (Form A)",,text,No. or Errors in Set 11,,,number,0,,,,y,,
errors_set12,"Peabody Picture Vocabulary Test, Third Edition (Form A)",,text,No. or Errors in Set 12,,,number,0,,,,y,,
errors_set13,"Peabody Picture Vocabulary Test, Third Edition (Form A)",,text,No. or Errors in Set 13,,,number,0,,,,y,,
errors_set14,"Peabody Picture Vocabulary Test, Third Edition (Form A)",,text,No. or Errors in Set 14,,,number,0,,,,y,,
errors_set15,"Peabody Picture Vocabulary Test, Third Edition (Form A)",,text,No. or Errors in Set 15,,,number,0,,,,y,,
errors_set16,"Peabody Picture Vocabulary Test, Third Edition (Form A)",,text,No. or Errors in Set 16,,,number,0,,,,y,,
errors_set17,"Peabody Picture Vocabulary Test, Third Edition (Form A)",,text,No. or Errors in Set 17,,,number,0,,,,y,,
errors_total,"Peabody Picture Vocabulary Test, Third Edition (Form A)",,text,Total Errors,,,number,0,,,,y,,
calcraw_ceiling,"Peabody Picture Vocabulary Test, Third Edition (Form A)",,text,Ceiling Item,,,number,0,,,,y,,
calcraw_totale,"Peabody Picture Vocabulary Test, Third Edition (Form A)",,text,Total Errors,,,number,0,,,,y,,
calcraw_rawscore,"Peabody Picture Vocabulary Test, Third Edition (Form A)",,text,Raw Score,,,number,0,,,,y,,
set1_num1_a,"Peabody Picture Vocabulary Test, Third Edition (Form A)",Set 1,text,1. bus,,,,,,,,y,,
set1_e1_a,"Peabody Picture Vocabulary Test, Third Edition (Form A)",,dropdown,1. bus (error),"Yes, Yes | No, No",,,,,,,y,,
set1_num2_a,"Peabody Picture Vocabulary Test, Third Edition (Form A)",,text,2. drinking,,,,,,,,y,,
set1_e2_a,"Peabody Picture Vocabulary Test, Third Edition (Form A)",,dropdown,2. drinking (error),"Yes, Yes | No, No",,,,,,,y,,
set1_num3_a,"Peabody Picture Vocabulary Test, Third Edition (Form A)",,text,3. hand,,,,,,,,y,,
set1_e3_a,"Peabody Picture Vocabulary Test, Third Edition (Form A)",,dropdown,3. hand (error),"Yes, Yes | No, No",,,,,,,y,,
set1_num4_a,"Peabody Picture Vocabulary Test, Third Edition (Form A)",,text,4. climbing,,,,,,,,y,,
set1_e4_a,"Peabody Picture Vocabulary Test, Third Edition (Form A)",,dropdown,4. climbing (error),"Yes, Yes | No, No",,,,,,,y,,
set1_num5_a,"Peabody Picture Vocabulary Test, Third Edition (Form A)",,text,5. key,,,,,,,,y,,
set1_e5_a,"Peabody Picture Vocabulary Test, Third Edition (Form A)",,dropdown,5. key (error),"Yes, Yes | No, No",,,,,,,y,,
set1_num6_a,"Peabody Picture Vocabulary Test, Third Edition (Form A)",,text,6. reading,,,,,,,,y,,
set1_e6_a,"Peabody Picture Vocabulary Test, Third Edition (Form A)",,dropdown,6. reading (error),"Yes, Yes | No, No",,,,,,,y,,
set1_num7_a,"Peabody Picture Vocabulary Test, Third Edition (Form A)",,text,7. closet,,,,,,,,y,,
set1_e7_a,"Peabody Picture Vocabulary Test, Third Edition (Form A)",,dropdown,7. closet (error),"Yes, Yes | No, No",,,,,,,y,,
set1_num8_a,"Peabody Picture Vocabulary Test, Third Edition (Form A)",,text,8. jumping,,,,,,,,y,,
set1_e8_a,"Peabody Picture Vocabulary Test, Third Edition (Form A)",,dropdown,8. jumping (error),"Yes, Yes | No, No",,,,,,,y,,
set1_num9_a,"Peabody Picture Vocabulary Test, Third Edition (Form A)",,text,9. lamp,,,,,,,,y,,
set1_e9_a,"Peabody Picture Vocabulary Test, Third Edition (Form A)",,dropdown,9. lamp (error),"Yes, Yes | No, No",,,,,,,y,,
set1_num10_a,"Peabody Picture Vocabulary Test, Third Edition (Form A)",,text,10. helicopter,,,,,,,,y,,
set1_e10_a,"Peabody Picture Vocabulary Test, Third Edition (Form A)",,dropdown,10. helicopter (error),"Yes, Yes | No, No",,,,,,,y,,
set1_num11_a,"Peabody Picture Vocabulary Test, Third Edition (Form A)",,text,11. smelling,,,,,,,,y,,
set1_e11_a,"Peabody Picture Vocabulary Test, Third Edition (Form A)",,dropdown,11. smelling (error),"Yes, Yes | No, No",,,,,,,y,,
set1_num12_a,"Peabody Picture Vocabulary Test, Third Edition (Form A)",,text,12. fly,,,,,,,,y,,
set1_e12_a,"Peabody Picture Vocabulary Test, Third Edition (Form A)",,dropdown,12. fly (error),"Yes, Yes | No, No",,,,,,,y,,
set1_nume1,"Peabody Picture Vocabulary Test, Third Edition (Form A)",,text,Number of Errors,,,number,0,,,,y,,
set2_num13_a,"Peabody Picture Vocabulary Test, Third Edition (Form A)",Set 2,text,13. digging,,,,,,,,y,,
set2_e13_a,"Peabody Picture Vocabulary Test, Third Edition (Form A)",,dropdown,13. digging (error),"Yes, Yes | No, No",,,,,,,y,,
set2_num14_a,"Peabody Picture Vocabulary Test, Third Edition (Form A)",,text,14. cow,,,,,,,,y,,
set2_e14_a,"Peabody Picture Vocabulary Test, Third Edition (Form A)",,dropdown,14. cow (error),"Yes, Yes | No, No",,,,,,,y,,
set2_num15_a,"Peabody Picture Vocabulary Test, Third Edition (Form A)",,text,15. drum,,,,,,,,y,,
set2_e15_a,"Peabody Picture Vocabulary Test, Third Edition (Form A)",,dropdown,15. drum (error),"Yes, Yes | No, No",,,,,,,y,,
set2_num16_a,"Peabody Picture Vocabulary Test, Third Edition (Form A)",,text,16. feather,,,,,,,,y,,
set2_e16_a,"Peabody Picture Vocabulary Test, Third Edition (Form A)",,dropdown,16. feather (error),"Yes, Yes | No, No",,,,,,,y,,
set2_num17_a,"Peabody Picture Vocabulary Test, Third Edition (Form A)",,text,17. painting,,,,,,,,y,,
set2_e17_a,"Peabody Picture Vocabulary Test, Third Edition (Form A)",,dropdown,17. painting (error),"Yes, Yes | No, No",,,,,,,y,,
set2_num18_a,"Peabody Picture Vocabulary Test, Third Edition (Form A)",,text,18. cage,,,,,,,,y,,
set2_e18_a,"Peabody Picture Vocabulary Test, Third Edition (Form A)",,dropdown,18. cage (error),"Yes, Yes | No, No",,,,,,,y,,
set2_num19_a,"Peabody Picture Vocabulary Test, Third Edition (Form A)",,text,19. knee,,,,,,,,y,,
set2_e19_a,"Peabody Picture Vocabulary Test, Third Edition (Form A)",,dropdown,19. knee (error),"Yes, Yes | No, No",,,,,,,y,,
set2_num20_a,"Peabody Picture Vocabulary Test, Third Edition (Form A)",,text,20. wrapping,,,,,,,,y,,
set2_e20_a,"Peabody Picture Vocabulary Test, Third Edition (Form A)",,dropdown,20. wrapping (error),"Yes, Yes | No, No",,,,,,,y,,
set2_num21_a,"Peabody Picture Vocabulary Test, Third Edition (Form A)",,text,21. fence,,,,,,,,y,,
set2_e21_a,"Peabody Picture Vocabulary Test, Third Edition (Form A)",,dropdown,21. fence (error),"Yes, Yes | No, No",,,,,,,y,,
set2_num22_a,"Peabody Picture Vocabulary Test, Third Edition (Form A)",,text,22. elbow,,,,,,,,y,,
set2_e22_a,"Peabody Picture Vocabulary Test, Third Edition (Form A)",,dropdown,22. elbow (error),"Yes, Yes | No, No",,,,,,,y,,
set2_num23_a,"Peabody Picture Vocabulary Test, Third Edition (Form A)",,text,23. garbage,,,,,,,,y,,
set2_e23_a,"Peabody Picture Vocabulary Test, Third Edition (Form A)",,dropdown,23. garbage (error),"Yes, Yes | No, No",,,,,,,y,,
set2_num24_a,"Peabody Picture Vocabulary Test, Third Edition (Form A)",,text,24. exercising,,,,,,,,y,,
set2_e24_a,"Peabody Picture Vocabulary Test, Third Edition (Form A)",,dropdown,24. exercising (error),"Yes, Yes | No, No",,,,,,,y,,
set2_nume2,"Peabody Picture Vocabulary Test, Third Edition (Form A)",,text,Number of Errors,,,number,0,,,,y,,
set3_num25_a,"Peabody Picture Vocabulary Test, Third Edition (Form A)",Set 3,text,25. empty,,,,,,,,y,,
set3_e25_a,"Peabody Picture Vocabulary Test, Third Edition (Form A)",,dropdown,25. empty (error),"Yes, Yes | No, No",,,,,,,y,,
set3_num26_a,"Peabody Picture Vocabulary Test, Third Edition (Form A)",,text,26. shoulder,,,,,,,,y,,
set3_e26_a,"Peabody Picture Vocabulary Test, Third Edition (Form A)",,dropdown,26. shoulder (error),"Yes, Yes | No, No",,,,,,,y,,
set3_num27_a,"Peabody Picture Vocabulary Test, Third Edition (Form A)",,text,27. square,,,,,,,,y,,
set3_e27_a,"Peabody Picture Vocabulary Test, Third Edition (Form A)",,dropdown,27. square (error),"Yes, Yes | No, No",,,,,,,y,,
set3_num28_a,"Peabody Picture Vocabulary Test, Third Edition (Form A)",,text,28. measuring,,,,,,,,y,,
set3_e28_a,"Peabody Picture Vocabulary Test, Third Edition (Form A)",,dropdown,28. measuring (error),"Yes, Yes | No, No",,,,,,,y,,
set3_num29_a,"Peabody Picture Vocabulary Test, Third Edition (Form A)",,text,29. porcupine,,,,,,,,y,,
set3_e29_a,"Peabody Picture Vocabulary Test, Third Edition (Form A)",,dropdown,29. porcupine (error),"Yes, Yes | No, No",,,,,,,y,,
set3_num30_a,"Peabody Picture Vocabulary Test, Third Edition (Form A)",,text,30. arrow,,,,,,,,y,,
set3_e30_a,"Peabody Picture Vocabulary Test, Third Edition (Form A)",,dropdown,30. arrow (error),"Yes, Yes | No, No",,,,,,,y,,
set3_num31_a,"Peabody Picture Vocabulary Test, Third Edition (Form A)",,text,31. peeling,,,,,,,,y,,
set3_e31_a,"Peabody Picture Vocabulary Test, Third Edition (Form A)",,dropdown,31. peeling (error),"Yes, Yes | No, No",,,,,,,y,,
set3_num32_a,"Peabody Picture Vocabulary Test, Third Edition (Form A)",,text,32. fountain,,,,,,,,y,,
set3_e32_a,"Peabody Picture Vocabulary Test, Third Edition (Form A)",,dropdown,32. fountain (error),"Yes, Yes | No, No",,,,,,,y,,
set3_num33_a,"Peabody Picture Vocabulary Test, Third Edition (Form A)",,text,33. accident,,,,,,,,y,,
set3_e33_a,"Peabody Picture Vocabulary Test, Third Edition (Form A)",,dropdown,33. accident (error),"Yes, Yes | No, No",,,,,,,y,,
set3_num34_a,"Peabody Picture Vocabulary Test, Third Edition (Form A)",,text,34. penguin,,,,,,,,y,,
set3_e34_a,"Peabody Picture Vocabulary Test, Third Edition (Form A)",,dropdown,34. penguin (error),"Yes, Yes | No, No",,,,,,,y,,
set3_num35_a,"Peabody Picture Vocabulary Test, Third Edition (Form A)",,text,35. decorated,,,,,,,,y,,
set3_e35_a,"Peabody Picture Vocabulary Test, Third Edition (Form A)",,dropdown,35. decorated (error),"Yes, Yes | No, No",,,,,,,y,,
set3_num36_a,"Peabody Picture Vocabulary Test, Third Edition (Form A)",,text,36. nest,,,,,,,,y,,
set3_e36_a,"Peabody Picture Vocabulary Test, Third Edition (Form A)",,dropdown,36. nest (error),"Yes, Yes | No, No",,,,,,,y,,
set3_nume3,"Peabody Picture Vocabulary Test, Third Edition (Form A)",,text,Number of Errors,,,number,0,,,,y,,
set4_num37_a,"Peabody Picture Vocabulary Test, Third Edition (Form A)",Set 4,text,37. castle,,,,,,,,y,,
set4_e37_a,"Peabody Picture Vocabulary Test, Third Edition (Form A)",,dropdown,37. castle (error),"Yes, Yes | No, No",,,,,,,y,,
set4_num38_a,"Peabody Picture Vocabulary Test, Third Edition (Form A)",,text,38. sawing,,,,,,,,y,,
set4_e38_a,"Peabody Picture Vocabulary Test, Third Edition (Form A)",,dropdown,38. sawing (error),"Yes, Yes | No, No",,,,,,,y,,
set4_num39_a,"Peabody Picture Vocabulary Test, Third Edition (Form A)",,text,39. cactus,,,,,,,,y,,
set4_e39_a,"Peabody Picture Vocabulary Test, Third Edition (Form A)",,dropdown,39. cactus (error),"Yes, Yes | No, No",,,,,,,y,,
set4_num40_a,"Peabody Picture Vocabulary Test, Third Edition (Form A)",,text,40. farm,,,,,,,,y,,
set4_e40_a,"Peabody Picture Vocabulary Test, Third Edition (Form A)",,dropdown,40. farm (error),"Yes, Yes | No, No",,,,,,,y,,
set4_num41_a,"Peabody Picture Vocabulary Test, Third Edition (Form A)",,text,41. going,,,,,,,,y,,
set4_e41_a,"Peabody Picture Vocabulary Test, Third Edition (Form A)",,dropdown,41. going (error),"Yes, Yes | No, No",,,,,,,y,,
set4_num42_a,"Peabody Picture Vocabulary Test, Third Edition (Form A)",,text,42. harp,,,,,,,,y,,
set4_e42_a,"Peabody Picture Vocabulary Test, Third Edition (Form A)",,dropdown,42. harp (error),"Yes, Yes | No, No",,,,,,,y,,
set4_num43_a,"Peabody Picture Vocabulary Test, Third Edition (Form A)",,text,43. astronaut,,,,,,,,y,,
set4_e43_a,"Peabody Picture Vocabulary Test, Third Edition (Form A)",,dropdown,43. astronaut (error),"Yes, Yes | No, No",,,,,,,y,,
set4_num44_a,"Peabody Picture Vocabulary Test, Third Edition (Form A)",,text,44. raccoon,,,,,,,,y,,
set4_e44_a,"Peabody Picture Vocabulary Test, Third Edition (Form A)",,dropdown,44. raccoon (error),"Yes, Yes | No, No",,,,,,,y,,
set4_num45_a,"Peabody Picture Vocabulary Test, Third Edition (Form A)",,text,45. juggling,,,,,,,,y,,
set4_e45_a,"Peabody Picture Vocabulary Test, Third Edition (Form A)",,dropdown,45. juggling (error),"Yes, Yes | No, No",,,,,,,y,,
set4_num46_a,"Peabody Picture Vocabulary Test, Third Edition (Form A)",,text,46. envelope,,,,,,,,y,,
set4_e46_a,"Peabody Picture Vocabulary Test, Third Edition (Form A)",,dropdown,46. envelope (error),"Yes, Yes | No, No",,,,,,,y,,
set4_num47_a,"Peabody Picture Vocabulary Test, Third Edition (Form A)",,text,47. tearing,,,,,,,,y,,
set4_e47_a,"Peabody Picture Vocabulary Test, Third Edition (Form A)",,dropdown,47. tearing (error),"Yes, Yes | No, No",,,,,,,y,,
set4_num48_a,"Peabody Picture Vocabulary Test, Third Edition (Form A)",,text,48. claw,,,,,,,,y,,
set4_e48_a,"Peabody Picture Vocabulary Test, Third Edition (Form A)",,dropdown,48. claw (error),"Yes, Yes | No, No",,,,,,,y,,
set4_nume4,"Peabody Picture Vocabulary Test, Third Edition (Form A)",,text,Number of Errors,,,number,0,,,,y,,
set5_num49_a,"Peabody Picture Vocabulary Test, Third Edition (Form A)",Set 5,text,49. parachute,,,,,,,,y,,
set5_e49_a,"Peabody Picture Vocabulary Test, Third Edition (Form A)",,dropdown,49. parachute (error),"Yes, Yes | No, No",,,,,,,y,,
set5_num50_a,"Peabody Picture Vocabulary Test, Third Edition (Form A)",,text,50. delivering,,,,,,,,y,,
set5_e50_a,"Peabody Picture Vocabulary Test, Third Edition (Form A)",,dropdown,50. delivering (error),"Yes, Yes | No, No",,,,,,,y,,
set5_num51_a,"Peabody Picture Vocabulary Test, Third Edition (Form A)",,text,51. rectangle,,,,,,,,y,,
set5_e51_a,"Peabody Picture Vocabulary Test, Third Edition (Form A)",,dropdown,51. rectangle (error),"Yes, Yes | No, No",,,,,,,y,,
set5_num52_a,"Peabody Picture Vocabulary Test, Third Edition (Form A)",,text,52. diving,,,,,,,,y,,
set5_e52_a,"Peabody Picture Vocabulary Test, Third Edition (Form A)",,dropdown,52. diving (error),"Yes, Yes | No, No",,,,,,,y,,
set5_num53_a,"Peabody Picture Vocabulary Test, Third Edition (Form A)",,text,53. camper,,,,,,,,y,,
set5_e53_a,"Peabody Picture Vocabulary Test, Third Edition (Form A)",,dropdown,53. camper (error),"Yes, Yes | No, No",,,,,,,y,,
set5_num54_a,"Peabody Picture Vocabulary Test, Third Edition (Form A)",,text,54. target,,,,,,,,y,,
set5_e54_a,"Peabody Picture Vocabulary Test, Third Edition (Form A)",,dropdown,54. target (error),"Yes, Yes | No, No",,,,,,,y,,
set5_num55_a,"Peabody Picture Vocabulary Test, Third Edition (Form A)",,text,55. writing,,,,,,,,y,,
set5_e55_a,"Peabody Picture Vocabulary Test, Third Edition (Form A)",,dropdown,55. writing (error),"Yes, Yes | No, No",,,,,,,y,,
set5_num56_a,"Peabody Picture Vocabulary Test, Third Edition (Form A)",,text,56. furry,,,,,,,,y,,
set5_e56_a,"Peabody Picture Vocabulary Test, Third Edition (Form A)",,dropdown,56. furry (error),"Yes, Yes | No, No",,,,,,,y,,
set5_num57_a,"Peabody Picture Vocabulary Test, Third Edition (Form A)",,text,57. drilling,,,,,,,,y,,
set5_e57_a,"Peabody Picture Vocabulary Test, Third Edition (Form A)",,dropdown,57. drilling (error),"Yes, Yes | No, No",,,,,,,y,,
set5_num58_a,"Peabody Picture Vocabulary Test, Third Edition (Form A)",,text,58. hook,,,,,,,,y,,
set5_e58_a,"Peabody Picture Vocabulary Test, Third Edition (Form A)",,dropdown,58. hook (error),"Yes, Yes | No, No",,,,,,,y,,
set5_num59_a,"Peabody Picture Vocabulary Test, Third Edition (Form A)",,text,59. group,,,,,,,,y,,
set5_e59_a,"Peabody Picture Vocabulary Test, Third Edition (Form A)",,dropdown,59. group (error),"Yes, Yes | No, No",,,,,,,y,,
set5_num60_a,"Peabody Picture Vocabulary Test, Third Edition (Form A)",,text,60. dripping,,,,,,,,y,,
set5_e60_a,"Peabody Picture Vocabulary Test, Third Edition (Form A)",,dropdown,60. dripping (error),"Yes, Yes | No, No",,,,,,,y,,
set5_nume5,"Peabody Picture Vocabulary Test, Third Edition (Form A)",,text,Number of Errors,,,number,0,,,,y,,
set6_num61_a,"Peabody Picture Vocabulary Test, Third Edition (Form A)",Set 6,text,61. vehicle,,,,,,,,y,,
set6_e61_a,"Peabody Picture Vocabulary Test, Third Edition (Form A)",,dropdown,61. vehicle (error),"Yes, Yes | No, No",,,,,,,y,,
set6_num62_a,"Peabody Picture Vocabulary Test, Third Edition (Form A)",,text,62. oval,,,,,,,,y,,
set6_e62_a,"Peabody Picture Vocabulary Test, Third Edition (Form A)",,dropdown,62. oval (error),"Yes, Yes | No, No",,,,,,,y,,
set6_num63_a,"Peabody Picture Vocabulary Test, Third Edition (Form A)",,text,63. luggage,,,,,,,,y,,
set6_e63_a,"Peabody Picture Vocabulary Test, Third Edition (Form A)",,dropdown,63. luggage (error),"Yes, Yes | No, No",,,,,,,y,,
set6_num64_a,"Peabody Picture Vocabulary Test, Third Edition (Form A)",,text,64. awarding,,,,,,,,y,,
set6_e64_a,"Peabody Picture Vocabulary Test, Third Edition (Form A)",,dropdown,64. awarding (error),"Yes, Yes | No, No",,,,,,,y,,
set6_num65_a,"Peabody Picture Vocabulary Test, Third Edition (Form A)",,text,65. hydrant,,,,,,,,y,,
set6_e65_a,"Peabody Picture Vocabulary Test, Third Edition (Form A)",,dropdown,65. hydrant (error),"Yes, Yes | No, No",,,,,,,y,,
set6_num66_a,"Peabody Picture Vocabulary Test, Third Edition (Form A)",,text,66. swamp,,,,,,,,y,,
set6_e66_a,"Peabody Picture Vocabulary Test, Third Edition (Form A)",,dropdown,66. swamp (error),"Yes, Yes | No, No",,,,,,,y,,
set6_num67_a,"Peabody Picture Vocabulary Test, Third Edition (Form A)",,text,67. calculator,,,,,,,,y,,
set6_e67_a,"Peabody Picture Vocabulary Test, Third Edition (Form A)",,dropdown,67. calculator (error),"Yes, Yes | No, No",,,,,,,y,,
set6_num68_a,"Peabody Picture Vocabulary Test, Third Edition (Form A)",,text,68. signal,,,,,,,,y,,
set6_e68_a,"Peabody Picture Vocabulary Test, Third Edition (Form A)",,dropdown,68. signal (error),"Yes, Yes | No, No",,,,,,,y,,
set6_num69_a,"Peabody Picture Vocabulary Test, Third Edition (Form A)",,text,69. squash,,,,,,,,y,,
set6_e69_a,"Peabody Picture Vocabulary Test, Third Edition (Form A)",,dropdown,69. squash (error),"Yes, Yes | No, No",,,,,,,y,,
set6_num70_a,"Peabody Picture Vocabulary Test, Third Edition (Form A)",,text,70. globe,,,,,,,,y,,
set6_e70_a,"Peabody Picture Vocabulary Test, Third Edition (Form A)",,dropdown,70. globe (error),"Yes, Yes | No, No",,,,,,,y,,
set6_num71_a,"Peabody Picture Vocabulary Test, Third Edition (Form A)",,text,71. vegetable,,,,,,,,y,,
set6_e71_a,"Peabody Picture Vocabulary Test, Third Edition (Form A)",,dropdown,71. vegetable (error),"Yes, Yes | No, No",,,,,,,y,,
set6_num72_a,"Peabody Picture Vocabulary Test, Third Edition (Form A)",,text,72. frame,,,,,,,,y,,
set6_e72_a,"Peabody Picture Vocabulary Test, Third Edition (Form A)",,dropdown,72. frame (error),"Yes, Yes | No, No",,,,,,,y,,
set6_nume6,"Peabody Picture Vocabulary Test, Third Edition (Form A)",,text,Number of Errors,,,number,0,,,,y,,
set7_num73_a,"Peabody Picture Vocabulary Test, Third Edition (Form A)",Set 7,text,73. gigantic,,,,,,,,y,,
set7_e73_a,"Peabody Picture Vocabulary Test, Third Edition (Form A)",,dropdown,73. gigantic (error),"Yes, Yes | No, No",,,,,,,y,,
set7_num74_a,"Peabody Picture Vocabulary Test, Third Edition (Form A)",,text,74. nostril,,,,,,,,y,,
set7_e74_a,"Peabody Picture Vocabulary Test, Third Edition (Form A)",,dropdown,74. nostril (error),"Yes, Yes | No, No",,,,,,,y,,
set7_num75_a,"Peabody Picture Vocabulary Test, Third Edition (Form A)",,text,75. vase,,,,,,,,y,,
set7_e75_a,"Peabody Picture Vocabulary Test, Third Edition (Form A)",,dropdown,75. vase (error),"Yes, Yes | No, No",,,,,,,y,,
set7_num76_a,"Peabody Picture Vocabulary Test, Third Edition (Form A)",,text,76. knight,,,,,,,,y,,
set7_e76_a,"Peabody Picture Vocabulary Test, Third Edition (Form A)",,dropdown,76. knight (error),"Yes, Yes | No, No",,,,,,,y,,
set7_num77_a,"Peabody Picture Vocabulary Test, Third Edition (Form A)",,text,77. towing,,,,,,,,y,,
set7_e77_a,"Peabody Picture Vocabulary Test, Third Edition (Form A)",,dropdown,77. towing (error),"Yes, Yes | No, No",,,,,,,y,,
set7_num78_a,"Peabody Picture Vocabulary Test, Third Edition (Form A)",,text,78. horrified,,,,,,,,y,,
set7_e78_a,"Peabody Picture Vocabulary Test, Third Edition (Form A)",,dropdown,78. horrified (error),"Yes, Yes | No, No",,,,,,,y,,
