Variable / Field Name,Form Name,Section Header,Field Type,Field Label,"Choices, Calculations, OR Slider Labels",Field Note,Text Validation Type OR Show Slider Number,Text Validation Min,Text Validation Max,Identifier?,Branching Logic (Show field only if...),Required Field?,Custom Alignment,Question Number (surveys only)
subjectkey,CPEA STAART Sensory Profile 7 - 36 Months,,text,The NDAR Global Unique Identifier (GUID) for subjects which identifies a subject in NDAR,,,,,,,,y,,
cycle,CPEA STAART Sensory Profile 7 - 36 Months,,text,Timepoint information,,,,,,,,y,,
patid,CPEA STAART Sensory Profile 7 - 36 Months,,text,src_Subject_id,,Patient IDs were assigned at the research site for CPEA and STAART,,,,,,y,,
network,CPEA STAART Sensory Profile 7 - 36 Months,,text,Network,,CPEA or STAART Network,,,,,,y,,
site,CPEA STAART Sensory Profile 7 - 36 Months,,text,Site,,CPEA or STAART Site,,,,,,y,,
study,CPEA STAART Sensory Profile 7 - 36 Months,,text,Study,,CPEA or STAART Study,,,,,,y,,
sens_age,CPEA STAART Sensory Profile 7 - 36 Months,,text,Sensory Profile Age,,,,,,,,y,,
sens_ap_ears,CPEA STAART Sensory Profile 7 - 36 Months,,dropdown,Holds hands over ears to protect ears from sound,"1, 1 |  2,  2 |  3,  3 |  4,  4 |  5,  5",,,,,,,y,,
sens_ap_eat,CPEA STAART Sensory Profile 7 - 36 Months,,dropdown,My child is distracted and/or ahs difficulty eating in noisy environments.,"1, 1 |  2,  2 |  3,  3 |  4,  4 |  5,  5",,,,,,,y,,
sens_ap_escp,CPEA STAART Sensory Profile 7 - 36 Months,,dropdown,My child tries to escape from noisy environments.,"1, 1 |  2,  2 |  3,  3 |  4,  4 |  5,  5",,,,,,,y,,
sens_ap_func,CPEA STAART Sensory Profile 7 - 36 Months,,dropdown,Is distracted or has trouble functioning if there is a lot of noise around,"1, 1 |  2,  2 |  3,  3 |  4,  4 |  5,  5",,,,,,,y,,
sens_ap_ignor,CPEA STAART Sensory Profile 7 - 36 Months,,dropdown,My child ignores me when I am talking.,"1, 1 |  2,  2 |  3,  3 |  4,  4 |  5,  5",,,,,,,y,,
sens_ap_loud,CPEA STAART Sensory Profile 7 - 36 Months,,dropdown,I have to speak loudly to get my child's attention,"1, 1 |  2,  2 |  3,  3 |  4,  4 |  5,  5",,,,,,,y,,
sens_ap_mouth,CPEA STAART Sensory Profile 7 - 36 Months,,dropdown,My child enjoys making sounds with his/her mouth,"1, 1 |  2,  2 |  3,  3 |  4,  4 |  5,  5",,,,,,,y,,
sens_ap_namer,CPEA STAART Sensory Profile 7 - 36 Months,,dropdown,It takes a long time for my child to respond to his/her name when it is called.,"1, 1 |  2,  2 |  3,  3 |  4,  4 |  5,  5",,,,,,,y,,
sens_ap_negrs,CPEA STAART Sensory Profile 7 - 36 Months,,dropdown,"Responds negatively to unexpected or loud noises (for example, cries or hides at noise from vacuum cleaner, dog barking, hair dryer)","1, 1 |  2,  2 |  3,  3 |  4,  4 |  5,  5",,,,,,,y,,
sens_ap_nohear,CPEA STAART Sensory Profile 7 - 36 Months,,dropdown,"Appears to not hear what you say (for example, does not 'tune-in' to what you say, appears to ignore you)","1, 1 |  2,  2 |  3,  3 |  4,  4 |  5,  5",,,,,,,y,,
sens_ap_noname,CPEA STAART Sensory Profile 7 - 36 Months,,dropdown,Doesn't respond when name is called but you know the child's hearing is OK,"1, 1 |  2,  2 |  3,  3 |  4,  4 |  5,  5",,,,,,,y,,
sens_ap_radio,CPEA STAART Sensory Profile 7 - 36 Months,,dropdown,Has trouble completing tasks when the radio is on,"1, 1 |  2,  2 |  3,  3 |  4,  4 |  5,  5",,,,,,,y,,
sens_ap_resp,CPEA STAART Sensory Profile 7 - 36 Months,,dropdown,"My child takes a long time to respond, even to familiar voices","1, 1 |  2,  2 |  3,  3 |  4,  4 |  5,  5",,,,,,,y,,
sens_ap_srts,CPEA STAART Sensory Profile 7 - 36 Months,,dropdown,"My child startles easily at sound, compared to other children the same age.","1, 1 |  2,  2 |  3,  3 |  4,  4 |  5,  5",,,,,,,y,,
sens_ap_strng,CPEA STAART Sensory Profile 7 - 36 Months,,dropdown,Enjoys strange noises/seeks to make noise for noise's sake,"1, 1 |  2,  2 |  3,  3 |  4,  4 |  5,  5",,,,,,,y,,
sens_ap_touch,CPEA STAART Sensory Profile 7 - 36 Months,,dropdown,I have to touch my child to gain attention,"1, 1 |  2,  2 |  3,  3 |  4,  4 |  5,  5",,,,,,,y,,
sens_ap_toys,CPEA STAART Sensory Profile 7 - 36 Months,,dropdown,My child finds ways to make noise with toys.,"1, 1 |  2,  2 |  3,  3 |  4,  4 |  5,  5",,,,,,,y,,
sens_ap_work,CPEA STAART Sensory Profile 7 - 36 Months,,dropdown,"Can't work with background noise (for example, fan, refrigerator)","1, 1 |  2,  2 |  3,  3 |  4,  4 |  5,  5",,,,,,,y,,
sens_bo_btwlin,CPEA STAART Sensory Profile 7 - 36 Months,,dropdown,Has trouble staying between the lines when coloring or when writing,"1, 1 |  2,  2 |  3,  3 |  4,  4 |  5,  5",,,,,,,y,,
sens_bo_chgpln,CPEA STAART Sensory Profile 7 - 36 Months,,dropdown,Has difficulty tolerating changes in plans and expectations,"1, 1 |  2,  2 |  3,  3 |  4,  4 |  5,  5",,,,,,,y,,
sens_bo_chgrot,CPEA STAART Sensory Profile 7 - 36 Months,,dropdown,Has difficulty tolerating changes in routines,"1, 1 |  2,  2 |  3,  3 |  4,  4 |  5,  5",,,,,,,y,,
sens_bo_ineffc,CPEA STAART Sensory Profile 7 - 36 Months,,dropdown,"Uses inefficient ways of doing things (for example, wastes time, moves slowly, does things a harder way than is needed)","1, 1 |  2,  2 |  3,  3 |  4,  4 |  5,  5",,,,,,,y,,
sens_bo_tlkslf,CPEA STAART Sensory Profile 7 - 36 Months,,dropdown,Talks self through tasks,"1, 1 |  2,  2 |  3,  3 |  4,  4 |  5,  5",,,,,,,y,,
sens_bo_writ,CPEA STAART Sensory Profile 7 - 36 Months,,dropdown,Writing is illegible,"1, 1 |  2,  2 |  3,  3 |  4,  4 |  5,  5",,,,,,,y,,
sens_bp_accdt,CPEA STAART Sensory Profile 7 - 36 Months,,dropdown,Seems accident-prone,"1, 1 |  2,  2 |  3,  3 |  4,  4 |  5,  5",,,,,,,y,,
sens_bp_bnstr,CPEA STAART Sensory Profile 7 - 36 Months,,dropdown,"Holds onto walls or banisters (for example, clings)","1, 1 |  2,  2 |  3,  3 |  4,  4 |  5,  5",,,,,,,y,,
sens_bp_curbs,CPEA STAART Sensory Profile 7 - 36 Months,,dropdown,"Hesitates going up or down curbs or steps (for example, is cautious, stops before moving)","1, 1 |  2,  2 |  3,  3 |  4,  4 |  5,  5",,,,,,,y,,
sens_bp_enjfll,CPEA STAART Sensory Profile 7 - 36 Months,,dropdown,Appears to enjoy falling,"1, 1 |  2,  2 |  3,  3 |  4,  4 |  5,  5",,,,,,,y,,
sens_bp_fall,CPEA STAART Sensory Profile 7 - 36 Months,,dropdown,Fears falling or heights,"1, 1 |  2,  2 |  3,  3 |  4,  4 |  5,  5",,,,,,,y,,
sens_bp_movrsk,CPEA STAART Sensory Profile 7 - 36 Months,,dropdown,Takes movement or climbing risks during play that compromise personal safety,"1, 1 |  2,  2 |  3,  3 |  4,  4 |  5,  5",,,,,,,y,,
sens_bp_noclmb,CPEA STAART Sensory Profile 7 - 36 Months,,dropdown,Avoids climbing/jumping or avoids bumpy/uneven ground,"1, 1 |  2,  2 |  3,  3 |  4,  4 |  5,  5",,,,,,,y,,
sens_bp_plyrsk,CPEA STAART Sensory Profile 7 - 36 Months,,dropdown,"Takes excessive risks during play (for example, climbs high into a tree, jumps off tall furniture)","1, 1 |  2,  2 |  3,  3 |  4,  4 |  5,  5",,,,,,,y,,
sens_bp_skfll,CPEA STAART Sensory Profile 7 - 36 Months,,dropdown,Seeks opportunities to fall without regard to personal safety,"1, 1 |  2,  2 |  3,  3 |  4,  4 |  5,  5",,,,,,,y,,
sens_bp_turns,CPEA STAART Sensory Profile 7 - 36 Months,,dropdown,Turns whole body to look at you,"1, 1 |  2,  2 |  3,  3 |  4,  4 |  5,  5",,,,,,,y,,
sens_et_cntlft,CPEA STAART Sensory Profile 7 - 36 Months,,dropdown,"Can't lift heavy objects (for example, weak in comparison to same age children)","1, 1 |  2,  2 |  3,  3 |  4,  4 |  5,  5",,,,,,,y,,
sens_et_lckjnt,CPEA STAART Sensory Profile 7 - 36 Months,,dropdown,"Locks joins (for example, elbows, knees) for stability","1, 1 |  2,  2 |  3,  3 |  4,  4 |  5,  5",,,,,,,y,,
sens_et_lethar,CPEA STAART Sensory Profile 7 - 36 Months,,dropdown,"Appears lethargic (for example, has no energy, is sluggish)","1, 1 |  2,  2 |  3,  3 |  4,  4 |  5,  5",,,,,,,y,,
sens_et_prendr,CPEA STAART Sensory Profile 7 - 36 Months,,dropdown,Poor endurance/tires easily,"1, 1 |  2,  2 |  3,  3 |  4,  4 |  5,  5",,,,,,,y,,
sens_et_prop,CPEA STAART Sensory Profile 7 - 36 Months,,dropdown,Props to support self (even during activity),"1, 1 |  2,  2 |  3,  3 |  4,  4 |  5,  5",,,,,,,y,,
sens_et_stiff,CPEA STAART Sensory Profile 7 - 36 Months,,dropdown,Moves stiffly,"1, 1 |  2,  2 |  3,  3 |  4,  4 |  5,  5",,,,,,,y,,
sens_et_tires,CPEA STAART Sensory Profile 7 - 36 Months,,dropdown,"Tires easily, especially when standing or holding particular body position","1, 1 |  2,  2 |  3,  3 |  4,  4 |  5,  5",,,,,,,y,,
sens_et_weakgp,CPEA STAART Sensory Profile 7 - 36 Months,,dropdown,Has a weak grasp,"1, 1 |  2,  2 |  3,  3 |  4,  4 |  5,  5",,,,,,,y,,
sens_et_weakms,CPEA STAART Sensory Profile 7 - 36 Months,,dropdown,Seems to have weak muscles,"1, 1 |  2,  2 |  3,  3 |  4,  4 |  5,  5",,,,,,,y,,
sens_gp_aplay,CPEA STAART Sensory Profile 7 - 36 Months,,dropdown,My child avoids playing with others,"1, 1 |  2,  2 |  3,  3 |  4,  4 |  5,  5",,,,,,,y,,
sens_gp_bdet,CPEA STAART Sensory Profile 7 - 36 Months,,dropdown,My child's behavior deteriorates when the schedule changes,"1, 1 |  2,  2 |  3,  3 |  4,  4 |  5,  5",,,,,,,y,,
sens_gp_wthdr,CPEA STAART Sensory Profile 7 - 36 Months,,dropdown,My child withdraws from situations,"1, 1 |  2,  2 |  3,  3 |  4,  4 |  5,  5",,,,,,,y,,
sens_it_dlbsml,CPEA STAART Sensory Profile 7 - 36 Months,,dropdown,Deliberately smells objects,"1, 1 |  2,  2 |  3,  3 |  4,  4 |  5,  5",,,,,,,y,,
sens_it_jumps,CPEA STAART Sensory Profile 7 - 36 Months,,dropdown,Jumps from one activity to another so that it interferes with play,"1, 1 |  2,  2 |  3,  3 |  4,  4 |  5,  5",,,,,,,y,,
sens_it_nosml,CPEA STAART Sensory Profile 7 - 36 Months,,dropdown,Does not seem to smell strong odors,"1, 1 |  2,  2 |  3,  3 |  4,  4 |  5,  5",,,,,,,y,,
sens_mm_avdqut,CPEA STAART Sensory Profile 7 - 36 Months,,dropdown,Avoids quiet play activities,"1, 1 |  2,  2 |  3,  3 |  4,  4 |  5,  5",,,,,,,y,,
sens_mm_mstsed,CPEA STAART Sensory Profile 7 - 36 Months,,dropdown,"Spends most of the day in sedentary play (for example, does quiet things)","1, 1 |  2,  2 |  3,  3 |  4,  4 |  5,  5",,,,,,,y,,
sens_mm_ongo,CPEA STAART Sensory Profile 7 - 36 Months,,dropdown,On the go,"1, 1 |  2,  2 |  3,  3 |  4,  4 |  5,  5",,,,,,,y,,
sens_mm_ovrexc,CPEA STAART Sensory Profile 7 - 36 Months,,dropdown,Becomes overly excitable during movement activity,"1, 1 |  2,  2 |  3,  3 |  4,  4 |  5,  5",,,,,,,y,,
sens_mm_prseda,CPEA STAART Sensory Profile 7 - 36 Months,,dropdown,Prefers sedentary activities,"1, 1 |  2,  2 |  3,  3 |  4,  4 |  5,  5",,,,,,,y,,
sens_mm_prsedp,CPEA STAART Sensory Profile 7 - 36 Months,,dropdown,"Prefers quiet, sedentary play (for example, watching TV, books, computer)","1, 1 |  2,  2 |  3,  3 |  4,  4 |  5,  5",,,,,,,y,,
sens_mm_sksed,CPEA STAART Sensory Profile 7 - 36 Months,,dropdown,Seeks sedentary play options,"1, 1 |  2,  2 |  3,  3 |  4,  4 |  5,  5",,,,,,,y,,
sens_mp_attnt,CPEA STAART Sensory Profile 7 - 36 Months,,dropdown,Has difficulty paying attention,"1, 1 |  2,  2 |  3,  3 |  4,  4 |  5,  5",,,,,,,y,,
sens_mp_clths,CPEA STAART Sensory Profile 7 - 36 Months,,dropdown,Leaves clothing twisted on body,"1, 1 |  2,  2 |  3,  3 |  4,  4 |  5,  5",,,,,,,y,,
sens_mp_hangs,CPEA STAART Sensory Profile 7 - 36 Months,,dropdown,"Hangs on people, furniture, or objects even in familiar situations","1, 1 |  2,  2 |  3,  3 |  4,  4 |  5,  5",,,,,,,y,,
sens_mp_lkaway,CPEA STAART Sensory Profile 7 - 36 Months,,dropdown,Looks away from tasks to notice all actions in the room,"1, 1 |  2,  2 |  3,  3 |  4,  4 |  5,  5",,,,,,,y,,
sens_mp_lost,CPEA STAART Sensory Profile 7 - 36 Months,,dropdown,Gets lost easily (even in familiar places),"1, 1 |  2,  2 |  3,  3 |  4,  4 |  5,  5",,,,,,,y,,
sens_mp_obliv,CPEA STAART Sensory Profile 7 - 36 Months,,dropdown,"Seems oblivious within an active environment (for example, unaware of activity)","1, 1 |  2,  2 |  3,  3 |  4,  4 |  5,  5",,,,,,,y,,
sens_mp_toes,CPEA STAART Sensory Profile 7 - 36 Months,,dropdown,Walks on toes,"1, 1 |  2,  2 |  3,  3 |  4,  4 |  5,  5",,,,,,,y,,
sens_ms_bdylng,CPEA STAART Sensory Profile 7 - 36 Months,,dropdown,"Doesn't perceive body language or facial expressions (for example, unable to interpret)","1, 1 |  2,  2 |  3,  3 |  4,  4 |  5,  5",,,,,,,y,,
sens_ms_hygn,CPEA STAART Sensory Profile 7 - 36 Months,,dropdown,Rigid rituals in personal hygiene,"1, 1 |  2,  2 |  3,  3 |  4,  4 |  5,  5",,,,,,,y,,
sens_ms_ovafct,CPEA STAART Sensory Profile 7 - 36 Months,,dropdown,Is overly affectionate with others,"1, 1 |  2,  2 |  3,  3 |  4,  4 |  5,  5",,,,,,,y,,
sens_ms_prtct,CPEA STAART Sensory Profile 7 - 36 Months,,dropdown,"Needs more protection from life than other children (for example, defenseless physically or emotionally)","1, 1 |  2,  2 |  3,  3 |  4,  4 |  5,  5",,,,,,,y,,
sens_mv_avdeye,CPEA STAART Sensory Profile 7 - 36 Months,,dropdown,Avoids eye contact,"1, 1 |  2,  2 |  3,  3 |  4,  4 |  5,  5",,,,,,,y,,
sens_mv_notice,CPEA STAART Sensory Profile 7 - 36 Months,,dropdown,Doesn't notice when people come into the room,"1, 1 |  2,  2 |  3,  3 |  4,  4 |  5,  5",,,,,,,y,,
sens_mv_stare,CPEA STAART Sensory Profile 7 - 36 Months,,dropdown,Stares intensively at objects or people,"1, 1 |  2,  2 |  3,  3 |  4,  4 |  5,  5",,,,,,,y,,
sens_mv_watch,CPEA STAART Sensory Profile 7 - 36 Months,,dropdown,Watches everyone when they move around the room,"1, 1 |  2,  2 |  3,  3 |  4,  4 |  5,  5",,,,,,,y,,
sens_os_chwnfd,CPEA STAART Sensory Profile 7 - 36 Months,,dropdown,Chews or licks on nonfood objects,"1, 1 |  2,  2 |  3,  3 |  4,  4 |  5,  5",,,,,,,y,,
sens_os_crave,CPEA STAART Sensory Profile 7 - 36 Months,,dropdown,Craves certain foods,"1, 1 |  2,  2 |  3,  3 |  4,  4 |  5,  5",,,,,,,y,,
sens_os_fewfd,CPEA STAART Sensory Profile 7 - 36 Months,,dropdown,My child refuses all but a few food choices.,"1, 1 |  2,  2 |  3,  3 |  4,  4 |  5,  5",,,,,,,y,,
sens_os_gags,CPEA STAART Sensory Profile 7 - 36 Months,,dropdown,Gags easily with food textures or food utensils in mouth,"1, 1 |  2,  2 |  3,  3 |  4,  4 |  5,  5",,,,,,,y,,
sens_os_lips,CPEA STAART Sensory Profile 7 - 36 Months,,dropdown,My child is unaware of food or liquid left on lips.,"1, 1 |  2,  2 |  3,  3 |  4,  4 |  5,  5",,,,,,,y,,
sens_os_lmtfd,CPEA STAART Sensory Profile 7 - 36 Months,,dropdown,Limits self to particular food textures/temperatures,"1, 1 |  2,  2 |  3,  3 |  4,  4 |  5,  5",,,,,,,y,,
sens_os_mouth,CPEA STAART Sensory Profile 7 - 36 Months,,dropdown,My child mouths objects.,"1, 1 |  2,  2 |  3,  3 |  4,  4 |  5,  5",,,,,,,y,,
sens_os_mouths,CPEA STAART Sensory Profile 7 - 36 Months,,dropdown,"Mouths objects (for example, pencil, hands)","1, 1 |  2,  2 |  3,  3 |  4,  4 |  5,  5",,,,,,,y,,
sens_os_newfd,CPEA STAART Sensory Profile 7 - 36 Months,,dropdown,My child refuses to try new foods.,"1, 1 |  2,  2 |  3,  3 |  4,  4 |  5,  5",,,,,,,y,,
sens_os_nocup,CPEA STAART Sensory Profile 7 - 36 Months,,dropdown,My child refuses to drink from a cup.,"1, 1 |  2,  2 |  3,  3 |  4,  4 |  5,  5",,,,,,,y,,
sens_os_nonfd,CPEA STAART Sensory Profile 7 - 36 Months,,dropdown,My child licks/chews on nonfood objects.,"1, 1 |  2,  2 |  3,  3 |  4,  4 |  5,  5",,,,,,,y,,
sens_os_onltst,CPEA STAART Sensory Profile 7 - 36 Months,,dropdown,Will only eat certain tastes,"1, 1 |  2,  2 |  3,  3 |  4,  4 |  5,  5",,,,,,,y,,
sens_os_picky,CPEA STAART Sensory Profile 7 - 36 Months,,dropdown,"Picky eater, especially regarding food textures","1, 1 |  2,  2 |  3,  3 |  4,  4 |  5,  5",,,,,,,y,,
sens_os_prfsml,CPEA STAART Sensory Profile 7 - 36 Months,,dropdown,Shows strong preference for certain smells,"1, 1 |  2,  2 |  3,  3 |  4,  4 |  5,  5",,,,,,,y,,
sens_os_prftst,CPEA STAART Sensory Profile 7 - 36 Months,,dropdown,Shows strong preference for certain tastes,"1, 1 |  2,  2 |  3,  3 |  4,  4 |  5,  5",,,,,,,y,,
sens_os_sktst,CPEA STAART Sensory Profile 7 - 36 Months,,dropdown,Seeks out certain tastes or smells,"1, 1 |  2,  2 |  3,  3 |  4,  4 |  5,  5",,,,,,,y,,
sens_os_smlnfd,CPEA STAART Sensory Profile 7 - 36 Months,,dropdown,Routinely smells nonfood objects,"1, 1 |  2,  2 |  3,  3 |  4,  4 |  5,  5",,,,,,,y,,
sens_os_teeth,CPEA STAART Sensory Profile 7 - 36 Months,,dropdown,My child resists having teeth brushed.,"1, 1 |  2,  2 |  3,  3 |  4,  4 |  5,  5",,,,,,,y,,
sens_os_tstsml,CPEA STAART Sensory Profile 7 - 36 Months,,dropdown,Avoids certain tastes or food smells that are typically part of children's diets,"1, 1 |  2,  2 |  3,  3 |  4,  4 |  5,  5",,,,,,,y,,
sens_sr_anxs,CPEA STAART Sensory Profile 7 - 36 Months,,dropdown,Seems anxious,"1, 1 |  2,  2 |  3,  3 |  4,  4 |  5,  5",,,,,,,y,,
sens_sr_cryesy,CPEA STAART Sensory Profile 7 - 36 Months,,dropdown,Cries easily,"1, 1 |  2,  2 |  3,  3 |  4,  4 |  5,  5",,,,,,,y,,
sens_sr_dffrs,CPEA STAART Sensory Profile 7 - 36 Months,,dropdown,"Has definite fears (for example, fears are predictable)","1, 1 |  2,  2 |  3,  3 |  4,  4 |  5,  5",,,,,,,y,,
sens_sr_exemot,CPEA STAART Sensory Profile 7 - 36 Months,,dropdown,Displays excessive emotional outbursts when unsuccessful at a task,"1, 1 |  2,  2 |  3,  3 |  4,  4 |  5,  5",,,,,,,y,,
sens_sr_flfail,CPEA STAART Sensory Profile 7 - 36 Months,,dropdown,Expresses feeling like a failure,"1, 1 |  2,  2 |  3,  3 |  4,  4 |  5,  5",,,,,,,y,,
sens_sr_frnds,CPEA STAART Sensory Profile 7 - 36 Months,,dropdown,"Has difficulty making friends (for example, does not interact or participate in group play)","1, 1 |  2,  2 |  3,  3 |  4,  4 |  5,  5",,,,,,,y,,
sens_sr_frstol,CPEA STAART Sensory Profile 7 - 36 Months,,dropdown,Poor frustration tolerance,"1, 1 |  2,  2 |  3,  3 |  4,  4 |  5,  5",,,,,,,y,,
sens_sr_grwup,CPEA STAART Sensory Profile 7 - 36 Months,,dropdown,"Has trouble 'growing up' (for example, reacts immaturely to situations)","1, 1 |  2,  2 |  3,  3 |  4,  4 |  5,  5",,,,,,,y,,
sens_sr_intfrs,CPEA STAART Sensory Profile 7 - 36 Months,,dropdown,Has fears that interfere with daily routine,"1, 1 |  2,  2 |  3,  3 |  4,  4 |  5,  5",,,,,,,y,,
sens_sr_lkslf,CPEA STAART Sensory Profile 7 - 36 Months,,dropdown,"Seems to have difficulty liking self (for example, low self-esteem)","1, 1 |  2,  2 |  3,  3 |  4,  4 |  5,  5",,,,,,,y,,
sens_sr_noemot,CPEA STAART Sensory Profile 7 - 36 Months,,dropdown,Doesn't express emotions,"1, 1 |  2,  2 |  3,  3 |  4,  4 |  5,  5",,,,,,,y,,
sens_sr_nohmr,CPEA STAART Sensory Profile 7 - 36 Months,,dropdown,Doesn't have a sense of humor,"1, 1 |  2,  2 |  3,  3 |  4,  4 |  5,  5",,,,,,,y,,
sens_sr_ntmrs,CPEA STAART Sensory Profile 7 - 36 Months,,dropdown,Has nightmares,"1, 1 |  2,  2 |  3,  3 |  4,  4 |  5,  5",,,,,,,y,,
sens_sr_ovrser,CPEA STAART Sensory Profile 7 - 36 Months,,dropdown,Overly serious,"1, 1 |  2,  2 |  3,  3 |  4,  4 |  5,  5",,,,,,,y,,
sens_sr_snscrt,CPEA STAART Sensory Profile 7 - 36 Months,,dropdown,Is sensitive to criticisms,"1, 1 |  2,  2 |  3,  3 |  4,  4 |  5,  5",,,,,,,y,,
sens_sr_stbrn,CPEA STAART Sensory Profile 7 - 36 Months,,dropdown,Is stubborn or uncooperative,"1, 1 |  2,  2 |  3,  3 |  4,  4 |  5,  5",,,,,,,y,,
sens_sr_tntrm,CPEA STAART Sensory Profile 7 - 36 Months,,dropdown,Has temper tantrums,"1, 1 |  2,  2 |  3,  3 |  4,  4 |  5,  5",,,,,,,y,,
sens_tp_aggres,CPEA STAART Sensory Profile 7 - 36 Months,,dropdown,Reacts emotionally or agressively to touch,"1, 1 |  2,  2 |  3,  3 |  4,  4 |  5,  5",,,,,,,y,,
sens_tp_armbck,CPEA STAART Sensory Profile 7 - 36 Months,,dropdown,"Doesn't seem to notice when someone touches arm or back (for example, unaware)","1, 1 |  2,  2 |  3,  3 |  4,  4 |  5,  5",,,,,,,y,,
sens_tp_brfoot,CPEA STAART Sensory Profile 7 - 36 Months,,dropdown,"Avoids going barefoot, especially in sand or grass","1, 1 |  2,  2 |  3,  3 |  4,  4 |  5,  5",,,,,,,y,,
sens_tp_bumps,CPEA STAART Sensory Profile 7 - 36 Months,,dropdown,"My child bumps into things, seeming to not notice objects in the way.","1, 1 |  2,  2 |  3,  3 |  4,  4 |  5,  5",,,,,,,y,,
sens_tp_cold,CPEA STAART Sensory Profile 7 - 36 Months,,dropdown,"My child avoids contact with rough or cold surfaces (for example, squirms, arches, cries).","1, 1 |  2,  2 |  3,  3 |  4,  4 |  5,  5",,,,,,,y,,
sens_tp_crawl,CPEA STAART Sensory Profile 7 - 36 Months,,dropdown,"My child becomes anxious when walking or crawling on certain surfaces (for example, grass, sand, carpet, tile).","1, 1 |  2,  2 |  3,  3 |  4,  4 |  5,  5",,,,,,,y,,
sens_tp_cudd,CPEA STAART Sensory Profile 7 - 36 Months,,dropdown,My child resists being cuddled.,"1, 1 |  2,  2 |  3,  3 |  4,  4 |  5,  5",,,,,,,y,,
sens_tp_dental,CPEA STAART Sensory Profile 7 - 36 Months,,dropdown,"Expresses discomfort at dental work or toothbrushing (for example, cries or fights)","1, 1 |  2,  2 |  3,  3 |  4,  4 |  5,  5",,,,,,,y,,
sens_tp_fabric,CPEA STAART Sensory Profile 7 - 36 Months,,dropdown,"Is sensitive to certain fabrics (for example, is particular about certain clothes or bedsheets)","1, 1 |  2,  2 |  3,  3 |  4,  4 |  5,  5",,,,,,,y,,
sens_tp_face,CPEA STAART Sensory Profile 7 - 36 Months,,dropdown,My child avoids getting face/nose wiped.,"1, 1 |  2,  2 |  3,  3 |  4,  4 |  5,  5",,,,,,,y,,
sens_tp_fcemss,CPEA STAART Sensory Profile 7 - 36 Months,,dropdown,Doesn't seem to notice when face or hands are messy,"1, 1 |  2,  2 |  3,  3 |  4,  4 |  5,  5",,,,,,,y,,
sens_tp_food,CPEA STAART Sensory Profile 7 - 36 Months,,dropdown,My child enjoys playing with food.,"1, 1 |  2,  2 |  3,  3 |  4,  4 |  5,  5",,,,,,,y,,
sens_tp_groom,CPEA STAART Sensory Profile 7 - 36 Months,,dropdown,"Expresses distress during grooming (for example, fights or cries during haircutting, face washing, fingernail cutting)","1, 1 |  2,  2 |  3,  3 |  4,  4 |  5,  5",,,,,,,y,,
sens_tp_hair,CPEA STAART Sensory Profile 7 - 36 Months,,dropdown,My child becomes agitated when having hair washed.,"1, 1 |  2,  2 |  3,  3 |  4,  4 |  5,  5",,,,,,,y,,
sens_tp_hands,CPEA STAART Sensory Profile 7 - 36 Months,,dropdown,My child uses hands to explore food and other textures,"1, 1 |  2,  2 |  3,  3 |  4,  4 |  5,  5",,,,,,,y,,
sens_tp_held,CPEA STAART Sensory Profile 7 - 36 Months,,dropdown,My child resists being held.,"1, 1 |  2,  2 |  3,  3 |  4,  4 |  5,  5",,,,,,,y,,
sens_tp_lngslv,CPEA STAART Sensory Profile 7 - 36 Months,,dropdown,Prefers long-sleeved clothing when it is warm or short sleeves when it is cold,"1, 1 |  2,  2 |  3,  3 |  4,  4 |  5,  5",,,,,,,y,,
sens_tp_mess,CPEA STAART Sensory Profile 7 - 36 Months,,dropdown,"My child becomes very upset if own clothing, hands, and/or face are messy.","1, 1 |  2,  2 |  3,  3 |  4,  4 |  5,  5",,,,,,,y,,
sens_tp_nail,CPEA STAART Sensory Profile 7 - 36 Months,,dropdown,My child is distressed when having nails trimmed.,"1, 1 |  2,  2 |  3,  3 |  4,  4 |  5,  5",,,,,,,y,,
sens_tp_need,CPEA STAART Sensory Profile 7 - 36 Months,,dropdown,"Displays unusual need for touching certain toys, surfaces, or textures (for example, constantly touching objects)","1, 1 |  2,  2 |  3,  3 |  4,  4 |  5,  5",,,,,,,y,,
sens_tp_nomess,CPEA STAART Sensory Profile 7 - 36 Months,,dropdown,"Avoids getting 'messy' (for example, in paste, sand, finger paint, glue , tape)","1, 1 |  2,  2 |  3,  3 |  4,  4 |  5,  5",,,,,,,y,,
sens_tp_nopain,CPEA STAART Sensory Profile 7 - 36 Months,,dropdown,Decreased awareness of pain and temperature,"1, 1 |  2,  2 |  3,  3 |  4,  4 |  5,  5",,,,,,,y,,
sens_tp_noshoe,CPEA STAART Sensory Profile 7 - 36 Months,,dropdown,Avoids wearing shoes; loves to be barefoot,"1, 1 |  2,  2 |  3,  3 |  4,  4 |  5,  5",,,,,,,y,,
sens_tp_nosplh,CPEA STAART Sensory Profile 7 - 36 Months,,dropdown,Withdraws from splashing water,"1, 1 |  2,  2 |  3,  3 |  4,  4 |  5,  5",,,,,,,y,,
sens_tp_rubs,CPEA STAART Sensory Profile 7 - 36 Months,,dropdown,Rubs or scratches out a spot that has been touched,"1, 1 |  2,  2 |  3,  3 |  4,  4 |  5,  5",,,,,,,y,,
sens_tp_socks,CPEA STAART Sensory Profile 7 - 36 Months,,dropdown,Becomes irritated by shoes or socks,"1, 1 |  2,  2 |  3,  3 |  4,  4 |  5,  5",,,,,,,y,,
sens_tp_splsh,CPEA STAART Sensory Profile 7 - 36 Months,,dropdown,My child enjoys splashing during bath time.,"1, 1 |  2,  2 |  3,  3 |  4,  4 |  5,  5",,,,,,,y,,
sens_tp_stand,CPEA STAART Sensory Profile 7 - 36 Months,,dropdown,Has difficulty standing in line or close to other people,"1, 1 |  2,  2 |  3,  3 |  4,  4 |  5,  5",,,,,,,y,,
sens_tp_tchlot,CPEA STAART Sensory Profile 7 - 36 Months,,dropdown,Touches people and ojects to the point of irritating others,"1, 1 |  2,  2 |  3,  3 |  4,  4 |  5,  5",,,,,,,y,,
sens_tp_tchppl,CPEA STAART Sensory Profile 7 - 36 Months,,dropdown,Touches people and objects,"1, 1 |  2,  2 |  3,  3 |  4,  4 |  5,  5",,,,,,,y,,
sens_tp_temp,CPEA STAART Sensory Profile 7 - 36 Months,,dropdown,"My child gets upset with extreme differences in room temperature (for example, hotter, colder).","1, 1 |  2,  2 |  3,  3 |  4,  4 |  5,  5",,,,,,,y,,
sens_tp_vibr,CPEA STAART Sensory Profile 7 - 36 Months,,dropdown,"My child seeks opportunities to feel vibrations (for example, stereo speakers, washer, dryer).","1, 1 |  2,  2 |  3,  3 |  4,  4 |  5,  5",,,,,,,y,,
sens_tp_water,CPEA STAART Sensory Profile 7 - 36 Months,,dropdown,"My child is upset by changes in the bath water temperature, from one bath to the next.","1, 1 |  2,  2 |  3,  3 |  4,  4 |  5,  5",,,,,,,y,,
sens_version,CPEA STAART Sensory Profile 7 - 36 Months,,text,Sensory Profile Version,,,,,,,,y,,
sens_vp_blite,CPEA STAART Sensory Profile 7 - 36 Months,,dropdown,"Expressed discomfort with or avoids bright lights (for example, hides from sunlight through window in car)","1, 1 |  2,  2 |  3,  3 |  4,  4 |  5,  5",,,,,,,y,,
sens_vp_book,CPEA STAART Sensory Profile 7 - 36 Months,,dropdown,My child refuses to look at books with me.,"1, 1 |  2,  2 |  3,  3 |  4,  4 |  5,  5",,,,,,,y,,
sens_vp_darkh,CPEA STAART Sensory Profile 7 - 36 Months,,dropdown,Happy to be in the dark,"1, 1 |  2,  2 |  3,  3 |  4,  4 |  5,  5",,,,,,,y,,
sens_vp_darkp,CPEA STAART Sensory Profile 7 - 36 Months,,dropdown,Prefers to be in the dark,"1, 1 |  2,  2 |  3,  3 |  4,  4 |  5,  5",,,,,,,y,,
sens_vp_eyect,CPEA STAART Sensory Profile 7 - 36 Months,,dropdown,My child avoids eye contact with me.,"1, 1 |  2,  2 |  3,  3 |  4,  4 |  5,  5",,,,,,,y,,
sens_vp_frusob,CPEA STAART Sensory Profile 7 - 36 Months,,dropdown,"Becomes frustrated when trying to find objects in competing backgrounds (for example, a cluttered drawer)","1, 1 |  2,  2 |  3,  3 |  4,  4 |  5,  5",,,,,,,y,,
sens_vp_hrdob,CPEA STAART Sensory Profile 7 - 36 Months,,dropdown,"Has a hard time finding objects in competing backgrounds (for example, shoes in a messy room, favorite toy in the 'junk drawer')","1, 1 |  2,  2 |  3,  3 |  4,  4 |  5,  5",,,,,,,y,,
sens_vp_ltbthr,CPEA STAART Sensory Profile 7 - 36 Months,,dropdown,Is bothered by bright lights after others have adapted to the light,"1, 1 |  2,  2 |  3,  3 |  4,  4 |  5,  5",,,,,,,y,,
sens_vp_mirenj,CPEA STAART Sensory Profile 7 - 36 Months,,dropdown,My child enjoys looking at own reflection in the mirror.,"1, 1 |  2,  2 |  3,  3 |  4,  4 |  5,  5",,,,,,,y,,
sens_vp_mirno,CPEA STAART Sensory Profile 7 - 36 Months,,dropdown,My child does not recognize self in the mirror.,"1, 1 |  2,  2 |  3,  3 |  4,  4 |  5,  5",,,,,,,y,,
sens_vp_puzz,CPEA STAART Sensory Profile 7 - 36 Months,,dropdown,Has difficulty putting puzzles together (as compared to same age children),"1, 1 |  2,  2 |  3,  3 |  4,  4 |  5,  5",,,,,,,y,,
sens_vp_shiny,CPEA STAART Sensory Profile 7 - 36 Months,,dropdown,My child enjoys looking at shiny objects.,"1, 1 |  2,  2 |  3,  3 |  4,  4 |  5,  5",,,,,,,y,,
sens_vp_spin,CPEA STAART Sensory Profile 7 - 36 Months,,dropdown,"My child enjoys looking at moving or spinning objects (for example, ceiling fans, toys with wheels, floor fans).","1, 1 |  2,  2 |  3,  3 |  4,  4 |  5,  5",,,,,,,y,,
sens_vp_sqnt,CPEA STAART Sensory Profile 7 - 36 Months,,dropdown,Covers eyes or squints to protect eyes from light,"1, 1 |  2,  2 |  3,  3 |  4,  4 |  5,  5",,,,,,,y,,
sens_vp_stare,CPEA STAART Sensory Profile 7 - 36 Months,,dropdown,"Looks carefully or intensely at objects/people (for example, stares)","1, 1 |  2,  2 |  3,  3 |  4,  4 |  5,  5",,,,,,,y,,
sens_vp_tv,CPEA STAART Sensory Profile 7 - 36 Months,,dropdown,"My child prefers fast-paced, brightly colored TV shows.","1, 1 |  2,  2 |  3,  3 |  4,  4 |  5,  5",,,,,,,y,,
sens_vt_acts,CPEA STAART Sensory Profile 7 - 36 Months,,dropdown,"Seeks out all kinds of movement activities (for example, being whirled by adult, merry-go-rounds, playground equipment, moving toys)","1, 1 |  2,  2 |  3,  3 |  4,  4 |  5,  5",,,,,,,y,,
sens_vt_back,CPEA STAART Sensory Profile 7 - 36 Months,,dropdown,My child becomes upset when placed on back to change diapers.,"1, 1 |  2,  2 |  3,  3 |  4,  4 |  5,  5",,,,,,,y,,
sens_vt_bndov,CPEA STAART Sensory Profile 7 - 36 Months,,dropdown,"Becomes disoriented after bending over sink or table (for example, falls or gets dizzy)","1, 1 |  2,  2 |  3,  3 |  4,  4 |  5,  5",,,,,,,y,,
sens_vt_bounce,CPEA STAART Sensory Profile 7 - 36 Months,,dropdown,"My child enjoys physical activity (for example, bouncing, being held up high in the air).","1, 1 |  2,  2 |  3,  3 |  4,  4 |  5,  5",,,,,,,y,,
sens_vt_car,CPEA STAART Sensory Profile 7 - 36 Months,,dropdown,Dislikes riding in a car,"1, 1 |  2,  2 |  3,  3 |  4,  4 |  5,  5",,,,,,,y,,
sens_vt_feet,CPEA STAART Sensory Profile 7 - 36 Months,,dropdown,Becomes anxious or distressed when feet leave ground,"1, 1 |  2,  2 |  3,  3 |  4,  4 |  5,  5",,,,,,,y,,
sens_vt_hdbck,CPEA STAART Sensory Profile 7 - 36 Months,,dropdown,My child resists having head tipped back during bathing.,"1, 1 |  2,  2 |  3,  3 |  4,  4 |  5,  5",,,,,,,y,,
sens_vt_hdupd,CPEA STAART Sensory Profile 7 - 36 Months,,dropdown,"Dislikes activities where head is upside down (for example, somersaults, roughhousing)","1, 1 |  2,  2 |  3,  3 |  4,  4 |  5,  5",,,,,,,y,,
sens_vt_headup,CPEA STAART Sensory Profile 7 - 36 Months,,dropdown,"Holds head upright, even when bending over or leaning (for example, maintains a rigid position/posture during activity)","1, 1 |  2,  2 |  3,  3 |  4,  4 |  5,  5",,,,,,,y,,
sens_vt_movcry,CPEA STAART Sensory Profile 7 - 36 Months,,dropdown,My child cries or fusses whenever I try to move him/her.,"1, 1 |  2,  2 |  3,  3 |  4,  4 |  5,  5",,,,,,,y,,
sens_vt_move,CPEA STAART Sensory Profile 7 - 36 Months,,dropdown,"Seeks all kinds of movement and this interferes with daily routines (for example, can't sit still, fidgets)","1, 1 |  2,  2 |  3,  3 |  4,  4 |  5,  5",,,,,,,y,,
sens_vt_plgrd,CPEA STAART Sensory Profile 7 - 36 Months,,dropdown,"Avoids playground equipment or moving toys (for example, swing set, merry-go-round)","1, 1 |  2,  2 |  3,  3 |  4,  4 |  5,  5",,,,,,,y,,
sens_vt_rckchr,CPEA STAART Sensory Profile 7 - 36 Months,,dropdown,Rocks in desk/chair/on floor,"1, 1 |  2,  2 |  3,  3 |  4,  4 |  5,  5",,,,,,,y,,
sens_vt_rckun,CPEA STAART Sensory Profile 7 - 36 Months,,dropdown,"Rocks unconsciously (for example, while watching TV)","1, 1 |  2,  2 |  3,  3 |  4,  4 |  5,  5",,,,,,,y,,
sens_vt_rhth,CPEA STAART Sensory Profile 7 - 36 Months,,dropdown,"My child enjoys rhythmical activities (for example, swinging, rocking, car rides).","1, 1 |  2,  2 |  3,  3 |  4,  4 |  5,  5",,,,,,,y,,
sens_vt_spin,CPEA STAART Sensory Profile 7 - 36 Months,,dropdown,"Twirls/spins self frequently throughout the day (for example, likes dizzy feeling)","1, 1 |  2,  2 |  3,  3 |  4,  4 |  5,  5",,,,,,,y,,
sens_vt_spprt,CPEA STAART Sensory Profile 7 - 36 Months,,dropdown,"My child requires more support for sitting than other children the same age (for example, infant seat, pillows, towel roll).","1, 1 |  2,  2 |  3,  3 |  4,  4 |  5,  5",,,,,,,y,,
