Variable / Field Name,Form Name,Section Header,Field Type,Field Label,"Choices, Calculations, OR Slider Labels",Field Note,Text Validation Type OR Show Slider Number,Text Validation Min,Text Validation Max,Identifier?,Branching Logic (Show field only if...),Required Field?,Custom Alignment,Question Number (surveys only)
hand_reach8_green_spool,Peds - Handedness (1:0 to 2:11 y:m),,dropdown,Handedness: Reach 8. Green Spool (R=Right; L=Left; B=Both/Bimanual; NA=Not Available),"R, R | L, L | B, B | NA, NA",,,,,,,y,,
hand_reach5_red_spool,Peds - Handedness (1:0 to 2:11 y:m),,dropdown,Handedness: Reach 5. Red Spool (R=Right; L=Left; B=Both/Bimanual; NA=Not Available),"R, R | L, L | B, B | NA, NA",,,,,,,y,,
hand_reach3_yellow_spool,Peds - Handedness (1:0 to 2:11 y:m),,dropdown,Handedness: Reach 3. Yellow Spool (R=Right; L=Left; B=Both/Bimanual; NA=Not Available),"R, R | L, L | B, B | NA, NA",,,,,,,y,,
hand_reach1_red_spool,Peds - Handedness (1:0 to 2:11 y:m),,dropdown,Handedness: Reach 1. Red Spool (R=Right; L=Left; B=Both/Bimanual; NA=Not Available),"R, R | L, L | B, B | NA, NA",,,,,,,y,,
hand_hand_preference,Peds - Handedness (1:0 to 2:11 y:m),,dropdown,"Handedness: Hand preference answers include: Right = ULI Score ?+1; Left = ULI Score ?-1, Mixed = ULI score between -1 and +1","Right, Right | Left, Left | Mixed, Mixed | Non-Right, Non-Right",,,,,,,y,,
hand_grasp8_green_spool,Peds - Handedness (1:0 to 2:11 y:m),,dropdown,Handedness: Grasp 8. Green Spool (R=Right; L=Left; B=Both/Bimanual; NA=Not Available),"R, R | L, L | B, B | NA, NA",,,,,,,y,,
hand_grasp7_yellow_spool,Peds - Handedness (1:0 to 2:11 y:m),,dropdown,Handedness: Grasp 7. Yellow Spool (R=Right; L=Left; B=Both/Bimanual; NA=Not Available),"R, R | L, L | B, B | NA, NA",,,,,,,y,,
hand_grasp6_blue_spool,Peds - Handedness (1:0 to 2:11 y:m),,dropdown,Handedness: Grasp 6. Blue Spool (R=Right; L=Left; B=Both/Bimanual; NA=Not Available),"R, R | L, L | B, B | NA, NA",,,,,,,y,,
hand_grasp5_red_spool,Peds - Handedness (1:0 to 2:11 y:m),,dropdown,Handedness: Grasp 5. Red Spool (R=Right; L=Left; B=Both/Bimanual; NA=Not Available),"R, R | L, L | B, B | NA, NA",,,,,,,y,,
hand_grasp4_green_spool,Peds - Handedness (1:0 to 2:11 y:m),,dropdown,Handedness: Grasp 4. Green Spool (R=Right; L=Left; B=Both/Bimanual; NA=Not Available),"R, R | L, L | B, B | NA, NA",,,,,,,y,,
hand_grasp3_yellow_spool,Peds - Handedness (1:0 to 2:11 y:m),,dropdown,Handedness: Grasp 3. Yellow Spool (R=Right; L=Left; B=Both/Bimanual; NA=Not Available),"R, R | L, L | B, B | NA, NA",,,,,,,y,,
hand_grasp1_red_spool,Peds - Handedness (1:0 to 2:11 y:m),,dropdown,Handedness: Grasp 1. Red Spool (R=Right; L=Left; B=Both/Bimanual; NA=Not Available),"R, R | L, L | B, B | NA, NA",,,,,,,y,,
hand_caregiver_report_hand_use,Peds - Handedness (1:0 to 2:11 y:m),,dropdown,Handedness: Caregiver report as to what is the child preferred hand (R=Right; L=Left; NP=No Preference; NA=Not Available),"R, R | L, L | NP, NP | NA, NA",,,,,,,y,,
admin_status,Peds - Handedness (1:0 to 2:11 y:m),,dropdown,Instrument administration status,"Complete, Complete | Partial, Partial | Not Administered, Not Administered | Not Applicable, Not Applicable",,,,,,,y,,
timepoint_label,Peds - Handedness (1:0 to 2:11 y:m),,text,User-defined timepoint/visit label - a label selected by the site at the time of registration of a new timepoint into the database.  This label is used to group all the instruments administered to a subject at a given timepoint.,,,,,,,,y,,
src_subject_id,Peds - Handedness (1:0 to 2:11 y:m),,text,The site's subject identification,,,,,,,,y,,
hand_reach7_yellow_spool,Peds - Handedness (1:0 to 2:11 y:m),,dropdown,Handedness: Reach 7. Yellow Spool (R=Right; L=Left; B=Both/Bimanual; NA=Not Available),"R, R | L, L | B, B | NA, NA",,,,,,,y,,
hand_reach6_blue_spool,Peds - Handedness (1:0 to 2:11 y:m),,dropdown,Handedness: Reach 6. Blue Spool (R=Right; L=Left; B=Both/Bimanual; NA=Not Available),"R, R | L, L | B, B | NA, NA",,,,,,,y,,
hand_reach4_green_spool,Peds - Handedness (1:0 to 2:11 y:m),,dropdown,Handedness: Reach 4. Green Spool (R=Right; L=Left; B=Both/Bimanual; NA=Not Available),"R, R | L, L | B, B | NA, NA",,,,,,,y,,
hand_reach2_blue_spool,Peds - Handedness (1:0 to 2:11 y:m),,dropdown,Handedness: Reach 2. Blue Spool (R=Right; L=Left; B=Both/Bimanual; NA=Not Available),"R, R | L, L | B, B | NA, NA",,,,,,,y,,
hand_grasp2_blue_spool,Peds - Handedness (1:0 to 2:11 y:m),,dropdown,Handedness: Grasp 2. Blue Spool (R=Right; L=Left; B=Both/Bimanual; NA=Not Available),"R, R | L, L | B, B | NA, NA",,,,,,,y,,
hand_number_reach_right_hand,Peds - Handedness (1:0 to 2:11 y:m),,text,Handedness: Number of reaches using the right hand,,,,,,,,y,,
hand_number_reach_left_hand,Peds - Handedness (1:0 to 2:11 y:m),,text,Handedness: Number of reaches using the left hand,,,,,,,,y,,
hand_number_reach_both_hands,Peds - Handedness (1:0 to 2:11 y:m),,text,Handedness: Number of reaches using both hands,,,,,,,,y,,
hand_number_grasps_right_hand,Peds - Handedness (1:0 to 2:11 y:m),,text,Handedness: Number of grasps using the right hand,,,,,,,,y,,
hand_number_grasps_left_hand,Peds - Handedness (1:0 to 2:11 y:m),,text,Handedness: Number of grasps using the left hand,,,,,,,,y,,
hand_number_grasps_both_hands,Peds - Handedness (1:0 to 2:11 y:m),,text,Handedness: Number of grasps using both hands,,,,,,,,y,,
age_in_days_dot_to_edc,Peds - Handedness (1:0 to 2:11 y:m),,text,Age in days obtained by subtracting the Expected Date of Confinement (EDC/Due Date) from the date of test,,,,,,,,y,,
subjectkey,Peds - Handedness (1:0 to 2:11 y:m),,text,The NDAR Global Unique Identifier (GUID) for subjects which identifies a subject in NDAR,,,,,,,,,,
hand_percent_reach_left_hand,Peds - Handedness (1:0 to 2:11 y:m),,text,Handedness: Percent of the trials during which the left hand is actively reaching,,,,,,,,y,,
hand_percent_grasps_right_hand,Peds - Handedness (1:0 to 2:11 y:m),,text,Handedness: Percent of the trials during which the right hand is actively grasping,,,,,,,,y,,
hand_percent_grasps_both_hands,Peds - Handedness (1:0 to 2:11 y:m),,text,Handedness: Percent of the trials during which both hands are actively grasping,,,,,,,,y,,
hand_grasp_uli,Peds - Handedness (1:0 to 2:11 y:m),,text,Handedness: Unimanual Laterality Index (Grasp),,,,,,,,y,,
hand_reach_uli,Peds - Handedness (1:0 to 2:11 y:m),,text,Handedness: Unimanual Laterality Index (Reach),,,,,,,,y,,
hand_percent_reach_right_hand,Peds - Handedness (1:0 to 2:11 y:m),,text,Handedness: Percent of the trials during which the right hand is actively reaching,,,,,,,,y,,
hand_percent_reach_both_hands,Peds - Handedness (1:0 to 2:11 y:m),,text,Handedness: Percent of the trials during which both hands are actively reaching,,,,,,,,y,,
hand_percent_grasps_left_hand,Peds - Handedness (1:0 to 2:11 y:m),,text,Handedness: Percent of the trials during which the left hand is actively grasping,,,,,,,,y,,
