Variable / Field Name,Form Name,Section Header,Field Type,Field Label,"Choices, Calculations, OR Slider Labels",Field Note,Text Validation Type OR Show Slider Number,Text Validation Min,Text Validation Max,Identifier?,Branching Logic (Show field only if...),Required Field?,Custom Alignment,Question Number (surveys only)
cvlt2_pct_ldfr_vs_sdfr_contrst,"Peds - California Verbal Learning Test, 2nd ed.",,text,CVLT II: Percent long-delay free-recall vs short-delay free-recall contrast,,,,,,,,y,,
cvlt2_pct_proactive_interf_rc,"Peds - California Verbal Learning Test, 2nd ed.",,text,CVLT II: Percent proactive interference recall contrast,,,,,,,,y,,
cvlt2_raw_cued_rd_errors,"Peds - California Verbal Learning Test, 2nd ed.",,text,CVLT II: Cued-recall discriminability recall errors raw score,,,,,,,,y,,
cvlt2_raw_ld_cued_recall_nc,"Peds - California Verbal Learning Test, 2nd ed.",,text,CVLT II: Long-delay cued-recall number correct raw score,,,,,,,,y,,
cvlt2_raw_ld_fr_nc,"Peds - California Verbal Learning Test, 2nd ed.",,text,CVLT II: Long-delay free-recall number correct raw score,,,,,,,,y,,
cvlt2_raw_novel_recog_ddr_yn,"Peds - California Verbal Learning Test, 2nd ed.",,text,CVLT II: Novel recognition discriminability delay recognition yes/no raw score,,,,,,,,y,,
cvlt2_raw_pctcon_ad_recog_fc,"Peds - California Verbal Learning Test, 2nd ed.",,text,CVLT II: Percent concrete accuracy delay recognition forced choice raw score,,,,,,,,y,,
cvlt2_raw_pct_recall_mid_learn,"Peds - California Verbal Learning Test, 2nd ed.",,text,CVLT II: Percent recall middle learning characteristics raw score,,,,,,,,y,,
cvlt2_raw_pct_recall_pri_learn,"Peds - California Verbal Learning Test, 2nd ed.",,text,CVLT II: Percent recall primacy learning characteristics raw score,,,,,,,,y,,
cvlt2_raw_pct_recall_rec_learn,"Peds - California Verbal Learning Test, 2nd ed.",,text,CVLT II: Percent recall recency learning characteristics raw score,,,,,,,,y,,
cvlt2_raw_pct_tot_ad_recog_fc,"Peds - California Verbal Learning Test, 2nd ed.",,text,CVLT II: Percent total accuracy delay recognition forced choice raw score,,,,,,,,y,,
cvlt2_raw_sem_recog_ddr_yn,"Peds - California Verbal Learning Test, 2nd ed.",,text,CVLT II: Semantic recognition discriminability delay recognition yes/no raw score,,,,,,,,y,,
cvlt2_raw_serl_clust_bi_learn,"Peds - California Verbal Learning Test, 2nd ed.",,text,CVLT II: Serial clustering bidirectional learning characteristics raw score,,,,,,,,y,,
cvlt2_raw_serl_clust_for_learn,"Peds - California Verbal Learning Test, 2nd ed.",,text,CVLT II: Serial clustering forward learning characteristics raw score,,,,,,,,y,,
cvlt2_raw_sd_cued_recall_rd,"Peds - California Verbal Learning Test, 2nd ed.",,text,CVLT II: Short-delay cued-recall recall discriminability raw score,,,,,,,,y,,
cvlt2_raw_sd_fr_rd,"Peds - California Verbal Learning Test, 2nd ed.",,text,CVLT II: Short-delay free-recall recall discriminability raw score,,,,,,,,y,,
cvlt2_raw_subj_clust_bi_learn,"Peds - California Verbal Learning Test, 2nd ed.",,text,CVLT II: Subjective clustering bidirectional learning characteristics raw score,,,,,,,,y,,
cvlt2_raw_tot_list_intrusions,"Peds - California Verbal Learning Test, 2nd ed.",,text,CVLT II: Total across list intrusions recall errors raw score,,,,,,,,y,,
cvlt2_raw_total_dr_intrusions,"Peds - California Verbal Learning Test, 2nd ed.",,text,CVLT II: Total delayed recall intrusions recall errors raw score,,,,,,,,y,,
cvlt2_raw_total_fr_intrusions,"Peds - California Verbal Learning Test, 2nd ed.",,text,CVLT II: Total free-recall intrusions recall errors raw score,,,,,,,,y,,
cvlt2_raw_total_hits_dr_yesno,"Peds - California Verbal Learning Test, 2nd ed.",,text,CVLT II: Total hits delay recognition yes/no raw score,,,,,,,,y,,
cvlt2_raw_total_ir_intrusions,"Peds - California Verbal Learning Test, 2nd ed.",,text,CVLT II: Total immediate recall intrusions recall errors raw score,,,,,,,,y,,
cvlt2_raw_total_ls_trials1_2,"Peds - California Verbal Learning Test, 2nd ed.",,text,CVLT II: Total learning slope trials 1-2 learning characteristics raw score,,,,,,,,y,,
cvlt2_raw_total_ls_trials2_5,"Peds - California Verbal Learning Test, 2nd ed.",,text,CVLT II: Total learning slope trials 2-5 learning characteristics raw score,,,,,,,,y,,
cvlt2_raw_total_rd_errors,"Peds - California Verbal Learning Test, 2nd ed.",,text,CVLT II: Total recall discriminability recall errors raw score,,,,,,,,y,,
cvlt2_raw_total_recog_ddr_yn,"Peds - California Verbal Learning Test, 2nd ed.",,text,CVLT II: Total recognition discriminability delay recognition yes/no raw score,,,,,,,,y,,
cvlt2_raw_tot_resp_bias_dr_yn,"Peds - California Verbal Learning Test, 2nd ed.",,text,CVLT II: Total response bias delay recognition yes/no raw score,,,,,,,,y,,
cvlt2_raw_total_syn_sub_intrus,"Peds - California Verbal Learning Test, 2nd ed.",,text,CVLT II: Total synonym/subordinate intrusions recall errors raw score,,,,,,,,y,,
cvlt2_raw_trial1_rd,"Peds - California Verbal Learning Test, 2nd ed.",,text,CVLT II: Trial 1 recall discriminability raw score,,,,,,,,y,,
cvlt2_raw_trial2_rd,"Peds - California Verbal Learning Test, 2nd ed.",,text,CVLT II: Trial 2 recall discriminability raw score,,,,,,,,y,,
cvlt2_raw_trial3_rd,"Peds - California Verbal Learning Test, 2nd ed.",,text,CVLT II: Trial 3 recall discriminability raw score,,,,,,,,y,,
cvlt2_raw_trial3_sem_clust,"Peds - California Verbal Learning Test, 2nd ed.",,text,CVLT II: Trial 3 semantic clustering raw score,,,,,,,,y,,
cvlt2_raw_trial4_rd,"Peds - California Verbal Learning Test, 2nd ed.",,text,CVLT II: Trial 4 recall discriminability raw score,,,,,,,,y,,
cvlt2_raw_trial4_sem_clust,"Peds - California Verbal Learning Test, 2nd ed.",,text,CVLT II: Trial 4 semantic clustering raw score,,,,,,,,y,,
cvlt2_raw_trial5_sem_clust,"Peds - California Verbal Learning Test, 2nd ed.",,text,CVLT II: Trial 5 semantic clustering raw score,,,,,,,,y,,
cvlt2_raw_trialb_sem_clust,"Peds - California Verbal Learning Test, 2nd ed.",,text,CVLT II: Trial B semantic clustering raw score,,,,,,,,y,,
cvlt2_raw_trials1to5_nc,"Peds - California Verbal Learning Test, 2nd ed.",,text,CVLT II: Sum of trials 1 to 5 number correct raw score,,,,,,,,y,,
cvlt2_raw_trials1to5_rd,"Peds - California Verbal Learning Test, 2nd ed.",,text,CVLT II: Sum of trials 1 to 5 recall discriminability raw score,,,,,,,,y,,
cvlt2_raw_trials1to5_sem_clust,"Peds - California Verbal Learning Test, 2nd ed.",,text,CVLT II: Sum of trials 1 to 5 semantic clustering raw score,,,,,,,,y,,
cvlt2_target_words_hit_m_fc,"Peds - California Verbal Learning Test, 2nd ed.",,text,CVLT II: Target Words Hits Missed Forced Choice Critical Items,,,,,,,,y,,
cvlt2_target_words_recall_m_fc,"Peds - California Verbal Learning Test, 2nd ed.",,text,CVLT II: Target Words Recalled Missed Forced Choice Critical Items,,,,,,,,y,,
cvlt2_total_intrusions_ag_bet,"Peds - California Verbal Learning Test, 2nd ed.",,text,CVLT II: Total across intrusions recall errors age group better,,,,,,,,y,,
cvlt2_total_intrusions_ag_mtch,"Peds - California Verbal Learning Test, 2nd ed.",,text,CVLT II: Total across intrusions recall errors age group match,,,,,,,,y,,
cvlt2_tot_nc_intrusions_ag_bet,"Peds - California Verbal Learning Test, 2nd ed.",,text,CVLT II: Total non category intrusions recall errors age group better,,,,,,,,y,,
cvlt2_tot_nc_intrusion_ag_mtch,"Peds - California Verbal Learning Test, 2nd ed.",,text,CVLT II: Total non category intrusions recall errors age group match,,,,,,,,y,,
cvlt2_tot_ss_intrusion_ag_bet,"Peds - California Verbal Learning Test, 2nd ed.",,text,CVLT II: Total synonym/subordinate Intrusion recall errors age group better,,,,,,,,y,,
cvlt2_tot_ss_intrusion_ag_mtch,"Peds - California Verbal Learning Test, 2nd ed.",,text,CVLT II: Total synonym/subordinate Intrusion recall errors age group match,,,,,,,,y,,
cvlt2_t_score_trials1to5_nc,"Peds - California Verbal Learning Test, 2nd ed.",,text,CVLT II: Sum of trials 1 to 5 number correct T score,,,,,,,,y,,
cvlt2_z_sc_recall_consist_lrn,"Peds - California Verbal Learning Test, 2nd ed.",,text,CVLT II: Across trial recall consistency learning characteristics Z score,,,,,,,,y,,
cvlt2_z_score_cued_rd_errors,"Peds - California Verbal Learning Test, 2nd ed.",,text,CVLT II: Cued-recall discriminability recall errors Z score,,,,,,,,y,,
cvlt2_z_score_delayed_rd_er,"Peds - California Verbal Learning Test, 2nd ed.",,text,CVLT II: Delayed recall discriminability recall errors Z score,,,,,,,,y,,
cvlt2_z_score_fr_discrim_er,"Peds - California Verbal Learning Test, 2nd ed.",,text,CVLT II: Free-recall discriminability recall errors Z score,,,,,,,,y,,
cvlt2_z_score_ldfr_vs_sdfr_rc,"Peds - California Verbal Learning Test, 2nd ed.",,text,CVLT II: Z score long-delay free-recall vs short-delay free-recall recall contrast,,,,,,,,y,,
cvlt2_z_score_ld_cr_nc,"Peds - California Verbal Learning Test, 2nd ed.",,text,CVLT II: Long-delay cued-recall number correct Z score,,,,,,,,y,,
cvlt2_z_score_ld_cr_rd,"Peds - California Verbal Learning Test, 2nd ed.",,text,CVLT II: Long-delay cued-recall recall discriminability Z score,,,,,,,,y,,
cvlt2_z_sc_ld_fr_vs_trial5_rc,"Peds - California Verbal Learning Test, 2nd ed.",,text,CVLT II: Z score long-delay free-recall vs trial 5 recall contrast,,,,,,,,y,,
cvlt2_z_score_ld_fr_nc,"Peds - California Verbal Learning Test, 2nd ed.",,text,CVLT II: Long-delay free-recall number correct Z score,,,,,,,,y,,
cvlt2_z_score_ld_fr_rd,"Peds - California Verbal Learning Test, 2nd ed.",,text,CVLT II: Long-delay free-recall recall discriminability Z score,,,,,,,,y,,
cvlt2_z_score_ld_fr_sem_clust,"Peds - California Verbal Learning Test, 2nd ed.",,text,CVLT II: Long-delay free-recall semantic clustering Z score,,,,,,,,y,,
cvlt2_z_sc_novel_recog_ddr_yn,"Peds - California Verbal Learning Test, 2nd ed.",,text,CVLT II: Novel recognition discriminability delay recognition yes/no Z score,,,,,,,,y,,
cvlt2_z_sc_pct_recall_mid_lrn,"Peds - California Verbal Learning Test, 2nd ed.",,text,CVLT II: Percent recall middle learning characteristics Z score,,,,,,,,y,,
cvlt2_z_sc_pct_recall_pri_lrn,"Peds - California Verbal Learning Test, 2nd ed.",,text,CVLT II: Percent recall primacy learning characteristics Z score,,,,,,,,y,,
cvlt2_z_sc_pct_recall_rec_lrn,"Peds - California Verbal Learning Test, 2nd ed.",,text,CVLT II: Percent recall recency learning characteristics Z score,,,,,,,,y,,
cvlt2_z_sc_proactive_interf_rc,"Peds - California Verbal Learning Test, 2nd ed.",,text,CVLT II: Z score proactive interference recall contrast,,,,,,,,y,,
cvlt2_z_score_sem_recog_ddr_yn,"Peds - California Verbal Learning Test, 2nd ed.",,text,CVLT II: Semantic recognition discriminability delay recognition yes/no Z score,,,,,,,,y,,
cvlt2_z_sc_serl_clust_bi_learn,"Peds - California Verbal Learning Test, 2nd ed.",,text,CVLT II: Serial clustering bidirectional learning characteristics Z score,,,,,,,,y,,
cvlt2_z_sc_serl_clust_for_lrn,"Peds - California Verbal Learning Test, 2nd ed.",,text,CVLT II: Serial clustering forward learning characteristics Z score,,,,,,,,y,,
cvlt2_z_score_sd_cr_nc,"Peds - California Verbal Learning Test, 2nd ed.",,text,CVLT II: Short-delay cued-recall number correct Z score,,,,,,,,y,,
cvlt2_z_score_sd_cr_rd,"Peds - California Verbal Learning Test, 2nd ed.",,text,CVLT II: Short-delay cued-recall recall discriminability Z score,,,,,,,,y,,
cvlt2_z_score_sd_fr_nc,"Peds - California Verbal Learning Test, 2nd ed.",,text,CVLT II: Short-delay free-recall number correct Z score,,,,,,,,y,,
cvlt2_z_score_sd_fr_rd,"Peds - California Verbal Learning Test, 2nd ed.",,text,CVLT II: Short-delay free-recall recall discriminability Z score,,,,,,,,y,,
cvlt2_z_score_sd_ret_interf_rc,"Peds - California Verbal Learning Test, 2nd ed.",,text,CVLT II: Z score short-delay retention interference recall contrast,,,,,,,,y,,
cvlt2_z_score_src_recog_ddr_yn,"Peds - California Verbal Learning Test, 2nd ed.",,text,CVLT II: Source recognition discriminability delay recognition yes/no Z score,,,,,,,,y,,
cvlt2_z_sc_subj_clust_bi_learn,"Peds - California Verbal Learning Test, 2nd ed.",,text,CVLT II: Subjective clustering bidirectional learning characteristics Z score,,,,,,,,y,,
cvlt2_z_score_total_cr_intrus,"Peds - California Verbal Learning Test, 2nd ed.",,text,CVLT II: Total cued-recall intrusions recall errors Z score,,,,,,,,y,,
cvlt2_z_score_total_dr_intrus,"Peds - California Verbal Learning Test, 2nd ed.",,text,CVLT II: Total delayed recall intrusions recall errors Z score,,,,,,,,y,,
cvlt2_z_sc_tot_false_pos_dr_yn,"Peds - California Verbal Learning Test, 2nd ed.",,text,CVLT II: Total false positives delay recognition yes/no Z score,,,,,,,,y,,
cvlt2_z_score_total_fr_intrus,"Peds - California Verbal Learning Test, 2nd ed.",,text,CVLT II: Total free-recall intrusions recall errors Z score,,,,,,,,y,,
cvlt2_z_score_total_hits_dr_yn,"Peds - California Verbal Learning Test, 2nd ed.",,text,CVLT II: Total hits delay recognition yes/no Z score,,,,,,,,y,,
cvlt2_z_score_total_ir_intrus,"Peds - California Verbal Learning Test, 2nd ed.",,text,CVLT II: Total immediate recall intrusions recall errors Z score,,,,,,,,y,,
cvlt2_z_score_total_intrusions,"Peds - California Verbal Learning Test, 2nd ed.",,text,CVLT II: Total intrusions recall errors Z score,,,,,,,,y,,
cvlt2_z_sc_tot_lrn_slope_t1_2,"Peds - California Verbal Learning Test, 2nd ed.",,text,CVLT II: Total learning slope trials 1-2 learning characteristics Z score,,,,,,,,y,,
cvlt2_z_sc_tot_lrn_slope_t1_5,"Peds - California Verbal Learning Test, 2nd ed.",,text,CVLT II: Total learning slope trials 1-5 learning characteristics Z score,,,,,,,,y,,
cvlt2_z_sc_tot_lrn_slope_t2_5,"Peds - California Verbal Learning Test, 2nd ed.",,text,CVLT II: Total learning slope trials 2-5 learning characteristics Z score,,,,,,,,y,,
cvlt2_z_score_total_rd_errors,"Peds - California Verbal Learning Test, 2nd ed.",,text,CVLT II: Total recall discriminability recall errors Z score,,,,,,,,y,,
cvlt2_z_score_to_recog_ddr_yn,"Peds - California Verbal Learning Test, 2nd ed.",,text,CVLT II: Total recognition discriminability delay recognition yes/no Z score,,,,,,,,y,,
cvlt2_z_score_total_recog_drrc,"Peds - California Verbal Learning Test, 2nd ed.",,text,CVLT II: Z score total recognition discrimination recall recognition contrast,,,,,,,,y,,
cvlt2_z_score_total_reps,"Peds - California Verbal Learning Test, 2nd ed.",,text,CVLT II: Total repetitions recall errors Z score,,,,,,,,y,,
cvlt2_z_sc_tot_resp_bias_dr_yn,"Peds - California Verbal Learning Test, 2nd ed.",,text,CVLT II: Total Response bias delay recognition yes/no Z score,,,,,,,,y,,
cvlt2_z_score_trial1_nc,"Peds - California Verbal Learning Test, 2nd ed.",,text,CVLT II: Trial 1 number correct Z score,,,,,,,,y,,
cvlt2_z_score_trial1_sem_clust,"Peds - California Verbal Learning Test, 2nd ed.",,text,CVLT II: Trial 1 semantic clustering Z score,,,,,,,,y,,
cvlt2_z_score_trial2_nc,"Peds - California Verbal Learning Test, 2nd ed.",,text,CVLT II: Trial 2 number correct Z score,,,,,,,,y,,
cvlt2_z_score_trial3_nc,"Peds - California Verbal Learning Test, 2nd ed.",,text,CVLT II: Trial 3 number correct Z score,,,,,,,,y,,
cvlt2_z_score_trial4_nc,"Peds - California Verbal Learning Test, 2nd ed.",,text,CVLT II: Trial 4 number correct Z score,,,,,,,,y,,
cvlt2_z_score_trial5_nc,"Peds - California Verbal Learning Test, 2nd ed.",,text,CVLT II: Trial 5 number correct Z score,,,,,,,,y,,
cvlt2_z_score_trial5_rd,"Peds - California Verbal Learning Test, 2nd ed.",,text,CVLT II: Trial 5 recall discriminability Z score,,,,,,,,y,,
cvlt2_z_score_trial5_sem_clust,"Peds - California Verbal Learning Test, 2nd ed.",,text,CVLT II: Trial 5 semantic clustering Z score,,,,,,,,y,,
cvlt2_z_score_trialb_nc,"Peds - California Verbal Learning Test, 2nd ed.",,text,CVLT II: Trial B number correct Z score,,,,,,,,y,,
cvlt2_z_score_trialb_sem_clust,"Peds - California Verbal Learning Test, 2nd ed.",,text,CVLT II: Trial B semantic clustering Z score,,,,,,,,y,,
cvlt2_z_score_trials1to5_rd,"Peds - California Verbal Learning Test, 2nd ed.",,text,CVLT II: Sum of trials 1 to 5 recall discriminability Z score,,,,,,,,y,,
cvlt2_z_score_t1to5_sem_clust,"Peds - California Verbal Learning Test, 2nd ed.",,text,CVLT II: Sum of trials 1 to 5 semantic clustering Z score,,,,,,,,y,,
subjectkey,"Peds - California Verbal Learning Test, 2nd ed.",,text,The NDAR Global Unique Identifier (GUID) for subjects which identifies a subject in NDAR,,,,,,,,,,
src_subject_id,"Peds - California Verbal Learning Test, 2nd ed.",,text,The site's subject identification,,,,,,,,y,,
timepoint_label,"Peds - California Verbal Learning Test, 2nd ed.",,text,User-defined timepoint/visit label - a label selected by the site at the time of registration of a new timepoint into the database.  This label is used to group all the instruments administered to a subject at a given timepoint.,,,,,,,,y,,
admin_status,"Peds - California Verbal Learning Test, 2nd ed.",,dropdown,Instrument administration status,"Complete, Complete | Partial, Partial | Not Administered, Not Administered | Not Applicable, Not Applicable",,,,,,,y,,
age_days_dot_to_dob,"Peds - California Verbal Learning Test, 2nd ed.",,text,Age in days obtained by subtracting the date of birth from the date of test,,,,,,,,y,,
cvlt2_pct_ld_fr_vs_trial5_rc,"Peds - California Verbal Learning Test, 2nd ed.",,text,CVLT II: Percent long-delay free-recall vs trial 5 recall contrast,,,,,,,,y,,
cvlt2_pct_sd_retent_interf_rc,"Peds - California Verbal Learning Test, 2nd ed.",,text,CVLT II: Percent short-delay retention interference recall contrast,,,,,,,,y,,
cvlt2_pct_tot_recog_dc,"Peds - California Verbal Learning Test, 2nd ed.",,text,CVLT II: Percent total recognition discrimination recall recognition contrast,,,,,,,,y,,
cvlt2_raw_trial_rc_learning,"Peds - California Verbal Learning Test, 2nd ed.",,text,CVLT II: Across trial recall consistency learning characteristics raw score,,,,,,,,y,,
cvlt2_raw_delayed_rd_errors,"Peds - California Verbal Learning Test, 2nd ed.",,text,CVLT II: Delayed recall discriminability recall errors raw score,,,,,,,,y,,
cvlt2_raw_fr_discrim_errors,"Peds - California Verbal Learning Test, 2nd ed.",,text,CVLT II: Free-recall discriminability recall errors raw score,,,,,,,,y,,
cvlt2_raw_ld_cued_recall_rd,"Peds - California Verbal Learning Test, 2nd ed.",,text,CVLT II: Long-delay cued-recall recall discriminability raw score,,,,,,,,y,,
cvlt2_raw_ld_fr_rd,"Peds - California Verbal Learning Test, 2nd ed.",,text,CVLT II: Long-delay free-recall recall discriminability raw score,,,,,,,,y,,
cvlt2_raw_ld_fr_sem_clust,"Peds - California Verbal Learning Test, 2nd ed.",,text,CVLT II: Long-delay free-recall semantic clustering raw score,,,,,,,,y,,
cvlt2_raw_pctab_ad_recog_fc,"Peds - California Verbal Learning Test, 2nd ed.",,text,CVLT II: Percent abstract accuracy delay recognition forced choice raw score,,,,,,,,y,,
cvlt2_raw_sd_cued_recall_nc,"Peds - California Verbal Learning Test, 2nd ed.",,text,CVLT II: Short-delay cued-recall number correct raw score,,,,,,,,y,,
cvlt2_raw_sd_fr_nc,"Peds - California Verbal Learning Test, 2nd ed.",,text,CVLT II: Short-delay free-recall number correct raw score,,,,,,,,y,,
cvlt2_raw_sd_fr_sem_clust,"Peds - California Verbal Learning Test, 2nd ed.",,text,CVLT II: Short-delay free-recall semantic clustering raw score,,,,,,,,y,,
cvlt2_raw_srce_recog_ddr_yn,"Peds - California Verbal Learning Test, 2nd ed.",,text,CVLT II: Source recognition discriminability delay recognition yes/no raw score,,,,,,,,y,,
cvlt2_raw_total_cr_intrusions,"Peds - California Verbal Learning Test, 2nd ed.",,text,CVLT II: Total cued-recall intrusions recall errors raw score,,,,,,,,y,,
cvlt2_raw_tot_false_pos_dr_yn,"Peds - California Verbal Learning Test, 2nd ed.",,text,CVLT II: Total false positives delay recognition yes/no raw score,,,,,,,,y,,
cvlt2_raw_total_intrusions,"Peds - California Verbal Learning Test, 2nd ed.",,text,CVLT II: Total intrusions recall errors raw score,,,,,,,,y,,
cvlt2_raw_total_ls_trials1_5,"Peds - California Verbal Learning Test, 2nd ed.",,text,CVLT II: Total learning slope trials 1-5 learning characteristics raw score,,,,,,,,y,,
cvlt2_raw_total_nc_intrusions,"Peds - California Verbal Learning Test, 2nd ed.",,text,CVLT II: Total Non category intrusions recall errors raw score,,,,,,,,y,,
cvlt2_raw_total_repetitions,"Peds - California Verbal Learning Test, 2nd ed.",,text,CVLT II: Total repetitions recall errors raw score,,,,,,,,y,,
cvlt2_raw_trial1_nc,"Peds - California Verbal Learning Test, 2nd ed.",,text,CVLT II: Trial 1 number correct raw score,,,,,,,,y,,
cvlt2_raw_trial1_sem_clust,"Peds - California Verbal Learning Test, 2nd ed.",,text,CVLT II: Trial 1 semantic clustering raw score,,,,,,,,y,,
cvlt2_raw_trial2_nc,"Peds - California Verbal Learning Test, 2nd ed.",,text,CVLT II: Trial 2 number correct raw score,,,,,,,,y,,
cvlt2_raw_trial2_sem_clust,"Peds - California Verbal Learning Test, 2nd ed.",,text,CVLT II: Trial 2 semantic clustering raw score,,,,,,,,y,,
cvlt2_raw_trial3_nc,"Peds - California Verbal Learning Test, 2nd ed.",,text,CVLT II: Trial 3 number correct raw score,,,,,,,,y,,
cvlt2_raw_trial4_nc,"Peds - California Verbal Learning Test, 2nd ed.",,text,CVLT II: Trial 4 number correct raw score,,,,,,,,y,,
cvlt2_raw_trial5_nc,"Peds - California Verbal Learning Test, 2nd ed.",,text,CVLT II: Trial 5 number correct raw score,,,,,,,,y,,
cvlt2_raw_trial5_rd,"Peds - California Verbal Learning Test, 2nd ed.",,text,CVLT II: Trial 5 recall discriminability raw score,,,,,,,,y,,
cvlt2_raw_trialb_nc,"Peds - California Verbal Learning Test, 2nd ed.",,text,CVLT II: Trial B number correct raw score,,,,,,,,y,,
cvlt2_raw_trialb_rd,"Peds - California Verbal Learning Test, 2nd ed.",,text,CVLT II: Trial B recall discriminability raw score,,,,,,,,y,,
cvlt2_z_score_sd_fr_sem_clust,"Peds - California Verbal Learning Test, 2nd ed.",,text,CVLT II: Short-delay free-recall semantic clustering Z score,,,,,,,,y,,
