Variable / Field Name,Form Name,Section Header,Field Type,Field Label,"Choices, Calculations, OR Slider Labels",Field Note,Text Validation Type OR Show Slider Number,Text Validation Min,Text Validation Max,Identifier?,Branching Logic (Show field only if...),Required Field?,Custom Alignment,Question Number (surveys only)
subjectkey,CPEA STAART Physical Exam,,text,The NDAR Global Unique Identifier (GUID) for subjects which identifies a subject in NDAR,,,,,,,,y,,
patid,CPEA STAART Physical Exam,,text,src_Subject_id,,Patient IDs were assigned at the research site for CPEA and STAART,,,,,,y,,
cycle,CPEA STAART Physical Exam,,text,Timepoint information,,,,,,,,y,,
phase,CPEA STAART Physical Exam,,dropdown,Phase,"1, 1 |  2,  2 |  3,  3 |  4,  4",,,,,,,y,,
q19_date,CPEA STAART Physical Exam,,text,Date,,Required field,,,,,,y,,
q19_ratr,CPEA STAART Physical Exam,,text,Rater Name,,"The name of the staff member who administered the form. If the form was filled out by the guardian or teacher, the CC¿s name should be entered as Rater.",,,,,,y,,
19_ratr,CPEA STAART Physical Exam,,text,Rater Name,,"The name of the staff member who administered the form. If the form was filled out by the guardian or teacher, the CC¿s name should be entered as Rater.",,,,,,y,,
q19_prif,CPEA STAART Physical Exam,,dropdown,Primary Source: Father,"0, Check if father is primary source. 0=no |  -1,  -1=yes.",,,,,,,y,,
q19_pric,CPEA STAART Physical Exam,,dropdown,Primary Source: Child,"0, Check if child is primary source. 0=no |  -1,  -1=yes.",,,,,,,y,,
q19_prio,CPEA STAART Physical Exam,,dropdown,Primary Source: Other,"0, Check if primary source not mother, father, child or teacher. 0=no |  -1,  -1=yes.",,,,,,,y,,
q19_pr_s,CPEA STAART Physical Exam,,text,Other Primary Source specified,,Complete if q19_prio is checked,,,,,,y,,
q19_parm,CPEA STAART Physical Exam,,dropdown,Participants present: Mother,"0, Check if mother is present during assessment. If Teacher is primary source this item should be left blank. 0=no |  -1,  -1=yes.",,,,,,,y,,
q19_parf,CPEA STAART Physical Exam,,dropdown,Participants present: Father,"0, Check if father is present during assessment. If Teacher is primary source this item should be left blank. 0=no |  -1,  -1=yes.",,,,,,,y,,
q19_parc,CPEA STAART Physical Exam,,dropdown,Participants present: Child,"0, Check if chid is present during assessment. If Teacher is primary source this item should be left blank. 0=no |  -1,  -1=yes.",,,,,,,y,,
q19_paro,CPEA STAART Physical Exam,,dropdown,Participants present: Other,"0, If Teacher is primary source, this item should be left blank. If administered by phone, q19_paro should be checked and PHONE should be written in q19_pa_s. 0=no |  -1,  -1=yes.",,,,,,,y,,
q19_pa_s,CPEA STAART Physical Exam,,text,Other Participants present specified,,Complete if q19_paro is checked,,,,,,y,,
q19_a1a,CPEA STAART Physical Exam,,dropdown,Height: Feet,"2 to 6, 2 to 6 |  -7,  -7 |  -8,  -8 |  -9,  -9","Field should not be left blank. If missing, please use -7,8, -9.",,,,,,y,,
q19_a1b,CPEA STAART Physical Exam,,dropdown,Height: Inches,"0 to 11, 0 to 11 |  -7,  -7 |  -8,  -8 |  -9,  -9","Round to the nearest ¼ in. Field should not be left blank. If missing, please use -7,-8, -9.",,,,,,y,,
19_a1b,CPEA STAART Physical Exam,,dropdown,Height: Inches,"0 to 11, 0 to 11 |  -7,  -7 |  -8,  -8 |  -9,  -9","Round to the nearest ¼ in. Field should not be left blank. If missing, please use -7,-8, -9.",,,,,,y,,
q19_a1d,CPEA STAART Physical Exam,,dropdown,Height: Centimeters,"61 to 198, 61 to 198 |  -7,  -7 |  -8,  -8 |  -9,  -9","Field should not be left blank. If missing, please use -7,8, -9.",,,,,,y,,
q19_a1e,CPEA STAART Physical Exam,,dropdown,Height: Fraction of Centimeter,"0, 0 |  1,  1 |  -7,  -7 |  -8,  -8 |  -9,  -9","Round to the nearest ½ cm. Field should not be left blank. If missing, please use -7,-8, -9.",,,,,,y,,
19_a1e,CPEA STAART Physical Exam,,dropdown,Height: Fraction of Centimeter,"0, 0 |  1,  1 |  -7,  -7 |  -8,  -8 |  -9,  -9","Round to the nearest ½ cm. Field should not be left blank. If missing, please use -7,-8, -9.",,,,,,y,,
q19_a2b,CPEA STAART Physical Exam,,dropdown,Head circumference: Fraction of Inch,"0 to 7, 0 to 7 |  -7,  -7 |  -8,  -8 |  -9,  -9","Round to the nearest 1/8 cm. Field should not be left blank. If missing, please use -7,-8, -9.",,,,,,y,,
q19_a2c,CPEA STAART Physical Exam,,dropdown,Head circumference: Centimeters,"48 to 63, 48 to 63 |  -7,  -7 |  -8,  -8 |  -9,  -9","if q19_a2c completed, q19_a2a and q19_a2b should be left blank. Using a non-stretchable tape measure, measure widest part of head twice. Round to the nearest 1/10 cm. If measurements are within 2/10 cm, record the average of the two measurements, rounding to the nearest 1/10 cm. If measurements do not meet the threshold, measure a third time and take the average of the two closest measurements, rounding to the nearest or 1/10 cm. Field should not be left blank. If missing, please use -7,-8, -9.",,,,,,y,,
q19_a2d,CPEA STAART Physical Exam,,dropdown,Head circumference: Fraction of Centimeter,"0 to 9, 0 to 9 |  -7,  -7 |  -8,  -8 |  -9,  -9","Round to the nearest 1/10 cm. Field should not be left blank. If missing, please use -7,-8, -9.",,,,,,y,,
q19_a3,CPEA STAART Physical Exam,,dropdown,Tanner Stage,"1 to 5, 1 to 5 |  -7,  -7 |  -8,  -8 |  -9,  -9","Field should not be left blank. If missing, please use -7,8, -9.",,,,,,y,,
q19_a4,CPEA STAART Physical Exam,,dropdown,General appearance,"0, 0 |  1,  1 |  -7,  -7 |  -8,  -8 |  -9,  -9","Field should not be left blank. If missing, please use -7,8, -9.",,,,,,y,,
q19_a4_s,CPEA STAART Physical Exam,,text,General appearance: Abnormal Specify,,Complete if q19_a4 = 1,,,,,,y,,
q19_a5,CPEA STAART Physical Exam,,dropdown,HEENT (includes thryroid),"0, 0 |  1,  1 |  -7,  -7 |  -8,  -8 |  -9,  -9","Field should not be left blank. If missing, please use -7,8, -9.",,,,,,y,,
q19_a5_s,CPEA STAART Physical Exam,,text,HEENT (includes thryroid): Abnormal Specify,,Complete if q19_a5 = 1,,,,,,y,,
q19_a6,CPEA STAART Physical Exam,,dropdown,Cardiovascular,"0, 0 |  1,  1 |  -7,  -7 |  -8,  -8 |  -9,  -9","Field should not be left blank. If missing, please use -7,8, -9.",,,,,,y,,
q19_a6_s,CPEA STAART Physical Exam,,text,Cardiovascular: Abnormal Specify,,Complete if q19_a6 = 1,,,,,,y,,
q19_a7,CPEA STAART Physical Exam,,dropdown,Lungs,"0, 0 |  1,  1 |  -7,  -7 |  -8,  -8 |  -9,  -9","Field should not be left blank. If missing, please use -7,8, -9.",,,,,,y,,
q19_a7_s,CPEA STAART Physical Exam,,text,Lungs: Abnormal Specify,,Complete if q19_a7 = 1,,,,,,y,,
q19_a8,CPEA STAART Physical Exam,,dropdown,"Abdomen (includes liver, spleen)","0, 0 |  1,  1 |  -7,  -7 |  -8,  -8 |  -9,  -9","Field should not be left blank. If missing, please use -7,8, -9.",,,,,,y,,
q19_a8_s,CPEA STAART Physical Exam,,text,"Abdomen (includes liver, spleen): Abnormal Specify",,Complete if q19_a8 = 1,,,,,,y,,
q19_a9,CPEA STAART Physical Exam,,dropdown,Skin,"0, 0 |  1,  1 |  -7,  -7 |  -8,  -8 |  -9,  -9","Field should not be left blank. If missing, please use -7,8, -9.",,,,,,y,,
q19_a9_s,CPEA STAART Physical Exam,,text,Skin: Abnormal Specify,,Complete if q19_a9 = 1,,,,,,y,,
q19_a10,CPEA STAART Physical Exam,,dropdown,Other,"0, 0 |  1,  1 |  -7,  -7 |  -8,  -8 |  -9,  -9","Field should not be left blank. If missing, please use -7,8, -9.",,,,,,y,,
q19_a10_s1,CPEA STAART Physical Exam,,text,Other: Specify,,Complete if q19_a10 = 1,,,,,,y,,
q19_a10_s2,CPEA STAART Physical Exam,,text,Other: Abnormal Specify,,Complete if q19_a10 = 1,,,,,,y,,
q19_a11,CPEA STAART Physical Exam,,dropdown,Tuberous sclerosis screen,"0, 0 |  1,  1 |  -7,  -7 |  -8,  -8 |  -9,  -9","Field should not be left blank. If missing, please use -7,8, -9.",,,,,,y,,
q19_a11a,CPEA STAART Physical Exam,,dropdown,Number of ash leaf spots,"0 to 99, 0 to 99 |  -7,  -7 |  -8,  -8 |  -9,  -9",Complete only if q19_11 = 1,,,,,,y,,
q19_a11_b1,CPEA STAART Physical Exam,,text,Physical exam,,"Complete only if q19_11 = 1. 0=no, -1=yes.",,,,,,y,,
q19_a11_b2,CPEA STAART Physical Exam,,text,Woods lamp,,"Complete only if q19_11 = 1. 0=no, -1=yes.",,,,,,y,,
q19_a11_b3,CPEA STAART Physical Exam,,text,Genetic testing,,"Complete only if q19_11 = 1. 0=no, -1=yes.",,,,,,y,,
q19_b1,CPEA STAART Physical Exam,,dropdown,"Cranial nerves (includes eye, face, tongue, palate, movement)","0, 0 |  1,  1 |  -7,  -7 |  -8,  -8 |  -9,  -9","Field should not be left blank. If missing, please use -7,8, -9.",,,,,,y,,
q19_b1_s,CPEA STAART Physical Exam,,text,"Cranial nerves (includes eye, face, tongue, palate, movement): Abnormal Specify",,Complete if q19_b1 = 1,,,,,,y,,
q19_b2,CPEA STAART Physical Exam,,dropdown,Strength and tone (includes reflexes),"0, 0 |  1,  1 |  -7,  -7 |  -8,  -8 |  -9,  -9","Field should not be left blank. If missing, please use -7,8, -9.",,,,,,y,,
q19_b2_s,CPEA STAART Physical Exam,,text,Strength and tone (includes reflexes): Abnormal Specify,,Complete if q19_b2 = 1,,,,,,y,,
q19_b3,CPEA STAART Physical Exam,,dropdown,Balance and coordination,"0, 0 |  1,  1 |  -7,  -7 |  -8,  -8 |  -9,  -9","Field should not be left blank. If missing, please use -7,8, -9.",,,,,,y,,
q19_b3_s,CPEA STAART Physical Exam,,text,Balance and coordination: Abnormal Specify,,Complete if q19_b3 = 1,,,,,,y,,
q19_b4,CPEA STAART Physical Exam,,dropdown,Tremor,"0, 0 |  1,  1 |  -7,  -7 |  -8,  -8 |  -9,  -9","Field should not be left blank. If missing, please use -7,8, -9.",,,,,,y,,
q19_b4_s,CPEA STAART Physical Exam,,text,Tremor: Abnormal Specify,,Complete if q19_b4 = 1,,,,,,y,,
q19_b5,CPEA STAART Physical Exam,,dropdown,Gait,"0, 0 |  1,  1 |  -7,  -7 |  -8,  -8 |  -9,  -9","Field should not be left blank. If missing, please use -7,8, -9.",,,,,,y,,
q19_b5_s,CPEA STAART Physical Exam,,text,Gait: Abnormal Specify,,Complete if q19_b5 = 1,,,,,,y,,
q19_b6,CPEA STAART Physical Exam,,dropdown,"Abnormal movement (includes tics, dyskinesias)","0, 0 |  1,  1 |  -7,  -7 |  -8,  -8 |  -9,  -9","Field should not be left blank. If missing, please use -7,8, -9.",,,,,,y,,
q19_b6_s,CPEA STAART Physical Exam,,text,"Abnormal movement (includes tics, dyskinesias): Abnormal Specify",,Complete if q19_b6 = 1,,,,,,y,,
q19_b7,CPEA STAART Physical Exam,,dropdown,Other,"0, 0 |  1,  1 |  -7,  -7 |  -8,  -8 |  -9,  -9","Field should not be left blank. If missing, please use -7,8, -9.",,,,,,y,,
q19_b7_s1,CPEA STAART Physical Exam,,text,Other Specify,,Complete if q19_b7 = 1,,,,,,y,,
q19_b7_s2,CPEA STAART Physical Exam,,text,Abnormal Other: Specify,,Complete if q19_b7 = 1,,,,,,y,,
interview_date,CPEA STAART Physical Exam,,text,Date on which the interview/genetic test/sampling/imaging was completed,"MM/yyyy, MM/yyyy | MM/dd/yyyy, MM/dd/yyyy",* '01/01/1900' indicates that a date associated with retrospective data is not known.,date_ymd,,,,,y,,
