Variable / Field Name,Form Name,Section Header,Field Type,Field Label,"Choices, Calculations, OR Slider Labels",Field Note,Text Validation Type OR Show Slider Number,Text Validation Min,Text Validation Max,Identifier?,Branching Logic (Show field only if...),Required Field?,Custom Alignment,Question Number (surveys only)
subjectkey,CPEA STAART Vineland II,,text,,,,,,,,,y,,
cycle,CPEA STAART Vineland II,,text,,,,,,,,,y,,
patid,CPEA STAART Vineland II,,text,,,Patient IDs were assigned at the research site for CPEA and STAART,,,,,,y,,
network,CPEA STAART Vineland II,,text,,,CPEA or STAART Network,,,,,,y,,
site,CPEA STAART Vineland II,,text,,,CPEA or STAART Site,,,,,,y,,
study,CPEA STAART Vineland II,,text,,,CPEA or STAART Study,,,,,,y,,
vp_2005_adaptingage1_1,CPEA STAART Vineland II,,dropdown,,"0, 0 |  1,  1 |  2,  2 |  DK,  DK",,,,,,,y,,
vp_2005_adaptingage1_10,CPEA STAART Vineland II,,dropdown,,"0, 0 |  1,  1 |  2,  2 |  DK,  DK",,,,,,,y,,
vp_2005_adaptingage1_11,CPEA STAART Vineland II,,dropdown,,"0, 0 |  1,  1 |  2,  2 |  DK,  DK",,,,,,,y,,
vp_2005_adaptingage1_12,CPEA STAART Vineland II,,dropdown,,"0, 0 |  1,  1 |  2,  2 |  DK,  DK",,,,,,,y,,
vp_2005_adaptingage1_13,CPEA STAART Vineland II,,dropdown,,"0, 0 |  1,  1 |  2,  2 |  DK,  DK",,,,,,,y,,
vp_2005_adaptingage1_14,CPEA STAART Vineland II,,dropdown,,"0, 0 |  1,  1 |  2,  2 |  DK,  DK",,,,,,,y,,
vp_2005_adaptingage1_15,CPEA STAART Vineland II,,dropdown,,"0, 0 |  1,  1 |  2,  2 |  DK,  DK",,,,,,,y,,
vp_2005_adaptingage1_16,CPEA STAART Vineland II,,dropdown,,"0, 0 |  1,  1 |  2,  2 |  DK,  DK",,,,,,,y,,
vp_2005_adaptingage1_17,CPEA STAART Vineland II,,dropdown,,"0, 0 |  1,  1 |  2,  2 |  DK,  DK",,,,,,,y,,
vp_2005_adaptingage1_18,CPEA STAART Vineland II,,dropdown,,"0, 0 |  1,  1 |  2,  2 |  DK,  DK",,,,,,,y,,
vp_2005_adaptingage1_19,CPEA STAART Vineland II,,dropdown,,"0, 0 |  1,  1 |  2,  2 |  DK,  DK",,,,,,,y,,
vp_2005_adaptingage1_2,CPEA STAART Vineland II,,dropdown,,"0, 0 |  1,  1 |  2,  2 |  DK,  DK",,,,,,,y,,
vp_2005_adaptingage1_20,CPEA STAART Vineland II,,dropdown,,"0, 0 |  1,  1 |  2,  2 |  DK,  DK",,,,,,,y,,
vp_2005_adaptingage1_21,CPEA STAART Vineland II,,dropdown,,"0, 0 |  1,  1 |  2,  2 |  DK,  DK",,,,,,,y,,
vp_2005_adaptingage1_22,CPEA STAART Vineland II,,dropdown,,"0, 0 |  1,  1 |  2,  2 |  DK,  DK",,,,,,,y,,
vp_2005_adaptingage1_23,CPEA STAART Vineland II,,dropdown,,"0, 0 |  1,  1 |  2,  2 |  DK,  DK",,,,,,,y,,
vp_2005_adaptingage1_24,CPEA STAART Vineland II,,dropdown,,"0, 0 |  1,  1 |  2,  2 |  DK,  DK",,,,,,,y,,
vp_2005_adaptingage1_25,CPEA STAART Vineland II,,dropdown,,"0, 0 |  1,  1 |  2,  2 |  DK,  DK",,,,,,,y,,
vp_2005_adaptingage1_26,CPEA STAART Vineland II,,dropdown,,"0, 0 |  1,  1 |  2,  2 |  DK,  DK",,,,,,,y,,
vp_2005_adaptingage1_27,CPEA STAART Vineland II,,dropdown,,"0, 0 |  1,  1 |  2,  2 |  DK,  DK",,,,,,,y,,
vp_2005_adaptingage1_28,CPEA STAART Vineland II,,dropdown,,"0, 0 |  1,  1 |  2,  2 |  DK,  DK",,,,,,,y,,
vp_2005_adaptingage1_29,CPEA STAART Vineland II,,dropdown,,"0, 0 |  1,  1 |  2,  2 |  DK,  DK",,,,,,,y,,
vp_2005_adaptingage1_3,CPEA STAART Vineland II,,dropdown,,"0, 0 |  1,  1 |  2,  2 |  DK,  DK",,,,,,,y,,
vp_2005_adaptingage1_30,CPEA STAART Vineland II,,dropdown,,"0, 0 |  1,  1 |  2,  2 |  DK,  DK",,,,,,,y,,
vp_2005_adaptingage1_4,CPEA STAART Vineland II,,dropdown,,"0, 0 |  1,  1 |  2,  2 |  DK,  DK",,,,,,,y,,
vp_2005_adaptingage1_5,CPEA STAART Vineland II,,dropdown,,"0, 0 |  1,  1 |  2,  2 |  DK,  DK",,,,,,,y,,
vp_2005_adaptingage1_6,CPEA STAART Vineland II,,dropdown,,"0, 0 |  1,  1 |  2,  2 |  DK,  DK",,,,,,,y,,
vp_2005_adaptingage1_7,CPEA STAART Vineland II,,dropdown,,"0, 0 |  1,  1 |  2,  2 |  DK,  DK",,,,,,,y,,
vp_2005_adaptingage1_8,CPEA STAART Vineland II,,dropdown,,"0, 0 |  1,  1 |  2,  2 |  DK,  DK",,,,,,,y,,
vp_2005_adaptingage1_9,CPEA STAART Vineland II,,dropdown,,"0, 0 |  1,  1 |  2,  2 |  DK,  DK",,,,,,,y,,
vp_2005_cfsage1_1,CPEA STAART Vineland II,,dropdown,,"0, 0 |  1,  1 |  2,  2 |  DK,  DK",,,,,,,y,,
vp_2005_cfsage1_10,CPEA STAART Vineland II,,dropdown,,"0, 0 |  1,  1 |  2,  2 |  DK,  DK",,,,,,,y,,
vp_2005_cfsage1_11,CPEA STAART Vineland II,,dropdown,,"0, 0 |  1,  1 |  2,  2 |  DK,  DK",,,,,,,y,,
vp_2005_cfsage1_12,CPEA STAART Vineland II,,dropdown,,"0, 0 |  1,  1 |  2,  2 |  DK,  DK",,,,,,,y,,
vp_2005_cfsage1_13,CPEA STAART Vineland II,,dropdown,,"0, 0 |  1,  1 |  2,  2 |  DK,  DK",,,,,,,y,,
vp_2005_cfsage1_14,CPEA STAART Vineland II,,dropdown,,"0, 0 |  1,  1 |  2,  2 |  DK,  DK",,,,,,,y,,
vp_2005_cfsage1_15,CPEA STAART Vineland II,,dropdown,,"0, 0 |  1,  1 |  2,  2 |  DK,  DK",,,,,,,y,,
vp_2005_cfsage1_16,CPEA STAART Vineland II,,dropdown,,"0, 0 |  1,  1 |  2,  2 |  DK,  DK",,,,,,,y,,
vp_2005_cfsage1_17,CPEA STAART Vineland II,,dropdown,,"0, 0 |  1,  1 |  2,  2 |  DK,  DK",,,,,,,y,,
vp_2005_cfsage1_18,CPEA STAART Vineland II,,dropdown,,"0, 0 |  1,  1 |  2,  2 |  DK,  DK",,,,,,,y,,
vp_2005_cfsage1_19,CPEA STAART Vineland II,,dropdown,,"0, 0 |  1,  1 |  2,  2 |  DK,  DK",,,,,,,y,,
vp_2005_cfsage1_2,CPEA STAART Vineland II,,dropdown,,"0, 0 |  1,  1 |  2,  2 |  DK,  DK",,,,,,,y,,
vp_2005_cfsage1_20,CPEA STAART Vineland II,,dropdown,,"0, 0 |  1,  1 |  2,  2 |  DK,  DK",,,,,,,y,,
vp_2005_cfsage1_21,CPEA STAART Vineland II,,dropdown,,"0, 0 |  1,  1 |  2,  2 |  DK,  DK",,,,,,,y,,
vp_2005_cfsage1_22,CPEA STAART Vineland II,,dropdown,,"0, 0 |  1,  1 |  2,  2 |  DK,  DK",,,,,,,y,,
vp_2005_cfsage1_3,CPEA STAART Vineland II,,dropdown,,"0, 0 |  1,  1 |  2,  2 |  DK,  DK",,,,,,,y,,
vp_2005_cfsage1_4,CPEA STAART Vineland II,,dropdown,,"0, 0 |  1,  1 |  2,  2 |  DK,  DK",,,,,,,y,,
vp_2005_cfsage1_5,CPEA STAART Vineland II,,dropdown,,"0, 0 |  1,  1 |  2,  2 |  DK,  DK",,,,,,,y,,
vp_2005_cfsage1_6,CPEA STAART Vineland II,,dropdown,,"0, 0 |  1,  1 |  2,  2 |  DK,  DK",,,,,,,y,,
vp_2005_cfsage1_7,CPEA STAART Vineland II,,dropdown,,"0, 0 |  1,  1 |  2,  2 |  DK,  DK",,,,,,,y,,
vp_2005_cfsage1_8,CPEA STAART Vineland II,,dropdown,,"0, 0 |  1,  1 |  2,  2 |  DK,  DK",,,,,,,y,,
vp_2005_cfsage1_9,CPEA STAART Vineland II,,dropdown,,"0, 0 |  1,  1 |  2,  2 |  DK,  DK",,,,,,,y,,
vp_2005_cfsage2_23,CPEA STAART Vineland II,,dropdown,,"0, 0 |  1,  1 |  2,  2 |  DK,  DK",,,,,,,y,,
vp_2005_cfsage2_24,CPEA STAART Vineland II,,dropdown,,"0, 0 |  1,  1 |  2,  2 |  DK,  DK",,,,,,,y,,
vp_2005_cfsage2_25,CPEA STAART Vineland II,,dropdown,,"0, 0 |  1,  1 |  2,  2 |  DK,  DK",,,,,,,y,,
vp_2005_cfsage2_26,CPEA STAART Vineland II,,dropdown,,"0, 0 |  1,  1 |  2,  2 |  DK,  DK",,,,,,,y,,
vp_2005_cfsage2_27,CPEA STAART Vineland II,,dropdown,,"0, 0 |  1,  1 |  2,  2 |  DK,  DK",,,,,,,y,,
vp_2005_cfsage2_28,CPEA STAART Vineland II,,dropdown,,"0, 0 |  1,  1 |  2,  2 |  DK,  DK",,,,,,,y,,
vp_2005_cfsage2_29,CPEA STAART Vineland II,,dropdown,,"0, 0 |  1,  1 |  2,  2 |  DK,  DK",,,,,,,y,,
vp_2005_cfsage2_30,CPEA STAART Vineland II,,dropdown,,"0, 0 |  1,  1 |  2,  2 |  DK,  DK",,,,,,,y,,
vp_2005_cfsage2_31,CPEA STAART Vineland II,,dropdown,,"0, 0 |  1,  1 |  2,  2 |  DK,  DK",,,,,,,y,,
vp_2005_cfsage2_32,CPEA STAART Vineland II,,dropdown,,"0, 0 |  1,  1 |  2,  2 |  DK,  DK",,,,,,,y,,
vp_2005_cfsage2_33,CPEA STAART Vineland II,,dropdown,,"0, 0 |  1,  1 |  2,  2 |  DK,  DK",,,,,,,y,,
vp_2005_cfsage2_34,CPEA STAART Vineland II,,dropdown,,"0, 0 |  1,  1 |  2,  2 |  DK,  DK",,,,,,,y,,
vp_2005_cfsage2_35,CPEA STAART Vineland II,,dropdown,,"0, 0 |  1,  1 |  2,  2 |  DK,  DK",,,,,,,y,,
vp_2005_cfsage2_36,CPEA STAART Vineland II,,dropdown,,"0, 0 |  1,  1 |  2,  2 |  DK,  DK",,,,,,,y,,
vp_2005_cfsage2_37,CPEA STAART Vineland II,,dropdown,,"0, 0 |  1,  1 |  2,  2 |  DK,  DK",,,,,,,y,,
vp_2005_cfsage2_38,CPEA STAART Vineland II,,dropdown,,"0, 0 |  1,  1 |  2,  2 |  DK,  DK |  N/O,  N/O",,,,,,,y,,
vp_2005_cfsage2_39,CPEA STAART Vineland II,,dropdown,,"0, 0 |  1,  1 |  2,  2 |  DK,  DK |  N/O,  N/O",,,,,,,y,,
vp_2005_cfsage2_40,CPEA STAART Vineland II,,dropdown,,"0, 0 |  1,  1 |  2,  2 |  DK,  DK",,,,,,,y,,
vp_2005_cfsage2_41,CPEA STAART Vineland II,,dropdown,,"0, 0 |  1,  1 |  2,  2 |  DK,  DK",,,,,,,y,,
vp_2005_chsage1_1,CPEA STAART Vineland II,,dropdown,,"0, 0 |  1,  1 |  2,  2 |  DK,  DK",,,,,,,y,,
vp_2005_chsage1_2,CPEA STAART Vineland II,,dropdown,,"0, 0 |  1,  1 |  2,  2 |  DK,  DK",,,,,,,y,,
vp_2005_chsage1_3,CPEA STAART Vineland II,,dropdown,,"0, 0 |  1,  1 |  2,  2 |  DK,  DK",,,,,,,y,,
vp_2005_chsage1_4,CPEA STAART Vineland II,,dropdown,,"0, 0 |  1,  1 |  2,  2 |  DK,  DK",,,,,,,y,,
vp_2005_chsage1_5,CPEA STAART Vineland II,,dropdown,,"0, 0 |  1,  1 |  2,  2 |  DK,  DK",,,,,,,y,,
vp_2005_chsage1_6,CPEA STAART Vineland II,,dropdown,,"0, 0 |  1,  1 |  2,  2 |  DK,  DK",,,,,,,y,,
vp_2005_chsage2_10,CPEA STAART Vineland II,,dropdown,,"0, 0 |  1,  1 |  2,  2 |  DK,  DK |  N/O,  N/O",,,,,,,y,,
vp_2005_chsage2_11,CPEA STAART Vineland II,,dropdown,,"0, 0 |  1,  1 |  2,  2 |  DK,  DK",,,,,,,y,,
vp_2005_chsage2_12,CPEA STAART Vineland II,,dropdown,,"0, 0 |  1,  1 |  2,  2 |  DK,  DK",,,,,,,y,,
vp_2005_chsage2_13,CPEA STAART Vineland II,,dropdown,,"0, 0 |  1,  1 |  2,  2 |  DK,  DK",,,,,,,y,,
vp_2005_chsage2_14,CPEA STAART Vineland II,,dropdown,,"0, 0 |  1,  1 |  2,  2 |  DK,  DK |  N/O,  N/O",,,,,,,y,,
vp_2005_chsage2_15,CPEA STAART Vineland II,,dropdown,,"0, 0 |  1,  1 |  2,  2 |  DK,  DK",,,,,,,y,,
vp_2005_chsage2_16,CPEA STAART Vineland II,,dropdown,,"0, 0 |  1,  1 |  2,  2 |  DK,  DK",,,,,,,y,,
vp_2005_chsage2_17,CPEA STAART Vineland II,,dropdown,,"0, 0 |  1,  1 |  2,  2 |  DK,  DK",,,,,,,y,,
vp_2005_chsage2_18,CPEA STAART Vineland II,,dropdown,,"0, 0 |  1,  1 |  2,  2 |  DK,  DK",,,,,,,y,,
vp_2005_chsage2_19,CPEA STAART Vineland II,,dropdown,,"0, 0 |  1,  1 |  2,  2 |  DK,  DK",,,,,,,y,,
vp_2005_chsage2_20,CPEA STAART Vineland II,,dropdown,,"0, 0 |  1,  1 |  2,  2 |  DK,  DK",,,,,,,y,,
vp_2005_chsage2_21,CPEA STAART Vineland II,,dropdown,,"0, 0 |  1,  1 |  2,  2 |  DK,  DK",,,,,,,y,,
vp_2005_chsage2_22,CPEA STAART Vineland II,,dropdown,,"0, 0 |  1,  1 |  2,  2 |  DK,  DK",,,,,,,y,,
vp_2005_chsage2_23,CPEA STAART Vineland II,,dropdown,,"0, 0 |  1,  1 |  2,  2 |  DK,  DK",,,,,,,y,,
vp_2005_chsage2_24,CPEA STAART Vineland II,,dropdown,,"0, 0 |  1,  1 |  2,  2 |  DK,  DK",,,,,,,y,,
vp_2005_chsage2_7,CPEA STAART Vineland II,,dropdown,,"0, 0 |  1,  1 |  2,  2 |  DK,  DK",,,,,,,y,,
vp_2005_chsage2_8,CPEA STAART Vineland II,,dropdown,,"0, 0 |  1,  1 |  2,  2 |  DK,  DK",,,,,,,y,,
vp_2005_chsage2_9,CPEA STAART Vineland II,,dropdown,,"0, 0 |  1,  1 |  2,  2 |  DK,  DK",,,,,,,y,,
vp_2005_lauage1_1,CPEA STAART Vineland II,,dropdown,,"0, 0 |  1,  1 |  2,  2 |  DK,  DK",,,,,,,y,,
vp_2005_lauage1_10,CPEA STAART Vineland II,,dropdown,,"0, 0 |  1,  1 |  2,  2 |  DK,  DK",,,,,,,y,,
vp_2005_lauage1_11,CPEA STAART Vineland II,,dropdown,,"0, 0 |  1,  1 |  2,  2 |  DK,  DK",,,,,,,y,,
vp_2005_lauage1_12,CPEA STAART Vineland II,,dropdown,,"0, 0 |  1,  1 |  2,  2 |  DK,  DK",,,,,,,y,,
vp_2005_lauage1_13,CPEA STAART Vineland II,,dropdown,,"0, 0 |  1,  1 |  2,  2 |  DK,  DK",,,,,,,y,,
vp_2005_lauage1_14,CPEA STAART Vineland II,,dropdown,,"0, 0 |  1,  1 |  2,  2 |  DK,  DK",,,,,,,y,,
vp_2005_lauage1_15,CPEA STAART Vineland II,,dropdown,,"0, 0 |  1,  1 |  2,  2 |  DK,  DK",,,,,,,y,,
vp_2005_lauage1_16,CPEA STAART Vineland II,,dropdown,,"0, 0 |  1,  1 |  2,  2 |  DK,  DK",,,,,,,y,,
vp_2005_lauage1_17,CPEA STAART Vineland II,,dropdown,,"0, 0 |  1,  1 |  2,  2 |  DK,  DK",,,,,,,y,,
vp_2005_lauage1_18,CPEA STAART Vineland II,,dropdown,,"0, 0 |  1,  1 |  2,  2 |  DK,  DK",,,,,,,y,,
vp_2005_lauage1_19,CPEA STAART Vineland II,,dropdown,,"0, 0 |  1,  1 |  2,  2 |  DK,  DK",,,,,,,y,,
vp_2005_lauage1_2,CPEA STAART Vineland II,,dropdown,,"0, 0 |  1,  1 |  2,  2 |  DK,  DK",,,,,,,y,,
vp_2005_lauage1_20,CPEA STAART Vineland II,,dropdown,,"0, 0 |  1,  1 |  2,  2 |  DK,  DK",,,,,,,y,,
vp_2005_lauage1_3,CPEA STAART Vineland II,,dropdown,,"0, 0 |  1,  1 |  2,  2 |  DK,  DK",,,,,,,y,,
vp_2005_lauage1_4,CPEA STAART Vineland II,,dropdown,,"0, 0 |  1,  1 |  2,  2 |  DK,  DK",,,,,,,y,,
vp_2005_lauage1_5,CPEA STAART Vineland II,,dropdown,,"0, 0 |  1,  1 |  2,  2 |  DK,  DK",,,,,,,y,,
vp_2005_lauage1_6,CPEA STAART Vineland II,,dropdown,,"0, 0 |  1,  1 |  2,  2 |  DK,  DK",,,,,,,y,,
vp_2005_lauage1_7,CPEA STAART Vineland II,,dropdown,,"0, 0 |  1,  1 |  2,  2 |  DK,  DK",,,,,,,y,,
vp_2005_lauage1_8,CPEA STAART Vineland II,,dropdown,,"0, 0 |  1,  1 |  2,  2 |  DK,  DK",,,,,,,y,,
vp_2005_lauage1_9,CPEA STAART Vineland II,,dropdown,,"0, 0 |  1,  1 |  2,  2 |  DK,  DK",,,,,,,y,,
vp_2005_litcage1_1,CPEA STAART Vineland II,,dropdown,,"0, 0 |  1,  1 |  2,  2 |  DK,  DK",,,,,,,y,,
vp_2005_litcage1_10,CPEA STAART Vineland II,,dropdown,,"0, 0 |  1,  1 |  2,  2 |  DK,  DK |  N/O,  N/O",,,,,,,y,,
vp_2005_litcage1_11,CPEA STAART Vineland II,,dropdown,,"0, 0 |  1,  1 |  2,  2 |  DK,  DK",,,,,,,y,,
vp_2005_litcage1_2,CPEA STAART Vineland II,,dropdown,,"0, 0 |  1,  1 |  2,  2 |  DK,  DK",,,,,,,y,,
vp_2005_litcage1_3,CPEA STAART Vineland II,,dropdown,,"0, 0 |  1,  1 |  2,  2 |  DK,  DK |  N/O,  N/O",,,,,,,y,,
vp_2005_litcage1_4,CPEA STAART Vineland II,,dropdown,,"0, 0 |  1,  1 |  2,  2 |  DK,  DK",,,,,,,y,,
vp_2005_litcage1_5,CPEA STAART Vineland II,,dropdown,,"0, 0 |  1,  1 |  2,  2 |  DK,  DK",,,,,,,y,,
vp_2005_litcage1_6,CPEA STAART Vineland II,,dropdown,,"0, 0 |  1,  1 |  2,  2 |  DK,  DK",,,,,,,y,,
vp_2005_litcage1_7,CPEA STAART Vineland II,,dropdown,,"0, 0 |  1,  1 |  2,  2 |  DK,  DK",,,,,,,y,,
vp_2005_litcage1_8,CPEA STAART Vineland II,,dropdown,,"0, 0 |  1,  1 |  2,  2 |  DK,  DK",,,,,,,y,,
vp_2005_litcage1_9,CPEA STAART Vineland II,,dropdown,,"0, 0 |  1,  1 |  2,  2 |  DK,  DK",,,,,,,y,,
vp_2005_litcage2_12,CPEA STAART Vineland II,,dropdown,,"0, 0 |  1,  1 |  2,  2 |  DK,  DK",,,,,,,y,,
vp_2005_litcage2_13,CPEA STAART Vineland II,,dropdown,,"0, 0 |  1,  1 |  2,  2 |  DK,  DK",,,,,,,y,,
vp_2005_litcage2_14,CPEA STAART Vineland II,,dropdown,,"0, 0 |  1,  1 |  2,  2 |  DK,  DK",,,,,,,y,,
vp_2005_litcage2_15,CPEA STAART Vineland II,,dropdown,,"0, 0 |  1,  1 |  2,  2 |  DK,  DK",,,,,,,y,,
vp_2005_litcage2_16,CPEA STAART Vineland II,,dropdown,,"0, 0 |  1,  1 |  2,  2 |  DK,  DK",,,,,,,y,,
vp_2005_litcage2_17,CPEA STAART Vineland II,,dropdown,,"0, 0 |  1,  1 |  2,  2 |  DK,  DK",,,,,,,y,,
vp_2005_litcage2_18,CPEA STAART Vineland II,,dropdown,,"0, 0 |  1,  1 |  2,  2 |  DK,  DK",,,,,,,y,,
vp_2005_litcage2_19,CPEA STAART Vineland II,,dropdown,,"0, 0 |  1,  1 |  2,  2 |  DK,  DK",,,,,,,y,,
vp_2005_litcage2_20,CPEA STAART Vineland II,,dropdown,,"0, 0 |  1,  1 |  2,  2 |  DK,  DK",,,,,,,y,,
vp_2005_litcage2_21,CPEA STAART Vineland II,,dropdown,,"0, 0 |  1,  1 |  2,  2 |  DK,  DK",,,,,,,y,,
vp_2005_litcage2_22,CPEA STAART Vineland II,,dropdown,,"0, 0 |  1,  1 |  2,  2 |  DK,  DK",,,,,,,y,,
vp_2005_litcage3_23,CPEA STAART Vineland II,,dropdown,,"0, 0 |  1,  1 |  2,  2 |  DK,  DK",,,,,,,y,,
vp_2005_litcage3_24,CPEA STAART Vineland II,,dropdown,,"0, 0 |  1,  1 |  2,  2 |  DK,  DK",,,,,,,y,,
vp_2005_litcage3_25,CPEA STAART Vineland II,,dropdown,,"0, 0 |  1,  1 |  2,  2 |  DK,  DK |  N/O,  N/O",,,,,,,y,,
vp_2005_litcage3_26,CPEA STAART Vineland II,,dropdown,,"0, 0 |  1,  1 |  2,  2 |  DK,  DK",,,,,,,y,,
vp_2005_litcage3_27,CPEA STAART Vineland II,,dropdown,,"0, 0 |  1,  1 |  2,  2 |  DK,  DK",,,,,,,y,,
vp_2005_litcage3_28,CPEA STAART Vineland II,,dropdown,,"0, 0 |  1,  1 |  2,  2 |  DK,  DK",,,,,,,y,,
vp_2005_litcage3_29,CPEA STAART Vineland II,,dropdown,,"0, 0 |  1,  1 |  2,  2 |  DK,  DK |  N/O,  N/O",,,,,,,y,,
vp_2005_litcage3_30,CPEA STAART Vineland II,,dropdown,,"0, 0 |  1,  1 |  2,  2 |  DK,  DK",,,,,,,y,,
vp_2005_litcage3_31,CPEA STAART Vineland II,,dropdown,,"0, 0 |  1,  1 |  2,  2 |  DK,  DK |  N/O,  N/O",,,,,,,y,,
vp_2005_litcage3_32,CPEA STAART Vineland II,,dropdown,,"0, 0 |  1,  1 |  2,  2 |  DK,  DK",,,,,,,y,,
vp_2005_litcage3_33,CPEA STAART Vineland II,,dropdown,,"0, 0 |  1,  1 |  2,  2 |  DK,  DK",,,,,,,y,,
vp_2005_litcage3_34,CPEA STAART Vineland II,,dropdown,,"0, 0 |  1,  1 |  2,  2 |  DK,  DK",,,,,,,y,,
vp_2005_litcage3_35,CPEA STAART Vineland II,,dropdown,,"0, 0 |  1,  1 |  2,  2 |  DK,  DK",,,,,,,y,,
vp_2005_litcage3_36,CPEA STAART Vineland II,,dropdown,,"0, 0 |  1,  1 |  2,  2 |  DK,  DK",,,,,,,y,,
vp_2005_litcage3_37,CPEA STAART Vineland II,,dropdown,,"0, 0 |  1,  1 |  2,  2 |  DK,  DK",,,,,,,y,,
vp_2005_litcage3_38,CPEA STAART Vineland II,,dropdown,,"0, 0 |  1,  1 |  2,  2 |  DK,  DK",,,,,,,y,,
vp_2005_litcage3_39,CPEA STAART Vineland II,,dropdown,,"0, 0 |  2,  2 |  DK,  DK",,,,,,,y,,
vp_2005_litcage3_40,CPEA STAART Vineland II,,dropdown,,"0, 0 |  1,  1 |  2,  2 |  DK,  DK",,,,,,,y,,
vp_2005_litcage3_41,CPEA STAART Vineland II,,dropdown,,"0, 0 |  1,  1 |  2,  2 |  DK,  DK",,,,,,,y,,
vp_2005_litcage3_42,CPEA STAART Vineland II,,dropdown,,"0, 0 |  2,  2 |  DK,  DK",,,,,,,y,,
vp_2005_litcage3_43,CPEA STAART Vineland II,,dropdown,,"0, 0 |  1,  1 |  2,  2 |  DK,  DK",,,,,,,y,,
vp_2005_litcage3_44,CPEA STAART Vineland II,,dropdown,,"0, 0 |  1,  1 |  2,  2 |  DK,  DK",,,,,,,y,,
vp_2005_paultage1_1,CPEA STAART Vineland II,,dropdown,,"0, 0 |  1,  1 |  2,  2 |  DK,  DK",,,,,,,y,,
vp_2005_paultage1_2,CPEA STAART Vineland II,,dropdown,,"0, 0 |  1,  1 |  2,  2 |  DK,  DK",,,,,,,y,,
vp_2005_paultage1_3,CPEA STAART Vineland II,,dropdown,,"0, 0 |  1,  1 |  2,  2 |  DK,  DK",,,,,,,y,,
vp_2005_paultage1_4,CPEA STAART Vineland II,,dropdown,,"0, 0 |  1,  1 |  2,  2 |  DK,  DK",,,,,,,y,,
vp_2005_paultage1_5,CPEA STAART Vineland II,,dropdown,,"0, 0 |  1,  1 |  2,  2 |  DK,  DK",,,,,,,y,,
vp_2005_paultage1_6,CPEA STAART Vineland II,,dropdown,,"0, 0 |  1,  1 |  2,  2 |  DK,  DK",,,,,,,y,,
vp_2005_paultage1_7,CPEA STAART Vineland II,,dropdown,,"0, 0 |  1,  1 |  2,  2 |  DK,  DK",,,,,,,y,,
vp_2005_paultage1_8,CPEA STAART Vineland II,,dropdown,,"0, 0 |  1,  1 |  2,  2 |  DK,  DK",,,,,,,y,,
vp_2005_paultage1_9,CPEA STAART Vineland II,,dropdown,,"0, 0 |  1,  1 |  2,  2 |  DK,  DK",,,,,,,y,,
vp_2005_paultage2_10,CPEA STAART Vineland II,,dropdown,,"0, 0 |  1,  1 |  2,  2 |  DK,  DK",,,,,,,y,,
vp_2005_paultage2_11,CPEA STAART Vineland II,,dropdown,,"0, 0 |  1,  1 |  2,  2 |  DK,  DK",,,,,,,y,,
vp_2005_paultage2_12,CPEA STAART Vineland II,,dropdown,,"0, 0 |  1,  1 |  2,  2 |  DK,  DK",,,,,,,y,,
vp_2005_paultage2_13,CPEA STAART Vineland II,,dropdown,,"0, 0 |  1,  1 |  2,  2 |  DK,  DK",,,,,,,y,,
vp_2005_paultage2_14,CPEA STAART Vineland II,,dropdown,,"0, 0 |  1,  1 |  2,  2 |  DK,  DK",,,,,,,y,,
vp_2005_paultage2_15,CPEA STAART Vineland II,,dropdown,,"0, 0 |  1,  1 |  2,  2 |  DK,  DK",,,,,,,y,,
vp_2005_paultage2_16,CPEA STAART Vineland II,,dropdown,,"0, 0 |  1,  1 |  2,  2 |  DK,  DK",,,,,,,y,,
vp_2005_paultage2_17,CPEA STAART Vineland II,,dropdown,,"0, 0 |  1,  1 |  2,  2 |  DK,  DK",,,,,,,y,,
vp_2005_paultage2_18,CPEA STAART Vineland II,,dropdown,,"0, 0 |  1,  1 |  2,  2 |  DK,  DK",,,,,,,y,,
vp_2005_paultage2_19,CPEA STAART Vineland II,,dropdown,,"0, 0 |  1,  1 |  2,  2 |  DK,  DK",,,,,,,y,,
vp_2005_paultage2_20,CPEA STAART Vineland II,,dropdown,,"0, 0 |  1,  1 |  2,  2 |  DK,  DK",,,,,,,y,,
vp_2005_paultage2_21,CPEA STAART Vineland II,,dropdown,,"0, 0 |  1,  1 |  2,  2 |  DK,  DK",,,,,,,y,,
vp_2005_paultage2_22,CPEA STAART Vineland II,,dropdown,,"0, 0 |  1,  1 |  2,  2 |  DK,  DK",,,,,,,y,,
vp_2005_paultage3_23,CPEA STAART Vineland II,,dropdown,,"0, 0 |  1,  1 |  2,  2 |  DK,  DK",,,,,,,y,,
vp_2005_paultage3_24,CPEA STAART Vineland II,,dropdown,,"0, 0 |  1,  1 |  2,  2 |  DK,  DK",,,,,,,y,,
vp_2005_paultage3_25,CPEA STAART Vineland II,,dropdown,,"0, 0 |  1,  1 |  2,  2 |  DK,  DK",,,,,,,y,,
vp_2005_paultage3_26,CPEA STAART Vineland II,,dropdown,,"0, 0 |  1,  1 |  2,  2 |  DK,  DK",,,,,,,y,,
vp_2005_paultage3_27,CPEA STAART Vineland II,,dropdown,,"0, 0 |  1,  1 |  2,  2 |  DK,  DK",,,,,,,y,,
vp_2005_paultage3_28,CPEA STAART Vineland II,,dropdown,,"0, 0 |  1,  1 |  2,  2 |  DK,  DK",,,,,,,y,,
vp_2005_paultage3_29,CPEA STAART Vineland II,,dropdown,,"0, 0 |  1,  1 |  2,  2 |  DK,  DK",,,,,,,y,,
vp_2005_paultage3_30,CPEA STAART Vineland II,,dropdown,,"0, 0 |  1,  1 |  2,  2 |  DK,  DK",,,,,,,y,,
vp_2005_paultage3_31,CPEA STAART Vineland II,,dropdown,,"0, 0 |  1,  1 |  2,  2 |  DK,  DK",,,,,,,y,,
vp_2005_pb1sectiona_1,CPEA STAART Vineland II,,dropdown,,"0, 0 |  1,  1 |  2,  2",,,,,,,y,,
vp_2005_pb1sectiona_10,CPEA STAART Vineland II,,dropdown,,"0, 0 |  1,  1 |  2,  2",,,,,,,y,,
vp_2005_pb1sectiona_11,CPEA STAART Vineland II,,dropdown,,"0, 0 |  1,  1 |  2,  2",,,,,,,y,,
vp_2005_pb1sectiona_2,CPEA STAART Vineland II,,dropdown,,"0, 0 |  1,  1 |  2,  2",,,,,,,y,,
