Variable / Field Name,Form Name,Section Header,Field Type,Field Label,"Choices, Calculations, OR Slider Labels",Field Note,Text Validation Type OR Show Slider Number,Text Validation Min,Text Validation Max,Identifier?,Branching Logic (Show field only if...),Required Field?,Custom Alignment,Question Number (surveys only)
subjectkey,CPEA STAART Edinburg Handedness,,text,The NDAR Global Unique Identifier (GUID) for subjects which identifies a subject in NDAR,,,,,,,,y,,
interview_date,CPEA STAART Edinburg Handedness,,text,Date on which the interview/genetic test/sampling/imaging was completed,"MM/yyyy, MM/yyyy | MM/dd/yyyy, MM/dd/yyyy",* '01/01/1900' indicates that a date associated with retrospective data is not known.,date_ymd,,,,,y,,
cycle,CPEA STAART Edinburg Handedness,,text,Timepoint information,,,,,,,,y,,
patid,CPEA STAART Edinburg Handedness,,text,src_Subject_id,,Patient IDs were assigned at the research site for CPEA and STAART,,,,,,y,,
network,CPEA STAART Edinburg Handedness,,text,Network,,CPEA or STAART Network,,,,,,y,,
site,CPEA STAART Edinburg Handedness,,text,Site,,CPEA or STAART Site,,,,,,y,,
study,CPEA STAART Edinburg Handedness,,text,Study,,CPEA or STAART Study,,,,,,y,,
hand_date,CPEA STAART Edinburg Handedness,,text,Date of Exam,,,,,,,,y,,
hand_edin_left,CPEA STAART Edinburg Handedness,,text,Edinburgh Handedness: Left,,,,,,,,y,,
hand_edin_right,CPEA STAART Edinburg Handedness,,text,Edinburgh Handedness: Right,,,,,,,,y,,
hand_version,CPEA STAART Edinburg Handedness,,text,Handedness Version,,,,,,,,y,,
handed,CPEA STAART Edinburg Handedness,,text,Handedness Measure Completed,,,,,,,,y,,
