Variable / Field Name,Form Name,Section Header,Field Type,Field Label,"Choices, Calculations, OR Slider Labels",Field Note,Text Validation Type OR Show Slider Number,Text Validation Min,Text Validation Max,Identifier?,Branching Logic (Show field only if...),Required Field?,Custom Alignment,Question Number (surveys only)
subjectkey,CPEA STAART WASI,,text,,,,,,,,,y,,
interview_date,CPEA STAART WASI,,text,,"MM/yyyy, MM/yyyy | MM/dd/yyyy, MM/dd/yyyy",* '01/01/1900' indicates that a date associated with retrospective data is not known.,date_ymd,,,,,,,
cycle,CPEA STAART WASI,,text,,,,,,,,,y,,
patid,CPEA STAART WASI,,text,,,Patient IDs were assigned at the research site for CPEA and STAART,,,,,,y,,
network,CPEA STAART WASI,,text,,,CPEA or STAART Network,,,,,,y,,
site,CPEA STAART WASI,,text,,,CPEA or STAART Site,,,,,,y,,
study,CPEA STAART WASI,,text,,,CPEA or STAART Study,,,,,,y,,
wasi_age,CPEA STAART WASI,,text,,,,,,,,,y,,
wasi_bd_1_30,CPEA STAART WASI,,dropdown,,"0, 0 |  1,  1 |  2,  2",,,,,,,y,,
wasi_bd_10_120,CPEA STAART WASI,,dropdown,,"0, 0 |  4,  4 |  5,  5 |  6,  6 |  7,  7",,,,,,,y,,
wasi_bd_11_120,CPEA STAART WASI,,dropdown,,"0, 0 |  4,  4 |  5,  5 |  6,  6 |  7,  7",,,,,,,y,,
wasi_bd_12_120,CPEA STAART WASI,,dropdown,,"0, 0 |  4,  4 |  5,  5 |  6,  6 |  7,  7",,,,,,,y,,
wasi_bd_13_120,CPEA STAART WASI,,dropdown,,"0, 0 |  4,  4 |  5,  5 |  6,  6 |  7,  7",,,,,,,y,,
wasi_bd_2_60,CPEA STAART WASI,,dropdown,,"0, 0 |  1,  1 |  2,  2",,,,,,,y,,
wasi_bd_3_60,CPEA STAART WASI,,dropdown,,"0, 0 |  1,  1 |  2,  2",,,,,,,y,,
wasi_bd_4_60,CPEA STAART WASI,,dropdown,,"0, 0 |  1,  1 |  2,  2",,,,,,,y,,
wasi_bd_5_60,CPEA STAART WASI,,dropdown,,"0, 0 |  4,  4 |  5,  5 |  6,  6 |  7,  7",,,,,,,y,,
wasi_bd_6_60,CPEA STAART WASI,,dropdown,,"0, 0 |  4,  4 |  5,  5 |  6,  6 |  7,  7",,,,,,,y,,
wasi_bd_7_60,CPEA STAART WASI,,dropdown,,"0, 0 |  4,  4 |  5,  5 |  6,  6 |  7,  7",,,,,,,y,,
wasi_bd_8_60,CPEA STAART WASI,,dropdown,,"0, 0 |  4,  4 |  5,  5 |  6,  6 |  7,  7",,,,,,,y,,
wasi_bd_9_60,CPEA STAART WASI,,dropdown,,"0, 0 |  4,  4 |  5,  5 |  6,  6 |  7,  7",,,,,,,y,,
wasi_bd_rsc,CPEA STAART WASI,,text,,,,,,,,,y,,
wasi_bd_trs,CPEA STAART WASI,,text,,,,,,,,,y,,
asi_bd_trs,CPEA STAART WASI,,text,,,,,,,,,y,,
wasi_ss_v_t,CPEA STAART WASI,,text,,,,,,,,,y,,
wasi_fl2_iq,CPEA STAART WASI,,text,,,,,,,,,y,,
wasi_fl2_lci,CPEA STAART WASI,,text,,,,,,,,,y,,
wasi_fl2_pct,CPEA STAART WASI,,text,,,,,,,,,y,,
wasi_fl2_sts,CPEA STAART WASI,,text,,,,,,,,,y,,
wasi_fl2_uci,CPEA STAART WASI,,text,,,,,,,,,y,,
wasi_fl4_iq,CPEA STAART WASI,,text,,,,,,,,,y,,
wasi_fl4_lci,CPEA STAART WASI,,text,,,,,,,,,y,,
wasi_fl4_pct,CPEA STAART WASI,,text,,,,,,,,,y,,
wasi_fl4_sts,CPEA STAART WASI,,text,,,,,,,,,y,,
wasi_fl4_uci,CPEA STAART WASI,,text,,,,,,,,,y,,
wasi_mr_01,CPEA STAART WASI,,dropdown,,"0, 0 |  1,  1",,,,,,,y,,
wasi_mr_02,CPEA STAART WASI,,dropdown,,"0, 0 |  1,  1",,,,,,,y,,
wasi_mr_03,CPEA STAART WASI,,dropdown,,"0, 0 |  1,  1",,,,,,,y,,
wasi_mr_04,CPEA STAART WASI,,dropdown,,"0, 0 |  1,  1",,,,,,,y,,
wasi_mr_05,CPEA STAART WASI,,dropdown,,"0, 0 |  1,  1",,,,,,,y,,
wasi_mr_06,CPEA STAART WASI,,dropdown,,"0, 0 |  1,  1",,,,,,,y,,
wasi_mr_07,CPEA STAART WASI,,dropdown,,"0, 0 |  1,  1",,,,,,,y,,
wasi_mr_08,CPEA STAART WASI,,dropdown,,"0, 0 |  1,  1",,,,,,,y,,
wasi_mr_09,CPEA STAART WASI,,dropdown,,"0, 0 |  1,  1",,,,,,,y,,
wasi_mr_10,CPEA STAART WASI,,dropdown,,"0, 0 |  1,  1",,,,,,,y,,
wasi_mr_11,CPEA STAART WASI,,dropdown,,"0, 0 |  1,  1",,,,,,,y,,
wasi_mr_12,CPEA STAART WASI,,dropdown,,"0, 0 |  1,  1",,,,,,,y,,
wasi_mr_13,CPEA STAART WASI,,dropdown,,"0, 0 |  1,  1",,,,,,,y,,
wasi_mr_14,CPEA STAART WASI,,dropdown,,"0, 0 |  1,  1",,,,,,,y,,
wasi_mr_15,CPEA STAART WASI,,dropdown,,"0, 0 |  1,  1",,,,,,,y,,
wasi_mr_16,CPEA STAART WASI,,dropdown,,"0, 0 |  1,  1",,,,,,,y,,
wasi_mr_17,CPEA STAART WASI,,dropdown,,"0, 0 |  1,  1",,,,,,,y,,
wasi_mr_18,CPEA STAART WASI,,dropdown,,"0, 0 |  1,  1",,,,,,,y,,
wasi_mr_19,CPEA STAART WASI,,dropdown,,"0, 0 |  1,  1",,,,,,,y,,
wasi_mr_20,CPEA STAART WASI,,dropdown,,"0, 0 |  1,  1",,,,,,,y,,
wasi_mr_21,CPEA STAART WASI,,dropdown,,"0, 0 |  1,  1",,,,,,,y,,
wasi_mr_22,CPEA STAART WASI,,dropdown,,"0, 0 |  1,  1",,,,,,,y,,
wasi_mr_23,CPEA STAART WASI,,dropdown,,"0, 0 |  1,  1",,,,,,,y,,
wasi_mr_24,CPEA STAART WASI,,dropdown,,"0, 0 |  1,  1",,,,,,,y,,
wasi_mr_25,CPEA STAART WASI,,dropdown,,"0, 0 |  1,  1",,,,,,,y,,
wasi_mr_26,CPEA STAART WASI,,dropdown,,"0, 0 |  1,  1",,,,,,,y,,
wasi_mr_27,CPEA STAART WASI,,dropdown,,"0, 0 |  1,  1",,,,,,,y,,
wasi_mr_28,CPEA STAART WASI,,dropdown,,"0, 0 |  1,  1",,,,,,,y,,
wasi_mr_29,CPEA STAART WASI,,dropdown,,"0, 0 |  1,  1",,,,,,,y,,
wasi_mr_30,CPEA STAART WASI,,dropdown,,"0, 0 |  1,  1",,,,,,,y,,
wasi_mr_31,CPEA STAART WASI,,dropdown,,"0, 0 |  1,  1",,,,,,,y,,
wasi_mr_32,CPEA STAART WASI,,dropdown,,"0, 0 |  1,  1",,,,,,,y,,
wasi_mr_33,CPEA STAART WASI,,dropdown,,"0, 0 |  1,  1",,,,,,,y,,
wasi_mr_34,CPEA STAART WASI,,dropdown,,"0, 0 |  1,  1",,,,,,,y,,
wasi_mr_35,CPEA STAART WASI,,dropdown,,"0, 0 |  1,  1",,,,,,,y,,
wasi_mr_rsc,CPEA STAART WASI,,text,,,,,,,,,y,,
wasi_mr_trs,CPEA STAART WASI,,text,,,,,,,,,y,,
asi_mr_trs,CPEA STAART WASI,,text,,,,,,,,,y,,
wasi_pr_lci,CPEA STAART WASI,,text,,,,,,,,,y,,
wasi_pr_pct,CPEA STAART WASI,,text,,,,,,,,,y,,
wasi_pr_sts,CPEA STAART WASI,,text,,,,,,,,,y,,
wasi_pr_uci,CPEA STAART WASI,,text,,,,,,,,,y,,
wasi_s_bd_fl,CPEA STAART WASI,,dropdown,,"0, 0 |  1,  1 |  2,  2",,,,,,,y,,
wasi_s_bw_pl,CPEA STAART WASI,,dropdown,,"0, 0 |  1,  1 |  2,  2",,,,,,,y,,
wasi_s_ch_ad,CPEA STAART WASI,,dropdown,,"0, 0 |  1,  1 |  2,  2",,,,,,,y,,
wasi_s_ci_sq,CPEA STAART WASI,,dropdown,,"0, 0 |  1,  1 |  2,  2",,,,,,,y,,
wasi_s_cloth,CPEA STAART WASI,,dropdown,,"0, 0 |  1,  1",,,,,,,y,,
wasi_s_cp_sc,CPEA STAART WASI,,dropdown,,"0, 0 |  1,  1 |  2,  2",,,,,,,y,,
wasi_s_cw_br,CPEA STAART WASI,,dropdown,,"0, 0 |  1,  1 |  2,  2",,,,,,,y,,
wasi_s_ditems,CPEA STAART WASI,,dropdown,,"0, 0 |  1,  1",,,,,,,y,,
wasi_s_four,CPEA STAART WASI,,dropdown,,"0, 0 |  1,  1",,,,,,,y,,
wasi_s_fr_lw,CPEA STAART WASI,,dropdown,,"0, 0 |  1,  1 |  2,  2",,,,,,,y,,
wasi_s_fruits,CPEA STAART WASI,,dropdown,,"0, 0 |  1,  1",,,,,,,y,,
wasi_s_gr_st,CPEA STAART WASI,,dropdown,,"0, 0 |  1,  1 |  2,  2",,,,,,,y,,
wasi_s_lv_ht,CPEA STAART WASI,,dropdown,,"0, 0 |  1,  1 |  2,  2",,,,,,,y,,
wasi_s_mr_ls,CPEA STAART WASI,,dropdown,,"0, 0 |  1,  1 |  2,  2",,,,,,,y,,
wasi_s_pc_wr,CPEA STAART WASI,,dropdown,,"0, 0 |  1,  1 |  2,  2",,,,,,,y,,
wasi_s_pen_pec,CPEA STAART WASI,,dropdown,,"0, 0 |  1,  1 |  2,  2",,,,,,,y,,
wasi_s_ph_sn,CPEA STAART WASI,,dropdown,,"0, 0 |  1,  1 |  2,  2",,,,,,,y,,
wasi_s_pl_bus,CPEA STAART WASI,,dropdown,,"0, 0 |  1,  1 |  2,  2",,,,,,,y,,
wasi_s_redbl,CPEA STAART WASI,,dropdown,,"0, 0 |  1,  1 |  2,  2",,,,,,,y,,
wasi_s_rsc,CPEA STAART WASI,,text,,,,,,,,,y,,
wasi_s_sh_ank,CPEA STAART WASI,,dropdown,,"0, 0 |  1,  1 |  2,  2",,,,,,,y,,
wasi_s_sh_jk,CPEA STAART WASI,,dropdown,,"0, 0 |  1,  1 |  2,  2",,,,,,,y,,
wasi_s_sm_rg,CPEA STAART WASI,,dropdown,,"0, 0 |  1,  1 |  2,  2",,,,,,,y,,
wasi_s_st_cl,CPEA STAART WASI,,dropdown,,"0, 0 |  1,  1 |  2,  2",,,,,,,y,,
wasi_s_st_rn,CPEA STAART WASI,,dropdown,,"0, 0 |  1,  1 |  2,  2",,,,,,,y,,
wasi_s_tr_hb,CPEA STAART WASI,,dropdown,,"0, 0 |  1,  1 |  2,  2",,,,,,,y,,
wasi_s_trs,CPEA STAART WASI,,text,,,,,,,,,y,,
asi_s_trs,CPEA STAART WASI,,text,,,,,,,,,y,,
wasi_ss_bd_t,CPEA STAART WASI,,text,,,,,,,,,y,,
wasi_ss_mr_t,CPEA STAART WASI,,text,,,,,,,,,y,,
wasi_ss_s_t,CPEA STAART WASI,,text,,,,,,,,,y,,
wasi_version,CPEA STAART WASI,,text,,,,,,,,,y,,
wasi_ss_voc_t,CPEA STAART WASI,,text,,,,,,,,,y,,
wasi_v_algtr,CPEA STAART WASI,,dropdown,,"0, 0 |  1,  1 |  2,  2",,,,,,,y,,
wasi_v_balln,CPEA STAART WASI,,dropdown,,"0, 0 |  1,  1 |  2,  2",,,,,,,y,,
wasi_v_bell,CPEA STAART WASI,,dropdown,,"0, 0 |  1,  1 |  2,  2",,,,,,,y,,
wasi_v_bird,CPEA STAART WASI,,dropdown,,"0, 0 |  1,  1 |  2,  2",,,,,,,y,,
wasi_v_blame,CPEA STAART WASI,,dropdown,,"0, 0 |  1,  1 |  2,  2",,,,,,,y,,
wasi_v_car,CPEA STAART WASI,,dropdown,,"0, 0 |  1,  1 |  2,  2",,,,,,,y,,
wasi_v_cart,CPEA STAART WASI,,dropdown,,"0, 0 |  1,  1 |  2,  2",,,,,,,y,,
wasi_v_clndr,CPEA STAART WASI,,dropdown,,"0, 0 |  1,  1 |  2,  2",,,,,,,y,,
wasi_v_dance,CPEA STAART WASI,,dropdown,,"0, 0 |  1,  1 |  2,  2",,,,,,,y,,
wasi_v_decade,CPEA STAART WASI,,dropdown,,"0, 0 |  1,  1 |  2,  2",,,,,,,y,,
wasi_v_devout,CPEA STAART WASI,,dropdown,,"0, 0 |  1,  1 |  2,  2",,,,,,,y,,
wasi_v_enth,CPEA STAART WASI,,dropdown,,"0, 0 |  1,  1 |  2,  2",,,,,,,y,,
wasi_v_entn,CPEA STAART WASI,,dropdown,,"0, 0 |  1,  1 |  2,  2",,,,,,,y,,
wasi_v_famous,CPEA STAART WASI,,dropdown,,"0, 0 |  1,  1 |  2,  2",,,,,,,y,,
wasi_v_fish,CPEA STAART WASI,,dropdown,,"0, 0 |  1,  1",,,,,,,y,,
wasi_v_fmdb,CPEA STAART WASI,,dropdown,,"0, 0 |  1,  1 |  2,  2",,,,,,,y,,
wasi_v_fshlgt,CPEA STAART WASI,,dropdown,,"0, 0 |  1,  1 |  2,  2",,,,,,,y,,
wasi_v_haste,CPEA STAART WASI,,dropdown,,"0, 0 |  1,  1 |  2,  2",,,,,,,y,,
wasi_v_impls,CPEA STAART WASI,,dropdown,,"0, 0 |  1,  1 |  2,  2",,,,,,,y,,
wasi_v_imprt,CPEA STAART WASI,,dropdown,,"0, 0 |  1,  1 |  2,  2",,,,,,,y,,
wasi_v_imprv,CPEA STAART WASI,,dropdown,,"0, 0 |  1,  1 |  2,  2",,,,,,,y,,
wasi_v_interm,CPEA STAART WASI,,dropdown,,"0, 0 |  1,  1 |  2,  2",,,,,,,y,,
wasi_v_iq,CPEA STAART WASI,,text,,,,,,,,,y,,
wasi_v_lci,CPEA STAART WASI,,text,,,,,,,,,y,,
wasi_v_lunch,CPEA STAART WASI,,dropdown,,"0, 0 |  1,  1 |  2,  2",,,,,,,y,,
wasi_v_map,CPEA STAART WASI,,dropdown,,"0, 0 |  1,  1",,,,,,,y,,
wasi_v_niche,CPEA STAART WASI,,dropdown,,"0, 0 |  1,  1 |  2,  2",,,,,,,y,,
wasi_v_nmbr,CPEA STAART WASI,,dropdown,,"0, 0 |  1,  1 |  2,  2",,,,,,,y,,
wasi_v_pct,CPEA STAART WASI,,text,,,,,,,,,y,,
wasi_v_pet,CPEA STAART WASI,,dropdown,,"0, 0 |  1,  1 |  2,  2",,,,,,,y,,
wasi_v_pmpt,CPEA STAART WASI,,dropdown,,"0, 0 |  1,  1 |  2,  2",,,,,,,y,,
wasi_v_pnce,CPEA STAART WASI,,dropdown,,"0, 0 |  1,  1 |  2,  2",,,,,,,y,,
wasi_v_police,CPEA STAART WASI,,dropdown,,"0, 0 |  1,  1 |  2,  2",,,,,,,y,,
wasi_v_prpse,CPEA STAART WASI,,dropdown,,"0, 0 |  1,  1 |  2,  2",,,,,,,y,,
wasi_v_reveal,CPEA STAART WASI,,dropdown,,"0, 0 |  1,  1 |  2,  2",,,,,,,y,,
wasi_v_rjoice,CPEA STAART WASI,,dropdown,,"0, 0 |  1,  1 |  2,  2",,,,,,,y,,
wasi_v_rmnt,CPEA STAART WASI,,dropdown,,"0, 0 |  1,  1 |  2,  2",,,,,,,y,,
wasi_v_rsc,CPEA STAART WASI,,text,,,,,,,,,y,,
wasi_v_shell,CPEA STAART WASI,,dropdown,,"0, 0 |  1,  1",,,,,,,y,,
wasi_v_shirt,CPEA STAART WASI,,dropdown,,"0, 0 |  1,  1 |  2,  2",,,,,,,y,,
wasi_v_shoe,CPEA STAART WASI,,dropdown,,"0, 0 |  1,  1 |  2,  2",,,,,,,y,,
wasi_v_shovel,CPEA STAART WASI,,dropdown,,"0, 0 |  1,  1",,,,,,,y,,
wasi_v_sts,CPEA STAART WASI,,text,,,,,,,,,y,,
wasi_v_trdtn,CPEA STAART WASI,,dropdown,,"0, 0 |  1,  1 |  2,  2",,,,,,,y,,
wasi_v_trend,CPEA STAART WASI,,dropdown,,"0, 0 |  1,  1 |  2,  2",,,,,,,y,,
wasi_v_trnsf,CPEA STAART WASI,,dropdown,,"0, 0 |  1,  1 |  2,  2",,,,,,,y,,
wasi_v_trs,CPEA STAART WASI,,text,,,,,,,,,y,,
asi_v_trs,CPEA STAART WASI,,text,,,,,,,,,y,,
wasi_v_vaca,CPEA STAART WASI,,dropdown,,"0, 0 |  1,  1 |  2,  2",,,,,,,y,,
