Variable / Field Name,Form Name,Section Header,Field Type,Field Label,"Choices, Calculations, OR Slider Labels",Field Note,Text Validation Type OR Show Slider Number,Text Validation Min,Text Validation Max,Identifier?,Branching Logic (Show field only if...),Required Field?,Custom Alignment,Question Number (surveys only)
subjectkey,NYU Medical History,NDAR Required,text,The NDAR Global Unique Identifier (GUID) for subjects which identifies a subject in NDAR,,,,,,,,y,,
src_subject_id,NYU Medical History,,text,The site's subject identification,,,,,,,,y,,
interview_date,NYU Medical History,,text,Date on which the interview/genetic test/sampling/imaging was completed,"MM/yyyy, MM/yyyy | MM/dd/yyyy, MM/dd/yyyy",* '01/01/1900' indicates that a date associated with retrospective data is not known.,date_ymd,,,,,y,,
interview_age,NYU Medical History,,text,Age in months at the time of the interview/test/sampling/imaging.,,Age is rounded to chronological month If the research participant is 13 days old at time of interview  the appropriate value would be 0 months if the participant is 19 days old the value would be 1 month,number,0,1200,,,y,,
where_healthcare,NYU Medical History,,text,where does the subject receive regular healthcare,,,,,,,,y,,
last_doctor_visit,NYU Medical History,,text,when was last visit to doctor,"MM/yyyy, MM/yyyy | MM/dd/yyyy, MM/dd/yyyy",,date_ymd,,,,,y,,
last_physical_exam,NYU Medical History,,text,when was date of last physical,"MM/yyyy, MM/yyyy | MM/dd/yyyy, MM/dd/yyyy",,date_ymd,,,,,y,,
illnesses_conditions,NYU Medical History,,text,does subject have any illnesses,,,,,,,,y,,
illnesses_described,NYU Medical History,,text,describe the illness,,,,,,,,y,,
hospitalizations,NYU Medical History,,text,has the subject had any hospitalisations,,,,,,,,y,,
hospitalizations_described,NYU Medical History,,text,describe the hospitalisations,,,,,,,,y,,
when_hospitalized,NYU Medical History,,text,when was the subject hospitalized,"MM/yyyy, MM/yyyy | MM/dd/yyyy, MM/dd/yyyy",,date_ymd,,,,,y,,
current_medication,NYU Medical History,,text,what are subjects current medications,,,,,,,,y,,
current_meds_described,NYU Medical History,,text,describe subjects current medications,,,,,,,,y,,
past_medication,NYU Medical History,,text,what are subjects past medications,,,,,,,,y,,
rev_immunoimmunization,NYU Medical History,,dropdown,Immunizations,"Up to date, Up to date | Behind, Behind | None, None | NK, NK",,,,,,,y,,
past_meds_described,NYU Medical History,,text,describe subjects past medications,,,,,,,,y,,
sensitivities_allergies_drugs,NYU Medical History,,text,does the subject have any sensitivites or allergies to any drugs,,,,,,,,y,,
sens_allergies_drugs_described,NYU Medical History,,text,describe subjects sensitivities or allergies to any drugs,,,,,,,,y,,
fertilitydrugs_at_contracep,NYU Medical History,,text,were fertility drugs used to help conceive subject,,,,,,,,y,,
any_medication_preg,NYU Medical History,,text,was the mother given any medication during pregnancy,,,,,,,,y,,
illness_pregnancy,NYU Medical History,,text,did the mother experience any illnesses during pregnancy,,,,,,,,y,,
presmed_alcohol,NYU Medical History,,dropdown,"In this pregnancy, did the birth mother do any of the following activities - Drink alcohol","Yes, Yes | No, No",,,,,,,y,,
medication_for_illness,NYU Medical History,,text,was the mother given any medication for that illness during pregnancy,,,,,,,,y,,
presmed_drugs,NYU Medical History,,dropdown,"In this pregnancy, did the birth mother do any of the following activities - Use recreational drugs (e.g. marijuana, cocaine, etc)","Yes, Yes | No, No",,,,,,,y,,
presmed_smoke,NYU Medical History,,dropdown,"In this pregnancy, did the birth mother do any of the following activities - Smoke cigarettes or other tobacco products","Yes, Yes | No, No",,,,,,,y,,
ldnb_wtbirthp,NYU Medical History,,text,How much did this baby weigh at birth (pounds),,,,,,,,y,,
fullterm_preg,NYU Medical History,,dropdown,was the pregnancy carried to fullterm,"yes, yes | no, no",,,,,,,y,,
ldnb_babydeliver,NYU Medical History,,dropdown,How was the baby delivered,"Vaginal, Vaginal | C-Section, C-Section",,,,,,,y,,
forceps_vacuum,NYU Medical History,,dropdown,were forceps or a vacuum used to aid delivery,"yes, yes | no, no",,,,,,,y,,
ldnb_wtbirtho,NYU Medical History,,text,How much did this baby weigh at birth (ounces),,,,,,,,y,,
ldnb_fapgar,NYU Medical History,,text,What were the babys APGAR scores - first APGAR (at 1 minute),,,,,,,,y,,
light_exposure_therapy,NYU Medical History,,text,was the subject exposed to light therapy during pregnancy or following birth,,,,,,,,y,,
ldnb_sapgar,NYU Medical History,,text,What were the babys APGAR scores - second APGAR (at 5 minutes),,,,,,,,y,,
natural_artificial_light,NYU Medical History,,dropdown,was the light exposure natural or artificial,"natural, natural | artificial, artificial",,,,,,,y,,
ldnb_hosptotalbabyday,NYU Medical History,,text,"How many days total did this baby stay in the hospital (after delivery up until discharge, including the neonatal ICU) (days)",,,number,0,365,,,y,,
notes,NYU Medical History,,text,any additional notes,,,,,,,,y,,
