Variable / Field Name,Form Name,Section Header,Field Type,Field Label,"Choices, Calculations, OR Slider Labels",Field Note,Text Validation Type OR Show Slider Number,Text Validation Min,Text Validation Max,Identifier?,Branching Logic (Show field only if...),Required Field?,Custom Alignment,Question Number (surveys only)
subjectkey,Autism Diagnostic Observation Schedule - Module 2,Header,text,The NDAR Global Unique Identifier (GUID) for subjects which identifies a subject in NDAR,,,,,,,,y,,
src_subject_id,Autism Diagnostic Observation Schedule - Module 2,,text,The site's subject identification,,,,,,,,y,,
interview_date,Autism Diagnostic Observation Schedule - Module 2,,text,Date on which the interview/genetic test/sampling/imaging was completed,"MM/yyyy, MM/yyyy | MM/dd/yyyy, MM/dd/yyyy",* '01/01/1900' indicates that a date associated with retrospective data is not known.,date_ymd,,,,,y,,
interview_age,Autism Diagnostic Observation Schedule - Module 2,,text,Age in months at the time of the interview/test/sampling/imaging.,,Age is rounded to chronological month If the research participant is 13 days old at time of interview  the appropriate value would be 0 months if the participant is 19 days old the value would be 1 month,number,0,1200,,,y,,
comments_misc,Autism Diagnostic Observation Schedule - Module 2,,text,"Miscellaneous comments on study, interview, methodology relevant to this form data",,,,,,,,,,
gender,Autism Diagnostic Observation Schedule - Module 2,,dropdown,Gender,"M, M | F, F",,,,,,,y,,
observation_b_1,Autism Diagnostic Observation Schedule - Module 2,Observation,text,Construction Task,,,,,,,,y,,
observation_b_1_1,Autism Diagnostic Observation Schedule - Module 2,,text,Construction Task Communication Sample,,,,,,,,y,,
observation_b_2,Autism Diagnostic Observation Schedule - Module 2,,text,Response to Name,,,,,,,,y,,
observation_b_3,Autism Diagnostic Observation Schedule - Module 2,,text,Make-Believe Play,,,,,,,,y,,
observation_b_4,Autism Diagnostic Observation Schedule - Module 2,,text,Joint Interactive Play,,,,,,,,y,,
observation_b_5,Autism Diagnostic Observation Schedule - Module 2,,text,Conversation,,,,,,,,y,,
observation_b_6,Autism Diagnostic Observation Schedule - Module 2,,text,Response to Joint Attention,,,,,,,,y,,
observation_b_7,Autism Diagnostic Observation Schedule - Module 2,,text,Demonstration Task,,,,,,,,y,,
observation_b_8,Autism Diagnostic Observation Schedule - Module 2,,text,Description of a Picture,,,,,,,,y,,
observation_b_9,Autism Diagnostic Observation Schedule - Module 2,,text,Telling a Story From a Book,,,,,,,,y,,
observation_b_10,Autism Diagnostic Observation Schedule - Module 2,,text,Free Play,,,,,,,,y,,
observation_b_11,Autism Diagnostic Observation Schedule - Module 2,,text,Birthday Party,,,,,,,,y,,
observation_b_12,Autism Diagnostic Observation Schedule - Module 2,,text,Snack,,,,,,,,y,,
observation_b_13,Autism Diagnostic Observation Schedule - Module 2,,text,Anticipation of a Routine With Objects,,,,,,,,y,,
observation_b_14,Autism Diagnostic Observation Schedule - Module 2,,text,Bubble Play,,,,,,,,y,,
observation_b_14_1,Autism Diagnostic Observation Schedule - Module 2,,dropdown,pointing with index finger,"Yes, Yes | No, No",,,,,,,y,,
observation_b_14_2,Autism Diagnostic Observation Schedule - Module 2,,dropdown,open-handed reach,"Yes, Yes | No, No",,,,,,,y,,
observation_b_14_3,Autism Diagnostic Observation Schedule - Module 2,,dropdown,other gesture,"Yes, Yes | No, No",,,,,,,y,,
observation_b_14_3_cmt,Autism Diagnostic Observation Schedule - Module 2,,text,specify:,,,,,,,,y,,
observation_b_14_4,Autism Diagnostic Observation Schedule - Module 2,,dropdown,vocalization:,"Yes, Yes | No, No",,,,,,,y,,
observation_b_14_4_1,Autism Diagnostic Observation Schedule - Module 2,,dropdown,words,"Yes, Yes | No, No",,,,,,,y,,
observation_b_14_4_2,Autism Diagnostic Observation Schedule - Module 2,,dropdown,nonverbal,"Yes, Yes | No, No",,,,,,,y,,
observation_b_14_5,Autism Diagnostic Observation Schedule - Module 2,,dropdown,eye contact:,"Yes, Yes | No, No",,,,,,,y,,
observation_b_14_5_1,Autism Diagnostic Observation Schedule - Module 2,,dropdown,alone,"Yes, Yes | No, No",,,,,,,y,,
observation_b_14_5_2,Autism Diagnostic Observation Schedule - Module 2,,dropdown,with pointing,"Yes, Yes | No, No",,,,,,,y,,
observation_b_14_5_3,Autism Diagnostic Observation Schedule - Module 2,,dropdown,with vocalization,"Yes, Yes | No, No",,,,,,,y,,
observation_b_14_6,Autism Diagnostic Observation Schedule - Module 2,,dropdown,mechanical animal,"Yes, Yes | No, No",,,,,,,y,,
observation_b_14_7,Autism Diagnostic Observation Schedule - Module 2,,dropdown,balloon,"Yes, Yes | No, No",,,,,,,y,,
observation_b_14_8,Autism Diagnostic Observation Schedule - Module 2,,dropdown,bubbles,"Yes, Yes | No, No",,,,,,,y,,
observation_b_14_9,Autism Diagnostic Observation Schedule - Module 2,,dropdown,other,"Yes, Yes | No, No",,,,,,,y,,
observation_b_14_9_cmt,Autism Diagnostic Observation Schedule - Module 2,,text,specify:,,,,,,,,y,,
observation_comments,Autism Diagnostic Observation Schedule - Module 2,,text,Observation Comments,,,,,,,,,,
codinga_olang_b,Autism Diagnostic Observation Schedule - Module 2,Coding Group A,dropdown,Overall Level of Non-Echoed Language,"0, 0 | 1, 1 | 2, 2 | 3, 3 | 7, 7",,,,,,,y,,
codinga_asov_b,Autism Diagnostic Observation Schedule - Module 2,,dropdown,Amount of Social Overtures/Maintenance of Attention,"0, 0 | 1, 1 | 2, 2 | 7, 7",,,,,,,y,,
codinga_spabn_b,Autism Diagnostic Observation Schedule - Module 2,,dropdown,Speech Abnormalities Associated with Autism (Intonation/Volume/Rhythm/Rate),"0, 0 | 1, 1 | 2, 2 | 7, 7 | 8, 8",,,,,,,y,,
codinga_iecho_b,Autism Diagnostic Observation Schedule - Module 2,,dropdown,Immediate Echolalia,"0, 0 | 1, 1 | 2, 2 | 3, 3",,,,,,,y,,
codinga_stereo_b,Autism Diagnostic Observation Schedule - Module 2,,dropdown,Stereotyped/Idiosyncratic Words or Phrases,"0, 0 | 1, 1 | 2, 2 | 3, 3",,,,,,,y,,
codinga_convs_b,Autism Diagnostic Observation Schedule - Module 2,,dropdown,Conversation,"0, 0 | 1, 1 | 2, 2 | 3, 3",,,,,,,y,,
codinga_point_b,Autism Diagnostic Observation Schedule - Module 2,,dropdown,Pointing,"0, 0 | 1, 1 | 2, 2 | 3, 3",,,,,,,y,,
codinga_gest_b,Autism Diagnostic Observation Schedule - Module 2,,dropdown,"Descriptive, Conventional, Instrumental or Informational Gestures","0, 0 | 1, 1 | 2, 2 | 3, 3 | 8, 8",,,,,,,y,,
codingb_ueye_b,Autism Diagnostic Observation Schedule - Module 2,Coding Group B,dropdown,Unusual Eye Contact,"0, 0 | 2, 2",,,,,,,y,,
codingb_faceo_b,Autism Diagnostic Observation Schedule - Module 2,,dropdown,Facial Expressions Directed to Others,"0, 0 | 1, 1 | 2, 2",,,,,,,y,,
codingb_shrnj_b,Autism Diagnostic Observation Schedule - Module 2,,dropdown,Shared Enjoyment in Interaction,"0, 0 | 1, 1 | 2, 2 | 8, 8",,,,,,,y,,
codingb_rname_b,Autism Diagnostic Observation Schedule - Module 2,,dropdown,Response to Name,"0, 0 | 1, 1 | 2, 2 | 3, 3",,,,,,,y,,
codingb_show_b,Autism Diagnostic Observation Schedule - Module 2,,dropdown,Showing,"0, 0 | 1, 1 | 2, 2",,,,,,,y,,
codingb_sijnt_b,Autism Diagnostic Observation Schedule - Module 2,,dropdown,Spontaneous Initiation of Joint Attention,"0, 0 | 1, 1 | 2, 2",,,,,,,y,,
codingb_rjnt_b,Autism Diagnostic Observation Schedule - Module 2,,dropdown,Response to Joint Attention,"0, 0 | 1, 1 | 2, 2 | 3, 3",,,,,,,y,,
codingb_qsov_b,Autism Diagnostic Observation Schedule - Module 2,,dropdown,Quality of Social Overtures,"0, 0 | 1, 1 | 2, 2 | 3, 3",,,,,,,y,,
codingb_qsres_b,Autism Diagnostic Observation Schedule - Module 2,,dropdown,Quality of Social Response,"0, 0 | 1, 1 | 2, 2 | 3, 3",,,,,,,y,,
codingb_arsoc_b,Autism Diagnostic Observation Schedule - Module 2,,dropdown,Amount of Reciprocal Social Communication,"0, 0 | 1, 1 | 2, 2 | 3, 3",,,,,,,y,,
codingb_oqrap_b,Autism Diagnostic Observation Schedule - Module 2,,dropdown,Overall Quality of Rapport,"0, 0 | 1, 1 | 2, 2 | 3, 3",,,,,,,y,,
codingc_fplay_b,Autism Diagnostic Observation Schedule - Module 2,Coding Group C,dropdown,Functional Play with Objects,"0, 0 | 1, 1 | 2, 2 | 3, 3",,,,,,,y,,
codingc_imgcr_b,Autism Diagnostic Observation Schedule - Module 2,,dropdown,Imagination/Creativity,"0, 0 | 1, 1 | 2, 2 | 3, 3",,,,,,,y,,
codingd_usens_b,Autism Diagnostic Observation Schedule - Module 2,Coding Group D,dropdown,Unusual Sensory Interest In Play Material/Person,"0, 0 | 1, 1 | 2, 2",,,,,,,y,,
codingd_usens_b_cmt,Autism Diagnostic Observation Schedule - Module 2,,text,Specify,,,,,,,,y,,
codingd_oman_b,Autism Diagnostic Observation Schedule - Module 2,,dropdown,Hand and Finger and Other Complex Mannerisms,"0, 0 | 1, 1 | 2, 2",,,,,,,y,,
codingd_oman_b_cmt,Autism Diagnostic Observation Schedule - Module 2,,text,Specify,,,,,,,,y,,
codingd_selfinj_b,Autism Diagnostic Observation Schedule - Module 2,,dropdown,Self-Injurious Behavior,"0, 0 | 1, 1 | 2, 2",,,,,,,y,,
codingd_urbeh_b,Autism Diagnostic Observation Schedule - Module 2,,dropdown,Unusually Repetitive Interests or Stereotyped Behaviors,"0, 0 | 1, 1 | 2, 2 | 3, 3",,,,,,,y,,
codingd_urbeh_b_cmt,Autism Diagnostic Observation Schedule - Module 2,,text,"Specify unusual preoccupations, rituals, repetitive behaviors:",,,,,,,,y,,
codinge_actve_b,Autism Diagnostic Observation Schedule - Module 2,Coding Group E,dropdown,Overactivity,"0, 0 | 1, 1 | 2, 2 | 7, 7",,,,,,,y,,
codinge_agg_b,Autism Diagnostic Observation Schedule - Module 2,,dropdown,"Tantrums, Aggression, Negative or Disruptive Behavior","0, 0 | 1, 1 | 2, 2",,,,,,,y,,
codinge_anxty,Autism Diagnostic Observation Schedule - Module 2,,dropdown,Anxiety,"0, 0 | 1, 1 | 2, 2",,,,,,,y,,
scoresumm_b_a2,Autism Diagnostic Observation Schedule - Module 2,Score Summary,text,Amount of Social Overtures/Maintenance of Attention,,,,,,,,y,,
scoresumm_b_a5,Autism Diagnostic Observation Schedule - Module 2,,text,Stereotyped/Idiosyncratic use of Words or Phrases,,,,,,,,y,,
scoresumm_b_a6,Autism Diagnostic Observation Schedule - Module 2,,text,Conversation,,,,,,,,y,,
scoresumm_b_a7,Autism Diagnostic Observation Schedule - Module 2,,text,Pointing,,,,,,,,y,,
scoresumm_b_a8,Autism Diagnostic Observation Schedule - Module 2,,text,"Descriptive, Conventional, Instrumental or Informational Gestures",,,,,,,,y,,
scoresumm_atotal,Autism Diagnostic Observation Schedule - Module 2,,text,Communication Total,,,,,,,,y,,
scoresumm_b_b1,Autism Diagnostic Observation Schedule - Module 2,,text,Unusual Eye Contact,,,,,,,,y,,
scoresumm_b_b2,Autism Diagnostic Observation Schedule - Module 2,,text,Facial Expressions Directed to Others,,,,,,,,y,,
scoresumm_b_b6,Autism Diagnostic Observation Schedule - Module 2,,text,Spontaneous Initiation of Joint Attention,,,,,,,,y,,
scoresumm_b_b8,Autism Diagnostic Observation Schedule - Module 2,,text,Quality of Social Overtures,,,,,,,,y,,
scoresumm_b_b9,Autism Diagnostic Observation Schedule - Module 2,,text,Quality of Social Response,,,,,,,,y,,
scoresumm_b_b10,Autism Diagnostic Observation Schedule - Module 2,,text,Amount of Reciprocal Social Communication,,,,,,,,y,,
scoresumm_b_b11,Autism Diagnostic Observation Schedule - Module 2,,text,Overall Quality of Rapport,,,,,,,,y,,
scoresumm_btotal,Autism Diagnostic Observation Schedule - Module 2,,text,Social Interaction Total,,,,,,,,y,,
scoresumm_abtotal,Autism Diagnostic Observation Schedule - Module 2,,text,Communication + Social Total,,,,,,,,y,,
scoresumm_b_c2,Autism Diagnostic Observation Schedule - Module 2,,text,Imagination/Creativity,,,,,,,,y,,
scoresumm_b_d1,Autism Diagnostic Observation Schedule - Module 2,,text,Unusual Sensory Interest in Play Material/Person,,,,,,,,y,,
scoresumm_b_d2,Autism Diagnostic Observation Schedule - Module 2,,text,Hand and Finger and Other Complex Mannerisms,,,,,,,,y,,
scoresumm_b_d4,Autism Diagnostic Observation Schedule - Module 2,,text,Unusually Repetitive Interests or Stereotyped Behaviors,,,,,,,,y,,
scoresumm_dtotal,Autism Diagnostic Observation Schedule - Module 2,,text,Stereotyped Behaviors and Restricted Interests Total,,,,,,,,y,,
scoresumm_adosdiag,Autism Diagnostic Observation Schedule - Module 2,,text,ADOS Diagnosis Classification,,,,,,,,y,,
scoresumm_overalldiag,Autism Diagnostic Observation Schedule - Module 2,,text,Overall ADOS Diagnosis,,,,,,,,y,,
