Variable / Field Name,Form Name,Section Header,Field Type,Field Label,"Choices, Calculations, OR Slider Labels",Field Note,Text Validation Type OR Show Slider Number,Text Validation Min,Text Validation Max,Identifier?,Branching Logic (Show field only if...),Required Field?,Custom Alignment,Question Number (surveys only)
subjectkey,CPEA STAART WAIS 3,,text,,,,,,,,,y,,
interview_date,CPEA STAART WAIS 3,,text,,"MM/yyyy, MM/yyyy | MM/dd/yyyy, MM/dd/yyyy",* '01/01/1900' indicates that a date associated with retrospective data is not known.,date_ymd,,,,,y,,
cycle,CPEA STAART WAIS 3,,text,,,,,,,,,y,,
patid,CPEA STAART WAIS 3,,text,,,Patient IDs were assigned at the research site for CPEA and STAART,,,,,,y,,
network,CPEA STAART WAIS 3,,text,,,CPEA or STAART Network,,,,,,y,,
site,CPEA STAART WAIS 3,,text,,,CPEA or STAART Site,,,,,,y,,
study,CPEA STAART WAIS 3,,text,,,CPEA or STAART Study,,,,,,y,,
wais_age,CPEA STAART WAIS 3,,text,,,,,,,,,y,,
wais_arm_prblm1,CPEA STAART WAIS 3,,dropdown,,"0, 0 |  1,  1",,,,,,,y,,
wais_arm_prblm10,CPEA STAART WAIS 3,,dropdown,,"0, 0 |  1,  1",,,,,,,y,,
wais_arm_prblm11,CPEA STAART WAIS 3,,dropdown,,"0, 0 |  1,  1",,,,,,,y,,
wais_arm_prblm12,CPEA STAART WAIS 3,,dropdown,,"0, 0 |  1,  1",,,,,,,y,,
wais_arm_prblm13,CPEA STAART WAIS 3,,dropdown,,"0, 0 |  1,  1",,,,,,,y,,
wais_arm_prblm14,CPEA STAART WAIS 3,,dropdown,,"0, 0 |  1,  1",,,,,,,y,,
wais_arm_prblm15,CPEA STAART WAIS 3,,dropdown,,"0, 0 |  1,  1",,,,,,,y,,
wais_arm_prblm16,CPEA STAART WAIS 3,,dropdown,,"0, 0 |  1,  1",,,,,,,y,,
wais_arm_prblm17,CPEA STAART WAIS 3,,dropdown,,"0, 0 |  1,  1",,,,,,,y,,
wais_arm_prblm18,CPEA STAART WAIS 3,,dropdown,,"0, 0 |  1,  1",,,,,,,y,,
wais_arm_prblm19,CPEA STAART WAIS 3,,dropdown,,"0, 0 |  1,  1 |  2,  2",,,,,,,y,,
wais_arm_prblm2,CPEA STAART WAIS 3,,dropdown,,"0, 0 |  1,  1",,,,,,,y,,
wais_arm_prblm20,CPEA STAART WAIS 3,,dropdown,,"0, 0 |  1,  1 |  2,  2",,,,,,,y,,
wais_arm_prblm3,CPEA STAART WAIS 3,,dropdown,,"0, 0 |  1,  1",,,,,,,y,,
wais_arm_prblm4,CPEA STAART WAIS 3,,dropdown,,"0, 0 |  1,  1",,,,,,,y,,
wais_arm_prblm5,CPEA STAART WAIS 3,,dropdown,,"0, 0 |  1,  1",,,,,,,y,,
wais_arm_prblm6,CPEA STAART WAIS 3,,dropdown,,"0, 0 |  1,  1",,,,,,,y,,
wais_arm_prblm7,CPEA STAART WAIS 3,,dropdown,,"0, 0 |  1,  1",,,,,,,y,,
wais_arm_prblm8,CPEA STAART WAIS 3,,dropdown,,"0, 0 |  1,  1",,,,,,,y,,
wais_arm_prblm9,CPEA STAART WAIS 3,,dropdown,,"0, 0 |  1,  1",,,,,,,y,,
wais_arm_rawscre,CPEA STAART WAIS 3,,text,,,,,,,,,y,,
ais_arm_rawscre,CPEA STAART WAIS 3,,text,,,,,,,,,y,,
wais_arm_scldscre,CPEA STAART WAIS 3,,text,,,,,,,,,y,,
wais_bld_ae,CPEA STAART WAIS 3,,text,,,,,,,,,y,,
wais_bld_desgn1,CPEA STAART WAIS 3,,dropdown,,"0, 0 |  1,  1 |  2,  2",,,,,,,y,,
wais_bld_desgn10,CPEA STAART WAIS 3,,dropdown,,"0, 0 |  4,  4 |  5,  5 |  6,  6 |  7,  7",,,,,,,y,,
wais_bld_desgn11,CPEA STAART WAIS 3,,dropdown,,"0, 0 |  4,  4 |  5,  5 |  6,  6 |  7,  7",,,,,,,y,,
wais_bld_desgn12,CPEA STAART WAIS 3,,dropdown,,"0, 0 |  4,  4 |  5,  5 |  6,  6 |  7,  7",,,,,,,y,,
wais_bld_desgn13,CPEA STAART WAIS 3,,dropdown,,"0, 0 |  4,  4 |  5,  5 |  6,  6 |  7,  7",,,,,,,y,,
wais_bld_desgn14,CPEA STAART WAIS 3,,dropdown,,"0, 0 |  4,  4 |  5,  5 |  6,  6 |  7,  7",,,,,,,y,,
wais_bld_desgn2,CPEA STAART WAIS 3,,dropdown,,"0, 0 |  1,  1 |  2,  2",,,,,,,y,,
wais_bld_desgn3,CPEA STAART WAIS 3,,dropdown,,"0, 0 |  1,  1 |  2,  2",,,,,,,y,,
wais_bld_desgn4,CPEA STAART WAIS 3,,dropdown,,"0, 0 |  1,  1 |  2,  2",,,,,,,y,,
wais_bld_desgn5,CPEA STAART WAIS 3,,dropdown,,"0, 0 |  1,  1 |  2,  2",,,,,,,y,,
wais_bld_desgn6,CPEA STAART WAIS 3,,dropdown,,"0, 0 |  1,  1 |  2,  2",,,,,,,y,,
wais_bld_desgn7,CPEA STAART WAIS 3,,dropdown,,"0, 0 |  4,  4 |  5,  5 |  6,  6 |  7,  7",,,,,,,y,,
wais_bld_desgn8,CPEA STAART WAIS 3,,dropdown,,"0, 0 |  4,  4 |  5,  5 |  6,  6 |  7,  7",,,,,,,y,,
wais_bld_desgn9,CPEA STAART WAIS 3,,dropdown,,"0, 0 |  4,  4 |  5,  5 |  6,  6 |  7,  7",,,,,,,y,,
wais_bld_rawscre,CPEA STAART WAIS 3,,text,,,,,,,,,y,,
wais_bld_rgss,CPEA STAART WAIS 3,,text,,,,,,,,,y,,
wais_bld_scldscre,CPEA STAART WAIS 3,,text,,,,,,,,,y,,
wais_cmp_chldlbr,CPEA STAART WAIS 3,,dropdown,,"0, 0 |  1,  1",,,,,,,y,,
wais_cmp_clothes,CPEA STAART WAIS 3,,dropdown,,"0, 0 |  1,  1",,,,,,,y,,
wais_cmp_ctylnd,CPEA STAART WAIS 3,,dropdown,,"0, 0 |  1,  1",,,,,,,y,,
wais_cmp_deaf,CPEA STAART WAIS 3,,dropdown,,"0, 0 |  1,  1",,,,,,,y,,
wais_cmp_envlope,CPEA STAART WAIS 3,,dropdown,,"0, 0 |  1,  1 |  2,  2",,,,,,,y,,
wais_cmp_food,CPEA STAART WAIS 3,,dropdown,,"0, 0 |  1,  1",,,,,,,y,,
wais_cmp_forest,CPEA STAART WAIS 3,,dropdown,,"0, 0 |  1,  1",,,,,,,y,,
wais_cmp_freeprs,CPEA STAART WAIS 3,,dropdown,,"0, 0 |  1,  1",,,,,,,y,,
wais_cmp_history,CPEA STAART WAIS 3,,dropdown,,"0, 0 |  1,  1",,,,,,,y,,
wais_cmp_jury,CPEA STAART WAIS 3,,dropdown,,"0, 0 |  1,  1",,,,,,,y,,
wais_cmp_money,CPEA STAART WAIS 3,,dropdown,,"0, 0 |  1,  1",,,,,,,y,,
wais_cmp_mrglcns,CPEA STAART WAIS 3,,dropdown,,"0, 0 |  1,  1",,,,,,,y,,
wais_cmp_parole,CPEA STAART WAIS 3,,dropdown,,"0, 0 |  1,  1",,,,,,,y,,
wais_cmp_prfsrvc,CPEA STAART WAIS 3,,dropdown,,"0, 0 |  1,  1",,,,,,,y,,
wais_cmp_rawscre,CPEA STAART WAIS 3,,text,,,,,,,,,y,,
ais_cmp_rawscre,CPEA STAART WAIS 3,,text,,,,,,,,,y,,
wais_cmp_scldscre,CPEA STAART WAIS 3,,text,,,,,,,,,y,,
wais_cmp_shlwbrk,CPEA STAART WAIS 3,,dropdown,,"0, 0 |  1,  1",,,,,,,y,,
wais_cmp_swallow,CPEA STAART WAIS 3,,dropdown,,"0, 0 |  1,  1",,,,,,,y,,
wais_cmp_taxes,CPEA STAART WAIS 3,,dropdown,,"0, 0 |  1,  1",,,,,,,y,,
wais_cmp_watches,CPEA STAART WAIS 3,,dropdown,,"0, 0 |  1,  1",,,,,,,y,,
wais_comp_siglevel,CPEA STAART WAIS 3,,text,,,,,,,,,y,,
wais_nviq_iq,CPEA STAART WAIS 3,,text,,,,,,,,,y,,
wais_dgs_bw_trial1,CPEA STAART WAIS 3,,dropdown,,"0, 0 |  1,  1 |  2,  2",,,,,,,y,,
wais_dgs_bw_trial2,CPEA STAART WAIS 3,,dropdown,,"0, 0 |  1,  1 |  2,  2",,,,,,,y,,
wais_dgs_bw_trial3,CPEA STAART WAIS 3,,dropdown,,"0, 0 |  1,  1 |  2,  2",,,,,,,y,,
wais_dgs_bw_trial4,CPEA STAART WAIS 3,,dropdown,,"0, 0 |  1,  1 |  2,  2",,,,,,,y,,
wais_dgs_bw_trial5,CPEA STAART WAIS 3,,dropdown,,"0, 0 |  1,  1 |  2,  2",,,,,,,y,,
wais_dgs_bw_trial6,CPEA STAART WAIS 3,,dropdown,,"0, 0 |  1,  1 |  2,  2",,,,,,,y,,
wais_dgs_bw_trial7,CPEA STAART WAIS 3,,dropdown,,"0, 0 |  1,  1 |  2,  2",,,,,,,y,,
wais_dgs_bw_ttlscore,CPEA STAART WAIS 3,,text,,,,,,,,,y,,
ais_dgs_bw_ttlscore,CPEA STAART WAIS 3,,text,,,,,,,,,y,,
wais_dgs_fw_trial2,CPEA STAART WAIS 3,,dropdown,,"0, 0 |  1,  1 |  2,  2",,,,,,,y,,
wais_dgs_fw_trial3,CPEA STAART WAIS 3,,dropdown,,"0, 0 |  1,  1 |  2,  2",,,,,,,y,,
wais_dgs_fw_trial4,CPEA STAART WAIS 3,,dropdown,,"0, 0 |  1,  1 |  2,  2",,,,,,,y,,
wais_dgs_fw_trial5,CPEA STAART WAIS 3,,dropdown,,"0, 0 |  1,  1 |  2,  2",,,,,,,y,,
wais_dgs_fw_trial6,CPEA STAART WAIS 3,,dropdown,,"0, 0 |  1,  1 |  2,  2",,,,,,,y,,
wais_dgs_fw_trial7,CPEA STAART WAIS 3,,dropdown,,"0, 0 |  1,  1 |  2,  2",,,,,,,y,,
wais_dgs_fw_trial8,CPEA STAART WAIS 3,,dropdown,,"0, 0 |  1,  1 |  2,  2",,,,,,,y,,
wais_dgs_fw_ttlscore,CPEA STAART WAIS 3,,text,,,,,,,,,y,,
ais_dgs_fw_ttlscore,CPEA STAART WAIS 3,,text,,,,,,,,,y,,
ais_dgs_rawscre,CPEA STAART WAIS 3,,text,,,,,,,,,y,,
wais_dgs_scldscre,CPEA STAART WAIS 3,,text,,,,,,,,,y,,
wais_dsc_rawscre,CPEA STAART WAIS 3,,text,,,,,,,,,y,,
ais_dsc_rawscre,CPEA STAART WAIS 3,,text,,,,,,,,,y,,
wais_dsc_scldscre,CPEA STAART WAIS 3,,text,,,,,,,,,y,,
wais_fsiq_indexscre,CPEA STAART WAIS 3,,text,,,,,,,,,y,,
wais_fsiq_lowci,CPEA STAART WAIS 3,,text,,,,,,,,,y,,
wais_fsiq_prcntile,CPEA STAART WAIS 3,,text,,,,,,,,,y,,
wais_fsiq_scldscre,CPEA STAART WAIS 3,,text,,,,,,,,,y,,
wais_fsiq_upci,CPEA STAART WAIS 3,,text,,,,,,,,,y,,
wais_index_prct,CPEA STAART WAIS 3,,text,,,,,,,,,y,,
wais_inf_age,CPEA STAART WAIS 3,,dropdown,,"0, 0 |  1,  1",,,,,,,y,,
wais_inf_ballad,CPEA STAART WAIS 3,,dropdown,,"0, 0 |  1,  1",,,,,,,y,,
wais_inf_brazil,CPEA STAART WAIS 3,,dropdown,,"0, 0 |  1,  1",,,,,,,y,,
wais_inf_cleoptr,CPEA STAART WAIS 3,,dropdown,,"0, 0 |  1,  1",,,,,,,y,,
wais_inf_contnts,CPEA STAART WAIS 3,,dropdown,,"0, 0 |  1,  1",,,,,,,y,,
wais_inf_cthrine,CPEA STAART WAIS 3,,dropdown,,"0, 0 |  1,  1",,,,,,,y,,
wais_inf_cuire,CPEA STAART WAIS 3,,dropdown,,"0, 0 |  1,  1",,,,,,,y,,
wais_inf_cvlwprs,CPEA STAART WAIS 3,,dropdown,,"0, 0 |  1,  1",,,,,,,y,,
wais_inf_faust,CPEA STAART WAIS 3,,dropdown,,"0, 0 |  1,  1",,,,,,,y,,
wais_inf_gandhi,CPEA STAART WAIS 3,,dropdown,,"0, 0 |  1,  1",,,,,,,y,,
wais_inf_genesis,CPEA STAART WAIS 3,,dropdown,,"0, 0 |  1,  1",,,,,,,y,,
wais_inf_hamlet,CPEA STAART WAIS 3,,dropdown,,"0, 0 |  1,  1",,,,,,,y,,
wais_inf_italy,CPEA STAART WAIS 3,,dropdown,,"0, 0 |  1,  1",,,,,,,y,,
wais_inf_koran,CPEA STAART WAIS 3,,dropdown,,"0, 0 |  1,  1",,,,,,,y,,
wais_inf_mlkjr,CPEA STAART WAIS 3,,dropdown,,"0, 0 |  1,  1",,,,,,,y,,
wais_inf_months,CPEA STAART WAIS 3,,dropdown,,"0, 0 |  1,  1",,,,,,,y,,
wais_inf_olympcs,CPEA STAART WAIS 3,,dropdown,,"0, 0 |  1,  1",,,,,,,y,,
wais_inf_rawscre,CPEA STAART WAIS 3,,text,,,,,,,,,y,,
ais_inf_rawscre,CPEA STAART WAIS 3,,text,,,,,,,,,y,,
wais_inf_rltvty,CPEA STAART WAIS 3,,dropdown,,"0, 0 |  1,  1",,,,,,,y,,
wais_inf_saturdy,CPEA STAART WAIS 3,,dropdown,,"0, 0 |  1,  1",,,,,,,y,,
wais_inf_scldscre,CPEA STAART WAIS 3,,text,,,,,,,,,y,,
wais_inf_shrdsrt,CPEA STAART WAIS 3,,dropdown,,"0, 0 |  1,  1",,,,,,,y,,
wais_inf_spdlght,CPEA STAART WAIS 3,,dropdown,,"0, 0 |  1,  1",,,,,,,y,,
wais_inf_stnchpl,CPEA STAART WAIS 3,,dropdown,,"0, 0 |  1,  1",,,,,,,y,,
wais_inf_sunrise,CPEA STAART WAIS 3,,dropdown,,"0, 0 |  1,  1",,,,,,,y,,
wais_inf_thrmmtr,CPEA STAART WAIS 3,,dropdown,,"0, 0 |  1,  1",,,,,,,y,,
wais_inf_vessels,CPEA STAART WAIS 3,,dropdown,,"0, 0 |  1,  1",,,,,,,y,,
wais_inf_water,CPEA STAART WAIS 3,,dropdown,,"0, 0 |  1,  1",,,,,,,y,,
wais_inf_weeks,CPEA STAART WAIS 3,,dropdown,,"0, 0 |  1,  1",,,,,,,y,,
wais_inf_wrldpop,CPEA STAART WAIS 3,,dropdown,,"0, 0 |  1,  1",,,,,,,y,,
wais_ldsb_score1,CPEA STAART WAIS 3,,text,,,,,,,,,y,,
wais_ldsf_score1,CPEA STAART WAIS 3,,text,,,,,,,,,y,,
wais_lns_rawscre,CPEA STAART WAIS 3,,text,,,,,,,,,y,,
ais_lns_rawscre,CPEA STAART WAIS 3,,text,,,,,,,,,y,,
wais_lns_scldscre,CPEA STAART WAIS 3,,text,,,,,,,,,y,,
wais_lns_squnc1,CPEA STAART WAIS 3,,dropdown,,"0, 0 |  1,  1 |  2,  2 |  3,  3",,,,,,,y,,
wais_lns_squnc2,CPEA STAART WAIS 3,,dropdown,,"0, 0 |  1,  1 |  2,  2 |  3,  3",,,,,,,y,,
wais_lns_squnc3,CPEA STAART WAIS 3,,dropdown,,"0, 0 |  1,  1 |  2,  2 |  3,  3",,,,,,,y,,
wais_lns_squnc4,CPEA STAART WAIS 3,,dropdown,,"0, 0 |  1,  1 |  2,  2 |  3,  3",,,,,,,y,,
wais_lns_squnc5,CPEA STAART WAIS 3,,dropdown,,"0, 0 |  1,  1 |  2,  2 |  3,  3",,,,,,,y,,
wais_lns_squnc6,CPEA STAART WAIS 3,,dropdown,,"0, 0 |  1,  1 |  2,  2 |  3,  3",,,,,,,y,,
wais_lns_squnc7,CPEA STAART WAIS 3,,dropdown,,"0, 0 |  1,  1 |  2,  2 |  3,  3",,,,,,,y,,
wais_mxr_matrix1,CPEA STAART WAIS 3,,dropdown,,"0, 0 |  1,  1",,,,,,,y,,
wais_mxr_matrix10,CPEA STAART WAIS 3,,dropdown,,"0, 0 |  1,  1",,,,,,,y,,
wais_mxr_matrix11,CPEA STAART WAIS 3,,dropdown,,"0, 0 |  1,  1",,,,,,,y,,
wais_mxr_matrix12,CPEA STAART WAIS 3,,dropdown,,"0, 0 |  1,  1",,,,,,,y,,
wais_mxr_matrix13,CPEA STAART WAIS 3,,dropdown,,"0, 0 |  1,  1",,,,,,,y,,
wais_mxr_matrix14,CPEA STAART WAIS 3,,dropdown,,"0, 0 |  1,  1",,,,,,,y,,
wais_mxr_matrix15,CPEA STAART WAIS 3,,dropdown,,"0, 0 |  1,  1",,,,,,,y,,
wais_mxr_matrix16,CPEA STAART WAIS 3,,dropdown,,"0, 0 |  1,  1",,,,,,,y,,
wais_mxr_matrix17,CPEA STAART WAIS 3,,dropdown,,"0, 0 |  1,  1",,,,,,,y,,
wais_mxr_matrix18,CPEA STAART WAIS 3,,dropdown,,"0, 0 |  1,  1",,,,,,,y,,
wais_mxr_matrix19,CPEA STAART WAIS 3,,dropdown,,"0, 0 |  1,  1",,,,,,,y,,
wais_mxr_matrix2,CPEA STAART WAIS 3,,dropdown,,"0, 0 |  1,  1",,,,,,,y,,
wais_mxr_matrix20,CPEA STAART WAIS 3,,dropdown,,"0, 0 |  1,  1",,,,,,,y,,
wais_mxr_matrix21,CPEA STAART WAIS 3,,dropdown,,"0, 0 |  1,  1",,,,,,,y,,
wais_mxr_matrix22,CPEA STAART WAIS 3,,dropdown,,"0, 0 |  1,  1",,,,,,,y,,
wais_mxr_matrix23,CPEA STAART WAIS 3,,dropdown,,"0, 0 |  1,  1",,,,,,,y,,
wais_mxr_matrix24,CPEA STAART WAIS 3,,dropdown,,"0, 0 |  1,  1",,,,,,,y,,
wais_mxr_matrix25,CPEA STAART WAIS 3,,dropdown,,"0, 0 |  1,  1",,,,,,,y,,
wais_mxr_matrix26,CPEA STAART WAIS 3,,dropdown,,"0, 0 |  1,  1",,,,,,,y,,
wais_mxr_matrix3,CPEA STAART WAIS 3,,dropdown,,"0, 0 |  1,  1",,,,,,,y,,
wais_mxr_matrix4,CPEA STAART WAIS 3,,dropdown,,"0, 0 |  1,  1",,,,,,,y,,
wais_mxr_matrix5,CPEA STAART WAIS 3,,dropdown,,"0, 0 |  1,  1",,,,,,,y,,
wais_mxr_matrix6,CPEA STAART WAIS 3,,dropdown,,"0, 0 |  1,  1",,,,,,,y,,
wais_mxr_matrix7,CPEA STAART WAIS 3,,dropdown,,"0, 0 |  1,  1",,,,,,,y,,
wais_mxr_matrix8,CPEA STAART WAIS 3,,dropdown,,"0, 0 |  1,  1",,,,,,,y,,
wais_mxr_matrix9,CPEA STAART WAIS 3,,dropdown,,"0, 0 |  1,  1",,,,,,,y,,
wais_mxr_rawscre,CPEA STAART WAIS 3,,text,,,,,,,,,y,,
ais_mxr_rawscre,CPEA STAART WAIS 3,,text,,,,,,,,,y,,
wais_mxr_scldscre,CPEA STAART WAIS 3,,text,,,,,,,,,y,,
wais_version,CPEA STAART WAIS 3,,text,,,,,,,,,y,,
wais_oba_ae,CPEA STAART WAIS 3,,text,,,,,,,,,y,,
wais_oba_bttrfly,CPEA STAART WAIS 3,,dropdown,,"8, 8 |  9,  9 |  10,  10 |  11,  11",,,,,,,y,,
wais_oba_elephnt,CPEA STAART WAIS 3,,dropdown,,"8, 8 |  9,  9 |  10,  10 |  11,  11",,,,,,,y,,
wais_oba_house,CPEA STAART WAIS 3,,dropdown,,"7, 7 |  8,  8 |  9,  9 |  10,  10",,,,,,,y,,
wais_oba_man,CPEA STAART WAIS 3,,dropdown,,"5, 5 |  6,  6 |  7,  7 |  8,  8",,,,,,,y,,
wais_oba_profile,CPEA STAART WAIS 3,,dropdown,,"9, 9 |  10,  10 |  11,  11 |  12,  12",,,,,,,y,,
wais_oba_rawscre,CPEA STAART WAIS 3,,text,,,,,,,,,y,,
ais_oba_rawscre,CPEA STAART WAIS 3,,text,,,,,,,,,y,,
wais_oba_scldscre,CPEA STAART WAIS 3,,text,,,,,,,,,y,,
wais_par_bake,CPEA STAART WAIS 3,,dropdown,,"0, 0 |  2,  2",,,,,,,y,,
wais_par_cap,CPEA STAART WAIS 3,,dropdown,,"0, 0 |  1,  1 |  2,  2",,,,,,,y,,
wais_par_chase,CPEA STAART WAIS 3,,dropdown,,"0, 0 |  2,  2",,,,,,,y,,
wais_par_choir,CPEA STAART WAIS 3,,dropdown,,"0, 0 |  1,  1 |  2,  2",,,,,,,y,,
wais_par_clean,CPEA STAART WAIS 3,,dropdown,,"0, 0 |  1,  1 |  2,  2",,,,,,,y,,
wais_par_dream,CPEA STAART WAIS 3,,dropdown,,"0, 0 |  2,  2",,,,,,,y,,
wais_par_hunt,CPEA STAART WAIS 3,,dropdown,,"0, 0 |  1,  1 |  2,  2",,,,,,,y,,
wais_par_lunch,CPEA STAART WAIS 3,,dropdown,,"0, 0 |  1,  1 |  2,  2",,,,,,,y,,
wais_par_opens,CPEA STAART WAIS 3,,dropdown,,"0, 0 |  2,  2",,,,,,,y,,
wais_par_rawscre,CPEA STAART WAIS 3,,text,,,,,,,,,y,,
ais_par_rawscre,CPEA STAART WAIS 3,,text,,,,,,,,,y,,
wais_par_scldscre,CPEA STAART WAIS 3,,text,,,,,,,,,y,,
wais_par_shark,CPEA STAART WAIS 3,,dropdown,,"0, 0 |  2,  2",,,,,,,y,,
wais_par_smlaml,CPEA STAART WAIS 3,,dropdown,,"0, 0 |  1,  1 |  2,  2",,,,,,,y,,
wais_pcc_barn,CPEA STAART WAIS 3,,dropdown,,"0, 0 |  1,  1",,,,,,,y,,
wais_pcc_basket,CPEA STAART WAIS 3,,dropdown,,"0, 0 |  1,  1",,,,,,,y,,
wais_pcc_boat,CPEA STAART WAIS 3,,dropdown,,"0, 0 |  1,  1",,,,,,,y,,
