Variable / Field Name,Form Name,Section Header,Field Type,Field Label,"Choices, Calculations, OR Slider Labels",Field Note,Text Validation Type OR Show Slider Number,Text Validation Min,Text Validation Max,Identifier?,Branching Logic (Show field only if...),Required Field?,Custom Alignment,Question Number (surveys only)
subjectkey,Demographics - Pittsburgh,Header,text,The NDAR Global Unique Identifier (GUID) for subjects which identifies a subject in NDAR,,,,,,,,y,,
src_subject_id,Demographics - Pittsburgh,0,text,The site's subject identification,,,,,,,,y,,
interview_date,Demographics - Pittsburgh,,text,Date on which the interview/genetic test/sampling/imaging was completed,"MM/yyyy, MM/yyyy | MM/dd/yyyy, MM/dd/yyyy",* '01/01/1900' indicates that a date associated with retrospective data is not known.,date_ymd,,,,,y,,
sexdesc,Demographics - Pittsburgh,,dropdown,Participant sex at birth,"M, 'Male' | F, 'Female'",,,,,,,y,,
race,Demographics - Pittsburgh,,dropdown,Race of participant,"American Indian/Alaska Native, American Indian/Alaska Native |  Asian,  Asian |  Hawaiian or Pacific Islander,  Hawaiian or Pacific Islander |  Black or African American,  Black or African American |  White,  White |  More than one race,  More than one race |  Unknown or not reported,  Unknown or not reported",,,,,,,y,,
ethnicity,Demographics - Pittsburgh,,dropdown,Ethnicity of participant,"Hispanic or Latino, Hispanic or Latino |  Not Hispanic or Latino,  Not Hispanic or Latino |  Unknown,  Unknown",,,,,,,y,,
sesscore,Demographics - Pittsburgh,,text,Hollingshead SES Score,,,,,,,,y,,
lddesc,Demographics - Pittsburgh,,dropdown,Lateral Dominance,"Right Handed, Right Handed | Left Handed, Left Handed | Ambidextrous, Ambidextrous",,,,,,,y,,
