Variable / Field Name,Form Name,Section Header,Field Type,Field Label,"Choices, Calculations, OR Slider Labels",Field Note,Text Validation Type OR Show Slider Number,Text Validation Min,Text Validation Max,Identifier?,Branching Logic (Show field only if...),Required Field?,Custom Alignment,Question Number (surveys only)
subjectkey,CPEA STAART C-YBOCS (Compulsion Scale),,text,The NDAR Global Unique Identifier (GUID) for subjects which identifies a subject in NDAR,,,,,,,,y,,
patid,CPEA STAART C-YBOCS (Compulsion Scale),,text,src_Subject_id,,Patient IDs were assigned at the research site for CPEA and STAART,,,,,,y,,
cycle,CPEA STAART C-YBOCS (Compulsion Scale),,text,Timepoint information,,,,,,,,y,,
phase,CPEA STAART C-YBOCS (Compulsion Scale),,dropdown,Phase,"1, 1 |  2,  2 |  3,  3 |  4,  4",,,,,,,y,,
q6_date,CPEA STAART C-YBOCS (Compulsion Scale),,text,Date,,Required field,,,,,,y,,
q6_ratr,CPEA STAART C-YBOCS (Compulsion Scale),,text,Rater Name,,"The name of the staff member who administered the form. If the form was filled out by the guardian or teacher, the CC¿s name should be entered as Rater.",,,,,,y,,
6_ratr,CPEA STAART C-YBOCS (Compulsion Scale),,text,Rater Name,,"The name of the staff member who administered the form. If the form was filled out by the guardian or teacher, the CC¿s name should be entered as Rater.",,,,,,y,,
q6_prif,CPEA STAART C-YBOCS (Compulsion Scale),,dropdown,Primary Source: Father,"0, Check if father is primary source. 0=no |  -1,  -1=yes.",,,,,,,y,,
q6_pric,CPEA STAART C-YBOCS (Compulsion Scale),,dropdown,Primary Source: Child,"0, Check if child is primary source. 0=no |  -1,  -1=yes.",,,,,,,y,,
q6_prit,CPEA STAART C-YBOCS (Compulsion Scale),,dropdown,Primary Source: Teacher,"0, Check if teacher is primary source. 0=no |  -1,  -1=yes.",,,,,,,y,,
q6_prio,CPEA STAART C-YBOCS (Compulsion Scale),,dropdown,Primary Source: Other,"0, Check if primary source not mother, father, child or teacher. 0=no |  -1,  -1=yes.",,,,,,,y,,
q6_pr_s,CPEA STAART C-YBOCS (Compulsion Scale),,text,Other Primary Source specified,,Complete if q6_prio is checked.,,,,,,y,,
q6_parm,CPEA STAART C-YBOCS (Compulsion Scale),,dropdown,Participants present: Mother,"0, Check if mother is present during assessment. If Teacher is primary source this item should be left blank. 0=no |  -1,  -1=yes.",,,,,,,y,,
q6_parf,CPEA STAART C-YBOCS (Compulsion Scale),,dropdown,Participants present: Father,"0, Check if father is present during assessment. If Teacher is primary source this item should be left blank. 0=no |  -1,  -1=yes.",,,,,,,y,,
q6_parc,CPEA STAART C-YBOCS (Compulsion Scale),,dropdown,Participants present: Child,"0, Check if chid is present during assessment. If Teacher is primary source this item should be left blank. 0=no |  -1,  -1=yes.",,,,,,,y,,
q6_part,CPEA STAART C-YBOCS (Compulsion Scale),,dropdown,Participants present: Teacher,"0, If Teacher is primary source, this item should be left blank. 0=no |  -1,  -1=yes.",,,,,,,y,,
q6_paro,CPEA STAART C-YBOCS (Compulsion Scale),,dropdown,Participants present: Other,"0, If Teacher is primary source, this item should be left blank. If administered by phone, q6_paro should be checked and PHONE should be written in q6_pa_s. 0=no |  -1,  -1=yes.",,,,,,,y,,
q6_pa_s,CPEA STAART C-YBOCS (Compulsion Scale),,text,Other Participants present specified,,Complete if q6_paro is checked,,,,,,y,,
q6_1a,CPEA STAART C-YBOCS (Compulsion Scale),,dropdown,Time spent performing compulsive behavior,"0 to 4, 0 to 4 |  -7,  -7 |  -8,  -8 |  -9,  -9",Item used for eligibility criteria. Required field,,,,,,y,,
q6_1b,CPEA STAART C-YBOCS (Compulsion Scale),,dropdown,Compulsion-free interval,"0 to 4, 0 to 4 |  -7,  -7 |  -8,  -8 |  -9,  -9",Item not included in total score.,,,,,,y,,
q6_2,CPEA STAART C-YBOCS (Compulsion Scale),,dropdown,Interference due to compulsive behaviors,"0 to 4, 0 to 4 |  -7,  -7 |  -8,  -8 |  -9,  -9",Item used for eligibility criteria. Required field,,,,,,y,,
q6_3,CPEA STAART C-YBOCS (Compulsion Scale),,dropdown,Distress associated with compulsive behavior,"0 to 4, 0 to 4 |  -7,  -7 |  -8,  -8 |  -9,  -9",Item used for eligibility criteria. Required field,,,,,,y,,
q6_4,CPEA STAART C-YBOCS (Compulsion Scale),,dropdown,Resistance against compulsions,"0 to 4, 0 to 4 |  -7,  -7 |  -8,  -8 |  -9,  -9",Item not included in total score.,,,,,,y,,
q6_5,CPEA STAART C-YBOCS (Compulsion Scale),,dropdown,Degree of control over compulsive behavior,"0 to 4, 0 to 4 |  -7,  -7 |  -8,  -8 |  -9,  -9",Item used for eligibility criteria. Required field,,,,,,y,,
q6_6,CPEA STAART C-YBOCS (Compulsion Scale),,dropdown,Peculiarity of behavior,"0 to 4, 0 to 4 |  -7,  -7 |  -8,  -8 |  -9,  -9",Item not included in total score.,,,,,,y,,
q6_7,CPEA STAART C-YBOCS (Compulsion Scale),,dropdown,Reliability of information,"0 to 3, 0 to 3 |  -7,  -7 |  -8,  -8 |  -9,  -9",Item not included in total score.,,,,,,y,,
q6_total,CPEA STAART C-YBOCS (Compulsion Scale),,dropdown,Total,"0 to 16, 0 to 16 |  -7,  -7 |  -8,  -8 |  -9,  -9","Sum of items 1a, 2, 3, 5. Must be 8 at SCREENER and BASELINE to be eligible.",,,,,,y,,
interview_date,CPEA STAART C-YBOCS (Compulsion Scale),,text,Date on which the interview/genetic test/sampling/imaging was completed,"MM/yyyy, MM/yyyy | MM/dd/yyyy, MM/dd/yyyy",* '01/01/1900' indicates that a date associated with retrospective data is not known.,date_ymd,,,,,y,,
