Variable / Field Name,Form Name,Section Header,Field Type,Field Label,"Choices, Calculations, OR Slider Labels",Field Note,Text Validation Type OR Show Slider Number,Text Validation Min,Text Validation Max,Identifier?,Branching Logic (Show field only if...),Required Field?,Custom Alignment,Question Number (surveys only)
subjectkey,CPEA STAART Telephone Screener,,text,The NDAR Global Unique Identifier (GUID) for subjects which identifies a subject in NDAR,,,,,,,,y,,
patid,CPEA STAART Telephone Screener,,text,src_Subject_id,,Patient IDs were assigned at the research site for CPEA and STAART,,,,,,y,,
network,CPEA STAART Telephone Screener,,text,Network,,CPEA or STAART Network,,,,,,y,,
study,CPEA STAART Telephone Screener,,text,Study,,CPEA or STAART Study,,,,,,y,,
site,CPEA STAART Telephone Screener,,text,Site,,CPEA or STAART Site,,,,,,y,,
q1_date,CPEA STAART Telephone Screener,,text,Date,,SAS Date,,,,,,y,,
q1_1,CPEA STAART Telephone Screener,1,dropdown,Child legal guardian,"0, 0 | 1, 1",,,,,,,y,,
gender,CPEA STAART Telephone Screener,4,dropdown,Gender,"M, M | F, F",,,,,,,y,,
interview_date,CPEA STAART Telephone Screener,5,text,Date on which the interview/genetic test/sampling/imaging was completed,"MM/yyyy, MM/yyyy | MM/dd/yyyy, MM/dd/yyyy",* '01/01/1900' indicates that a date associated with retrospective data is not known.,date_ymd,,,,,y,,
q1_6,CPEA STAART Telephone Screener,6,text,How did you hear about this study,,,,,,,,,,
q1_7,CPEA STAART Telephone Screener,7,text,Do you have time to complete the interview now,,,,,,,,,,
q1_8a,CPEA STAART Telephone Screener,8,dropdown,Child Hispanic or Latino,"0, 0 | 1, 1",,,,,,,,,
q1_8b1,CPEA STAART Telephone Screener,,dropdown,Child American Indian or Alaska Native,"0, 0 | -1, -1",,,,,,,,,
q1_8b2,CPEA STAART Telephone Screener,,dropdown,Child Asian,"0, 0 | -1, -1",,,,,,,,,
q1_8b3,CPEA STAART Telephone Screener,,dropdown,Child Black or African American,"0, 0 | -1, -1",,,,,,,,,
q1_8b4,CPEA STAART Telephone Screener,,dropdown,Child Native Hawaiian or other Pacific Islander,"0, 0 | 1, 1",,,,,,,,,
q1_8b5,CPEA STAART Telephone Screener,,dropdown,Child White,"0, 0 | -1, -1",,,,,,,,,
q1_8b6,CPEA STAART Telephone Screener,,dropdown,Child race other,"0, 0 | -1, -1",,,,,,,,,
q1_8b6other,CPEA STAART Telephone Screener,,text,Chile race other specify,,,,,,,,,,
q1_9,CPEA STAART Telephone Screener,9,dropdown,Child been diagnosed with an Autism spectrum condition or PDD or Aspergers,"0, 0 | 1, 1",,,,,,,y,,
q1_10a,CPEA STAART Telephone Screener,10,dropdown,Does you child take interest in other childern,"0, 0 | 1, 1",,,,,,,y,,
q1_10b,CPEA STAART Telephone Screener,,dropdown,Does you child use his or her finger to indicate interest in something by pointing,"0, 0 | 1, 1",,,,,,,y,,
q1_10c,CPEA STAART Telephone Screener,,dropdown,Does you child bring objects over to you to show you something,"0, 0 | 1, 1",,,,,,,y,,
q1_10d,CPEA STAART Telephone Screener,,dropdown,Does you child imitate you for example if you make a face will your child imitate it,"0, 0 | 1, 1",,,,,,,y,,
q1_10e,CPEA STAART Telephone Screener,,dropdown,Does you child respond to his or her name when you call,"0, 0 | 1, 1",,,,,,,y,,
q1_10f,CPEA STAART Telephone Screener,,dropdown,If you point at a toy across the room does you child look at it,"0, 0 | 1, 1",,,,,,,y,,
q1_10total,CPEA STAART Telephone Screener,,text,Sum of endorsed items,,,number,0,6,,,y,,
q1_10g,CPEA STAART Telephone Screener,,dropdown,Would it be possibel for you to answer a questionnaire,"0, 0 | 1, 1",,,,,,,,,
q1_11,CPEA STAART Telephone Screener,11,dropdown,Has child ever been diagnosed with Rett Disorder or Child Disintegrative Disorder,"0, 0 | 1, 1",,,,,,,y,,
q1_11a,CPEA STAART Telephone Screener,,dropdown,Is there a reason to doubt diagnosis,"0, 0 | 1, 1",,,,,,,y,,
q1_12,CPEA STAART Telephone Screener,12,dropdown,Has child had a seizure in the last six months,"0, 0 | 1, 1",,,,,,,y,,
q1_12a,CPEA STAART Telephone Screener,,dropdown,Is child receiving medication to control the seizures,"0, 0 | 1, 1",,,,,,,y,,
q1_13,CPEA STAART Telephone Screener,13,dropdown,Does child have any chronic medical illness like thyroid problems hepatitis or heart problems,"0, 0 | 1, 1",,,,,,,y,,
q1_13a,CPEA STAART Telephone Screener,,dropdown,Is child receiving medication to control this problem,"0, 0 | 1, 1",,,,,,,y,,
q1_13b1,CPEA STAART Telephone Screener,,text,What is the name of the condition,,,,,,,,y,,
q1_13b2,CPEA STAART Telephone Screener,,text,What is the name of the medication,,,,,,,,y,,
q1_14,CPEA STAART Telephone Screener,14,dropdown,Is child currently taking any medication,"0, 0 | 1, 1",,,,,,,y,,
q1_14a1,CPEA STAART Telephone Screener,,text,Medication Code,,,number,101,2099,,,,,
q1_14a2,CPEA STAART Telephone Screener,,text,Medication Specify,,,,,,,,,,
q1_14a3,CPEA STAART Telephone Screener,,text,Purpose,,,,,,,,,,
q1_14a4,CPEA STAART Telephone Screener,,dropdown,Would you consider discontinuing Medication,"0, 0 | 1, 1",,,,,,,,,
q1_14b1,CPEA STAART Telephone Screener,,text,Medication Code,,,number,101,2099,,,,,
q1_14b2,CPEA STAART Telephone Screener,,text,Medication Specify,,,,,,,,,,
q1_14b3,CPEA STAART Telephone Screener,,text,Purpose,,,,,,,,,,
q1_14b4,CPEA STAART Telephone Screener,,dropdown,Would you consider discontinuing Medication,"0, 0 | 1, 1",,,,,,,,,
q1_14c1,CPEA STAART Telephone Screener,,text,Medication Code,,,number,101,2099,,,,,
q1_14c2,CPEA STAART Telephone Screener,,text,Medication Specify,,,,,,,,,,
q1_14c3,CPEA STAART Telephone Screener,,text,Purpose,,,,,,,,,,
q1_14c4,CPEA STAART Telephone Screener,,dropdown,Would you consider discontinuing Medication,"0, 0 | 1, 1",,,,,,,,,
q1_14d1,CPEA STAART Telephone Screener,,text,Medication Code,,,number,101,2099,,,,,
q1_14d2,CPEA STAART Telephone Screener,,text,Medication Specify,,,,,,,,,,
q1_14d3,CPEA STAART Telephone Screener,,text,Purpose,,,,,,,,,,
q1_14d4,CPEA STAART Telephone Screener,,dropdown,Would you consider discontinuing Medication,"0, 0 | 1, 1",,,,,,,,,
q1_14e1,CPEA STAART Telephone Screener,,text,Medication Code,,,number,101,2099,,,,,
q1_14e2,CPEA STAART Telephone Screener,,text,Medication Specify,,,,,,,,,,
q1_14e3,CPEA STAART Telephone Screener,,text,Purpose,,,,,,,,,,
q1_14e4,CPEA STAART Telephone Screener,,dropdown,Would you consider discontinuing Medication,"0, 0 | 1, 1",,,,,,,,,
q1_14f1,CPEA STAART Telephone Screener,,text,Medication Code,,,number,101,2099,,,,,
q1_14f2,CPEA STAART Telephone Screener,,text,Medication Specify,,,,,,,,,,
q1_14f3,CPEA STAART Telephone Screener,,text,Purpose,,,,,,,,,,
q1_14f4,CPEA STAART Telephone Screener,,dropdown,Would you consider discontinuing Medication,"0, 0 | 1, 1",,,,,,,,,
q1_14g1,CPEA STAART Telephone Screener,,text,Medication Code,,,number,101,2099,,,,,
q1_14g2,CPEA STAART Telephone Screener,,text,Medication Specify,,,,,,,,,,
q1_14g3,CPEA STAART Telephone Screener,,text,Purpose,,,,,,,,,,
q1_14g4,CPEA STAART Telephone Screener,,dropdown,Would you consider discontinuing Medication,"0, 0 | 1, 1",,,,,,,,,
q1_14h1,CPEA STAART Telephone Screener,,text,Medication Code,,,number,101,2099,,,,,
q1_14h2,CPEA STAART Telephone Screener,,text,Medication Specify,,,,,,,,,,
q1_14h3,CPEA STAART Telephone Screener,,text,Purpose,,,,,,,,,,
q1_14h4,CPEA STAART Telephone Screener,,dropdown,Would you consider discontinuing Medication,"0, 0 | 1, 1",,,,,,,,,
q1_14i1,CPEA STAART Telephone Screener,,text,Medication Code,,,number,101,2099,,,,,
q1_14i2,CPEA STAART Telephone Screener,,text,Medication Specify,,,,,,,,,,
q1_14i3,CPEA STAART Telephone Screener,,text,Purpose,,,,,,,,,,
q1_14i4,CPEA STAART Telephone Screener,,dropdown,Would you consider discontinuing Medication,"0, 0 | 1, 1",,,,,,,,,
q1_15a1,CPEA STAART Telephone Screener,15,dropdown,Prozac Fluoxetine Ever Taken,"0, 0 | 1, 1",,,,,,,,,
q1_15a2,CPEA STAART Telephone Screener,,text,Prozac Fluoxetine If taken largest dose and total duration,,,,,,,,,,
q1_15a3,CPEA STAART Telephone Screener,,dropdown,Prozac Fluoxetine If taken was there a bad reaction,"0, 0 | 1, 1",,,,,,,,,
q1_15a4,CPEA STAART Telephone Screener,,text,Prozac Fluoxetine If bad reaction Specify,,,,,,,,,,
q1_15b1,CPEA STAART Telephone Screener,,dropdown,Celexa Citalopram Ever Taken,"0, 0 | 1, 1",,,,,,,,,
q1_15b2,CPEA STAART Telephone Screener,,text,Celexa Citalopram If taken largest dose and total duration,,,,,,,,,,
q1_15b3,CPEA STAART Telephone Screener,,dropdown,Celexa Citalopram If taken was there a bad reaction,"0, 0 | 1, 1",,,,,,,,,
q1_15b4,CPEA STAART Telephone Screener,,text,Celexa Citalopram If bad reaction Specify,,,,,,,,,,
q1_15c1,CPEA STAART Telephone Screener,,dropdown,Zoloft Sertraline Ever Taken,"0, 0 | 1, 1",,,,,,,,,
q1_15c2,CPEA STAART Telephone Screener,,text,Zoloft Sertraline If taken largest dose and total duration,,,,,,,,,,
q1_15c3,CPEA STAART Telephone Screener,,dropdown,Zoloft Sertraline If taken was there a bad reaction,"0, 0 | 1, 1",,,,,,,,,
q1_15c4,CPEA STAART Telephone Screener,,text,Zoloft Sertraline If bad reaction Specify,,,,,,,,,,
q1_15d1,CPEA STAART Telephone Screener,,dropdown,Lexapro Escitalopram Ever Taken,"0, 0 | 1, 1",,,,,,,,,
q1_15d2,CPEA STAART Telephone Screener,,text,Lexapro Escitalopram If taken largest dose and total duration,,,,,,,,,,
q1_15d3,CPEA STAART Telephone Screener,,dropdown,Lexapro Escitalopram If taken was there a bad reaction,"0, 0 | 1, 1",,,,,,,,,
q1_15d4,CPEA STAART Telephone Screener,,text,Lexapro Escitalopram If bad reaction Specify,,,,,,,,,,
q1_15e1,CPEA STAART Telephone Screener,,dropdown,Luvox Fluvoxamine Ever Taken,"0, 0 | 1, 1",,,,,,,,,
q1_15e2,CPEA STAART Telephone Screener,,text,Luvox Fluvoxamine If taken largest dose and total duration,,,,,,,,,,
q1_15e3,CPEA STAART Telephone Screener,,dropdown,Luvox Fluvoxamine If taken was there a bad reaction,"0, 0 | 1, 1",,,,,,,,,
q1_15e4,CPEA STAART Telephone Screener,,text,Luvox Fluvoxamine If bad reaction Specify,,,,,,,,,,
q1_15f1,CPEA STAART Telephone Screener,,dropdown,Paxil Paroxetine Ever Taken,"0, 0 | 1, 1",,,,,,,,,
q1_15f2,CPEA STAART Telephone Screener,,text,Paxil Paroxetine If taken largest dose and total duration,,,,,,,,,,
q1_15f3,CPEA STAART Telephone Screener,,dropdown,Paxil Paroxetine If taken was there a bad reaction,"0, 0 | 1, 1",,,,,,,,,
q1_15f4,CPEA STAART Telephone Screener,,text,Paxil Paroxetine If bad reaction Specify,,,,,,,,,,
q1_15g1,CPEA STAART Telephone Screener,,dropdown,Wellbuterin Buproprion Ever Taken,"0, 0 | 1, 1",,,,,,,,,
q1_15g2,CPEA STAART Telephone Screener,,text,Wellbuterin Buproprion If taken largest dose and total duration,,,,,,,,,,
q1_15g3,CPEA STAART Telephone Screener,,dropdown,Wellbuterin Buproprion If taken was there a bad reaction,"0, 0 | 1, 1",,,,,,,,,
q1_15g4,CPEA STAART Telephone Screener,,text,Wellbuterin Buproprion If bad reaction Specify,,,,,,,,,,
q1_15h1,CPEA STAART Telephone Screener,,dropdown,Imipramine Ever Taken,"0, 0 | 1, 1",,,,,,,,,
q1_15h2,CPEA STAART Telephone Screener,,text,Imipramine If taken largest dose and total duration,,,,,,,,,,
q1_15h3,CPEA STAART Telephone Screener,,dropdown,Imipramine If taken was there a bad reaction,"0, 0 | 1, 1",,,,,,,,,
q1_15h4,CPEA STAART Telephone Screener,,text,Imipramine If bad reaction Specify,,,,,,,,,,
q1_15i1,CPEA STAART Telephone Screener,,dropdown,Effexor Ever Taken,"0, 0 | 1, 1",,,,,,,,,
q1_15i2,CPEA STAART Telephone Screener,,text,Effexor If taken largest dose and total duration,,,,,,,,,,
q1_15i3,CPEA STAART Telephone Screener,,dropdown,Effexor If taken was there a bad reaction,"0, 0 | 1, 1",,,,,,,,,
q1_15i4,CPEA STAART Telephone Screener,,text,Effexor If bad reaction Specify,,,,,,,,,,
q1_16,CPEA STAART Telephone Screener,16,dropdown,Are there other medications for the treatment of autism,"0, 0 | 1, 1",,,,,,,,,
q1_16a1,CPEA STAART Telephone Screener,,text,Medication Code,,,number,101,2099,,,,,
q1_16a2,CPEA STAART Telephone Screener,,text,Medication Specify,,,,,,,,,,
q1_16a3,CPEA STAART Telephone Screener,,text,Reaction,,,,,,,,,,
q1_16b1,CPEA STAART Telephone Screener,,text,Medication Code,,,number,101,2099,,,,,
q1_16b2,CPEA STAART Telephone Screener,,text,Medication Specify,,,,,,,,,,
q1_16b3,CPEA STAART Telephone Screener,,text,Reaction,,,,,,,,,,
q1_16c1,CPEA STAART Telephone Screener,,text,Medication Code,,,number,101,2099,,,,,
q1_16c2,CPEA STAART Telephone Screener,,text,Medication Specify,,,,,,,,,,
q1_16c3,CPEA STAART Telephone Screener,,text,Reaction,,,,,,,,,,
q1_17,CPEA STAART Telephone Screener,17,dropdown,Is your child allergic to any medications,"0, 0 | 1, 1",,,,,,,,,
q1_17a1,CPEA STAART Telephone Screener,,text,Medication Code,,,number,101,2099,,,,,
q1_17a2,CPEA STAART Telephone Screener,,text,Medication Specify,,,,,,,,,,
q1_17a3,CPEA STAART Telephone Screener,,text,Reaction,,,,,,,,,,
q1_17b1,CPEA STAART Telephone Screener,,text,Medication Code,,,number,101,2099,,,,,
q1_17b2,CPEA STAART Telephone Screener,,text,Medication Specify,,,,,,,,,,
q1_17b3,CPEA STAART Telephone Screener,,text,Reaction,,,,,,,,,,
q1_17c1,CPEA STAART Telephone Screener,,text,Medication Code,,,number,101,2099,,,,,
q1_17c2,CPEA STAART Telephone Screener,,text,Medication Specify,,,,,,,,,,
q1_17c3,CPEA STAART Telephone Screener,,text,Reaction,,,,,,,,,,
q1_18,CPEA STAART Telephone Screener,18,dropdown,Are you willing to consider giving child on one of these two medications,"0, 0 | 1, 1",,,,,,,,,
q1_19,CPEA STAART Telephone Screener,19,text,Has child started a new intensive behavioral program like Lovaas,,,number,0,2,,,,,
q1_19a,CPEA STAART Telephone Screener,,text,Can you tell me more about the program and your child started,,,,,,,,,,
q1_19b,CPEA STAART Telephone Screener,,text,When will or did the program begin,"MM/yyyy, MM/yyyy | MM/dd/yyyy, MM/dd/yyyy",,date_ymd,,,,,,,
q1_19c,CPEA STAART Telephone Screener,,dropdown,Are you willing to delay starting any intensive behavioral program,"0, 0 | 1, 1",,,,,,,,,
q1_20,CPEA STAART Telephone Screener,20,dropdown,Participant referred to Case Panel,"0, 0 | 1, 1",,,,,,,,,
q1_20other,CPEA STAART Telephone Screener,,text,Reason referred,,,,,,,,,,
q1_21,CPEA STAART Telephone Screener,21,text,Participant Eligible,,,number,0,3,,,y,,
q1_21other,CPEA STAART Telephone Screener,,text,Case Panel decision Date,"MM/yyyy, MM/yyyy | MM/dd/yyyy, MM/dd/yyyy",,date_ymd,,,,,,,
q1_22,CPEA STAART Telephone Screener,22,dropdown,Would you be willing to bring him or her in for further evaluation,"0, 0 | 1, 1",,,,,,,,,
q1_23a,CPEA STAART Telephone Screener,23,dropdown,Refusal reason code,"11, 11 | 12, 12 | 13, 13 | 14, 14 | 15, 15 | 16, 16 | 17, 17 | 0, 0",,,,,,,y,,
q1_23other,CPEA STAART Telephone Screener,,text,Refusal reason code Specify,,,,,,,,,,
q1_24,CPEA STAART Telephone Screener,24,dropdown,May we keep information in our database for reporting purposed,"0, 0 | 1, 1",,,,,,,,,
q1_25,CPEA STAART Telephone Screener,25,dropdown,May we contact you about future studies that child may be eligible for,"0, 0 | 1, 1",,,,,,,,,
q1_26a,CPEA STAART Telephone Screener,26,text,Date of Screener Apppointment,"MM/yyyy, MM/yyyy | MM/dd/yyyy, MM/dd/yyyy",,date_ymd,,,,,y,,
q1_26b,CPEA STAART Telephone Screener,,text,Time of Screener Appointment,,,,,,,,y,,
q1_comments,CPEA STAART Telephone Screener,RS,text,Comments,,,,,,,,,,
q1_completed,CPEA STAART Telephone Screener,,text,Date contact completed,"MM/yyyy, MM/yyyy | MM/dd/yyyy, MM/dd/yyyy",,date_ymd,,,,,y,,
