Variable / Field Name,Form Name,Section Header,Field Type,Field Label,"Choices, Calculations, OR Slider Labels",Field Note,Text Validation Type OR Show Slider Number,Text Validation Min,Text Validation Max,Identifier?,Branching Logic (Show field only if...),Required Field?,Custom Alignment,Question Number (surveys only)
subjectkey,Peds - TCI Self Report,,text,The NDAR Global Unique Identifier (GUID) for subjects which identifies a subject in NDAR,,,,,,,,,,
admin_status,Peds - TCI Self Report,,dropdown,Instrument administration status,"Complete, Complete | Partial, Partial | Not Administered, Not Administered | Not Applicable, Not Applicable",,,,,,,y,,
src_subject_id,Peds - TCI Self Report,,text,The site's subject identification,,,,,,,,y,,
age_days_dot_to_dob,Peds - TCI Self Report,,text,Age in days obtained by subtracting the date of birth from the date of test,,,,,,,,y,,
timepoint_label,Peds - TCI Self Report,,text,User-defined timepoint/visit label - a label selected by the site at the time of registration of a new timepoint into the database.  This label is used to group all the instruments administered to a subject at a given timepoint.,,,,,,,,y,,
tci_self_c2_raw_score,Peds - TCI Self Report,,text,TCI Self-Report (15y+): Cooperativeness C2 sum of raw scores,,,,,,,,y,,
tci_self_c3_raw_score,Peds - TCI Self Report,,text,TCI Self-Report (15y+): Cooperativeness C3 sum of raw scores,,,,,,,,y,,
tci_self_c5_raw_score,Peds - TCI Self Report,,text,TCI Self-Report (15y+): Cooperativeness C5 sum of raw scores,,,,,,,,y,,
tci_self_cooperative_raw_score,Peds - TCI Self Report,,text,"TCI Self-Report (15y+): Total cooperativeness subscale sum of C1, C2, C3, C4, C5",,,,,,,,y,,
tci_self_ha1_raw_score,Peds - TCI Self Report,,text,TCI Self-Report (15y+): Harm avoidance HA1 sum of raw scores,,,,,,,,y,,
tci_self_ha2_raw_score,Peds - TCI Self Report,,text,TCI Self-Report (15y+): Harm avoidance HA2 sum of raw scores,,,,,,,,y,,
tci_self_novelty_seek_raw_sc,Peds - TCI Self Report,,text,"TCI Self-Report (15y+): Novelty seeking subscale sum of NS1, NS2, NS3, NS4",,,,,,,,y,,
tci_self_novelty_seeking_t,Peds - TCI Self Report,,text,TCI Self-Report (15y+): Novelty seeking subscale T score,,,,,,,,y,,
tci_self_ns4_raw_score,Peds - TCI Self Report,,text,TCI Self-Report (15y+): Novelty seeking NS4 sum of raw scores,,,,,,,,y,,
tci_self_persistence_t,Peds - TCI Self Report,,text,TCI Self-Report (15y+): Persistence subscale T score,,,,,,,,y,,
tci_self_q1,Peds - TCI Self Report,,dropdown,TCI Self-Report (15y+): Q1 answer (T=True; F=False),"T, T | F, F | NA, NA",,,,,,,y,,
tci_self_q100,Peds - TCI Self Report,,dropdown,TCI Self-Report (15y+): Q100 answer (T=True; F=False),"T, T | F, F | NA, NA",,,,,,,y,,
tci_self_q104,Peds - TCI Self Report,,dropdown,TCI Self-Report (15y+): Q104 answer (T=True; F=False),"T, T | F, F | NA, NA",,,,,,,y,,
tci_self_q108,Peds - TCI Self Report,,dropdown,TCI Self-Report (15y+): Q108 answer (T=True; F=False),"T, T | F, F | NA, NA",,,,,,,y,,
tci_self_q109,Peds - TCI Self Report,,dropdown,TCI Self-Report (15y+): Q109 answer (T=True; F=False),"T, T | F, F | NA, NA",,,,,,,y,,
tci_self_q110,Peds - TCI Self Report,,dropdown,TCI Self-Report (15y+): Q110 answer (T=True; F=False),"T, T | F, F | NA, NA",,,,,,,y,,
tci_self_q112,Peds - TCI Self Report,,dropdown,TCI Self-Report (15y+): Q112 answer (T=True; F=False),"T, T | F, F | NA, NA",,,,,,,y,,
tci_self_q114,Peds - TCI Self Report,,dropdown,TCI Self-Report (15y+): Q114 answer (T=True; F=False),"T, T | F, F | NA, NA",,,,,,,y,,
tci_self_q116,Peds - TCI Self Report,,dropdown,TCI Self-Report (15y+): Q116 answer (T=True; F=False),"T, T | F, F | NA, NA",,,,,,,y,,
tci_self_q117,Peds - TCI Self Report,,dropdown,TCI Self-Report (15y+): Q117 answer (T=True; F=False),"T, T | F, F | NA, NA",,,,,,,y,,
tci_self_q118,Peds - TCI Self Report,,dropdown,TCI Self-Report (15y+): Q118 answer (T=True; F=False),"T, T | F, F | NA, NA",,,,,,,y,,
tci_self_q119,Peds - TCI Self Report,,dropdown,TCI Self-Report (15y+): Q119 answer (T=True; F=False),"T, T | F, F | NA, NA",,,,,,,y,,
tci_self_q12,Peds - TCI Self Report,,dropdown,TCI Self-Report (15y+): Q12 answer (T=True; F=False),"T, T | F, F | NA, NA",,,,,,,y,,
tci_self_q120,Peds - TCI Self Report,,dropdown,TCI Self-Report (15y+): Q120 answer (T=True; F=False),"T, T | F, F | NA, NA",,,,,,,y,,
tci_self_q122,Peds - TCI Self Report,,dropdown,TCI Self-Report (15y+): Q122 answer (T=True; F=False),"T, T | F, F | NA, NA",,,,,,,y,,
tci_self_q124,Peds - TCI Self Report,,dropdown,TCI Self-Report (15y+): Q124 answer (T=True; F=False),"T, T | F, F | NA, NA",,,,,,,y,,
tci_self_q128,Peds - TCI Self Report,,dropdown,TCI Self-Report (15y+): Q128 answer (T=True; F=False),"T, T | F, F | NA, NA",,,,,,,y,,
tci_self_q129,Peds - TCI Self Report,,dropdown,TCI Self-Report (15y+): Q129 answer (T=True; F=False),"T, T | F, F | NA, NA",,,,,,,y,,
tci_self_q13,Peds - TCI Self Report,,dropdown,TCI Self-Report (15y+): Q13 answer (T=True; F=False),"T, T | F, F | NA, NA",,,,,,,y,,
tci_self_q130,Peds - TCI Self Report,,dropdown,TCI Self-Report (15y+): Q130 answer (T=True; F=False),"T, T | F, F | NA, NA",,,,,,,y,,
tci_self_q132,Peds - TCI Self Report,,dropdown,TCI Self-Report (15y+): Q132 answer (T=True; F=False),"T, T | F, F | NA, NA",,,,,,,y,,
tci_self_q134,Peds - TCI Self Report,,dropdown,TCI Self-Report (15y+): Q134 answer (T=True; F=False),"T, T | F, F | NA, NA",,,,,,,y,,
tci_self_q136,Peds - TCI Self Report,,dropdown,TCI Self-Report (15y+): Q136 answer (T=True; F=False),"T, T | F, F | NA, NA",,,,,,,y,,
tci_self_q137,Peds - TCI Self Report,,dropdown,TCI Self-Report (15y+): Q137 answer (T=True; F=False),"T, T | F, F | NA, NA",,,,,,,y,,
tci_self_q138,Peds - TCI Self Report,,dropdown,TCI Self-Report (15y+): Q138 answer (T=True; F=False),"T, T | F, F | NA, NA",,,,,,,y,,
tci_self_q139,Peds - TCI Self Report,,dropdown,TCI Self-Report (15y+): Q139 answer (T=True; F=False),"T, T | F, F | NA, NA",,,,,,,y,,
tci_self_q140,Peds - TCI Self Report,,dropdown,TCI Self-Report (15y+): Q140 answer (T=True; F=False),"T, T | F, F | NA, NA",,,,,,,y,,
tci_self_q144,Peds - TCI Self Report,,dropdown,TCI Self-Report (15y+): Q144 answer (T=True; F=False),"T, T | F, F | NA, NA",,,,,,,y,,
tci_self_q146,Peds - TCI Self Report,,dropdown,TCI Self-Report (15y+): Q146 answer (T=True; F=False),"T, T | F, F | NA, NA",,,,,,,y,,
tci_self_q147,Peds - TCI Self Report,,dropdown,TCI Self-Report (15y+): Q147 answer (T=True; F=False),"T, T | F, F | NA, NA",,,,,,,y,,
tci_self_q149,Peds - TCI Self Report,,dropdown,TCI Self-Report (15y+): Q149 answer (T=True; F=False),"T, T | F, F | NA, NA",,,,,,,y,,
tci_self_q150,Peds - TCI Self Report,,dropdown,TCI Self-Report (15y+): Q150 answer (T=True; F=False),"T, T | F, F | NA, NA",,,,,,,y,,
tci_self_q152,Peds - TCI Self Report,,dropdown,TCI Self-Report (15y+): Q152 answer (T=True; F=False),"T, T | F, F | NA, NA",,,,,,,y,,
tci_self_q154,Peds - TCI Self Report,,dropdown,TCI Self-Report (15y+): Q154 answer (T=True; F=False),"T, T | F, F | NA, NA",,,,,,,y,,
tci_self_q156,Peds - TCI Self Report,,dropdown,TCI Self-Report (15y+): Q156 answer (T=True; F=False),"T, T | F, F | NA, NA",,,,,,,y,,
tci_self_q157,Peds - TCI Self Report,,dropdown,TCI Self-Report (15y+): Q157 answer (T=True; F=False),"T, T | F, F | NA, NA",,,,,,,y,,
tci_self_q159,Peds - TCI Self Report,,dropdown,TCI Self-Report (15y+): Q159 answer (T=True; F=False),"T, T | F, F | NA, NA",,,,,,,y,,
tci_self_q16,Peds - TCI Self Report,,dropdown,TCI Self-Report (15y+): Q16 answer (T=True; F=False),"T, T | F, F | NA, NA",,,,,,,y,,
tci_self_q162,Peds - TCI Self Report,,dropdown,TCI Self-Report (15y+): Q162 answer (T=True; F=False),"T, T | F, F | NA, NA",,,,,,,y,,
tci_self_q164,Peds - TCI Self Report,,dropdown,TCI Self-Report (15y+): Q164 answer (T=True; F=False),"T, T | F, F | NA, NA",,,,,,,y,,
tci_self_q165,Peds - TCI Self Report,,dropdown,TCI Self-Report (15y+): Q165 answer (T=True; F=False),"T, T | F, F | NA, NA",,,,,,,y,,
tci_self_q167,Peds - TCI Self Report,,dropdown,TCI Self-Report (15y+): Q167 answer (T=True; F=False),"T, T | F, F | NA, NA",,,,,,,y,,
tci_self_q168,Peds - TCI Self Report,,dropdown,TCI Self-Report (15y+): Q168 answer (T=True; F=False),"T, T | F, F | NA, NA",,,,,,,y,,
tci_self_q170,Peds - TCI Self Report,,dropdown,TCI Self-Report (15y+): Q170 answer (T=True; F=False),"T, T | F, F | NA, NA",,,,,,,y,,
tci_self_q171,Peds - TCI Self Report,,dropdown,TCI Self-Report (15y+): Q171 answer (T=True; F=False),"T, T | F, F | NA, NA",,,,,,,y,,
tci_self_q172,Peds - TCI Self Report,,dropdown,TCI Self-Report (15y+): Q172 answer (T=True; F=False),"T, T | F, F | NA, NA",,,,,,,y,,
tci_self_q173,Peds - TCI Self Report,,dropdown,TCI Self-Report (15y+): Q173 answer (T=True; F=False),"T, T | F, F | NA, NA",,,,,,,y,,
tci_self_q174,Peds - TCI Self Report,,dropdown,TCI Self-Report (15y+): Q174 answer (T=True; F=False),"T, T | F, F | NA, NA",,,,,,,y,,
tci_self_q175,Peds - TCI Self Report,,dropdown,TCI Self-Report (15y+): Q175 answer (T=True; F=False),"T, T | F, F | NA, NA",,,,,,,y,,
tci_self_q176,Peds - TCI Self Report,,dropdown,TCI Self-Report (15y+): Q176 answer (T=True; F=False),"T, T | F, F | NA, NA",,,,,,,y,,
tci_self_q177,Peds - TCI Self Report,,dropdown,TCI Self-Report (15y+): Q177 answer (T=True; F=False),"T, T | F, F | NA, NA",,,,,,,y,,
tci_self_q178,Peds - TCI Self Report,,dropdown,TCI Self-Report (15y+): Q178 answer (T=True; F=False),"T, T | F, F | NA, NA",,,,,,,y,,
tci_self_q179,Peds - TCI Self Report,,dropdown,TCI Self-Report (15y+): Q179 answer (T=True; F=False),"T, T | F, F | NA, NA",,,,,,,y,,
tci_self_q18,Peds - TCI Self Report,,dropdown,TCI Self-Report (15y+): Q18 answer (T=True; F=False),"T, T | F, F | NA, NA",,,,,,,y,,
tci_self_q180,Peds - TCI Self Report,,dropdown,TCI Self-Report (15y+): Q180 answer (T=True; F=False),"T, T | F, F | NA, NA",,,,,,,y,,
tci_self_q181,Peds - TCI Self Report,,dropdown,TCI Self-Report (15y+): Q181 answer (T=True; F=False),"T, T | F, F | NA, NA",,,,,,,y,,
tci_self_q182,Peds - TCI Self Report,,dropdown,TCI Self-Report (15y+): Q182 answer (T=True; F=False),"T, T | F, F | NA, NA",,,,,,,y,,
tci_self_q183,Peds - TCI Self Report,,dropdown,TCI Self-Report (15y+): Q183 answer (T=True; F=False),"T, T | F, F | NA, NA",,,,,,,y,,
tci_self_q184,Peds - TCI Self Report,,dropdown,TCI Self-Report (15y+): Q184 answer (T=True; F=False),"T, T | F, F | NA, NA",,,,,,,y,,
tci_self_q185,Peds - TCI Self Report,,dropdown,TCI Self-Report (15y+): Q185 answer (T=True; F=False),"T, T | F, F | NA, NA",,,,,,,y,,
tci_self_q38,Peds - TCI Self Report,,dropdown,TCI Self-Report (15y+): Q38 answer (T=True; F=False),"T, T | F, F | NA, NA",,,,,,,y,,
tci_self_q39,Peds - TCI Self Report,,dropdown,TCI Self-Report (15y+): Q39 answer (T=True; F=False),"T, T | F, F | NA, NA",,,,,,,y,,
tci_self_q4,Peds - TCI Self Report,,dropdown,TCI Self-Report (15y+): Q4 answer (T=True; F=False),"T, T | F, F | NA, NA",,,,,,,y,,
tci_self_q40,Peds - TCI Self Report,,dropdown,TCI Self-Report (15y+): Q40 answer (T=True; F=False),"T, T | F, F | NA, NA",,,,,,,y,,
tci_self_q42,Peds - TCI Self Report,,dropdown,TCI Self-Report (15y+): Q42 answer (T=True; F=False),"T, T | F, F | NA, NA",,,,,,,y,,
tci_self_q6,Peds - TCI Self Report,,dropdown,TCI Self-Report (15y+): Q6 answer (T=True; F=False),"T, T | F, F | NA, NA",,,,,,,y,,
tci_self_q60,Peds - TCI Self Report,,dropdown,TCI Self-Report (15y+): Q60 answer (T=True; F=False),"T, T | F, F | NA, NA",,,,,,,y,,
tci_self_q61,Peds - TCI Self Report,,dropdown,TCI Self-Report (15y+): Q61 answer (T=True; F=False),"T, T | F, F | NA, NA",,,,,,,y,,
tci_self_q62,Peds - TCI Self Report,,dropdown,TCI Self-Report (15y+): Q62 answer (T=True; F=False),"T, T | F, F | NA, NA",,,,,,,y,,
jtci_self_self_transcend_pct,Peds - TCI Self Report,,text,TCI Self-Report (15y+): Self Transcend Percentile,,,,,,,,y,,
tci_self_c1_raw_score,Peds - TCI Self Report,,text,TCI Self-Report (15y+): Cooperativeness C1 sum of raw scores,,,,,,,,y,,
tci_self_c4_raw_score,Peds - TCI Self Report,,text,TCI Self-Report (15y+): Cooperativeness C4 sum of raw scores,,,,,,,,y,,
tci_self_cooperativeness_pct,Peds - TCI Self Report,,text,TCI Self-Report (15y+): Total cooperativeness subscale percentile,,,,,,,,y,,
tci_self_cooperativeness_t,Peds - TCI Self Report,,text,TCI Self-Report (15y+): Total cooperativeness subscale T score,,,,,,,,y,,
tci_self_ha3_raw_score,Peds - TCI Self Report,,text,TCI Self-Report (15y+): Harm avoidance HA3 sum of raw scores,,,,,,,,y,,
tci_self_ha4_raw_score,Peds - TCI Self Report,,text,TCI Self-Report (15y+): Harm avoidance HA4 sum of raw  scores,,,,,,,,y,,
tci_self_harm_avoidance_pct,Peds - TCI Self Report,,text,TCI Self-Report (15y+): Harm avoidance subscale percentile,,,,,,,,y,,
tci_self_harm_avoidance_t,Peds - TCI Self Report,,text,TCI Self-Report (15y+): Harm avoidance subscale T score,,,,,,,,y,,
tci_self_ha_raw_score,Peds - TCI Self Report,,text,"TCI Self-Report (15y+): Harm avoidance subscale sum of HA1, HA2, HA3, HA4",,,,,,,,y,,
tci_self_novelty_seeking_pct,Peds - TCI Self Report,,text,TCI Self-Report (15y+): Novelty seeking subscale percentile,,,,,,,,y,,
tci_self_ns1_raw_score,Peds - TCI Self Report,,text,TCI Self-Report (15y+): Novelty seeking NS1 sum of raw scores,,,,,,,,y,,
tci_self_ns2_raw_score,Peds - TCI Self Report,,text,TCI Self-Report (15y+): Novelty seeking NS2 sum of raw scores,,,,,,,,y,,
tci_self_ns3_raw_score,Peds - TCI Self Report,,text,TCI Self-Report (15y+): Novelty seeking NS3 sum of raw scores,,,,,,,,y,,
tci_self_persistence_pct,Peds - TCI Self Report,,text,TCI Self-Report (15y+): Persistence subscale percentile,,,,,,,,y,,
tci_self_persistence_raw_score,Peds - TCI Self Report,,text,TCI Self-Report (15y+): Persistence subscale sum of raw scores,,,,,,,,y,,
tci_self_q10,Peds - TCI Self Report,,dropdown,TCI Self-Report (15y+): Q10 answer (T=True; F=False),"T, T | F, F | NA, NA",,,,,,,y,,
tci_self_q101,Peds - TCI Self Report,,dropdown,TCI Self-Report (15y+): Q101 answer (T=True; F=False),"T, T | F, F | NA, NA",,,,,,,y,,
tci_self_q102,Peds - TCI Self Report,,dropdown,TCI Self-Report (15y+): Q102 answer (T=True; F=False),"T, T | F, F | NA, NA",,,,,,,y,,
tci_self_q103,Peds - TCI Self Report,,dropdown,TCI Self-Report (15y+): Q103 answer (T=True; F=False),"T, T | F, F | NA, NA",,,,,,,y,,
tci_self_q105,Peds - TCI Self Report,,dropdown,TCI Self-Report (15y+): Q105 answer (T=True; F=False),"T, T | F, F | NA, NA",,,,,,,y,,
tci_self_q106,Peds - TCI Self Report,,dropdown,TCI Self-Report (15y+): Q106 answer (T=True; F=False),"T, T | F, F | NA, NA",,,,,,,y,,
tci_self_q107,Peds - TCI Self Report,,dropdown,TCI Self-Report (15y+): Q107 answer (T=True; F=False),"T, T | F, F | NA, NA",,,,,,,y,,
tci_self_q11,Peds - TCI Self Report,,dropdown,TCI Self-Report (15y+): Q11 answer (T=True; F=False),"T, T | F, F | NA, NA",,,,,,,y,,
tci_self_q111,Peds - TCI Self Report,,dropdown,TCI Self-Report (15y+): Q111 answer (T=True; F=False),"T, T | F, F | NA, NA",,,,,,,y,,
tci_self_q113,Peds - TCI Self Report,,dropdown,TCI Self-Report (15y+): Q113 answer (T=True; F=False),"T, T | F, F | NA, NA",,,,,,,y,,
tci_self_q115,Peds - TCI Self Report,,dropdown,TCI Self-Report (15y+): Q115 answer (T=True; F=False),"T, T | F, F | NA, NA",,,,,,,y,,
tci_self_q121,Peds - TCI Self Report,,dropdown,TCI Self-Report (15y+): Q121 answer (T=True; F=False),"T, T | F, F | NA, NA",,,,,,,y,,
tci_self_q123,Peds - TCI Self Report,,dropdown,TCI Self-Report (15y+): Q123 answer (T=True; F=False),"T, T | F, F | NA, NA",,,,,,,y,,
tci_self_q125,Peds - TCI Self Report,,dropdown,TCI Self-Report (15y+): Q125 answer (T=True; F=False),"T, T | F, F | NA, NA",,,,,,,y,,
tci_self_q126,Peds - TCI Self Report,,dropdown,TCI Self-Report (15y+): Q126 answer (T=True; F=False),"T, T | F, F | NA, NA",,,,,,,y,,
tci_self_q127,Peds - TCI Self Report,,dropdown,TCI Self-Report (15y+): Q127 answer (T=True; F=False),"T, T | F, F | NA, NA",,,,,,,y,,
tci_self_q131,Peds - TCI Self Report,,dropdown,TCI Self-Report (15y+): Q131 answer (T=True; F=False),"T, T | F, F | NA, NA",,,,,,,y,,
tci_self_q133,Peds - TCI Self Report,,dropdown,TCI Self-Report (15y+): Q133 answer (T=True; F=False),"T, T | F, F | NA, NA",,,,,,,y,,
tci_self_q135,Peds - TCI Self Report,,dropdown,TCI Self-Report (15y+): Q135 answer (T=True; F=False),"T, T | F, F | NA, NA",,,,,,,y,,
tci_self_q14,Peds - TCI Self Report,,dropdown,TCI Self-Report (15y+): Q14 answer (T=True; F=False),"T, T | F, F | NA, NA",,,,,,,y,,
tci_self_q141,Peds - TCI Self Report,,dropdown,TCI Self-Report (15y+): Q141 answer (T=True; F=False),"T, T | F, F | NA, NA",,,,,,,y,,
tci_self_q142,Peds - TCI Self Report,,dropdown,TCI Self-Report (15y+): Q142 answer (T=True; F=False),"T, T | F, F | NA, NA",,,,,,,y,,
tci_self_q143,Peds - TCI Self Report,,dropdown,TCI Self-Report (15y+): Q143 answer (T=True; F=False),"T, T | F, F | NA, NA",,,,,,,y,,
tci_self_q145,Peds - TCI Self Report,,dropdown,TCI Self-Report (15y+): Q145 answer (T=True; F=False),"T, T | F, F | NA, NA",,,,,,,y,,
tci_self_q148,Peds - TCI Self Report,,dropdown,TCI Self-Report (15y+): Q148 answer (T=True; F=False),"T, T | F, F | NA, NA",,,,,,,y,,
tci_self_q15,Peds - TCI Self Report,,dropdown,TCI Self-Report (15y+): Q15 answer (T=True; F=False),"T, T | F, F | NA, NA",,,,,,,y,,
tci_self_q151,Peds - TCI Self Report,,dropdown,TCI Self-Report (15y+): Q151 answer (T=True; F=False),"T, T | F, F | NA, NA",,,,,,,y,,
tci_self_q153,Peds - TCI Self Report,,dropdown,TCI Self-Report (15y+): Q153 answer (T=True; F=False),"T, T | F, F | NA, NA",,,,,,,y,,
tci_self_q155,Peds - TCI Self Report,,dropdown,TCI Self-Report (15y+): Q155 answer (T=True; F=False),"T, T | F, F | NA, NA",,,,,,,y,,
tci_self_q158,Peds - TCI Self Report,,dropdown,TCI Self-Report (15y+): Q158 answer (T=True; F=False),"T, T | F, F | NA, NA",,,,,,,y,,
tci_self_q160,Peds - TCI Self Report,,dropdown,TCI Self-Report (15y+): Q160 answer (T=True; F=False),"T, T | F, F | NA, NA",,,,,,,y,,
tci_self_q161,Peds - TCI Self Report,,dropdown,TCI Self-Report (15y+): Q161 answer (T=True; F=False),"T, T | F, F | NA, NA",,,,,,,y,,
tci_self_q163,Peds - TCI Self Report,,dropdown,TCI Self-Report (15y+): Q163 answer (T=True; F=False),"T, T | F, F | NA, NA",,,,,,,y,,
tci_self_q166,Peds - TCI Self Report,,dropdown,TCI Self-Report (15y+): Q166 answer (T=True; F=False),"T, T | F, F | NA, NA",,,,,,,y,,
tci_self_q169,Peds - TCI Self Report,,dropdown,TCI Self-Report (15y+): Q169 answer (T=True; F=False),"T, T | F, F | NA, NA",,,,,,,y,,
tci_self_q17,Peds - TCI Self Report,,dropdown,TCI Self-Report (15y+): Q17 answer (T=True; F=False),"T, T | F, F | NA, NA",,,,,,,y,,
tci_self_q186,Peds - TCI Self Report,,dropdown,TCI Self-Report (15y+): Q186 answer (T=True; F=False),"T, T | F, F | NA, NA",,,,,,,y,,
tci_self_q187,Peds - TCI Self Report,,dropdown,TCI Self-Report (15y+): Q187 answer (T=True; F=False),"T, T | F, F | NA, NA",,,,,,,y,,
tci_self_q188,Peds - TCI Self Report,,dropdown,TCI Self-Report (15y+): Q188 answer (T=True; F=False),"T, T | F, F | NA, NA",,,,,,,y,,
tci_self_q189,Peds - TCI Self Report,,dropdown,TCI Self-Report (15y+): Q189 answer (T=True; F=False),"T, T | F, F | NA, NA",,,,,,,y,,
tci_self_q19,Peds - TCI Self Report,,dropdown,TCI Self-Report (15y+): Q19 answer (T=True; F=False),"T, T | F, F | NA, NA",,,,,,,y,,
tci_self_q190,Peds - TCI Self Report,,dropdown,TCI Self-Report (15y+): Q190 answer (T=True; F=False),"T, T | F, F | NA, NA",,,,,,,y,,
tci_self_q191,Peds - TCI Self Report,,dropdown,TCI Self-Report (15y+): Q191 answer (T=True; F=False),"T, T | F, F | NA, NA",,,,,,,y,,
tci_self_q192,Peds - TCI Self Report,,dropdown,TCI Self-Report (15y+): Q192 answer (T=True; F=False),"T, T | F, F | NA, NA",,,,,,,y,,
tci_self_q193,Peds - TCI Self Report,,dropdown,TCI Self-Report (15y+): Q193 answer (T=True; F=False),"T, T | F, F | NA, NA",,,,,,,y,,
tci_self_q194,Peds - TCI Self Report,,dropdown,TCI Self-Report (15y+): Q194 answer (T=True; F=False),"T, T | F, F | NA, NA",,,,,,,y,,
tci_self_q195,Peds - TCI Self Report,,dropdown,TCI Self-Report (15y+): Q195 answer (T=True; F=False),"T, T | F, F | NA, NA",,,,,,,y,,
tci_self_q196,Peds - TCI Self Report,,dropdown,TCI Self-Report (15y+): Q196 answer (T=True; F=False),"T, T | F, F | NA, NA",,,,,,,y,,
tci_self_q197,Peds - TCI Self Report,,dropdown,TCI Self-Report (15y+): Q197 answer (T=True; F=False),"T, T | F, F | NA, NA",,,,,,,y,,
tci_self_q198,Peds - TCI Self Report,,dropdown,TCI Self-Report (15y+): Q198 answer (T=True; F=False),"T, T | F, F | NA, NA",,,,,,,y,,
tci_self_q199,Peds - TCI Self Report,,dropdown,TCI Self-Report (15y+): Q199 answer (T=True; F=False),"T, T | F, F | NA, NA",,,,,,,y,,
tci_self_q2,Peds - TCI Self Report,,dropdown,TCI Self-Report (15y+): Q2 answer (T=True; F=False),"T, T | F, F | NA, NA",,,,,,,y,,
tci_self_q20,Peds - TCI Self Report,,dropdown,TCI Self-Report (15y+): Q20 answer (T=True; F=False),"T, T | F, F | NA, NA",,,,,,,y,,
tci_self_q200,Peds - TCI Self Report,,dropdown,TCI Self-Report (15y+): Q200 answer (T=True; F=False),"T, T | F, F | NA, NA",,,,,,,y,,
tci_self_q201,Peds - TCI Self Report,,dropdown,TCI Self-Report (15y+): Q201 answer (T=True; F=False),"T, T | F, F | NA, NA",,,,,,,y,,
tci_self_q202,Peds - TCI Self Report,,dropdown,TCI Self-Report (15y+): Q202 answer (T=True; F=False),"T, T | F, F | NA, NA",,,,,,,y,,
tci_self_q203,Peds - TCI Self Report,,dropdown,TCI Self-Report (15y+): Q203 answer (T=True; F=False),"T, T | F, F | NA, NA",,,,,,,y,,
tci_self_q204,Peds - TCI Self Report,,dropdown,TCI Self-Report (15y+): Q204 answer (T=True; F=False),"T, T | F, F | NA, NA",,,,,,,y,,
tci_self_q205,Peds - TCI Self Report,,dropdown,TCI Self-Report (15y+): Q205 answer (T=True; F=False),"T, T | F, F | NA, NA",,,,,,,y,,
tci_self_q206,Peds - TCI Self Report,,dropdown,TCI Self-Report (15y+): Q206 answer (T=True; F=False),"T, T | F, F | NA, NA",,,,,,,y,,
tci_self_q207,Peds - TCI Self Report,,dropdown,TCI Self-Report (15y+): Q207 answer (T=True; F=False),"T, T | F, F | NA, NA",,,,,,,y,,
tci_self_q208,Peds - TCI Self Report,,dropdown,TCI Self-Report (15y+): Q208 answer (T=True; F=False),"T, T | F, F | NA, NA",,,,,,,y,,
tci_self_q209,Peds - TCI Self Report,,dropdown,TCI Self-Report (15y+): Q209 answer (T=True; F=False),"T, T | F, F | NA, NA",,,,,,,y,,
tci_self_q21,Peds - TCI Self Report,,dropdown,TCI Self-Report (15y+): Q21 answer (T=True; F=False),"T, T | F, F | NA, NA",,,,,,,y,,
tci_self_q210,Peds - TCI Self Report,,dropdown,TCI Self-Report (15y+): Q210 answer (T=True; F=False),"T, T | F, F | NA, NA",,,,,,,y,,
tci_self_q211,Peds - TCI Self Report,,dropdown,TCI Self-Report (15y+): Q211 answer (T=True; F=False),"T, T | F, F | NA, NA",,,,,,,y,,
tci_self_q212,Peds - TCI Self Report,,dropdown,TCI Self-Report (15y+): Q212 answer (T=True; F=False),"T, T | F, F | NA, NA",,,,,,,y,,
tci_self_q213,Peds - TCI Self Report,,dropdown,TCI Self-Report (15y+): Q213 answer (T=True; F=False),"T, T | F, F | NA, NA",,,,,,,y,,
tci_self_q214,Peds - TCI Self Report,,dropdown,TCI Self-Report (15y+): Q214 answer (T=True; F=False),"T, T | F, F | NA, NA",,,,,,,y,,
tci_self_q215,Peds - TCI Self Report,,dropdown,TCI Self-Report (15y+): Q215 answer (T=True; F=False),"T, T | F, F | NA, NA",,,,,,,y,,
tci_self_q216,Peds - TCI Self Report,,dropdown,TCI Self-Report (15y+): Q216 answer (T=True; F=False),"T, T | F, F | NA, NA",,,,,,,y,,
tci_self_q217,Peds - TCI Self Report,,dropdown,TCI Self-Report (15y+): Q217 answer (T=True; F=False),"T, T | F, F | NA, NA",,,,,,,y,,
tci_self_q218,Peds - TCI Self Report,,dropdown,TCI Self-Report (15y+): Q218 answer (T=True; F=False),"T, T | F, F | NA, NA",,,,,,,y,,
tci_self_q219,Peds - TCI Self Report,,dropdown,TCI Self-Report (15y+): Q219 answer (T=True; F=False),"T, T | F, F | NA, NA",,,,,,,y,,
tci_self_q22,Peds - TCI Self Report,,dropdown,TCI Self-Report (15y+): Q22 answer (T=True; F=False),"T, T | F, F | NA, NA",,,,,,,y,,
tci_self_q220,Peds - TCI Self Report,,dropdown,TCI Self-Report (15y+): Q220 answer (T=True; F=False),"T, T | F, F | NA, NA",,,,,,,y,,
tci_self_q221,Peds - TCI Self Report,,dropdown,TCI Self-Report (15y+): Q221 answer (T=True; F=False),"T, T | F, F | NA, NA",,,,,,,y,,
tci_self_q222,Peds - TCI Self Report,,dropdown,TCI Self-Report (15y+): Q222 answer (T=True; F=False),"T, T | F, F | NA, NA",,,,,,,y,,
tci_self_q223,Peds - TCI Self Report,,dropdown,TCI Self-Report (15y+): Q223 answer (T=True; F=False),"T, T | F, F | NA, NA",,,,,,,y,,
tci_self_q224,Peds - TCI Self Report,,dropdown,TCI Self-Report (15y+): Q224 answer (T=True; F=False),"T, T | F, F | NA, NA",,,,,,,y,,
tci_self_q225,Peds - TCI Self Report,,dropdown,TCI Self-Report (15y+): Q225 answer (T=True; F=False),"T, T | F, F | NA, NA",,,,,,,y,,
tci_self_q226,Peds - TCI Self Report,,dropdown,TCI Self-Report (15y+): Q226 answer (T=True; F=False),"T, T | F, F | NA, NA",,,,,,,y,,
tci_self_q227,Peds - TCI Self Report,,dropdown,TCI Self-Report (15y+): Q227 answer (T=True; F=False),"T, T | F, F | NA, NA",,,,,,,y,,
tci_self_q228,Peds - TCI Self Report,,dropdown,TCI Self-Report (15y+): Q228 answer (T=True; F=False),"T, T | F, F | NA, NA",,,,,,,y,,
tci_self_q229,Peds - TCI Self Report,,dropdown,TCI Self-Report (15y+): Q229 answer (T=True; F=False),"T, T | F, F | NA, NA",,,,,,,y,,
tci_self_q23,Peds - TCI Self Report,,dropdown,TCI Self-Report (15y+): Q23 answer (T=True; F=False),"T, T | F, F | NA, NA",,,,,,,y,,
tci_self_q230,Peds - TCI Self Report,,dropdown,TCI Self-Report (15y+): Q230 answer (T=True; F=False),"T, T | F, F | NA, NA",,,,,,,y,,
tci_self_q231,Peds - TCI Self Report,,dropdown,TCI Self-Report (15y+): Q231 answer (T=True; F=False),"T, T | F, F | NA, NA",,,,,,,y,,
tci_self_q232,Peds - TCI Self Report,,dropdown,TCI Self-Report (15y+): Q232 answer (T=True; F=False),"T, T | F, F | NA, NA",,,,,,,y,,
tci_self_q233,Peds - TCI Self Report,,dropdown,TCI Self-Report (15y+): Q233 answer (T=True; F=False),"T, T | F, F | NA, NA",,,,,,,y,,
tci_self_q234,Peds - TCI Self Report,,dropdown,TCI Self-Report (15y+): Q234 answer (T=True; F=False),"T, T | F, F | NA, NA",,,,,,,y,,
tci_self_q235,Peds - TCI Self Report,,dropdown,TCI Self-Report (15y+): Q235 answer (T=True; F=False),"T, T | F, F | NA, NA",,,,,,,y,,
tci_self_q236,Peds - TCI Self Report,,dropdown,TCI Self-Report (15y+): Q236 answer (T=True; F=False),"T, T | F, F | NA, NA",,,,,,,y,,
tci_self_q237,Peds - TCI Self Report,,dropdown,TCI Self-Report (15y+): Q237 answer (T=True; F=False),"T, T | F, F | NA, NA",,,,,,,y,,
tci_self_q238,Peds - TCI Self Report,,dropdown,TCI Self-Report (15y+): Q238 answer (T=True; F=False),"T, T | F, F | NA, NA",,,,,,,y,,
tci_self_q239,Peds - TCI Self Report,,dropdown,TCI Self-Report (15y+): Q239 answer (T=True; F=False),"T, T | F, F | NA, NA",,,,,,,y,,
tci_self_q24,Peds - TCI Self Report,,dropdown,TCI Self-Report (15y+): Q24 answer (T=True; F=False),"T, T | F, F | NA, NA",,,,,,,y,,
tci_self_q240,Peds - TCI Self Report,,dropdown,TCI Self-Report (15y+): Q240 answer (T=True; F=False),"T, T | F, F | NA, NA",,,,,,,y,,
tci_self_q25,Peds - TCI Self Report,,dropdown,TCI Self-Report (15y+): Q25 answer (T=True; F=False),"T, T | F, F | NA, NA",,,,,,,y,,
tci_self_q26,Peds - TCI Self Report,,dropdown,TCI Self-Report (15y+): Q26 answer (T=True; F=False),"T, T | F, F | NA, NA",,,,,,,y,,
