Variable / Field Name,Form Name,Section Header,Field Type,Field Label,"Choices, Calculations, OR Slider Labels",Field Note,Text Validation Type OR Show Slider Number,Text Validation Min,Text Validation Max,Identifier?,Branching Logic (Show field only if...),Required Field?,Custom Alignment,Question Number (surveys only)
subjectkey,Autism Diagnostic Observation Schedule (ADOS) Toddler,Header,text,The NDAR Global Unique Identifier (GUID) for subjects which identifies a subject in NDAR,,,,,,,,y,,
src_subject_id,Autism Diagnostic Observation Schedule (ADOS) Toddler,,text,The site's subject identification,,,,,,,,y,,
interview_date,Autism Diagnostic Observation Schedule (ADOS) Toddler,,text,Date on which the interview/genetic test/sampling/imaging was completed,"MM/yyyy, MM/yyyy | MM/dd/yyyy, MM/dd/yyyy",* '01/01/1900' indicates that a date associated with retrospective data is not known.,date_ymd,,,,,y,,
interview_age,Autism Diagnostic Observation Schedule (ADOS) Toddler,,text,Age in months at the time of the interview/test/sampling/imaging.,,Age is rounded to chronological month If the research participant is 13 days old at time of interview  the appropriate value would be 0 months if the participant is 19 days old the value would be 1 month,number,0,1200,,,y,,
gender,Autism Diagnostic Observation Schedule (ADOS) Toddler,,dropdown,Gender,"M, M | F, F",,,,,,,y,,
ados_dx,Autism Diagnostic Observation Schedule (ADOS) Toddler,,text,ADOS Diagnosis,,,,,,,,y,,
adosta01,Autism Diagnostic Observation Schedule (ADOS) Toddler,,dropdown,A. 1. Overall Level of Non-Echoed Language,"0, 0 | 1, 1 | 2, 2 | 3, 3 | 8, 8 | -9, -9",,,,,,,y,,
adosta01a,Autism Diagnostic Observation Schedule (ADOS) Toddler,,dropdown,1a. Frequency of Babbling,"0, 0 | 1, 1 | 2, 2 | 3, 3 | 8, 8 | -9, -9",,,,,,,y,,
adosta01m,Autism Diagnostic Observation Schedule (ADOS) Toddler,,dropdown,/m/,"0, 0 | 1, 1",,,,,,,y,,
adosta01n,Autism Diagnostic Observation Schedule (ADOS) Toddler,,dropdown,/n/,"0, 0 | 1, 1",,,,,,,y,,
adosta01bp,Autism Diagnostic Observation Schedule (ADOS) Toddler,,dropdown,/b|p/,"0, 0 | 1, 1",,,,,,,y,,
adosta01dt,Autism Diagnostic Observation Schedule (ADOS) Toddler,,dropdown,/d|t/,"0, 0 | 1, 1",,,,,,,y,,
adosta01gk,Autism Diagnostic Observation Schedule (ADOS) Toddler,,dropdown,/g|k/,"0, 0 | 1, 1",,,,,,,y,,
adosta01w,Autism Diagnostic Observation Schedule (ADOS) Toddler,,dropdown,/w/,"0, 0 | 1, 1",,,,,,,y,,
adosta01l,Autism Diagnostic Observation Schedule (ADOS) Toddler,,dropdown,/l/,"0, 0 | 1, 1",,,,,,,y,,
adosta01y,Autism Diagnostic Observation Schedule (ADOS) Toddler,,dropdown,/y/,"0, 0 | 1, 1",,,,,,,y,,
adosta01s,Autism Diagnostic Observation Schedule (ADOS) Toddler,,dropdown,/s/,"0, 0 | 1, 1",,,,,,,y,,
adosta01sh,Autism Diagnostic Observation Schedule (ADOS) Toddler,,dropdown,/sh/,"0, 0 | 1, 1",,,,,,,y,,
adosta02,Autism Diagnostic Observation Schedule (ADOS) Toddler,,dropdown,2. Frequency of Spontaneous Vocalization Directed to Others,"0, 0 | 1, 1 | 2, 2 | 3, 3 | -9, -9",,,,,,,y,,
adosta03,Autism Diagnostic Observation Schedule (ADOS) Toddler,,dropdown,3. Intonation of Vocalizations or Verbalizations,"0, 0 | 1, 1 | 2, 2 | 3, 3 | 8, 8 | -9, -9",,,,,,,y,,
adosta04,Autism Diagnostic Observation Schedule (ADOS) Toddler,,dropdown,4. Immediate Echolalia,"0, 0 | 1, 1 | 2, 2 | 3, 3 | 8, 8 | -9, -9",,,,,,,y,,
adosta05,Autism Diagnostic Observation Schedule (ADOS) Toddler,,dropdown,5. Stereotyped/Idiosyncratic Use of Words or Phrases,"0, 0 | 1, 1 | 2, 2 | 3, 3 | 8, 8 | -9, -9",,,,,,,y,,
adosta06,Autism Diagnostic Observation Schedule (ADOS) Toddler,,dropdown,6. Use of Other's Body,"0, 0 | 1, 1 | 2, 2 | 3, 3 | 8, 8 | -9, -9",,,,,,,y,,
adosta07,Autism Diagnostic Observation Schedule (ADOS) Toddler,,dropdown,7. Pointing,"0, 0 | 1, 1 | 2, 2 | 3, 3 | -9, -9",,,,,,,y,,
adosta08,Autism Diagnostic Observation Schedule (ADOS) Toddler,,dropdown,8. Gestures,"0, 0 | 1, 1 | 2, 2 | 3, 3 | 8, 8 | -9, -9",,,,,,,y,,
adosta09,Autism Diagnostic Observation Schedule (ADOS) Toddler,,dropdown,9. Frequency of Undirected Vocalization,"0, 0 | 1, 1 | 2, 2 | 3, 3 | 8, 8 | -9, -9",,,,,,,y,,
adostb01,Autism Diagnostic Observation Schedule (ADOS) Toddler,,dropdown,B. 1. Unusual Eye Contact,"0, 0 | 1, 1 | 2, 2 | 3, 3 | -9, -9",,,,,,,y,,
adostb02,Autism Diagnostic Observation Schedule (ADOS) Toddler,,dropdown,2. Teasing Toy Play,"0, 0 | 1, 1 | 2, 2 | 3, 3 | 8, 8 | -9, -9",,,,,,,y,,
adostb03,Autism Diagnostic Observation Schedule (ADOS) Toddler,,dropdown,3. Unable Toy Play,"0, 0 | 1, 1 | 2, 2 | 3, 3 | 8, 8 | -9, -9",,,,,,,y,,
adostb04,Autism Diagnostic Observation Schedule (ADOS) Toddler,,dropdown,4. Facial Expressions Directed to Others,"0, 0 | 1, 1 | 2, 2 | 3, 3 | -9, -9",,,,,,,y,,
adostb05,Autism Diagnostic Observation Schedule (ADOS) Toddler,,dropdown,5. Integration of Gaze and Other Behaviors During Social Overtures,"0, 0 | 1, 1 | 2, 2 | 3, 3 | -9, -9",,,,,,,y,,
adostb06,Autism Diagnostic Observation Schedule (ADOS) Toddler,,dropdown,6. Shared Enjoyment in Interaction,"0, 0 | 1, 1 | 2, 2 | 3, 3 | -9, -9",,,,,,,y,,
adostb07,Autism Diagnostic Observation Schedule (ADOS) Toddler,,dropdown,7. Response to Name,"0, 0 | 1, 1 | 2, 2 | 3, 3 | -9, -9",,,,,,,y,,
adostb08,Autism Diagnostic Observation Schedule (ADOS) Toddler,,dropdown,8. Ignore,"0, 0 | 1, 1 | 2, 2 | 3, 3 | -9, -9",,,,,,,y,,
adostb09,Autism Diagnostic Observation Schedule (ADOS) Toddler,,dropdown,9. Requesting,"0, 0 | 1, 1 | 2, 2 | 3, 3 | -9, -9",,,,,,,y,,
adostb10,Autism Diagnostic Observation Schedule (ADOS) Toddler,,dropdown,10. Amount of Requesting,"0, 0 | 1, 1 | 2, 2 | 3, 3 | -9, -9",,,,,,,y,,
adostb11,Autism Diagnostic Observation Schedule (ADOS) Toddler,,dropdown,11. Giving,"0, 0 | 1, 1 | 2, 2 | 3, 3 | -9, -9",,,,,,,y,,
adostb12,Autism Diagnostic Observation Schedule (ADOS) Toddler,,dropdown,12. Showing,"0, 0 | 1, 1 | 2, 2 | 3, 3 | -9, -9",,,,,,,y,,
adostb13,Autism Diagnostic Observation Schedule (ADOS) Toddler,,dropdown,13. Spontaneous Initiation of Joint Attention,"0, 0 | 1, 1 | 2, 2 | 3, 3 | -9, -9",,,,,,,y,,
adostb14,Autism Diagnostic Observation Schedule (ADOS) Toddler,,dropdown,14. Response to Joint Attention,"0, 0 | 1, 1 | 2, 2 | 3, 3 | -9, -9",,,,,,,y,,
adostb15,Autism Diagnostic Observation Schedule (ADOS) Toddler,,dropdown,15. Quality of Social Overtures,"0, 0 | 1, 1 | 2, 2 | 3, 3 | -9, -9",,,,,,,y,,
adostb16a,Autism Diagnostic Observation Schedule (ADOS) Toddler,,dropdown,16a. Amount of Social Overtures/Maintenance of Attention: Examiner,"0, 0 | 1, 1 | 2, 2 | 3, 3 | 7, 7 | -9, -9",,,,,,,y,,
adostb16b,Autism Diagnostic Observation Schedule (ADOS) Toddler,,dropdown,16b. Amount of Social Overtures/Maintenance of Attention: Parent/Caregiver,"0, 0 | 1, 1 | 2, 2 | 3, 3 | 7, 7 | 8, 8 | -9, -9",,,,,,,y,,
adostb17,Autism Diagnostic Observation Schedule (ADOS) Toddler,,dropdown,17. Level of Engagement,"0, 0 | 1, 1 | 2, 2 | 3, 3 | -9, -9",,,,,,,y,,
adostb18,Autism Diagnostic Observation Schedule (ADOS) Toddler,,dropdown,18. Overall Quality of Rapport,"0, 0 | 1, 1 | 2, 2 | 3, 3 | -9, -9",,,,,,,y,,
adostc01,Autism Diagnostic Observation Schedule (ADOS) Toddler,,dropdown,C. 1. Functional Play With Objects,"0, 0 | 1, 1 | 2, 2 | 3, 3 | -9, -9",,,,,,,y,,
adostc02,Autism Diagnostic Observation Schedule (ADOS) Toddler,,dropdown,2. Imagination/Creativity,"0, 0 | 1, 1 | 2, 2 | 3, 3 | -9, -9",,,,,,,y,,
adostc03,Autism Diagnostic Observation Schedule (ADOS) Toddler,,dropdown,3. Functional and Symbolic Imitation,"0, 0 | 1, 1 | 2, 2 | 3, 3 | -9, -9",,,,,,,y,,
adostd01,Autism Diagnostic Observation Schedule (ADOS) Toddler,,dropdown,D. 1. Unusual Sensory Interest in Play Material/Person,"0, 0 | 1, 1 | 2, 2 | 3, 3 | -9, -9",,,,,,,y,,
adostd01a,Autism Diagnostic Observation Schedule (ADOS) Toddler,,text,Specify Unusual Sensory Interest,,,,,,,,y,,
adostd02,Autism Diagnostic Observation Schedule (ADOS) Toddler,,dropdown,2. Hand and Finger Movements/Posturing,"0, 0 | 1, 1 | 2, 2 | 3, 3 | -9, -9",,,,,,,y,,
adostd02a,Autism Diagnostic Observation Schedule (ADOS) Toddler,,text,Specify Hand and Finger Movements,,,,,,,,y,,
adostd03,Autism Diagnostic Observation Schedule (ADOS) Toddler,,dropdown,3. Other Complex Mannerisms,"0, 0 | 1, 1 | 2, 2 | 3, 3 | -9, -9",,,,,,,y,,
adostd03a,Autism Diagnostic Observation Schedule (ADOS) Toddler,,text,Specify Other Complex Mannerisms,,,,,,,,y,,
adostd04,Autism Diagnostic Observation Schedule (ADOS) Toddler,,dropdown,4. Self-Injurious Behavior,"0, 0 | 1, 1 | 2, 2 | 3, 3 | -9, -9",,,,,,,y,,
adostd05,Autism Diagnostic Observation Schedule (ADOS) Toddler,,dropdown,5. Unusually Repetitive Interests or Stereotyped Behaviors,"0, 0 | 1, 1 | 2, 2 | 3, 3 | -9, -9",,,,,,,y,,
adostd05a,Autism Diagnostic Observation Schedule (ADOS) Toddler,,text,Specify Unusually Repetitive Interests,,,,,,,,y,,
adoste01,Autism Diagnostic Observation Schedule (ADOS) Toddler,,dropdown,E. 1. Overactivity,"0, 0 | 1, 1 | 2, 2 | 3, 3 | 7, 7 | -9, -9",,,,,,,y,,
adoste02,Autism Diagnostic Observation Schedule (ADOS) Toddler,,dropdown,2. Fussiness,"0, 0 | 1, 1 | 2, 2 | 3, 3 | -9, -9",,,,,,,y,,
adoste03,Autism Diagnostic Observation Schedule (ADOS) Toddler,,dropdown,3. Aggression and Disruptive Behavior,"0, 0 | 1, 1 | 2, 2 | 3, 3 | -9, -9",,,,,,,y,,
adoste04,Autism Diagnostic Observation Schedule (ADOS) Toddler,,dropdown,4. Anxiety,"0, 0 | 1, 1 | 2, 2 | 3, 3 | -9, -9",,,,,,,y,,
