Variable / Field Name,Form Name,Section Header,Field Type,Field Label,"Choices, Calculations, OR Slider Labels",Field Note,Text Validation Type OR Show Slider Number,Text Validation Min,Text Validation Max,Identifier?,Branching Logic (Show field only if...),Required Field?,Custom Alignment,Question Number (surveys only)
subjectkey,CPEA STAART Medical Compliance - Volume Returned,,text,The NDAR Global Unique Identifier (GUID) for subjects which identifies a subject in NDAR,,,,,,,,y,,
patid,CPEA STAART Medical Compliance - Volume Returned,,text,src_Subject_id,,Patient IDs were assigned at the research site for CPEA and STAART,,,,,,y,,
cycle,CPEA STAART Medical Compliance - Volume Returned,,text,Timepoint information,,,,,,,,y,,
phase,CPEA STAART Medical Compliance - Volume Returned,,dropdown,Phase,"1, 1 |  2,  2 |  3,  3 |  4,  4",,,,,,,y,,
q11_date,CPEA STAART Medical Compliance - Volume Returned,,text,Date,,Required field,,,,,,y,,
q11_ratr,CPEA STAART Medical Compliance - Volume Returned,,text,Rater Name,,"The name of the staff member who administered the form. If the form was filled out by the guardian or teacher, the CC¿s name should be entered as Rater.",,,,,,y,,
11_ratr,CPEA STAART Medical Compliance - Volume Returned,,text,Rater Name,,"The name of the staff member who administered the form. If the form was filled out by the guardian or teacher, the CC¿s name should be entered as Rater.",,,,,,y,,
q11_2,CPEA STAART Medical Compliance - Volume Returned,,dropdown,Dosing change during visit interval,"0, 0 |  1,  1 |  -7,  -7 |  -8,  -8 |  -9,  -9",Answer Yes only if dosing change was not per medication titration schedule. Field should be left blank if q11_1 =0.,,,,,,y,,
q11_3_s,CPEA STAART Medical Compliance - Volume Returned,,text,Dosing change comments,,Field should be left blank if q11_1 =0.,,,,,,y,,
q11_4,CPEA STAART Medical Compliance - Volume Returned,,dropdown,Was the medication spilled,"0, 0 |  1,  1 |  -7,  -7 |  -8,  -8 |  -9,  -9",Field should be left blank if q11_1 =0.,,,,,,y,,
q11_5,CPEA STAART Medical Compliance - Volume Returned,,text,Volume returned,"0 to 700.0, 0 to 700.0 |  -7,  -7 |  -8,  -8 |  -9,  -9",Field should be left blank if q11_1 =0.,,,,,,y,,
interview_date,CPEA STAART Medical Compliance - Volume Returned,,text,Date on which the interview/genetic test/sampling/imaging was completed,"MM/yyyy, MM/yyyy | MM/dd/yyyy, MM/dd/yyyy",* '01/01/1900' indicates that a date associated with retrospective data is not known.,date_ymd,,,,,y,,
