Variable / Field Name,Form Name,Section Header,Field Type,Field Label,"Choices, Calculations, OR Slider Labels",Field Note,Text Validation Type OR Show Slider Number,Text Validation Min,Text Validation Max,Identifier?,Branching Logic (Show field only if...),Required Field?,Custom Alignment,Question Number (surveys only)
subjectkey,Peds Spectroscopy Additional,,text,The NDAR Global Unique Identifier (GUID) for subjects which identifies a subject in NDAR,,,,,,,,y,,
timepoint_label,Peds Spectroscopy Additional,,text,User-defined timepoint/visit label - a label selected by the site at the time of registration of a new timepoint into the database.  This label is used to group all the instruments administered to a subject at a given timepoint.,,,,,,,,y,,
src_subject_id,Peds Spectroscopy Additional,,text,The site's subject identification,,,,,,,,y,,
age_days_date_of_visit_to_dob,Peds Spectroscopy Additional,,text,"Age in days at Visit (DoV-DoB), same as age of scan if obtained",,,,,,,,y,,
mrs_csf_l_fwm,Peds Spectroscopy Additional,,text,This is the cerebral spinal fluid tissue content for the voxel.,,,,,,,,,,
mrs_csf_l_pwm,Peds Spectroscopy Additional,,text,This is the cerebral spinal fluid tissue content for the voxel.,,,,,,,,,,
mrs_csf_l_th,Peds Spectroscopy Additional,,text,This is the cerebral spinal fluid tissue content for the voxel.,,,,,,,,,,
mrs_csf_ogm,Peds Spectroscopy Additional,,text,This is the cerebral spinal fluid tissue content for the voxel.,,,,,,,,,,
mrs_cho_csf_l_fwm,Peds Spectroscopy Additional,,text,This is the value for Choline compounds (GPC and Phosphocholine) in this voxel adjusted for CSF content.,,,,,,,,,,
mrs_cho_csf_l_pwm,Peds Spectroscopy Additional,,text,This is the value for Choline compounds (GPC and Phosphocholine) in this voxel adjusted for CSF content.,,,,,,,,,,
mrs_cho_csf_l_th,Peds Spectroscopy Additional,,text,This is the value for Choline compounds (GPC and Phosphocholine) in this voxel adjusted for CSF content.,,,,,,,,,,
mrs_cho_csf_ogm,Peds Spectroscopy Additional,,text,This is the value for Choline compounds (GPC and Phosphocholine) in this voxel adjusted for CSF content.,,,,,,,,,,
mrs_cho_cr_pcr_l_fwm,Peds Spectroscopy Additional,,text,Choline compounds (GPC and Phosphocholine) divided by the value of Creatine compounds in this voxel.,,This is the value for Choline compounds (GPC and Phosphocholine) divided by the value of Creatine compounds in this voxel.,,,,,,,,
mrs_cho_cr_pcr_l_pwm,Peds Spectroscopy Additional,,text,Choline compounds (GPC and Phosphocholine) divided by the value of Creatine compounds in this voxel.,,This is the value for Choline compounds (GPC and Phosphocholine) divided by the value of Creatine compounds in this voxel.,,,,,,,,
mrs_cho_cr_pcr_l_th,Peds Spectroscopy Additional,,text,Choline compounds (GPC and Phosphocholine) divided by the value of Creatine compounds in this voxel.,,This is the value for Choline compounds (GPC and Phosphocholine) divided by the value of Creatine compounds in this voxel.,,,,,,,,
mrs_cho_cr_pcr_ogm,Peds Spectroscopy Additional,,text,Choline compounds (GPC and Phosphocholine) divided by the value of Creatine compounds in this voxel.,,This is the value for Choline compounds (GPC and Phosphocholine) divided by the value of Creatine compounds in this voxel.,,,,,,,,
mrs_cr_pcr_csf_l_fwm,Peds Spectroscopy Additional,,text,Value for Creatine compounds (Creatine and Phosphocreatine) in this voxel adjusted for CSF content.,,,,,,,,,,
mrs_cr_pcr_csf_l_pwm,Peds Spectroscopy Additional,,text,Value for Creatine compounds (Creatine and Phosphocreatine) in this voxel adjusted for CSF content.,,,,,,,,,,
mrs_cr_pcr_csf_l_th,Peds Spectroscopy Additional,,text,Value for Creatine compounds (Creatine and Phosphocreatine) in this voxel adjusted for CSF content.,,,,,,,,,,
mrs_cr_pcr_csf_ogm,Peds Spectroscopy Additional,,text,Value for Creatine compounds (Creatine and Phosphocreatine) in this voxel adjusted for CSF content.,,,,,,,,,,
mrs_fwhm_l_fwm,Peds Spectroscopy Additional,,text,This is the Full Width Half Maximum of the primary (NAA) peak for this voxel.,,"The lower the value, the sharper the peak and better the spectra quality.",,,,,,,,
mrs_fwhm_l_pwm,Peds Spectroscopy Additional,,text,This is the Full Width Half Maximum of the primary (NAA) peak for this voxel.,,"The lower the value, the sharper the peak and better the spectra quality.",,,,,,,,
mrs_fwhm_l_th,Peds Spectroscopy Additional,,text,This is the Full Width Half Maximum of the primary (NAA) peak for this voxel.,,"The lower the value, the sharper the peak and better the spectra quality.",,,,,,,,
mrs_fwhm_ogm,Peds Spectroscopy Additional,,text,This is the Full Width Half Maximum of the primary (NAA) peak for this voxel.,,"The lower the value, the sharper the peak and better the spectra quality.",,,,,,,,
mrs_gm_l_fwm,Peds Spectroscopy Additional,,text,This is the grey-matter tissue content for the voxel.,,,,,,,,,,
mrs_gm_l_pwm,Peds Spectroscopy Additional,,text,This is the grey-matter tissue content for the voxel.,,,,,,,,,,
mrs_gm_l_th,Peds Spectroscopy Additional,,text,This is the grey-matter tissue content for the voxel.,,,,,,,,,,
mrs_gm_ogm,Peds Spectroscopy Additional,,text,This is the grey-matter tissue content for the voxel.,,,,,,,,,,
mrs_lcm_spectrum_pos_l_fwm,Peds Spectroscopy Additional,,text,This is is the jpg screenshot of the voxel's anatomical location as displayed in the mrs software.,,,,,,,,,,
mrs_lcm_spectrum_posi_l_pwm,Peds Spectroscopy Additional,,text,This is is the jpg screenshot of the voxel's anatomical location as displayed in the mrs software.,,,,,,,,,,
mrs_lcm_spectrum_position_l_th,Peds Spectroscopy Additional,,text,This is is the jpg screenshot of the voxel's anatomical location as displayed in the mrs software.,,,,,,,,,,
mrs_lcm_spectrum_position_ogm,Peds Spectroscopy Additional,,text,This is is the jpg screenshot of the voxel's anatomical location as displayed in the mrs software.,,,,,,,,,,
mrs_naa_naag_csf_l_fwm,Peds Spectroscopy Additional,,text,"This is the value for total NAA (NAA and NAAG) in this voxel, adjusted for CSF content.",,,,,,,,,,
mrs_naa_naag_csf_l_pwm,Peds Spectroscopy Additional,,text,"This is the value for total NAA (NAA and NAAG) in this voxel, adjusted for CSF content.",,,,,,,,,,
mrs_naa_naag_csf_l_th,Peds Spectroscopy Additional,,text,"This is the value for total NAA (NAA and NAAG) in this voxel, adjusted for CSF content.",,,,,,,,,,
mrs_naa_naag_csf_ogm,Peds Spectroscopy Additional,,text,"This is the value for total NAA (NAA and NAAG) in this voxel, adjusted for CSF content.",,,,,,,,,,
mrs_naa_naag_cr_pcr_l_fwm,Peds Spectroscopy Additional,,text,This is the value for total NAA (NAA and NAAG) divided by the value of Creatine compounds in this voxel.,,,,,,,,,,
mrs_naa_naag_cr_pcr_l_pwm,Peds Spectroscopy Additional,,text,This is the value for total NAA (NAA and NAAG) divided by the value of Creatine compounds in this voxel.,,,,,,,,,,
mrs_naa_naag_cr_pcr_l_th,Peds Spectroscopy Additional,,text,This is the value for total NAA (NAA and NAAG) divided by the value of Creatine compounds in this voxel.,,,,,,,,,,
mrs_naa_naag_cr_pcr_ogm,Peds Spectroscopy Additional,,text,This is the value for total NAA (NAA and NAAG) divided by the value of Creatine compounds in this voxel.,,,,,,,,,,
mrs_raw_data_file_endian_l_fwm,Peds Spectroscopy Additional,,text,This is a term describing the ordering of the least and most significant bits in the raw mrs data file.,,,,,,,,,,
mrs_raw_data_file_endian_l_pwm,Peds Spectroscopy Additional,,text,This is a term describing the ordering of the least and most significant bits in the raw mrs data file.,,,,,,,,,,
mrs_raw_data_file_endian_l_th,Peds Spectroscopy Additional,,text,This is a term describing the ordering of the least and most significant bits in the raw mrs data file.,,,,,,,,,,
mrs_raw_data_file_endian_ogm,Peds Spectroscopy Additional,,text,This is a term describing the ordering of the least and most significant bits in the raw mrs data file.,,,,,,,,,,
mrs_raw_data_file_l_fwm_us,Peds Spectroscopy Additional,,text,This is the raw MRS data file.,,,,,,,,,,
mrs_raw_data_file_l_fwm_ws,Peds Spectroscopy Additional,,text,This is the raw MRS data file.,,,,,,,,,,
mrs_raw_data_file_l_pwm_us,Peds Spectroscopy Additional,,text,This is the raw MRS data file.,,,,,,,,,,
mrs_raw_data_file_l_pwm_ws,Peds Spectroscopy Additional,,text,This is the raw MRS data file.,,,,,,,,,,
mrs_raw_data_file_l_th_us,Peds Spectroscopy Additional,,text,This is the raw MRS data file.,,,,,,,,,,
mrs_raw_data_file_l_th_ws,Peds Spectroscopy Additional,,text,This is the raw MRS data file.,,,,,,,,,,
mrs_raw_data_file_ogm_us,Peds Spectroscopy Additional,,text,This is the raw MRS data file.,,,,,,,,,,
mrs_raw_data_file_ogm_ws,Peds Spectroscopy Additional,,text,This is the raw MRS data file.,,,,,,,,,,
mrs_raw_data_format_l_th_ws,Peds Spectroscopy Additional,,text,This is the file type for the raw mrs data file. Either Siemens or GE Pfile with the version (GE OS) number.,,,,,,,,,,
mrs_snr_l_fwm,Peds Spectroscopy Additional,,text,"This is the signal to noise ratio for the spectrum, a measure of spectra quality.",,,,,,,,,,
mrs_snr_l_pwm,Peds Spectroscopy Additional,,text,"This is the signal to noise ratio for the spectrum, a measure of spectra quality.",,,,,,,,,,
mrs_snr_l_th,Peds Spectroscopy Additional,,text,"This is the signal to noise ratio for the spectrum, a measure of spectra quality.",,,,,,,,,,
mrs_snr_ogm,Peds Spectroscopy Additional,,text,"This is the signal to noise ratio for the spectrum, a measure of spectra quality.",,,,,,,,,,
mrs_wm_l_fwm,Peds Spectroscopy Additional,,text,This is the white-matter tissue content for the voxel.,,,,,,,,,,
mrs_wm_l_pwm,Peds Spectroscopy Additional,,text,This is the white-matter tissue content for the voxel.,,,,,,,,,,
mrs_wm_l_th,Peds Spectroscopy Additional,,text,This is the white-matter tissue content for the voxel.,,,,,,,,,,
mrs_wm_ogm,Peds Spectroscopy Additional,,text,This is the white-matter tissue content for the voxel.,,,,,,,,,,
percent_sd_mrs_cho_l_pwm,Peds Spectroscopy Additional,,text,"Percent standard deviation for the metabolite value, a measure of the reliability of the value.",,,,,,,,,,
percent_sd_mrs_cho_l_th,Peds Spectroscopy Additional,,text,"Percent standard deviation for the metabolite value, a measure of the reliability of the value.",,,,,,,,,,
percent_sd_mrs_cho_ogm,Peds Spectroscopy Additional,,text,"Percent standard deviation for the metabolite value, a measure of the reliability of the value.",,,,,,,,,,
percent_sd_mrs_cr_pcr_l_fwm,Peds Spectroscopy Additional,,text,"Percent standard deviation for the metabolite value, a measure of the reliability of the value.",,,,,,,,,,
percent_sd_mrs_cr_pcr_l_pwm,Peds Spectroscopy Additional,,text,"Percent standard deviation for the metabolite value, a measure of the reliability of the value.",,,,,,,,,,
percent_sd_mrs_cr_pcr_l_th,Peds Spectroscopy Additional,,text,"Percent standard deviation for the metabolite value, a measure of the reliability of the value.",,,,,,,,,,
percent_sd_mrs_cr_pcr_ogm,Peds Spectroscopy Additional,,text,"Percent standard deviation for the metabolite value, a measure of the reliability of the value.",,,,,,,,,,
percent_sd_mrs_naa_naag_l_fwm,Peds Spectroscopy Additional,,text,"Percent standard deviation for the metabolite value, a measure of the reliability of the value.",,,,,,,,,,
percent_sd_mrs_naa_naag_l_pwm,Peds Spectroscopy Additional,,text,"Percent standard deviation for the metabolite value, a measure of the reliability of the value.",,,,,,,,,,
percent_sd_mrs_naa_naag_l_th,Peds Spectroscopy Additional,,text,"Percent standard deviation for the metabolite value, a measure of the reliability of the value.",,,,,,,,,,
percent_sd_mrs_naa_naag_ogm,Peds Spectroscopy Additional,,text,"Percent standard deviation for the metabolite value, a measure of the reliability of the value.",,,,,,,,,,
