Variable / Field Name,Form Name,Section Header,Field Type,Field Label,"Choices, Calculations, OR Slider Labels",Field Note,Text Validation Type OR Show Slider Number,Text Validation Min,Text Validation Max,Identifier?,Branching Logic (Show field only if...),Required Field?,Custom Alignment,Question Number (surveys only)
subjectkey,CPEA STAART ABC 1994,,text,The NDAR Global Unique Identifier (GUID) for subjects which identifies a subject in NDAR,,,,,,,,y,,
interview_date,CPEA STAART ABC 1994,,text,Date on which the interview/genetic test/sampling/imaging was completed,"MM/yyyy, MM/yyyy | MM/dd/yyyy, MM/dd/yyyy",* '01/01/1900' indicates that a date associated with retrospective data is not known.,date_ymd,,,,,y,,
cycle,CPEA STAART ABC 1994,,text,Timepoint information,,,,,,,,y,,
patid,CPEA STAART ABC 1994,,text,src_Subject_id,,Patient IDs were assigned at the research site for CPEA and STAART,,,,,,y,,
network,CPEA STAART ABC 1994,,text,Network,,CPEA or STAART Network,,,,,,y,,
site,CPEA STAART ABC 1994,,text,Site,,CPEA or STAART Site,,,,,,y,,
study,CPEA STAART ABC 1994,,text,Study,,CPEA or STAART Study,,,,,,y,,
abc_date,CPEA STAART ABC 1994,,text,ABC Date,,,,,,,,y,,
abc_hy_active,CPEA STAART ABC 1994,,dropdown,"Excessively active at home, school, work or elsewhere","0, 0 |  1,  1 |  2,  2 |  3,  3",,,,,,,y,,
abc_hy_attn,CPEA STAART ABC 1994,,dropdown,Does not pay attention to instructions,"0, 0 |  1,  1 |  2,  2 |  3,  3",,,,,,,y,,
abc_hy_bstrs,CPEA STAART ABC 1994,,dropdown,Boisterous (inappropriately noisy and rough),"0, 0 |  1,  1 |  2,  2 |  3,  3",,,,,,,y,,
abc_hy_directions,CPEA STAART ABC 1994,,dropdown,Deliberately ignores directions,"0, 0 |  1,  1 |  2,  2 |  3,  3",,,,,,,y,,
abc_hy_disob,CPEA STAART ABC 1994,,dropdown,Disobedient; difficult to control,"0, 0 |  1,  1 |  2,  2 |  3,  3",,,,,,,y,,
abc_hy_disrupt,CPEA STAART ABC 1994,,dropdown,Disrupts group activities,"0, 0 |  1,  1 |  2,  2 |  3,  3",,,,,,,y,,
abc_hy_disturb,CPEA STAART ABC 1994,,dropdown,Disturbs others,"0, 0 |  1,  1 |  2,  2 |  3,  3",,,,,,,y,,
abc_hy_easily,CPEA STAART ABC 1994,,dropdown,Easily distractible,"0, 0 |  1,  1 |  2,  2 |  3,  3",,,,,,,y,,
abc_hy_exactive,CPEA STAART ABC 1994,,dropdown,Tends to be excessively active,"0, 0 |  1,  1 |  2,  2 |  3,  3",,,,,,,y,,
abc_hy_impulse,CPEA STAART ABC 1994,,dropdown,Impulsive (acts without thinking),"0, 0 |  1,  1 |  2,  2 |  3,  3",,,,,,,y,,
abc_hy_noattn,CPEA STAART ABC 1994,,dropdown,Pays no attention when spoken to,"0, 0 |  1,  1 |  2,  2 |  3,  3",,,,,,,y,,
abc_hy_rest,CPEA STAART ABC 1994,,dropdown,"Restless, unable to sit still","0, 0 |  1,  1 |  2,  2 |  3,  3",,,,,,,y,,
abc_hy_run,CPEA STAART ABC 1994,,dropdown,Constantly runs or jumps around the room,"0, 0 |  1,  1 |  2,  2 |  3,  3",,,,,,,y,,
abc_hy_seat,CPEA STAART ABC 1994,,dropdown,"Does not stay in seat (e.g., during lesson or training periods, meals, etc.)","0, 0 |  1,  1 |  2,  2 |  3,  3",,,,,,,y,,
abc_hy_still,CPEA STAART ABC 1994,,dropdown,Will not sit still for any length of time,"0, 0 |  1,  1 |  2,  2 |  3,  3",,,,,,,y,,
abc_hy_uncoop,CPEA STAART ABC 1994,,dropdown,Uncooperative,"0, 0 |  1,  1 |  2,  2 |  3,  3",,,,,,,y,,
abc_in_repeat,CPEA STAART ABC 1994,,dropdown,Repeats a word or phrase over and over,"0, 0 |  1,  1 |  2,  2 |  3,  3",,,,,,,y,,
abc_in_repet,CPEA STAART ABC 1994,,dropdown,Repetitive speech,"0, 0 |  1,  1 |  2,  2 |  3,  3",,,,,,,y,,
abc_in_talkex,CPEA STAART ABC 1994,,dropdown,Talks excessively,"0, 0 |  1,  1 |  2,  2 |  3,  3",,,,,,,y,,
abc_in_talkld,CPEA STAART ABC 1994,,dropdown,Talks to self loudly,"0, 0 |  1,  1 |  2,  2 |  3,  3",,,,,,,y,,
abc_ir_aggr,CPEA STAART ABC 1994,,dropdown,Aggressive to other children or adults (verbally or physically),"0, 0 |  1,  1 |  2,  2 |  3,  3",,,,,,,y,,
abc_ir_cries,CPEA STAART ABC 1994,,dropdown,Cries over minor annoyances and hurts,"0, 0 |  1,  1 |  2,  2 |  3,  3",,,,,,,y,,
abc_ir_cry,CPEA STAART ABC 1994,,dropdown,Cries and screams inappropriately,"0, 0 |  1,  1 |  2,  2 |  3,  3",,,,,,,y,,
abc_ir_demands,CPEA STAART ABC 1994,,dropdown,Demands must be met immediately,"0, 0 |  1,  1 |  2,  2 |  3,  3",,,,,,,y,,
abc_ir_depress,CPEA STAART ABC 1994,,dropdown,Depressed mood,"0, 0 |  1,  1 |  2,  2 |  3,  3",,,,,,,y,,
abc_ir_hurt,CPEA STAART ABC 1994,,dropdown,Deliberately hurts himself/herself,"0, 0 |  1,  1 |  2,  2 |  3,  3",,,,,,,y,,
abc_ir_injur,CPEA STAART ABC 1994,,dropdown,Injures self on purpose,"0, 0 |  1,  1 |  2,  2 |  3,  3",,,,,,,y,,
abc_ir_irrit,CPEA STAART ABC 1994,,dropdown,Irritable and whiny,"0, 0 |  1,  1 |  2,  2 |  3,  3",,,,,,,y,,
abc_ir_mood,CPEA STAART ABC 1994,,dropdown,Mood changes quickly,"0, 0 |  1,  1 |  2,  2 |  3,  3",,,,,,,y,,
abc_ir_ownway,CPEA STAART ABC 1994,,dropdown,Has temper outbursts or tantrums when he/she does not get own way,"0, 0 |  1,  1 |  2,  2 |  3,  3",,,,,,,y,,
abc_ir_scream,CPEA STAART ABC 1994,,dropdown,Screams inappropriately,"0, 0 |  1,  1 |  2,  2 |  3,  3",,,,,,,y,,
abc_ir_stamps,CPEA STAART ABC 1994,,dropdown,Stamps feet or bangs objects or slams doors,"0, 0 |  1,  1 |  2,  2 |  3,  3",,,,,,,y,,
abc_ir_temper,CPEA STAART ABC 1994,,dropdown,Temper tantrums/outbursts,"0, 0 |  1,  1 |  2,  2 |  3,  3",,,,,,,y,,
abc_ir_violence,CPEA STAART ABC 1994,,dropdown,Does physical violence to self,"0, 0 |  1,  1 |  2,  2 |  3,  3",,,,,,,y,,
abc_ir_yells,CPEA STAART ABC 1994,,dropdown,Yells at inappropriate times,"0, 0 |  1,  1 |  2,  2 |  3,  3",,,,,,,y,,
abc_lg_affection,CPEA STAART ABC 1994,,dropdown,Responds negatively to affection,"0, 0 |  1,  1 |  2,  2 |  3,  3",,,,,,,y,,
abc_lg_alone,CPEA STAART ABC 1994,,dropdown,Prefers to be alone,"0, 0 |  1,  1 |  2,  2 |  3,  3",,,,,,,y,,
abc_lg_comm,CPEA STAART ABC 1994,,dropdown,Does not try to communicate by words or gestures,"0, 0 |  1,  1 |  2,  2 |  3,  3",,,,,,,y,,
abc_lg_facial,CPEA STAART ABC 1994,,dropdown,Fixed facial expression; lacks emotional responsiveness,"0, 0 |  1,  1 |  2,  2 |  3,  3",,,,,,,y,,
abc_lg_inactive,CPEA STAART ABC 1994,,dropdown,"Inactive, never moves spontaneously","0, 0 |  1,  1 |  2,  2 |  3,  3",,,,,,,y,,
abc_lg_isolat,CPEA STAART ABC 1994,,dropdown,Isolates himself/herself from other children or adults,"0, 0 |  1,  1 |  2,  2 |  3,  3",,,,,,,y,,
abc_lg_list,CPEA STAART ABC 1994,,dropdown,"Listless, sluggish, inactive","0, 0 |  1,  1 |  2,  2 |  3,  3",,,,,,,y,,
abc_lg_position,CPEA STAART ABC 1994,,dropdown,Sits or stands in one position for a long time,"0, 0 |  1,  1 |  2,  2 |  3,  3",,,,,,,y,,
abc_lg_reach,CPEA STAART ABC 1994,,dropdown,"Is difficult to reach, contact, or get through to","0, 0 |  1,  1 |  2,  2 |  3,  3",,,,,,,y,,
abc_lg_react,CPEA STAART ABC 1994,,dropdown,Unresponsive to structured activities (does not react),"0, 0 |  1,  1 |  2,  2 |  3,  3",,,,,,,y,,
abc_lg_reactions,CPEA STAART ABC 1994,,dropdown,Shows few social reactions to others,"0, 0 |  1,  1 |  2,  2 |  3,  3",,,,,,,y,,
abc_lg_resists,CPEA STAART ABC 1994,,dropdown,Resists any form of physical contact,"0, 0 |  1,  1 |  2,  2 |  3,  3",,,,,,,y,,
abc_lg_seek,CPEA STAART ABC 1994,,dropdown,Seeks isolation from others,"0, 0 |  1,  1 |  2,  2 |  3,  3",,,,,,,y,,
abc_lg_stares,CPEA STAART ABC 1994,,dropdown,Preoccupied; stares into space,"0, 0 |  1,  1 |  2,  2 |  3,  3",,,,,,,y,,
abc_lg_watch,CPEA STAART ABC 1994,,dropdown,Does nothing but sit and watch others,"0, 0 |  1,  1 |  2,  2 |  3,  3",,,,,,,y,,
abc_lg_withdrwn,CPEA STAART ABC 1994,,dropdown,Withdrawn; prefers solitary activities,"0, 0 |  1,  1 |  2,  2 |  3,  3",,,,,,,y,,
abc_st_body,CPEA STAART ABC 1994,,dropdown,"Meaningless, recurring body movements","0, 0 |  1,  1 |  2,  2 |  3,  3",,,,,,,y,,
abc_st_head,CPEA STAART ABC 1994,,dropdown,Moves or rolls head back and forth repetitively,"0, 0 |  1,  1 |  2,  2 |  3,  3",,,,,,,y,,
abc_st_odd,CPEA STAART ABC 1994,,dropdown,"Odd, bizarre in behavior","0, 0 |  1,  1 |  2,  2 |  3,  3",,,,,,,y,,
abc_st_rocks,CPEA STAART ABC 1994,,dropdown,Rocks body back and forth repeatedly,"0, 0 |  1,  1 |  2,  2 |  3,  3",,,,,,,y,,
abc_st_rphand,CPEA STAART ABC 1994,,dropdown,"Repetitive hand, body, or head movements","0, 0 |  1,  1 |  2,  2 |  3,  3",,,,,,,y,,
abc_st_stereo,CPEA STAART ABC 1994,,dropdown,"Stereotyped behavior; abnormal, repetitive movements","0, 0 |  1,  1 |  2,  2 |  3,  3",,,,,,,y,,
abc_st_waves,CPEA STAART ABC 1994,,dropdown,Waves or shakes the extremities repeatedly,"0, 0 |  1,  1 |  2,  2 |  3,  3",,,,,,,y,,
abc_tot_hy,CPEA STAART ABC 1994,,text,Subscale 4:  Hyperactivity,,,,,,,,y,,
abc_tot_in,CPEA STAART ABC 1994,,text,Subscale 5:  Inappropriate Speech,,,,,,,,y,,
abc_tot_ir,CPEA STAART ABC 1994,,text,Subscale 1:  Irritability,,,,,,,,y,,
abc_tot_lt,CPEA STAART ABC 1994,,text,Subscale 2:  Lethargy,,,,,,,,y,,
abc_tot_st,CPEA STAART ABC 1994,,text,Subscale 3:  Stereotypy,,,,,,,,y,,
abc_version,CPEA STAART ABC 1994,,text,ABC: Version,,,,,,,,y,,
site_cycle,CPEA STAART ABC 1994,,text,Site Assigned Timepoint,,,,,,,,y,,
tdi_version,CPEA STAART ABC 1994,,text,Form Specific Version,,,,,,,,y,,
