Variable / Field Name,Form Name,Section Header,Field Type,Field Label,"Choices, Calculations, OR Slider Labels",Field Note,Text Validation Type OR Show Slider Number,Text Validation Min,Text Validation Max,Identifier?,Branching Logic (Show field only if...),Required Field?,Custom Alignment,Question Number (surveys only)
subjectkey,Conners Parent Rating Scales (CPRS) 2002,NDAR Required,text,The NDAR Global Unique Identifier (GUID) for subjects which identifies a subject in NDAR,,,,,,,,y,,
src_subject_id,Conners Parent Rating Scales (CPRS) 2002,,text,The site's subject identification,,,,,,,,y,,
interview_date,Conners Parent Rating Scales (CPRS) 2002,,text,Date on which the interview/genetic test/sampling/imaging was completed,"MM/yyyy, MM/yyyy | MM/dd/yyyy, MM/dd/yyyy",* '01/01/1900' indicates that a date associated with retrospective data is not known.,date_ymd,,,,,y,,
interview_age,Conners Parent Rating Scales (CPRS) 2002,,text,Age in months at the time of the interview/test/sampling/imaging.,,Age is rounded to chronological month If the research participant is 13 days old at time of interview  the appropriate value would be 0 months if the participant is 19 days old the value would be 1 month,number,0,1200,,,y,,
angry,Conners Parent Rating Scales (CPRS) 2002,,text,Angry,,,number,0,3,,,y,,
difficulty_homework,Conners Parent Rating Scales (CPRS) 2002,,text,Homework,,,number,0,3,,,y,,
on_the_go,Conners Parent Rating Scales (CPRS) 2002,,text,On the go,,,number,0,3,,,y,,
timid,Conners Parent Rating Scales (CPRS) 2002,,text,Timid,,,number,0,3,,,y,,
just_so,Conners Parent Rating Scales (CPRS) 2002,,text,Just so,,,number,0,3,,,y,,
no_friends,Conners Parent Rating Scales (CPRS) 2002,,text,No friends,,,number,0,3,,,y,,
stomach_ache,Conners Parent Rating Scales (CPRS) 2002,,text,Stomach ache,,,number,0,3,,,y,,
fights,Conners Parent Rating Scales (CPRS) 2002,,text,Fights,,,number,0,3,,,y,,
avoids_effort,Conners Parent Rating Scales (CPRS) 2002,,text,Avoids effort,,,number,0,3,,,y,,
sustaining_attention,Conners Parent Rating Scales (CPRS) 2002,,text,Sustains attention,,,number,0,3,,,y,,
argues,Conners Parent Rating Scales (CPRS) 2002,,text,Argues,,,number,0,3,,,y,,
fails_complete,Conners Parent Rating Scales (CPRS) 2002,,text,Fails to complete,,,number,0,3,,,y,,
hard_to_control,Conners Parent Rating Scales (CPRS) 2002,,text,Hard to control,,,number,0,3,,,y,,
afraid_people,Conners Parent Rating Scales (CPRS) 2002,,text,Afraid of people,,,number,0,3,,,y,,
checking_things,Conners Parent Rating Scales (CPRS) 2002,,text,Checking things,,,number,0,3,,,y,,
loses_friends,Conners Parent Rating Scales (CPRS) 2002,,text,Loses riends,,,number,0,3,,,y,,
aches_pains,Conners Parent Rating Scales (CPRS) 2002,,text,Aches pains,,,number,0,3,,,y,,
restless,Conners Parent Rating Scales (CPRS) 2002,,text,Restless,,,number,0,3,,,y,,
trouble_concentrating,Conners Parent Rating Scales (CPRS) 2002,,text,Trouble concentrating,,,number,0,3,,,y,,
does_not_listen,Conners Parent Rating Scales (CPRS) 2002,,text,Does not listed,,,number,0,3,,,y,,
loses_temper,Conners Parent Rating Scales (CPRS) 2002,,text,Loses temper,,,number,0,3,,,y,,
close_supervision,Conners Parent Rating Scales (CPRS) 2002,,text,Close supervision,,,number,0,3,,,y,,
runs_climbs,Conners Parent Rating Scales (CPRS) 2002,,text,Runs/climbs,,,number,0,3,,,y,,
afraid_new,Conners Parent Rating Scales (CPRS) 2002,,text,Afraid of new,,,number,0,3,,,y,,
fussy,Conners Parent Rating Scales (CPRS) 2002,,text,Fussy,,,number,0,3,,,y,,
make_friends,Conners Parent Rating Scales (CPRS) 2002,,text,Makes friends,,,number,0,3,,,y,,
aches_before_school,Conners Parent Rating Scales (CPRS) 2002,,text,Aches before school,,,number,0,3,,,y,,
excitable,Conners Parent Rating Scales (CPRS) 2002,,text,Excitable,,,number,0,3,,,y,,
fails_finish,Conners Parent Rating Scales (CPRS) 2002,,text,Fails finish,,,number,0,3,,,y,,
difficulty_organizing,Conners Parent Rating Scales (CPRS) 2002,,text,Difficulty organizing,,,number,0,3,,,y,,
irritable,Conners Parent Rating Scales (CPRS) 2002,,text,Irritable,,,number,0,3,,,y,,
squirmy,Conners Parent Rating Scales (CPRS) 2002,,text,Squirmy,,,number,0,3,,,y,,
afraid_alone,Conners Parent Rating Scales (CPRS) 2002,,text,Afraid to be alone,,,number,0,3,,,y,,
same_way,Conners Parent Rating Scales (CPRS) 2002,,text,Sameness,,,number,0,3,,,y,,
not_invited,Conners Parent Rating Scales (CPRS) 2002,,text,Not invited,,,number,0,3,,,y,,
headaches,Conners Parent Rating Scales (CPRS) 2002,,text,Headaches,,,number,0,3,,,y,,
fails_to_finish,Conners Parent Rating Scales (CPRS) 2002,,text,Fails to finish,,,number,0,3,,,y,,
inattentive,Conners Parent Rating Scales (CPRS) 2002,,text,Inattentive,,,number,0,3,,,y,,
talks_excessively,Conners Parent Rating Scales (CPRS) 2002,,text,Talks excessively,,,number,0,3,,,y,,
defies,Conners Parent Rating Scales (CPRS) 2002,,text,Defies,,,number,0,3,,,y,,
careless_mistakes,Conners Parent Rating Scales (CPRS) 2002,,text,Careless mistakes,,,number,0,3,,,y,,
difficulty_waiting,Conners Parent Rating Scales (CPRS) 2002,,text,Waiting,,,number,0,3,,,y,,
fears,Conners Parent Rating Scales (CPRS) 2002,,text,Fears,,,number,0,3,,,y,,
rituals,Conners Parent Rating Scales (CPRS) 2002,,text,Rituals,,,number,0,3,,,y,,
distractibility,Conners Parent Rating Scales (CPRS) 2002,,text,Distractible,,,number,0,3,,,y,,
complains_sick,Conners Parent Rating Scales (CPRS) 2002,,text,Sick,,,number,0,3,,,y,,
temper,Conners Parent Rating Scales (CPRS) 2002,,text,Temper,,,number,0,3,,,y,,
distracted_instructions,Conners Parent Rating Scales (CPRS) 2002,,text,Distracted instructions,,,number,0,3,,,y,,
interrupts,Conners Parent Rating Scales (CPRS) 2002,,text,Interrupts,,,number,0,3,,,y,,
forgetful,Conners Parent Rating Scales (CPRS) 2002,,text,Forgetful,,,number,0,3,,,y,,
arithmetic,Conners Parent Rating Scales (CPRS) 2002,,text,Arithmetic,,,number,0,3,,,y,,
run_meals,Conners Parent Rating Scales (CPRS) 2002,,text,Run meals,,,number,0,3,,,y,,
afraid_dark,Conners Parent Rating Scales (CPRS) 2002,,text,Afraid of dark,,,number,0,3,,,y,,
high_goals,Conners Parent Rating Scales (CPRS) 2002,,text,high goals,,,number,0,3,,,y,,
fidgets,Conners Parent Rating Scales (CPRS) 2002,,text,Fidgets,,,number,0,3,,,y,,
short_attention,Conners Parent Rating Scales (CPRS) 2002,,text,Short attention,,,number,0,3,,,y,,
touchy,Conners Parent Rating Scales (CPRS) 2002,,text,Touchy,,,number,0,3,,,y,,
sloppy,Conners Parent Rating Scales (CPRS) 2002,,text,Sloppy,,,number,0,3,,,y,,
difficulty_leisure_quiet,Conners Parent Rating Scales (CPRS) 2002,,text,Leisure,,,number,0,3,,,y,,
shy,Conners Parent Rating Scales (CPRS) 2002,,text,Shy,,,number,0,3,,,y,,
blames,Conners Parent Rating Scales (CPRS) 2002,,text,Blames,,,number,0,3,,,y,,
fidgeting,Conners Parent Rating Scales (CPRS) 2002,,text,Fidgeting,,,number,0,3,,,y,,
messy,Conners Parent Rating Scales (CPRS) 2002,,text,Messy,,,number,0,3,,,y,,
upset_rearrange,Conners Parent Rating Scales (CPRS) 2002,,text,Upset reaarange,,,number,0,3,,,y,,
clings,Conners Parent Rating Scales (CPRS) 2002,,text,Clingy,,,number,0,3,,,y,,
disturbs,Conners Parent Rating Scales (CPRS) 2002,,text,Disturbs,,,number,0,3,,,y,,
deliberately_annoys,Conners Parent Rating Scales (CPRS) 2002,,text,Annoys,,,number,0,3,,,y,,
demands_immediate,Conners Parent Rating Scales (CPRS) 2002,,text,Demands,,,number,0,3,,,y,,
attends_interest,Conners Parent Rating Scales (CPRS) 2002,,text,Attends interest,,,number,0,3,,,y,,
spiteful,Conners Parent Rating Scales (CPRS) 2002,,text,Spiteful,,,number,0,3,,,y,,
loses_things,Conners Parent Rating Scales (CPRS) 2002,,text,Loses things,,,number,0,3,,,y,,
inferior,Conners Parent Rating Scales (CPRS) 2002,,text,Inferior,,,number,0,3,,,y,,
tired,Conners Parent Rating Scales (CPRS) 2002,,text,Tired,,,number,0,3,,,y,,
spelling,Conners Parent Rating Scales (CPRS) 2002,,text,Spelling,,,number,0,3,,,y,,
cries,Conners Parent Rating Scales (CPRS) 2002,,text,Cries,,,number,0,3,,,y,,
leaves_seat,Conners Parent Rating Scales (CPRS) 2002,,text,Leaves seat,,,number,0,3,,,y,,
mood_change,Conners Parent Rating Scales (CPRS) 2002,,text,Mood change,,,number,0,3,,,y,,
easily_frustrated,Conners Parent Rating Scales (CPRS) 2002,,text,Easily frustrated,,,number,0,3,,,y,,
distracted,Conners Parent Rating Scales (CPRS) 2002,,text,Distracted,,,number,0,3,,,y,,
blurts_answers,Conners Parent Rating Scales (CPRS) 2002,,text,Blurts answers,,,number,0,3,,,y,,
oppositional_raw,Conners Parent Rating Scales (CPRS) 2002,,text,Oppositional/raw,,,number,0,40,,,y,,
oppositional_t,Conners Parent Rating Scales (CPRS) 2002,,text,Oppositional/t,,,number,38,90,,,y,,
cognitive_problems_raw,Conners Parent Rating Scales (CPRS) 2002,,text,Cognitive problems/raw,,,number,0,36,,,y,,
cognitive_problems_t,Conners Parent Rating Scales (CPRS) 2002,,text,Cognitive problems/t,,,number,38,90,,,y,,
hyperactivity_raw,Conners Parent Rating Scales (CPRS) 2002,,text,Hyperactivity/raw,,,number,0,30,,,y,,
hyperactivity_t,Conners Parent Rating Scales (CPRS) 2002,,text,Hyperactivity/t,,,number,38,90,,,y,,
anxious_raw,Conners Parent Rating Scales (CPRS) 2002,,text,Anxious/raw,,,number,0,30,,,y,,
anxious_t,Conners Parent Rating Scales (CPRS) 2002,,text,Anxious/t,,,number,38,90,,,y,,
perfectionism_raw,Conners Parent Rating Scales (CPRS) 2002,,text,Perfectionism/raw,,,number,0,21,,,y,,
perfectionism_t,Conners Parent Rating Scales (CPRS) 2002,,text,Perfectionism/t,,,number,38,90,,,y,,
social_problems_raw,Conners Parent Rating Scales (CPRS) 2002,,text,Social/raw,,,number,0,15,,,y,,
social_problems_t,Conners Parent Rating Scales (CPRS) 2002,,text,Social/t,,,number,38,90,,,y,,
psychosomatic_raw,Conners Parent Rating Scales (CPRS) 2002,,text,Psychosomatic/raw,,,number,0,20,,,y,,
psychosomatic_t,Conners Parent Rating Scales (CPRS) 2002,,text,Psychosomatic/t,,,number,38,90,,,y,,
conners_adhd_raw,Conners Parent Rating Scales (CPRS) 2002,,text,Conners ADHD/raw,,,number,0,36,,,y,,
conners_adhd_t,Conners Parent Rating Scales (CPRS) 2002,,text,Conners ADHD/t,,,number,38,90,,,y,,
conners_gi_restless_raw,Conners Parent Rating Scales (CPRS) 2002,,text,Conners GI restless/raw,,,number,0,21,,,y,,
conners_gi_restless_t,Conners Parent Rating Scales (CPRS) 2002,,text,Conners GI restless/t,,,number,38,90,,,y,,
conners_gi_emotional_raw,Conners Parent Rating Scales (CPRS) 2002,,text,Conners GI emotion/raw,,,number,0,12,,,y,,
conners_gi_emotional_t,Conners Parent Rating Scales (CPRS) 2002,,text,Conners GI emotion/t,,,number,38,90,,,y,,
conners_gi_total_raw,Conners Parent Rating Scales (CPRS) 2002,,text,Conners GI total/raw,,,number,0,30,,,y,,
conners_gi_total_t,Conners Parent Rating Scales (CPRS) 2002,,text,Conners GI total/t,,,number,38,90,,,y,,
dsm_inattentive_raw,Conners Parent Rating Scales (CPRS) 2002,,text,DSM inattetive/raw,,,number,0,30,,,y,,
dsm_inattentive_t,Conners Parent Rating Scales (CPRS) 2002,,text,DSM inattentive/t,,,number,38,90,,,y,,
dsm_hyper_impulse_raw,Conners Parent Rating Scales (CPRS) 2002,,text,DSM impulsivity/raw,,,number,0,27,,,y,,
dsm_hyper_impulse_t,Conners Parent Rating Scales (CPRS) 2002,,text,DSM impulsivity/rt,,,number,38,90,,,y,,
dsm_total_raw,Conners Parent Rating Scales (CPRS) 2002,,text,DSM total/raw,,,number,0,54,,,y,,
dsm_total_t,Conners Parent Rating Scales (CPRS) 2002,,text,DSM total/t,,,number,38,90,,,y,,
hypimp_sympts,Conners Parent Rating Scales (CPRS) 2002,,text,Hyperactive-Impulsive Symptoms Score,,,number,0,9,,,y,,
innat_sympts,Conners Parent Rating Scales (CPRS) 2002,,text,Inattentive Symptoms Score,,,number,0,9,,,y,,
