Variable / Field Name,Form Name,Section Header,Field Type,Field Label,"Choices, Calculations, OR Slider Labels",Field Note,Text Validation Type OR Show Slider Number,Text Validation Min,Text Validation Max,Identifier?,Branching Logic (Show field only if...),Required Field?,Custom Alignment,Question Number (surveys only)
subjectkey,CPEA STAART P-DAS,,text,The NDAR Global Unique Identifier (GUID) for subjects which identifies a subject in NDAR,,,,,,,,y,,
interview_date,CPEA STAART P-DAS,,text,Date on which the interview/genetic test/sampling/imaging was completed,"MM/yyyy, MM/yyyy | MM/dd/yyyy, MM/dd/yyyy",* '01/01/1900' indicates that a date associated with retrospective data is not known.,date_ymd,,,,,,,
cycle,CPEA STAART P-DAS,,text,Timepoint information,,,,,,,,y,,
patid,CPEA STAART P-DAS,,text,src_Subject_id,,Patient IDs were assigned at the research site for CPEA and STAART,,,,,,y,,
network,CPEA STAART P-DAS,,text,Network,,CPEA or STAART Network,,,,,,y,,
site,CPEA STAART P-DAS,,text,Site,,CPEA or STAART Site,,,,,,y,,
study,CPEA STAART P-DAS,,text,Study,,CPEA or STAART Study,,,,,,y,,
pdas_age,CPEA STAART P-DAS,,text,Pre-School DAS: Age,,,,,,,,y,,
pdas_bb_as,CPEA STAART P-DAS,,text,Ability Score,,,,,,,,y,,
das_bb_as,CPEA STAART P-DAS,,text,Ability Score,,,,,,,,y,,
pdas_bb_gca,CPEA STAART P-DAS,,text,GCA,,,,,,,,y,,
pdas_bb_ma,CPEA STAART P-DAS,,text,Mental Age,,,,,,,,y,,
pdas_bb_rs,CPEA STAART P-DAS,,text,Raw Score,,,,,,,,y,,
das_bb_rs,CPEA STAART P-DAS,,text,Raw Score,,,,,,,,y,,
pdas_bb_t,CPEA STAART P-DAS,,text,T Score,,,,,,,,y,,
pdas_c_as,CPEA STAART P-DAS,,text,Ability Score,,,,,,,,y,,
das_c_as,CPEA STAART P-DAS,,text,Ability Score,,,,,,,,y,,
pdas_c_iaf,CPEA STAART P-DAS,,text,Items administered from,,,,,,,,y,,
das_c_iaf,CPEA STAART P-DAS,,text,Items administered from,,,,,,,,y,,
das_c_iat,CPEA STAART P-DAS,,text,Items administered to,,,,,,,,y,,
pdas_c_nvc,CPEA STAART P-DAS,,text,Nonverbal Cluster,,,,,,,,y,,
pdas_c_rs,CPEA STAART P-DAS,,text,Raw Score,,,,,,,,y,,
das_c_rs,CPEA STAART P-DAS,,text,Raw Score,,,,,,,,y,,
pdas_ci_chbx,CPEA STAART P-DAS,,text,90% or 95%,,,,,,,,y,,
pdas_date,CPEA STAART P-DAS,,text,Pre-School DAS: Date,,,,,,,,y,,
pdas_version,CPEA STAART P-DAS,,text,Pre-School DAS Version,,,,,,,,y,,
pdas_full_iq,CPEA STAART P-DAS,,text,IQ,,,,,,,,y,,
pdas_gca_clu,CPEA STAART P-DAS,,text,GCA,,,,,,,,y,,
pdas_gca_lci,CPEA STAART P-DAS,,text,Lower Confidence Interval,,,,,,,,y,,
pdas_gca_pctl,CPEA STAART P-DAS,,text,Percentile,,,,,,,,y,,
pdas_gca_ss,CPEA STAART P-DAS,,text,Standard Score,,,,,,,,y,,
pdas_gca_sumt,CPEA STAART P-DAS,,text,Sum of T Scores,,,,,,,,y,,
pdas_gcat_pctl,CPEA STAART P-DAS,,text,Percentile,,,,,,,,y,,
pdas_gcat_ss,CPEA STAART P-DAS,,text,Standard Score,,,,,,,,y,,
pdas_gcat_sumt,CPEA STAART P-DAS,,text,Sum of T Scores,,,,,,,,y,,
pdas_level,CPEA STAART P-DAS,,text,Lower or Upper,,,,,,,,y,,
pdas_lvl_out,CPEA STAART P-DAS,,dropdown,Was proband tested out of level?,"0, 0 | 1, 1",,,,,,,y,,
pdas_mct,CPEA STAART P-DAS,,text,Mean Core T,,,,,,,,y,,
pdas_mll_as,CPEA STAART P-DAS,,text,Ability Score,,,,,,,,y,,
das_mll_as,CPEA STAART P-DAS,,text,Ability Score,,,,,,,,y,,
das_mll_iaf,CPEA STAART P-DAS,,text,Items administered from,,,,,,,,y,,
das_mll_iat,CPEA STAART P-DAS,,text,Items administered to,,,,,,,,y,,
pdas_mll_oth,CPEA STAART P-DAS,,text,Other,,,,,,,,y,,
pdas_mll_rs,CPEA STAART P-DAS,,text,Raw Score,,,,,,,,y,,
das_mll_rs,CPEA STAART P-DAS,,text,Raw Score,,,,,,,,y,,
pdas_nc_as,CPEA STAART P-DAS,,text,Ability Score,,,,,,,,y,,
pdas_nc_iaf,CPEA STAART P-DAS,,text,Items administered from,,,,,,,,y,,
das_nc_iaf,CPEA STAART P-DAS,,text,Items administered from,,,,,,,,y,,
das_nc_iat,CPEA STAART P-DAS,,text,Items administered to,,,,,,,,y,,
pdas_nc_oth,CPEA STAART P-DAS,,text,Other,,,,,,,,y,,
pdas_nc_rs,CPEA STAART P-DAS,,text,Raw Score,,,,,,,,y,,
das_nc_rs,CPEA STAART P-DAS,,text,Raw Score,,,,,,,,y,,
pdas_nc_upl,CPEA STAART P-DAS,,text,Upper Preschool Level,,,,,,,,y,,
pdas_nv_as,CPEA STAART P-DAS,,text,Ability Score,,,,,,,,y,,
das_nv_as,CPEA STAART P-DAS,,text,Ability Score,,,,,,,,y,,
pdas_nv_core,CPEA STAART P-DAS,,text,Naming Vocabulary,,,,,,,,y,,
pdas_nv_gca,CPEA STAART P-DAS,,text,GCA,,,,,,,,y,,
pdas_nv_iaf,CPEA STAART P-DAS,,text,Items administered from,,,,,,,,y,,
das_nv_iaf,CPEA STAART P-DAS,,text,Items administered from,,,,,,,,y,,
das_nv_iat,CPEA STAART P-DAS,,text,Items administered to,,,,,,,,y,,
pdas_nv_rs,CPEA STAART P-DAS,,text,Raw Score,,,,,,,,y,,
das_nv_rs,CPEA STAART P-DAS,,text,Raw Score,,,,,,,,y,,
pdas_nv_vc,CPEA STAART P-DAS,,text,Special Nonverbal Composite,,,,,,,,y,,
pdas_nvc_pctl,CPEA STAART P-DAS,,text,Percentile,,,,,,,,y,,
pdas_nvc_ss,CPEA STAART P-DAS,,text,Standard Score,,,,,,,,y,,
pdas_nvc_sumt,CPEA STAART P-DAS,,text,Sum of T Scores,,,,,,,,y,,
pdas_nvc_uci,CPEA STAART P-DAS,,text,Upper Confidence Interval,,,,,,,,y,,
pdas_nvr_iq,CPEA STAART P-DAS,,text,IQ,,,,,,,,y,,
pdas_nvr_ma,CPEA STAART P-DAS,,text,Mental Age,,,,,,,,y,,
pdas_nvr_ratiq,CPEA STAART P-DAS,,text,Ratio IQ,,,,,,,,y,,
pdas_oth_sumt,CPEA STAART P-DAS,,text,Sum of T Scores,,,,,,,,y,,
pdas_pc_as,CPEA STAART P-DAS,,text,Ability Score,,,,,,,,y,,
das_pc_as,CPEA STAART P-DAS,,text,Ability Score,,,,,,,,y,,
pdas_pc_cas,CPEA STAART P-DAS,,text,Calculated Ability Score,,,,,,,,y,,
pdas_pc_chbx,CPEA STAART P-DAS,,text,Std or Alt check box,,,,,,,,y,,
pdas_pc_core,CPEA STAART P-DAS,,text,Pattern Construction,,,,,,,,y,,
pdas_pc_iaf,CPEA STAART P-DAS,,text,Items administered from,,,,,,,,y,,
das_pc_iaf,CPEA STAART P-DAS,,text,Items administered from,,,,,,,,y,,
das_pc_iaf_alt,CPEA STAART P-DAS,,text,Items administered from,,,,,,,,y,,
das_pc_iat,CPEA STAART P-DAS,,text,Items administered to,,,,,,,,y,,
das_pc_iat_alt,CPEA STAART P-DAS,,text,Items administered to,,,,,,,,y,,
pdas_pc_nvc,CPEA STAART P-DAS,,text,Nonverbal Cluster,,,,,,,,y,,
pdas_pc_rs,CPEA STAART P-DAS,,text,Raw Score,,,,,,,,y,,
das_pc_rs,CPEA STAART P-DAS,,text,Raw Score,,,,,,,,y,,
pdas_pc_t,CPEA STAART P-DAS,,text,T Score,,,,,,,,y,,
pdas_ps_as,CPEA STAART P-DAS,,text,Ability Score,,,,,,,,y,,
das_ps_as,CPEA STAART P-DAS,,text,Ability Score,,,,,,,,y,,
pdas_ps_gca,CPEA STAART P-DAS,,text,GCA,,,,,,,,y,,
pdas_ps_iaf,CPEA STAART P-DAS,,text,Items administered from,,,,,,,,y,,
das_ps_iaf,CPEA STAART P-DAS,,text,Items administered from,,,,,,,,y,,
das_ps_iat,CPEA STAART P-DAS,,text,Items administered to,,,,,,,,y,,
pdas_ps_nvc,CPEA STAART P-DAS,,text,Nonverbal Cluster,,,,,,,,y,,
pdas_ps_rs,CPEA STAART P-DAS,,text,Raw Score,,,,,,,,y,,
das_ps_rs,CPEA STAART P-DAS,,text,Raw Score,,,,,,,,y,,
pdas_ps_t,CPEA STAART P-DAS,,text,T Score,,,,,,,,y,,
pdas_rdi_as,CPEA STAART P-DAS,,text,Ability Score,,,,,,,,y,,
das_rdi_as,CPEA STAART P-DAS,,text,Ability Score,,,,,,,,y,,
das_rdi_iaf,CPEA STAART P-DAS,,text,Items administered from,,,,,,,,y,,
das_rdi_iat,CPEA STAART P-DAS,,text,Items administered to,,,,,,,,y,,
pdas_rdi_oth,CPEA STAART P-DAS,,text,Other,,,,,,,,y,,
pdas_rdi_rs,CPEA STAART P-DAS,,text,Raw Score (Number correct),,,,,,,,y,,
das_rdi_rs,CPEA STAART P-DAS,,text,Raw Score (Number correct),,,,,,,,y,,
pdas_rod_as,CPEA STAART P-DAS,,text,Ability Score,,,,,,,,y,,
pdas_rod_ma,CPEA STAART P-DAS,,text,Mental Age,,,,,,,,y,,
pdas_rod_oth,CPEA STAART P-DAS,,text,Other,,,,,,,,y,,
pdas_rod_rs,CPEA STAART P-DAS,,text,Delayed Raw Score,,,,,,,,y,,
das_rod_rs,CPEA STAART P-DAS,,text,Delayed Raw Score,,,,,,,,y,,
pdas_roi_as,CPEA STAART P-DAS,,text,Ability Score,,,,,,,,y,,
pdas_roi_ma,CPEA STAART P-DAS,,text,Mental Age,,,,,,,,y,,
pdas_roi_oth,CPEA STAART P-DAS,,text,Other,,,,,,,,y,,
pdas_roi_rs,CPEA STAART P-DAS,,text,Immediate Raw Score,,,,,,,,y,,
pdas_roi_t,CPEA STAART P-DAS,,text,T Score,,,,,,,,y,,
pdas_roi1_rs,CPEA STAART P-DAS,,text,Raw Score,,,,,,,,y,,
das_roi1_rs,CPEA STAART P-DAS,,text,Raw Score,,,,,,,,y,,
das_roi2_rs,CPEA STAART P-DAS,,text,Raw Score,,,,,,,,y,,
das_roi3_rs,CPEA STAART P-DAS,,text,Raw Score,,,,,,,,y,,
das_rp_as,CPEA STAART P-DAS,,text,Ability Score,,,,,,,,y,,
das_rp_iaf,CPEA STAART P-DAS,,text,Items administered from,,,,,,,,y,,
das_rp_iat,CPEA STAART P-DAS,,text,Items administered to,,,,,,,,y,,
pdas_rp_oth,CPEA STAART P-DAS,,text,Other,,,,,,,,y,,
pdas_rp_rs,CPEA STAART P-DAS,,text,Raw Score,,,,,,,,y,,
das_rp_rs,CPEA STAART P-DAS,,text,Raw Score,,,,,,,,y,,
pdas_snvc_pctl,CPEA STAART P-DAS,,text,Percentile,,,,,,,,y,,
pdas_snvc_ss,CPEA STAART P-DAS,,text,Composite Standard Score,,,,,,,,y,,
pdas_snvc_sumt,CPEA STAART P-DAS,,text,Sum of T Scores,,,,,,,,y,,
pdas_snvc_uci,CPEA STAART P-DAS,,text,Upper Confidence Interval,,,,,,,,y,,
pdas_spnc_clu,CPEA STAART P-DAS,,text,Special Nonverbal Composite,,,,,,,,y,,
pdas_upl_sumt,CPEA STAART P-DAS,,text,Sum of T Scores,,,,,,,,y,,
pdas_v_clu,CPEA STAART P-DAS,,text,Verbal,,,,,,,,y,,
pdas_vc_as,CPEA STAART P-DAS,,text,Ability Score,,,,,,,,y,,
das_vc_as,CPEA STAART P-DAS,,text,Ability Score,,,,,,,,y,,
pdas_vc_gca,CPEA STAART P-DAS,,text,GCA,,,,,,,,y,,
pdas_vc_iaf,CPEA STAART P-DAS,,text,Items administered from,,,,,,,,y,,
das_vc_iaf,CPEA STAART P-DAS,,text,Items administered from,,,,,,,,y,,
das_vc_iat,CPEA STAART P-DAS,,text,Items administered to,,,,,,,,y,,
pdas_vc_ma,CPEA STAART P-DAS,,text,Mental Age,,,,,,,,y,,
pdas_vc_pctl,CPEA STAART P-DAS,,text,Percentile,,,,,,,,y,,
pdas_vc_rs,CPEA STAART P-DAS,,text,Raw Score,,,,,,,,y,,
das_vc_rs,CPEA STAART P-DAS,,text,Raw Score,,,,,,,,y,,
pdas_vc_sumt,CPEA STAART P-DAS,,text,Sum of T Scores,,,,,,,,y,,
pdas_vc_t,CPEA STAART P-DAS,,text,T Score,,,,,,,,y,,
pdas_vc_vc,CPEA STAART P-DAS,,text,Verbal Cluster,,,,,,,,y,,
pdas_ver_iq,CPEA STAART P-DAS,,text,IQ,,,,,,,,y,,
pdas_ver_ma,CPEA STAART P-DAS,,text,Mental Age,,,,,,,,y,,
pdas_ver_ratiq,CPEA STAART P-DAS,,text,Ratio IQ,,,,,,,,y,,
