Variable / Field Name,Form Name,Section Header,Field Type,Field Label,"Choices, Calculations, OR Slider Labels",Field Note,Text Validation Type OR Show Slider Number,Text Validation Min,Text Validation Max,Identifier?,Branching Logic (Show field only if...),Required Field?,Custom Alignment,Question Number (surveys only)
subjectkey,CPEA STAART Serious Adverse Events,,text,The NDAR Global Unique Identifier (GUID) for subjects which identifies a subject in NDAR,,,,,,,,y,,
patid,CPEA STAART Serious Adverse Events,HEADER,text,src_Subject_id,,Patient IDs were assigned at the research site for CPEA and STAART,,,,,,y,,
network,CPEA STAART Serious Adverse Events,,text,Network,,CPEA or STAART Network,,,,,,y,,
study,CPEA STAART Serious Adverse Events,,text,Study,,CPEA or STAART Study,,,,,,y,,
site,CPEA STAART Serious Adverse Events,,text,Site,,CPEA or STAART Site,,,,,,y,,
cycle,CPEA STAART Serious Adverse Events,,text,Timepoint information,,,,,,,,y,,
phase,CPEA STAART Serious Adverse Events,,dropdown,Phase,"1, 1 |  2,  2 |  3,  3 |  4,  4",,,,,,,y,,
q53_date,CPEA STAART Serious Adverse Events,,text,Date,"mm/yyyy, mm/yyyy |  mm/dd/yyyy,  mm/dd/yyyy",Required field,date_ymd,,,,,y,,
q53_int,CPEA STAART Serious Adverse Events,,dropdown,Type of Report Initial,"0, 0 |  -1,  -1",Required field,,,,,,y,,
q53_fup,CPEA STAART Serious Adverse Events,,dropdown,Type of Report Follow-up,"0, 0 |  -1,  -1",Check if this a follow - up SAE being completed,,,,,,y,,
q53_prim,CPEA STAART Serious Adverse Events,,dropdown,Primary Source Mother,"0, 0 |  -1,  -1",Check if mother is primary source,,,,,,y,,
q53_prif,CPEA STAART Serious Adverse Events,,dropdown,Primary Source Father,"0, 0 |  -1,  -1",Check if father is primary source,,,,,,y,,
q53_prit,CPEA STAART Serious Adverse Events,,dropdown,Primary Source Teacher,"0, 0 |  -1,  -1",Check if teacher is primary source,,,,,,y,,
q53_prio,CPEA STAART Serious Adverse Events,,dropdown,Primary Source Other,"0, 0 |  -1,  -1","Check if primary source not mother, father, child or teacher.",,,,,,y,,
q53_a1,CPEA STAART Serious Adverse Events,A,text,Date of Birth,"mm/yyyy, mm/yyyy |  mm/dd/yyyy,  mm/dd/yyyy","Field should not be left blank. If missing, please use -7,8, -9.",date_ymd,,,,,y,,
q53_a2,CPEA STAART Serious Adverse Events,,dropdown,Gender,"1, 1 | 2, 2","Field should not be left blank. If missing, please use -7,8, -9.",,,,,,y,,
q53_a3a,CPEA STAART Serious Adverse Events,,dropdown,Weight lbs,".-7, .-7 | -8, -8 | -9, -9 |  20 to 250,  20 to 250","Field should not be left blank. If missing, please use -7,8, -9.",,,,,,y,,
q53_a3b,CPEA STAART Serious Adverse Events,,dropdown,Weight Fraction,"-7, -7 |  -8,  -8 |  -9,  -9 |  0 to 9,  0 to 9","Field should not be left blank. If missing, please use -7,8, -9. Round to the nearest ½ lbs",,,,,,y,,
53_a3b,CPEA STAART Serious Adverse Events,,dropdown,Weight Fraction,"-7, -7 |  -8,  -8 |  -9,  -9 |  0 to 9,  0 to 9","Field should not be left blank. If missing, please use -7,8, -9. Round to the nearest ½ lbs",,,,,,y,,
q53_a3d,CPEA STAART Serious Adverse Events,,dropdown,Weight Fraction,"-7, -7 |  -8,  -8 |  -9,  -9 |  0 to 9,  0 to 9","Field should not be left blank. If missing, please use -7,8, -9. Round to the nearest ¼ kg",,,,,,y,,
53_a3d,CPEA STAART Serious Adverse Events,,dropdown,Weight Fraction,"-7, -7 |  -8,  -8 |  -9,  -9 |  0 to 9,  0 to 9","Field should not be left blank. If missing, please use -7,8, -9. Round to the nearest ¼ kg",,,,,,y,,
q53_b1b,CPEA STAART Serious Adverse Events,B,text,Time of onset,,Required field,number,0000,2359,,,y,,
q53_b2,CPEA STAART Serious Adverse Events,,dropdown,SAE Resolved,"-7, -7 |  -8,  -8 |  -9,  -9 |  0,  0 |  1,  1",Required field,,,,,,y,,
q53_b2a1,CPEA STAART Serious Adverse Events,,text,Date of resolution,"mm/yyyy, mm/yyyy |  mm/dd/yyyy,  mm/dd/yyyy",Required field if SAE Resolved is = 1,date_ymd,,,,,y,,
q53_b2a2,CPEA STAART Serious Adverse Events,,text,Time of resolution,,Required field if SAE Resolved is = 1,,,,,,y,,
q53_b3,CPEA STAART Serious Adverse Events,,dropdown,Outcome,"-7, -7 |  -8,  -8 |  -9,  -9 |  1 to 4,  1 to 4",Required field,,,,,,y,,
q53_b4_s,CPEA STAART Serious Adverse Events,,text,Description of Event,,Required field,,,,,,y,,
q53_b5,CPEA STAART Serious Adverse Events,,text,Action Taken,,Required field,,,,,,y,,
q53_b5_s,CPEA STAART Serious Adverse Events,,text,Action Taken Other Specify,,Required if field is Action Taken = 6,,,,,,y,,
q53_b6a1,CPEA STAART Serious Adverse Events,,text,Medication 1,,Complete if there are concomitant medication,,,,,,y,,
q53_b6a2,CPEA STAART Serious Adverse Events,,text,Medication 1 Indication,,Indicate use of medication,,,,,,y,,
q53_b6b1,CPEA STAART Serious Adverse Events,,text,Medication 2,,Complete if there are concomitant medication,,,,,,y,,
q53_b6b2,CPEA STAART Serious Adverse Events,,text,Medication 2 Indication,,Indicate use of medication,,,,,,y,,
q53_b6c1,CPEA STAART Serious Adverse Events,,text,Medication 3,,Complete if there are concomitant medication,,,,,,y,,
q53_b6c2,CPEA STAART Serious Adverse Events,,text,Medication 3 Indication,,Indicate use of medication,,,,,,y,,
q53_b6d1,CPEA STAART Serious Adverse Events,,text,Medication 4,,Complete if there are concomitant medication,,,,,,y,,
q53_b6d2,CPEA STAART Serious Adverse Events,,text,Medication 4 Indication,,Indicate use of medication,,,,,,y,,
q53_b6e1,CPEA STAART Serious Adverse Events,,text,Medication 5,,Complete if there are concomitant medication,,,,,,y,,
q53_b6e2,CPEA STAART Serious Adverse Events,,text,Medication 5 Indication,,Indicate use of medication,,,,,,y,,
q53_b6f1,CPEA STAART Serious Adverse Events,,text,Medication 6,,Complete if there are concomitant medication,,,,,,y,,
q53_b6f2,CPEA STAART Serious Adverse Events,,text,Medication 6 Indication,,Indicate use of medication,,,,,,y,,
q53_c1a,CPEA STAART Serious Adverse Events,C,text,Date of Previous contact,"mm/yyyy, mm/yyyy |  mm/dd/yyyy,  mm/dd/yyyy",Required field,date_ymd,,,,,y,,
q53_c1a1,CPEA STAART Serious Adverse Events,,dropdown,Dose at previous contact mL,"-7, -7 |  -8,  -8 |  -9,  -9 |  0.0 to 40.0,  0.0 to 40.0",Required field,,,,,,y,,
q53_c1a2,CPEA STAART Serious Adverse Events,,dropdown,Number of times per day,"-7, -7 |  -8,  -8 |  -9,  -9 |  1,  1 |  2,  2",Required field,,,,,,y,,
q53_c1b,CPEA STAART Serious Adverse Events,,dropdown,Current dose mL,"-7, -7 |  -8,  -8 |  -9,  -9 |  0.0 to 40.0,  0.0 to 40.0",Required field,,,,,,y,,
q53_c1b1,CPEA STAART Serious Adverse Events,,dropdown,Number of times per day,"-7, -7 |  -8,  -8 |  -9,  -9 |  1,  1 |  2,  2",Required field,,,,,,y,,
q53_c1c,CPEA STAART Serious Adverse Events,,text,Last date study drug taken,"mm/yyyy, mm/yyyy |  mm/dd/yyyy,  mm/dd/yyyy",Required field,date_ymd,,,,,y,,
q53_c2,CPEA STAART Serious Adverse Events,,dropdown,Dose discontinued or changed,"-7, -7 |  -8,  -8 |  -9,  -9 |  0 to 2,  0 to 2",Required field,,,,,,y,,
q53_c3,CPEA STAART Serious Adverse Events,,dropdown,Event abate after drug stopped/changed?,"-7, -7 |  -8,  -8 |  -9,  -9 |  0,  0 |  1,  1",Complete if q53_c2 = 1 or 2,,,,,,y,,
q53_c3_s,CPEA STAART Serious Adverse Events,,text,"If yes, comments","mm/yyyy, mm/yyyy |  mm/dd/yyyy,  mm/dd/yyyy",Completed if q53_c3 = 1,date_ymd,,,,,y,,
q53_c4,CPEA STAART Serious Adverse Events,,dropdown,Event reappear after drug discontinued/changed?,"-7, -7 |  -8,  -8 |  -9,  -9 |  0,  0 |  1,  1",Complete if q53_c2 = 1 or 2,,,,,,y,,
q53_c4_s,CPEA STAART Serious Adverse Events,,text,"If yes, comments","mm/yyyy, mm/yyyy |  mm/dd/yyyy,  mm/dd/yyyy",Complete if q53_c4 = 1,date_ymd,,,,,y,,
q53_c5,CPEA STAART Serious Adverse Events,,dropdown,Was blind broken?,"-7, -7 |  -8,  -8 |  -9,  -9 |  0,  0 |  1,  1","Field should not be left blank for Follow up SAE. If missing, please use -7,-8, -9.",,,,,,y,,
q53_c6,CPEA STAART Serious Adverse Events,,dropdown,Did participant exit study?,"-7, -7 |  -8,  -8 |  -9,  -9 |  0,  0 |  1,  1","Field should not be left blank for Follow up SAE. If missing, please use -7,-8, -9.",,,,,,y,,
q53_c7,CPEA STAART Serious Adverse Events,,dropdown,Event related to study drug?,"-7, -7 |  -8,  -8 |  -9,  -9 |  1 to 5,  1 to 5","Field should not be left blank for Follow up SAE. If missing, please use -7,-8, -9.",,,,,,y,,
q53_c8,CPEA STAART Serious Adverse Events,,dropdown,Event expected?,"-7, -7 |  -8,  -8 |  -9,  -9 |  0,  0 |  1,  1","Field should not be left blank for Follow up SAE. If missing, please use -7,-8, -9.",,,,,,y,,
q53_comm,CPEA STAART Serious Adverse Events,COMMENTS,text,Comments,,,,,,,,,,
q53_saeid,CPEA STAART Serious Adverse Events,SAE ID,text,Assigned SAE ID Number,,SAEID is assigned by DM-STAT,,,,,,,,
