Variable / Field Name,Form Name,Section Header,Field Type,Field Label,"Choices, Calculations, OR Slider Labels",Field Note,Text Validation Type OR Show Slider Number,Text Validation Min,Text Validation Max,Identifier?,Branching Logic (Show field only if...),Required Field?,Custom Alignment,Question Number (surveys only)
subjectkey,Peds - California Verbal Learning Test for Children,,text,The NDAR Global Unique Identifier (GUID) for subjects which identifies a subject in NDAR,,,,,,,,,,
admin_status,Peds - California Verbal Learning Test for Children,,dropdown,Instrument administration status,"Complete, Complete | Partial, Partial | Not Administered, Not Administered | Not Applicable, Not Applicable",,,,,,,y,,
src_subject_id,Peds - California Verbal Learning Test for Children,,text,The site's subject identification,,,,,,,,y,,
age_days_dot_to_dob,Peds - California Verbal Learning Test for Children,,text,Age in days obtained by subtracting the date of birth from the date of test,,,,,,,,y,,
timepoint_label,Peds - California Verbal Learning Test for Children,,text,User-defined timepoint/visit label - a label selected by the site at the time of registration of a new timepoint into the database.  This label is used to group all the instruments administered to a subject at a given timepoint.,,,,,,,,y,,
cvltc_glob_sc_ld_fr_sem_clust,Peds - California Verbal Learning Test for Children,,text,CVLT-C: Long-delay free-recall semantic cluster global score,,,,,,,,y,,
cvltc_glob_sc_sd_fr_sem_clust,Peds - California Verbal Learning Test for Children,,text,CVLT-C: Short-delay free-recall semantic cluster global score,,,,,,,,y,,
cvltc_glob_sc_trial1_sem_clust,Peds - California Verbal Learning Test for Children,,text,CVLT-C: Trial 1 semantic cluster global score,,,,,,,,y,,
cvltc_glob_sc_trial4_sem_clust,Peds - California Verbal Learning Test for Children,,text,CVLT-C: Trial 4 semantic cluster global score,,,,,,,,y,,
cvltc_glob_sc_trls1to5_sem_cl,Peds - California Verbal Learning Test for Children,,text,CVLT-C: Trials 1 to 5 semantic cluster global score,,,,,,,,y,,
cvltc_listb_intrusions_la_lb,Peds - California Verbal Learning Test for Children,,text,CVLT-C: List B intrusions from list A on list B,,,,,,,,y,,
cvltc_listb_pct_total_trial1,Peds - California Verbal Learning Test for Children,,text,CVLT-C: List B percent total compared to trial 1,,,,,,,,y,,
cvltc_listb_sem_clust_obs_er,Peds - California Verbal Learning Test for Children,,text,CVLT-C: List B semantic cluster observed expected ratio,,,,,,,,y,,
cvltc_listb_shared_recog_er,Peds - California Verbal Learning Test for Children,,text,CVLT-C: List B shared recognition errors,,,,,,,,y,,
cvltc_listb_supr_share_recg_er,Peds - California Verbal Learning Test for Children,,text,CVLT-C: List B superordinate shared recognition errors,,,,,,,,y,,
cvltc_listb_total_trial1,Peds - California Verbal Learning Test for Children,,text,CVLT-C: Total on list B compared to trial 1,,,,,,,,y,,
cvltc_ld_rc_clothing_dr_corrct,Peds - California Verbal Learning Test for Children,,text,CVLT-C: Long-delay free-recall clothing delay recall correct category,,,,,,,,y,,
cvltc_ld_fr_fruits_dr_correct,Peds - California Verbal Learning Test for Children,,text,CVLT-C: Long-delay free-recall fruits delay recall correct category,,,,,,,,y,,
cvltc_ld_fr_sem_clust_obs_er,Peds - California Verbal Learning Test for Children,,text,CVLT-C: Long-delay free-recall semantic cluster observed vs. expected ratio,,,,,,,,y,,
cvltc_ld_fr_serl_clust_obs_er,Peds - California Verbal Learning Test for Children,,text,CVLT-C: Long-delay free-recall serial cluster observed vs. expected ratio,,,,,,,,y,,
cvltc_ld_vs_sd_fr_diff_score,Peds - California Verbal Learning Test for Children,,text,CVLT-C: Long-delay vs. short-delay free-recall difference score,,,,,,,,y,,
cvltc_neither_l_proto_recog_er,Peds - California Verbal Learning Test for Children,,text,CVLT-C: Neither list prototypical recognition errors,,,,,,,,y,,
cvltc_pct_ld_vs_sd_fr_diff_sc,Peds - California Verbal Learning Test for Children,,text,CVLT-C: Percent long-delay vs. short-delay free-recall difference score,,,,,,,,y,,
cvltc_pct_sd_fr_vs_trial5_diff,Peds - California Verbal Learning Test for Children,,text,CVLT-C: Percent short-delay free-recall vs. trial 5 difference score,,,,,,,,y,,
cvltc_ptr_middle_region,Peds - California Verbal Learning Test for Children,,text,CVLT-C: Percent total recall middle region,,,,,,,,y,,
cvltc_phon_similar_recog_er,Peds - California Verbal Learning Test for Children,,text,CVLT-C: Phonemically similar recognition errors,,,,,,,,y,,
cvltc_raw_lista_play_ir,Peds - California Verbal Learning Test for Children,,text,CVLT-C: List A play immediate recall correct category,,,,,,,,y,,
cvltc_raw_listb,Peds - California Verbal Learning Test for Children,,text,CVLT-C: List B number of correct words recalled,,,,,,,,y,,
cvltc_raw_listb_furniture_ir,Peds - California Verbal Learning Test for Children,,text,CVLT-C: List B furniture immediate recall correct category,,,,,,,,y,,
cvltc_raw_listb_sweets_ir,Peds - California Verbal Learning Test for Children,,text,CVLT-C: List B sweets immediate recall correct category,,,,,,,,y,,
cvltc_raw_ld_fr_tot_intrusions,Peds - California Verbal Learning Test for Children,,text,CVLT-C: Long-delay free-recall total intrusions,,,,,,,,y,,
cvltc_raw_ld_fr_total_persev,Peds - California Verbal Learning Test for Children,,text,CVLT-C: Long-delay free-recall total perseverations,,,,,,,,y,,
cvltc_raw_re_cr_tot_intrusions,Peds - California Verbal Learning Test for Children,,text,CVLT-C: recall errors cued-recall total intrusions raw score,,,,,,,,y,,
cvltc_raw_re_fr_tot_intrusions,Peds - California Verbal Learning Test for Children,,text,CVLT-C: recall errors free-recall total intrusions raw score,,,,,,,,y,,
cvltc_raw_re_total_intrusions,Peds - California Verbal Learning Test for Children,,text,CVLT-C: recall errors total intrusions raw score,,,,,,,,y,,
cvltc_raw_re_total_persev,Peds - California Verbal Learning Test for Children,,text,CVLT-C: Recall errors total perseverations raw score,,,,,,,,y,,
cvltc_raw_resp_bias_signal_det,Peds - California Verbal Learning Test for Children,,text,CVLT-C: Response bias signal detection,,,,,,,,y,,
cvltc_raw_short_delay_cr,Peds - California Verbal Learning Test for Children,,text,CVLT-C: Short-delay cued-recall number of correct words recalled,,,,,,,,y,,
cvltc_raw_short_delay_fr,Peds - California Verbal Learning Test for Children,,text,CVLT-C: Short-delay free-recall number of correct words recalled,,,,,,,,y,,
cvltc_raw_trial2_total_persev,Peds - California Verbal Learning Test for Children,,text,CVLT-C: Trial 2 total perseverations,,,,,,,,y,,
cvltc_raw_trial4_total_persev,Peds - California Verbal Learning Test for Children,,text,CVLT-C: Trial 4 total perseverations,,,,,,,,y,,
cvltc_raw_trials1to5,Peds - California Verbal Learning Test for Children,,text,CVLT-C: Trials 1 to 5 number of correct words recalled,,,,,,,,y,,
cvltc_t_score_trials1to5,Peds - California Verbal Learning Test for Children,,text,CVLT-C: Trials 1 to 5 T score,,,,,,,,y,,
cvltc_discrim_signal_detection,Peds - California Verbal Learning Test for Children,,text,CVLT-C: Discriminability signal detection,,,,,,,,y,,
cvltc_glob_sc_trial5_sem_clust,Peds - California Verbal Learning Test for Children,,text,CVLT-C: Trial 5 semantic cluster global score,,,,,,,,y,,
cvltc_glob_sc_listb_sem_clust,Peds - California Verbal Learning Test for Children,,text,CVLT-C: List B semantic cluster global score,,,,,,,,y,,
cvltc_glob_sc_trial2_sem_clust,Peds - California Verbal Learning Test for Children,,text,CVLT-C: Trial 2 semantic cluster global score,,,,,,,,y,,
cvltc_glob_sc_trial3_sem_clust,Peds - California Verbal Learning Test for Children,,text,CVLT-C: Trial 3 semantic cluster global score,,,,,,,,y,,
cvltc_listb_nonshared_cw,Peds - California Verbal Learning Test for Children,,text,CVLT-C: List B nonshared category words,,,,,,,,y,,
cvltc_listb_nonshared_recog_er,Peds - California Verbal Learning Test for Children,,text,CVLT-C: List B nonshared recognition errors,,,,,,,,y,,
cvltc_listb_pct_nonshared_cw,Peds - California Verbal Learning Test for Children,,text,CVLT-C: List B percent nonshared category words,,,,,,,,y,,
cvltc_listb_pct_shared_cw,Peds - California Verbal Learning Test for Children,,text,CVLT-C: List B percent shared category words,,,,,,,,y,,
cvltc_listb_pct_supr_shared_cw,Peds - California Verbal Learning Test for Children,,text,CVLT-C: List B percent superordinate shared category words,,,,,,,,y,,
cvltc_listb_serl_clust_obs_er,Peds - California Verbal Learning Test for Children,,text,CVLT-C: List B serial cluster observed expected ratio,,,,,,,,y,,
cvltc_listb_shared_categ_words,Peds - California Verbal Learning Test for Children,,text,CVLT-C: List B shared category words,,,,,,,,y,,
cvltc_listb_supr_shared_cw,Peds - California Verbal Learning Test for Children,,text,CVLT-C: List B superordinate shared category words,,,,,,,,y,,
cvltc_ld_cr_intrusions_listb,Peds - California Verbal Learning Test for Children,,text,CVLT-C: Long-delay cued-recall intrusions from list B,,,,,,,,y,,
cvltc_ld_fr_intrusions_listb,Peds - California Verbal Learning Test for Children,,text,CVLT-C: Long-delay free-recall intrusions from list B,,,,,,,,y,,
cvltc_ld_fr_play_dr_correct,Peds - California Verbal Learning Test for Children,,text,CVLT-C: Long-delay free-recall play delay recall correct category,,,,,,,,y,,
cvltc_ld_fr_recog_compared,Peds - California Verbal Learning Test for Children,,text,CVLT-C: Long-delay free-recall recognition compared,,,,,,,,y,,
cvltc_ptr_primacy_region,Peds - California Verbal Learning Test for Children,,text,CVLT-C: Percent total recall primacy region,,,,,,,,y,,
cvltc_ptr_recency_region,Peds - California Verbal Learning Test for Children,,text,CVLT-C: Percent total recall recency region,,,,,,,,y,,
cvltc_raw_false_pos_recog,Peds - California Verbal Learning Test for Children,,text,CVLT-C: False positives recognition,,,,,,,,y,,
cvltc_raw_lista_clothing_ir,Peds - California Verbal Learning Test for Children,,text,CVLT-C: List A clothing immediate recall correct category,,,,,,,,y,,
cvltc_raw_lista_fruits_ir,Peds - California Verbal Learning Test for Children,,text,CVLT-C: List A fruits immediate recall correct category,,,,,,,,y,,
cvltc_raw_listb_fruits_ir,Peds - California Verbal Learning Test for Children,,text,CVLT-C: List B fruits immediate recall correct category,,,,,,,,y,,
cvltc_raw_listb_tot_intrusions,Peds - California Verbal Learning Test for Children,,text,CVLT-C: List B total intrusions,,,,,,,,y,,
cvltc_raw_listb_total_persev,Peds - California Verbal Learning Test for Children,,text,CVLT-C: List B total perseverations,,,,,,,,y,,
cvltc_raw_ld_cr,Peds - California Verbal Learning Test for Children,,text,CVLT-C: Long-delay cued-recall number of correct words recalled,,,,,,,,y,,
cvltc_raw_ld_cr_tot_intrusions,Peds - California Verbal Learning Test for Children,,text,CVLT-C: Long-delay cued-recall total intrusions,,,,,,,,y,,
cvltc_raw_ld_cr_total_persev,Peds - California Verbal Learning Test for Children,,text,CVLT-C: Long-delay cued-recall total perseverations,,,,,,,,y,,
cvltc_raw_ld_fr,Peds - California Verbal Learning Test for Children,,text,CVLT-C: Long-delay free-recall number of correct words recalled,,,,,,,,y,,
cvltc_raw_total_recognition,Peds - California Verbal Learning Test for Children,,text,CVLT-C: Total number of correct words recalled on the recognition trial,,,,,,,,y,,
cvltc_raw_trial1,Peds - California Verbal Learning Test for Children,,text,CVLT-C: Trial 1 number of correct words recalled,,,,,,,,y,,
cvltc_raw_trial1_tot_intrusion,Peds - California Verbal Learning Test for Children,,text,CVLT-C: Trial 1 total intrusions,,,,,,,,y,,
cvltc_raw_trial1_total_persev,Peds - California Verbal Learning Test for Children,,text,CVLT-C: Trial 1 total perseverations,,,,,,,,y,,
cvltc_raw_trial2,Peds - California Verbal Learning Test for Children,,text,CVLT-C: Trial 2 number of correct words recalled,,,,,,,,y,,
cvltc_raw_trial2_tot_intrusion,Peds - California Verbal Learning Test for Children,,text,CVLT-C: Trial 2 total intrusions,,,,,,,,y,,
cvltc_raw_trial3,Peds - California Verbal Learning Test for Children,,text,CVLT-C: Trial 3 number of correct words recalled,,,,,,,,y,,
cvltc_raw_trial3_tot_intrusion,Peds - California Verbal Learning Test for Children,,text,CVLT-C: Trial 3 total intrusions,,,,,,,,y,,
cvltc_raw_trial3_total_persev,Peds - California Verbal Learning Test for Children,,text,CVLT-C: Trial 3 total perseverations,,,,,,,,y,,
cvltc_raw_trial4,Peds - California Verbal Learning Test for Children,,text,CVLT-C: Trial 4 number of correct words recalled,,,,,,,,y,,
cvltc_raw_trial4_tot_intrusion,Peds - California Verbal Learning Test for Children,,text,CVLT-C: Trial 4 total intrusions,,,,,,,,y,,
cvltc_raw_trial5,Peds - California Verbal Learning Test for Children,,text,CVLT-C: Trial 5 number of correct words recalled,,,,,,,,y,,
cvltc_raw_trial5_tot_intrusion,Peds - California Verbal Learning Test for Children,,text,CVLT-C: Trial 5 total intrusions,,,,,,,,y,,
cvltc_raw_trial5_total_persev,Peds - California Verbal Learning Test for Children,,text,CVLT-C: Trial 5 total perseverations,,,,,,,,y,,
cvltc_raw_t1to5_learning_slope,Peds - California Verbal Learning Test for Children,,text,CVLT-C: Trials 1 to 5 learning slope raw score,,,,,,,,y,,
cvltc_raw_t1to5_tot_intrusion,Peds - California Verbal Learning Test for Children,,text,CVLT-C: Trials 1 to 5 total intrusions,,,,,,,,y,,
cvltc_raw_t1to5_total_persev,Peds - California Verbal Learning Test for Children,,text,CVLT-C: Trials 1 to 5 total perseverations,,,,,,,,y,,
cvltc_sd_cr_intrusions_listb,Peds - California Verbal Learning Test for Children,,text,CVLT-C: Short-delay cued-recall intrusions from list B,,,,,,,,y,,
cvltc_sd_cr_total_intrusions,Peds - California Verbal Learning Test for Children,,text,CVLT-C: Short-delay cued-recall total intrusions,,,,,,,,y,,
cvltc_sd_cr_total_persev,Peds - California Verbal Learning Test for Children,,text,CVLT-C: Short-delay cued-recall total perseverations,,,,,,,,y,,
cvltc_sd_fr_clothing_dr_corr,Peds - California Verbal Learning Test for Children,,text,CVLT-C: Short-delay free-recall clothing delay recall correct category,,,,,,,,y,,
cvltc_sd_fr_fruits_dr_correct,Peds - California Verbal Learning Test for Children,,text,CVLT-C: Short-delay free-recall fruits delay recall correct category,,,,,,,,y,,
cvltc_sd_fr_intrusions_listb,Peds - California Verbal Learning Test for Children,,text,CVLT-C: Short-delay free-recall intrusions from list B,,,,,,,,y,,
cvltc_sd_fr_play_dr_corr_categ,Peds - California Verbal Learning Test for Children,,text,CVLT-C: Short-delay free-recall play delay recall correct category,,,,,,,,y,,
cvltc_sd_fr_sem_clust_obs_er,Peds - California Verbal Learning Test for Children,,text,CVLT-C: Short-delay free-recall semantic cluster observed expected ratio,,,,,,,,y,,
cvltc_sd_fr_serl_clust_obs_er,Peds - California Verbal Learning Test for Children,,text,CVLT-C: Short-delay free-recall serial cluster observed expected ratio,,,,,,,,y,,
cvltc_sd_fr_total_intrusions,Peds - California Verbal Learning Test for Children,,text,CVLT-C: Short-delay free-recall total intrusions,,,,,,,,y,,
cvltc_sd_fr_total_persev,Peds - California Verbal Learning Test for Children,,text,CVLT-C: Short-delay free-recall total perseverations,,,,,,,,y,,
cvltc_sd_fr_vs_trial5_diff_sc,Peds - California Verbal Learning Test for Children,,text,CVLT-C: Short-delay free-recall vs. trial 5 difference score,,,,,,,,y,,
cvltc_trial1_sem_clust_obs_er,Peds - California Verbal Learning Test for Children,,text,CVLT-C: Trial 1 semantic cluster observed expected ratio,,,,,,,,y,,
cvltc_trial1_serl_clust_obs_er,Peds - California Verbal Learning Test for Children,,text,CVLT-C: Trial 1 serial cluster observed expected ratio,,,,,,,,y,,
cvltc_trial2_sem_clust_obs_er,Peds - California Verbal Learning Test for Children,,text,CVLT-C: Trial 2 semantic cluster observed expected ratio,,,,,,,,y,,
cvltc_trial2_serl_clust_obs_er,Peds - California Verbal Learning Test for Children,,text,CVLT-C: Trial 2 serial cluster observed expected ratio,,,,,,,,y,,
cvltc_trial3_sem_clust_obs_er,Peds - California Verbal Learning Test for Children,,text,CVLT-C: Trial 3 semantic cluster observed expected ratio,,,,,,,,y,,
cvltc_trial3_serl_clust_obs_er,Peds - California Verbal Learning Test for Children,,text,CVLT-C: Trial 3 serial cluster observed expected ratio,,,,,,,,y,,
cvltc_trial4_sem_clust_obs_er,Peds - California Verbal Learning Test for Children,,text,CVLT-C: Trial 4 semantic cluster observed expected ratio,,,,,,,,y,,
cvltc_trial4_serl_clust_obs_er,Peds - California Verbal Learning Test for Children,,text,CVLT-C: Trial 4 serial cluster observed expected ratio,,,,,,,,y,,
cvltc_trial5_sem_clust_obs_er,Peds - California Verbal Learning Test for Children,,text,CVLT-C: Trial 5 semantic cluster observed expected ratio,,,,,,,,y,,
cvltc_trial5_serl_clust_obs_er,Peds - California Verbal Learning Test for Children,,text,CVLT-C: Trial 5 serial cluster observed expected ratio,,,,,,,,y,,
cvltc_tto5_pr_consistency_ind,Peds - California Verbal Learning Test for Children,,text,CVLT-C: Trials 1 to 5 pooled recall consistency index,,,,,,,,y,,
cvltc_t1to5_sem_clust_obs_er,Peds - California Verbal Learning Test for Children,,text,CVLT-C: Trials 1 to 5 semantic cluster observed expected ratio,,,,,,,,y,,
cvltc_t1to5_serl_clust_obs_er,Peds - California Verbal Learning Test for Children,,text,CVLT-C: Trials 1 to 5 serial cluster observed expected ratio,,,,,,,,y,,
cvltc_unrelated_recognition_er,Peds - California Verbal Learning Test for Children,,text,CVLT-C: Unrelated recognition errors,,,,,,,,y,,
cvltc_z_sc_discrim_signal_det,Peds - California Verbal Learning Test for Children,,text,CVLT-C: Discriminability signal detection Z score,,,,,,,,y,,
cvltc_z_sc_false_pos_recog,Peds - California Verbal Learning Test for Children,,text,CVLT-C: False positives recognition Z score,,,,,,,,y,,
cvltc_z_score_listb,Peds - California Verbal Learning Test for Children,,text,CVLT-C: List B Z score,,,,,,,,y,,
cvltc_z_score_long_delay_cr,Peds - California Verbal Learning Test for Children,,text,CVLT-C: Long-delay cued-recall Z score,,,,,,,,y,,
cvltc_z_score_long_delay_fr,Peds - California Verbal Learning Test for Children,,text,CVLT-C: Long-delay free-recall Z score,,,,,,,,y,,
cvltc_z_sc_pct_tr_middle_reg,Peds - California Verbal Learning Test for Children,,text,CVLT-C: Percent total recall middle region Z score,,,,,,,,y,,
cvltc_z_sc_pct_tr_primacy_reg,Peds - California Verbal Learning Test for Children,,text,CVLT-C: Percent total recall primacy region Z score,,,,,,,,y,,
cvltc_z_sc_pct_tr_recency_reg,Peds - California Verbal Learning Test for Children,,text,CVLT-C: Percent total recall recency region Z score,,,,,,,,y,,
cvltc_z_score_re_cr_tot_intrus,Peds - California Verbal Learning Test for Children,,text,CVLT-C: recall errors cued-recall total intrusions Z score,,,,,,,,y,,
cvltc_z_score_re_fr_tot_intrus,Peds - California Verbal Learning Test for Children,,text,CVLT-C: recall errors free-recall total intrusions Z score,,,,,,,,y,,
cvltc_z_score_re_tot_intrus,Peds - California Verbal Learning Test for Children,,text,CVLT-C: Recall errors total intrusions Z score,,,,,,,,y,,
cvltc_z_score_re_total_persev,Peds - California Verbal Learning Test for Children,,text,CVLT-C: Recall errors total perseverations Z score,,,,,,,,y,,
cvltc_z_sc_resp_bias_sign_det,Peds - California Verbal Learning Test for Children,,text,CVLT-C: Response bias signal detection Z score,,,,,,,,y,,
cvltc_z_score_sd_cr,Peds - California Verbal Learning Test for Children,,text,CVLT-C: Short-delay cued-recall Z score,,,,,,,,y,,
cvltc_z_score_sd_fr,Peds - California Verbal Learning Test for Children,,text,CVLT-C: Short-delay free-recall Z score,,,,,,,,y,,
cvltc_z_score_total_recog,Peds - California Verbal Learning Test for Children,,text,CVLT-C: Total recognition Z score,,,,,,,,y,,
cvltc_z_score_trial1,Peds - California Verbal Learning Test for Children,,text,CVLT-C: Trial 1 Z score,,,,,,,,y,,
cvltc_z_score_trial5,Peds - California Verbal Learning Test for Children,,text,CVLT-C: Trial 5 Z score,,,,,,,,y,,
cvltc_z_sc_t1to5_learn_slope,Peds - California Verbal Learning Test for Children,,text,CVLT-C: Trials 1 to 5 learning slope Z score,,,,,,,,y,,
cvltc_z_sc_t1to5_recall_ci,Peds - California Verbal Learning Test for Children,,text,CVLT-C: Trials 1 to 5 recall consistency index Z score,,,,,,,,y,,
cvltc_z_sc_t1to5_sem_clust_rat,Peds - California Verbal Learning Test for Children,,text,CVLT-C: Trials 1 to 5 semantic cluster ratio Z score,,,,,,,,y,,
cvltc_z_sc_t1to5_serl_clust_r,Peds - California Verbal Learning Test for Children,,text,CVLT-C: Trials 1 to 5 serial cluster ratio Z score,,,,,,,,y,,
