Variable / Field Name,Form Name,Section Header,Field Type,Field Label,"Choices, Calculations, OR Slider Labels",Field Note,Text Validation Type OR Show Slider Number,Text Validation Min,Text Validation Max,Identifier?,Branching Logic (Show field only if...),Required Field?,Custom Alignment,Question Number (surveys only)
subjectkey,CPEA STAART Merill Palmer,,text,The NDAR Global Unique Identifier (GUID) for subjects which identifies a subject in NDAR,,,,,,,,y,,
cycle,CPEA STAART Merill Palmer,,text,Timepoint information,,,,,,,,y,,
patid,CPEA STAART Merill Palmer,,text,src_Subject_id,,Patient IDs were assigned at the research site for CPEA and STAART,,,,,,y,,
network,CPEA STAART Merill Palmer,,text,Network,,CPEA or STAART Network,,,,,,y,,
site,CPEA STAART Merill Palmer,,text,Site,,CPEA or STAART Site,,,,,,y,,
study,CPEA STAART Merill Palmer,,text,Study,,CPEA or STAART Study,,,,,,y,,
mp_fb_err1,CPEA STAART Merill Palmer,,text,# of errors Trial 1,,,,,,,,y,,
mp_fb_err2,CPEA STAART Merill Palmer,,text,# of errors Trial 2,,,,,,,,y,,
mp_fb_err3,CPEA STAART Merill Palmer,,text,# of errors Trial 3,,,,,,,,y,,
mp_fb_sc1,CPEA STAART Merill Palmer,,text,Seconds to completion Trial 1,,,,,,,,y,,
mp_fb_sc2,CPEA STAART Merill Palmer,,text,Seconds to completion Trial 2,,,,,,,,y,,
mp_fb_sc3,CPEA STAART Merill Palmer,,text,Seconds to completion Trial 3,,,,,,,,y,,
mp_pba_sc1,CPEA STAART Merill Palmer,,text,Seconds to completion Trial 1,,,,,,,,y,,
mp_pba_sc2,CPEA STAART Merill Palmer,,text,Seconds to completion Trial 2,,,,,,,,y,,
mp_pba_sc3,CPEA STAART Merill Palmer,,text,Seconds to completion Trial 3,,,,,,,,y,,
mp_pbb_sc1,CPEA STAART Merill Palmer,,text,Seconds to completion Trial 1,,,,,,,,y,,
mp_pbb_sc2,CPEA STAART Merill Palmer,,text,Seconds to completion Trial 2,,,,,,,,y,,
mp_pbb_sc3,CPEA STAART Merill Palmer,,text,Seconds to completion Trial 3,,,,,,,,y,,
mp_sb_bt,CPEA STAART Merill Palmer,,text,Best time,,,,,,,,y,,
mp_sb_err,CPEA STAART Merill Palmer,,text,# errors,,,,,,,,y,,
mp_sb_ntc,CPEA STAART Merill Palmer,,text,# trials completed,,,,,,,,y,,
mp_version,CPEA STAART Merill Palmer,,text,MP Version,,,,,,,,y,,
mp_wpa_bt,CPEA STAART Merill Palmer,,text,Best time,,,,,,,,y,,
mp_wpb_bt,CPEA STAART Merill Palmer,,text,Best time,,,,,,,,y,,
