Variable / Field Name,Form Name,Section Header,Field Type,Field Label,"Choices, Calculations, OR Slider Labels",Field Note,Text Validation Type OR Show Slider Number,Text Validation Min,Text Validation Max,Identifier?,Branching Logic (Show field only if...),Required Field?,Custom Alignment,Question Number (surveys only)
iannumpregnancies,IAN_Mother_Basic,Section,text,"num_pregnancies, see IAN CodeBook for details.",,http://dashboard.ianexchange.org/DataExplorer.aspx?FDID=43#num_pregnancies,,,,,,y,,
iannummiscarriage,IAN_Mother_Basic,,text,"num_miscarriage, see IAN CodeBook for details.",,http://dashboard.ianexchange.org/DataExplorer.aspx?FDID=43#num_miscarriage,,,,,,y,,
iannumlivebirth,IAN_Mother_Basic,,text,"num_livebirth, see IAN CodeBook for details.",,http://dashboard.ianexchange.org/DataExplorer.aspx?FDID=43#num_livebirth,,,,,,y,,
iannumliving,IAN_Mother_Basic,,text,"num_living, see IAN CodeBook for details.",,http://dashboard.ianexchange.org/DataExplorer.aspx?FDID=43#num_living,,,,,,y,,
iannumnotliving,IAN_Mother_Basic,,text,"num_notliving, see IAN CodeBook for details.",,http://dashboard.ianexchange.org/DataExplorer.aspx?FDID=43#num_notliving,,,,,,y,,
ianfragilexcarrier,IAN_Mother_Basic,,text,"fragile_x_carrier, see IAN CodeBook for details.",,http://dashboard.ianexchange.org/DataExplorer.aspx?FDID=43#fragile_x_carrier,,,,,,y,,
ianianresearchid,IAN_Mother_Basic,,text,"IAN_Research_id, see IAN CodeBook for details.",,http://dashboard.ianexchange.org/DataExplorer.aspx?FDID=101#IAN_Research_id,,,,,,y,,
ianrecordnumber,IAN_Mother_Basic,,text,"record_number, see IAN CodeBook for details.",,http://dashboard.ianexchange.org/DataExplorer.aspx?FDID=101#record_number,,,,,,y,,
iandonotdelete,IAN_Mother_Basic,,text,"DO_NOT_DELETE, see IAN CodeBook for details.",,http://dashboard.ianexchange.org/DataExplorer.aspx?FDID=101#DO_NOT_DELETE,,,,,,y,,
ianformcompleted,IAN_Mother_Basic,,text,"form_completed, see IAN CodeBook for details.",,http://dashboard.ianexchange.org/DataExplorer.aspx?FDID=101#form_completed,,,,,,y,,
ianscientificversion,IAN_Mother_Basic,,text,"scientific_version, see IAN CodeBook for details.",,http://dashboard.ianexchange.org/DataExplorer.aspx?FDID=101#scientific_version,,,,,,y,,
ianageinyears,IAN_Mother_Basic,,text,"age_in_years, see IAN CodeBook for details.",,http://dashboard.ianexchange.org/DataExplorer.aspx?FDID=101#age_in_years,,,,,,y,,
ianyearofassessment,IAN_Mother_Basic,,text,"year_of_assessment, see IAN CodeBook for details.",,http://dashboard.ianexchange.org/DataExplorer.aspx?FDID=101#year_of_assessment,,,,,,y,,
ianinformantid,IAN_Mother_Basic,,text,"informant_id, see IAN CodeBook for details.",,http://dashboard.ianexchange.org/DataExplorer.aspx?FDID=101#informant_id,,,,,,y,,
ianeducationlevel,IAN_Mother_Basic,,text,"education_level, see IAN CodeBook for details.",,http://dashboard.ianexchange.org/DataExplorer.aspx?FDID=45#education_level,,,,,,y,,
ianreqlearningdisability,IAN_Mother_Basic,,text,"req_learning_disability, see IAN CodeBook for details.",,http://dashboard.ianexchange.org/DataExplorer.aspx?FDID=45#req_learning_disability,,,,,,y,,
ianlanguagedelaydx,IAN_Mother_Basic,,text,"language_delay_Dx, see IAN CodeBook for details.",,http://dashboard.ianexchange.org/DataExplorer.aspx?FDID=45#language_delay_Dx,,,,,,y,,
ianreqspeechtherapy,IAN_Mother_Basic,,text,"req_speech_therapy, see IAN CodeBook for details.",,http://dashboard.ianexchange.org/DataExplorer.aspx?FDID=45#req_speech_therapy,,,,,,y,,
ianreqspecedu,IAN_Mother_Basic,,text,"req_spec_edu, see IAN CodeBook for details.",,http://dashboard.ianexchange.org/DataExplorer.aspx?FDID=45#req_spec_edu,,,,,,y,,
iantuberoussclerosisdx,IAN_Mother_Basic,,text,"Tuberous_Sclerosis_dx, see IAN CodeBook for details.",,http://dashboard.ianexchange.org/DataExplorer.aspx?FDID=47#Tuberous_Sclerosis_dx,,,,,,y,,
ianseizuresepilepsydx,IAN_Mother_Basic,,text,"Seizures_Epilepsy_dx, see IAN CodeBook for details.",,http://dashboard.ianexchange.org/DataExplorer.aspx?FDID=47#Seizures_Epilepsy_dx,,,,,,y,,
ianmentalretardation,IAN_Mother_Basic,,text,"Mental_Retardation, see IAN CodeBook for details.",,http://dashboard.ianexchange.org/DataExplorer.aspx?FDID=45#Mental_Retardation,,,,,,y,,
iandepressiondx,IAN_Mother_Basic,,text,"Depression_dx, see IAN CodeBook for details.",,http://dashboard.ianexchange.org/DataExplorer.aspx?FDID=47#Depression_dx,,,,,,y,,
ianbipolardisorder,IAN_Mother_Basic,,text,"Bipolar_Disorder, see IAN CodeBook for details.",,http://dashboard.ianexchange.org/DataExplorer.aspx?FDID=47#Bipolar_Disorder,,,,,,y,,
ianadhddx,IAN_Mother_Basic,,text,"ADHD_dx, see IAN CodeBook for details.",,http://dashboard.ianexchange.org/DataExplorer.aspx?FDID=47#ADHD_dx,,,,,,y,,
iananxietydisorder,IAN_Mother_Basic,,text,"Anxiety_Disorder, see IAN CodeBook for details.",,http://dashboard.ianexchange.org/DataExplorer.aspx?FDID=47#Anxiety_Disorder,,,,,,y,,
ianschizophrenia,IAN_Mother_Basic,,text,"Schizophrenia, see IAN CodeBook for details.",,http://dashboard.ianexchange.org/DataExplorer.aspx?FDID=47#Schizophrenia,,,,,,y,,
ianhashimotosthyroiditisdx,IAN_Mother_Basic,,text,"Hashimotos_Thyroiditis_dx, see IAN CodeBook for details.",,http://dashboard.ianexchange.org/DataExplorer.aspx?FDID=45#Hashimotos_Thyroiditis_dx,,,,,,y,,
iangravesdiseasedx,IAN_Mother_Basic,,text,"Graves_Disease_dx, see IAN CodeBook for details.",,http://dashboard.ianexchange.org/DataExplorer.aspx?FDID=45#Graves_Disease_dx,,,,,,y,,
ianlupusdx,IAN_Mother_Basic,,text,"Lupus_dx, see IAN CodeBook for details.",,http://dashboard.ianexchange.org/DataExplorer.aspx?FDID=45#Lupus_dx,,,,,,y,,
ianmultiplesclerosis,IAN_Mother_Basic,,text,"Multiple_Sclerosis, see IAN CodeBook for details.",,http://dashboard.ianexchange.org/DataExplorer.aspx?FDID=45#Multiple_Sclerosis,,,,,,y,,
ianrheumatoidarthritis,IAN_Mother_Basic,,text,"Rheumatoid_Arthritis, see IAN CodeBook for details.",,http://dashboard.ianexchange.org/DataExplorer.aspx?FDID=45#Rheumatoid_Arthritis,,,,,,y,,
iantype1diabetesdx,IAN_Mother_Basic,,text,"type1_diabetes_dx, see IAN CodeBook for details.",,http://dashboard.ianexchange.org/DataExplorer.aspx?FDID=45#type1_diabetes_dx,,,,,,y,,
ianibddx,IAN_Mother_Basic,,text,"ibd_dx, see IAN CodeBook for details.",,http://dashboard.ianexchange.org/DataExplorer.aspx?FDID=45#ibd_dx,,,,,,y,,
iananyresearch,IAN_Mother_Basic,,text,"any_research, see IAN CodeBook for details.",,http://dashboard.ianexchange.org/DataExplorer.aspx?FDID=45#any_research,,,,,,y,,
ianasdresearch,IAN_Mother_Basic,,text,"ASD_research, see IAN CodeBook for details.",,http://dashboard.ianexchange.org/DataExplorer.aspx?FDID=45#ASD_research,,,,,,y,,
ianhowhearian1,IAN_Mother_Basic,,text,"how_hear_IAN_1, see IAN CodeBook for details.",,http://dashboard.ianexchange.org/DataExplorer.aspx?FDID=45#how_hear_IAN,,,,,,y,,
ianhowhearian2,IAN_Mother_Basic,,text,"how_hear_IAN_2, see IAN CodeBook for details.",,http://dashboard.ianexchange.org/DataExplorer.aspx?FDID=45#how_hear_IAN,,,,,,y,,
ianhowhearian3,IAN_Mother_Basic,,text,"how_hear_IAN_3, see IAN CodeBook for details.",,http://dashboard.ianexchange.org/DataExplorer.aspx?FDID=45#how_hear_IAN,,,,,,y,,
ianhowhearian4,IAN_Mother_Basic,,text,"how_hear_IAN_4, see IAN CodeBook for details.",,http://dashboard.ianexchange.org/DataExplorer.aspx?FDID=45#how_hear_IAN,,,,,,y,,
ianhowhearian5,IAN_Mother_Basic,,text,"how_hear_IAN_5, see IAN CodeBook for details.",,http://dashboard.ianexchange.org/DataExplorer.aspx?FDID=45#how_hear_IAN,,,,,,y,,
ianhowhearian6,IAN_Mother_Basic,,text,"how_hear_IAN_6, see IAN CodeBook for details.",,http://dashboard.ianexchange.org/DataExplorer.aspx?FDID=45#how_hear_IAN,,,,,,y,,
ianhowhearian13,IAN_Mother_Basic,,text,"how_hear_IAN_13, see IAN CodeBook for details.",,http://dashboard.ianexchange.org/DataExplorer.aspx?FDID=45#how_hear_IAN,,,,,,y,,
ianhowhearian14,IAN_Mother_Basic,,text,"how_hear_IAN_14, see IAN CodeBook for details.",,http://dashboard.ianexchange.org/DataExplorer.aspx?FDID=45#how_hear_IAN,,,,,,y,,
ianhowhearianother,IAN_Mother_Basic,,text,"how_hear_IAN_other, see IAN CodeBook for details.",,http://dashboard.ianexchange.org/DataExplorer.aspx?FDID=45#how_hear_IAN,,,,,,y,,
ianhowhearian7,IAN_Mother_Basic,,text,"how_hear_IAN_7, see IAN CodeBook for details.",,http://dashboard.ianexchange.org/DataExplorer.aspx?FDID=45#how_hear_IAN,,,,,,y,,
ianhowhearian8,IAN_Mother_Basic,,text,"how_hear_IAN_8, see IAN CodeBook for details.",,http://dashboard.ianexchange.org/DataExplorer.aspx?FDID=45#how_hear_IAN,,,,,,y,,
ianhowhearian9,IAN_Mother_Basic,,text,"how_hear_IAN_9, see IAN CodeBook for details.",,http://dashboard.ianexchange.org/DataExplorer.aspx?FDID=45#how_hear_IAN,,,,,,y,,
ianhowhearian10,IAN_Mother_Basic,,text,"how_hear_IAN_10, see IAN CodeBook for details.",,http://dashboard.ianexchange.org/DataExplorer.aspx?FDID=45#how_hear_IAN,,,,,,y,,
ianhowhearian11,IAN_Mother_Basic,,text,"how_hear_IAN_11, see IAN CodeBook for details.",,http://dashboard.ianexchange.org/DataExplorer.aspx?FDID=45#how_hear_IAN,,,,,,y,,
ianhowhearian12,IAN_Mother_Basic,,text,"how_hear_IAN_12, see IAN CodeBook for details.",,http://dashboard.ianexchange.org/DataExplorer.aspx?FDID=45#how_hear_IAN,,,,,,y,,
subjectkey,IAN_Mother_Basic,,text,The NDAR Global Unique Identifier (GUID) for subjects which identifies a subject in NDAR,,,,,,,,y,,
