Variable / Field Name,Form Name,Section Header,Field Type,Field Label,"Choices, Calculations, OR Slider Labels",Field Note,Text Validation Type OR Show Slider Number,Text Validation Min,Text Validation Max,Identifier?,Branching Logic (Show field only if...),Required Field?,Custom Alignment,Question Number (surveys only)
bio_mother_education,Demographics,Mother,dropdown,Biological Mother Highest level of education,"Less than High School, Less than High School | High School Degree, High School Degree | GED, GED | Some College, Some College | Associates Degree, Associates Degree | Bachelors Degree, Bachelors Degree | Some Graduate Work, Some Graduate Work | Graduate Degree, Graduate Degree",,,,,,,y,,
bio_mother_ethnicity,Demographics,,dropdown,"Biological Mother ethnicity (Hispanic or Latino, Not Hispanic or Latino, No Answer)","Hispanic or Latino, Hispanic or Latino | Not Hispanic or Latino, Not Hispanic or Latino",,,,,,,y,,
bio_mother_race,Demographics,,dropdown," Biological Mother Race (American Indian or Alaska Native, African American or Black, Asian, Native Hawaiian or Other Pacific Islander, White)","American Indian or Alaska Native, American Indian or Alaska Native | African American or Black, African American or Black | Asian, Asian | Native Hawaiian or Other Pacific Islander, Native Hawaiian or Other Pacific Islander | White, White | Mixed Race, Mixed Race",,,,,,,y,,
bio_mother_marital_status,Demographics,,dropdown,Biological Mother Marital Status,"Single, Single | Married, Married | Divorced, Divorced | Divorced and Remarried, Divorced and Remarried | Widowed, Widowed | Seperated, Seperated",,,,,,,y,,
bio_mother_number_children,Demographics,,text,Biological Mother Number of Children,,,,,,,,y,,
bio_mother_employed,Demographics,,dropdown,Biological Mother Employed?,"Yes, Yes | No, No",,,,,,,y,,
bio_mother_type_employment,Demographics,,dropdown,Biological Mother Type of Employment,"Full time, Full time | Part time, Part time",,,,,,,y,,
bio_mother_occupation,Demographics,,text,Biological Mother Occupation,,,,,,,,y,,
bio_mother_income,Demographics,,text,"Biological Mother:  income (1=$0-$5,000; 2=$5,001-$10,000; 3=$10,001-$15,000; 4=$15,001-$25,000; 5=$25,001-$35,000; 6=$35,001-$50,000; 7=$50,001-$75,000; 8=$75,001-$100,000; 9=$100,001-$150,000; 10=over $150,000)",,,number,1,10,,,y,,
bio_mother_writing_hand,Demographics,,dropdown,Biological Mother:  Hand used to write with,"R, R | L, L | B, B",,,,,,,y,,
bio_father_education,Demographics,Father,dropdown,Biological Father Highest level of education,"Less than High School, Less than High School | High School Degree, High School Degree | GED, GED | Some College, Some College | Associates Degree, Associates Degree | Bachelors Degree, Bachelors Degree | Some Graduate Work, Some Graduate Work | Graduate Degree, Graduate Degree",,,,,,,y,,
bio_father_ethnicity,Demographics,,dropdown,"Biological Father ethnicity (Hispanic or Latino, Not Hispanic or Latino, No Answer)","Hispanic or Latino, Hispanic or Latino | Not Hispanic or Latino, Not Hispanic or Latino",,,,,,,y,,
bio_father_race,Demographics,,dropdown," Biological Father Race (American Indian or Alaska Native, African American or Black, Asian, Native Hawaiian or Other Pacific Islander, White)","American Indian or Alaska Native, American Indian or Alaska Native | African American or Black, African American or Black | Asian, Asian | Native Hawaiian or Other Pacific Islander, Native Hawaiian or Other Pacific Islander | White, White | Mixed Race, Mixed Race",,,,,,,y,,
bio_father_marital_status,Demographics,,dropdown,Biological Father Marital Status,"Single, Single | Married, Married | Divorced, Divorced | Divorced and Remarried, Divorced and Remarried | Widowed, Widowed | Seperated, Seperated",,,,,,,y,,
bio_father_number_children,Demographics,,text,Biological Father Number of Children,,,,,,,,y,,
bio_father_employed,Demographics,,dropdown,Biological Father Employed?,"Yes, Yes | No, No",,,,,,,y,,
bio_father_type_employment,Demographics,,dropdown,Biological Father Type of Employment,"Full time, Full time | Part time, Part time",,,,,,,y,,
bio_father_occupation,Demographics,,text,Biological Father Occupation,,,,,,,,y,,
bio_father_income,Demographics,,text,"Biological Father:  income (1=$0-$5,000; 2=$5,001-$10,000; 3=$10,001-$15,000; 4=$15,001-$25,000; 5=$25,001-$35,000; 6=$35,001-$50,000; 7=$50,001-$75,000; 8=$75,001-$100,000; 9=$100,001-$150,000; 10=over $150,000)",,,number,1,10,,,y,,
bio_father_writing_hand,Demographics,,dropdown,Biological Father:  Hand used to write with,"R, R | L, L | B, B",,,,,,,y,,
household_where_child_lives,Demographics,Household,dropdown,Child (subject/proband) with ASD currently lives with,"Both Parents, Both Parents | Biological Mother Only, Biological Mother Only | Biological Father Only, Biological Father Only | Biological Mother and Step Father, Biological Mother and Step Father | Biological Father and Step Mother, Biological Father and Step Mother | Foster Parents, Foster Parents | Other Relatives, Other Relatives | Other, Other | Adoptive Parents, Adoptive Parents",,,,,,,y,,
household_physical_custody,Demographics,,dropdown,Physical Custody situation if mother and father are divorced or seperated,"Joint, Joint | Mother has sole custody, Mother has sole custody | Father has sole custody, Father has sole custody",,,,,,,y,,
household_visitation,Demographics,,dropdown,"If either parent has sole custody based on the previous question, does the other parent have visitation?","Yes, Yes | No, No",,,,,,,y,,
household_number_in_house,Demographics,,text,Number of people living in primary residence for subject (proband),,,,,,,,y,,
household_dwelling_type,Demographics,,dropdown,Primary Residence Dwelling type,"Apartment, Apartment | Attached House, Attached House | Detached House, Detached House",,,,,,,y,,
subjectkey,Demographics,,text,The NDAR Global Unique Identifier (GUID) for subjects which identifies a subject in NDAR,,,,,,,,,,
src_subject_id,Demographics,NDAR Required,text,The site's subject identification,,,,,,,,y,,
interview_date,Demographics,,text,Date on which the interview/genetic test/sampling/imaging was completed,"MM/yyyy, MM/yyyy | MM/dd/yyyy, MM/dd/yyyy",* '01/01/1900' indicates that a date associated with retrospective data is not known.,date_ymd,,,,,y,,
interview_age,Demographics,,text,Age in months at the time of the interview/test/sampling/imaging.,,Age is rounded to chronological month If the research participant is 13 days old at time of interview  the appropriate value would be 0 months if the participant is 19 days old the value would be 1 month,number,0,1200,,,y,,
gender,Demographics,Header,dropdown,Gender,"M, M | F, F",,,,,,,y,,
respondent,Demographics,,dropdown,FIGS Y1: Respondent (mother or father),"Mother, Mother | Father, Father | Other, Other",,,,,,,y,,
household_income_level,Demographics,,text,"Full Screener (Visit 1): Q52 combined income all adults in home (1=$0-$5,000; 2=$5,001-$10,000; 3=$10,001-$15,000; 4=$15,001-$25,000; 5=$25,001-$35,000; 6=$35,001-$50,000; 7=$50,001-$75,000; 8=$75,001-$100,000; 9=$100,001-$150,000; 10=over $150,000)",,,,,,,,y,,
comments_misc,Demographics,,text,"Miscellaneous comments on study, interview, methodology relevant to this form data",,,,,,,,,,
