Variable / Field Name,Form Name,Section Header,Field Type,Field Label,"Choices, Calculations, OR Slider Labels",Field Note,Text Validation Type OR Show Slider Number,Text Validation Min,Text Validation Max,Identifier?,Branching Logic (Show field only if...),Required Field?,Custom Alignment,Question Number (surveys only)
antihistamine_current,Medication Profile,,dropdown,presently taking Antihistamines,"TRUE, TRUE | FALSE, FALSE",,,,,,,y,,
antihistamine_past,Medication Profile,,dropdown,taking Antihistamines in past,"TRUE, TRUE | FALSE, FALSE",,,,,,,y,,
antihistamine_today,Medication Profile,,dropdown,taking Antihistamines today,"TRUE, TRUE | FALSE, FALSE",,,,,,,y,,
antihistamine_dose,Medication Profile,,text,describe the brand and dose taking,,,,,,,,y,,
antihistamine_benadryl,Medication Profile,,dropdown,taking Benadryl,"TRUE, TRUE | FALSE, FALSE",,,,,,,y,,
antihistamine_alavert,Medication Profile,,dropdown,taking Alavert,"TRUE, TRUE | FALSE, FALSE",,,,,,,y,,
antihistamine_atarax,Medication Profile,,dropdown,taking Atarax,"TRUE, TRUE | FALSE, FALSE",,,,,,,y,,
antihistamine_vistaril,Medication Profile,,dropdown,taking Vistaril,"TRUE, TRUE | FALSE, FALSE",,,,,,,y,,
antihistamine_phenergan,Medication Profile,,dropdown,taking Phenergan,"TRUE, TRUE | FALSE, FALSE",,,,,,,y,,
antihistamine_claritin,Medication Profile,,dropdown,taking Claritin,"TRUE, TRUE | FALSE, FALSE",,,,,,,y,,
antihistamine_zyrtec,Medication Profile,,dropdown,taking Zyrtec,"TRUE, TRUE | FALSE, FALSE",,,,,,,y,,
antihistamine_zantac,Medication Profile,,dropdown,taking Zantac,"TRUE, TRUE | FALSE, FALSE",,,,,,,y,,
antihistamine_other,Medication Profile,,dropdown,taking other Antihistamine,"TRUE, TRUE | FALSE, FALSE",,,,,,,y,,
coldmed_current,Medication Profile,,dropdown,presently taking Cold Med,"TRUE, TRUE | FALSE, FALSE",,,,,,,y,,
coldmed_past,Medication Profile,,dropdown,taking Cold Med in Past,"TRUE, TRUE | FALSE, FALSE",,,,,,,y,,
coldmed_today,Medication Profile,,dropdown,taking Cold Med Today,"TRUE, TRUE | FALSE, FALSE",,,,,,,y,,
adhd_adderall,Medication Profile,,dropdown,taking ADHD_Adderall,"TRUE, TRUE | FALSE, FALSE",,,,,,,y,,
adhd_ritalin,Medication Profile,,dropdown,taking ADHD_Ritalin,"TRUE, TRUE | FALSE, FALSE",,,,,,,y,,
adhd_concerta,Medication Profile,,dropdown,taking ADHD_Concerta,"TRUE, TRUE | FALSE, FALSE",,,,,,,y,,
adhd_strattera,Medication Profile,,dropdown,taking ADHD_Strattera,"TRUE, TRUE | FALSE, FALSE",,,,,,,y,,
adhd_vyvanse,Medication Profile,,dropdown,taking ADHD_Vyvanse,"TRUE, TRUE | FALSE, FALSE",,,,,,,y,,
adhd_dexadrine,Medication Profile,,dropdown,taking ADHD_Dexadrine,"TRUE, TRUE | FALSE, FALSE",,,,,,,y,,
adhd_deaner,Medication Profile,,dropdown,taking ADHD_Deaner,"TRUE, TRUE | FALSE, FALSE",,,,,,,y,,
adhd_cylert,Medication Profile,,dropdown,taking ADHD_Cylert,"TRUE, TRUE | FALSE, FALSE",,,,,,,y,,
adhd_tenex,Medication Profile,,dropdown,taking ADHD_Tenex,"TRUE, TRUE | FALSE, FALSE",,,,,,,y,,
adhd_current,Medication Profile,,dropdown,presently taking ADHD medications,"TRUE, TRUE | FALSE, FALSE",,,,,,,y,,
adhd_past,Medication Profile,,dropdown,taking ADHD medications in the past?,"TRUE, TRUE | FALSE, FALSE",,,,,,,y,,
adhd_today,Medication Profile,,dropdown,taking ADHD medications today?,"TRUE, TRUE | FALSE, FALSE",,,,,,,y,,
adhd_dose,Medication Profile,,text,"The brand of ADHD medications (stimulants, others) and the dose",,,,,,,,y,,
antibiotics_current,Medication Profile,,dropdown,Taking antibiotics presently,"TRUE, TRUE | FALSE, FALSE",,,,,,,y,,
antibiotics_past,Medication Profile,,dropdown,Are antibiotics taken in the past?,"TRUE, TRUE | FALSE, FALSE",,,,,,,y,,
antibiotics_today,Medication Profile,,dropdown,taking antibiotics on the day of test?,"TRUE, TRUE | FALSE, FALSE",,,,,,,y,,
antibiotics_dose,Medication Profile,,text,The brand of Antibiotics  and the dose,,,,,,,,y,,
bloodpressure_current,Medication Profile,,dropdown,taking blood pressure med presently?,"TRUE, TRUE | FALSE, FALSE",,,,,,,y,,
bloodpressure_past,Medication Profile,,dropdown,taking Blood pressure medications in the past?,"TRUE, TRUE | FALSE, FALSE",,,,,,,y,,
bloodpressure_today,Medication Profile,,dropdown,taking Blood pressure medications taken on the day of PLR test?,"TRUE, TRUE | FALSE, FALSE",,,,,,,y,,
bloodpressure_dose,Medication Profile,,text,The brand of Blood pressure medications the dose,,,,,,,,y,,
eyedrop_current,Medication Profile,,dropdown,taling eye drops presently?,"TRUE, TRUE | FALSE, FALSE",,,,,,,y,,
eyedrop_past,Medication Profile,,dropdown,taking Eye drops in the past?,"TRUE, TRUE | FALSE, FALSE",,,,,,,y,,
eyedrop_today,Medication Profile,,dropdown,taking Eye drops on the day of PLR test?,"TRUE, TRUE | FALSE, FALSE",,,,,,,y,,
eyedrop_dose,Medication Profile,,text,The brand of Eye drops and the dose,,,,,,,,y,,
neuroleptics_current,Medication Profile,,dropdown,taking Neuroleptics presently?,"TRUE, TRUE | FALSE, FALSE",,,,,,,y,,
neuroleptics_past,Medication Profile,,dropdown,taking Neuroleptics in the past?,"TRUE, TRUE | FALSE, FALSE",,,,,,,y,,
neuroleptics_today,Medication Profile,,dropdown,taking Neuroleptics on the day of the test?,"TRUE, TRUE | FALSE, FALSE",,,,,,,y,,
neuroleptics_dose,Medication Profile,,text,The brand of Neuroleptics (Antipsychotics) and the dose,,,,,,,,y,,
neuroleptics_risperdol,Medication Profile,,dropdown,taking Neuroleptics_Risperdol,"TRUE, TRUE | FALSE, FALSE",,,,,,,y,,
neuroleptics_zyprexa,Medication Profile,,dropdown,taking Neuroleptics_Zyprexa,"TRUE, TRUE | FALSE, FALSE",,,,,,,y,,
neuroleptics_abilify,Medication Profile,,dropdown,taking Neuroleptics_Abilify,"TRUE, TRUE | FALSE, FALSE",,,,,,,y,,
neuroleptics_seroquel,Medication Profile,,dropdown,taking Neuroleptics_Seroquel,"TRUE, TRUE | FALSE, FALSE",,,,,,,y,,
neuroleptics_clozaril,Medication Profile,,dropdown,taking Neuroleptics_Clozaril,"TRUE, TRUE | FALSE, FALSE",,,,,,,y,,
neuroleptics_geodon,Medication Profile,,dropdown,taking Neuroleptics_Geodon,"TRUE, TRUE | FALSE, FALSE",,,,,,,y,,
neuroleptics_orap,Medication Profile,,dropdown,taking Neuroleptics_Orap,"TRUE, TRUE | FALSE, FALSE",,,,,,,y,,
moodstabilizer_current,Medication Profile,,dropdown,tsaking Mood stabilizers presently?,"TRUE, TRUE | FALSE, FALSE",,,,,,,y,,
moodstabilizer_past,Medication Profile,,dropdown,tsaking Mood stabilizers in the past?,"TRUE, TRUE | FALSE, FALSE",,,,,,,y,,
moodstabilizer_today,Medication Profile,,dropdown,taking Mood stabilizers on the day of test?,"TRUE, TRUE | FALSE, FALSE",,,,,,,y,,
moodstabilizer_dose,Medication Profile,,text,The brand of Mood stabilizers and the dose,,,,,,,,y,,
antidepressant_current,Medication Profile,,dropdown,taking Antidepressants presently?,"TRUE, TRUE | FALSE, FALSE",,,,,,,y,,
antidepressant_past,Medication Profile,,dropdown,taking Antidepressants in the past?,"TRUE, TRUE | FALSE, FALSE",,,,,,,y,,
antidepressant_today,Medication Profile,,dropdown,taking Antidepressants on the day of test?,"TRUE, TRUE | FALSE, FALSE",,,,,,,y,,
antidepressant_dose,Medication Profile,,text,The brand of Antidepressants and the dose,,,,,,,,y,,
antidepressant_zoloft,Medication Profile,,dropdown,taking Antidepressant_Zoloft,"TRUE, TRUE | FALSE, FALSE",,,,,,,y,,
antidepressant_prozac,Medication Profile,,dropdown,taking Antidepressant_Prozac,"TRUE, TRUE | FALSE, FALSE",,,,,,,y,,
antidepressant_paxil,Medication Profile,,dropdown,taking Antidepressant_Paxil,"TRUE, TRUE | FALSE, FALSE",,,,,,,y,,
antidepressant_celexa,Medication Profile,,dropdown,taking Antidepressant_Celexa,"TRUE, TRUE | FALSE, FALSE",,,,,,,y,,
antidepressant_anafranil,Medication Profile,,dropdown,taking Antidepressant_Anafranil,"TRUE, TRUE | FALSE, FALSE",,,,,,,y,,
antidepressant_tofranil,Medication Profile,,dropdown,taking Antidepressant_Tofranil,"TRUE, TRUE | FALSE, FALSE",,,,,,,y,,
antidepressant_desyrel,Medication Profile,,dropdown,taking Antidepressant_Desyrel,"TRUE, TRUE | FALSE, FALSE",,,,,,,y,,
anxiolytics_current,Medication Profile,,dropdown,taking Anxiolytics presently?,"TRUE, TRUE | FALSE, FALSE",,,,,,,y,,
anxiolytics_past,Medication Profile,,dropdown,taking Anxiolytics in the past?,"TRUE, TRUE | FALSE, FALSE",,,,,,,y,,
anxiolytics_today,Medication Profile,,dropdown,taking Anxiolytics on the day of test?,"TRUE, TRUE | FALSE, FALSE",,,,,,,y,,
anxiolytics_dose,Medication Profile,,text,The brand of Anxiolytics and the dose,,,,,,,,y,,
anxiolytics_buspar,Medication Profile,,dropdown,taking Anxiolytics_Buspar,"TRUE, TRUE | FALSE, FALSE",,,,,,,y,,
anxiolytics_klonopin,Medication Profile,,dropdown,taking Anxiolytics_Klonopin,"TRUE, TRUE | FALSE, FALSE",,,,,,,y,,
anxiolytics_valium,Medication Profile,,dropdown,taking Anxiolytics_Valium,"TRUE, TRUE | FALSE, FALSE",,,,,,,y,,
anxiolytics_librium,Medication Profile,,dropdown,taking Anxiolytics_Librium,"TRUE, TRUE | FALSE, FALSE",,,,,,,y,,
supplements_current,Medication Profile,,dropdown,taking Supplements presently?,"TRUE, TRUE | FALSE, FALSE",,,,,,,y,,
supplements_past,Medication Profile,,dropdown,taking Supplements in the past?,"TRUE, TRUE | FALSE, FALSE",,,,,,,y,,
supplements_today,Medication Profile,,dropdown,taking Supplements on the day of test?,"TRUE, TRUE | FALSE, FALSE",,,,,,,y,,
supplements_dose,Medication Profile,,text,Describe the Supplements and dose,,,,,,,,y,,
specialdiet_current,Medication Profile,,dropdown,taking special diets presently?,"TRUE, TRUE | FALSE, FALSE",,,,,,,y,,
specialdiet_past,Medication Profile,,dropdown,taking special diets in the past?,"TRUE, TRUE | FALSE, FALSE",,,,,,,y,,
specialdiet_today,Medication Profile,,dropdown,taking special diets on the day of test?,"TRUE, TRUE | FALSE, FALSE",,,,,,,y,,
specialdiet_dose,Medication Profile,,text,Describe the Special Diets,,,,,,,,y,,
subjectkey,Medication Profile,NDAR Required,text,The NDAR Global Unique Identifier (GUID) for subjects which identifies a subject in NDAR,,,,,,,,y,,
src_subject_id,Medication Profile,,text,The site's subject identification,,,,,,,,y,,
interview_date,Medication Profile,,text,Date on which the interview/genetic test/sampling/imaging was completed,"MM/yyyy, MM/yyyy | MM/dd/yyyy, MM/dd/yyyy",* '01/01/1900' indicates that a date associated with retrospective data is not known.,date_ymd,,,,,y,,
interview_age,Medication Profile,,text,Age in months at the time of the interview/test/sampling/imaging.,,Age is rounded to chronological month If the research participant is 13 days old at time of interview  the appropriate value would be 0 months if the participant is 19 days old the value would be 1 month,number,0,1200,,,y,,
