Variable / Field Name,Form Name,Section Header,Field Type,Field Label,"Choices, Calculations, OR Slider Labels",Field Note,Text Validation Type OR Show Slider Number,Text Validation Min,Text Validation Max,Identifier?,Branching Logic (Show field only if...),Required Field?,Custom Alignment,Question Number (surveys only)
subjectkey,Peds - Urine and Saliva,,text,The NDAR Global Unique Identifier (GUID) for subjects which identifies a subject in NDAR,,,,,,,,,,
admin_status,Peds - Urine and Saliva,,dropdown,Instrument administration status,"Complete, Complete | Partial, Partial | Not Administered, Not Administered | Not Applicable, Not Applicable",,,,,,,y,,
src_subject_id,Peds - Urine and Saliva,,text,The site's subject identification,,,,,,,,y,,
age_days_dot_to_dob,Peds - Urine and Saliva,,text,Age in days obtained by subtracting the date of birth from the date of test,,,,,,,,y,,
timepoint_label,Peds - Urine and Saliva,,text,User-defined timepoint/visit label - a label selected by the site at the time of registration of a new timepoint into the database.  This label is used to group all the instruments administered to a subject at a given timepoint.,,,,,,,,y,,
saliva_dhea_collection1_samp1,Peds - Urine and Saliva,,text,Saliva Measures: DHEA level first saliva collection value for the first analysis sample (pg/ml),,,,,,,,y,,
saliva_dhea_collection1_samp2,Peds - Urine and Saliva,,text,Saliva Measures: DHEA level first saliva collection value for the second analysis sample (pg/ml),,,,,,,,y,,
saliva_dhea_collection1_sd,Peds - Urine and Saliva,,text,Saliva Measures: DHEA level standard deviation value for the first saliva collection,,,,,,,,y,,
saliva_dhea_collection2_ci,Peds - Urine and Saliva,,text,Saliva Measures: DHEA level confidence interval for the second saliva collection,,,,,,,,y,,
saliva_dhea_collection2_mean,Peds - Urine and Saliva,,text,Saliva Measures: DHEA level mean value for the second saliva collection (pg/ml),,,,,,,,y,,
saliva_dhea_collection2_samp2,Peds - Urine and Saliva,,text,Saliva Measures: DHEA level second saliva collection value for the second analysis sample (pg/ml),,,,,,,,y,,
saliva_estradiol_batch_proc_no,Peds - Urine and Saliva,,text,Saliva Measures: Estradiol samples with the same # were processed as part of the same batch,,,,,,,,y,,
saliva_estradiol_collect1_sam1,Peds - Urine and Saliva,,text,Saliva Measures: Estradiol level first saliva collection value for the first analysis sample (pg/ml),,,,,,,,y,,
saliva_estradiol_collect1_sam2,Peds - Urine and Saliva,,text,Saliva Measures: Estradiol level first saliva collection value for the second analysis sample (pg/ml),,,,,,,,y,,
saliva_estradiol_collect2_ci,Peds - Urine and Saliva,,text,Saliva Measures: Estradiol level confidence interval for the second saliva collection,,,,,,,,y,,
saliva_estradiol_collect2_mean,Peds - Urine and Saliva,,text,Saliva Measures: Estradiol level mean value for the second saliva collection (pg/ml),,,,,,,,y,,
saliva_estradiol_collect2_sam2,Peds - Urine and Saliva,,text,Saliva Measures: Estradiol level second saliva collection value for the second analysis sample (pg/ml),,,,,,,,y,,
saliva_estradiol_collect2_sd,Peds - Urine and Saliva,,text,Saliva Measures: Estradiol level standard deviation value for the second saliva collection,,,,,,,,y,,
saliva_testoster_batch_proc_no,Peds - Urine and Saliva,,text,Saliva Measures: Testosterone samples with the same # were processed as part of the same batch,,,,,,,,y,,
saliva_testosterone_c1_sample2,Peds - Urine and Saliva,,text,Saliva Measures: Testosterone level first saliva collection value for the second analysis sample (pg/ml),,,,,,,,y,,
saliva_testosterone_c1_sd,Peds - Urine and Saliva,,text,Saliva Measures: Testosterone level standard deviation value for the first saliva collection,,,,,,,,y,,
saliva_testosterone_c2_ci,Peds - Urine and Saliva,,text,Saliva Measures: Testosterone level confidence interval for the second saliva collection,,,,,,,,y,,
saliva_testosterone_c2_mean,Peds - Urine and Saliva,,text,Saliva Measures: Testosterone level mean value for the second saliva collection (pg/ml),,,,,,,,y,,
saliva_testosterone_c2_sample1,Peds - Urine and Saliva,,text,Saliva Measures: Testosterone level second saliva collection value for the first analysis sample (pg/ml),,,,,,,,y,,
saliva_testosterone_c2_sample2,Peds - Urine and Saliva,,text,Saliva Measures: Testosterone level second saliva collection value for the second analysis sample (pg/ml),,,,,,,,y,,
saliva_testosterone_c2_sd,Peds - Urine and Saliva,,text,Saliva Measures: Testosterone level standard deviation value for the second saliva collection,,,,,,,,y,,
testosterone_urine_lab_date,Peds - Urine and Saliva,,text,Urine Measures: Date of lab work,"MM/dd/yyyy, MM/dd/yyyy | MM/dd/yyyy HH:mm Z, MM/dd/yyyy HH:mm Z",,date_ymd,,,,,y,,
urine_collection_na,Peds - Urine and Saliva,,text,Urine Measures: Field to mark that the Urine collection time is not applicable,,,,,,,,y,,
urine_estradiol_batch_proc_no,Peds - Urine and Saliva,,text,Urine Measures: Estradiol samples with the same # were processed as part of the same batch,,,,,,,,y,,
urine_estradiol_collection_sd,Peds - Urine and Saliva,,text,Urine Measures: Estradiol level standard deviation value,,,,,,,,y,,
urine_last_menstrual_pd_days,Peds - Urine and Saliva,,text,Urine Measures: Number of days since last menstrual period (Date sample taken - Date of last menstruation),"MM/dd/yyyy, MM/dd/yyyy | MM/dd/yyyy HH:mm Z, MM/dd/yyyy HH:mm Z",,date_ymd,,,,,y,,
urine_menstruation_na,Peds - Urine and Saliva,,text,Urine Measures: Field to mark that the Number of days since last menstrual period is not applicable,,,,,,,,y,,
urine_testosterone_collect_ci,Peds - Urine and Saliva,,text,Urine Measures: Testosterone level confidence interval,,,,,,,,y,,
urine_testosterone_col_mean,Peds - Urine and Saliva,,text,Urine Measures: Testosterone level mean value (pg/ml),,,,,,,,y,,
urine_testosterone_col_sample2,Peds - Urine and Saliva,,text,Urine Measures: Testosterone level value for the second analysis sample (pg/ml),,,,,,,,y,,
cortisol_saliva_lab_collect_t1,Peds - Urine and Saliva,,text,Saliva Measures: The time that the Cortisol first sample was collected,,,,,,,,y,,
cortisol_saliva_lab_collect_t2,Peds - Urine and Saliva,,text,Saliva Measures: The time that the Cortisol second sample was collected,,,,,,,,y,,
dhea_saliva_lab_collect_time1,Peds - Urine and Saliva,,text,Saliva Measures: The time that the DHEA saliva first sample was collected,,,,,,,,y,,
estradiol_saliva_lab_col_t1,Peds - Urine and Saliva,,text,Saliva Measures: The time that the Estradiol first sample was collected,,,,,,,,y,,
saliva_collection1_time,Peds - Urine and Saliva,,text,Saliva Measures: Time of the first saliva collection (hour:minute),,,,,,,,y,,
testosterone_saliva_lab_ct2,Peds - Urine and Saliva,,text,Saliva Measures: The time that theTestosterone second sample was collected,,,,,,,,y,,
testosterone_urine_lab_c_time,Peds - Urine and Saliva,,text,Urine Measures: The time that the Testosterone sample was collected,,,,,,,,y,,
urine_collection_time,Peds - Urine and Saliva,,text,Urine Measures: Time of urine collection,,,,,,,,y,,
urine_saliva_data_entry_status,Peds - Urine and Saliva,,dropdown,Urine and Saliva Measures: Urine and Saliva Measures: The Data entry completion status of this instrument (whether the instrument is completed or not),"Incomplete, Incomplete | Complete, Complete",,,,,,,y,,
cortisol_saliva_collect1_time,Peds - Urine and Saliva,,dropdown,Saliva Measures: Time of the Saliva collection of Cortisol,"before, before | after, after | DD, DD",,,,,,,y,,
cortisol_saliva_collect2_time,Peds - Urine and Saliva,,dropdown,Saliva Measures: Second collection time,"before, before | after, after | DD, DD",,,,,,,y,,
cortisol_saliva_lab_date,Peds - Urine and Saliva,,text,Saliva Measures: Date of lab work,"MM/dd/yyyy, MM/dd/yyyy | MM/dd/yyyy HH:mm Z, MM/dd/yyyy HH:mm Z",,date_ymd,,,,,y,,
dhea_saliva_lab_date,Peds - Urine and Saliva,,text,Saliva Measures: The date that the saliva sample arrived at the lab,"MM/dd/yyyy, MM/dd/yyyy | MM/dd/yyyy HH:mm Z, MM/dd/yyyy HH:mm Z",,date_ymd,,,,,y,,
estradiol_saliva_lab_date,Peds - Urine and Saliva,,text,Saliva Measures: Date of lab work,"MM/dd/yyyy, MM/dd/yyyy | MM/dd/yyyy HH:mm Z, MM/dd/yyyy HH:mm Z",,date_ymd,,,,,y,,
estradiol_urine_lab_date,Peds - Urine and Saliva,,text,Urine Measures: Estradiol lab date,"MM/dd/yyyy, MM/dd/yyyy | MM/dd/yyyy HH:mm Z, MM/dd/yyyy HH:mm Z",,date_ymd,,,,,y,,
saliva_collection1_na,Peds - Urine and Saliva,,text,Saliva Measures: Field to mark that the Saliva_collection1 is not applicable,,,,,,,,y,,
saliva_collection2_na,Peds - Urine and Saliva,,text,Saliva Measures: Field to mark that the Saliva_collection2 is not applicable,,,,,,,,y,,
saliva_cortisol_collection1_ci,Peds - Urine and Saliva,,text,Saliva Measures: Cortisol level confidence interval for the first saliva collection,,,,,,,,y,,
saliva_cortisol_collect1_mean,Peds - Urine and Saliva,,text,Saliva Measures: Cortisol level mean value for the first saliva collection (µg/dl),,,,,,,,y,,
aliva_cortisol_collect1_mean,Peds - Urine and Saliva,,text,Saliva Measures: Cortisol level mean value for the first saliva collection (µg/dl),,,,,,,,y,,
aliva_cortisol_collect1_samp1,Peds - Urine and Saliva,,text,Saliva Measures: Cortisol level first saliva collection value for the first analysis sample (µg/dl),,,,,,,,y,,
aliva_cortisol_collect1_samp2,Peds - Urine and Saliva,,text,Cortisol level first saliva collection value for the second analysis sample (µg/dl),,,,,,,,y,,
saliva_cortisol_collection2_ci,Peds - Urine and Saliva,,text,Saliva Measures: Cortisol level confidence interval for the second saliva collection,,,,,,,,y,,
saliva_cortisol_collect2_mean,Peds - Urine and Saliva,,text,Saliva Measures: Cortisol level mean value for the second saliva collection (µg/dl),,,,,,,,y,,
aliva_cortisol_collect2_mean,Peds - Urine and Saliva,,text,Saliva Measures: Cortisol level mean value for the second saliva collection (µg/dl),,,,,,,,y,,
aliva_cortisol_collect2_samp1,Peds - Urine and Saliva,,text,Saliva Measures: Cortisol level second saliva collection value for the first analysis sample (µg/dl),,,,,,,,y,,
aliva_cortisol_collect2_samp2,Peds - Urine and Saliva,,text,Saliva Measures: Cortisol level second saliva collection value for the second analysis sample (µg/dl),,,,,,,,y,,
saliva_date_taken,Peds - Urine and Saliva,,text,Saliva Measures: The date that the sample was obtained,"MM/dd/yyyy, MM/dd/yyyy | MM/dd/yyyy HH:mm Z, MM/dd/yyyy HH:mm Z",,date_ymd,,,,,y,,
saliva_dhea_batch_process_num,Peds - Urine and Saliva,,text,Saliva Measures: DHEA samples with the same # were processed as part of the same batch,,,,,,,,y,,
saliva_dhea_collection1_ci,Peds - Urine and Saliva,,text,Saliva Measures: DHEA level confidence interval for the first saliva collection,,,,,,,,y,,
saliva_dhea_collection1_mean,Peds - Urine and Saliva,,text,Saliva Measures: DHEA level mean value for the first saliva collection (pg/ml),,,,,,,,y,,
saliva_dhea_collection2_samp1,Peds - Urine and Saliva,,text,Saliva Measures: DHEA level second saliva collection value for the first analysis sample (pg/ml),,,,,,,,y,,
saliva_dhea_collection2_sd,Peds - Urine and Saliva,,text,Saliva Measures: DHEA level standard deviation value for the second saliva collection,,,,,,,,y,,
saliva_estradiol_collect1_ci,Peds - Urine and Saliva,,text,Saliva Measures: Estradiol level confidence interval for the first saliva collection,,,,,,,,y,,
saliva_estradiol_collect1_mean,Peds - Urine and Saliva,,text,Saliva Measures: Estradiol level mean value for the first saliva collection (pg/ml),,,,,,,,y,,
saliva_estradiol_collect1_sd,Peds - Urine and Saliva,,text,Saliva Measures: Estradiol level standard deviation value for the first saliva collection,,,,,,,,y,,
saliva_estradiol_collect2_sam1,Peds - Urine and Saliva,,text,Saliva Measures: Estradiol level second saliva collection value for the first analysis sample (pg/ml),,,,,,,,y,,
saliva_testosterone_c1_ci,Peds - Urine and Saliva,,text,Saliva Measures: Testosterone level confidence interval for the first saliva collection,,,,,,,,y,,
saliva_testosterone_c1_mean,Peds - Urine and Saliva,,text,Saliva Measures: Testosterone level mean value for the first saliva collection (pg/ml),,,,,,,,y,,
saliva_testosterone_c1_sample1,Peds - Urine and Saliva,,text,Saliva Measures: Testosterone level first saliva collection value for the first analysis sample (pg/ml),,,,,,,,y,,
testosterone_saliva_lab_date,Peds - Urine and Saliva,,text,Saliva Measures: Date of lab work,"MM/dd/yyyy, MM/dd/yyyy | MM/dd/yyyy HH:mm Z, MM/dd/yyyy HH:mm Z",,date_ymd,,,,,y,,
urine_estradiol_collection_ci,Peds - Urine and Saliva,,text,Urine Measures: Estradiol level confidence interval,,,,,,,,y,,
urine_estradiol_collect_mean,Peds - Urine and Saliva,,text,Urine Measures: Estradiol level mean value (pg/ml),,,,,,,,y,,
urine_estradiol_collect_samp2,Peds - Urine and Saliva,,text,Urine Measures: Estradiol level value for the second analysis sample (pg/ml),,,,,,,,y,,
urine_testosterone_batch_pr_no,Peds - Urine and Saliva,,text,Urine Measures: Testosterone samples with the same # were processed as part of the same batch,,,,,,,,y,,
urine_testosterone_col_sample1,Peds - Urine and Saliva,,text,Urine Measures: Testosterone level value for the first analysis sample (pg/ml),,,,,,,,y,,
urine_testosterone_collect_sd,Peds - Urine and Saliva,,text,Urine Measures: Testosterone level standard deviation value,,,,,,,,y,,
dhea_saliva_lab_collect_time2,Peds - Urine and Saliva,,text,Saliva Measures: The time that the DHEA saliva second sample was collected,,,,,,,,y,,
estradiol_saliva_lab_col_t2,Peds - Urine and Saliva,,text,Saliva Measures: The time that the Estradiol second sample was collected,,,,,,,,y,,
estradiol_urine_lab_col_time,Peds - Urine and Saliva,,text,Urine Measures: The time that the urine sample was collected,,,,,,,,y,,
saliva_collection2_time,Peds - Urine and Saliva,,text,Saliva Measures: Time of the second saliva collection (hour:minute),,,,,,,,y,,
testosterone_saliva_lab_ct1,Peds - Urine and Saliva,,text,Saliva Measures: The time that the Testosterone first sample was collected,,,,,,,,y,,
