Variable / Field Name,Form Name,Section Header,Field Type,Field Label,"Choices, Calculations, OR Slider Labels",Field Note,Text Validation Type OR Show Slider Number,Text Validation Min,Text Validation Max,Identifier?,Branching Logic (Show field only if...),Required Field?,Custom Alignment,Question Number (surveys only)
subjectkey,CPEA STAART WIPPSI 4y0m to 7y3m,,text,,,,,,,,,y,,
interview_date,CPEA STAART WIPPSI 4y0m to 7y3m,,text,,"MM/yyyy, MM/yyyy | MM/dd/yyyy, MM/dd/yyyy",* '01/01/1900' indicates that a date associated with retrospective data is not known.,date_ymd,,,,,y,,
cycle,CPEA STAART WIPPSI 4y0m to 7y3m,,text,,,,,,,,,y,,
patid,CPEA STAART WIPPSI 4y0m to 7y3m,,text,,,Patient IDs were assigned at the research site for CPEA and STAART,,,,,,y,,
network,CPEA STAART WIPPSI 4y0m to 7y3m,,text,,,CPEA or STAART Network,,,,,,y,,
site,CPEA STAART WIPPSI 4y0m to 7y3m,,text,,,CPEA or STAART Site,,,,,,y,,
study,CPEA STAART WIPPSI 4y0m to 7y3m,,text,,,CPEA or STAART Study,,,,,,y,,
wppsi_bld_ae,CPEA STAART WIPPSI 4y0m to 7y3m,,text,,,,,,,,,y,,
wppsi_bld_rawscre,CPEA STAART WIPPSI 4y0m to 7y3m,,text,,,,,,,,,y,,
ppsi_bld_rawscre,CPEA STAART WIPPSI 4y0m to 7y3m,,text,,,,,,,,,y,,
ppsi_bld_scldscre,CPEA STAART WIPPSI 4y0m to 7y3m,,text,,,,,,,,,y,,
ppsi_cdg_rawscre,CPEA STAART WIPPSI 4y0m to 7y3m,,text,,,,,,,,,y,,
ppsi_cdg_scldscre,CPEA STAART WIPPSI 4y0m to 7y3m,,text,,,,,,,,,y,,
ppsi_cmp_rawscre,CPEA STAART WIPPSI 4y0m to 7y3m,,text,,,,,,,,,y,,
ppsi_cmp_scldscre,CPEA STAART WIPPSI 4y0m to 7y3m,,text,,,,,,,,,y,,
wppsi_fiq_compscre,CPEA STAART WIPPSI 4y0m to 7y3m,,text,,,,,,,,,y,,
ppsi_fiq_compscre,CPEA STAART WIPPSI 4y0m to 7y3m,,text,,,,,,,,,y,,
ppsi_fiq_sumscld,CPEA STAART WIPPSI 4y0m to 7y3m,,text,,,,,,,,,y,,
ppsi_inf_rawscre,CPEA STAART WIPPSI 4y0m to 7y3m,,text,,,,,,,,,y,,
ppsi_inf_scldscre,CPEA STAART WIPPSI 4y0m to 7y3m,,text,,,,,,,,,y,,
ppsi_mxr_rawscre,CPEA STAART WIPPSI 4y0m to 7y3m,,text,,,,,,,,,y,,
ppsi_mxr_scldscre,CPEA STAART WIPPSI 4y0m to 7y3m,,text,,,,,,,,,y,,
wppsi_oba_rawscre,CPEA STAART WIPPSI 4y0m to 7y3m,,text,,,,,,,,,y,,
ppsi_oba_rawscre,CPEA STAART WIPPSI 4y0m to 7y3m,,text,,,,,,,,,y,,
ppsi_oba_scldscre,CPEA STAART WIPPSI 4y0m to 7y3m,,text,,,,,,,,,y,,
ppsi_pcc_rawscre,CPEA STAART WIPPSI 4y0m to 7y3m,,text,,,,,,,,,y,,
ppsi_pcc_scldscre,CPEA STAART WIPPSI 4y0m to 7y3m,,text,,,,,,,,,y,,
ppsi_pcn_rawscre,CPEA STAART WIPPSI 4y0m to 7y3m,,text,,,,,,,,,y,,
ppsi_pcn_scldscre,CPEA STAART WIPPSI 4y0m to 7y3m,,text,,,,,,,,,y,,
ppsi_piq_compscre,CPEA STAART WIPPSI 4y0m to 7y3m,,text,,,,,,,,,y,,
ppsi_piq_sumscld,CPEA STAART WIPPSI 4y0m to 7y3m,,text,,,,,,,,,y,,
ppsi_pnm_rawscre,CPEA STAART WIPPSI 4y0m to 7y3m,,text,,,,,,,,,y,,
ppsi_pnm_scldscre,CPEA STAART WIPPSI 4y0m to 7y3m,,text,,,,,,,,,y,,
ppsi_psd_compscre,CPEA STAART WIPPSI 4y0m to 7y3m,,text,,,,,,,,,y,,
ppsi_psd_sumscld,CPEA STAART WIPPSI 4y0m to 7y3m,,text,,,,,,,,,y,,
ppsi_rcv_rawscre,CPEA STAART WIPPSI 4y0m to 7y3m,,text,,,,,,,,,y,,
wppsi_sbs_rawscre,CPEA STAART WIPPSI 4y0m to 7y3m,,text,,,,,,,,,y,,
ppsi_sbs_rawscre,CPEA STAART WIPPSI 4y0m to 7y3m,,text,,,,,,,,,y,,
ppsi_sbs_scldscre,CPEA STAART WIPPSI 4y0m to 7y3m,,text,,,,,,,,,y,,
ppsi_sml_rawscre,CPEA STAART WIPPSI 4y0m to 7y3m,,text,,,,,,,,,y,,
ppsi_sml_scldscre,CPEA STAART WIPPSI 4y0m to 7y3m,,text,,,,,,,,,y,,
wppsi_vcb_rawscre,CPEA STAART WIPPSI 4y0m to 7y3m,,text,,,,,,,,,y,,
ppsi_vcb_rawscre,CPEA STAART WIPPSI 4y0m to 7y3m,,text,,,,,,,,,y,,
ppsi_vcb_scldscre,CPEA STAART WIPPSI 4y0m to 7y3m,,text,,,,,,,,,y,,
wppsi_viq_compscre,CPEA STAART WIPPSI 4y0m to 7y3m,,text,,,,,,,,,y,,
ppsi_viq_compscre,CPEA STAART WIPPSI 4y0m to 7y3m,,text,,,,,,,,,y,,
ppsi_viq_scldscre,CPEA STAART WIPPSI 4y0m to 7y3m,,text,,,,,,,,,y,,
ppsi_wrs_rawscre,CPEA STAART WIPPSI 4y0m to 7y3m,,text,,,,,,,,,y,,
ppsi_wrs_scldscre,CPEA STAART WIPPSI 4y0m to 7y3m,,text,,,,,,,,,y,,
