Variable / Field Name,Form Name,Section Header,Field Type,Field Label,"Choices, Calculations, OR Slider Labels",Field Note,Text Validation Type OR Show Slider Number,Text Validation Min,Text Validation Max,Identifier?,Branching Logic (Show field only if...),Required Field?,Custom Alignment,Question Number (surveys only)
subjectkey,CPEA STAART ADOS_PRE_PUBLISHED,,text,The NDAR Global Unique Identifier (GUID) for subjects which identifies a subject in NDAR,,,,,,,,y,,
interview_date,CPEA STAART ADOS_PRE_PUBLISHED,,text,Date on which the interview/genetic test/sampling/imaging was completed,"MM/yyyy, MM/yyyy | MM/dd/yyyy, MM/dd/yyyy",* '01/01/1900' indicates that a date associated with retrospective data is not known.,date_ymd,,,,,y,,
cycle,CPEA STAART ADOS_PRE_PUBLISHED,,text,Timepoint information,,,,,,,,y,,
patid,CPEA STAART ADOS_PRE_PUBLISHED,,text,src_Subject_id,,Patient IDs were assigned at the research site for CPEA and STAART,,,,,,y,,
network,CPEA STAART ADOS_PRE_PUBLISHED,,text,Network,,CPEA or STAART Network,,,,,,y,,
site,CPEA STAART ADOS_PRE_PUBLISHED,,text,Site,,CPEA or STAART Site,,,,,,y,,
study,CPEA STAART ADOS_PRE_PUBLISHED,,text,Study,,CPEA or STAART Study,,,,,,y,,
ados_dx,CPEA STAART ADOS_PRE_PUBLISHED,,text,ADOS Diagnosis,,,,,,,,y,,
ados_lac_afinf,CPEA STAART ADOS_PRE_PUBLISHED,,text,Asks for Information,,,,,,,,y,,
ados_lac_asoma,CPEA STAART ADOS_PRE_PUBLISHED,,text,Amount of Social Overtures/Maintenance of Attention,,,,,,,,y,,
ados_lac_cnvst,CPEA STAART ADOS_PRE_PUBLISHED,,text,Conversation,,,,,,,,y,,
ados_lac_dciig,CPEA STAART ADOS_PRE_PUBLISHED,,text,"Descriptive, Conventional, Instrumental, or Informational Gestures",,,,,,,,y,,
ados_lac_eoegt,CPEA STAART ADOS_PRE_PUBLISHED,,text,Emphatic or Emotional Gestures,,,,,,,,y,,
ados_lac_fvdto,CPEA STAART ADOS_PRE_PUBLISHED,,text,Frequency of Vocalization Directed to Others,,,,,,,,y,,
ados_lac_gestr,CPEA STAART ADOS_PRE_PUBLISHED,,text,Gestures,,,,,,,,y,,
ados_lac_imech,CPEA STAART ADOS_PRE_PUBLISHED,,text,Immediate Echolalia,,,,,,,,y,,
ados_lac_intel,CPEA STAART ADOS_PRE_PUBLISHED,,text,ADOS: Language and Communication: Intelligibility,,,,,,,,y,,
ados_lac_irlvn,CPEA STAART ADOS_PRE_PUBLISHED,,text,ADOS: Language and Communication: Irrelevant or Excessive Detail in Conversation and Reports,,,,,,,,y,,
ados_lac_ivlvb,CPEA STAART ADOS_PRE_PUBLISHED,,text,Intonation of Vocalization or Verbalization,,,,,,,,y,,
ados_lac_offrs,CPEA STAART ADOS_PRE_PUBLISHED,,text,Offers Information,,,,,,,,y,,
ados_lac_olnel1,CPEA STAART ADOS_PRE_PUBLISHED,,text,Overall Level of Non-Echoed Language,,,,,,,,y,,
ados_lac_olnel2,CPEA STAART ADOS_PRE_PUBLISHED,,text,Overall Level of Non-Echoed Language,,,,,,,,y,,
ados_lac_olnel34,CPEA STAART ADOS_PRE_PUBLISHED,,text,Overall Level of Non-Echoed Language,,,,,,,,y,,
ados_lac_pnrvs,CPEA STAART ADOS_PRE_PUBLISHED,,text,ADOS: Language and Communication: Pronominal Reversal,,,,,,,,y,,
ados_lac_point1,CPEA STAART ADOS_PRE_PUBLISHED,,text,Pointing_Pointing to Express Interest,,,,,,,,y,,
ados_lac_point2,CPEA STAART ADOS_PRE_PUBLISHED,,text,Pointing/Pointing to Express Interest,,,,,,,,y,,
ados_lac_pspch,CPEA STAART ADOS_PRE_PUBLISHED,,text,ADOS: Language and Communication: Pedantic Speech,,,,,,,,y,,
ados_lac_rptev,CPEA STAART ADOS_PRE_PUBLISHED,,text,Reporting of Events,,,,,,,,y,,
ados_lac_saawa,CPEA STAART ADOS_PRE_PUBLISHED,,text,Speech Abnormalities Associated with Autism (Intonation/Volumen/Rhythm/Rate),,,,,,,,y,,
ados_lac_stidw1,CPEA STAART ADOS_PRE_PUBLISHED,,text,Stereotyped_Idiosyncratic Use of Words or Phrases,,,,,,,,y,,
ados_lac_stidw234,CPEA STAART ADOS_PRE_PUBLISHED,,text,Stereotyped/Idiosyncratic Use of Words (or Phrases),,,,,,,,y,,
ados_lac_uobtc,CPEA STAART ADOS_PRE_PUBLISHED,,text,Use of Other s Body to Communicate,,,,,,,,y,,
ados_module,CPEA STAART ADOS_PRE_PUBLISHED,,text,ADOS Module,,,,,,,,y,,
ados_oab_anxty,CPEA STAART ADOS_PRE_PUBLISHED,,text,Anxiety,,,,,,,,y,,
ados_oab_ovrat,CPEA STAART ADOS_PRE_PUBLISHED,,text,Overactivity,,,,,,,,y,,
ados_oab_tandb,CPEA STAART ADOS_PRE_PUBLISHED,,text,"Tantrums, Aggression, Negative or Disruptive Behavior",,,,,,,,y,,
ados_ply_fpwob,CPEA STAART ADOS_PRE_PUBLISHED,,text,Functional Play with Objects,,,,,,,,y,,
ados_ply_imgcr1,CPEA STAART ADOS_PRE_PUBLISHED,,text,Imagination Creativity,,,,,,,,y,,
ados_ply_imgcr2,CPEA STAART ADOS_PRE_PUBLISHED,,text,Imagination/Creativity,,,,,,,,y,,
ados_ply_imgcr34,CPEA STAART ADOS_PRE_PUBLISHED,,text,Imagination/Creativity,,,,,,,,y,,
ados_rsi_arscm,CPEA STAART ADOS_PRE_PUBLISHED,,text,Amount of Reciprocal Social Communication,,,,,,,,y,,
ados_rsi_cmoaf,CPEA STAART ADOS_PRE_PUBLISHED,,text,ADOS: Reciprocal Social Interaction: Communication of Own Affect,,,,,,,,y,,
ados_rsi_dfpce,CPEA STAART ADOS_PRE_PUBLISHED,,text,ADOS: Reciprocal Social Interaction: Differentiation of Parent-Caregiver and Examiner,,,,,,,,y,,
ados_rsi_ecooe,CPEA STAART ADOS_PRE_PUBLISHED,,text,Empathy/Comments on Others Emotions,,,,,,,,y,,
ados_rsi_fedto,CPEA STAART ADOS_PRE_PUBLISHED,,text,Facial Expression Directed to Others,,,,,,,,y,,
ados_rsi_givng,CPEA STAART ADOS_PRE_PUBLISHED,,text,Giving,,,,,,,,y,,
ados_rsi_igobd,CPEA STAART ADOS_PRE_PUBLISHED,,text,Integration of Gaze and Other Behaviors During Social Overtures,,,,,,,,y,,
ados_rsi_imech,CPEA STAART ADOS_PRE_PUBLISHED,,text,ADOS: Immediate Echolalia,,,,,,,,y,,
ados_rsi_insgt,CPEA STAART ADOS_PRE_PUBLISHED,,text,Insight,,,,,,,,y,,
ados_rsi_lplnc,CPEA STAART ADOS_PRE_PUBLISHED,,text,Language Production and Linked Nonverbal Communication,,,,,,,,y,,
ados_rsi_oqorp,CPEA STAART ADOS_PRE_PUBLISHED,,text,Overall Quality of Rapport,,,,,,,,y,,
ados_rsi_qsclo,CPEA STAART ADOS_PRE_PUBLISHED,,text,Quality of Social Overtures,,,,,,,,y,,
ados_rsi_qsclr,CPEA STAART ADOS_PRE_PUBLISHED,,text,Quality of Social Response,,,,,,,,y,,
ados_rsi_reqst,CPEA STAART ADOS_PRE_PUBLISHED,,text,Requesting,,,,,,,,y,,
ados_rsi_rofex,CPEA STAART ADOS_PRE_PUBLISHED,,text,ADOS: Reciprocal Social Interaction: Range of Facial Expression,,,,,,,,y,,
ados_rsi_rspja,CPEA STAART ADOS_PRE_PUBLISHED,,text,Response to Joint Attention,,,,,,,,y,,
ados_rsi_rspsm,CPEA STAART ADOS_PRE_PUBLISHED,,text,Responsive Social Smile,,Nulled value range of:    to accept outlier data,,,,,,y,,
ados_rsi_rsptn1,CPEA STAART ADOS_PRE_PUBLISHED,,text,Response to Name,,,,,,,,y,,
ados_rsi_rtbim,CPEA STAART ADOS_PRE_PUBLISHED,,text,ADOS: Reciprocal Social Interaction: Response to Being Imitated,,,,,,,,y,,
ados_rsi_sdsps,CPEA STAART ADOS_PRE_PUBLISHED,,text,ADOS: Reciprocal Social Interaction: Social Distance-Posture,,,,,,,,y,,
ados_rsi_seiit1,CPEA STAART ADOS_PRE_PUBLISHED,,text,Shared Enjoyment in Interaction,,,,,,,,y,,
ados_rsi_seiit234,CPEA STAART ADOS_PRE_PUBLISHED,,text,Shared Enjoyment in Interaction,,,,,,,,y,,
ados_rsi_showg,CPEA STAART ADOS_PRE_PUBLISHED,,text,Showing,,,,,,,,y,,
ados_rsi_socdi,CPEA STAART ADOS_PRE_PUBLISHED,,text,ADOS: Reciprocal Social Interaction: Social Disinhibition,,,,,,,,y,,
ados_rsi_spija,CPEA STAART ADOS_PRE_PUBLISHED,,text,Spontaneous Initiation of Joint Attention,,,,,,,,y,,
ados_rsi_swcmf,CPEA STAART ADOS_PRE_PUBLISHED,,text,ADOS: Reciprocal Social Interaction: Soothed When Comforted by Parent-Caregiver,,,,,,,,y,,
ados_rsi_uneyc,CPEA STAART ADOS_PRE_PUBLISHED,,text,Unusual Eye Contact,,Nulled value range of:    to accept outlier data,,,,,,y,,
ados_sar_bhvir,CPEA STAART ADOS_PRE_PUBLISHED,,text,ADOS: Stereotyped Behaviors and Restricted Interests: Behavior When Interrupted,,,,,,,,y,,
ados_sar_cmprt,CPEA STAART ADOS_PRE_PUBLISHED,,text,ADOS: Stereotyped Behaviors and Restricted Interests: Compulsions or Rituals,,,,,,,,y,,
ados_sar_cmsbm,CPEA STAART ADOS_PRE_PUBLISHED,,text,ADOS: Stereotyped Behaviors and Restricted Interests: Other Complex Mannerisms or Stereotyped Body Movements,,,,,,,,y,,
ados_sar_erust,CPEA STAART ADOS_PRE_PUBLISHED,,text,Excessive Interest in or References to Unusual or Highly Specific Topics or Objects or Repetitive Behaviors,,,,,,,,y,,
ados_sar_hfocm,CPEA STAART ADOS_PRE_PUBLISHED,,text,Hand and Finger and Other Complex Mannerisms,,,,,,,,y,,
ados_sar_urstb,CPEA STAART ADOS_PRE_PUBLISHED,,text,ADOS: Stereotyped Behaviors and Restricted Interests: Unusually Repetitive or Stereotyped behaviors,,,,,,,,y,,
ados_sar_usipm,CPEA STAART ADOS_PRE_PUBLISHED,,text,Unusual Sensory Interest in Play Material Person,,,,,,,,y,,
ados_version,CPEA STAART ADOS_PRE_PUBLISHED,,text,ADOS Version,,,,,,,,y,,
ados_date,CPEA STAART ADOS_PRE_PUBLISHED,,text,ADOS Date,,,,,,,,y,,
