Variable / Field Name,Form Name,Section Header,Field Type,Field Label,"Choices, Calculations, OR Slider Labels",Field Note,Text Validation Type OR Show Slider Number,Text Validation Min,Text Validation Max,Identifier?,Branching Logic (Show field only if...),Required Field?,Custom Alignment,Question Number (surveys only)
subjectkey,CPEA STAART Medical Compliance - Volume Dispensed,,text,The NDAR Global Unique Identifier (GUID) for subjects which identifies a subject in NDAR,,,,,,,,y,,
patid,CPEA STAART Medical Compliance - Volume Dispensed,,text,src_Subject_id,,Patient IDs were assigned at the research site for CPEA and STAART,,,,,,y,,
cycle,CPEA STAART Medical Compliance - Volume Dispensed,,text,Timepoint information,,,,,,,,y,,
phase,CPEA STAART Medical Compliance - Volume Dispensed,,dropdown,Phase,"1, 1 |  2,  2 |  3,  3 |  4,  4",,,,,,,y,,
q10_date,CPEA STAART Medical Compliance - Volume Dispensed,,text,Date,,Required field,,,,,,y,,
q10_ratr,CPEA STAART Medical Compliance - Volume Dispensed,,text,Rater Name,,"The name of the staff member who administered the form. If the form was filled out by the guardian or teacher, the CC¿s name should be entered as Rater.",,,,,,y,,
10_ratr,CPEA STAART Medical Compliance - Volume Dispensed,,text,Rater Name,,"The name of the staff member who administered the form. If the form was filled out by the guardian or teacher, the CC¿s name should be entered as Rater.",,,,,,y,,
q10_1_s,CPEA STAART Medical Compliance - Volume Dispensed,,text,Medication regimen: Specify,,"if q10_1 = 6, q10_1_s should be completed",,,,,,y,,
q10_2_s,CPEA STAART Medical Compliance - Volume Dispensed,,text,Medication regimen comments,,"Field should not be left blank. If missing, please use -7,8, -9.",,,,,,y,,
q10_3,CPEA STAART Medical Compliance - Volume Dispensed,,text,Volume dispensed,"48.0-700.0, 48.0-700.0 |  -7, -8, -9,  -7, -8, -9",An extra week of study medication should be dispensed at each contact.,,,,,,y,,
interview_date,CPEA STAART Medical Compliance - Volume Dispensed,,text,Date on which the interview/genetic test/sampling/imaging was completed,"MM/yyyy, MM/yyyy | MM/dd/yyyy, MM/dd/yyyy",* '01/01/1900' indicates that a date associated with retrospective data is not known.,date_ymd,,,,,y,,
