Variable / Field Name,Form Name,Section Header,Field Type,Field Label,"Choices, Calculations, OR Slider Labels",Field Note,Text Validation Type OR Show Slider Number,Text Validation Min,Text Validation Max,Identifier?,Branching Logic (Show field only if...),Required Field?,Custom Alignment,Question Number (surveys only)
handedness_score,Edinburgh Handedness Inventory,,text,Total Handedness computed by totalling number of responses where right hand is used and those where left hand is used and inputting to the formula right minus left dvided by right plus left,,"computed by the formula (r-l)/(r+l) where r = total number of responses on the form where the participant indicated they use their right hand (even if they also use their left hand to do that action, i.e. use both hands) and l = total number of responses participant indicated left hand for (including actions participant also uses right hand for, i.e. both hands).",,,,,,y,,
subjectkey,Edinburgh Handedness Inventory,NDAR Required,text,The NDAR Global Unique Identifier (GUID) for subjects which identifies a subject in NDAR,,,,,,,,y,,
src_subject_id,Edinburgh Handedness Inventory,,text,The site's subject identification,,,,,,,,y,,
interview_date,Edinburgh Handedness Inventory,,text,Date on which the interview/genetic test/sampling/imaging was completed,"MM/yyyy, MM/yyyy | MM/dd/yyyy, MM/dd/yyyy",* '01/01/1900' indicates that a date associated with retrospective data is not known.,date_ymd,,,,,y,,
interview_age,Edinburgh Handedness Inventory,,text,Age in months at the time of the interview/test/sampling/imaging.,,Age is rounded to chronological month If the research participant is 13 days old at time of interview  the appropriate value would be 0 months if the participant is 19 days old the value would be 1 month,number,0,1200,,,y,,
writing,Edinburgh Handedness Inventory,,dropdown,Hand subject uses to do named action,"right, right | left, left | both, both",,,,,,,y,,
drawing,Edinburgh Handedness Inventory,,dropdown,Hand subject uses to do named action,"right, right | left, left | both, both",,,,,,,y,,
throwing,Edinburgh Handedness Inventory,,dropdown,Hand subject uses to do named action,"right, right | left, left | both, both",,,,,,,y,,
scissors,Edinburgh Handedness Inventory,,dropdown,Hand subject uses to do named action,"right, right | left, left | both, both",,,,,,,y,,
comb,Edinburgh Handedness Inventory,,dropdown,Hand subject uses to do named action,"right, right | left, left | both, both",,,,,,,y,,
toothbrush,Edinburgh Handedness Inventory,,dropdown,Hand subject uses to do named action,"right, right | left, left | both, both",,,,,,,y,,
knife_no_fork,Edinburgh Handedness Inventory,,dropdown,Hand subject uses to do named action,"right, right | left, left | both, both",,,,,,,y,,
spoon,Edinburgh Handedness Inventory,,dropdown,Hand subject uses to do named action,"right, right | left, left | both, both",,,,,,,y,,
hammer,Edinburgh Handedness Inventory,,dropdown,Hand subject uses to do named action,"right, right | left, left | both, both",,,,,,,y,,
screwdriver,Edinburgh Handedness Inventory,,dropdown,Hand subject uses to do named action,"right, right | left, left | both, both",,,,,,,y,,
tennis,Edinburgh Handedness Inventory,,dropdown,Hand subject uses to do named action,"right, right | left, left | both, both",,,,,,,y,,
knife_with_fork,Edinburgh Handedness Inventory,,dropdown,Hand subject uses to do named action,"right, right | left, left | both, both",,,,,,,y,,
baseball_bat,Edinburgh Handedness Inventory,,dropdown,Hand subject uses to do named action,"right, right | left, left | both, both",,,,,,,y,,
golf_club,Edinburgh Handedness Inventory,,dropdown,Hand subject uses to do named action,"right, right | left, left | both, both",,,,,,,y,,
broom,Edinburgh Handedness Inventory,,dropdown,Hand subject uses to do named action,"right, right | left, left | both, both",,,,,,,y,,
rake,Edinburgh Handedness Inventory,,dropdown,Hand subject uses to do named action,"right, right | left, left | both, both",,,,,,,y,,
match,Edinburgh Handedness Inventory,,dropdown,Hand subject uses to do named action,"right, right | left, left | both, both",,,,,,,y,,
box,Edinburgh Handedness Inventory,,dropdown,Hand subject uses to do named action,"right, right | left, left | both, both",,,,,,,y,,
cards,Edinburgh Handedness Inventory,,dropdown,Hand subject uses to do named action,"right, right | left, left | both, both",,,,,,,y,,
needle,Edinburgh Handedness Inventory,,dropdown,Hand subject uses to do named action,"right, right | left, left | both, both",,,,,,,y,,
foot,Edinburgh Handedness Inventory,,dropdown,Hand subject uses to do named action,"right, right | left, left | both, both",,,,,,,y,,
eye,Edinburgh Handedness Inventory,,dropdown,Hand subject uses to do named action,"right, right | left, left | both, both",,,,,,,y,,
