Variable / Field Name,Form Name,Section Header,Field Type,Field Label,"Choices, Calculations, OR Slider Labels",Field Note,Text Validation Type OR Show Slider Number,Text Validation Min,Text Validation Max,Identifier?,Branching Logic (Show field only if...),Required Field?,Custom Alignment,Question Number (surveys only)
wais_r_df_item7_trial2_score,Peds - WAIS-R Digit Span & Digit Symbol,,dropdown,,"0, 0 | 1, 1 | NA, NA",,,,,,,y,,
wais_r_df_item7_trial1_score,Peds - WAIS-R Digit Span & Digit Symbol,,dropdown,,"0, 0 | 1, 1 | NA, NA",,,,,,,y,,
wais_r_df_item6_trial2_score,Peds - WAIS-R Digit Span & Digit Symbol,,dropdown,,"0, 0 | 1, 1 | NA, NA",,,,,,,y,,
wais_r_df_item6_trial1_score,Peds - WAIS-R Digit Span & Digit Symbol,,dropdown,,"0, 0 | 1, 1 | NA, NA",,,,,,,y,,
wais_r_df_item5_trial2_score,Peds - WAIS-R Digit Span & Digit Symbol,,dropdown,,"0, 0 | 1, 1 | NA, NA",,,,,,,y,,
wais_r_df_item5_trial1_score,Peds - WAIS-R Digit Span & Digit Symbol,,dropdown,,"0, 0 | 1, 1 | NA, NA",,,,,,,y,,
wais_r_df_item4_trial2_score,Peds - WAIS-R Digit Span & Digit Symbol,,dropdown,,"0, 0 | 1, 1 | NA, NA",,,,,,,y,,
wais_r_df_item4_trial1_score,Peds - WAIS-R Digit Span & Digit Symbol,,dropdown,,"0, 0 | 1, 1 | NA, NA",,,,,,,y,,
wais_r_df_item3_trial2_score,Peds - WAIS-R Digit Span & Digit Symbol,,dropdown,,"0, 0 | 1, 1 | NA, NA",,,,,,,y,,
wais_r_df_item2_trial1_score,Peds - WAIS-R Digit Span & Digit Symbol,,dropdown,,"0, 0 | 1, 1 | NA, NA",,,,,,,y,,
wais_r_df_item1_trial1_score,Peds - WAIS-R Digit Span & Digit Symbol,,dropdown,,"0, 0 | 1, 1 | NA, NA",,,,,,,y,,
wais_r_db_item7_trial2_score,Peds - WAIS-R Digit Span & Digit Symbol,,dropdown,,"0, 0 | 1, 1 | NA, NA",,,,,,,y,,
wais_r_db_item7_trial1_score,Peds - WAIS-R Digit Span & Digit Symbol,,dropdown,,"0, 0 | 1, 1 | NA, NA",,,,,,,y,,
wais_r_db_item6_trial2_score,Peds - WAIS-R Digit Span & Digit Symbol,,dropdown,,"0, 0 | 1, 1 | NA, NA",,,,,,,y,,
wais_r_db_item6_trial1_score,Peds - WAIS-R Digit Span & Digit Symbol,,dropdown,,"0, 0 | 1, 1 | NA, NA",,,,,,,y,,
wais_r_db_item5_trial2_score,Peds - WAIS-R Digit Span & Digit Symbol,,dropdown,,"0, 0 | 1, 1 | NA, NA",,,,,,,y,,
wais_r_db_item5_trial1_score,Peds - WAIS-R Digit Span & Digit Symbol,,dropdown,,"0, 0 | 1, 1 | NA, NA",,,,,,,y,,
wais_r_db_item4_trial2_score,Peds - WAIS-R Digit Span & Digit Symbol,,dropdown,,"0, 0 | 1, 1 | NA, NA",,,,,,,y,,
wais_r_db_item4_trial1_score,Peds - WAIS-R Digit Span & Digit Symbol,,dropdown,,"0, 0 | 1, 1 | NA, NA",,,,,,,y,,
wais_r_db_item3_trial2_score,Peds - WAIS-R Digit Span & Digit Symbol,,dropdown,,"0, 0 | 1, 1 | NA, NA",,,,,,,y,,
wais_r_db_item3_trial1_score,Peds - WAIS-R Digit Span & Digit Symbol,,dropdown,,"0, 0 | 1, 1 | NA, NA",,,,,,,y,,
wais_r_db_item2_trial2_score,Peds - WAIS-R Digit Span & Digit Symbol,,dropdown,,"0, 0 | 1, 1 | NA, NA",,,,,,,y,,
wais_r_db_item2_trial1_score,Peds - WAIS-R Digit Span & Digit Symbol,,dropdown,,"0, 0 | 1, 1 | NA, NA",,,,,,,y,,
wais_r_db_item1_trial2_score,Peds - WAIS-R Digit Span & Digit Symbol,,dropdown,,"0, 0 | 1, 1 | NA, NA",,,,,,,y,,
wais_r_db_item1_trial1_score,Peds - WAIS-R Digit Span & Digit Symbol,,dropdown,,"0, 0 | 1, 1 | NA, NA",,,,,,,y,,
admin_status,Peds - WAIS-R Digit Span & Digit Symbol,,dropdown,,"Complete, Complete | Partial, Partial | Not Administered, Not Administered | Not Applicable, Not Applicable",,,,,,,y,,
timepoint_label,Peds - WAIS-R Digit Span & Digit Symbol,,text,,,,,,,,,y,,
src_subject_id,Peds - WAIS-R Digit Span & Digit Symbol,,text,,,,,,,,,y,,
wais_r_df_item3_trial1_score,Peds - WAIS-R Digit Span & Digit Symbol,,dropdown,,"0, 0 | 1, 1 | NA, NA",,,,,,,y,,
wais_r_df_item2_trial2_score,Peds - WAIS-R Digit Span & Digit Symbol,,dropdown,,"0, 0 | 1, 1 | NA, NA",,,,,,,y,,
wais_r_df_item1_trial2_score,Peds - WAIS-R Digit Span & Digit Symbol,,dropdown,,"0, 0 | 1, 1 | NA, NA",,,,,,,y,,
wais_r_scaled_score_digit_symb,Peds - WAIS-R Digit Span & Digit Symbol,,text,,,,,,,,,y,,
wais_r_scaled_score_digit_span,Peds - WAIS-R Digit Span & Digit Symbol,,text,,,,,,,,,y,,
wais_r_raw_score_digit_symbol,Peds - WAIS-R Digit Span & Digit Symbol,,text,,,,,,,,,y,,
wais_r_raw_score_digit_span,Peds - WAIS-R Digit Span & Digit Symbol,,text,,,,,,,,,y,,
wais_r_raw_score_df,Peds - WAIS-R Digit Span & Digit Symbol,,text,,,,,,,,,y,,
wais_r_df_item7_score,Peds - WAIS-R Digit Span & Digit Symbol,,text,,,,,,,,,y,,
wais_r_df_item6_score,Peds - WAIS-R Digit Span & Digit Symbol,,text,,,,,,,,,y,,
wais_r_df_item5_score,Peds - WAIS-R Digit Span & Digit Symbol,,text,,,,,,,,,y,,
wais_r_df_item4_score,Peds - WAIS-R Digit Span & Digit Symbol,,text,,,,,,,,,y,,
wais_r_df_item3_score,Peds - WAIS-R Digit Span & Digit Symbol,,text,,,,,,,,,y,,
wais_r_df_item1_score,Peds - WAIS-R Digit Span & Digit Symbol,,text,,,,,,,,,y,,
wais_r_db_raw_score,Peds - WAIS-R Digit Span & Digit Symbol,,text,,,,,,,,,y,,
wais_r_db_item7_score,Peds - WAIS-R Digit Span & Digit Symbol,,text,,,,,,,,,y,,
wais_r_db_item6_score,Peds - WAIS-R Digit Span & Digit Symbol,,text,,,,,,,,,y,,
wais_r_db_item5_score,Peds - WAIS-R Digit Span & Digit Symbol,,text,,,,,,,,,y,,
wais_r_db_item4_score,Peds - WAIS-R Digit Span & Digit Symbol,,text,,,,,,,,,y,,
wais_r_db_item3_score,Peds - WAIS-R Digit Span & Digit Symbol,,text,,,,,,,,,y,,
wais_r_db_item2_score,Peds - WAIS-R Digit Span & Digit Symbol,,text,,,,,,,,,y,,
wais_r_db_item1_score,Peds - WAIS-R Digit Span & Digit Symbol,,text,,,,,,,,,y,,
age_in_years,Peds - WAIS-R Digit Span & Digit Symbol,,text,,,,,,,,,y,,
age_days_dot_to_dob,Peds - WAIS-R Digit Span & Digit Symbol,,text,,,,,,,,,y,,
wais_r_df_item2_score,Peds - WAIS-R Digit Span & Digit Symbol,,text,,,,,,,,,y,,
subjectkey,Peds - WAIS-R Digit Span & Digit Symbol,,text,,,,,,,,,,,
