Variable / Field Name,Form Name,Section Header,Field Type,Field Label,"Choices, Calculations, OR Slider Labels",Field Note,Text Validation Type OR Show Slider Number,Text Validation Min,Text Validation Max,Identifier?,Branching Logic (Show field only if...),Required Field?,Custom Alignment,Question Number (surveys only)
subjectkey,CPEA STAART Expressive One Word Pic Vocab Test,,text,The NDAR Global Unique Identifier (GUID) for subjects which identifies a subject in NDAR,,,,,,,,y,,
interview_date,CPEA STAART Expressive One Word Pic Vocab Test,,text,Date on which the interview/genetic test/sampling/imaging was completed,"MM/yyyy, MM/yyyy | MM/dd/yyyy, MM/dd/yyyy",* '01/01/1900' indicates that a date associated with retrospective data is not known.,date_ymd,,,,,y,,
cycle,CPEA STAART Expressive One Word Pic Vocab Test,,text,Timepoint information,,,,,,,,y,,
patid,CPEA STAART Expressive One Word Pic Vocab Test,,text,src_Subject_id,,Patient IDs were assigned at the research site for CPEA and STAART,,,,,,y,,
network,CPEA STAART Expressive One Word Pic Vocab Test,,text,Network,,CPEA or STAART Network,,,,,,y,,
site,CPEA STAART Expressive One Word Pic Vocab Test,,text,Site,,CPEA or STAART Site,,,,,,y,,
study,CPEA STAART Expressive One Word Pic Vocab Test,,text,Study,,CPEA or STAART Study,,,,,,y,,
exp1_ageeq,CPEA STAART Expressive One Word Pic Vocab Test,,text,Age Equivalent,,Nulled value range of:   0 - 18 to accept outlier data,,,,,,y,,
exp1_ci_per,CPEA STAART Expressive One Word Pic Vocab Test,,text,Confidence Interval - %,,,,,,,,y,,
exp1_cmmnt,CPEA STAART Expressive One Word Pic Vocab Test,,text,Comments,,,,,,,,y,,
exp1_date,CPEA STAART Expressive One Word Pic Vocab Test,,text,Expressive One Word Date,,,,,,,,y,,
exp1_version,CPEA STAART Expressive One Word Pic Vocab Test,,text,Expressive One Word Version,,,,,,,,y,,
exp1_exp_raw,CPEA STAART Expressive One Word Pic Vocab Test,,text,Expressive (EOWPVT) Standard Score,,,,,,,,y,,
exp1_prcntl,CPEA STAART Expressive One Word Pic Vocab Test,,text,Percentile Rank,,Nulled value range of:   0 - 100 to accept outlier data,,,,,,y,,
exp1_raw,CPEA STAART Expressive One Word Pic Vocab Test,,text,Raw Score,,,,,,,,y,,
exp1_rec_raw,CPEA STAART Expressive One Word Pic Vocab Test,,text,Receptive (ROWPVT) Standard Score,,,,,,,,y,,
exp1_std,CPEA STAART Expressive One Word Pic Vocab Test,,text,Standard Score,,Nulled value range of:   55 - 145 to accept outlier data,,,,,,y,,
