Variable / Field Name,Form Name,Section Header,Field Type,Field Label,"Choices, Calculations, OR Slider Labels",Field Note,Text Validation Type OR Show Slider Number,Text Validation Min,Text Validation Max,Identifier?,Branching Logic (Show field only if...),Required Field?,Custom Alignment,Question Number (surveys only)
subjectkey,CPEA STAART SRS,,text,The NDAR Global Unique Identifier (GUID) for subjects which identifies a subject in NDAR,,,,,,,,y,,
interview_date,CPEA STAART SRS,,text,Date on which the interview/genetic test/sampling/imaging was completed,"MM/yyyy, MM/yyyy | MM/dd/yyyy, MM/dd/yyyy",* '01/01/1900' indicates that a date associated with retrospective data is not known.,date_ymd,,,,,y,,
cycle,CPEA STAART SRS,,text,Timepoint information,,,,,,,,y,,
patid,CPEA STAART SRS,,text,src_Subject_id,,Patient IDs were assigned at the research site for CPEA and STAART,,,,,,y,,
network,CPEA STAART SRS,,text,Network,,CPEA or STAART Network,,,,,,y,,
site,CPEA STAART SRS,,text,Site,,CPEA or STAART Site,,,,,,y,,
study,CPEA STAART SRS,,text,Study,,CPEA or STAART Study,,,,,,y,,
srs,CPEA STAART SRS,,text,SRS,,,,,,,,y,,
srs_2005_female_raw1,CPEA STAART SRS,,text,Social Awareness Raw Score: Female,,,,,,,,y,,
srs_2005_female_raw2,CPEA STAART SRS,,text,Social Cognition Raw Score: Female,,,,,,,,y,,
srs_2005_female_raw3,CPEA STAART SRS,,text,Social Communication Raw Score: Female,,,,,,,,y,,
srs_2005_female_raw4,CPEA STAART SRS,,text,Social Motivation Raw Score: Female,,,,,,,,y,,
srs_2005_female_raw5,CPEA STAART SRS,,text,Autistic Mannerisms Raw Score: Female,,,,,,,,y,,
srs_2005_interview_date,CPEA STAART SRS,,text,SRS Interview Date,,,,,,,,y,,
srs_2005_male_raw1,CPEA STAART SRS,,text,Social Awareness Raw Score: Male,,,,,,,,y,,
srs_2005_male_raw2,CPEA STAART SRS,,text,Social Cognition Raw Score: Male,,,,,,,,y,,
srs_2005_male_raw3,CPEA STAART SRS,,text,Social Communication Raw Score: Male,,,,,,,,y,,
srs_2005_male_raw4,CPEA STAART SRS,,text,Social Motivation Raw Score: Male,,,,,,,,y,,
srs_2005_male_raw5,CPEA STAART SRS,,text,Autistic Mannerisms Raw Score: Male,,,,,,,,y,,
srs_2005_parentreport_1,CPEA STAART SRS,,dropdown,Seems much more fidgety in social situations than when along,"1, 1 |  2,  2 |  3,  3 |  4,  4 |  -7,  -7 |  -8,  -8 |  -9,  -9",,,,,,,y,,
srs_2005_parentreport_10,CPEA STAART SRS,,dropdown,Takes things too literally and doesnt get the real meaning of a conversation,"1, 1 |  2,  2 |  3,  3 |  4,  4 |  -7,  -7 |  -8,  -8 |  -9,  -9",,,,,,,y,,
srs_2005_parentreport_11,CPEA STAART SRS,,dropdown,Has good self confidence,"1, 1 |  2,  2 |  3,  3 |  4,  4 |  -7,  -7 |  -8,  -8 |  -9,  -9",,,,,,,y,,
srs_2005_parentreport_12,CPEA STAART SRS,,dropdown,Is able to communicate his or her feelings to others,"1, 1 |  2,  2 |  3,  3 |  4,  4 |  -7,  -7 |  -8,  -8 |  -9,  -9",,,,,,,y,,
srs_2005_parentreport_13,CPEA STAART SRS,,dropdown,"Is awkward in turn-taking interactions with peers (for example, doesnt seem to understand the give and take of conversations)","1, 1 |  2,  2 |  3,  3 |  4,  4 |  -7,  -7 |  -8,  -8 |  -9,  -9",,,,,,,y,,
srs_2005_parentreport_14,CPEA STAART SRS,,dropdown,Is not well coordinated in physical activities,"1, 1 |  2,  2 |  3,  3 |  4,  4 |  -7,  -7 |  -8,  -8 |  -9,  -9",,,,,,,y,,
srs_2005_parentreport_15,CPEA STAART SRS,,dropdown,Is able to understand the meaning of other peoples tone of voice and facial expressions,"1, 1 |  2,  2 |  3,  3 |  4,  4 |  -7,  -7 |  -8,  -8 |  -9,  -9",,,,,,,y,,
srs_2005_parentreport_16,CPEA STAART SRS,,dropdown,"Avoids eye contact, or has unusual eye contact","1, 1 |  2,  2 |  3,  3 |  4,  4 |  -7,  -7 |  -8,  -8 |  -9,  -9",,,,,,,y,,
srs_2005_parentreport_17,CPEA STAART SRS,,dropdown,Recognizes when something is unfair,"1, 1 |  2,  2 |  3,  3 |  4,  4 |  -7,  -7 |  -8,  -8 |  -9,  -9",,,,,,,y,,
srs_2005_parentreport_18,CPEA STAART SRS,,dropdown,"Has difficulty making friends, even when trying his/her best","1, 1 |  2,  2 |  3,  3 |  4,  4 |  -7,  -7 |  -8,  -8 |  -9,  -9",,,,,,,y,,
srs_2005_parentreport_19,CPEA STAART SRS,,dropdown,Gets frustrated trying to get ideas across in conversations,"1, 1 |  2,  2 |  3,  3 |  4,  4 |  -7,  -7 |  -8,  -8 |  -9,  -9",,,,,,,y,,
srs_2005_parentreport_2,CPEA STAART SRS,,dropdown,Expressions on his/her face dont match what he/she is saying,"1, 1 |  2,  2 |  3,  3 |  4,  4 |  -7,  -7 |  -8,  -8 |  -9,  -9",,,,,,,y,,
srs_2005_parentreport_20,CPEA STAART SRS,,dropdown,Shows unusual sensory interests (such as mouthing or spinning objects) or strange ways of playing with toys,"1, 1 |  2,  2 |  3,  3 |  4,  4 |  -7,  -7 |  -8,  -8 |  -9,  -9",,,,,,,y,,
srs_2005_parentreport_21,CPEA STAART SRS,,dropdown,Is able to imitate others actions,"1, 1 |  2,  2 |  3,  3 |  4,  4 |  -7,  -7 |  -8,  -8 |  -9,  -9",,,,,,,y,,
srs_2005_parentreport_22,CPEA STAART SRS,,dropdown,Plays appropriately with children his/her age,"1, 1 |  2,  2 |  3,  3 |  4,  4 |  -7,  -7 |  -8,  -8 |  -9,  -9",,,,,,,y,,
srs_2005_parentreport_23,CPEA STAART SRS,,dropdown,Does not join group activities unless told to do so,"1, 1 |  2,  2 |  3,  3 |  4,  4 |  -7,  -7 |  -8,  -8 |  -9,  -9",,,,,,,y,,
srs_2005_parentreport_24,CPEA STAART SRS,,dropdown,Has more difficulty than other children with changes in his/her routine,"1, 1 |  2,  2 |  3,  3 |  4,  4 |  -7,  -7 |  -8,  -8 |  -9,  -9",,,,,,,y,,
srs_2005_parentreport_25,CPEA STAART SRS,,dropdown,Doesnt seem to mind being out of step or not on the same wavelength with others,"1, 1 |  2,  2 |  3,  3 |  4,  4 |  -7,  -7 |  -8,  -8 |  -9,  -9",,,,,,,y,,
srs_2005_parentreport_26,CPEA STAART SRS,,dropdown,Offers comfort to others when they are sad,"1, 1 |  2,  2 |  3,  3 |  4,  4 |  -7,  -7 |  -8,  -8 |  -9,  -9",,,,,,,y,,
srs_2005_parentreport_27,CPEA STAART SRS,,dropdown,Avoids starting social interactions with peers or adults,"1, 1 |  2,  2 |  3,  3 |  4,  4 |  -7,  -7 |  -8,  -8 |  -9,  -9",,,,,,,y,,
srs_2005_parentreport_28,CPEA STAART SRS,,dropdown,Thinks or talks about the same thing over and over,"1, 1 |  2,  2 |  3,  3 |  4,  4 |  -7,  -7 |  -8,  -8 |  -9,  -9",,,,,,,y,,
srs_2005_parentreport_29,CPEA STAART SRS,,dropdown,Is regarded by other children as odd or weird,"1, 1 |  2,  2 |  3,  3 |  4,  4 |  -7,  -7 |  -8,  -8 |  -9,  -9",,,,,,,y,,
srs_2005_parentreport_3,CPEA STAART SRS,,dropdown,Seems self-confident when interacting with others,"1, 1 |  2,  2 |  3,  3 |  4,  4 |  -7,  -7 |  -8,  -8 |  -9,  -9",,,,,,,y,,
srs_2005_parentreport_30,CPEA STAART SRS,,dropdown,Becomes upset in a situation with lots of things going on,"1, 1 |  2,  2 |  3,  3 |  4,  4 |  -7,  -7 |  -8,  -8 |  -9,  -9",,,,,,,y,,
srs_2005_parentreport_31,CPEA STAART SRS,,dropdown,Cant get his/her mind off something once he/she starts thinking about it,"1, 1 |  2,  2 |  3,  3 |  4,  4 |  -7,  -7 |  -8,  -8 |  -9,  -9",,,,,,,y,,
srs_2005_parentreport_32,CPEA STAART SRS,,dropdown,Has good personal hygiene,"1, 1 |  2,  2 |  3,  3 |  4,  4 |  -7,  -7 |  -8,  -8 |  -9,  -9",,,,,,,y,,
srs_2005_parentreport_33,CPEA STAART SRS,,dropdown,"Is socially awkward, even when he/she is trying to be polite","1, 1 |  2,  2 |  3,  3 |  4,  4 |  -7,  -7 |  -8,  -8 |  -9,  -9",,,,,,,y,,
srs_2005_parentreport_34,CPEA STAART SRS,,dropdown,Avoids people who want to be emotionally close to him/her,"1, 1 |  2,  2 |  3,  3 |  4,  4 |  -7,  -7 |  -8,  -8 |  -9,  -9",,,,,,,y,,
srs_2005_parentreport_35,CPEA STAART SRS,,dropdown,Has trouble keeping up with the flow of a normal conversation,"1, 1 |  2,  2 |  3,  3 |  4,  4 |  -7,  -7 |  -8,  -8 |  -9,  -9",,,,,,,y,,
srs_2005_parentreport_36,CPEA STAART SRS,,dropdown,Has difficulty relating to adults,"1, 1 |  2,  2 |  3,  3 |  4,  4 |  -7,  -7 |  -8,  -8 |  -9,  -9",,,,,,,y,,
srs_2005_parentreport_37,CPEA STAART SRS,,dropdown,Has difficulty relating to peers,"1, 1 |  2,  2 |  3,  3 |  4,  4 |  -7,  -7 |  -8,  -8 |  -9,  -9",,,,,,,y,,
srs_2005_parentreport_38,CPEA STAART SRS,,dropdown,"Responds appropriately to mood changes in others (for example, when a friends or playmates mood changes from happy to sad)","1, 1 |  2,  2 |  3,  3 |  4,  4 |  -7,  -7 |  -8,  -8 |  -9,  -9",,,,,,,y,,
srs_2005_parentreport_39,CPEA STAART SRS,,dropdown,Has a restricted (or unusually narrow) range of interests,"1, 1 |  2,  2 |  3,  3 |  4,  4 |  -7,  -7 |  -8,  -8 |  -9,  -9",,,,,,,y,,
srs_2005_parentreport_4,CPEA STAART SRS,,dropdown,"When under stress, child seems to go on auto-pilot (for example, shows rigid or inflexible patterns of behavior which seem odd)","1, 1 |  2,  2 |  3,  3 |  4,  4 |  -7,  -7 |  -8,  -8 |  -9,  -9",,,,,,,y,,
srs_2005_parentreport_40,CPEA STAART SRS,,dropdown,"Is imaginative, good at pretending (without losing touch with reality)","1, 1 |  2,  2 |  3,  3 |  4,  4 |  -7,  -7 |  -8,  -8 |  -9,  -9",,,,,,,y,,
srs_2005_parentreport_41,CPEA STAART SRS,,dropdown,Wanders aimlessly from one activity to another,"1, 1 |  2,  2 |  3,  3 |  4,  4 |  -7,  -7 |  -8,  -8 |  -9,  -9",,,,,,,y,,
srs_2005_parentreport_42,CPEA STAART SRS,,dropdown,"Seems overly sensitive to sounds, textures, or smells","1, 1 |  2,  2 |  3,  3 |  4,  4 |  -7,  -7 |  -8,  -8 |  -9,  -9",,,,,,,y,,
srs_2005_parentreport_43,CPEA STAART SRS,,dropdown,Separates easily from caregivers,"1, 1 |  2,  2 |  3,  3 |  4,  4 |  -7,  -7 |  -8,  -8 |  -9,  -9",,,,,,,y,,
srs_2005_parentreport_44,CPEA STAART SRS,,dropdown,"Doesnt understand how events are related to one another the way other children his/her age do (e.g., has problems with understanding cause and effect)","1, 1 |  2,  2 |  3,  3 |  4,  4 |  -7,  -7 |  -8,  -8 |  -9,  -9",,,,,,,y,,
srs_2005_parentreport_45,CPEA STAART SRS,,dropdown,Focuses his/her attention to where others are looking or listening,"1, 1 |  2,  2 |  3,  3 |  4,  4 |  -7,  -7 |  -8,  -8 |  -9,  -9",,,,,,,y,,
srs_2005_parentreport_46,CPEA STAART SRS,,dropdown,Has overly serious facial expressions,"1, 1 |  2,  2 |  3,  3 |  4,  4 |  -7,  -7 |  -8,  -8 |  -9,  -9",,,,,,,y,,
srs_2005_parentreport_47,CPEA STAART SRS,,dropdown,Is too silly or laughs inappropriately,"1, 1 |  2,  2 |  3,  3 |  4,  4 |  -7,  -7 |  -8,  -8 |  -9,  -9",,,,,,,y,,
srs_2005_parentreport_48,CPEA STAART SRS,,dropdown,"Has a sense of humor, understands jokes","1, 1 |  2,  2 |  3,  3 |  4,  4 |  -7,  -7 |  -8,  -8 |  -9,  -9",,,,,,,y,,
srs_2005_parentreport_49,CPEA STAART SRS,,dropdown,"Does extremely well at a few tasks, but does not do as well at most other tasks","1, 1 |  2,  2 |  3,  3 |  4,  4 |  -7,  -7 |  -8,  -8 |  -9,  -9",,,,,,,y,,
srs_2005_parentreport_5,CPEA STAART SRS,,dropdown,Doesnt recognize when others are trying to take advantage of him/her,"1, 1 |  2,  2 |  3,  3 |  4,  4 |  -7,  -7 |  -8,  -8 |  -9,  -9",,,,,,,y,,
srs_2005_parentreport_50,CPEA STAART SRS,,dropdown,"Has repetitive, odd behaviors such as hand flapping or rocking","1, 1 |  2,  2 |  3,  3 |  4,  4 |  -7,  -7 |  -8,  -8 |  -9,  -9",,,,,,,y,,
srs_2005_parentreport_51,CPEA STAART SRS,,dropdown,Has difficulty answering questions directly and ends up talking around the subject,"1, 1 |  2,  2 |  3,  3 |  4,  4 |  -7,  -7 |  -8,  -8 |  -9,  -9",,,,,,,y,,
srs_2005_parentreport_52,CPEA STAART SRS,,dropdown,Knows when he/she is talking too loud or making too much noise,"1, 1 |  2,  2 |  3,  3 |  4,  4 |  -7,  -7 |  -8,  -8 |  -9,  -9",,,,,,,y,,
srs_2005_parentreport_53,CPEA STAART SRS,,dropdown,"Talks to people with an unusual tone of voice (for example, talks like a robot or like he/she is giving a lecture)","1, 1 |  2,  2 |  3,  3 |  4,  4 |  -7,  -7 |  -8,  -8 |  -9,  -9",,,,,,,y,,
srs_2005_parentreport_54,CPEA STAART SRS,,dropdown,Seems to react to people as if they are objects,"1, 1 |  2,  2 |  3,  3 |  4,  4 |  -7,  -7 |  -8,  -8 |  -9,  -9",,,,,,,y,,
srs_2005_parentreport_55,CPEA STAART SRS,,dropdown,Knows when he/she is too close to someone or is invading someones space,"1, 1 |  2,  2 |  3,  3 |  4,  4 |  -7,  -7 |  -8,  -8 |  -9,  -9",,,,,,,y,,
srs_2005_parentreport_56,CPEA STAART SRS,,dropdown,Walks in between two people who are talking,"1, 1 |  2,  2 |  3,  3 |  4,  4 |  -7,  -7 |  -8,  -8 |  -9,  -9",,,,,,,y,,
srs_2005_parentreport_57,CPEA STAART SRS,,dropdown,Gets teased a lot,"1, 1 |  2,  2 |  3,  3 |  4,  4 |  -7,  -7 |  -8,  -8 |  -9,  -9",,,,,,,y,,
srs_2005_parentreport_58,CPEA STAART SRS,,dropdown,"Concentrates too much on parts of things rather than seeing the whole picture (for example, if asked to describe what happened in a story, child may talk only about the kind of clothes the character","1, 1 |  2,  2 |  3,  3 |  4,  4 |  -7,  -7 |  -8,  -8 |  -9,  -9",,,,,,,y,,
srs_2005_parentreport_59,CPEA STAART SRS,,dropdown,Is overly suspicious,"1, 1 |  2,  2 |  3,  3 |  4,  4 |  -7,  -7 |  -8,  -8 |  -9,  -9",,,,,,,y,,
srs_2005_parentreport_6,CPEA STAART SRS,,dropdown,Would rather be alone than with others,"1, 1 |  2,  2 |  3,  3 |  4,  4 |  -7,  -7 |  -8,  -8 |  -9,  -9",,,,,,,y,,
srs_2005_parentreport_60,CPEA STAART SRS,,dropdown,"Is emotionally distant, doesnt show his/her emotion","1, 1 |  2,  2 |  3,  3 |  4,  4 |  -7,  -7 |  -8,  -8 |  -9,  -9",,,,,,,y,,
srs_2005_parentreport_61,CPEA STAART SRS,,dropdown,"Is inflexible, has a hard time changing his/her mind","1, 1 |  2,  2 |  3,  3 |  4,  4 |  -7,  -7 |  -8,  -8 |  -9,  -9",,,,,,,y,,
srs_2005_parentreport_62,CPEA STAART SRS,,dropdown,Gives unusual or illogical reasons for doing things,"1, 1 |  2,  2 |  3,  3 |  4,  4 |  -7,  -7 |  -8,  -8 |  -9,  -9",,,,,,,y,,
srs_2005_parentreport_63,CPEA STAART SRS,,dropdown,"Touches others in an unusual way (for example, child may touch someone just to make contact and then walk away without saying anything)","1, 1 |  2,  2 |  3,  3 |  4,  4 |  -7,  -7 |  -8,  -8 |  -9,  -9",,,,,,,y,,
srs_2005_parentreport_64,CPEA STAART SRS,,dropdown,Is too tense in social settings,"1, 1 |  2,  2 |  3,  3 |  4,  4 |  -7,  -7 |  -8,  -8 |  -9,  -9",,,,,,,y,,
srs_2005_parentreport_65,CPEA STAART SRS,,dropdown,Stares or gazes off into space,"1, 1 |  2,  2 |  3,  3 |  4,  4 |  -7,  -7 |  -8,  -8 |  -9,  -9",,,,,,,y,,
srs_2005_parentreport_7,CPEA STAART SRS,,dropdown,Is aware of what others are thinking or feeling,"1, 1 |  2,  2 |  3,  3 |  4,  4 |  -7,  -7 |  -8,  -8 |  -9,  -9",,,,,,,y,,
srs_2005_parentreport_8,CPEA STAART SRS,,dropdown,Behaves in ways which seem strange or bizarre,"1, 1 |  2,  2 |  3,  3 |  4,  4 |  -7,  -7 |  -8,  -8 |  -9,  -9",,,,,,,y,,
srs_2005_parentreport_9,CPEA STAART SRS,,dropdown,"Clings to adults, seems too dependent on them","1, 1 |  2,  2 |  3,  3 |  4,  4 |  -7,  -7 |  -8,  -8 |  -9,  -9",,,,,,,y,,
srs_version,CPEA STAART SRS,,text,SRS Version,,,,,,,,y,,
