Variable / Field Name,Form Name,Section Header,Field Type,Field Label,"Choices, Calculations, OR Slider Labels",Field Note,Text Validation Type OR Show Slider Number,Text Validation Min,Text Validation Max,Identifier?,Branching Logic (Show field only if...),Required Field?,Custom Alignment,Question Number (surveys only)
subjectkey,"Peabody Picture Vocabulary Test, Fourth Edition-Form A",Header,text,The NDAR Global Unique Identifier (GUID) for subjects which identifies a subject in NDAR,,,,,,,,y,,
src_subject_id,"Peabody Picture Vocabulary Test, Fourth Edition-Form A",,text,The site's subject identification,,,,,,,,y,,
interview_date,"Peabody Picture Vocabulary Test, Fourth Edition-Form A",,text,Date on which the interview/genetic test/sampling/imaging was completed,"MM/yyyy, MM/yyyy | MM/dd/yyyy, MM/dd/yyyy",* '01/01/1900' indicates that a date associated with retrospective data is not known.,date_ymd,,,,,y,,
interview_age,"Peabody Picture Vocabulary Test, Fourth Edition-Form A",,text,Age in months at the time of the interview/test/sampling/imaging.,,Age is rounded to chronological month If the research participant is 13 days old at time of interview  the appropriate value would be 0 months if the participant is 19 days old the value would be 1 month,number,0,1200,,,y,,
comments_misc,"Peabody Picture Vocabulary Test, Fourth Edition-Form A",,text,"Miscellaneous comments on study, interview, methodology relevant to this form data",,,,,,,,,,
sex,"Peabody Picture Vocabulary Test, Fourth Edition-Form A",,dropdown,Gender -Child,"M, M | F, F",,,,,,,y,,
currgradelevel,"Peabody Picture Vocabulary Test, Fourth Edition-Form A",,text,Current grade level,,,,,,,,y,,
curreduccompleted,"Peabody Picture Vocabulary Test, Fourth Edition-Form A",,text,Current grade education level completed,,,,,,,,,,
language,"Peabody Picture Vocabulary Test, Fourth Edition-Form A",,text,Language Spoken at Home,,,,,,,,y,,
testreason,"Peabody Picture Vocabulary Test, Fourth Edition-Form A",,text,Reason for Testing,,,,,,,,y,,
norms_age,"Peabody Picture Vocabulary Test, Fourth Edition-Form A",Norms,dropdown,Age in Norms Used,"Yes, Yes |  No,  No",,,,,,,y,,
norms_gradefall,"Peabody Picture Vocabulary Test, Fourth Edition-Form A",,dropdown,Grade in Fall,"Yes, Yes |  No,  No",,,,,,,y,,
norms_gradespring,"Peabody Picture Vocabulary Test, Fourth Edition-Form A",,dropdown,Grade in Spring,"Yes, Yes |  No,  No",,,,,,,y,,
ss_rawscore,"Peabody Picture Vocabulary Test, Fourth Edition-Form A",Score Summary,text,Raw score,,,,,,,,y,,
ss_standardscore,"Peabody Picture Vocabulary Test, Fourth Edition-Form A",,text,"Standard score, use Table B1, B2, and B3",,,,,,,,y,,
ss_confidenceinterv90,"Peabody Picture Vocabulary Test, Fourth Edition-Form A",,dropdown,Confidence interval 90%,"Yes, Yes |  No,  No",,,,,,,y,,
ss_confidenceinterv95,"Peabody Picture Vocabulary Test, Fourth Edition-Form A",,dropdown,Confidence interval 95%,"Yes, Yes |  No,  No",,,,,,,y,,
ss_confidenceintervfrom,"Peabody Picture Vocabulary Test, Fourth Edition-Form A",,text,Confidence interval lower limit value (left),,,,,,,,y,,
ss_confidenceintervto,"Peabody Picture Vocabulary Test, Fourth Edition-Form A",,text,Confidence interval upper limit value (right),,,,,,,,y,,
ss_percentile,"Peabody Picture Vocabulary Test, Fourth Edition-Form A",,text,Percentile,,,,,,,,y,,
ss_nce,"Peabody Picture Vocabulary Test, Fourth Edition-Form A",,text,Normal Curve Equivalent (NCE),,,,,,,,y,,
ss_stanine,"Peabody Picture Vocabulary Test, Fourth Edition-Form A",,text,Stanine (a method of scaling test scores on a nine-point standard scale with a mean of five (5) and a standard deviation of two (2)),,,,,,,,y,,
ss_gsv,"Peabody Picture Vocabulary Test, Fourth Edition-Form A",,text,Growth Scale Value (GSV),,,,,,,,y,,
ss_ageequiv,"Peabody Picture Vocabulary Test, Fourth Edition-Form A",,text,Age equivalent,,,number,0,1200,,,y,,
ss_ageequivyn,"Peabody Picture Vocabulary Test, Fourth Edition-Form A",,dropdown,Age equivalent used,"Yes, Yes |  No,  No",,,,,,,y,,
ss_gradeequiv,"Peabody Picture Vocabulary Test, Fourth Edition-Form A",,text,Grade equivalent,,,number,1,,,,y,,
ss_gradeequivyn,"Peabody Picture Vocabulary Test, Fourth Edition-Form A",,dropdown,Grade equivalent used,"Yes, Yes |  No,  No",,,,,,,y,,
set1_ball,"Peabody Picture Vocabulary Test, Fourth Edition-Form A",Set 1,dropdown,1. ball,"1, 1 | 2, 2 | 3, 3 | 4, 4",,,,,,,y,,
set1_ball_err,"Peabody Picture Vocabulary Test, Fourth Edition-Form A",,dropdown,1. ball (error),"Yes, Yes | No, No",,,,,,,y,,
set1_dog,"Peabody Picture Vocabulary Test, Fourth Edition-Form A",,dropdown,2. dog,"1, 1 | 2, 2 | 3, 3 | 4, 4",,,,,,,y,,
set1_dog_err,"Peabody Picture Vocabulary Test, Fourth Edition-Form A",,dropdown,2. dog (error),"Yes, Yes | No, No",,,,,,,y,,
set1_spoon,"Peabody Picture Vocabulary Test, Fourth Edition-Form A",,dropdown,3. spoon,"1, 1 | 2, 2 | 3, 3 | 4, 4",,,,,,,y,,
set1_spoon_err,"Peabody Picture Vocabulary Test, Fourth Edition-Form A",,dropdown,3. spoon (error),"Yes, Yes | No, No",,,,,,,y,,
set1_foot,"Peabody Picture Vocabulary Test, Fourth Edition-Form A",,dropdown,4. foot,"1, 1 | 2, 2 | 3, 3 | 4, 4",,,,,,,y,,
set1_foot_err,"Peabody Picture Vocabulary Test, Fourth Edition-Form A",,dropdown,4. foot (error),"Yes, Yes | No, No",,,,,,,y,,
set1_duck,"Peabody Picture Vocabulary Test, Fourth Edition-Form A",,dropdown,5. duck,"1, 1 | 2, 2 | 3, 3 | 4, 4",,,,,,,y,,
set1_duck_err,"Peabody Picture Vocabulary Test, Fourth Edition-Form A",,dropdown,5. duck (error),"Yes, Yes | No, No",,,,,,,y,,
set1_banana,"Peabody Picture Vocabulary Test, Fourth Edition-Form A",,dropdown,6. banana,"1, 1 | 2, 2 | 3, 3 | 4, 4",,,,,,,y,,
set1_banana_err,"Peabody Picture Vocabulary Test, Fourth Edition-Form A",,dropdown,6. banana (error),"Yes, Yes | No, No",,,,,,,y,,
set1_shoe,"Peabody Picture Vocabulary Test, Fourth Edition-Form A",,dropdown,7. shoe,"1, 1 | 2, 2 | 3, 3 | 4, 4",,,,,,,y,,
set1_shoe_err,"Peabody Picture Vocabulary Test, Fourth Edition-Form A",,dropdown,7. shoe (error),"Yes, Yes | No, No",,,,,,,y,,
set1_cup,"Peabody Picture Vocabulary Test, Fourth Edition-Form A",,dropdown,8. cup,"1, 1 | 2, 2 | 3, 3 | 4, 4",,,,,,,y,,
set1_cup_err,"Peabody Picture Vocabulary Test, Fourth Edition-Form A",,dropdown,8. cup (error),"Yes, Yes | No, No",,,,,,,y,,
set1_eating,"Peabody Picture Vocabulary Test, Fourth Edition-Form A",,dropdown,9. eating,"1, 1 | 2, 2 | 3, 3 | 4, 4",,,,,,,y,,
set1_eating_err,"Peabody Picture Vocabulary Test, Fourth Edition-Form A",,dropdown,9. eating (error),"Yes, Yes | No, No",,,,,,,y,,
set1_bus,"Peabody Picture Vocabulary Test, Fourth Edition-Form A",,dropdown,10. bus,"1, 1 | 2, 2 | 3, 3 | 4, 4",,,,,,,y,,
set1_bus_err,"Peabody Picture Vocabulary Test, Fourth Edition-Form A",,dropdown,10. bus (error),"Yes, Yes | No, No",,,,,,,y,,
set1_flower,"Peabody Picture Vocabulary Test, Fourth Edition-Form A",,dropdown,11. flower,"1, 1 | 2, 2 | 3, 3 | 4, 4",,,,,,,y,,
set1_flower_err,"Peabody Picture Vocabulary Test, Fourth Edition-Form A",,dropdown,11. flower (error),"Yes, Yes | No, No",,,,,,,y,,
set1_mouth,"Peabody Picture Vocabulary Test, Fourth Edition-Form A",,dropdown,12. mouth,"1, 1 | 2, 2 | 3, 3 | 4, 4",,,,,,,y,,
set1_mouth_err,"Peabody Picture Vocabulary Test, Fourth Edition-Form A",,dropdown,12. mouth (error),"Yes, Yes | No, No",,,,,,,y,,
set1_numerrorset1,"Peabody Picture Vocabulary Test, Fourth Edition-Form A",,text,Number of errors,,,number,0,,,,y,,
set2_pencil,"Peabody Picture Vocabulary Test, Fourth Edition-Form A",Set 2,dropdown,13. pencil,"1, 1 | 2, 2 | 3, 3 | 4, 4",,,,,,,y,,
set2_pencil_err,"Peabody Picture Vocabulary Test, Fourth Edition-Form A",,dropdown,13. pencil (error),"Yes, Yes | No, No",,,,,,,y,,
set2_cookie,"Peabody Picture Vocabulary Test, Fourth Edition-Form A",,dropdown,14. cookie,"1, 1 | 2, 2 | 3, 3 | 4, 4",,,,,,,y,,
set2_cookie_err,"Peabody Picture Vocabulary Test, Fourth Edition-Form A",,dropdown,14. cookie (error),"Yes, Yes | No, No",,,,,,,y,,
set2_drum,"Peabody Picture Vocabulary Test, Fourth Edition-Form A",,dropdown,15. drum,"1, 1 | 2, 2 | 3, 3 | 4, 4",,,,,,,y,,
set2_drum_err,"Peabody Picture Vocabulary Test, Fourth Edition-Form A",,dropdown,15. drum (error),"Yes, Yes | No, No",,,,,,,y,,
set2_turtle,"Peabody Picture Vocabulary Test, Fourth Edition-Form A",,dropdown,16. turtle,"1, 1 | 2, 2 | 3, 3 | 4, 4",,,,,,,y,,
set2_turtle_err,"Peabody Picture Vocabulary Test, Fourth Edition-Form A",,dropdown,16. turtle (error),"Yes, Yes | No, No",,,,,,,y,,
set2_red,"Peabody Picture Vocabulary Test, Fourth Edition-Form A",,dropdown,17. red,"1, 1 | 2, 2 | 3, 3 | 4, 4",,,,,,,y,,
set2_red_err,"Peabody Picture Vocabulary Test, Fourth Edition-Form A",,dropdown,17. red (error),"Yes, Yes | No, No",,,,,,,y,,
set2_jumping,"Peabody Picture Vocabulary Test, Fourth Edition-Form A",,dropdown,18. jumping,"1, 1 | 2, 2 | 3, 3 | 4, 4",,,,,,,y,,
set2_jumping_err,"Peabody Picture Vocabulary Test, Fourth Edition-Form A",,dropdown,18. jumping (error),"Yes, Yes | No, No",,,,,,,y,,
set2_carrot,"Peabody Picture Vocabulary Test, Fourth Edition-Form A",,dropdown,19. carrot,"1, 1 | 2, 2 | 3, 3 | 4, 4",,,,,,,y,,
set2_carrot_err,"Peabody Picture Vocabulary Test, Fourth Edition-Form A",,dropdown,19. carrot (error),"Yes, Yes | No, No",,,,,,,y,,
set2_reading,"Peabody Picture Vocabulary Test, Fourth Edition-Form A",,dropdown,20. reading,"1, 1 | 2, 2 | 3, 3 | 4, 4",,,,,,,y,,
set2_reading_err,"Peabody Picture Vocabulary Test, Fourth Edition-Form A",,dropdown,20. reading (error),"Yes, Yes | No, No",,,,,,,y,,
set2_toe,"Peabody Picture Vocabulary Test, Fourth Edition-Form A",,dropdown,21. toe,"1, 1 | 2, 2 | 3, 3 | 4, 4",,,,,,,y,,
set2_toe_err,"Peabody Picture Vocabulary Test, Fourth Edition-Form A",,dropdown,21. toe (error),"Yes, Yes | No, No",,,,,,,y,,
set2_belt,"Peabody Picture Vocabulary Test, Fourth Edition-Form A",,dropdown,22. belt,"1, 1 | 2, 2 | 3, 3 | 4, 4",,,,,,,y,,
set2_belt_err,"Peabody Picture Vocabulary Test, Fourth Edition-Form A",,dropdown,22. belt (error),"Yes, Yes | No, No",,,,,,,y,,
set2_fly,"Peabody Picture Vocabulary Test, Fourth Edition-Form A",,dropdown,23. fly,"1, 1 | 2, 2 | 3, 3 | 4, 4",,,,,,,y,,
set2_fly_err,"Peabody Picture Vocabulary Test, Fourth Edition-Form A",,dropdown,23. fly (error),"Yes, Yes | No, No",,,,,,,y,,
set2_paining,"Peabody Picture Vocabulary Test, Fourth Edition-Form A",,dropdown,24. painting,"1, 1 | 2, 2 | 3, 3 | 4, 4",,,,,,,y,,
set2_paining_err,"Peabody Picture Vocabulary Test, Fourth Edition-Form A",,dropdown,24. painting (error),"Yes, Yes | No, No",,,,,,,y,,
set2_numerrorset2,"Peabody Picture Vocabulary Test, Fourth Edition-Form A",,text,Number of errors,,,number,0,,,,y,,
set3_dancing,"Peabody Picture Vocabulary Test, Fourth Edition-Form A",Set 3,dropdown,25. dancing,"1, 1 | 2, 2 | 3, 3 | 4, 4",,,,,,,y,,
set3_dancing_err,"Peabody Picture Vocabulary Test, Fourth Edition-Form A",,dropdown,25. dancing (error),"Yes, Yes | No, No",,,,,,,y,,
set3_whistle,"Peabody Picture Vocabulary Test, Fourth Edition-Form A",,dropdown,26. whistle,"1, 1 | 2, 2 | 3, 3 | 4, 4",,,,,,,y,,
set3_whistle_err,"Peabody Picture Vocabulary Test, Fourth Edition-Form A",,dropdown,26. whistle (error),"Yes, Yes | No, No",,,,,,,y,,
set3_kicking,"Peabody Picture Vocabulary Test, Fourth Edition-Form A",,dropdown,27. kicking,"1, 1 | 2, 2 | 3, 3 | 4, 4",,,,,,,y,,
set3_kicking_err,"Peabody Picture Vocabulary Test, Fourth Edition-Form A",,dropdown,27. kicking (error),"Yes, Yes | No, No",,,,,,,y,,
set3_lamp,"Peabody Picture Vocabulary Test, Fourth Edition-Form A",,dropdown,28. lamp,"1, 1 | 2, 2 | 3, 3 | 4, 4",,,,,,,y,,
set3_lamp_err,"Peabody Picture Vocabulary Test, Fourth Edition-Form A",,dropdown,28. lamp (error),"Yes, Yes | No, No",,,,,,,y,,
set3_square,"Peabody Picture Vocabulary Test, Fourth Edition-Form A",,dropdown,29. square,"1, 1 | 2, 2 | 3, 3 | 4, 4",,,,,,,y,,
set3_square_err,"Peabody Picture Vocabulary Test, Fourth Edition-Form A",,dropdown,29. square (error),"Yes, Yes | No, No",,,,,,,y,,
set3_fence,"Peabody Picture Vocabulary Test, Fourth Edition-Form A",,dropdown,30. fence,"1, 1 | 2, 2 | 3, 3 | 4, 4",,,,,,,y,,
set3_fence_err,"Peabody Picture Vocabulary Test, Fourth Edition-Form A",,dropdown,30. fence (error),"Yes, Yes | No, No",,,,,,,y,,
set3_empty,"Peabody Picture Vocabulary Test, Fourth Edition-Form A",,dropdown,31. empty,"1, 1 | 2, 2 | 3, 3 | 4, 4",,,,,,,y,,
set3_empty_err,"Peabody Picture Vocabulary Test, Fourth Edition-Form A",,dropdown,31. empty (error),"Yes, Yes | No, No",,,,,,,y,,
set3_happy,"Peabody Picture Vocabulary Test, Fourth Edition-Form A",,dropdown,32. happy,"1, 1 | 2, 2 | 3, 3 | 4, 4",,,,,,,y,,
set3_happy_err,"Peabody Picture Vocabulary Test, Fourth Edition-Form A",,dropdown,32. happy (error),"Yes, Yes | No, No",,,,,,,y,,
set3_fire,"Peabody Picture Vocabulary Test, Fourth Edition-Form A",,dropdown,33. fire,"1, 1 | 2, 2 | 3, 3 | 4, 4",,,,,,,y,,
set3_fire_err,"Peabody Picture Vocabulary Test, Fourth Edition-Form A",,dropdown,33. fire (error),"Yes, Yes | No, No",,,,,,,y,,
set3_castle,"Peabody Picture Vocabulary Test, Fourth Edition-Form A",,dropdown,34. castle,"1, 1 | 2, 2 | 3, 3 | 4, 4",,,,,,,y,,
set3_castle_err,"Peabody Picture Vocabulary Test, Fourth Edition-Form A",,dropdown,34. castle (error),"Yes, Yes | No, No",,,,,,,y,,
set3_squirrel,"Peabody Picture Vocabulary Test, Fourth Edition-Form A",,dropdown,35. squirrel,"1, 1 | 2, 2 | 3, 3 | 4, 4",,,,,,,y,,
set3_squirrel_err,"Peabody Picture Vocabulary Test, Fourth Edition-Form A",,dropdown,35. squirrel (error),"Yes, Yes | No, No",,,,,,,y,,
set3_throwing,"Peabody Picture Vocabulary Test, Fourth Edition-Form A",,dropdown,36. throwing,"1, 1 | 2, 2 | 3, 3 | 4, 4",,,,,,,y,,
set3_throwing_err,"Peabody Picture Vocabulary Test, Fourth Edition-Form A",,dropdown,36. throwing (error),"Yes, Yes | No, No",,,,,,,y,,
set3_numerrorset3,"Peabody Picture Vocabulary Test, Fourth Edition-Form A",,text,Number of errors,,,number,0,,,,y,,
set4_farm,"Peabody Picture Vocabulary Test, Fourth Edition-Form A",Set 4,dropdown,37. farm,"1, 1 | 2, 2 | 3, 3 | 4, 4",,,,,,,y,,
set4_farm_err,"Peabody Picture Vocabulary Test, Fourth Edition-Form A",,dropdown,37. farm (error),"Yes, Yes | No, No",,,,,,,y,,
set4_penguin,"Peabody Picture Vocabulary Test, Fourth Edition-Form A",,dropdown,38. penguin,"1, 1 | 2, 2 | 3, 3 | 4, 4",,,,,,,y,,
set4_penguin_err,"Peabody Picture Vocabulary Test, Fourth Edition-Form A",,dropdown,38. penguin (error),"Yes, Yes | No, No",,,,,,,y,,
set4_gift,"Peabody Picture Vocabulary Test, Fourth Edition-Form A",,dropdown,39. gift,"1, 1 | 2, 2 | 3, 3 | 4, 4",,,,,,,y,,
set4_gift_err,"Peabody Picture Vocabulary Test, Fourth Edition-Form A",,dropdown,39. gift (error),"Yes, Yes | No, No",,,,,,,y,,
set4_feather,"Peabody Picture Vocabulary Test, Fourth Edition-Form A",,dropdown,40. feather,"1, 1 | 2, 2 | 3, 3 | 4, 4",,,,,,,y,,
set4_feather_err,"Peabody Picture Vocabulary Test, Fourth Edition-Form A",,dropdown,40. feather (error),"Yes, Yes | No, No",,,,,,,y,,
set4_cobweb,"Peabody Picture Vocabulary Test, Fourth Edition-Form A",,dropdown,41. cobweb,"1, 1 | 2, 2 | 3, 3 | 4, 4",,,,,,,y,,
set4_cobweb_err,"Peabody Picture Vocabulary Test, Fourth Edition-Form A",,dropdown,41. cobweb (error),"Yes, Yes | No, No",,,,,,,y,,
set4_elbow,"Peabody Picture Vocabulary Test, Fourth Edition-Form A",,dropdown,42. elbow,"1, 1 | 2, 2 | 3, 3 | 4, 4",,,,,,,y,,
set4_elbow_err,"Peabody Picture Vocabulary Test, Fourth Edition-Form A",,dropdown,42. elbow (error),"Yes, Yes | No, No",,,,,,,y,,
set4_juggling,"Peabody Picture Vocabulary Test, Fourth Edition-Form A",,dropdown,43. juggling,"1, 1 | 2, 2 | 3, 3 | 4, 4",,,,,,,y,,
set4_juggling_err,"Peabody Picture Vocabulary Test, Fourth Edition-Form A",,dropdown,43. juggling (error),"Yes, Yes | No, No",,,,,,,y,,
set4_fountain,"Peabody Picture Vocabulary Test, Fourth Edition-Form A",,dropdown,44. fountain,"1, 1 | 2, 2 | 3, 3 | 4, 4",,,,,,,y,,
set4_fountain_err,"Peabody Picture Vocabulary Test, Fourth Edition-Form A",,dropdown,44. fountain (error),"Yes, Yes | No, No",,,,,,,y,,
set4_net,"Peabody Picture Vocabulary Test, Fourth Edition-Form A",,dropdown,45. net,"1, 1 | 2, 2 | 3, 3 | 4, 4",,,,,,,y,,
set4_net_err,"Peabody Picture Vocabulary Test, Fourth Edition-Form A",,dropdown,45. net (error),"Yes, Yes | No, No",,,,,,,y,,
set4_shoulder,"Peabody Picture Vocabulary Test, Fourth Edition-Form A",,dropdown,46. shoulder,"1, 1 | 2, 2 | 3, 3 | 4, 4",,,,,,,y,,
set4_shoulder_err,"Peabody Picture Vocabulary Test, Fourth Edition-Form A",,dropdown,46. shoulder (error),"Yes, Yes | No, No",,,,,,,y,,
set4_dressing,"Peabody Picture Vocabulary Test, Fourth Edition-Form A",,dropdown,47. dressing,"1, 1 | 2, 2 | 3, 3 | 4, 4",,,,,,,y,,
set4_dressing_err,"Peabody Picture Vocabulary Test, Fourth Edition-Form A",,dropdown,47. dressing (error),"Yes, Yes | No, No",,,,,,,y,,
set4_roof,"Peabody Picture Vocabulary Test, Fourth Edition-Form A",,dropdown,48. roof,"1, 1 | 2, 2 | 3, 3 | 4, 4",,,,,,,y,,
set4_roof_err,"Peabody Picture Vocabulary Test, Fourth Edition-Form A",,dropdown,48. roof (error),"Yes, Yes | No, No",,,,,,,y,,
set4_numerrorset4,"Peabody Picture Vocabulary Test, Fourth Edition-Form A",,text,Number of errors,,,number,0,,,,y,,
set5_peeking,"Peabody Picture Vocabulary Test, Fourth Edition-Form A",Set 5,dropdown,49. peeking,"1, 1 | 2, 2 | 3, 3 | 4, 4",,,,,,,y,,
set5_peeking_err,"Peabody Picture Vocabulary Test, Fourth Edition-Form A",,dropdown,49. peeking (error),"Yes, Yes | No, No",,,,,,,y,,
set5_ruler,"Peabody Picture Vocabulary Test, Fourth Edition-Form A",,dropdown,50. ruler,"1, 1 | 2, 2 | 3, 3 | 4, 4",,,,,,,y,,
set5_ruler_err,"Peabody Picture Vocabulary Test, Fourth Edition-Form A",,dropdown,50. ruler (error),"Yes, Yes | No, No",,,,,,,y,,
set5_tunnel,"Peabody Picture Vocabulary Test, Fourth Edition-Form A",,dropdown,51. tunnel,"1, 1 | 2, 2 | 3, 3 | 4, 4",,,,,,,y,,
set5_tunnel_err,"Peabody Picture Vocabulary Test, Fourth Edition-Form A",,dropdown,51. tunnel (error),"Yes, Yes | No, No",,,,,,,y,,
set5_branch,"Peabody Picture Vocabulary Test, Fourth Edition-Form A",,dropdown,52. branch,"1, 1 | 2, 2 | 3, 3 | 4, 4",,,,,,,y,,
set5_branch_err,"Peabody Picture Vocabulary Test, Fourth Edition-Form A",,dropdown,52. branch (error),"Yes, Yes | No, No",,,,,,,y,,
set5_envelope,"Peabody Picture Vocabulary Test, Fourth Edition-Form A",,dropdown,53. envelope,"1, 1 | 2, 2 | 3, 3 | 4, 4",,,,,,,y,,
set5_envelope_err,"Peabody Picture Vocabulary Test, Fourth Edition-Form A",,dropdown,53. envelope (error),"Yes, Yes | No, No",,,,,,,y,,
set5_diamond,"Peabody Picture Vocabulary Test, Fourth Edition-Form A",,dropdown,54. diamond,"1, 1 | 2, 2 | 3, 3 | 4, 4",,,,,,,y,,
set5_diamond_err,"Peabody Picture Vocabulary Test, Fourth Edition-Form A",,dropdown,54. diamond (error),"Yes, Yes | No, No",,,,,,,y,,
set5_calendar,"Peabody Picture Vocabulary Test, Fourth Edition-Form A",,dropdown,55. calendar,"1, 1 | 2, 2 | 3, 3 | 4, 4",,,,,,,y,,
set5_calendar_err,"Peabody Picture Vocabulary Test, Fourth Edition-Form A",,dropdown,55. calendar (error),"Yes, Yes | No, No",,,,,,,y,,
set5_buckle,"Peabody Picture Vocabulary Test, Fourth Edition-Form A",,dropdown,56. buckle,"1, 1 | 2, 2 | 3, 3 | 4, 4",,,,,,,y,,
set5_buckle_err,"Peabody Picture Vocabulary Test, Fourth Edition-Form A",,dropdown,56. buckle (error),"Yes, Yes | No, No",,,,,,,y,,
set5_sawing,"Peabody Picture Vocabulary Test, Fourth Edition-Form A",,dropdown,57. sawing,"1, 1 | 2, 2 | 3, 3 | 4, 4",,,,,,,y,,
set5_sawing_err,"Peabody Picture Vocabulary Test, Fourth Edition-Form A",,dropdown,57. sawing (error),"Yes, Yes | No, No",,,,,,,y,,
set5_panda,"Peabody Picture Vocabulary Test, Fourth Edition-Form A",,dropdown,58. panda,"1, 1 | 2, 2 | 3, 3 | 4, 4",,,,,,,y,,
set5_panda_err,"Peabody Picture Vocabulary Test, Fourth Edition-Form A",,dropdown,58. panda (error),"Yes, Yes | No, No",,,,,,,y,,
set5_vest,"Peabody Picture Vocabulary Test, Fourth Edition-Form A",,dropdown,59. vest,"1, 1 | 2, 2 | 3, 3 | 4, 4",,,,,,,y,,
set5_vest_err,"Peabody Picture Vocabulary Test, Fourth Edition-Form A",,dropdown,59. vest (error),"Yes, Yes | No, No",,,,,,,y,,
set5_arrow,"Peabody Picture Vocabulary Test, Fourth Edition-Form A",,dropdown,60. arrow,"1, 1 | 2, 2 | 3, 3 | 4, 4",,,,,,,y,,
set5_arrow_err,"Peabody Picture Vocabulary Test, Fourth Edition-Form A",,dropdown,60. arrow (error),"Yes, Yes | No, No",,,,,,,y,,
set5_numerrorset5,"Peabody Picture Vocabulary Test, Fourth Edition-Form A",,text,Number of errors,,,number,0,,,,y,,
set6_picking,"Peabody Picture Vocabulary Test, Fourth Edition-Form A",Set 6,dropdown,61. picking,"1, 1 | 2, 2 | 3, 3 | 4, 4",,,,,,,y,,
set6_picking_err,"Peabody Picture Vocabulary Test, Fourth Edition-Form A",,dropdown,61. picking (error),"Yes, Yes | No, No",,,,,,,y,,
set6_target,"Peabody Picture Vocabulary Test, Fourth Edition-Form A",,dropdown,62. target,"1, 1 | 2, 2 | 3, 3 | 4, 4",,,,,,,y,,
set6_target_err,"Peabody Picture Vocabulary Test, Fourth Edition-Form A",,dropdown,62. target (error),"Yes, Yes | No, No",,,,,,,y,,
set6_dripping,"Peabody Picture Vocabulary Test, Fourth Edition-Form A",,dropdown,63. dripping,"1, 1 | 2, 2 | 3, 3 | 4, 4",,,,,,,y,,
set6_dripping_err,"Peabody Picture Vocabulary Test, Fourth Edition-Form A",,dropdown,63. dripping (error),"Yes, Yes | No, No",,,,,,,y,,
set6_knight,"Peabody Picture Vocabulary Test, Fourth Edition-Form A",,dropdown,64. knight,"1, 1 | 2, 2 | 3, 3 | 4, 4",,,,,,,y,,
set6_knight_err,"Peabody Picture Vocabulary Test, Fourth Edition-Form A",,dropdown,64. knight (error),"Yes, Yes | No, No",,,,,,,y,,
set6_delivering,"Peabody Picture Vocabulary Test, Fourth Edition-Form A",,dropdown,65. delivering,"1, 1 | 2, 2 | 3, 3 | 4, 4",,,,,,,y,,
set6_delivering_err,"Peabody Picture Vocabulary Test, Fourth Edition-Form A",,dropdown,65. delivering (error),"Yes, Yes | No, No",,,,,,,y,,
set6_cactus,"Peabody Picture Vocabulary Test, Fourth Edition-Form A",,dropdown,66. cactus,"1, 1 | 2, 2 | 3, 3 | 4, 4",,,,,,,y,,
set6_cactus_err,"Peabody Picture Vocabulary Test, Fourth Edition-Form A",,dropdown,66. cactus (error),"Yes, Yes | No, No",,,,,,,y,,
set6_dentist,"Peabody Picture Vocabulary Test, Fourth Edition-Form A",,dropdown,67. dentist,"1, 1 | 2, 2 | 3, 3 | 4, 4",,,,,,,y,,
set6_dentist_err,"Peabody Picture Vocabulary Test, Fourth Edition-Form A",,dropdown,67. dentist (error),"Yes, Yes | No, No",,,,,,,y,,
set6_floating,"Peabody Picture Vocabulary Test, Fourth Edition-Form A",,dropdown,68. floating,"1, 1 | 2, 2 | 3, 3 | 4, 4",,,,,,,y,,
set6_floating_err,"Peabody Picture Vocabulary Test, Fourth Edition-Form A",,dropdown,68. floating (error),"Yes, Yes | No, No",,,,,,,y,,
set6_claw,"Peabody Picture Vocabulary Test, Fourth Edition-Form A",,dropdown,69. claw,"1, 1 | 2, 2 | 3, 3 | 4, 4",,,,,,,y,,
set6_claw_err,"Peabody Picture Vocabulary Test, Fourth Edition-Form A",,dropdown,69. claw (error),"Yes, Yes | No, No",,,,,,,y,,
set6_uniform,"Peabody Picture Vocabulary Test, Fourth Edition-Form A",,dropdown,70. uniform,"1, 1 | 2, 2 | 3, 3 | 4, 4",,,,,,,y,,
set6_uniform_err,"Peabody Picture Vocabulary Test, Fourth Edition-Form A",,dropdown,70. uniform (error),"Yes, Yes | No, No",,,,,,,y,,
set6_gigantic,"Peabody Picture Vocabulary Test, Fourth Edition-Form A",,dropdown,71. gigantic,"1, 1 | 2, 2 | 3, 3 | 4, 4",,,,,,,y,,
set6_gigantic_err,"Peabody Picture Vocabulary Test, Fourth Edition-Form A",,dropdown,71. gigantic (error),"Yes, Yes | No, No",,,,,,,y,,
set6_furry,"Peabody Picture Vocabulary Test, Fourth Edition-Form A",,dropdown,72. furry,"1, 1 | 2, 2 | 3, 3 | 4, 4",,,,,,,y,,
set6_furry_err,"Peabody Picture Vocabulary Test, Fourth Edition-Form A",,dropdown,72. furry (error),"Yes, Yes | No, No",,,,,,,y,,
set6_numerrorset6,"Peabody Picture Vocabulary Test, Fourth Edition-Form A",,text,Number of errors,,,number,0,,,,y,,
set7_violin,"Peabody Picture Vocabulary Test, Fourth Edition-Form A",Set 7,dropdown,73. violin,"1, 1 | 2, 2 | 3, 3 | 4, 4",,,,,,,y,,
set7_violin_err,"Peabody Picture Vocabulary Test, Fourth Edition-Form A",,dropdown,73. violin (error),"Yes, Yes | No, No",,,,,,,y,,
set7_group,"Peabody Picture Vocabulary Test, Fourth Edition-Form A",,dropdown,74. group,"1, 1 | 2, 2 | 3, 3 | 4, 4",,,,,,,y,,
set7_group_err,"Peabody Picture Vocabulary Test, Fourth Edition-Form A",,dropdown,74. group (error),"Yes, Yes | No, No",,,,,,,y,,
set7_globe,"Peabody Picture Vocabulary Test, Fourth Edition-Form A",,dropdown,75. globe,"1, 1 | 2, 2 | 3, 3 | 4, 4",,,,,,,y,,
set7_globe_err,"Peabody Picture Vocabulary Test, Fourth Edition-Form A",,dropdown,75. globe (error),"Yes, Yes | No, No",,,,,,,y,,
set7_vehicle,"Peabody Picture Vocabulary Test, Fourth Edition-Form A",,dropdown,76. vehicle,"1, 1 | 2, 2 | 3, 3 | 4, 4",,,,,,,y,,
set7_vehicle_err,"Peabody Picture Vocabulary Test, Fourth Edition-Form A",,dropdown,76. vehicle (error),"Yes, Yes | No, No",,,,,,,y,,
set7_chef,"Peabody Picture Vocabulary Test, Fourth Edition-Form A",,dropdown,77.chef,"1, 1 | 2, 2 | 3, 3 | 4, 4",,,,,,,y,,
set7_chef_err,"Peabody Picture Vocabulary Test, Fourth Edition-Form A",,dropdown,77.chef (error),"Yes, Yes | No, No",,,,,,,y,,
set7_squash,"Peabody Picture Vocabulary Test, Fourth Edition-Form A",,dropdown,78. squash,"1, 1 | 2, 2 | 3, 3 | 4, 4",,,,,,,y,,
set7_squash_err,"Peabody Picture Vocabulary Test, Fourth Edition-Form A",,dropdown,78. squash (error),"Yes, Yes | No, No",,,,,,,y,,
set7_ax,"Peabody Picture Vocabulary Test, Fourth Edition-Form A",,dropdown,79. ax,"1, 1 | 2, 2 | 3, 3 | 4, 4",,,,,,,y,,
set7_ax_err,"Peabody Picture Vocabulary Test, Fourth Edition-Form A",,dropdown,79. ax (error),"Yes, Yes | No, No",,,,,,,y,,
set7_flamingo,"Peabody Picture Vocabulary Test, Fourth Edition-Form A",,dropdown,80. flamingo,"1, 1 | 2, 2 | 3, 3 | 4, 4",,,,,,,y,,
set7_flamingo_err,"Peabody Picture Vocabulary Test, Fourth Edition-Form A",,dropdown,80. flamingo (error),"Yes, Yes | No, No",,,,,,,y,,
set7_chimney,"Peabody Picture Vocabulary Test, Fourth Edition-Form A",,dropdown,81. chimney,"1, 1 | 2, 2 | 3, 3 | 4, 4",,,,,,,y,,
set7_chimney_err,"Peabody Picture Vocabulary Test, Fourth Edition-Form A",,dropdown,81. chimney (error),"Yes, Yes | No, No",,,,,,,y,,
set7_sorting,"Peabody Picture Vocabulary Test, Fourth Edition-Form A",,dropdown,82. sorting,"1, 1 | 2, 2 | 3, 3 | 4, 4",,,,,,,y,,
set7_sorting_err,"Peabody Picture Vocabulary Test, Fourth Edition-Form A",,dropdown,82. sorting (error),"Yes, Yes | No, No",,,,,,,y,,
set7_waist,"Peabody Picture Vocabulary Test, Fourth Edition-Form A",,dropdown,83. waist,"1, 1 | 2, 2 | 3, 3 | 4, 4",,,,,,,y,,
set7_waist_err,"Peabody Picture Vocabulary Test, Fourth Edition-Form A",,dropdown,83. waist (error),"Yes, Yes | No, No",,,,,,,y,,
set7_vegetable,"Peabody Picture Vocabulary Test, Fourth Edition-Form A",,dropdown,84. vegetable,"1, 1 | 2, 2 | 3, 3 | 4, 4",,,,,,,y,,
