Variable / Field Name,Form Name,Section Header,Field Type,Field Label,"Choices, Calculations, OR Slider Labels",Field Note,Text Validation Type OR Show Slider Number,Text Validation Min,Text Validation Max,Identifier?,Branching Logic (Show field only if...),Required Field?,Custom Alignment,Question Number (surveys only)
subjectkey,Kiddie-Sads ADHD,NDAR Required,text,The NDAR Global Unique Identifier (GUID) for subjects which identifies a subject in NDAR,,,,,,,,y,,
src_subject_id,Kiddie-Sads ADHD,,text,The site's subject identification,,,,,,,,y,,
interview_date,Kiddie-Sads ADHD,,text,Date on which the interview/genetic test/sampling/imaging was completed,"MM/yyyy, MM/yyyy | MM/dd/yyyy, MM/dd/yyyy",* '01/01/1900' indicates that a date associated with retrospective data is not known.,date_ymd,,,,,y,,
interview_age,Kiddie-Sads ADHD,,text,Age in months at the time of the interview/test/sampling/imaging.,,Age is rounded to chronological month If the research participant is 13 days old at time of interview  the appropriate value would be 0 months if the participant is 19 days old the value would be 1 month,number,0,1200,,,y,,
attention_cur,Kiddie-Sads ADHD,ADHD,text,"summary of difficulty subject has with sustaining attention on tasks. 0 = no info; 1 = not present, 2 = subthreshold, 3 = threshold",,,number,0,3,,,y,,
attention_past,Kiddie-Sads ADHD,,text,does the parent think the subject had difficulty sustaining attention on tasks,,,number,0,3,,,y,,
distracted_cur,Kiddie-Sads ADHD,,text," is subject easily distracted; summary. 0 = no info; 1 = not present, 2 = subthreshold, 3 = threshold",,,number,0,3,,,y,,
distracted_past,Kiddie-Sads ADHD,,text,does the parent think the subject was easily distracted,,,number,0,3,,,y,,
seated_cur,Kiddie-Sads ADHD,,text,"does subject have difficulty remaining seated; summary. 0 = no info; 1 = not present, 2 = subthreshold, 3 = threshold",,,number,0,3,,,y,,
seated_past,Kiddie-Sads ADHD,,text,does the parent think the subject had difficulty remaining seated,,,number,0,3,,,y,,
impulsivity_cur,Kiddie-Sads ADHD,,text,"is the subject impulsive; summary. 0 = no info; 1 = not present, 2 = subthreshold, 3 = threshold",,,number,0,3,,,y,,
impulsivity_past,Kiddie-Sads ADHD,,text,does the parent think the subject was impulsive,,,number,0,3,,,y,,
supplement4,Kiddie-Sads ADHD,,dropdown,"should supplement 4  be completed. 0 = no info; 1 = not present, 2 = subthreshold, 3 = threshold","yes, yes | no, no",,,,,,,y,,
s4_adhd_mistakes_current,Kiddie-Sads ADHD,,text,doe the subject make lots of mistakes; summary,,,number,0,3,,,y,,
s4_adhd_mistakes_past,Kiddie-Sads ADHD,,text,"did the subject make lots of mistakes in the past; summary. 0 = no info; 1 = not present, 2 = subthreshold, 3 = threshold",,,number,0,3,,,y,,
s4_adhd_listen_current,Kiddie-Sads ADHD,,text,"does the subject not listen; summary. 0 = no info; 1 = not present, 2 = subthreshold, 3 = threshold",,,number,0,3,,,y,,
s4_adhd_listen_past,Kiddie-Sads ADHD,,text,"did the subject not listen in the past; summary. 0 = no info; 1 = not present, 2 = subthreshold, 3 = threshold",,,number,0,3,,,y,,
s4_adhd_instruct_current,Kiddie-Sads ADHD,,text,"does the subject have difficulty following instructions; summary. 0 = no info; 1 = not present, 2 = subthreshold, 3 = threshold",,,number,0,3,,,y,,
s4_adhd_instruct_past,Kiddie-Sads ADHD,,text,"did the subject have difficulty following instructions in the past; summary. 0 = no info; 1 = not present, 2 = subthreshold, 3 = threshold",,,number,0,3,,,y,,
s4_adhd_organizing_current,Kiddie-Sads ADHD,,text,"does subject have difficulty organizing tasks; summary. 0 = no info; 1 = not present, 2 = subthreshold, 3 = threshold",,,number,0,3,,,y,,
s4_adhd_organizing_past,Kiddie-Sads ADHD,,text,"did subject have difficulty organizing tasks in the past; summary. 0 = no info; 1 = not present, 2 = subthreshold, 3 = threshold",,,number,0,3,,,y,,
s4_adhd_avoids_current,Kiddie-Sads ADHD,,text,"does subject dislike tasks that require attention; summary. 0 = no info; 1 = not present, 2 = subthreshold, 3 = threshold",,,number,0,3,,,y,,
s4_adhd_avoids_past,Kiddie-Sads ADHD,,text,"did subject dislike tasks that require attention in the past; summary. 0 = no info; 1 = not present, 2 = subthreshold, 3 = threshold",,,number,0,3,,,y,,
s4_adhd_loses_current,Kiddie-Sads ADHD,,text,"does subject loose things; summary. 0 = no info; 1 = not present, 2 = subthreshold, 3 = threshold",,,number,0,3,,,y,,
s4_adhd_loses_past,Kiddie-Sads ADHD,,text,"did subject loose things in the past; summary. 0 = no info; 1 = not present, 2 = subthreshold, 3 = threshold",,,number,0,3,,,y,,
s4_adhd_forgetful_current,Kiddie-Sads ADHD,,text,"is subject forgetful in daily activities; summary. 0 = no info; 1 = not present, 2 = subthreshold, 3 = threshold",,,number,0,3,,,y,,
s4_adhd_forgetful_past,Kiddie-Sads ADHD,,text,"was subject forgetful in daily activities in the past; summary. 0 = no info; 1 = not present, 2 = subthreshold, 3 = threshold",,,number,0,3,,,y,,
s4_adhd_fidget_current,Kiddie-Sads ADHD,,text,"does subject fidget; summary. 0 = no info; 1 = not present, 2 = subthreshold, 3 = threshold",,,number,0,3,,,y,,
s4_adhd_fidget_past,Kiddie-Sads ADHD,,text,"did subject fidget in past; summary. 0 = no info; 1 = not present, 2 = subthreshold, 3 = threshold",,,number,0,3,,,y,,
s4_adhd_runs_current,Kiddie-Sads ADHD,,text,"does subject run or climb excessively; summary. 0 = no info; 1 = not present, 2 = subthreshold, 3 = threshold",,,number,0,3,,,y,,
s4_adhd_runs_past,Kiddie-Sads ADHD,,text,"did subject run or climb excessively in the past; summary. 0 = no info; 1 = not present, 2 = subthreshold, 3 = threshold",,,number,0,3,,,y,,
s4_adhd_go_current,Kiddie-Sads ADHD,,text,"is subject always on the go; summary. 0 = no info; 1 = not present, 2 = subthreshold, 3 = threshold",,,number,0,3,,,y,,
s4_adhd_go_past,Kiddie-Sads ADHD,,text,"was subject always on the go in the past; summary. 0 = no info; 1 = not present, 2 = subthreshold, 3 = threshold",,,number,0,3,,,y,,
s4_adhd_quietly_current,Kiddie-Sads ADHD,,text,"does subject have difficulty playing quietly; summary. 0 = no info; 1 = not present, 2 = subthreshold, 3 = threshold",,,number,0,3,,,y,,
s4_adhd_quietly_past,Kiddie-Sads ADHD,,text,"did subject have difficulty playing quietly; summary. 0 = no info; 1 = not present, 2 = subthreshold, 3 = threshold",,,number,0,3,,,y,,
s4_adhd_blurts_current,Kiddie-Sads ADHD,,text,"does subject blurt out answers; summary. 0 = no info; 1 = not present, 2 = subthreshold, 3 = threshold",,,number,0,3,,,y,,
s4_adhd_blurts_past,Kiddie-Sads ADHD,,text,"did subject blurt out answers; summary. 0 = no info; 1 = not present, 2 = subthreshold, 3 = threshold",,,number,0,3,,,y,,
s4_adhd_waiting_current,Kiddie-Sads ADHD,,text,"does subject have difficulty waiting their turn; summary. 0 = no info; 1 = not present, 2 = subthreshold, 3 = threshold",,,number,0,3,,,y,,
s4_adhd_waiting_past,Kiddie-Sads ADHD,,text,"did subject have difficulty waiting their turn in the past; summary. 0 = no info; 1 = not present, 2 = subthreshold, 3 = threshold",,,number,0,3,,,y,,
s4_adhd_interrupts_current,Kiddie-Sads ADHD,,text,"does subject interrupt; summary. 0 = no info; 1 = not present, 2 = subthreshold, 3 = threshold",,,number,0,3,,,y,,
s4_adhd_interrupts_past,Kiddie-Sads ADHD,,text,"did subject interrupt in the past; summary. 0 = no info; 1 = not present, 2 = subthreshold, 3 = threshold",,,number,0,3,,,y,,
s4_adhd_shifts_current,Kiddie-Sads ADHD,,text,"does subject shift activites; summary. 0 = no info; 1 = not present, 2 = subthreshold, 3 = threshold",,,number,0,3,,,y,,
s4_adhd_shifts_past,Kiddie-Sads ADHD,,text,"did subject shift activities in the past; summary. 0 = no info; 1 = not present, 2 = subthreshold, 3 = threshold",,,number,0,3,,,y,,
s4_adhd_talks_current,Kiddie-Sads ADHD,,text,"does subject talk excessively; summary. 0 = no info; 1 = not present, 2 = subthreshold, 3 = threshold",,,number,0,3,,,y,,
s4_adhd_talks_past,Kiddie-Sads ADHD,,text,"did subject talk excessively in the past; summary. 0 = no info; 1 = not present, 2 = subthreshold, 3 = threshold",,,number,0,3,,,y,,
s4_adhd_dangerous_current,Kiddie-Sads ADHD,,text,"does subject engag in physically dangerous activities; summary. 0 = no info; 1 = not present, 2 = subthreshold, 3 = threshold",,,number,0,3,,,y,,
s4_adhd_dangerous_past,Kiddie-Sads ADHD,,text,"did subject engage in physically dangerous activities in the past; summary. 0 = no info; 1 = not present, 2 = subthreshold, 3 = threshold",,,number,0,3,,,y,,
s4_adhd_duration,Kiddie-Sads ADHD,,text,duration of symptoms. 0 = no info; 1 = has not lasted for 6 months or more; 2 = has lasted for 6 months or more,,,number,0,2,,,y,,
s4_adhd_age_onset,Kiddie-Sads ADHD,,text,age of onset of symptoms. 0 = no info; 1 = did not onset before age 7; 2 = did onset before age 7,,,number,0,2,,,y,,
s4_adhd_impairment_social,Kiddie-Sads ADHD,,text,social impairment with peers. 0 = no info; 1 = ; 2 =,,,number,0,2,,,y,,
s4_adhd_impairment_family,Kiddie-Sads ADHD,,text,impairment with family. 0 = ; 1 = ; 2 =,,,number,0,2,,,y,,
s4_adhd_impairment_school,Kiddie-Sads ADHD,,text,impairment with school. 0 = ; 1 = ; 2 =,,,number,0,2,,,y,,
s4_adhd_evidence_dsmiiir,Kiddie-Sads ADHD,,text,meets 8 of the DSM_III_R symptoms. 0 = ; 1 = ; 2 =,,,number,0,2,,,y,,
s4_adhd_evidence_dsmiv_inatten,Kiddie-Sads ADHD,,text,meets 6 of the DSM_IV inattentive symptoms for past 6 months. 0 = ; 1 = ; 2 =,,,number,0,2,,,y,,
s4_adhd_evidence_dsmiv_hyper,Kiddie-Sads ADHD,,text,meets 6 of the DSM_IV hyperactive impulsive symptoms for past 6 months. 0 = ; 1 = ; 2 =,,,number,0,2,,,y,,
s4_adhd_evidence_dsmiv_combine,Kiddie-Sads ADHD,,text,meets both 6 of the DSM_IV innatentive and 6 of the DSM_IV hyperactive impulsive symptoms for the past 6 months. 0 = ; 1 = ; 2 =,,,number,0,2,,,y,,
s4_adhd_evidence_dsmiv_nos,Kiddie-Sads ADHD,,text,prominent symptoms but do not meet criteria for ADHD. 0 = ; 1 = ; 2 =,,,number,0,2,,,y,,
