Variable / Field Name,Form Name,Section Header,Field Type,Field Label,"Choices, Calculations, OR Slider Labels",Field Note,Text Validation Type OR Show Slider Number,Text Validation Min,Text Validation Max,Identifier?,Branching Logic (Show field only if...),Required Field?,Custom Alignment,Question Number (surveys only)
src_subject_id,Peds - Pubertal Status Questionnaire,,text,The site's subject identification,,,,,,,,y,,
ps_girls_q5_menstruation_start,Peds - Pubertal Status Questionnaire,,dropdown,Pubertal Status Questionnaire (Girls): Q5 menstruation started (1=No; 2=Yes),"N, N | Y, Y",,,,,,,y,,
ps_girls_q4_breasts_growth,Peds - Pubertal Status Questionnaire,,dropdown,Pubertal Status Questionnaire (Girls): Q4 breasts growth (1=Not Started; 2=Barely Started; 3=Definitely Under Way; 4=Completed),"1, 1 | 2, 2 | 3, 3 | 4, 4",,,,,,,y,,
ps_girls_q3_skin_changes,Peds - Pubertal Status Questionnaire,,dropdown,Pubertal Status Questionnaire (Girls): Q3 skin changes (1=Not Started; 2=Barely Started; 3=Definitely Under Way; 4=Completed),"1, 1 | 2, 2 | 3, 3 | 4, 4",,,,,,,y,,
ps_girls_q2_body_hair_growth,Peds - Pubertal Status Questionnaire,,dropdown,Pubertal Status Questionnaire (Girls): Q2 body hair growth (1=Not Started; 2=Barely Started; 3=Definitely Under Way; 4=Completed),"1, 1 | 2, 2 | 3, 3 | 4, 4",,,,,,,y,,
ps_girls_q1_ht_growth_spurt,Peds - Pubertal Status Questionnaire,,dropdown,Pubertal Status Questionnaire (Girls): Q1 height growth spurt (1=Not Started; 2=Barely Started; 3=Definitely Under Way; 4=Completed),"1, 1 | 2, 2 | 3, 3 | 4, 4",,,,,,,y,,
ps_boys_q5_facial_hair,Peds - Pubertal Status Questionnaire,,dropdown,Pubertal Status Questionnaire (Boys): Q5 facial hair (1=Not Started; 2=Barely Started; 3=Definitely Under Way; 4=Completed),"1, 1 | 2, 2 | 3, 3 | 4, 4",,,,,,,y,,
ps_boys_q4_voice_deepening,Peds - Pubertal Status Questionnaire,,dropdown,Pubertal Status Questionnaire (Boys): Q4 voice deepening (1=Not Started; 2=Barely Started; 3=Definitely Under Way; 4=Completed),"1, 1 | 2, 2 | 3, 3 | 4, 4",,,,,,,y,,
ps_boys_q3_skin_changes,Peds - Pubertal Status Questionnaire,,dropdown,Pubertal Status Questionnaire (Boys): Q3 skin changes (1=Not Started; 2=Barely Started; 3=Definitely Under Way; 4=Completed),"1, 1 | 2, 2 | 3, 3 | 4, 4",,,,,,,y,,
ps_boys_q2_body_hair_growth,Peds - Pubertal Status Questionnaire,,dropdown,Pubertal Status Questionnaire (Boys): Q2 body hair growth (1=Not Started; 2=Barely Started; 3=Definitely Under Way; 4=Completed),"1, 1 | 2, 2 | 3, 3 | 4, 4",,,,,,,y,,
ps_boys_q1_height_growth_spurt,Peds - Pubertal Status Questionnaire,,dropdown,Pubertal Status Questionnaire (Boys): Q1 height growth spurt (1=Not Started; 2=Barely Started; 3=Definitely Under Way; 4=Completed),"1, 1 | 2, 2 | 3, 3 | 4, 4",,,,,,,y,,
admin_status,Peds - Pubertal Status Questionnaire,,dropdown,Instrument administration status,"Complete, Complete | Partial, Partial | Not Administered, Not Administered | Not Applicable, Not Applicable",,,,,,,y,,
timepoint_label,Peds - Pubertal Status Questionnaire,,text,User-defined timepoint/visit label - a label selected by the site at the time of registration of a new timepoint into the database.  This label is used to group all the instruments administered to a subject at a given timepoint.,,,,,,,,y,,
age_days_dot_to_dob,Peds - Pubertal Status Questionnaire,,text,Age in days obtained by subtracting the date of birth from the date of test,,,,,,,,y,,
subjectkey,Peds - Pubertal Status Questionnaire,,text,The NDAR Global Unique Identifier (GUID) for subjects which identifies a subject in NDAR,,,,,,,,,,
