Variable / Field Name,Form Name,Section Header,Field Type,Field Label,"Choices, Calculations, OR Slider Labels",Field Note,Text Validation Type OR Show Slider Number,Text Validation Min,Text Validation Max,Identifier?,Branching Logic (Show field only if...),Required Field?,Custom Alignment,Question Number (surveys only)
subjectkey,Peds - BRIEF Parent Form,,text,The NDAR Global Unique Identifier (GUID) for subjects which identifies a subject in NDAR,,,,,,,,,,
admin_status,Peds - BRIEF Parent Form,,dropdown,Instrument administration status,"Complete, Complete | Partial, Partial | Not Administered, Not Administered | Not Applicable, Not Applicable",,,,,,,y,,
src_subject_id,Peds - BRIEF Parent Form,,text,The site's subject identification,,,,,,,,y,,
age_days_dot_to_dob,Peds - BRIEF Parent Form,,text,Age in days obtained by subtracting the date of birth from the date of test,,,,,,,,y,,
brief_behavior_reg_index_pct,Peds - BRIEF Parent Form,,text,BRIEF: Behavior regulation index (BRI) percentile,,,,,,,,y,,
brief_behavior_reg_index_t,Peds - BRIEF Parent Form,,text,BRIEF: Behavior regulation index (BRI) T score,,,,,,,,y,,
brief_emotional_control_pct,Peds - BRIEF Parent Form,,text,BRIEF: Emotional control subscale percentile,,,,,,,,y,,
brief_emotional_control_raw,Peds - BRIEF Parent Form,,text,BRIEF: Emotional control subscale raw score,,,,,,,,y,,
brief_emotional_control_t,Peds - BRIEF Parent Form,,text,BRIEF: Emotional control subscale T score,,,,,,,,y,,
brief_global_exec_comp_pct,Peds - BRIEF Parent Form,,text,BRIEF: Global executive composite (GEC) percentile,,,,,,,,y,,
brief_global_exec_comp_raw,Peds - BRIEF Parent Form,,text,BRIEF: Global executive composite (GEC) raw score,,,,,,,,y,,
brief_global_exec_composite_t,Peds - BRIEF Parent Form,,text,BRIEF: Global executive composite (GEC) T score,,,,,,,,y,,
brief_grade,Peds - BRIEF Parent Form,,text,BRIEF: Child's grade in school as reported by the respondent,,,,,,,,y,,
brief_inconsistency_class,Peds - BRIEF Parent Form,,dropdown,BRIEF: Inconsistency scale class (Acceptable= <6; Questionable=7-8; Inconsistent=>9),"Acceptable, Acceptable | Questionable, Questionable | Inconsistent, Inconsistent",,,,,,,y,,
brief_inconsistency_score,Peds - BRIEF Parent Form,,text,BRIEF: Inconsistency scale score (0 to 20),,,,,,,,y,,
brief_inhibition_percentile,Peds - BRIEF Parent Form,,text,BRIEF: Inhibition subscale percentile,,,,,,,,y,,
brief_q58,Peds - BRIEF Parent Form,,dropdown,BRIEF: Q58 (N=Never; S=Sometime; O=Often),"N, N | S, S | O, O | NA, NA",,,,,,,y,,
brief_q59,Peds - BRIEF Parent Form,,dropdown,BRIEF: Q59 (N=Never; S=Sometime; O=Often),"N, N | S, S | O, O | NA, NA",,,,,,,y,,
brief_q6,Peds - BRIEF Parent Form,,dropdown,BRIEF: Q6 (N=Never; S=Sometime; O=Often),"N, N | S, S | O, O | NA, NA",,,,,,,y,,
brief_q60,Peds - BRIEF Parent Form,,dropdown,BRIEF: Q60 (N=Never; S=Sometime; O=Often),"N, N | S, S | O, O | NA, NA",,,,,,,y,,
brief_q61,Peds - BRIEF Parent Form,,dropdown,BRIEF: Q61 (N=Never; S=Sometime; O=Often),"N, N | S, S | O, O | NA, NA",,,,,,,y,,
brief_q62,Peds - BRIEF Parent Form,,dropdown,BRIEF: Q62 (N=Never; S=Sometime; O=Often),"N, N | S, S | O, O | NA, NA",,,,,,,y,,
brief_q63,Peds - BRIEF Parent Form,,dropdown,BRIEF: Q63 (N=Never; S=Sometime; O=Often),"N, N | S, S | O, O | NA, NA",,,,,,,y,,
brief_q64,Peds - BRIEF Parent Form,,dropdown,BRIEF: Q64 (N=Never; S=Sometime; O=Often),"N, N | S, S | O, O | NA, NA",,,,,,,y,,
brief_q65,Peds - BRIEF Parent Form,,dropdown,BRIEF: Q65 (N=Never; S=Sometime; O=Often),"N, N | S, S | O, O | NA, NA",,,,,,,y,,
brief_q66,Peds - BRIEF Parent Form,,dropdown,BRIEF: Q66 (N=Never; S=Sometime; O=Often),"N, N | S, S | O, O | NA, NA",,,,,,,y,,
brief_q67,Peds - BRIEF Parent Form,,dropdown,BRIEF: Q67 (N=Never; S=Sometime; O=Often),"N, N | S, S | O, O | NA, NA",,,,,,,y,,
brief_q68,Peds - BRIEF Parent Form,,dropdown,BRIEF: Q68 (N=Never; S=Sometime; O=Often),"N, N | S, S | O, O | NA, NA",,,,,,,y,,
brief_q69,Peds - BRIEF Parent Form,,dropdown,BRIEF: Q69 (N=Never; S=Sometime; O=Often),"N, N | S, S | O, O | NA, NA",,,,,,,y,,
brief_q7,Peds - BRIEF Parent Form,,dropdown,BRIEF: Q7 (N=Never; S=Sometime; O=Often),"N, N | S, S | O, O | NA, NA",,,,,,,y,,
brief_q70,Peds - BRIEF Parent Form,,dropdown,BRIEF: Q70 (N=Never; S=Sometime; O=Often),"N, N | S, S | O, O | NA, NA",,,,,,,y,,
brief_q71,Peds - BRIEF Parent Form,,dropdown,BRIEF: Q71 (N=Never; S=Sometime; O=Often),"N, N | S, S | O, O | NA, NA",,,,,,,y,,
brief_q72,Peds - BRIEF Parent Form,,dropdown,BRIEF: Q72 (N=Never; S=Sometime; O=Often),"N, N | S, S | O, O | NA, NA",,,,,,,y,,
brief_q73,Peds - BRIEF Parent Form,,dropdown,BRIEF: Q73 (N=Never; S=Sometime; O=Often),"N, N | S, S | O, O | NA, NA",,,,,,,y,,
brief_q74,Peds - BRIEF Parent Form,,dropdown,BRIEF: Q74 (N=Never; S=Sometime; O=Often),"N, N | S, S | O, O | NA, NA",,,,,,,y,,
brief_q75,Peds - BRIEF Parent Form,,dropdown,BRIEF: Q75 (N=Never; S=Sometime; O=Often),"N, N | S, S | O, O | NA, NA",,,,,,,y,,
brief_q76,Peds - BRIEF Parent Form,,dropdown,BRIEF: Q76 (N=Never; S=Sometime; O=Often),"N, N | S, S | O, O | NA, NA",,,,,,,y,,
brief_q77,Peds - BRIEF Parent Form,,dropdown,BRIEF: Q77 (N=Never; S=Sometime; O=Often),"N, N | S, S | O, O | NA, NA",,,,,,,y,,
brief_q78,Peds - BRIEF Parent Form,,dropdown,BRIEF: Q78 (N=Never; S=Sometime; O=Often),"N, N | S, S | O, O | NA, NA",,,,,,,y,,
brief_q79,Peds - BRIEF Parent Form,,dropdown,BRIEF: Q79 (N=Never; S=Sometime; O=Often),"N, N | S, S | O, O | NA, NA",,,,,,,y,,
brief_q8,Peds - BRIEF Parent Form,,dropdown,BRIEF: Q8 (N=Never; S=Sometime; O=Often),"N, N | S, S | O, O | NA, NA",,,,,,,y,,
brief_q80,Peds - BRIEF Parent Form,,dropdown,BRIEF: Q80 (N=Never; S=Sometime; O=Often),"N, N | S, S | O, O | NA, NA",,,,,,,y,,
brief_q81,Peds - BRIEF Parent Form,,dropdown,BRIEF: Q81 (N=Never; S=Sometime; O=Often),"N, N | S, S | O, O | NA, NA",,,,,,,y,,
brief_q82,Peds - BRIEF Parent Form,,dropdown,BRIEF: Q82 (N=Never; S=Sometime; O=Often),"N, N | S, S | O, O | NA, NA",,,,,,,y,,
brief_q83,Peds - BRIEF Parent Form,,dropdown,BRIEF: Q83 (N=Never; S=Sometime; O=Often),"N, N | S, S | O, O | NA, NA",,,,,,,y,,
brief_q84,Peds - BRIEF Parent Form,,dropdown,BRIEF: Q84 (N=Never; S=Sometime; O=Often),"N, N | S, S | O, O | NA, NA",,,,,,,y,,
brief_q85,Peds - BRIEF Parent Form,,dropdown,BRIEF: Q85 (N=Never; S=Sometime; O=Often),"N, N | S, S | O, O | NA, NA",,,,,,,y,,
brief_q86,Peds - BRIEF Parent Form,,dropdown,BRIEF: Q86 (N=Never; S=Sometime; O=Often),"N, N | S, S | O, O | NA, NA",,,,,,,y,,
brief_q9,Peds - BRIEF Parent Form,,dropdown,BRIEF: Q9 (N=Never; S=Sometime; O=Often),"N, N | S, S | O, O | NA, NA",,,,,,,y,,
brief_shift_percentile,Peds - BRIEF Parent Form,,text,BRIEF: Shift subscale percentile,,,,,,,,y,,
brief_shift_raw,Peds - BRIEF Parent Form,,text,BRIEF: Shift subscale raw score,,,,,,,,y,,
brief_shift_t,Peds - BRIEF Parent Form,,text,BRIEF: Shift subscale T score,,,,,,,,y,,
brief_working_memory_pct,Peds - BRIEF Parent Form,,text,BRIEF: Working memory subscale percentile,,,,,,,,y,,
brief_working_memory_raw,Peds - BRIEF Parent Form,,text,BRIEF: Working memory subscale raw score,,,,,,,,y,,
brief_working_memory_t,Peds - BRIEF Parent Form,,text,BRIEF: Working memory subscale T score,,,,,,,,y,,
brief_inhibition_raw,Peds - BRIEF Parent Form,,text,BRIEF: Inhibition subscale raw score,,,,,,,,y,,
brief_inhibition_t,Peds - BRIEF Parent Form,,text,BRIEF: Inhibition subscale T score,,,,,,,,y,,
brief_initiate_percentile,Peds - BRIEF Parent Form,,text,BRIEF: Initiate subscale percentile,,,,,,,,y,,
brief_initiate_raw,Peds - BRIEF Parent Form,,text,BRIEF: Initiate subscale raw score,,,,,,,,y,,
brief_initiate_t,Peds - BRIEF Parent Form,,text,BRIEF: Initiate subscale T score,,,,,,,,y,,
brief_metacognition_index_pct,Peds - BRIEF Parent Form,,text,BRIEF: Metacognition index (MI) percentile,,,,,,,,y,,
brief_metacognition_index_raw,Peds - BRIEF Parent Form,,text,BRIEF: Metacognition index (MI) raw score,,,,,,,,y,,
brief_metacognition_index_t,Peds - BRIEF Parent Form,,text,BRIEF: Metacognition index (MI) T score,,,,,,,,y,,
brief_monitor_percentile,Peds - BRIEF Parent Form,,text,BRIEF: Monitor subscale percentile,,,,,,,,y,,
brief_monitor_raw,Peds - BRIEF Parent Form,,text,BRIEF: Monitor subscale raw score,,,,,,,,y,,
brief_monitor_t,Peds - BRIEF Parent Form,,text,BRIEF: Monitor subscale T score,,,,,,,,y,,
brief_negativity_class,Peds - BRIEF Parent Form,,dropdown,BRIEF: Negativity scale class (Acceptable=<4; Elevated=5-6; Highly elevated=>7),"Acceptable, Acceptable | Elevated, Elevated | Highly Elevated, Highly Elevated",,,,,,,y,,
brief_negativity_score,Peds - BRIEF Parent Form,,text,BRIEF: Negativity scale score (0 to 9),,,,,,,,y,,
brief_org_of_materials_pct,Peds - BRIEF Parent Form,,text,BRIEF: Organization of materials subscale percentile,,,,,,,,y,,
brief_org_of_materials_raw,Peds - BRIEF Parent Form,,text,BRIEF: Organization of materials subscale raw score,,,,,,,,y,,
brief_org_of_materials_t,Peds - BRIEF Parent Form,,text,BRIEF: Organization of materials subscale T score,,,,,,,,y,,
brief_plan_organize_percentile,Peds - BRIEF Parent Form,,text,BRIEF: Plan/organize subscale percentile,,,,,,,,y,,
brief_plan_organize_raw,Peds - BRIEF Parent Form,,text,BRIEF: Plan/organize subscale raw score,,,,,,,,y,,
brief_plan_organize_t,Peds - BRIEF Parent Form,,text,BRIEF: Plan/organize subscale T score,,,,,,,,y,,
brief_q1,Peds - BRIEF Parent Form,,dropdown,BRIEF: Q1 (N=Never; S=Sometime; O=Often),"N, N | S, S | O, O | NA, NA",,,,,,,y,,
brief_q10,Peds - BRIEF Parent Form,,dropdown,BRIEF: Q10 (N=Never; S=Sometime; O=Often),"N, N | S, S | O, O | NA, NA",,,,,,,y,,
brief_q11,Peds - BRIEF Parent Form,,dropdown,BRIEF: Q11 (N=Never; S=Sometime; O=Often),"N, N | S, S | O, O | NA, NA",,,,,,,y,,
brief_q12,Peds - BRIEF Parent Form,,dropdown,BRIEF: Q12 (N=Never; S=Sometime; O=Often),"N, N | S, S | O, O | NA, NA",,,,,,,y,,
brief_q13,Peds - BRIEF Parent Form,,dropdown,BRIEF: Q13 (N=Never; S=Sometime; O=Often),"N, N | S, S | O, O | NA, NA",,,,,,,y,,
brief_q14,Peds - BRIEF Parent Form,,dropdown,BRIEF: Q14 (N=Never; S=Sometime; O=Often),"N, N | S, S | O, O | NA, NA",,,,,,,y,,
brief_q15,Peds - BRIEF Parent Form,,dropdown,BRIEF: Q15 (N=Never; S=Sometime; O=Often),"N, N | S, S | O, O | NA, NA",,,,,,,y,,
brief_q16,Peds - BRIEF Parent Form,,dropdown,BRIEF: Q16 (N=Never; S=Sometime; O=Often),"N, N | S, S | O, O | NA, NA",,,,,,,y,,
brief_q17,Peds - BRIEF Parent Form,,dropdown,BRIEF: Q17 (N=Never; S=Sometime; O=Often),"N, N | S, S | O, O | NA, NA",,,,,,,y,,
brief_q18,Peds - BRIEF Parent Form,,dropdown,BRIEF: Q18 (N=Never; S=Sometime; O=Often),"N, N | S, S | O, O | NA, NA",,,,,,,y,,
brief_q19,Peds - BRIEF Parent Form,,dropdown,BRIEF: Q19 (N=Never; S=Sometime; O=Often),"N, N | S, S | O, O | NA, NA",,,,,,,y,,
brief_q2,Peds - BRIEF Parent Form,,dropdown,BRIEF: Q2 (N=Never; S=Sometime; O=Often),"N, N | S, S | O, O | NA, NA",,,,,,,y,,
brief_q20,Peds - BRIEF Parent Form,,dropdown,BRIEF: Q20 (N=Never; S=Sometime; O=Often),"N, N | S, S | O, O | NA, NA",,,,,,,y,,
brief_q21,Peds - BRIEF Parent Form,,dropdown,BRIEF: Q21 (N=Never; S=Sometime; O=Often),"N, N | S, S | O, O | NA, NA",,,,,,,y,,
brief_q22,Peds - BRIEF Parent Form,,dropdown,BRIEF: Q22 (N=Never; S=Sometime; O=Often),"N, N | S, S | O, O | NA, NA",,,,,,,y,,
brief_q23,Peds - BRIEF Parent Form,,dropdown,BRIEF: Q23 (N=Never; S=Sometime; O=Often),"N, N | S, S | O, O | NA, NA",,,,,,,y,,
brief_q24,Peds - BRIEF Parent Form,,dropdown,BRIEF: Q24 (N=Never; S=Sometime; O=Often),"N, N | S, S | O, O | NA, NA",,,,,,,y,,
brief_q25,Peds - BRIEF Parent Form,,dropdown,BRIEF: Q25 (N=Never; S=Sometime; O=Often),"N, N | S, S | O, O | NA, NA",,,,,,,y,,
brief_q26,Peds - BRIEF Parent Form,,dropdown,BRIEF: Q26 (N=Never; S=Sometime; O=Often),"N, N | S, S | O, O | NA, NA",,,,,,,y,,
brief_q27,Peds - BRIEF Parent Form,,dropdown,BRIEF: Q27 (N=Never; S=Sometime; O=Often),"N, N | S, S | O, O | NA, NA",,,,,,,y,,
brief_q28,Peds - BRIEF Parent Form,,dropdown,BRIEF: Q28 (N=Never; S=Sometime; O=Often),"N, N | S, S | O, O | NA, NA",,,,,,,y,,
brief_q29,Peds - BRIEF Parent Form,,dropdown,BRIEF: Q29 (N=Never; S=Sometime; O=Often),"N, N | S, S | O, O | NA, NA",,,,,,,y,,
brief_q3,Peds - BRIEF Parent Form,,dropdown,BRIEF: Q3 (N=Never; S=Sometime; O=Often),"N, N | S, S | O, O | NA, NA",,,,,,,y,,
brief_q30,Peds - BRIEF Parent Form,,dropdown,BRIEF: Q30 (N=Never; S=Sometime; O=Often),"N, N | S, S | O, O | NA, NA",,,,,,,y,,
brief_q31,Peds - BRIEF Parent Form,,dropdown,BRIEF: Q31 (N=Never; S=Sometime; O=Often),"N, N | S, S | O, O | NA, NA",,,,,,,y,,
brief_q32,Peds - BRIEF Parent Form,,dropdown,BRIEF: Q32 (N=Never; S=Sometime; O=Often),"N, N | S, S | O, O | NA, NA",,,,,,,y,,
brief_q33,Peds - BRIEF Parent Form,,dropdown,BRIEF: Q33 (N=Never; S=Sometime; O=Often),"N, N | S, S | O, O | NA, NA",,,,,,,y,,
brief_q34,Peds - BRIEF Parent Form,,dropdown,BRIEF: Q34 (N=Never; S=Sometime; O=Often),"N, N | S, S | O, O | NA, NA",,,,,,,y,,
brief_q35,Peds - BRIEF Parent Form,,dropdown,BRIEF: Q35 (N=Never; S=Sometime; O=Often),"N, N | S, S | O, O | NA, NA",,,,,,,y,,
brief_q36,Peds - BRIEF Parent Form,,dropdown,BRIEF: Q36 (N=Never; S=Sometime; O=Often),"N, N | S, S | O, O | NA, NA",,,,,,,y,,
brief_q37,Peds - BRIEF Parent Form,,dropdown,BRIEF: Q37 (N=Never; S=Sometime; O=Often),"N, N | S, S | O, O | NA, NA",,,,,,,y,,
brief_q38,Peds - BRIEF Parent Form,,dropdown,BRIEF: Q38 (N=Never; S=Sometime; O=Often),"N, N | S, S | O, O | NA, NA",,,,,,,y,,
brief_q39,Peds - BRIEF Parent Form,,dropdown,BRIEF: Q39 (N=Never; S=Sometime; O=Often),"N, N | S, S | O, O | NA, NA",,,,,,,y,,
brief_q4,Peds - BRIEF Parent Form,,dropdown,BRIEF: Q4 (N=Never; S=Sometime; O=Often),"N, N | S, S | O, O | NA, NA",,,,,,,y,,
brief_q40,Peds - BRIEF Parent Form,,dropdown,BRIEF: Q40 (N=Never; S=Sometime; O=Often),"N, N | S, S | O, O | NA, NA",,,,,,,y,,
brief_q41,Peds - BRIEF Parent Form,,dropdown,BRIEF: Q41 (N=Never; S=Sometime; O=Often),"N, N | S, S | O, O | NA, NA",,,,,,,y,,
brief_q42,Peds - BRIEF Parent Form,,dropdown,BRIEF: Q42 (N=Never; S=Sometime; O=Often),"N, N | S, S | O, O | NA, NA",,,,,,,y,,
brief_q43,Peds - BRIEF Parent Form,,dropdown,BRIEF: Q43 (N=Never; S=Sometime; O=Often),"N, N | S, S | O, O | NA, NA",,,,,,,y,,
brief_q44,Peds - BRIEF Parent Form,,dropdown,BRIEF: Q44 (N=Never; S=Sometime; O=Often),"N, N | S, S | O, O | NA, NA",,,,,,,y,,
brief_q45,Peds - BRIEF Parent Form,,dropdown,BRIEF: Q45 (N=Never; S=Sometime; O=Often),"N, N | S, S | O, O | NA, NA",,,,,,,y,,
brief_q46,Peds - BRIEF Parent Form,,dropdown,BRIEF: Q46 (N=Never; S=Sometime; O=Often),"N, N | S, S | O, O | NA, NA",,,,,,,y,,
brief_q47,Peds - BRIEF Parent Form,,dropdown,BRIEF: Q47 (N=Never; S=Sometime; O=Often),"N, N | S, S | O, O | NA, NA",,,,,,,y,,
brief_q48,Peds - BRIEF Parent Form,,dropdown,BRIEF: Q48 (N=Never; S=Sometime; O=Often),"N, N | S, S | O, O | NA, NA",,,,,,,y,,
brief_q49,Peds - BRIEF Parent Form,,dropdown,BRIEF: Q49 (N=Never; S=Sometime; O=Often),"N, N | S, S | O, O | NA, NA",,,,,,,y,,
brief_q5,Peds - BRIEF Parent Form,,dropdown,BRIEF: Q5 (N=Never; S=Sometime; O=Often),"N, N | S, S | O, O | NA, NA",,,,,,,y,,
brief_q50,Peds - BRIEF Parent Form,,dropdown,BRIEF: Q50 (N=Never; S=Sometime; O=Often),"N, N | S, S | O, O | NA, NA",,,,,,,y,,
brief_q51,Peds - BRIEF Parent Form,,dropdown,BRIEF: Q51 (N=Never; S=Sometime; O=Often),"N, N | S, S | O, O | NA, NA",,,,,,,y,,
brief_q52,Peds - BRIEF Parent Form,,dropdown,BRIEF: Q52 (N=Never; S=Sometime; O=Often),"N, N | S, S | O, O | NA, NA",,,,,,,y,,
brief_q53,Peds - BRIEF Parent Form,,dropdown,BRIEF: Q53 (N=Never; S=Sometime; O=Often),"N, N | S, S | O, O | NA, NA",,,,,,,y,,
brief_q54,Peds - BRIEF Parent Form,,dropdown,BRIEF: Q54 (N=Never; S=Sometime; O=Often),"N, N | S, S | O, O | NA, NA",,,,,,,y,,
brief_q55,Peds - BRIEF Parent Form,,dropdown,BRIEF: Q55 (N=Never; S=Sometime; O=Often),"N, N | S, S | O, O | NA, NA",,,,,,,y,,
brief_q56,Peds - BRIEF Parent Form,,dropdown,BRIEF: Q56 (N=Never; S=Sometime; O=Often),"N, N | S, S | O, O | NA, NA",,,,,,,y,,
brief_q57,Peds - BRIEF Parent Form,,dropdown,BRIEF: Q57 (N=Never; S=Sometime; O=Often),"N, N | S, S | O, O | NA, NA",,,,,,,y,,
age_in_years,Peds - BRIEF Parent Form,,text,Age in Years,,,,,,,,y,,
brief_behavior_reg_index_raw,Peds - BRIEF Parent Form,,text,BRIEF: Behavior regulation index (BRI) raw score,,,,,,,,y,,
timepoint_label,Peds - BRIEF Parent Form,,text,User-defined timepoint/visit label - a label selected by the site at the time of registration of a new timepoint into the database.  This label is used to group all the instruments administered to a subject at a given timepoint.,,,,,,,,y,,
