Variable / Field Name,Form Name,Section Header,Field Type,Field Label,"Choices, Calculations, OR Slider Labels",Field Note,Text Validation Type OR Show Slider Number,Text Validation Min,Text Validation Max,Identifier?,Branching Logic (Show field only if...),Required Field?,Custom Alignment,Question Number (surveys only)
subjectkey,Wechsler Abbreviated Scale of Intelligence,Header,text,,,,,,,,,y,,
src_subject_id,Wechsler Abbreviated Scale of Intelligence,,text,,,,,,,,,y,,
interview_date,Wechsler Abbreviated Scale of Intelligence,,text,,"MM/yyyy, MM/yyyy | MM/dd/yyyy, MM/dd/yyyy",* '01/01/1900' indicates that a date associated with retrospective data is not known.,date_ymd,,,,,y,,
interview_age,Wechsler Abbreviated Scale of Intelligence,,text,,,Age is rounded to chronological month If the research participant is 13 days old at time of interview  the appropriate value would be 0 months if the participant is 19 days old the value would be 1 month,number,0,1200,,,y,,
gender,Wechsler Abbreviated Scale of Intelligence,,dropdown,,"M, M | F, F",,,,,,,y,,
grade_highed,Wechsler Abbreviated Scale of Intelligence,,text,,,,,,,,,y,,
comments_misc,Wechsler Abbreviated Scale of Intelligence,,text,,,,,,,,,,,
ss_vocabularyrawscore,Wechsler Abbreviated Scale of Intelligence,Subtest Scores,text,,,,number,0,80,,,y,,
ss_vocabularytscoreverbal4,Wechsler Abbreviated Scale of Intelligence,,text,,,,number,20,80,,,y,,
ss_vocabularytscore2,Wechsler Abbreviated Scale of Intelligence,,text,,,,number,20,80,,,y,,
ss_blockdesignrawscore,Wechsler Abbreviated Scale of Intelligence,,text,,,,number,0,71,,,y,,
ss_blockdesigntscoreperf4,Wechsler Abbreviated Scale of Intelligence,,text,,,,number,20,80,,,y,,
ss_similaritiesrawscore,Wechsler Abbreviated Scale of Intelligence,,text,,,,number,0,48,,,y,,
ss_similaritiestscoreverbal4,Wechsler Abbreviated Scale of Intelligence,,text,,,,number,20,80,,,y,,
ss_matrixreasoningrawscore,Wechsler Abbreviated Scale of Intelligence,,text,,,,number,0,35,,,y,,
ss_matrixreasoningtscoreperf4,Wechsler Abbreviated Scale of Intelligence,,text,,,,number,20,80,,,y,,
ss_matrixreasoningtscore2,Wechsler Abbreviated Scale of Intelligence,,text,,,,number,20,80,,,y,,
sumstscores_verbal4subtest,Wechsler Abbreviated Scale of Intelligence,Sums of T Scores,text,,,,,,,,,y,,
sumstscores_perf4subtest,Wechsler Abbreviated Scale of Intelligence,,text,,,,,,,,,y,,
sumstscores_total4subtest,Wechsler Abbreviated Scale of Intelligence,,text,,,,,,,,,y,,
sumstscores_total2subtest,Wechsler Abbreviated Scale of Intelligence,,text,,,,,,,,,y,,
iqscores_verbsumtscores,Wechsler Abbreviated Scale of Intelligence,WASI IQ Scores,text,,,,,,,,,y,,
iqscores_verbiq,Wechsler Abbreviated Scale of Intelligence,,text,,,,,,,,,y,,
iqscores_verbpercentile,Wechsler Abbreviated Scale of Intelligence,,text,,,,,,,,,y,,
iqscores_verbconfintervalfrom,Wechsler Abbreviated Scale of Intelligence,,text,,,,,,,,,y,,
iqscores_verbconfintervalto,Wechsler Abbreviated Scale of Intelligence,,text,,,,,,,,,y,,
iqscores_perfsumtscores,Wechsler Abbreviated Scale of Intelligence,,text,,,,,,,,,y,,
iqscores_perfiq,Wechsler Abbreviated Scale of Intelligence,,text,,,,,,,,,y,,
iqscores_perfpercentile,Wechsler Abbreviated Scale of Intelligence,,text,,,,,,,,,y,,
iqscores_perfconfintervalfrom,Wechsler Abbreviated Scale of Intelligence,,text,,,,,,,,,y,,
iqscores_perfconfintervalto,Wechsler Abbreviated Scale of Intelligence,,text,,,,,,,,,y,,
iqscores_full4sumtscores,Wechsler Abbreviated Scale of Intelligence,,text,,,,,,,,,y,,
iqscores_full4iq,Wechsler Abbreviated Scale of Intelligence,,text,,,,,,,,,y,,
iqscores_full4percentile,Wechsler Abbreviated Scale of Intelligence,,text,,,,,,,,,y,,
iqscores_full4confintervalfrom,Wechsler Abbreviated Scale of Intelligence,,text,,,,,,,,,y,,
iqscores_full4confintervalto,Wechsler Abbreviated Scale of Intelligence,,text,,,,,,,,,y,,
iqscores_full4predintwisc90f,Wechsler Abbreviated Scale of Intelligence,,text,,,,,,,,,y,,
iqscores_full4predintwisc90t,Wechsler Abbreviated Scale of Intelligence,,text,,,,,,,,,y,,
iqscores_full4predintwisc68f,Wechsler Abbreviated Scale of Intelligence,,text,,,,,,,,,y,,
iqscores_full4predintwisc68t,Wechsler Abbreviated Scale of Intelligence,,text,,,,,,,,,y,,
iqscores_full4predintwais90f,Wechsler Abbreviated Scale of Intelligence,,text,,,,,,,,,y,,
iqscores_full4predintwais90t,Wechsler Abbreviated Scale of Intelligence,,text,,,,,,,,,y,,
iqscores_full4predintwais68f,Wechsler Abbreviated Scale of Intelligence,,text,,,,,,,,,y,,
iqscores_full4predintwais68t,Wechsler Abbreviated Scale of Intelligence,,text,,,,,,,,,y,,
iqscores_full2sumtscores,Wechsler Abbreviated Scale of Intelligence,,text,,,,,,,,,y,,
iqscores_full2iq,Wechsler Abbreviated Scale of Intelligence,,text,,,,,,,,,y,,
iqscores_full2percentile,Wechsler Abbreviated Scale of Intelligence,,text,,,,,,,,,y,,
iqscores_full2confintervalfrom,Wechsler Abbreviated Scale of Intelligence,,text,,,,,,,,,y,,
iqscores_full2confintervalto,Wechsler Abbreviated Scale of Intelligence,,text,,,,,,,,,y,,
profilesubtest_verbalv,Wechsler Abbreviated Scale of Intelligence,Profile of Subtest Scores,text,,,,number,1,,,,y,,
profilesubtest_verbals,Wechsler Abbreviated Scale of Intelligence,,text,,,,number,1,,,,y,,
profilesubtest_performancebd,Wechsler Abbreviated Scale of Intelligence,,text,,,,number,1,,,,y,,
profilesubtest_performancemr,Wechsler Abbreviated Scale of Intelligence,,text,,,,number,1,,,,y,,
profileiqscores_viq,Wechsler Abbreviated Scale of Intelligence,Profile IQ Scores,text,,,,number,1,,,,y,,
profileiqscores_piq,Wechsler Abbreviated Scale of Intelligence,,text,,,,number,1,,,,y,,
profileiqscores_fsiq,Wechsler Abbreviated Scale of Intelligence,,text,,,,number,1,,,,y,,
wasi_1999_vocab_1fishresponse,Wechsler Abbreviated Scale of Intelligence,Vocabulary,text,,,,,,,,,y,,
vocab_1fishscore,Wechsler Abbreviated Scale of Intelligence,,dropdown,,"0, 0 | 1, 1",,,,,,,y,,
wasivoc_2shovelresponse,Wechsler Abbreviated Scale of Intelligence,,text,,,,,,,,,y,,
vocab_2shovelscore,Wechsler Abbreviated Scale of Intelligence,,dropdown,,"0, 0 | 1, 1",,,,,,,y,,
wasi_1999_vocab_3mapresponse,Wechsler Abbreviated Scale of Intelligence,,text,,,,,,,,,y,,
vocab_3mapscore,Wechsler Abbreviated Scale of Intelligence,,dropdown,,"0, 0 | 1, 1",,,,,,,y,,
wasi_1999_vocab_4shellresponse,Wechsler Abbreviated Scale of Intelligence,,text,,,,,,,,,y,,
vocab_4shellscore,Wechsler Abbreviated Scale of Intelligence,,dropdown,,"0, 0 | 1, 1",,,,,,,y,,
wasi_1999_vocab_5shirtresponse,Wechsler Abbreviated Scale of Intelligence,,text,,,,,,,,,y,,
vocab_5shirtscores,Wechsler Abbreviated Scale of Intelligence,,dropdown,,"0, 0 | 1, 1 | 2, 2",,,,,,,y,,
wasi_1999_vocab_6shoeresponse,Wechsler Abbreviated Scale of Intelligence,,text,,,,,,,,,y,,
vocab_6shoescores,Wechsler Abbreviated Scale of Intelligence,,dropdown,,"0, 0 | 1, 1 | 2, 2",,,,,,,y,,
wasivoc_7flashlightresp,Wechsler Abbreviated Scale of Intelligence,,text,,,,,,,,,y,,
vocab_7flashlightscore,Wechsler Abbreviated Scale of Intelligence,,dropdown,,"0, 0 | 1, 1 | 2, 2",,,,,,,y,,
wasi_1999_vocab_8carresponse,Wechsler Abbreviated Scale of Intelligence,,text,,,,,,,,,y,,
vocab_8carscore,Wechsler Abbreviated Scale of Intelligence,,dropdown,,"0, 0 | 1, 1 | 2, 2",,,,,,,y,,
wasi_1999_vocab_9birdresponse,Wechsler Abbreviated Scale of Intelligence,,text,,,,,,,,,y,,
vocab_9birdscore,Wechsler Abbreviated Scale of Intelligence,,dropdown,,"0, 0 | 1, 1 | 2, 2",,,,,,,y,,
wasivoc_10calendarresp,Wechsler Abbreviated Scale of Intelligence,,text,,,,,,,,,y,,
vocab_10calendarscore,Wechsler Abbreviated Scale of Intelligence,,dropdown,,"0, 0 | 1, 1 | 2, 2",,,,,,,y,,
wasivoc_11numberresp,Wechsler Abbreviated Scale of Intelligence,,text,,,,,,,,,y,,
vocab_11numberscore,Wechsler Abbreviated Scale of Intelligence,,dropdown,,"0, 0 | 1, 1 | 2, 2",,,,,,,y,,
wasi_1999_vocab_12bellresponse,Wechsler Abbreviated Scale of Intelligence,,text,,,,,,,,,y,,
vocab_12bellscore,Wechsler Abbreviated Scale of Intelligence,,dropdown,,"0, 0 | 1, 1 | 2, 2",,,,,,,y,,
wasivoc_13lunchresponse,Wechsler Abbreviated Scale of Intelligence,,text,,,,,,,,,y,,
vocab_13lunchscore,Wechsler Abbreviated Scale of Intelligence,,dropdown,,"0, 0 | 1, 1 | 2, 2",,,,,,,y,,
wasivoc_14policeresponse,Wechsler Abbreviated Scale of Intelligence,,text,,,,,,,,,y,,
vocab_14policescore,Wechsler Abbreviated Scale of Intelligence,,dropdown,,"0, 0 | 1, 1 | 2, 2",,,,,,,y,,
wasivoc_15vacationresp,Wechsler Abbreviated Scale of Intelligence,,text,,,,,,,,,y,,
vocab_15vacationscore,Wechsler Abbreviated Scale of Intelligence,,dropdown,,"0, 0 | 1, 1 | 2, 2",,,,,,,y,,
wasi_1999_vocab_16petresponse,Wechsler Abbreviated Scale of Intelligence,,text,,,,,,,,,y,,
vocab_16petscore,Wechsler Abbreviated Scale of Intelligence,,dropdown,,"0, 0 | 1, 1 | 2, 2",,,,,,,y,,
wasivoc_17balloonresponse,Wechsler Abbreviated Scale of Intelligence,,text,,,,,,,,,y,,
vocab_17balloonscore,Wechsler Abbreviated Scale of Intelligence,,dropdown,,"0, 0 | 1, 1 | 2, 2",,,,,,,y,,
wasivoc_18transformresp,Wechsler Abbreviated Scale of Intelligence,,text,,,,,,,,,y,,
vocab_18transformscore,Wechsler Abbreviated Scale of Intelligence,,dropdown,,"0, 0 | 1, 1 | 2, 2",,,,,,,y,,
wasivoc_19alligatorresponse,Wechsler Abbreviated Scale of Intelligence,,text,,,,,,,,,y,,
vocab_19alligatorscore,Wechsler Abbreviated Scale of Intelligence,,dropdown,,"0, 0 | 1, 1 | 2, 2",,,,,,,y,,
wasi_1999_vocab_20cartresponse,Wechsler Abbreviated Scale of Intelligence,,text,,,,,,,,,y,,
vocab_20cartscore,Wechsler Abbreviated Scale of Intelligence,,dropdown,,"0, 0 | 1, 1 | 2, 2",,,,,,,y,,
wasivoc_21blameresponse,Wechsler Abbreviated Scale of Intelligence,,text,,,,,,,,,y,,
vocab_21blamescore,Wechsler Abbreviated Scale of Intelligence,,dropdown,,"0, 0 | 1, 1 | 2, 2",,,,,,,y,,
wasivoc_22danceresponse,Wechsler Abbreviated Scale of Intelligence,,text,,,,,,,,,y,,
vocab_22dancescore,Wechsler Abbreviated Scale of Intelligence,,dropdown,,"0, 0 | 1, 1 | 2, 2",,,,,,,y,,
wasivoc_23purposeresponse,Wechsler Abbreviated Scale of Intelligence,,text,,,,,,,,,y,,
vocab_23purposescore,Wechsler Abbreviated Scale of Intelligence,,dropdown,,"0, 0 | 1, 1 | 2, 2",,,,,,,y,,
wasivoc_24entertainresp,Wechsler Abbreviated Scale of Intelligence,,text,,,,,,,,,y,,
vocab_24entertainscore,Wechsler Abbreviated Scale of Intelligence,,dropdown,,"0, 0 | 1, 1 | 2, 2",,,,,,,y,,
wasivoc_25famousresponse,Wechsler Abbreviated Scale of Intelligence,,text,,,,,,,,,y,,
vocab_25famousscore,Wechsler Abbreviated Scale of Intelligence,,dropdown,,"0, 0 | 1, 1 | 2, 2",,,,,,,y,,
wasivoc_26revealresponse,Wechsler Abbreviated Scale of Intelligence,,text,,,,,,,,,y,,
vocab_26revealscore,Wechsler Abbreviated Scale of Intelligence,,dropdown,,"0, 0 | 1, 1 | 2, 2",,,,,,,y,,
wasivoc_27decaderesponse,Wechsler Abbreviated Scale of Intelligence,,text,,,,,,,,,y,,
vocab_27decadescore,Wechsler Abbreviated Scale of Intelligence,,dropdown,,"0, 0 | 1, 1 | 2, 2",,,,,,,y,,
wasivoc_28traditionresp,Wechsler Abbreviated Scale of Intelligence,,text,,,,,,,,,y,,
vocab_28traditionscore,Wechsler Abbreviated Scale of Intelligence,,dropdown,,"0, 0 | 1, 1 | 2, 2",,,,,,,y,,
wasivoc_29rejoiceresponse,Wechsler Abbreviated Scale of Intelligence,,text,,,,,,,,,y,,
vocab_29rejoicescore,Wechsler Abbreviated Scale of Intelligence,,dropdown,,"0, 0 | 1, 1 | 2, 2",,,,,,,y,,
wasivoc_30enthusiasticresp,Wechsler Abbreviated Scale of Intelligence,,text,,,,,,,,,y,,
vocab_30enthusiasticscore,Wechsler Abbreviated Scale of Intelligence,,dropdown,,"0, 0 | 1, 1 | 2, 2",,,,,,,y,,
wasivoc_31improviseresp,Wechsler Abbreviated Scale of Intelligence,,text,,,,,,,,,y,,
vocab_31improvisescore,Wechsler Abbreviated Scale of Intelligence,,dropdown,,"0, 0 | 1, 1 | 2, 2",,,,,,,y,,
wasivoc_32impulseresp,Wechsler Abbreviated Scale of Intelligence,,text,,,,,,,,,y,,
vocab_32impulsescore,Wechsler Abbreviated Scale of Intelligence,,dropdown,,"0, 0 | 1, 1 | 2, 2",,,,,,,y,,
wasivoc_33hasteresponse,Wechsler Abbreviated Scale of Intelligence,,text,,,,,,,,,y,,
vocab_33hastescore,Wechsler Abbreviated Scale of Intelligence,,dropdown,,"0, 0 | 1, 1 | 2, 2",,,,,,,y,,
wasivoc_34trendresponse,Wechsler Abbreviated Scale of Intelligence,,text,,,,,,,,,y,,
vocab_34trendscore,Wechsler Abbreviated Scale of Intelligence,,dropdown,,"0, 0 | 1, 1 | 2, 2",,,,,,,y,,
wasivoc_35intermittentresp,Wechsler Abbreviated Scale of Intelligence,,text,,,,,,,,,y,,
vocab_35intermittentscore,Wechsler Abbreviated Scale of Intelligence,,dropdown,,"0, 0 | 1, 1 | 2, 2",,,,,,,y,,
wasivoc_36devoutresponse,Wechsler Abbreviated Scale of Intelligence,,text,,,,,,,,,y,,
vocab_36devoutscore,Wechsler Abbreviated Scale of Intelligence,,dropdown,,"0, 0 | 1, 1 | 2, 2",,,,,,,y,,
wasivoc_37impertinentresp,Wechsler Abbreviated Scale of Intelligence,,text,,,,,,,,,y,,
vocab_37impertinentscore,Wechsler Abbreviated Scale of Intelligence,,dropdown,,"0, 0 | 1, 1 | 2, 2",,,,,,,y,,
wasivoc_38nicheresponse,Wechsler Abbreviated Scale of Intelligence,,text,,,,,,,,,y,,
vocab_38nichescore,Wechsler Abbreviated Scale of Intelligence,,dropdown,,"0, 0 | 1, 1 | 2, 2",,,,,,,y,,
wasivoc_39presumptuousresp,Wechsler Abbreviated Scale of Intelligence,,text,,,,,,,,,y,,
vocab_39presumptuousscore,Wechsler Abbreviated Scale of Intelligence,,dropdown,,"0, 0 | 1, 1 | 2, 2",,,,,,,y,,
wasivoc_40formidableresp,Wechsler Abbreviated Scale of Intelligence,,text,,,,,,,,,y,,
vocab_40formidablescore,Wechsler Abbreviated Scale of Intelligence,,dropdown,,"0, 0 | 1, 1 | 2, 2",,,,,,,y,,
wasivoc_41ruminateresp,Wechsler Abbreviated Scale of Intelligence,,text,,,,,,,,,y,,
vocab_41ruminatescore,Wechsler Abbreviated Scale of Intelligence,,dropdown,,"0, 0 | 1, 1 | 2, 2",,,,,,,y,,
wasivoc_42panacearesp,Wechsler Abbreviated Scale of Intelligence,,text,,,,,,,,,y,,
vocab_42panaceascore,Wechsler Abbreviated Scale of Intelligence,,dropdown,,"0, 0 | 1, 1 | 2, 2",,,,,,,y,,
vocab_totalrawscore,Wechsler Abbreviated Scale of Intelligence,,text,,,,number,0,80,,,y,,
wasiblockdes_1_incorrect1,Wechsler Abbreviated Scale of Intelligence,Block Design,dropdown,,"Yes, Yes | No, No",,,,,,,y,,
wasiblockdes_1_incorrect1b,Wechsler Abbreviated Scale of Intelligence,,dropdown,,"Yes, Yes | No, No",,,,,,,y,,
blockdesign_1a_comp_time,Wechsler Abbreviated Scale of Intelligence,,text,,,,number,1,,,,y,,
wasiblockdes_1_correct_des,Wechsler Abbreviated Scale of Intelligence,,dropdown,,"Yes, Yes | No, No",,,,,,,y,,
blockdesign_1a_score,Wechsler Abbreviated Scale of Intelligence,,dropdown,,"0, 0 | 1, 1 | 2, 2",,,,,,,y,,
wasiblockdes_2_incorrect1,Wechsler Abbreviated Scale of Intelligence,,dropdown,,"Yes, Yes | No, No",,,,,,,y,,
wasiblockdes_2_incorrect1b,Wechsler Abbreviated Scale of Intelligence,,dropdown,,"Yes, Yes | No, No",,,,,,,y,,
blockdesign_2a_comp_time,Wechsler Abbreviated Scale of Intelligence,,text,,,,number,1,,,,y,,
wasiblockdes_2_correct_des,Wechsler Abbreviated Scale of Intelligence,,dropdown,,"Yes, Yes | No, No",,,,,,,y,,
blockdesign_2a_score,Wechsler Abbreviated Scale of Intelligence,,dropdown,,"0, 0 | 1, 1 | 2, 2",,,,,,,y,,
wasiblockdes_3_incorrect1,Wechsler Abbreviated Scale of Intelligence,,dropdown,,"Yes, Yes | No, No",,,,,,,y,,
wasiblockdes_3_incorrect1b,Wechsler Abbreviated Scale of Intelligence,,dropdown,,"Yes, Yes | No, No",,,,,,,y,,
blockdesign_3a_comp_time,Wechsler Abbreviated Scale of Intelligence,,text,,,,number,1,,,,y,,
wasiblockdes_3_correct_des,Wechsler Abbreviated Scale of Intelligence,,dropdown,,"Yes, Yes | No, No",,,,,,,y,,
blockdesign_3a_score,Wechsler Abbreviated Scale of Intelligence,,dropdown,,"0, 0 | 1, 1 | 2, 2",,,,,,,y,,
wasiblockdes_4_incorrect1,Wechsler Abbreviated Scale of Intelligence,,dropdown,,"Yes, Yes | No, No",,,,,,,y,,
wasiblockdes_4_incorrect1b,Wechsler Abbreviated Scale of Intelligence,,dropdown,,"Yes, Yes | No, No",,,,,,,y,,
blockdesign_4a_comp_time,Wechsler Abbreviated Scale of Intelligence,,text,,,,number,1,,,,y,,
wasiblockdes_4_correct_des,Wechsler Abbreviated Scale of Intelligence,,dropdown,,"Yes, Yes | No, No",,,,,,,y,,
blockdesign_4a_score,Wechsler Abbreviated Scale of Intelligence,,dropdown,,"0, 0 | 1, 1 | 2, 2",,,,,,,y,,
wasiblockdes_5_incorrect,Wechsler Abbreviated Scale of Intelligence,,dropdown,,"Yes, Yes | No, No",,,,,,,y,,
blockdesign_5a_comp_time,Wechsler Abbreviated Scale of Intelligence,,text,,,,number,1,,,,y,,
wasiblockdes_5_correct_des,Wechsler Abbreviated Scale of Intelligence,,dropdown,,"Yes, Yes | No, No",,,,,,,y,,
blockdesign_5a_score,Wechsler Abbreviated Scale of Intelligence,,dropdown,,"0, 0 | 4, 4 | 5, 5 | 6, 6 | 7, 7",,,,,,,y,,
wasiblockdes_6_incorrect,Wechsler Abbreviated Scale of Intelligence,,dropdown,,"Yes, Yes | No, No",,,,,,,y,,
blockdesign_6a_comp_time,Wechsler Abbreviated Scale of Intelligence,,text,,,,number,1,,,,y,,
wasiblockdes_6_correct_des,Wechsler Abbreviated Scale of Intelligence,,dropdown,,"Yes, Yes | No, No",,,,,,,y,,
blockdesign_6a_score,Wechsler Abbreviated Scale of Intelligence,,dropdown,,"0, 0 | 4, 4 | 5, 5 | 6, 6 | 7, 7",,,,,,,y,,
wasiblockdes_7_incorrect,Wechsler Abbreviated Scale of Intelligence,,dropdown,,"Yes, Yes | No, No",,,,,,,y,,
blockdesign_7a_comp_time,Wechsler Abbreviated Scale of Intelligence,,text,,,,number,1,,,,y,,
wasiblockdes_7_correct_des,Wechsler Abbreviated Scale of Intelligence,,dropdown,,"Yes, Yes | No, No",,,,,,,y,,
blockdesign_7a_score,Wechsler Abbreviated Scale of Intelligence,,dropdown,,"0, 0 | 4, 4 | 5, 5 | 6, 6 | 7, 7",,,,,,,y,,
wasiblockdes_8_incorrect,Wechsler Abbreviated Scale of Intelligence,,dropdown,,"Yes, Yes | No, No",,,,,,,y,,
blockdesign_8a_comp_time,Wechsler Abbreviated Scale of Intelligence,,text,,,,number,1,,,,y,,
wasiblockdes_8_correct_des,Wechsler Abbreviated Scale of Intelligence,,dropdown,,"Yes, Yes | No, No",,,,,,,y,,
blockdesign_8a_score,Wechsler Abbreviated Scale of Intelligence,,dropdown,,"0, 0 | 4, 4 | 5, 5 | 6, 6 | 7, 7",,,,,,,y,,
wasiblockdes_9_incorrect,Wechsler Abbreviated Scale of Intelligence,,dropdown,,"Yes, Yes | No, No",,,,,,,y,,
blockdesign_9a_comp_time,Wechsler Abbreviated Scale of Intelligence,,text,,,,number,1,,,,y,,
wasiblockdes_9_correct_des,Wechsler Abbreviated Scale of Intelligence,,dropdown,,"Yes, Yes | No, No",,,,,,,y,,
blockdesign_9a_score,Wechsler Abbreviated Scale of Intelligence,,dropdown,,"0, 0 | 4, 4 | 5, 5 | 6, 6 | 7, 7",,,,,,,y,,
wasiblockdes_10_incorrect,Wechsler Abbreviated Scale of Intelligence,,dropdown,,"Yes, Yes | No, No",,,,,,,y,,
blockdesign_10a_comp_time,Wechsler Abbreviated Scale of Intelligence,,text,,,,number,1,,,,y,,
wasiblockdes_10_correct_des,Wechsler Abbreviated Scale of Intelligence,,dropdown,,"Yes, Yes | No, No",,,,,,,y,,
blockdesign_10a_score,Wechsler Abbreviated Scale of Intelligence,,dropdown,,"0, 0 | 4, 4 | 5, 5 | 6, 6 | 7, 7",,,,,,,y,,
wasiblockdes_11_incorrect,Wechsler Abbreviated Scale of Intelligence,,dropdown,,"Yes, Yes | No, No",,,,,,,y,,
blockdesign_11a_comp_time,Wechsler Abbreviated Scale of Intelligence,,text,,,,number,1,,,,y,,
wasiblockdes_11_correct_des,Wechsler Abbreviated Scale of Intelligence,,dropdown,,"Yes, Yes | No, No",,,,,,,y,,
blockdesign_11a_score,Wechsler Abbreviated Scale of Intelligence,,dropdown,,"0, 0 | 4, 4 | 5, 5 | 6, 6 | 7, 7",,,,,,,y,,
wasiblockdes_12_incorrect,Wechsler Abbreviated Scale of Intelligence,,dropdown,,"Yes, Yes | No, No",,,,,,,y,,
blockdesign_12a_comp_time,Wechsler Abbreviated Scale of Intelligence,,text,,,,number,1,,,,y,,
wasiblockdes_12_correct_des,Wechsler Abbreviated Scale of Intelligence,,dropdown,,"Yes, Yes | No, No",,,,,,,y,,
blockdesign_12a_score,Wechsler Abbreviated Scale of Intelligence,,dropdown,,"0, 0 | 4, 4 | 5, 5 | 6, 6 | 7, 7",,,,,,,y,,
wasiblockdes_13_incorrect,Wechsler Abbreviated Scale of Intelligence,,dropdown,,"Yes, Yes | No, No",,,,,,,y,,
blockdesign_13a_comp_time,Wechsler Abbreviated Scale of Intelligence,,text,,,,number,1,,,,y,,
wasiblockdes_13_correct_des,Wechsler Abbreviated Scale of Intelligence,,dropdown,,"Yes, Yes | No, No",,,,,,,y,,
blockdesign_13a_score,Wechsler Abbreviated Scale of Intelligence,,dropdown,,"0, 0 | 4, 4 | 5, 5 | 6, 6 | 7, 7",,,,,,,y,,
blockdesign_totalrawscore_a,Wechsler Abbreviated Scale of Intelligence,,text,,,,number,0,71,,,y,,
wasisimil_1_four_wheeled_r,Wechsler Abbreviated Scale of Intelligence,Similarities,text,,,,,,,,,y,,
similarities_1_four_wheeled_s,Wechsler Abbreviated Scale of Intelligence,,dropdown,,"0, 0 | 1, 1",,,,,,,y,,
