Variable / Field Name,Form Name,Section Header,Field Type,Field Label,"Choices, Calculations, OR Slider Labels",Field Note,Text Validation Type OR Show Slider Number,Text Validation Min,Text Validation Max,Identifier?,Branching Logic (Show field only if...),Required Field?,Custom Alignment,Question Number (surveys only)
subjectkey,AGRE ADOS-G Module 2 (2000 or earlier),Header,text,The NDAR Global Unique Identifier (GUID) for subjects which identifies a subject in NDAR,,,,,,,,y,,
src_subject_id,AGRE ADOS-G Module 2 (2000 or earlier),,text,The site's subject identification,,,,,,,,y,,
src_record_id,AGRE ADOS-G Module 2 (2000 or earlier),,text,Research site ID for record,,,,,,,,,,
interview_date,AGRE ADOS-G Module 2 (2000 or earlier),,text,Date on which the interview/genetic test/sampling/imaging was completed,"MM/yyyy, MM/yyyy | MM/dd/yyyy, MM/dd/yyyy",* '01/01/1900' indicates that a date associated with retrospective data is not known.,date_ymd,,,,,y,,
interview_age,AGRE ADOS-G Module 2 (2000 or earlier),,text,Age in months at the time of the interview/test/sampling/imaging.,,Age is rounded to chronological month If the research participant is 13 days old at time of interview  the appropriate value would be 0 months if the participant is 19 days old the value would be 1 month,number,0,1200,,,y,,
gender,AGRE ADOS-G Module 2 (2000 or earlier),,dropdown,Gender,"M, M | F, F",,,,,,,,,
olang,AGRE ADOS-G Module 2 (2000 or earlier),A. Language and Communication,dropdown,Overall Level of Non-echoed Language,"0, 0 | 1, 1 | 2, 2 | 3, 3 | 8, 8",,,,,,,,,
asov,AGRE ADOS-G Module 2 (2000 or earlier),,dropdown,Amount of Social Overtures/Maintenance of Attention,"0, 0=frequent attempts to get or maintain the examiner's attention AND/OR to direct the examiner's attention to objects or actions of interest to the participant. May include repeated questions or nonverbal behaviors, if they are not related to preoccupations nor aimed at getting objects, but seem to function primarily as a method of social contact. | 1, 1=some attempts at getting, maintaining or directing the examiner's attention as in ""0"" but reduced in frequency or the number of contexts used (e.g., only seeks attention to direct examiner's behavior) | 2, 2=child shows relatively little concern as to whether the examiner is paying attention to him unless he needs help AND/OR makes few attempts to get, maintain or direct the examiner's attention. | 7, 7=unusually frequent, intense or excessive demands for attention outside structured tasks or questions within ADOS-G. Code regardless of social appropriateness of individual behaviors.",,,,,,,,,
spabn,AGRE ADOS-G Module 2 (2000 or earlier),,dropdown,Speech Abnormalities Associated with Autism (Intonation/Volume/Rhythm/Rate),"0, 0 | 1, 1 | 2, 2 | 7, 7 | 8, 8",,,,,,,,,
iecho,AGRE ADOS-G Module 2 (2000 or earlier),,dropdown,Immediate Echolalia,"0, 0=rarely or never repeats the adult's speech. | 1, 1=occasional echoing. | 2, 2=echoing words and phrases regularly, but some spontaneous language (it can be stereotyped). | 3, 3=speech largely consists of immediate echolalia. | 8, 8=language too limited to judge.",,,,,,,,,
stereo,AGRE ADOS-G Module 2 (2000 or earlier),,dropdown,Stereotyped/Idiosyncratic Use of Words or Phrases,"0, 0=rarely or never uses stereotyped or idiosyncratic words or phrases. | 1, 1=use of words or phrases tends to be more repetitive than most children at the same level of complexity, but not obviously odd.  OR occasional stereotyped utterances or use of odd words or use of phrases in an unusual way, with other flexible spontaneous language as well. | 2, 2=often uses stereotyped utterances or odd words or phrases with some other language. | 3, 3=phrases almost exclusively odd or stereotyped utterances. | 8, 8=N/A, no phrase speech.",,,,,,,,,
convs,AGRE ADOS-G Module 2 (2000 or earlier),,dropdown,Conversation,"0, 0 | 1, 1 | 2, 2 | 3, 3 | 8, 8",,,,,,,,,
rname,AGRE ADOS-G Module 2 (2000 or earlier),,dropdown,Response to Name,"0, 0 | 1, 1 | 2, 2 | 3, 3",,,,,,,,,
point,AGRE ADOS-G Module 2 (2000 or earlier),,dropdown,Pointing,"0, 0=points with index finger to show visually-directed referencing (coordinated gaze to object and person) of distal objects in at least two contexts. | 1, 1=uses a point to reference objects, but without sufficient flexibility or frequency to meet criteria for a ""0"" (e.g., only one point as described in ""0"" or absence of coordinated eye gaze with distal point, though may vocalize.) Or produces an approximation of a point rather than an index finger point.  Or coordinates only a point to a picture or other nearby objects including touching points, with gaze or vocalization.  Or points to a person or self only. | 2, 2=points only when close to or actually touching an object and without coordinated eye gaze or vocalization. | 3, 3=does not point to objects in any way.",,,,,,,,,
dgest,AGRE ADOS-G Module 2 (2000 or earlier),,dropdown,"Descriptive, Conventional, Instrumental or Informational Gestures","0, 0=spontaneous use of several descriptive gestures. These gestures may be typical or idiosyncratic, but must be communicative. May also use conventional or instrumental gestures. | 1, 1=some spontaneous use of descriptive gestures but exaggerated,limited in range and/or contexts OR frequent use of conventional or instrumental gestures but not descriptive. | 2, 2=some spontaneous use of informational, conventional or instrumental gestures but not descriptive. | 3, 3=no or very limited spontaneous use of conventional, instrumental, informatonal or descriptive gestures. | 8, 8=N/A (e.g., limited by physical disability)",,,,,,,,,
ueye,AGRE ADOS-G Module 2 (2000 or earlier),B. Reciprocal Social Interaction,dropdown,Unusual Eye Contact,"0, 0=appropriate gaze with subtle changes meshed with other communication. | 2, 2=uses poorly socially modulated eye contact to initiate, terminate or regulate social interaction.",,,,,,,,,
faceo,AGRE ADOS-G Module 2 (2000 or earlier),,dropdown,Facial Expressions Directed to Others,"0, 0=directs a range of appropriate facial expressions toward parent/caregiver or examiner in order to communicate affect. | 1, 1=some direction of facial expressions to examiner and/or parent/caregiver (e.g., directs only expressions indicating emotional extremes to others, or occasionally directs wider range of expressions). A child who has a limited range of facial expressions or who only has slightly unusual facial expressions but directs most of his facial expressions to another person may be scored here. | 2, 2=rarely or never directs appropriate facial expressions to adults.",,,,,,,,,
shrnj,AGRE ADOS-G Module 2 (2000 or earlier),,dropdown,Shared Enjoyment in Interaction,"0, 0=shows definite appropriate pleasure with the examiner during more than one activity. Must include pleasure in at least one activity that is not purely physical (e.g., tickling) in nature. | 1, 1=shows some appropriate pleasure in the examiner's actions during more than one activity or shows definite pleasure directed to the examiner during one interaction (may be physical in nature). | 2, 2=shows little or no expressed pleasure in interaction with the examiner. May show pleasure in own actions, interaction with a parent, or in the available toys.",,,,,,,,,
show,AGRE ADOS-G Module 2 (2000 or earlier),,dropdown,Showing,"0, 0=spontaneously shows toys or objects throughout the ADOS-G by holding them up or placing them in front of adults and using eye contact with or without vocalization. | 1, 1=shows toys or objects in a partial or inconsistent manner, (e.g., holds them up and/or places them in front of adults without coordinated eye contact, looks from an object in his hands to an adult without clearly orienting it toward the adult, or shows objects as in ""0"" on one occasion only). | 2, 2=does not show objects to another person.",,,,,,,,,
sijnt,AGRE ADOS-G Module 2 (2000 or earlier),,dropdown,Spontaneous Initiation of Joint Attention,"0, 0=uses clearly integrated eye contact to reference an object that is out of reach by looking at the object, at an adult and back to the object. Eye contact my be coordinated with pointing and/or vocalization. One clear example of an attempt to draw an adult's attention to an object (ie., more than just referencing) is sufficient for a ""0"". | 1, 1=partially references an object that is clearly out of reach. May spontaneously look and point to the object and/or vocalize, but does not coordinate either of these with looking at an adult, or may look at an object and then an adult or point to an adult but not look back at the object. | 2, 2=no approximation of spontaneous initiation of joint attention in order to reference an object that is out of reach.",,,,,,,,,
rjnt,AGRE ADOS-G Module 2 (2000 or earlier),,dropdown,Response to Joint Attention,"0, 0 | 1, 1 | 2, 2 | 3, 3",,,,,,,,,
qsov,AGRE ADOS-G Module 2 (2000 or earlier),,dropdown,Quality of Social Overtures,"0, 0=effectively uses nonverbal and verbal/vocal means to made clear social overtures to the parents or exminer that are appropriate to immediate contexts. | 1, 1=slightly unusual quality of social overtures. Code here if overtures are restricted to personal demands or related to strong interests, but with some attempt to involve the parents or examiner in the interest. | 2, 2=overtures often lack integration into context AND/OR social quality AND/OR some clearly inappropriate overtures. | 3, 3=negligible social overtures of any kind.",,,,,,,,,
qsres,AGRE ADOS-G Module 2 (2000 or earlier),,dropdown,Quality of Social Response,"0, 0=range of appropriate responses that are varied according to immediate social situations and presses. | 1, 1=shows responsiveness to most social situations, but somewhat limited, socially awkward, inappropriate, inconsistent, or consistently negative. | 2, 2=odd, stereotyped responses or responses that are restricted in range or inappropriate to the context. | 3, 3=minimal or no response to the examiner's attempts to engage the child.",,,,,,,,,
arsoc,AGRE ADOS-G Module 2 (2000 or earlier),,dropdown,Amount of Reciprocal Social Communication,"0, 0 | 1, 1 | 2, 2 | 3, 3",,,,,,,,,
oqrap,AGRE ADOS-G Module 2 (2000 or earlier),,dropdown,Overall Quality of Rapport,"0, 0=comfortable interaction with the examiner that is appropriate to context. | 1, 1=interaction sometimes comfortable but not sustained (e.g., sometimes feels awkward, stilted or the child seems mechanical or inappropriate). | 2, 2=one-sided or unusual interaction giving a consistently mildly uncomfortable interview or an interview that would have been difficult if the examiner had not been frequently structuring the situation beyond that provided by the standard activites in the ADOS-G. | 3, 3=the child shows minimal regard for the examiner or the interview is markedly uncomfortable for a significant proportion of time.",,,,,,,,,
fplay,AGRE ADOS-G Module 2 (2000 or earlier),C. Play,dropdown,Functional Play with Objects,"0, 0=spontaneously plays with a variety of toys in a conventional manner, including construction with manipulatives (e.g., blocks) and/or appropriate play with miniatures (e.g., telephone, truck, dishes).  Do not code imitations or pushing the car here. | 1, 1=some spontaneus functional play with at least one miniature. Does not include pushing the car or using a construction toy. | 2, 2=plays appropriately with cars and effect toys and/or construction toys only and/or pushing the car may include imitating a demonstration or imitating more representational play with other toys. | 3, 3=no play with toys or only stereotyped play with toys.",,,,,,,,,
imgcr,AGRE ADOS-G Module 2 (2000 or earlier),,dropdown,Imagination,"0, 0 | 1, 1 | 2, 2 | 3, 3",,,,,,,,,
usens,AGRE ADOS-G Module 2 (2000 or earlier),D. Stereotyped Behavior and Restricted Interests,dropdown,Unusual Sensory Interest In Play Material/Person,"0, 0=no sniffing, repetitive touching, feeling of texture, licking or biting (not mouthing), interest in the repetition of or unusually strong reactions to certain to certain sounds, or unusual or prolonged visual examination. | 1, 1=occasional unusual sensory interests or responses, OR not as clear as specified for a rating of ""2"". | 2, 2=definite interest in nonfunctional elements of play materials or sensory examination of self or others on more than one occasion or persistent unusual sensory response to several materials or events.",,,,,,,,,
oman,AGRE ADOS-G Module 2 (2000 or earlier),,dropdown,Hand and Finger and Other Complex Mannerisms,"0, 0=none | 1, 1=very brief or rare hand and finger mannerisms or complex mannerisms or mannerisms not as clear as specified for a rating of ""2"". | 2, 2=definite finger flicking/twisting and/or hand or other mannerisms or stereorypies.",,,,,,,,,
selfinj,AGRE ADOS-G Module 2 (2000 or earlier),,dropdown,Self-Injurious Behavior,"0, 0=no attempts to harm self. | 1, 1=rare and/or dubious self-injury (e.g., at least once bites at own hand or arm, pulls own hair, slaps own face or bangs head). | 2, 2=self-injury definitely present (e.g., more than one example of head-banging, face slapping, hair pulling or self biting.)",,,,,,,,,
urbeh,AGRE ADOS-G Module 2 (2000 or earlier),,dropdown,Unusually Repetitive Interest or Stereotyped Behaviors,"0, 0=no repetitive or stereotyped behaviors during the ADOS-G. | 1, 1=an interest or behavior that is repetitive or stereotyped to an unusual degree, including an intense interest in a particular toy or object, a definite interest in an unusual object or activity (odd for the child's level of motor skill), an unusually routinized activity, frequent repetitive use of objects, or a clear interest in a part of an object. | 2, 2=repetitive or stereotyped interests and/or behaviors, as described above, form a substantial minority of the child's interests and spontaneous behaviors. These interests and behaviors may interfere with the child's ability to complete the ADOS-G activities, but it is possible for the child's attention to be directed to other objects or activities at least momentarily. | 3, 3=repetitive or stereotyped interests and/or behaviors, as described above form the majority of the child's interests, OR attempts to directs the child to other objects or activities are met with resistance and/or distress.",,,,,,,,,
actve,AGRE ADOS-G Module 2 (2000 or earlier),E. Other Abnormal Behaviors,dropdown,Overactivity,"0, 0 | 1, 1 | 2, 2 | 7, 7",,,,,,,,,
agg,AGRE ADOS-G Module 2 (2000 or earlier),,dropdown,"Tantrums, Aggression, Negative or Disruptive Behavior","0, 0 | 1, 1 | 2, 2",,,,,,,,,
anxty,AGRE ADOS-G Module 2 (2000 or earlier),,dropdown,Anxiety,"0, 0=no obvious anxiety (such as trembling or jumpiness). | 1, 1=mild signs of anxiety especially at the beginning of the interview or marked anxiety only in response to a specific request or to one particular toy or task. | 2, 2=marked anxiety in response to more than one toy or task or several times during the session.",,,,,,,,,
sa2,AGRE ADOS-G Module 2 (2000 or earlier),Communication,text,Frequence of Vocalization Directed to Others,,0 to 2,number,0,2,,,,,
sa5,AGRE ADOS-G Module 2 (2000 or earlier),,text,Stereotyped/Idiosyncratic Words or Phrases,,0 to 2,number,0,2,,,,,
sa6,AGRE ADOS-G Module 2 (2000 or earlier),,text,Use of Other's Body to Communicate,,0 to 2,number,0,2,,,,,
spoint,AGRE ADOS-G Module 2 (2000 or earlier),,text,Pointing to Express Interest,,0 to 2,number,0,2,,,,,
sgestr,AGRE ADOS-G Module 2 (2000 or earlier),,text,"Descriptive, Conventional, Instrumental Gestures",,0 to 2,number,0,2,,,,,
satotal,AGRE ADOS-G Module 2 (2000 or earlier),,text,Communication Total,,0 to 10,number,0,10,,,,,
sb1,AGRE ADOS-G Module 2 (2000 or earlier),Qualitative Impairments in Reciprocal Social Interaction,text,Unusual Eye Contact,,0 to 2,number,0,2,,,,,
sb2,AGRE ADOS-G Module 2 (2000 or earlier),,text,Facial Expressions Directed to Others,,0 to 2,number,0,2,,,,,
sb5,AGRE ADOS-G Module 2 (2000 or earlier),,text,Shared Enjoyment in Interaction,,0 to 2,number,0,2,,,,,
ssocovt,AGRE ADOS-G Module 2 (2000 or earlier),,text,Quality of Social Overtures,,0 to 2,number,0,2,,,,,
ssocrsp,AGRE ADOS-G Module 2 (2000 or earlier),,text,Quality of Social Response,,0 to 2,number,0,2,,,,,
ssoccom,AGRE ADOS-G Module 2 (2000 or earlier),,text,Amount of Reciprocal Social Communication,,0 to 2,number,0,2,,,,,
squalrb,AGRE ADOS-G Module 2 (2000 or earlier),,text,Overall Quality of Rapport,,0 to 2,number,0,2,,,,,
sbtotal,AGRE ADOS-G Module 2 (2000 or earlier),,text,Social Total,,0 to 14,number,0,14,,,,,
sabtotal,AGRE ADOS-G Module 2 (2000 or earlier),,text,Communication+Social Total,,0 to 24,number,0,24,,,,,
sc2,AGRE ADOS-G Module 2 (2000 or earlier),Imagination/Creativity,text,Imagination/Creativity,,0 to 2,number,0,2,,,,,
sd1,AGRE ADOS-G Module 2 (2000 or earlier),Stereotyped Behaviors and Restricted Interests,text,Unusual Sensory Interest in Play Material/Person,,0 to 2,number,0,2,,,,,
sd2,AGRE ADOS-G Module 2 (2000 or earlier),,text,Hand and Finger and Other Complex Mannerisms,,0 to 2,number,0,2,,,,,
sd4,AGRE ADOS-G Module 2 (2000 or earlier),,text,Unusually Repetitive Interests or Stereotyped Behaviors,,0 to 2,number,0,2,,,,,
sdtotal,AGRE ADOS-G Module 2 (2000 or earlier),,text,Stereotyped Behaviors and Restricted Interests Total,,0 to 6,number,0,6,,,,,
adosgdiag,AGRE ADOS-G Module 2 (2000 or earlier),Diagnosis,dropdown,ADOS Diagnosis Classification:,"-2, -2=Other | 0, 0=Not Autistic | 1, 1=Autistic Spectrum | 2, 2=Autistic",,,,,,,,,
overalldiag,AGRE ADOS-G Module 2 (2000 or earlier),,text,Overall Diagnosis:,,,,,,,,,,
csa2,AGRE ADOS-G Module 2 (2000 or earlier),,text,Frequence of Vocalization Directed to Others,,0 to 2,number,0,2,,,,,
csa5,AGRE ADOS-G Module 2 (2000 or earlier),,text,Stereotyped/Idiosyncratic Words or Phrases,,0 to 2,number,0,2,,,,,
csa6,AGRE ADOS-G Module 2 (2000 or earlier),,text,Use of Other's Body to Communicate,,0 to 2,number,0,2,,,,,
csa8,AGRE ADOS-G Module 2 (2000 or earlier),,text,Gestures,,0 to 2,number,0,2,,,,,
csa9,AGRE ADOS-G Module 2 (2000 or earlier),,text,"Descriptive, Conventional, Instrumental Gestures",,0 to 2,number,0,2,,,,,
cssatotal,AGRE ADOS-G Module 2 (2000 or earlier),,text,Communication Total,,0 to 10,number,0,10,,,,,
csb1,AGRE ADOS-G Module 2 (2000 or earlier),,text,Unusual Eye Contact,,0 to 2,number,0,2,,,,,
csb2,AGRE ADOS-G Module 2 (2000 or earlier),,text,Facial Expressions Directed to Others,,0 to 2,number,0,2,,,,,
csb5,AGRE ADOS-G Module 2 (2000 or earlier),,text,Shared Enjoyment in Interaction,,0 to 2,number,0,2,,,,,
csb7,AGRE ADOS-G Module 2 (2000 or earlier),,text,Quality of Social Overtures,,0 to 2,number,0,2,,,,,
csb8,AGRE ADOS-G Module 2 (2000 or earlier),,text,Quality of Social Response,,0 to 2,number,0,2,,,,,
csb9,AGRE ADOS-G Module 2 (2000 or earlier),,text,Showing,,0 to 2,number,0,2,,,,,
csb10,AGRE ADOS-G Module 2 (2000 or earlier),,text,Spontaneous Initiation of Joint Attention,,0 to 2,number,0,2,,,,,
cssbtotal,AGRE ADOS-G Module 2 (2000 or earlier),,text,Social Total,,0 to 14,number,0,14,,,,,
cssabtotal,AGRE ADOS-G Module 2 (2000 or earlier),,text,Communication+Social Total,,0 to 24,number,0,24,,,,,
csc2,AGRE ADOS-G Module 2 (2000 or earlier),,text,Imagination/Creativity,,0 to 2,number,0,2,,,,,
csd1,AGRE ADOS-G Module 2 (2000 or earlier),,text,Unusual Sensory Interest in Play Material/Person,,0 to 2,number,0,2,,,,,
csd2,AGRE ADOS-G Module 2 (2000 or earlier),,text,Hand and Finger and Other Complex Mannerisms,,0 to 2,number,0,2,,,,,
csd4,AGRE ADOS-G Module 2 (2000 or earlier),,text,Unusually Repetitive Interests or Stereotyped Behaviors,,0 to 2,number,0,2,,,,,
cssdtotal,AGRE ADOS-G Module 2 (2000 or earlier),,text,Stereotyped Behaviors and Restricted Interests Total,,0 to 6,number,0,6,,,,,
csadosgdiag,AGRE ADOS-G Module 2 (2000 or earlier),,dropdown,ADOS Diagnosis Classification:,"0, 0=Not Spectrum or Autism | 1, 1=Spectrum | 2, 2=Autism",,,,,,,,,
csacommunication,AGRE ADOS-G Module 2 (2000 or earlier),,dropdown,Communication Autism Cutoff,"0, 0=No | 1, 1=Yes | 9, 9=N/A",,,,,,,,,
csascommunication,AGRE ADOS-G Module 2 (2000 or earlier),,dropdown,Communication Autism Spectrum Cutoff,"0, 0=No | 1, 1=Yes | 9, 9=N/A",,,,,,,,,
csasocial,AGRE ADOS-G Module 2 (2000 or earlier),,dropdown,Social Autism Cutoff,"0, 0=No | 1, 1=Yes | 9, 9=N/A",,,,,,,,,
csassocial,AGRE ADOS-G Module 2 (2000 or earlier),,dropdown,Social Autism Spectrum Cutoff,"0, 0=No | 1, 1=Yes | 9, 9=N/A",,,,,,,,,
csacomsoc,AGRE ADOS-G Module 2 (2000 or earlier),,dropdown,Commmunication + Social Autism Cutoff,"0, 0=No | 1, 1=Yes | 9, 9=N/A",,,,,,,,,
csascomsoc,AGRE ADOS-G Module 2 (2000 or earlier),,dropdown,Commmunication + Social Autism Spectrum Cutoff,"0, 0=No | 1, 1=Yes | 9, 9=N/A",,,,,,,,,
