Variable / Field Name,Form Name,Section Header,Field Type,Field Label,"Choices, Calculations, OR Slider Labels",Field Note,Text Validation Type OR Show Slider Number,Text Validation Min,Text Validation Max,Identifier?,Branching Logic (Show field only if...),Required Field?,Custom Alignment,Question Number (surveys only)
subjectkey,MacArthur Bates CDI Words and Gestures,,text,The NDAR Global Unique Identifier (GUID) for subjects which identifies a subject in NDAR,,,,,,,,y,,
src_subject_id,MacArthur Bates CDI Words and Gestures,,text,The site's subject identification,,,,,,,,y,,
interview_date,MacArthur Bates CDI Words and Gestures,,text,Date on which the interview/genetic test/sampling/imaging was completed,"MM/yyyy, MM/yyyy | MM/dd/yyyy, MM/dd/yyyy",* '01/01/1900' indicates that a date associated with retrospective data is not known.,date_ymd,,,,,y,,
interview_age,MacArthur Bates CDI Words and Gestures,,text,Age in months at the time of the interview/test/sampling/imaging.,,Age is rounded to chronological month If the research participant is 13 days old at time of interview  the appropriate value would be 0 months if the participant is 19 days old the value would be 1 month,number,0,1200,,,y,,
gender,MacArthur Bates CDI Words and Gestures,,dropdown,Gender,"M, M | F, F",,,,,,,y,,
mcg_ph_total,MacArthur Bates CDI Words and Gestures,01,text,Total number of phrases,,,,,,,,y,,
mcg_ph_perc_below1,MacArthur Bates CDI Words and Gestures,02a,dropdown,Is the percentile rank for Phrases Understood scored at below 1?,"Y, Y | N, N",needs to be added,,,,,,y,,
mcg_ph_perc,MacArthur Bates CDI Words and Gestures,02b,text,"If the percentile rank for Phrases Understood was not scored as below 1, then record the percentile score.",,needs to be added,number,1,99,,,y,,
mcg_vc_totcom,MacArthur Bates CDI Words and Gestures,03,text,Total number of words understood (1-19),,,,,,,,y,,
mcg_vc_under_perc_below1,MacArthur Bates CDI Words and Gestures,04a,dropdown,Is the percentile rank for Vocabulary Understood scored at below 1?,"Y, Y | N, N",needs to be added,,,,,,y,,
mcg_vc_under_perc,MacArthur Bates CDI Words and Gestures,04b,text,"If the percentile rank for Vocabulary Understood was not scored as below 1, then record the percentile score.",,needs to be added,number,1,99,,,y,,
mcg_vc_totpr,MacArthur Bates CDI Words and Gestures,05,text,Total number of words produced (1-19),,,,,,,,y,,
mcg_vc_und_said_perc_below1,MacArthur Bates CDI Words and Gestures,06a,dropdown,Is the percentile rank for Vocabulary Understood and Said(vocab checklist sections 1-19)scored at below 1?,"Y, Y | N, N",needs to be added,,,,,,y,,
mcg_vc_und_said_perc,MacArthur Bates CDI Words and Gestures,06b,text,"If the percentile rank for Vocabulary Understood and Said(vocab checklist sections 1-19) was not scored as below 1, then record the percentile score.",,needs to be added,number,1,99,,,y,,
mcg_eg_total,MacArthur Bates CDI Words and Gestures,07,text,Total Early Gestures,,,,,,,,y,,
mcg_eg_perc_below1,MacArthur Bates CDI Words and Gestures,08a,dropdown,Is the percentile rank for Early gestures scored at below 1?,"Y, Y | N, N",needs to be added,,,,,,y,,
mcg_eg_perc,MacArthur Bates CDI Words and Gestures,08b,text,"If the percentile rank for Early Gestures was not scored as below 1, then record the percentile score.",,needs to be added,number,1,99,,,y,,
mcg_lg_total,MacArthur Bates CDI Words and Gestures,09,text,Total Later Gestures,,,,,,,,y,,
mcg_lg_perc_below1,MacArthur Bates CDI Words and Gestures,10a,dropdown,Is the percentile rank for Later Gestures scored at below 1?,"Y, Y | N, N",needs to be added,,,,,,y,,
mcg_lg_perc,MacArthur Bates CDI Words and Gestures,10b,text,"If the percentile rank for Later Gestures was not scored as below 1, then record the percentile score.",,needs to be added,number,1,99,,,y,,
mcg_tg_total,MacArthur Bates CDI Words and Gestures,11,text,Total Gestures,,,,,,,,y,,
mcg_tg_perc_below1,MacArthur Bates CDI Words and Gestures,12a,dropdown,Is the percentile rank for Total Gestures scored at below 1?,"Y, Y | N, N",needs to be added,,,,,,y,,
mcg_tg_perc,MacArthur Bates CDI Words and Gestures,12b,text,"If the percentile rank for Total Gestures was not scored as below 1, then record the percentile score.",,needs to be added,number,1,99,,,y,,
mcg_su_name,MacArthur Bates CDI Words and Gestures,IA01,dropdown,"Respond when name is called (e.g., by turning and looking as source)","0, 0 |  1,  1",,,,,,,y,,
mcg_su_no,MacArthur Bates CDI Words and Gestures,,text,Respond to no,,,,,,,,y,,
mcg_su_md,MacArthur Bates CDI Words and Gestures,IA03,dropdown,"React to there's mommy/daddy"" by looking around for them""","0, 0 |  1,  1",,,,,,,y,,
mcg_ph_hungry,MacArthur Bates CDI Words and Gestures,IB01,dropdown,Are you hungry?,"0, 0 |  1,  1",,,,,,,y,,
mcg_ph_tired,MacArthur Bates CDI Words and Gestures,IB02,dropdown,Are you tired/sleepy?,"0, 0 |  1,  1",,,,,,,y,,
mcg_ph_careful,MacArthur Bates CDI Words and Gestures,IB03,dropdown,Be careful,"0, 0 |  1,  1",,,,,,,y,,
mcg_ph_quiet,MacArthur Bates CDI Words and Gestures,IB04,dropdown,Be quiet,"0, 0 |  1,  1",,,,,,,y,,
mcg_ph_clap,MacArthur Bates CDI Words and Gestures,IB05,dropdown,Clap your hands,"0, 0 |  1,  1",,,,,,,y,,
mcg_ph_diaper,MacArthur Bates CDI Words and Gestures,IB06,dropdown,Change diaper,"0, 0 |  1,  1",,,,,,,y,,
mcg_ph_come,MacArthur Bates CDI Words and Gestures,IB07,dropdown,Come here/come on,"0, 0 |  1,  1",,,,,,,y,,
mcg_ph_home,MacArthur Bates CDI Words and Gestures,IB08,dropdown,Daddy's/mommy's home,"0, 0 |  1,  1",,,,,,,y,,
mcg_ph_more,MacArthur Bates CDI Words and Gestures,IB09,dropdown,Do you want more?,"0, 0 |  1,  1",,,,,,,y,,
mcg_ph_do,MacArthur Bates CDI Words and Gestures,IB10,dropdown,Don't do that,"0, 0 |  1,  1",,,,,,,y,,
mcg_ph_touch,MacArthur Bates CDI Words and Gestures,IB11,dropdown,Don't' touch,"0, 0 |  1,  1",,,,,,,y,,
mcg_ph_get,MacArthur Bates CDI Words and Gestures,IB12,dropdown,Get up,"0, 0 |  1,  1",,,,,,,y,,
mcg_ph_give,MacArthur Bates CDI Words and Gestures,IB13,dropdown,Give it to mommy,"0, 0 |  1,  1",,,,,,,y,,
mcg_ph_hug,MacArthur Bates CDI Words and Gestures,IB14,dropdown,Give me a hug,"0, 0 |  1,  1",,,,,,,y,,
mcg_ph_kiss,MacArthur Bates CDI Words and Gestures,IB15,dropdown,Give me a kiss,"0, 0 |  1,  1",,,,,,,y,,
mcg_ph_goget,MacArthur Bates CDI Words and Gestures,IB16,dropdown,Go get,"0, 0 |  1,  1",,,,,,,y,,
mcg_ph_good,MacArthur Bates CDI Words and Gestures,IB17,dropdown,Good girl/boy,"0, 0 |  1,  1",,,,,,,y,,
mcg_ph_hold,MacArthur Bates CDI Words and Gestures,IB18,dropdown,Hold still,"0, 0 |  1,  1",,,,,,,y,,
mcg_ph_bye,MacArthur Bates CDI Words and Gestures,IB19,dropdown,Let's go bye bye,"0, 0 |  1,  1",,,,,,,y,,
mcg_ph_look,MacArthur Bates CDI Words and Gestures,IB20,dropdown,Look/look here,"0, 0 |  1,  1",,,,,,,y,,
mcg_ph_open,MacArthur Bates CDI Words and Gestures,IB21,dropdown,Open your mouth,"0, 0 |  1,  1",,,,,,,y,,
mcg_ph_sit,MacArthur Bates CDI Words and Gestures,IB22,dropdown,Sit down,"0, 0 |  1,  1",,,,,,,y,,
mcg_ph_spit,MacArthur Bates CDI Words and Gestures,IB23,dropdown,Spit it out,"0, 0 |  1,  1",,,,,,,y,,
mcg_ph_stop,MacArthur Bates CDI Words and Gestures,IB24,dropdown,Stop it,"0, 0 |  1,  1",,,,,,,y,,
mcg_ph_time,MacArthur Bates CDI Words and Gestures,IB25,dropdown,Time to go night night,"0, 0 |  1,  1",,,,,,,y,,
mcg_ph_throw,MacArthur Bates CDI Words and Gestures,IB26,dropdown,Throw the ball,"0, 0 |  1,  1",,,,,,,y,,
mcg_ph_piggy,MacArthur Bates CDI Words and Gestures,IB27,dropdown,This is little piggy,"0, 0 |  1,  1",,,,,,,y,,
mcg_ph_ride,MacArthur Bates CDI Words and Gestures,IB28,dropdown,Want to go for a ride?,"0, 0 |  1,  1",,,,,,,y,,
mcg_st_imitate,MacArthur Bates CDI Words and Gestures,IC01,dropdown,"Some children like to parrot"" or imitate things that they've just heard""","0, 0 |  1,  1 |  2,  2",,,,,,,y,,
mcg_st_naming,MacArthur Bates CDI Words and Gestures,IC02,dropdown,"Some children like to go around naming or labeling things, as though proud of knowing the names and wanting to show this. How often does your child do this?","0, 0 |  1,  1 |  2,  2",,,,,,,y,,
mcg_vc1_baa,MacArthur Bates CDI Words and Gestures,ID0101,dropdown,baa baa,"0, 0 |  1,  1 | 2, 2",,,,,,,y,,
mcg_vc1_choo,MacArthur Bates CDI Words and Gestures,ID0102,dropdown,choo choo,"0, 0 |  1,  1 | 2, 2",,,,,,,y,,
mcg_vc1_cck,MacArthur Bates CDI Words and Gestures,ID0103,dropdown,cockadoodledoo,"0, 0 |  1,  1 | 2, 2",,,,,,,y,,
mcg_vc1_grr,MacArthur Bates CDI Words and Gestures,ID0104,dropdown,grrr,"0, 0 |  1,  1 | 2, 2",,,,,,,y,,
mcg_vc1_mw,MacArthur Bates CDI Words and Gestures,ID0105,dropdown,meow,"0, 0 |  1,  1 | 2, 2",,,,,,,y,,
mcg_vc1_moo,MacArthur Bates CDI Words and Gestures,ID0106,dropdown,moo,"0, 0 |  1,  1 | 2, 2",,,,,,,y,,
mcg_vc1_ouch,MacArthur Bates CDI Words and Gestures,ID0107,dropdown,ouch,"0, 0 |  1,  1 | 2, 2",,,,,,,y,,
mcg_vc1_qua,MacArthur Bates CDI Words and Gestures,ID0108,dropdown,quack quack,"0, 0 |  1,  1 | 2, 2",,,,,,,y,,
mcg_vc1_uh,MacArthur Bates CDI Words and Gestures,ID0109,dropdown,uh oh,"0, 0 |  1,  1 | 2, 2",,,,,,,y,,
mcg_vc1_vrm,MacArthur Bates CDI Words and Gestures,ID0110,dropdown,vroom,"0, 0 |  1,  1 | 2, 2",,,,,,,y,,
mcg_vc1_woof,MacArthur Bates CDI Words and Gestures,ID0111,dropdown,woof woof,"0, 0 |  1,  1 | 2, 2",,,,,,,y,,
mcg_vc1_yum,MacArthur Bates CDI Words and Gestures,ID0112,dropdown,yum yum,"0, 0 |  1,  1 | 2, 2",,,,,,,y,,
mcg_vc2_anm,MacArthur Bates CDI Words and Gestures,ID0201,dropdown,animal,"0, 0 |  1,  1 |  2,  2",,,,,,,y,,
mcg_vc2_bear,MacArthur Bates CDI Words and Gestures,ID0202,dropdown,bear,"0, 0 |  1,  1 |  2,  2",,,,,,,y,,
mcg_vc2_bee,MacArthur Bates CDI Words and Gestures,ID0203,dropdown,bee,"0, 0 |  1,  1 |  2,  2",,,,,,,y,,
mcg_vc2_bird,MacArthur Bates CDI Words and Gestures,ID0204,dropdown,bird,"0, 0 |  1,  1 |  2,  2",,,,,,,y,,
mcg_vc2_bug,MacArthur Bates CDI Words and Gestures,ID0205,dropdown,bug,"0, 0 |  1,  1 |  2,  2",,,,,,,y,,
mcg_vc2_bunn,MacArthur Bates CDI Words and Gestures,ID0206,dropdown,bunny,"0, 0 |  1,  1 |  2,  2",,,,,,,y,,
mcg_vc2_bttrf,MacArthur Bates CDI Words and Gestures,ID0207,dropdown,butterfly,"0, 0 |  1,  1 |  2,  2",,,,,,,y,,
mcg_vc2_cat,MacArthur Bates CDI Words and Gestures,ID0208,dropdown,cat,"0, 0 |  1,  1 |  2,  2",,,,,,,y,,
mcg_vc2_chic,MacArthur Bates CDI Words and Gestures,ID0209,dropdown,chicken,"0, 0 |  1,  1 |  2,  2",,,,,,,y,,
mcg_vc2_cow,MacArthur Bates CDI Words and Gestures,ID0210,dropdown,cow,"0, 0 |  1,  1 |  2,  2",,,,,,,y,,
mcg_vc2_deer,MacArthur Bates CDI Words and Gestures,ID0211,dropdown,deer,"0, 0 |  1,  1 |  2,  2",,,,,,,y,,
mcg_v2_dog,MacArthur Bates CDI Words and Gestures,ID0212,dropdown,dog,"0, 0 | 1, 1 | 2, 2",needs to be added,,,,,,y,,
mcg_vc2_donk,MacArthur Bates CDI Words and Gestures,ID0213,dropdown,donkey,"0, 0 |  1,  1 |  2,  2",,,,,,,y,,
mcg_vc2_duck,MacArthur Bates CDI Words and Gestures,ID0214,dropdown,duck,"0, 0 |  1,  1 |  2,  2",,,,,,,y,,
mcg_vc2_elep,MacArthur Bates CDI Words and Gestures,ID0215,dropdown,elephant,"0, 0 |  1,  1 |  2,  2",,,,,,,y,,
mcg_vc2_fish,MacArthur Bates CDI Words and Gestures,ID0216,dropdown,fish,"0, 0 |  1,  1 |  2,  2",,,,,,,y,,
mcg_vc2_frog,MacArthur Bates CDI Words and Gestures,ID0217,dropdown,frog,"0, 0 |  1,  1 |  2,  2",,,,,,,y,,
mcg_vc2_grff,MacArthur Bates CDI Words and Gestures,ID0218,dropdown,giraffe,"0, 0 |  1,  1 |  2,  2",,,,,,,y,,
mcg_vc2_gse,MacArthur Bates CDI Words and Gestures,ID0219,dropdown,goose,"0, 0 |  1,  1 |  2,  2",,,,,,,y,,
mcg_vc2_hrse,MacArthur Bates CDI Words and Gestures,ID0220,dropdown,horse,"0, 0 |  1,  1 |  2,  2",,,,,,,y,,
mcg_vc2_kitt,MacArthur Bates CDI Words and Gestures,ID0221,dropdown,kitty,"0, 0 |  1,  1 |  2,  2",,,,,,,y,,
mcg_vc2_lamb,MacArthur Bates CDI Words and Gestures,ID0222,dropdown,lamb,"0, 0 |  1,  1 |  2,  2",,,,,,,y,,
mcg_vc2_lion,MacArthur Bates CDI Words and Gestures,ID0223,dropdown,lion,"0, 0 |  1,  1 |  2,  2",,,,,,,y,,
mcg_vc2_mky,MacArthur Bates CDI Words and Gestures,ID0224,dropdown,monkey,"0, 0 |  1,  1 |  2,  2",,,,,,,y,,
mcg_vc2_mous,MacArthur Bates CDI Words and Gestures,ID0225,dropdown,mouse,"0, 0 |  1,  1 |  2,  2",,,,,,,y,,
mcg_vc2_owl,MacArthur Bates CDI Words and Gestures,ID0226,dropdown,owl,"0, 0 |  1,  1 |  2,  2",,,,,,,y,,
mcg_vc2_peng,MacArthur Bates CDI Words and Gestures,ID0227,dropdown,penguin,"0, 0 |  1,  1 |  2,  2",,,,,,,y,,
mcg_vc2_pig,MacArthur Bates CDI Words and Gestures,ID0228,dropdown,pig,"0, 0 |  1,  1 |  2,  2",,,,,,,y,,
mcg_vc2_pony,MacArthur Bates CDI Words and Gestures,ID0229,dropdown,pony,"0, 0 |  1,  1 |  2,  2",,,,,,,y,,
mcg_vc2_pupp,MacArthur Bates CDI Words and Gestures,ID0230,dropdown,puppy,"0, 0 |  1,  1 |  2,  2",,,,,,,y,,
mcg_vc2_sheep,MacArthur Bates CDI Words and Gestures,ID0231,dropdown,sheep,"0, 0 |  1,  1 |  2,  2",,,,,,,y,,
mcg_vc2_sqrr,MacArthur Bates CDI Words and Gestures,ID0232,dropdown,squirrel,"0, 0 |  1,  1 |  2,  2",,,,,,,y,,
mcg_vc2_ted,MacArthur Bates CDI Words and Gestures,ID0233,dropdown,teddy bear,"0, 0 |  1,  1 |  2,  2",,,,,,,y,,
mcg_vc2_tigr,MacArthur Bates CDI Words and Gestures,ID0234,dropdown,tiger,"0, 0 |  1,  1 |  2,  2",,,,,,,y,,
mcg_vc2_turk,MacArthur Bates CDI Words and Gestures,ID0235,dropdown,turkey,"0, 0 |  1,  1 |  2,  2",,,,,,,y,,
mcg_vc2_turt,MacArthur Bates CDI Words and Gestures,ID0236,dropdown,turtle,"0, 0 |  1,  1 |  2,  2",,,,,,,y,,
mcg_vc3_air,MacArthur Bates CDI Words and Gestures,ID0301,dropdown,airplane,"0, 0 |  1,  1 |  2,  2",,,,,,,y,,
mcg_vc3_bicy,MacArthur Bates CDI Words and Gestures,ID0302,dropdown,bicycle,"0, 0 |  1,  1 |  2,  2",,,,,,,y,,
mcg_vc3_bus,MacArthur Bates CDI Words and Gestures,ID0303,dropdown,bus,"0, 0 |  1,  1 |  2,  2",,,,,,,y,,
mcg_vc3_car,MacArthur Bates CDI Words and Gestures,ID0304,dropdown,car,"0, 0 |  1,  1 |  2,  2",,,,,,,y,,
mcg_vc3_fire,MacArthur Bates CDI Words and Gestures,ID0305,dropdown,fire truck,"0, 0 |  1,  1 |  2,  2",,,,,,,y,,
mcg_vc3_motor,MacArthur Bates CDI Words and Gestures,ID0306,dropdown,motorcycle,"0, 0 |  1,  1 |  2,  2",,,,,,,y,,
mcg_vc3_strol,MacArthur Bates CDI Words and Gestures,ID0307,dropdown,stroller,"0, 0 |  1,  1 |  2,  2",,,,,,,y,,
mcg_vc3_train,MacArthur Bates CDI Words and Gestures,ID0308,dropdown,train,"0, 0 |  1,  1 |  2,  2",,,,,,,y,,
mcg_vc3_trck,MacArthur Bates CDI Words and Gestures,ID0309,dropdown,truck,"0, 0 |  1,  1 |  2,  2",,,,,,,y,,
mcg_vc4_ball,MacArthur Bates CDI Words and Gestures,ID0401,dropdown,ball,"0, 0 |  1,  1 |  2,  2",,,,,,,y,,
mcg_vc4_blln,MacArthur Bates CDI Words and Gestures,ID0402,dropdown,balloon,"0, 0 |  1,  1 |  2,  2",,,,,,,y,,
mcg_vc4_blck,MacArthur Bates CDI Words and Gestures,ID0403,dropdown,block,"0, 0 |  1,  1 |  2,  2",,,,,,,y,,
mcg_vc4_book,MacArthur Bates CDI Words and Gestures,ID0404,dropdown,book,"0, 0 |  1,  1 |  2,  2",,,,,,,y,,
mcg_vc4_bubb,MacArthur Bates CDI Words and Gestures,ID0405,dropdown,bubbles,"0, 0 |  1,  1 |  2,  2",,,,,,,y,,
mcg_vc4_doll,MacArthur Bates CDI Words and Gestures,ID0406,dropdown,doll,"0, 0 |  1,  1 |  2,  2",,,,,,,y,,
mcg_vc4_pen,MacArthur Bates CDI Words and Gestures,ID0407,dropdown,pen,"0, 0 |  1,  1 |  2,  2",,,,,,,y,,
mcg_vc4_toy,MacArthur Bates CDI Words and Gestures,ID0408,dropdown,toy,"0, 0 |  1,  1 |  2,  2",,,,,,,y,,
mcg_vc5_appl,MacArthur Bates CDI Words and Gestures,ID0501,dropdown,apple,"0, 0 |  1,  1 |  2,  2",,,,,,,y,,
mcg_vc5_bana,MacArthur Bates CDI Words and Gestures,ID0502,dropdown,banana,"0, 0 |  1,  1 |  2,  2",,,,,,,y,,
mcg_vc5_brd,MacArthur Bates CDI Words and Gestures,ID0503,dropdown,bread,"0, 0 |  1,  1 |  2,  2",,,,,,,y,,
mcg_vc5_bttr,MacArthur Bates CDI Words and Gestures,ID0504,dropdown,butter,"0, 0 |  1,  1 |  2,  2",,,,,,,y,,
mcg_vc5_cake,MacArthur Bates CDI Words and Gestures,ID0505,dropdown,cake,"0, 0 |  1,  1 |  2,  2",,,,,,,y,,
mcg_vc5_cndy,MacArthur Bates CDI Words and Gestures,ID0506,dropdown,candy,"0, 0 |  1,  1 |  2,  2",,,,,,,y,,
mcg_vc5_crrt,MacArthur Bates CDI Words and Gestures,ID0507,dropdown,carrots,"0, 0 |  1,  1 |  2,  2",,,,,,,y,,
mcg_vc5_cerl,MacArthur Bates CDI Words and Gestures,ID0508,dropdown,cereal,"0, 0 |  1,  1 |  2,  2",,,,,,,y,,
mcg_vc5_cheer,MacArthur Bates CDI Words and Gestures,ID0509,dropdown,cheerios,"0, 0 |  1,  1 |  2,  2",,,,,,,y,,
mcg_vc5_cheese,MacArthur Bates CDI Words and Gestures,ID0510,dropdown,cheese,"0, 0 |  1,  1 |  2,  2",,,,,,,y,,
mcg_vc5_chick,MacArthur Bates CDI Words and Gestures,ID0511,dropdown,chicken,"0, 0 |  1,  1 |  2,  2",,,,,,,y,,
mcg_vc5_coff,MacArthur Bates CDI Words and Gestures,ID0512,dropdown,coffee,"0, 0 |  1,  1 |  2,  2",,,,,,,y,,
mcg_vc5_ckie,MacArthur Bates CDI Words and Gestures,ID0513,dropdown,cookie,"0, 0 |  1,  1 |  2,  2",,,,,,,y,,
mcg_vc5_crckr,MacArthur Bates CDI Words and Gestures,ID0514,dropdown,cracker,"0, 0 |  1,  1 |  2,  2",,,,,,,y,,
mcg_vc5_drk,MacArthur Bates CDI Words and Gestures,ID0515,dropdown,drink,"0, 0 |  1,  1 |  2,  2",,,,,,,y,,
mcg_vc5_egg,MacArthur Bates CDI Words and Gestures,ID0516,dropdown,egg,"0, 0 |  1,  1 |  2,  2",,,,,,,y,,
mcg_vc5_fish,MacArthur Bates CDI Words and Gestures,ID0517,dropdown,fish,"0, 0 |  1,  1 |  2,  2",,,,,,,y,,
mcg_vc5_food,MacArthur Bates CDI Words and Gestures,ID0518,dropdown,food,"0, 0 |  1,  1 |  2,  2",,,,,,,y,,
mcg_vc5_icec,MacArthur Bates CDI Words and Gestures,ID0519,dropdown,ice cream,"0, 0 |  1,  1 |  2,  2",,,,,,,y,,
mcg_vc5_juice,MacArthur Bates CDI Words and Gestures,ID0520,dropdown,juice,"0, 0 |  1,  1 |  2,  2",,,,,,,y,,
mcg_vc5_meat,MacArthur Bates CDI Words and Gestures,ID0521,dropdown,meat,"0, 0 |  1,  1 |  2,  2",,,,,,,y,,
mcg_vc5_milk,MacArthur Bates CDI Words and Gestures,ID0522,dropdown,milk,"0, 0 |  1,  1 |  2,  2",,,,,,,y,,
mcg_vc5_noodl,MacArthur Bates CDI Words and Gestures,ID0523,dropdown,noodles,"0, 0 |  1,  1 |  2,  2",,,,,,,y,,
mcg_vc5_orng,MacArthur Bates CDI Words and Gestures,ID0524,dropdown,orange,"0, 0 |  1,  1 |  2,  2",,,,,,,y,,
mcg_vc5_peas,MacArthur Bates CDI Words and Gestures,ID0525,dropdown,peas,"0, 0 |  1,  1 |  2,  2",,,,,,,y,,
mcg_vc5_pzza,MacArthur Bates CDI Words and Gestures,ID0526,dropdown,pizza,"0, 0 |  1,  1 |  2,  2",,,,,,,y,,
mcg_vc5_rais,MacArthur Bates CDI Words and Gestures,ID0527,dropdown,raisin,"0, 0 |  1,  1 |  2,  2",,,,,,,y,,
mcg_vc5_spag,MacArthur Bates CDI Words and Gestures,ID0528,dropdown,spaghetti,"0, 0 |  1,  1 |  2,  2",,,,,,,y,,
mcg_vc5_toast,MacArthur Bates CDI Words and Gestures,ID0529,dropdown,toast,"0, 0 |  1,  1 |  2,  2",,,,,,,y,,
mcg_vc5_wtr,MacArthur Bates CDI Words and Gestures,ID0530,dropdown,water,"0, 0 |  1,  1 |  2,  2",,,,,,,y,,
mcg_vc6_bead,MacArthur Bates CDI Words and Gestures,ID0601,dropdown,beads,"0, 0 |  1,  1 |  2,  2",,,,,,,y,,
mcg_vc6_bib,MacArthur Bates CDI Words and Gestures,ID0602,dropdown,bib,"0, 0 |  1,  1 |  2,  2",,,,,,,y,,
mcg_vc6_boot,MacArthur Bates CDI Words and Gestures,ID0603,dropdown,boots,"0, 0 |  1,  1 |  2,  2",,,,,,,y,,
mcg_vc6_bttn,MacArthur Bates CDI Words and Gestures,ID0604,dropdown,button,"0, 0 |  1,  1 |  2,  2",,,,,,,y,,
mcg_vc6_coat,MacArthur Bates CDI Words and Gestures,ID0605,dropdown,coat,"0, 0 |  1,  1 |  2,  2",,,,,,,y,,
mcg_vc6_diap,MacArthur Bates CDI Words and Gestures,ID0606,dropdown,diaper,"0, 0 |  1,  1 |  2,  2",,,,,,,y,,
mcg_vc6_dress,MacArthur Bates CDI Words and Gestures,ID0607,dropdown,dress,"0, 0 |  1,  1 |  2,  2",,,,,,,y,,
mcg_vc6_hat,MacArthur Bates CDI Words and Gestures,ID0608,dropdown,hat,"0, 0 |  1,  1 |  2,  2",,,,,,,y,,
mcg_vc6_jackt,MacArthur Bates CDI Words and Gestures,ID0609,dropdown,jacket,"0, 0 |  1,  1 |  2,  2",,,,,,,y,,
mcg_vc6_jeans,MacArthur Bates CDI Words and Gestures,ID0610,dropdown,jeans,"0, 0 |  1,  1 |  2,  2",,,,,,,y,,
mcg_vc6_neck,MacArthur Bates CDI Words and Gestures,ID0611,dropdown,necklace,"0, 0 |  1,  1 |  2,  2",,,,,,,y,,
mcg_vc6_pjs,MacArthur Bates CDI Words and Gestures,ID0612,dropdown,pajamas,"0, 0 |  1,  1 |  2,  2",,,,,,,y,,
mcg_vc6_pants,MacArthur Bates CDI Words and Gestures,ID0613,dropdown,pants,"0, 0 |  1,  1 |  2,  2",,,,,,,y,,
mcg_vc6_shirt,MacArthur Bates CDI Words and Gestures,ID0614,dropdown,shirt,"0, 0 |  1,  1 |  2,  2",,,,,,,y,,
mcg_vc6_shoe,MacArthur Bates CDI Words and Gestures,ID0615,dropdown,shoe,"0, 0 |  1,  1 |  2,  2",,,,,,,y,,
mcg_vc6_short,MacArthur Bates CDI Words and Gestures,ID0616,dropdown,shorts,"0, 0 |  1,  1 |  2,  2",,,,,,,y,,
mcg_vc6_sock,MacArthur Bates CDI Words and Gestures,ID0617,dropdown,sock,"0, 0 |  1,  1 |  2,  2",,,,,,,y,,
mcg_vc6_swtr,MacArthur Bates CDI Words and Gestures,ID0618,dropdown,sweater,"0, 0 |  1,  1 |  2,  2",,,,,,,y,,
mcg_vc6_zippr,MacArthur Bates CDI Words and Gestures,ID0619,dropdown,zipper,"0, 0 |  1,  1 |  2,  2",,,,,,,y,,
mcg_vc7_arm,MacArthur Bates CDI Words and Gestures,ID0701,dropdown,arm,"0, 0 |  1,  1 |  2,  2",,,,,,,y,,
mcg_vc7_blybt,MacArthur Bates CDI Words and Gestures,ID0702,dropdown,belly button,"0, 0 |  1,  1 |  2,  2",,,,,,,y,,
mcg_vc7_cheek,MacArthur Bates CDI Words and Gestures,ID0703,dropdown,cheek,"0, 0 |  1,  1 |  2,  2",,,,,,,y,,
mcg_vc7_ear,MacArthur Bates CDI Words and Gestures,ID0704,dropdown,ear,"0, 0 |  1,  1 |  2,  2",,,,,,,y,,
mcg_vc7_eye,MacArthur Bates CDI Words and Gestures,ID0705,dropdown,eye,"0, 0 |  1,  1 |  2,  2",,,,,,,y,,
mcg_vc7_face,MacArthur Bates CDI Words and Gestures,ID0706,dropdown,face,"0, 0 |  1,  1 |  2,  2",,,,,,,y,,
mcg_vc7_foot,MacArthur Bates CDI Words and Gestures,ID0707,dropdown,foot,"0, 0 |  1,  1 |  2,  2",,,,,,,y,,
mcg_vc7_fing,MacArthur Bates CDI Words and Gestures,ID0708,dropdown,finger,"0, 0 |  1,  1 |  2,  2",,,,,,,y,,
mcg_vc7_hair,MacArthur Bates CDI Words and Gestures,ID0709,dropdown,hair,"0, 0 |  1,  1 |  2,  2",,,,,,,y,,
mcg_vc7_hand,MacArthur Bates CDI Words and Gestures,ID0710,dropdown,hand,"0, 0 |  1,  1 |  2,  2",,,,,,,y,,
mcg_vc7_head,MacArthur Bates CDI Words and Gestures,ID0711,dropdown,head,"0, 0 |  1,  1 |  2,  2",,,,,,,y,,
mcg_vc7_knee,MacArthur Bates CDI Words and Gestures,ID0712,dropdown,knee,"0, 0 |  1,  1 |  2,  2",,,,,,,y,,
mcg_vc7_leg,MacArthur Bates CDI Words and Gestures,ID0713,dropdown,leg,"0, 0 |  1,  1 |  2,  2",,,,,,,y,,
mcg_vc7_mouth,MacArthur Bates CDI Words and Gestures,ID0714,dropdown,mouth,"0, 0 |  1,  1 |  2,  2",,,,,,,y,,
mcg_vc7_nose,MacArthur Bates CDI Words and Gestures,ID0715,dropdown,nose,"0, 0 |  1,  1 |  2,  2",,,,,,,y,,
mcg_vc7_owie,MacArthur Bates CDI Words and Gestures,ID0716,dropdown,owie/ boo boo,"0, 0 |  1,  1 |  2,  2",,,,,,,y,,
mcg_vc7_tth,MacArthur Bates CDI Words and Gestures,ID0717,dropdown,tooth,"0, 0 |  1,  1 |  2,  2",,,,,,,y,,
mcg_vc7_toe,MacArthur Bates CDI Words and Gestures,ID0718,dropdown,toe,"0, 0 |  1,  1 |  2,  2",,,,,,,y,,
mcg_vc7_tong,MacArthur Bates CDI Words and Gestures,ID0719,dropdown,tongue,"0, 0 |  1,  1 |  2,  2",,,,,,,y,,
mcg_vc7_tum,MacArthur Bates CDI Words and Gestures,ID0720,dropdown,tummy,"0, 0 |  1,  1 |  2,  2",,,,,,,y,,
mcg_vc8_btrm,MacArthur Bates CDI Words and Gestures,ID0801,dropdown,bathroom,"0, 0 |  1,  1 |  2,  2",,,,,,,y,,
mcg_vc8_bttb,MacArthur Bates CDI Words and Gestures,ID0802,dropdown,bathtub,"0, 0 |  1,  1 |  2,  2",,,,,,,y,,
mcg_vc8_bed,MacArthur Bates CDI Words and Gestures,ID0803,dropdown,bed,"0, 0 |  1,  1 |  2,  2",,,,,,,y,,
mcg_vc8_bdrm,MacArthur Bates CDI Words and Gestures,ID0804,dropdown,bedroom,"0, 0 |  1,  1 |  2,  2",,,,,,,y,,
mcg_vc8_chr,MacArthur Bates CDI Words and Gestures,ID0805,dropdown,chair,"0, 0 |  1,  1 |  2,  2",,,,,,,y,,
mcg_vc8_couch,MacArthur Bates CDI Words and Gestures,ID0806,dropdown,couch,"0, 0 |  1,  1 |  2,  2",,,,,,,y,,
mcg_vc8_crib,MacArthur Bates CDI Words and Gestures,ID0807,dropdown,crib,"0, 0 |  1,  1 |  2,  2",,,,,,,y,,
mcg_vc8_door,MacArthur Bates CDI Words and Gestures,ID0808,dropdown,door,"0, 0 |  1,  1 |  2,  2",,,,,,,y,,
mcg_vc8_drwr,MacArthur Bates CDI Words and Gestures,ID0809,dropdown,drawer,"0, 0 |  1,  1 |  2,  2",,,,,,,y,,
mcg_vc8_grg,MacArthur Bates CDI Words and Gestures,ID0810,dropdown,garage,"0, 0 |  1,  1 |  2,  2",,,,,,,y,,
