Variable / Field Name,Form Name,Section Header,Field Type,Field Label,"Choices, Calculations, OR Slider Labels",Field Note,Text Validation Type OR Show Slider Number,Text Validation Min,Text Validation Max,Identifier?,Branching Logic (Show field only if...),Required Field?,Custom Alignment,Question Number (surveys only)
subjectkey,Autism Diagnostic Observation Schedule - Module 3,Header,text,The NDAR Global Unique Identifier (GUID) for subjects which identifies a subject in NDAR,,,,,,,,y,,
src_subject_id,Autism Diagnostic Observation Schedule - Module 3,,text,The site's subject identification,,,,,,,,y,,
interview_date,Autism Diagnostic Observation Schedule - Module 3,,text,Date on which the interview/genetic test/sampling/imaging was completed,"MM/yyyy, MM/yyyy | MM/dd/yyyy, MM/dd/yyyy",* '01/01/1900' indicates that a date associated with retrospective data is not known.,date_ymd,,,,,y,,
interview_age,Autism Diagnostic Observation Schedule - Module 3,,text,Age in months at the time of the interview/test/sampling/imaging.,,Age is rounded to chronological month If the research participant is 13 days old at time of interview  the appropriate value would be 0 months if the participant is 19 days old the value would be 1 month,number,0,1200,,,y,,
comments_misc,Autism Diagnostic Observation Schedule - Module 3,,text,"Miscellaneous comments on study, interview, methodology relevant to this form data",,,,,,,,,,
gender,Autism Diagnostic Observation Schedule - Module 3,,dropdown,Gender,"M, M | F, F",,,,,,,y,,
observation_c_1,Autism Diagnostic Observation Schedule - Module 3,Observation,text,Construction Task,,,,,,,,y,,
observation_c_1_1,Autism Diagnostic Observation Schedule - Module 3,,text,Construction Task Communication Sample,,,,,,,,y,,
observation_c_2,Autism Diagnostic Observation Schedule - Module 3,,text,Make-Believe Play,,,,,,,,y,,
observation_c_3,Autism Diagnostic Observation Schedule - Module 3,,text,Joint Interactive Play,,,,,,,,y,,
observation_c_4,Autism Diagnostic Observation Schedule - Module 3,,text,Demonstration Task,,,,,,,,y,,
observation_c_5,Autism Diagnostic Observation Schedule - Module 3,,text,Description of a Picture,,,,,,,,y,,
observation_c_6,Autism Diagnostic Observation Schedule - Module 3,,text,Telling a Story From a Book,,,,,,,,y,,
observation_c_7,Autism Diagnostic Observation Schedule - Module 3,,text,Cartoons,,,,,,,,y,,
observation_c_8,Autism Diagnostic Observation Schedule - Module 3,,text,Conversation and Reporting,,,,,,,,y,,
observation_c_9,Autism Diagnostic Observation Schedule - Module 3,,text,Emotions,,,,,,,,y,,
observation_c_10,Autism Diagnostic Observation Schedule - Module 3,,text,Social Difficulties and Annoyance,,,,,,,,y,,
observation_c_11,Autism Diagnostic Observation Schedule - Module 3,,text,Break,,,,,,,,y,,
observation_c_12,Autism Diagnostic Observation Schedule - Module 3,,text,Friends and Marriage,,,,,,,,y,,
observation_c_13,Autism Diagnostic Observation Schedule - Module 3,,text,Loneliness,,,,,,,,y,,
observation_c_14,Autism Diagnostic Observation Schedule - Module 3,,text,Creating a Story,,,,,,,,y,,
codinga_olang_c,Autism Diagnostic Observation Schedule - Module 3,Coding Group A,dropdown,Overall Level of Non-echoed Language,"0, 0 | 1, 1 | 2, 2 | 3, 3",,,,,,,y,,
codinga_spabn_c,Autism Diagnostic Observation Schedule - Module 3,,dropdown,Speech Abnormalities Associated with Autism (Intonation/Volume/Rhythm/Rate),"0, 0 | 1, 1 | 2, 2 | 7, 7 | 8, 8",,,,,,,y,,
codinga_iecho_c,Autism Diagnostic Observation Schedule - Module 3,,dropdown,Immediate Echolalia,"0, 0 | 1, 1 | 2, 2 | 3, 3",,,,,,,y,,
codinga_stereo_c,Autism Diagnostic Observation Schedule - Module 3,,dropdown,Stereotyped/Idiosyncratic Use of Words or Phrases,"0, 0 | 1, 1 | 2, 2 | 3, 3",,,,,,,y,,
codinga_oinfo_c,Autism Diagnostic Observation Schedule - Module 3,,dropdown,Offers Information,"0, 0 | 1, 1 | 2, 2",,,,,,,y,,
codinga_ainfo_c,Autism Diagnostic Observation Schedule - Module 3,,dropdown,Asks for Information,"0, 0 | 1, 1 | 2, 2 | 3, 3",,,,,,,y,,
codinga_reprt_c,Autism Diagnostic Observation Schedule - Module 3,,dropdown,Reporting of Events,"0, 0 | 1, 1 | 2, 2 | 3, 3",,,,,,,y,,
codinga_convs_c,Autism Diagnostic Observation Schedule - Module 3,,dropdown,Conversation,"0, 0 | 1, 1 | 2, 2 | 3, 3",,,,,,,y,,
codinga_gest_c,Autism Diagnostic Observation Schedule - Module 3,,dropdown,"Descriptive, Conventional, Instrumental or Informational Gestures","0, 0 | 1, 1 | 2, 2 | 3, 3 | 8, 8",,,,,,,y,,
codingb_ueye_c,Autism Diagnostic Observation Schedule - Module 3,Coding Group B,dropdown,Unusual Eye Contact,"0, 0 | 2, 2",,,,,,,y,,
codingb_faceo_c,Autism Diagnostic Observation Schedule - Module 3,,dropdown,Facial Expressions Directed to Others,"0, 0 | 1, 1 | 2, 2",,,,,,,y,,
codingb_llnvc_c,Autism Diagnostic Observation Schedule - Module 3,,dropdown,Language Production and Linked Nonverbal Communication,"0, 0 | 1, 1 | 2, 2 | 7, 7 | 8, 8",,,,,,,y,,
codingb_shrnj_c,Autism Diagnostic Observation Schedule - Module 3,,dropdown,Shared Enjoyment in Interaction,"0, 0 | 1, 1 | 2, 2 | 8, 8",,,,,,,y,,
codingb_empth_c,Autism Diagnostic Observation Schedule - Module 3,,dropdown,Empathy/Comments on Others' Emotions,"0, 0 | 1, 1 | 2, 2 | 3, 3",,,,,,,y,,
codingb_insig_c,Autism Diagnostic Observation Schedule - Module 3,,dropdown,Insight,"0, 0 | 1, 1 | 2, 2 | 3, 3",,,,,,,y,,
codingb_qsov_c,Autism Diagnostic Observation Schedule - Module 3,,dropdown,Quality of Social Overtures,"0, 0 | 1, 1 | 2, 2 | 3, 3",,,,,,,y,,
codingb_qsres_c,Autism Diagnostic Observation Schedule - Module 3,,dropdown,Quality of Social Response,"0, 0 | 1, 1 | 2, 2 | 3, 3",,,,,,,y,,
codingb_arsoc_c,Autism Diagnostic Observation Schedule - Module 3,,dropdown,Amount of Reciprocal Social Communication,"0, 0 | 1, 1 | 2, 2 | 3, 3",,,,,,,y,,
codingb_oqrap_c,Autism Diagnostic Observation Schedule - Module 3,,dropdown,Overall Quality of Rapport,"0, 0 | 1, 1 | 2, 2 | 3, 3",,,,,,,y,,
codingc_imgcr_c,Autism Diagnostic Observation Schedule - Module 3,Coding Group C,dropdown,Imagination/Creativity,"0, 0 | 1, 1 | 2, 2 | 3, 3",,,,,,,y,,
codingd_usens_c,Autism Diagnostic Observation Schedule - Module 3,Coding Group D,dropdown,Unusual Sensory Interest In Play Material/Person,"0, 0 | 1, 1 | 2, 2",,,,,,,y,,
codingd_usens_c_cmt,Autism Diagnostic Observation Schedule - Module 3,,text,Specify:,,,,,,,,y,,
codingd_oman_c,Autism Diagnostic Observation Schedule - Module 3,,dropdown,Hand and Finger and Other Complex Mannerisms,"0, 0 | 1, 1 | 2, 2",,,,,,,y,,
codingd_oman_c_cmt,Autism Diagnostic Observation Schedule - Module 3,,text,Specify:,,,,,,,,y,,
codingd_selfinj_c,Autism Diagnostic Observation Schedule - Module 3,,dropdown,Self-Injurious Behavior,"0, 0 | 1, 1 | 2, 2",,,,,,,y,,
codingd_topic_c,Autism Diagnostic Observation Schedule - Module 3,,dropdown,Excessive Interest or References to Unusual or Highly Specific Topics or Objects or Repetitive Behaviors,"0, 0 | 1, 1 | 2, 2 | 3, 3",,,,,,,y,,
codingd_ritl_c,Autism Diagnostic Observation Schedule - Module 3,,dropdown,Compulsions or Rituals,"0, 0 | 1, 1 | 2, 2",,,,,,,y,,
codingd_ritl_c_cmt,Autism Diagnostic Observation Schedule - Module 3,,text,Specify:,,,,,,,,y,,
codinge_actve_c,Autism Diagnostic Observation Schedule - Module 3,Coding Group E,dropdown,Over activity/Agitation,"0, 0 | 1, 1 | 2, 2 | 7, 7",,,,,,,y,,
codinge_agg_c,Autism Diagnostic Observation Schedule - Module 3,,dropdown,"Tantrums, Aggression, Negative or Disruptive Behavior","0, 0 | 1, 1 | 2, 2",,,,,,,y,,
codinge_anxty_c,Autism Diagnostic Observation Schedule - Module 3,,dropdown,Anxiety,"0, 0 | 1, 1 | 2, 2",,,,,,,y,,
scoresumm_c_a4,Autism Diagnostic Observation Schedule - Module 3,Score Summary,text,Stereotyped/Idiosyncratic Use of Words or Phrases,,,,,,,,y,,
scoresumm_c_a7,Autism Diagnostic Observation Schedule - Module 3,,text,Reporting of Events,,,,,,,,y,,
scoresumm_c_a8,Autism Diagnostic Observation Schedule - Module 3,,text,Conversation,,,,,,,,y,,
scoresumm_c_a9,Autism Diagnostic Observation Schedule - Module 3,,text,"Descriptive, Conventional, Instrumental Gestures",,,,,,,,y,,
scoresumm_atotal,Autism Diagnostic Observation Schedule - Module 3,,text,Communication Total,,,,,,,,y,,
scoresumm_c_b1,Autism Diagnostic Observation Schedule - Module 3,,text,Unusual Eye Contact,,,,,,,,y,,
scoresumm_c_b2,Autism Diagnostic Observation Schedule - Module 3,,text,Facial Expressions Directed to Others,,,,,,,,y,,
scoresumm_c_b6,Autism Diagnostic Observation Schedule - Module 3,,text,Insight,,,,,,,,y,,
scoresumm_c_b7,Autism Diagnostic Observation Schedule - Module 3,,text,Quality of Social Overtures,,,,,,,,y,,
scoresumm_c_b8,Autism Diagnostic Observation Schedule - Module 3,,text,Quality of Social Response,,,,,,,,y,,
scoresumm_c_b9,Autism Diagnostic Observation Schedule - Module 3,,text,Amount of Reciprocal Social Communication,,,,,,,,y,,
scoresumm_c_b10,Autism Diagnostic Observation Schedule - Module 3,,text,Overall Quality of Rapport,,,,,,,,y,,
scoresumm_btotal,Autism Diagnostic Observation Schedule - Module 3,,text,Social Interaction Total,,,,,,,,y,,
scoresumm_abtotal,Autism Diagnostic Observation Schedule - Module 3,,text,Communication + Social Total,,,,,,,,y,,
scoresumm_c_c1,Autism Diagnostic Observation Schedule - Module 3,,text,Imagination/Creativity,,,,,,,,y,,
scoresumm_c_d1,Autism Diagnostic Observation Schedule - Module 3,,text,Unusual Sensory Interest in Play Material/Person,,,,,,,,y,,
scoresumm_c_d2,Autism Diagnostic Observation Schedule - Module 3,,text,Hand and Finger and Other Complex Mannerisms,,,,,,,,y,,
scoresumm_c_d4,Autism Diagnostic Observation Schedule - Module 3,,text,Excessive Interest in Highly Specific Topics or Objects,,,,,,,,y,,
scoresumm_c_d5,Autism Diagnostic Observation Schedule - Module 3,,text,Compulsions or Rituals,,,,,,,,y,,
scoresumm_dtotal,Autism Diagnostic Observation Schedule - Module 3,,text,Stereotyped Behaviors and Restricted Interests Total,,,,,,,,y,,
scoresumm_adosdiag,Autism Diagnostic Observation Schedule - Module 3,,text,ADOS Diagnosis Classification,,,,,,,,y,,
scoresumm_overalldiag,Autism Diagnostic Observation Schedule - Module 3,,text,Overall ADOS Diagnosis,,,,,,,,y,,
