Variable / Field Name,Form Name,Section Header,Field Type,Field Label,"Choices, Calculations, OR Slider Labels",Field Note,Text Validation Type OR Show Slider Number,Text Validation Min,Text Validation Max,Identifier?,Branching Logic (Show field only if...),Required Field?,Custom Alignment,Question Number (surveys only)
sens_responsenegativetonoise,Sensory Profile (1994),,dropdown,Auditory / Sounds: Responds negatively to unexpected or loud noises,"1, Never | 2, Rarely | 3, Sometimes | 4, Often | 5, Always",,,,,,,y,,
sens_makerepetitivenoise,Sensory Profile (1994),,dropdown,Makes repetitive noises (ex. Humming),"1, Never | 2, Rarely | 3, Sometimes | 4, Often | 5, Always",,,,,,,y,,
sens_nottohearyou,Sensory Profile (1994),,dropdown,Appears not to hear what other people say,"1, Never | 2, Rarely | 3, Sometimes | 4, Often | 5, Always",,,,,,,y,,
sens_holdhandsoverears,Sensory Profile (1994),,dropdown,Holds hands over ears,"1, Never | 2, Rarely | 3, Sometimes | 4, Often | 5, Always",,,,,,,y,,
sens_cantworkwithnoise,Sensory Profile (1994),,dropdown,"Can't work with background noise (fan, refrigerator)","1, Never | 2, Rarely | 3, Sometimes | 4, Often | 5, Always",,,,,,,y,,
sens_avoidbrightlight,Sensory Profile (1994),,dropdown,Visual: Discomfort or avoids bright lights,"1, Never | 2, Rarely | 3, Sometimes | 4, Often | 5, Always",,,,,,,y,,
sens_lookintenselyatthings,Sensory Profile (1994),,dropdown,Looks carefully or intensely at objects/people,"1, Never | 2, Rarely | 3, Sometimes | 4, Often | 5, Always",,,,,,,y,,
sens_hesitatewalkonsteps,Sensory Profile (1994),,dropdown,Hesitates going up or down curbs or steps,"1, Never | 2, Rarely | 3, Sometimes | 4, Often | 5, Always",,,,,,,y,,
sens_avoideyecontacts,Sensory Profile (1994),,dropdown,Avoids eye contact,"1, Never | 2, Rarely | 3, Sometimes | 4, Often | 5, Always",,,,,,,y,,
sens_deliberatesmellobjects,Sensory Profile (1994),,dropdown,Taste: Deliberately smells objects,"1, Never | 2, Rarely | 3, Sometimes | 4, Often | 5, Always",,,,,,,y,,
sens_chewnonfood,Sensory Profile (1994),,dropdown,Chews/licks nonfood items,"1, Never | 2, Rarely | 3, Sometimes | 4, Often | 5, Always",,,,,,,y,,
sens_anxiousfeetoffground,Sensory Profile (1994),,dropdown,Movement: Becomes anxious or distressed when feet leave ground,"1, Never | 2, Rarely | 3, Sometimes | 4, Often | 5, Always",,,,,,,y,,
sens_fearheight,Sensory Profile (1994),,dropdown,Fears falling or heights,"1, Never | 2, Rarely | 3, Sometimes | 4, Often | 5, Always",,,,,,,y,,
sens_avoidclimbjump,Sensory Profile (1994),,dropdown,"Avoids climbing, jumping, bumpy or uneven ground","1, Never | 2, Rarely | 3, Sometimes | 4, Often | 5, Always",,,,,,,y,,
sens_avoidmovingtoys,Sensory Profile (1994),,dropdown,Avoids playground equipment or moving toys,"1, Never | 2, Rarely | 3, Sometimes | 4, Often | 5, Always",,,,,,,y,,
sens_rockunconsciously,Sensory Profile (1994),,dropdown,"Rocks unconsciously during other activities (i.e., watching TV)","1, Never | 2, Rarely | 3, Sometimes | 4, Often | 5, Always",,,,,,,y,,
sens_seekmovementactivity,Sensory Profile (1994),,dropdown,"Seeks out movement activities (whirled by adults, merry-go-round)","1, Never | 2, Rarely | 3, Sometimes | 4, Often | 5, Always",,,,,,,y,,
sens_avoidgetmessy,Sensory Profile (1994),,dropdown,"Touch: Avoids getting ""messy"" (paste, sand, finger paint, glue, tape)","1, Never | 2, Rarely | 3, Sometimes | 4, Often | 5, Always",,,,,,,y,,
sens_discomfortingrooming,Sensory Profile (1994),,dropdown,"Discomfort during grooming (hair cutting, face washing, fingernail cutting, tooth brushing)","1, Never | 2, Rarely | 3, Sometimes | 4, Often | 5, Always",,,,,,,y,,
sens_sensitivetofabrics,Sensory Profile (1994),,dropdown,Sensitive to certain fabrics (centain clothes or bed sheets),"1, Never | 2, Rarely | 3, Sometimes | 4, Often | 5, Always",,,,,,,y,,
sens_avoidbarefoot,Sensory Profile (1994),,dropdown,"Avoids going barefoot, especially in sand or grass","1, Never | 2, Rarely | 3, Sometimes | 4, Often | 5, Always",,,,,,,y,,
sens_pickyeater,Sensory Profile (1994),,dropdown,"Picky eater, especially regarding textures","1, Never | 2, Rarely | 3, Sometimes | 4, Often | 5, Always",,,,,,,y,,
sens_mouthobjects,Sensory Profile (1994),,dropdown,Mouths objects,"1, Never | 2, Rarely | 3, Sometimes | 4, Often | 5, Always",,,,,,,y,,
sens_alwaysonthego,Sensory Profile (1994),,dropdown,"Activity Level: Always ""on the go""","1, Never | 2, Rarely | 3, Sometimes | 4, Often | 5, Always",,,,,,,y,,
sens_preferquietplay,Sensory Profile (1994),,dropdown,"Prefers quiet, sedentary play (TV, books, computers)","1, Never | 2, Rarely | 3, Sometimes | 4, Often | 5, Always",,,,,,,y,,
sens_difficultpayingattention,Sensory Profile (1994),,dropdown,Difficulty paying attention,"1, Never | 2, Rarely | 3, Sometimes | 4, Often | 5, Always",,,,,,,y,,
sens_hangsonthings,Sensory Profile (1994),,dropdown,"Body Position: Hangs on people, furniture, objects even in familiar situations","1, Never | 2, Rarely | 3, Sometimes | 4, Often | 5, Always",,,,,,,y,,
sens_walkontoes,Sensory Profile (1994),,dropdown,Walks on toes,"1, Never | 2, Rarely | 3, Sometimes | 4, Often | 5, Always",,,,,,,y,,
sens_enjoyfalling,Sensory Profile (1994),,dropdown,Appears to enjoy falling,"1, Never | 2, Rarely | 3, Sometimes | 4, Often | 5, Always",,,,,,,y,,
subjectkey,Sensory Profile (1994),NDAR Required,text,The NDAR Global Unique Identifier (GUID) for subjects which identifies a subject in NDAR,,,,,,,,y,,
src_subject_id,Sensory Profile (1994),,text,The site's subject identification,,,,,,,,y,,
interview_date,Sensory Profile (1994),,text,Date on which the interview/genetic test/sampling/imaging was completed,"MM/yyyy, MM/yyyy | MM/dd/yyyy, MM/dd/yyyy",* '01/01/1900' indicates that a date associated with retrospective data is not known.,date_ymd,,,,,y,,
interview_age,Sensory Profile (1994),,text,Age in months at the time of the interview/test/sampling/imaging.,,Age is rounded to chronological month If the research participant is 13 days old at time of interview  the appropriate value would be 0 months if the participant is 19 days old the value would be 1 month,number,0,1200,,,y,,
