Variable / Field Name,Form Name,Section Header,Field Type,Field Label,"Choices, Calculations, OR Slider Labels",Field Note,Text Validation Type OR Show Slider Number,Text Validation Min,Text Validation Max,Identifier?,Branching Logic (Show field only if...),Required Field?,Custom Alignment,Question Number (surveys only)
subjectkey,CHARGE Physical Exam (rev July 2007),Header,text,The NDAR Global Unique Identifier (GUID) for subjects which identifies a subject in NDAR,,,,,,,,y,,
src_subject_id,CHARGE Physical Exam (rev July 2007),,text,The site's subject identification,,,,,,,,y,,
interview_date,CHARGE Physical Exam (rev July 2007),,text,Date on which the interview/genetic test/sampling/imaging was completed,"MM/yyyy, MM/yyyy | MM/dd/yyyy, MM/dd/yyyy",* '01/01/1900' indicates that a date associated with retrospective data is not known.,date_ymd,,,,,y,,
comments_misc,CHARGE Physical Exam (rev July 2007),,text,"Miscellaneous comments on study, interview, methodology relevant to this form data",,,,,,,,,,
head_occiput,CHARGE Physical Exam (rev July 2007),Head,dropdown,Occiput,"Flat, Flat | Normal, Normal | Prominent, Prominent | NE, NE",,,,,,,y,,
head_frontalboss,CHARGE Physical Exam (rev July 2007),,dropdown,Frontal Bossing,"Yes, Yes | No, No | NE, NE | _BLANK_, _BLANK_",,,,,,,y,,
head_shape,CHARGE Physical Exam (rev July 2007),,dropdown,Abnormal head shape,"Yes, Yes | No, No | NE, NE | _BLANK_, _BLANK_",,,,,,,y,,
head_desc,CHARGE Physical Exam (rev July 2007),,text,Abnormal Head Shape - Describe,,,,,,,,y,,
head_hypoplasia,CHARGE Physical Exam (rev July 2007),,dropdown,Midface Hypoplasia,"Yes, Yes | No, No | NE, NE | _BLANK_, _BLANK_",,,,,,,y,,
head_faciala,CHARGE Physical Exam (rev July 2007),,dropdown,Facial Asymmetry,"Yes, Yes | No, No | NE, NE | _BLANK_, _BLANK_",,,,,,,y,,
head_circum,CHARGE Physical Exam (rev July 2007),,text,Head Circumference(in cm),,,,,,,,y,,
head_circumna,CHARGE Physical Exam (rev July 2007),,text,Head Circumference(in cm) - Not Applicable,,,,,,,,y,,
head_other,CHARGE Physical Exam (rev July 2007),,text,Other/Comments,,,,,,,,,,
height_met,CHARGE Physical Exam (rev July 2007),,text,Height - Metric Unit,,,,,,,,y,,
height_std,CHARGE Physical Exam (rev July 2007),,text,Height - Standard Unit,,,,,,,,y,,
weight_met,CHARGE Physical Exam (rev July 2007),,text,Weight - Metric Unit,,,,,,,,y,,
weight_std,CHARGE Physical Exam (rev July 2007),,text,Weight - Standard Unit,,,,,,,,y,,
eyes_incanthalcm,CHARGE Physical Exam (rev July 2007),Eyes,text,Inner Canthal Distance - in cm,,,,,,,,,,
eyes_incanthalpercen,CHARGE Physical Exam (rev July 2007),,text,Inner Canthal Distance - in percentage,,,,,,,,,,
eyes_outcanthalcm,CHARGE Physical Exam (rev July 2007),,text,Outer Canthal Distance - in cm,,,,,,,,,,
eyes_outcanthalpercen,CHARGE Physical Exam (rev July 2007),,text,Outer Canthal Distance - in percentage,,,,,,,,,,
eyes_interpupillarycm,CHARGE Physical Exam (rev July 2007),,text,Interpupillary Distance - in cm,,,,,,,,,,
eyes_interpupillarypercen,CHARGE Physical Exam (rev July 2007),,text,Interpupillary Distance - in percentage,,,,,,,,,,
eyes_fisslenright,CHARGE Physical Exam (rev July 2007),,text,Palpebral Fissure Length (Right) - in cm,,,,,,,,,,
eyes_fisslenleft,CHARGE Physical Exam (rev July 2007),,text,Palpebral Fissure Length (Left) - in cm,,,,,,,,,,
eyes_fisslenpercen,CHARGE Physical Exam (rev July 2007),,text,Palpebral Fissure Length - in percentage,,,,,,,,,,
eyes_fissslant,CHARGE Physical Exam (rev July 2007),,dropdown,Palpebral Fissure Slant,"Up, Up | Down, Down | Normal, Normal",,,,,,,,,
eyes_fissslantdegree,CHARGE Physical Exam (rev July 2007),,text,Palpebral Fissure Slant - Approximant Degrees,,,,,,,,,,
eyes_strabismus,CHARGE Physical Exam (rev July 2007),,dropdown,Strabismus,"Yes, Yes | No, No | NE, NE",,,,,,,,,
eyes_nystagmus,CHARGE Physical Exam (rev July 2007),,dropdown,Nystagmus,"Yes, Yes | No, No | NE, NE",,,,,,,,,
eyes_nystagmustype,CHARGE Physical Exam (rev July 2007),,dropdown,Nystagmus - Type,"Vertical, Vertical | Horizontal, Horizontal",,,,,,,,,
eyes_pupredreflex,CHARGE Physical Exam (rev July 2007),,dropdown,Pupillary Red Reflex,"Yes, Yes | No, No | NE, NE",,,,,,,,,
eyes_epifold,CHARGE Physical Exam (rev July 2007),,dropdown,Epicanthal Folds,"Yes, Yes | No, No | NE, NE",,,,,,,,,
eyes_prominenteye,CHARGE Physical Exam (rev July 2007),,dropdown,Prominent Eyes,"Yes, Yes | No, No | NE, NE",,,,,,,,,
eyes_periorfull,CHARGE Physical Exam (rev July 2007),,dropdown,Periorbital Fullness,"Yes, Yes | No, No | NE, NE",,,,,,,,,
eyes_synophrys,CHARGE Physical Exam (rev July 2007),,dropdown,Synophrys,"Yes, Yes | No, No | NE, NE",,,,,,,,,
eyes_eyebrowflair,CHARGE Physical Exam (rev July 2007),,dropdown,Medial Eyebrow Flair,"Yes, Yes | No, No | NE, NE",,,,,,,,,
eyes_ptosis,CHARGE Physical Exam (rev July 2007),,dropdown,Ptosis,"Yes, Yes | No, No | NE, NE",,,,,,,,,
eyes_colobomata,CHARGE Physical Exam (rev July 2007),,dropdown,Colobomata,"Yes, Yes | No, No | NE, NE",,,,,,,,,
eyes_cornealopacity,CHARGE Physical Exam (rev July 2007),,dropdown,Corneal Opacity,"Yes, Yes | No, No | NE, NE",,,,,,,,,
eyes_irispattern,CHARGE Physical Exam (rev July 2007),,dropdown,Iris Patterning,"Brushfield Spots, Brushfield Spots | Lisch Nodules, Lisch Nodules | Fine/Porous, Fine/Porous | Heterochromasia, Heterochromasia | Stellate, Stellate | Pale Blue, Pale Blue | None, None | NE, NE",,,,,,,,,
eyes_comments,CHARGE Physical Exam (rev July 2007),,text,Other/Comments,,,,,,,,,,
ear_lenright,CHARGE Physical Exam (rev July 2007),Ears,text,Ear Length(Right) - in cm,,,,,,,,,,
ear_lenleft,CHARGE Physical Exam (rev July 2007),,text,Ear Length(Left) - in cm,,,,,,,,,,
ear_lenpercen,CHARGE Physical Exam (rev July 2007),,text,Ear Length - percentage,,,,,,,,,,
ear_widthright,CHARGE Physical Exam (rev July 2007),,text,Ear Width(Right) - in cm,,,,,,,,,,
ear_widthleft,CHARGE Physical Exam (rev July 2007),,text,Ear Width(Left) - in cm,,,,,,,,,,
ear_widthpercen,CHARGE Physical Exam (rev July 2007),,text,Ear Width - percentage,,,,,,,,,,
ear_rotatedegrees,CHARGE Physical Exam (rev July 2007),,text,Ear rotation (degrees),,,,,,,,,,
ear_rotatedegreesna,CHARGE Physical Exam (rev July 2007),,text,Ear rotation (degrees) - Not applicable,,,,,,,,,,
ear_placement,CHARGE Physical Exam (rev July 2007),,dropdown,Ear Placement,"High, High | Low, Low | Normal, Normal | NE, NE",,,,,,,,,
ear_preaurpits,CHARGE Physical Exam (rev July 2007),,dropdown,Preauricular Pits,"Yes, Yes | No, No | NE, NE",,,,,,,,,
ear_preaurpitstype,CHARGE Physical Exam (rev July 2007),,dropdown,Preauricular Pits,"Left, Left | Right, Right | Bilateral, Bilateral",,,,,,,,,
ear_preaurtags,CHARGE Physical Exam (rev July 2007),,dropdown,Preauricular Tags,"Yes, Yes | No, No | NE, NE",,,,,,,,,
ear_preaurtagstype,CHARGE Physical Exam (rev July 2007),,dropdown,Preauricular Tags,"Left, Left | Right, Right | Bilateral, Bilateral",,,,,,,,,
ear_abstragus,CHARGE Physical Exam (rev July 2007),,dropdown,Absent Tragus,"Yes, Yes | No, No | NE, NE",,,,,,,,,
ear_abstragustype,CHARGE Physical Exam (rev July 2007),,dropdown,Absent Tragus,"Left, Left | Right, Right | Bilateral, Bilateral",,,,,,,,,
ear_cupping,CHARGE Physical Exam (rev July 2007),,dropdown,Ear Cupping,"Yes, Yes | No, No | NE, NE",,,,,,,,,
ear_cuppingtype,CHARGE Physical Exam (rev July 2007),,dropdown,Ear Cupping,"Left, Left | Right, Right | Bilateral, Bilateral",,,,,,,,,
ear_lobe,CHARGE Physical Exam (rev July 2007),,dropdown,Ear Lobe,"Free, Free | Attached, Attached | Notches, Notches | NE, NE",,,,,,,,,
ear_comments,CHARGE Physical Exam (rev July 2007),,text,Other/Comments,,,,,,,,,,
nose_lengthcm,CHARGE Physical Exam (rev July 2007),Nose,text,Nasal Length - in cm,,,,,,,,,,
nose_lengthpercen,CHARGE Physical Exam (rev July 2007),,text,Nasal Length - in percentage,,,,,,,,,,
nose_root,CHARGE Physical Exam (rev July 2007),,dropdown,Nasal Root,"Broad, Broad | Narrow, Narrow | Normal, Normal | NE, NE",,,,,,,,,
nose_bridge,CHARGE Physical Exam (rev July 2007),,dropdown,Nasal Bridge,"Prominent, Prominent | Depressed, Depressed | Broad, Broad | Normal, Normal | NE, NE",,,,,,,,,
nose_tip,CHARGE Physical Exam (rev July 2007),,dropdown,Nasal Tip,"Flat, Flat | Bifid, Bifid | Cleft, Cleft | Upturned, Upturned | Normal, Normal",,,,,,,,,
nose_hypoplasic,CHARGE Physical Exam (rev July 2007),,dropdown,Hypoplasic Nares,"Yes, Yes | No, No | NE, NE",,,,,,,,,
nose_anteverted,CHARGE Physical Exam (rev July 2007),,dropdown,Anteverted Nostrils,"Yes, Yes | No, No | NE, NE",,,,,,,,,
nose_other,CHARGE Physical Exam (rev July 2007),,text,Other/Comments,,,,,,,,,,
maxilla_malarhypop,CHARGE Physical Exam (rev July 2007),Maxilla and Mandible,dropdown,Malar Hypoplasia,"Yes, Yes | No, No | NE, NE",,,,,,,,,
maxilla_maxilhypop,CHARGE Physical Exam (rev July 2007),,dropdown,Maxillary Hypoplasia,"Yes, Yes | No, No | NE, NE",,,,,,,,,
maxilla_microgan,CHARGE Physical Exam (rev July 2007),,dropdown,Micrognanthia,"Yes, Yes | No, No | NE, NE",,,,,,,,,
maxilla_progan,CHARGE Physical Exam (rev July 2007),,dropdown,Prognanthia,"Yes, Yes | No, No | NE, NE",,,,,,,,,
maxilla_comments,CHARGE Physical Exam (rev July 2007),,text,Other/Comments,,,,,,,,,,
oral_phillencm,CHARGE Physical Exam (rev July 2007),Mouth/Oral Region,text,Philtrum Length - in cm,,,,,,,,,,
oral_phillenpercen,CHARGE Physical Exam (rev July 2007),,text,Philtrum Length - in percentage,,,,,,,,,,
oral_philflat,CHARGE Physical Exam (rev July 2007),,dropdown,Philtrum flat at rest,"Yes, Yes | No, No | NE, NE",,,,,,,,,
oral_highacrched,CHARGE Physical Exam (rev July 2007),,dropdown,High Arched Palate,"Yes, Yes | No, No | NE, NE",,,,,,,,,
oral_bifid,CHARGE Physical Exam (rev July 2007),,dropdown,Bifid Uvula,"Yes, Yes | No, No | NE, NE",,,,,,,,,
oral_lipsprominent,CHARGE Physical Exam (rev July 2007),,dropdown,Prominent Lips,"Yes, Yes | No, No | NE, NE",,,,,,,,,
oral_thinupperlip,CHARGE Physical Exam (rev July 2007),,dropdown,Thin Upper Lip,"Yes, Yes | No, No | NE, NE",,,,,,,,,
oral_downturnmouth,CHARGE Physical Exam (rev July 2007),,dropdown,Downturned Corners Mouth,"Yes, Yes | No, No | NE, NE",,,,,,,,,
oral_microglossia,CHARGE Physical Exam (rev July 2007),,dropdown,Microglossia,"Yes, Yes | No, No | NE, NE",,,,,,,,,
oral_macroglossia,CHARGE Physical Exam (rev July 2007),,dropdown,Macroglossia,"Yes, Yes | No, No | NE, NE",,,,,,,,,
oral_ehypop,CHARGE Physical Exam (rev July 2007),,dropdown,Enamal Hypoplasia,"Yes, Yes | No, No | NE, NE",,,,,,,,,
oral_teeth,CHARGE Physical Exam (rev July 2007),,dropdown,Supernumerary Teeth,"Yes, Yes | No, No | NE, NE",,,,,,,,,
oral_microdonita,CHARGE Physical Exam (rev July 2007),,dropdown,Microdontia,"Yes, Yes | No, No | NE, NE",,,,,,,,,
oral_dfusedteeth,CHARGE Physical Exam (rev July 2007),,dropdown,Fused Teeth,"Yes, Yes | No, No | NE, NE",,,,,,,,,
oral_discolored,CHARGE Physical Exam (rev July 2007),,dropdown,Discolored/Mottled,"Yes, Yes | No, No | NE, NE",,,,,,,,,
oral_other,CHARGE Physical Exam (rev July 2007),,text,Other/Comments,,,,,,,,,,
neck_webbed,CHARGE Physical Exam (rev July 2007),"Neck, Thorax, Back",dropdown,Webbed Neck,"Yes, Yes | No, No | NE, NE | _BLANK_, _BLANK_",,,,,,,y,,
neck_supnip,CHARGE Physical Exam (rev July 2007),,dropdown,Supernumerary Nipples,"Yes, Yes | No, No | NE, NE | _BLANK_, _BLANK_",,,,,,,y,,
neck_widenip,CHARGE Physical Exam (rev July 2007),,dropdown,Wide Spaced Nipples,"Yes, Yes | No, No | NE, NE | _BLANK_, _BLANK_",,,,,,,y,,
neck_pecexcavatum,CHARGE Physical Exam (rev July 2007),,dropdown,Pectus Excavatum,"Yes, Yes | No, No | NE, NE | _BLANK_, _BLANK_",,,,,,,y,,
neck_peccarinatum,CHARGE Physical Exam (rev July 2007),,dropdown,Pectus Carinatum,"Yes, Yes | No, No | NE, NE | _BLANK_, _BLANK_",,,,,,,y,,
neck_scoliosis,CHARGE Physical Exam (rev July 2007),,dropdown,Scoliosis,"Yes, Yes | No, No | NE, NE | _BLANK_, _BLANK_",,,,,,,y,,
neck_kyphosis,CHARGE Physical Exam (rev July 2007),,dropdown,Kyphosis,"Yes, Yes | No, No | NE, NE | _BLANK_, _BLANK_",,,,,,,y,,
neck_scaral,CHARGE Physical Exam (rev July 2007),,dropdown,Sacral Dimple/Hair Tuft,"Yes, Yes | No, No | NE, NE | _BLANK_, _BLANK_",,,,,,,y,,
neck_comments,CHARGE Physical Exam (rev July 2007),,text,Other/Comments,,,,,,,,,,
limb_righthandlen,CHARGE Physical Exam (rev July 2007),Limbs,text,Hand Length(Right) - in cm,,,,,,,,y,,
limb_lefthandlen,CHARGE Physical Exam (rev July 2007),,text,Hand Length(Left) - in cm,,,,,,,,y,,
limb_handlenpersen,CHARGE Physical Exam (rev July 2007),,text,Hand Length - in percentage,,,,,,,,y,,
limb_rightfinerlen,CHARGE Physical Exam (rev July 2007),,text,Third Finger Length,,,,,,,,y,,
limb_leftfinerlen,CHARGE Physical Exam (rev July 2007),,text,Third Finger Length(Left) - in cm,,,,,,,,y,,
limb_finerlenpercen,CHARGE Physical Exam (rev July 2007),,text,Third Finger Length - in percentage,,,,,,,,y,,
limb_indexgreatthird,CHARGE Physical Exam (rev July 2007),,dropdown,*Index > 3rd finger,"Yes, Yes | No, No | NE, NE | _BLANK_, _BLANK_",,,,,,,y,,
limb_footlenright,CHARGE Physical Exam (rev July 2007),,text,Foot Length(Right) - in cm,,,,,,,,y,,
limb_footlenleft,CHARGE Physical Exam (rev July 2007),,text,Foot Length(Left) - in cm,,,,,,,,y,,
limb_footlenpercen,CHARGE Physical Exam (rev July 2007),,text,Foot Length - percentage,,,,,,,,y,,
limb_brachy,CHARGE Physical Exam (rev July 2007),,dropdown,Brachydactyly,"Yes, Yes | No, No | NE, NE | _BLANK_, _BLANK_",,,,,,,y,,
limb_brachytype,CHARGE Physical Exam (rev July 2007),,dropdown,Brachydactyly - Type,"RU, RU | LU, LU | RL, RL | LL, LL",,,,,,,y,,
limb_clino,CHARGE Physical Exam (rev July 2007),,dropdown,Clinodactyly,"Yes, Yes | No, No | NE, NE | _BLANK_, _BLANK_",,,,,,,y,,
limb_clinosite,CHARGE Physical Exam (rev July 2007),,text,Clinodactyly - Site,,,,,,,,y,,
limb_poly,CHARGE Physical Exam (rev July 2007),,dropdown,Polydactyly,"Yes, Yes | No, No | NE, NE | _BLANK_, _BLANK_",,,,,,,y,,
limb_polysite,CHARGE Physical Exam (rev July 2007),,text,Polydactyly - Site,,,,,,,,y,,
limb_syndac,CHARGE Physical Exam (rev July 2007),,dropdown,Syndactyly,"Yes, Yes | No, No | NE, NE | _BLANK_, _BLANK_",,,,,,,y,,
limb_syndacsite,CHARGE Physical Exam (rev July 2007),,text,Syndactyly - Site,,,,,,,,y,,
limb_camptodac,CHARGE Physical Exam (rev July 2007),,dropdown,Camptodactyly,"Yes, Yes | No, No | NE, NE | _BLANK_, _BLANK_",,,,,,,y,,
limb_camptodacsite,CHARGE Physical Exam (rev July 2007),,text,Camptodactyly - Site,,,,,,,,y,,
limb_palmarcrease,CHARGE Physical Exam (rev July 2007),,dropdown,Single Palmar Crease,"Yes, Yes | No, No | NE, NE | _BLANK_, _BLANK_",,,,,,,y,,
limb_palmarcreasetype,CHARGE Physical Exam (rev July 2007),,dropdown,Single Palmar Crease - Type,"Right, Right | Left, Left | Bilateral, Bilateral",,,,,,,y,,
limb_nailhypop,CHARGE Physical Exam (rev July 2007),,dropdown,Nail Hypoplasia,"Yes, Yes | No, No | NE, NE | _BLANK_, _BLANK_",,,,,,,y,,
limb_nailhypoptype,CHARGE Physical Exam (rev July 2007),,dropdown,Nail Hypoplasia - Type,"RU, RU | LU, LU | RL, RL | LL, LL",,,,,,,y,,
limb_fingerpads,CHARGE Physical Exam (rev July 2007),,dropdown,Prominent Finger Pads,"Yes, Yes | No, No | NE, NE | _BLANK_, _BLANK_",,,,,,,y,,
limb_fingerpadstype,CHARGE Physical Exam (rev July 2007),,dropdown,Prominent Finger Pads,"Right, Right | Left, Left | Bilateral, Bilateral",,,,,,,y,,
limb_jointlimitations,CHARGE Physical Exam (rev July 2007),,dropdown,Joint Limitations/Contractures,"Yes, Yes | No, No | NE, NE | _BLANK_, _BLANK_",,,,,,,y,,
limb_jointlimitationssite,CHARGE Physical Exam (rev July 2007),,text,Joint Limitations/Contractures - Site,,,,,,,,y,,
limb_jointhyperexten,CHARGE Physical Exam (rev July 2007),,dropdown,Joint Hyperextensibility,"Yes, Yes | No, No | NE, NE | _BLANK_, _BLANK_",,,,,,,y,,
limb_jointhyperextensite,CHARGE Physical Exam (rev July 2007),,text,Joint Hyperextensibility - Site,,,,,,,,y,,
limb_comments,CHARGE Physical Exam (rev July 2007),,text,Other/Comments,,,,,,,,,,
skin_edema,CHARGE Physical Exam (rev July 2007),"Skin, Hair",dropdown,Edema of Hands or Feet,"Yes, Yes | No, No | NE, NE | _BLANK_, _BLANK_",,,,,,,y,,
skin_hypopigmen,CHARGE Physical Exam (rev July 2007),,dropdown,Hypopigmentation,"Yes, Yes | No, No | NE, NE | _BLANK_, _BLANK_",,,,,,,y,,
skin_hypopigmendis,CHARGE Physical Exam (rev July 2007),,text,Hypopigmentation - Distribution,,,,,,,,y,,
skin_hyperpig,CHARGE Physical Exam (rev July 2007),,dropdown,Hyperpigmentation,"Yes, Yes | No, No | NE, NE | _BLANK_, _BLANK_",,,,,,,y,,
skin_hyperpigdis,CHARGE Physical Exam (rev July 2007),,text,Hyperpigmentation - Distribution,,,,,,,,y,,
skin_cafe,CHARGE Physical Exam (rev July 2007),,dropdown,CafÃ©-au-lait,"Yes, Yes | No, No | NE, NE | _BLANK_, _BLANK_",,,,,,,y,,
in_cafe,CHARGE Physical Exam (rev July 2007),,dropdown,CafÃ©-au-lait,"Yes, Yes | No, No | NE, NE | _BLANK_, _BLANK_",,,,,,,y,,
kin_cafenum,CHARGE Physical Exam (rev July 2007),,text,Café-au-lait - Number,,,,,,,,y,,
skin_ashleaf,CHARGE Physical Exam (rev July 2007),,dropdown,Ash Leaf Spots,"Yes, Yes | No, No | NE, NE | _BLANK_, _BLANK_",,,,,,,y,,
skin_shagreen,CHARGE Physical Exam (rev July 2007),,dropdown,Shagreen Spots,"Yes, Yes | No, No | NE, NE | _BLANK_, _BLANK_",,,,,,,y,,
skin_neurofib,CHARGE Physical Exam (rev July 2007),,dropdown,Neurofibromas,"Yes, Yes | No, No | NE, NE | _BLANK_, _BLANK_",,,,,,,y,,
skin_subcutaneous,CHARGE Physical Exam (rev July 2007),,dropdown,Subcutaneous Nodules,"Yes, Yes | No, No | NE, NE | _BLANK_, _BLANK_",,,,,,,y,,
skin_eczema,CHARGE Physical Exam (rev July 2007),,dropdown,Eczema,"Yes, Yes | No, No | NE, NE | _BLANK_, _BLANK_",,,,,,,y,,
skin_lfronthair,CHARGE Physical Exam (rev July 2007),,dropdown,Low Frontal Hairline,"Yes, Yes | No, No | NE, NE | _BLANK_, _BLANK_",,,,,,,y,,
skin_lposthair,CHARGE Physical Exam (rev July 2007),,dropdown,Low Posterior Hairline,"Yes, Yes | No, No | NE, NE | _BLANK_, _BLANK_",,,,,,,y,,
skin_absntlashes,CHARGE Physical Exam (rev July 2007),,dropdown,Absent Lashes or Eyebrows,"Yes, Yes | No, No | NE, NE | _BLANK_, _BLANK_",,,,,,,y,,
skin_hair,CHARGE Physical Exam (rev July 2007),,dropdown,Hair Type,"Fine, Fine | Coarse, Coarse | Thick, Thick | Fragile, Fragile | Kinky, Kinky | Curly, Curly",,,,,,,y,,
skin_comments,CHARGE Physical Exam (rev July 2007),,text,Other/Comments,,,,,,,,,,
cardio_cyanosis,CHARGE Physical Exam (rev July 2007),Cardiopulmonary,dropdown,Cyanosis,"Yes, Yes | No, No | NE, NE | _BLANK_, _BLANK_",,,,,,,y,,
cardio_pallor,CHARGE Physical Exam (rev July 2007),,dropdown,Pallor,"Yes, Yes | No, No | NE, NE | _BLANK_, _BLANK_",,,,,,,y,,
cardio_pulses,CHARGE Physical Exam (rev July 2007),,dropdown,Pulses,"Normal, Normal | Decreased, Decreased | Bounding, Bounding",,,,,,,y,,
cardio_heartrate,CHARGE Physical Exam (rev July 2007),,dropdown,Heart Rate,"Tachy, Tachy | Brady, Brady | Normal, Normal | NE, NE | _BLANK_, _BLANK_",,,,,,,y,,
cardio_heartratenum,CHARGE Physical Exam (rev July 2007),,text,Heart Rate - Count,,,,,,,,y,,
cardio_bp,CHARGE Physical Exam (rev July 2007),,dropdown,Blood Pressure,"High, High | Low, Low | Normal, Normal | NE, NE | _BLANK_, _BLANK_",,,,,,,y,,
cardio_bpnum,CHARGE Physical Exam (rev July 2007),,text,Blood Pressure - BP Count,,,,,,,,y,,
cardio_rythm,CHARGE Physical Exam (rev July 2007),,dropdown,Rhythm,"Regular, Regular | Irregularly Irregular, Irregularly Irregular | Regularly Irregular, Regularly Irregular",,,,,,,y,,
cardio_heartsound,CHARGE Physical Exam (rev July 2007),,dropdown,Extra Heart Sounds,"None, None | Gallop, Gallop | Rub, Rub | Other, Other | NE, NE | _BLANK_, _BLANK_",,,,,,,y,,
cardio_murmur,CHARGE Physical Exam (rev July 2007),,dropdown,Murmur,"Yes, Yes | No, No | NE, NE | _BLANK_, _BLANK_",,,,,,,y,,
cardio_grade,CHARGE Physical Exam (rev July 2007),,dropdown,Murmur in Grade,"I, I | II, II | III, III | IV, IV | V, V | VI, VI",,,,,,,y,,
cardio_murmurtime,CHARGE Physical Exam (rev July 2007),,text,Murmur Timing,,,,,,,,y,,
cardio_bruits,CHARGE Physical Exam (rev July 2007),,dropdown,Bruits,"Yes, Yes | No, No | NE, NE | _BLANK_, _BLANK_",,,,,,,y,,
cardio_bruitssite,CHARGE Physical Exam (rev July 2007),,text,Bruits - Site,,,,,,,,y,,
cardio_resprate,CHARGE Physical Exam (rev July 2007),,dropdown,Respiratory Rate,"Normal, Normal | Tachypnea, Tachypnea",,,,,,,y,,
cardio_respratecount,CHARGE Physical Exam (rev July 2007),,text,Respiratory Rate - Count,,,,,,,,y,,
cardio_adsounds,CHARGE Physical Exam (rev July 2007),,dropdown,Adventitial sounds,"Yes, Yes | No, No | NE, NE | _BLANK_, _BLANK_",,,,,,,y,,
cardio_accmuscleuse,CHARGE Physical Exam (rev July 2007),,dropdown,Accessory Muscle Use,"Yes, Yes | No, No | NE, NE | _BLANK_, _BLANK_",,,,,,,y,,
cardio_comments,CHARGE Physical Exam (rev July 2007),,text,Other/Comments,,,,,,,,,,
abdomen_tender,CHARGE Physical Exam (rev July 2007),Abdomen,dropdown,Tenderness,"Yes, Yes | No, No | NE, NE | _BLANK_, _BLANK_",,,,,,,y,,
abdomen_hepatom,CHARGE Physical Exam (rev July 2007),,dropdown,Hepatomegally,"Yes, Yes | No, No | NE, NE | _BLANK_, _BLANK_",,,,,,,y,,
abdomen_splenom,CHARGE Physical Exam (rev July 2007),,dropdown,Splenomegally,"Yes, Yes | No, No | NE, NE | _BLANK_, _BLANK_",,,,,,,y,,
abdomen_other,CHARGE Physical Exam (rev July 2007),,text,Other/Comments,,,,,,,,,,
genito_ambigous,CHARGE Physical Exam (rev July 2007),Genito-Urinary,dropdown,Ambigous Genitalia,"Yes, Yes | No, No | NE, NE | _BLANK_, _BLANK_",,,,,,,y,,
genito_hyposp,CHARGE Physical Exam (rev July 2007),,dropdown,Hypospadious,"Yes, Yes | No, No | NE, NE | _BLANK_, _BLANK_",,,,,,,y,,
genito_micropen,CHARGE Physical Exam (rev July 2007),,dropdown,Micropenis,"Yes, Yes | No, No | NE, NE | _BLANK_, _BLANK_",,,,,,,y,,
genito_micropencm,CHARGE Physical Exam (rev July 2007),,text,Micropenis - Length in cm,,,,,,,,y,,
genito_micropenpercen,CHARGE Physical Exam (rev July 2007),,text,Micropenis - Length in percentage,,,,,,,,y,,
genito_cryptoris,CHARGE Physical Exam (rev July 2007),,dropdown,Cryptorchidism,"Yes, Yes | No, No | NE, NE | _BLANK_, _BLANK_",,,,,,,y,,
genito_cryptor,CHARGE Physical Exam (rev July 2007),,dropdown,Cryptorchidism,"Right, Right | Left, Left | Bilateral, Bilateral",,,,,,,y,,
genito_macroor,CHARGE Physical Exam (rev July 2007),,dropdown,Macroorchidism,"Yes, Yes | No, No | NE, NE | _BLANK_, _BLANK_",,,,,,,y,,
genito_macroorvolume,CHARGE Physical Exam (rev July 2007),,text,Macroorchidism - Volume in ml,,,,,,,,y,,
genito_anterioranus,CHARGE Physical Exam (rev July 2007),,dropdown,Anterior Anus,"Yes, Yes | No, No | NE, NE | _BLANK_, _BLANK_",,,,,,,y,,
genito_other,CHARGE Physical Exam (rev July 2007),,text,Other/Comments,,,,,,,,,,
neuro_muscle,CHARGE Physical Exam (rev July 2007),Neurological,dropdown,Muscle Tone,"Normal, Normal | Hypertonic, Hypertonic | Hypotonic, Hypotonic | Mixed, Mixed | NE, NE | _BLANK_, _BLANK_",,,,,,,y,,
neuro_dtrbicright,CHARGE Physical Exam (rev July 2007),,dropdown,DTR Biceps - Right,"0, 0 | 1, 1 | 2, 2 | 3, 3 | 4, 4",,,,,,,y,,
neuro_dtrbicleft,CHARGE Physical Exam (rev July 2007),,dropdown,DTR Biceps - Left,"0, 0 | 1, 1 | 2, 2 | 3, 3 | 4, 4",,,,,,,y,,
neuro_dtrbicne,CHARGE Physical Exam (rev July 2007),,text,DTR Biceps - Not Examined,,,,,,,,y,,
neuro_dtrtricright,CHARGE Physical Exam (rev July 2007),,dropdown,DTR Triceps - Right,"0, 0 | 1, 1 | 2, 2 | 3, 3 | 4, 4",,,,,,,y,,
neuro_dtrtricleft,CHARGE Physical Exam (rev July 2007),,dropdown,DTR Triceps - Left,"0, 0 | 1, 1 | 2, 2 | 3, 3 | 4, 4",,,,,,,y,,
neuro_dtrtricne,CHARGE Physical Exam (rev July 2007),,text,DTR Triceps - Not Examined,,,,,,,,y,,
neuro_dtrpatright,CHARGE Physical Exam (rev July 2007),,dropdown,DTR Patella - Right,"0, 0 | 1, 1 | 2, 2 | 3, 3 | 4, 4",,,,,,,y,,
neuro_dtrpatleft,CHARGE Physical Exam (rev July 2007),,dropdown,DTR Patella - Left,"0, 0 | 1, 1 | 2, 2 | 3, 3 | 4, 4",,,,,,,y,,
neuro_dtrpatne,CHARGE Physical Exam (rev July 2007),,text,DTR Patella - Not Examined,,,,,,,,y,,
neuro_dtrankleright,CHARGE Physical Exam (rev July 2007),,dropdown,DTR Ankle - Right,"0, 0 | 1, 1 | 2, 2 | 3, 3 | 4, 4",,,,,,,y,,
neuro_dtrankleleft,CHARGE Physical Exam (rev July 2007),,dropdown,DTR Ankle - Left,"0, 0 | 1, 1 | 2, 2 | 3, 3 | 4, 4",,,,,,,y,,
neuro_dtranklene,CHARGE Physical Exam (rev July 2007),,text,DTR Ankle - Not Examined,,,,,,,,y,,
neuro_dtrstrru,CHARGE Physical Exam (rev July 2007),,dropdown,Strength RU,"1, 1 | 2, 2 | 3, 3 | 4, 4 | 5, 5",,,,,,,y,,
neuro_dtrstrlu,CHARGE Physical Exam (rev July 2007),,dropdown,Strength LU,"1, 1 | 2, 2 | 3, 3 | 4, 4 | 5, 5",,,,,,,y,,
neuro_dtrstrrl,CHARGE Physical Exam (rev July 2007),,dropdown,Strength RL,"1, 1 | 2, 2 | 3, 3 | 4, 4 | 5, 5",,,,,,,y,,
neuro_dtrstrll,CHARGE Physical Exam (rev July 2007),,dropdown,Strength LL,"1, 1 | 2, 2 | 3, 3 | 4, 4 | 5, 5",,,,,,,y,,
neuro_extraocmove,CHARGE Physical Exam (rev July 2007),,dropdown,Extraocular Movements,"Normal, Normal | Abnormal, Abnormal | NE, NE | _BLANK_, _BLANK_",,,,,,,y,,
