Variable / Field Name,Form Name,Section Header,Field Type,Field Label,"Choices, Calculations, OR Slider Labels",Field Note,Text Validation Type OR Show Slider Number,Text Validation Min,Text Validation Max,Identifier?,Branching Logic (Show field only if...),Required Field?,Custom Alignment,Question Number (surveys only)
fs_v2_repeated_grade_in_school,Peds - Full Telephone Screening Interview - Version 2,,dropdown,Full Screener (Visit 2): Since the last visit has the subject repeated a grade in school? (Y=Yes; N=No; NA=Not Provided),"Y, Y | N, N | NA, NA",,,,,,,y,,
fs_v2_questions_father_hx,Peds - Full Telephone Screening Interview - Version 2,,dropdown,Full Screener (Visit 2): Can the respondent answer questions about the biological father? (Y=Yes; N=No; NA=Not Provided),"Y, Y | N, N | NA, NA",,,,,,,y,,
fs_v2_psychiatric_dis_diag,Peds - Full Telephone Screening Interview - Version 2,,dropdown,Full Screener (Visit 2): Has the subject been diagnosed with a psychiatric disorder? (Y=Yes; N=No; NA=Not Provided),"Y, Y | N, N | NA, NA",,,,,,,y,,
fs_v2_pacemaker,Peds - Full Telephone Screening Interview - Version 2,,dropdown,Full Screener (Visit 2): Did the subject have a pacemaker placed? (Y=Yes; N=No; NA=Not Provided),"Y, Y | N, N | NA, NA",,,,,,,y,,
fs_v2_mother_education_level,Peds - Full Telephone Screening Interview - Version 2,,dropdown,"Full Screener (Visit 2): Verification of the biological mother's current education level (Response options - Less Than 6th Grade, Less Than High School, High School, Some College, College, Some Graduate Level, Graduate Level, NA)","Less Than 6th Grade, Less Than 6th Grade | Less Than High School, Less Than High School | High School, High School | Some College, Some College | College, College | Some Graduate Level, Some Graduate Level | Graduate Level, Graduate Level | NA, NA",,,,,,,y,,
fs_v2_loss_of_consciousness,Peds - Full Telephone Screening Interview - Version 2,,dropdown,Full Screener (Visit 2): Loss of consciousness? (Y=Yes; N=No; NA=Not Provided),"Y, Y | N, N | NA, NA",,,,,,,y,,
fs_v2_learning_dis_last_visit,Peds - Full Telephone Screening Interview - Version 2,,dropdown,Full Screener (Visit 2): Since the last visit has the subject been as having a learning or language disorder? (Y=Yes; N=No; NA=Not Provided),"Y, Y | N, N | NA, NA",,,,,,,y,,
fs_v2_learning_disorder_eval,Peds - Full Telephone Screening Interview - Version 2,,dropdown,Full Screener (Visit 2): Did the subject have any tests or evaluations for a learning disorder? (Y=Yes; N=No; NA=Not Provided),"Y, Y | N, N | NA, NA",,,,,,,y,,
fs_v2_lead_poisoning_treatment,Peds - Full Telephone Screening Interview - Version 2,,dropdown,Full Screener (Visit 2): Since the last visit has the subject been treated for lead poisoning? (Y=Yes; N=No; NA=Not Provided),"Y, Y | N, N | NA, NA",,,,,,,y,,
fs_v2_lead_level_checked,Peds - Full Telephone Screening Interview - Version 2,,dropdown,"Full Screener (Visit 2): In his/her entire life, has the subject ever had his/her lead level checked? (Response options ? Yes, No, Unsure, NA)","Y, Y | N, N | Unsure, Unsure | NA, NA",,,,,,,y,,
fs_v2_heart_disease,Peds - Full Telephone Screening Interview - Version 2,,dropdown,Full Screener (Visit 2): Since [date of last visit to site] has [name] been diagnosed with heart disease? (Y=Yes; N=No; NA=Not Provided),"Y, Y | N, N | NA, NA",,,,,,,y,,
fs_v2_hearing_impairment_treat,Peds - Full Telephone Screening Interview - Version 2,,dropdown,Full Screener (Visit 2): Has the subject had any treatment for hearing impairment? (Y=Yes; N=No; NA=Not Provided),"Y, Y | N, N | NA, NA",,,,,,,y,,
fs_v2_hearing_impairment_diag,Peds - Full Telephone Screening Interview - Version 2,,dropdown,Full Screener (Visit 2): Since the last visit has the subject been diagnosed with a hearing impairment? (Y=Yes; N=No; NA=Not Provided),"Y, Y | N, N | NA, NA",,,,,,,y,,
fs_v2_father_living_at_home,Peds - Full Telephone Screening Interview - Version 2,,dropdown,Full Screener (Visit 2): Verification if the biological father lives at home (Y=Yes; N=No; NA=Not Provided),"Y, Y | N, N | NA, NA",,,,,,,y,,
fs_v2_father_contact_with_fam,Peds - Full Telephone Screening Interview - Version 2,,dropdown,Full Screener (Visit 2): Is there contact with the subject's biological father (Y=Yes; N=No; NA=Not Provided),"Y, Y | N, N | NA, NA",,,,,,,y,,
fs_v2_father_ethnicity,Peds - Full Telephone Screening Interview - Version 2,,dropdown,"Full Screener (Visit 2): Verification of the biological father's ethnicity (Response options ? Hispanic or Latino, Not Hispanic or Latino, NA)","Hispanic or Latino, Hispanic or Latino | Not Hispanic or Latino, Not Hispanic or Latino | NA, NA",,,,,,,y,,
fs_v2_family_income,Peds - Full Telephone Screening Interview - Version 2,,dropdown,"Full Screener (Visit 2): Household income for all adults in home (1=$0-$5,000; 2=$5,001-$10,000; 3=$10,001-$15,000; 4=$15,001-$25,000; 5=$25,001-$35,000; 6=$35,001-$50,000; 7=$50,001-$75,000; 8=$75,001-$100,000; 9=$100,001-$150,000; 10=over $150,000)","Zero to 5000, Zero to 5000 | 5001 to 10000, 5001 to 10000 | 10001 to 15000, 10001 to 15000 | 15001 to 25000, 15001 to 25000 | 25001 to 35000, 25001 to 35000 | 35001 to 50000, 35001 to 50000 | 50001 to 75000, 50001 to 75000 | 75001 to 100000, 75001 to 100000 | 100001 to 150000, 100001 to 150000 | over 150000, over 150000 | No Answer, No Answer",in Dollars,,,,,,y,,
fs_v2_face_head_abnormality,Peds - Full Telephone Screening Interview - Version 2,,dropdown,Full Screener (Visit 2): Since the last visit has the subject developed any abnormalities of the face or head? (Y=Yes; N=No; NA=Not Provided),"Y, Y | N, N | NA, NA",,,,,,,y,,
fs_v2_eye_problem,Peds - Full Telephone Screening Interview - Version 2,,dropdown,Full Screener (Visit 2): Significant problem with eyes (crossed eyes or other than conventional glasses)? (Y=Yes; N=No; NA=Not Provided),"Y, Y | N, N | NA, NA",,,,,,,y,,
fs_v2_diabetes,Peds - Full Telephone Screening Interview - Version 2,,dropdown,Full Screener (Visit 2): Since the last visit has the subject developed diabetes? (Y=Yes; N=No; NA=Not Provided),"Y, Y | N, N | NA, NA",,,,,,,y,,
fs_v2_cancer,Peds - Full Telephone Screening Interview - Version 2,,dropdown,Full Screener (Visit 2): Q11 Since the last visit has the subject been treated for any cancer? (Y=Yes; N=No; NA=Not Provided),"Y, Y | N, N | NA, NA",,,,,,,y,,
fs_v2_body_piercings,Peds - Full Telephone Screening Interview - Version 2,,dropdown,Full Screener (Visit 2): Q29 Does the subject have any non-removable body piercings? (Y=Yes; N=No; NA=Not Provided),"Y, Y | N, N | NA, NA",,,,,,,y,,
timepoint_label,Peds - Full Telephone Screening Interview - Version 2,,text,User-defined timepoint/visit label - a label selected by the site at the time of registration of a new timepoint into the database.  This label is used to group all the instruments administered to a subject at a given timepoint.,,,,,,,,y,,
src_subject_id,Peds - Full Telephone Screening Interview - Version 2,,text,The site's subject identification,,,,,,,,y,,
fs_v2_respondent,Peds - Full Telephone Screening Interview - Version 2,,dropdown,Full Screener (Visit 2): Respondent completing interview,"MOM, MOM | DAD, DAD | FB1, FB1 | FS1, FS1 | HB1, HB1 | HS1, HS1 | CID1, CID1 | CIS1, CIS1 | MA1, MA1 | MU1, MU1 | PA1, PA1 | PU1, PU1 | MGM, MGM | MGF, MGF | PGM, PGM | PGF, PGF | Other, Other",,,,,,,y,,
fs_v2_mother_race,Peds - Full Telephone Screening Interview - Version 2,,text,Full Screener (Visit 2): Verification of the biological mother's race,,,,,,,,y,,
fs_v2_subject_curr_pregnant,Peds - Full Telephone Screening Interview - Version 2,,dropdown,Full Screener (Visit 2): Is the subject currently pregnant? (Y=Yes; N=No; NA=Not Provided),"Y, Y | N, N | NA, NA",,,,,,,y,,
fs_v2_special_education,Peds - Full Telephone Screening Interview - Version 2,,dropdown,Full Screener (Visit 2): Special education program? (Y=Yes; N=No; NA=Not Provided),"Y, Y | N, N | NA, NA",,,,,,,y,,
fs_v2_skin_joint_problems,Peds - Full Telephone Screening Interview - Version 2,,dropdown,Full Screener (Visit 2): Has the subject developed any problems with skin or joints? (Y=Yes; N=No; NA=Not Provided),"Y, Y | N, N | NA, NA",,,,,,,y,,
fs_v2_sickle_cell_trait_subj,Peds - Full Telephone Screening Interview - Version 2,,dropdown,Full Screener (Visit 2): Does the subject have sickle cell trait? (Y=Yes; N=No; NA=Not Provided),"Y, Y | N, N | NA, NA",,,,,,,y,,
fs_v2_sickle_cell_family_test,Peds - Full Telephone Screening Interview - Version 2,,dropdown,Full Screener (Visit 2): Have the family members been tested for sickle cell trait? (Y=Yes; N=No; NA=Not Provided),"Y, Y | N, N | NA, NA",,,,,,,y,,
fs_v2_sickle_cell_trait_family,Peds - Full Telephone Screening Interview - Version 2,,dropdown,Full Screener (Visit 2): Do either you or the subject mother/father have sickle cell trait or disease? (Y=Yes; N=No; NA=Not Provided),"Y, Y | N, N | NA, NA",,,,,,,y,,
fs_v2_seizures,Peds - Full Telephone Screening Interview - Version 2,,dropdown,Full Screener (Visit 2): Since the last visit has the subject had any seizures? (Y=Yes; N=No; NA=Not Provided),"Y, Y | N, N | NA, NA",,,,,,,y,,
fs_v2_father_race,Peds - Full Telephone Screening Interview - Version 2,,text,Full Screener (Visit 2): Verification of the biological father's race,,,,,,,,y,,
fs_v2_surgery_pins_or_implants,Peds - Full Telephone Screening Interview - Version 2,,dropdown,Full Screener (Visit 2): Were any pins or implants used for the surgery? (Y=Yes; N=No; NA=Not Provided),"Y, Y | N, N | NA, NA",,,,,,,y,,
fs_v2_surgery,Peds - Full Telephone Screening Interview - Version 2,,dropdown,Full Screener (Visit 2): Has the subject had surgery? (Y=Yes; N=No; NA=Not Provided),"Y, Y | N, N | NA, NA",,,,,,,y,,
fs_v2_special_ed_evaluation,Peds - Full Telephone Screening Interview - Version 2,,dropdown,Full Screener (Visit 2): Did the subject have any tests or evaluations? (Y=Yes; N=No; NA=Not Provided),"Y, Y | N, N | NA, NA",,,,,,,y,,
fs_v2_psychiatric_dis_treat,Peds - Full Telephone Screening Interview - Version 2,,dropdown,Full Screener (Visit 2): Was there any treatment provided? (Y=Yes; N=No; NA=Not Provided),"Y, Y | N, N | NA, NA",,,,,,,y,,
fs_v2_physical_therapy,Peds - Full Telephone Screening Interview - Version 2,,dropdown,"Full Screener (Visit 2): Physical, occupational, or language therapy, or early intervention program? (Y=Yes; N=No; NA=Not Provided)","Y, Y | N, N | NA, NA",,,,,,,y,,
fs_v2_neurologist_visit,Peds - Full Telephone Screening Interview - Version 2,,dropdown,Full Screener (Visit 2): Has the subject seen a neurologist? (Y=Yes; N=No; NA=Not Provided),"Y, Y | N, N | NA, NA",,,,,,,y,,
fs_v2_mother_father_curr_rel,Peds - Full Telephone Screening Interview - Version 2,,dropdown,"Full Screener (Visit 2): To update our records, how is the subject's biological mother currently related to the subject's biological father? (Response options ? Married, Separated, Divorced, Other, NA)","Married, Married | Separated, Separated | Divorced, Divorced | Other, Other | NA, NA",,,,,,,y,,
fs_v2_mother_ethnicity,Peds - Full Telephone Screening Interview - Version 2,,dropdown,"Full Screener (Visit 2): Verification of the biological mother's ethnicity (Response options - Hispanic or Latino, Not Hispanic or Latino, NA)","Hispanic or Latino, Hispanic or Latino | Not Hispanic or Latino, Not Hispanic or Latino | NA, NA",,,,,,,y,,
fs_v2_monthly_period,Peds - Full Telephone Screening Interview - Version 2,,dropdown,Full Screener (Visit 2): Has the subject begun to have her monthly periods? (Y=Yes; N=No; NA=Not Provided),"Y, Y | N, N | NA, NA",,,,,,,y,,
fs_v2_metal_plates,Peds - Full Telephone Screening Interview - Version 2,,dropdown,Full Screener (Visit 2): Does the subject have any metal plates or pins in his/her body? (Y=Yes; N=No; NA=Not Provided),"Y, Y | N, N | NA, NA",,,,,,,y,,
fs_v2_loss_of_consc_over_30min,Peds - Full Telephone Screening Interview - Version 2,,dropdown,Full Screener (Visit 2): Was the subject unconscious or knocked out for more than 30 minutes? (Y=Yes; N=No; NA=Not Provided),"Y, Y | N, N | NA, NA",,,,,,,y,,
fs_v2_learning_disorder_curr,Peds - Full Telephone Screening Interview - Version 2,,dropdown,Full Screener (Visit 2): Is the learning disorder still present? (Y=Yes; N=No; NA=Not Provided),"Y, Y | N, N | NA, NA",,,,,,,y,,
fs_v2_height_and_weight,Peds - Full Telephone Screening Interview - Version 2,,dropdown,Full Screener (Visit 2): Q1 Did the respondent have a chance to check the subject's height and weight before call? (Y=Yes; N=No; NA=Not Provided),"Y, Y | N, N | NA, NA",,,,,,,y,,
fs_v2_heart_surgery,Peds - Full Telephone Screening Interview - Version 2,,dropdown,Full Screener (Visit 2): Since the last visit has the subject required heart surgery? (Y=Yes; N=No; NA=Not Provided),"Y, Y | N, N | NA, NA",,,,,,,y,,
fs_v2_father_education_level,Peds - Full Telephone Screening Interview - Version 2,,dropdown,"Full Screener (Visit 2): Verification of the biological father's current education level (Response options - Less Than 6th Grade, Less Than High School, High School, Some College, College, Some Graduate Level, Graduate Level, NA)","Less Than 6th Grade, Less Than 6th Grade | Less Than High School, Less Than High School | High School, High School | Some College, Some College | College, College | Some Graduate Level, Some Graduate Level | Graduate Level, Graduate Level | NA, NA",,,,,,,y,,
fs_v2_dental_braces,Peds - Full Telephone Screening Interview - Version 2,,dropdown,Full Screener (Visit 2): Does the subject have dental braces or a permanent retainer? (Y=Yes; N=No; NA=Not Provided),"Y, Y | N, N | NA, NA",,,,,,,y,,
fs_v2_chronic_illness,Peds - Full Telephone Screening Interview - Version 2,,dropdown,"Full Screener (Visit 2): Since the last visit, has the subject had any chronic illness? (Y=Yes; N=No; NA=Not Provided)","Y, Y | N, N | NA, NA",,,,,,,y,,
fs_v2_chemotherapy,Peds - Full Telephone Screening Interview - Version 2,,dropdown,Full Screener (Visit 2): Q12 Has the subject been treated with chemotherapy or radiation therapy? (Y=Yes; N=No; NA=Not Provided),"Y, Y | N, N | NA, NA",,,,,,,y,,
fs_v2_brain_infection,Peds - Full Telephone Screening Interview - Version 2,,dropdown,"Full Screener (Visit 2): Q10 Has the subject had a brain infection, such as meningitis? (Y=Yes; N=No; NA=Not Provided)","Y, Y | N, N | NA, NA",,,,,,,y,,
admin_status,Peds - Full Telephone Screening Interview - Version 2,,dropdown,Instrument administration status,"Complete, Complete | Partial, Partial | Not Administered, Not Administered | Not Applicable, Not Applicable",,,,,,,y,,
fs_v2_num_household_dependants,Peds - Full Telephone Screening Interview - Version 2,,text,Full Screener (Visit 2): What is the total number of dependants (as per tax return) in your family?,,,,,,,,y,,
fs_v2_learning_dis_age_years,Peds - Full Telephone Screening Interview - Version 2,,text,Full Screener (Visit 2): At what age (years) did the subject start to experience learning difficulties?,,,,,,,,y,,
fs_v2_lead_level_age_years,Peds - Full Telephone Screening Interview - Version 2,,text,Full Screener (Visit 2): At what age was the subject's level checked?,,,,,,,,y,,
fs_v2_resp_no_adopted_children,Peds - Full Telephone Screening Interview - Version 2,,text,Full Screener (Visit 2): How many adopted children do you have?,,,,,,,,y,,
fs_v2_resp_no_of_step_children,Peds - Full Telephone Screening Interview - Version 2,,text,Full Screener (Visit 2): How many step children do you have?,,,,,,,,y,,
fs_v2_resp_no_biol_children,Peds - Full Telephone Screening Interview - Version 2,,text,Full Screener (Visit 2): How many biological children do you have?,,,,,,,,y,,
fs_v2_special_ed_age_years,Peds - Full Telephone Screening Interview - Version 2,,text,Full Screener (Visit 2): At what age (years) did this begin?,,,,,,,,y,,
fs_v2_psychiatric_dis_age_yrs,Peds - Full Telephone Screening Interview - Version 2,,text,Full Screener (Visit 2): At what age (years) was that?,,,,,,,,y,,
fs_v2_height_inches,Peds - Full Telephone Screening Interview - Version 2,,text,Full Screener (Visit 2): How tall is the subject now (inches)?,,,,,,,,y,,
fs_v2_height_feet,Peds - Full Telephone Screening Interview - Version 2,,text,Full Screener (Visit 2): How tall is the subject now (feet)?,,,,,,,,y,,
subjectkey,Peds - Full Telephone Screening Interview - Version 2,,text,The NDAR Global Unique Identifier (GUID) for subjects which identifies a subject in NDAR,,,,,,,,,,
fs_v2_current_weight,Peds - Full Telephone Screening Interview - Version 2,,text,Full Screener (Visit 2): How much does the subject weigh (lb) now?,,,,,,,,y,,
