Variable / Field Name,Form Name,Section Header,Field Type,Field Label,"Choices, Calculations, OR Slider Labels",Field Note,Text Validation Type OR Show Slider Number,Text Validation Min,Text Validation Max,Identifier?,Branching Logic (Show field only if...),Required Field?,Custom Alignment,Question Number (surveys only)
subjectkey,Autism Tissue Program (ATP) Brain Donor Listing,,text,The NDAR Global Unique Identifier (GUID) for subjects which identifies a subject in NDAR,,,,,,,,y,,
subject_control,Autism Tissue Program (ATP) Brain Donor Listing,,text,Control flag for subject,,,,,,,,y,,
gender,Autism Tissue Program (ATP) Brain Donor Listing,,dropdown,Gender,"M, M | F, F",,,,,,,y,,
ethnicity,Autism Tissue Program (ATP) Brain Donor Listing,,dropdown,Ethnicity of participant,"Hispanic or Latino, Hispanic or Latino |  Not Hispanic or Latino,  Not Hispanic or Latino |  Unknown,  Unknown",,,,,,,y,,
age_at_death_months,Autism Tissue Program (ATP) Brain Donor Listing,,text,Age at death in months,,,,,,,,y,,
date_updated,Autism Tissue Program (ATP) Brain Donor Listing,,text,Date record updated,,,date_ymd,,,,,y,,
