Variable / Field Name,Form Name,Section Header,Field Type,Field Label,"Choices, Calculations, OR Slider Labels",Field Note,Text Validation Type OR Show Slider Number,Text Validation Min,Text Validation Max,Identifier?,Branching Logic (Show field only if...),Required Field?,Custom Alignment,Question Number (surveys only)
subjectkey,CPEA STAART Medical and Psychiatric History,,text,The NDAR Global Unique Identifier (GUID) for subjects which identifies a subject in NDAR,,,,,,,,,,
patid,CPEA STAART Medical and Psychiatric History,,text,src_Subject_id,,Patient IDs were assigned at the research site for CPEA and STAART,,,,,,y,,
cycle,CPEA STAART Medical and Psychiatric History,,text,Timepoint information,,,,,,,,y,,
phase,CPEA STAART Medical and Psychiatric History,,dropdown,Phase,"1, 1 |  2,  2 |  3,  3 |  4,  4",,,,,,,y,,
q21_date,CPEA STAART Medical and Psychiatric History,,text,Date,,Required field,,,,,,y,,
q21_ratr,CPEA STAART Medical and Psychiatric History,,text,Rater Name,,"The name of the staff member who administered the form. If the form was filled out by the guardian or teacher, the CC¿s name should be entered as Rater.",,,,,,y,,
21_ratr,CPEA STAART Medical and Psychiatric History,,text,Rater Name,,"The name of the staff member who administered the form. If the form was filled out by the guardian or teacher, the CC¿s name should be entered as Rater.",,,,,,y,,
q21_prif,CPEA STAART Medical and Psychiatric History,,dropdown,Primary Source: Father,"0, 0 |  -1,  -1","Check if father is primary source. 0=no, -1=yes.",,,,,,y,,
q21_pric,CPEA STAART Medical and Psychiatric History,,dropdown,Primary Source: Child,"0, 0 |  -1,  -1","Check if child is primary source. 0=no, -1=yes.",,,,,,y,,
q21_pris,CPEA STAART Medical and Psychiatric History,,dropdown,Primary Source: Staff,"0, 0 |  -1,  -1","Check if staff is primary source. 0=no, -1=yes.",,,,,,y,,
q21_prio,CPEA STAART Medical and Psychiatric History,,dropdown,Primary Source: Other,"0, 0 |  -1,  -1","Check if primary source not mother, father, child or teacher. 0=no, -1=yes.",,,,,,y,,
q21_pr_s,CPEA STAART Medical and Psychiatric History,,text,Other Primary Source specified,,Complete if q21_prio is checked,,,,,,y,,
q21_1a1,CPEA STAART Medical and Psychiatric History,,text,What was the outcome of this pregnancy: First Pregnancy,,Select pregnancy outcome,,,,,,y,,
q21_1a2,CPEA STAART Medical and Psychiatric History,,text,What was the outcome of this pregnancy: Secong Pregnancy,,Select pregnancy outcome,,,,,,y,,
q21_1a3,CPEA STAART Medical and Psychiatric History,,text,What was the outcome of this pregnancy: Third Pregnancy,,Select pregnancy outcome,,,,,,y,,
q21_1a4,CPEA STAART Medical and Psychiatric History,,text,What was the outcome of this pregnancy: Fourth Pregnancy,,Select pregnancy outcome,,,,,,y,,
q21_1a5,CPEA STAART Medical and Psychiatric History,,text,What was the outcome of this pregnancy: Fifth Pregnancy,,Select pregnancy outcome,,,,,,y,,
q21_1a1a1,CPEA STAART Medical and Psychiatric History,,dropdown,"If live birth, child still living: First Pregnancy","0, 0 |  1,  1 |  -7,  -7 |  -8,  -8 |  -9,  -9",Complete only if live birth pregnancy outcome for First Pregnancy,,,,,,y,,
q21_1a1a2,CPEA STAART Medical and Psychiatric History,,dropdown,"If live birth, child still living: Secong Pregnancy","0, 0 |  1,  1 |  -7,  -7 |  -8,  -8 |  -9,  -9",Complete only if live birth pregnancy outcome for second Pregnancy,,,,,,y,,
q21_1a1a3,CPEA STAART Medical and Psychiatric History,,dropdown,"If live birth, child still living: Third Pregnancy","0, 0 |  1,  1 |  -7,  -7 |  -8,  -8 |  -9,  -9",Complete only if live birth pregnancy outcome for Third Pregnancy,,,,,,y,,
q21_1a1a4,CPEA STAART Medical and Psychiatric History,,dropdown,"If live birth, child still living: Fourth Pregnancy","0, 0 |  1,  1 |  -7,  -7 |  -8,  -8 |  -9,  -9",Complete only if live birth pregnancy outcome for Fourth Pregnancy,,,,,,y,,
q21_1a1a5,CPEA STAART Medical and Psychiatric History,,dropdown,"If live birth, child still living: Fifth Pregnancy","0, 0 |  1,  1 |  -7,  -7 |  -8,  -8 |  -9,  -9",Complete only if live birth pregnancy outcome for Fifth Pregnancy,,,,,,y,,
q21_1b1,CPEA STAART Medical and Psychiatric History,,text,Date of birth: First Pregnancy,"mm/dd/yyyy, mm/dd/yyyy |  mm/yyyy,  mm/yyyy",Complete only if live birth or still birth pregnancy outcome for First Pregnancy,date_ymd,,,,,y,,
q21_1b2,CPEA STAART Medical and Psychiatric History,,text,Date of birth: Second Pregnancy,"mm/dd/yyyy, mm/dd/yyyy |  mm/yyyy,  mm/yyyy",Complete only if live birth or still birth pregnancy outcome for Second Pregnancy,date_ymd,,,,,y,,
q21_1b3,CPEA STAART Medical and Psychiatric History,,text,Date of birth: Third Pregnancy,"mm/dd/yyyy, mm/dd/yyyy |  mm/yyyy,  mm/yyyy",Complete only if live birth or still birth pregnancy outcome for Third Pregnancy,date_ymd,,,,,y,,
q21_1b4,CPEA STAART Medical and Psychiatric History,,text,Date of birth: Fourth Pregnancy,"mm/dd/yyyy, mm/dd/yyyy |  mm/yyyy,  mm/yyyy",Complete only if live birth or still birth pregnancy outcome for Fourth Pregnancy,date_ymd,,,,,y,,
q21_1b5,CPEA STAART Medical and Psychiatric History,,text,Date of birth: Fifth Pregnancy,"mm/dd/yyyy, mm/dd/yyyy |  mm/yyyy,  mm/yyyy",Complete only if live birth or still birth pregnancy outcome for Fifth Pregnancy,date_ymd,,,,,y,,
q21_1c1,CPEA STAART Medical and Psychiatric History,,text,At what week did you deliver in this pregnancy: First Pregnancy,,Complete only if live birth or still birth pregnancy outcome for First Pregnancy,,,,,,y,,
q21_1c2,CPEA STAART Medical and Psychiatric History,,text,At what week did you deliver in this pregnancy: SecondPregnancy,,Complete only if live birth or still birth pregnancy outcome for Second Pregnancy,,,,,,y,,
q21_1c3,CPEA STAART Medical and Psychiatric History,,text,At what week did you deliver in this pregnancy: Third Pregnancy,,Complete only if live birth or still birth pregnancy outcome for Third Pregnancy,,,,,,y,,
q21_1c4,CPEA STAART Medical and Psychiatric History,,text,At what week did you deliver in this pregnancy: Fourth Pregnancy,,Complete only if live birth or still birth pregnancy outcome for Fourth Pregnancy,,,,,,y,,
q21_1c5,CPEA STAART Medical and Psychiatric History,,text,At what week did you deliver in this pregnancy: Fifth Pregnancy,,Complete only if live birth or still birth pregnancy outcome for Fifth Pregnancy,,,,,,y,,
q21_2,CPEA STAART Medical and Psychiatric History,,dropdown,What pregnancy number corresponds to the child being evaluated for autism today,"1, 1 |  2,  2 |  3,  3 |  4,  4 |  5,  5 |  -7,  -7 |  -8,  -8 |  -9,  -9","Field should not be left blank. If missing, please use -7,8, -9.",,,,,,y,,
q21_2a,CPEA STAART Medical and Psychiatric History,,dropdown,Was this child part of a multiple pregnancy,"0, 0 |  1,  1 |  -7,  -7 |  -8,  -8 |  -9,  -9","Field should not be left blank. If missing, please use -7,8, -9.",,,,,,y,,
q21_2a1,CPEA STAART Medical and Psychiatric History,,dropdown,Were they identical?,"0, 0 |  1,  1 |  -7,  -7 |  -8,  -8 |  -9,  -9",Complete only if child was part of a multiple pregnancy,,,,,,y,,
q21_3a,CPEA STAART Medical and Psychiatric History,,dropdown,Autism Spectrum Disorder,"0, 0 |  1,  1 |  -7,  -7 |  -8,  -8 |  -9,  -9","Field should not be left blank. If missing, please use -7, 8, -9.",,,,,,y,,
q21_3a_c,CPEA STAART Medical and Psychiatric History,,dropdown,Autism Spectrum Disorder: Child,"0, 0 |  -1,  -1",Detail should be filled out if YES or NOT SURE.,,,,,,y,,
q21_3a_p_m,CPEA STAART Medical and Psychiatric History,,dropdown,Autism Spectrum Disorder: Parents of Child-Mom,"0, 0 |  -1,  -1",Detail should be filled out if YES or NOT SURE.,,,,,,y,,
q21_3a_p_d,CPEA STAART Medical and Psychiatric History,,dropdown,Autism Spectrum Disorder: Parents of Child-Dad,"0, 0 |  -1,  -1",Detail should be filled out if YES or NOT SURE.,,,,,,y,,
q21_3a_s,CPEA STAART Medical and Psychiatric History,,dropdown,Autism Spectrum Disorder: Siblings,"0, 0 |  -1,  -1",Detail should be filled out if YES or NOT SURE.,,,,,,y,,
q21_3a_hs_m,CPEA STAART Medical and Psychiatric History,,dropdown,Autism Spectrum Disorder: Half Siblings-Mat,"0, 0 |  -1,  -1",Detail should be filled out if YES or NOT SURE.,,,,,,y,,
q21_3a_hs_p,CPEA STAART Medical and Psychiatric History,,dropdown,Autism Spectrum Disorder: Half Siblings-Pat,"0, 0 |  -1,  -1",Detail should be filled out if YES or NOT SURE.,,,,,,y,,
q21_3a_fc_m,CPEA STAART Medical and Psychiatric History,,dropdown,Autism Spectrum Disorder: First Cousins-Mat,"0, 0 |  -1,  -1",Detail should be filled out if YES or NOT SURE.,,,,,,y,,
q21_3a_fc_p,CPEA STAART Medical and Psychiatric History,,dropdown,Autism Spectrum Disorder: First Cousins-Pat,"0, 0 |  -1,  -1",Detail should be filled out if YES or NOT SURE.,,,,,,y,,
q21_3a_au_m,CPEA STAART Medical and Psychiatric History,,dropdown,Autism Spectrum Disorder: Aunts and Uncles-Mat,"0, 0 |  -1,  -1",Detail should be filled out if YES or NOT SURE.,,,,,,y,,
q21_3a_au_p,CPEA STAART Medical and Psychiatric History,,dropdown,Autism Spectrum Disorder: Aunts and Uncles-Pat,"0, 0 |  -1,  -1",Detail should be filled out if YES or NOT SURE.,,,,,,y,,
q21_3a_g_m,CPEA STAART Medical and Psychiatric History,,dropdown,Autism Spectrum Disorder: Grandparents-Mat,"0, 0 |  -1,  -1",Detail should be filled out if YES or NOT SURE.,,,,,,y,,
q21_3a_g_p,CPEA STAART Medical and Psychiatric History,,dropdown,Autism Spectrum Disorder: Grandparents-Pat,"0, 0 |  -1,  -1",Detail should be filled out if YES or NOT SURE.,,,,,,y,,
q21_3a_s1,CPEA STAART Medical and Psychiatric History,,text,Autism Spectrum Disorder: Other-Specify,,Detail should be filled out if YES or NOT SURE.,,,,,,y,,
q21_3b,CPEA STAART Medical and Psychiatric History,,dropdown,Fragile X,"0, 0 |  1,  1 |  2,  2 |  -7,  -7 |  -8,  -8 |  -9,  -9","Field should not be left blank. If missing, please use -7, 8, -9.",,,,,,y,,
q21_3b_c,CPEA STAART Medical and Psychiatric History,,dropdown,Fragile X: Child,"0, 0 |  -1,  -1",Detail should be filled out if YES or NOT SURE.,,,,,,y,,
q21_3b_p_m,CPEA STAART Medical and Psychiatric History,,dropdown,Fragile X: Parents of Child-Mom,"0, 0 |  -1,  -1",Detail should be filled out if YES or NOT SURE.,,,,,,y,,
q21_3b_p_d,CPEA STAART Medical and Psychiatric History,,dropdown,Fragile X: Parents of Child-Dad,"0, 0 |  -1,  -1",Detail should be filled out if YES or NOT SURE.,,,,,,y,,
q21_3b_s,CPEA STAART Medical and Psychiatric History,,dropdown,Fragile X: Siblings,"0, 0 |  -1,  -1",Detail should be filled out if YES or NOT SURE.,,,,,,y,,
q21_3b_hs_m,CPEA STAART Medical and Psychiatric History,,dropdown,Fragile X: Half Siblings-Mat,"0, 0 |  -1,  -1",Detail should be filled out if YES or NOT SURE.,,,,,,y,,
q21_3b_hs_p,CPEA STAART Medical and Psychiatric History,,dropdown,Fragile X: Half Siblings-Pat,"0, 0 |  -1,  -1",Detail should be filled out if YES or NOT SURE.,,,,,,y,,
q21_3b_fc_m,CPEA STAART Medical and Psychiatric History,,dropdown,Fragile X: First Cousins-Mat,"0, 0 |  -1,  -1",Detail should be filled out if YES or NOT SURE.,,,,,,y,,
q21_3b_fc_p,CPEA STAART Medical and Psychiatric History,,dropdown,Fragile X: First Cousins-Pat,"0, 0 |  -1,  -1",Detail should be filled out if YES or NOT SURE.,,,,,,y,,
q21_3b_au_m,CPEA STAART Medical and Psychiatric History,,dropdown,Fragile X: Aunts and Uncles-Mat,"0, 0 |  -1,  -1",Detail should be filled out if YES or NOT SURE.,,,,,,y,,
q21_3b_au_p,CPEA STAART Medical and Psychiatric History,,dropdown,Fragile X: Aunts and Uncles-Pat,"0, 0 |  -1,  -1",Detail should be filled out if YES or NOT SURE.,,,,,,y,,
q21_3b_g_m,CPEA STAART Medical and Psychiatric History,,dropdown,Fragile X: Grandparents-Mat,"0, 0 |  -1,  -1",Detail should be filled out if YES or NOT SURE.,,,,,,y,,
q21_3b_g_p,CPEA STAART Medical and Psychiatric History,,dropdown,Fragile X: Grandparents-Pat,"0, 0 |  -1,  -1",Detail should be filled out if YES or NOT SURE.,,,,,,y,,
q21_3b_s1,CPEA STAART Medical and Psychiatric History,,text,Fragile X: Other-Specify,,Detail should be filled out if YES or NOT SURE.,,,,,,y,,
q21_3c,CPEA STAART Medical and Psychiatric History,,dropdown,Tuberous Sclerosis,"0, 0 |  1,  1 |  2,  2 |  -7,  -7 |  -8,  -8 |  -9,  -9","Field should not be left blank. If missing, please use -7, 8, -9.",,,,,,y,,
q21_3c_c,CPEA STAART Medical and Psychiatric History,,dropdown,Tuberous Sclerosis: Child,"0, 0 |  -1,  -1",Detail should be filled out if YES or NOT SURE.,,,,,,y,,
q21_3c_p_m,CPEA STAART Medical and Psychiatric History,,dropdown,Tuberous Sclerosis: Parent of Child-Mom,"0, 0 |  -1,  -1",Detail should be filled out if YES or NOT SURE.,,,,,,y,,
q21_3c_p_d,CPEA STAART Medical and Psychiatric History,,dropdown,Tuberous Sclerosis: Parents of Child-Dad,"0, 0 |  -1,  -1",Detail should be filled out if YES or NOT SURE.,,,,,,y,,
q21_3c_s,CPEA STAART Medical and Psychiatric History,,dropdown,Tuberous Sclerosis: Siblings,"0, 0 |  -1,  -1",Detail should be filled out if YES or NOT SURE.,,,,,,y,,
q21_3c_hs_m,CPEA STAART Medical and Psychiatric History,,dropdown,Tuberous Sclerosis: Half Siblings-Mat,"0, 0 |  -1,  -1",Detail should be filled out if YES or NOT SURE.,,,,,,y,,
q21_3c_hs_p,CPEA STAART Medical and Psychiatric History,,dropdown,Tuberous Sclerosis: Half Siblings-Pat,"0, 0 |  -1,  -1",Detail should be filled out if YES or NOT SURE.,,,,,,y,,
q21_3c_fc_m,CPEA STAART Medical and Psychiatric History,,dropdown,Tuberous Sclerosis: First Cousins-Mat,"0, 0 |  -1,  -1",Detail should be filled out if YES or NOT SURE.,,,,,,y,,
q21_3c_fc_p,CPEA STAART Medical and Psychiatric History,,dropdown,Tuberous Sclerosis: First Cousins-Pat,"0, 0 |  -1,  -1",Detail should be filled out if YES or NOT SURE.,,,,,,y,,
q21_3c_au_m,CPEA STAART Medical and Psychiatric History,,dropdown,Tuberous Sclerosis: Aunts and Uncles-Mat,"0, 0 |  -1,  -1",Detail should be filled out if YES or NOT SURE.,,,,,,y,,
q21_3c_au_p,CPEA STAART Medical and Psychiatric History,,dropdown,Tuberous Sclerosis: Aunts and Uncles-Pat,"0, 0 |  -1,  -1",Detail should be filled out if YES or NOT SURE.,,,,,,y,,
q21_3c_g_m,CPEA STAART Medical and Psychiatric History,,dropdown,Tuberous Sclerosis: Grandparents-Mat,"0, 0 |  -1,  -1",Detail should be filled out if YES or NOT SURE.,,,,,,y,,
q21_3c_g_p,CPEA STAART Medical and Psychiatric History,,dropdown,Tuberous Sclerosis: Grandparents-Pat,"0, 0 |  -1,  -1",Detail should be filled out if YES or NOT SURE.,,,,,,y,,
q21_3c_s1,CPEA STAART Medical and Psychiatric History,,text,Tuberous Sclerosis: Other-Specify,,Detail should be filled out if YES or NOT SURE.,,,,,,y,,
q21_3d,CPEA STAART Medical and Psychiatric History,,dropdown,Neurofibromatosis,"0, 0 |  1,  1 |  2,  2 |  -7,  -7 |  -8,  -8 |  -9,  -9","Field should not be left blank. If missing, please use -7, 8, -9.",,,,,,y,,
q21_3d_c,CPEA STAART Medical and Psychiatric History,,dropdown,Neurofibromatosis: Child,"0, 0 |  -1,  -1",Detail should be filled out if YES or NOT SURE.,,,,,,y,,
q21_3d_p_m,CPEA STAART Medical and Psychiatric History,,dropdown,Neurofibromatosis: Parents of Child-Mom,"0, 0 |  -1,  -1",Detail should be filled out if YES or NOT SURE.,,,,,,y,,
q21_3d_p_d,CPEA STAART Medical and Psychiatric History,,dropdown,Neurofibromatosis: Parent of Child-Dad,"0, 0 |  -1,  -1",Detail should be filled out if YES or NOT SURE.,,,,,,y,,
q21_3d_s,CPEA STAART Medical and Psychiatric History,,dropdown,Neurofibromatosis: Siblings,"0, 0 |  -1,  -1",Detail should be filled out if YES or NOT SURE.,,,,,,y,,
q21_3d_hs_m,CPEA STAART Medical and Psychiatric History,,dropdown,Neurofibromatosis: Half Siblings-Mat,"0, 0 |  -1,  -1",Detail should be filled out if YES or NOT SURE.,,,,,,y,,
q21_3d_hs_p,CPEA STAART Medical and Psychiatric History,,dropdown,Neurofibromatosis: Half Siblings-Pat,"0, 0 |  -1,  -1",Detail should be filled out if YES or NOT SURE.,,,,,,y,,
q21_3d_fc_m,CPEA STAART Medical and Psychiatric History,,dropdown,Neurofibromatosis: First Cousins-Mat,"0, 0 |  -1,  -1",Detail should be filled out if YES or NOT SURE.,,,,,,y,,
q21_3d_fc_p,CPEA STAART Medical and Psychiatric History,,dropdown,Neurofibromatosis: First Cousins-Pat,"0, 0 |  -1,  -1",Detail should be filled out if YES or NOT SURE.,,,,,,y,,
q21_3d_au_m,CPEA STAART Medical and Psychiatric History,,dropdown,Neurofibromatosis: Aunts and Uncles-Mat,"0, 0 |  -1,  -1",Detail should be filled out if YES or NOT SURE.,,,,,,y,,
q21_3d_au_p,CPEA STAART Medical and Psychiatric History,,dropdown,Neurofibromatosis: Aunts and Uncles-Pat,"0, 0 |  -1,  -1",Detail should be filled out if YES or NOT SURE.,,,,,,y,,
q21_3d_g_m,CPEA STAART Medical and Psychiatric History,,dropdown,Neurofibromatosis: Grandparents-Mat,"0, 0 |  -1,  -1",Detail should be filled out if YES or NOT SURE.,,,,,,y,,
q21_3d_g_p,CPEA STAART Medical and Psychiatric History,,dropdown,Neurofibromatosis: Grandparents-Pat,"0, 0 |  -1,  -1",Detail should be filled out if YES or NOT SURE.,,,,,,y,,
q21_3d_s1,CPEA STAART Medical and Psychiatric History,,text,Neurofibromatosis: Other-Specify,,Detail should be filled out if YES or NOT SURE.,,,,,,y,,
q21_3e,CPEA STAART Medical and Psychiatric History,,dropdown,Rett Syndrome,"0, 0 |  1,  1 |  2,  2 |  -7,  -7 |  -8,  -8 |  -9,  -9","Field should not be left blank. If missing, please use -7, 8, -9.",,,,,,y,,
q21_3e_c,CPEA STAART Medical and Psychiatric History,,dropdown,Rett Syndrome: Child,"0, 0 |  -1,  -1",Detail should be filled out if YES or NOT SURE.,,,,,,y,,
q21_3e_p_m,CPEA STAART Medical and Psychiatric History,,dropdown,Rett Syndrome: Parents of Child-Mom,"0, 0 |  -1,  -1",Detail should be filled out if YES or NOT SURE.,,,,,,y,,
q21_3e_p_d,CPEA STAART Medical and Psychiatric History,,dropdown,Rett Syndrome: Parents of Child-Dad,"0, 0 |  -1,  -1",Detail should be filled out if YES or NOT SURE.,,,,,,y,,
q21_3e_s,CPEA STAART Medical and Psychiatric History,,dropdown,Rett Syndrome: Siblings,"0, 0 |  -1,  -1",Detail should be filled out if YES or NOT SURE.,,,,,,y,,
q21_3e_hs_m,CPEA STAART Medical and Psychiatric History,,dropdown,Rett Syndrome: Half Siblings-Mat,"0, 0 |  -1,  -1",Detail should be filled out if YES or NOT SURE.,,,,,,y,,
q21_3e_hs_p,CPEA STAART Medical and Psychiatric History,,dropdown,Rett Syndrome: Half Siblings-Pat,"0, 0 |  -1,  -1",Detail should be filled out if YES or NOT SURE.,,,,,,y,,
q21_3e_fc_m,CPEA STAART Medical and Psychiatric History,,dropdown,Rett Syndrome: First Cousins-Mat,"0, 0 |  -1,  -1",Detail should be filled out if YES or NOT SURE.,,,,,,y,,
q21_3e_fc_p,CPEA STAART Medical and Psychiatric History,,dropdown,Rett Syndrome: First Cousins-Pat,"0, 0 |  -1,  -1",Detail should be filled out if YES or NOT SURE.,,,,,,y,,
q21_3e_au_m,CPEA STAART Medical and Psychiatric History,,dropdown,Rett Syndrome: Aunts and Uncles-Mat,"0, 0 |  -1,  -1",Detail should be filled out if YES or NOT SURE.,,,,,,y,,
q21_3e_au_p,CPEA STAART Medical and Psychiatric History,,dropdown,Rett Syndrome: Aunts and Uncles-Pat,"0, 0 |  -1,  -1",Detail should be filled out if YES or NOT SURE.,,,,,,y,,
q21_3e_g_m,CPEA STAART Medical and Psychiatric History,,dropdown,Rett Syndrome: Grandparents-Mat,"0, 0 |  -1,  -1",Detail should be filled out if YES or NOT SURE.,,,,,,y,,
q21_3e_g_p,CPEA STAART Medical and Psychiatric History,,dropdown,Rett Syndrome: Grandparents-Pat,"0, 0 |  -1,  -1",Detail should be filled out if YES or NOT SURE.,,,,,,y,,
q21_3e_s1,CPEA STAART Medical and Psychiatric History,,text,Rett Syndrome: Other-Specify,,Detail should be filled out if YES or NOT SURE.,,,,,,y,,
q21_3f,CPEA STAART Medical and Psychiatric History,,dropdown,Childhood Disintegration Disorder,"0, 0 |  1,  1 |  2,  2 |  -7,  -7 |  -8,  -8 |  -9,  -9","Field should not be left blank. If missing, please use -7, 8, -9.",,,,,,y,,
q21_3f_c,CPEA STAART Medical and Psychiatric History,,dropdown,Childhood Disintegration Disorder: Child,"0, 0 |  -1,  -1",Detail should be filled out if YES or NOT SURE.,,,,,,y,,
q21_3f_p_m,CPEA STAART Medical and Psychiatric History,,dropdown,Childhood Disintegration Disorder: Parents of Child-Mom,"0, 0 |  -1,  -1",Detail should be filled out if YES or NOT SURE.,,,,,,y,,
q21_3f_p_d,CPEA STAART Medical and Psychiatric History,,dropdown,Childhood Disintegration Disorder: Parents of Child-Dad,"0, 0 |  -1,  -1",Detail should be filled out if YES or NOT SURE.,,,,,,y,,
q21_3f_s,CPEA STAART Medical and Psychiatric History,,dropdown,Childhood Disintegration Disorder: Siblings,"0, 0 |  -1,  -1",Detail should be filled out if YES or NOT SURE.,,,,,,y,,
q21_3f_hs_m,CPEA STAART Medical and Psychiatric History,,dropdown,Childhood Disintegration Disorder: Half Siblings-Mat,"0, 0 |  -1,  -1",Detail should be filled out if YES or NOT SURE.,,,,,,y,,
q21_3f_hs_p,CPEA STAART Medical and Psychiatric History,,dropdown,Childhood Disintegration Disorder: Half Siblings-Pat,"0, 0 |  -1,  -1",Detail should be filled out if YES or NOT SURE.,,,,,,y,,
q21_3f_fc_m,CPEA STAART Medical and Psychiatric History,,dropdown,Childhood Disintegration Disorder: First Cousins-Mat,"0, 0 |  -1,  -1",Detail should be filled out if YES or NOT SURE.,,,,,,y,,
q21_3f_fc_p,CPEA STAART Medical and Psychiatric History,,dropdown,Childhood Disintegration Disorder: First Cousins-Pat,"0, 0 |  -1,  -1",Detail should be filled out if YES or NOT SURE.,,,,,,y,,
q21_3f_au_m,CPEA STAART Medical and Psychiatric History,,dropdown,Childhood Disintegration Disorder: Aunts and Uncles-Mat,"0, 0 |  -1,  -1",Detail should be filled out if YES or NOT SURE.,,,,,,y,,
q21_3f_au_p,CPEA STAART Medical and Psychiatric History,,dropdown,Childhood Disintegration Disorder: Aunts and Uncles-Pat,"0, 0 |  -1,  -1",Detail should be filled out if YES or NOT SURE.,,,,,,y,,
q21_3f_g_m,CPEA STAART Medical and Psychiatric History,,dropdown,Childhood Disintegration Disorder: Grandparents-Mat,"0, 0 |  -1,  -1",Detail should be filled out if YES or NOT SURE.,,,,,,y,,
q21_3f_g_p,CPEA STAART Medical and Psychiatric History,,dropdown,Childhood Disintegration Disorder: Grandparents-Pat,"0, 0 |  -1,  -1",Detail should be filled out if YES or NOT SURE.,,,,,,y,,
q21_3f_s1,CPEA STAART Medical and Psychiatric History,,text,Childhood Disintegration Disorder: Other-Specify,,Detail should be filled out if YES or NOT SURE.,,,,,,y,,
q21_3g,CPEA STAART Medical and Psychiatric History,,dropdown,Prader Willi Syndrome,"0, 0 |  1,  1 |  2,  2 |  -7,  -7 |  -8,  -8 |  -9,  -9","Field should not be left blank. If missing, please use -7, 8, -9.",,,,,,y,,
q21_3g_c,CPEA STAART Medical and Psychiatric History,,dropdown,Prader Willi Syndrome: Child,"0, 0 |  -1,  -1",Detail should be filled out if YES or NOT SURE.,,,,,,y,,
q21_3g_p_m,CPEA STAART Medical and Psychiatric History,,dropdown,Prader Willi Syndrome: Parents of Child-Mom,"0, 0 |  -1,  -1",Detail should be filled out if YES or NOT SURE.,,,,,,y,,
q21_3g_p_d,CPEA STAART Medical and Psychiatric History,,dropdown,Prader Willi Syndrome: Parents of Child-Dad,"0, 0 |  -1,  -1",Detail should be filled out if YES or NOT SURE.,,,,,,y,,
q21_3g_s,CPEA STAART Medical and Psychiatric History,,dropdown,Prader Willi Syndrome: Siblings,"0, 0 |  -1,  -1",Detail should be filled out if YES or NOT SURE.,,,,,,y,,
q21_3g_hs_m,CPEA STAART Medical and Psychiatric History,,dropdown,Prader Willi Syndrome: Half Siblings-Mat,"0, 0 |  -1,  -1",Detail should be filled out if YES or NOT SURE.,,,,,,y,,
q21_3g_hs_p,CPEA STAART Medical and Psychiatric History,,dropdown,Prader Willi Syndrome: Half Siblings-Pat,"0, 0 |  -1,  -1",Detail should be filled out if YES or NOT SURE.,,,,,,y,,
q21_3g_fc_m,CPEA STAART Medical and Psychiatric History,,dropdown,Prader Willi Syndrome: First Cousins-Mat,"0, 0 |  -1,  -1",Detail should be filled out if YES or NOT SURE.,,,,,,y,,
q21_3g_fc_p,CPEA STAART Medical and Psychiatric History,,dropdown,Prader Willi Syndrome: First Cousins-Pat,"0, 0 |  -1,  -1",Detail should be filled out if YES or NOT SURE.,,,,,,y,,
q21_3g_au_m,CPEA STAART Medical and Psychiatric History,,dropdown,Prader Willi Syndrome: Aunts and Uncles-Mat,"0, 0 |  -1,  -1",Detail should be filled out if YES or NOT SURE.,,,,,,y,,
q21_3g_au_p,CPEA STAART Medical and Psychiatric History,,dropdown,Prader Willi Syndrome: Aunts and Uncles-Pat,"0, 0 |  -1,  -1",Detail should be filled out if YES or NOT SURE.,,,,,,y,,
q21_3g_g_m,CPEA STAART Medical and Psychiatric History,,dropdown,Prader Willi Syndrome: Grandparents-Mat,"0, 0 |  -1,  -1",Detail should be filled out if YES or NOT SURE.,,,,,,y,,
q21_3g_g_p,CPEA STAART Medical and Psychiatric History,,dropdown,Prader Willi Syndrome: Grandparents-Pat,"0, 0 |  -1,  -1",Detail should be filled out if YES or NOT SURE.,,,,,,y,,
q21_3g_s1,CPEA STAART Medical and Psychiatric History,,text,Prader Willi Syndrome: Other-Specify,,Detail should be filled out if YES or NOT SURE.,,,,,,y,,
q21_3h,CPEA STAART Medical and Psychiatric History,,dropdown,Angelman Syndrome,"0, 0 |  1,  1 |  2,  2 |  -7,  -7 |  -8,  -8 |  -9,  -9","Field should not be left blank. If missing, please use -7, 8, -9.",,,,,,y,,
q21_3h_c,CPEA STAART Medical and Psychiatric History,,dropdown,Angelman Syndrome: Child,"0, 0 |  -1,  -1",Detail should be filled out if YES or NOT SURE.,,,,,,y,,
q21_3h_p_m,CPEA STAART Medical and Psychiatric History,,dropdown,Angelman Syndrome: Parents of Child-Mom,"0, 0 |  -1,  -1",Detail should be filled out if YES or NOT SURE.,,,,,,y,,
q21_3h_p_d,CPEA STAART Medical and Psychiatric History,,dropdown,Angelman Syndrome: Parents of Child-Dad,"0, 0 |  -1,  -1",Detail should be filled out if YES or NOT SURE.,,,,,,y,,
q21_3h_s,CPEA STAART Medical and Psychiatric History,,dropdown,Angelman Syndrome: Siblings,"0, 0 |  -1,  -1",Detail should be filled out if YES or NOT SURE.,,,,,,y,,
q21_3h_hs_m,CPEA STAART Medical and Psychiatric History,,dropdown,Angelman Syndrome: Half Siblings-Mat,"0, 0 |  -1,  -1",Detail should be filled out if YES or NOT SURE.,,,,,,y,,
q21_3h_hs_p,CPEA STAART Medical and Psychiatric History,,dropdown,Angelman Syndrome: Half Siblings-Pat,"0, 0 |  -1,  -1",Detail should be filled out if YES or NOT SURE.,,,,,,y,,
q21_3h_fc_m,CPEA STAART Medical and Psychiatric History,,dropdown,Angelman Syndrome: First Cousins-Mat,"0, 0 |  -1,  -1",Detail should be filled out if YES or NOT SURE.,,,,,,y,,
q21_3h_fc_p,CPEA STAART Medical and Psychiatric History,,dropdown,Angelman Syndrome: First Cousins-Pat,"0, 0 |  -1,  -1",Detail should be filled out if YES or NOT SURE.,,,,,,y,,
q21_3h_au_m,CPEA STAART Medical and Psychiatric History,,dropdown,Angelman Syndrome: Aunts and Uncles-Mat,"0, 0 |  -1,  -1",Detail should be filled out if YES or NOT SURE.,,,,,,y,,
q21_3h_au_p,CPEA STAART Medical and Psychiatric History,,dropdown,Angelman Syndrome: Aunts and Uncles-Pat,"0, 0 |  -1,  -1",Detail should be filled out if YES or NOT SURE.,,,,,,y,,
q21_3h_g_m,CPEA STAART Medical and Psychiatric History,,dropdown,Angelman Syndrome: Grandparents-Mat,"0, 0 |  -1,  -1",Detail should be filled out if YES or NOT SURE.,,,,,,y,,
q21_3h_g_p,CPEA STAART Medical and Psychiatric History,,dropdown,Angelman Syndrome: Grandparents-Pat,"0, 0 |  -1,  -1",Detail should be filled out if YES or NOT SURE.,,,,,,y,,
q21_3h_s1,CPEA STAART Medical and Psychiatric History,,text,Angelman Syndrome: Other-Specify,,Detail should be filled out if YES or NOT SURE.,,,,,,y,,
q21_3i,CPEA STAART Medical and Psychiatric History,,dropdown,"Other chromosomal abnormality, disorder or syndrome","0, 0 |  1,  1 |  2,  2 |  -7,  -7 |  -8,  -8 |  -9,  -9","Field should not be left blank. If missing, please use -7, 8, -9.",,,,,,y,,
q21_3i_s2,CPEA STAART Medical and Psychiatric History,,text,"Other chromosomal abnormality, disorder or syndrome: Specify",,Detail should be filled out if YES or NOT SURE.,,,,,,y,,
q21_3i_c,CPEA STAART Medical and Psychiatric History,,dropdown,"Other chromosomal abnormality, disorder or syndrome: Child","0, 0 |  -1,  -1",Detail should be filled out if YES or NOT SURE.,,,,,,y,,
q21_3i_p_m,CPEA STAART Medical and Psychiatric History,,dropdown,"Other chromosomal abnormality, disorder or syndrome: Parents of Child-Mom","0, 0 |  -1,  -1",Detail should be filled out if YES or NOT SURE.,,,,,,y,,
q21_3i_p_d,CPEA STAART Medical and Psychiatric History,,dropdown,"Other chromosomal abnormality, disorder or syndrome: Parents of Child-Dad","0, 0 |  -1,  -1",Detail should be filled out if YES or NOT SURE.,,,,,,y,,
q21_3i_s,CPEA STAART Medical and Psychiatric History,,dropdown,"Other chromosomal abnormality, disorder or syndrome: Siblings","0, 0 |  -1,  -1",Detail should be filled out if YES or NOT SURE.,,,,,,y,,
q21_3i_hs_m,CPEA STAART Medical and Psychiatric History,,dropdown,"Other chromosomal abnormality, disorder or syndrome: Half Siblings-Mat","0, 0 |  -1,  -1",Detail should be filled out if YES or NOT SURE.,,,,,,y,,
q21_3i_hs_p,CPEA STAART Medical and Psychiatric History,,dropdown,"Other chromosomal abnormality, disorder or syndrome: Half Siblings-Pat","0, 0 |  -1,  -1",Detail should be filled out if YES or NOT SURE.,,,,,,y,,
q21_3i_fc_m,CPEA STAART Medical and Psychiatric History,,dropdown,"Other chromosomal abnormality, disorder or syndrome: First Cousins-Mat","0, 0 |  -1,  -1",Detail should be filled out if YES or NOT SURE.,,,,,,y,,
q21_3i_fc_p,CPEA STAART Medical and Psychiatric History,,dropdown,"Other chromosomal abnormality, disorder or syndrome: First Cousins-Pat","0, 0 |  -1,  -1",Detail should be filled out if YES or NOT SURE.,,,,,,y,,
q21_3i_au_m,CPEA STAART Medical and Psychiatric History,,dropdown,"Other chromosomal abnormality, disorder or syndrome: Aunts and Uncles-Mat","0, 0 |  -1,  -1",Detail should be filled out if YES or NOT SURE.,,,,,,y,,
q21_3i_au_p,CPEA STAART Medical and Psychiatric History,,dropdown,"Other chromosomal abnormality, disorder or syndrome: Aunts and Uncles-Pat","0, 0 |  -1,  -1",Detail should be filled out if YES or NOT SURE.,,,,,,y,,
q21_3i_g_m,CPEA STAART Medical and Psychiatric History,,dropdown,"Other chromosomal abnormality, disorder or syndrome: Grandparents-Mat","0, 0 |  -1,  -1",Detail should be filled out if YES or NOT SURE.,,,,,,y,,
q21_3i_g_p,CPEA STAART Medical and Psychiatric History,,dropdown,"Other chromosomal abnormality, disorder or syndrome: Grandparents-Pat","0, 0 |  -1,  -1",Detail should be filled out if YES or NOT SURE.,,,,,,y,,
q21_3i_s1,CPEA STAART Medical and Psychiatric History,,text,"Other chromosomal abnormality, disorder or syndrome: Other-Specify",,Detail should be filled out if YES or NOT SURE.,,,,,,y,,
q21_3j,CPEA STAART Medical and Psychiatric History,,dropdown,Congential rubella,"0, 0 |  1,  1 |  2,  2 |  -7,  -7 |  -8,  -8 |  -9,  -9","Field should not be left blank. If missing, please use -7, 8, -9.",,,,,,y,,
q21_3j_c,CPEA STAART Medical and Psychiatric History,,dropdown,Congential rubella: Child,"0, 0 |  -1,  -1",Detail should be filled out if YES or NOT SURE.,,,,,,y,,
q21_3j_p_m,CPEA STAART Medical and Psychiatric History,,dropdown,Congential rubella: Parents of Child-Mom,"0, 0 |  -1,  -1",Detail should be filled out if YES or NOT SURE.,,,,,,y,,
q21_3j_p_d,CPEA STAART Medical and Psychiatric History,,dropdown,Congential rubella: Parents of Child-Dad,"0, 0 |  -1,  -1",Detail should be filled out if YES or NOT SURE.,,,,,,y,,
q21_3j_s,CPEA STAART Medical and Psychiatric History,,dropdown,Congential rubella: Siblings,"0, 0 |  -1,  -1",Detail should be filled out if YES or NOT SURE.,,,,,,y,,
q21_3j_hs_m,CPEA STAART Medical and Psychiatric History,,dropdown,Congential rubella: Half Siblings-Mat,"0, 0 |  -1,  -1",Detail should be filled out if YES or NOT SURE.,,,,,,y,,
q21_3j_hs_p,CPEA STAART Medical and Psychiatric History,,dropdown,Congential rubella: Half Siblings-Pat,"0, 0 |  -1,  -1",Detail should be filled out if YES or NOT SURE.,,,,,,y,,
q21_3j_fc_m,CPEA STAART Medical and Psychiatric History,,dropdown,Congential rubella: First Cousins-Mat,"0, 0 |  -1,  -1",Detail should be filled out if YES or NOT SURE.,,,,,,y,,
q21_3j_fc_p,CPEA STAART Medical and Psychiatric History,,dropdown,Congential rubella: First Cousins-Pat,"0, 0 |  -1,  -1",Detail should be filled out if YES or NOT SURE.,,,,,,y,,
q21_3j_au_m,CPEA STAART Medical and Psychiatric History,,dropdown,Congential rubella: Aunts and Uncles-Mat,"0, 0 |  -1,  -1",Detail should be filled out if YES or NOT SURE.,,,,,,y,,
q21_3j_au_p,CPEA STAART Medical and Psychiatric History,,dropdown,Congential rubella: Aunts and Uncles-Pat,"0, 0 |  -1,  -1",Detail should be filled out if YES or NOT SURE.,,,,,,y,,
q21_3j_g_m,CPEA STAART Medical and Psychiatric History,,dropdown,Congential rubella: Grandparents-Mat,"0, 0 |  -1,  -1",Detail should be filled out if YES or NOT SURE.,,,,,,y,,
q21_3j_g_p,CPEA STAART Medical and Psychiatric History,,dropdown,Congential rubella: Grandparents-Pat,"0, 0 |  -1,  -1",Detail should be filled out if YES or NOT SURE.,,,,,,y,,
q21_3j_s1,CPEA STAART Medical and Psychiatric History,,text,Congential rubella: Other-Specify,,Detail should be filled out if YES or NOT SURE.,,,,,,y,,
q21_3k,CPEA STAART Medical and Psychiatric History,,dropdown,PKU,"0, 0 |  1,  1 |  2,  2 |  -7,  -7 |  -8,  -8 |  -9,  -9","Field should not be left blank. If missing, please use -7, 8, -9.",,,,,,y,,
q21_3k_c,CPEA STAART Medical and Psychiatric History,,dropdown,PKU: Child,"0, 0 |  -1,  -1",Detail should be filled out if YES or NOT SURE.,,,,,,y,,
q21_3k_p_m,CPEA STAART Medical and Psychiatric History,,dropdown,PKU: Parents of Child-Mom,"0, 0 |  -1,  -1",Detail should be filled out if YES or NOT SURE.,,,,,,y,,
q21_3k_p_d,CPEA STAART Medical and Psychiatric History,,dropdown,PKU: Parents of Child-Dad,"0, 0 |  -1,  -1",Detail should be filled out if YES or NOT SURE.,,,,,,y,,
q21_3k_s,CPEA STAART Medical and Psychiatric History,,dropdown,PKU: Siblings,"0, 0 |  -1,  -1",Detail should be filled out if YES or NOT SURE.,,,,,,y,,
q21_3k_hs_m,CPEA STAART Medical and Psychiatric History,,dropdown,PKU: Half Siblings-Mat,"0, 0 |  -1,  -1",Detail should be filled out if YES or NOT SURE.,,,,,,y,,
q21_3k_hs_p,CPEA STAART Medical and Psychiatric History,,dropdown,PKU: Half Siblings-Pat,"0, 0 |  -1,  -1",Detail should be filled out if YES or NOT SURE.,,,,,,y,,
q21_3k_fc_m,CPEA STAART Medical and Psychiatric History,,dropdown,PKU: First Cousins-Mat,"0, 0 |  -1,  -1",Detail should be filled out if YES or NOT SURE.,,,,,,y,,
q21_3k_fc_p,CPEA STAART Medical and Psychiatric History,,dropdown,PKU: First Cousins-Pat,"0, 0 |  -1,  -1",Detail should be filled out if YES or NOT SURE.,,,,,,y,,
q21_3k_au_m,CPEA STAART Medical and Psychiatric History,,dropdown,PKU: Aunts and Uncles-Mat,"0, 0 |  -1,  -1",Detail should be filled out if YES or NOT SURE.,,,,,,y,,
q21_3k_au_p,CPEA STAART Medical and Psychiatric History,,dropdown,PKU: Aunts and Uncles-Pat,"0, 0 |  -1,  -1",Detail should be filled out if YES or NOT SURE.,,,,,,y,,
q21_3k_g_m,CPEA STAART Medical and Psychiatric History,,dropdown,PKU: Grandparents-Mat,"0, 0 |  -1,  -1",Detail should be filled out if YES or NOT SURE.,,,,,,y,,
q21_3k_g_p,CPEA STAART Medical and Psychiatric History,,dropdown,PKU: Grandparents-Pat,"0, 0 |  -1,  -1",Detail should be filled out if YES or NOT SURE.,,,,,,y,,
q21_3k_s1,CPEA STAART Medical and Psychiatric History,,text,PKU: Other-Specify,,Detail should be filled out if YES or NOT SURE.,,,,,,y,,
q21_3l,CPEA STAART Medical and Psychiatric History,,dropdown,Hydrocephalus (water on the brain),"0, 0 |  1,  1 |  2,  2 |  -7,  -7 |  -8,  -8 |  -9,  -9","Field should not be left blank. If missing, please use -7, 8, -9.",,,,,,y,,
q21_3l_c,CPEA STAART Medical and Psychiatric History,,dropdown,Hydrocephalus (water on the brain): Child,"0, 0 |  -1,  -1",Detail should be filled out if YES or NOT SURE.,,,,,,y,,
q21_3l_p_m,CPEA STAART Medical and Psychiatric History,,dropdown,Hydrocephalus (water on the brain): Parents of Child-Mom,"0, 0 |  -1,  -1",Detail should be filled out if YES or NOT SURE.,,,,,,y,,
q21_3l_p_d,CPEA STAART Medical and Psychiatric History,,dropdown,Hydrocephalus (water on the brain): Parents of Child-Dad,"0, 0 |  -1,  -1",Detail should be filled out if YES or NOT SURE.,,,,,,y,,
q21_3l_s,CPEA STAART Medical and Psychiatric History,,dropdown,Hydrocephalus (water on the brain): Siblings,"0, 0 |  -1,  -1",Detail should be filled out if YES or NOT SURE.,,,,,,y,,
q21_3l_hs_m,CPEA STAART Medical and Psychiatric History,,dropdown,Hydrocephalus (water on the brain): Half Siblings-Mat,"0, 0 |  -1,  -1",Detail should be filled out if YES or NOT SURE.,,,,,,y,,
q21_3l_hs_p,CPEA STAART Medical and Psychiatric History,,dropdown,Hydrocephalus (water on the brain): Half Siblings-Pat,"0, 0 |  -1,  -1",Detail should be filled out if YES or NOT SURE.,,,,,,y,,
q21_3l_fc_m,CPEA STAART Medical and Psychiatric History,,dropdown,Hydrocephalus (water on the brain): First Cousins-Mat,"0, 0 |  -1,  -1",Detail should be filled out if YES or NOT SURE.,,,,,,y,,
q21_3l_fc_p,CPEA STAART Medical and Psychiatric History,,dropdown,Hydrocephalus (water on the brain): First Cousins-Pat,"0, 0 |  -1,  -1",Detail should be filled out if YES or NOT SURE.,,,,,,y,,
q21_3l_au_m,CPEA STAART Medical and Psychiatric History,,dropdown,Hydrocephalus (water on the brain): Aunts and Uncles-Mat,"0, 0 |  -1,  -1",Detail should be filled out if YES or NOT SURE.,,,,,,y,,
