Variable / Field Name,Form Name,Section Header,Field Type,Field Label,"Choices, Calculations, OR Slider Labels",Field Note,Text Validation Type OR Show Slider Number,Text Validation Min,Text Validation Max,Identifier?,Branching Logic (Show field only if...),Required Field?,Custom Alignment,Question Number (surveys only)
subjectkey,Conners Teacher Rating Scales (CTRS) 1997,NDAR Required,text,The NDAR Global Unique Identifier (GUID) for subjects which identifies a subject in NDAR,,,,,,,,y,,
src_subject_id,Conners Teacher Rating Scales (CTRS) 1997,,text,The site's subject identification,,,,,,,,y,,
interview_date,Conners Teacher Rating Scales (CTRS) 1997,,text,Date on which the interview/genetic test/sampling/imaging was completed,"MM/yyyy, MM/yyyy | MM/dd/yyyy, MM/dd/yyyy",* '01/01/1900' indicates that a date associated with retrospective data is not known.,date_ymd,,,,,y,,
interview_age,Conners Teacher Rating Scales (CTRS) 1997,,text,Age in months at the time of the interview/test/sampling/imaging.,,Age is rounded to chronological month If the research participant is 13 days old at time of interview  the appropriate value would be 0 months if the participant is 19 days old the value would be 1 month,number,0,1200,,,y,,
defiant,Conners Teacher Rating Scales (CTRS) 1997,,text,Defiant,,,number,0,3,,,y,,
squirmy,Conners Teacher Rating Scales (CTRS) 1997,,text,Squirmy,,,number,0,3,,,y,,
forgets,Conners Teacher Rating Scales (CTRS) 1997,,text,Forgets,,,number,0,3,,,y,,
unaccepted,Conners Teacher Rating Scales (CTRS) 1997,,text,Unaccepted,,,number,0,3,,,y,,
easily_hurt,Conners Teacher Rating Scales (CTRS) 1997,,text,Easily hurt,,,number,0,3,,,y,,
perfectionist,Conners Teacher Rating Scales (CTRS) 1997,,text,Perfectionist,,,number,0,3,,,y,,
temper_outburst,Conners Teacher Rating Scales (CTRS) 1997,,text,Outbursts,,,number,0,3,,,y,,
excitable,Conners Teacher Rating Scales (CTRS) 1997,,text,Excitable,,,number,0,3,,,y,,
fails_attention,Conners Teacher Rating Scales (CTRS) 1997,,text,Fails attention,,,number,0,3,,,y,,
sassy,Conners Teacher Rating Scales (CTRS) 1997,,text,Sassy,,,number,0,3,,,y,,
on_the_go,Conners Teacher Rating Scales (CTRS) 1997,,text,On the go,,,number,0,3,,,y,,
avoids_mental_effort,Conners Teacher Rating Scales (CTRS) 1997,,text,Avoids mental effort,,,number,0,3,,,y,,
last_picked,Conners Teacher Rating Scales (CTRS) 1997,,text,last picked,,,number,0,3,,,y,,
emotional,Conners Teacher Rating Scales (CTRS) 1997,,text,Emotional,,,number,0,3,,,y,,
just_so,Conners Teacher Rating Scales (CTRS) 1997,,text,Just so,,,number,0,3,,,y,,
restless,Conners Teacher Rating Scales (CTRS) 1997,,text,Restless,,,number,0,3,,,y,,
fails_finish,Conners Teacher Rating Scales (CTRS) 1997,,text,Fails finish,,,number,0,3,,,y,,
does_not_listen,Conners Teacher Rating Scales (CTRS) 1997,,text,Does not listed,,,number,0,3,,,y,,
defies,Conners Teacher Rating Scales (CTRS) 1997,,text,Defies,,,number,0,3,,,y,,
leaves_seat,Conners Teacher Rating Scales (CTRS) 1997,,text,Leaves seat,,,number,0,3,,,y,,
poor_spelling,Conners Teacher Rating Scales (CTRS) 1997,,text,Poor spelling,,,number,0,3,,,y,,
no_friends,Conners Teacher Rating Scales (CTRS) 1997,,text,No friends,,,number,0,3,,,y,,
timid,Conners Teacher Rating Scales (CTRS) 1997,,text,Timid,,,number,0,3,,,y,,
checks_things,Conners Teacher Rating Scales (CTRS) 1997,,text,Checks things,,,number,0,3,,,y,,
cries,Conners Teacher Rating Scales (CTRS) 1997,,text,Cries,,,number,0,3,,,y,,
inattentive,Conners Teacher Rating Scales (CTRS) 1997,,text,Inattentive,,,number,0,3,,,y,,
difficulty_organising,Conners Teacher Rating Scales (CTRS) 1997,,text,Desorganized,,,number,0,3,,,y,,
difficulty_sustaining,Conners Teacher Rating Scales (CTRS) 1997,,text,Sustaining,,,number,0,3,,,y,,
difficulty_waiting,Conners Teacher Rating Scales (CTRS) 1997,,text,Waiting,,,number,0,3,,,y,,
reading,Conners Teacher Rating Scales (CTRS) 1997,,text,Reading,,,number,0,3,,,y,,
how_to_make_friends,Conners Teacher Rating Scales (CTRS) 1997,,text,Make friends,,,number,0,3,,,y,,
criticism,Conners Teacher Rating Scales (CTRS) 1997,,text,Criticism,,,number,0,3,,,y,,
details,Conners Teacher Rating Scales (CTRS) 1997,,text,Details,,,number,0,3,,,y,,
fidgeting,Conners Teacher Rating Scales (CTRS) 1997,,text,Fidgeting,,,number,0,3,,,y,,
disturbs_others,Conners Teacher Rating Scales (CTRS) 1997,,text,Disturbs others,,,number,0,3,,,y,,
talks,Conners Teacher Rating Scales (CTRS) 1997,,text,Talks,,,number,0,3,,,y,,
argues,Conners Teacher Rating Scales (CTRS) 1997,,text,Argues,,,number,0,3,,,y,,
remain_still,Conners Teacher Rating Scales (CTRS) 1997,,text,Remains still,,,number,0,3,,,y,,
runs_about,Conners Teacher Rating Scales (CTRS) 1997,,text,Runs about,,,number,0,3,,,y,,
interest_schoolwork,Conners Teacher Rating Scales (CTRS) 1997,,text,Interest in schoolwork,,,number,0,3,,,y,,
poor_social_skills,Conners Teacher Rating Scales (CTRS) 1997,,text,Poor social skills,,,number,0,3,,,y,,
difficulty_playing,Conners Teacher Rating Scales (CTRS) 1997,,text,Playing,,,number,0,3,,,y,,
neat,Conners Teacher Rating Scales (CTRS) 1997,,text,Neat,,,number,0,3,,,y,,
hands_feet,Conners Teacher Rating Scales (CTRS) 1997,,text,Hands/feet,,,number,0,3,,,y,,
easily_frustrated,Conners Teacher Rating Scales (CTRS) 1997,,text,Easily frustrated,,,number,0,3,,,y,,
blurts_out,Conners Teacher Rating Scales (CTRS) 1997,,text,Blurts out,,,number,0,3,,,y,,
spiteful,Conners Teacher Rating Scales (CTRS) 1997,,text,Spiteful,,,number,0,3,,,y,,
short_attention,Conners Teacher Rating Scales (CTRS) 1997,,text,Short attention,,,number,0,3,,,y,,
loses_things,Conners Teacher Rating Scales (CTRS) 1997,,text,Loses things,,,number,0,3,,,y,,
interested_attention,Conners Teacher Rating Scales (CTRS) 1997,,text,Interested/attentive,,,number,0,3,,,y,,
shy,Conners Teacher Rating Scales (CTRS) 1997,,text,Shy,,,number,0,3,,,y,,
distractibility,Conners Teacher Rating Scales (CTRS) 1997,,text,Distractible,,,number,0,3,,,y,,
same_way,Conners Teacher Rating Scales (CTRS) 1997,,text,Sameness,,,number,0,3,,,y,,
mood_changes,Conners Teacher Rating Scales (CTRS) 1997,,text,Mood changes,,,number,0,3,,,y,,
interrupts,Conners Teacher Rating Scales (CTRS) 1997,,text,Interrupts,,,number,0,3,,,y,,
poor_arithmetic,Conners Teacher Rating Scales (CTRS) 1997,,text,Arithmetic,,,number,0,3,,,y,,
instructions,Conners Teacher Rating Scales (CTRS) 1997,,text,instructions,,,number,0,3,,,y,,
extaneous_stim,Conners Teacher Rating Scales (CTRS) 1997,,text,Extraneous stimulation,,,number,0,3,,,y,,
oppositional_raw,Conners Teacher Rating Scales (CTRS) 1997,,text,Oppositional/raw,,,number,0,40,,,y,,
oppositional_t,Conners Teacher Rating Scales (CTRS) 1997,,text,Oppositional/t,,,number,38,90,,,y,,
cognitive_problems_raw,Conners Teacher Rating Scales (CTRS) 1997,,text,Cognitive problems/raw,,,number,0,36,,,y,,
cognitive_problems_t,Conners Teacher Rating Scales (CTRS) 1997,,text,Cognitive problems/t,,,number,38,90,,,y,,
hyperactivity_raw,Conners Teacher Rating Scales (CTRS) 1997,,text,Hyperactivity/raw,,,number,0,30,,,y,,
hyperactivity_t,Conners Teacher Rating Scales (CTRS) 1997,,text,Hyperactivity/t,,,number,38,90,,,y,,
anxious_raw,Conners Teacher Rating Scales (CTRS) 1997,,text,Anxious/raw,,,number,0,30,,,y,,
anxious_t,Conners Teacher Rating Scales (CTRS) 1997,,text,Anxious/t,,,number,38,90,,,y,,
perfectionism_raw,Conners Teacher Rating Scales (CTRS) 1997,,text,Perfectionism/raw,,,number,0,21,,,y,,
perfectionism_t,Conners Teacher Rating Scales (CTRS) 1997,,text,Perfectionism/t,,,number,38,90,,,y,,
social_problems_raw,Conners Teacher Rating Scales (CTRS) 1997,,text,Social/raw,,,number,0,15,,,y,,
social_problems_t,Conners Teacher Rating Scales (CTRS) 1997,,text,Social/t,,,number,38,90,,,y,,
conners_adhd_raw,Conners Teacher Rating Scales (CTRS) 1997,,text,Conners ADHD/raw,,,number,0,36,,,y,,
conners_adhd_t,Conners Teacher Rating Scales (CTRS) 1997,,text,Conners ADHD/t,,,number,38,90,,,y,,
conners_gi_restless_raw,Conners Teacher Rating Scales (CTRS) 1997,,text,Conners GI restless/raw,,,number,0,21,,,y,,
conners_gi_restless_t,Conners Teacher Rating Scales (CTRS) 1997,,text,Conners GI restless/t,,,number,38,90,,,y,,
conners_gi_emotional_raw,Conners Teacher Rating Scales (CTRS) 1997,,text,Conners GI emotion/raw,,,number,0,12,,,y,,
conners_gi_emotional_t,Conners Teacher Rating Scales (CTRS) 1997,,text,Conners GI emotion/t,,,number,38,90,,,y,,
conners_gi_total_raw,Conners Teacher Rating Scales (CTRS) 1997,,text,Conners GI total/raw,,,number,0,30,,,y,,
conners_gi_total_t,Conners Teacher Rating Scales (CTRS) 1997,,text,Conners GI total/t,,,number,38,90,,,y,,
dsm_inattentive_raw,Conners Teacher Rating Scales (CTRS) 1997,,text,DSM inattetive/raw,,,number,0,30,,,y,,
dsm_inattentive_t,Conners Teacher Rating Scales (CTRS) 1997,,text,DSM inattentive/t,,,number,38,90,,,y,,
dsm_hyper_impulse_raw,Conners Teacher Rating Scales (CTRS) 1997,,text,DSM impulsivity/raw,,,number,0,27,,,y,,
dsm_hyper_impulse_t,Conners Teacher Rating Scales (CTRS) 1997,,text,DSM impulsivity/rt,,,number,38,90,,,y,,
dsm_total_raw,Conners Teacher Rating Scales (CTRS) 1997,,text,DSM total/raw,,,number,0,54,,,y,,
dsm_total_t,Conners Teacher Rating Scales (CTRS) 1997,,text,DSM total/t,,,number,38,90,,,y,,
innat_sympts,Conners Teacher Rating Scales (CTRS) 1997,,text,Inattentive Symptoms Score,,,number,0,9,,,y,,
hypimp_sympts,Conners Teacher Rating Scales (CTRS) 1997,,text,Hyperactive-Impulsive Symptoms Score,,,number,0,9,,,y,,
