Variable / Field Name,Form Name,Section Header,Field Type,Field Label,"Choices, Calculations, OR Slider Labels",Field Note,Text Validation Type OR Show Slider Number,Text Validation Min,Text Validation Max,Identifier?,Branching Logic (Show field only if...),Required Field?,Custom Alignment,Question Number (surveys only)
subjectkey,MacArthur Bates CDI Sentences,01,text,The NDAR Global Unique Identifier (GUID) for subjects which identifies a subject in NDAR,,,,,,,,y,,
src_subject_id,MacArthur Bates CDI Sentences,02,text,The site's subject identification,,,,,,,,y,,
interview_date,MacArthur Bates CDI Sentences,03,text,Date on which the interview/genetic test/sampling/imaging was completed,"MM/yyyy, MM/yyyy | MM/dd/yyyy, MM/dd/yyyy",* '01/01/1900' indicates that a date associated with retrospective data is not known.,date_ymd,,,,,y,,
interview_age,MacArthur Bates CDI Sentences,04,text,Age in months at the time of the interview/test/sampling/imaging.,,Age is rounded to chronological month If the research participant is 13 days old at time of interview  the appropriate value would be 0 months if the participant is 19 days old the value would be 1 month,number,0,1200,,,y,,
gender,MacArthur Bates CDI Sentences,05,dropdown,Gender,"M, M | F, F",,,,,,,,,
mcs_vc_total,MacArthur Bates CDI Sentences,06,text,Total Score Parts 1- 22,,,,,,,,y,,
cs_vc_total,MacArthur Bates CDI Sentences,,text,Total Score Parts 1- 22,,,,,,,,y,,
mcs_wp_perc,MacArthur Bates CDI Sentences,7b,text,If the percentile is not below 1 then provide Words Produced Percentile,,,number,1,99,,,y,,
mcs_wf_total,MacArthur Bates CDI Sentences,08,text,MacArthur Words and Sentences: Word Forms Total Irregular Word Usage,,,,,,,,y,,
mcs_wf_perc_below1,MacArthur Bates CDI Sentences,9a,dropdown,"Is the Word Forms,  Irregular Words, Nouns and Verbs Percentile Below 1?","0, 0 | 1, 1",,,,,,,y,,
mcs_wf_perc,MacArthur Bates CDI Sentences,9b,text,"If the percentile is not below 1 then provide percentile for Word Forms, Irregular Words, Nouns and Verbs",,,number,1,99,,,y,,
mcs_sentmean_morpho,MacArthur Bates CDI Sentences,10,text,Mean of three longest sentences in morphemes,,Changes from integer in v1 of MCI Sentences data structure.,number,1,10,,,y,,
mcs_sentmean_perc_below1,MacArthur Bates CDI Sentences,11a,dropdown,Is the Mean of three longest sentences/Percentile below 1?,"0, 0 | 1, 1",,,,,,,y,,
mcs_sentmean_perc,MacArthur Bates CDI Sentences,11b,text,If the percentile is not below 1 then provide Mean of three longest sentences/Percentile,,,number,1,99,,,y,,
mcs_cx_total,MacArthur Bates CDI Sentences,12,text,MacArthur Words and Sentences: Total Complexity Score,,,,,,,,y,,
mcs_cx_perc_below1,MacArthur Bates CDI Sentences,13a,dropdown,Is the Complexity Score: Percentile below 1?,"0, 0 | 1, 1",,,,,,,y,,
mcs_cx_perc,MacArthur Bates CDI Sentences,13b,text,"If the Complexity Score: Percentile is not below 1, then provide the percentile",,,number,1,99,,,y,,
mcs_vc1_1_baa,MacArthur Bates CDI Sentences,IA0101,dropdown,baa,"0, 0 | 1, 1",,,,,,,y,,
mcs_vc1_2choo,MacArthur Bates CDI Sentences,IA0102,dropdown,choo choo,"0, 0 | 1, 1",,,,,,,y,,
mcs_vc1_3_cockadoo,MacArthur Bates CDI Sentences,IA0103,dropdown,cockadoodle,"0, 0 | 1, 1",,,,,,,y,,
mcs_vc1_4_grr,MacArthur Bates CDI Sentences,IA0104,dropdown,grrr,"0, 0 | 1, 1",,,,,,,y,,
mcs_vc1_5_meow,MacArthur Bates CDI Sentences,IA0105,dropdown,meow,"0, 0 | 1, 1",,,,,,,y,,
mcs_vc1_6_moo,MacArthur Bates CDI Sentences,IA0106,dropdown,moo,"0, 0 | 1, 1",,,,,,,y,,
mcs_vc1_7_ouch,MacArthur Bates CDI Sentences,IA0107,dropdown,ouch,"0, 0 | 1, 1",,,,,,,y,,
mcs_vc1_8_quack,MacArthur Bates CDI Sentences,IA0108,dropdown,quack,"0, 0 | 1, 1",,,,,,,y,,
mcs_vc1_9_uhoh,MacArthur Bates CDI Sentences,IA0109,dropdown,uhoh,"0, 0 | 1, 1",,,,,,,y,,
mcs_vc1_10_vroom,MacArthur Bates CDI Sentences,IA0110,dropdown,vroom,"0, 0 | 1, 1",,,,,,,y,,
mcs_vc1_11_woof,MacArthur Bates CDI Sentences,IA0111,dropdown,woof,"0, 0 | 1, 1",,,,,,,y,,
mcs_vc1_12_yum,MacArthur Bates CDI Sentences,IA0112,dropdown,yum,"0, 0 | 1, 1",,,,,,,y,,
mcs_vc2_1_alli,MacArthur Bates CDI Sentences,IA0201,dropdown,alligator,"0, 0 | 1, 1",,,,,,,y,,
mcs_vc2_2_animal,MacArthur Bates CDI Sentences,IA0202,dropdown,animal,"0, 0 | 1, 1",,,,,,,y,,
mcs_vc2_3ant,MacArthur Bates CDI Sentences,IA0203,dropdown,ant,"0, 0 | 1, 1",,,,,,,y,,
mcs_vc2_4bear,MacArthur Bates CDI Sentences,IA0204,dropdown,bear,"0, 0 | 1, 1",,,,,,,y,,
mcs_vc2_5bee,MacArthur Bates CDI Sentences,IA0205,dropdown,bee,"0, 0 | 1, 1",,,,,,,y,,
mcs_vc2_6bird,MacArthur Bates CDI Sentences,IA0206,dropdown,bird,"0, 0 | 1, 1",,,,,,,y,,
mcs_vc2_7bug,MacArthur Bates CDI Sentences,IA0207,dropdown,bug,"0, 0 | 1, 1",,,,,,,y,,
mcs_vc2_8bunny,MacArthur Bates CDI Sentences,IA0208,dropdown,bunny,"0, 0 | 1, 1",,,,,,,y,,
mcs_vc2_9butterfly,MacArthur Bates CDI Sentences,IA0209,dropdown,butterfly,"0, 0 | 1, 1",,,,,,,y,,
mcs_vc2_10cat,MacArthur Bates CDI Sentences,IA0210,dropdown,cat,"0, 0 | 1, 1",,,,,,,y,,
mcs_vc2_11chicken,MacArthur Bates CDI Sentences,IA0211,dropdown,chicken,"0, 0 | 1, 1",,,,,,,y,,
mcs_vc2_12cow,MacArthur Bates CDI Sentences,IA0212,dropdown,cow,"0, 0 | 1, 1",,,,,,,y,,
mcs_vc2_13deer,MacArthur Bates CDI Sentences,IA0213,dropdown,deer,"0, 0 | 1, 1",,,,,,,y,,
mcs_vc2_14dog,MacArthur Bates CDI Sentences,IA0214,dropdown,dog,"0, 0 | 1, 1",,,,,,,y,,
mcs_vc2_15donkey,MacArthur Bates CDI Sentences,IA0215,dropdown,donkey,"0, 0 | 1, 1",,,,,,,y,,
mcs_vc2_16duck,MacArthur Bates CDI Sentences,IA0216,dropdown,duck,"0, 0 | 1, 1",,,,,,,y,,
mcs_vc2_17elephant,MacArthur Bates CDI Sentences,IA0217,dropdown,elephant,"0, 0 | 1, 1",,,,,,,y,,
mcs_vc2_18fish,MacArthur Bates CDI Sentences,IA0218,dropdown,fish,"0, 0 | 1, 1",,,,,,,y,,
mcs_vc2_19frog,MacArthur Bates CDI Sentences,IA0219,dropdown,frog,"0, 0 | 1, 1",,,,,,,y,,
mcs_vc2_20giraffe,MacArthur Bates CDI Sentences,IA0220,dropdown,giraffe,"0, 0 | 1, 1",,,,,,,y,,
mcs_vc2_21goose,MacArthur Bates CDI Sentences,IA0221,dropdown,goose,"0, 0 | 1, 1",,,,,,,y,,
mcs_vc2_22hen,MacArthur Bates CDI Sentences,IA0222,dropdown,hen,"0, 0 | 1, 1",,,,,,,y,,
mcs_vc2_23horse,MacArthur Bates CDI Sentences,IA0223,dropdown,horse,"0, 0 | 1, 1",,,,,,,y,,
mcs_vc2_24kitty,MacArthur Bates CDI Sentences,IA0224,dropdown,kitty,"0, 0 | 1, 1",,,,,,,y,,
mcs_vc2_25lamb,MacArthur Bates CDI Sentences,IA0225,dropdown,lamb,"0, 0 | 1, 1",,,,,,,y,,
mcs_vc2_26lion,MacArthur Bates CDI Sentences,IA0226,dropdown,lion,"0, 0 | 1, 1",,,,,,,y,,
mcs_vc2_27monkey,MacArthur Bates CDI Sentences,IA0227,dropdown,monkey,"0, 0 | 1, 1",,,,,,,y,,
mcs_vc2_28moose,MacArthur Bates CDI Sentences,IA0228,dropdown,moose,"0, 0 | 1, 1",,,,,,,y,,
mcs_vc2_29mouse,MacArthur Bates CDI Sentences,IA0229,dropdown,mouse,"0, 0 | 1, 1",,,,,,,y,,
mcs_vc2_30owl,MacArthur Bates CDI Sentences,IA0230,dropdown,owl,"0, 0 | 1, 1",,,,,,,y,,
mcs_vc2_31penguin,MacArthur Bates CDI Sentences,IA0231,dropdown,penguin,"0, 0 | 1, 1",,,,,,,y,,
mcs_vc2_32pig,MacArthur Bates CDI Sentences,IA0232,dropdown,pig,"0, 0 | 1, 1",,,,,,,y,,
mcs_vc2_33pony,MacArthur Bates CDI Sentences,IA0233,dropdown,pony,"0, 0 | 1, 1",,,,,,,y,,
mcs_vc2_34puppy,MacArthur Bates CDI Sentences,IA0234,dropdown,puppy,"0, 0 | 1, 1",,,,,,,y,,
mcs_vc2_35rooster,MacArthur Bates CDI Sentences,IA0235,dropdown,rooster,"0, 0 | 1, 1",,,,,,,y,,
mcs_vc2_36sheep,MacArthur Bates CDI Sentences,IA0236,dropdown,sheep,"0, 0 | 1, 1",,,,,,,y,,
mcs_vc2_37squirrel,MacArthur Bates CDI Sentences,IA0237,dropdown,squirrel,"0, 0 | 1, 1",,,,,,,y,,
mcs_vc2_38teddybear,MacArthur Bates CDI Sentences,IA0238,dropdown,teddybear,"0, 0 | 1, 1",,,,,,,y,,
mcs_vc2_39tiger,MacArthur Bates CDI Sentences,IA0239,dropdown,tiger,"0, 0 | 1, 1",,,,,,,y,,
mcs_vc2_40turkey,MacArthur Bates CDI Sentences,IA0240,dropdown,turkey,"0, 0 | 1, 1",,,,,,,y,,
mcs_vc2_41turtle,MacArthur Bates CDI Sentences,IA0241,dropdown,turtle,"0, 0 | 1, 1",,,,,,,y,,
mcs_vc2_42wolf,MacArthur Bates CDI Sentences,IA0242,dropdown,wolf,"0, 0 | 1, 1",,,,,,,y,,
mcs_vc2_43zebra,MacArthur Bates CDI Sentences,IA0243,dropdown,zebra,"0, 0 | 1, 1",,,,,,,y,,
mcs_vc3_1airplane,MacArthur Bates CDI Sentences,IA0301,dropdown,airplane,"0, 0 | 1, 1",,,,,,,y,,
mcs_vc3_2bicycle,MacArthur Bates CDI Sentences,IA0302,dropdown,bicycle,"0, 0 | 1, 1",,,,,,,y,,
mcs_vc3_3boat,MacArthur Bates CDI Sentences,IA0303,dropdown,boat,"0, 0 | 1, 1",,,,,,,y,,
mcs_vc3_4bus,MacArthur Bates CDI Sentences,IA0304,dropdown,bus,"0, 0 | 1, 1",,,,,,,y,,
mcs_vc3_5car,MacArthur Bates CDI Sentences,,dropdown,car,"0, 0 | 1, 1",,,,,,,y,,
mcs_vc3_6firetruck,MacArthur Bates CDI Sentences,IA0306,dropdown,firetruck,"0, 0 | 1, 1",,,,,,,y,,
mcs_vc3_7helicopter,MacArthur Bates CDI Sentences,IA0307,dropdown,helicopter,"0, 0 | 1, 1",,,,,,,y,,
mcs_vc3_8motorcycle,MacArthur Bates CDI Sentences,IA0308,dropdown,motorcycle,"0, 0 | 1, 1",,,,,,,y,,
mcs_vc3_9sled,MacArthur Bates CDI Sentences,IA0309,dropdown,sled,"0, 0 | 1, 1",,,,,,,y,,
mcs_vc3_10stroller,MacArthur Bates CDI Sentences,IA0310,dropdown,stroller,"0, 0 | 1, 1",,,,,,,y,,
mcs_vc3_11tractor,MacArthur Bates CDI Sentences,IA0311,dropdown,tractor,"0, 0 | 1, 1",,,,,,,y,,
mcs_vc3_12train,MacArthur Bates CDI Sentences,IA0312,dropdown,train,"0, 0 | 1, 1",,,,,,,y,,
mcs_vc3_13tricycle,MacArthur Bates CDI Sentences,IA0313,dropdown,tricycle,"0, 0 | 1, 1",,,,,,,y,,
mcs_vc3_14truck,MacArthur Bates CDI Sentences,IA0314,dropdown,truck,"0, 0 | 1, 1",,,,,,,y,,
mcs_vc4_1ball,MacArthur Bates CDI Sentences,IA0401,dropdown,ball,"0, 0 | 1, 1",,,,,,,y,,
mcs_vc4_2balloon,MacArthur Bates CDI Sentences,IA0402,dropdown,balloon,"0, 0 | 1, 1",,,,,,,y,,
mcs_vc4_3bat,MacArthur Bates CDI Sentences,IA0403,dropdown,bat,"0, 0 | 1, 1",,,,,,,y,,
mcs_vc4_4block,MacArthur Bates CDI Sentences,IA0404,dropdown,block,"0, 0 | 1, 1",,,,,,,y,,
mcs_vc4_5book,MacArthur Bates CDI Sentences,IA0405,dropdown,book,"0, 0 | 1, 1",,,,,,,y,,
mcs_vc4_6bubbles,MacArthur Bates CDI Sentences,IA0406,dropdown,bubbles,"0, 0 | 1, 1",,,,,,,y,,
mcs_vc4_7chalk,MacArthur Bates CDI Sentences,IA0407,dropdown,chalk,"0, 0 | 1, 1",,,,,,,y,,
mcs_vc4_8crayon,MacArthur Bates CDI Sentences,IA0408,dropdown,crayon,"0, 0 | 1, 1",,,,,,,y,,
mcs_vc4_9doll,MacArthur Bates CDI Sentences,IA0409,dropdown,doll,"0, 0 | 1, 1",,,,,,,y,,
mcs_vc4_10game,MacArthur Bates CDI Sentences,IA0410,dropdown,game,"0, 0 | 1, 1",,,,,,,y,,
mcs_vc4_11glue,MacArthur Bates CDI Sentences,IA0411,dropdown,glue,"0, 0 | 1, 1",,,,,,,y,,
mcs_vc4_12pen,MacArthur Bates CDI Sentences,IA0412,dropdown,pen,"0, 0 | 1, 1",,,,,,,y,,
mcs_vc4_13pencil,MacArthur Bates CDI Sentences,IA0413,dropdown,pencil,"0, 0 | 1, 1",,,,,,,y,,
mcs_vc4_14playdough,MacArthur Bates CDI Sentences,IA0414,dropdown,playdough,"0, 0 | 1, 1",,,,,,,y,,
mcs_vc4_15present,MacArthur Bates CDI Sentences,IA0415,dropdown,present,"0, 0 | 1, 1",,,,,,,y,,
mcs_vc4_16puzzle,MacArthur Bates CDI Sentences,IA0416,dropdown,puzzle,"0, 0 | 1, 1",,,,,,,y,,
mcs_vc4_17story,MacArthur Bates CDI Sentences,IA0417,dropdown,story,"0, 0 | 1, 1",,,,,,,y,,
mcs_vc4_18toy,MacArthur Bates CDI Sentences,IA0418,dropdown,toy,"0, 0 | 1, 1",,,,,,,y,,
mcs_vc5_1apple,MacArthur Bates CDI Sentences,IA0501,dropdown,apple,"0, 0 | 1, 1",,,,,,,y,,
mcs_vc5_2applesauce,MacArthur Bates CDI Sentences,IA0502,dropdown,applesauce,"0, 0 | 1, 1",,,,,,,y,,
mcs_vc5_3banana,MacArthur Bates CDI Sentences,IA0503,dropdown,banana,"0, 0 | 1, 1",,,,,,,y,,
mcs_vc5_4beans,MacArthur Bates CDI Sentences,IA0504,dropdown,beans,"0, 0 | 1, 1",,,,,,,y,,
mcs_vc5_5bread,MacArthur Bates CDI Sentences,IA0505,dropdown,bread,"0, 0 | 1, 1",,,,,,,y,,
mcs_vc5_6butter,MacArthur Bates CDI Sentences,IA0506,dropdown,butter,"0, 0 | 1, 1",,,,,,,y,,
mcs_vc5_7cake,MacArthur Bates CDI Sentences,IA0507,dropdown,cake,"0, 0 | 1, 1",,,,,,,y,,
mcs_vc5_8candy,MacArthur Bates CDI Sentences,IA0508,dropdown,candy,"0, 0 | 1, 1",,,,,,,y,,
mcs_vc5_9carrots,MacArthur Bates CDI Sentences,IA0509,dropdown,carrots,"0, 0 | 1, 1",,,,,,,y,,
mcs_vc5_10cereal,MacArthur Bates CDI Sentences,IA0510,dropdown,cereal,"0, 0 | 1, 1",,,,,,,y,,
mcs_vc5_11cheerios,MacArthur Bates CDI Sentences,IA0511,dropdown,cheerios,"0, 0 | 1, 1",,,,,,,y,,
mcs_vc5_12cheese,MacArthur Bates CDI Sentences,IA0512,dropdown,cheese,"0, 0 | 1, 1",,,,,,,y,,
mcs_vc5_13chicken,MacArthur Bates CDI Sentences,IA0513,dropdown,chicken,"0, 0 | 1, 1",,,,,,,y,,
mcs_vc5_14chocolate,MacArthur Bates CDI Sentences,IA0514,dropdown,chocolate,"0, 0 | 1, 1",,,,,,,y,,
mcs_vc5_15coffee,MacArthur Bates CDI Sentences,IA0515,dropdown,coffee,"0, 0 | 1, 1",,,,,,,y,,
mcs_vc5_16coke,MacArthur Bates CDI Sentences,IA0516,dropdown,coke,"0, 0 | 1, 1",,,,,,,y,,
mcs_vc5_17cookie,MacArthur Bates CDI Sentences,IA0517,dropdown,cookie,"0, 0 | 1, 1",,,,,,,y,,
mcs_vc5_18corn,MacArthur Bates CDI Sentences,IA0518,dropdown,corn,"0, 0 | 1, 1",,,,,,,y,,
mcs_vc5_19cracker,MacArthur Bates CDI Sentences,IA0519,dropdown,cracker,"0, 0 | 1, 1",,,,,,,y,,
mcs_vc5_20donut,MacArthur Bates CDI Sentences,IA0520,dropdown,donut,"0, 0 | 1, 1",,,,,,,y,,
mcs_vc5_21drink,MacArthur Bates CDI Sentences,IA0521,dropdown,drink,"0, 0 | 1, 1",,,,,,,y,,
mcs_vc5_22egg,MacArthur Bates CDI Sentences,IA0522,dropdown,egg,"0, 0 | 1, 1",,,,,,,y,,
mcs_vc5_23fish,MacArthur Bates CDI Sentences,IA0523,dropdown,fish,"0, 0 | 1, 1",,,,,,,y,,
mcs_vc5_24food,MacArthur Bates CDI Sentences,IA0524,dropdown,food,"0, 0 | 1, 1",,,,,,,y,,
mcs_vc5_25frenchfries,MacArthur Bates CDI Sentences,IA0525,dropdown,frenchfries,"0, 0 | 1, 1",,,,,,,y,,
mcs_vc5_26grapes,MacArthur Bates CDI Sentences,IA0526,dropdown,grapes,"0, 0 | 1, 1",,,,,,,y,,
mcs_vc5_27greenbeans,MacArthur Bates CDI Sentences,IA0527,dropdown,greenbeans,"0, 0 | 1, 1",,,,,,,y,,
mcs_vc5_28gum,MacArthur Bates CDI Sentences,IA0528,dropdown,gum,"0, 0 | 1, 1",,,,,,,y,,
mcs_vc5_29hamburger,MacArthur Bates CDI Sentences,IA0529,dropdown,hamburger,"0, 0 | 1, 1",,,,,,,y,,
mcs_vc5_30ice,MacArthur Bates CDI Sentences,IA0530,dropdown,ice,"0, 0 | 1, 1",,,,,,,y,,
mcs_vc5_31icecream,MacArthur Bates CDI Sentences,IA0531,dropdown,icecream,"0, 0 | 1, 1",,,,,,,y,,
mcs_vc5_32jello,MacArthur Bates CDI Sentences,IA0532,dropdown,jello,"0, 0 | 1, 1",,,,,,,y,,
mcs_vc5_33jelly,MacArthur Bates CDI Sentences,IA0533,dropdown,jelly,"0, 0 | 1, 1",,,,,,,y,,
mcs_vc5_34juice,MacArthur Bates CDI Sentences,IA0534,dropdown,juice,"0, 0 | 1, 1",,,,,,,y,,
mcs_vc5_35lollipop,MacArthur Bates CDI Sentences,IA0535,dropdown,lollipop,"0, 0 | 1, 1",,,,,,,y,,
mcs_vc5_36meat,MacArthur Bates CDI Sentences,IA0536,dropdown,meat,"0, 0 | 1, 1",,,,,,,y,,
mcs_vc5_37melon,MacArthur Bates CDI Sentences,IA0537,dropdown,melon,"0, 0 | 1, 1",,,,,,,y,,
mcs_vc5_38milk,MacArthur Bates CDI Sentences,IA0538,dropdown,milk,"0, 0 | 1, 1",,,,,,,y,,
mcs_vc5_39muffin,MacArthur Bates CDI Sentences,IA0539,dropdown,muffin,"0, 0 | 1, 1",,,,,,,y,,
mcs_vc5_40noodles,MacArthur Bates CDI Sentences,IA0540,dropdown,noodles,"0, 0 | 1, 1",,,,,,,y,,
mcs_vc5_41nuts,MacArthur Bates CDI Sentences,IA0541,dropdown,nuts,"0, 0 | 1, 1",,,,,,,y,,
mcs_vc5_42orange,MacArthur Bates CDI Sentences,IA0542,dropdown,orange,"0, 0 | 1, 1",,,,,,,y,,
mcs_vc5_43pancake,MacArthur Bates CDI Sentences,IA0543,dropdown,pancake,"0, 0 | 1, 1",,,,,,,y,,
mcs_vc5_44peanutbutter,MacArthur Bates CDI Sentences,IA0544,dropdown,peanutbutter,"0, 0 | 1, 1",,,,,,,y,,
mcs_vc5_45peas,MacArthur Bates CDI Sentences,IA0545,dropdown,peas,"0, 0 | 1, 1",,,,,,,y,,
mcs_vc5_46pickle,MacArthur Bates CDI Sentences,IA0546,dropdown,pickle,"0, 0 | 1, 1",,,,,,,y,,
mcs_vc5_47pizza,MacArthur Bates CDI Sentences,IA0547,dropdown,pizza,"0, 0 | 1, 1",,,,,,,y,,
mcs_vc5_48popcorn,MacArthur Bates CDI Sentences,IA0548,dropdown,popcorn,"0, 0 | 1, 1",,,,,,,y,,
mcs_vc5_49popsicle,MacArthur Bates CDI Sentences,IA0549,dropdown,popsicle,"0, 0 | 1, 1",,,,,,,y,,
mcs_vc5_50potato,MacArthur Bates CDI Sentences,IA0550,dropdown,potato,"0, 0 | 1, 1",,,,,,,y,,
mcs_vc5_51potatochip,MacArthur Bates CDI Sentences,IA0551,dropdown,potatochip,"0, 0 | 1, 1",,,,,,,y,,
mcs_vc5_52pretzel,MacArthur Bates CDI Sentences,IA0552,dropdown,pretzel,"0, 0 | 1, 1",,,,,,,y,,
mcs_vc5_53pudding,MacArthur Bates CDI Sentences,IA0553,dropdown,pudding,"0, 0 | 1, 1",,,,,,,y,,
mcs_vc5_54pumpkin,MacArthur Bates CDI Sentences,IA0554,dropdown,pumpkin,"0, 0 | 1, 1",,,,,,,y,,
mcs_vc5_55raisin,MacArthur Bates CDI Sentences,IA0555,dropdown,raisin,"0, 0 | 1, 1",,,,,,,y,,
mcs_vc5_56salt,MacArthur Bates CDI Sentences,IA0556,dropdown,salt,"0, 0 | 1, 1",,,,,,,y,,
mcs_vc5_57sandwich,MacArthur Bates CDI Sentences,IA0557,dropdown,sandwich,"0, 0 | 1, 1",,,,,,,y,,
mcs_vc5_58sauce,MacArthur Bates CDI Sentences,IA0558,dropdown,sauce,"0, 0 | 1, 1",,,,,,,y,,
mcs_vc5_59sodapop,MacArthur Bates CDI Sentences,IA0559,dropdown,soda/pop,"0, 0 | 1, 1",,,,,,,y,,
mcs_vc5_60soup,MacArthur Bates CDI Sentences,IA0560,dropdown,soup,"0, 0 | 1, 1",,,,,,,y,,
mcs_vc5_61spaghetti,MacArthur Bates CDI Sentences,IA0561,dropdown,spaghetti,"0, 0 | 1, 1",,,,,,,y,,
mcs_vc5_62strawberry,MacArthur Bates CDI Sentences,IA0562,dropdown,strawberry,"0, 0 | 1, 1",,,,,,,y,,
mcs_vc5_63toast,MacArthur Bates CDI Sentences,IA0563,dropdown,toast,"0, 0 | 1, 1",,,,,,,y,,
mcs_vc5_64tuna,MacArthur Bates CDI Sentences,IA0564,dropdown,tuna,"0, 0 | 1, 1",,,,,,,y,,
mcs_vc5_65vanilla,MacArthur Bates CDI Sentences,IA0565,dropdown,vanilla,"0, 0 | 1, 1",,,,,,,y,,
mcs_vc5_66vitamins,MacArthur Bates CDI Sentences,IA0566,dropdown,vitamins,"0, 0 | 1, 1",,,,,,,y,,
mcs_vc5_67water,MacArthur Bates CDI Sentences,IA0567,dropdown,water,"0, 0 | 1, 1",,,,,,,y,,
mcs_vc5_68yogurt,MacArthur Bates CDI Sentences,IA0568,dropdown,yogurt,"0, 0 | 1, 1",,,,,,,y,,
mcs_vc6_1beads,MacArthur Bates CDI Sentences,IA0601,dropdown,beads,"0, 0 | 1, 1",,,,,,,y,,
mcs_vc6_2belt,MacArthur Bates CDI Sentences,,dropdown,belt,"0, 0 | 1, 1",,,,,,,y,,
mcs_vc6_3bib,MacArthur Bates CDI Sentences,,dropdown,bib,"0, 0 | 1, 1",,,,,,,y,,
mcs_vc6_4boots,MacArthur Bates CDI Sentences,,dropdown,boots,"0, 0 | 1, 1",,,,,,,y,,
mcs_vc6_5button,MacArthur Bates CDI Sentences,,dropdown,button,"0, 0 | 1, 1",,,,,,,y,,
mcs_vc6_6coat,MacArthur Bates CDI Sentences,,dropdown,coat,"0, 0 | 1, 1",,,,,,,y,,
mcs_vc6_7diaper,MacArthur Bates CDI Sentences,,dropdown,diaper,"0, 0 | 1, 1",,,,,,,y,,
mcs_vc6_8dress,MacArthur Bates CDI Sentences,,dropdown,dress,"0, 0 | 1, 1",,,,,,,y,,
mcs_vc6_9gloves,MacArthur Bates CDI Sentences,,dropdown,gloves,"0, 0 | 1, 1",,,,,,,y,,
mcs_vc6_10hat,MacArthur Bates CDI Sentences,,dropdown,hat,"0, 0 | 1, 1",,,,,,,y,,
mcs_vc6_11jacket,MacArthur Bates CDI Sentences,,dropdown,jacket,"0, 0 | 1, 1",,,,,,,y,,
mcs_vc6_12jeans,MacArthur Bates CDI Sentences,,dropdown,jeans,"0, 0 | 1, 1",,,,,,,y,,
mcs_vc6_13mittens,MacArthur Bates CDI Sentences,,dropdown,mittens,"0, 0 | 1, 1",,,,,,,y,,
mcs_vc6_14necklace,MacArthur Bates CDI Sentences,,dropdown,necklace,"0, 0 | 1, 1",,,,,,,y,,
mcs_vc6_15pajamas,MacArthur Bates CDI Sentences,,dropdown,pajamas,"0, 0 | 1, 1",,,,,,,y,,
mcs_vc6_16pants,MacArthur Bates CDI Sentences,,dropdown,pants,"0, 0 | 1, 1",,,,,,,y,,
mcs_vc6_17scarf,MacArthur Bates CDI Sentences,,dropdown,scarf,"0, 0 | 1, 1",,,,,,,y,,
mcs_vc6_18shirt,MacArthur Bates CDI Sentences,,dropdown,shirt,"0, 0 | 1, 1",,,,,,,y,,
mcs_vc6_19shoe,MacArthur Bates CDI Sentences,,dropdown,shoe,"0, 0 | 1, 1",,,,,,,y,,
mcs_vc6_20shorts,MacArthur Bates CDI Sentences,,dropdown,shorts,"0, 0 | 1, 1",,,,,,,y,,
mcs_vc6_21slipper,MacArthur Bates CDI Sentences,,dropdown,slipper,"0, 0 | 1, 1",,,,,,,y,,
mcs_vc6_22sneaker,MacArthur Bates CDI Sentences,,dropdown,sneaker,"0, 0 | 1, 1",,,,,,,y,,
mcs_vc6_23snowsuit,MacArthur Bates CDI Sentences,,dropdown,snowsuit,"0, 0 | 1, 1",,,,,,,y,,
mcs_vc6_24sock,MacArthur Bates CDI Sentences,,dropdown,sock,"0, 0 | 1, 1",,,,,,,y,,
mcs_vc6_25sweater,MacArthur Bates CDI Sentences,,dropdown,sweater,"0, 0 | 1, 1",,,,,,,y,,
mcs_vc6_26tights,MacArthur Bates CDI Sentences,,dropdown,tights,"0, 0 | 1, 1",,,,,,,y,,
mcs_vc6_27underpants,MacArthur Bates CDI Sentences,,dropdown,underpants,"0, 0 | 1, 1",,,,,,,y,,
mcs_vc6_28zipper,MacArthur Bates CDI Sentences,,dropdown,zipper,"0, 0 | 1, 1",,,,,,,y,,
