Variable / Field Name,Form Name,Section Header,Field Type,Field Label,"Choices, Calculations, OR Slider Labels",Field Note,Text Validation Type OR Show Slider Number,Text Validation Min,Text Validation Max,Identifier?,Branching Logic (Show field only if...),Required Field?,Custom Alignment,Question Number (surveys only)
subjectkey,NDAR Subject,,text,The NDAR Global Unique Identifier (GUID) for subjects which identifies a subject in NDAR,,,,,,,,y,,
src_subject_id,NDAR Subject,,text,The site's subject identification,,,,,,,,y,,
interview_date,NDAR Subject,,text,Date on which the interview/genetic test/sampling/imaging was completed,"MM/yyyy, MM/yyyy | MM/dd/yyyy, MM/dd/yyyy",* '01/01/1900' indicates that a date associated with retrospective data is not known.,date_ymd,,,,,y,,
interview_age,NDAR Subject,,text,Age in months at the time of the interview/test/sampling/imaging.,,Age is rounded to chronological month If the research participant is 13 days old at time of interview  the appropriate value would be 0 months if the participant is 19 days old the value would be 1 month,number,0,1200,,,y,,
gender,NDAR Subject,,dropdown,Gender,"M, M | F, F",,,,,,,y,,
race,NDAR Subject,,dropdown,Race of participant,"American Indian/Alaska Native, American Indian/Alaska Native |  Asian,  Asian |  Hawaiian or Pacific Islander,  Hawaiian or Pacific Islander |  Black or African American,  Black or African American |  White,  White |  More than one race,  More than one race |  Unknown or not reported,  Unknown or not reported",,,,,,,y,,
ethnic_group,NDAR Subject,,text,Ethnic group,,,,,,,,y,,
phenotype,NDAR Subject,,text,Description of the affection phenotype for the subject,,,,,,,,y,,
phenotype_description,NDAR Subject,,text,Description of the phenotype for the subject,,,,,,,,y,,
twins_study,NDAR Subject,,dropdown,Is this study of twins?,"Yes, Yes | No, No",,,,,,,y,,
sibling_study,NDAR Subject,,dropdown,Was it sibling study? Study of sibling(s) of autistic child.,"Yes, Yes | No, No",,,,,,,y,,
family_study,NDAR Subject,,dropdown,"Was it family study? Study of biological mother, biological father and/or sibling of autistic child.","Yes, Yes | No, No",,,,,,,y,,
family_user_def_id,NDAR Subject,,text,Family Pedigree User-Defined ID,,,,,,,,,,
subjectkey_mother,NDAR Subject,,text,The NDAR Global Unique Identifier (GUID) for subject's biological mother,,,,,,,,,,
subjectkey_father,NDAR Subject,,text,The NDAR Global Unique Identifier (GUID) for subject's biological father,,,,,,,,,,
subjectkey_sibling1,NDAR Subject,,text,The NDAR Global Unique Identifier (GUID) for subject's sibling,,,,,,,,,,
sibling_type1,NDAR Subject,,dropdown,Type of Sibling,"Full Brother FB, Full Brother FB |  Half Mother Brother HMB,  Half Mother Brother HMB |  Half Father Brother HFB,  Half Father Brother HFB |  Full Sister FS,  Full Sister FS |  Half Mother Sister HMS,  Half Mother Sister HMS |  Half Father Sister HFS,  Half Father Sister HFS",,,,,,,,,
subjectkey_sibling2,NDAR Subject,,text,The NDAR Global Unique Identifier (GUID) for subject's sibling,,,,,,,,,,
sibling_type2,NDAR Subject,,dropdown,sibling type,"Full Brother FB, Full Brother FB |  Half Mother Brother HMB,  Half Mother Brother HMB |  Half Father Brother HFB,  Half Father Brother HFB |  Full Sister FS,  Full Sister FS |  Half Mother Sister HMS,  Half Mother Sister HMS |  Half Father Sister HFS,  Half Father Sister HFS",,,,,,,,,
subjectkey_sibling3,NDAR Subject,,text,The NDAR Global Unique Identifier (GUID) for subject's sibling,,,,,,,,,,
sibling_type3,NDAR Subject,,dropdown,sibling type,"Full Brother FB, Full Brother FB |  Half Mother Brother HMB,  Half Mother Brother HMB |  Half Father Brother HFB,  Half Father Brother HFB |  Full Sister FS,  Full Sister FS |  Half Mother Sister HMS,  Half Mother Sister HMS |  Half Father Sister HFS,  Half Father Sister HFS",,,,,,,,,
subjectkey_sibling4,NDAR Subject,,text,The NDAR Global Unique Identifier (GUID) for subject's sibling,,,,,,,,,,
sibling_type4,NDAR Subject,,dropdown,sibling type,"Full Brother FB, Full Brother FB |  Half Mother Brother HMB,  Half Mother Brother HMB |  Half Father Brother HFB,  Half Father Brother HFB |  Full Sister FS,  Full Sister FS |  Half Mother Sister HMS,  Half Mother Sister HMS |  Half Father Sister HFS,  Half Father Sister HFS",,,,,,,,,
zygosity,NDAR Subject,,dropdown,Zygosity,"monozygous, monozygous |  dizygous,  dizygous",,,,,,,,,
sample_taken,NDAR Subject,,dropdown,Was a sample taken at this interview?,"Yes, Yes | No, No",,,,,,,y,,
sample_id_original,NDAR Subject,,text,"Original, user-defined Sample ID",,,,,,,,,,
sample_description,NDAR Subject,,dropdown,"Sample description: tissue type, i.e. blood, saliva, brain etc.","whole blood, whole blood |  saliva,  saliva |  brain,  brain |  urine,  urine |  serum,  serum |  plasma,  plasma |  CSF,  CSF |  IPS,  IPS |  Fibroblast,  Fibroblast |  Neuronal Progenitor,  Neuronal Progenitor",,,,,,,,,
