Variable / Field Name,Form Name,Section Header,Field Type,Field Label,"Choices, Calculations, OR Slider Labels",Field Note,Text Validation Type OR Show Slider Number,Text Validation Min,Text Validation Max,Identifier?,Branching Logic (Show field only if...),Required Field?,Custom Alignment,Question Number (surveys only)
subjectkey,CPEA STAART MacArthur-Bates Words and Sentences,,text,The NDAR Global Unique Identifier (GUID) for subjects which identifies a subject in NDAR,,,,,,,,y,,
interview_date,CPEA STAART MacArthur-Bates Words and Sentences,,text,Date on which the interview/genetic test/sampling/imaging was completed,"MM/yyyy, MM/yyyy | MM/dd/yyyy, MM/dd/yyyy",* '01/01/1900' indicates that a date associated with retrospective data is not known.,date_ymd,,,,,y,,
cycle,CPEA STAART MacArthur-Bates Words and Sentences,,text,Timepoint information,,,,,,,,y,,
patid,CPEA STAART MacArthur-Bates Words and Sentences,,text,src_Subject_id,,Patient IDs were assigned at the research site for CPEA and STAART,,,,,,y,,
network,CPEA STAART MacArthur-Bates Words and Sentences,,text,Network,,CPEA or STAART Network,,,,,,y,,
site,CPEA STAART MacArthur-Bates Words and Sentences,,text,Site,,CPEA or STAART Site,,,,,,y,,
study,CPEA STAART MacArthur-Bates Words and Sentences,,text,Study,,CPEA or STAART Study,,,,,,y,,
mcg_vc10_house,CPEA STAART MacArthur-Bates Words and Sentences,,text,MacArthur Words and Gestures: Vocabulary Checklist: House,,,,,,,,y,,
mcg_vc2_do,CPEA STAART MacArthur-Bates Words and Sentences,,text,MacArthur Words and Gestures: Vocabulary Checklist: Dog,,,,,,,,y,,
mcs_cx_ageeq,CPEA STAART MacArthur-Bates Words and Sentences,,text,MacArthur Words and Sentences: Total Complexity Score: Age Equivalent,,,,,,,,y,,
mcs_cx_total,CPEA STAART MacArthur-Bates Words and Sentences,,text,MacArthur Words and Sentences: Total Complexity Score,,,,,,,,y,,
mcs_date,CPEA STAART MacArthur-Bates Words and Sentences,,text,MCI Date,,,,,,,,y,,
mcs_ex1_len,CPEA STAART MacArthur-Bates Words and Sentences,,text,MacArthur Words and Sentences: Example - list 3 longest sentences,,,,,,,,y,,
mcs_ex2_len,CPEA STAART MacArthur-Bates Words and Sentences,,text,MacArthur Words and Sentences: Example - list 3 longest sentences,,,,,,,,y,,
mcs_ex3_len,CPEA STAART MacArthur-Bates Words and Sentences,,text,MacArthur Words and Sentences: Example - list 3 longest sentences,,,,,,,,y,,
mcs_uw_absent,CPEA STAART MacArthur-Bates Words and Sentences,,text,"MacArthur Words and Sentences: How Children Use Words: Does your child talk about objects that are not present such as asking about a missing or absent toy, referring to a pet out of view, or asking a",,,,,,,,y,,
mcs_uw_belong,CPEA STAART MacArthur-Bates Words and Sentences,,text,"MacArthur Words and Sentences: How Children Use Words: Does your child ever pick up or point to an object and name an absent person to whom the object belongs? For example, a child might point to momm",,,,,,,,y,,
mcs_uw_future,CPEA STAART MacArthur-Bates Words and Sentences,,text,"MacArthur Words and Sentences: How Children Use Words: Does your child ever talk about something thats going to happen in the future, for example, saying choo choo"" or ""airplane"" before you leave the""",,,,,,,,y,,
mcs_uw_notin,CPEA STAART MacArthur-Bates Words and Sentences,,text,"MacArthur Words and Sentences: How Children Use Words: Does you child understand if you ask for something that is not in the room, for example, by going to the bedroom to get a teddy bear when you say",,,,,,,,y,,
mcs_uw_past,CPEA STAART MacArthur-Bates Words and Sentences,,text,"MacArthur Words and Sentences: How Children Use Words: Does your child ever talk about past events or people who are not present? For example a child who saw a parade last week might later say parade,",,,,,,,,y,,
mcs_vc_ageeq,CPEA STAART MacArthur-Bates Words and Sentences,,text,MacArthur Words and Sentences: Vocabulary Checklist Age Equivalent,,,,,,,,y,,
mcs_we_ing,CPEA STAART MacArthur-Bates Words and Sentences,,text,MacArthur Words and Sentences: Word endings-Part 3,,,,,,,,y,,
mcs_vc_total,CPEA STAART MacArthur-Bates Words and Sentences,,text,Total Score Parts 1- 22,,,,,,,,y,,
cs_vc_total,CPEA STAART MacArthur-Bates Words and Sentences,,text,Total Score Parts 1- 22,,,,,,,,y,,
cs_vc1_total,CPEA STAART MacArthur-Bates Words and Sentences,,text,Total Score Part 1,,,,,,,,y,,
cs_vc10_total,CPEA STAART MacArthur-Bates Words and Sentences,,text,Total Score Part 10,,,,,,,,y,,
cs_vc11_total,CPEA STAART MacArthur-Bates Words and Sentences,,text,Total Score Part 11,,,,,,,,y,,
cs_vc12_total,CPEA STAART MacArthur-Bates Words and Sentences,,text,Total Score Part 12,,,,,,,,y,,
cs_vc13_total,CPEA STAART MacArthur-Bates Words and Sentences,,text,Total Score Part 13,,,,,,,,y,,
cs_vc14_total,CPEA STAART MacArthur-Bates Words and Sentences,,text,Total Score Part 14,,,,,,,,y,,
cs_vc15_total,CPEA STAART MacArthur-Bates Words and Sentences,,text,Total Score Part 15,,,,,,,,y,,
cs_vc16_total,CPEA STAART MacArthur-Bates Words and Sentences,,text,Total Score Part 16,,,,,,,,y,,
cs_vc17_total,CPEA STAART MacArthur-Bates Words and Sentences,,text,Total Score Part 17,,,,,,,,y,,
cs_vc18_total,CPEA STAART MacArthur-Bates Words and Sentences,,text,Total Score Part 18,,,,,,,,y,,
cs_vc19_total,CPEA STAART MacArthur-Bates Words and Sentences,,text,Total Score Part 19,,,,,,,,y,,
cs_vc2_total,CPEA STAART MacArthur-Bates Words and Sentences,,text,Total Score Part 2,,,,,,,,y,,
cs_vc20_total,CPEA STAART MacArthur-Bates Words and Sentences,,text,Total Score Part 20,,,,,,,,y,,
cs_vc21_total,CPEA STAART MacArthur-Bates Words and Sentences,,text,Total Score Part 21,,,,,,,,y,,
cs_vc22_total,CPEA STAART MacArthur-Bates Words and Sentences,,text,Total Score Part 22,,,,,,,,y,,
cs_vc3_total,CPEA STAART MacArthur-Bates Words and Sentences,,text,Total Score Part 3,,,,,,,,y,,
cs_vc4_total,CPEA STAART MacArthur-Bates Words and Sentences,,text,Total Score Part 4,,,,,,,,y,,
cs_vc5_total,CPEA STAART MacArthur-Bates Words and Sentences,,text,Total Score Part 5,,,,,,,,y,,
cs_vc6_total,CPEA STAART MacArthur-Bates Words and Sentences,,text,Total Score Part 6,,,,,,,,y,,
cs_vc7_total,CPEA STAART MacArthur-Bates Words and Sentences,,text,Total Score Part 7,,,,,,,,y,,
cs_vc8_total,CPEA STAART MacArthur-Bates Words and Sentences,,text,Total Score Part 8,,,,,,,,y,,
cs_vc9_total,CPEA STAART MacArthur-Bates Words and Sentences,,text,Total Score Part 9,,,,,,,,y,,
mcs_we_owner,CPEA STAART MacArthur-Bates Words and Sentences,,text,MacArthur Words and Sentences: Word endings-Part 2,,,,,,,,y,,
mcs_we_past,CPEA STAART MacArthur-Bates Words and Sentences,,text,MacArthur Words and Sentences: Word endings-Part 4,,,,,,,,y,,
mcs_we_pural,CPEA STAART MacArthur-Bates Words and Sentences,,text,MacArthur Words and Sentences: Word endings-Part 1,,,,,,,,y,,
mcs_wen_total,CPEA STAART MacArthur-Bates Words and Sentences,,text,MacArthur Words and Sentences: Total Word ending Mistakes,,,,,,,,y,,
mcs_wf_ageeq,CPEA STAART MacArthur-Bates Words and Sentences,,text,MacArthur Words and Sentences: Word Forms Total Irregular Word Usage  : Age Equivalent,,,,,,,,y,,
mcs_wf_total,CPEA STAART MacArthur-Bates Words and Sentences,,text,MacArthur Words and Sentences: Word Forms Total Irregular Word Usage,,,,,,,,y,,
sb_age,CPEA STAART MacArthur-Bates Words and Sentences,,text,Stanford Binet Age,,,,,,,,y,,
mcs_ex1_r2,CPEA STAART MacArthur-Bates Words and Sentences,,text,MacArthur Words and Sentences: Example - list 3 longest sentences (sentence),,increased size to 150 bytes,,,,,,,,
mcs_ex2_r2,CPEA STAART MacArthur-Bates Words and Sentences,,text,MacArthur Words and Sentences: Example - list 3 longest sentences (sentence),,Expanded to 150 bytes,,,,,,,,
mcs_ex3_r2,CPEA STAART MacArthur-Bates Words and Sentences,,text,MacArthur Words and Sentences: Example - list 3 longest sentences (sentence),,Expanded to 150 bytes,,,,,,,,
