Variable / Field Name,Form Name,Section Header,Field Type,Field Label,"Choices, Calculations, OR Slider Labels",Field Note,Text Validation Type OR Show Slider Number,Text Validation Min,Text Validation Max,Identifier?,Branching Logic (Show field only if...),Required Field?,Custom Alignment,Question Number (surveys only)
subjectkey,Kiddie-Sads Diagnoses,NDAR Required,text,The NDAR Global Unique Identifier (GUID) for subjects which identifies a subject in NDAR,,,,,,,,y,,
src_subject_id,Kiddie-Sads Diagnoses,,text,The site's subject identification,,,,,,,,y,,
interview_date,Kiddie-Sads Diagnoses,,text,Date on which the interview/genetic test/sampling/imaging was completed,"MM/yyyy, MM/yyyy | MM/dd/yyyy, MM/dd/yyyy",* '01/01/1900' indicates that a date associated with retrospective data is not known.,date_ymd,,,,,y,,
interview_age,Kiddie-Sads Diagnoses,,text,Age in months at the time of the interview/test/sampling/imaging.,,Age is rounded to chronological month If the research participant is 13 days old at time of interview  the appropriate value would be 0 months if the participant is 19 days old the value would be 1 month,number,0,1200,,,y,,
major_depressive_epsiode,Kiddie-Sads Diagnoses,,text,current diagnosis of major depressive episode.,,,number,0,4,,,y,,
psychotic_features,Kiddie-Sads Diagnoses,,text,current diagnosis of psychotic features.,,,number,0,4,,,y,,
dysthymia,Kiddie-Sads Diagnoses,,text,current diagnosis of dysthymia.,,,number,0,4,,,y,,
depressive_disorder_nos,Kiddie-Sads Diagnoses,,text,current diagnosis of depressive disorder NOS.,,,number,0,4,,,y,,
adj_disorder_w_depressed_mood,Kiddie-Sads Diagnoses,,text,current diagnosis of adj disorder with depressed mood.,,,number,0,4,,,y,,
mania,Kiddie-Sads Diagnoses,,text,current diagnosis of mania.,,,number,0,4,,,y,,
hypomania,Kiddie-Sads Diagnoses,,text,current diagnosis of hypomania.,,,number,0,4,,,y,,
cyclothymia,Kiddie-Sads Diagnoses,,text,current diagnosis of cyclothymia.,,,number,0,4,,,y,,
bipolar_nos,Kiddie-Sads Diagnoses,,text,current diagnosis of bipolar NOS.,,,number,0,4,,,y,,
bipolar_i,Kiddie-Sads Diagnoses,,text,current diagnosis of bipolar I.,,,number,0,4,,,y,,
bipolar_ii,Kiddie-Sads Diagnoses,,text,current diagnosis of bipolar II.,,,number,0,4,,,y,,
schizoaffective_disorder_mania,Kiddie-Sads Diagnoses,,text,current diagnosis of schizoaffective disorder manic.,,,number,0,4,,,y,,
schizoaffect_disorder_depress,Kiddie-Sads Diagnoses,,text,current diagnosis of schizoaffective disorder depressed.,,,number,0,4,,,y,,
schizophrenia,Kiddie-Sads Diagnoses,,text,current diagnosis of schizophrenia.,,,number,0,4,,,y,,
schizophreniform_disorder,Kiddie-Sads Diagnoses,,text,current diagnosis of schizophreniform disorder.,,,number,0,4,,,y,,
brief_reactive_psychosis,Kiddie-Sads Diagnoses,,text,current diagnosis of brief reactive psychosis.,,,number,0,4,,,y,,
panic_disorder,Kiddie-Sads Diagnoses,,text,current diagnosis of panic disorder,,,number,0,4,,,y,,
separation_anxiety_disorder,Kiddie-Sads Diagnoses,,text,surrent diagnosis of separation anxiety disorder.,,,number,0,4,,,y,,
avoidant_disorder_childhood,Kiddie-Sads Diagnoses,,text,current diagnosis of avoidant disorder of childhood.,,,number,0,4,,,y,,
simple_phobia,Kiddie-Sads Diagnoses,,text,current diagnosis of simple phobia.,,,number,0,4,,,y,,
social_phobia,Kiddie-Sads Diagnoses,,text,current diagnosis of social phobia.,,,number,0,4,,,y,,
agoraphobia,Kiddie-Sads Diagnoses,,text,current diagnosis of agoraphobia.,,,number,0,4,,,y,,
overanxious_disorder,Kiddie-Sads Diagnoses,,text,current diagnosis of overanxious disorder.,,,number,0,4,,,y,,
generalized_anxiety_disorder,Kiddie-Sads Diagnoses,,text,current diagnosis of generalized anxiety disorder.,,,number,0,4,,,y,,
obsessive_compulsive_disorder,Kiddie-Sads Diagnoses,,text,current diagnosis of obsessive compulsive disorder.,,,number,0,4,,,y,,
post_traumatic_stress_disorder,Kiddie-Sads Diagnoses,,text,current diagnosis of post traumatic stress disorder.,,,number,0,4,,,y,,
acute_stress_disorder,Kiddie-Sads Diagnoses,,text,current diagnosis of acute stress disorder.,,,number,0,4,,,y,,
adj_disorder_wanxious_mood,Kiddie-Sads Diagnoses,,text,current diagnosis of adj disorder with anxious mood.,,,number,0,4,,,y,,
enuresis,Kiddie-Sads Diagnoses,,text,current diagnosis of enuresis.,,,number,0,4,,,y,,
encopresis,Kiddie-Sads Diagnoses,,text,current diagnosis of encopresis.,,,number,0,4,,,y,,
anorexia_nervosa,Kiddie-Sads Diagnoses,,text,current diagnosis of anorexia nervosa.,,,number,0,4,,,y,,
bulimia,Kiddie-Sads Diagnoses,,text,current diagnosis of bulimia.,,,number,0,4,,,y,,
attention_deficit_disorder,Kiddie-Sads Diagnoses,,text,current diagnosis of attention deficit disorder.,,,number,0,4,,,y,,
conduct_disorder,Kiddie-Sads Diagnoses,,text,current diagnosis of conduct disorder.,,,number,0,4,,,y,,
oppositional_defiant_disorder,Kiddie-Sads Diagnoses,,text,current diagnosis of oppositional defiant disorder.,,,number,0,4,,,y,,
adj_disorder_dist_conduct,Kiddie-Sads Diagnoses,,text,current diagnosis of adj disorder with dist of conduct.,,,number,0,4,,,y,,
adj_dis_mixed_mood_conduct,Kiddie-Sads Diagnoses,,text,current diagnosis of adj disorder with mixed mood and conduct.,,,number,0,4,,,y,,
tourettes,Kiddie-Sads Diagnoses,,text,current diagnosis of tourettes.,,,number,0,4,,,y,,
chronic_motor_voc_tic_disorder,Kiddie-Sads Diagnoses,,text,current diagnosis of chronic motor or vocal tic disorder.,,,number,0,4,,,y,,
transient_tic_disorder,Kiddie-Sads Diagnoses,,text,current diagnosis of transient tic disorder.,,,number,0,4,,,y,,
alcohol_abuse,Kiddie-Sads Diagnoses,,text,current diagnosis of alcohol abuse.,,,number,0,4,,,y,,
alcohol_dependence,Kiddie-Sads Diagnoses,,text,current diagnosis of alcohol dependence.,,,number,0,4,,,y,,
substance_abuse,Kiddie-Sads Diagnoses,,text,current diagnosis of substance abuse.,,,number,0,4,,,y,,
substance_dependence,Kiddie-Sads Diagnoses,,text,current diagnosis of substance dependence.,,,number,0,4,,,y,,
mental_retardation,Kiddie-Sads Diagnoses,,text,current diagnosis of mental retardation,,,number,0,4,,,y,,
other_psychiatric_disorder,Kiddie-Sads Diagnoses,,text,current diagnosis of other psychiatric disorder.,,,number,0,4,,,y,,
other_psych_disorder_specify,Kiddie-Sads Diagnoses,,text,specify other psychiatric disorder.,,,,,,,,y,,
no_psychiatric_disorder,Kiddie-Sads Diagnoses,,text,currently has no psychiatric disorder.,,,number,0,4,,,y,,
