Variable / Field Name,Form Name,Section Header,Field Type,Field Label,"Choices, Calculations, OR Slider Labels",Field Note,Text Validation Type OR Show Slider Number,Text Validation Min,Text Validation Max,Identifier?,Branching Logic (Show field only if...),Required Field?,Custom Alignment,Question Number (surveys only)
subjectkey,CPEA STAART ADOS G Module 3,,text,The NDAR Global Unique Identifier (GUID) for subjects which identifies a subject in NDAR,,,,,,,,y,,
interview_date,CPEA STAART ADOS G Module 3,,text,Date on which the interview/genetic test/sampling/imaging was completed,"MM/yyyy, MM/yyyy | MM/dd/yyyy, MM/dd/yyyy",* '01/01/1900' indicates that a date associated with retrospective data is not known.,date_ymd,,,,,y,,
cycle,CPEA STAART ADOS G Module 3,,text,Timepoint information,,,,,,,,y,,
patid,CPEA STAART ADOS G Module 3,,text,src_Subject_id,,Patient IDs were assigned at the research site for CPEA and STAART,,,,,,y,,
network,CPEA STAART ADOS G Module 3,,text,Network,,CPEA or STAART Network,,,,,,y,,
site,CPEA STAART ADOS G Module 3,,text,Site,,CPEA or STAART Site,,,,,,y,,
study,CPEA STAART ADOS G Module 3,,text,Study,,CPEA or STAART Study,,,,,,y,,
ados_alg_cmsit,CPEA STAART ADOS G Module 3,,text,Communication  Social Interaction Total,,,,,,,,y,,
ados_alg_commt,CPEA STAART ADOS G Module 3,,text,Communication Total,,,,,,,,y,,
ados_alg_imgcr,CPEA STAART ADOS G Module 3,,text,Imagination Creativity,,,,,,,,y,,
ados_alg_playts,CPEA STAART ADOS G Module 3,,text,ADOS: Play Severity Score,,,,,,,,y,,
ados_alg_sbrit,CPEA STAART ADOS G Module 3,,text,Stereotyped Behaviors and Restricted Interests Total,,,,,,,,y,,
ados_alg_sclit,CPEA STAART ADOS G Module 3,,text,Social Interaction Total,,,,,,,,y,,
ados_date,CPEA STAART ADOS G Module 3,,text,ADOS Date,,,,,,,,y,,
ados_dia_class,CPEA STAART ADOS G Module 3,,text,ADOS Classification,,,,,,,,y,,
ados_dia_diag,CPEA STAART ADOS G Module 3,,text,Overall Diagnosis,,,,,,,,y,,
ados_dx,CPEA STAART ADOS G Module 3,,text,ADOS Diagnosis,,,,,,,,y,,
ados_lac_afinf,CPEA STAART ADOS G Module 3,,text,Asks for Information,,,,,,,,y,,
ados_lac_cnvst,CPEA STAART ADOS G Module 3,,text,Conversation,,,,,,,,y,,
ados_lac_dciig,CPEA STAART ADOS G Module 3,,text,"Descriptive, Conventional, Instrumental, or Informational Gestures",,,,,,,,y,,
ados_lac_eoegt,CPEA STAART ADOS G Module 3,,text,Emphatic or Emotional Gestures,,,,,,,,y,,
ados_lac_imech,CPEA STAART ADOS G Module 3,,text,Immediate Echolalia,,,,,,,,y,,
ados_lac_offrs,CPEA STAART ADOS G Module 3,,text,Offers Information,,,,,,,,y,,
ados_lac_olnel34,CPEA STAART ADOS G Module 3,,text,Overall Level of Non-Echoed Language,,,,,,,,y,,
ados_lac_rptev,CPEA STAART ADOS G Module 3,,text,Reporting of Events,,,,,,,,y,,
ados_lac_saawa,CPEA STAART ADOS G Module 3,,text,Speech Abnormalities Associated with Autism (Intonation/Volumen/Rhythm/Rate),,,,,,,,y,,
ados_lac_stidw234,CPEA STAART ADOS G Module 3,,text,Stereotyped/Idiosyncratic Use of Words (or Phrases),,,,,,,,y,,
ados_module,CPEA STAART ADOS G Module 3,,text,ADOS Module,,,,,,,,y,,
ados_oab_anxty,CPEA STAART ADOS G Module 3,,text,Anxiety,,,,,,,,y,,
ados_oab_ovrat,CPEA STAART ADOS G Module 3,,text,Overactivity,,,,,,,,y,,
ados_oab_tandb,CPEA STAART ADOS G Module 3,,text,"Tantrums, Aggression, Negative or Disruptive Behavior",,,,,,,,y,,
ados_ply_imgcr34,CPEA STAART ADOS G Module 3,,text,Imagination/Creativity,,,,,,,,y,,
ados_rsi_arscm,CPEA STAART ADOS G Module 3,,text,Amount of Reciprocal Social Communication,,,,,,,,y,,
ados_rsi_ecooe,CPEA STAART ADOS G Module 3,,text,Empathy/Comments on Others Emotions,,,,,,,,y,,
ados_rsi_fedto,CPEA STAART ADOS G Module 3,,text,Facial Expression Directed to Others,,,,,,,,y,,
ados_rsi_insgt,CPEA STAART ADOS G Module 3,,text,Insight,,,,,,,,y,,
ados_rsi_lplnc,CPEA STAART ADOS G Module 3,,text,Language Production and Linked Nonverbal Communication,,,,,,,,y,,
ados_rsi_oqorp,CPEA STAART ADOS G Module 3,,text,Overall Quality of Rapport,,,,,,,,y,,
ados_rsi_qsclo,CPEA STAART ADOS G Module 3,,text,Quality of Social Overtures,,,,,,,,y,,
ados_rsi_qsclr,CPEA STAART ADOS G Module 3,,text,Quality of Social Response,,,,,,,,y,,
ados_rsi_seiit234,CPEA STAART ADOS G Module 3,,text,Shared Enjoyment in Interaction,,,,,,,,y,,
ados_rsi_uneyc,CPEA STAART ADOS G Module 3,,text,Unusual Eye Contact,,Nulled value range of:    to accept outlier data,,,,,,y,,
ados_sar_cmrtl,CPEA STAART ADOS G Module 3,,text,Compulsions or Rituals,,,,,,,,y,,
ados_sar_erust,CPEA STAART ADOS G Module 3,,text,Excessive Interest in or References to Unusual or Highly Specific Topics or Objects or Repetitive Behaviors,,,,,,,,y,,
ados_sar_hfocm,CPEA STAART ADOS G Module 3,,text,Hand and Finger and Other Complex Mannerisms,,,,,,,,y,,
ados_sar_sfijb,CPEA STAART ADOS G Module 3,,text,Self-Injurious Behavior,,,,,,,,y,,
ados_sar_usipm,CPEA STAART ADOS G Module 3,,text,Unusual Sensory Interest in Play Material Person,,,,,,,,y,,
ados_version,CPEA STAART ADOS G Module 3,,text,ADOS Version,,,,,,,,y,,
