Variable / Field Name,Form Name,Section Header,Field Type,Field Label,"Choices, Calculations, OR Slider Labels",Field Note,Text Validation Type OR Show Slider Number,Text Validation Min,Text Validation Max,Identifier?,Branching Logic (Show field only if...),Required Field?,Custom Alignment,Question Number (surveys only)
subjectkey,Peds - FIGS Family History Int. Genetic Studies Yr3,NDAR Required,text,The NDAR Global Unique Identifier (GUID) for subjects which identifies a subject in NDAR,,,,,,,,,,
src_subject_id,Peds - FIGS Family History Int. Genetic Studies Yr3,,text,The site's subject identification,,,,,,,,,,
timepoint_label,Peds - FIGS Family History Int. Genetic Studies Yr3,,text,User-defined timepoint/visit label - a label selected by the site at the time of registration of a new timepoint into the database.  This label is used to group all the instruments administered to a subject at a given timepoint.,,,,,,,,y,,
age_days_dov_to_dob,Peds - FIGS Family History Int. Genetic Studies Yr3,,text,"Age in days at Visit (DoV-DoB), same as age of scan if obtained",,,,,,,,y,,
adhd_combined_diagnosis,Peds - FIGS Family History Int. Genetic Studies Yr3,,dropdown,FIGS Y1: Attention deficit hyperactivity disorder - combined type (N=no diagnosis for any first degree relative; Y=positive lifetime diagnosis for one or more first degree relatives),"N, N | Y, Y",,,,,,,y,,
adhd_hyperactive_diagnosis,Peds - FIGS Family History Int. Genetic Studies Yr3,,dropdown,FIGS Y1: Attention deficit hyperactivity disorder - hyperactive/impulsive type (N=no diagnosis for any first degree relative; Y=positive lifetime diagnosis for one or more first degree relatives),"N, N | Y, Y",,,,,,,y,,
adhd_inattentive_diagnosis,Peds - FIGS Family History Int. Genetic Studies Yr3,,dropdown,FIGS Y1: Attention deficit hyperactivity disorder - inattentive type (N=no diagnosis for any first degree relative; Y=positive lifetime diagnosis for one or more first degree relatives),"N, N | Y, Y",,,,,,,y,,
admin_status,Peds - FIGS Family History Int. Genetic Studies Yr3,,dropdown,Instrument administration status,"Complete, Complete | Partial, Partial | Not Administered, Not Administered | Not Applicable, Not Applicable",,,,,,,y,,
alcohol_abuse_diagnosis,Peds - FIGS Family History Int. Genetic Studies Yr3,,dropdown,FIGS Y1: Alcohol abuse disorder (N=no diagnosis for any first degree relative; Y=positive lifetime diagnosis for one or more first degree relatives),"N, N | Y, Y",,,,,,,y,,
alcohol_dependence_diagnosis,Peds - FIGS Family History Int. Genetic Studies Yr3,,dropdown,FIGS Y1: Alcohol dependence disorder (N=no diagnosis for any first degree relative; Y=positive lifetime diagnosis for one or more first degree relatives),"N, N | Y, Y",,,,,,,y,,
antisocial_prsnlty_diagnosis,Peds - FIGS Family History Int. Genetic Studies Yr3,,dropdown,FIGS Y3: Antisocial personality disorder (N=no diagnosis for any first degree relative; Y=positive lifetime diagnosis for one or more first degree relatives),"N, N | Y, Y",,,,,,,y,,
chronic_depression_diagnosis,Peds - FIGS Family History Int. Genetic Studies Yr3,,dropdown,FIGS Y1: Chronic major depressive disorder (N=no diagnosis for any first degree relative; Y=positive lifetime diagnosis for one or more first degree relatives),"N, N | Y, Y",,,,,,,y,,
drug_abuse_substance_diagnosis,Peds - FIGS Family History Int. Genetic Studies Yr3,,dropdown,FIGS Y3: Drug substance abuse - first reported substance (N=no diagnosis for any first degree relative; Y=positive lifetime diagnosis for one or more first degree relatives),"N, N | Y, Y",,,,,,,y,,
major_depression_diagnosis,Peds - FIGS Family History Int. Genetic Studies Yr3,,dropdown,FIGS Y1: Major depressive disorder (N=no diagnosis for any first degree relative; Y=positive lifetime diagnosis for one or more first degree relatives),"N, N | Y, Y",,,,,,,y,,
mania_diagnosis,Peds - FIGS Family History Int. Genetic Studies Yr3,,dropdown,FIGS Y1: Bipolar disorder (N=no diagnosis for any first degree relative; Y=positive lifetime diagnosis for one or more first degree relatives),"N, N | Y, Y",,,,,,,y,,
nicotine_dependence_diagnosis,Peds - FIGS Family History Int. Genetic Studies Yr3,,dropdown,FIGS Y1: Nicotine dependence (N=no diagnosis for any first degree relative; Y=positive lifetime diagnosis for one or more first degree relatives),"N, N | Y, Y",,,,,,,y,,
ocd_diagnosis,Peds - FIGS Family History Int. Genetic Studies Yr3,,dropdown,FIGS Y1: Obsessive compulsive disorder (N=no diagnosis for any first degree relative; Y=positive lifetime diagnosis for one or more first degree relatives),"N, N | Y, Y",,,,,,,y,,
paranoid_personality_diagnosis,Peds - FIGS Family History Int. Genetic Studies Yr3,,dropdown,FIGS Y1: Paranoid personality disorder (N=no diagnosis for any first degree relative; Y=positive lifetime diagnosis for one or more first degree relatives),"N, N | Y, Y",,,,,,,y,,
pdd_diagnosis,Peds - FIGS Family History Int. Genetic Studies Yr3,,dropdown,FIGS Y3: Pervasive developmental disorder (N=no diagnosis for any first degree relative; Y=positive lifetime diagnosis for one or more first degree relatives),"N, N | Y, Y",,,,,,,y,,
psychotic_depression_diagnosis,Peds - FIGS Family History Int. Genetic Studies Yr3,,dropdown,FIGS Y1: Major depressive disorder with psychosis (N=no diagnosis for any first degree relative; Y=positive lifetime diagnosis for one or more first degree relatives),"N, N | Y, Y",,,,,,,y,,
psychotic_mania_diagnosis,Peds - FIGS Family History Int. Genetic Studies Yr3,,dropdown,FIGS Y1: Bipolar disorder with psychosis (N=no diagnosis for any first degree relative; Y=positive lifetime diagnosis for one or more first degree relatives),"N, N | Y, Y",,,,,,,y,,
recurrent_depression_diagnosis,Peds - FIGS Family History Int. Genetic Studies Yr3,,dropdown,FIGS Y1: Recurrent major depressive disorder (N=no diagnosis for any first degree relative; Y=positive lifetime diagnosis for one or more first degree relatives),"N, N | Y, Y",,,,,,,y,,
respondent,Peds - FIGS Family History Int. Genetic Studies Yr3,,dropdown,FIGS Y1: Respondent (mother or father),"Mother, Mother | Father, Father | Other, Other",,,,,,,y,,
schizoid_diagnosis,Peds - FIGS Family History Int. Genetic Studies Yr3,,dropdown,FIGS Y1: Schizoid personality disorder (N=no diagnosis for any first degree relative; Y=positive lifetime diagnosis for one or more first degree relatives),"N, N | Y, Y",,,,,,,y,,
schizophrenia_diagnosis,Peds - FIGS Family History Int. Genetic Studies Yr3,,dropdown,FIGS Y1: Schizophrenia (N=no diagnosis for any first degree relative; Y=positive lifetime diagnosis for one or more first degree relatives),"N, N | Y, Y",,,,,,,y,,
schizotypal_diagnosis,Peds - FIGS Family History Int. Genetic Studies Yr3,,dropdown,FIGS Y1: Schizotypal personality disorder (N=no diagnosis for any first degree relative; Y=positive lifetime diagnosis for one or more first degree relatives),"N, N | Y, Y",,,,,,,y,,
tic_motor_chronic_diagnosis,Peds - FIGS Family History Int. Genetic Studies Yr3,,dropdown,FIGS Y1: Chronic motor tic disorder (N=no diagnosis for any first degree relative; Y=positive lifetime diagnosis for one or more first degree relatives),"N, N | Y, Y",,,,,,,y,,
tic_motor_transient_diagnosis,Peds - FIGS Family History Int. Genetic Studies Yr3,,dropdown,FIGS Y1: Transient motor tic disorder (N=no diagnosis for any first degree relative; Y=positive lifetime diagnosis for one or more first degree relatives),"N, N | Y, Y",,,,,,,y,,
tic_vocal_chronic_diagnosis,Peds - FIGS Family History Int. Genetic Studies Yr3,,dropdown,FIGS Y1: Chronic vocal tic disorder (N=no diagnosis for any first degree relative; Y=positive lifetime diagnosis for one or more first degree relatives),"N, N | Y, Y",,,,,,,y,,
tic_vocal_transient_diagnosis,Peds - FIGS Family History Int. Genetic Studies Yr3,,dropdown,FIGS Y1: Transient vocal tic disorder (N=no diagnosis for any first degree relative; Y=positive lifetime diagnosis for one or more first degree relatives),"N, N | Y, Y",,,,,,,y,,
tourettes_diagnosis,Peds - FIGS Family History Int. Genetic Studies Yr3,,dropdown,FIGS Y1: Tourette's disorder (N=no diagnosis for any first degree relative; Y=positive lifetime diagnosis for one or more first degree relatives),"N, N | Y, Y",,,,,,,y,,
age_days_doa_to_dob,Peds - FIGS Family History Int. Genetic Studies Yr3,,text,Age in days obtained by subtracting the date of birth from the date of test,,,,,,,,y,,
