Variable / Field Name,Form Name,Section Header,Field Type,Field Label,"Choices, Calculations, OR Slider Labels",Field Note,Text Validation Type OR Show Slider Number,Text Validation Min,Text Validation Max,Identifier?,Branching Logic (Show field only if...),Required Field?,Custom Alignment,Question Number (surveys only)
wisc_iii_df_item8_trial2_score,Peds - WISC III Digital Span & Coding,,dropdown,,"0, 0 | 1, 1 | NA, NA",,,,,,,y,,
wisc_iii_df_item8_trial1_score,Peds - WISC III Digital Span & Coding,,dropdown,,"0, 0 | 1, 1 | NA, NA",,,,,,,y,,
wisc_iii_df_item6_trial2_score,Peds - WISC III Digital Span & Coding,,dropdown,,"0, 0 | 1, 1 | NA, NA",,,,,,,y,,
wisc_iii_df_item5_trial1_score,Peds - WISC III Digital Span & Coding,,dropdown,,"0, 0 | 1, 1 | NA, NA",,,,,,,y,,
wisc_iii_df_item4_trial1_score,Peds - WISC III Digital Span & Coding,,dropdown,,"0, 0 | 1, 1 | NA, NA",,,,,,,y,,
wisc_iii_df_item3_trial2_score,Peds - WISC III Digital Span & Coding,,dropdown,,"0, 0 | 1, 1 | NA, NA",,,,,,,y,,
wisc_iii_df_item2_trial1_score,Peds - WISC III Digital Span & Coding,,dropdown,,"0, 0 | 1, 1 | NA, NA",,,,,,,y,,
wisc_iii_db_item7_trial2_score,Peds - WISC III Digital Span & Coding,,dropdown,,"0, 0 | 1, 1 | NA, NA",,,,,,,y,,
wisc_iii_db_item7_trial1_score,Peds - WISC III Digital Span & Coding,,dropdown,,"0, 0 | 1, 1 | NA, NA",,,,,,,y,,
wisc_iii_db_item6_trial2_score,Peds - WISC III Digital Span & Coding,,dropdown,,"0, 0 | 1, 1 | NA, NA",,,,,,,y,,
wisc_iii_db_item6_trial1_score,Peds - WISC III Digital Span & Coding,,dropdown,,"0, 0 | 1, 1 | NA, NA",,,,,,,y,,
wisc_iii_db_item5_trial1_score,Peds - WISC III Digital Span & Coding,,dropdown,,"0, 0 | 1, 1 | NA, NA",,,,,,,y,,
wisc_iii_db_item4_trial2_score,Peds - WISC III Digital Span & Coding,,dropdown,,"0, 0 | 1, 1 | NA, NA",,,,,,,y,,
wisc_iii_db_item3_trial1_score,Peds - WISC III Digital Span & Coding,,dropdown,,"0, 0 | 1, 1 | NA, NA",,,,,,,y,,
timepoint_label,Peds - WISC III Digital Span & Coding,,text,,,,,,,,,y,,
src_subject_id,Peds - WISC III Digital Span & Coding,,text,,,,,,,,,y,,
wisc_iii_df_item7_trial2_score,Peds - WISC III Digital Span & Coding,,dropdown,,"0, 0 | 1, 1 | NA, NA",,,,,,,y,,
wisc_iii_df_item7_trial1_score,Peds - WISC III Digital Span & Coding,,dropdown,,"0, 0 | 1, 1 | NA, NA",,,,,,,y,,
wisc_iii_df_item6_trial1_score,Peds - WISC III Digital Span & Coding,,dropdown,,"0, 0 | 1, 1 | NA, NA",,,,,,,y,,
wisc_iii_df_item5_trial2_score,Peds - WISC III Digital Span & Coding,,dropdown,,"0, 0 | 1, 1 | NA, NA",,,,,,,y,,
wisc_iii_df_item4_trial2_score,Peds - WISC III Digital Span & Coding,,dropdown,,"0, 0 | 1, 1 | NA, NA",,,,,,,y,,
wisc_iii_df_item3_trial1_score,Peds - WISC III Digital Span & Coding,,dropdown,,"0, 0 | 1, 1 | NA, NA",,,,,,,y,,
wisc_iii_df_item2_trial2_score,Peds - WISC III Digital Span & Coding,,dropdown,,"0, 0 | 1, 1 | NA, NA",,,,,,,y,,
wisc_iii_df_item1_trial2_score,Peds - WISC III Digital Span & Coding,,dropdown,,"0, 0 | 1, 1 | NA, NA",,,,,,,y,,
wisc_iii_df_item1_trial1_score,Peds - WISC III Digital Span & Coding,,dropdown,,"0, 0 | 1, 1 | NA, NA",,,,,,,y,,
wisc_iii_db_item5_trial2_score,Peds - WISC III Digital Span & Coding,,dropdown,,"0, 0 | 1, 1 | NA, NA",,,,,,,y,,
wisc_iii_db_item4_trial1_score,Peds - WISC III Digital Span & Coding,,dropdown,,"0, 0 | 1, 1 | NA, NA",,,,,,,y,,
wisc_iii_db_item3_trial2_score,Peds - WISC III Digital Span & Coding,,dropdown,,"0, 0 | 1, 1 | NA, NA",,,,,,,y,,
wisc_iii_db_item2_trial2_score,Peds - WISC III Digital Span & Coding,,dropdown,,"0, 0 | 1, 1 | NA, NA",,,,,,,y,,
wisc_iii_db_item2_trial1_score,Peds - WISC III Digital Span & Coding,,dropdown,,"0, 0 | 1, 1 | NA, NA",,,,,,,y,,
wisc_iii_db_item1_trial2_score,Peds - WISC III Digital Span & Coding,,dropdown,,"0, 0 | 1, 1 | NA, NA",,,,,,,y,,
wisc_iii_db_item1_trial1_score,Peds - WISC III Digital Span & Coding,,dropdown,,"0, 0 | 1, 1 | NA, NA",,,,,,,y,,
admin_status,Peds - WISC III Digital Span & Coding,,dropdown,,"Complete, Complete | Partial, Partial | Not Administered, Not Administered | Not Applicable, Not Applicable",,,,,,,y,,
wisc_iii_scaled_sc_digit_span,Peds - WISC III Digital Span & Coding,,text,,,,,,,,,y,,
wisc_iii_raw_score_digit_span,Peds - WISC III Digital Span & Coding,,text,,,,,,,,,y,,
wisc_iii_raw_score_df,Peds - WISC III Digital Span & Coding,,text,,,,,,,,,y,,
wisc_iii_df_item8_score,Peds - WISC III Digital Span & Coding,,text,,,,,,,,,y,,
wisc_iii_df_item7_score,Peds - WISC III Digital Span & Coding,,text,,,,,,,,,y,,
wisc_iii_df_item6_score,Peds - WISC III Digital Span & Coding,,text,,,,,,,,,y,,
wisc_iii_df_item5_score,Peds - WISC III Digital Span & Coding,,text,,,,,,,,,y,,
wisc_iii_df_item3_score,Peds - WISC III Digital Span & Coding,,text,,,,,,,,,y,,
wisc_iii_db_raw_score,Peds - WISC III Digital Span & Coding,,text,,,,,,,,,y,,
wisc_iii_db_item7_score,Peds - WISC III Digital Span & Coding,,text,,,,,,,,,y,,
wisc_iii_db_item6_score,Peds - WISC III Digital Span & Coding,,text,,,,,,,,,y,,
wisc_iii_db_item5_score,Peds - WISC III Digital Span & Coding,,text,,,,,,,,,y,,
wisc_iii_db_item4_score,Peds - WISC III Digital Span & Coding,,text,,,,,,,,,y,,
wisc_iii_db_item2_score,Peds - WISC III Digital Span & Coding,,text,,,,,,,,,y,,
wisc_iii_db_item1_score,Peds - WISC III Digital Span & Coding,,text,,,,,,,,,y,,
wisc_iii_coding_a_compl_time,Peds - WISC III Digital Span & Coding,,text,,,,,,,,,y,,
wisc_iii_scaled_score_coding,Peds - WISC III Digital Span & Coding,,text,,,,,,,,,y,,
wisc_iii_raw_score_coding_b,Peds - WISC III Digital Span & Coding,,text,,,,,,,,,y,,
wisc_iii_raw_score_coding_a,Peds - WISC III Digital Span & Coding,,text,,,,,,,,,y,,
wisc_iii_df_item4_score,Peds - WISC III Digital Span & Coding,,text,,,,,,,,,y,,
wisc_iii_df_item2_score,Peds - WISC III Digital Span & Coding,,text,,,,,,,,,y,,
wisc_iii_df_item1_score,Peds - WISC III Digital Span & Coding,,text,,,,,,,,,y,,
wisc_iii_db_item3_score,Peds - WISC III Digital Span & Coding,,text,,,,,,,,,y,,
wisc_iii_coding_b_compl_time,Peds - WISC III Digital Span & Coding,,text,,,,,,,,,y,,
age_in_months,Peds - WISC III Digital Span & Coding,,text,,,,,,,,,y,,
age_days_dot_to_dob,Peds - WISC III Digital Span & Coding,,text,,,,,,,,,y,,
subjectkey,Peds - WISC III Digital Span & Coding,,text,,,,,,,,,,,
