Variable / Field Name,Form Name,Section Header,Field Type,Field Label,"Choices, Calculations, OR Slider Labels",Field Note,Text Validation Type OR Show Slider Number,Text Validation Min,Text Validation Max,Identifier?,Branching Logic (Show field only if...),Required Field?,Custom Alignment,Question Number (surveys only)
subjectkey,ATP Brain Donor Summary,,text,The NDAR Global Unique Identifier (GUID) for subjects which identifies a subject in NDAR,,,,,,,,y,,
src_subject_id,ATP Brain Donor Summary,,text,The site's subject identification,,,,,,,,y,,
tissue_quality,ATP Brain Donor Summary,,text,Descriptive information on tissue quality.,,,,,,,,y,,
brain_weight,ATP Brain Donor Summary,,text,Mass of brain in grams,,,,,,,,y,,
doc_educational_exists,ATP Brain Donor Summary,,text,Flag - availability of subject educational documents,,,,,,,,y,,
doc_neuropath_exists,ATP Brain Donor Summary,,text,Flat - availability of neuropath document,,,,,,,,y,,
handedness,ATP Brain Donor Summary,,dropdown,handedness,"R, R | L, L | B, B",,,,,,,y,,
doc_ot_pt_exists,ATP Brain Donor Summary,,text,Flag - availability occupational and physical therapy documents,,,,,,,,y,,
primary_cause_death,ATP Brain Donor Summary,,text,Primary cause of death,,,,,,,,y,,
brain_rin,ATP Brain Donor Summary,,text,RNA integrity number,,,,,,,,y,,
doc_adir_summary_exists,ATP Brain Donor Summary,,text,Flag,,,,,,,,y,,
left_fixation,ATP Brain Donor Summary,,text,Fixation method of left hemisphere,,,,,,,,y,,
secondary_cause_death,ATP Brain Donor Summary,,text,Secondary cause of death,,,,,,,,y,,
doc_eeg_exists,ATP Brain Donor Summary,,text,Flag - availability of EEG report,,,,,,,,y,,
doc_data_exists,ATP Brain Donor Summary,,dropdown,Flag - subject data document available,"Y, Y | N, N",,,,,,,y,,
doc_psych_exists,ATP Brain Donor Summary,,text,Flag - availability of psychological report,,,,,,,,y,,
doc_autopsy_exists,ATP Brain Donor Summary,,text,Flag - availability of autopsy document,,,,,,,,y,,
doc_genetic_exists,ATP Brain Donor Summary,,text,Flag - availability of genetic report,,,,,,,,y,,
doc_neurology_exists,ATP Brain Donor Summary,,text,Flag - availability of neurology report,,,,,,,,y,,
post_mortem_interval,ATP Brain Donor Summary,,text,Time interval from time of death until processing of the tissue by the brain bank.  The value is in hours.,,,,,,,,y,,
right_fixation,ATP Brain Donor Summary,,text,Fixation method for right hemisphere,,,,,,,,y,,
doc_mri_exists,ATP Brain Donor Summary,,text,Flag - availability of of MRI,,,,,,,,y,,
doc_vision_exists,ATP Brain Donor Summary,,text,Flag - availability of vision reports,,,,,,,,y,,
doc_aud_speech_exists,ATP Brain Donor Summary,,text,Flag - availability of audiology or speech documents,,,,,,,,y,,
comments,ATP Brain Donor Summary,,text,generic field for comments on a particular record,,,,,,,,y,,
doc_medical_reports_exists,ATP Brain Donor Summary,,text,Flag - availability of medical reports,,,,,,,,y,,
primary_diagnosis,ATP Brain Donor Summary,,text,Primary diagnosis of subject,,,,,,,,y,,
age_at_death_months,ATP Brain Donor Summary,,text,Age at death in months,,,,,,,,y,,
subject_control,ATP Brain Donor Summary,,text,Control flag for subject,,,,,,,,y,,
ethnicity,ATP Brain Donor Summary,,dropdown,Ethnicity of participant,"Hispanic or Latino, Hispanic or Latino |  Not Hispanic or Latino,  Not Hispanic or Latino |  Unknown,  Unknown",,,,,,,y,,
date_updated,ATP Brain Donor Summary,,text,Date record updated,,,date_ymd,,,,,y,,
gender,ATP Brain Donor Summary,,dropdown,Gender,"M, M | F, F",,,,,,,y,,
