Variable / Field Name,Form Name,Section Header,Field Type,Field Label,"Choices, Calculations, OR Slider Labels",Field Note,Text Validation Type OR Show Slider Number,Text Validation Min,Text Validation Max,Identifier?,Branching Logic (Show field only if...),Required Field?,Custom Alignment,Question Number (surveys only)
subjectkey,CPEA STAART EVT,,text,The NDAR Global Unique Identifier (GUID) for subjects which identifies a subject in NDAR,,,,,,,,y,,
interview_date,CPEA STAART EVT,,text,Date on which the interview/genetic test/sampling/imaging was completed,"MM/yyyy, MM/yyyy | MM/dd/yyyy, MM/dd/yyyy",* '01/01/1900' indicates that a date associated with retrospective data is not known.,date_ymd,,,,,y,,
cycle,CPEA STAART EVT,,text,Timepoint information,,,,,,,,y,,
patid,CPEA STAART EVT,,text,src_Subject_id,,Patient IDs were assigned at the research site for CPEA and STAART,,,,,,y,,
network,CPEA STAART EVT,,text,Network,,CPEA or STAART Network,,,,,,y,,
site,CPEA STAART EVT,,text,Site,,CPEA or STAART Site,,,,,,y,,
study,CPEA STAART EVT,,text,Study,,CPEA or STAART Study,,,,,,y,,
adi_dx,CPEA STAART EVT,,text,ADI: Diagnosis,,,,,,,,y,,
evt_date,CPEA STAART EVT,,text,Test Date,,,,,,,,y,,
evt_last,CPEA STAART EVT,,text,Last item administered,,,,,,,,y,,
evt_lb_tot38,CPEA STAART EVT,,text,Number incorrect in items 1 - 38,,,,,,,,y,,
evt_sc_diff,CPEA STAART EVT,,text,Difference,,,,,,,,y,,
evt_sc_percent,CPEA STAART EVT,,text,Percentage of Sample with difference,,,,,,,,y,,
evt_sc_ssdiff,CPEA STAART EVT,,text,Statistical Significance of difference,,,,,,,,y,,
evt_ss_ageeq,CPEA STAART EVT,,text,Age Equivalent (in months),,,,,,,,y,,
evt_ss_cilow,CPEA STAART EVT,,text,Confidence Interval lower bound,,,,,,,,y,,
evt_ss_ciup,CPEA STAART EVT,,text,Confidence Interval upper bound,,,,,,,,y,,
evt_ss_ncest,CPEA STAART EVT,,text,NCE/Stanine,,,,,,,,y,,
evt_ss_percent,CPEA STAART EVT,,text,Percentile,,,,,,,,y,,
evt_ss_raw,CPEA STAART EVT,,text,Total Raw Score,,,,,,,,y,,
evt_ss_std,CPEA STAART EVT,,text,Total Standard Score,,,,,,,,y,,
evt_syn_tot108,CPEA STAART EVT,,text,Number of incorrect items 73 - 108,,,,,,,,y,,
evt_syn_tot143,CPEA STAART EVT,,text,Number of incorrect items 109-143,,,,,,,,y,,
evt_syn_tot178,CPEA STAART EVT,,text,Number of incorrect items 144-178,,,,,,,,y,,
evt_syn_tot190,CPEA STAART EVT,,text,Number of incorrect items 179-190,,,,,,,,y,,
evt_syn_tot72,CPEA STAART EVT,,text,Number incorrect in items 39 - 72,,,,,,,,y,,
evt_total,CPEA STAART EVT,,text,Total Number of incorrect items,,,,,,,,y,,
evt_version,CPEA STAART EVT,,text,form version,,,,,,,,y,,
