Variable / Field Name,Form Name,Section Header,Field Type,Field Label,"Choices, Calculations, OR Slider Labels",Field Note,Text Validation Type OR Show Slider Number,Text Validation Min,Text Validation Max,Identifier?,Branching Logic (Show field only if...),Required Field?,Custom Alignment,Question Number (surveys only)
subjectkey,CPEA STAART WISC 4,,text,,,,,,,,,y,,
interview_date,CPEA STAART WISC 4,,text,,"MM/yyyy, MM/yyyy | MM/dd/yyyy, MM/dd/yyyy",* '01/01/1900' indicates that a date associated with retrospective data is not known.,date_ymd,,,,,y,,
cycle,CPEA STAART WISC 4,,text,,,,,,,,,y,,
patid,CPEA STAART WISC 4,,text,,,Patient IDs were assigned at the research site for CPEA and STAART,,,,,,y,,
network,CPEA STAART WISC 4,,text,,,CPEA or STAART Network,,,,,,y,,
site,CPEA STAART WISC 4,,text,,,CPEA or STAART Site,,,,,,y,,
study,CPEA STAART WISC 4,,text,,,CPEA or STAART Study,,,,,,y,,
wisc_age,CPEA STAART WISC 4,,text,,,,,,,,,y,,
wisc_ar_apples,CPEA STAART WISC 4,,dropdown,,"0, 0 | 1, 1",,,,,,,y,,
wisc_ar_balloons,CPEA STAART WISC 4,,dropdown,,"0, 0 |  1,  1",,,,,,,y,,
wisc_ar_bicycle,CPEA STAART WISC 4,,dropdown,,"0, 0 |  1,  1 |  2,  2",,,,,,,y,,
wisc_ar_birds,CPEA STAART WISC 4,,dropdown,,"0, 0 | 1, 1",,,,,,,y,,
wisc_ar_books,CPEA STAART WISC 4,,dropdown,,"0, 0 | 1, 1",,,,,,,y,,
wisc_ar_butterfly,CPEA STAART WISC 4,,dropdown,,"0, 0 |  1,  1",,,,,,,y,,
wisc_ar_candy,CPEA STAART WISC 4,,dropdown,,"0, 0 | 1, 1",,,,,,,y,,
wisc_ar_cars,CPEA STAART WISC 4,,dropdown,,"0, 0 |  1,  1 |  2,  2",,,,,,,y,,
wisc_ar_change,CPEA STAART WISC 4,,dropdown,,"0, 0 |  1,  1",,,,,,,y,,
wisc_ar_chicks,CPEA STAART WISC 4,,dropdown,,"0, 0 |  1,  1",,,,,,,y,,
wisc_ar_class,CPEA STAART WISC 4,,dropdown,,"0, 0 |  1,  1",,,,,,,y,,
wisc_ar_cookies,CPEA STAART WISC 4,,dropdown,,"0, 0 | 1, 1",,,,,,,y,,
wisc_ar_cows,CPEA STAART WISC 4,,dropdown,,"0, 0 |  1,  1",,,,,,,y,,
wisc_ar_crayons,CPEA STAART WISC 4,,dropdown,,"0, 0 | 1, 1",,,,,,,y,,
wisc_ar_drive,CPEA STAART WISC 4,,dropdown,,"0, 0 |  1,  1",,,,,,,y,,
wisc_ar_flight,CPEA STAART WISC 4,,dropdown,,"0, 0 |  1,  1",,,,,,,y,,
wisc_ar_fs,CPEA STAART WISC 4,,text,,,,,,,,,y,,
wisc_ar_game,CPEA STAART WISC 4,,dropdown,,"0, 0 |  1,  1",,,,,,,y,,
wisc_ar_magaz,CPEA STAART WISC 4,,dropdown,,"0, 0 |  1,  1",,,,,,,y,,
wisc_ar_markers,CPEA STAART WISC 4,,dropdown,,"0, 0 |  1,  1",,,,,,,y,,
wisc_ar_money,CPEA STAART WISC 4,,dropdown,,"0, 0 |  1,  1 |  2,  2",,,,,,,y,,
wisc_ar_nuts,CPEA STAART WISC 4,,dropdown,,"0, 0 |  1,  1",,,,,,,y,,
wisc_ar_pencils,CPEA STAART WISC 4,,dropdown,,"0, 0 | 1, 1",,,,,,,y,,
wisc_ar_pennies,CPEA STAART WISC 4,,dropdown,,"0, 0 | 1, 1",,,,,,,y,,
wisc_ar_pens,CPEA STAART WISC 4,,dropdown,,"0, 0 |  1,  1 |  2,  2",,,,,,,y,,
wisc_ar_pieces,CPEA STAART WISC 4,,dropdown,,"0, 0 |  1,  1",,,,,,,y,,
wisc_ar_points,CPEA STAART WISC 4,,dropdown,,"0, 0 |  1,  1",,,,,,,y,,
wisc_ar_rawscre,CPEA STAART WISC 4,,text,,,,,,,,,y,,
wisc_ar_ribbons,CPEA STAART WISC 4,,dropdown,,"0, 0 |  1,  1",,,,,,,y,,
wisc_ar_ss,CPEA STAART WISC 4,,text,,,,,,,,,y,,
wisc_ar_stickers,CPEA STAART WISC 4,,dropdown,,"0, 0 |  1,  1",,,,,,,y,,
wisc_ar_students,CPEA STAART WISC 4,,dropdown,,"0, 0 |  1,  1",,,,,,,y,,
wisc_ar_temp,CPEA STAART WISC 4,,dropdown,,"0, 0 |  1,  1",,,,,,,y,,
wisc_ar_trees,CPEA STAART WISC 4,,dropdown,,"0, 0 | 1, 1",,,,,,,y,,
wisc_ar_wash,CPEA STAART WISC 4,,dropdown,,"0, 0 |  1,  1",,,,,,,y,,
wisc_ar_watching,CPEA STAART WISC 4,,dropdown,,"0, 0 |  1,  1",,,,,,,y,,
wisc_ar_work,CPEA STAART WISC 4,,dropdown,,"0, 0 |  1,  1",,,,,,,y,,
wisc_bd_1,CPEA STAART WISC 4,,dropdown,,"0, 0 |  1,  1 |  2,  2",,,,,,,y,,
wisc_bd_10,CPEA STAART WISC 4,,dropdown,,"0, 0 |  4,  4 |  5,  5 |  6,  6 |  7,  7",,,,,,,y,,
wisc_bd_11,CPEA STAART WISC 4,,dropdown,,"0, 0 |  4,  4 |  5,  5 |  6,  6 |  7,  7",,,,,,,y,,
wisc_bd_12,CPEA STAART WISC 4,,dropdown,,"0, 0 |  4,  4 |  5,  5 |  6,  6 |  7,  7",,,,,,,y,,
wisc_bd_13,CPEA STAART WISC 4,,dropdown,,"0, 0 | 4, 4 | 5, 5 | 6, 6 | 7, 7",,,,,,,y,,
wisc_bd_14,CPEA STAART WISC 4,,dropdown,,"0, 0 | 4, 4 | 5, 5 | 6, 6 | 7, 7",,,,,,,y,,
wisc_bd_2,CPEA STAART WISC 4,,dropdown,,"0, 0 |  1,  1 |  2,  2",,,,,,,y,,
wisc_bd_3,CPEA STAART WISC 4,,dropdown,,"0, 0 |  1,  1 |  2,  2",,,,,,,y,,
wisc_bd_4,CPEA STAART WISC 4,,dropdown,,"0, 0 |  4,  4 |  5,  5 |  6,  6 |  7,  7",,,,,,,y,,
wisc_bd_5,CPEA STAART WISC 4,,dropdown,,"0, 0 |  4,  4 |  5,  5 |  6,  6 |  7,  7",,,,,,,y,,
wisc_bd_6,CPEA STAART WISC 4,,dropdown,,"0, 0 |  4,  4 |  5,  5 |  6,  6 |  7,  7",,,,,,,y,,
wisc_bd_7,CPEA STAART WISC 4,,dropdown,,"0, 0 |  4,  4 |  5,  5 |  6,  6 |  7,  7",,,,,,,y,,
wisc_bd_8,CPEA STAART WISC 4,,dropdown,,"0, 0 |  4,  4 |  5,  5 |  6,  6 |  7,  7",,,,,,,y,,
wisc_bd_9,CPEA STAART WISC 4,,dropdown,,"0, 0 |  4,  4 |  5,  5 |  6,  6 |  7,  7",,,,,,,y,,
wisc_bd_ae,CPEA STAART WISC 4,,text,,,,,,,,,y,,
wisc_bd_bdn,CPEA STAART WISC 4,,text,,,,,,,,,y,,
isc_bd_bdn,CPEA STAART WISC 4,,text,,,,,,,,,y,,
wisc_bd_rawscre,CPEA STAART WISC 4,,text,,,,,,,,,y,,
wisc_bd_ss,CPEA STAART WISC 4,,text,,,,,,,,,y,,
wisc_ca_rawscre,CPEA STAART WISC 4,,text,,,,,,,,,y,,
isc_ca_rawscre,CPEA STAART WISC 4,,text,,,,,,,,,y,,
isc_ca_rdm_raw,CPEA STAART WISC 4,,text,,,,,,,,,y,,
wisc_ca_str_raw,CPEA STAART WISC 4,,text,,,,,,,,,y,,
isc_ca_str_raw,CPEA STAART WISC 4,,text,,,,,,,,,y,,
wisc_cd_fs,CPEA STAART WISC 4,,text,,,,,,,,,y,,
wisc_cd_rawscre,CPEA STAART WISC 4,,text,,,,,,,,,y,,
wisc_cd_ss,CPEA STAART WISC 4,,text,,,,,,,,,y,,
wisc_ci_per,CPEA STAART WISC 4,,text,,,,,,,,,y,,
wisc_co_apolo,CPEA STAART WISC 4,,dropdown,,"0, 0 |  1,  1 |  2,  2",,,,,,,y,,
wisc_co_comm,CPEA STAART WISC 4,,dropdown,,"0, 0 |  1,  1 |  2,  2",,,,,,,y,,
wisc_co_copy,CPEA STAART WISC 4,,dropdown,,"0, 0 |  1,  1 |  2,  2",,,,,,,y,,
wisc_co_demo,CPEA STAART WISC 4,,dropdown,,"0, 0 |  1,  1 |  2,  2",,,,,,,y,,
wisc_co_doct,CPEA STAART WISC 4,,dropdown,,"0, 0 |  1,  1 |  2,  2",,,,,,,y,,
wisc_co_exer,CPEA STAART WISC 4,,dropdown,,"0, 0 |  1,  1 |  2,  2",,,,,,,y,,
wisc_co_fight,CPEA STAART WISC 4,,dropdown,,"0, 0 |  1,  1 |  2,  2",,,,,,,y,,
wisc_co_fs,CPEA STAART WISC 4,,text,,,,,,,,,y,,
wisc_co_inspect,CPEA STAART WISC 4,,dropdown,,"0, 0 |  1,  1 |  2,  2",,,,,,,y,,
wisc_co_librar,CPEA STAART WISC 4,,dropdown,,"0, 0 |  1,  1 |  2,  2",,,,,,,y,,
wisc_co_lights,CPEA STAART WISC 4,,dropdown,,"0, 0 |  1,  1 |  2,  2",,,,,,,y,,
wisc_co_news,CPEA STAART WISC 4,,dropdown,,"0, 0 |  1,  1 |  2,  2",,,,,,,y,,
wisc_co_owning,CPEA STAART WISC 4,,dropdown,,"0, 0 |  1,  1 |  2,  2",,,,,,,y,,
wisc_co_police,CPEA STAART WISC 4,,dropdown,,"0, 0 |  1,  1 |  2,  2",,,,,,,y,,
wisc_co_prom,CPEA STAART WISC 4,,dropdown,,"0, 0 |  1,  1 |  2,  2",,,,,,,y,,
wisc_co_rawscre,CPEA STAART WISC 4,,text,,,,,,,,,y,,
wisc_co_seat,CPEA STAART WISC 4,,dropdown,,"0, 0 |  1,  1 |  2,  2",,,,,,,y,,
wisc_co_smoke,CPEA STAART WISC 4,,dropdown,,"0, 0 |  1,  1 |  2,  2",,,,,,,y,,
wisc_co_ss,CPEA STAART WISC 4,,text,,,,,,,,,y,,
wisc_co_stamps,CPEA STAART WISC 4,,dropdown,,"0, 0 |  1,  1 |  2,  2",,,,,,,y,,
wisc_co_tech,CPEA STAART WISC 4,,dropdown,,"0, 0 |  1,  1 |  2,  2",,,,,,,y,,
wisc_co_teeth,CPEA STAART WISC 4,,dropdown,,"0, 0 |  1,  1 |  2,  2",,,,,,,y,,
wisc_co_veg,CPEA STAART WISC 4,,dropdown,,"0, 0 |  1,  1 |  2,  2",,,,,,,y,,
wisc_co_wallet,CPEA STAART WISC 4,,dropdown,,"0, 0 |  1,  1 |  2,  2",,,,,,,y,,
wisc_ss_1,CPEA STAART WISC 4,,text,,,,,,,,,y,,
wisc_ds_b1,CPEA STAART WISC 4,,dropdown,,"0, 0 |  1,  1 |  2,  2",,,,,,,y,,
wisc_ds_b2,CPEA STAART WISC 4,,dropdown,,"0, 0 |  1,  1 |  2,  2",,,,,,,y,,
wisc_ds_b3,CPEA STAART WISC 4,,dropdown,,"0, 0 |  1,  1 |  2,  2",,,,,,,y,,
wisc_ds_b4,CPEA STAART WISC 4,,dropdown,,"0, 0 |  1,  1 |  2,  2",,,,,,,y,,
wisc_ds_b5,CPEA STAART WISC 4,,dropdown,,"0, 0 |  1,  1 |  2,  2",,,,,,,y,,
wisc_ds_b6,CPEA STAART WISC 4,,dropdown,,"0, 0 |  1,  1 |  2,  2",,,,,,,y,,
wisc_ds_b7,CPEA STAART WISC 4,,dropdown,,"0, 0 |  1,  1 |  2,  2",,,,,,,y,,
wisc_ds_b8,CPEA STAART WISC 4,,dropdown,,"0, 0 |  1,  1 |  2,  2",,,,,,,y,,
wisc_ds_f1,CPEA STAART WISC 4,,dropdown,,"0, 0 |  1,  1 |  2,  2",,,,,,,y,,
wisc_ds_f2,CPEA STAART WISC 4,,dropdown,,"0, 0 |  1,  1 |  2,  2",,,,,,,y,,
wisc_ds_f3,CPEA STAART WISC 4,,dropdown,,"0, 0 |  1,  1 |  2,  2",,,,,,,y,,
wisc_ds_f4,CPEA STAART WISC 4,,dropdown,,"0, 0 |  1,  1 |  2,  2",,,,,,,y,,
wisc_ds_f5,CPEA STAART WISC 4,,dropdown,,"0, 0 |  1,  1 |  2,  2",,,,,,,y,,
wisc_ds_f6,CPEA STAART WISC 4,,dropdown,,"0, 0 |  1,  1 |  2,  2",,,,,,,y,,
wisc_ds_f7,CPEA STAART WISC 4,,dropdown,,"0, 0 |  1,  1 |  2,  2",,,,,,,y,,
wisc_ds_f8,CPEA STAART WISC 4,,dropdown,,"0, 0 |  1,  1 |  2,  2",,,,,,,y,,
wisc_ds_fs,CPEA STAART WISC 4,,text,,,,,,,,,y,,
wisc_ds_ldsb,CPEA STAART WISC 4,,text,,,,,,,,,y,,
isc_ds_ldsb,CPEA STAART WISC 4,,text,,,,,,,,,y,,
isc_ds_ldsf,CPEA STAART WISC 4,,text,,,,,,,,,y,,
isc_ds_rawb,CPEA STAART WISC 4,,text,,,,,,,,,y,,
isc_ds_rawf,CPEA STAART WISC 4,,text,,,,,,,,,y,,
wisc_ds_ss,CPEA STAART WISC 4,,text,,,,,,,,,y,,
wisc_fs_ci,CPEA STAART WISC 4,,text,,,,,,,,,y,,
wisc_fs_cih,CPEA STAART WISC 4,,text,,,,,,,,,y,,
wisc_fs_cil,CPEA STAART WISC 4,,text,,,,,,,,,y,,
wisc_fs_cscore,CPEA STAART WISC 4,,text,,,,,,,,,y,,
wisc_fs_percent,CPEA STAART WISC 4,,text,,,,,,,,,y,,
wisc_fs_sss,CPEA STAART WISC 4,,text,,,,,,,,,y,,
wisc_in_baro,CPEA STAART WISC 4,,dropdown,,"0, 0 | 1, 1",,,,,,,y,,
wisc_in_boil,CPEA STAART WISC 4,,dropdown,,"0, 0 | 1, 1",,,,,,,y,,
wisc_in_coins,CPEA STAART WISC 4,,dropdown,,"0, 0 | 1, 1",,,,,,,y,,
wisc_in_colum,CPEA STAART WISC 4,,dropdown,,"0, 0 | 1, 1",,,,,,,y,,
wisc_in_confuc,CPEA STAART WISC 4,,dropdown,,"0, 0 |  1,  1",,,,,,,y,,
wisc_in_darwin,CPEA STAART WISC 4,,dropdown,,"0, 0 | 1, 1",,,,,,,y,,
wisc_in_diam,CPEA STAART WISC 4,,dropdown,,"0, 0 |  1,  1",,,,,,,y,,
wisc_in_dozen,CPEA STAART WISC 4,,dropdown,,"0, 0 | 1, 1",,,,,,,y,,
wisc_in_ears,CPEA STAART WISC 4,,dropdown,,"0, 0 | 1, 1",,,,,,,y,,
wisc_in_eat,CPEA STAART WISC 4,,dropdown,,"0, 0 |  1,  1",,,,,,,y,,
wisc_in_fission,CPEA STAART WISC 4,,dropdown,,"0, 0 |  1,  1",,,,,,,y,,
wisc_in_foot,CPEA STAART WISC 4,,dropdown,,"0, 0 |  1,  1",,,,,,,y,,
wisc_in_foss,CPEA STAART WISC 4,,dropdown,,"0, 0 |  1,  1",,,,,,,y,,
wisc_in_fs,CPEA STAART WISC 4,,text,,,,,,,,,y,,
wisc_in_greece,CPEA STAART WISC 4,,dropdown,,"0, 0 | 1, 1",,,,,,,y,,
wisc_in_hiero,CPEA STAART WISC 4,,dropdown,,"0, 0 | 1, 1",,,,,,,y,,
wisc_in_leaves,CPEA STAART WISC 4,,dropdown,,"0, 0 |  1,  1",,,,,,,y,,
wisc_in_legs,CPEA STAART WISC 4,,dropdown,,"0, 0 | 1, 1",,,,,,,y,,
wisc_in_london,CPEA STAART WISC 4,,dropdown,,"0, 0 | 1, 1",,,,,,,y,,
wisc_in_march,CPEA STAART WISC 4,,dropdown,,"0, 0 | 1, 1",,,,,,,y,,
wisc_in_month,CPEA STAART WISC 4,,dropdown,,"0, 0 |  1,  1",,,,,,,y,,
wisc_in_nose,CPEA STAART WISC 4,,dropdown,,"0, 0 | 1, 1",,,,,,,y,,
wisc_in_old,CPEA STAART WISC 4,,dropdown,,"0, 0 |  1,  1",,,,,,,y,,
wisc_in_oxygen,CPEA STAART WISC 4,,dropdown,,"0, 0 | 1, 1",,,,,,,y,,
wisc_in_ozone,CPEA STAART WISC 4,,dropdown,,"0, 0 |  1,  1",,,,,,,y,,
wisc_in_pop,CPEA STAART WISC 4,,dropdown,,"0, 0 | 1, 1",,,,,,,y,,
wisc_in_rawscre,CPEA STAART WISC 4,,text,,,,,,,,,y,,
wisc_in_rust,CPEA STAART WISC 4,,dropdown,,"0, 0 | 1, 1",,,,,,,y,,
wisc_in_seas,CPEA STAART WISC 4,,dropdown,,"0, 0 | 1, 1",,,,,,,y,,
wisc_in_solst,CPEA STAART WISC 4,,dropdown,,"0, 0 |  1,  1",,,,,,,y,,
wisc_in_ss,CPEA STAART WISC 4,,text,,,,,,,,,y,,
wisc_in_stom,CPEA STAART WISC 4,,dropdown,,"0, 0 | 1, 1",,,,,,,y,,
wisc_in_thurs,CPEA STAART WISC 4,,dropdown,,"0, 0 | 1, 1",,,,,,,y,,
wisc_in_turpen,CPEA STAART WISC 4,,dropdown,,"0, 0 | 1, 1",,,,,,,y,,
wisc_in_week,CPEA STAART WISC 4,,dropdown,,"0, 0 | 1, 1",,,,,,,y,,
wisc_in_year,CPEA STAART WISC 4,,dropdown,,"0, 0 |  1,  1",,,,,,,y,,
wisc_ln_1,CPEA STAART WISC 4,,dropdown,,"0, 0 | 1, 1 | 2, 2 | 3, 3",,,,,,,y,,
wisc_ln_10,CPEA STAART WISC 4,,dropdown,,"0, 0 | 1, 1 | 2, 2 | 3, 3",,,,,,,y,,
wisc_ln_2,CPEA STAART WISC 4,,dropdown,,"0, 0 | 1, 1 | 2, 2 | 3, 3",,,,,,,y,,
wisc_ln_3,CPEA STAART WISC 4,,dropdown,,"0, 0 | 1, 1 | 2, 2 | 3, 3",,,,,,,y,,
wisc_ln_4,CPEA STAART WISC 4,,dropdown,,"0, 0 | 1, 1 | 2, 2 | 3, 3",,,,,,,y,,
wisc_ln_5,CPEA STAART WISC 4,,dropdown,,"0, 0 | 1, 1 | 2, 2 | 3, 3",,,,,,,y,,
wisc_ln_6,CPEA STAART WISC 4,,dropdown,,"0, 0 | 1, 1 | 2, 2 | 3, 3",,,,,,,y,,
wisc_ln_7,CPEA STAART WISC 4,,dropdown,,"0, 0 | 1, 1 | 2, 2 | 3, 3",,,,,,,y,,
wisc_ln_8,CPEA STAART WISC 4,,dropdown,,"0, 0 | 1, 1 | 2, 2 | 3, 3",,,,,,,y,,
wisc_ln_9,CPEA STAART WISC 4,,dropdown,,"0, 0 | 1, 1 | 2, 2 | 3, 3",,,,,,,y,,
wisc_ln_rawscre,CPEA STAART WISC 4,,text,,,,,,,,,y,,
isc_ln_rawscre,CPEA STAART WISC 4,,text,,,,,,,,,y,,
wisc_mr_1,CPEA STAART WISC 4,,dropdown,,"0, 0 |  1,  1",,,,,,,y,,
wisc_mr_10,CPEA STAART WISC 4,,dropdown,,"0, 0 |  1,  1",,,,,,,y,,
wisc_mr_11,CPEA STAART WISC 4,,dropdown,,"0, 0 |  1,  1",,,,,,,y,,
wisc_mr_12,CPEA STAART WISC 4,,dropdown,,"0, 0 |  1,  1",,,,,,,y,,
wisc_mr_13,CPEA STAART WISC 4,,dropdown,,"0, 0 |  1,  1",,,,,,,y,,
wisc_mr_14,CPEA STAART WISC 4,,dropdown,,"0, 0 |  1,  1",,,,,,,y,,
wisc_mr_15,CPEA STAART WISC 4,,dropdown,,"0, 0 |  1,  1",,,,,,,y,,
wisc_mr_16,CPEA STAART WISC 4,,dropdown,,"0, 0 |  1,  1",,,,,,,y,,
wisc_mr_17,CPEA STAART WISC 4,,dropdown,,"0, 0 |  1,  1",,,,,,,y,,
wisc_mr_18,CPEA STAART WISC 4,,dropdown,,"0, 0 |  1,  1",,,,,,,y,,
wisc_mr_19,CPEA STAART WISC 4,,dropdown,,"0, 0 |  1,  1",,,,,,,y,,
wisc_mr_2,CPEA STAART WISC 4,,dropdown,,"0, 0 |  1,  1",,,,,,,y,,
wisc_mr_20,CPEA STAART WISC 4,,dropdown,,"0, 0 |  1,  1",,,,,,,y,,
wisc_mr_21,CPEA STAART WISC 4,,dropdown,,"0, 0 |  1,  1",,,,,,,y,,
wisc_mr_22,CPEA STAART WISC 4,,dropdown,,"0, 0 |  1,  1",,,,,,,y,,
wisc_mr_23,CPEA STAART WISC 4,,dropdown,,"0, 0 |  1,  1",,,,,,,y,,
wisc_mr_24,CPEA STAART WISC 4,,dropdown,,"0, 0 |  1,  1",,,,,,,y,,
wisc_mr_25,CPEA STAART WISC 4,,dropdown,,"0, 0 |  1,  1",,,,,,,y,,
wisc_mr_26,CPEA STAART WISC 4,,dropdown,,"0, 0 |  1,  1",,,,,,,y,,
wisc_mr_27,CPEA STAART WISC 4,,dropdown,,"0, 0 |  1,  1",,,,,,,y,,
wisc_mr_28,CPEA STAART WISC 4,,dropdown,,"0, 0 |  1,  1",,,,,,,y,,
wisc_mr_29,CPEA STAART WISC 4,,dropdown,,"0, 0 |  1,  1",,,,,,,y,,
wisc_mr_3,CPEA STAART WISC 4,,dropdown,,"0, 0 |  1,  1",,,,,,,y,,
wisc_mr_30,CPEA STAART WISC 4,,dropdown,,"0, 0 |  1,  1",,,,,,,y,,
wisc_mr_31,CPEA STAART WISC 4,,dropdown,,"0, 0 |  1,  1",,,,,,,y,,
