Variable / Field Name,Form Name,Section Header,Field Type,Field Label,"Choices, Calculations, OR Slider Labels",Field Note,Text Validation Type OR Show Slider Number,Text Validation Min,Text Validation Max,Identifier?,Branching Logic (Show field only if...),Required Field?,Custom Alignment,Question Number (surveys only)
subjectkey,CPEA STAART Parent Chief Complaint,,text,The NDAR Global Unique Identifier (GUID) for subjects which identifies a subject in NDAR,,,,,,,,y,,
patid,CPEA STAART Parent Chief Complaint,,text,src_Subject_id,,Patient IDs were assigned at the research site for CPEA and STAART,,,,,,y,,
cycle,CPEA STAART Parent Chief Complaint,,text,Timepoint information,,,,,,,,y,,
phase,CPEA STAART Parent Chief Complaint,,dropdown,Phase,"1, 1 |  2,  2 |  3,  3 |  4,  4",,,,,,,y,,
q7_date,CPEA STAART Parent Chief Complaint,,text,Date,,Required field,,,,,,y,,
q7_ratr,CPEA STAART Parent Chief Complaint,,text,Rater Name,,"The name of the staff member who administered the form. If the form was filled out by the guardian or teacher, the CC¿s name should be entered as Rater.",,,,,,y,,
7_ratr,CPEA STAART Parent Chief Complaint,,text,Rater Name,,"The name of the staff member who administered the form. If the form was filled out by the guardian or teacher, the CC¿s name should be entered as Rater.",,,,,,y,,
q7_prif,CPEA STAART Parent Chief Complaint,,dropdown,Primary Source: Father,"0, 0 |  -1,  -1","Check if father is primary source. 0=no, -1=yes.",,,,,,y,,
q7_pric,CPEA STAART Parent Chief Complaint,,dropdown,Primary Source: Child,"0, 0 |  -1,  -1","Check if child is primary source. 0=no, -1=yes.",,,,,,y,,
q7_prit,CPEA STAART Parent Chief Complaint,,dropdown,Primary Source: Teacher,"0, 0 |  -1,  -1","Check if teacher is primary source. 0=no, -1=yes.",,,,,,y,,
q7_prio,CPEA STAART Parent Chief Complaint,,dropdown,Primary Source: Other,"0, 0 |  -1,  -1","Check if primary source not mother, father, child or teacher. 0=no, -1=yes.",,,,,,y,,
q7_pr_s,CPEA STAART Parent Chief Complaint,,text,Other Primary Source specified,,Complete if q7_prio is checked,,,,,,y,,
q7_parm,CPEA STAART Parent Chief Complaint,,dropdown,Participants present: Mother,"0, 0 |  -1,  -1","Check if mother is present during assessment. If Teacher is primary source this item should be left blank. 0=no, -1=yes.",,,,,,y,,
q7_parf,CPEA STAART Parent Chief Complaint,,dropdown,Participants present: Father,"0, 0 |  -1,  -1","Check if father is present during assessment. If Teacher is primary source this item should be left blank. 0=no, -1=yes.",,,,,,y,,
q7_parc,CPEA STAART Parent Chief Complaint,,dropdown,Participants present: Child,"0, 0 |  -1,  -1","Check if chid is present during assessment. If Teacher is primary source this item should be left blank. 0=no, -1=yes.",,,,,,y,,
q7_part,CPEA STAART Parent Chief Complaint,,dropdown,Participants present: Teacher,"0, 0 |  -1,  -1","If Teacher is primary source, this item should be left blank. 0=no, -1=yes.",,,,,,y,,
q7_paro,CPEA STAART Parent Chief Complaint,,dropdown,Participants present: Other,"0, 0 |  -1,  -1","If Teacher is primary source, this item should be left blank. If administered by phone, q7_paro should be checked and PHONE should be written in q7_pa_s. 0=no, -1=yes.",,,,,,y,,
q7_pa_s,CPEA STAART Parent Chief Complaint,,text,Other Participants present specified,,Complete if q7_paro is checked,,,,,,y,,
q7_labl1,CPEA STAART Parent Chief Complaint,,text,Label/Behavior,,Label/behavior chosen at BASELINE carries forward for all subsequent time points.,,,,,,y,,
q7_freq1,CPEA STAART Parent Chief Complaint,,text,Frequency and/or Constancy,,"This item is not mandatory, but if assigned at BASELINE, it must be completed at all subsequent time points.",,,,,,y,,
q7_sev1,CPEA STAART Parent Chief Complaint,,text,Severity,,"This item is not mandatory, but if assigned at BASELINE, it must be completed at all subsequent time points.",,,,,,y,,
q7_labl2,CPEA STAART Parent Chief Complaint,,text,Label/Behavior,,Label/behavior chosen at BASELINE carries forward for all subsequent time points.,,,,,,y,,
q7_freq2,CPEA STAART Parent Chief Complaint,,text,Frequency and/or Constancy,,"This item is not mandatory, but if assigned at BASELINE, it must be completed at all subsequent time points.",,,,,,y,,
q7_sev2,CPEA STAART Parent Chief Complaint,,text,Severity,,"This item is not mandatory, but if assigned at BASELINE, it must be completed at all subsequent time points.",,,,,,y,,
