Variable / Field Name,Form Name,Section Header,Field Type,Field Label,"Choices, Calculations, OR Slider Labels",Field Note,Text Validation Type OR Show Slider Number,Text Validation Min,Text Validation Max,Identifier?,Branching Logic (Show field only if...),Required Field?,Custom Alignment,Question Number (surveys only)
admin_status,Peds - Purdue Pegboard - Half Board,,dropdown,Instrument administration status,"Complete, Complete | Partial, Partial | Not Administered, Not Administered | Not Applicable, Not Applicable",,,,,,,y,,
timepoint_label,Peds - Purdue Pegboard - Half Board,,text,User-defined timepoint/visit label - a label selected by the site at the time of registration of a new timepoint into the database.  This label is used to group all the instruments administered to a subject at a given timepoint.,,,,,,,,y,,
src_subject_id,Peds - Purdue Pegboard - Half Board,,text,The site's subject identification,,,,,,,,y,,
peg_half_handedness,Peds - Purdue Pegboard - Half Board,,dropdown,Purdue Pegboard Half Board (3:0 to 5:11 y:m): Hand preference from handedness test,"Right, Right | Left, Left | NA, NA",,,,,,,y,,
peg_half_total_pegs_placed_pct,Peds - Purdue Pegboard - Half Board,,text,Purdue Pegboard Half Board (3:0 to 5:11 y:m): Percentile for the total number of pegs placed,,,,,,,,y,,
peg_half_total_num_pegs_placed,Peds - Purdue Pegboard - Half Board,,text,Purdue Pegboard Half Board (3:0 to 5:11 y:m): Total number of pegs placed,,,,,,,,y,,
peg_half_pegs_right_hand_pct,Peds - Purdue Pegboard - Half Board,,text,Purdue Pegboard Half Board (3:0 to 5:11 y:m): Percentile score for peg placement using the right hand,,,,,,,,y,,
peg_half_num_pegs_right_hand,Peds - Purdue Pegboard - Half Board,,text,Purdue Pegboard Half Board (3:0 to 5:11 y:m): Number of pegs placed with the right hand,,,,,,,,y,,
peg_half_num_pegs_left_hand,Peds - Purdue Pegboard - Half Board,,text,Purdue Pegboard Half Board (3:0 to 5:11 y:m): Number of pegs placed with the left hand,,,,,,,,y,,
peg_half_num_pegs_both_hands,Peds - Purdue Pegboard - Half Board,,text,Purdue Pegboard Half Board (3:0 to 5:11 y:m): Number of pegs placed with both hands,,,,,,,,y,,
dob_to_dot_age_in_days,Peds - Purdue Pegboard - Half Board,,text,Age in days obtained by subtracting the date of birth from the date of test,,,,,,,,y,,
peg_half_pegs_left_hand_pct,Peds - Purdue Pegboard - Half Board,,text,Purdue Pegboard Half Board (3:0 to 5:11 y:m): Percentile score for peg placement using the left hand,,,,,,,,y,,
peg_half_pegs_both_hands_pct,Peds - Purdue Pegboard - Half Board,,text,Purdue Pegboard Half Board (3:0 to 5:11 y:m): Percentile score for peg placement using both hands,,,,,,,,y,,
edc_to_dot_age_in_days,Peds - Purdue Pegboard - Half Board,,text,Age in days obtained by subtracting the expected date of confinement from the date of test,,,,,,,,y,,
subjectkey,Peds - Purdue Pegboard - Half Board,,text,The NDAR Global Unique Identifier (GUID) for subjects which identifies a subject in NDAR,,,,,,,,,,
