Variable / Field Name,Form Name,Section Header,Field Type,Field Label,"Choices, Calculations, OR Slider Labels",Field Note,Text Validation Type OR Show Slider Number,Text Validation Min,Text Validation Max,Identifier?,Branching Logic (Show field only if...),Required Field?,Custom Alignment,Question Number (surveys only)
subjectkey,CPEA STAART General Variables,,text,The NDAR Global Unique Identifier (GUID) for subjects which identifies a subject in NDAR,,,,,,,,y,,
cycle,CPEA STAART General Variables,,text,Timepoint information,,,,,,,,y,,
patid,CPEA STAART General Variables,,text,src_Subject_id,,Patient IDs were assigned at the research site for CPEA and STAART,,,,,,y,,
network,CPEA STAART General Variables,,text,Network,,CPEA or STAART Network,,,,,,y,,
site,CPEA STAART General Variables,,text,Site,,CPEA or STAART Site,,,,,,y,,
study,CPEA STAART General Variables,,text,Study,,CPEA or STAART Study,,,,,,y,,
adi_age,CPEA STAART General Variables,,text,Age at ADI,,,,,,,,y,,
ados_age,CPEA STAART General Variables,,text,Age at ADOS,,,,,,,,y,,
age,CPEA STAART General Variables,,text,Age (years: months: days),,,,,,,,y,,
age_of_onset2,CPEA STAART General Variables,,text,Age of Onset: 0 = Greater Than or = 36 Months 1 = Less Than 36 Months,,,,,,,,y,,
agemon,CPEA STAART General Variables,,text,Age in Months,,,,,,,,y,,
ageyr,CPEA STAART General Variables,,text,Age in Years,,,,,,,,y,,
fullscale_iq,CPEA STAART General Variables,,text,Full Scale IQ,,,,,,,,y,,
case2,CPEA STAART General Variables,,text,Case/Control information(1=Autistic; 0=Control),,Nulled value range of:    to accept outlier data,,,,,,y,,
hispanic,CPEA STAART General Variables,,text,Hispanic,,,,,,,,y,,
gender,CPEA STAART General Variables,,dropdown,Gender,"M, M | F, F",,,,,,,y,,
hispanic_f,CPEA STAART General Variables,,text,Hispanic Father,,,,,,,,y,,
hispanic_m,CPEA STAART General Variables,,text,Hispanic Mother,,,,,,,,y,,
iq,CPEA STAART General Variables,,text,IQ as defined from the completion of an appropriate assessement,,,,,,,,y,,
iq_date,CPEA STAART General Variables,,text,Date that IQ test was given,"MM/yyyy, MM/yyyy | MM/dd/yyyy, MM/dd/yyyy",,date_ymd,,,,,y,,
nonverbal_iq,CPEA STAART General Variables,,text,Non-Verbal IQ,,,,,,,,y,,
nonverbal_iq_source,CPEA STAART General Variables,,text,Non-Verbal IQ  Source,,,,,,,,y,,
race_f,CPEA STAART General Variables,,text,Race Father,,,,,,,,y,,
race,CPEA STAART General Variables,,dropdown,Race of participant,"American Indian/Alaska Native, American Indian/Alaska Native |  Asian,  Asian |  Hawaiian or Pacific Islander,  Hawaiian or Pacific Islander |  Black or African American,  Black or African American |  White,  White |  More than one race,  More than one race |  Unknown or not reported,  Unknown or not reported",,,,,,,y,,
race_m,CPEA STAART General Variables,,text,Race Mother,,,,,,,,y,,
site_case,CPEA STAART General Variables,,text,Case (Site Provided),,,,,,,,y,,
site_race,CPEA STAART General Variables,,text,Race (Site Provided),,,,,,,,y,,
site_race_f,CPEA STAART General Variables,,text,Race Father (Site Provided),,,,,,,,y,,
site_race_m,CPEA STAART General Variables,,text,Race Mother (Site Provided),,,,,,,,y,,
site_zygosity,CPEA STAART General Variables,,text,Zygosity - Site Provided,,,,,,,,y,,
verbal_iq,CPEA STAART General Variables,,text,Verbal IQ,,,,,,,,y,,
verbal_iq_source,CPEA STAART General Variables,,text,Verbal IQ Source,,,,,,,,y,,
zygosity,CPEA STAART General Variables,,dropdown,Zygosity,"monozygous, monozygous |  dizygous,  dizygous",,,,,,,y,,
age_of_onset,CPEA STAART General Variables,,text,Age of Onset in months,,,,,,,,y,,
