Variable / Field Name,Form Name,Section Header,Field Type,Field Label,"Choices, Calculations, OR Slider Labels",Field Note,Text Validation Type OR Show Slider Number,Text Validation Min,Text Validation Max,Identifier?,Branching Logic (Show field only if...),Required Field?,Custom Alignment,Question Number (surveys only)
subjectkey,CELF Preschool 2 (2004),NDAR Required,text,The NDAR Global Unique Identifier (GUID) for subjects which identifies a subject in NDAR,,,,,,,,y,,
src_subject_id,CELF Preschool 2 (2004),,text,The site's subject identification,,,,,,,,y,,
interview_date,CELF Preschool 2 (2004),,text,Date on which the interview/genetic test/sampling/imaging was completed,"MM/yyyy, MM/yyyy | MM/dd/yyyy, MM/dd/yyyy",* '01/01/1900' indicates that a date associated with retrospective data is not known.,date_ymd,,,,,y,,
interview_age,CELF Preschool 2 (2004),,text,Age in months at the time of the interview/test/sampling/imaging.,,Age is rounded to chronological month If the research participant is 13 days old at time of interview  the appropriate value would be 0 months if the participant is 19 days old the value would be 1 month,number,0,1200,,,y,,
celfp2_measure,CELF Preschool 2 (2004),Measure,text,Measure Used,,,,,,,,y,,
celfp2_year,CELF Preschool 2 (2004),,text,CELF-P2: year from published/most recent copywrite,,,,,,,,y,,
celfp2_sents_raw,CELF Preschool 2 (2004),Sentence Structure,text,CELF-P2 Sentence Structure Raw Score,,,number,0,22,,,y,,
celfp2_sents_scld,CELF Preschool 2 (2004),,text,CELF-P2 Sentence Structure Scaled Score,,,number,1,19,,,y,,
celfp2_sents_percent_rk,CELF Preschool 2 (2004),,text,CELF-P2 Sentence Structure Scaled Score Percentile Rank (<0.1 to >99.9),,,,,,,,,,
celfp2_sents_ae,CELF Preschool 2 (2004),,text,CELF-P2 Sentence Structure Age Equivalent (in months),,,,,,,,y,,
celfp2_ws_raw,CELF Preschool 2 (2004),Word Structure,text,CELF-P2 Word Structure Raw Score,,,number,0,24,,,y,,
celfp2_ws_scld,CELF Preschool 2 (2004),,text,CELF-P2 Word Structure Scaled Score,,,number,1,19,,,y,,
celfp2_ws_percent_rk,CELF Preschool 2 (2004),,text,CELF-P2 Word Structure Scaled Score Percentile Rank (<0.1 to >99.9),,,,,,,,,,
celfp2_ws_ae,CELF Preschool 2 (2004),,text,CELF-P2 Word Structure Age Equivalent (in months),,,,,,,,y,,
celfp2_ev_raw,CELF Preschool 2 (2004),Expressive Vocabulary,text,CELF-P2 Expressive Vocabulary Raw Score,,,number,0,40,,,y,,
celfp2_ev_scld,CELF Preschool 2 (2004),,text,CELF-P2 Expressive Vocabulary Scaled Score,,,number,1,19,,,y,,
celfp2_ev_percent_rk,CELF Preschool 2 (2004),,text,CELF-P2 Expressive Vocabulary Scaled Score Percentile Rank (<0.1 to >99.9),,,,,,,,,,
celfp2_ev_ae,CELF Preschool 2 (2004),,text,CELF-P2 Expressive Vocabulary Age Equivalent (in months),,,,,,,,y,,
celfp2_cfd_raw,CELF Preschool 2 (2004),Concepts & Following Directions,text,CELF-P2 Concepts & Following Directions Raw Score,,,number,0,22,,,y,,
celfp2_cfd_scld,CELF Preschool 2 (2004),,text,CELF-P2 Concepts & Following Directions Scaled Score,,,number,1,19,,,y,,
celfp2_cfd_percent_rk,CELF Preschool 2 (2004),,text,CELF-P2 Concepts & Following Directions Scaled Score Percentile Rank (<0.1 to >99.9),,,,,,,,,,
celfp2_cfd_ae,CELF Preschool 2 (2004),,text,CELF-P2 Concepts & Following Directions Age Equivalent (in months),,,,,,,,y,,
celfp2_rs_raw,CELF Preschool 2 (2004),Recalling Sentences,text,CELF-P2 Recalling Sentences Raw Score,,,number,0,39,,,y,,
celfp2_rs_scld,CELF Preschool 2 (2004),,text,CELF-P2 Recalling Sentences Scaled Score,,,number,1,19,,,y,,
celfp2_rs_percent_rk,CELF Preschool 2 (2004),,text,CELF-P2 Recalling Sentences Scaled Score Percentile Rank (<0.1 to >99.9),,,,,,,,,,
celfp2_rs_ae,CELF Preschool 2 (2004),,text,CELF-P2 Recalling Sentences Age Equivalent (in months),,,,,,,,y,,
celfp2_bc_raw,CELF Preschool 2 (2004),Basic Concepts,text,CELF-P2 Basic Concepts Raw Score,,,number,0,18,,,y,,
celfp2_bc_scld,CELF Preschool 2 (2004),,text,CELF-P2 Basic Concepts Scaled Score,,,number,1,19,,,y,,
celfp2_bc_percent_rk,CELF Preschool 2 (2004),,text,CELF-P2 Basic Concepts Scaled Score Percentile Rank (<0.1 to >99.9),,,,,,,,,,
celfp2_bc_ae,CELF Preschool 2 (2004),,text,CELF-P2 Basic Concepts Age Equivalent (in months),,,,,,,,y,,
celfp2_wc_r_raw,CELF Preschool 2 (2004),Word Classes Receptive,text,CELF-P2 Word Classes Receptive Raw Score,,,number,0,20,,,y,,
celfp2_wc_r_scld,CELF Preschool 2 (2004),,text,CELF-P2 Word Classes Receptive Scaled Score,,,number,1,19,,,y,,
celfp2_wc_r_percent_rk,CELF Preschool 2 (2004),,text,CELF-P2 Word Classes Receptive Scaled Score Percentile Rank (<0.1 to >99.9),,,,,,,,,,
celfp2_wc_r_ae,CELF Preschool 2 (2004),,text,CELF-P2 Word Classes Receptive Age Equivalent (in months),,,,,,,,y,,
celfp2_wc_e_raw,CELF Preschool 2 (2004),Word Classes Expressive,text,CELF-P2 Word Classes Expressive Raw Score,,,number,0,20,,,y,,
celfp2_wc_e_scld,CELF Preschool 2 (2004),,text,CELF-P2 Word Classes Expressive Scaled Score,,,number,1,19,,,y,,
celfp2_wc_e_percent_rk,CELF Preschool 2 (2004),,text,CELF-P2 Word Classes Expressive Scaled Score Percentile Rank (<0.1 to >99.9),,,,,,,,,,
celfp2_wc_e_ae,CELF Preschool 2 (2004),,text,CELF-P2 Word Classes Expressive Age Equivalent (in months),,,,,,,,y,,
celfp2_wc_t_raw,CELF Preschool 2 (2004),Word Classes Total,text,CELF-P2 Word Classes Total Raw Score (Ages 4-6),,,number,0,40,,,y,,
celfp2_wc_rplswc_e_scld_sum,CELF Preschool 2 (2004),,text,CELF-P2 Word Classes Sum of WC-R and WC-E Scaled Scores,,,number,2,38,,,y,,
celfp2_wc_t_scld,CELF Preschool 2 (2004),,text,CELF-P2 Word Classes Total Scaled Score,,,number,1,19,,,y,,
celfp2_wc_t_percent_rk,CELF Preschool 2 (2004),,text,CELF-P2 Word Classes Total Scaled Score Percentile Rank (<0.1 to >99.9),,,,,,,,,,
celfp2_wc_t_ae,CELF Preschool 2 (2004),,text,CELF-P2 Word Classes Total Age Equivalent (in months),,,,,,,,y,,
celfp2_cl_sum,CELF Preschool 2 (2004),Core Language,text,CELF-P2 Core Language Sum of Scaled Scores,,,number,3,57,,,y,,
celfp2_cl_ss,CELF Preschool 2 (2004),,text,CELF-P2 Core Language Standard Score,,,number,45,155,,,y,,
celfp2_cl_percent_rk,CELF Preschool 2 (2004),,text,CELF-P2 Core Language Percentile Rank  (<0.1 to >99.9),,,,,,,,,,
celfp2_rli_sum,CELF Preschool 2 (2004),Receptive Language Index,text,CELF-P2 Receptive Language Index Sum of Scaled Scores,,,number,3,57,,,,,
celfp2_rli_ss,CELF Preschool 2 (2004),,text,CELF-P2 Receptive Language Index Standard Score,,,number,45,155,,,,,
celfp2_rli_percent_rk,CELF Preschool 2 (2004),,text,CELF-P2 Receptive Language Index Percentile Rank  (<0.1 to >99.9),,,,,,,,,,
celfp2_eli_sum,CELF Preschool 2 (2004),Expressive Language Index,text,CELF-P2 Expressive Language Index Sum of Scaled Scores,,,number,3,57,,,,,
celfp2_eli_ss,CELF Preschool 2 (2004),,text,CELF-P2 Expressive Language Index Standard Score,,,number,45,155,,,,,
celfp2_eli_percent_rk,CELF Preschool 2 (2004),,text,CELF-P2 Expressive Language Index Percentile Rank  (<0.1 to >99.9),,,,,,,,,,
celfp2_lci_sum,CELF Preschool 2 (2004),Language Content Index,text,CELF-P2 Language Content Index Sum of Scaled Scores,,,number,3,57,,,,,
celfp2_lci_ss,CELF Preschool 2 (2004),,text,CELF-P2 Language Content Index Standard Score,,,number,45,155,,,,,
celfp2_lci_percent_rk,CELF Preschool 2 (2004),,text,CELF-P2 Language Content Index Percentile Rank  (<0.1 to >99.9),,,,,,,,,,
celfp2_lsi_sum,CELF Preschool 2 (2004),Language Structure Index,text,CELF-P2 Language Structure Index Sum of Scaled Scores,,,number,3,57,,,,,
celfp2_lsi_ss,CELF Preschool 2 (2004),,text,CELF-P2 Language Structure Index Standard Score,,,number,45,155,,,,,
celfp2_lsi_percent_rk,CELF Preschool 2 (2004),,text,CELF-P2 Language Structure Index Percentile Rank  (<0.1 to >99.9),,,,,,,,,,
