Variable / Field Name,Form Name,Section Header,Field Type,Field Label,"Choices, Calculations, OR Slider Labels",Field Note,Text Validation Type OR Show Slider Number,Text Validation Min,Text Validation Max,Identifier?,Branching Logic (Show field only if...),Required Field?,Custom Alignment,Question Number (surveys only)
subjectkey,CPEA STAART S-DAS,,text,,,,,,,,,y,,
interview_date,CPEA STAART S-DAS,,text,,"MM/yyyy, MM/yyyy | MM/dd/yyyy, MM/dd/yyyy",* '01/01/1900' indicates that a date associated with retrospective data is not known.,date_ymd,,,,,,,
cycle,CPEA STAART S-DAS,,text,,,,,,,,,y,,
patid,CPEA STAART S-DAS,,text,,,Patient IDs were assigned at the research site for CPEA and STAART,,,,,,y,,
network,CPEA STAART S-DAS,,text,,,CPEA or STAART Network,,,,,,y,,
site,CPEA STAART S-DAS,,text,,,CPEA or STAART Site,,,,,,y,,
study,CPEA STAART S-DAS,,text,,,CPEA or STAART Study,,,,,,y,,
sdas_age,CPEA STAART S-DAS,,text,,,,,,,,,y,,
sdas_ci_chbx,CPEA STAART S-DAS,,dropdown,,"90, 90 |  95,  95",,,,,,,y,,
sdas_date,CPEA STAART S-DAS,,text,,,,,,,,,y,,
sdas_version,CPEA STAART S-DAS,,text,,,,,,,,,y,,
sdas_full_iq,CPEA STAART S-DAS,,text,,,,,,,,,y,,
sdas_gca_lci,CPEA STAART S-DAS,,text,,,,,,,,,y,,
sdas_gca_pctl,CPEA STAART S-DAS,,text,,,,,,,,,y,,
sdas_gca_ss,CPEA STAART S-DAS,,text,,,,,,,,,y,,
sdas_gca_sumt,CPEA STAART S-DAS,,text,,,,,,,,,y,,
sdas_gca_uci,CPEA STAART S-DAS,,text,,,,,,,,,y,,
sdas_lvl_out,CPEA STAART S-DAS,,dropdown,,"0, 0 |  1,  1",,,,,,,y,,
sdas_m_as,CPEA STAART S-DAS,,text,,,,,,,,,y,,
das_m_as,CPEA STAART S-DAS,,text,,,,,,,,,y,,
sdas_m_iat,CPEA STAART S-DAS,,text,,,,,,,,,y,,
sdas_m_ma,CPEA STAART S-DAS,,text,,,,,,,,,y,,
sdas_m_nvr,CPEA STAART S-DAS,,text,,,,,,,,,y,,
sdas_m_oth,CPEA STAART S-DAS,,text,,,,,,,,,y,,
sdas_m_rs,CPEA STAART S-DAS,,text,,,,,,,,,y,,
sdas_m_snvc,CPEA STAART S-DAS,,text,,,,,,,,,y,,
sdas_m_spat,CPEA STAART S-DAS,,text,,,,,,,,,y,,
sdas_m_t,CPEA STAART S-DAS,,text,,,,,,,,,y,,
sdas_ns_as,CPEA STAART S-DAS,,text,,,,,,,,,y,,
das_ns_as,CPEA STAART S-DAS,,text,,,,,,,,,y,,
sdas_ns_iat,CPEA STAART S-DAS,,text,,,,,,,,,y,,
sdas_ns_oth,CPEA STAART S-DAS,,text,,,,,,,,,y,,
sdas_ns_pctl,CPEA STAART S-DAS,,text,,,,,,,,,y,,
sdas_ns_rs,CPEA STAART S-DAS,,text,,,,,,,,,y,,
das_ns_rs,CPEA STAART S-DAS,,text,,,,,,,,,y,,
sdas_nvr_iq,CPEA STAART S-DAS,,text,,,,,,,,,y,,
sdas_nvr_lci,CPEA STAART S-DAS,,text,,,,,,,,,y,,
sdas_nvr_ma,CPEA STAART S-DAS,,text,,,,,,,,,y,,
sdas_nvr_pctl,CPEA STAART S-DAS,,text,,,,,,,,,y,,
sdas_nvr_ratiq,CPEA STAART S-DAS,,text,,,,,,,,,y,,
sdas_nvr_ss,CPEA STAART S-DAS,,text,,,,,,,,,y,,
sdas_nvr_sumt,CPEA STAART S-DAS,,text,,,,,,,,,y,,
sdas_nvr_uci,CPEA STAART S-DAS,,text,,,,,,,,,y,,
sdas_pc_as,CPEA STAART S-DAS,,text,,,,,,,,,y,,
das_pc_as,CPEA STAART S-DAS,,text,,,,,,,,,y,,
sdas_pc_iaf,CPEA STAART S-DAS,,text,,,,,,,,,y,,
sdas_pc_iaf_alt,CPEA STAART S-DAS,,text,,,,,,,,,y,,
sdas_pc_iat,CPEA STAART S-DAS,,text,,,,,,,,,y,,
sdas_pc_iat_alt,CPEA STAART S-DAS,,text,,,,,,,,,y,,
sdas_pc_ma,CPEA STAART S-DAS,,text,,,,,,,,,y,,
sdas_pc_oth,CPEA STAART S-DAS,,text,,,,,,,,,y,,
sdas_pc_rs,CPEA STAART S-DAS,,text,,,,,,,,,y,,
das_pc_rs,CPEA STAART S-DAS,,text,,,,,,,,,y,,
sdas_pc_snvc,CPEA STAART S-DAS,,text,,,,,,,,,y,,
sdas_pc_spat,CPEA STAART S-DAS,,text,,,,,,,,,y,,
sdas_pc_t,CPEA STAART S-DAS,,text,,,,,,,,,y,,
sdas_pc_typ,CPEA STAART S-DAS,,text,,,,,,,,,y,,
sdas_rde_as,CPEA STAART S-DAS,,text,,,,,,,,,y,,
das_rde_as,CPEA STAART S-DAS,,text,,,,,,,,,y,,
sdas_rde_iat,CPEA STAART S-DAS,,text,,,,,,,,,y,,
sdas_rde_ma,CPEA STAART S-DAS,,text,,,,,,,,,y,,
sdas_rde_oth,CPEA STAART S-DAS,,text,,,,,,,,,y,,
sdas_rde_rs,CPEA STAART S-DAS,,text,,,,,,,,,y,,
das_rde_rs,CPEA STAART S-DAS,,text,,,,,,,,,y,,
sdas_rde_spat,CPEA STAART S-DAS,,text,,,,,,,,,y,,
sdas_rde_t,CPEA STAART S-DAS,,text,,,,,,,,,y,,
sdas_rdi_as,CPEA STAART S-DAS,,text,,,,,,,,,y,,
das_rdi_as,CPEA STAART S-DAS,,text,,,,,,,,,y,,
sdas_rdi_oth,CPEA STAART S-DAS,,text,,,,,,,,,y,,
sdas_rdi_rs,CPEA STAART S-DAS,,text,,,,,,,,,y,,
das_rdi_rs,CPEA STAART S-DAS,,text,,,,,,,,,y,,
sdas_rod_oth,CPEA STAART S-DAS,,text,,,,,,,,,y,,
sdas_rod_rs,CPEA STAART S-DAS,,text,,,,,,,,,y,,
das_rod_rs,CPEA STAART S-DAS,,text,,,,,,,,,y,,
sdas_roi_as,CPEA STAART S-DAS,,text,,,,,,,,,y,,
sdas_roi_oth,CPEA STAART S-DAS,,text,,,,,,,,,y,,
sdas_roi_rs,CPEA STAART S-DAS,,text,,,,,,,,,y,,
sdas_roi_t,CPEA STAART S-DAS,,text,,,,,,,,,y,,
sdas_roi1_rs,CPEA STAART S-DAS,,text,,,,,,,,,y,,
das_roi1_rs,CPEA STAART S-DAS,,text,,,,,,,,,y,,
das_roi2_rs,CPEA STAART S-DAS,,text,,,,,,,,,y,,
das_roi3_rs,CPEA STAART S-DAS,,text,,,,,,,,,y,,
das_s_as,CPEA STAART S-DAS,,text,,,,,,,,,y,,
sdas_s_iat,CPEA STAART S-DAS,,text,,,,,,,,,y,,
sdas_s_ma,CPEA STAART S-DAS,,text,,,,,,,,,y,,
sdas_s_oth,CPEA STAART S-DAS,,text,,,,,,,,,y,,
sdas_s_rs,CPEA STAART S-DAS,,text,,,,,,,,,y,,
das_s_rs,CPEA STAART S-DAS,,text,,,,,,,,,y,,
sdas_s_t,CPEA STAART S-DAS,,text,,,,,,,,,y,,
sdas_s_ver,CPEA STAART S-DAS,,text,,,,,,,,,y,,
sdas_sip_as,CPEA STAART S-DAS,,text,,,,,,,,,y,,
das_sip_as,CPEA STAART S-DAS,,text,,,,,,,,,y,,
sdas_sip_iat,CPEA STAART S-DAS,,text,,,,,,,,,y,,
sdas_sip_oth,CPEA STAART S-DAS,,text,,,,,,,,,y,,
sdas_sip_t,CPEA STAART S-DAS,,text,,,,,,,,,y,,
sdas_snvc,CPEA STAART S-DAS,,text,,,,,,,,,y,,
sdas_snvc_iq,CPEA STAART S-DAS,,text,,,,,,,,,y,,
sdas_snvc_lci,CPEA STAART S-DAS,,text,,,,,,,,,y,,
sdas_snvc_pctl,CPEA STAART S-DAS,,text,,,,,,,,,y,,
sdas_snvc_ss,CPEA STAART S-DAS,,text,,,,,,,,,y,,
sdas_snvc_sumt,CPEA STAART S-DAS,,text,,,,,,,,,y,,
sdas_snvc_uci,CPEA STAART S-DAS,,text,,,,,,,,,y,,
sdas_sp_as,CPEA STAART S-DAS,,text,,,,,,,,,y,,
das_sp_as,CPEA STAART S-DAS,,text,,,,,,,,,y,,
sdas_sp_iat,CPEA STAART S-DAS,,text,,,,,,,,,y,,
sdas_sp_oth,CPEA STAART S-DAS,,text,,,,,,,,,y,,
sdas_sp_pctl,CPEA STAART S-DAS,,text,,,,,,,,,y,,
sdas_sp_rs,CPEA STAART S-DAS,,text,,,,,,,,,y,,
das_sp_rs,CPEA STAART S-DAS,,text,,,,,,,,,y,,
sdas_spat_iq,CPEA STAART S-DAS,,text,,,,,,,,,y,,
sdas_spat_lci,CPEA STAART S-DAS,,text,,,,,,,,,y,,
sdas_spat_pctl,CPEA STAART S-DAS,,text,,,,,,,,,y,,
sdas_spat_ss,CPEA STAART S-DAS,,text,,,,,,,,,y,,
sdas_spat_sumt,CPEA STAART S-DAS,,text,,,,,,,,,y,,
sdas_spat_uci,CPEA STAART S-DAS,,text,,,,,,,,,y,,
sdas_sqr_as,CPEA STAART S-DAS,,text,,,,,,,,,y,,
das_sqr_as,CPEA STAART S-DAS,,text,,,,,,,,,y,,
sdas_sqr_iat,CPEA STAART S-DAS,,text,,,,,,,,,y,,
sdas_sqr_ma,CPEA STAART S-DAS,,text,,,,,,,,,y,,
sdas_sqr_nvr,CPEA STAART S-DAS,,text,,,,,,,,,y,,
sdas_sqr_oth,CPEA STAART S-DAS,,text,,,,,,,,,y,,
sdas_sqr_rs,CPEA STAART S-DAS,,text,,,,,,,,,y,,
sdas_sqr_snvc,CPEA STAART S-DAS,,text,,,,,,,,,y,,
sdas_sqr_spat,CPEA STAART S-DAS,,text,,,,,,,,,y,,
sdas_sqr_t,CPEA STAART S-DAS,,text,,,,,,,,,y,,
sdas_ver_iq,CPEA STAART S-DAS,,text,,,,,,,,,y,,
sdas_ver_lci,CPEA STAART S-DAS,,text,,,,,,,,,y,,
sdas_ver_ma,CPEA STAART S-DAS,,text,,,,,,,,,y,,
sdas_ver_pctl,CPEA STAART S-DAS,,text,,,,,,,,,y,,
sdas_ver_ratiq,CPEA STAART S-DAS,,text,,,,,,,,,y,,
sdas_ver_ss,CPEA STAART S-DAS,,text,,,,,,,,,y,,
sdas_ver_sumt,CPEA STAART S-DAS,,text,,,,,,,,,y,,
sdas_ver_uci,CPEA STAART S-DAS,,text,,,,,,,,,y,,
sdas_wd_as,CPEA STAART S-DAS,,text,,,,,,,,,y,,
sdas_wd_iaf,CPEA STAART S-DAS,,text,,,,,,,,,y,,
sdas_wd_iat,CPEA STAART S-DAS,,text,,,,,,,,,y,,
sdas_wd_ma,CPEA STAART S-DAS,,text,,,,,,,,,y,,
sdas_wd_oth,CPEA STAART S-DAS,,text,,,,,,,,,y,,
sdas_wd_rs,CPEA STAART S-DAS,,text,,,,,,,,,y,,
das_wd_rs,CPEA STAART S-DAS,,text,,,,,,,,,y,,
sdas_wd_t,CPEA STAART S-DAS,,text,,,,,,,,,y,,
sdas_wd_ver,CPEA STAART S-DAS,,text,,,,,,,,,y,,
sdas_wr_as,CPEA STAART S-DAS,,text,,,,,,,,,y,,
das_wr_as,CPEA STAART S-DAS,,text,,,,,,,,,y,,
sdas_wr_iat,CPEA STAART S-DAS,,text,,,,,,,,,y,,
sdas_wr_oth,CPEA STAART S-DAS,,text,,,,,,,,,y,,
sdas_wr_pctl,CPEA STAART S-DAS,,text,,,,,,,,,y,,
sdas_wr_rs,CPEA STAART S-DAS,,text,,,,,,,,,y,,
das_wr_rs,CPEA STAART S-DAS,,text,,,,,,,,,y,,
