Variable / Field Name,Form Name,Section Header,Field Type,Field Label,"Choices, Calculations, OR Slider Labels",Field Note,Text Validation Type OR Show Slider Number,Text Validation Min,Text Validation Max,Identifier?,Branching Logic (Show field only if...),Required Field?,Custom Alignment,Question Number (surveys only)
fs_v1_q50b_nr_bioparent_race_,Peds - Demographics,,text,Full Screener (Visit 1): Q50b nonrespondent biological parent race (Choices are - American Indian/Alaskan Native; African American/Black; Asian; Native Hawaiian/other Pacific Islander; White; Not provided),,,,,,,,y,,
fs_v1_q50a_respondent_race_,Peds - Demographics,,text,Full Screener (Visit 1): Q50a respondent race (choices are American Indian/Alaskan Native; African American/Black; Asian; Native Hawaiian/other Pacific Islander; White; Not provided),,,,,,,,y,,
mother_race_,Peds - Demographics,,text,Full Screener (Visit 1): Mother race (choices are American Indian/Alaskan Native; African American/Black; Asian; Native Hawaiian/other Pacific Islander; White; Not provided),,,,,,,,y,,
father_race_,Peds - Demographics,,text,Full Screener (Visit 1): Father race (choices are American Indian/Alaskan Native; African American/Black; Asian; Native Hawaiian/other Pacific Islander; White; Not provided),,,,,,,,y,,
subject_gender,Peds - Demographics,,dropdown,Subject: gender,"Male, Male | Female, Female",,,,,,,y,,
mother_ethnicity,Peds - Demographics,,dropdown,Full Screener (Visit 1): Mother ethnicity (choices are Hispanic/Latino or Not Hispanic/Latino),"Hispanic or Latino, Hispanic or Latino | Not Hispanic or Latino, Not Hispanic or Latino | Not Provided, Not Provided",,,,,,,y,,
mother_education,Peds - Demographics,,dropdown,Full Screener (Visit 1): Mother education level,"Less Than 6th Grade, Less Than 6th Grade | Less Than High School, Less Than High School | High School, High School | Some College, Some College | College, College | Some Graduate Level, Some Graduate Level | Graduate Level, Graduate Level | NA, NA",,,,,,,y,,
hand_used_to_write_with,Peds - Demographics,,dropdown,Hand used to write with.,"R, R | L, L | B, B",,,,,,,y,,
fs_v1_respondent,Peds - Demographics,,dropdown,"Full Screener (Visit 1): Respondent completing interview - Mom, Dad, or Other","MOM, MOM | DAD, DAD | FB1, FB1 | FS1, FS1 | HB1, HB1 | HS1, HS1 | CID1, CID1 | CIS1, CIS1 | MA1, MA1 | MU1, MU1 | PA1, PA1 | PU1, PU1 | MGM, MGM | MGF, MGF | PGM, PGM | PGF, PGF | Other, Other",,,,,,,y,,
fs_v1_q49b_nr_bioparent_ethn,Peds - Demographics,,dropdown,Full Screener (Visit 1): Q49b nonrespondent biological parent ethnicity (choices Hispanic/Latino or Not Hispanic/Latino),"Hispanic or Latino, Hispanic or Latino | Not Hispanic or Latino, Not Hispanic or Latino | Not Provided, Not Provided",,,,,,,y,,
fs_v1_q49a_resp_ethnicity,Peds - Demographics,,dropdown,Full Screener (Visit 1): Q49a respondent ethnicity (choices are Hispanic/Latino or Not Hispanic/Latino),"Hispanic or Latino, Hispanic or Latino | Not Hispanic or Latino, Not Hispanic or Latino | Not Provided, Not Provided",,,,,,,y,,
fs_v1_q48_nr_bioparent_ed_lvl,Peds - Demographics,,dropdown,Full Screener (Visit 1): Q48 nonrespondent biological parent education level,"Less Than 6th Grade, Less Than 6th Grade | Less Than High School, Less Than High School | High School, High School | Some College, Some College | College, College | Some Graduate Level, Some Graduate Level | Graduate Level, Graduate Level | NA, NA",,,,,,,y,,
fs_v1_q47_resp_education_level,Peds - Demographics,,dropdown,Full Screener (Visit 1): Q47 respondent education level,"Less Than 6th Grade, Less Than 6th Grade | Less Than High School, Less Than High School | High School, High School | Some College, Some College | College, College | Some Graduate Level, Some Graduate Level | Graduate Level, Graduate Level | NA, NA",,,,,,,y,,
fs_v1_household_income,Peds - Demographics,,dropdown,Full Screener (Visit 1): Q52 combined income all adults in home,"Zero to 5000, Zero to 5000 | 5001 to 10000, 5001 to 10000 | 10001 to 15000, 10001 to 15000 | 15001 to 25000, 15001 to 25000 | 25001 to 35000, 25001 to 35000 | 35001 to 50000, 35001 to 50000 | 50001 to 75000, 50001 to 75000 | 75001 to 100000, 75001 to 100000 | 100001 to 150000, 100001 to 150000 | over 150000, over 150000 | No Answer, No Answer",Dollars,,,,,,y,,
father_ethnicity,Peds - Demographics,,dropdown,Full Screener (Visit 1): Father ethnicity (choices are Hispanic/Latino or Not Hispanic/Latino),"Hispanic or Latino, Hispanic or Latino | Not Hispanic or Latino, Not Hispanic or Latino | Not Provided, Not Provided",,,,,,,y,,
father_education,Peds - Demographics,,dropdown,Full Screener (Visit 1): Father education level,"Less Than 6th Grade, Less Than 6th Grade | Less Than High School, Less Than High School | High School, High School | Some College, Some College | College, College | Some Graduate Level, Some Graduate Level | Graduate Level, Graduate Level | NA, NA",,,,,,,y,,
family_bio_relation_resp_coi,Peds - Demographics,,dropdown,"Family Biographical History Form (0:0 to 4:5 y:m) Relationship, to the Child of Interest (COI), of the person filling out the form (Mother, Father, Other, No Answer)","Mother, Mother | Father, Father | Other, Other | No Answer, No Answer",,,,,,,y,,
family_bio_coi_total_house_inc,Peds - Demographics,,dropdown,Family Biographical History Form (0:0 to 4:5 y:m) Question ID2 Total Income for Child of Interest (COI) Household at brain scan timepoint,"Zero to 5000, Zero to 5000 | 5001 to 10000, 5001 to 10000 | 10001 to 15000, 10001 to 15000 | 15001 to 25000, 15001 to 25000 | 25001 to 35000, 25001 to 35000 | 35001 to 50000, 35001 to 50000 | 50001 to 75000, 50001 to 75000 | 75001 to 100000, 75001 to 100000 | 100001 to 150000, 100001 to 150000 | over 150000, over 150000 | No Answer, No Answer",in Dollars,,,,,,y,,
family_bio_coi_biol_father_ed,Peds - Demographics,,dropdown,Family Biographical History Form (0:0 to 4:5 y:m) Question IB6 Child of Interest (COI) Biological Father education at brain scan timepoint,"Less than High School, Less than High School | High School Degree, High School Degree | Some College, Some College | College Degree, College Degree | Some Graduate Work, Some Graduate Work | Graduate Degree, Graduate Degree | No Answer, No Answer",,,,,,,y,,
family_bio_coi_biol_fathr_race,Peds - Demographics,,dropdown,"Family Biographical History Form (0:0 to 4:5 y:m) Question IB5 Child of Interest (COI) Biological Father Race (American Indian or Alaska Native, African American or Black, Asian, Native Hawaiian or Other Pacific Islander, White, No Answer)","American Indian or Alaska Native, American Indian or Alaska Native | African American or Black, African American or Black | Asian, Asian | Native Hawaiian or Other Pacific Islander, Native Hawaiian or Other Pacific Islander | White, White | No Answer, No Answer",,,,,,,y,,
family_bio_coi_biol_fathr_ethn,Peds - Demographics,,dropdown,"Family Biographical History Form (0:0 to 4:5 y:m) Question IB4 Child of Interest (COI) Biological Father ethnicity (Hispanic or Latino, Not Hispanic or Latino, No Answer)","Hispanic or Latino, Hispanic or Latino | Not Hispanic or Latino, Not Hispanic or Latino | No Answer, No Answer",,,,,,,y,,
family_bio_coi_biol_mother_ed,Peds - Demographics,,dropdown,Family Biographical History Form (0:0 to 4:5 y:m) Question IA5 Child of Interest (COI) Biological Mother education at brain scan timepoint,"Less than High School, Less than High School | High School Degree, High School Degree | Some College, Some College | College Degree, College Degree | Some Graduate Work, Some Graduate Work | Graduate Degree, Graduate Degree | No Answer, No Answer",,,,,,,y,,
family_bio_coi_biol_mothr_race,Peds - Demographics,,dropdown,"Family Biographical History Form (0:0 to 4:5 y:m) Question IA4 Child of Interest (COI) Biological Mother Race (American Indian or Alaska Native, African American or Black, Asian, Native Hawaiian or Other Pacific Islander, White, No Answer)","American Indian or Alaska Native, American Indian or Alaska Native | African American or Black, African American or Black | Asian, Asian | Native Hawaiian or Other Pacific Islander, Native Hawaiian or Other Pacific Islander | White, White | No Answer, No Answer",,,,,,,y,,
family_bio_coi_biol_mothr_ethn,Peds - Demographics,,dropdown,"Family Biographical History Form (0:0 to 4:5 y:m) Question IA3 Child of Interest (COI) Biological Mother Ethnicity (Hispanic or Latino, Not Hispanic or Latino, No Answer)","Hispanic or Latino, Hispanic or Latino | Not Hispanic or Latino, Not Hispanic or Latino | No Answer, No Answer",,,,,,,y,,
timepoint_label,Peds - Demographics,,text,User-defined timepoint/visit label - a label selected by the site at the time of registration of a new timepoint into the database.  This label is used to group all the instruments administered to a subject at a given timepoint.,,,,,,,,y,,
src_subject_id,Peds - Demographics,,text,The site's subject identification,,,,,,,,y,,
site_id,Peds - Demographics,,text,Number assigned to site,,,,,,,,y,,
household_income_level,Peds - Demographics,,text,"Full Screener (Visit 1): Q52 combined income all adults in home (1=$0-$5,000; 2=$5,001-$10,000; 3=$10,001-$15,000; 4=$15,001-$25,000; 5=$25,001-$35,000; 6=$35,001-$50,000; 7=$50,001-$75,000; 8=$75,001-$100,000; 9=$100,001-$150,000; 10=over $150,000)",,,,,,,,y,,
age_years_dov_to_dob,Peds - Demographics,,text,Age in years obtained by subtracting the date of birth from the date of visit (Calculation is based on 1 year = 365.25 days).,,,,,,,,y,,
age_months_dov_to_dob,Peds - Demographics,,text,Age in months obtained by subtracting the date of birth from the date of visit (Calculation is based on 1 month = 30 days).,,,,,,,,y,,
age_days_dov_to_dob,Peds - Demographics,,text,"Age in days at Visit (DoV-DoB), same as age of scan if obtained",,,,,,,,y,,
subjectkey,Peds - Demographics,,text,The NDAR Global Unique Identifier (GUID) for subjects which identifies a subject in NDAR,,,,,,,,,,
