Variable / Field Name,Form Name,Section Header,Field Type,Field Label,"Choices, Calculations, OR Slider Labels",Field Note,Text Validation Type OR Show Slider Number,Text Validation Min,Text Validation Max,Identifier?,Branching Logic (Show field only if...),Required Field?,Custom Alignment,Question Number (surveys only)
subjectkey,Peds - BSID II Mental Scale,,text,The NDAR Global Unique Identifier (GUID) for subjects which identifies a subject in NDAR,,,,,,,,,,
admin_status,Peds - BSID II Mental Scale,,dropdown,Instrument administration status,"Complete, Complete | Partial, Partial | Not Administered, Not Administered | Not Applicable, Not Applicable",,,,,,,y,,
src_subject_id,Peds - BSID II Mental Scale,,text,The site's subject identification,,,,,,,,y,,
bsid_ii_mental_scale_item_76,Peds - BSID II Mental Scale,,dropdown,"Bayley Scales of Infant Development II Mental Scale: Item 76 Score (C=Credit, NC=No Credit, RF=Refused, RPT=Caregiver Report, O=Omit)","C, C | NC, NC | RF, RF | RPT, RPT | O, O",,,,,,,y,,
bsid_ii_mental_scale_item_77,Peds - BSID II Mental Scale,,dropdown,"Bayley Scales of Infant Development II Mental Scale: Item 77 Score (C=Credit, NC=No Credit, RF=Refused, RPT=Caregiver Report, O=Omit)","C, C | NC, NC | RF, RF | RPT, RPT | O, O",,,,,,,y,,
bsid_ii_mental_scale_item_78,Peds - BSID II Mental Scale,,dropdown,"Bayley Scales of Infant Development II Mental Scale: Item 78 Score (C=Credit, NC=No Credit, RF=Refused, RPT=Caregiver Report, O=Omit)","C, C | NC, NC | RF, RF | RPT, RPT | O, O",,,,,,,y,,
bsid_ii_mental_scale_item_79,Peds - BSID II Mental Scale,,dropdown,"Bayley Scales of Infant Development II Mental Scale: Item 79 Score (C=Credit, NC=No Credit, RF=Refused, RPT=Caregiver Report, O=Omit)","C, C | NC, NC | RF, RF | RPT, RPT | O, O",,,,,,,y,,
bsid_ii_mental_scale_item_8,Peds - BSID II Mental Scale,,dropdown,"Bayley Scales of Infant Development II Mental Scale: Item 8 Score (C=Credit, NC=No Credit, RF=Refused, RPT=Caregiver Report, O=Omit)","C, C | NC, NC | RF, RF | RPT, RPT | O, O",,,,,,,y,,
bsid_ii_mental_scale_item_80,Peds - BSID II Mental Scale,,dropdown,"Bayley Scales of Infant Development II Mental Scale: Item 80 Score (C=Credit, NC=No Credit, RF=Refused, RPT=Caregiver Report, O=Omit)","C, C | NC, NC | RF, RF | RPT, RPT | O, O",,,,,,,y,,
bsid_ii_mental_scale_item_81,Peds - BSID II Mental Scale,,dropdown,"Bayley Scales of Infant Development II Mental Scale: Item 81 Score (C=Credit, NC=No Credit, RF=Refused, RPT=Caregiver Report, O=Omit)","C, C | NC, NC | RF, RF | RPT, RPT | O, O",,,,,,,y,,
bsid_ii_mental_scale_item_82,Peds - BSID II Mental Scale,,dropdown,"Bayley Scales of Infant Development II Mental Scale: Item 82 Score (C=Credit, NC=No Credit, RF=Refused, RPT=Caregiver Report, O=Omit)","C, C | NC, NC | RF, RF | RPT, RPT | O, O",,,,,,,y,,
bsid_ii_mental_scale_item_83,Peds - BSID II Mental Scale,,dropdown,"Bayley Scales of Infant Development II Mental Scale: Item 83 Score (C=Credit, NC=No Credit, RF=Refused, RPT=Caregiver Report, O=Omit)","C, C | NC, NC | RF, RF | RPT, RPT | O, O",,,,,,,y,,
bsid_ii_mental_scale_item_84,Peds - BSID II Mental Scale,,dropdown,"Bayley Scales of Infant Development II Mental Scale: Item 84 Score (C=Credit, NC=No Credit, RF=Refused, RPT=Caregiver Report, O=Omit)","C, C | NC, NC | RF, RF | RPT, RPT | O, O",,,,,,,y,,
bsid_ii_mental_scale_item_88,Peds - BSID II Mental Scale,,dropdown,"Bayley Scales of Infant Development II Mental Scale: Item 88 Score (C=Credit, NC=No Credit, RF=Refused, RPT=Caregiver Report, O=Omit)","C, C | NC, NC | RF, RF | RPT, RPT | O, O",,,,,,,y,,
bsid_ii_mental_scale_item_90,Peds - BSID II Mental Scale,,dropdown,"Bayley Scales of Infant Development II Mental Scale: Item 90 Score (C=Credit, NC=No Credit, RF=Refused, RPT=Caregiver Report, O=Omit)","C, C | NC, NC | RF, RF | RPT, RPT | O, O",,,,,,,y,,
bsid_ii_mental_scale_age_group,Peds - BSID II Mental Scale,,text,Bayley Scales of Infant Development II Mental Scale: Age Group - Indicator of age approprate item set,,,,,,,,y,,
bsid_ii_mental_scale_item_1,Peds - BSID II Mental Scale,,dropdown,"Bayley Scales of Infant Development II Mental Scale: Item 1 Score (C=Credit, NC=No Credit, RF=Refused, RPT=Caregiver Report, O=Omit)","C, C | NC, NC | RF, RF | RPT, RPT | O, O",,,,,,,y,,
bsid_ii_mental_scale_item_10,Peds - BSID II Mental Scale,,dropdown,"Bayley Scales of Infant Development II Mental Scale: Item 10 Score (C=Credit, NC=No Credit, RF=Refused, RPT=Caregiver Report, O=Omit)","C, C | NC, NC | RF, RF | RPT, RPT | O, O",,,,,,,y,,
bsid_ii_mental_scale_item_100,Peds - BSID II Mental Scale,,dropdown,"Bayley Scales of Infant Development II Mental Scale: Item 100 Score (C=Credit, NC=No Credit, RF=Refused, RPT=Caregiver Report, O=Omit)","C, C | NC, NC | RF, RF | RPT, RPT | O, O",,,,,,,y,,
bsid_ii_mental_scale_item_101,Peds - BSID II Mental Scale,,dropdown,"Bayley Scales of Infant Development II Mental Scale: Item 101 Score (C=Credit, NC=No Credit, RF=Refused, RPT=Caregiver Report, O=Omit)","C, C | NC, NC | RF, RF | RPT, RPT | O, O",,,,,,,y,,
bsid_ii_mental_scale_item_102,Peds - BSID II Mental Scale,,dropdown,"Bayley Scales of Infant Development II Mental Scale: Item 102 Score (C=Credit, NC=No Credit, RF=Refused, RPT=Caregiver Report, O=Omit)","C, C | NC, NC | RF, RF | RPT, RPT | O, O",,,,,,,y,,
bsid_ii_mental_scale_item_103,Peds - BSID II Mental Scale,,dropdown,"Bayley Scales of Infant Development II Mental Scale: Item 103 Score (C=Credit, NC=No Credit, RF=Refused, RPT=Caregiver Report, O=Omit)","C, C | NC, NC | RF, RF | RPT, RPT | O, O",,,,,,,y,,
bsid_ii_mental_scale_item_104,Peds - BSID II Mental Scale,,dropdown,"Bayley Scales of Infant Development II Mental Scale: Item 104 Score (C=Credit, NC=No Credit, RF=Refused, RPT=Caregiver Report, O=Omit) ","C, C | NC, NC | RF, RF | RPT, RPT | O, O",,,,,,,y,,
bsid_ii_mental_scale_item_105,Peds - BSID II Mental Scale,,dropdown,"Bayley Scales of Infant Development II Mental Scale: Item 105 Score (C=Credit, NC=No Credit, RF=Refused, RPT=Caregiver Report, O=Omit) ","C, C | NC, NC | RF, RF | RPT, RPT | O, O",,,,,,,y,,
bsid_ii_mental_scale_item_106,Peds - BSID II Mental Scale,,dropdown,"Bayley Scales of Infant Development II Mental Scale: Item 106 Score (C=Credit, NC=No Credit, RF=Refused, RPT=Caregiver Report, O=Omit) ","C, C | NC, NC | RF, RF | RPT, RPT | O, O",,,,,,,y,,
bsid_ii_mental_scale_item_107,Peds - BSID II Mental Scale,,dropdown,"Bayley Scales of Infant Development II Mental Scale: Item 107 Score (C=Credit, NC=No Credit, RF=Refused, RPT=Caregiver Report, O=Omit) ","C, C | NC, NC | RF, RF | RPT, RPT | O, O",,,,,,,y,,
bsid_ii_mental_scale_item_108,Peds - BSID II Mental Scale,,dropdown,"Bayley Scales of Infant Development II Mental Scale: Item 108 Score (C=Credit, NC=No Credit, RF=Refused, RPT=Caregiver Report, O=Omit)","C, C | NC, NC | RF, RF | RPT, RPT | O, O",,,,,,,y,,
bsid_ii_mental_scale_item_109,Peds - BSID II Mental Scale,,dropdown,"Bayley Scales of Infant Development II Mental Scale: Item 109 Score (C=Credit, NC=No Credit, RF=Refused, RPT=Caregiver Report, O=Omit)","C, C | NC, NC | RF, RF | RPT, RPT | O, O",,,,,,,y,,
bsid_ii_mental_scale_item_11,Peds - BSID II Mental Scale,,dropdown,"Bayley Scales of Infant Development II Mental Scale: Item 11 Score (C=Credit, NC=No Credit, RF=Refused, RPT=Caregiver Report, O=Omit)","C, C | NC, NC | RF, RF | RPT, RPT | O, O",,,,,,,y,,
bsid_ii_mental_scale_item_110,Peds - BSID II Mental Scale,,dropdown,"Bayley Scales of Infant Development II Mental Scale: Item 110 Score (C=Credit, NC=No Credit, RF=Refused, RPT=Caregiver Report, O=Omit)","C, C | NC, NC | RF, RF | RPT, RPT | O, O",,,,,,,y,,
bsid_ii_mental_scale_item_111,Peds - BSID II Mental Scale,,dropdown,"Bayley Scales of Infant Development II Mental Scale: Item 111 Score (C=Credit, NC=No Credit, RF=Refused, RPT=Caregiver Report, O=Omit)","C, C | NC, NC | RF, RF | RPT, RPT | O, O",,,,,,,y,,
bsid_ii_mental_scale_item_112,Peds - BSID II Mental Scale,,dropdown,"Bayley Scales of Infant Development II Mental Scale: Item 112 Score (C=Credit, NC=No Credit, RF=Refused, RPT=Caregiver Report, O=Omit)","C, C | NC, NC | RF, RF | RPT, RPT | O, O",,,,,,,y,,
bsid_ii_mental_scale_item_113,Peds - BSID II Mental Scale,,dropdown,"Bayley Scales of Infant Development II Mental Scale: Item 113 Score (C=Credit, NC=No Credit, RF=Refused, RPT=Caregiver Report, O=Omit)","C, C | NC, NC | RF, RF | RPT, RPT | O, O",,,,,,,y,,
bsid_ii_mental_scale_item_114,Peds - BSID II Mental Scale,,dropdown,"Bayley Scales of Infant Development II Mental Scale: Item 114 Score (C=Credit, NC=No Credit, RF=Refused, RPT=Caregiver Report, O=Omit)","C, C | NC, NC | RF, RF | RPT, RPT | O, O",,,,,,,y,,
bsid_ii_mental_scale_item_115,Peds - BSID II Mental Scale,,dropdown,"Bayley Scales of Infant Development II Mental Scale: Item 115 Score (C=Credit, NC=No Credit, RF=Refused, RPT=Caregiver Report, O=Omit)","C, C | NC, NC | RF, RF | RPT, RPT | O, O",,,,,,,y,,
bsid_ii_mental_scale_item_116,Peds - BSID II Mental Scale,,dropdown,"Bayley Scales of Infant Development II Mental Scale: Item 116 Score (C=Credit, NC=No Credit, RF=Refused, RPT=Caregiver Report, O=Omit)","C, C | NC, NC | RF, RF | RPT, RPT | O, O",,,,,,,y,,
bsid_ii_mental_scale_item_117,Peds - BSID II Mental Scale,,dropdown,"Bayley Scales of Infant Development II Mental Scale: Item 117 Score (C=Credit, NC=No Credit, RF=Refused, RPT=Caregiver Report, O=Omit)","C, C | NC, NC | RF, RF | RPT, RPT | O, O",,,,,,,y,,
bsid_ii_mental_scale_item_118,Peds - BSID II Mental Scale,,dropdown,"Bayley Scales of Infant Development II Mental Scale: Item 118 Score (C=Credit, NC=No Credit, RF=Refused, RPT=Caregiver Report, O=Omit)","C, C | NC, NC | RF, RF | RPT, RPT | O, O",,,,,,,y,,
bsid_ii_mental_scale_item_119,Peds - BSID II Mental Scale,,dropdown,"Bayley Scales of Infant Development II Mental Scale: Item 119 Score (C=Credit, NC=No Credit, RF=Refused, RPT=Caregiver Report, O=Omit)","C, C | NC, NC | RF, RF | RPT, RPT | O, O",,,,,,,y,,
bsid_ii_mental_scale_item_12,Peds - BSID II Mental Scale,,dropdown,"Bayley Scales of Infant Development II Mental Scale: Item 12 Score (C=Credit, NC=No Credit, RF=Refused, RPT=Caregiver Report, O=Omit)","C, C | NC, NC | RF, RF | RPT, RPT | O, O",,,,,,,y,,
bsid_ii_mental_scale_item_120,Peds - BSID II Mental Scale,,dropdown,"Bayley Scales of Infant Development II Mental Scale: Item 120 Score (C=Credit, NC=No Credit, RF=Refused, RPT=Caregiver Report, O=Omit)","C, C | NC, NC | RF, RF | RPT, RPT | O, O",,,,,,,y,,
bsid_ii_mental_scale_item_121,Peds - BSID II Mental Scale,,dropdown,"Bayley Scales of Infant Development II Mental Scale: Item 121 Score (C=Credit, NC=No Credit, RF=Refused, RPT=Caregiver Report, O=Omit)","C, C | NC, NC | RF, RF | RPT, RPT | O, O",,,,,,,y,,
bsid_ii_mental_scale_item_122,Peds - BSID II Mental Scale,,dropdown,"Bayley Scales of Infant Development II Mental Scale: Item 122 Score (C=Credit, NC=No Credit, RF=Refused, RPT=Caregiver Report, O=Omit)","C, C | NC, NC | RF, RF | RPT, RPT | O, O",,,,,,,y,,
bsid_ii_mental_scale_item_123,Peds - BSID II Mental Scale,,dropdown,"Bayley Scales of Infant Development II Mental Scale: Item 123 Score (C=Credit, NC=No Credit, RF=Refused, RPT=Caregiver Report, O=Omit)","C, C | NC, NC | RF, RF | RPT, RPT | O, O",,,,,,,y,,
bsid_ii_mental_scale_item_124,Peds - BSID II Mental Scale,,dropdown,"Bayley Scales of Infant Development II Mental Scale: Item 124 Score (C=Credit, NC=No Credit, RF=Refused, RPT=Caregiver Report, O=Omit)","C, C | NC, NC | RF, RF | RPT, RPT | O, O",,,,,,,y,,
bsid_ii_mental_scale_item_125,Peds - BSID II Mental Scale,,dropdown,"Bayley Scales of Infant Development II Mental Scale: Item 125 Score (C=Credit, NC=No Credit, RF=Refused, RPT=Caregiver Report, O=Omit)","C, C | NC, NC | RF, RF | RPT, RPT | O, O",,,,,,,y,,
bsid_ii_mental_scale_item_126,Peds - BSID II Mental Scale,,dropdown,"Bayley Scales of Infant Development II Mental Scale: Item 126 Score (C=Credit, NC=No Credit, RF=Refused, RPT=Caregiver Report, O=Omit)","C, C | NC, NC | RF, RF | RPT, RPT | O, O",,,,,,,y,,
bsid_ii_mental_scale_item_127,Peds - BSID II Mental Scale,,dropdown,"Bayley Scales of Infant Development II Mental Scale: Item 127 Score (C=Credit, NC=No Credit, RF=Refused, RPT=Caregiver Report, O=Omit)","C, C | NC, NC | RF, RF | RPT, RPT | O, O",,,,,,,y,,
bsid_ii_mental_scale_item_128,Peds - BSID II Mental Scale,,dropdown,"Bayley Scales of Infant Development II Mental Scale: Item 128 Score (C=Credit, NC=No Credit, RF=Refused, RPT=Caregiver Report, O=Omit)","C, C | NC, NC | RF, RF | RPT, RPT | O, O",,,,,,,y,,
bsid_ii_mental_scale_item_129,Peds - BSID II Mental Scale,,dropdown,"Bayley Scales of Infant Development II Mental Scale: Item 129 Score (C=Credit, NC=No Credit, RF=Refused, RPT=Caregiver Report, O=Omit)","C, C | NC, NC | RF, RF | RPT, RPT | O, O",,,,,,,y,,
bsid_ii_mental_scale_item_13,Peds - BSID II Mental Scale,,dropdown,"Bayley Scales of Infant Development II Mental Scale: Item 13 Score (C=Credit, NC=No Credit, RF=Refused, RPT=Caregiver Report, O=Omit)","C, C | NC, NC | RF, RF | RPT, RPT | O, O",,,,,,,y,,
bsid_ii_mental_scale_item_130,Peds - BSID II Mental Scale,,dropdown,"Bayley Scales of Infant Development II Mental Scale: Item 130 Score (C=Credit, NC=No Credit, RF=Refused, RPT=Caregiver Report, O=Omit)","C, C | NC, NC | RF, RF | RPT, RPT | O, O",,,,,,,y,,
bsid_ii_mental_scale_item_131,Peds - BSID II Mental Scale,,dropdown,"Bayley Scales of Infant Development II Mental Scale: Item 131 Score (C=Credit, NC=No Credit, RF=Refused, RPT=Caregiver Report, O=Omit)","C, C | NC, NC | RF, RF | RPT, RPT | O, O",,,,,,,y,,
bsid_ii_mental_scale_item_132,Peds - BSID II Mental Scale,,dropdown,"Bayley Scales of Infant Development II Mental Scale: Item 132 Score (C=Credit, NC=No Credit, RF=Refused, RPT=Caregiver Report, O=Omit)","C, C | NC, NC | RF, RF | RPT, RPT | O, O",,,,,,,y,,
bsid_ii_mental_scale_item_133,Peds - BSID II Mental Scale,,dropdown,"Bayley Scales of Infant Development II Mental Scale: Item 133 Score (C=Credit, NC=No Credit, RF=Refused, RPT=Caregiver Report, O=Omit)","C, C | NC, NC | RF, RF | RPT, RPT | O, O",,,,,,,y,,
bsid_ii_mental_scale_item_134,Peds - BSID II Mental Scale,,dropdown,"Bayley Scales of Infant Development II Mental Scale: Item 134 Score (C=Credit, NC=No Credit, RF=Refused, RPT=Caregiver Report, O=Omit)","C, C | NC, NC | RF, RF | RPT, RPT | O, O",,,,,,,y,,
bsid_ii_mental_scale_item_135,Peds - BSID II Mental Scale,,dropdown,"Bayley Scales of Infant Development II Mental Scale: Item 135 Score (C=Credit, NC=No Credit, RF=Refused, RPT=Caregiver Report, O=Omit)","C, C | NC, NC | RF, RF | RPT, RPT | O, O",,,,,,,y,,
bsid_ii_mental_scale_item_136,Peds - BSID II Mental Scale,,dropdown,"Bayley Scales of Infant Development II Mental Scale: Item 136 Score (C=Credit, NC=No Credit, RF=Refused, RPT=Caregiver Report, O=Omit)","C, C | NC, NC | RF, RF | RPT, RPT | O, O",,,,,,,y,,
bsid_ii_mental_scale_item_137,Peds - BSID II Mental Scale,,dropdown,"Bayley Scales of Infant Development II Mental Scale: Item 137 Score (C=Credit, NC=No Credit, RF=Refused, RPT=Caregiver Report, O=Omit)","C, C | NC, NC | RF, RF | RPT, RPT | O, O",,,,,,,y,,
bsid_ii_mental_scale_item_138,Peds - BSID II Mental Scale,,dropdown,"Bayley Scales of Infant Development II Mental Scale: Item 138 Score (C=Credit, NC=No Credit, RF=Refused, RPT=Caregiver Report, O=Omit)","C, C | NC, NC | RF, RF | RPT, RPT | O, O",,,,,,,y,,
bsid_ii_mental_scale_item_139,Peds - BSID II Mental Scale,,dropdown,"Bayley Scales of Infant Development II Mental Scale: Item 139 Score (C=Credit, NC=No Credit, RF=Refused, RPT=Caregiver Report, O=Omit)","C, C | NC, NC | RF, RF | RPT, RPT | O, O",,,,,,,y,,
bsid_ii_mental_scale_item_14,Peds - BSID II Mental Scale,,dropdown,"Bayley Scales of Infant Development II Mental Scale: Item 14 Score (C=Credit, NC=No Credit, RF=Refused, RPT=Caregiver Report, O=Omit)","C, C | NC, NC | RF, RF | RPT, RPT | O, O",,,,,,,y,,
bsid_ii_mental_scale_item_140,Peds - BSID II Mental Scale,,dropdown,"Bayley Scales of Infant Development II Mental Scale: Item 140 Score (C=Credit, NC=No Credit, RF=Refused, RPT=Caregiver Report, O=Omit)","C, C | NC, NC | RF, RF | RPT, RPT | O, O",,,,,,,y,,
bsid_ii_mental_scale_item_141,Peds - BSID II Mental Scale,,dropdown,"Bayley Scales of Infant Development II Mental Scale: Item 141 Score (C=Credit, NC=No Credit, RF=Refused, RPT=Caregiver Report, O=Omit)","C, C | NC, NC | RF, RF | RPT, RPT | O, O",,,,,,,y,,
bsid_ii_mental_scale_item_142,Peds - BSID II Mental Scale,,dropdown,"Bayley Scales of Infant Development II Mental Scale: Item 142 Score (C=Credit, NC=No Credit, RF=Refused, RPT=Caregiver Report, O=Omit)","C, C | NC, NC | RF, RF | RPT, RPT | O, O",,,,,,,y,,
bsid_ii_mental_scale_item_143,Peds - BSID II Mental Scale,,dropdown,"Bayley Scales of Infant Development II Mental Scale: Item 143 Score (C=Credit, NC=No Credit, RF=Refused, RPT=Caregiver Report, O=Omit)","C, C | NC, NC | RF, RF | RPT, RPT | O, O",,,,,,,y,,
bsid_ii_mental_scale_item_172,Peds - BSID II Mental Scale,,dropdown,"Bayley Scales of Infant Development II Mental Scale: Item 172 Score (C=Credit, NC=No Credit, RF=Refused, RPT=Caregiver Report, O=Omit)","C, C | NC, NC | RF, RF | RPT, RPT | O, O",,,,,,,y,,
bsid_ii_mental_scale_item_173,Peds - BSID II Mental Scale,,dropdown,"Bayley Scales of Infant Development II Mental Scale: Item 173 Score (C=Credit, NC=No Credit, RF=Refused, RPT=Caregiver Report, O=Omit)","C, C | NC, NC | RF, RF | RPT, RPT | O, O",,,,,,,y,,
bsid_ii_mental_scale_item_174,Peds - BSID II Mental Scale,,dropdown,"Bayley Scales of Infant Development II Mental Scale: Item 174 Score (C=Credit, NC=No Credit, RF=Refused, RPT=Caregiver Report, O=Omit)","C, C | NC, NC | RF, RF | RPT, RPT | O, O",,,,,,,y,,
bsid_ii_mental_scale_item_175,Peds - BSID II Mental Scale,,dropdown,"Bayley Scales of Infant Development II Mental Scale: Item 175 Score (C=Credit, NC=No Credit, RF=Refused, RPT=Caregiver Report, O=Omit)","C, C | NC, NC | RF, RF | RPT, RPT | O, O",,,,,,,y,,
bsid_ii_mental_scale_item_176,Peds - BSID II Mental Scale,,dropdown,"Bayley Scales of Infant Development II Mental Scale: Item 176 Score (C=Credit, NC=No Credit, RF=Refused, RPT=Caregiver Report, O=Omit)","C, C | NC, NC | RF, RF | RPT, RPT | O, O",,,,,,,y,,
bsid_ii_mental_scale_item_177,Peds - BSID II Mental Scale,,dropdown,"Bayley Scales of Infant Development II Mental Scale: Item 177 Score (C=Credit, NC=No Credit, RF=Refused, RPT=Caregiver Report, O=Omit)","C, C | NC, NC | RF, RF | RPT, RPT | O, O",,,,,,,y,,
bsid_ii_mental_scale_item_178,Peds - BSID II Mental Scale,,dropdown,"Bayley Scales of Infant Development II Mental Scale: Item 178 Score (C=Credit, NC=No Credit, RF=Refused, RPT=Caregiver Report, O=Omit)","C, C | NC, NC | RF, RF | RPT, RPT | O, O",,,,,,,y,,
bsid_ii_mental_scale_item_18,Peds - BSID II Mental Scale,,dropdown,"Bayley Scales of Infant Development II Mental Scale: Item 18 Score (C=Credit, NC=No Credit, RF=Refused, RPT=Caregiver Report, O=Omit)","C, C | NC, NC | RF, RF | RPT, RPT | O, O",,,,,,,y,,
bsid_ii_mental_scale_item_19,Peds - BSID II Mental Scale,,dropdown,"Bayley Scales of Infant Development II Mental Scale: Item 19 Score (C=Credit, NC=No Credit, RF=Refused, RPT=Caregiver Report, O=Omit)","C, C | NC, NC | RF, RF | RPT, RPT | O, O",,,,,,,y,,
bsid_ii_mental_scale_item_2,Peds - BSID II Mental Scale,,dropdown,"Bayley Scales of Infant Development II Mental Scale: Item 2 Score (C=Credit, NC=No Credit, RF=Refused, RPT=Caregiver Report, O=Omit)","C, C | NC, NC | RF, RF | RPT, RPT | O, O",,,,,,,y,,
bsid_ii_mental_scale_item_20,Peds - BSID II Mental Scale,,dropdown,"Bayley Scales of Infant Development II Mental Scale: Item 20 Score (C=Credit, NC=No Credit, RF=Refused, RPT=Caregiver Report, O=Omit)","C, C | NC, NC | RF, RF | RPT, RPT | O, O",,,,,,,y,,
bsid_ii_mental_scale_item_21,Peds - BSID II Mental Scale,,dropdown,"Bayley Scales of Infant Development II Mental Scale: Item 21 Score (C=Credit, NC=No Credit, RF=Refused, RPT=Caregiver Report, O=Omit)","C, C | NC, NC | RF, RF | RPT, RPT | O, O",,,,,,,y,,
bsid_ii_mental_scale_item_22,Peds - BSID II Mental Scale,,dropdown,"Bayley Scales of Infant Development II Mental Scale: Item 22 Score (C=Credit, NC=No Credit, RF=Refused, RPT=Caregiver Report, O=Omit)","C, C | NC, NC | RF, RF | RPT, RPT | O, O",,,,,,,y,,
bsid_ii_mental_scale_item_23,Peds - BSID II Mental Scale,,dropdown,"Bayley Scales of Infant Development II Mental Scale: Item 23 Score (C=Credit, NC=No Credit, RF=Refused, RPT=Caregiver Report, O=Omit)","C, C | NC, NC | RF, RF | RPT, RPT | O, O",,,,,,,y,,
bsid_ii_mental_scale_item_24,Peds - BSID II Mental Scale,,dropdown,"Bayley Scales of Infant Development II Mental Scale: Item 24 Score (C=Credit, NC=No Credit, RF=Refused, RPT=Caregiver Report, O=Omit)","C, C | NC, NC | RF, RF | RPT, RPT | O, O",,,,,,,y,,
bsid_ii_mental_scale_item_39,Peds - BSID II Mental Scale,,dropdown,"Bayley Scales of Infant Development II Mental Scale: Item 39 Score (C=Credit, NC=No Credit, RF=Refused, RPT=Caregiver Report, O=Omit)","C, C | NC, NC | RF, RF | RPT, RPT | O, O",,,,,,,y,,
bsid_ii_mental_scale_item_4,Peds - BSID II Mental Scale,,dropdown,"Bayley Scales of Infant Development II Mental Scale: Item 4 Score (C=Credit, NC=No Credit, RF=Refused, RPT=Caregiver Report, O=Omit)","C, C | NC, NC | RF, RF | RPT, RPT | O, O",,,,,,,y,,
bsid_ii_mental_scale_item_40,Peds - BSID II Mental Scale,,dropdown,"Bayley Scales of Infant Development II Mental Scale: Item 40 Score (C=Credit, NC=No Credit, RF=Refused, RPT=Caregiver Report, O=Omit)","C, C | NC, NC | RF, RF | RPT, RPT | O, O",,,,,,,y,,
bsid_ii_mental_scale_item_41,Peds - BSID II Mental Scale,,dropdown,"Bayley Scales of Infant Development II Mental Scale: Item 41 Score (C=Credit, NC=No Credit, RF=Refused, RPT=Caregiver Report, O=Omit)","C, C | NC, NC | RF, RF | RPT, RPT | O, O",,,,,,,y,,
bsid_ii_mental_scale_item_42,Peds - BSID II Mental Scale,,dropdown,"Bayley Scales of Infant Development II Mental Scale: Item 42 Score (C=Credit, NC=No Credit, RF=Refused, RPT=Caregiver Report, O=Omit)","C, C | NC, NC | RF, RF | RPT, RPT | O, O",,,,,,,y,,
bsid_ii_mental_scale_item_43,Peds - BSID II Mental Scale,,dropdown,"Bayley Scales of Infant Development II Mental Scale: Item 43 Score (C=Credit, NC=No Credit, RF=Refused, RPT=Caregiver Report, O=Omit)","C, C | NC, NC | RF, RF | RPT, RPT | O, O",,,,,,,y,,
bsid_ii_mental_scale_item_44,Peds - BSID II Mental Scale,,dropdown,"Bayley Scales of Infant Development II Mental Scale: Item 44 Score (C=Credit, NC=No Credit, RF=Refused, RPT=Caregiver Report, O=Omit)","C, C | NC, NC | RF, RF | RPT, RPT | O, O",,,,,,,y,,
bsid_ii_mental_scale_item_45,Peds - BSID II Mental Scale,,dropdown,"Bayley Scales of Infant Development II Mental Scale: Item 45 Score (C=Credit, NC=No Credit, RF=Refused, RPT=Caregiver Report, O=Omit)","C, C | NC, NC | RF, RF | RPT, RPT | O, O",,,,,,,y,,
bsid_ii_mental_scale_item_46,Peds - BSID II Mental Scale,,dropdown,"Bayley Scales of Infant Development II Mental Scale: Item 46 Score (C=Credit, NC=No Credit, RF=Refused, RPT=Caregiver Report, O=Omit)","C, C | NC, NC | RF, RF | RPT, RPT | O, O",,,,,,,y,,
bsid_ii_mental_scale_item_47,Peds - BSID II Mental Scale,,dropdown,"Bayley Scales of Infant Development II Mental Scale: Item 47 Score (C=Credit, NC=No Credit, RF=Refused, RPT=Caregiver Report, O=Omit)","C, C | NC, NC | RF, RF | RPT, RPT | O, O",,,,,,,y,,
bsid_ii_mental_scale_item_48,Peds - BSID II Mental Scale,,dropdown,"Bayley Scales of Infant Development II Mental Scale: Item 48 Score (C=Credit, NC=No Credit, RF=Refused, RPT=Caregiver Report, O=Omit)","C, C | NC, NC | RF, RF | RPT, RPT | O, O",,,,,,,y,,
bsid_ii_mental_scale_item_49,Peds - BSID II Mental Scale,,dropdown,"Bayley Scales of Infant Development II Mental Scale: Item 49 Score (C=Credit, NC=No Credit, RF=Refused, RPT=Caregiver Report, O=Omit)","C, C | NC, NC | RF, RF | RPT, RPT | O, O",,,,,,,y,,
bsid_ii_mental_scale_item_5,Peds - BSID II Mental Scale,,dropdown,"Bayley Scales of Infant Development II Mental Scale: Item 5 Score (C=Credit, NC=No Credit, RF=Refused, RPT=Caregiver Report, O=Omit)","C, C | NC, NC | RF, RF | RPT, RPT | O, O",,,,,,,y,,
bsid_ii_mental_scale_item_50,Peds - BSID II Mental Scale,,dropdown,"Bayley Scales of Infant Development II Mental Scale: Item 50 Score (C=Credit, NC=No Credit, RF=Refused, RPT=Caregiver Report, O=Omit)","C, C | NC, NC | RF, RF | RPT, RPT | O, O",,,,,,,y,,
bsid_ii_mental_scale_item_51,Peds - BSID II Mental Scale,,dropdown,"Bayley Scales of Infant Development II Mental Scale: Item 51 Score (C=Credit, NC=No Credit, RF=Refused, RPT=Caregiver Report, O=Omit)","C, C | NC, NC | RF, RF | RPT, RPT | O, O",,,,,,,y,,
bsid_ii_mental_scale_item_52,Peds - BSID II Mental Scale,,dropdown,"Bayley Scales of Infant Development II Mental Scale: Item 52 Score (C=Credit, NC=No Credit, RF=Refused, RPT=Caregiver Report, O=Omit)","C, C | NC, NC | RF, RF | RPT, RPT | O, O",,,,,,,y,,
bsid_ii_mental_scale_item_53,Peds - BSID II Mental Scale,,dropdown,"Bayley Scales of Infant Development II Mental Scale: Item 53 Score (C=Credit, NC=No Credit, RF=Refused, RPT=Caregiver Report, O=Omit)","C, C | NC, NC | RF, RF | RPT, RPT | O, O",,,,,,,y,,
bsid_ii_mental_scale_item_54,Peds - BSID II Mental Scale,,dropdown,"Bayley Scales of Infant Development II Mental Scale: Item 54 Score (C=Credit, NC=No Credit, RF=Refused, RPT=Caregiver Report, O=Omit)","C, C | NC, NC | RF, RF | RPT, RPT | O, O",,,,,,,y,,
bsid_ii_mental_scale_item_55,Peds - BSID II Mental Scale,,dropdown,"Bayley Scales of Infant Development II Mental Scale: Item 55 Score (C=Credit, NC=No Credit, RF=Refused, RPT=Caregiver Report, O=Omit)","C, C | NC, NC | RF, RF | RPT, RPT | O, O",,,,,,,y,,
bsid_ii_mental_scale_item_56,Peds - BSID II Mental Scale,,dropdown,"Bayley Scales of Infant Development II Mental Scale: Item 56 Score (C=Credit, NC=No Credit, RF=Refused, RPT=Caregiver Report, O=Omit)","C, C | NC, NC | RF, RF | RPT, RPT | O, O",,,,,,,y,,
bsid_ii_mental_scale_item_57,Peds - BSID II Mental Scale,,dropdown,"Bayley Scales of Infant Development II Mental Scale: Item 57 Score (C=Credit, NC=No Credit, RF=Refused, RPT=Caregiver Report, O=Omit)","C, C | NC, NC | RF, RF | RPT, RPT | O, O",,,,,,,y,,
bsid_ii_mental_scale_item_58,Peds - BSID II Mental Scale,,dropdown,"Bayley Scales of Infant Development II Mental Scale: Item 58 Score (C=Credit, NC=No Credit, RF=Refused, RPT=Caregiver Report, O=Omit)","C, C | NC, NC | RF, RF | RPT, RPT | O, O",,,,,,,y,,
bsid_ii_mental_scale_item_59,Peds - BSID II Mental Scale,,dropdown,"Bayley Scales of Infant Development II Mental Scale: Item 59 Score (C=Credit, NC=No Credit, RF=Refused, RPT=Caregiver Report, O=Omit)","C, C | NC, NC | RF, RF | RPT, RPT | O, O",,,,,,,y,,
bsid_ii_mental_scale_item_6,Peds - BSID II Mental Scale,,dropdown,"Bayley Scales of Infant Development II Mental Scale: Item 6 Score (C=Credit, NC=No Credit, RF=Refused, RPT=Caregiver Report, O=Omit)","C, C | NC, NC | RF, RF | RPT, RPT | O, O",,,,,,,y,,
bsid_ii_mental_scale_item_60,Peds - BSID II Mental Scale,,dropdown,"Bayley Scales of Infant Development II Mental Scale: Item 60 Score (C=Credit, NC=No Credit, RF=Refused, RPT=Caregiver Report, O=Omit)","C, C | NC, NC | RF, RF | RPT, RPT | O, O",,,,,,,y,,
bsid_ii_mental_scale_item_61,Peds - BSID II Mental Scale,,dropdown,"Bayley Scales of Infant Development II Mental Scale: Item 61 Score (C=Credit, NC=No Credit, RF=Refused, RPT=Caregiver Report, O=Omit)","C, C | NC, NC | RF, RF | RPT, RPT | O, O",,,,,,,y,,
bsid_ii_mental_scale_item_62,Peds - BSID II Mental Scale,,dropdown,"Bayley Scales of Infant Development II Mental Scale: Item 62 Score (C=Credit, NC=No Credit, RF=Refused, RPT=Caregiver Report, O=Omit)","C, C | NC, NC | RF, RF | RPT, RPT | O, O",,,,,,,y,,
bsid_ii_mental_scale_item_63,Peds - BSID II Mental Scale,,dropdown,"Bayley Scales of Infant Development II Mental Scale: Item 63 Score (C=Credit, NC=No Credit, RF=Refused, RPT=Caregiver Report, O=Omit)","C, C | NC, NC | RF, RF | RPT, RPT | O, O",,,,,,,y,,
bsid_ii_mental_scale_item_64,Peds - BSID II Mental Scale,,dropdown,"Bayley Scales of Infant Development II Mental Scale: Item 64 Score (C=Credit, NC=No Credit, RF=Refused, RPT=Caregiver Report, O=Omit)","C, C | NC, NC | RF, RF | RPT, RPT | O, O",,,,,,,y,,
bsid_ii_mental_scale_item_65,Peds - BSID II Mental Scale,,dropdown,"Bayley Scales of Infant Development II Mental Scale: Item 65 Score (C=Credit, NC=No Credit, RF=Refused, RPT=Caregiver Report, O=Omit)","C, C | NC, NC | RF, RF | RPT, RPT | O, O",,,,,,,y,,
bsid_ii_mental_scale_item_66,Peds - BSID II Mental Scale,,dropdown,"Bayley Scales of Infant Development II Mental Scale: Item 66 Score (C=Credit, NC=No Credit, RF=Refused, RPT=Caregiver Report, O=Omit)","C, C | NC, NC | RF, RF | RPT, RPT | O, O",,,,,,,y,,
bsid_ii_mental_scale_item_67,Peds - BSID II Mental Scale,,dropdown,"Bayley Scales of Infant Development II Mental Scale: Item 67 Score (C=Credit, NC=No Credit, RF=Refused, RPT=Caregiver Report, O=Omit)","C, C | NC, NC | RF, RF | RPT, RPT | O, O",,,,,,,y,,
bsid_ii_mental_scale_item_68,Peds - BSID II Mental Scale,,dropdown,"Bayley Scales of Infant Development II Mental Scale: Item 68 Score (C=Credit, NC=No Credit, RF=Refused, RPT=Caregiver Report, O=Omit)","C, C | NC, NC | RF, RF | RPT, RPT | O, O",,,,,,,y,,
bsid_ii_mental_scale_item_69,Peds - BSID II Mental Scale,,dropdown,"Bayley Scales of Infant Development II Mental Scale: Item 69 Score (C=Credit, NC=No Credit, RF=Refused, RPT=Caregiver Report, O=Omit)","C, C | NC, NC | RF, RF | RPT, RPT | O, O",,,,,,,y,,
bsid_ii_mental_scale_item_7,Peds - BSID II Mental Scale,,dropdown,"Bayley Scales of Infant Development II Mental Scale: Item 7 Score (C=Credit, NC=No Credit, RF=Refused, RPT=Caregiver Report, O=Omit)","C, C | NC, NC | RF, RF | RPT, RPT | O, O",,,,,,,y,,
bsid_ii_mental_scale_item_70,Peds - BSID II Mental Scale,,dropdown,"Bayley Scales of Infant Development II Mental Scale: Item 70 Score (C=Credit, NC=No Credit, RF=Refused, RPT=Caregiver Report, O=Omit)","C, C | NC, NC | RF, RF | RPT, RPT | O, O",,,,,,,y,,
bsid_ii_mental_scale_item_71,Peds - BSID II Mental Scale,,dropdown,"Bayley Scales of Infant Development II Mental Scale: Item 71 Score (C=Credit, NC=No Credit, RF=Refused, RPT=Caregiver Report, O=Omit)","C, C | NC, NC | RF, RF | RPT, RPT | O, O",,,,,,,y,,
bsid_ii_mental_scale_item_72,Peds - BSID II Mental Scale,,dropdown,"Bayley Scales of Infant Development II Mental Scale: Item 72 Score (C=Credit, NC=No Credit, RF=Refused, RPT=Caregiver Report, O=Omit)","C, C | NC, NC | RF, RF | RPT, RPT | O, O",,,,,,,y,,
bsid_ii_mental_scale_item_73,Peds - BSID II Mental Scale,,dropdown,"Bayley Scales of Infant Development II Mental Scale: Item 73 Score (C=Credit, NC=No Credit, RF=Refused, RPT=Caregiver Report, O=Omit)","C, C | NC, NC | RF, RF | RPT, RPT | O, O",,,,,,,y,,
bsid_ii_mental_scale_item_74,Peds - BSID II Mental Scale,,dropdown,"Bayley Scales of Infant Development II Mental Scale: Item 74 Score (C=Credit, NC=No Credit, RF=Refused, RPT=Caregiver Report, O=Omit)","C, C | NC, NC | RF, RF | RPT, RPT | O, O",,,,,,,y,,
bsid_ii_mental_scale_item_75,Peds - BSID II Mental Scale,,dropdown,"Bayley Scales of Infant Development II Mental Scale: Item 75 Score (C=Credit, NC=No Credit, RF=Refused, RPT=Caregiver Report, O=Omit)","C, C | NC, NC | RF, RF | RPT, RPT | O, O",,,,,,,y,,
age_in_days_dot_to_edc,Peds - BSID II Mental Scale,,text,Age in days obtained by subtracting the Expected Date of Confinement (EDC/Due Date) from the date of test,,,,,,,,y,,
timepoint_label,Peds - BSID II Mental Scale,,text,User-defined timepoint/visit label - a label selected by the site at the time of registration of a new timepoint into the database.  This label is used to group all the instruments administered to a subject at a given timepoint.,,,,,,,,y,,
bsid_ii_mental_scale_item_144,Peds - BSID II Mental Scale,,dropdown,"Bayley Scales of Infant Development II Mental Scale: Item 144 Score (C=Credit, NC=No Credit, RF=Refused, RPT=Caregiver Report, O=Omit)","C, C | NC, NC | RF, RF | RPT, RPT | O, O",,,,,,,y,,
bsid_ii_mental_scale_item_145,Peds - BSID II Mental Scale,,dropdown,"Bayley Scales of Infant Development II Mental Scale: Item 145 Score (C=Credit, NC=No Credit, RF=Refused, RPT=Caregiver Report, O=Omit)","C, C | NC, NC | RF, RF | RPT, RPT | O, O",,,,,,,y,,
bsid_ii_mental_scale_item_146,Peds - BSID II Mental Scale,,dropdown,"Bayley Scales of Infant Development II Mental Scale: Item 146 Score (C=Credit, NC=No Credit, RF=Refused, RPT=Caregiver Report, O=Omit)","C, C | NC, NC | RF, RF | RPT, RPT | O, O",,,,,,,y,,
bsid_ii_mental_scale_item_147,Peds - BSID II Mental Scale,,dropdown,"Bayley Scales of Infant Development II Mental Scale: Item 147 Score (C=Credit, NC=No Credit, RF=Refused, RPT=Caregiver Report, O=Omit)","C, C | NC, NC | RF, RF | RPT, RPT | O, O",,,,,,,y,,
bsid_ii_mental_scale_item_148,Peds - BSID II Mental Scale,,dropdown,"Bayley Scales of Infant Development II Mental Scale: Item 148 Score (C=Credit, NC=No Credit, RF=Refused, RPT=Caregiver Report, O=Omit)","C, C | NC, NC | RF, RF | RPT, RPT | O, O",,,,,,,y,,
bsid_ii_mental_scale_item_149,Peds - BSID II Mental Scale,,dropdown,"Bayley Scales of Infant Development II Mental Scale: Item 149 Score (C=Credit, NC=No Credit, RF=Refused, RPT=Caregiver Report, O=Omit)","C, C | NC, NC | RF, RF | RPT, RPT | O, O",,,,,,,y,,
bsid_ii_mental_scale_item_15,Peds - BSID II Mental Scale,,dropdown,"Bayley Scales of Infant Development II Mental Scale: Item 15 Score (C=Credit, NC=No Credit, RF=Refused, RPT=Caregiver Report, O=Omit)","C, C | NC, NC | RF, RF | RPT, RPT | O, O",,,,,,,y,,
bsid_ii_mental_scale_item_150,Peds - BSID II Mental Scale,,dropdown,"Bayley Scales of Infant Development II Mental Scale: Item 150 Score (C=Credit, NC=No Credit, RF=Refused, RPT=Caregiver Report, O=Omit)","C, C | NC, NC | RF, RF | RPT, RPT | O, O",,,,,,,y,,
bsid_ii_mental_scale_item_151,Peds - BSID II Mental Scale,,dropdown,"Bayley Scales of Infant Development II Mental Scale: Item 151 Score (C=Credit, NC=No Credit, RF=Refused, RPT=Caregiver Report, O=Omit)","C, C | NC, NC | RF, RF | RPT, RPT | O, O",,,,,,,y,,
bsid_ii_mental_scale_item_152,Peds - BSID II Mental Scale,,dropdown,"Bayley Scales of Infant Development II Mental Scale: Item 152 Score (C=Credit, NC=No Credit, RF=Refused, RPT=Caregiver Report, O=Omit)","C, C | NC, NC | RF, RF | RPT, RPT | O, O",,,,,,,y,,
bsid_ii_mental_scale_item_153,Peds - BSID II Mental Scale,,dropdown,"Bayley Scales of Infant Development II Mental Scale: Item 153 Score (C=Credit, NC=No Credit, RF=Refused, RPT=Caregiver Report, O=Omit)","C, C | NC, NC | RF, RF | RPT, RPT | O, O",,,,,,,y,,
bsid_ii_mental_scale_item_154,Peds - BSID II Mental Scale,,dropdown,"Bayley Scales of Infant Development II Mental Scale: Item 154 Score (C=Credit, NC=No Credit, RF=Refused, RPT=Caregiver Report, O=Omit)","C, C | NC, NC | RF, RF | RPT, RPT | O, O",,,,,,,y,,
bsid_ii_mental_scale_item_155,Peds - BSID II Mental Scale,,dropdown,"Bayley Scales of Infant Development II Mental Scale: Item 155 Score (C=Credit, NC=No Credit, RF=Refused, RPT=Caregiver Report, O=Omit)","C, C | NC, NC | RF, RF | RPT, RPT | O, O",,,,,,,y,,
bsid_ii_mental_scale_item_156,Peds - BSID II Mental Scale,,dropdown,"Bayley Scales of Infant Development II Mental Scale: Item 156 Score (C=Credit, NC=No Credit, RF=Refused, RPT=Caregiver Report, O=Omit)","C, C | NC, NC | RF, RF | RPT, RPT | O, O",,,,,,,y,,
bsid_ii_mental_scale_item_157,Peds - BSID II Mental Scale,,dropdown,"Bayley Scales of Infant Development II Mental Scale: Item 157 Score (C=Credit, NC=No Credit, RF=Refused, RPT=Caregiver Report, O=Omit)","C, C | NC, NC | RF, RF | RPT, RPT | O, O",,,,,,,y,,
bsid_ii_mental_scale_item_158,Peds - BSID II Mental Scale,,dropdown,"Bayley Scales of Infant Development II Mental Scale: Item 158 Score (C=Credit, NC=No Credit, RF=Refused, RPT=Caregiver Report, O=Omit)","C, C | NC, NC | RF, RF | RPT, RPT | O, O",,,,,,,y,,
bsid_ii_mental_scale_item_159,Peds - BSID II Mental Scale,,dropdown,"Bayley Scales of Infant Development II Mental Scale: Item 159 Score (C=Credit, NC=No Credit, RF=Refused, RPT=Caregiver Report, O=Omit)","C, C | NC, NC | RF, RF | RPT, RPT | O, O",,,,,,,y,,
bsid_ii_mental_scale_item_16,Peds - BSID II Mental Scale,,dropdown,"Bayley Scales of Infant Development II Mental Scale: Item 16 Score (C=Credit, NC=No Credit, RF=Refused, RPT=Caregiver Report, O=Omit)","C, C | NC, NC | RF, RF | RPT, RPT | O, O",,,,,,,y,,
bsid_ii_mental_scale_item_160,Peds - BSID II Mental Scale,,dropdown,"Bayley Scales of Infant Development II Mental Scale: Item 160 Score (C=Credit, NC=No Credit, RF=Refused, RPT=Caregiver Report, O=Omit)","C, C | NC, NC | RF, RF | RPT, RPT | O, O",,,,,,,y,,
bsid_ii_mental_scale_item_161,Peds - BSID II Mental Scale,,dropdown,"Bayley Scales of Infant Development II Mental Scale: Item 161 Score (C=Credit, NC=No Credit, RF=Refused, RPT=Caregiver Report, O=Omit)","C, C | NC, NC | RF, RF | RPT, RPT | O, O",,,,,,,y,,
bsid_ii_mental_scale_item_162,Peds - BSID II Mental Scale,,dropdown,"Bayley Scales of Infant Development II Mental Scale: Item 162 Score (C=Credit, NC=No Credit, RF=Refused, RPT=Caregiver Report, O=Omit)","C, C | NC, NC | RF, RF | RPT, RPT | O, O",,,,,,,y,,
bsid_ii_mental_scale_item_163,Peds - BSID II Mental Scale,,dropdown,"Bayley Scales of Infant Development II Mental Scale: Item 163 Score (C=Credit, NC=No Credit, RF=Refused, RPT=Caregiver Report, O=Omit)","C, C | NC, NC | RF, RF | RPT, RPT | O, O",,,,,,,y,,
bsid_ii_mental_scale_item_164,Peds - BSID II Mental Scale,,dropdown,"Bayley Scales of Infant Development II Mental Scale: Item 164 Score (C=Credit, NC=No Credit, RF=Refused, RPT=Caregiver Report, O=Omit)","C, C | NC, NC | RF, RF | RPT, RPT | O, O",,,,,,,y,,
bsid_ii_mental_scale_item_165,Peds - BSID II Mental Scale,,dropdown,"Bayley Scales of Infant Development II Mental Scale: Item 165 Score (C=Credit, NC=No Credit, RF=Refused, RPT=Caregiver Report, O=Omit)","C, C | NC, NC | RF, RF | RPT, RPT | O, O",,,,,,,y,,
bsid_ii_mental_scale_item_166,Peds - BSID II Mental Scale,,dropdown,"Bayley Scales of Infant Development II Mental Scale: Item 166 Score (C=Credit, NC=No Credit, RF=Refused, RPT=Caregiver Report, O=Omit)","C, C | NC, NC | RF, RF | RPT, RPT | O, O",,,,,,,y,,
bsid_ii_mental_scale_item_167,Peds - BSID II Mental Scale,,dropdown,"Bayley Scales of Infant Development II Mental Scale: Item 167 Score (C=Credit, NC=No Credit, RF=Refused, RPT=Caregiver Report, O=Omit)","C, C | NC, NC | RF, RF | RPT, RPT | O, O",,,,,,,y,,
bsid_ii_mental_scale_item_168,Peds - BSID II Mental Scale,,dropdown,"Bayley Scales of Infant Development II Mental Scale: Item 168 Score (C=Credit, NC=No Credit, RF=Refused, RPT=Caregiver Report, O=Omit)","C, C | NC, NC | RF, RF | RPT, RPT | O, O",,,,,,,y,,
bsid_ii_mental_scale_item_169,Peds - BSID II Mental Scale,,dropdown,"Bayley Scales of Infant Development II Mental Scale: Item 169 Score (C=Credit, NC=No Credit, RF=Refused, RPT=Caregiver Report, O=Omit)","C, C | NC, NC | RF, RF | RPT, RPT | O, O",,,,,,,y,,
bsid_ii_mental_scale_item_17,Peds - BSID II Mental Scale,,dropdown,"Bayley Scales of Infant Development II Mental Scale: Item 17 Score (C=Credit, NC=No Credit, RF=Refused, RPT=Caregiver Report, O=Omit)","C, C | NC, NC | RF, RF | RPT, RPT | O, O",,,,,,,y,,
bsid_ii_mental_scale_item_170,Peds - BSID II Mental Scale,,dropdown,"Bayley Scales of Infant Development II Mental Scale: Item 170 Score (C=Credit, NC=No Credit, RF=Refused, RPT=Caregiver Report, O=Omit)","C, C | NC, NC | RF, RF | RPT, RPT | O, O",,,,,,,y,,
bsid_ii_mental_scale_item_171,Peds - BSID II Mental Scale,,dropdown,"Bayley Scales of Infant Development II Mental Scale: Item 171 Score (C=Credit, NC=No Credit, RF=Refused, RPT=Caregiver Report, O=Omit)","C, C | NC, NC | RF, RF | RPT, RPT | O, O",,,,,,,y,,
bsid_ii_mental_scale_item_25,Peds - BSID II Mental Scale,,dropdown,"Bayley Scales of Infant Development II Mental Scale: Item 25 Score (C=Credit, NC=No Credit, RF=Refused, RPT=Caregiver Report, O=Omit)","C, C | NC, NC | RF, RF | RPT, RPT | O, O",,,,,,,y,,
bsid_ii_mental_scale_item_26,Peds - BSID II Mental Scale,,dropdown,"Bayley Scales of Infant Development II Mental Scale: Item 26 Score (C=Credit, NC=No Credit, RF=Refused, RPT=Caregiver Report, O=Omit)","C, C | NC, NC | RF, RF | RPT, RPT | O, O",,,,,,,y,,
bsid_ii_mental_scale_item_27,Peds - BSID II Mental Scale,,dropdown,"Bayley Scales of Infant Development II Mental Scale: Item 27 Score (C=Credit, NC=No Credit, RF=Refused, RPT=Caregiver Report, O=Omit)","C, C | NC, NC | RF, RF | RPT, RPT | O, O",,,,,,,y,,
bsid_ii_mental_scale_item_28,Peds - BSID II Mental Scale,,dropdown,"Bayley Scales of Infant Development II Mental Scale: Item 28 Score (C=Credit, NC=No Credit, RF=Refused, RPT=Caregiver Report, O=Omit)","C, C | NC, NC | RF, RF | RPT, RPT | O, O",,,,,,,y,,
bsid_ii_mental_scale_item_29,Peds - BSID II Mental Scale,,dropdown,"Bayley Scales of Infant Development II Mental Scale: Item 29 Score (C=Credit, NC=No Credit, RF=Refused, RPT=Caregiver Report, O=Omit)","C, C | NC, NC | RF, RF | RPT, RPT | O, O",,,,,,,y,,
bsid_ii_mental_scale_item_3,Peds - BSID II Mental Scale,,dropdown,"Bayley Scales of Infant Development II Mental Scale: Item 3 Score (C=Credit, NC=No Credit, RF=Refused, RPT=Caregiver Report, O=Omit)","C, C | NC, NC | RF, RF | RPT, RPT | O, O",,,,,,,y,,
bsid_ii_mental_scale_item_30,Peds - BSID II Mental Scale,,dropdown,"Bayley Scales of Infant Development II Mental Scale: Item 30 Score (C=Credit, NC=No Credit, RF=Refused, RPT=Caregiver Report, O=Omit)","C, C | NC, NC | RF, RF | RPT, RPT | O, O",,,,,,,y,,
bsid_ii_mental_scale_item_31,Peds - BSID II Mental Scale,,dropdown,"Bayley Scales of Infant Development II Mental Scale: Item 31 Score (C=Credit, NC=No Credit, RF=Refused, RPT=Caregiver Report, O=Omit)","C, C | NC, NC | RF, RF | RPT, RPT | O, O",,,,,,,y,,
bsid_ii_mental_scale_item_32,Peds - BSID II Mental Scale,,dropdown,"Bayley Scales of Infant Development II Mental Scale: Item 32 Score (C=Credit, NC=No Credit, RF=Refused, RPT=Caregiver Report, O=Omit)","C, C | NC, NC | RF, RF | RPT, RPT | O, O",,,,,,,y,,
bsid_ii_mental_scale_item_33,Peds - BSID II Mental Scale,,dropdown,"Bayley Scales of Infant Development II Mental Scale: Item 33 Score (C=Credit, NC=No Credit, RF=Refused, RPT=Caregiver Report, O=Omit)","C, C | NC, NC | RF, RF | RPT, RPT | O, O",,,,,,,y,,
bsid_ii_mental_scale_item_34,Peds - BSID II Mental Scale,,dropdown,"Bayley Scales of Infant Development II Mental Scale: Item 34 Score (C=Credit, NC=No Credit, RF=Refused, RPT=Caregiver Report, O=Omit)","C, C | NC, NC | RF, RF | RPT, RPT | O, O",,,,,,,y,,
bsid_ii_mental_scale_item_35,Peds - BSID II Mental Scale,,dropdown,"Bayley Scales of Infant Development II Mental Scale: Item 35 Score (C=Credit, NC=No Credit, RF=Refused, RPT=Caregiver Report, O=Omit)","C, C | NC, NC | RF, RF | RPT, RPT | O, O",,,,,,,y,,
bsid_ii_mental_scale_item_36,Peds - BSID II Mental Scale,,dropdown,"Bayley Scales of Infant Development II Mental Scale: Item 36 Score (C=Credit, NC=No Credit, RF=Refused, RPT=Caregiver Report, O=Omit)","C, C | NC, NC | RF, RF | RPT, RPT | O, O",,,,,,,y,,
bsid_ii_mental_scale_item_37,Peds - BSID II Mental Scale,,dropdown,"Bayley Scales of Infant Development II Mental Scale: Item 37 Score (C=Credit, NC=No Credit, RF=Refused, RPT=Caregiver Report, O=Omit)","C, C | NC, NC | RF, RF | RPT, RPT | O, O",,,,,,,y,,
bsid_ii_mental_scale_item_38,Peds - BSID II Mental Scale,,dropdown,"Bayley Scales of Infant Development II Mental Scale: Item 38 Score (C=Credit, NC=No Credit, RF=Refused, RPT=Caregiver Report, O=Omit)","C, C | NC, NC | RF, RF | RPT, RPT | O, O",,,,,,,y,,
bsid_ii_mental_scale_item_85,Peds - BSID II Mental Scale,,dropdown,"Bayley Scales of Infant Development II Mental Scale: Item 85 Score (C=Credit, NC=No Credit, RF=Refused, RPT=Caregiver Report, O=Omit)","C, C | NC, NC | RF, RF | RPT, RPT | O, O",,,,,,,y,,
bsid_ii_mental_scale_item_86,Peds - BSID II Mental Scale,,dropdown,"Bayley Scales of Infant Development II Mental Scale: Item 86 Score (C=Credit, NC=No Credit, RF=Refused, RPT=Caregiver Report, O=Omit)","C, C | NC, NC | RF, RF | RPT, RPT | O, O",,,,,,,y,,
bsid_ii_mental_scale_item_87,Peds - BSID II Mental Scale,,dropdown,"Bayley Scales of Infant Development II Mental Scale: Item 87 Score (C=Credit, NC=No Credit, RF=Refused, RPT=Caregiver Report, O=Omit)","C, C | NC, NC | RF, RF | RPT, RPT | O, O",,,,,,,y,,
bsid_ii_mental_scale_item_89,Peds - BSID II Mental Scale,,dropdown,"Bayley Scales of Infant Development II Mental Scale: Item 89 Score (C=Credit, NC=No Credit, RF=Refused, RPT=Caregiver Report, O=Omit)","C, C | NC, NC | RF, RF | RPT, RPT | O, O",,,,,,,y,,
bsid_ii_mental_scale_item_9,Peds - BSID II Mental Scale,,dropdown,"Bayley Scales of Infant Development II Mental Scale: Item 9 Score (C=Credit, NC=No Credit, RF=Refused, RPT=Caregiver Report, O=Omit)","C, C | NC, NC | RF, RF | RPT, RPT | O, O",,,,,,,y,,
bsid_ii_mental_scale_item_91,Peds - BSID II Mental Scale,,dropdown,"Bayley Scales of Infant Development II Mental Scale: Item 91 Score (C=Credit, NC=No Credit, RF=Refused, RPT=Caregiver Report, O=Omit)","C, C | NC, NC | RF, RF | RPT, RPT | O, O",,,,,,,y,,
bsid_ii_mental_scale_item_92,Peds - BSID II Mental Scale,,dropdown,"Bayley Scales of Infant Development II Mental Scale: Item 92 Score (C=Credit, NC=No Credit, RF=Refused, RPT=Caregiver Report, O=Omit)","C, C | NC, NC | RF, RF | RPT, RPT | O, O",,,,,,,y,,
bsid_ii_mental_scale_item_93,Peds - BSID II Mental Scale,,dropdown,"Bayley Scales of Infant Development II Mental Scale: Item 93 Score (C=Credit, NC=No Credit, RF=Refused, RPT=Caregiver Report, O=Omit)","C, C | NC, NC | RF, RF | RPT, RPT | O, O",,,,,,,y,,
bsid_ii_mental_scale_item_94,Peds - BSID II Mental Scale,,dropdown,"Bayley Scales of Infant Development II Mental Scale: Item 94 Score (C=Credit, NC=No Credit, RF=Refused, RPT=Caregiver Report, O=Omit)","C, C | NC, NC | RF, RF | RPT, RPT | O, O",,,,,,,y,,
bsid_ii_mental_scale_item_95,Peds - BSID II Mental Scale,,dropdown,"Bayley Scales of Infant Development II Mental Scale: Item 95 Score (C=Credit, NC=No Credit, RF=Refused, RPT=Caregiver Report, O=Omit)","C, C | NC, NC | RF, RF | RPT, RPT | O, O",,,,,,,y,,
bsid_ii_mental_scale_item_96,Peds - BSID II Mental Scale,,dropdown,"Bayley Scales of Infant Development II Mental Scale: Item 96 Score (C=Credit, NC=No Credit, RF=Refused, RPT=Caregiver Report, O=Omit)","C, C | NC, NC | RF, RF | RPT, RPT | O, O",,,,,,,y,,
bsid_ii_mental_scale_item_97,Peds - BSID II Mental Scale,,dropdown,"Bayley Scales of Infant Development II Mental Scale: Item 97 Score (C=Credit, NC=No Credit, RF=Refused, RPT=Caregiver Report, O=Omit)","C, C | NC, NC | RF, RF | RPT, RPT | O, O",,,,,,,y,,
bsid_ii_mental_scale_item_98,Peds - BSID II Mental Scale,,dropdown,"Bayley Scales of Infant Development II Mental Scale: Item 98 Score (C=Credit, NC=No Credit, RF=Refused, RPT=Caregiver Report, O=Omit)","C, C | NC, NC | RF, RF | RPT, RPT | O, O",,,,,,,y,,
bsid_ii_mental_scale_item_99,Peds - BSID II Mental Scale,,dropdown,"Bayley Scales of Infant Development II Mental Scale: Item 99 Score (C=Credit, NC=No Credit, RF=Refused, RPT=Caregiver Report, O=Omit)","C, C | NC, NC | RF, RF | RPT, RPT | O, O",,,,,,,y,,
bsid_ii_mental_scale_mdi,Peds - BSID II Mental Scale,,text,Bayley Scales of Infant Development II Mental Scale: Mental Development Index (MDI),,,,,,,,y,,
bsid_ii_mental_mdi_90_pct_conf,Peds - BSID II Mental Scale,,text,Bayley Scales of Infant Development II Mental Scale: 90th Percentile Confidence Interval,,,,,,,,y,,
bsid_ii_mental_mdi_95_pct_conf,Peds - BSID II Mental Scale,,text,Bayley Scales of Infant Development II Mental Scale: 95th Percentile Confidence Interval,,,,,,,,y,,
bsid_ii_mental_mdi_dev_age_mos,Peds - BSID II Mental Scale,,text,"Bayley Scales of Infant Development II Mental Scale: Developmental Age In Months (i.e., Age Equivalent)",,,,,,,,y,,
bsid_ii_mental_scale_raw_score,Peds - BSID II Mental Scale,,text,Bayley Scales of Infant Development II Mental Scale: Raw Score,,,,,,,,y,,
