Variable / Field Name,Form Name,Section Header,Field Type,Field Label,"Choices, Calculations, OR Slider Labels",Field Note,Text Validation Type OR Show Slider Number,Text Validation Min,Text Validation Max,Identifier?,Branching Logic (Show field only if...),Required Field?,Custom Alignment,Question Number (surveys only)
subjectkey,CPEA STAART Non-Pharmacologic Interventions,,text,The NDAR Global Unique Identifier (GUID) for subjects which identifies a subject in NDAR,,,,,,,,y,,
patid,CPEA STAART Non-Pharmacologic Interventions,HEADER,text,src_Subject_id,,Patient IDs were assigned at the research site for CPEA and STAART,,,,,,y,,
network,CPEA STAART Non-Pharmacologic Interventions,,text,Network,,CPEA or STAART Network,,,,,,y,,
study,CPEA STAART Non-Pharmacologic Interventions,,text,Study,,CPEA or STAART Study,,,,,,y,,
site,CPEA STAART Non-Pharmacologic Interventions,,text,Site,,CPEA or STAART Site,,,,,,y,,
cycle,CPEA STAART Non-Pharmacologic Interventions,,text,Timepoint information,,,,,,,,y,,
phase,CPEA STAART Non-Pharmacologic Interventions,,dropdown,Phase,"1, 1 |  2,  2 |  3,  3 |  4,  4",,,,,,,y,,
q45_date,CPEA STAART Non-Pharmacologic Interventions,,text,Date,,Required field. SAS date.,,,,,,y,,
interview_date,CPEA STAART Non-Pharmacologic Interventions,,text,Date on which the interview/genetic test/sampling/imaging was completed,"MM/yyyy, MM/yyyy | MM/dd/yyyy, MM/dd/yyyy",* '01/01/1900' indicates that a date associated with retrospective data is not known.,date_ymd,,,,,y,,
q45_prim,CPEA STAART Non-Pharmacologic Interventions,,dropdown,Primary Source Mother,"0, 0 | -1, -1",Check if mother is primary source,,,,,,,,
q45_prif,CPEA STAART Non-Pharmacologic Interventions,,dropdown,Primary Source Father,"0, 0 | -1, -1",Check if father is primary source,,,,,,,,
q45_prit,CPEA STAART Non-Pharmacologic Interventions,,dropdown,Primary Source Teacher,"0, 0 | -1, -1",Check if teacher is primary source,,,,,,,,
q45_prio,CPEA STAART Non-Pharmacologic Interventions,,dropdown,Primary Source Other,"0, 0 | -1, -1","Check if primary source not mother, father or teacher",,,,,,,,
q45_1,CPEA STAART Non-Pharmacologic Interventions,,dropdown,ABA or discrete trial or Lovaas Change since last visit?,"-7, -7 |  -8,  -8 |  -9,  -9 |  0 ,  0  |  1,  1","Field should not be left blank. If missing, please use -7, 8, -9",,,,,,y,,
q45_1a,CPEA STAART Non-Pharmacologic Interventions,1,dropdown,ABA or discrete trial or Lovaas Setting,"-7, -7 |  -8,  -8 |  -9,  -9 |  01 ,  01  | 02 , 02  |  03,  03 |  04,  04","Complete only if ""Type of Intervention Changed since last visit"" = 1",,,,,,,,
q45_1_s2,CPEA STAART Non-Pharmacologic Interventions,,text,ABA or discrete trial or Lovaas Setting Other,,Complete only if setting = 04,,,,,,,,
q45_1b1,CPEA STAART Non-Pharmacologic Interventions,,dropdown,ABA or discrete trial or Lovaas Children,"-7, -7 | -8, -8 | -9, -9 | 0 to 30, 0 to 30","Complete only if ""Type of Intervention Changed since last visit"" = 1",,,,,,,,
q45_1b2,CPEA STAART Non-Pharmacologic Interventions,,dropdown,ABA or discrete trial or Lovaas Adults,"-7, -7 | -8, -8 | -9, -9 | 0 to 30, 0 to 30","Complete only if ""Type of Intervention Changed since last visit"" = 1",,,,,,,,
q45_1c,CPEA STAART Non-Pharmacologic Interventions,,text,ABA or discrete trial or Lovaas Hours or Week,"-7, -7 | -8, -8 | -9, -9 | 0.0 to 999.9, 0.0 to 999.9","Complete only if ""Type of Intervention Changed since last visit"" = 1",,,,,,,,
q45_1d,CPEA STAART Non-Pharmacologic Interventions,,text,ABA or discrete trial or Lovaas Date began,,"Complete only if ""Type of Intervention Changed since last visit"" = 1",,,,,,,,
q45_1_s3,CPEA STAART Non-Pharmacologic Interventions,,text,ABA or discrete trial or Lovaas Breaks or Interruptions from Treatment,,"Complete only if ""Type of Intervention Changed since last visit"" = 1",,,,,,,,
q45_1f,CPEA STAART Non-Pharmacologic Interventions,,dropdown,ABA or discrete trial or Lovaas Ongoing,"0, 0 | -1, -1","Complete only if ""Type of Intervention Changed since last visit"" = 1 and Date Ended is Null",,,,,,,,
q45_1e,CPEA STAART Non-Pharmacologic Interventions,,text,ABA or discrete trial or Lovaas Date ended,,"Complete only if ""Type of Intervention Changed since last visit"" = 1 and Ongoing is unchecked",,,,,,,,
q45_2,CPEA STAART Non-Pharmacologic Interventions,,dropdown,ABA 1st Change Change since last visit?,"-7, -7 |  -8,  -8 |  -9,  -9 |  0 ,  0  |  1,  1","Field should not be left blank. If missing, please use -7, 8, -9",,,,,,y,,
q45_2a,CPEA STAART Non-Pharmacologic Interventions,2,dropdown,ABA 1st Change Setting,"-7, -7 |  -8,  -8 |  -9,  -9 |  01 ,  01  | 02 , 02  |  03,  03 |  04,  04","Complete only if ""Type of Intervention Changed since last visit"" = 1",,,,,,,,
q45_2_s2,CPEA STAART Non-Pharmacologic Interventions,,text,ABA 1st Change Setting Other,,Complete only if setting = 04,,,,,,,,
q45_2b1,CPEA STAART Non-Pharmacologic Interventions,,dropdown,ABA 1st Change Children,"-7, -7 | -8, -8 | -9, -9 | 0 to 30, 0 to 30","Complete only if ""Type of Intervention Changed since last visit"" = 1",,,,,,,,
q45_2b2,CPEA STAART Non-Pharmacologic Interventions,,dropdown,ABA 1st Change Adults,"-7, -7 | -8, -8 | -9, -9 | 0 to 30, 0 to 30","Complete only if ""Type of Intervention Changed since last visit"" = 1",,,,,,,,
q45_2c,CPEA STAART Non-Pharmacologic Interventions,,text,ABA 1st Change Hours or Week,"-7, -7 | -8, -8 | -9, -9 | 0.0 to 999.9, 0.0 to 999.9","Complete only if ""Type of Intervention Changed since last visit"" = 1",,,,,,,,
q45_2d,CPEA STAART Non-Pharmacologic Interventions,,text,ABA 1st Change Date began,,"Complete only if ""Type of Intervention Changed since last visit"" = 1",,,,,,,,
q45_2_s3,CPEA STAART Non-Pharmacologic Interventions,,text,ABA 1st Change Breaks or Interruptions from Treatment,,"Complete only if ""Type of Intervention Changed since last visit"" = 1",,,,,,,,
q45_2f,CPEA STAART Non-Pharmacologic Interventions,,dropdown,ABA 1st Change Ongoing,"0, 0 | -1, -1","Complete only if ""Type of Intervention Changed since last visit"" = 1 and Date Ended is Null",,,,,,,,
q45_2e,CPEA STAART Non-Pharmacologic Interventions,,text,ABA 1st Change Date ended,,"Complete only if ""Type of Intervention Changed since last visit"" = 1 and Ongoing is unchecked",,,,,,,,
q45_3,CPEA STAART Non-Pharmacologic Interventions,,dropdown,ABA 2nd Change Change since last visit?,"-7, -7 |  -8,  -8 |  -9,  -9 |  0 ,  0  |  1,  1","Field should not be left blank. If missing, please use -7, 8, -9",,,,,,y,,
q45_3a,CPEA STAART Non-Pharmacologic Interventions,3,dropdown,ABA 2nd Change Setting,"-7, -7 |  -8,  -8 |  -9,  -9 |  01 ,  01  | 02 , 02  |  03,  03 |  04,  04","Complete only if ""Type of Intervention Changed since last visit"" = 1",,,,,,,,
q45_3_s2,CPEA STAART Non-Pharmacologic Interventions,,text,ABA 2nd Change Setting Other,,Complete only if setting = 04,,,,,,,,
q45_3b1,CPEA STAART Non-Pharmacologic Interventions,,dropdown,ABA 2nd Change Children,"-7, -7 | -8, -8 | -9, -9 | 0 to 30, 0 to 30","Complete only if ""Type of Intervention Changed since last visit"" = 1",,,,,,,,
q45_3b2,CPEA STAART Non-Pharmacologic Interventions,,dropdown,ABA 2nd Change Adults,"-7, -7 | -8, -8 | -9, -9 | 0 to 30, 0 to 30","Complete only if ""Type of Intervention Changed since last visit"" = 1",,,,,,,,
q45_3c,CPEA STAART Non-Pharmacologic Interventions,,text,ABA 2nd Change Hours or Week,"-7, -7 | -8, -8 | -9, -9 | 0.0 to 999.9, 0.0 to 999.9","Complete only if ""Type of Intervention Changed since last visit"" = 1",,,,,,,,
q45_3d,CPEA STAART Non-Pharmacologic Interventions,,text,ABA 2nd Change Date began,,"Complete only if ""Type of Intervention Changed since last visit"" = 1",,,,,,,,
q45_3_s3,CPEA STAART Non-Pharmacologic Interventions,,text,ABA 2nd Change Breaks or Interruptions from Treatment,,"Complete only if ""Type of Intervention Changed since last visit"" = 1",,,,,,,,
q45_3f,CPEA STAART Non-Pharmacologic Interventions,,dropdown,ABA 2nd Change Ongoing,"0, 0 | -1, -1","Complete only if ""Type of Intervention Changed since last visit"" = 1 and Date Ended is Null",,,,,,,,
q45_3e,CPEA STAART Non-Pharmacologic Interventions,,text,ABA 2nd Change Date ended,,"Complete only if ""Type of Intervention Changed since last visit"" = 1 and Ongoing is unchecked",,,,,,,,
q45_4,CPEA STAART Non-Pharmacologic Interventions,,dropdown,Occupational Therapy  OT  Change since last visit?,"-7, -7 |  -8,  -8 |  -9,  -9 |  0 ,  0  |  1,  1","Field should not be left blank. If missing, please use -7, 8, -9",,,,,,y,,
q45_4a,CPEA STAART Non-Pharmacologic Interventions,4,dropdown,Occupational Therapy  OT  Setting,"-7, -7 |  -8,  -8 |  -9,  -9 |  01 ,  01  | 02 , 02  |  03,  03 |  04,  04","Complete only if ""Type of Intervention Changed since last visit"" = 1",,,,,,,,
q45_4_s2,CPEA STAART Non-Pharmacologic Interventions,,text,Occupational Therapy  OT  Setting Other,,Complete only if setting = 04,,,,,,,,
q45_4b1,CPEA STAART Non-Pharmacologic Interventions,,dropdown,Occupational Therapy  OT  Children,"-7, -7 | -8, -8 | -9, -9 | 0 to 30, 0 to 30","Complete only if ""Type of Intervention Changed since last visit"" = 1",,,,,,,,
q45_4b2,CPEA STAART Non-Pharmacologic Interventions,,dropdown,Occupational Therapy  OT  Adults,"-7, -7 | -8, -8 | -9, -9 | 0 to 30, 0 to 30","Complete only if ""Type of Intervention Changed since last visit"" = 1",,,,,,,,
q45_4c,CPEA STAART Non-Pharmacologic Interventions,,text,Occupational Therapy  OT  Hours or Week,"-7, -7 | -8, -8 | -9, -9 | 0.0 to 999.9, 0.0 to 999.9","Complete only if ""Type of Intervention Changed since last visit"" = 1",,,,,,,,
q45_4d,CPEA STAART Non-Pharmacologic Interventions,,text,Occupational Therapy  OT  Date began,,"Complete only if ""Type of Intervention Changed since last visit"" = 1",,,,,,,,
q45_4_s3,CPEA STAART Non-Pharmacologic Interventions,,text,Occupational Therapy  OT  Breaks or Interruptions from Treatment,,"Complete only if ""Type of Intervention Changed since last visit"" = 1",,,,,,,,
q45_4f,CPEA STAART Non-Pharmacologic Interventions,,dropdown,Occupational Therapy  OT  Ongoing,"0, 0 | -1, -1","Complete only if ""Type of Intervention Changed since last visit"" = 1 and Date Ended is Null",,,,,,,,
q45_4e,CPEA STAART Non-Pharmacologic Interventions,,text,Occupational Therapy  OT  Date ended,,"Complete only if ""Type of Intervention Changed since last visit"" = 1 and Ongoing is unchecked",,,,,,,,
q45_5,CPEA STAART Non-Pharmacologic Interventions,,dropdown,OT 1st Change Change since last visit?,"-7, -7 |  -8,  -8 |  -9,  -9 |  0 ,  0  |  1,  1","Field should not be left blank. If missing, please use -7, 8, -9",,,,,,y,,
q45_5a,CPEA STAART Non-Pharmacologic Interventions,5,dropdown,OT 1st Change Setting,"-7, -7 |  -8,  -8 |  -9,  -9 |  01 ,  01  | 02 , 02  |  03,  03 |  04,  04","Complete only if ""Type of Intervention Changed since last visit"" = 1",,,,,,,,
q45_5_s2,CPEA STAART Non-Pharmacologic Interventions,,text,OT 1st Change Setting Other,,Complete only if setting = 04,,,,,,,,
q45_5b1,CPEA STAART Non-Pharmacologic Interventions,,dropdown,OT 1st Change Children,"-7, -7 | -8, -8 | -9, -9 | 0 to 30, 0 to 30","Complete only if ""Type of Intervention Changed since last visit"" = 1",,,,,,,,
q45_5b2,CPEA STAART Non-Pharmacologic Interventions,,dropdown,OT 1st Change Adults,"-7, -7 | -8, -8 | -9, -9 | 0 to 30, 0 to 30","Complete only if ""Type of Intervention Changed since last visit"" = 1",,,,,,,,
q45_5c,CPEA STAART Non-Pharmacologic Interventions,,text,OT 1st Change Hours or Week,"-7, -7 | -8, -8 | -9, -9 | 0.0 to 999.9, 0.0 to 999.9","Complete only if ""Type of Intervention Changed since last visit"" = 1",,,,,,,,
q45_5d,CPEA STAART Non-Pharmacologic Interventions,,text,OT 1st Change Date began,,"Complete only if ""Type of Intervention Changed since last visit"" = 1",,,,,,,,
q45_5_s3,CPEA STAART Non-Pharmacologic Interventions,,text,OT 1st Change Breaks or Interruptions from Treatment,,"Complete only if ""Type of Intervention Changed since last visit"" = 1",,,,,,,,
q45_5f,CPEA STAART Non-Pharmacologic Interventions,,dropdown,OT 1st Change Ongoing,"0, 0 | -1, -1","Complete only if ""Type of Intervention Changed since last visit"" = 1 and Date Ended is Null",,,,,,,,
q45_5e,CPEA STAART Non-Pharmacologic Interventions,,text,OT 1st Change Date ended,,"Complete only if ""Type of Intervention Changed since last visit"" = 1 and Ongoing is unchecked",,,,,,,,
q45_6,CPEA STAART Non-Pharmacologic Interventions,,dropdown,Physical Therapy  PT  Change since last visit?,"-7, -7 |  -8,  -8 |  -9,  -9 |  0 ,  0  |  1,  1","Field should not be left blank. If missing, please use -7, 8, -9",,,,,,y,,
q45_6a,CPEA STAART Non-Pharmacologic Interventions,6,dropdown,Physical Therapy  PT  Setting,"-7, -7 |  -8,  -8 |  -9,  -9 |  01 ,  01  | 02 , 02  |  03,  03 |  04,  04","Complete only if ""Type of Intervention Changed since last visit"" = 1",,,,,,,,
q45_6_s2,CPEA STAART Non-Pharmacologic Interventions,,text,Physical Therapy  PT  Setting Other,,Complete only if setting = 04,,,,,,,,
q45_6b1,CPEA STAART Non-Pharmacologic Interventions,,dropdown,Physical Therapy  PT  Children,"-7, -7 | -8, -8 | -9, -9 | 0 to 30, 0 to 30","Complete only if ""Type of Intervention Changed since last visit"" = 1",,,,,,,,
q45_6b2,CPEA STAART Non-Pharmacologic Interventions,,dropdown,Physical Therapy  PT  Adults,"-7, -7 | -8, -8 | -9, -9 | 0 to 30, 0 to 30","Complete only if ""Type of Intervention Changed since last visit"" = 1",,,,,,,,
q45_6c,CPEA STAART Non-Pharmacologic Interventions,,dropdown,Physical Therapy  PT  Hours or Week,"-7, -7 | -8, -8 | -9, -9 | 0.0 to 999.9, 0.0 to 999.9","Complete only if ""Type of Intervention Changed since last visit"" = 1",,,,,,,,
q45_6d,CPEA STAART Non-Pharmacologic Interventions,,text,Physical Therapy  PT  Date began,,"Complete only if ""Type of Intervention Changed since last visit"" = 1",,,,,,,,
q45_6_s3,CPEA STAART Non-Pharmacologic Interventions,,text,Physical Therapy  PT  Breaks or Interruptions from Treatment,,"Complete only if ""Type of Intervention Changed since last visit"" = 1",,,,,,,,
q45_6f,CPEA STAART Non-Pharmacologic Interventions,,dropdown,Physical Therapy  PT  Ongoing,"0, 0 | 1, 1","Complete only if ""Type of Intervention Changed since last visit"" = 1 and Date Ended is Null",,,,,,,,
q45_6e,CPEA STAART Non-Pharmacologic Interventions,,text,Physical Therapy  PT  Date ended,,"Complete only if ""Type of Intervention Changed since last visit"" = 1 and Ongoing is unchecked",,,,,,,,
q45_7,CPEA STAART Non-Pharmacologic Interventions,,dropdown,PT 1st Change Change since last visit?,"-7, -7 |  -8,  -8 |  -9,  -9 |  0 ,  0  |  1,  1","Field should not be left blank. If missing, please use -7, 8, -9",,,,,,y,,
q45_7a,CPEA STAART Non-Pharmacologic Interventions,7,dropdown,PT 1st Change Setting,"-7, -7 |  -8,  -8 |  -9,  -9 |  01 ,  01  | 02 , 02  |  03,  03 |  04,  04","Complete only if ""Type of Intervention Changed since last visit"" = 1",,,,,,,,
q45_7_s2,CPEA STAART Non-Pharmacologic Interventions,,text,PT 1st Change Setting Other,,Complete only if setting = 04,,,,,,,,
q45_7b1,CPEA STAART Non-Pharmacologic Interventions,,dropdown,PT 1st Change Children,"-7, -7 | -8, -8 | -9, -9 | 0 to 30, 0 to 30","Complete only if ""Type of Intervention Changed since last visit"" = 1",,,,,,,,
q45_7b2,CPEA STAART Non-Pharmacologic Interventions,,dropdown,PT 1st Change Adults,"-7, -7 | -8, -8 | -9, -9 | 0 to 30, 0 to 30","Complete only if ""Type of Intervention Changed since last visit"" = 1",,,,,,,,
q45_7c,CPEA STAART Non-Pharmacologic Interventions,,text,PT 1st Change Hours or Week,"-7, -7 | -8, -8 | -9, -9 | 0.0 to 999.9, 0.0 to 999.9","Complete only if ""Type of Intervention Changed since last visit"" = 1",,,,,,,,
q45_7d,CPEA STAART Non-Pharmacologic Interventions,,text,PT 1st Change Date began,,"Complete only if ""Type of Intervention Changed since last visit"" = 1",,,,,,,,
q45_7_s3,CPEA STAART Non-Pharmacologic Interventions,,text,PT 1st Change Breaks or Interruptions from Treatment,,"Complete only if ""Type of Intervention Changed since last visit"" = 1",,,,,,,,
q45_7f,CPEA STAART Non-Pharmacologic Interventions,,dropdown,PT 1st Change Ongoing,"0, 0 | 1, 1","Complete only if ""Type of Intervention Changed since last visit"" = 1 and Date Ended is Null",,,,,,,,
q45_7e,CPEA STAART Non-Pharmacologic Interventions,,text,PT 1st Change Date ended,,"Complete only if ""Type of Intervention Changed since last visit"" = 1 and Ongoing is unchecked",,,,,,,,
q45_8,CPEA STAART Non-Pharmacologic Interventions,,dropdown,Speech Therapy  ST  Change since last visit?,"-7, -7 |  -8,  -8 |  -9,  -9 |  0 ,  0  |  1,  1","Field should not be left blank. If missing, please use -7, 8, -9",,,,,,y,,
q45_8a,CPEA STAART Non-Pharmacologic Interventions,8,dropdown,Speech Therapy  ST  Setting,"-7, -7 |  -8,  -8 |  -9,  -9 |  01 ,  01  | 02 , 02  |  03,  03 |  04,  04","Complete only if ""Type of Intervention Changed since last visit"" = 1",,,,,,,,
q45_8_s2,CPEA STAART Non-Pharmacologic Interventions,,text,Speech Therapy  ST  Setting Other,,Complete only if setting = 04,,,,,,,,
q45_8b1,CPEA STAART Non-Pharmacologic Interventions,,dropdown,Speech Therapy  ST  Children,"-7, -7 | -8, -8 | -9, -9 | 0 to 30, 0 to 30","Complete only if ""Type of Intervention Changed since last visit"" = 1",,,,,,,,
q45_8b2,CPEA STAART Non-Pharmacologic Interventions,,dropdown,Speech Therapy  ST  Adults,"-7, -7 | -8, -8 | -9, -9 | 0 to 30, 0 to 30","Complete only if ""Type of Intervention Changed since last visit"" = 1",,,,,,,,
q45_8c,CPEA STAART Non-Pharmacologic Interventions,,text,Speech Therapy  ST  Hours or Week,"-7, -7 | -8, -8 | -9, -9 | 0.0 to 999.9, 0.0 to 999.9","Complete only if ""Type of Intervention Changed since last visit"" = 1",,,,,,,,
q45_8d,CPEA STAART Non-Pharmacologic Interventions,,text,Speech Therapy  ST  Date began,,"Complete only if ""Type of Intervention Changed since last visit"" = 1",,,,,,,,
q45_8_s3,CPEA STAART Non-Pharmacologic Interventions,,text,Speech Therapy  ST  Breaks or Interruptions from Treatment,,"Complete only if ""Type of Intervention Changed since last visit"" = 1",,,,,,,,
q45_8f,CPEA STAART Non-Pharmacologic Interventions,,dropdown,Speech Therapy  ST  Ongoing,"0, 0 | -1, -1","Complete only if ""Type of Intervention Changed since last visit"" = 1 and Date Ended is Null",,,,,,,,
q45_8e,CPEA STAART Non-Pharmacologic Interventions,,text,Speech Therapy  ST  Date ended,,"Complete only if ""Type of Intervention Changed since last visit"" = 1 and Ongoing is unchecked",,,,,,,,
q45_9,CPEA STAART Non-Pharmacologic Interventions,,dropdown,ST 1st Change Change since last visit?,"-7, -7 |  -8,  -8 |  -9,  -9 |  0 ,  0  |  1,  1","Field should not be left blank. If missing, please use -7, 8, -9",,,,,,y,,
q45_9a,CPEA STAART Non-Pharmacologic Interventions,9,dropdown,ST 1st Change Setting,"-7, -7 |  -8,  -8 |  -9,  -9 |  01 ,  01  | 02 , 02  |  03,  03 |  04,  04","Complete only if ""Type of Intervention Changed since last visit"" = 1",,,,,,,,
q45_9_s2,CPEA STAART Non-Pharmacologic Interventions,,text,ST 1st Change Setting Other,,Complete only if setting = 04,,,,,,,,
q45_9b1,CPEA STAART Non-Pharmacologic Interventions,,dropdown,ST 1st Change Children,"-7, -7 | -8, -8 | -9, -9 | 0 to 30, 0 to 30","Complete only if ""Type of Intervention Changed since last visit"" = 1",,,,,,,,
q45_9b2,CPEA STAART Non-Pharmacologic Interventions,,dropdown,ST 1st Change Adults,"-7, -7 | -8, -8 | -9, -9 | 0 to 30, 0 to 30","Complete only if ""Type of Intervention Changed since last visit"" = 1",,,,,,,,
q45_9c,CPEA STAART Non-Pharmacologic Interventions,,text,ST 1st Change Hours or Week,"-7, -7 | -8, -8 | -9, -9 | 0.0 to 999.9, 0.0 to 999.9","Complete only if ""Type of Intervention Changed since last visit"" = 1",,,,,,,,
q45_9d,CPEA STAART Non-Pharmacologic Interventions,,text,ST 1st Change Date began,,"Complete only if ""Type of Intervention Changed since last visit"" = 1",,,,,,,,
q45_9_s3,CPEA STAART Non-Pharmacologic Interventions,,text,ST 1st Change Breaks or Interruptions from Treatment,,"Complete only if ""Type of Intervention Changed since last visit"" = 1",,,,,,,,
q45_9f,CPEA STAART Non-Pharmacologic Interventions,,dropdown,ST 1st Change Ongoing,"0, 0 | -1, -1","Complete only if ""Type of Intervention Changed since last visit"" = 1 and Date Ended is Null",,,,,,,,
q45_9e,CPEA STAART Non-Pharmacologic Interventions,,text,ST 1st Change Date ended,,"Complete only if ""Type of Intervention Changed since last visit"" = 1 and Ongoing is unchecked",,,,,,,,
q45_10,CPEA STAART Non-Pharmacologic Interventions,,dropdown,Counseling or Psychological Services Change since last visit?,"-7, -7 |  -8,  -8 |  -9,  -9 |  0 ,  0  |  1,  1","Field should not be left blank. If missing, please use -7, 8, -9",,,,,,y,,
q45_10a,CPEA STAART Non-Pharmacologic Interventions,10,dropdown,Counseling or Psychological Services Setting,"-7, -7 |  -8,  -8 |  -9,  -9 |  01 ,  01  | 02 , 02  |  03,  03 |  04,  04","Complete only if ""Type of Intervention Changed since last visit"" = 1",,,,,,,,
q45_10_s2,CPEA STAART Non-Pharmacologic Interventions,,text,Counseling or Psychological Services Setting Other,,Complete only if setting = 04,,,,,,,,
q45_10b1,CPEA STAART Non-Pharmacologic Interventions,,dropdown,Counseling or Psychological Services Children,"-7, -7 | -8, -8 | -9, -9 | 0 to 30, 0 to 30","Complete only if ""Type of Intervention Changed since last visit"" = 1",,,,,,,,
q45_10b2,CPEA STAART Non-Pharmacologic Interventions,,dropdown,Counseling or Psychological Services Adults,"-7, -7 | -8, -8 | -9, -9 | 0 to 30, 0 to 30","Complete only if ""Type of Intervention Changed since last visit"" = 1",,,,,,,,
q45_10c,CPEA STAART Non-Pharmacologic Interventions,,text,Counseling or Psychological Services Hours or Week,"-7, -7 | -8, -8 | -9, -9 | 0.0 to 999.9, 0.0 to 999.9","Complete only if ""Type of Intervention Changed since last visit"" = 1",,,,,,,,
q45_10d,CPEA STAART Non-Pharmacologic Interventions,,text,Counseling or Psychological Services Date began,,"Complete only if ""Type of Intervention Changed since last visit"" = 1",,,,,,,,
q45_10_s3,CPEA STAART Non-Pharmacologic Interventions,,text,Counseling or Psychological Services Breaks or Interruptions from Treatment,,"Complete only if ""Type of Intervention Changed since last visit"" = 1",,,,,,,,
q45_10f,CPEA STAART Non-Pharmacologic Interventions,,dropdown,Counseling or Psychological Services Ongoing,"0, 0 | 1, 1","Complete only if ""Type of Intervention Changed since last visit"" = 1 and Date Ended is Null",,,,,,,,
q45_10e,CPEA STAART Non-Pharmacologic Interventions,,text,Counseling or Psychological Services Date ended,,"Complete only if ""Type of Intervention Changed since last visit"" = 1 and Ongoing is unchecked",,,,,,,,
q45_11,CPEA STAART Non-Pharmacologic Interventions,,dropdown,Counseling 1st Change Change since last visit?,"-7, -7 |  -8,  -8 |  -9,  -9 |  0 ,  0  |  1,  1","Field should not be left blank. If missing, please use -7, 8, -9",,,,,,y,,
q45_11a,CPEA STAART Non-Pharmacologic Interventions,11,dropdown,Counseling 1st Change Setting,"-7, -7 |  -8,  -8 |  -9,  -9 |  01 ,  01  | 02 , 02  |  03,  03 |  04,  04","Complete only if ""Type of Intervention Changed since last visit"" = 1",,,,,,,,
q45_11_s2,CPEA STAART Non-Pharmacologic Interventions,,text,Counseling 1st Change Setting Other,,Complete only if setting = 04,,,,,,,,
q45_11b1,CPEA STAART Non-Pharmacologic Interventions,,dropdown,Counseling 1st Change Children,"-7, -7 | -8, -8 | -9, -9 | 0 to 30, 0 to 30","Complete only if ""Type of Intervention Changed since last visit"" = 1",,,,,,,,
q45_11b2,CPEA STAART Non-Pharmacologic Interventions,,dropdown,Counseling 1st Change Adults,"-7, -7 | -8, -8 | -9, -9 | 0 to 30, 0 to 30","Complete only if ""Type of Intervention Changed since last visit"" = 1",,,,,,,,
q45_11c,CPEA STAART Non-Pharmacologic Interventions,,text,Counseling 1st Change Hours or Week,"-7, -7 | -8, -8 | -9, -9 | 0.0 to 999.9, 0.0 to 999.9","Complete only if ""Type of Intervention Changed since last visit"" = 1",,,,,,,,
q45_11d,CPEA STAART Non-Pharmacologic Interventions,,text,Counseling 1st Change Date began,,"Complete only if ""Type of Intervention Changed since last visit"" = 1",,,,,,,,
q45_11_s3,CPEA STAART Non-Pharmacologic Interventions,,text,Counseling 1st Change Breaks or Interruptions from Treatment,,"Complete only if ""Type of Intervention Changed since last visit"" = 1",,,,,,,,
q45_11f,CPEA STAART Non-Pharmacologic Interventions,,dropdown,Counseling 1st Change Ongoing,"0, 0 | 1, 1","Complete only if ""Type of Intervention Changed since last visit"" = 1 and Date Ended is Null",,,,,,,,
q45_11e,CPEA STAART Non-Pharmacologic Interventions,,text,Counseling 1st Change Date ended,,"Complete only if ""Type of Intervention Changed since last visit"" = 1 and Ongoing is unchecked",,,,,,,,
q45_12,CPEA STAART Non-Pharmacologic Interventions,,dropdown,Play Therapy Change since last visit?,"-7, -7 |  -8,  -8 |  -9,  -9 |  0 ,  0  |  1,  1","Field should not be left blank. If missing, please use -7, 8, -9",,,,,,y,,
q45_12a,CPEA STAART Non-Pharmacologic Interventions,12,dropdown,Play Therapy Setting,"-7, -7 |  -8,  -8 |  -9,  -9 |  01 ,  01  | 02 , 02  |  03,  03 |  04,  04","Complete only if ""Type of Intervention Changed since last visit"" = 1",,,,,,,,
q45_12_s2,CPEA STAART Non-Pharmacologic Interventions,,text,Play Therapy Setting Other,,Complete only if setting = 04,,,,,,,,
q45_12b1,CPEA STAART Non-Pharmacologic Interventions,,dropdown,Play Therapy Children,"-7, -7 | -8, -8 | -9, -9 | 0 to 30, 0 to 30","Complete only if ""Type of Intervention Changed since last visit"" = 1",,,,,,,,
q45_12b2,CPEA STAART Non-Pharmacologic Interventions,,dropdown,Play Therapy Adults,"-7, -7 | -8, -8 | -9, -9 | 0 to 30, 0 to 30","Complete only if ""Type of Intervention Changed since last visit"" = 1",,,,,,,,
q45_12c,CPEA STAART Non-Pharmacologic Interventions,,text,Play Therapy Hours or Week,"-7, -7 | -8, -8 | -9, -9 | 0.0 to 999.9, 0.0 to 999.9","Complete only if ""Type of Intervention Changed since last visit"" = 1",,,,,,,,
q45_12d,CPEA STAART Non-Pharmacologic Interventions,,text,Play Therapy Date began,,"Complete only if ""Type of Intervention Changed since last visit"" = 1",,,,,,,,
q45_12_s3,CPEA STAART Non-Pharmacologic Interventions,,text,Play Therapy Breaks or Interruptions from Treatment,,"Complete only if ""Type of Intervention Changed since last visit"" = 1",,,,,,,,
q45_12f,CPEA STAART Non-Pharmacologic Interventions,,dropdown,Play Therapy Ongoing,"0, 0 | -1, -1","Complete only if ""Type of Intervention Changed since last visit"" = 1 and Date Ended is Null",,,,,,,,
q45_12e,CPEA STAART Non-Pharmacologic Interventions,,text,Play Therapy Date ended,,"Complete only if ""Type of Intervention Changed since last visit"" = 1 and Ongoing is unchecked",,,,,,,,
q45_13,CPEA STAART Non-Pharmacologic Interventions,,dropdown,Play 1st Change Change since last visit?,"-7, -7 |  -8,  -8 |  -9,  -9 |  0 ,  0  |  1,  1","Field should not be left blank. If missing, please use -7, 8, -9",,,,,,y,,
q45_13a,CPEA STAART Non-Pharmacologic Interventions,13,dropdown,Play 1st Change Setting,"-7, -7 |  -8,  -8 |  -9,  -9 |  01 ,  01  | 02 , 02  |  03,  03 |  04,  04","Complete only if ""Type of Intervention Changed since last visit"" = 1",,,,,,,,
q45_13_s2,CPEA STAART Non-Pharmacologic Interventions,,text,Play 1st Change Setting Other,,Complete only if setting = 04,,,,,,,,
q45_13b1,CPEA STAART Non-Pharmacologic Interventions,,dropdown,Play 1st Change Children,"-7, -7 | -8, -8 | -9, -9 | 0 to 30, 0 to 30","Complete only if ""Type of Intervention Changed since last visit"" = 1",,,,,,,,
q45_13b2,CPEA STAART Non-Pharmacologic Interventions,,dropdown,Play 1st Change Adults,"-7, -7 | -8, -8 | -9, -9 | 0 to 30, 0 to 30","Complete only if ""Type of Intervention Changed since last visit"" = 1",,,,,,,,
q45_13c,CPEA STAART Non-Pharmacologic Interventions,,text,Play 1st Change Hours or Week,"-7, -7 | -8, -8 | -9, -9 | 0.0 to 999.9, 0.0 to 999.9","Complete only if ""Type of Intervention Changed since last visit"" = 1",,,,,,,,
q45_13d,CPEA STAART Non-Pharmacologic Interventions,,text,Play 1st Change Date began,,"Complete only if ""Type of Intervention Changed since last visit"" = 1",,,,,,,,
q45_13_s3,CPEA STAART Non-Pharmacologic Interventions,,text,Play 1st Change Breaks or Interruptions from Treatment,,"Complete only if ""Type of Intervention Changed since last visit"" = 1",,,,,,,,
q45_13f,CPEA STAART Non-Pharmacologic Interventions,,dropdown,Play 1st Change Ongoing,"0, 0 | 1, 1","Complete only if ""Type of Intervention Changed since last visit"" = 1 and Date Ended is Null",,,,,,,,
q45_13e,CPEA STAART Non-Pharmacologic Interventions,,text,Play 1st Change Date ended,,"Complete only if ""Type of Intervention Changed since last visit"" = 1 and Ongoing is unchecked",,,,,,,,
q45_14,CPEA STAART Non-Pharmacologic Interventions,,dropdown,Music Therapy or Group Change since last visit?,"-7, -7 |  -8,  -8 |  -9,  -9 |  0 ,  0  |  1,  1","Field should not be left blank. If missing, please use -7, 8, -9",,,,,,y,,
q45_14a,CPEA STAART Non-Pharmacologic Interventions,14,dropdown,Music Therapy or Group Setting,"-7, -7 |  -8,  -8 |  -9,  -9 |  01 ,  01  | 02 , 02  |  03,  03 |  04,  04","Complete only if ""Type of Intervention Changed since last visit"" = 1",,,,,,,,
q45_14_s2,CPEA STAART Non-Pharmacologic Interventions,,text,Music Therapy or Group Setting Other,,Complete only if setting = 04,,,,,,,,
q45_14b1,CPEA STAART Non-Pharmacologic Interventions,,dropdown,Music Therapy or Group Children,"-7, -7 | -8, -8 | -9, -9 | 0 to 30, 0 to 30","Complete only if ""Type of Intervention Changed since last visit"" = 1",,,,,,,,
q45_14b2,CPEA STAART Non-Pharmacologic Interventions,,dropdown,Music Therapy or Group Adults,"-7, -7 | -8, -8 | -9, -9 | 0 to 30, 0 to 30","Complete only if ""Type of Intervention Changed since last visit"" = 1",,,,,,,,
q45_14c,CPEA STAART Non-Pharmacologic Interventions,,text,Music Therapy or Group Hours or Week,"-7, -7 | -8, -8 | -9, -9 | 0.0 to 999.9, 0.0 to 999.9","Complete only if ""Type of Intervention Changed since last visit"" = 1",,,,,,,,
q45_14d,CPEA STAART Non-Pharmacologic Interventions,,text,Music Therapy or Group Date began,,"Complete only if ""Type of Intervention Changed since last visit"" = 1",,,,,,,,
q45_14_s3,CPEA STAART Non-Pharmacologic Interventions,,text,Music Therapy or Group Breaks or Interruptions from Treatment,,"Complete only if ""Type of Intervention Changed since last visit"" = 1",,,,,,,,
q45_14f,CPEA STAART Non-Pharmacologic Interventions,,dropdown,Music Therapy or Group Ongoing,"0, 0 | 1, 1","Complete only if ""Type of Intervention Changed since last visit"" = 1 and Date Ended is Null",,,,,,,,
q45_14e,CPEA STAART Non-Pharmacologic Interventions,,text,Music Therapy or Group Date ended,,"Complete only if ""Type of Intervention Changed since last visit"" = 1 and Ongoing is unchecked",,,,,,,,
q45_15,CPEA STAART Non-Pharmacologic Interventions,,dropdown,Music Therapy 1st Change Change since last visit?,"-7, -7 |  -8,  -8 |  -9,  -9 |  0 ,  0  |  1,  1","Field should not be left blank. If missing, please use -7, 8, -9",,,,,,y,,
q45_15a,CPEA STAART Non-Pharmacologic Interventions,15,dropdown,Music Therapy 1st Change Setting,"-7, -7 |  -8,  -8 |  -9,  -9 |  01 ,  01  | 02 , 02  |  03,  03 |  04,  04","Complete only if ""Type of Intervention Changed since last visit"" = 1",,,,,,,,
q45_15_s2,CPEA STAART Non-Pharmacologic Interventions,,text,Music Therapy 1st Change Setting Other,,Complete only if setting = 04,,,,,,,,
q45_15b1,CPEA STAART Non-Pharmacologic Interventions,,dropdown,Music Therapy 1st Change Children,"-7, -7 | -8, -8 | -9, -9 | 0 to 30, 0 to 30","Complete only if ""Type of Intervention Changed since last visit"" = 1",,,,,,,,
q45_15b2,CPEA STAART Non-Pharmacologic Interventions,,dropdown,Music Therapy 1st Change Adults,"-7, -7 | -8, -8 | -9, -9 | 0 to 30, 0 to 30","Complete only if ""Type of Intervention Changed since last visit"" = 1",,,,,,,,
q45_15c,CPEA STAART Non-Pharmacologic Interventions,,text,Music Therapy 1st Change Hours or Week,"-7, -7 | -8, -8 | -9, -9 | 0.0 to 999.9, 0.0 to 999.9","Complete only if ""Type of Intervention Changed since last visit"" = 1",,,,,,,,
q45_15d,CPEA STAART Non-Pharmacologic Interventions,,text,Music Therapy 1st Change Date began,,"Complete only if ""Type of Intervention Changed since last visit"" = 1",,,,,,,,
q45_15_s3,CPEA STAART Non-Pharmacologic Interventions,,text,Music Therapy 1st Change Breaks or Interruptions from Treatment,,"Complete only if ""Type of Intervention Changed since last visit"" = 1",,,,,,,,
q45_15f,CPEA STAART Non-Pharmacologic Interventions,,dropdown,Music Therapy 1st Change Ongoing,"0, 0 | 1, 1","Complete only if ""Type of Intervention Changed since last visit"" = 1 and Date Ended is Null",,,,,,,,
q45_15e,CPEA STAART Non-Pharmacologic Interventions,,text,Music Therapy 1st Change Date ended,,"Complete only if ""Type of Intervention Changed since last visit"" = 1 and Ongoing is unchecked",,,,,,,,
q45_16,CPEA STAART Non-Pharmacologic Interventions,,dropdown,Auditory Integration Training  AIT  Change since last visit?,"-7, -7 |  -8,  -8 |  -9,  -9 |  0 ,  0  |  1,  1","Field should not be left blank. If missing, please use -7, 8, -9",,,,,,y,,
q45_16a,CPEA STAART Non-Pharmacologic Interventions,16,dropdown,Auditory Integration Training  AIT  Setting,"-7, -7 |  -8,  -8 |  -9,  -9 |  01 ,  01  | 02 , 02  |  03,  03 |  04,  04","Complete only if ""Type of Intervention Changed since last visit"" = 1",,,,,,,,
q45_16_s2,CPEA STAART Non-Pharmacologic Interventions,,text,Auditory Integration Training  AIT  Setting Other,,Complete only if setting = 04,,,,,,,,
q45_16b1,CPEA STAART Non-Pharmacologic Interventions,,dropdown,Auditory Integration Training  AIT  Children,"-7, -7 | -8, -8 | -9, -9 | 0 to 30, 0 to 30","Complete only if ""Type of Intervention Changed since last visit"" = 1",,,,,,,,
q45_16b2,CPEA STAART Non-Pharmacologic Interventions,,dropdown,Auditory Integration Training  AIT  Adults,"-7, -7 | -8, -8 | -9, -9 | 0 to 30, 0 to 30","Complete only if ""Type of Intervention Changed since last visit"" = 1",,,,,,,,
q45_16c,CPEA STAART Non-Pharmacologic Interventions,,text,Auditory Integration Training  AIT  Hours or Week,"-7, -7 | -8, -8 | -9, -9 | 0.0 to 999.9, 0.0 to 999.9","Complete only if ""Type of Intervention Changed since last visit"" = 1",,,,,,,,
q45_16d,CPEA STAART Non-Pharmacologic Interventions,,text,Auditory Integration Training  AIT  Date began,,"Complete only if ""Type of Intervention Changed since last visit"" = 1",,,,,,,,
q45_16_s3,CPEA STAART Non-Pharmacologic Interventions,,text,Auditory Integration Training  AIT  Breaks or Interruptions from Treatment,,"Complete only if ""Type of Intervention Changed since last visit"" = 1",,,,,,,,
q45_16f,CPEA STAART Non-Pharmacologic Interventions,,dropdown,Auditory Integration Training  AIT  Ongoing,"0, 0 | -1, -1","Complete only if ""Type of Intervention Changed since last visit"" = 1 and Date Ended is Null",,,,,,,,
q45_16e,CPEA STAART Non-Pharmacologic Interventions,,text,Auditory Integration Training  AIT  Date ended,,"Complete only if ""Type of Intervention Changed since last visit"" = 1 and Ongoing is unchecked",,,,,,,,
q45_17,CPEA STAART Non-Pharmacologic Interventions,,dropdown,AIT 1st Change Change since last visit?,"-7, -7 |  -8,  -8 |  -9,  -9 |  0 ,  0  |  1,  1","Field should not be left blank. If missing, please use -7, 8, -9",,,,,,y,,
q45_17a,CPEA STAART Non-Pharmacologic Interventions,17,dropdown,AIT 1st Change Setting,"-7, -7 |  -8,  -8 |  -9,  -9 |  01 ,  01  | 02 , 02  |  03,  03 |  04,  04","Complete only if ""Type of Intervention Changed since last visit"" = 1",,,,,,,,
q45_17_s2,CPEA STAART Non-Pharmacologic Interventions,,text,AIT 1st Change Setting Other,,Complete only if setting = 04,,,,,,,,
q45_17b1,CPEA STAART Non-Pharmacologic Interventions,,dropdown,AIT 1st Change Children,"-7, -7 | -8, -8 | -9, -9 | 0 to 30, 0 to 30","Complete only if ""Type of Intervention Changed since last visit"" = 1",,,,,,,,
q45_17b2,CPEA STAART Non-Pharmacologic Interventions,,dropdown,AIT 1st Change Adults,"-7, -7 | -8, -8 | -9, -9 | 0 to 30, 0 to 30","Complete only if ""Type of Intervention Changed since last visit"" = 1",,,,,,,,
q45_17c,CPEA STAART Non-Pharmacologic Interventions,,text,AIT 1st Change Hours or Week,"-7, -7 | -8, -8 | -9, -9 | 0.0 to 999.9, 0.0 to 999.9","Complete only if ""Type of Intervention Changed since last visit"" = 1",,,,,,,,
q45_17d,CPEA STAART Non-Pharmacologic Interventions,,text,AIT 1st Change Date began,,"Complete only if ""Type of Intervention Changed since last visit"" = 1",,,,,,,,
q45_17_s3,CPEA STAART Non-Pharmacologic Interventions,,text,AIT 1st Change Breaks or Interruptions from Treatment,,"Complete only if ""Type of Intervention Changed since last visit"" = 1",,,,,,,,
q45_17f,CPEA STAART Non-Pharmacologic Interventions,,dropdown,AIT 1st Change Ongoing,"0, 0 | 1, 1","Complete only if ""Type of Intervention Changed since last visit"" = 1 and Date Ended is Null",,,,,,,,
q45_17e,CPEA STAART Non-Pharmacologic Interventions,,text,AIT 1st Change Date ended,,"Complete only if ""Type of Intervention Changed since last visit"" = 1 and Ongoing is unchecked",,,,,,,,
q45_18,CPEA STAART Non-Pharmacologic Interventions,,dropdown,TEACCH Change since last visit?,"-7, -7 |  -8,  -8 |  -9,  -9 |  0 ,  0  |  1,  1","Field should not be left blank. If missing, please use -7, 8, -9",,,,,,y,,
q45_18a,CPEA STAART Non-Pharmacologic Interventions,18,dropdown,TEACCH Setting,"-7, -7 |  -8,  -8 |  -9,  -9 |  01 ,  01  | 02 , 02  |  03,  03 |  04,  04","Complete only if ""Type of Intervention Changed since last visit"" = 1",,,,,,,,
q45_18_s2,CPEA STAART Non-Pharmacologic Interventions,,text,TEACCH Setting Other,,Complete only if setting = 04,,,,,,,,
q45_18b1,CPEA STAART Non-Pharmacologic Interventions,,dropdown,TEACCH Children,"-7, -7 | -8, -8 | -9, -9 | 0 to 30, 0 to 30","Complete only if ""Type of Intervention Changed since last visit"" = 1",,,,,,,,
q45_18b2,CPEA STAART Non-Pharmacologic Interventions,,dropdown,TEACCH Adults,"-7, -7 | -8, -8 | -9, -9 | 0 to 30, 0 to 30","Complete only if ""Type of Intervention Changed since last visit"" = 1",,,,,,,,
q45_18c,CPEA STAART Non-Pharmacologic Interventions,,text,TEACCH Hours or Week,"-7, -7 | -8, -8 | -9, -9 | 0.0 to 999.9, 0.0 to 999.9","Complete only if ""Type of Intervention Changed since last visit"" = 1",,,,,,,,
q45_18d,CPEA STAART Non-Pharmacologic Interventions,,text,TEACCH Date began,,"Complete only if ""Type of Intervention Changed since last visit"" = 1",,,,,,,,
q45_18_s3,CPEA STAART Non-Pharmacologic Interventions,,text,TEACCH Breaks or Interruptions from Treatment,,"Complete only if ""Type of Intervention Changed since last visit"" = 1",,,,,,,,
q45_18f,CPEA STAART Non-Pharmacologic Interventions,,dropdown,TEACCH Ongoing,"0, 0 | 1, 1","Complete only if ""Type of Intervention Changed since last visit"" = 1 and Date Ended is Null",,,,,,,,
q45_18e,CPEA STAART Non-Pharmacologic Interventions,,text,TEACCH Date ended,,"Complete only if ""Type of Intervention Changed since last visit"" = 1 and Ongoing is unchecked",,,,,,,,
q45_19,CPEA STAART Non-Pharmacologic Interventions,,dropdown,TEACCH 1st Change Change since last visit?,"-7, -7 |  -8,  -8 |  -9,  -9 |  0 ,  0  |  1,  1","Field should not be left blank. If missing, please use -7, 8, -9",,,,,,y,,
q45_19a,CPEA STAART Non-Pharmacologic Interventions,19,dropdown,TEACCH 1st Change Setting,"-7, -7 |  -8,  -8 |  -9,  -9 |  01 ,  01  | 02 , 02  |  03,  03 |  04,  04","Complete only if ""Type of Intervention Changed since last visit"" = 1",,,,,,,,
q45_19_s2,CPEA STAART Non-Pharmacologic Interventions,,text,TEACCH 1st Change Setting Other,,Complete only if setting = 04,,,,,,,,
q45_19b1,CPEA STAART Non-Pharmacologic Interventions,,dropdown,TEACCH 1st Change Children,"-7, -7 | -8, -8 | -9, -9 | 0 to 30, 0 to 30","Complete only if ""Type of Intervention Changed since last visit"" = 1",,,,,,,,
q45_19b2,CPEA STAART Non-Pharmacologic Interventions,,dropdown,TEACCH 1st Change Adults,"-7, -7 | -8, -8 | -9, -9 | 0 to 30, 0 to 30","Complete only if ""Type of Intervention Changed since last visit"" = 1",,,,,,,,
q45_19c,CPEA STAART Non-Pharmacologic Interventions,,text,TEACCH 1st Change Hours or Week,"-7, -7 | -8, -8 | -9, -9 | 0.0 to 999.9, 0.0 to 999.9","Complete only if ""Type of Intervention Changed since last visit"" = 1",,,,,,,,
q45_19d,CPEA STAART Non-Pharmacologic Interventions,,text,TEACCH 1st Change Date began,,"Complete only if ""Type of Intervention Changed since last visit"" = 1",,,,,,,,
