Variable / Field Name,Form Name,Section Header,Field Type,Field Label,"Choices, Calculations, OR Slider Labels",Field Note,Text Validation Type OR Show Slider Number,Text Validation Min,Text Validation Max,Identifier?,Branching Logic (Show field only if...),Required Field?,Custom Alignment,Question Number (surveys only)
subjectkey,CPEA STAART ADOS G Module 1,,text,The NDAR Global Unique Identifier (GUID) for subjects which identifies a subject in NDAR,,,,,,,,y,,
interview_date,CPEA STAART ADOS G Module 1,,text,Date on which the interview/genetic test/sampling/imaging was completed,"MM/yyyy, MM/yyyy | MM/dd/yyyy, MM/dd/yyyy",* '01/01/1900' indicates that a date associated with retrospective data is not known.,date_ymd,,,,,y,,
cycle,CPEA STAART ADOS G Module 1,,text,Timepoint information,,,,,,,,y,,
patid,CPEA STAART ADOS G Module 1,,text,src_Subject_id,,Patient IDs were assigned at the research site for CPEA and STAART,,,,,,y,,
network,CPEA STAART ADOS G Module 1,,text,Network,,CPEA or STAART Network,,,,,,y,,
site,CPEA STAART ADOS G Module 1,,text,Site,,CPEA or STAART Site,,,,,,y,,
study,CPEA STAART ADOS G Module 1,,text,Study,,CPEA or STAART Study,,,,,,y,,
ados_alg_cmsit,CPEA STAART ADOS G Module 1,,text,Communication  Social Interaction Total,,,,,,,,y,,
ados_alg_cmsits,CPEA STAART ADOS G Module 1,,text,ADOS: Social-Communication Severity Score,,,,,,,,y,,
ados_alg_commt,CPEA STAART ADOS G Module 1,,text,Communication Total,,,,,,,,y,,
ados_alg_commts,CPEA STAART ADOS G Module 1,,text,ADOS: Communication Severity Score,,,,,,,,y,,
ados_alg_imgcr,CPEA STAART ADOS G Module 1,,text,Imagination Creativity,,,,,,,,y,,
ados_alg_playt,CPEA STAART ADOS G Module 1,,text,Play Total,,,,,,,,y,,
ados_alg_playts,CPEA STAART ADOS G Module 1,,text,ADOS: Play Severity Score,,,,,,,,y,,
ados_alg_sbrit,CPEA STAART ADOS G Module 1,,text,Stereotyped Behaviors and Restricted Interests Total,,,,,,,,y,,
ados_alg_sbrits,CPEA STAART ADOS G Module 1,,text,ADOS: Stereotyped Behaviors-Restricted Interests Severity Score,,,,,,,,y,,
ados_alg_sclit,CPEA STAART ADOS G Module 1,,text,Social Interaction Total,,,,,,,,y,,
ados_alg_sclits,CPEA STAART ADOS G Module 1,,text,ADOS: Social Severity Score,,,,,,,,y,,
ados_date,CPEA STAART ADOS G Module 1,,text,ADOS Date,,,,,,,,y,,
ados_dx,CPEA STAART ADOS G Module 1,,text,ADOS Diagnosis,,,,,,,,y,,
ados_dia_class,CPEA STAART ADOS G Module 1,,text,ADOS Classification,,,,,,,,y,,
ados_dia_diag,CPEA STAART ADOS G Module 1,,text,Overall Diagnosis,,,,,,,,y,,
ados_module,CPEA STAART ADOS G Module 1,,text,ADOS Module,,,,,,,,y,,
ados_lac_fvdto,CPEA STAART ADOS G Module 1,,text,Frequency of Vocalization Directed to Others,,,,,,,,y,,
ados_lac_gestr,CPEA STAART ADOS G Module 1,,text,Gestures,,,,,,,,y,,
ados_lac_imech,CPEA STAART ADOS G Module 1,,text,Immediate Echolalia,,,,,,,,y,,
ados_lac_ivlvb,CPEA STAART ADOS G Module 1,,text,Intonation of Vocalization or Verbalization,,,,,,,,y,,
ados_lac_olnel1,CPEA STAART ADOS G Module 1,,text,Overall Level of Non-Echoed Language,,,,,,,,y,,
ados_lac_point1,CPEA STAART ADOS G Module 1,,text,Pointing_Pointing to Express Interest,,,,,,,,y,,
ados_lac_stidw1,CPEA STAART ADOS G Module 1,,text,Stereotyped_Idiosyncratic Use of Words or Phrases,,,,,,,,y,,
ados_lac_uobtc,CPEA STAART ADOS G Module 1,,text,Use of Other s Body to Communicate,,,,,,,,y,,
ados_sar_bhvir,CPEA STAART ADOS G Module 1,,text,ADOS: Stereotyped Behaviors and Restricted Interests: Behavior When Interrupted,,,,,,,,y,,
ados_oab_anxty,CPEA STAART ADOS G Module 1,,text,Anxiety,,,,,,,,y,,
ados_oab_ovrat,CPEA STAART ADOS G Module 1,,text,Overactivity,,,,,,,,y,,
ados_oab_tandb,CPEA STAART ADOS G Module 1,,text,"Tantrums, Aggression, Negative or Disruptive Behavior",,,,,,,,y,,
ados_ply_fpwob,CPEA STAART ADOS G Module 1,,text,Functional Play with Objects,,,,,,,,y,,
ados_ply_imgcr1,CPEA STAART ADOS G Module 1,,text,Imagination Creativity,,,,,,,,y,,
ados_rsi_fedto,CPEA STAART ADOS G Module 1,,text,Facial Expression Directed to Others,,,,,,,,y,,
ados_rsi_givng,CPEA STAART ADOS G Module 1,,text,Giving,,,,,,,,y,,
ados_rsi_igobd,CPEA STAART ADOS G Module 1,,text,Integration of Gaze and Other Behaviors During Social Overtures,,,,,,,,y,,
ados_rsi_qsclo,CPEA STAART ADOS G Module 1,,text,Quality of Social Overtures,,,,,,,,y,,
ados_rsi_reqst,CPEA STAART ADOS G Module 1,,text,Requesting,,,,,,,,y,,
ados_rsi_rspja,CPEA STAART ADOS G Module 1,,text,Response to Joint Attention,,,,,,,,y,,
ados_rsi_rspsm,CPEA STAART ADOS G Module 1,,text,Responsive Social Smile,,Nulled value range of:    to accept outlier data,,,,,,y,,
ados_rsi_rsptn1,CPEA STAART ADOS G Module 1,,text,Response to Name,,,,,,,,y,,
ados_rsi_seiit1,CPEA STAART ADOS G Module 1,,text,Shared Enjoyment in Interaction,,,,,,,,y,,
ados_rsi_showg,CPEA STAART ADOS G Module 1,,text,Showing,,,,,,,,y,,
ados_rsi_spija,CPEA STAART ADOS G Module 1,,text,Spontaneous Initiation of Joint Attention,,,,,,,,y,,
ados_rsi_uneyc,CPEA STAART ADOS G Module 1,,text,Unusual Eye Contact,,Nulled value range of:    to accept outlier data,,,,,,y,,
ados_version,CPEA STAART ADOS G Module 1,,text,ADOS Version,,,,,,,,y,,
ados_sar_hfocm,CPEA STAART ADOS G Module 1,,text,Hand and Finger and Other Complex Mannerisms,,,,,,,,y,,
ados_sar_sfijb,CPEA STAART ADOS G Module 1,,text,Self-Injurious Behavior,,,,,,,,y,,
ados_sar_urisb,CPEA STAART ADOS G Module 1,,text,Unusually Repetitive Interests or Stereotyped Behaviors,,,,,,,,y,,
ados_sar_usipm,CPEA STAART ADOS G Module 1,,text,Unusual Sensory Interest in Play Material Person,,,,,,,,y,,
