Variable / Field Name,Form Name,Section Header,Field Type,Field Label,"Choices, Calculations, OR Slider Labels",Field Note,Text Validation Type OR Show Slider Number,Text Validation Min,Text Validation Max,Identifier?,Branching Logic (Show field only if...),Required Field?,Custom Alignment,Question Number (surveys only)
subjectkey,FXS Demographics,,text,The NDAR Global Unique Identifier (GUID) for subjects which identifies a subject in NDAR,,,,,,,,y,,
src_subject_id,FXS Demographics,,text,The site's subject identification,,,,,,,,y,,
gender,FXS Demographics,,dropdown,Gender,"M, M | F, F",,,,,,,y,,
fmr1_status,FXS Demographics,,dropdown,FMR1 DNA group,"Full mutation, Full mutation |  mosaic,  mosaic",,,,,,,y,,
iqtestname,FXS Demographics,,text,Name of IQ test given to participant,,,,,,,,y,,
race,FXS Demographics,,dropdown,Race of participant,"American Indian/Alaska Native, American Indian/Alaska Native |  Asian,  Asian |  Hawaiian or Pacific Islander,  Hawaiian or Pacific Islander |  Black or African American,  Black or African American |  White,  White |  More than one race,  More than one race |  Unknown or not reported,  Unknown or not reported",,,,,,,y,,
ethnicity,FXS Demographics,,dropdown,Ethnicity of participant,"Hispanic or Latino, Hispanic or Latino |  Not Hispanic or Latino,  Not Hispanic or Latino |  Unknown,  Unknown",,,,,,,y,,
iq,FXS Demographics,,text,IQ as defined from the completion of an appropriate assessement,,,,,,,,y,,
iq_date,FXS Demographics,,text,Date that IQ test was given,"MM/yyyy, MM/yyyy | MM/dd/yyyy, MM/dd/yyyy",,date_ymd,,,,,y,,
fxs_site_id,FXS Demographics,,text,"Fragile X project site
1=UC Davis, 2=Stanford, 3=Rush, 4=Duke, 5=UNC, 6=Colorado, 7=Johns Hopkins, 8=Wisconsin, 9=Indiana, 10=Other",,,number,1,10,,,y,,
fxs_site_name_other,FXS Demographics,,text,Enter the site name if the code of 10 is used for the fxs_site_id data element to indicate a site that is not described with an id number,,,,,,,,,,
