Variable / Field Name,Form Name,Section Header,Field Type,Field Label,"Choices, Calculations, OR Slider Labels",Field Note,Text Validation Type OR Show Slider Number,Text Validation Min,Text Validation Max,Identifier?,Branching Logic (Show field only if...),Required Field?,Custom Alignment,Question Number (surveys only)
subjectkey,Peds - Child Behavior Checklist,,text,The NDAR Global Unique Identifier (GUID) for subjects which identifies a subject in NDAR,,,,,,,,,,
admin_status,Peds - Child Behavior Checklist,,dropdown,Instrument administration status,"Complete, Complete | Partial, Partial | Not Administered, Not Administered | Not Applicable, Not Applicable",,,,,,,y,,
src_subject_id,Peds - Child Behavior Checklist,,text,The site's subject identification,,,,,,,,y,,
age_days_dot_to_dob,Peds - Child Behavior Checklist,,text,Age in days obtained by subtracting the date of birth from the date of test,,,,,,,,y,,
timepoint_label,Peds - Child Behavior Checklist,,text,User-defined timepoint/visit label - a label selected by the site at the time of registration of a new timepoint into the database.  This label is used to group all the instruments administered to a subject at a given timepoint.,,,,,,,,y,,
cbcl_ysr_internalizing_raw,Peds - Child Behavior Checklist,,text,"CBCL (1.5-5, 6-18 or YSR): Internalizing raw",,,,,,,,y,,
cbcl_ysr_internalizing_t_score,Peds - Child Behavior Checklist,,text,"CBCL (1.5-5, 6-18 or YSR): Internalizing T score",,,,,,,,y,,
cbcl_ysr_somatic_complaint_pct,Peds - Child Behavior Checklist,,text,"CBCL (1.5-5, 6-18 or YSR): Somatic complaints percentile",,,,,,,,y,,
cbcl_ysr_somatic_complaint_raw,Peds - Child Behavior Checklist,,text,"CBCL (1.5-5, 6-18 or YSR): Somatic complaints raw",,,,,,,,y,,
cbcl_ysr_somatic_complaint_tsc,Peds - Child Behavior Checklist,,text,"CBCL (1.5-5, 6-18 or YSR): Somatic complaints T score",,,,,,,,y,,
cbcl_ysr_total_problems_pct,Peds - Child Behavior Checklist,,text,"CBCL (1.5-5, 6-18 or YSR): Total problems percentile",,,,,,,,y,,
cbcl_ysr_total_problems_raw,Peds - Child Behavior Checklist,,text,"CBCL (1.5-5, 6-18 or YSR): Total problems raw",,,,,,,,y,,
cbcl_ysr_total_problems_t_sc,Peds - Child Behavior Checklist,,text,"CBCL (1.5-5, 6-18 or YSR): Total problems T score",,,,,,,,y,,
cbcl_dsm_pervasive_dev_pct,Peds - Child Behavior Checklist,,text,CBCL (1_5-5): DSM scale pervasive developmental percentile,,,,,,,,y,,
cbcl_dsm_pervasive_dev_raw,Peds - Child Behavior Checklist,,text,CBCL (1_5-5): DSM scale pervasive developmental raw,,,,,,,,y,,
cbcl_dsm_pervasive_dev_t_sc,Peds - Child Behavior Checklist,,text,CBCL (1.5-5): DSM scale pervasive developmental T score,,,,,,,,y,,
cbcl_emotionally_reactive_pct,Peds - Child Behavior Checklist,,text,CBCL (1.5-5): Emotionally reactive percentile,,,,,,,,y,,
cbcl_emotionally_reactive_raw,Peds - Child Behavior Checklist,,text,CBCL (1.5-5): Emotionally reactive raw,,,,,,,,y,,
cbcl_emotionally_reactive_t_sc,Peds - Child Behavior Checklist,,text,CBCL (1.5-5): Emotionally reactive T score,,,,,,,,y,,
cbcl_dsm_adhd_percentile,Peds - Child Behavior Checklist,,text,CBCL (1.5-5 or 6-18): DSM scale ADHD percentile,,,,,,,,y,,
cbcl_dsm_adhd_raw,Peds - Child Behavior Checklist,,text,CBCL (1.5-5 or 6-18): DSM scale ADHD raw,,,,,,,,y,,
cbcl_dsm_adhd_t_score,Peds - Child Behavior Checklist,,text,CBCL (1.5-5 or 6-18): DSM scale ADHD T score,,,,,,,,y,,
cbcl_dsm_affectiveproblems_pct,Peds - Child Behavior Checklist,,text,CBCL (1.5-5 or 6-18): DSM scale affective problems percentile,,,,,,,,y,,
cbcl_dsm_affectiveproblems_raw,Peds - Child Behavior Checklist,,text,CBCL (1.5-5 or 6-18): DSM scale affective problems raw,,,,,,,,y,,
cbcl_dsm_affectiveproblems_tsc,Peds - Child Behavior Checklist,,text,CBCL (1.5-5 or 6-18): DSM scale affective problems T score,,,,,,,,y,,
cbcl_dsm_anxietyproblems_pct,Peds - Child Behavior Checklist,,text,CBCL (1.5-5 or 6-18): DSM scale anxiety problems percentile,,,,,,,,y,,
cbcl_dsm_anxietyproblems_raw,Peds - Child Behavior Checklist,,text,CBCL (1.5-5 or 6-18): DSM scale anxiety problems raw,,,,,,,,y,,
cbcl_dsm_anxietyproblems_t_sc,Peds - Child Behavior Checklist,,text,CBCL (1.5-5 or 6-18): DSM scale anxiety problems T score,,,,,,,,y,,
cbcl_dsm_opp_defiant_pct,Peds - Child Behavior Checklist,,text,CBCL (1.5-5 or 6-18): DSM scale oppositional defiant percentile,,,,,,,,y,,
cbcl_dsm_opp_defiant_raw,Peds - Child Behavior Checklist,,text,CBCL (1.5-5 or 6-18): DSM scale oppositional defiant raw,,,,,,,,y,,
cbcl_dsm_opp_defiant_t_score,Peds - Child Behavior Checklist,,text,CBCL (1.5-5 or 6-18): DSM scale oppositional defiant T score,,,,,,,,y,,
cbcl_sex_problems_pct,Peds - Child Behavior Checklist,,text,CBCL (6-18): Sex problems percentile,,,,,,,,y,,
cbcl_sex_problems_raw,Peds - Child Behavior Checklist,,text,CBCL (6-18): Sex problems raw,,,,,,,,y,,
cbcl_sex_problems_t_score,Peds - Child Behavior Checklist,,text,CBCL (6-18): Sex problems T score,,,,,,,,y,,
cbcl_withdrawn_depressed_pct,Peds - Child Behavior Checklist,,text,CBCL (6-18): Withdrawn depressed percentile,,,,,,,,y,,
cbcl_withdrawn_depressed_raw,Peds - Child Behavior Checklist,,text,CBCL (6-18): Withdrawn depressed raw,,,,,,,,y,,
cbcl_withdrawn_depressed_t_sc,Peds - Child Behavior Checklist,,text,CBCL (6-18): Withdrawn depressed T score,,,,,,,,y,,
cbcl_version_type,Peds - Child Behavior Checklist,,text,CBCL: Version Type,,,,,,,,y,,
cbcl_ysr_delinquent_beh_t_sc,Peds - Child Behavior Checklist,,text,CBCL (YSR): Delinquent behavior T score,,,,,,,,y,,
cbcl_ysr_delinquent_pct,Peds - Child Behavior Checklist,,text,CBCL (YSR): Delinquent percentile,,,,,,,,y,,
cbcl_ysr_delinquent_raw,Peds - Child Behavior Checklist,,text,CBCL (YSR): Delinquent raw,,,,,,,,y,,
cbcl_ysr_aggressive_beh_pct,Peds - Child Behavior Checklist,,text,"CBCL (1.5-5, 6-18 or YSR): Aggressive behavior percentile",,,,,,,,y,,
cbcl_ysr_aggressive_beh_raw,Peds - Child Behavior Checklist,,text,"CBCL (1.5-5, 6-18 or YSR): Aggressive behavior raw",,,,,,,,y,,
cbcl_ysr_aggressive_beh_t_sc,Peds - Child Behavior Checklist,,text,"CBCL (1.5-5, 6-18 or YSR): Aggressive behavior T score",,,,,,,,y,,
cbcl_ysr_anxious_depressed_pct,Peds - Child Behavior Checklist,,text,"CBCL (1.5-5, 6-18 or YSR): Anxious depressed percentile",,,,,,,,y,,
cbcl_ysr_anxious_depressed_raw,Peds - Child Behavior Checklist,,text,"CBCL (1.5-5, 6-18 or YSR): Anxious depressed raw",,,,,,,,y,,
cbcl_ysr_anxious_depress_t_sc,Peds - Child Behavior Checklist,,text,"CBCL (1.5-5, 6-18 or YSR): Anxious depressed T score",,,,,,,,y,,
cbcl_ysr_attention_prob_pct,Peds - Child Behavior Checklist,,text,"CBCL (1.5-5, 6-18 or YSR): Attention problems percentile",,,,,,,,y,,
age_days_dot_to_edc,Peds - Child Behavior Checklist,,text,Age in days obtained by subtracting the Estimated Date of Confinement (Due Date) from the date of test,,,,,,,,y,,
cbcl_ysr_attention_prob_raw,Peds - Child Behavior Checklist,,text,"CBCL (1.5-5, 6-18 or YSR): Attention problems raw",,,,,,,,y,,
cbcl_ysr_attention_prob_t_sc,Peds - Child Behavior Checklist,,text,"CBCL (1.5-5, 6-18 or YSR): Attention problems T score",,,,,,,,y,,
cbcl_ysr_externalizing_pct,Peds - Child Behavior Checklist,,text,"CBCL (1.5-5, 6-18 or YSR): Externalizing percentile",,,,,,,,y,,
cbcl_ysr_externalizing_raw,Peds - Child Behavior Checklist,,text,"CBCL (1.5-5, 6-18 or YSR): Externalizing raw",,,,,,,,y,,
cbcl_ysr_externalizing_t_score,Peds - Child Behavior Checklist,,text,"CBCL (1.5-5, 6-18 or YSR): Externalizing T score",,,,,,,,y,,
cbcl_ysr_internalizing_pct,Peds - Child Behavior Checklist,,text,"CBCL (1.5-5, 6-18 or YSR): Internalizing percentile",,,,,,,,y,,
cbcl_ysr_withdrawn_pct,Peds - Child Behavior Checklist,,text,CBCL (1.5-5 or YSR): Withdrawn percentile,,,,,,,,y,,
cbcl_ysr_withdrawn_raw,Peds - Child Behavior Checklist,,text,CBCL (1.5-5 or YSR): Withdrawn raw,,,,,,,,y,,
cbcl_ysr_withdrawn_t_score,Peds - Child Behavior Checklist,,text,CBCL (1.5-5 or YSR): Withdrawn T score,,,,,,,,y,,
cbcl_sleep_problems_pct,Peds - Child Behavior Checklist,,text,CBCL (1.5-5): Sleep problems percentile,,,,,,,,y,,
cbcl_sleep_problems_raw,Peds - Child Behavior Checklist,,text,CBCL (1.5-5): Sleep problems raw,,,,,,,,y,,
cbcl_sleep_problems_t_score,Peds - Child Behavior Checklist,,text,CBCL (1.5-5): Sleep problems T score,,,,,,,,y,,
cbcl_comp_activities_item1,Peds - Child Behavior Checklist,,text,CBCL (4-18 or 6-18): Competence scale activities Item 1,,,,,,,,y,,
cbcl_comp_activities_item2,Peds - Child Behavior Checklist,,text,CBCL (4-18 or 6-18): Competence scale activities Item 2,,,,,,,,y,,
cbcl_comp_activities_item3,Peds - Child Behavior Checklist,,text,CBCL (4-18 or 6-18): Competence scale activities Item 3,,,,,,,,y,,
cbcl_comp_activities_item4,Peds - Child Behavior Checklist,,text,CBCL (4-18 or 6-18): Competence scale activities Item 4,,,,,,,,y,,
cbcl_comp_activities_item5,Peds - Child Behavior Checklist,,text,CBCL (4-18 or 6-18): Competence scale activities Item 5,,,,,,,,y,,
cbcl_comp_activities_item6,Peds - Child Behavior Checklist,,text,CBCL (4-18 or 6-18): Competence scale activities Item 6,,,,,,,,y,,
cbcl_comp_activities_pct,Peds - Child Behavior Checklist,,text,CBCL (4-18 or 6-18): Competence scale activities percentile,,,,,,,,y,,
cbcl_comp_activities_raw,Peds - Child Behavior Checklist,,text,CBCL (4-18 or 6-18): Competence scale activities raw,,,,,,,,y,,
cbcl_comp_activities_t_score,Peds - Child Behavior Checklist,,text,CBCL (4-18 or 6-18): Competence scale activities T score,,,,,,,,y,,
cbcl_comp_school_item1,Peds - Child Behavior Checklist,,text,CBCL (4-18 or 6-18): Competence scale school Item 1,,,,,,,,y,,
cbcl_comp_school_item2,Peds - Child Behavior Checklist,,text,CBCL (4-18 or 6-18): Competence scale school Item 2,,,,,,,,y,,
cbcl_comp_school_item3,Peds - Child Behavior Checklist,,text,CBCL (4-18 or 6-18): Competence scale school Item 3,,,,,,,,y,,
cbcl_comp_school_item4,Peds - Child Behavior Checklist,,text,CBCL (4-18 or 6-18): Competence scale school Item 4,,,,,,,,y,,
cbcl_comp_school_pct,Peds - Child Behavior Checklist,,text,CBCL (4-18 or 6-18): Competence scale school percentile,,,,,,,,y,,
cbcl_comp_school_raw,Peds - Child Behavior Checklist,,text,CBCL (4-18 or 6-18): Competence scale school raw,,,,,,,,y,,
cbcl_comp_school_t_score,Peds - Child Behavior Checklist,,text,CBCL (4-18 or 6-18): Competence scale school T score,,,,,,,,y,,
cbcl_comp_social_item1,Peds - Child Behavior Checklist,,text,CBCL (4-18 or 6-18): Competence scale social Item 1,,,,,,,,y,,
cbcl_comp_social_item2,Peds - Child Behavior Checklist,,text,CBCL (4-18 or 6-18): Competence scale social Item 2,,,,,,,,y,,
cbcl_comp_social_item3,Peds - Child Behavior Checklist,,text,CBCL (4-18 or 6-18): Competence scale social Item 3,,,,,,,,y,,
cbcl_comp_social_item4,Peds - Child Behavior Checklist,,text,CBCL (4-18 or 6-18): Competence scale social Item 4,,,,,,,,y,,
cbcl_comp_social_item5,Peds - Child Behavior Checklist,,text,CBCL (4-18 or 6-18): Competence scale social Item 5,,,,,,,,y,,
cbcl_comp_social_item6,Peds - Child Behavior Checklist,,text,CBCL (4-18 or 6-18): Competence scale social Item 6,,,,,,,,y,,
cbcl_comp_social_pct,Peds - Child Behavior Checklist,,text,CBCL (4-18 or 6-18): Competence scale social percentile,,,,,,,,y,,
cbcl_comp_social_raw,Peds - Child Behavior Checklist,,text,CBCL (4-18 or 6-18): Competence scale social raw,,,,,,,,y,,
cbcl_comp_social_t_score,Peds - Child Behavior Checklist,,text,CBCL (4-18 or 6-18): Competence scale social T score,,,,,,,,y,,
cbcl_comp_totalcompetence_pct,Peds - Child Behavior Checklist,,text,CBCL (4-18 or 6-18): Competence scale total competence percentile,,,,,,,,y,,
cbcl_comp_totalcompetence_raw,Peds - Child Behavior Checklist,,text,CBCL (4-18 or 6-18): Competence scale total competence raw,,,,,,,,y,,
cbcl_comp_totalcompetence_t_sc,Peds - Child Behavior Checklist,,text,CBCL (4-18 or 6-18): Competence scale total competence T score,,,,,,,,y,,
cbcl_dsm_conduct_pct,Peds - Child Behavior Checklist,,text,CBCL (6-18): DSM scale conduct percentile,,,,,,,,y,,
cbcl_dsm_conduct_raw,Peds - Child Behavior Checklist,,text,CBCL (6-18): DSM scale conduct raw,,,,,,,,y,,
cbcl_dsm_conduct_t_score,Peds - Child Behavior Checklist,,text,CBCL (6-18): DSM scale conduct T score,,,,,,,,y,,
cbcl_dsm_somatic_problems_pct,Peds - Child Behavior Checklist,,text,CBCL (6-18): DSM scale somatic problems percentile,,,,,,,,y,,
cbcl_dsm_somatic_problems_raw,Peds - Child Behavior Checklist,,text,CBCL (6-18): DSM scale somatic problems raw,,,,,,,,y,,
cbcl_dsm_somatic_problems_t_sc,Peds - Child Behavior Checklist,,text,CBCL (6-18): DSM scale somatic problems T score,,,,,,,,y,,
cbcl_ysr_social_problems_pct,Peds - Child Behavior Checklist,,text,CBCL (6-18 or YSR): Social problems percentile,,,,,,,,y,,
cbcl_ysr_social_problems_raw,Peds - Child Behavior Checklist,,text,CBCL (6-18 or YSR): Social problems raw,,,,,,,,y,,
cbcl_ysr_social_problems_t_sc,Peds - Child Behavior Checklist,,text,CBCL (6-18 or YSR): Social problems T score,,,,,,,,y,,
cbcl_ysr_thought_problems_pct,Peds - Child Behavior Checklist,,text,CBCL (6-18 or YSR): Thought problems percentile,,,,,,,,y,,
cbcl_ysr_thought_problems_raw,Peds - Child Behavior Checklist,,text,CBCL (6-18 or YSR): Thought problems raw,,,,,,,,y,,
cbcl_ysr_thought_problems_t_sc,Peds - Child Behavior Checklist,,text,CBCL (6-18 or YSR): Thought problems T score,,,,,,,,y,,
cbcl_rule_breaking_pct,Peds - Child Behavior Checklist,,text,CBCL (6-18): Rule breaking percentile,,,,,,,,y,,
cbcl_rule_breaking_raw,Peds - Child Behavior Checklist,,text,CBCL (6-18): Rule breaking raw,,,,,,,,y,,
cbcl_rule_breaking_t_score,Peds - Child Behavior Checklist,,text,CBCL (6-18): Rule breaking T score,,,,,,,,y,,
