Variable / Field Name,Form Name,Section Header,Field Type,Field Label,"Choices, Calculations, OR Slider Labels",Field Note,Text Validation Type OR Show Slider Number,Text Validation Min,Text Validation Max,Identifier?,Branching Logic (Show field only if...),Required Field?,Custom Alignment,Question Number (surveys only)
subjectkey,CPEA STAART ADOS WPS Module 4,,text,The NDAR Global Unique Identifier (GUID) for subjects which identifies a subject in NDAR,,,,,,,,y,,
interview_date,CPEA STAART ADOS WPS Module 4,,text,Date on which the interview/genetic test/sampling/imaging was completed,"MM/yyyy, MM/yyyy | MM/dd/yyyy, MM/dd/yyyy",* '01/01/1900' indicates that a date associated with retrospective data is not known.,date_ymd,,,,,y,,
cycle,CPEA STAART ADOS WPS Module 4,,text,Timepoint information,,,,,,,,y,,
patid,CPEA STAART ADOS WPS Module 4,,text,src_Subject_id,,Patient IDs were assigned at the research site for CPEA and STAART,,,,,,y,,
network,CPEA STAART ADOS WPS Module 4,,text,Network,,CPEA or STAART Network,,,,,,y,,
site,CPEA STAART ADOS WPS Module 4,,text,Site,,CPEA or STAART Site,,,,,,y,,
study,CPEA STAART ADOS WPS Module 4,,text,Study,,CPEA or STAART Study,,,,,,y,,
ados_alg_cmsit,CPEA STAART ADOS WPS Module 4,,text,Communication  Social Interaction Total,,,,,,,,y,,
ados_alg_commt,CPEA STAART ADOS WPS Module 4,,text,Communication Total,,,,,,,,y,,
ados_alg_imgcr,CPEA STAART ADOS WPS Module 4,,text,Imagination Creativity,,,,,,,,y,,
ados_alg_sbrit,CPEA STAART ADOS WPS Module 4,,text,Stereotyped Behaviors and Restricted Interests Total,,,,,,,,y,,
ados_alg_sclit,CPEA STAART ADOS WPS Module 4,,text,Social Interaction Total,,,,,,,,y,,
ados_date,CPEA STAART ADOS WPS Module 4,,text,ADOS Date,,,,,,,,y,,
ados_dia_diag,CPEA STAART ADOS WPS Module 4,,text,Overall Diagnosis,,,,,,,,y,,
ados_dx,CPEA STAART ADOS WPS Module 4,,text,ADOS Diagnosis,,,,,,,,y,,
ados_lac_afinf,CPEA STAART ADOS WPS Module 4,,text,Asks for Information,,,,,,,,y,,
ados_lac_asoma,CPEA STAART ADOS WPS Module 4,,text,Amount of Social Overtures/Maintenance of Attention,,,,,,,,y,,
ados_lac_cnvst,CPEA STAART ADOS WPS Module 4,,text,Conversation,,,,,,,,y,,
ados_lac_dciig,CPEA STAART ADOS WPS Module 4,,text,"Descriptive, Conventional, Instrumental, or Informational Gestures",,,,,,,,y,,
ados_lac_eoegt,CPEA STAART ADOS WPS Module 4,,text,Emphatic or Emotional Gestures,,,,,,,,y,,
ados_lac_fvdto,CPEA STAART ADOS WPS Module 4,,text,Frequency of Vocalization Directed to Others,,,,,,,,y,,
ados_lac_gestr,CPEA STAART ADOS WPS Module 4,,text,Gestures,,,,,,,,y,,
ados_lac_imech,CPEA STAART ADOS WPS Module 4,,text,Immediate Echolalia,,,,,,,,y,,
ados_lac_ivlvb,CPEA STAART ADOS WPS Module 4,,text,Intonation of Vocalization or Verbalization,,,,,,,,y,,
ados_lac_offrs,CPEA STAART ADOS WPS Module 4,,text,Offers Information,,,,,,,,y,,
ados_lac_olnel34,CPEA STAART ADOS WPS Module 4,,text,Overall Level of Non-Echoed Language,,,,,,,,y,,
ados_lac_rptev,CPEA STAART ADOS WPS Module 4,,text,Reporting of Events,,,,,,,,y,,
ados_lac_saawa,CPEA STAART ADOS WPS Module 4,,text,Speech Abnormalities Associated with Autism (Intonation/Volumen/Rhythm/Rate),,,,,,,,y,,
ados_lac_stidw234,CPEA STAART ADOS WPS Module 4,,text,Stereotyped/Idiosyncratic Use of Words (or Phrases),,,,,,,,y,,
ados_lac_uobtc,CPEA STAART ADOS WPS Module 4,,text,Use of Other s Body to Communicate,,,,,,,,y,,
ados_module,CPEA STAART ADOS WPS Module 4,,text,ADOS Module,,,,,,,,y,,
ados_oab_anxty,CPEA STAART ADOS WPS Module 4,,text,Anxiety,,,,,,,,y,,
ados_oab_ovrat,CPEA STAART ADOS WPS Module 4,,text,Overactivity,,,,,,,,y,,
ados_oab_tandb,CPEA STAART ADOS WPS Module 4,,text,"Tantrums, Aggression, Negative or Disruptive Behavior",,,,,,,,y,,
ados_ply_fpwob,CPEA STAART ADOS WPS Module 4,,text,Functional Play with Objects,,,,,,,,y,,
ados_ply_imgcr34,CPEA STAART ADOS WPS Module 4,,text,Imagination/Creativity,,,,,,,,y,,
ados_rsi_arscm,CPEA STAART ADOS WPS Module 4,,text,Amount of Reciprocal Social Communication,,,,,,,,y,,
ados_rsi_class,CPEA STAART ADOS WPS Module 4,,text,ADOS: Stereotyped Behaviors-Restricted Interests Classification,,,,,,,,y,,
ados_rsi_cmooa,CPEA STAART ADOS WPS Module 4,,text,Communication of Own Affect,,,,,,,,y,,
ados_rsi_ecooe,CPEA STAART ADOS WPS Module 4,,text,Empathy/Comments on Others Emotions,,,,,,,,y,,
ados_rsi_fedto,CPEA STAART ADOS WPS Module 4,,text,Facial Expression Directed to Others,,,,,,,,y,,
ados_rsi_givng,CPEA STAART ADOS WPS Module 4,,text,Giving,,,,,,,,y,,
ados_rsi_igobd,CPEA STAART ADOS WPS Module 4,,text,Integration of Gaze and Other Behaviors During Social Overtures,,,,,,,,y,,
ados_rsi_insgt,CPEA STAART ADOS WPS Module 4,,text,Insight,,,,,,,,y,,
ados_rsi_lplnc,CPEA STAART ADOS WPS Module 4,,text,Language Production and Linked Nonverbal Communication,,,,,,,,y,,
ados_rsi_oqorp,CPEA STAART ADOS WPS Module 4,,text,Overall Quality of Rapport,,,,,,,,y,,
ados_rsi_qsclo,CPEA STAART ADOS WPS Module 4,,text,Quality of Social Overtures,,,,,,,,y,,
ados_rsi_qsclr,CPEA STAART ADOS WPS Module 4,,text,Quality of Social Response,,,,,,,,y,,
ados_rsi_reqst,CPEA STAART ADOS WPS Module 4,,text,Requesting,,,,,,,,y,,
ados_rsi_rspbt,CPEA STAART ADOS WPS Module 4,,text,Responsibility,,,,,,,,y,,
ados_rsi_rspja,CPEA STAART ADOS WPS Module 4,,text,Response to Joint Attention,,,,,,,,y,,
ados_rsi_rspsm,CPEA STAART ADOS WPS Module 4,,text,Responsive Social Smile,,Nulled value range of:    to accept outlier data,,,,,,y,,
ados_rsi_seiit234,CPEA STAART ADOS WPS Module 4,,text,Shared Enjoyment in Interaction,,,,,,,,y,,
ados_rsi_seitt1,CPEA STAART ADOS WPS Module 4,,text,ADOS: Shared Enjoyment,,,,,,,,y,,
ados_rsi_seitt234,CPEA STAART ADOS WPS Module 4,,text,ADOS: Shared Enjoyment,,,,,,,,y,,
ados_rsi_showg,CPEA STAART ADOS WPS Module 4,,text,Showing,,,,,,,,y,,
ados_rsi_spija,CPEA STAART ADOS WPS Module 4,,text,Spontaneous Initiation of Joint Attention,,,,,,,,y,,
ados_rsi_uneyc,CPEA STAART ADOS WPS Module 4,,text,Unusual Eye Contact,,Nulled value range of:    to accept outlier data,,,,,,y,,
ados_sar_bhvir,CPEA STAART ADOS WPS Module 4,,text,ADOS: Stereotyped Behaviors and Restricted Interests: Behavior When Interrupted,,,,,,,,y,,
ados_sar_cmrtl,CPEA STAART ADOS WPS Module 4,,text,Compulsions or Rituals,,,,,,,,y,,
ados_sar_erust,CPEA STAART ADOS WPS Module 4,,text,Excessive Interest in or References to Unusual or Highly Specific Topics or Objects or Repetitive Behaviors,,,,,,,,y,,
ados_sar_hfocm,CPEA STAART ADOS WPS Module 4,,text,Hand and Finger and Other Complex Mannerisms,,,,,,,,y,,
ados_sar_sfijb,CPEA STAART ADOS WPS Module 4,,text,Self-Injurious Behavior,,,,,,,,y,,
ados_sar_urisb,CPEA STAART ADOS WPS Module 4,,text,Unusually Repetitive Interests or Stereotyped Behaviors,,,,,,,,y,,
ados_sar_usipm,CPEA STAART ADOS WPS Module 4,,text,Unusual Sensory Interest in Play Material Person,,,,,,,,y,,
ados_version,CPEA STAART ADOS WPS Module 4,,text,ADOS Version,,,,,,,,y,,
