Variable / Field Name,Form Name,Section Header,Field Type,Field Label,"Choices, Calculations, OR Slider Labels",Field Note,Text Validation Type OR Show Slider Number,Text Validation Min,Text Validation Max,Identifier?,Branching Logic (Show field only if...),Required Field?,Custom Alignment,Question Number (surveys only)
subjectkey,Peds - Wechsler Abbreviated Scale of Intelligence,,text,,,,,,,,,,,
admin_status,Peds - Wechsler Abbreviated Scale of Intelligence,,dropdown,,"Complete, Complete | Partial, Partial | Not Administered, Not Administered | Not Applicable, Not Applicable",,,,,,,y,,
src_subject_id,Peds - Wechsler Abbreviated Scale of Intelligence,,text,,,,,,,,,y,,
age_days_dot_to_dob,Peds - Wechsler Abbreviated Scale of Intelligence,,text,,,,,,,,,y,,
timepoint_label,Peds - Wechsler Abbreviated Scale of Intelligence,,text,,,,,,,,,y,,
age,Peds - Wechsler Abbreviated Scale of Intelligence,,text,,,,,,,,,y,,
wasi_block_10_score,Peds - Wechsler Abbreviated Scale of Intelligence,,dropdown,,"0, 0 | 4, 4 | 5, 5 | 6, 6 | 7, 7 | NA, NA",,,,,,,y,,
wasi_block_11_score,Peds - Wechsler Abbreviated Scale of Intelligence,,dropdown,,"0, 0 | 4, 4 | 5, 5 | 6, 6 | 7, 7 | NA, NA",,,,,,,y,,
wasi_block_12_score,Peds - Wechsler Abbreviated Scale of Intelligence,,dropdown,,"0, 0 | 4, 4 | 5, 5 | 6, 6 | 7, 7 | NA, NA",,,,,,,y,,
wasi_block_13_score,Peds - Wechsler Abbreviated Scale of Intelligence,,dropdown,,"0, 0 | 4, 4 | 5, 5 | 6, 6 | 7, 7 | NA, NA",,,,,,,y,,
wasi_block_1_score,Peds - Wechsler Abbreviated Scale of Intelligence,,dropdown,,"0, 0 | 1, 1 | 2, 2 | NA, NA",,,,,,,y,,
wasi_block_2_score,Peds - Wechsler Abbreviated Scale of Intelligence,,dropdown,,"0, 0 | 1, 1 | 2, 2 | NA, NA",,,,,,,y,,
wasi_block_3_score,Peds - Wechsler Abbreviated Scale of Intelligence,,dropdown,,"0, 0 | 1, 1 | 2, 2 | NA, NA",,,,,,,y,,
wasi_block_4_score,Peds - Wechsler Abbreviated Scale of Intelligence,,dropdown,,"0, 0 | 1, 1 | 2, 2 | NA, NA",,,,,,,y,,
wasi_block_5_score,Peds - Wechsler Abbreviated Scale of Intelligence,,dropdown,,"0, 0 | 4, 4 | 5, 5 | 6, 6 | 7, 7 | NA, NA",,,,,,,y,,
wasi_block_6_score,Peds - Wechsler Abbreviated Scale of Intelligence,,dropdown,,"0, 0 | 4, 4 | 5, 5 | 6, 6 | 7, 7 | NA, NA",,,,,,,y,,
wasi_block_7_score,Peds - Wechsler Abbreviated Scale of Intelligence,,dropdown,,"0, 0 | 4, 4 | 5, 5 | 6, 6 | 7, 7 | NA, NA",,,,,,,y,,
wasi_block_correct_design12,Peds - Wechsler Abbreviated Scale of Intelligence,,dropdown,,"Y, Y | N, N | NA, NA",,,,,,,y,,
wasi_block_correct_design13,Peds - Wechsler Abbreviated Scale of Intelligence,,dropdown,,"Y, Y | N, N | NA, NA",,,,,,,y,,
wasi_block_correct_design2,Peds - Wechsler Abbreviated Scale of Intelligence,,dropdown,,"Y, Y | N, N | NA, NA",,,,,,,y,,
wasi_block_correct_design3,Peds - Wechsler Abbreviated Scale of Intelligence,,dropdown,,"Y, Y | N, N | NA, NA",,,,,,,y,,
wasi_block_correct_design8,Peds - Wechsler Abbreviated Scale of Intelligence,,dropdown,,"Y, Y | N, N | NA, NA",,,,,,,y,,
wasi_block_time_design12,Peds - Wechsler Abbreviated Scale of Intelligence,,text,,,,,,,,,y,,
wasi_block_time_design13,Peds - Wechsler Abbreviated Scale of Intelligence,,text,,,,,,,,,y,,
wasi_block_time_design2_trial2,Peds - Wechsler Abbreviated Scale of Intelligence,,text,,,,,,,,,y,,
wasi_block_time_design3_trial1,Peds - Wechsler Abbreviated Scale of Intelligence,,text,,,,,,,,,y,,
wasi_block_time_design3_trial2,Peds - Wechsler Abbreviated Scale of Intelligence,,text,,,,,,,,,y,,
wasi_full_scale_iq,Peds - Wechsler Abbreviated Scale of Intelligence,,text,,,,,,,,,y,,
wasi_matrix_item10_response,Peds - Wechsler Abbreviated Scale of Intelligence,,dropdown,,"1, 1 | 2, 2 | 3, 3 | 4, 4 | 5, 5 | DK, DK | NA, NA",,,,,,,y,,
wasi_matrix_item10_score,Peds - Wechsler Abbreviated Scale of Intelligence,,dropdown,,"0, 0 | 1, 1 | NA, NA",,,,,,,y,,
wasi_matrix_item11_response,Peds - Wechsler Abbreviated Scale of Intelligence,,dropdown,,"1, 1 | 2, 2 | 3, 3 | 4, 4 | 5, 5 | DK, DK | NA, NA",,,,,,,y,,
wasi_matrix_item11_score,Peds - Wechsler Abbreviated Scale of Intelligence,,dropdown,,"0, 0 | 1, 1 | NA, NA",,,,,,,y,,
wasi_matrix_item18_score,Peds - Wechsler Abbreviated Scale of Intelligence,,dropdown,,"0, 0 | 1, 1 | NA, NA",,,,,,,y,,
wasi_matrix_item19_response,Peds - Wechsler Abbreviated Scale of Intelligence,,dropdown,,"1, 1 | 2, 2 | 3, 3 | 4, 4 | 5, 5 | DK, DK | NA, NA",,,,,,,y,,
wasi_matrix_item19_score,Peds - Wechsler Abbreviated Scale of Intelligence,,dropdown,,"0, 0 | 1, 1 | NA, NA",,,,,,,y,,
wasi_matrix_item20_response,Peds - Wechsler Abbreviated Scale of Intelligence,,dropdown,,"1, 1 | 2, 2 | 3, 3 | 4, 4 | 5, 5 | DK, DK | NA, NA",,,,,,,y,,
wasi_matrix_item20_score,Peds - Wechsler Abbreviated Scale of Intelligence,,dropdown,,"0, 0 | 1, 1 | NA, NA",,,,,,,y,,
wasi_matrix_item21_response,Peds - Wechsler Abbreviated Scale of Intelligence,,dropdown,,"1, 1 | 2, 2 | 3, 3 | 4, 4 | 5, 5 | DK, DK | NA, NA",,,,,,,y,,
wasi_matrix_item21_score,Peds - Wechsler Abbreviated Scale of Intelligence,,dropdown,,"0, 0 | 1, 1 | NA, NA",,,,,,,y,,
wasi_matrix_item22_response,Peds - Wechsler Abbreviated Scale of Intelligence,,dropdown,,"1, 1 | 2, 2 | 3, 3 | 4, 4 | 5, 5 | DK, DK | NA, NA",,,,,,,y,,
wasi_matrix_item22_score,Peds - Wechsler Abbreviated Scale of Intelligence,,dropdown,,"0, 0 | 1, 1 | NA, NA",,,,,,,y,,
wasi_matrix_item23_response,Peds - Wechsler Abbreviated Scale of Intelligence,,dropdown,,"1, 1 | 2, 2 | 3, 3 | 4, 4 | 5, 5 | DK, DK | NA, NA",,,,,,,y,,
wasi_matrix_item25_score,Peds - Wechsler Abbreviated Scale of Intelligence,,dropdown,,"0, 0 | 1, 1 | NA, NA",,,,,,,y,,
wasi_matrix_item26_response,Peds - Wechsler Abbreviated Scale of Intelligence,,dropdown,,"1, 1 | 2, 2 | 3, 3 | 4, 4 | 5, 5 | DK, DK | NA, NA",,,,,,,y,,
wasi_matrix_item26_score,Peds - Wechsler Abbreviated Scale of Intelligence,,dropdown,,"0, 0 | 1, 1 | NA, NA",,,,,,,y,,
wasi_matrix_item27_response,Peds - Wechsler Abbreviated Scale of Intelligence,,dropdown,,"1, 1 | 2, 2 | 3, 3 | 4, 4 | 5, 5 | DK, DK | NA, NA",,,,,,,y,,
wasi_matrix_item27_score,Peds - Wechsler Abbreviated Scale of Intelligence,,dropdown,,"0, 0 | 1, 1 | NA, NA",,,,,,,y,,
wasi_percentile_full_scale_iq,Peds - Wechsler Abbreviated Scale of Intelligence,,text,,,,,,,,,y,,
wasi_percentile_performance_iq,Peds - Wechsler Abbreviated Scale of Intelligence,,text,,,,,,,,,y,,
wasi_percentile_verbal_iq,Peds - Wechsler Abbreviated Scale of Intelligence,,text,,,,,,,,,y,,
wasi_performance_iq,Peds - Wechsler Abbreviated Scale of Intelligence,,text,,,,,,,,,y,,
wasi_similarities_item16_score,Peds - Wechsler Abbreviated Scale of Intelligence,,dropdown,,"0, 0 | 1, 1 | 2, 2 | NA, NA",,,,,,,y,,
wasi_similarities_item17_score,Peds - Wechsler Abbreviated Scale of Intelligence,,dropdown,,"0, 0 | 1, 1 | 2, 2 | NA, NA",,,,,,,y,,
wasi_similarities_item18_score,Peds - Wechsler Abbreviated Scale of Intelligence,,dropdown,,"0, 0 | 1, 1 | 2, 2 | NA, NA",,,,,,,y,,
wasi_similarities_item19_score,Peds - Wechsler Abbreviated Scale of Intelligence,,dropdown,,"0, 0 | 1, 1 | 2, 2 | NA, NA",,,,,,,y,,
wasi_similarities_item21_score,Peds - Wechsler Abbreviated Scale of Intelligence,,dropdown,,"0, 0 | 1, 1 | 2, 2 | NA, NA",,,,,,,y,,
wasi_similarities_item24_score,Peds - Wechsler Abbreviated Scale of Intelligence,,dropdown,,"0, 0 | 1, 1 | 2, 2 | NA, NA",,,,,,,y,,
wasi_similarities_item26_score,Peds - Wechsler Abbreviated Scale of Intelligence,,dropdown,,"0, 0 | 1, 1 | 2, 2 | NA, NA",,,,,,,y,,
wasi_similarities_item2_score,Peds - Wechsler Abbreviated Scale of Intelligence,,dropdown,,"0, 0 | 1, 1 | NA, NA",,,,,,,y,,
wasi_similarities_item6_score,Peds - Wechsler Abbreviated Scale of Intelligence,,dropdown,,"0, 0 | 1, 1 | 2, 2 | NA, NA",,,,,,,y,,
wasi_similarities_item7_score,Peds - Wechsler Abbreviated Scale of Intelligence,,dropdown,,"0, 0 | 1, 1 | 2, 2 | NA, NA",,,,,,,y,,
wasi_similarities_item8_score,Peds - Wechsler Abbreviated Scale of Intelligence,,dropdown,,"0, 0 | 1, 1 | 2, 2 | NA, NA",,,,,,,y,,
wasi_sum_t_scores_perform_scl,Peds - Wechsler Abbreviated Scale of Intelligence,,text,,,,,,,,,y,,
wasi_total_raw_score_matrix,Peds - Wechsler Abbreviated Scale of Intelligence,,text,,,,,,,,,y,,
wasi_total_raw_score_vocab,Peds - Wechsler Abbreviated Scale of Intelligence,,text,,,,,,,,,y,,
wasi_t_score_block,Peds - Wechsler Abbreviated Scale of Intelligence,,text,,,,,,,,,y,,
wasi_t_score_similarities,Peds - Wechsler Abbreviated Scale of Intelligence,,text,,,,,,,,,y,,
wasi_verbal_iq,Peds - Wechsler Abbreviated Scale of Intelligence,,text,,,,,,,,,y,,
wasi_vocabulary_item11_score,Peds - Wechsler Abbreviated Scale of Intelligence,,dropdown,,"0, 0 | 1, 1 | 2, 2 | NA, NA",,,,,,,y,,
wasi_vocabulary_item13_score,Peds - Wechsler Abbreviated Scale of Intelligence,,dropdown,,"0, 0 | 1, 1 | 2, 2 | NA, NA",,,,,,,y,,
wasi_vocabulary_item15_score,Peds - Wechsler Abbreviated Scale of Intelligence,,dropdown,,"0, 0 | 1, 1 | 2, 2 | NA, NA",,,,,,,y,,
wasi_vocabulary_item17_score,Peds - Wechsler Abbreviated Scale of Intelligence,,dropdown,,"0, 0 | 1, 1 | 2, 2 | NA, NA",,,,,,,y,,
wasi_vocabulary_item19_score,Peds - Wechsler Abbreviated Scale of Intelligence,,dropdown,,"0, 0 | 1, 1 | 2, 2 | NA, NA",,,,,,,y,,
wasi_vocabulary_item20_score,Peds - Wechsler Abbreviated Scale of Intelligence,,dropdown,,"0, 0 | 1, 1 | 2, 2 | NA, NA",,,,,,,y,,
wasi_vocabulary_item23_score,Peds - Wechsler Abbreviated Scale of Intelligence,,dropdown,,"0, 0 | 1, 1 | 2, 2 | NA, NA",,,,,,,y,,
wasi_vocabulary_item25_score,Peds - Wechsler Abbreviated Scale of Intelligence,,dropdown,,"0, 0 | 1, 1 | 2, 2 | NA, NA",,,,,,,y,,
wasi_vocabulary_item26_score,Peds - Wechsler Abbreviated Scale of Intelligence,,dropdown,,"0, 0 | 1, 1 | 2, 2 | NA, NA",,,,,,,y,,
wasi_vocabulary_item28_score,Peds - Wechsler Abbreviated Scale of Intelligence,,dropdown,,"0, 0 | 1, 1 | 2, 2 | NA, NA",,,,,,,y,,
wasi_vocabulary_item29_score,Peds - Wechsler Abbreviated Scale of Intelligence,,dropdown,,"0, 0 | 1, 1 | 2, 2 | NA, NA",,,,,,,y,,
wasi_vocabulary_item30_score,Peds - Wechsler Abbreviated Scale of Intelligence,,dropdown,,"0, 0 | 1, 1 | 2, 2 | NA, NA",,,,,,,y,,
wasi_vocabulary_item32_score,Peds - Wechsler Abbreviated Scale of Intelligence,,dropdown,,"0, 0 | 1, 1 | 2, 2 | NA, NA",,,,,,,y,,
wasi_vocabulary_item34_score,Peds - Wechsler Abbreviated Scale of Intelligence,,dropdown,,"0, 0 | 1, 1 | 2, 2 | NA, NA",,,,,,,y,,
wasi_vocabulary_item35_score,Peds - Wechsler Abbreviated Scale of Intelligence,,dropdown,,"0, 0 | 1, 1 | 2, 2 | NA, NA",,,,,,,y,,
wasi_vocabulary_item37_score,Peds - Wechsler Abbreviated Scale of Intelligence,,dropdown,,"0, 0 | 1, 1 | 2, 2 | NA, NA",,,,,,,y,,
wasi_vocabulary_item38_score,Peds - Wechsler Abbreviated Scale of Intelligence,,dropdown,,"0, 0 | 1, 1 | 2, 2 | NA, NA",,,,,,,y,,
wasi_vocabulary_item3_score,Peds - Wechsler Abbreviated Scale of Intelligence,,dropdown,,"0, 0 | 1, 1 | NA, NA",,,,,,,y,,
wasi_vocabulary_item41_score,Peds - Wechsler Abbreviated Scale of Intelligence,,dropdown,,"0, 0 | 1, 1 | 2, 2 | NA, NA",,,,,,,y,,
wasi_vocabulary_item4_score,Peds - Wechsler Abbreviated Scale of Intelligence,,dropdown,,"0, 0 | 1, 1 | NA, NA",,,,,,,y,,
wasi_vocabulary_item6_score,Peds - Wechsler Abbreviated Scale of Intelligence,,dropdown,,"0, 0 | 1, 1 | 2, 2 | NA, NA",,,,,,,y,,
wasi_vocabulary_item8_score,Peds - Wechsler Abbreviated Scale of Intelligence,,dropdown,,"0, 0 | 1, 1 | 2, 2 | NA, NA",,,,,,,y,,
wasi_block_8_score,Peds - Wechsler Abbreviated Scale of Intelligence,,dropdown,,"0, 0 | 4, 4 | 5, 5 | 6, 6 | 7, 7 | NA, NA",,,,,,,y,,
wasi_block_9_score,Peds - Wechsler Abbreviated Scale of Intelligence,,dropdown,,"0, 0 | 4, 4 | 5, 5 | 6, 6 | 7, 7 | NA, NA",,,,,,,y,,
wasi_block_correct_design1,Peds - Wechsler Abbreviated Scale of Intelligence,,dropdown,,"Y, Y | N, N | NA, NA",,,,,,,y,,
wasi_block_correct_design10,Peds - Wechsler Abbreviated Scale of Intelligence,,dropdown,,"Y, Y | N, N | NA, NA",,,,,,,y,,
wasi_block_correct_design11,Peds - Wechsler Abbreviated Scale of Intelligence,,dropdown,,"Y, Y | N, N | NA, NA",,,,,,,y,,
wasi_block_correct_design4,Peds - Wechsler Abbreviated Scale of Intelligence,,dropdown,,"Y, Y | N, N | NA, NA",,,,,,,y,,
wasi_block_correct_design5,Peds - Wechsler Abbreviated Scale of Intelligence,,dropdown,,"Y, Y | N, N | NA, NA",,,,,,,y,,
wasi_block_correct_design6,Peds - Wechsler Abbreviated Scale of Intelligence,,dropdown,,"Y, Y | N, N | NA, NA",,,,,,,y,,
wasi_block_correct_design7,Peds - Wechsler Abbreviated Scale of Intelligence,,dropdown,,"Y, Y | N, N | NA, NA",,,,,,,y,,
wasi_block_correct_design9,Peds - Wechsler Abbreviated Scale of Intelligence,,dropdown,,"Y, Y | N, N | NA, NA",,,,,,,y,,
wasi_block_time_design10,Peds - Wechsler Abbreviated Scale of Intelligence,,text,,,,,,,,,y,,
wasi_block_time_design11,Peds - Wechsler Abbreviated Scale of Intelligence,,text,,,,,,,,,y,,
wasi_block_time_design1_trial1,Peds - Wechsler Abbreviated Scale of Intelligence,,text,,,,,,,,,y,,
wasi_block_time_design1_trial2,Peds - Wechsler Abbreviated Scale of Intelligence,,text,,,,,,,,,y,,
wasi_block_time_design2_trial1,Peds - Wechsler Abbreviated Scale of Intelligence,,text,,,,,,,,,y,,
wasi_block_time_design4_trial1,Peds - Wechsler Abbreviated Scale of Intelligence,,text,,,,,,,,,y,,
wasi_block_time_design4_trial2,Peds - Wechsler Abbreviated Scale of Intelligence,,text,,,,,,,,,y,,
wasi_block_time_design5,Peds - Wechsler Abbreviated Scale of Intelligence,,text,,,,,,,,,y,,
wasi_block_time_design6,Peds - Wechsler Abbreviated Scale of Intelligence,,text,,,,,,,,,y,,
wasi_block_time_design7,Peds - Wechsler Abbreviated Scale of Intelligence,,text,,,,,,,,,y,,
wasi_block_time_design8,Peds - Wechsler Abbreviated Scale of Intelligence,,text,,,,,,,,,y,,
wasi_block_time_design9,Peds - Wechsler Abbreviated Scale of Intelligence,,text,,,,,,,,,y,,
wasi_matrix_item12_response,Peds - Wechsler Abbreviated Scale of Intelligence,,dropdown,,"1, 1 | 2, 2 | 3, 3 | 4, 4 | 5, 5 | DK, DK | NA, NA",,,,,,,y,,
wasi_matrix_item12_score,Peds - Wechsler Abbreviated Scale of Intelligence,,dropdown,,"0, 0 | 1, 1 | NA, NA",,,,,,,y,,
wasi_matrix_item13_response,Peds - Wechsler Abbreviated Scale of Intelligence,,dropdown,,"1, 1 | 2, 2 | 3, 3 | 4, 4 | 5, 5 | DK, DK | NA, NA",,,,,,,y,,
wasi_matrix_item13_score,Peds - Wechsler Abbreviated Scale of Intelligence,,dropdown,,"0, 0 | 1, 1 | NA, NA",,,,,,,y,,
wasi_matrix_item14_response,Peds - Wechsler Abbreviated Scale of Intelligence,,dropdown,,"1, 1 | 2, 2 | 3, 3 | 4, 4 | 5, 5 | DK, DK | NA, NA",,,,,,,y,,
wasi_matrix_item14_score,Peds - Wechsler Abbreviated Scale of Intelligence,,dropdown,,"0, 0 | 1, 1 | NA, NA",,,,,,,y,,
wasi_matrix_item15_response,Peds - Wechsler Abbreviated Scale of Intelligence,,dropdown,,"1, 1 | 2, 2 | 3, 3 | 4, 4 | 5, 5 | DK, DK | NA, NA",,,,,,,y,,
wasi_matrix_item15_score,Peds - Wechsler Abbreviated Scale of Intelligence,,dropdown,,"0, 0 | 1, 1 | NA, NA",,,,,,,y,,
wasi_matrix_item16_response,Peds - Wechsler Abbreviated Scale of Intelligence,,dropdown,,"1, 1 | 2, 2 | 3, 3 | 4, 4 | 5, 5 | DK, DK | NA, NA",,,,,,,y,,
wasi_matrix_item16_score,Peds - Wechsler Abbreviated Scale of Intelligence,,dropdown,,"0, 0 | 1, 1 | NA, NA",,,,,,,y,,
wasi_matrix_item17_response,Peds - Wechsler Abbreviated Scale of Intelligence,,dropdown,,"1, 1 | 2, 2 | 3, 3 | 4, 4 | 5, 5 | DK, DK | NA, NA",,,,,,,y,,
wasi_matrix_item17_score,Peds - Wechsler Abbreviated Scale of Intelligence,,dropdown,,"0, 0 | 1, 1 | NA, NA",,,,,,,y,,
wasi_matrix_item18_response,Peds - Wechsler Abbreviated Scale of Intelligence,,dropdown,,"1, 1 | 2, 2 | 3, 3 | 4, 4 | 5, 5 | DK, DK | NA, NA",,,,,,,y,,
wasi_matrix_item1_response,Peds - Wechsler Abbreviated Scale of Intelligence,,dropdown,,"1, 1 | 2, 2 | 3, 3 | 4, 4 | 5, 5 | DK, DK | NA, NA",,,,,,,y,,
wasi_matrix_item1_score,Peds - Wechsler Abbreviated Scale of Intelligence,,dropdown,,"0, 0 | 1, 1 | NA, NA",,,,,,,y,,
wasi_matrix_item23_score,Peds - Wechsler Abbreviated Scale of Intelligence,,dropdown,,"0, 0 | 1, 1 | NA, NA",,,,,,,y,,
wasi_matrix_item24_response,Peds - Wechsler Abbreviated Scale of Intelligence,,dropdown,,"1, 1 | 2, 2 | 3, 3 | 4, 4 | 5, 5 | DK, DK | NA, NA",,,,,,,y,,
wasi_matrix_item24_score,Peds - Wechsler Abbreviated Scale of Intelligence,,dropdown,,"0, 0 | 1, 1 | NA, NA",,,,,,,y,,
wasi_matrix_item25_response,Peds - Wechsler Abbreviated Scale of Intelligence,,dropdown,,"1, 1 | 2, 2 | 3, 3 | 4, 4 | 5, 5 | DK, DK | NA, NA",,,,,,,y,,
wasi_matrix_item28_response,Peds - Wechsler Abbreviated Scale of Intelligence,,dropdown,,"1, 1 | 2, 2 | 3, 3 | 4, 4 | 5, 5 | DK, DK | NA, NA",,,,,,,y,,
wasi_matrix_item28_score,Peds - Wechsler Abbreviated Scale of Intelligence,,dropdown,,"0, 0 | 1, 1 | NA, NA",,,,,,,y,,
wasi_matrix_item29_response,Peds - Wechsler Abbreviated Scale of Intelligence,,dropdown,,"1, 1 | 2, 2 | 3, 3 | 4, 4 | 5, 5 | DK, DK | NA, NA",,,,,,,y,,
wasi_matrix_item29_score,Peds - Wechsler Abbreviated Scale of Intelligence,,dropdown,,"0, 0 | 1, 1 | NA, NA",,,,,,,y,,
wasi_matrix_item2_response,Peds - Wechsler Abbreviated Scale of Intelligence,,dropdown,,"1, 1 | 2, 2 | 3, 3 | 4, 4 | 5, 5 | DK, DK | NA, NA",,,,,,,y,,
wasi_matrix_item2_score,Peds - Wechsler Abbreviated Scale of Intelligence,,dropdown,,"0, 0 | 1, 1 | NA, NA",,,,,,,y,,
wasi_matrix_item30_response,Peds - Wechsler Abbreviated Scale of Intelligence,,dropdown,,"1, 1 | 2, 2 | 3, 3 | 4, 4 | 5, 5 | DK, DK | NA, NA",,,,,,,y,,
wasi_matrix_item30_score,Peds - Wechsler Abbreviated Scale of Intelligence,,dropdown,,"0, 0 | 1, 1 | NA, NA",,,,,,,y,,
wasi_matrix_item31_response,Peds - Wechsler Abbreviated Scale of Intelligence,,dropdown,,"1, 1 | 2, 2 | 3, 3 | 4, 4 | 5, 5 | DK, DK | NA, NA",,,,,,,y,,
wasi_matrix_item31_score,Peds - Wechsler Abbreviated Scale of Intelligence,,dropdown,,"0, 0 | 1, 1 | NA, NA",,,,,,,y,,
wasi_matrix_item32_response,Peds - Wechsler Abbreviated Scale of Intelligence,,dropdown,,"1, 1 | 2, 2 | 3, 3 | 4, 4 | 5, 5 | DK, DK | NA, NA",,,,,,,y,,
wasi_matrix_item32_score,Peds - Wechsler Abbreviated Scale of Intelligence,,dropdown,,"0, 0 | 1, 1 | NA, NA",,,,,,,y,,
wasi_matrix_item33_response,Peds - Wechsler Abbreviated Scale of Intelligence,,dropdown,,"1, 1 | 2, 2 | 3, 3 | 4, 4 | 5, 5 | DK, DK | NA, NA",,,,,,,y,,
wasi_matrix_item33_score,Peds - Wechsler Abbreviated Scale of Intelligence,,dropdown,,"0, 0 | 1, 1 | NA, NA",,,,,,,y,,
wasi_matrix_item34_response,Peds - Wechsler Abbreviated Scale of Intelligence,,dropdown,,"1, 1 | 2, 2 | 3, 3 | 4, 4 | 5, 5 | DK, DK | NA, NA",,,,,,,y,,
wasi_matrix_item34_score,Peds - Wechsler Abbreviated Scale of Intelligence,,dropdown,,"0, 0 | 1, 1 | NA, NA",,,,,,,y,,
wasi_matrix_item35_response,Peds - Wechsler Abbreviated Scale of Intelligence,,dropdown,,"1, 1 | 2, 2 | 3, 3 | 4, 4 | 5, 5 | DK, DK | NA, NA",,,,,,,y,,
wasi_matrix_item35_score,Peds - Wechsler Abbreviated Scale of Intelligence,,dropdown,,"0, 0 | 1, 1 | NA, NA",,,,,,,y,,
wasi_matrix_item3_response,Peds - Wechsler Abbreviated Scale of Intelligence,,dropdown,,"1, 1 | 2, 2 | 3, 3 | 4, 4 | 5, 5 | DK, DK | NA, NA",,,,,,,y,,
wasi_matrix_item3_score,Peds - Wechsler Abbreviated Scale of Intelligence,,dropdown,,"0, 0 | 1, 1 | NA, NA",,,,,,,y,,
wasi_matrix_item4_response,Peds - Wechsler Abbreviated Scale of Intelligence,,dropdown,,"1, 1 | 2, 2 | 3, 3 | 4, 4 | 5, 5 | DK, DK | NA, NA",,,,,,,y,,
wasi_matrix_item4_score,Peds - Wechsler Abbreviated Scale of Intelligence,,dropdown,,"0, 0 | 1, 1 | NA, NA",,,,,,,y,,
wasi_matrix_item5_response,Peds - Wechsler Abbreviated Scale of Intelligence,,dropdown,,"1, 1 | 2, 2 | 3, 3 | 4, 4 | 5, 5 | DK, DK | NA, NA",,,,,,,y,,
wasi_matrix_item5_score,Peds - Wechsler Abbreviated Scale of Intelligence,,dropdown,,"0, 0 | 1, 1 | NA, NA",,,,,,,y,,
wasi_matrix_item6_response,Peds - Wechsler Abbreviated Scale of Intelligence,,dropdown,,"1, 1 | 2, 2 | 3, 3 | 4, 4 | 5, 5 | DK, DK | NA, NA",,,,,,,y,,
wasi_matrix_item6_score,Peds - Wechsler Abbreviated Scale of Intelligence,,dropdown,,"0, 0 | 1, 1 | NA, NA",,,,,,,y,,
wasi_matrix_item7_response,Peds - Wechsler Abbreviated Scale of Intelligence,,dropdown,,"1, 1 | 2, 2 | 3, 3 | 4, 4 | 5, 5 | DK, DK | NA, NA",,,,,,,y,,
wasi_matrix_item7_score,Peds - Wechsler Abbreviated Scale of Intelligence,,dropdown,,"0, 0 | 1, 1 | NA, NA",,,,,,,y,,
wasi_matrix_item8_response,Peds - Wechsler Abbreviated Scale of Intelligence,,dropdown,,"1, 1 | 2, 2 | 3, 3 | 4, 4 | 5, 5 | DK, DK | NA, NA",,,,,,,y,,
wasi_matrix_item8_score,Peds - Wechsler Abbreviated Scale of Intelligence,,dropdown,,"0, 0 | 1, 1 | NA, NA",,,,,,,y,,
wasi_matrix_item9_response,Peds - Wechsler Abbreviated Scale of Intelligence,,dropdown,,"1, 1 | 2, 2 | 3, 3 | 4, 4 | 5, 5 | DK, DK | NA, NA",,,,,,,y,,
wasi_matrix_item9_score,Peds - Wechsler Abbreviated Scale of Intelligence,,dropdown,,"0, 0 | 1, 1 | NA, NA",,,,,,,y,,
wasi_similarities_item10_score,Peds - Wechsler Abbreviated Scale of Intelligence,,dropdown,,"0, 0 | 1, 1 | 2, 2 | NA, NA",,,,,,,y,,
wasi_similarities_item11_score,Peds - Wechsler Abbreviated Scale of Intelligence,,dropdown,,"0, 0 | 1, 1 | 2, 2 | NA, NA",,,,,,,y,,
wasi_similarities_item12_score,Peds - Wechsler Abbreviated Scale of Intelligence,,dropdown,,"0, 0 | 1, 1 | 2, 2 | NA, NA",,,,,,,y,,
wasi_similarities_item13_score,Peds - Wechsler Abbreviated Scale of Intelligence,,dropdown,,"0, 0 | 1, 1 | 2, 2 | NA, NA",,,,,,,y,,
wasi_similarities_item14_score,Peds - Wechsler Abbreviated Scale of Intelligence,,dropdown,,"0, 0 | 1, 1 | 2, 2 | NA, NA",,,,,,,y,,
wasi_similarities_item15_score,Peds - Wechsler Abbreviated Scale of Intelligence,,dropdown,,"0, 0 | 1, 1 | 2, 2 | NA, NA",,,,,,,y,,
wasi_similarities_item1_score,Peds - Wechsler Abbreviated Scale of Intelligence,,dropdown,,"0, 0 | 1, 1 | NA, NA",,,,,,,y,,
wasi_similarities_item20_score,Peds - Wechsler Abbreviated Scale of Intelligence,,dropdown,,"0, 0 | 1, 1 | 2, 2 | NA, NA",,,,,,,y,,
wasi_similarities_item22_score,Peds - Wechsler Abbreviated Scale of Intelligence,,dropdown,,"0, 0 | 1, 1 | 2, 2 | NA, NA",,,,,,,y,,
wasi_similarities_item23_score,Peds - Wechsler Abbreviated Scale of Intelligence,,dropdown,,"0, 0 | 1, 1 | 2, 2 | NA, NA",,,,,,,y,,
wasi_similarities_item25_score,Peds - Wechsler Abbreviated Scale of Intelligence,,dropdown,,"0, 0 | 1, 1 | 2, 2 | NA, NA",,,,,,,y,,
wasi_similarities_item3_score,Peds - Wechsler Abbreviated Scale of Intelligence,,dropdown,,"0, 0 | 1, 1 | NA, NA",,,,,,,y,,
wasi_similarities_item4_score,Peds - Wechsler Abbreviated Scale of Intelligence,,dropdown,,"0, 0 | 1, 1 | NA, NA",,,,,,,y,,
wasi_similarities_item5_score,Peds - Wechsler Abbreviated Scale of Intelligence,,dropdown,,"0, 0 | 1, 1 | 2, 2 | NA, NA",,,,,,,y,,
wasi_similarities_item9_score,Peds - Wechsler Abbreviated Scale of Intelligence,,dropdown,,"0, 0 | 1, 1 | 2, 2 | NA, NA",,,,,,,y,,
wasi_sum_t_scores_full_scale,Peds - Wechsler Abbreviated Scale of Intelligence,,text,,,,,,,,,y,,
wasi_sum_t_scores_verbal_scale,Peds - Wechsler Abbreviated Scale of Intelligence,,text,,,,,,,,,y,,
wasi_total_raw_score_block,Peds - Wechsler Abbreviated Scale of Intelligence,,text,,,,,,,,,y,,
wasi_total_raw_score_similar,Peds - Wechsler Abbreviated Scale of Intelligence,,text,,,,,,,,,y,,
wasi_t_score_matrix,Peds - Wechsler Abbreviated Scale of Intelligence,,text,,,,,,,,,y,,
wasi_t_score_vocabulary,Peds - Wechsler Abbreviated Scale of Intelligence,,text,,,,,,,,,y,,
wasi_vocabulary_item10_score,Peds - Wechsler Abbreviated Scale of Intelligence,,dropdown,,"0, 0 | 1, 1 | 2, 2 | NA, NA",,,,,,,y,,
wasi_vocabulary_item12_score,Peds - Wechsler Abbreviated Scale of Intelligence,,dropdown,,"0, 0 | 1, 1 | 2, 2 | NA, NA",,,,,,,y,,
wasi_vocabulary_item14_score,Peds - Wechsler Abbreviated Scale of Intelligence,,dropdown,,"0, 0 | 1, 1 | 2, 2 | NA, NA",,,,,,,y,,
wasi_vocabulary_item16_score,Peds - Wechsler Abbreviated Scale of Intelligence,,dropdown,,"0, 0 | 1, 1 | 2, 2 | NA, NA",,,,,,,y,,
wasi_vocabulary_item18_score,Peds - Wechsler Abbreviated Scale of Intelligence,,dropdown,,"0, 0 | 1, 1 | 2, 2 | NA, NA",,,,,,,y,,
wasi_vocabulary_item1_score,Peds - Wechsler Abbreviated Scale of Intelligence,,dropdown,,"0, 0 | 1, 1 | NA, NA",,,,,,,y,,
wasi_vocabulary_item21_score,Peds - Wechsler Abbreviated Scale of Intelligence,,dropdown,,"0, 0 | 1, 1 | 2, 2 | NA, NA",,,,,,,y,,
wasi_vocabulary_item22_score,Peds - Wechsler Abbreviated Scale of Intelligence,,dropdown,,"0, 0 | 1, 1 | 2, 2 | NA, NA",,,,,,,y,,
wasi_vocabulary_item24_score,Peds - Wechsler Abbreviated Scale of Intelligence,,dropdown,,"0, 0 | 1, 1 | 2, 2 | NA, NA",,,,,,,y,,
wasi_vocabulary_item27_score,Peds - Wechsler Abbreviated Scale of Intelligence,,dropdown,,"0, 0 | 1, 1 | 2, 2 | NA, NA",,,,,,,y,,
wasi_vocabulary_item2_score,Peds - Wechsler Abbreviated Scale of Intelligence,,dropdown,,"0, 0 | 1, 1 | NA, NA",,,,,,,y,,
wasi_vocabulary_item31_score,Peds - Wechsler Abbreviated Scale of Intelligence,,dropdown,,"0, 0 | 1, 1 | 2, 2 | NA, NA",,,,,,,y,,
wasi_vocabulary_item33_score,Peds - Wechsler Abbreviated Scale of Intelligence,,dropdown,,"0, 0 | 1, 1 | 2, 2 | NA, NA",,,,,,,y,,
wasi_vocabulary_item36_score,Peds - Wechsler Abbreviated Scale of Intelligence,,dropdown,,"0, 0 | 1, 1 | 2, 2 | NA, NA",,,,,,,y,,
wasi_vocabulary_item39_score,Peds - Wechsler Abbreviated Scale of Intelligence,,dropdown,,"0, 0 | 1, 1 | 2, 2 | NA, NA",,,,,,,y,,
wasi_vocabulary_item40_score,Peds - Wechsler Abbreviated Scale of Intelligence,,dropdown,,"0, 0 | 1, 1 | 2, 2 | NA, NA",,,,,,,y,,
