Variable / Field Name,Form Name,Section Header,Field Type,Field Label,"Choices, Calculations, OR Slider Labels",Field Note,Text Validation Type OR Show Slider Number,Text Validation Min,Text Validation Max,Identifier?,Branching Logic (Show field only if...),Required Field?,Custom Alignment,Question Number (surveys only)
subjectkey,CPEA STAART Concomitant Therapies,,text,The NDAR Global Unique Identifier (GUID) for subjects which identifies a subject in NDAR,,,,,,,,,,
patid,CPEA STAART Concomitant Therapies,,text,src_Subject_id,,Patient IDs were assigned at the research site for CPEA and STAART,,,,,,y,,
cycle,CPEA STAART Concomitant Therapies,,text,Timepoint information,,,,,,,,y,,
phase,CPEA STAART Concomitant Therapies,,dropdown,Phase,"1, 1 |  2,  2 |  3,  3 |  4,  4",,,,,,,y,,
q14_date,CPEA STAART Concomitant Therapies,,text,Date,,Required Field. SAS Date,,,,,,y,,
q14_ratr,CPEA STAART Concomitant Therapies,,text,Rater Name,,"The name of the staff member who administered the form. If the form was filled out by the guardian or teacher, the CC¿s name should be entered as Rater.",,,,,,y,,
14_ratr,CPEA STAART Concomitant Therapies,,text,Rater Name,,"The name of the staff member who administered the form. If the form was filled out by the guardian or teacher, the CC¿s name should be entered as Rater.",,,,,,y,,
q14_prif,CPEA STAART Concomitant Therapies,,dropdown,Primary Source: Father,"0, 0 |  -1,  -1",Checl if father is primary source,,,,,,y,,
q14_pric,CPEA STAART Concomitant Therapies,,dropdown,Primary Source: Child,"0, 0 |  -1,  -1",Check if child is primary source,,,,,,y,,
q14_prio,CPEA STAART Concomitant Therapies,,dropdown,Primary Source: Other,"0, 0 |  -1,  -1","Check if primary source not mother, father, child or teacher.",,,,,,y,,
q14_pr_s,CPEA STAART Concomitant Therapies,,text,Other Primary Source specified,,Complete if q14_prio is checked,,,,,,y,,
q14_parm,CPEA STAART Concomitant Therapies,,dropdown,Participants present: Mother,"0, 0 |  -1,  -1",Check if mother is present during assessment. If Teacher is primary source this item should be left blank,,,,,,y,,
q14_parf,CPEA STAART Concomitant Therapies,,dropdown,Participants present: Father,"0, 0 |  -1,  -1",Check if father is present during assessment. If Teacher is primary source this item should be left blank,,,,,,y,,
q14_parc,CPEA STAART Concomitant Therapies,,dropdown,Participants present: Child,"0, 0 |  -1,  -1",Check if chid is present during assessment. If Teacher is primary source this item should be left blank,,,,,,y,,
q14_paro,CPEA STAART Concomitant Therapies,,dropdown,Participants present: Other,"0, 0 |  -1,  -1","If Teacher is primary source, this item should be left blank. If administered by phone, q14_paro should be checked and PHONE should be written in q14_pa_s",,,,,,y,,
q14_pa_s,CPEA STAART Concomitant Therapies,,text,Other Participants present specified,,Complete if q14_paro is checked,,,,,,y,,
q14_1,CPEA STAART Concomitant Therapies,,dropdown,Anything upsetting happened: Past 3 months,"0, 0 |  1,  1 |  -7,  -7 |  -8,  -8 |  -9,  -9","Field should not be left blank. If missing, please use -7,8, -9.",,,,,,y,,
q14_1_s1,CPEA STAART Concomitant Therapies,,text,Anything upsetting happened: Past 3 months comments,,"Complete if q14_1 = 1. Skip if answer is = 0, -7, -8, -9",,,,,,y,,
q14_1_s2,CPEA STAART Concomitant Therapies,,text,Anything upsetting happened: Past 3 months time frame,,Complete if q14_1 = 1. Complete only at screener visit.,,,,,,y,,
q14_2,CPEA STAART Concomitant Therapies,,dropdown,Child's diet changed: Past 3 months,"0, 0 |  1,  1 |  -7,  -7 |  -8,  -8 |  -9,  -9","Field should not be left blank. If missing, please use -7,8, -9.",,,,,,y,,
q14_2_s1,CPEA STAART Concomitant Therapies,,text,Child's diet changed: Past 3 months comments,,"Complete if q14_2 = 1. Skip if answer = 0, -7, -8, -9",,,,,,y,,
q14_2_s2,CPEA STAART Concomitant Therapies,,text,Child's diet changed: Past 3 months time frame,,Complete if q14_2 = 1. Complete only at screener visit,,,,,,y,,
q14_3,CPEA STAART Concomitant Therapies,,dropdown,Nutritional supplements: Past 3 months,"0, 0 |  1,  1 |  -7,  -7 |  -8,  -8 |  -9,  -9","Field should not be left blank. If missing, please use -7,8, -9.",,,,,,y,,
q14_3_s1,CPEA STAART Concomitant Therapies,,text,Nutritional supplements: Past 3 months comments,,"Complete if q14_3 = 1. Skip if answer = 0, -7, -8, -9",,,,,,y,,
q14_3_s2,CPEA STAART Concomitant Therapies,,text,Nutritional supplements: Past 3 months time frame,,Complete if q14_3 = 1. Complete only at screener visit,,,,,,y,,
q14_4a,CPEA STAART Concomitant Therapies,,dropdown,Other service: ABA/LOVAAS,"0, 0 |  1,  1 |  -7,  -7 |  -8,  -8 |  -9,  -9","Field should not be left blank. If missing, please use -7,8, -9.",,,,,,y,,
q14_4a1,CPEA STAART Concomitant Therapies,,text,ABA/LOVAAS: # Hours per week,"0.0 to 99.99, 0.0 to 99.99 |  -7,  -7 |  -8,  -8 |  -9,  -9",Complete only at Screener visit. Complete if q14_4a = 1,,,,,,y,,
q14_4a2,CPEA STAART Concomitant Therapies,,dropdown,ABA/LOVAAS: Changed since last visit,"0, 0 |  1,  1 |  -7,  -7 |  -8,  -8 |  -9,  -9",Complete if q14_4a = 1. should only be completed at follow up visits only (not at screener),,,,,,y,,
q14_4_s1,CPEA STAART Concomitant Therapies,,text,ABA/LOVAAS: How have services changed,,Complete if q14_4a2 = 1. Complete only at follow up visits,,,,,,y,,
q14_4b,CPEA STAART Concomitant Therapies,,dropdown,Other service: After-school aide,"0, 0 |  1,  1 |  -7,  -7 |  -8,  -8 |  -9,  -9","Field should not be left blank. If missing, please use -7,8, -9.",,,,,,y,,
q14_4b1,CPEA STAART Concomitant Therapies,,text,After-school aide: # Hours per week,"0.0 to 99.99, 0.0 to 99.99 |  -7,  -7 |  -8,  -8 |  -9,  -9",Complete only at Screener visit. Complete if q14_4b = 1,,,,,,y,,
q14_4b2,CPEA STAART Concomitant Therapies,,dropdown,After-school aide: Changed since last visit,"0, 0 |  1,  1 |  -7,  -7 |  -8,  -8 |  -9,  -9",Complete if q14_4b = 1. should only be completed at follow up visits only (not at screener),,,,,,y,,
q14_4_s2,CPEA STAART Concomitant Therapies,,text,After-school aide: How have services changed,,Complete if q14_4b2 = 1. Complete only at follow up visits,,,,,,y,,
q14_4c,CPEA STAART Concomitant Therapies,,dropdown,Other service: Adaptive PE,"0, 0 |  1,  1 |  -7,  -7 |  -8,  -8 |  -9,  -9","Field should not be left blank. If missing, please use -7,8, -9.",,,,,,y,,
q14_4c1,CPEA STAART Concomitant Therapies,,text,Adaptive PE: # Hours per week,"0.0 to 99.99, 0.0 to 99.99 |  -7,  -7 |  -8,  -8 |  -9,  -9",Complete only at Screener visit. Complete if q14_4c = 1,,,,,,y,,
q14_4c2,CPEA STAART Concomitant Therapies,,dropdown,Adaptive PE: Changed since last visit,"0, 0 |  1,  1 |  -7,  -7 |  -8,  -8 |  -9,  -9",Complete if q14_4c = 1. should only be completed at follow up visits only (not at screener),,,,,,y,,
q14_4_s3,CPEA STAART Concomitant Therapies,,text,Adaptive PE: How have services changed,,Complete if q14_4c2 = 1. Complete only at follow up visits,,,,,,y,,
q14_4d,CPEA STAART Concomitant Therapies,,dropdown,Other service: Crisis management,"0, 0 |  1,  1 |  -7,  -7 |  -8,  -8 |  -9,  -9","Field should not be left blank. If missing, please use -7,8, -9.",,,,,,y,,
q14_4d2,CPEA STAART Concomitant Therapies,,dropdown,Crisis management: Changed since last visit,"0, 0 |  1,  1 |  -7,  -7 |  -8,  -8 |  -9,  -9",Complete if q14_4d = 1. should only be completed at follow up visits only (not at screener),,,,,,y,,
q14_4_s4,CPEA STAART Concomitant Therapies,,text,Crisis management: How have services changed,,Complete if q14_4d2 = 1. Complete only at follow up visits,,,,,,y,,
q14_4e,CPEA STAART Concomitant Therapies,,dropdown,Other service: IEP,"0, 0 |  1,  1 |  -7,  -7 |  -8,  -8 |  -9,  -9","Field should not be left blank. If missing, please use -7,8, -9.",,,,,,y,,
q14_4e2,CPEA STAART Concomitant Therapies,,dropdown,IEP: Changed since last visit,"0, 0 |  1,  1 |  -7,  -7 |  -8,  -8 |  -9,  -9",Complete if q14_4e = 1. should only be completed at follow up visits only (not at screener),,,,,,y,,
q14_4_s5,CPEA STAART Concomitant Therapies,,text,IEP: How have services changed,,Complete if q14_4e2 = 1. Complete only at follow up visits,,,,,,y,,
q14_4f,CPEA STAART Concomitant Therapies,,dropdown,Other service: Occupational therapy,"0, 0 |  1,  1 |  -7,  -7 |  -8,  -8 |  -9,  -9","Field should not be left blank. If missing, please use -7,8, -9.",,,,,,y,,
q14_4f1,CPEA STAART Concomitant Therapies,,text,Occupational therapy: # Hours per week,"0.0 to 99.99, 0.0 to 99.99 |  -7,  -7 |  -8,  -8 |  -9,  -9",Complete only at Screener visit. Complete if q14_4f = 1,,,,,,y,,
q14_4f2,CPEA STAART Concomitant Therapies,,dropdown,Occupational therapy: Changed since last visit,"0, 0 |  1,  1 |  -7,  -7 |  -8,  -8 |  -9,  -9",Complete if q14_4f = 1. should only be completed at follow up visits only (not at screener),,,,,,y,,
q14_4_s6,CPEA STAART Concomitant Therapies,,text,Occupational therapy: How have services changed,,Complete if q14_4f2 = 1. Complete only at follow up visits,,,,,,y,,
q14_4g,CPEA STAART Concomitant Therapies,,dropdown,Other service: Other behavior modification,"0, 0 |  1,  1 |  -7,  -7 |  -8,  -8 |  -9,  -9","Field should not be left blank. If missing, please use -7,8, -9.",,,,,,y,,
q14_4g1,CPEA STAART Concomitant Therapies,,text,Other behavior modification: # Hours per week,"0.0 to 99.99, 0.0 to 99.99 |  -7,  -7 |  -8,  -8 |  -9,  -9",Complete only at Screener visit. Complete if q14_4g = 1,,,,,,y,,
q14_4g2,CPEA STAART Concomitant Therapies,,dropdown,Other behavior modification: Change since last visit,"0, 0 |  1,  1 |  -7,  -7 |  -8,  -8 |  -9,  -9",Complete if q14_4g = 1. should only be completed at follow up visits only (not at screener),,,,,,y,,
q14_4_s7,CPEA STAART Concomitant Therapies,,text,Other behavior modification: How have services changed,,Complete if q14_4g2 = 1. Complete only at follow up visits,,,,,,y,,
q14_4h,CPEA STAART Concomitant Therapies,,dropdown,Other service: Physical therapy,"0, 0 |  1,  1 |  -7,  -7 |  -8,  -8 |  -9,  -9","Field should not be left blank. If missing, please use -7,8, -9.",,,,,,y,,
q14_4h1,CPEA STAART Concomitant Therapies,,text,Physical therapy: # Hours per week,"0.0 to 99.99, 0.0 to 99.99 |  -7,  -7 |  -8,  -8 |  -9,  -9",Complete only at Screener visit. Complete if q14_4h = 1,,,,,,y,,
q14_4h2,CPEA STAART Concomitant Therapies,,dropdown,Physical therapy: Changed since last visit,"0, 0 |  1,  1 |  -7,  -7 |  -8,  -8 |  -9,  -9",Complete if q14_4h = 1. should only be completed at follow up visits only (not at screener),,,,,,y,,
q14_4_s8,CPEA STAART Concomitant Therapies,,text,Physical therapy: How have services changed,,Complete if q14_4h2 = 1. Complete only at follow up visits,,,,,,y,,
q14_4i,CPEA STAART Concomitant Therapies,,dropdown,Other service: Sensory integration,"0, 0 |  1,  1 |  -7,  -7 |  -8,  -8 |  -9,  -9","Field should not be left blank. If missing, please use -7,8, -9.",,,,,,y,,
q14_4i1,CPEA STAART Concomitant Therapies,,text,Sensory integration: # Hours per week,"0.0 to 99.99, 0.0 to 99.99 |  -7,  -7 |  -8,  -8 |  -9,  -9",Complete only at Screener visit. Complete if q14_4i = 1,,,,,,y,,
q14_4i2,CPEA STAART Concomitant Therapies,,dropdown,Sensory integration: Changed since last visit,"0, 0 |  1,  1 |  -7,  -7 |  -8,  -8 |  -9,  -9",Complete if q14_4i = 1. should only be completed at follow up visits only (not at screener),,,,,,y,,
q14_4_s9,CPEA STAART Concomitant Therapies,,text,Sensory integration: How have services changed,,Complete if q14_4i2 = 1. Complete only at follow up visits,,,,,,y,,
q14_4j,CPEA STAART Concomitant Therapies,,dropdown,Other service: Social skills training,"0, 0 |  1,  1 |  -7,  -7 |  -8,  -8 |  -9,  -9","Field should not be left blank. If missing, please use -7,8, -9.",,,,,,y,,
q14_4j1,CPEA STAART Concomitant Therapies,,text,Social skills training: # Hours per week,"0.0 to 99.99, 0.0 to 99.99 |  -7,  -7 |  -8,  -8 |  -9,  -9",Complete only at Screener visit. Complete if q14_4j = 1,,,,,,y,,
q14_4j2,CPEA STAART Concomitant Therapies,,dropdown,Social skills training: Changed since last visit,"0, 0 |  1,  1 |  -7,  -7 |  -8,  -8 |  -9,  -9",Complete if q14_4j = 1. should only be completed at follow up visits only (not at screener),,,,,,y,,
q14_4_s10,CPEA STAART Concomitant Therapies,,text,"Social skills training: How have services changed""",,Complete if q14_4j2 = 1. Complete only at follow up visits,,,,,,y,,
q14_4k,CPEA STAART Concomitant Therapies,,dropdown,Other service: Speech therapy,"0, 0 |  1,  1 |  -7,  -7 |  -8,  -8 |  -9,  -9","Field should not be left blank. If missing, please use -7,8, -9.",,,,,,y,,
q14_4k1,CPEA STAART Concomitant Therapies,,text,"Speech therapy: # Hours per week""","0.0 to 99.99, 0.0 to 99.99 |  -7,  -7 |  -8,  -8 |  -9,  -9",Complete only at Screener visit. Complete if q14_4k = 1,,,,,,y,,
q14_4k2,CPEA STAART Concomitant Therapies,,dropdown,"Speech therapy: Changed since last visit""","0, 0 |  1,  1 |  -7,  -7 |  -8,  -8 |  -9,  -9",Complete if q1_4k = 1. should only be completed at follow up visits only (not at screener),,,,,,y,,
q14_4_s11,CPEA STAART Concomitant Therapies,,text,Speech therapy: How have services changed,,Complete if q14_4k2 = 1. Complete only at follow up visits,,,,,,y,,
q14_4l,CPEA STAART Concomitant Therapies,,dropdown,Other service: TEACCH sessions,"0, 0 |  1,  1 |  -7,  -7 |  -8,  -8 |  -9,  -9","Field should not be left blank. If missing, please use -7,8, -9.",,,,,,y,,
q14_4l1,CPEA STAART Concomitant Therapies,,text,TEACCH sessions: # Hours per week,"0.0 to 99.99, 0.0 to 99.99 |  -7,  -7 |  -8,  -8 |  -9,  -9",Complete only at Screener visit. Complete if q14_4l =1,,,,,,y,,
q14_4l2,CPEA STAART Concomitant Therapies,,dropdown,TEACCH sessions: Changed since last visit,"0, 0 |  1,  1 |  -7,  -7 |  -8,  -8 |  -9,  -9",Complete if q14_4l = 1. should only be completed at follow up visits only (not at screener),,,,,,y,,
q14_4_s12,CPEA STAART Concomitant Therapies,,text,TEACCH sessions: How have services changed,,Complete if q14_4l2 = 1. Complete only at follow up visits,,,,,,y,,
q14_4m,CPEA STAART Concomitant Therapies,,dropdown,Other service: Other,"0, 0 |  1,  1 |  -7,  -7 |  -8,  -8 |  -9,  -9","Field should not be left blank. If missing, please use -7,8, -9.",,,,,,y,,
q14_4_s13,CPEA STAART Concomitant Therapies,,text,Other service: Other Specify,,Complete if q14_4m = 1,,,,,,y,,
q14_4m1,CPEA STAART Concomitant Therapies,,text,Other: # Hours per week,"0.0 to 99.99, 0.0 to 99.99 |  -7,  -7 |  -8,  -8 |  -9,  -9",Complete only at Screener visit. Complete if q14_4m = 1,,,,,,y,,
q14_4m2,CPEA STAART Concomitant Therapies,,dropdown,Other: Changed since last visit,"0, 0 |  1,  1 |  -7,  -7 |  -8,  -8 |  -9,  -9",Complete if q14_4m = 1. should only be completed at follow up visits only (not at screener),,,,,,y,,
q14_4_s14,CPEA STAART Concomitant Therapies,,text,Other service: How have services changed,,Complete if q14_ml2 = 1. Complete only at follow up visits,,,,,,y,,
q14_5,CPEA STAART Concomitant Therapies,,dropdown,Has child taken any meds: Past 3 months,"0, 0 |  1,  1 |  -7,  -7 |  -8,  -8 |  -9,  -9","Field should not be left blank. If missing, please use -7,8, -9.",,,,,,y,,
q14_med_codeid,CPEA STAART Concomitant Therapies,,text,Medication Code,,"Use Medication Coding Document. ¿Other¿ codes (e.g., 199, 299, 399) may be used more than once if the participant is on more than one medication that is not listed in a classification group. If there is a change in the number of times per day (q14_time) or dose (q14_qty or q14_unit) of an existing medication, the original entry must be closed out and a new entry started. If an existing medication is no longer being taken, the original entry must be closed out.",number,101,2099,,,y,,
4_med_codeid,CPEA STAART Concomitant Therapies,,text,Medication Code,,"Use Medication Coding Document. ¿Other¿ codes (e.g., 199, 299, 399) may be used more than once if the participant is on more than one medication that is not listed in a classification group. If there is a change in the number of times per day (q14_time) or dose (q14_qty or q14_unit) of an existing medication, the original entry must be closed out and a new entry started. If an existing medication is no longer being taken, the original entry must be closed out.",number,101,2099,,,y,,
q14_time,CPEA STAART Concomitant Therapies,,text,Times per day,,Complete if q14_5 = 1,,,,,,y,,
q14_qty,CPEA STAART Concomitant Therapies,,text,Dose: Quantity,"0.0 to 325, 0.0 to 325 |  -7,  -7 |  -8,  -8 |  -9,  -9 | , ",Complete if q14_5 = 1,,,,,,y,,
q14_unit,CPEA STAART Concomitant Therapies,,text,Dose: Unit,,Complete if q14_5 = 1,,,,,,y,,
q14_tak,CPEA STAART Concomitant Therapies,,dropdown,Currently Taking,"0, 0 |  -1,  -1",Complete if q14_5 = 1,,,,,,y,,
q14_stop,CPEA STAART Concomitant Therapies,,text,"If no, Date Stopped",,"Complete if q14_5 = 1.Do not complete if q14_tak is selected, SAS Date",,,,,,y,,
