Variable / Field Name,Form Name,Section Header,Field Type,Field Label,"Choices, Calculations, OR Slider Labels",Field Note,Text Validation Type OR Show Slider Number,Text Validation Min,Text Validation Max,Identifier?,Branching Logic (Show field only if...),Required Field?,Custom Alignment,Question Number (surveys only)
subjectkey,Smarties Task 2005,,text,The NDAR Global Unique Identifier (GUID) for subjects which identifies a subject in NDAR,,,,,,,,y,,
src_subject_id,Smarties Task 2005,Header,text,The site's subject identification,,,,,,,,y,,
interview_date,Smarties Task 2005,,text,Date on which the interview/genetic test/sampling/imaging was completed,"MM/yyyy, MM/yyyy | MM/dd/yyyy, MM/dd/yyyy",* '01/01/1900' indicates that a date associated with retrospective data is not known.,date_ymd,,,,,y,,
interview_age,Smarties Task 2005,,text,Age in months at the time of the interview/test/sampling/imaging.,,Age is rounded to chronological month If the research participant is 13 days old at time of interview  the appropriate value would be 0 months if the participant is 19 days old the value would be 1 month,number,0,1200,,,y,,
comments_misc,Smarties Task 2005,,text,"Miscellaneous comments on study, interview, methodology relevant to this form data",,,,,,,,,,
untestable,Smarties Task 2005,,dropdown,Was the patient untestable?,"Yes, Yes | No, No | N/A, N/A",,,,,,,,,
untestable_reason,Smarties Task 2005,,text,what was the reason he/she was untestable?,,,,,,,,,,
smt_bandaid_sock_reality,Smarties Task 2005,Band-Aid/Sock,dropdown,BAND-AID/SOCK: What's really in the box?,"0, 0 | 1, 1",,,,,,,y,,
smt_bandaid_sock_memory,Smarties Task 2005,,dropdown,BAND-AID/SOCK: What did you think was inside?,"0, 0 | 1, 1",,,,,,,y,,
smt_bandaid_sock_false1,Smarties Task 2005,,dropdown,BAND-AID/SOCK: Will [twin] know what's in the box?,"0, 0 | 1, 1",,,,,,,y,,
smt_bandaid_sock_false2,Smarties Task 2005,,dropdown,BAND-AID/SOCK: What will [twin] think is in the box?,"0, 0 | 1, 1",,,,,,,y,,
smt_bandaid_sock_score,Smarties Task 2005,,text,BAND-AID/SOCK: Score,,,number,0,4,,,y,,
smt_crayons_car_reality,Smarties Task 2005,Crayons/Car,dropdown,CRAYONS/CAR: What's really in the box?,"0, 0 | 1, 1",,,,,,,y,,
smt_crayons_car_memory,Smarties Task 2005,,dropdown,CRAYONS/CAR: What did you think was inside?,"0, 0 | 1, 1",,,,,,,y,,
smt_crayons_car_false1,Smarties Task 2005,,dropdown,CRAYONS/CAR: Will [twin] know what's inside the box?,"0, 0 | 1, 1",,,,,,,y,,
smt_crayons_car_false2,Smarties Task 2005,,dropdown,CRAYONS/CAR: What will [twin] think is in the box?,"0, 0 | 1, 1",,,,,,,y,,
smt_crayons_car_score,Smarties Task 2005,,text,CRAYONS/CAR: Score,,,number,0,4,,,y,,
smt_total_score,Smarties Task 2005,Score Summary,text,Total Score,,,number,0,8,,,y,,
