Variable / Field Name,Form Name,Section Header,Field Type,Field Label,"Choices, Calculations, OR Slider Labels",Field Note,Text Validation Type OR Show Slider Number,Text Validation Min,Text Validation Max,Identifier?,Branching Logic (Show field only if...),Required Field?,Custom Alignment,Question Number (surveys only)
subjectkey,Wechsler Intelligence Scale for Children - IV [part 4],Header,text,,,,,,,,,y,,
assess_join_var,Wechsler Intelligence Scale for Children - IV [part 4],,text,,,,,,,,,y,,
src_subject_id,Wechsler Intelligence Scale for Children - IV [part 4],,text,,,,,,,,,y,,
interview_date,Wechsler Intelligence Scale for Children - IV [part 4],,text,,"MM/yyyy, MM/yyyy | MM/dd/yyyy, MM/dd/yyyy",* '01/01/1900' indicates that a date associated with retrospective data is not known.,date_ymd,,,,,y,,
interview_age,Wechsler Intelligence Scale for Children - IV [part 4],,text,,,Age is rounded to chronological month If the research participant is 13 days old at time of interview  the appropriate value would be 0 months if the participant is 19 days old the value would be 1 month,number,0,1200,,,y,,
gender,Wechsler Intelligence Scale for Children - IV [part 4],,dropdown,,"M, M | F, F",,,,,,,y,,
comments_misc,Wechsler Intelligence Scale for Children - IV [part 4],,text,,,,,,,,,,,
codingcopy_001,Wechsler Intelligence Scale for Children - IV [part 4],Coding Copy,text,,,,,,,,,y,,
codingcopy_002,Wechsler Intelligence Scale for Children - IV [part 4],,text,,,,,,,,,y,,
codingcopy_003,Wechsler Intelligence Scale for Children - IV [part 4],,text,,,,,,,,,y,,
codingcopy_004,Wechsler Intelligence Scale for Children - IV [part 4],,text,,,,,,,,,y,,
codingcopy_005,Wechsler Intelligence Scale for Children - IV [part 4],,text,,,,,,,,,y,,
codingcopy_006,Wechsler Intelligence Scale for Children - IV [part 4],,text,,,,number,0,200,,,y,,
codingcopy_po_notestitem1,Wechsler Intelligence Scale for Children - IV [part 4],,text,,,,,,,,,y,,
codingcopy_po_notestitem2,Wechsler Intelligence Scale for Children - IV [part 4],,text,,,,,,,,,y,,
codingcopy_po_notestitem3,Wechsler Intelligence Scale for Children - IV [part 4],,text,,,,,,,,,y,,
behavioralobservations_rs,Wechsler Intelligence Scale for Children - IV [part 4],Behavioral Observations,text,,,,,,,,,y,,
behavioralobservations_lang,Wechsler Intelligence Scale for Children - IV [part 4],,text,,,,,,,,,y,,
behavioralobservations_pa,Wechsler Intelligence Scale for Children - IV [part 4],,text,,,,,,,,,y,,
behavioralobservations_hand,Wechsler Intelligence Scale for Children - IV [part 4],,text,,,,,,,,,y,,
behavioralobservations_mp,Wechsler Intelligence Scale for Children - IV [part 4],,text,,,,,,,,,y,,
behavioralobservations_attnt,Wechsler Intelligence Scale for Children - IV [part 4],,text,,,,,,,,,y,,
behavioralobservations_test,Wechsler Intelligence Scale for Children - IV [part 4],,text,,,,,,,,,y,,
behavioralobservations_mood,Wechsler Intelligence Scale for Children - IV [part 4],,text,,,,,,,,,y,,
behavioralobservations_nerb,Wechsler Intelligence Scale for Children - IV [part 4],,text,,,,,,,,,y,,
behavioralobservations_othr,Wechsler Intelligence Scale for Children - IV [part 4],,text,,,,,,,,,,,
sp27_dc_vci_pri1,Wechsler Intelligence Scale for Children - IV [part 4],Summary Page 27,text,,,,,,,,,y,,
sp27_dc_vci_pri2,Wechsler Intelligence Scale for Children - IV [part 4],,text,,,,,,,,,y,,
sp27_dc_vci_pri3,Wechsler Intelligence Scale for Children - IV [part 4],,text,,,,,,,,,y,,
sp27_dc_vci_pri4,Wechsler Intelligence Scale for Children - IV [part 4],,text,,,,,,,,,y,,
sp27_dc_vci_pri5,Wechsler Intelligence Scale for Children - IV [part 4],,dropdown,,"Yes, Yes | No, No",,,,,,,y,,
sp27_dc_vci_pri6,Wechsler Intelligence Scale for Children - IV [part 4],,text,,,,,,,,,y,,
sp27_dc_vci_wmi1,Wechsler Intelligence Scale for Children - IV [part 4],,text,,,,,,,,,y,,
sp27_dc_vci_wmi2,Wechsler Intelligence Scale for Children - IV [part 4],,text,,,,,,,,,y,,
sp27_dc_vci_wmi3,Wechsler Intelligence Scale for Children - IV [part 4],,text,,,,,,,,,y,,
sp27_dc_vci_wmi4,Wechsler Intelligence Scale for Children - IV [part 4],,text,,,,,,,,,y,,
sp27_dc_vci_wmi5,Wechsler Intelligence Scale for Children - IV [part 4],,dropdown,,"Yes, Yes | No, No",,,,,,,y,,
sp27_dc_vci_wmi6,Wechsler Intelligence Scale for Children - IV [part 4],,text,,,,,,,,,y,,
sp27_dc_vci_psi1,Wechsler Intelligence Scale for Children - IV [part 4],,text,,,,,,,,,y,,
sp27_dc_vci_psi2,Wechsler Intelligence Scale for Children - IV [part 4],,text,,,,,,,,,y,,
sp27_dc_vci_psi3,Wechsler Intelligence Scale for Children - IV [part 4],,text,,,,,,,,,y,,
sp27_dc_vci_psi4,Wechsler Intelligence Scale for Children - IV [part 4],,text,,,,,,,,,y,,
sp27_dc_vci_psi5,Wechsler Intelligence Scale for Children - IV [part 4],,dropdown,,"Yes, Yes | No, No",,,,,,,y,,
sp27_dc_vci_psi6,Wechsler Intelligence Scale for Children - IV [part 4],,text,,,,,,,,,y,,
sp27_dc_pri_wmi1,Wechsler Intelligence Scale for Children - IV [part 4],,text,,,,,,,,,y,,
sp27_dc_pri_wmi2,Wechsler Intelligence Scale for Children - IV [part 4],,text,,,,,,,,,y,,
sp27_dc_pri_wmi3,Wechsler Intelligence Scale for Children - IV [part 4],,text,,,,,,,,,y,,
sp27_dc_pri_wmi4,Wechsler Intelligence Scale for Children - IV [part 4],,text,,,,,,,,,y,,
sp27_dc_pri_wmi5,Wechsler Intelligence Scale for Children - IV [part 4],,dropdown,,"Yes, Yes | No, No",,,,,,,y,,
sp27_dc_pri_wmi6,Wechsler Intelligence Scale for Children - IV [part 4],,text,,,,,,,,,y,,
sp27_dc_pri_psi1,Wechsler Intelligence Scale for Children - IV [part 4],,text,,,,,,,,,y,,
sp27_dc_pri_psi2,Wechsler Intelligence Scale for Children - IV [part 4],,text,,,,,,,,,y,,
sp27_dc_pri_psi3,Wechsler Intelligence Scale for Children - IV [part 4],,text,,,,,,,,,y,,
sp27_dc_pri_psi4,Wechsler Intelligence Scale for Children - IV [part 4],,text,,,,,,,,,y,,
sp27_dc_pri_psi5,Wechsler Intelligence Scale for Children - IV [part 4],,dropdown,,"Yes, Yes | No, No",,,,,,,y,,
sp27_dc_pri_psi6,Wechsler Intelligence Scale for Children - IV [part 4],,text,,,,,,,,,y,,
sp27_dc_wmi_psi1,Wechsler Intelligence Scale for Children - IV [part 4],,text,,,,,,,,,y,,
sp27_dc_wmi_psi2,Wechsler Intelligence Scale for Children - IV [part 4],,text,,,,,,,,,y,,
sp27_dc_wmi_psi3,Wechsler Intelligence Scale for Children - IV [part 4],,text,,,,,,,,,y,,
sp27_dc_wmi_psi4,Wechsler Intelligence Scale for Children - IV [part 4],,text,,,,,,,,,y,,
sp27_dc_wmi_psi5,Wechsler Intelligence Scale for Children - IV [part 4],,dropdown,,"Yes, Yes | No, No",,,,,,,y,,
sp27_dc_wmi_psi6,Wechsler Intelligence Scale for Children - IV [part 4],,text,,,,,,,,,y,,
sp27_dc_ds_lns1,Wechsler Intelligence Scale for Children - IV [part 4],,text,,,,,,,,,y,,
sp27_dc_ds_lns2,Wechsler Intelligence Scale for Children - IV [part 4],,text,,,,,,,,,y,,
sp27_dc_ds_lns3,Wechsler Intelligence Scale for Children - IV [part 4],,text,,,,,,,,,y,,
sp27_dc_ds_lns4,Wechsler Intelligence Scale for Children - IV [part 4],,text,,,,,,,,,y,,
sp27_dc_ds_lns5,Wechsler Intelligence Scale for Children - IV [part 4],,dropdown,,"Yes, Yes | No, No",,,,,,,y,,
sp27_dc_ds_lns6,Wechsler Intelligence Scale for Children - IV [part 4],,text,,,,,,,,,y,,
sp27_dc_ds_a1,Wechsler Intelligence Scale for Children - IV [part 4],,text,,,,,,,,,y,,
sp27_dc_ds_a2,Wechsler Intelligence Scale for Children - IV [part 4],,text,,,,,,,,,y,,
sp27_dc_ds_a3,Wechsler Intelligence Scale for Children - IV [part 4],,text,,,,,,,,,y,,
sp27_dc_ds_a4,Wechsler Intelligence Scale for Children - IV [part 4],,text,,,,,,,,,y,,
sp27_dc_ds_a5,Wechsler Intelligence Scale for Children - IV [part 4],,dropdown,,"Yes, Yes | No, No",,,,,,,y,,
sp27_dc_ds_a6,Wechsler Intelligence Scale for Children - IV [part 4],,text,,,,,,,,,y,,
sp27_dc_lns_a1,Wechsler Intelligence Scale for Children - IV [part 4],,text,,,,,,,,,y,,
sp27_dc_lns_a2,Wechsler Intelligence Scale for Children - IV [part 4],,text,,,,,,,,,y,,
sp27_dc_lns_a3,Wechsler Intelligence Scale for Children - IV [part 4],,text,,,,,,,,,y,,
sp27_dc_lns_a4,Wechsler Intelligence Scale for Children - IV [part 4],,text,,,,,,,,,y,,
sp27_dc_lns_a5,Wechsler Intelligence Scale for Children - IV [part 4],,text,,,,,,,,,y,,
sp27_dc_lns_a6,Wechsler Intelligence Scale for Children - IV [part 4],,text,,,,,,,,,y,,
sp27_dc_cssearch1,Wechsler Intelligence Scale for Children - IV [part 4],,text,,,,,,,,,y,,
sp27_dc_cssearch2,Wechsler Intelligence Scale for Children - IV [part 4],,text,,,,,,,,,y,,
sp27_dc_cssearch3,Wechsler Intelligence Scale for Children - IV [part 4],,text,,,,,,,,,y,,
sp27_dc_cssearch4,Wechsler Intelligence Scale for Children - IV [part 4],,text,,,,,,,,,y,,
sp27_dc_cssearch5,Wechsler Intelligence Scale for Children - IV [part 4],,dropdown,,"Yes, Yes | No, No",,,,,,,y,,
sp27_dc_cssearch6,Wechsler Intelligence Scale for Children - IV [part 4],,text,,,,,,,,,y,,
sp27_dc_ccancel1,Wechsler Intelligence Scale for Children - IV [part 4],,text,,,,,,,,,y,,
sp27_dc_ccancel2,Wechsler Intelligence Scale for Children - IV [part 4],,text,,,,,,,,,y,,
sp27_dc_ccancel3,Wechsler Intelligence Scale for Children - IV [part 4],,text,,,,,,,,,y,,
sp27_dc_ccancel4,Wechsler Intelligence Scale for Children - IV [part 4],,text,,,,,,,,,y,,
sp27_dc_ccancel5,Wechsler Intelligence Scale for Children - IV [part 4],,dropdown,,"Yes, Yes | No, No",,,,,,,y,,
sp27_dc_ccancel6,Wechsler Intelligence Scale for Children - IV [part 4],,text,,,,,,,,,y,,
sp27_dc_sscancel1,Wechsler Intelligence Scale for Children - IV [part 4],,text,,,,,,,,,y,,
sp27_dc_sscancel2,Wechsler Intelligence Scale for Children - IV [part 4],,text,,,,,,,,,y,,
sp27_dc_sscancel3,Wechsler Intelligence Scale for Children - IV [part 4],,text,,,,,,,,,y,,
sp27_dc_sscancel4,Wechsler Intelligence Scale for Children - IV [part 4],,text,,,,,,,,,y,,
sp27_dc_sscancel5,Wechsler Intelligence Scale for Children - IV [part 4],,dropdown,,"Yes, Yes | No, No",,,,,,,y,,
sp27_dc_sscancel6,Wechsler Intelligence Scale for Children - IV [part 4],,text,,,,,,,,,y,,
sp27_dc_spc1,Wechsler Intelligence Scale for Children - IV [part 4],,text,,,,,,,,,y,,
sp27_dc_spc2,Wechsler Intelligence Scale for Children - IV [part 4],,text,,,,,,,,,y,,
sp27_dc_spc3,Wechsler Intelligence Scale for Children - IV [part 4],,text,,,,,,,,,y,,
sp27_dc_spc4,Wechsler Intelligence Scale for Children - IV [part 4],,text,,,,,,,,,y,,
sp27_dc_spc5,Wechsler Intelligence Scale for Children - IV [part 4],,dropdown,,"Yes, Yes | No, No",,,,,,,y,,
sp27_dc_spc6,Wechsler Intelligence Scale for Children - IV [part 4],,text,,,,,,,,,y,,
sp27_dc_bc_overallsample,Wechsler Intelligence Scale for Children - IV [part 4],,dropdown,,"Yes, Yes | No, No",,,,,,,y,,
sp27_dc_bc_comp,Wechsler Intelligence Scale for Children - IV [part 4],,dropdown,,"Yes, Yes | No, No",,,,,,,y,,
sp27_dsw_bd1,Wechsler Intelligence Scale for Children - IV [part 4],,text,,,,,,,,,y,,
sp27_dsw_bd2,Wechsler Intelligence Scale for Children - IV [part 4],,text,,,,,,,,,y,,
sp27_dsw_bd3,Wechsler Intelligence Scale for Children - IV [part 4],,text,,,,,,,,,y,,
sp27_dsw_bd4,Wechsler Intelligence Scale for Children - IV [part 4],,text,,,,,,,,,y,,
sp27_dsw_bd5,Wechsler Intelligence Scale for Children - IV [part 4],,dropdown,,"Strength, Strength | Weakness, Weakness",,,,,,,y,,
sp27_dsw_bd6,Wechsler Intelligence Scale for Children - IV [part 4],,text,,,,,,,,,y,,
sp27_dsw_similar1,Wechsler Intelligence Scale for Children - IV [part 4],,text,,,,,,,,,y,,
sp27_dsw_similar2,Wechsler Intelligence Scale for Children - IV [part 4],,text,,,,,,,,,y,,
sp27_dsw_similar3,Wechsler Intelligence Scale for Children - IV [part 4],,text,,,,,,,,,y,,
sp27_dsw_similar4,Wechsler Intelligence Scale for Children - IV [part 4],,text,,,,,,,,,y,,
sp27_dsw_similar5,Wechsler Intelligence Scale for Children - IV [part 4],,dropdown,,"Strength, Strength | Weakness, Weakness",,,,,,,y,,
sp27_dsw_similar6,Wechsler Intelligence Scale for Children - IV [part 4],,text,,,,,,,,,y,,
sp27_dsw_ds1,Wechsler Intelligence Scale for Children - IV [part 4],,text,,,,,,,,,y,,
sp27_dsw_ds2,Wechsler Intelligence Scale for Children - IV [part 4],,text,,,,,,,,,y,,
sp27_dsw_ds3,Wechsler Intelligence Scale for Children - IV [part 4],,text,,,,,,,,,y,,
sp27_dsw_ds4,Wechsler Intelligence Scale for Children - IV [part 4],,text,,,,,,,,,y,,
sp27_dsw_ds5,Wechsler Intelligence Scale for Children - IV [part 4],,dropdown,,"Strength, Strength | Weakness, Weakness",,,,,,,y,,
sp27_dsw_ds6,Wechsler Intelligence Scale for Children - IV [part 4],,text,,,,,,,,,y,,
sp27_dsw_pc1,Wechsler Intelligence Scale for Children - IV [part 4],,text,,,,,,,,,y,,
sp27_dsw_pc2,Wechsler Intelligence Scale for Children - IV [part 4],,text,,,,,,,,,y,,
sp27_dsw_pc3,Wechsler Intelligence Scale for Children - IV [part 4],,text,,,,,,,,,y,,
sp27_dsw_pc4,Wechsler Intelligence Scale for Children - IV [part 4],,text,,,,,,,,,y,,
sp27_dsw_pc5,Wechsler Intelligence Scale for Children - IV [part 4],,dropdown,,"Strength, Strength | Weakness, Weakness",,,,,,,y,,
sp27_dsw_pc6,Wechsler Intelligence Scale for Children - IV [part 4],,text,,,,,,,,,y,,
sp27_dsw_code1,Wechsler Intelligence Scale for Children - IV [part 4],,text,,,,,,,,,y,,
sp27_dsw_code2,Wechsler Intelligence Scale for Children - IV [part 4],,text,,,,,,,,,y,,
sp27_dsw_code3,Wechsler Intelligence Scale for Children - IV [part 4],,text,,,,,,,,,y,,
sp27_dsw_code4,Wechsler Intelligence Scale for Children - IV [part 4],,text,,,,,,,,,y,,
sp27_dsw_code5,Wechsler Intelligence Scale for Children - IV [part 4],,dropdown,,"Strength, Strength | Weakness, Weakness",,,,,,,y,,
sp27_dsw_code6,Wechsler Intelligence Scale for Children - IV [part 4],,text,,,,,,,,,y,,
sp27_dsw_vocab1,Wechsler Intelligence Scale for Children - IV [part 4],,text,,,,,,,,,y,,
sp27_dsw_vocab2,Wechsler Intelligence Scale for Children - IV [part 4],,text,,,,,,,,,y,,
sp27_dsw_vocab3,Wechsler Intelligence Scale for Children - IV [part 4],,text,,,,,,,,,y,,
sp27_dsw_vocab4,Wechsler Intelligence Scale for Children - IV [part 4],,text,,,,,,,,,y,,
sp27_dsw_vocab5,Wechsler Intelligence Scale for Children - IV [part 4],,dropdown,,"Strength, Strength | Weakness, Weakness",,,,,,,y,,
sp27_dsw_vocab6,Wechsler Intelligence Scale for Children - IV [part 4],,text,,,,,,,,,y,,
sp27_dsw_lns1,Wechsler Intelligence Scale for Children - IV [part 4],,text,,,,,,,,,y,,
sp27_dsw_lns2,Wechsler Intelligence Scale for Children - IV [part 4],,text,,,,,,,,,y,,
sp27_dsw_lns3,Wechsler Intelligence Scale for Children - IV [part 4],,text,,,,,,,,,y,,
sp27_dsw_lns4,Wechsler Intelligence Scale for Children - IV [part 4],,text,,,,,,,,,y,,
sp27_dsw_lns5,Wechsler Intelligence Scale for Children - IV [part 4],,dropdown,,"Strength, Strength | Weakness, Weakness",,,,,,,y,,
sp27_dsw_lns6,Wechsler Intelligence Scale for Children - IV [part 4],,text,,,,,,,,,y,,
sp27_dsw_mr1,Wechsler Intelligence Scale for Children - IV [part 4],,text,,,,,,,,,y,,
sp27_dsw_mr2,Wechsler Intelligence Scale for Children - IV [part 4],,text,,,,,,,,,y,,
sp27_dsw_mr3,Wechsler Intelligence Scale for Children - IV [part 4],,text,,,,,,,,,y,,
sp27_dsw_mr4,Wechsler Intelligence Scale for Children - IV [part 4],,text,,,,,,,,,y,,
sp27_dsw_mr5,Wechsler Intelligence Scale for Children - IV [part 4],,dropdown,,"Strength, Strength | Weakness, Weakness",,,,,,,y,,
sp27_dsw_mr6,Wechsler Intelligence Scale for Children - IV [part 4],,text,,,,,,,,,y,,
sp27_dsw_compa1,Wechsler Intelligence Scale for Children - IV [part 4],,text,,,,,,,,,y,,
sp27_dsw_compa2,Wechsler Intelligence Scale for Children - IV [part 4],,text,,,,,,,,,y,,
sp27_dsw_compa3,Wechsler Intelligence Scale for Children - IV [part 4],,text,,,,,,,,,y,,
sp27_dsw_compa4,Wechsler Intelligence Scale for Children - IV [part 4],,text,,,,,,,,,y,,
sp27_dsw_compa5,Wechsler Intelligence Scale for Children - IV [part 4],,dropdown,,"Strength, Strength | Weakness, Weakness",,,,,,,y,,
sp27_dsw_compa6,Wechsler Intelligence Scale for Children - IV [part 4],,text,,,,,,,,,y,,
sp27_dsw_ssearch1,Wechsler Intelligence Scale for Children - IV [part 4],,text,,,,,,,,,y,,
sp27_dsw_ssearch2,Wechsler Intelligence Scale for Children - IV [part 4],,text,,,,,,,,,y,,
sp27_dsw_ssearch3,Wechsler Intelligence Scale for Children - IV [part 4],,text,,,,,,,,,y,,
sp27_dsw_ssearch4,Wechsler Intelligence Scale for Children - IV [part 4],,text,,,,,,,,,y,,
sp27_dsw_ssearch5,Wechsler Intelligence Scale for Children - IV [part 4],,dropdown,,"Strength, Strength | Weakness, Weakness",,,,,,,y,,
sp27_dsw_ssearch6,Wechsler Intelligence Scale for Children - IV [part 4],,text,,,,,,,,,y,,
sp27_dcw_bc_overallsample,Wechsler Intelligence Scale for Children - IV [part 4],,dropdown,,"Yes, Yes | No, No",,,,,,,y,,
sp27_dcw_bc_abilitylevel,Wechsler Intelligence Scale for Children - IV [part 4],,dropdown,,"Yes, Yes | No, No",,,,,,,y,,
sp27_dcw_sumssall,Wechsler Intelligence Scale for Children - IV [part 4],,text,,,,,,,,,y,,
sp27_dcw_sumss3vc,Wechsler Intelligence Scale for Children - IV [part 4],,text,,,,,,,,,y,,
sp27_dcw_sumss3pr,Wechsler Intelligence Scale for Children - IV [part 4],,text,,,,,,,,,y,,
sp27_dcw_meanscoreall,Wechsler Intelligence Scale for Children - IV [part 4],,text,,,,,,,,,y,,
sp27_dcw_meanscore3vc,Wechsler Intelligence Scale for Children - IV [part 4],,text,,,,,,,,,y,,
sp27_dcw_meanscore3pr,Wechsler Intelligence Scale for Children - IV [part 4],,text,,,,,,,,,y,,
sp27_vd_trstossc_simc1,Wechsler Intelligence Scale for Children - IV [part 4],,text,,,,,,,,,y,,
sp27_vd_trstossc_simc2,Wechsler Intelligence Scale for Children - IV [part 4],,text,,,,,,,,,y,,
sp27_vd_trstossc_vcmc1,Wechsler Intelligence Scale for Children - IV [part 4],,text,,,,,,,,,y,,
sp27_vd_trstossc_vcmc2,Wechsler Intelligence Scale for Children - IV [part 4],,text,,,,,,,,,y,,
sp27_vd_trstossc_pvmc1,Wechsler Intelligence Scale for Children - IV [part 4],,text,,,,,,,,,y,,
sp27_vd_trstossc_pvmc2,Wechsler Intelligence Scale for Children - IV [part 4],,text,,,,,,,,,y,,
sp27_vd_trstossc_comc1,Wechsler Intelligence Scale for Children - IV [part 4],,text,,,,,,,,,y,,
sp27_vd_trstossc_comc2,Wechsler Intelligence Scale for Children - IV [part 4],,text,,,,,,,,,y,,
sp27_vd_trstossc_inmc1,Wechsler Intelligence Scale for Children - IV [part 4],,text,,,,,,,,,y,,
sp27_vd_trstossc_inmc2,Wechsler Intelligence Scale for Children - IV [part 4],,text,,,,,,,,,y,,
sp27_vd_dc_si_simc1,Wechsler Intelligence Scale for Children - IV [part 4],,text,,,,,,,,,y,,
sp27_vd_dc_si_simc2,Wechsler Intelligence Scale for Children - IV [part 4],,text,,,,,,,,,y,,
sp27_vd_dc_si_simc3,Wechsler Intelligence Scale for Children - IV [part 4],,text,,,,,,,,,y,,
sp27_vd_dc_si_simc4,Wechsler Intelligence Scale for Children - IV [part 4],,text,,,,,,,,,y,,
sp27_vd_dc_si_simc5,Wechsler Intelligence Scale for Children - IV [part 4],,dropdown,,"Yes, Yes | No, No",,,,,,,y,,
sp27_vd_dc_si_simc6,Wechsler Intelligence Scale for Children - IV [part 4],,text,,,,,,,,,y,,
sp27_vd_dc_vcmc1,Wechsler Intelligence Scale for Children - IV [part 4],,text,,,,,,,,,y,,
sp27_vd_dc_vcmc2,Wechsler Intelligence Scale for Children - IV [part 4],,text,,,,,,,,,y,,
sp27_vd_dc_vcmc3,Wechsler Intelligence Scale for Children - IV [part 4],,text,,,,,,,,,y,,
sp27_vd_dc_vcmc4,Wechsler Intelligence Scale for Children - IV [part 4],,text,,,,,,,,,y,,
sp27_vd_dc_vcmc5,Wechsler Intelligence Scale for Children - IV [part 4],,dropdown,,"Yes, Yes | No, No",,,,,,,y,,
sp27_vd_dc_vcmc6,Wechsler Intelligence Scale for Children - IV [part 4],,text,,,,,,,,,y,,
sp27_vd_dc_vc_pvmc1,Wechsler Intelligence Scale for Children - IV [part 4],,text,,,,,,,,,y,,
sp27_vd_dc_vc_pvmc2,Wechsler Intelligence Scale for Children - IV [part 4],,text,,,,,,,,,y,,
sp27_vd_dc_vc_pvmc3,Wechsler Intelligence Scale for Children - IV [part 4],,text,,,,,,,,,y,,
sp27_vd_dc_vc_pvmc4,Wechsler Intelligence Scale for Children - IV [part 4],,text,,,,,,,,,y,,
