Variable / Field Name,Form Name,Section Header,Field Type,Field Label,"Choices, Calculations, OR Slider Labels",Field Note,Text Validation Type OR Show Slider Number,Text Validation Min,Text Validation Max,Identifier?,Branching Logic (Show field only if...),Required Field?,Custom Alignment,Question Number (surveys only)
subjectkey,CPEA STAART TOLD I:2,,text,The NDAR Global Unique Identifier (GUID) for subjects which identifies a subject in NDAR,,,,,,,,y,,
cycle,CPEA STAART TOLD I:2,,text,Timepoint information,,,,,,,,y,,
patid,CPEA STAART TOLD I:2,,text,src_Subject_id,,Patient IDs were assigned at the research site for CPEA and STAART,,,,,,y,,
network,CPEA STAART TOLD I:2,,text,Network,,CPEA or STAART Network,,,,,,y,,
site,CPEA STAART TOLD I:2,,text,Site,,CPEA or STAART Site,,,,,,y,,
study,CPEA STAART TOLD I:2,,text,Study,,CPEA or STAART Study,,,,,,y,,
tdi_g_ae,CPEA STAART TOLD I:2,,text,Age Equivalent,,,,,,,,y,,
tdi_g_rs,CPEA STAART TOLD I:2,,text,Raw Scores,,,,,,,,y,,
tdi_g_std,CPEA STAART TOLD I:2,,text,Standard Scores,,,,,,,,y,,
tdi_gc_ae,CPEA STAART TOLD I:2,,text,Age Equivalent,,,,,,,,y,,
tdi_gc_rs,CPEA STAART TOLD I:2,,text,Raw Scores,,,,,,,,y,,
tdi_gc_std,CPEA STAART TOLD I:2,,text,Standard Scores,,,,,,,,y,,
tdi_l_q,CPEA STAART TOLD I:2,,text,Quotients,,,,,,,,y,,
tdi_m_ae,CPEA STAART TOLD I:2,,text,Age Equivalent,,,,,,,,y,,
tdi_m_rs,CPEA STAART TOLD I:2,,text,Raw Scores,,,,,,,,y,,
tdi_m_std,CPEA STAART TOLD I:2,,text,Standard Scores,,,,,,,,y,,
tdi_sc_ae,CPEA STAART TOLD I:2,,text,Age Equivalent,,,,,,,,y,,
tdi_sc_rs,CPEA STAART TOLD I:2,,text,Raw Scores,,,,,,,,y,,
tdi_sc_std,CPEA STAART TOLD I:2,,text,Standard Scores,,,,,,,,y,,
tdi_sl_q,CPEA STAART TOLD I:2,,text,Quotients,,,,,,,,y,,
tdi_sm_q,CPEA STAART TOLD I:2,,text,Quotients,,,,,,,,y,,
tdi_sp_q,CPEA STAART TOLD I:2,,text,Quotients,,,,,,,,y,,
tdi_sy_q,CPEA STAART TOLD I:2,,text,Quotients,,,,,,,,y,,
tdi_v_ae,CPEA STAART TOLD I:2,,text,Age Equivalent,,,,,,,,y,,
tdi_v_rs,CPEA STAART TOLD I:2,,text,Raw Scores,,,,,,,,y,,
tdi_v_std,CPEA STAART TOLD I:2,,text,Standard Scores,,,,,,,,y,,
tdi_version,CPEA STAART TOLD I:2,,text,Form Specific Version,,,,,,,,y,,
tdi_wo_ae,CPEA STAART TOLD I:2,,text,Age Equivalent,,,,,,,,y,,
tdi_wo_rs,CPEA STAART TOLD I:2,,text,Raw Scores,,,,,,,,y,,
tdi_wo_std,CPEA STAART TOLD I:2,,text,Standard Scores,,,,,,,,y,,
