Variable / Field Name,Form Name,Section Header,Field Type,Field Label,"Choices, Calculations, OR Slider Labels",Field Note,Text Validation Type OR Show Slider Number,Text Validation Min,Text Validation Max,Identifier?,Branching Logic (Show field only if...),Required Field?,Custom Alignment,Question Number (surveys only)
aq_item_1,Autism Quotient Adult (2000),Questions,dropdown,I prefer to do things with others rather than on my own.,"definitely agree, definitely agree | slightly agree, slightly agree | slightly disagree, slightly disagree | definitely disagree, definitely disagree",,,,,,,y,,
aq_item_2,Autism Quotient Adult (2000),,dropdown,I prefer to do things the same way over and over again.,"definitely agree, definitely agree | slightly agree, slightly agree | slightly disagree, slightly disagree | definitely disagree, definitely disagree",,,,,,,y,,
aq_item_3,Autism Quotient Adult (2000),,dropdown,"If I try to imagine something, I find it very easy to create a picture in my mind.","definitely agree, definitely agree | slightly agree, slightly agree | slightly disagree, slightly disagree | definitely disagree, definitely disagree",,,,,,,y,,
aq_item_4,Autism Quotient Adult (2000),,dropdown,I frequently get so strongly absorbed in one thing that I lose sight of other things.,"definitely agree, definitely agree | slightly agree, slightly agree | slightly disagree, slightly disagree | definitely disagree, definitely disagree",,,,,,,y,,
aq_item_5,Autism Quotient Adult (2000),,dropdown,I often notice small sounds when others do not.,"definitely agree, definitely agree | slightly agree, slightly agree | slightly disagree, slightly disagree | definitely disagree, definitely disagree",,,,,,,y,,
aq_item_6,Autism Quotient Adult (2000),,dropdown,I usually notice car number plates or similar strings of information.,"definitely agree, definitely agree | slightly agree, slightly agree | slightly disagree, slightly disagree | definitely disagree, definitely disagree",,,,,,,y,,
aq_item_7,Autism Quotient Adult (2000),,dropdown,"Other people frequently tell me that what I've said is impolite, even though I think it is polite. ","definitely agree, definitely agree | slightly agree, slightly agree | slightly disagree, slightly disagree | definitely disagree, definitely disagree",,,,,,,y,,
aq_item_8,Autism Quotient Adult (2000),,dropdown,"When I'm reading a story, I can easily imagine what the characters might look like. ","definitely agree, definitely agree | slightly agree, slightly agree | slightly disagree, slightly disagree | definitely disagree, definitely disagree",,,,,,,y,,
aq_item_9,Autism Quotient Adult (2000),,dropdown,I am fascinated by dates.,"definitely agree, definitely agree | slightly agree, slightly agree | slightly disagree, slightly disagree | definitely disagree, definitely disagree",,,,,,,y,,
aq_item_10,Autism Quotient Adult (2000),,dropdown,"In a social group, I can easily keep track of several different people's conversations. ","definitely agree, definitely agree | slightly agree, slightly agree | slightly disagree, slightly disagree | definitely disagree, definitely disagree",,,,,,,y,,
aq_item_11,Autism Quotient Adult (2000),,dropdown,I find social situations easy.,"definitely agree, definitely agree | slightly agree, slightly agree | slightly disagree, slightly disagree | definitely disagree, definitely disagree",,,,,,,y,,
aq_item_12,Autism Quotient Adult (2000),,dropdown,I tend to notice details that others do not.,"definitely agree, definitely agree | slightly agree, slightly agree | slightly disagree, slightly disagree | definitely disagree, definitely disagree",,,,,,,y,,
aq_item_13,Autism Quotient Adult (2000),,dropdown,I would rather go to a library than a party.,"definitely agree, definitely agree | slightly agree, slightly agree | slightly disagree, slightly disagree | definitely disagree, definitely disagree",,,,,,,y,,
aq_item_14,Autism Quotient Adult (2000),,dropdown,I find making up stories easy.,"definitely agree, definitely agree | slightly agree, slightly agree | slightly disagree, slightly disagree | definitely disagree, definitely disagree",,,,,,,y,,
aq_item_15,Autism Quotient Adult (2000),,dropdown,I find myself drawn more strongly to people than to things.,"definitely agree, definitely agree | slightly agree, slightly agree | slightly disagree, slightly disagree | definitely disagree, definitely disagree",,,,,,,y,,
aq_item_16,Autism Quotient Adult (2000),,dropdown,I tend to have very strong interests which I get upset about if I can't pursue.,"definitely agree, definitely agree | slightly agree, slightly agree | slightly disagree, slightly disagree | definitely disagree, definitely disagree",,,,,,,y,,
aq_item_17,Autism Quotient Adult (2000),,dropdown,I enjoy social chit-chat.,"definitely agree, definitely agree | slightly agree, slightly agree | slightly disagree, slightly disagree | definitely disagree, definitely disagree",,,,,,,y,,
aq_item_18,Autism Quotient Adult (2000),,dropdown,"When I talk, it isn't always easy for others to get a word in edgeways. ","definitely agree, definitely agree | slightly agree, slightly agree | slightly disagree, slightly disagree | definitely disagree, definitely disagree",,,,,,,y,,
aq_item_19,Autism Quotient Adult (2000),,dropdown,I am fascinated by numbers.,"definitely agree, definitely agree | slightly agree, slightly agree | slightly disagree, slightly disagree | definitely disagree, definitely disagree",,,,,,,y,,
aq_item_20,Autism Quotient Adult (2000),,dropdown,"When I'm reading a story, I find it difficult to work out the characters' intentions. ","definitely agree, definitely agree | slightly agree, slightly agree | slightly disagree, slightly disagree | definitely disagree, definitely disagree",,,,,,,y,,
aq_item_21,Autism Quotient Adult (2000),,dropdown,I don't particularly enjoy reading fiction.,"definitely agree, definitely agree | slightly agree, slightly agree | slightly disagree, slightly disagree | definitely disagree, definitely disagree",,,,,,,y,,
aq_item_22,Autism Quotient Adult (2000),,dropdown,I find it hard to make new friends.,"definitely agree, definitely agree | slightly agree, slightly agree | slightly disagree, slightly disagree | definitely disagree, definitely disagree",,,,,,,y,,
aq_item_23,Autism Quotient Adult (2000),,dropdown,I notice patterns in things all the time.,"definitely agree, definitely agree | slightly agree, slightly agree | slightly disagree, slightly disagree | definitely disagree, definitely disagree",,,,,,,y,,
aq_item_24,Autism Quotient Adult (2000),,dropdown,I would rather go to the theater than a museum.,"definitely agree, definitely agree | slightly agree, slightly agree | slightly disagree, slightly disagree | definitely disagree, definitely disagree",,,,,,,y,,
aq_item_25,Autism Quotient Adult (2000),,dropdown,It does not upset me if my daily routine is disturbed.,"definitely agree, definitely agree | slightly agree, slightly agree | slightly disagree, slightly disagree | definitely disagree, definitely disagree",,,,,,,y,,
aq_item_26,Autism Quotient Adult (2000),,dropdown,I frequently find that I don't know how to keep a conversation going.,"definitely agree, definitely agree | slightly agree, slightly agree | slightly disagree, slightly disagree | definitely disagree, definitely disagree",,,,,,,y,,
aq_item_27,Autism Quotient Adult (2000),,dropdown,"I find it easy to ""read between the lines"" when someone is talking to me. ","definitely agree, definitely agree | slightly agree, slightly agree | slightly disagree, slightly disagree | definitely disagree, definitely disagree",,,,,,,y,,
aq_item_28,Autism Quotient Adult (2000),,dropdown,"I usually concentrate more on the whole picture, rather than the small details. ","definitely agree, definitely agree | slightly agree, slightly agree | slightly disagree, slightly disagree | definitely disagree, definitely disagree",,,,,,,y,,
aq_item_29,Autism Quotient Adult (2000),,dropdown,I am not very good at remembering phone numbers.,"definitely agree, definitely agree | slightly agree, slightly agree | slightly disagree, slightly disagree | definitely disagree, definitely disagree",,,,,,,y,,
aq_item_30,Autism Quotient Adult (2000),,dropdown,"I don't usually notice small changes in a situation, or a person's appearance. ","definitely agree, definitely agree | slightly agree, slightly agree | slightly disagree, slightly disagree | definitely disagree, definitely disagree",,,,,,,y,,
aq_item_31,Autism Quotient Adult (2000),,dropdown,I know how to tell if someone listening to me is getting bored.,"definitely agree, definitely agree | slightly agree, slightly agree | slightly disagree, slightly disagree | definitely disagree, definitely disagree",,,,,,,y,,
aq_item_32,Autism Quotient Adult (2000),,dropdown,I find it easy to do more than one thing at once.,"definitely agree, definitely agree | slightly agree, slightly agree | slightly disagree, slightly disagree | definitely disagree, definitely disagree",,,,,,,y,,
aq_item_33,Autism Quotient Adult (2000),,dropdown,"When I talk on the phone, I'm not sure what it's my turn to speak. ","definitely agree, definitely agree | slightly agree, slightly agree | slightly disagree, slightly disagree | definitely disagree, definitely disagree",,,,,,,y,,
aq_item_34,Autism Quotient Adult (2000),,dropdown,I enjoy doing things spontaneously.,"definitely agree, definitely agree | slightly agree, slightly agree | slightly disagree, slightly disagree | definitely disagree, definitely disagree",,,,,,,y,,
aq_item_35,Autism Quotient Adult (2000),,dropdown,I am often the alst to understand the point of a joke.,"definitely agree, definitely agree | slightly agree, slightly agree | slightly disagree, slightly disagree | definitely disagree, definitely disagree",,,,,,,y,,
aq_item_36,Autism Quotient Adult (2000),,dropdown,I find it easy to work out what someone is thinking or feeling just by looking at their face.,"definitely agree, definitely agree | slightly agree, slightly agree | slightly disagree, slightly disagree | definitely disagree, definitely disagree",,,,,,,y,,
aq_item_37,Autism Quotient Adult (2000),,dropdown,"If there is an interruption, I can switch back to what I was going very quickly. ","definitely agree, definitely agree | slightly agree, slightly agree | slightly disagree, slightly disagree | definitely disagree, definitely disagree",,,,,,,y,,
aq_item_38,Autism Quotient Adult (2000),,dropdown,I am good at social chit-chat.,"definitely agree, definitely agree | slightly agree, slightly agree | slightly disagree, slightly disagree | definitely disagree, definitely disagree",,,,,,,y,,
aq_item_39,Autism Quotient Adult (2000),,dropdown,People often tell me that I keep going on and on about the same thing.,"definitely agree, definitely agree | slightly agree, slightly agree | slightly disagree, slightly disagree | definitely disagree, definitely disagree",,,,,,,y,,
aq_item_40,Autism Quotient Adult (2000),,dropdown,"When I was young, I used to enjoy playing games involving pretending with other children. ","definitely agree, definitely agree | slightly agree, slightly agree | slightly disagree, slightly disagree | definitely disagree, definitely disagree",,,,,,,y,,
aq_item_41,Autism Quotient Adult (2000),,dropdown,"I like to collect information about categories of things (e.g. types of car, types of bird, types of train, types of plant, etc.).","definitely agree, definitely agree | slightly agree, slightly agree | slightly disagree, slightly disagree | definitely disagree, definitely disagree",,,,,,,y,,
aq_item_42,Autism Quotient Adult (2000),,dropdown,I find it difficult to imagine what it would be like to be someone else.,"definitely agree, definitely agree | slightly agree, slightly agree | slightly disagree, slightly disagree | definitely disagree, definitely disagree",,,,,,,y,,
aq_item_43,Autism Quotient Adult (2000),,dropdown,I like to plan any activities I participate in carefully.,"definitely agree, definitely agree | slightly agree, slightly agree | slightly disagree, slightly disagree | definitely disagree, definitely disagree",,,,,,,y,,
aq_item_44,Autism Quotient Adult (2000),,dropdown,I enjoy social occasions.,"definitely agree, definitely agree | slightly agree, slightly agree | slightly disagree, slightly disagree | definitely disagree, definitely disagree",,,,,,,y,,
aq_item_45,Autism Quotient Adult (2000),,dropdown,I find it difficult to work out people's intentions.,"definitely agree, definitely agree | slightly agree, slightly agree | slightly disagree, slightly disagree | definitely disagree, definitely disagree",,,,,,,y,,
aq_item_46,Autism Quotient Adult (2000),,dropdown,New situations make me anxious.,"definitely agree, definitely agree | slightly agree, slightly agree | slightly disagree, slightly disagree | definitely disagree, definitely disagree",,,,,,,y,,
aq_item_47,Autism Quotient Adult (2000),,dropdown,I enjoy meeting new people.,"definitely agree, definitely agree | slightly agree, slightly agree | slightly disagree, slightly disagree | definitely disagree, definitely disagree",,,,,,,y,,
aq_item_48,Autism Quotient Adult (2000),,dropdown,I am a good diplomat.,"definitely agree, definitely agree | slightly agree, slightly agree | slightly disagree, slightly disagree | definitely disagree, definitely disagree",,,,,,,y,,
aq_item_49,Autism Quotient Adult (2000),,dropdown,I am not very good at remembering people's date of birth.,"definitely agree, definitely agree | slightly agree, slightly agree | slightly disagree, slightly disagree | definitely disagree, definitely disagree",,,,,,,y,,
aq_item_50,Autism Quotient Adult (2000),,dropdown,I find it very easy to play games with children that involve pretending.,"definitely agree, definitely agree | slightly agree, slightly agree | slightly disagree, slightly disagree | definitely disagree, definitely disagree",,,,,,,y,,
aq_total_score,Autism Quotient Adult (2000),,text,Total score summed according to scoring key.,,,number,0,100,,,y,,
subjectkey,Autism Quotient Adult (2000),Header,text,The NDAR Global Unique Identifier (GUID) for subjects which identifies a subject in NDAR,,,,,,,,y,,
src_subject_id,Autism Quotient Adult (2000),,text,The site's subject identification,,,,,,,,y,,
interview_date,Autism Quotient Adult (2000),,text,Date on which the interview/genetic test/sampling/imaging was completed,"MM/yyyy, MM/yyyy | MM/dd/yyyy, MM/dd/yyyy",* '01/01/1900' indicates that a date associated with retrospective data is not known.,date_ymd,,,,,y,,
interview_age,Autism Quotient Adult (2000),,text,Age in months at the time of the interview/test/sampling/imaging.,,Age is rounded to chronological month If the research participant is 13 days old at time of interview  the appropriate value would be 0 months if the participant is 19 days old the value would be 1 month,number,0,1200,,,y,,
interview_chrono_age,Autism Quotient Adult (2000),,text,Interview Chronological Age,,,number,0,1200,,,y,,
comments_misc,Autism Quotient Adult (2000),,text,"Miscellaneous comments on study, interview, methodology relevant to this form data",,,,,,,,y,,
gender,Autism Quotient Adult (2000),,dropdown,Gender,"M, M | F, F",,,,,,,y,,
