Variable / Field Name,Form Name,Section Header,Field Type,Field Label,"Choices, Calculations, OR Slider Labels",Field Note,Text Validation Type OR Show Slider Number,Text Validation Min,Text Validation Max,Identifier?,Branching Logic (Show field only if...),Required Field?,Custom Alignment,Question Number (surveys only)
subjectkey,Wechsler Adult Intelligence Scale [part 2],Header,text,,,,,,,,,y,,
assess_join_var,Wechsler Adult Intelligence Scale [part 2],,text,,,,,,,,,y,,
src_subject_id,Wechsler Adult Intelligence Scale [part 2],,text,,,,,,,,,y,,
interview_date,Wechsler Adult Intelligence Scale [part 2],,text,,"MM/yyyy, MM/yyyy | MM/dd/yyyy, MM/dd/yyyy",* '01/01/1900' indicates that a date associated with retrospective data is not known.,date_ymd,,,,,y,,
interview_age,Wechsler Adult Intelligence Scale [part 2],,text,,,Age is rounded to chronological month If the research participant is 13 days old at time of interview  the appropriate value would be 0 months if the participant is 19 days old the value would be 1 month,number,0,1200,,,y,,
behavobs_handedness,Wechsler Adult Intelligence Scale [part 2],Behavioral Observations,dropdown,,"R, R | L, L",,,,,,,y,,
comments_misc,Wechsler Adult Intelligence Scale [part 2],,text,,,,,,,,,,,
arithmetic_s_comptime,Wechsler Adult Intelligence Scale [part 2],Arithmetic,text,,,,number,1,,,,y,,
arithmetic_s_resp,Wechsler Adult Intelligence Scale [part 2],,text,,,,,,,,,y,,
arithmetic_1_comptime,Wechsler Adult Intelligence Scale [part 2],,text,,,,number,1,,,,y,,
arithmetic_1_resp,Wechsler Adult Intelligence Scale [part 2],,text,,,,,,,,,y,,
arithmetic_1_score,Wechsler Adult Intelligence Scale [part 2],,dropdown,,"0, 0 | 1, 1",,,,,,,y,,
arithmetic_2_comptime,Wechsler Adult Intelligence Scale [part 2],,text,,,,number,1,,,,y,,
arithmetic_2_resp,Wechsler Adult Intelligence Scale [part 2],,text,,,,,,,,,y,,
arithmetic_2_score,Wechsler Adult Intelligence Scale [part 2],,dropdown,,"0, 0 | 1, 1",,,,,,,y,,
arithmetic_3_comptime,Wechsler Adult Intelligence Scale [part 2],,text,,,,number,1,,,,y,,
arithmetic_3_resp,Wechsler Adult Intelligence Scale [part 2],,text,,,,,,,,,y,,
arithmetic_3_score,Wechsler Adult Intelligence Scale [part 2],,dropdown,,"0, 0 | 1, 1",,,,,,,y,,
arithmetic_4_comptime,Wechsler Adult Intelligence Scale [part 2],,text,,,,number,1,,,,y,,
arithmetic_4_resp,Wechsler Adult Intelligence Scale [part 2],,text,,,,,,,,,y,,
arithmetic_4_score,Wechsler Adult Intelligence Scale [part 2],,dropdown,,"0, 0 | 1, 1",,,,,,,y,,
arithmetic_5_comptime,Wechsler Adult Intelligence Scale [part 2],,text,,,,number,1,,,,y,,
arithmetic_5_resp,Wechsler Adult Intelligence Scale [part 2],,text,,,,,,,,,y,,
arithmetic_5_score,Wechsler Adult Intelligence Scale [part 2],,dropdown,,"0, 0 | 1, 1",,,,,,,y,,
arithmetic_6_comptime,Wechsler Adult Intelligence Scale [part 2],,text,,,,number,1,,,,y,,
arithmetic_6_resp,Wechsler Adult Intelligence Scale [part 2],,text,,,,,,,,,y,,
arithmetic_6_score,Wechsler Adult Intelligence Scale [part 2],,dropdown,,"0, 0 | 1, 1",,,,,,,y,,
arithmetic_7_comptime,Wechsler Adult Intelligence Scale [part 2],,text,,,,number,1,,,,y,,
arithmetic_7_resp,Wechsler Adult Intelligence Scale [part 2],,text,,,,,,,,,y,,
arithmetic_7_score,Wechsler Adult Intelligence Scale [part 2],,dropdown,,"0, 0 | 1, 1",,,,,,,y,,
arithmetic_8_comptime,Wechsler Adult Intelligence Scale [part 2],,text,,,,number,1,,,,y,,
arithmetic_8_resp,Wechsler Adult Intelligence Scale [part 2],,text,,,,,,,,,y,,
arithmetic_8_score,Wechsler Adult Intelligence Scale [part 2],,dropdown,,"0, 0 | 1, 1",,,,,,,y,,
arithmetic_9_comptime,Wechsler Adult Intelligence Scale [part 2],,text,,,,number,1,,,,y,,
arithmetic_9_resp,Wechsler Adult Intelligence Scale [part 2],,text,,,,,,,,,y,,
arithmetic_9_score,Wechsler Adult Intelligence Scale [part 2],,dropdown,,"0, 0 | 1, 1",,,,,,,y,,
arithmetic_10_comptime,Wechsler Adult Intelligence Scale [part 2],,text,,,,number,1,,,,y,,
arithmetic_10_resp,Wechsler Adult Intelligence Scale [part 2],,text,,,,,,,,,y,,
arithmetic_10_score,Wechsler Adult Intelligence Scale [part 2],,dropdown,,"0, 0 | 1, 1",,,,,,,y,,
arithmetic_11_comptime,Wechsler Adult Intelligence Scale [part 2],,text,,,,number,1,,,,y,,
arithmetic_11_resp,Wechsler Adult Intelligence Scale [part 2],,text,,,,,,,,,y,,
arithmetic_11_score,Wechsler Adult Intelligence Scale [part 2],,dropdown,,"0, 0 | 1, 1",,,,,,,y,,
arithmetic_12_comptime,Wechsler Adult Intelligence Scale [part 2],,text,,,,number,1,,,,y,,
arithmetic_12_resp,Wechsler Adult Intelligence Scale [part 2],,text,,,,,,,,,y,,
arithmetic_12_score,Wechsler Adult Intelligence Scale [part 2],,dropdown,,"0, 0 | 1, 1",,,,,,,y,,
arithmetic_13_comptime,Wechsler Adult Intelligence Scale [part 2],,text,,,,number,1,,,,y,,
arithmetic_13_resp,Wechsler Adult Intelligence Scale [part 2],,text,,,,,,,,,y,,
arithmetic_13_score,Wechsler Adult Intelligence Scale [part 2],,dropdown,,"0, 0 | 1, 1",,,,,,,y,,
arithmetic_14_comptime,Wechsler Adult Intelligence Scale [part 2],,text,,,,number,1,,,,y,,
arithmetic_14_resp,Wechsler Adult Intelligence Scale [part 2],,text,,,,,,,,,y,,
arithmetic_14_score,Wechsler Adult Intelligence Scale [part 2],,dropdown,,"0, 0 | 1, 1",,,,,,,y,,
arithmetic_15_comptime,Wechsler Adult Intelligence Scale [part 2],,text,,,,number,1,,,,y,,
arithmetic_15_resp,Wechsler Adult Intelligence Scale [part 2],,text,,,,,,,,,y,,
arithmetic_15_score,Wechsler Adult Intelligence Scale [part 2],,dropdown,,"0, 0 | 1, 1",,,,,,,y,,
arithmetic_16_comptime,Wechsler Adult Intelligence Scale [part 2],,text,,,,number,1,,,,y,,
arithmetic_16_resp,Wechsler Adult Intelligence Scale [part 2],,text,,,,,,,,,y,,
arithmetic_16_score,Wechsler Adult Intelligence Scale [part 2],,dropdown,,"0, 0 | 1, 1",,,,,,,y,,
arithmetic_17_comptime,Wechsler Adult Intelligence Scale [part 2],,text,,,,number,1,,,,y,,
arithmetic_17_resp,Wechsler Adult Intelligence Scale [part 2],,text,,,,,,,,,y,,
arithmetic_17_score,Wechsler Adult Intelligence Scale [part 2],,dropdown,,"0, 0 | 1, 1",,,,,,,y,,
arithmetic_18_comptime,Wechsler Adult Intelligence Scale [part 2],,text,,,,number,1,,,,y,,
arithmetic_18_resp,Wechsler Adult Intelligence Scale [part 2],,text,,,,,,,,,y,,
arithmetic_18_score,Wechsler Adult Intelligence Scale [part 2],,dropdown,,"0, 0 | 1, 1",,,,,,,y,,
arithmetic_19_comptime,Wechsler Adult Intelligence Scale [part 2],,text,,,,number,1,,,,y,,
arithmetic_19_resp,Wechsler Adult Intelligence Scale [part 2],,text,,,,,,,,,y,,
arithmetic_19_score,Wechsler Adult Intelligence Scale [part 2],,dropdown,,"0, 0 | 1, 1",,,,,,,y,,
arithmetic_20_comptime,Wechsler Adult Intelligence Scale [part 2],,text,,,,number,1,,,,y,,
arithmetic_20_resp,Wechsler Adult Intelligence Scale [part 2],,text,,,,,,,,,y,,
arithmetic_20_score,Wechsler Adult Intelligence Scale [part 2],,dropdown,,"0, 0 | 1, 1",,,,,,,y,,
arithmetic_21_comptime,Wechsler Adult Intelligence Scale [part 2],,text,,,,number,1,,,,y,,
arithmetic_21_resp,Wechsler Adult Intelligence Scale [part 2],,text,,,,,,,,,y,,
arithmetic_21_score,Wechsler Adult Intelligence Scale [part 2],,dropdown,,"0, 0 | 1, 1",,,,,,,y,,
arithmetic_22_comptime,Wechsler Adult Intelligence Scale [part 2],,text,,,,number,1,,,,y,,
arithmetic_22_resp,Wechsler Adult Intelligence Scale [part 2],,text,,,,,,,,,y,,
arithmetic_22_score,Wechsler Adult Intelligence Scale [part 2],,dropdown,,"0, 0 | 1, 1",,,,,,,y,,
arithmetic_totalrawscore,Wechsler Adult Intelligence Scale [part 2],,text,,,,number,0,22,,,y,,
symbolsearch_comptime,Wechsler Adult Intelligence Scale [part 2],Symbol Search,text,,,,number,1,,,,y,,
symbolsearch_numcorrect,Wechsler Adult Intelligence Scale [part 2],,text,,,,number,0,,,,y,,
symbolsearch_numincorrect,Wechsler Adult Intelligence Scale [part 2],,text,,,,number,0,,,,y,,
symbolsearch_totalrawscore,Wechsler Adult Intelligence Scale [part 2],,text,,,,number,0,60,,,y,,
visualpuzzles_d_comptime,Wechsler Adult Intelligence Scale [part 2],Visual Puzzles,text,,,,number,1,,,,y,,
visualpuzzles_d_resp,Wechsler Adult Intelligence Scale [part 2],,dropdown,,"1, 1 | 2, 2 | 3, 3 | 4, 4 | 5, 5 | 6, 6",,,,,,,y,,
visualpuzzles_s_comptime,Wechsler Adult Intelligence Scale [part 2],,text,,,,number,1,,,,y,,
visualpuzzles_s_resp,Wechsler Adult Intelligence Scale [part 2],,dropdown,,"1, 1 | 2, 2 | 3, 3 | 4, 4 | 5, 5 | 6, 6",,,,,,,y,,
visualpuzzles_1_comptime,Wechsler Adult Intelligence Scale [part 2],,text,,,,number,1,,,,y,,
visualpuzzles_1_resp,Wechsler Adult Intelligence Scale [part 2],,dropdown,,"1, 1 | 2, 2 | 3, 3 | 4, 4 | 5, 5 | 6, 6",,,,,,,y,,
visualpuzzles_1_score,Wechsler Adult Intelligence Scale [part 2],,dropdown,,"0, 0 | 1, 1",,,,,,,y,,
visualpuzzles_2_comptime,Wechsler Adult Intelligence Scale [part 2],,text,,,,number,1,,,,y,,
visualpuzzles_2_resp,Wechsler Adult Intelligence Scale [part 2],,dropdown,,"1, 1 | 2, 2 | 3, 3 | 4, 4 | 5, 5 | 6, 6",,,,,,,y,,
visualpuzzles_2_score,Wechsler Adult Intelligence Scale [part 2],,dropdown,,"0, 0 | 1, 1",,,,,,,y,,
visualpuzzles_3_comptime,Wechsler Adult Intelligence Scale [part 2],,text,,,,number,1,,,,y,,
visualpuzzles_3_resp,Wechsler Adult Intelligence Scale [part 2],,dropdown,,"1, 1 | 2, 2 | 3, 3 | 4, 4 | 5, 5 | 6, 6",,,,,,,y,,
visualpuzzles_3_score,Wechsler Adult Intelligence Scale [part 2],,dropdown,,"0, 0 | 1, 1",,,,,,,y,,
visualpuzzles_4_comptime,Wechsler Adult Intelligence Scale [part 2],,text,,,,number,1,,,,y,,
visualpuzzles_4_resp,Wechsler Adult Intelligence Scale [part 2],,dropdown,,"1, 1 | 2, 2 | 3, 3 | 4, 4 | 5, 5 | 6, 6",,,,,,,y,,
visualpuzzles_4_score,Wechsler Adult Intelligence Scale [part 2],,dropdown,,"0, 0 | 1, 1",,,,,,,y,,
visualpuzzles_5_comptime,Wechsler Adult Intelligence Scale [part 2],,text,,,,number,1,,,,y,,
visualpuzzles_5_resp,Wechsler Adult Intelligence Scale [part 2],,dropdown,,"1, 1 | 2, 2 | 3, 3 | 4, 4 | 5, 5 | 6, 6",,,,,,,y,,
visualpuzzles_5_score,Wechsler Adult Intelligence Scale [part 2],,dropdown,,"0, 0 | 1, 1",,,,,,,y,,
visualpuzzles_6_comptime,Wechsler Adult Intelligence Scale [part 2],,text,,,,number,1,,,,y,,
visualpuzzles_6_resp,Wechsler Adult Intelligence Scale [part 2],,dropdown,,"1, 1 | 2, 2 | 3, 3 | 4, 4 | 5, 5 | 6, 6",,,,,,,y,,
visualpuzzles_6_score,Wechsler Adult Intelligence Scale [part 2],,dropdown,,"0, 0 | 1, 1",,,,,,,y,,
visualpuzzles_7_comptime,Wechsler Adult Intelligence Scale [part 2],,text,,,,number,1,,,,y,,
visualpuzzles_7_resp,Wechsler Adult Intelligence Scale [part 2],,dropdown,,"1, 1 | 2, 2 | 3, 3 | 4, 4 | 5, 5 | 6, 6",,,,,,,y,,
visualpuzzles_7_score,Wechsler Adult Intelligence Scale [part 2],,dropdown,,"0, 0 | 1, 1",,,,,,,y,,
visualpuzzles_8_comptime,Wechsler Adult Intelligence Scale [part 2],,text,,,,number,1,,,,y,,
visualpuzzles_8_resp,Wechsler Adult Intelligence Scale [part 2],,dropdown,,"1, 1 | 2, 2 | 3, 3 | 4, 4 | 5, 5 | 6, 6",,,,,,,y,,
visualpuzzles_8_score,Wechsler Adult Intelligence Scale [part 2],,dropdown,,"0, 0 | 1, 1",,,,,,,y,,
visualpuzzles_9_comptime,Wechsler Adult Intelligence Scale [part 2],,text,,,,number,1,,,,y,,
visualpuzzles_9_resp,Wechsler Adult Intelligence Scale [part 2],,dropdown,,"1, 1 | 2, 2 | 3, 3 | 4, 4 | 5, 5 | 6, 6",,,,,,,y,,
visualpuzzles_9_score,Wechsler Adult Intelligence Scale [part 2],,dropdown,,"0, 0 | 1, 1",,,,,,,y,,
visualpuzzles_10_comptime,Wechsler Adult Intelligence Scale [part 2],,text,,,,number,1,,,,y,,
visualpuzzles_10_resp,Wechsler Adult Intelligence Scale [part 2],,dropdown,,"1, 1 | 2, 2 | 3, 3 | 4, 4 | 5, 5 | 6, 6",,,,,,,y,,
visualpuzzles_10_score,Wechsler Adult Intelligence Scale [part 2],,dropdown,,"0, 0 | 1, 1",,,,,,,y,,
visualpuzzles_11_comptime,Wechsler Adult Intelligence Scale [part 2],,text,,,,number,1,,,,y,,
visualpuzzles_11_resp,Wechsler Adult Intelligence Scale [part 2],,dropdown,,"1, 1 | 2, 2 | 3, 3 | 4, 4 | 5, 5 | 6, 6",,,,,,,y,,
visualpuzzles_11_score,Wechsler Adult Intelligence Scale [part 2],,dropdown,,"0, 0 | 1, 1",,,,,,,y,,
visualpuzzles_12_comptime,Wechsler Adult Intelligence Scale [part 2],,text,,,,number,1,,,,y,,
visualpuzzles_12_resp,Wechsler Adult Intelligence Scale [part 2],,dropdown,,"1, 1 | 2, 2 | 3, 3 | 4, 4 | 5, 5 | 6, 6",,,,,,,y,,
visualpuzzles_12_score,Wechsler Adult Intelligence Scale [part 2],,dropdown,,"0, 0 | 1, 1",,,,,,,y,,
visualpuzzles_13_comptime,Wechsler Adult Intelligence Scale [part 2],,text,,,,number,1,,,,y,,
visualpuzzles_13_resp,Wechsler Adult Intelligence Scale [part 2],,dropdown,,"1, 1 | 2, 2 | 3, 3 | 4, 4 | 5, 5 | 6, 6",,,,,,,y,,
visualpuzzles_13_score,Wechsler Adult Intelligence Scale [part 2],,dropdown,,"0, 0 | 1, 1",,,,,,,y,,
visualpuzzles_14_comptime,Wechsler Adult Intelligence Scale [part 2],,text,,,,number,1,,,,y,,
visualpuzzles_14_resp,Wechsler Adult Intelligence Scale [part 2],,dropdown,,"1, 1 | 2, 2 | 3, 3 | 4, 4 | 5, 5 | 6, 6",,,,,,,y,,
visualpuzzles_14_score,Wechsler Adult Intelligence Scale [part 2],,dropdown,,"0, 0 | 1, 1",,,,,,,y,,
visualpuzzles_15_comptime,Wechsler Adult Intelligence Scale [part 2],,text,,,,number,1,,,,y,,
visualpuzzles_15_resp,Wechsler Adult Intelligence Scale [part 2],,dropdown,,"1, 1 | 2, 2 | 3, 3 | 4, 4 | 5, 5 | 6, 6",,,,,,,y,,
visualpuzzles_15_score,Wechsler Adult Intelligence Scale [part 2],,dropdown,,"0, 0 | 1, 1",,,,,,,y,,
visualpuzzles_16_comptime,Wechsler Adult Intelligence Scale [part 2],,text,,,,number,1,,,,y,,
visualpuzzles_16_resp,Wechsler Adult Intelligence Scale [part 2],,dropdown,,"1, 1 | 2, 2 | 3, 3 | 4, 4 | 5, 5 | 6, 6",,,,,,,y,,
visualpuzzles_16_score,Wechsler Adult Intelligence Scale [part 2],,dropdown,,"0, 0 | 1, 1",,,,,,,y,,
visualpuzzles_17_comptime,Wechsler Adult Intelligence Scale [part 2],,text,,,,number,1,,,,y,,
visualpuzzles_17_resp,Wechsler Adult Intelligence Scale [part 2],,dropdown,,"1, 1 | 2, 2 | 3, 3 | 4, 4 | 5, 5 | 6, 6",,,,,,,y,,
visualpuzzles_17_score,Wechsler Adult Intelligence Scale [part 2],,dropdown,,"0, 0 | 1, 1",,,,,,,y,,
visualpuzzles_18_comptime,Wechsler Adult Intelligence Scale [part 2],,text,,,,number,1,,,,y,,
visualpuzzles_18_resp,Wechsler Adult Intelligence Scale [part 2],,dropdown,,"1, 1 | 2, 2 | 3, 3 | 4, 4 | 5, 5 | 6, 6",,,,,,,y,,
visualpuzzles_18_score,Wechsler Adult Intelligence Scale [part 2],,dropdown,,"0, 0 | 1, 1",,,,,,,y,,
visualpuzzles_19_comptime,Wechsler Adult Intelligence Scale [part 2],,text,,,,number,1,,,,y,,
visualpuzzles_19_resp,Wechsler Adult Intelligence Scale [part 2],,dropdown,,"1, 1 | 2, 2 | 3, 3 | 4, 4 | 5, 5 | 6, 6",,,,,,,y,,
visualpuzzles_19_score,Wechsler Adult Intelligence Scale [part 2],,dropdown,,"0, 0 | 1, 1",,,,,,,y,,
visualpuzzles_20_comptime,Wechsler Adult Intelligence Scale [part 2],,text,,,,number,1,,,,y,,
visualpuzzles_20_resp,Wechsler Adult Intelligence Scale [part 2],,dropdown,,"1, 1 | 2, 2 | 3, 3 | 4, 4 | 5, 5 | 6, 6",,,,,,,y,,
visualpuzzles_20_score,Wechsler Adult Intelligence Scale [part 2],,dropdown,,"0, 0 | 1, 1",,,,,,,y,,
visualpuzzles_21_comptime,Wechsler Adult Intelligence Scale [part 2],,text,,,,number,1,,,,y,,
visualpuzzles_21_resp,Wechsler Adult Intelligence Scale [part 2],,dropdown,,"1, 1 | 2, 2 | 3, 3 | 4, 4 | 5, 5 | 6, 6",,,,,,,y,,
visualpuzzles_21_score,Wechsler Adult Intelligence Scale [part 2],,dropdown,,"0, 0 | 1, 1",,,,,,,y,,
visualpuzzles_22_comptime,Wechsler Adult Intelligence Scale [part 2],,text,,,,number,1,,,,y,,
visualpuzzles_22_resp,Wechsler Adult Intelligence Scale [part 2],,dropdown,,"1, 1 | 2, 2 | 3, 3 | 4, 4 | 5, 5 | 6, 6",,,,,,,y,,
visualpuzzles_22_score,Wechsler Adult Intelligence Scale [part 2],,dropdown,,"0, 0 | 1, 1",,,,,,,y,,
visualpuzzles_23_comptime,Wechsler Adult Intelligence Scale [part 2],,text,,,,number,1,,,,y,,
visualpuzzles_23_resp,Wechsler Adult Intelligence Scale [part 2],,dropdown,,"1, 1 | 2, 2 | 3, 3 | 4, 4 | 5, 5 | 6, 6",,,,,,,y,,
visualpuzzles_23_score,Wechsler Adult Intelligence Scale [part 2],,dropdown,,"0, 0 | 1, 1",,,,,,,y,,
visualpuzzles_24_comptime,Wechsler Adult Intelligence Scale [part 2],,text,,,,number,1,,,,y,,
visualpuzzles_24_resp,Wechsler Adult Intelligence Scale [part 2],,dropdown,,"1, 1 | 2, 2 | 3, 3 | 4, 4 | 5, 5 | 6, 6",,,,,,,y,,
visualpuzzles_24_score,Wechsler Adult Intelligence Scale [part 2],,dropdown,,"0, 0 | 1, 1",,,,,,,y,,
visualpuzzles_25_comptime,Wechsler Adult Intelligence Scale [part 2],,text,,,,number,1,,,,y,,
visualpuzzles_25_resp,Wechsler Adult Intelligence Scale [part 2],,dropdown,,"1, 1 | 2, 2 | 3, 3 | 4, 4 | 5, 5 | 6, 6",,,,,,,y,,
visualpuzzles_25_score,Wechsler Adult Intelligence Scale [part 2],,dropdown,,"0, 0 | 1, 1",,,,,,,y,,
visualpuzzles_26_comptime,Wechsler Adult Intelligence Scale [part 2],,text,,,,number,1,,,,y,,
visualpuzzles_26_resp,Wechsler Adult Intelligence Scale [part 2],,dropdown,,"1, 1 | 2, 2 | 3, 3 | 4, 4 | 5, 5 | 6, 6",,,,,,,y,,
visualpuzzles_26_score,Wechsler Adult Intelligence Scale [part 2],,dropdown,,"0, 0 | 1, 1",,,,,,,y,,
visualpuzzles_totalrawscore,Wechsler Adult Intelligence Scale [part 2],,text,,,,number,0,26,,,y,,
information_1_resp,Wechsler Adult Intelligence Scale [part 2],Information,text,,,,,,,,,y,,
information_1_score,Wechsler Adult Intelligence Scale [part 2],,dropdown,,"0, 0 | 1, 1",,,,,,,y,,
information_2_resp,Wechsler Adult Intelligence Scale [part 2],,text,,,,,,,,,y,,
information_2_score,Wechsler Adult Intelligence Scale [part 2],,dropdown,,"0, 0 | 1, 1",,,,,,,y,,
information_3_resp,Wechsler Adult Intelligence Scale [part 2],,text,,,,,,,,,y,,
information_3_score,Wechsler Adult Intelligence Scale [part 2],,dropdown,,"0, 0 | 1, 1",,,,,,,y,,
information_4_resp,Wechsler Adult Intelligence Scale [part 2],,text,,,,,,,,,y,,
information_4_score,Wechsler Adult Intelligence Scale [part 2],,dropdown,,"0, 0 | 1, 1",,,,,,,y,,
information_5_resp,Wechsler Adult Intelligence Scale [part 2],,text,,,,,,,,,y,,
information_5_score,Wechsler Adult Intelligence Scale [part 2],,dropdown,,"0, 0 | 1, 1",,,,,,,y,,
information_6_resp,Wechsler Adult Intelligence Scale [part 2],,text,,,,,,,,,y,,
information_6_score,Wechsler Adult Intelligence Scale [part 2],,dropdown,,"0, 0 | 1, 1",,,,,,,y,,
information_7_resp,Wechsler Adult Intelligence Scale [part 2],,text,,,,,,,,,y,,
information_7_score,Wechsler Adult Intelligence Scale [part 2],,dropdown,,"0, 0 | 1, 1",,,,,,,y,,
information_8_resp,Wechsler Adult Intelligence Scale [part 2],,text,,,,,,,,,y,,
information_8_score,Wechsler Adult Intelligence Scale [part 2],,dropdown,,"0, 0 | 1, 1",,,,,,,y,,
information_9_resp,Wechsler Adult Intelligence Scale [part 2],,text,,,,,,,,,y,,
information_9_score,Wechsler Adult Intelligence Scale [part 2],,dropdown,,"0, 0 | 1, 1",,,,,,,y,,
information_10_resp,Wechsler Adult Intelligence Scale [part 2],,text,,,,,,,,,y,,
information_10_score,Wechsler Adult Intelligence Scale [part 2],,dropdown,,"0, 0 | 1, 1",,,,,,,y,,
information_11_resp,Wechsler Adult Intelligence Scale [part 2],,text,,,,,,,,,y,,
information_11_score,Wechsler Adult Intelligence Scale [part 2],,dropdown,,"0, 0 | 1, 1",,,,,,,y,,
information_12_resp,Wechsler Adult Intelligence Scale [part 2],,text,,,,,,,,,y,,
information_12_score,Wechsler Adult Intelligence Scale [part 2],,dropdown,,"0, 0 | 1, 1",,,,,,,y,,
information_13_resp,Wechsler Adult Intelligence Scale [part 2],,text,,,,,,,,,y,,
information_13_score,Wechsler Adult Intelligence Scale [part 2],,dropdown,,"0, 0 | 1, 1",,,,,,,y,,
information_14_resp,Wechsler Adult Intelligence Scale [part 2],,text,,,,,,,,,y,,
information_14_score,Wechsler Adult Intelligence Scale [part 2],,dropdown,,"0, 0 | 1, 1",,,,,,,y,,
information_15_resp,Wechsler Adult Intelligence Scale [part 2],,text,,,,,,,,,y,,
information_15_score,Wechsler Adult Intelligence Scale [part 2],,dropdown,,"0, 0 | 1, 1",,,,,,,y,,
information_16_resp,Wechsler Adult Intelligence Scale [part 2],,text,,,,,,,,,y,,
information_16_score,Wechsler Adult Intelligence Scale [part 2],,dropdown,,"0, 0 | 1, 1",,,,,,,y,,
information_17_resp,Wechsler Adult Intelligence Scale [part 2],,text,,,,,,,,,y,,
information_17_score,Wechsler Adult Intelligence Scale [part 2],,dropdown,,"0, 0 | 1, 1",,,,,,,y,,
information_18_resp,Wechsler Adult Intelligence Scale [part 2],,text,,,,,,,,,y,,
information_18_score,Wechsler Adult Intelligence Scale [part 2],,dropdown,,"0, 0 | 1, 1",,,,,,,y,,
information_19_resp,Wechsler Adult Intelligence Scale [part 2],,text,,,,,,,,,y,,
