Variable / Field Name,Form Name,Section Header,Field Type,Field Label,"Choices, Calculations, OR Slider Labels",Field Note,Text Validation Type OR Show Slider Number,Text Validation Min,Text Validation Max,Identifier?,Branching Logic (Show field only if...),Required Field?,Custom Alignment,Question Number (surveys only)
subjectkey,DAS-II:Differential Ability Scales 2nd Ed. Early Years,NDAR Required,text,The NDAR Global Unique Identifier (GUID) for subjects which identifies a subject in NDAR,,,,,,,,y,,
src_subject_id,DAS-II:Differential Ability Scales 2nd Ed. Early Years,,text,The site's subject identification,,,,,,,,y,,
interview_date,DAS-II:Differential Ability Scales 2nd Ed. Early Years,,text,Date on which the interview/genetic test/sampling/imaging was completed,"MM/yyyy, MM/yyyy | MM/dd/yyyy, MM/dd/yyyy",* '01/01/1900' indicates that a date associated with retrospective data is not known.,date_ymd,,,,,y,,
interview_age,DAS-II:Differential Ability Scales 2nd Ed. Early Years,,text,Age in months at the time of the interview/test/sampling/imaging.,,Age is rounded to chronological month If the research participant is 13 days old at time of interview  the appropriate value would be 0 months if the participant is 19 days old the value would be 1 month,number,0,1200,,,y,,
dasii_measure,DAS-II:Differential Ability Scales 2nd Ed. Early Years,Measure Information,text,Measure Used,,,,,,,,y,,
dasii_form,DAS-II:Differential Ability Scales 2nd Ed. Early Years,,dropdown,Form Used,"SAR, SAR | EYR, EYR",,,,,,,y,,
dasii_year,DAS-II:Differential Ability Scales 2nd Ed. Early Years,,text,Year Published,,,,,,,,,,
dasii_eyr_level,DAS-II:Differential Ability Scales 2nd Ed. Early Years,Level Used,dropdown,EYR-Level Used: LL = Lower Level; UL = Upper Level; OL = Out-of-Level; OOL = Over OL (CA over 109 months),"LL, EYR-Level Used: LL = Lower Level | UL,  UL = Upper Level | OL,  OL = Out-of-Level | OOL,  OOL = Over OL (CA over 109 months)",,,,,,,y,,
dasii_eyr_vcom_raw,DAS-II:Differential Ability Scales 2nd Ed. Early Years,Verbal Comprehension,text,EYR-Verbal Comprehension: Raw Score (DAS-II),,,number,0,24,,,y,,
dasii_eyr_vcom_isa,DAS-II:Differential Ability Scales 2nd Ed. Early Years,,text,EYR-Verbal Comprehension: Item Set Administered (DAS-II),,??? To ??? (ex: 099 to 110),,,,,,,,
dasii_eyr_vcom_as,DAS-II:Differential Ability Scales 2nd Ed. Early Years,,text,EYR-Verbal Comprehension: Ability Score,,,number,10,187,,,y,,
dasii_eyr_psim_raw,DAS-II:Differential Ability Scales 2nd Ed. Early Years,Picture Similarities,text,EYR-Picture Similarities: Raw Score,,,number,0,24,,,y,,
dasii_eyr_psim_isa,DAS-II:Differential Ability Scales 2nd Ed. Early Years,,text,EYR-Picture Similarities: Item Set Administered (DAS-II),,??? To ??? (ex: 099 to 110),,,,,,,,
dasii_eyr_psim_as,DAS-II:Differential Ability Scales 2nd Ed. Early Years,,text,EYR-Picture Similarities: Ability Score,,,number,10,152,,,y,,
dasii_eyr_nvoc_raw,DAS-II:Differential Ability Scales 2nd Ed. Early Years,Naming Vocabulary,text,EYR-Naming Vocabulary: Raw Score,,,number,0,29,,,y,,
dasii_eyr_nvoc_isa,DAS-II:Differential Ability Scales 2nd Ed. Early Years,,text,EYR-Naming Vocabulary: Item Set Administered (DAS-II),,??? To ??? (ex: 099 to 110),,,,,,,,
dasii_eyr_nvoc_as,DAS-II:Differential Ability Scales 2nd Ed. Early Years,,text,EYR-Naming Vocabulary: Ability Score,,,number,10,214,,,y,,
dasii_eyr_sar_pcon_raw,DAS-II:Differential Ability Scales 2nd Ed. Early Years,Pattern Construction,text,Pattern Construction: Raw Score,,,number,0,74,,,y,,
dasii_eyr_sar_pcon_isa,DAS-II:Differential Ability Scales 2nd Ed. Early Years,,text,Pattern Construction: Item Set Administered,,??? To ??? (ex: 099 to 110),,,,,,,,
dasii_eyr_sar_pcon_as,DAS-II:Differential Ability Scales 2nd Ed. Early Years,,text,Pattern Construction: Ability Score,,,number,10,350,,,y,,
dasii_eyr_sar_pcon_alt,DAS-II:Differential Ability Scales 2nd Ed. Early Years,,dropdown,Pattern Construction: Alternative Procedure Used? (Yes/No),"Yes, Yes | No, No",Pattern Construction Alternative scoring method used (Yes or No),,,,,,y,,
dasii_eyr_sar_pcon_alt_raw,DAS-II:Differential Ability Scales 2nd Ed. Early Years,,text,Pattern Construction: Alternative Raw Score,,,number,0,32,,,y,,
dasii_eyr_sar_pcon_alt_isa,DAS-II:Differential Ability Scales 2nd Ed. Early Years,,text,Pattern Construction: Alternative Item Set Administered,,??? To ??? (ex: 099 to 110),,,,,,,,
dasii_eyr_sar_pcon_alt_as,DAS-II:Differential Ability Scales 2nd Ed. Early Years,,text,Pattern Construction: Alternative Ability Score,,,number,10,323,,,y,,
dasii_eyr_sar_mat_raw,DAS-II:Differential Ability Scales 2nd Ed. Early Years,Matrices,text,Matrices: Raw Score,,,number,0,34,,,y,,
dasii_eyr_sar_mat_isa,DAS-II:Differential Ability Scales 2nd Ed. Early Years,,text,Matrices: Item Set Administered,,??? To ??? (ex: 099 to 110),,,,,,,,
dasii_eyr_sar_mat_as,DAS-II:Differential Ability Scales 2nd Ed. Early Years,,text,Matrices: Ability Score,,,number,10,155,,,y,,
dasii_eyr_copy_raw,DAS-II:Differential Ability Scales 2nd Ed. Early Years,Copying,text,EYR-Copying: Raw Score,,,number,0,36,,,y,,
dasii_eyr_copy_isa,DAS-II:Differential Ability Scales 2nd Ed. Early Years,,text,EYR-Copying: Item Set Administered,,??? To ??? (ex: 099 to 110),,,,,,,,
dasii_eyr_copy_as,DAS-II:Differential Ability Scales 2nd Ed. Early Years,,text,EYR-Copying: Ability Score,,,number,10,181,,,y,,
dasii_eyr_vcom_tscr,DAS-II:Differential Ability Scales 2nd Ed. Early Years,,text,EYR-Verbal Comprehension: T-Score,,,number,10,90,,,y,,
dasii_eyr_psim_tscr,DAS-II:Differential Ability Scales 2nd Ed. Early Years,,text,EYR-Picture Similarities: T-Score,,,number,10,90,,,y,,
dasii_eyr_nvoc_tscr,DAS-II:Differential Ability Scales 2nd Ed. Early Years,,text,EYR-Naming Vocabulary: T-Score,,,number,10,90,,,y,,
dasii_eyr_sar_pcon_tscr,DAS-II:Differential Ability Scales 2nd Ed. Early Years,,text,Pattern Construction: T-Score,,,number,10,90,,,y,,
dasii_eyr_sar_mat_tscr,DAS-II:Differential Ability Scales 2nd Ed. Early Years,,text,Matrices: T-Score,,,number,10,90,,,y,,
dasii_eyr_copy_tscr,DAS-II:Differential Ability Scales 2nd Ed. Early Years,,text,EYR-Copying: T-Score,,,number,10,90,,,y,,
dasii_eyr_ci_percent_lvl_used,DAS-II:Differential Ability Scales 2nd Ed. Early Years,Confidence Interval Percentile Used,dropdown,EYR-Confidence Interval Percentile Used (90 or 95),"90, 90 | 95, 95",,,,,,,,,
dasii_eyr_verbal_sum_tscr,DAS-II:Differential Ability Scales 2nd Ed. Early Years,Verbal Cluster,text,EYR-Sum of Verbal Subtest T-Scores,,,number,20,180,,,y,,
dasii_eyr_verbal_ss,DAS-II:Differential Ability Scales 2nd Ed. Early Years,,text,EYR-Verbal Standard Score,,,number,30,170,,,y,,
dasii_eyr_verbal_percent,DAS-II:Differential Ability Scales 2nd Ed. Early Years,,text,EYR-Verbal SS Percentile,,,number,0.1,99.9,,,,,
dasii_eyr_verbal_ci,DAS-II:Differential Ability Scales 2nd Ed. Early Years,,text,EYR-Verbal CI range (??? to ???),,??? To ??? (ex: 099 to 110),,,,,,,,
dasii_eyr_nonverb_sum_tscr,DAS-II:Differential Ability Scales 2nd Ed. Early Years,Nonverbal Cluster,text,EYR-Sum of Nonverbal Subtest T-Scores,,,number,20,180,,,y,,
dasii_eyr_nonverb_ss,DAS-II:Differential Ability Scales 2nd Ed. Early Years,,text,EYR-Nonverbal Standard Score,,,number,32,170,,,y,,
dasii_eyr_nonverb_percent,DAS-II:Differential Ability Scales 2nd Ed. Early Years,,text,EYR-Nonverbal SS Percentile,,,number,0.1,99.9,,,,,
dasii_eyr_nonverb_ci,DAS-II:Differential Ability Scales 2nd Ed. Early Years,,text,EYR-Nonverbal CI range (??? to ???),,??? To ??? (ex: 099 to 110),,,,,,,,
dasii_eyr_nonverb_r_sum_tscr,DAS-II:Differential Ability Scales 2nd Ed. Early Years,Nonverbal Reasoning Cluster,text,EYR-Sum of Nonverbal Reasoning Subtest T-Scores,,,number,20,180,,,y,,
dasii_eyr_nonverb_r_ss,DAS-II:Differential Ability Scales 2nd Ed. Early Years,,text,EYR-Nonverbal Reasoning Standard Score,,,number,32,170,,,y,,
dasii_eyr_nonverb_r_percent,DAS-II:Differential Ability Scales 2nd Ed. Early Years,,text,EYR-Nonverbal Reasoning SS Percentile,,,number,0.1,99.9,,,,,
dasii_eyr_nonverb_r_ci,DAS-II:Differential Ability Scales 2nd Ed. Early Years,,text,EYR-Nonverbal Reasoning CI range (??? to ???),,??? To ??? (ex: 099 to 110),,,,,,,,
dasii_eyr_spatial_sum_tscr,DAS-II:Differential Ability Scales 2nd Ed. Early Years,Spatial Cluster,text,EYR-Sum of Spatial Subtest T-Scores,,,number,20,180,,,y,,
dasii_eyr_spatial_ss,DAS-II:Differential Ability Scales 2nd Ed. Early Years,,text,EYR-Spatial Standard Score,,,number,34,170,,,y,,
dasii_eyr_spatial_percent,DAS-II:Differential Ability Scales 2nd Ed. Early Years,,text,EYR-Spatial SS Percentile,,,number,0.1,99.9,,,,,
dasii_eyr_spatial_ci,DAS-II:Differential Ability Scales 2nd Ed. Early Years,,text,EYR-Spatial CI range (??? to ???),,??? To ??? (ex: 099 to 110),,,,,,,,
dasii_eyr_gca_sum_tscr,DAS-II:Differential Ability Scales 2nd Ed. Early Years,General Conceptual Ability,text,EYR-Sum of General Conceptual Ability (GCA) Subtest T-Scores,,,number,40,540,,,y,,
dasii_eyr_gca_ss,DAS-II:Differential Ability Scales 2nd Ed. Early Years,,text,EYR-General Conceptual Ability (GCA) Standard Score,,,number,30,170,,,y,,
dasii_eyr_gca_percent,DAS-II:Differential Ability Scales 2nd Ed. Early Years,,text,EYR-General Conceptual Ability (GCA) SS Percentile,,,number,0.1,99.9,,,,,
dasii_eyr_gca_ci,DAS-II:Differential Ability Scales 2nd Ed. Early Years,,text,EYR-General Conceptual Ability (GCA) CI range (??? to ???),,??? To ??? (ex: 099 to 110),,,,,,,,
dasii_eyr_gca_mean_tscr,DAS-II:Differential Ability Scales 2nd Ed. Early Years,,text,EYR-General Conceptual Ability (GCA) Mean T-Score,,,number,10,90,,,,,
dasii_eyr_snc_sum_tscr,DAS-II:Differential Ability Scales 2nd Ed. Early Years,Special Nonverbal Composite,text,EYR-Sum of Special Nonverbal Composite (SNC) Subtest T-Scores,,,number,40,360,,,y,,
dasii_eyr_snc_ss,DAS-II:Differential Ability Scales 2nd Ed. Early Years,,text,EYR-Special Nonverbal Composite (SNC) Standard Score,,,number,30,170,,,y,,
dasii_eyr_snc_percent,DAS-II:Differential Ability Scales 2nd Ed. Early Years,,text,EYR-Special Nonverbal Composite (SNC) SS Percentile,,,number,0.1,99.9,,,,,
dasii_eyr_snc_ci,DAS-II:Differential Ability Scales 2nd Ed. Early Years,,text,EYR-Special Nonverbal Composite (SNC) CI range (??? to ???),,??? To ??? (ex: 099 to 110),,,,,,,,
dasii_eyr_snc_mean_tscr,DAS-II:Differential Ability Scales 2nd Ed. Early Years,,text,EYR-Special Nonverbal Composite (SNC) Mean T-Score,,,number,10,90,,,,,
dasii_eyr_vcom_percent,DAS-II:Differential Ability Scales 2nd Ed. Early Years,,text,EYR-Verbal Comprehension: Percentile,,,number,0.1,99.9,,,,,
dasii_eyr_vcom_ae,DAS-II:Differential Ability Scales 2nd Ed. Early Years,,text,EYR-Verbal Comprehension: Age Equivalent (in months) [Note: if AE<2:7 enter 28 months; if AE>17:9 enter 216 months],,Age Equivalent in Months,number,28,216,,,y,,
dasii_eyr_vcom_ae_notes,DAS-II:Differential Ability Scales 2nd Ed. Early Years,,text,EYR-Verbal Comprehension: Age Equivalent (in months) [Note: if AE<2:7 enter 28 months; if AE>17:9 enter 216 months]:  Notes to explain the usage of either the floor of 28 or the ceiling of 216,,,,,,,,y,,
dasii_eyr_psim_percent,DAS-II:Differential Ability Scales 2nd Ed. Early Years,,text,EYR-Picture Similarities: Percentile,,,number,0.1,99.9,,,,,
dasii_eyr_psim_ae,DAS-II:Differential Ability Scales 2nd Ed. Early Years,,text,EYR-Picture Similarities: Age Equivalent (in months) [Note: if AE<2:7 enter 28 months; if AE>17:9 enter 216 months],,Age Equivalent in Months,number,28,216,,,y,,
dasii_eyr_psim_ae_notes,DAS-II:Differential Ability Scales 2nd Ed. Early Years,,text,EYR-Picture Similarities: Age Equivalent (in months) [Note: if AE<2:7 enter 28 months; if AE>17:9 enter 216 months]:  Notes to explain the usage of either the floor of 28 or the ceiling of 216,,,,,,,,y,,
dasii_eyr_nvoc_percent,DAS-II:Differential Ability Scales 2nd Ed. Early Years,,text,EYR-Naming Vocabulary: Percentile,,,number,0.1,99.9,,,,,
dasii_eyr_nvoc_ae,DAS-II:Differential Ability Scales 2nd Ed. Early Years,,text,EYR-Naming Vocabulary: Age Equivalent (in months) [Note: if AE<2:7 enter 28 months; if AE>17:9 enter 216 months],,Age Equivalent in Months,number,28,216,,,y,,
dasii_eyr_nvoc_ae_notes,DAS-II:Differential Ability Scales 2nd Ed. Early Years,,text,EYR-Naming Vocabulary: Age Equivalent (in months) [Note: if AE<2:7 enter 28 months; if AE>17:9 enter 216 months]:  Notes to explain the usage of either the floor of 28 or the ceiling of 216,,,,,,,,y,,
dasii_eyr_sar_pcon_percent,DAS-II:Differential Ability Scales 2nd Ed. Early Years,,text,Pattern Construction: Percentile,,,number,0.1,99.9,,,,,
dasii_eyr_sar_pcon_ae,DAS-II:Differential Ability Scales 2nd Ed. Early Years,,text,Pattern Construction: Age Equivalent (in months) [Note: if AE<2:7 enter 28 months; if AE>17:9 enter 216 months],,Age Equivalent in Months,number,28,216,,,y,,
dasii_eyr_sar_pcon_ae_notes,DAS-II:Differential Ability Scales 2nd Ed. Early Years,,text,Pattern Construction  Age Equivalent  in months  Note  if AE less than 2yrs 7 months then enter 28 months; if AE greater than 17yrs 9mos then enter 216 months   Notes to explain the usage of either the floor of 28 or the ceiling of 216,,,,,,,,y,,
dasii_eyr_sar_mat_percent,DAS-II:Differential Ability Scales 2nd Ed. Early Years,,text,Matrices: Percentile,,,number,0.1,99.9,,,,,
dasii_eyr_sar_mat_ae,DAS-II:Differential Ability Scales 2nd Ed. Early Years,,text,Matrices: Age Equivalent (in months) [Note: if AE<2:7 enter 28 months; if AE>17:9 enter 216 months],,Age Equivalent in Months,number,28,216,,,y,,
dasii_eyr_sar_mat_ae_notes,DAS-II:Differential Ability Scales 2nd Ed. Early Years,,text,Matrices  Age Equivalent  in months  Note  if AE less than 2yrs 7 months then enter 28 months; if AE greater than 17yrs 9mos then enter 216 months   Notes to explain the usage of either the floor of 28 or the ceiling of 216,,,,,,,,y,,
dasii_eyr_copy_percent,DAS-II:Differential Ability Scales 2nd Ed. Early Years,,text,EYR-Copying: Percentile,,,number,0.1,99.9,,,,,
dasii_eyr_copy_ae,DAS-II:Differential Ability Scales 2nd Ed. Early Years,,text,EYR-Copying: Age Equivalent (in months) [Note: if AE<2:7 enter 28 months; if AE>17:9 enter 216 months],,Age Equivalent in Months,number,28,216,,,y,,
dasii_eyr_copy_ae_notes,DAS-II:Differential Ability Scales 2nd Ed. Early Years,,text,EYR-Copying: Age Equivalent (in months) [Note: if AE<2:7 enter 28 months; if AE>17:9 enter 216 months]:  Notes to explain the usage of either the floor of 28 or the ceiling of 216,,,,,,,,y,,
dasii_eyr_vma,DAS-II:Differential Ability Scales 2nd Ed. Early Years,,text,EYR-Verbal Mental Age (in months) [Note: if AE<2:7 enter 28 months; if AE>17:9 enter 216 months],,Age Equivalent in Months,number,28,216,,,,,
dasii_eyr_nvma,DAS-II:Differential Ability Scales 2nd Ed. Early Years,,text,EYR-Nonverbal Mental Age (in months) [Note: if AE<2:7 enter 28 months; if AE>17:9 enter 216 months],,Age Equivalent in Months,number,28,216,,,,,
dasii_eyr_nvrma,DAS-II:Differential Ability Scales 2nd Ed. Early Years,,text,EYR-Nonverbal Reasoning Mental Age (in months) [Note: if AE<2:7 enter 28 months; if AE>17:9 enter 216 months],,Age Equivalent in Months,number,28,216,,,,,
dasii_eyr_sma,DAS-II:Differential Ability Scales 2nd Ed. Early Years,,text,EYR-Spatial Mental Age (in months) [Note: if AE<2:7 enter 28 months; if AE>17:9 enter 216 months],,Age Equivalent in Months,number,28,216,,,,,
dasii_eyr_gca_ll_ma,DAS-II:Differential Ability Scales 2nd Ed. Early Years,,text,EYR-General Conceptual Ability (GCA) Lower Level Mental Age (in months) [Note: if AE<2:7 enter 28 months; if AE>17:9 enter 216 months],,Age Equivalent in Months,number,28,216,,,,,
dasii_eyr_gca_ul_ma,DAS-II:Differential Ability Scales 2nd Ed. Early Years,,text,EYR-General Conceptual Ability (GCA) Upper Level Mental Age (in months) [Note: if AE<2:7 enter 28 months; if AE>17:9 enter 216 months],,Age Equivalent in Months,number,28,216,,,,,
dasii_eyr_sncma,DAS-II:Differential Ability Scales 2nd Ed. Early Years,,text,EYR-Special Nonverbal Composite (SNC) Mental Age (in months) [Note: if AE<2:7 enter 28 months; if AE>17:9 enter 216 months],,Age Equivalent in Months,number,28,216,,,,,
comments_misc,DAS-II:Differential Ability Scales 2nd Ed. Early Years,,text,"Miscellaneous comments on study, interview, methodology relevant to this form data",,,,,,,,y,,
