Variable / Field Name,Form Name,Section Header,Field Type,Field Label,"Choices, Calculations, OR Slider Labels",Field Note,Text Validation Type OR Show Slider Number,Text Validation Min,Text Validation Max,Identifier?,Branching Logic (Show field only if...),Required Field?,Custom Alignment,Question Number (surveys only)
subjectkey,Peds - Preschool Language Scale-3,,text,The NDAR Global Unique Identifier (GUID) for subjects which identifies a subject in NDAR,,,,,,,,,,
admin_status,Peds - Preschool Language Scale-3,,dropdown,Instrument administration status,"Complete, Complete | Partial, Partial | Not Administered, Not Administered | Not Applicable, Not Applicable",,,,,,,y,,
src_subject_id,Peds - Preschool Language Scale-3,,text,The site's subject identification,,,,,,,,y,,
timepoint_label,Peds - Preschool Language Scale-3,,text,User-defined timepoint/visit label - a label selected by the site at the time of registration of a new timepoint into the database.  This label is used to group all the instruments administered to a subject at a given timepoint.,,,,,,,,y,,
pls3_auditory_comp_age_equiv,Peds - Preschool Language Scale-3,,text,Preschool Language Scale-3: Auditory Comprehension Age Equivalent in months,,,,,,,,y,,
pls3_auditory_comp_pct_rank,Peds - Preschool Language Scale-3,,text,Preschool Language Scale-3: Auditory Comprehension Percentile Rank,,,,,,,,y,,
pls3_auditory_comp_q_1,Peds - Preschool Language Scale-3,,dropdown,"Preschool Language Scale-3: Auditory Comprehension subtest item 1 (0, 1, NA= Not Provided) ","0, 0 | 1, 1 | NA, NA",,,,,,,y,,
pls3_auditory_comp_q_10,Peds - Preschool Language Scale-3,,dropdown,"Preschool Language Scale-3: Auditory Comprehension subtest item 10 (0, 1, NA= Not Provided) ","0, 0 | 1, 1 | NA, NA",,,,,,,y,,
pls3_auditory_comp_q_12,Peds - Preschool Language Scale-3,,dropdown,"Preschool Language Scale-3: Auditory Comprehension subtest item 12 (0, 1, NA= Not Provided) ","0, 0 | 1, 1 | NA, NA",,,,,,,y,,
pls3_auditory_comp_q_13,Peds - Preschool Language Scale-3,,dropdown,"Preschool Language Scale-3: Auditory Comprehension subtest item 13 (0, 1, NA= Not Provided) ","0, 0 | 1, 1 | NA, NA",,,,,,,y,,
pls3_auditory_comp_q_17,Peds - Preschool Language Scale-3,,dropdown,"Preschool Language Scale-3: Auditory Comprehension subtest item 17 (0, 1, NA= Not Provided) ","0, 0 | 1, 1 | NA, NA",,,,,,,y,,
pls3_auditory_comp_q_18,Peds - Preschool Language Scale-3,,dropdown,"Preschool Language Scale-3: Auditory Comprehension subtest item 18 (0, 1, NA= Not Provided) ","0, 0 | 1, 1 | NA, NA",,,,,,,y,,
pls3_auditory_comp_q_19,Peds - Preschool Language Scale-3,,dropdown,"Preschool Language Scale-3: Auditory Comprehension subtest item 19 (0, 1, NA= Not Provided) ","0, 0 | 1, 1 | NA, NA",,,,,,,y,,
pls3_auditory_comp_q_22,Peds - Preschool Language Scale-3,,dropdown,"Preschool Language Scale-3: Auditory Comprehension subtest item 22 (0, 1, NA= Not Provided) ","0, 0 | 1, 1 | NA, NA",,,,,,,y,,
pls3_auditory_comp_q_23,Peds - Preschool Language Scale-3,,dropdown,"Preschool Language Scale-3: Auditory Comprehension subtest item 23 (0, 1, NA= Not Provided) ","0, 0 | 1, 1 | NA, NA",,,,,,,y,,
pls3_auditory_comp_q_31,Peds - Preschool Language Scale-3,,dropdown,"Preschool Language Scale-3: Auditory Comprehension subtest item 31 (0, 1, NA= Not Provided) ","0, 0 | 1, 1 | NA, NA",,,,,,,y,,
pls3_auditory_comp_q_34,Peds - Preschool Language Scale-3,,dropdown,"Preschool Language Scale-3: Auditory Comprehension subtest item 34 (0, 1, NA= Not Provided) ","0, 0 | 1, 1 | NA, NA",,,,,,,y,,
pls3_auditory_comp_q_35,Peds - Preschool Language Scale-3,,dropdown,"Preschool Language Scale-3: Auditory Comprehension subtest item 35 (0, 1, NA= Not Provided) ","0, 0 | 1, 1 | NA, NA",,,,,,,y,,
pls3_auditory_comp_q_36,Peds - Preschool Language Scale-3,,dropdown,"Preschool Language Scale-3: Auditory Comprehension subtest item 36 (0, 1, NA= Not Provided) ","0, 0 | 1, 1 | NA, NA",,,,,,,y,,
pls3_auditory_comp_q_39,Peds - Preschool Language Scale-3,,dropdown,"Preschool Language Scale-3: Auditory Comprehension subtest item 39 (0, 1, NA= Not Provided) ","0, 0 | 1, 1 | NA, NA",,,,,,,y,,
pls3_auditory_comp_q_4,Peds - Preschool Language Scale-3,,dropdown,"Preschool Language Scale-3: Auditory Comprehension subtest item 4 (0, 1, NA= Not Provided) ","0, 0 | 1, 1 | NA, NA",,,,,,,y,,
pls3_auditory_comp_q_40,Peds - Preschool Language Scale-3,,dropdown,"Preschool Language Scale-3: Auditory Comprehension subtest item 40 (0, 1, NA= Not Provided) ","0, 0 | 1, 1 | NA, NA",,,,,,,y,,
pls3_auditory_comp_q_41,Peds - Preschool Language Scale-3,,dropdown,"Preschool Language Scale-3: Auditory Comprehension subtest item 41 (0, 1, NA= Not Provided) ","0, 0 | 1, 1 | NA, NA",,,,,,,y,,
pls3_auditory_comp_q_42,Peds - Preschool Language Scale-3,,dropdown,"Preschool Language Scale-3: Auditory Comprehension subtest item 42 (0, 1, NA= Not Provided) ","0, 0 | 1, 1 | NA, NA",,,,,,,y,,
pls3_auditory_comp_q_44,Peds - Preschool Language Scale-3,,dropdown,"Preschool Language Scale-3: Auditory Comprehension subtest item 44 (0, 1, NA= Not Provided) ","0, 0 | 1, 1 | NA, NA",,,,,,,y,,
pls3_auditory_comp_q_45,Peds - Preschool Language Scale-3,,dropdown,"Preschool Language Scale-3: Auditory Comprehension subtest item 45 (0, 1, NA= Not Provided) ","0, 0 | 1, 1 | NA, NA",,,,,,,y,,
pls3_auditory_comp_q_46,Peds - Preschool Language Scale-3,,dropdown,"Preschool Language Scale-3: Auditory Comprehension subtest item 46 (0, 1, NA= Not Provided) ","0, 0 | 1, 1 | NA, NA",,,,,,,y,,
pls3_auditory_comp_q_6,Peds - Preschool Language Scale-3,,dropdown,"Preschool Language Scale-3: Auditory Comprehension subtest item 6 (0, 1, NA= Not Provided) ","0, 0 | 1, 1 | NA, NA",,,,,,,y,,
pls3_auditory_comp_q_9,Peds - Preschool Language Scale-3,,dropdown,"Preschool Language Scale-3: Auditory Comprehension subtest item 9 (0, 1, NA= Not Provided) ","0, 0 | 1, 1 | NA, NA",,,,,,,y,,
pls3_expressive_comm_age_equiv,Peds - Preschool Language Scale-3,,text,Preschool Language Scale-3: Expressive Communication Age Equivalent in months,,,,,,,,y,,
pls3_expressive_comm_pct_rank,Peds - Preschool Language Scale-3,,text,Preschool Language Scale-3: Expressive Communication Percentile Rank,,,,,,,,y,,
pls3_expressive_comm_q_11,Peds - Preschool Language Scale-3,,dropdown,"Preschool Language Scale-3: Expressive Communication subtest item 11 (0, 1, NA= Not Provided) ","0, 0 | 1, 1 | NA, NA",,,,,,,y,,
pls3_expressive_comm_q_12,Peds - Preschool Language Scale-3,,dropdown,"Preschool Language Scale-3: Expressive Communication subtest item 12 (0, 1, NA= Not Provided) ","0, 0 | 1, 1 | NA, NA",,,,,,,y,,
pls3_expressive_comm_q_13,Peds - Preschool Language Scale-3,,dropdown,"Preschool Language Scale-3: Expressive Communication subtest item 13 (0, 1, NA= Not Provided) ","0, 0 | 1, 1 | NA, NA",,,,,,,y,,
pls3_expressive_comm_q_24,Peds - Preschool Language Scale-3,,dropdown,"Preschool Language Scale-3: Expressive Communication subtest item 24 (0, 1, NA= Not Provided) ","0, 0 | 1, 1 | NA, NA",,,,,,,y,,
pls3_expressive_comm_q_25,Peds - Preschool Language Scale-3,,dropdown,"Preschool Language Scale-3: Expressive Communication subtest item 25 (0, 1, NA= Not Provided) ","0, 0 | 1, 1 | NA, NA",,,,,,,y,,
pls3_expressive_comm_q_26,Peds - Preschool Language Scale-3,,dropdown,"Preschool Language Scale-3: Expressive Communication subtest item 26 (0, 1, NA= Not Provided) ","0, 0 | 1, 1 | NA, NA",,,,,,,y,,
pls3_expressive_comm_q_27,Peds - Preschool Language Scale-3,,dropdown,"Preschool Language Scale-3: Expressive Communication subtest item 27 (0, 1, NA= Not Provided) ","0, 0 | 1, 1 | NA, NA",,,,,,,y,,
pls3_expressive_comm_q_29,Peds - Preschool Language Scale-3,,dropdown,"Preschool Language Scale-3: Expressive Communication subtest item 29 (0, 1, NA= Not Provided) ","0, 0 | 1, 1 | NA, NA",,,,,,,y,,
pls3_expressive_comm_q_30,Peds - Preschool Language Scale-3,,dropdown,"Preschool Language Scale-3: Expressive Communication subtest item 30 (0, 1, NA= Not Provided) ","0, 0 | 1, 1 | NA, NA",,,,,,,y,,
pls3_expressive_comm_q_32,Peds - Preschool Language Scale-3,,dropdown,"Preschool Language Scale-3: Expressive Communication subtest item 32 (0, 1, NA= Not Provided) ","0, 0 | 1, 1 | NA, NA",,,,,,,y,,
age_days_dot_to_edc,Peds - Preschool Language Scale-3,,text,Age in days obtained by subtracting the Estimated Date of Confinement (Due Date) from the date of test,,,,,,,,y,,
pls3_auditory_comp_q_11,Peds - Preschool Language Scale-3,,dropdown,"Preschool Language Scale-3: Auditory Comprehension subtest item 11 (0, 1, NA= Not Provided) ","0, 0 | 1, 1 | NA, NA",,,,,,,y,,
pls3_auditory_comp_q_14,Peds - Preschool Language Scale-3,,dropdown,"Preschool Language Scale-3: Auditory Comprehension subtest item 14 (0, 1, NA= Not Provided) ","0, 0 | 1, 1 | NA, NA",,,,,,,y,,
pls3_auditory_comp_q_15,Peds - Preschool Language Scale-3,,dropdown,"Preschool Language Scale-3: Auditory Comprehension subtest item 15 (0, 1, NA= Not Provided) ","0, 0 | 1, 1 | NA, NA",,,,,,,y,,
pls3_auditory_comp_q_16,Peds - Preschool Language Scale-3,,dropdown,"Preschool Language Scale-3: Auditory Comprehension subtest item 16 (0, 1, NA= Not Provided) ","0, 0 | 1, 1 | NA, NA",,,,,,,y,,
pls3_auditory_comp_q_2,Peds - Preschool Language Scale-3,,dropdown,"Preschool Language Scale-3: Auditory Comprehension subtest item 2 (0, 1, NA= Not Provided) ","0, 0 | 1, 1 | NA, NA",,,,,,,y,,
pls3_auditory_comp_q_20,Peds - Preschool Language Scale-3,,dropdown,"Preschool Language Scale-3: Auditory Comprehension subtest item 20 (0, 1, NA= Not Provided) ","0, 0 | 1, 1 | NA, NA",,,,,,,y,,
pls3_auditory_comp_q_21,Peds - Preschool Language Scale-3,,dropdown,"Preschool Language Scale-3: Auditory Comprehension subtest item 21 (0, 1, NA= Not Provided) ","0, 0 | 1, 1 | NA, NA",,,,,,,y,,
pls3_auditory_comp_q_24,Peds - Preschool Language Scale-3,,dropdown,"Preschool Language Scale-3: Auditory Comprehension subtest item 24 (0, 1, NA= Not Provided) ","0, 0 | 1, 1 | NA, NA",,,,,,,y,,
pls3_auditory_comp_q_25,Peds - Preschool Language Scale-3,,dropdown,"Preschool Language Scale-3: Auditory Comprehension subtest item 25 (0, 1, NA= Not Provided) ","0, 0 | 1, 1 | NA, NA",,,,,,,y,,
pls3_auditory_comp_q_26,Peds - Preschool Language Scale-3,,dropdown,"Preschool Language Scale-3: Auditory Comprehension subtest item 26 (0, 1, NA= Not Provided) ","0, 0 | 1, 1 | NA, NA",,,,,,,y,,
pls3_auditory_comp_q_27,Peds - Preschool Language Scale-3,,dropdown,"Preschool Language Scale-3: Auditory Comprehension subtest item 27 (0, 1, NA= Not Provided) ","0, 0 | 1, 1 | NA, NA",,,,,,,y,,
pls3_auditory_comp_q_28,Peds - Preschool Language Scale-3,,dropdown,"Preschool Language Scale-3: Auditory Comprehension subtest item 28 (0, 1, NA= Not Provided) ","0, 0 | 1, 1 | NA, NA",,,,,,,y,,
pls3_auditory_comp_q_29,Peds - Preschool Language Scale-3,,dropdown,"Preschool Language Scale-3: Auditory Comprehension subtest item 29 (0, 1, NA= Not Provided) ","0, 0 | 1, 1 | NA, NA",,,,,,,y,,
pls3_auditory_comp_q_3,Peds - Preschool Language Scale-3,,dropdown,"Preschool Language Scale-3: Auditory Comprehension subtest item 3 (0, 1, NA= Not Provided) ","0, 0 | 1, 1 | NA, NA",,,,,,,y,,
pls3_auditory_comp_q_30,Peds - Preschool Language Scale-3,,dropdown,"Preschool Language Scale-3: Auditory Comprehension subtest item 30 (0, 1, NA= Not Provided) ","0, 0 | 1, 1 | NA, NA",,,,,,,y,,
pls3_auditory_comp_q_32,Peds - Preschool Language Scale-3,,dropdown,"Preschool Language Scale-3: Auditory Comprehension subtest item 32 (0, 1, NA= Not Provided) ","0, 0 | 1, 1 | NA, NA",,,,,,,y,,
pls3_auditory_comp_q_33,Peds - Preschool Language Scale-3,,dropdown,"Preschool Language Scale-3: Auditory Comprehension subtest item 33 (0, 1, NA= Not Provided) ","0, 0 | 1, 1 | NA, NA",,,,,,,y,,
pls3_auditory_comp_q_37,Peds - Preschool Language Scale-3,,dropdown,"Preschool Language Scale-3: Auditory Comprehension subtest item 37 (0, 1, NA= Not Provided) ","0, 0 | 1, 1 | NA, NA",,,,,,,y,,
pls3_auditory_comp_q_38,Peds - Preschool Language Scale-3,,dropdown,"Preschool Language Scale-3: Auditory Comprehension subtest item 38 (0, 1, NA= Not Provided) ","0, 0 | 1, 1 | NA, NA",,,,,,,y,,
pls3_auditory_comp_q_43,Peds - Preschool Language Scale-3,,dropdown,"Preschool Language Scale-3: Auditory Comprehension subtest item 43 (0, 1, NA= Not Provided) ","0, 0 | 1, 1 | NA, NA",,,,,,,y,,
pls3_auditory_comp_q_47,Peds - Preschool Language Scale-3,,dropdown,"Preschool Language Scale-3: Auditory Comprehension subtest item 47 (0, 1, NA= Not Provided) ","0, 0 | 1, 1 | NA, NA",,,,,,,y,,
pls3_auditory_comp_q_48,Peds - Preschool Language Scale-3,,dropdown,"Preschool Language Scale-3: Auditory Comprehension subtest item 48 (0, 1, NA= Not Provided) ","0, 0 | 1, 1 | NA, NA",,,,,,,y,,
pls3_auditory_comp_q_5,Peds - Preschool Language Scale-3,,dropdown,"Preschool Language Scale-3: Auditory Comprehension subtest item 5 (0, 1, NA= Not Provided) ","0, 0 | 1, 1 | NA, NA",,,,,,,y,,
pls3_auditory_comp_q_7,Peds - Preschool Language Scale-3,,dropdown,"Preschool Language Scale-3: Auditory Comprehension subtest item 7 (0, 1, NA= Not Provided) ","0, 0 | 1, 1 | NA, NA",,,,,,,y,,
pls3_auditory_comp_q_8,Peds - Preschool Language Scale-3,,dropdown,"Preschool Language Scale-3: Auditory Comprehension subtest item 8 (0, 1, NA= Not Provided) ","0, 0 | 1, 1 | NA, NA",,,,,,,y,,
pls3_auditory_comp_raw_score,Peds - Preschool Language Scale-3,,text,Preschool Language Scale-3: Auditory Comprehension Raw Score (Last Item Administered minus Number 0 Scores),,,,,,,,y,,
pls3_auditory_comp_standard_sc,Peds - Preschool Language Scale-3,,text,Preschool Language Scale-3: Auditory Comprehension Standard Score,,,,,,,,y,,
pls3_expressive_comm_q_1,Peds - Preschool Language Scale-3,,dropdown,"Preschool Language Scale-3: Expressive Communication subtest item 1 (0, 1, NA= Not Provided) ","0, 0 | 1, 1 | NA, NA",,,,,,,y,,
pls3_expressive_comm_q_10,Peds - Preschool Language Scale-3,,dropdown,"Preschool Language Scale-3: Expressive Communication subtest item 10 (0, 1, NA= Not Provided) ","0, 0 | 1, 1 | NA, NA",,,,,,,y,,
pls3_expressive_comm_q_14,Peds - Preschool Language Scale-3,,dropdown,"Preschool Language Scale-3: Expressive Communication subtest item 14 (0, 1, NA= Not Provided) ","0, 0 | 1, 1 | NA, NA",,,,,,,y,,
pls3_expressive_comm_q_15,Peds - Preschool Language Scale-3,,dropdown,"Preschool Language Scale-3: Expressive Communication subtest item 15 (0, 1, NA= Not Provided) ","0, 0 | 1, 1 | NA, NA",,,,,,,y,,
pls3_expressive_comm_q_16,Peds - Preschool Language Scale-3,,dropdown,"Preschool Language Scale-3: Expressive Communication subtest item 16 (0, 1, NA= Not Provided) ","0, 0 | 1, 1 | NA, NA",,,,,,,y,,
pls3_expressive_comm_q_17,Peds - Preschool Language Scale-3,,dropdown,"Preschool Language Scale-3: Expressive Communication subtest item 17 (0, 1, NA= Not Provided) ","0, 0 | 1, 1 | NA, NA",,,,,,,y,,
pls3_expressive_comm_q_18,Peds - Preschool Language Scale-3,,dropdown,"Preschool Language Scale-3: Expressive Communication subtest item 18 (0, 1, NA= Not Provided) ","0, 0 | 1, 1 | NA, NA",,,,,,,y,,
pls3_expressive_comm_q_19,Peds - Preschool Language Scale-3,,dropdown,"Preschool Language Scale-3: Expressive Communication subtest item 19 (0, 1, NA= Not Provided) ","0, 0 | 1, 1 | NA, NA",,,,,,,y,,
pls3_expressive_comm_q_2,Peds - Preschool Language Scale-3,,dropdown,"Preschool Language Scale-3: Expressive Communication subtest item 2 (0, 1, NA= Not Provided) ","0, 0 | 1, 1 | NA, NA",,,,,,,y,,
pls3_expressive_comm_q_20,Peds - Preschool Language Scale-3,,dropdown,"Preschool Language Scale-3: Expressive Communication subtest item 20 (0, 1, NA= Not Provided) ","0, 0 | 1, 1 | NA, NA",,,,,,,y,,
pls3_expressive_comm_q_21,Peds - Preschool Language Scale-3,,dropdown,"Preschool Language Scale-3: Expressive Communication subtest item 21 (0, 1, NA= Not Provided) ","0, 0 | 1, 1 | NA, NA",,,,,,,y,,
pls3_expressive_comm_q_22,Peds - Preschool Language Scale-3,,dropdown,"Preschool Language Scale-3: Expressive Communication subtest item 22 (0, 1, NA= Not Provided) ","0, 0 | 1, 1 | NA, NA",,,,,,,y,,
pls3_expressive_comm_q_23,Peds - Preschool Language Scale-3,,dropdown,"Preschool Language Scale-3: Expressive Communication subtest item 23 (0, 1, NA= Not Provided) ","0, 0 | 1, 1 | NA, NA",,,,,,,y,,
pls3_expressive_comm_q_28,Peds - Preschool Language Scale-3,,dropdown,"Preschool Language Scale-3: Expressive Communication subtest item 28 (0, 1, NA= Not Provided) ","0, 0 | 1, 1 | NA, NA",,,,,,,y,,
pls3_expressive_comm_q_3,Peds - Preschool Language Scale-3,,dropdown,"Preschool Language Scale-3: Expressive Communication subtest item 3 (0, 1, NA= Not Provided) ","0, 0 | 1, 1 | NA, NA",,,,,,,y,,
pls3_expressive_comm_q_31,Peds - Preschool Language Scale-3,,dropdown,"Preschool Language Scale-3: Expressive Communication subtest item 31 (0, 1, NA= Not Provided) ","0, 0 | 1, 1 | NA, NA",,,,,,,y,,
pls3_expressive_comm_q_33,Peds - Preschool Language Scale-3,,dropdown,"Preschool Language Scale-3: Expressive Communication subtest item 33 (0, 1, NA= Not Provided) ","0, 0 | 1, 1 | NA, NA",,,,,,,y,,
pls3_expressive_comm_q_34,Peds - Preschool Language Scale-3,,dropdown,"Preschool Language Scale-3: Expressive Communication subtest item 34 (0, 1, NA= Not Provided) ","0, 0 | 1, 1 | NA, NA",,,,,,,y,,
pls3_expressive_comm_q_35,Peds - Preschool Language Scale-3,,dropdown,"Preschool Language Scale-3: Expressive Communication subtest item 35 (0, 1, NA= Not Provided) ","0, 0 | 1, 1 | NA, NA",,,,,,,y,,
pls3_expressive_comm_q_36,Peds - Preschool Language Scale-3,,dropdown,"Preschool Language Scale-3: Expressive Communication subtest item 36 (0, 1, NA= Not Provided) ","0, 0 | 1, 1 | NA, NA",,,,,,,y,,
pls3_expressive_comm_q_37,Peds - Preschool Language Scale-3,,dropdown,"Preschool Language Scale-3: Expressive Communication subtest item 37 (0, 1, NA= Not Provided) ","0, 0 | 1, 1 | NA, NA",,,,,,,y,,
pls3_expressive_comm_q_38,Peds - Preschool Language Scale-3,,dropdown,"Preschool Language Scale-3: Expressive Communication subtest item 38 (0, 1, NA= Not Provided) ","0, 0 | 1, 1 | NA, NA",,,,,,,y,,
pls3_expressive_comm_q_39,Peds - Preschool Language Scale-3,,dropdown,"Preschool Language Scale-3: Expressive Communication subtest item 39 (0, 1, NA= Not Provided) ","0, 0 | 1, 1 | NA, NA",,,,,,,y,,
pls3_expressive_comm_q_4,Peds - Preschool Language Scale-3,,dropdown,"Preschool Language Scale-3: Expressive Communication subtest item 4 (0, 1, NA= Not Provided) ","0, 0 | 1, 1 | NA, NA",,,,,,,y,,
pls3_expressive_comm_q_40,Peds - Preschool Language Scale-3,,dropdown,"Preschool Language Scale-3: Expressive Communication subtest item 40 (0, 1, NA= Not Provided) ","0, 0 | 1, 1 | NA, NA",,,,,,,y,,
pls3_expressive_comm_q_41,Peds - Preschool Language Scale-3,,dropdown,"Preschool Language Scale-3: Expressive Communication subtest item 41 (0, 1, NA= Not Provided) ","0, 0 | 1, 1 | NA, NA",,,,,,,y,,
pls3_expressive_comm_q_42,Peds - Preschool Language Scale-3,,dropdown,"Preschool Language Scale-3: Expressive Communication subtest item 42 (0, 1, NA= Not Provided) ","0, 0 | 1, 1 | NA, NA",,,,,,,y,,
pls3_expressive_comm_q_43,Peds - Preschool Language Scale-3,,dropdown,"Preschool Language Scale-3: Expressive Communication subtest item 43 (0, 1, NA= Not Provided) ","0, 0 | 1, 1 | NA, NA",,,,,,,y,,
pls3_expressive_comm_q_44,Peds - Preschool Language Scale-3,,dropdown,"Preschool Language Scale-3: Expressive Communication subtest item 44 (0, 1, NA= Not Provided) ","0, 0 | 1, 1 | NA, NA",,,,,,,y,,
pls3_expressive_comm_q_45,Peds - Preschool Language Scale-3,,dropdown,"Preschool Language Scale-3: Expressive Communication subtest item 45 (0, 1, NA= Not Provided) ","0, 0 | 1, 1 | NA, NA",,,,,,,y,,
pls3_expressive_comm_q_46,Peds - Preschool Language Scale-3,,dropdown,"Preschool Language Scale-3: Expressive Communication subtest item 46 (0, 1, NA= Not Provided) ","0, 0 | 1, 1 | NA, NA",,,,,,,y,,
pls3_expressive_comm_q_47,Peds - Preschool Language Scale-3,,dropdown,"Preschool Language Scale-3: Expressive Communication subtest item 47 (0, 1, NA= Not Provided) ","0, 0 | 1, 1 | NA, NA",,,,,,,y,,
pls3_expressive_comm_q_48,Peds - Preschool Language Scale-3,,dropdown,"Preschool Language Scale-3: Expressive Communication subtest item 48 (0, 1, NA= Not Provided) ","0, 0 | 1, 1 | NA, NA",,,,,,,y,,
pls3_expressive_comm_q_5,Peds - Preschool Language Scale-3,,dropdown,"Preschool Language Scale-3: Expressive Communication subtest item 5 (0, 1, NA= Not Provided) ","0, 0 | 1, 1 | NA, NA",,,,,,,y,,
pls3_expressive_comm_q_6,Peds - Preschool Language Scale-3,,dropdown,"Preschool Language Scale-3: Expressive Communication subtest item 6 (0, 1, NA= Not Provided) ","0, 0 | 1, 1 | NA, NA",,,,,,,y,,
pls3_expressive_comm_q_7,Peds - Preschool Language Scale-3,,dropdown,"Preschool Language Scale-3: Expressive Communication subtest item 7 (0, 1, NA= Not Provided) ","0, 0 | 1, 1 | NA, NA",,,,,,,y,,
pls3_expressive_comm_q_8,Peds - Preschool Language Scale-3,,dropdown,"Preschool Language Scale-3: Expressive Communication subtest item 8 (0, 1, NA= Not Provided) ","0, 0 | 1, 1 | NA, NA",,,,,,,y,,
pls3_expressive_comm_q_9,Peds - Preschool Language Scale-3,,dropdown,"Preschool Language Scale-3: Expressive Communication subtest item 9 (0, 1, NA= Not Provided) ","0, 0 | 1, 1 | NA, NA",,,,,,,y,,
pls3_expressive_comm_raw_score,Peds - Preschool Language Scale-3,,text,Preschool Language Scale-3: Expressive Commuication Raw Score (Last Item Administered minus Number 0 Scores),,,,,,,,y,,
pls3_expressive_comm_stand_sc,Peds - Preschool Language Scale-3,,text,"Preschool Language Scale-3: Expressive Communication Standard Score (Population mean = 100, SD = 15)",,,,,,,,y,,
pls3_total_lang_sc_age_equiv,Peds - Preschool Language Scale-3,,text,Preschool Language Scale-3: Total Language Score Age Equivalent in months,,,,,,,,y,,
pls3_total_lang_score_pct_rank,Peds - Preschool Language Scale-3,,text,Preschool Language Scale-3: Total Language Score Percentile Rank,,,,,,,,y,,
pls3_total_lang_score_raw_sc,Peds - Preschool Language Scale-3,,text,Preschool Language Scale-3: Total Language Score Raw Score (Sum of Auditory Comprehension Raw Score and Expressive Communication Raw Score),,,,,,,,y,,
pls3_total_lang_sc_standard_sc,Peds - Preschool Language Scale-3,,text,Preschool Language Scale-3: Total Language Score Standard Score,,,,,,,,y,,
