Variable / Field Name,Form Name,Section Header,Field Type,Field Label,"Choices, Calculations, OR Slider Labels",Field Note,Text Validation Type OR Show Slider Number,Text Validation Min,Text Validation Max,Identifier?,Branching Logic (Show field only if...),Required Field?,Custom Alignment,Question Number (surveys only)
subjectkey,CPEA STAART CTOPP Ages 5 to 6,,text,The NDAR Global Unique Identifier (GUID) for subjects which identifies a subject in NDAR,,,,,,,,y,,
interview_date,CPEA STAART CTOPP Ages 5 to 6,,text,Date on which the interview/genetic test/sampling/imaging was completed,"MM/yyyy, MM/yyyy | MM/dd/yyyy, MM/dd/yyyy",* '01/01/1900' indicates that a date associated with retrospective data is not known.,date_ymd,,,,,,,
cycle,CPEA STAART CTOPP Ages 5 to 6,,text,Timepoint information,,,,,,,,y,,
patid,CPEA STAART CTOPP Ages 5 to 6,,text,src_Subject_id,,Patient IDs were assigned at the research site for CPEA and STAART,,,,,,y,,
network,CPEA STAART CTOPP Ages 5 to 6,,text,Network,,CPEA or STAART Network,,,,,,y,,
site,CPEA STAART CTOPP Ages 5 to 6,,text,Site,,CPEA or STAART Site,,,,,,y,,
study,CPEA STAART CTOPP Ages 5 to 6,,text,Study,,CPEA or STAART Study,,,,,,y,,
ctopp_date,CPEA STAART CTOPP Ages 5 to 6,,text,Date,,,,,,,,y,,
ctopp_version,CPEA STAART CTOPP Ages 5 to 6,,text,CTOPP Version,,,,,,,,y,,
ctopp_nr_bielee,CPEA STAART CTOPP Ages 5 to 6,,dropdown,bieleedoge,"0, 0 |  1,  1",,,,,,,y,,
ctopp_nr_burloo,CPEA STAART CTOPP Ages 5 to 6,,dropdown,burloogugendaplo,"0, 0 |  1,  1",,,,,,,y,,
ctopp_nr_chasee,CPEA STAART CTOPP Ages 5 to 6,,dropdown,chaseedoolid,"0, 0 |  1,  1",,,,,,,y,,
ctopp_nr_dooker,CPEA STAART CTOPP Ages 5 to 6,,dropdown,dookershatupietazawm,"0, 0 |  1,  1",,,,,,,y,,
ctopp_nr_gekiez,CPEA STAART CTOPP Ages 5 to 6,,dropdown,gekieziesaekad,"0, 0 |  1,  1",,,,,,,y,,
ctopp_nr_jup,CPEA STAART CTOPP Ages 5 to 6,,dropdown,jup,"0, 0 |  1,  1",,,,,,,y,,
ctopp_nr_lisash,CPEA STAART CTOPP Ages 5 to 6,,dropdown,lisashrul,"0, 0 |  1,  1",,,,,,,y,,
ctopp_nr_mawgee,CPEA STAART CTOPP Ages 5 to 6,,dropdown,mawgeebooshernooshiek,"0, 0 |  1,  1",,,,,,,y,,
ctopp_nr_meb,CPEA STAART CTOPP Ages 5 to 6,,dropdown,meb,"0, 0 |  1,  1",,,,,,,y,,
ctopp_nr_nigong,CPEA STAART CTOPP Ages 5 to 6,,dropdown,nigong,"0, 0 |  1,  1",,,,,,,y,,
ctopp_nr_pate,CPEA STAART CTOPP Ages 5 to 6,,dropdown,pate,"0, 0 |  1,  1",,,,,,,y,,
ctopp_nr_shabur,CPEA STAART CTOPP Ages 5 to 6,,dropdown,shaburiehuvoimush,"0, 0 |  1,  1",,,,,,,y,,
ctopp_nr_teebud,CPEA STAART CTOPP Ages 5 to 6,,dropdown,teebudieshawlt,"0, 0 |  1,  1",,,,,,,y,,
ctopp_nr_vivers,CPEA STAART CTOPP Ages 5 to 6,,dropdown,viversoomouj,"0, 0 |  1,  1",,,,,,,y,,
ctopp_nr_voesut,CPEA STAART CTOPP Ages 5 to 6,,dropdown,voesutoov,"0, 0 |  1,  1",,,,,,,y,,
ctopp_nr_wudoip,CPEA STAART CTOPP Ages 5 to 6,,dropdown,wudoip,"0, 0 |  1,  1",,,,,,,y,,
ctopp_nr_wulanu,CPEA STAART CTOPP Ages 5 to 6,,dropdown,wulanuwup,"0, 0 |  1,  1",,,,,,,y,,
ctopp_nr_zid,CPEA STAART CTOPP Ages 5 to 6,,dropdown,zid,"0, 0 |  1,  1",,,,,,,y,,
ctopp_ros_bwraw,CPEA STAART CTOPP Ages 5 to 6,,text,Blending Words Raw Score,,,,,,,,y,,
ctopp_ros_bwstd,CPEA STAART CTOPP Ages 5 to 6,,text,Blending Words Standard Score,,,,,,,,y,,
ctopp_ros_elraw,CPEA STAART CTOPP Ages 5 to 6,,text,Elision Raw Score,,,,,,,,y,,
ctopp_ros_elstd,CPEA STAART CTOPP Ages 5 to 6,,text,Elision Standard Score,,,,,,,,y,,
ctopp_ros_mdage,CPEA STAART CTOPP Ages 5 to 6,,text,Memory for Digits Age Equivalent,,,,,,,,y,,
ctopp_ros_mdptl,CPEA STAART CTOPP Ages 5 to 6,,text,Memory for Digits Percentile,,,,,,,,y,,
ctopp_ros_mdraw,CPEA STAART CTOPP Ages 5 to 6,,text,Memory for Digits Raw Score,,,,,,,,y,,
ctopp_ros_mdstd,CPEA STAART CTOPP Ages 5 to 6,,text,Memory for Digits Standard Score,,,,,,,,y,,
ctopp_ros_nrage,CPEA STAART CTOPP Ages 5 to 6,,text,Nonword Repetition: Age Equivalent,,,,,,,,y,,
ctopp_ros_nrgre,CPEA STAART CTOPP Ages 5 to 6,,text,Nonword Repetition: Grade Equivalent,,,,,,,,y,,
ctopp_ros_nrptl,CPEA STAART CTOPP Ages 5 to 6,,text,Nonword Repetition: Percentile,,,,,,,,y,,
ctopp_ros_nrraw,CPEA STAART CTOPP Ages 5 to 6,,text,Nonword Repetition: Raw Score,,,,,,,,y,,
ctopp_ros_nrstd,CPEA STAART CTOPP Ages 5 to 6,,text,Nonword Repetition: Standard Score,,,,,,,,y,,
ctopp_ros_pacps,CPEA STAART CTOPP Ages 5 to 6,,text,Phonological Awareness: Composite Scores,,,,,,,,y,,
ctopp_ros_pmcps,CPEA STAART CTOPP Ages 5 to 6,,text,Phonological Memory: Composite Scores,,,,,,,,y,,
ctopp_ros_pmptl,CPEA STAART CTOPP Ages 5 to 6,,text,Phonological Memory: Percentile,,,,,,,,y,,
ctopp_ros_pmsss,CPEA STAART CTOPP Ages 5 to 6,,text,Phonological Memory: Sums of SS,,,,,,,,y,,
ctopp_ros_rncps,CPEA STAART CTOPP Ages 5 to 6,,text,Rapid Naming: Composite Scores,,,,,,,,y,,
