Variable / Field Name,Form Name,Section Header,Field Type,Field Label,"Choices, Calculations, OR Slider Labels",Field Note,Text Validation Type OR Show Slider Number,Text Validation Min,Text Validation Max,Identifier?,Branching Logic (Show field only if...),Required Field?,Custom Alignment,Question Number (surveys only)
briefscreen_child_number_coi,Peds - Brief Telephone Screening Interview,,text,Brief Telephone Screener: Number assigned to the child of interest,,,,,,,,y,,
briefscreen_children_in_house,Peds - Brief Telephone Screening Interview,,dropdown,Brief Telephone Screener: Are there any children age 4 years 6 months to 18 years old in the household,"Y, Y | N, N | NA, NA",,,,,,,y,,
admin_status,Peds - Brief Telephone Screening Interview,,dropdown,Instrument administration status,"Complete, Complete | Partial, Partial | Not Administered, Not Administered | Not Applicable, Not Applicable",,,,,,,y,,
timepoint_label,Peds - Brief Telephone Screening Interview,,text,User-defined timepoint/visit label - a label selected by the site at the time of registration of a new timepoint into the database.  This label is used to group all the instruments administered to a subject at a given timepoint.,,,,,,,,y,,
src_subject_id,Peds - Brief Telephone Screening Interview,,text,The site's subject identification,,,,,,,,y,,
briefscreen_no_children_local,Peds - Brief Telephone Screening Interview,,text,Brief Telephone Screener: Number of children age 4 years 6 months to 18 years old who live locally,,,,,,,,y,,
age_days_dot_to_dob,Peds - Brief Telephone Screening Interview,,text,Age in days obtained by subtracting the date of birth from the date of test,,,,,,,,y,,
briefscreen_respondent_age_yrs,Peds - Brief Telephone Screening Interview,,text,Brief Telephone Screener: age of Respondent in years,,,,,,,,y,,
briefscreen_no_children_resp,Peds - Brief Telephone Screening Interview,,text,Brief Telephone Screener: Number of children of respondent,,,,,,,,y,,
subjectkey,Peds - Brief Telephone Screening Interview,,text,The NDAR Global Unique Identifier (GUID) for subjects which identifies a subject in NDAR,,,,,,,,,,
