Variable / Field Name,Form Name,Section Header,Field Type,Field Label,"Choices, Calculations, OR Slider Labels",Field Note,Text Validation Type OR Show Slider Number,Text Validation Min,Text Validation Max,Identifier?,Branching Logic (Show field only if...),Required Field?,Custom Alignment,Question Number (surveys only)
subjectkey,UC Davis MIND CHARGE Family Medical History Form,NDAR Required,text,The NDAR Global Unique Identifier (GUID) for subjects which identifies a subject in NDAR,,,,,,,,y,,
src_subject_id,UC Davis MIND CHARGE Family Medical History Form,,text,The site's subject identification,,,,,,,,y,,
interview_date,UC Davis MIND CHARGE Family Medical History Form,,text,Date on which the interview/genetic test/sampling/imaging was completed,"MM/yyyy, MM/yyyy | MM/dd/yyyy, MM/dd/yyyy",* '01/01/1900' indicates that a date associated with retrospective data is not known.,date_ymd,,,,,y,,
interview_age,UC Davis MIND CHARGE Family Medical History Form,,text,Age in months at the time of the interview/test/sampling/imaging.,,Age is rounded to chronological month If the research participant is 13 days old at time of interview  the appropriate value would be 0 months if the participant is 19 days old the value would be 1 month,number,0,1200,,,y,,
interviewmonth,UC Davis MIND CHARGE Family Medical History Form,General System Fields,text,Interview Month,,,,,,,,y,,
interviewday,UC Davis MIND CHARGE Family Medical History Form,,text,Interview Day,,,,,,,,y,,
interviewyear,UC Davis MIND CHARGE Family Medical History Form,,text,Interview Year,,,,,,,,y,,
cfmh_oth_condname1,UC Davis MIND CHARGE Family Medical History Form,Child,text,Name Other Condition - 1,,,,,,,,y,,
cfmh_oth_condname2,UC Davis MIND CHARGE Family Medical History Form,,text,Name Other Condition - 2,,,,,,,,y,,
cfmh_oth_condname3,UC Davis MIND CHARGE Family Medical History Form,,text,Name Other Condition - 3,,,,,,,,y,,
cfmh_oth_condname4,UC Davis MIND CHARGE Family Medical History Form,,text,Name Other Condition - 4,,,,,,,,y,,
cfmh_mom_fdalrgy,UC Davis MIND CHARGE Family Medical History Form,Mother,dropdown,Does the Child's Mother have a food allergy?,"1, 1 | 0, 0","1=Yes, 0=No",,,,,,y,,
cfmh_mom_fdalrgy_cmt,UC Davis MIND CHARGE Family Medical History Form,,text,Specific food items the Mother is allergic to,,,,,,,,y,,
cfmh_mom_fdalrgy_age,UC Davis MIND CHARGE Family Medical History Form,,text,Age at which the mother's food allergy first appeared(in months),,,,,,,,y,,
cfmh_mom_fdalrgy_preg,UC Davis MIND CHARGE Family Medical History Form,,dropdown,Did the mother have the food allergy while pregnant with the child?,"1, 1 | 0, 0","1=Yes, 0=No",,,,,,y,,
cfmh_mom_skinalrgy,UC Davis MIND CHARGE Family Medical History Form,,dropdown,Does the Child's Mother have a skin allergy?,"1, 1 | 0, 0","1=Yes, 0=No",,,,,,y,,
cfmh_mom_skinalrgy_cmt,UC Davis MIND CHARGE Family Medical History Form,,text,Specific skin items the Mother is allergic to,,,,,,,,y,,
cfmh_mom_skinalrgy_age,UC Davis MIND CHARGE Family Medical History Form,,text,Age at which the mother's skin allergy first appeared(in months),,,,,,,,y,,
cfmh_mom_skinalrgy_preg,UC Davis MIND CHARGE Family Medical History Form,,dropdown,Did the mother have the skin allergy while pregnant with the child?,"1, 1 | 0, 0","1=Yes, 0=No",,,,,,y,,
cfmh_mom_eczema,UC Davis MIND CHARGE Family Medical History Form,,dropdown,Does the Child's Mother have Eczema?,"1, 1 | 0, 0","1=Yes, 0=No",,,,,,y,,
cfmh_mom_eczema_age,UC Davis MIND CHARGE Family Medical History Form,,text,Age at which the mother's eczema first appeared(in months),,,,,,,,y,,
cfmh_mom_eczema_preg,UC Davis MIND CHARGE Family Medical History Form,,dropdown,Did the mother have eczema while pregnant with the child?,"1, 1 | 0, 0","1=Yes, 0=No",,,,,,y,,
cfmh_mom_envalrgy,UC Davis MIND CHARGE Family Medical History Form,,dropdown,Does the Child's Mother have an environmental allergy?,"1, 1 | 0, 0","1=Yes, 0=No",,,,,,y,,
cfmh_mom_envalrgy_cmt,UC Davis MIND CHARGE Family Medical History Form,,text,Specific environmental items the Mother is allergic to,,,,,,,,y,,
cfmh_mom_envalrgy_age,UC Davis MIND CHARGE Family Medical History Form,,text,Age at which the mother's environmental allergy first appeared(in months),,,,,,,,y,,
cfmh_mom_envalrgy_preg,UC Davis MIND CHARGE Family Medical History Form,,dropdown,Did the mother have the environmental allergy while pregnant with the child?,"1, 1 | 0, 0","1=Yes, 0=No",,,,,,y,,
cfmh_mom_medalrgy,UC Davis MIND CHARGE Family Medical History Form,,dropdown,Does the Child's Mother have a medication allergy?,"1, 1 | 0, 0","1=Yes, 0=No",,,,,,y,,
cfmh_mom_medalrgy_cmt,UC Davis MIND CHARGE Family Medical History Form,,text,Specific medication items the Mother is allergic to,,,,,,,,y,,
cfmh_mom_medalrgy_age,UC Davis MIND CHARGE Family Medical History Form,,text,Age at which the mother's medication allergy first appeared(in months),,,,,,,,y,,
cfmh_mom_medalrgy_preg,UC Davis MIND CHARGE Family Medical History Form,,dropdown,Did the mother have the medication allergy while pregnant with the child?,"1, 1 | 0, 0","1=Yes, 0=No",,,,,,y,,
cfmh_mom_othalrgy,UC Davis MIND CHARGE Family Medical History Form,,dropdown,Does the Child's Mother have any other allergies?,"1, 1 | 0, 0","1=Yes, 0=No",,,,,,y,,
cfmh_mom_othalrgy_cmt,UC Davis MIND CHARGE Family Medical History Form,,text,Specific other items the Mother is allergic to,,,,,,,,y,,
cfmh_mom_othalrgy_age,UC Davis MIND CHARGE Family Medical History Form,,text,Age at which the mother's other allergy first appeared(in months),,,,,,,,y,,
cfmh_mom_othalrgy_preg,UC Davis MIND CHARGE Family Medical History Form,,dropdown,Did the mother have the other allergy while pregnant with the child?,"1, 1 | 0, 0","1=Yes, 0=No",,,,,,y,,
cfmh_mom_autism,UC Davis MIND CHARGE Family Medical History Form,,dropdown,Does the Child's Mother have Autism?,"1, 1 | 0, 0","1=Yes, 0=No",,,,,,y,,
cfmh_mom_autism_age,UC Davis MIND CHARGE Family Medical History Form,,text,Age at which the mother's Autism first appeared(in months),,,,,,,,y,,
cfmh_mom_autism_preg,UC Davis MIND CHARGE Family Medical History Form,,dropdown,Did the mother have Autism while pregnant with the child?,"1, 1 | 0, 0","1=Yes, 0=No",,,,,,y,,
cfmh_mom_aspergers,UC Davis MIND CHARGE Family Medical History Form,,dropdown,Does the Child's Mother have Asperger's Syndrome?,"1, 1 | 0, 0","1=Yes, 0=No",,,,,,y,,
cfmh_mom_aspergers_age,UC Davis MIND CHARGE Family Medical History Form,,text,Age at which the mother's Asperger's Syndrome first appeared(in months),,,,,,,,y,,
cfmh_mom_aspergers_preg,UC Davis MIND CHARGE Family Medical History Form,,dropdown,Did the mother have Asperger's Syndrome while pregnant with the child?,"1, 1 | 0, 0","1=Yes, 0=No",,,,,,y,,
cfmh_mom_retts,UC Davis MIND CHARGE Family Medical History Form,,dropdown,Does the Child's Mother have Rett's Syndrome?,"1, 1 | 0, 0","1=Yes, 0=No",,,,,,y,,
cfmh_mom_retts_age,UC Davis MIND CHARGE Family Medical History Form,,text,Age at which the mother's Rett's Syndrome first appeared(in months),,,,,,,,y,,
cfmh_mom_retts_preg,UC Davis MIND CHARGE Family Medical History Form,,dropdown,Did the mother have Rett's Syndrome while pregnant with the child?,"1, 1 | 0, 0","1=Yes, 0=No",,,,,,y,,
cfmh_mom_pddnos,UC Davis MIND CHARGE Family Medical History Form,,dropdown,Does the Child's Mother have Autism Spectrum Disorder?,"1, 1 | 0, 0","1=Yes, 0=No",,,,,,y,,
cfmh_mom_pddnos_cmt,UC Davis MIND CHARGE Family Medical History Form,,text,Specify type,,,,,,,,y,,
cfmh_mom_pddnos_age,UC Davis MIND CHARGE Family Medical History Form,,text,Age at which Mother's Autism Spectrum Disorder first appeared (in months),,,,,,,,y,,
cfmh_mom_pddnos_preg,UC Davis MIND CHARGE Family Medical History Form,,dropdown,Did the Mother have Autism Spectrum Disorder while pregnant with the child?,"1, 1 | 0, 0","1=Yes, 0=No",,,,,,y,,
cfmh_mom_spchdelay,UC Davis MIND CHARGE Family Medical History Form,,dropdown,Does (did) the Child's Mother have a spch/Language Delay?,"1, 1 | 0, 0","1=Yes, 0=No",,,,,,y,,
cfmh_mom_spchdelay_age,UC Davis MIND CHARGE Family Medical History Form,,text,Age at which the mother's spch/Language Delay first appeared(in months),,,,,,,,y,,
cfmh_mom_spchdelay_preg,UC Davis MIND CHARGE Family Medical History Form,,dropdown,Did the mother have a spch/Language Delay while pregnant with the child?,"1, 1 | 0, 0","1=Yes, 0=No",,,,,,y,,
cfmh_mom_devdelay,UC Davis MIND CHARGE Family Medical History Form,,dropdown,Does (did) the Child's Mother have a Developmental Delay?,"1, 1 | 0, 0","1=Yes, 0=No",,,,,,y,,
cfmh_mom_devdelay_age,UC Davis MIND CHARGE Family Medical History Form,,text,Age at which the mother's Developmental Delay first appeared(in months),,,,,,,,y,,
cfmh_mom_devdelay_preg,UC Davis MIND CHARGE Family Medical History Form,,dropdown,Did the mother have a Developmental Delay while pregnant with the child?,"1, 1 | 0, 0","1=Yes, 0=No",,,,,,y,,
cfmh_mom_learndis,UC Davis MIND CHARGE Family Medical History Form,,dropdown,Does (did) the Child's Mother have a Learning Disability?,"1, 1 | 0, 0","1=Yes, 0=No",,,,,,y,,
cfmh_mom_learndis_age,UC Davis MIND CHARGE Family Medical History Form,,text,Age at which the mother's Learning Disability first appeared(in months),,,,,,,,y,,
cfmh_mom_learndis_preg,UC Davis MIND CHARGE Family Medical History Form,,dropdown,Did the mother have a Learning Disability while pregnant with the child?,"1, 1 | 0, 0","1=Yes, 0=No",,,,,,y,,
cfmh_mom_seizure,UC Davis MIND CHARGE Family Medical History Form,,dropdown,Does (did) the Child's Mother have Seizure Disorder/Epilepsy?,"1, 1 | 0, 0","1=Yes, 0=No",,,,,,y,,
cfmh_mom_seizure_age,UC Davis MIND CHARGE Family Medical History Form,,text,Age at which the mother's Seizure Disorder/Epilepsy first appeared(in months),,,,,,,,y,,
cfmh_mom_seizure_preg,UC Davis MIND CHARGE Family Medical History Form,,dropdown,Did the mother have Seizure Disorder/Epilepsy while pregnant with the child?,"1, 1 | 0, 0","1=Yes, 0=No",,,,,,y,,
cfmh_mom_cerpalsy,UC Davis MIND CHARGE Family Medical History Form,,dropdown,Does (did) the Child's Mother have Cerebral Palsy?,"1, 1 | 0, 0","1=Yes, 0=No",,,,,,y,,
cfmh_mom_cerpalsy_age,UC Davis MIND CHARGE Family Medical History Form,,text,Age at which the mother's Cerebral Palsy first appeared(in months),,,,,,,,y,,
cfmh_mom_cerpalsy_preg,UC Davis MIND CHARGE Family Medical History Form,,dropdown,Did the mother have Cerebral Palsy while pregnant with the child?,"1, 1 | 0, 0","1=Yes, 0=No",,,,,,y,,
cfmh_mom_downssyn,UC Davis MIND CHARGE Family Medical History Form,,dropdown,Does (did) the Child's Mother have Down's Syndrome?,"1, 1 | 0, 0","1=Yes, 0=No",,,,,,y,,
cfmh_mom_downssyn_age,UC Davis MIND CHARGE Family Medical History Form,,text,Age at which the mother's Down's Syndrome first appeared(in months),,,,,,,,y,,
cfmh_mom_downssyn_preg,UC Davis MIND CHARGE Family Medical History Form,,dropdown,Did the mother have Down's Syndrome while pregnant with the child?,"1, 1 | 0, 0","1=Yes, 0=No",,,,,,y,,
cfmh_mom_mentalret,UC Davis MIND CHARGE Family Medical History Form,,dropdown,Does (did) the Child's Mother have Mental Retardation?,"1, 1 | 0, 0","1=Yes, 0=No",,,,,,y,,
cfmh_mom_mentalret_age,UC Davis MIND CHARGE Family Medical History Form,,text,Age at which the mother's Mental Retardation first appeared(in months),,,,,,,,y,,
cfmh_mom_mentalret_preg,UC Davis MIND CHARGE Family Medical History Form,,dropdown,Did the mother have Mental Retardation while pregnant with the child?,"1, 1 | 0, 0","1=Yes, 0=No",,,,,,y,,
cfmh_mom_tuberscl,UC Davis MIND CHARGE Family Medical History Form,,dropdown,Does (did) the Child's Mother have Tuberous Sclerosis?,"1, 1 | 0, 0","1=Yes, 0=No",,,,,,y,,
cfmh_mom_tuberscl_age,UC Davis MIND CHARGE Family Medical History Form,,text,Age at which the mother's Tuberous Sclerosis first appeared(in months),,,,,,,,y,,
cfmh_mom_tuberscl_preg,UC Davis MIND CHARGE Family Medical History Form,,dropdown,Did the mother have Tuberous Sclerosis while pregnant with the child?,"1, 1 | 0, 0","1=Yes, 0=No",,,,,,y,,
cfmh_mom_fragilex,UC Davis MIND CHARGE Family Medical History Form,,dropdown,Does (did) the Child's Mother have Fragile X?,"1, 1 | 0, 0","1=Yes, 0=No",,,,,,y,,
cfmh_mom_fragilex_age,UC Davis MIND CHARGE Family Medical History Form,,text,Age at which the mother's Fragile X first appeared(in months),,,,,,,,y,,
cfmh_mom_fragilex_preg,UC Davis MIND CHARGE Family Medical History Form,,dropdown,Did the mother have Fragile X while pregnant with the child?,"1, 1 | 0, 0","1=Yes, 0=No",,,,,,y,,
cfmh_mom_neuromd,UC Davis MIND CHARGE Family Medical History Form,,dropdown,Does (did) the Child's Mother have a Neuromuscular Disorder?,"1, 1 | 0, 0","1=Yes, 0=No",,,,,,y,,
cfmh_mom_neuromd_age,UC Davis MIND CHARGE Family Medical History Form,,text,Age at which the mother's Neuromuscular Disorder first appeared(in months),,,,,,,,y,,
cfmh_mom_neuromd_preg,UC Davis MIND CHARGE Family Medical History Form,,dropdown,Did the mother have a Neuromuscular Disorder while pregnant with the child?,"1, 1 | 0, 0","1=Yes, 0=No",,,,,,y,,
cfmh_mom_genedis,UC Davis MIND CHARGE Family Medical History Form,,dropdown,Does (did) the Child's Mother have a Genetic Disorder?,"1, 1 | 0, 0","1=Yes, 0=No",,,,,,y,,
cfmh_mom_genedis_cmt,UC Davis MIND CHARGE Family Medical History Form,,text,Specify mother's Genetic Disorder,,,,,,,,y,,
cfmh_mom_genedis_age,UC Davis MIND CHARGE Family Medical History Form,,text,Age at which the mother's Genetic Disorder first appeared(in months),,,,,,,,y,,
cfmh_mom_genedis_preg,UC Davis MIND CHARGE Family Medical History Form,,dropdown,Did the mother have a Genetic Disorder while pregnant with the child?,"1, 1 | 0, 0","1=Yes, 0=No",,,,,,y,,
cfmh_mom_genedistst,UC Davis MIND CHARGE Family Medical History Form,,dropdown,Was testing done for the mother's Genetic Disorder?,"1, 1 | 0, 0","1=Yes, 0=No",,,,,,y,,
cfmh_mom_genedistst_cmt,UC Davis MIND CHARGE Family Medical History Form,,text,Specify tests,,,,,,,,y,,
cfmh_mom_genedistst_age,UC Davis MIND CHARGE Family Medical History Form,,text,Age at which the mother's tests were done(in months),,,,,,,,y,,
cfmh_mom_genedistst_preg,UC Davis MIND CHARGE Family Medical History Form,,dropdown,Did the mother get tests done while pregnant with the child?,"1, 1 | 0, 0","1=Yes, 0=No",,,,,,y,,
cfmh_mom_visionimp,UC Davis MIND CHARGE Family Medical History Form,,dropdown,Does the Child's Mother have a vision impairment?,"1, 1 | 0, 0","1=Yes, 0=No",,,,,,y,,
cfmh_mom_visionimp_age,UC Davis MIND CHARGE Family Medical History Form,,text,Age at which the mother's Vision Impairment first appeared(in months),,,,,,,,y,,
cfmh_mom_visionimp_preg,UC Davis MIND CHARGE Family Medical History Form,,dropdown,Did the mother have a Vision Impairment while pregnant with the child?,"1, 1 | 0, 0","1=Yes, 0=No",,,,,,y,,
cfmh_mom_visioncor,UC Davis MIND CHARGE Family Medical History Form,,dropdown,Has the mother's vision impairment been corrected?,"1, 1 | 0, 0","1=Yes, 0=No",,,,,,y,,
cfmh_mom_visioncor_age,UC Davis MIND CHARGE Family Medical History Form,,text,Age at which the mother's Vision Correction done(in months),,,,,,,,y,,
cfmh_mom_visioncor_preg,UC Davis MIND CHARGE Family Medical History Form,,dropdown,Did the mother have a Vision Correction while pregnant with the child?,"1, 1 | 0, 0","1=Yes, 0=No",,,,,,y,,
cfmh_mom_hearingimp,UC Davis MIND CHARGE Family Medical History Form,,dropdown,Does the Child's Mother have a hearing impairment?,"1, 1 | 0, 0","1=Yes, 0=No",,,,,,y,,
cfmh_mom_hearingimp_age,UC Davis MIND CHARGE Family Medical History Form,,text,Age at which the mother's Hearing Impairment first appeared(in months),,,,,,,,y,,
cfmh_mom_hearingimp_preg,UC Davis MIND CHARGE Family Medical History Form,,dropdown,Did the mother have a Hearing Impairment while pregnant with the child?,"1, 1 | 0, 0","1=Yes, 0=No",,,,,,y,,
cfmh_mom_hearingcor,UC Davis MIND CHARGE Family Medical History Form,,dropdown,Has the mother's hearing impairment been corrected?,"1, 1 | 0, 0","1=Yes, 0=No",,,,,,y,,
cfmh_mom_hearingcor_age,UC Davis MIND CHARGE Family Medical History Form,,text,Age at which the mother's Hearing Correction done(in months),,,,,,,,y,,
cfmh_mom_hearingcor_preg,UC Davis MIND CHARGE Family Medical History Form,,dropdown,Did the mother have a Hearing Correction while pregnant with the child?,"1, 1 | 0, 0","1=Yes, 0=No",,,,,,y,,
cfmh_mom_bipolar,UC Davis MIND CHARGE Family Medical History Form,,dropdown,Does (did) the Child's Mother have a Bipolar Disorder?,"1, 1 | 0, 0","1=Yes, 0=No",,,,,,y,,
cfmh_mom_bipolar_age,UC Davis MIND CHARGE Family Medical History Form,,text,Age at which the mother's Bipolar Disorder first appeared(in months),,,,,,,,y,,
cfmh_mom_bipolar_preg,UC Davis MIND CHARGE Family Medical History Form,,dropdown,Did the mother have Bipolar Disorder while pregnant with the child?,"1, 1 | 0, 0","1=Yes, 0=No",,,,,,y,,
cfmh_mom_depression,UC Davis MIND CHARGE Family Medical History Form,,dropdown,Does (did) the Child's Mother have Depression?,"1, 1 | 0, 0","1=Yes, 0=No",,,,,,y,,
cfmh_mom_depression_age,UC Davis MIND CHARGE Family Medical History Form,,text,Age at which the mother's Depression first appeared(in months),,,,,,,,y,,
cfmh_mom_depression_preg,UC Davis MIND CHARGE Family Medical History Form,,dropdown,Did the mother have Depression while pregnant with the child?,"1, 1 | 0, 0","1=Yes, 0=No",,,,,,y,,
cfmh_mom_anxiety,UC Davis MIND CHARGE Family Medical History Form,,dropdown,Does (did) the Child's Mother have an Anxiety Disorder?,"1, 1 | 0, 0","1=Yes, 0=No",,,,,,y,,
cfmh_mom_anxiety_age,UC Davis MIND CHARGE Family Medical History Form,,text,Age at which the mother's Anxiety Disorder first appeared(in months),,,,,,,,y,,
cfmh_mom_anxiety_preg,UC Davis MIND CHARGE Family Medical History Form,,dropdown,Did the mother have an Anxiety Disorder while pregnant with the child?,"1, 1 | 0, 0","1=Yes, 0=No",,,,,,y,,
cfmh_mom_ocd,UC Davis MIND CHARGE Family Medical History Form,,dropdown,Does (did) the Child's Mother have Obsessive Compulsive Disorder?,"1, 1 | 0, 0","1=Yes, 0=No",,,,,,y,,
cfmh_mom_ocd_age,UC Davis MIND CHARGE Family Medical History Form,,text,Age at which the mother's Obsessive Compulsive Disorder first appeared(in months),,,,,,,,y,,
cfmh_mom_ocd_preg,UC Davis MIND CHARGE Family Medical History Form,,dropdown,Did the mother have Obsessive Compulsive Disorder while pregnant with the child?,"1, 1 | 0, 0","1=Yes, 0=No",,,,,,y,,
cfmh_mom_schizo,UC Davis MIND CHARGE Family Medical History Form,,dropdown,Does (did) the Child's Mother have Schizophrenia?,"1, 1 | 0, 0","1=Yes, 0=No",,,,,,y,,
cfmh_mom_schizo_age,UC Davis MIND CHARGE Family Medical History Form,,text,Age at which the mother's Schizophrenia first appeared(in months),,,,,,,,y,,
cfmh_mom_schizo_preg,UC Davis MIND CHARGE Family Medical History Form,,dropdown,Did the mother have Schizophrenia while pregnant with the child?,"1, 1 | 0, 0","1=Yes, 0=No",,,,,,y,,
cfmh_mom_persondis,UC Davis MIND CHARGE Family Medical History Form,,dropdown,Does (did) the Child's Mother have a Personality Disorder?,"1, 1 | 0, 0","1=Yes, 0=No",,,,,,y,,
cfmh_mom_persondis_cmt,UC Davis MIND CHARGE Family Medical History Form,,text,Specify mother's Personality Disorder,,,,,,,,y,,
cfmh_mom_persondis_age,UC Davis MIND CHARGE Family Medical History Form,,text,Age at which the mother's Personality Disorder first appeared(in months),,,,,,,,y,,
cfmh_mom_persondis_preg,UC Davis MIND CHARGE Family Medical History Form,,dropdown,Did the mother have a Personality Disorder while pregnant with the child?,"1, 1 | 0, 0","1=Yes, 0=No",,,,,,y,,
cfmh_mom_selfinj,UC Davis MIND CHARGE Family Medical History Form,,dropdown,Does (did) the Child's Mother have Self-Injuring Behavior?,"1, 1 | 0, 0","1=Yes, 0=No",,,,,,y,,
cfmh_mom_selfinj_age,UC Davis MIND CHARGE Family Medical History Form,,text,Age at which the mother's Self-Injuring Behavior first appeared(in months),,,,,,,,y,,
cfmh_mom_selfinj_preg,UC Davis MIND CHARGE Family Medical History Form,,dropdown,Did the mother have Self-Injuring Behavior while pregnant with the child?,"1, 1 | 0, 0","1=Yes, 0=No",,,,,,y,,
cfmh_mom_suicideatt,UC Davis MIND CHARGE Family Medical History Form,,dropdown,Has the Child's Mother Attempted Suicide?,"1, 1 | 0, 0","1=Yes, 0=No",,,,,,y,,
cfmh_mom_suicideatt_age,UC Davis MIND CHARGE Family Medical History Form,,text,Age at which the mother first attempted suicide(in months),,,,,,,,y,,
cfmh_mom_suicideatt_preg,UC Davis MIND CHARGE Family Medical History Form,,dropdown,Did the mother attempt suicide while pregnant with the child?,"1, 1 | 0, 0","1=Yes, 0=No",,,,,,y,,
cfmh_mom_psydis,UC Davis MIND CHARGE Family Medical History Form,,dropdown,Does (did) the Child's Mother have a Psychiatric Disorder?,"1, 1 | 0, 0","1=Yes, 0=No",,,,,,y,,
cfmh_mom_psydis_cmt,UC Davis MIND CHARGE Family Medical History Form,,text,Specify mother's Psychiatric Disorder,,,,,,,,y,,
cfmh_mom_psydis_age,UC Davis MIND CHARGE Family Medical History Form,,text,Age at which the mother's Psychiatric Disorder first appeared(in months),,,,,,,,y,,
cfmh_mom_psydis_preg,UC Davis MIND CHARGE Family Medical History Form,,dropdown,Did the mother have a Psychiatric Disorder while pregnant with the child?,"1, 1 | 0, 0","1=Yes, 0=No",,,,,,y,,
cfmh_mom_adhd,UC Davis MIND CHARGE Family Medical History Form,,dropdown,Does (did) the Child's Mother have Attention Deficit Hyperactivity Disorder (ADHD)?,"1, 1 | 0, 0","1=Yes, 0=No",,,,,,y,,
cfmh_mom_adhd_age,UC Davis MIND CHARGE Family Medical History Form,,text,Age at which the mother's Attention Deficit Hyperactivity Disorder (ADHD) first appeared(in months),,,,,,,,y,,
cfmh_mom_adhd_preg,UC Davis MIND CHARGE Family Medical History Form,,dropdown,Did the mother have Attention Deficit Hyperactivity Disorder (ADHD) while pregnant with the child?,"1, 1 | 0, 0","1=Yes, 0=No",,,,,,y,,
cfmh_mom_eatingdis,UC Davis MIND CHARGE Family Medical History Form,,dropdown,Does (did) the Child's Mother have an Eating Disorder?,"1, 1 | 0, 0","1=Yes, 0=No",,,,,,y,,
cfmh_mom_eatingdis_cmt,UC Davis MIND CHARGE Family Medical History Form,,text,Specify mother's Eating Disorder,,,,,,,,y,,
cfmh_mom_eatingdis_age,UC Davis MIND CHARGE Family Medical History Form,,text,Age at which the mother's Eating Disorder first appeared(in months),,,,,,,,y,,
cfmh_mom_eatingdis_preg,UC Davis MIND CHARGE Family Medical History Form,,dropdown,Did the mother have an Eating Disorder while pregnant with the child?,"1, 1 | 0, 0","1=Yes, 0=No",,,,,,y,,
cfmh_mom_sleepdis,UC Davis MIND CHARGE Family Medical History Form,,dropdown,Does (did) the Child's Mother have a Sleep Disorder?,"1, 1 | 0, 0","1=Yes, 0=No",,,,,,y,,
cfmh_mom_sleepdis_cmt,UC Davis MIND CHARGE Family Medical History Form,,text,Specify mother's Sleep Disorder,,,,,,,,y,,
cfmh_mom_sleepdis_age,UC Davis MIND CHARGE Family Medical History Form,,text,Age at which the mother's Sleep Disorder first appeared(in months),,,,,,,,y,,
cfmh_mom_sleepdis_preg,UC Davis MIND CHARGE Family Medical History Form,,dropdown,Did the mother have a Sleep Disorder while pregnant with the child?,"1, 1 | 0, 0","1=Yes, 0=No",,,,,,y,,
cfmh_mom_abusevic,UC Davis MIND CHARGE Family Medical History Form,,dropdown,Is the Child's Mother a Victim of Abuse?,"1, 1 | 0, 0","1=Yes, 0=No",,,,,,y,,
cfmh_mom_abusevic_age,UC Davis MIND CHARGE Family Medical History Form,,text,Age at which the mother's Abuse first occurred(in months),,,,,,,,y,,
cfmh_mom_abusevic_preg,UC Davis MIND CHARGE Family Medical History Form,,dropdown,Was the mother being abused while pregnant with the child?,"1, 1 | 0, 0","1=Yes, 0=No",,,,,,y,,
cfmh_mom_subabuse,UC Davis MIND CHARGE Family Medical History Form,,dropdown,Does the Child's Mother have a history of Substance Abuse?,"1, 1 | 0, 0","1=Yes, 0=No",,,,,,y,,
cfmh_mom_subabuse_cmt,UC Davis MIND CHARGE Family Medical History Form,,text,Specify mother's Substance Abuse Type,,,,,,,,y,,
cfmh_mom_subabuse_age,UC Davis MIND CHARGE Family Medical History Form,,text,Age at which the mother's Substance Abuse first occurred(in months),,,,,,,,y,,
cfmh_mom_subabuse_preg,UC Davis MIND CHARGE Family Medical History Form,,dropdown,Did the mother have Substance Abuse events while pregnant with the child?,"1, 1 | 0, 0","1=Yes, 0=No",,,,,,y,,
cfmh_mom_migraine,UC Davis MIND CHARGE Family Medical History Form,,dropdown,Does the Child's Mother have Migraine Headaches?,"1, 1 | 0, 0","1=Yes, 0=No",,,,,,y,,
cfmh_mom_migraine_age,UC Davis MIND CHARGE Family Medical History Form,,text,Age at which the mother's Migraine Headaches first appeared(in months),,,,,,,,y,,
cfmh_mom_migraine_preg,UC Davis MIND CHARGE Family Medical History Form,,dropdown,Did the mother have Migraine Headaches while pregnant with the child?,"1, 1 | 0, 0","1=Yes, 0=No",,,,,,y,,
cfmh_mom_ibs,UC Davis MIND CHARGE Family Medical History Form,,dropdown,Does the Child's Mother have Irritable Bowel Syndrome?,"1, 1 | 0, 0","1=Yes, 0=No",,,,,,y,,
cfmh_mom_ibs_age,UC Davis MIND CHARGE Family Medical History Form,,text,Age at which the mother's Irritable Bowel Syndrome first appeared(in months),,,,,,,,y,,
cfmh_mom_ibs_preg,UC Davis MIND CHARGE Family Medical History Form,,dropdown,Did the mother have Irritable Bowel Syndrome while pregnant with the child?,"1, 1 | 0, 0","1=Yes, 0=No",,,,,,y,,
cfmh_mom_gidis,UC Davis MIND CHARGE Family Medical History Form,,dropdown,Does the Child's Mother have any Other Gastrointestinal Disorders?,"1, 1 | 0, 0","1=Yes, 0=No",,,,,,y,,
cfmh_mom_gidiss_age,UC Davis MIND CHARGE Family Medical History Form,,text,Age at which the mother's Other Gastrointestinal Disorders first appeared(in months),,,,,,,,y,,
cfmh_mom_gidiss_preg,UC Davis MIND CHARGE Family Medical History Form,,dropdown,Did the mother have Other Gastrointestinal Disorders while pregnant with the child?,"1, 1 | 0, 0","1=Yes, 0=No",,,,,,y,,
cfmh_mom_cancer,UC Davis MIND CHARGE Family Medical History Form,,dropdown,Does the Child's Mother have Cancer?,"1, 1 | 0, 0","1=Yes, 0=No",,,,,,y,,
cfmh_mom_cancer_cmt,UC Davis MIND CHARGE Family Medical History Form,,text,Specify mother's Cancer type,,,,,,,,y,,
cfmh_mom_cancer_age,UC Davis MIND CHARGE Family Medical History Form,,text,Age at which the mother's Cancer first appeared(in months),,,,,,,,y,,
cfmh_mom_cancer_preg,UC Davis MIND CHARGE Family Medical History Form,,dropdown,Did the mother have Cancer while pregnant with the child?,"1, 1 | 0, 0","1=Yes, 0=No",,,,,,y,,
cfmh_mom_congendef,UC Davis MIND CHARGE Family Medical History Form,,dropdown,"Does the Child's Mother have a Congenital Defect (Cleft palate, cleft lip, other)?","1, 1 | 0, 0","1=Yes, 0=No",,,,,,y,,
cfmh_mom_congendef_cmt,UC Davis MIND CHARGE Family Medical History Form,,text,Specify mother's Congenital Defect type,,,,,,,,y,,
cfmh_mom_congendef_age,UC Davis MIND CHARGE Family Medical History Form,,text,Age at which the mother's Congenital Defect first appeared(in months),,,,,,,,y,,
cfmh_mom_congendef_preg,UC Davis MIND CHARGE Family Medical History Form,,dropdown,Did the mother have a Congenital Defect while pregnant with the child?,"1, 1 | 0, 0","1=Yes, 0=No",,,,,,y,,
cfmh_mom_obesity,UC Davis MIND CHARGE Family Medical History Form,,dropdown,Does the Child's Mother have Obesity?,"1, 1 | 0, 0","1=Yes, 0=No",,,,,,y,,
cfmh_mom_obesity_age,UC Davis MIND CHARGE Family Medical History Form,,text,Age at which the mother's Obesity first appeared(in months),,,,,,,,y,,
cfmh_mom_obesity_preg,UC Davis MIND CHARGE Family Medical History Form,,dropdown,Did the mother have Obesity while pregnant with the child?,"1, 1 | 0, 0","1=Yes, 0=No",,,,,,y,,
cfmh_mom_sicklecell,UC Davis MIND CHARGE Family Medical History Form,,dropdown,Does the Child's Mother have Sickle Cell Anemia?,"1, 1 | 0, 0","1=Yes, 0=No",,,,,,y,,
cfmh_mom_sicklecell_age,UC Davis MIND CHARGE Family Medical History Form,,text,Age at which the mother's Sickle Cell Anemia first appeared(in months),,,,,,,,y,,
cfmh_mom_sicklecell_preg,UC Davis MIND CHARGE Family Medical History Form,,dropdown,Did the mother have Sickle Cell Anemia while pregnant with the child?,"1, 1 | 0, 0","1=Yes, 0=No",,,,,,y,,
cfmh_mom_thyroiddis,UC Davis MIND CHARGE Family Medical History Form,,dropdown,Does the Child's Mother have Thyroid Disease?,"1, 1 | 0, 0","1=Yes, 0=No",,,,,,y,,
cfmh_mom_thyroiddis_age,UC Davis MIND CHARGE Family Medical History Form,,text,Age at which the mother's Thyroid Disease first appeared(in months),,,,,,,,y,,
cfmh_mom_thyroiddis_preg,UC Davis MIND CHARGE Family Medical History Form,,dropdown,Did the mother have Thyroid Disease while pregnant with the child?,"1, 1 | 0, 0","1=Yes, 0=No",,,,,,y,,
cfmh_mom_cond1,UC Davis MIND CHARGE Family Medical History Form,,dropdown,Did the mother have Other condition-1,"1, 1 | 0, 0","1=Yes, 0=No",,,,,,y,,
cfmh_mom_cond1_age,UC Davis MIND CHARGE Family Medical History Form,,text,Age at which the Condition 1 appeared(in months),,,,,,,,y,,
cfmh_mom_cond1_preg,UC Davis MIND CHARGE Family Medical History Form,,dropdown,Did the mother have Condition 1 while pregnant with the child?,"1, 1 | 0, 0","1=Yes, 0=No",,,,,,y,,
cfmh_mom_cond2,UC Davis MIND CHARGE Family Medical History Form,,dropdown,Did the mother have Other condition-2,"1, 1 | 0, 0","1=Yes, 0=No",,,,,,y,,
cfmh_mom_cond2_age,UC Davis MIND CHARGE Family Medical History Form,,text,Age at which the Condition 2 appeared(in months),,,,,,,,y,,
cfmh_mom_cond2_preg,UC Davis MIND CHARGE Family Medical History Form,,dropdown,Did the mother have Condition 2 while pregnant with the child?,"1, 1 | 0, 0","1=Yes, 0=No",,,,,,y,,
cfmh_mom_cond3,UC Davis MIND CHARGE Family Medical History Form,,dropdown,Did the mother have Other condition-3,"1, 1 | 0, 0","1=Yes, 0=No",,,,,,y,,
cfmh_mom_cond3_age,UC Davis MIND CHARGE Family Medical History Form,,text,Age at which the Condition 3 appeared(in months),,,,,,,,y,,
cfmh_mom_cond3_preg,UC Davis MIND CHARGE Family Medical History Form,,dropdown,Did the mother have Condition 3 while pregnant with the child?,"1, 1 | 0, 0","1=Yes, 0=No",,,,,,y,,
cfmh_mom_cond4,UC Davis MIND CHARGE Family Medical History Form,,dropdown,Did the mother have Other condition-4,"1, 1 | 0, 0","1=Yes, 0=No",,,,,,y,,
cfmh_mom_cond4_age,UC Davis MIND CHARGE Family Medical History Form,,text,Age at which the Condition 4 appeared(in months),,,,,,,,y,,
cfmh_mom_cond4_preg,UC Davis MIND CHARGE Family Medical History Form,,dropdown,Did the mother have Condition 4 while pregnant with the child?,"1, 1 | 0, 0","1=Yes, 0=No",,,,,,y,,
cfmh_dad_fdalrgy,UC Davis MIND CHARGE Family Medical History Form,Father,dropdown,Does the Child's Father have a food allergy?,"1, 1 | 0, 0","1=Yes, 0=No",,,,,,y,,
cfmh_dad_fdalrgy_cmt,UC Davis MIND CHARGE Family Medical History Form,,text,Specific food items the Father is allergic to,,,,,,,,y,,
cfmh_dad_skinalrgy,UC Davis MIND CHARGE Family Medical History Form,,dropdown,Does the Child's Father have a skin allergy?,"1, 1 | 0, 0","1=Yes, 0=No",,,,,,y,,
cfmh_dad_skinalrgy_cmt,UC Davis MIND CHARGE Family Medical History Form,,text,Specific skin items the Father is allergic to,,,,,,,,y,,
cfmh_dad_eczema,UC Davis MIND CHARGE Family Medical History Form,,dropdown,Does the Child's Father have Eczema?,"1, 1 | 0, 0","1=Yes, 0=No",,,,,,y,,
cfmh_dad_envalrgy,UC Davis MIND CHARGE Family Medical History Form,,dropdown,Does the Child's Father have an environmental allergy?,"1, 1 | 0, 0","1=Yes, 0=No",,,,,,y,,
cfmh_dad_envalrgy_cmt,UC Davis MIND CHARGE Family Medical History Form,,text,Specific environmental items the Father is allergic to,,,,,,,,y,,
cfmh_dad_medalrgy,UC Davis MIND CHARGE Family Medical History Form,,dropdown,Does the Child's Father have a medication allergy?,"1, 1 | 0, 0","1=Yes, 0=No",,,,,,y,,
cfmh_dad_medalrgy_cmt,UC Davis MIND CHARGE Family Medical History Form,,text,Specific medication items the Father is allergic to,,,,,,,,y,,
cfmh_dad_othalrgy,UC Davis MIND CHARGE Family Medical History Form,,dropdown,Does the Child's Father have any other allergies?,"1, 1 | 0, 0","1=Yes, 0=No",,,,,,y,,
cfmh_dad_othalrgy_cmt,UC Davis MIND CHARGE Family Medical History Form,,text,Specific other items the Father is allergic to,,,,,,,,y,,
cfmh_dad_autism,UC Davis MIND CHARGE Family Medical History Form,,dropdown,Does the Child's Father have Autism?,"1, 1 | 0, 0","1=Yes, 0=No",,,,,,y,,
cfmh_dad_aspergers,UC Davis MIND CHARGE Family Medical History Form,,dropdown,Does the Child's Father have Asperger's Syndrome?,"1, 1 | 0, 0","1=Yes, 0=No",,,,,,y,,
cfmh_dad_retts,UC Davis MIND CHARGE Family Medical History Form,,dropdown,Does the Child's Father have Rett's Syndrome?,"1, 1 | 0, 0","1=Yes, 0=No",,,,,,y,,
cfmh_dad_pddnos,UC Davis MIND CHARGE Family Medical History Form,,dropdown,Does the Child's Father have Autism Spectrum Disorder?,"1, 1 | 0, 0","1=Yes, 0=No",,,,,,y,,
cfmh_dad_pddnos_cmt,UC Davis MIND CHARGE Family Medical History Form,,text,Specify type,,,,,,,,y,,
cfmh_dad_spchdelay,UC Davis MIND CHARGE Family Medical History Form,,dropdown,Does (did) the Child's Father have a spch/Language Delay?,"1, 1 | 0, 0","1=Yes, 0=No",,,,,,y,,
cfmh_dad_devdelay,UC Davis MIND CHARGE Family Medical History Form,,dropdown,Does (did) the Child's Father have a Developmental Delay?,"1, 1 | 0, 0","1=Yes, 0=No",,,,,,y,,
