Variable / Field Name,Form Name,Section Header,Field Type,Field Label,"Choices, Calculations, OR Slider Labels",Field Note,Text Validation Type OR Show Slider Number,Text Validation Min,Text Validation Max,Identifier?,Branching Logic (Show field only if...),Required Field?,Custom Alignment,Question Number (surveys only)
subjectkey,Repetitive Behavior Scale - Revised 2000,,text,The NDAR Global Unique Identifier (GUID) for subjects which identifies a subject in NDAR,,,,,,,,y,,
src_subject_id,Repetitive Behavior Scale - Revised 2000,Header,text,The site's subject identification,,,,,,,,y,,
interview_date,Repetitive Behavior Scale - Revised 2000,,text,Date on which the interview/genetic test/sampling/imaging was completed,"MM/yyyy, MM/yyyy | MM/dd/yyyy, MM/dd/yyyy",* '01/01/1900' indicates that a date associated with retrospective data is not known.,date_ymd,,,,,y,,
interview_age,Repetitive Behavior Scale - Revised 2000,,text,Age in months at the time of the interview/test/sampling/imaging.,,Age is rounded to chronological month If the research participant is 13 days old at time of interview  the appropriate value would be 0 months if the participant is 19 days old the value would be 1 month,number,0,1200,,,y,,
comments_misc,Repetitive Behavior Scale - Revised 2000,,text,"Miscellaneous comments on study, interview, methodology relevant to this form data",,,,,,,,,,
rbsr_stereo_behavior_endorsed,Repetitive Behavior Scale - Revised 2000,Score Summary,text,Stereotyped Behavior (Number of subscale items endorsed),,,number,0,6,,,y,,
rbsr_stereo_total,Repetitive Behavior Scale - Revised 2000,,text,Stereotyped Behavior (Total subscale score),,,number,0,18,,,y,,
rbsr_self_injurous_endorsed,Repetitive Behavior Scale - Revised 2000,,text,Self Injurous Behavior (Number of subscale items endorsed),,,number,0,8,,,y,,
rbsr_self_injurous_total,Repetitive Behavior Scale - Revised 2000,,text,Self Injurous Behavior (Total subscale score),,,number,0,24,,,y,,
rbsr_compulsive_endorsed,Repetitive Behavior Scale - Revised 2000,,text,Compulsive Behavior (Number of subscale items endorsed),,,number,0,8,,,y,,
rbsr_compulsive_total,Repetitive Behavior Scale - Revised 2000,,text,Compulsive Behavior (Total subscale score),,,number,0,24,,,y,,
rbsr_ritualistic_endorsed,Repetitive Behavior Scale - Revised 2000,,text,Ritualistic Behavior (Number of subscale items endorsed),,,number,0,6,,,y,,
rbsr_ritualistic_total,Repetitive Behavior Scale - Revised 2000,,text,Ritualistic Behavior (Total subscale score),,,number,0,18,,,y,,
rbsr_sameness_endorsed,Repetitive Behavior Scale - Revised 2000,,text,Sameness Behavior (Number of subscale items endorsed),,,number,0,129,,,y,,
rbsr_sameness_total,Repetitive Behavior Scale - Revised 2000,,text,Sameness Behavior (Total subscale score),,,number,0,33,,,y,,
rbsr_restricted_endorsed,Repetitive Behavior Scale - Revised 2000,,text,Restricted Behavior (Number of subscale items endorsed),,,number,0,4,,,y,,
rbsr_restricted_total,Repetitive Behavior Scale - Revised 2000,,text,Restricted Behavior (Total subscale score),,,number,0,12,,,y,,
rbsr_overall_endorsed,Repetitive Behavior Scale - Revised 2000,,text,Overall number of items endorsed,,,number,0,43,,,y,,
rbsr_overall_total,Repetitive Behavior Scale - Revised 2000,,text,Overall score,,,number,0,129,,,y,,
