Variable / Field Name,Form Name,Section Header,Field Type,Field Label,"Choices, Calculations, OR Slider Labels",Field Note,Text Validation Type OR Show Slider Number,Text Validation Min,Text Validation Max,Identifier?,Branching Logic (Show field only if...),Required Field?,Custom Alignment,Question Number (surveys only)
subjectkey,Social Responsiveness Scale (2005),Header,text,The NDAR Global Unique Identifier (GUID) for subjects which identifies a subject in NDAR,,,,,,,,y,,
src_subject_id,Social Responsiveness Scale (2005),,text,The site's subject identification,,,,,,,,y,,
interview_date,Social Responsiveness Scale (2005),,text,Date on which the interview/genetic test/sampling/imaging was completed,"MM/yyyy, MM/yyyy | MM/dd/yyyy, MM/dd/yyyy",* '01/01/1900' indicates that a date associated with retrospective data is not known.,date_ymd,,,,,y,,
interview_age,Social Responsiveness Scale (2005),,text,Age in months at the time of the interview/test/sampling/imaging.,,Age is rounded to chronological month If the research participant is 13 days old at time of interview  the appropriate value would be 0 months if the participant is 19 days old the value would be 1 month,number,0,1200,,,y,,
gender,Social Responsiveness Scale (2005),,dropdown,Gender,"M, M | F, F",,,,,,,y,,
comments_misc,Social Responsiveness Scale (2005),,text,"Miscellaneous comments on study, interview, methodology relevant to this form data",,,,,,,,,,
respond,Social Responsiveness Scale (2005),,dropdown,Respondent 1 = Parent; 2 = Teacher; 999 = Not Available,"1, 1 | 2, 2 | 999, 999",,,,,,,y,,
respond_detail,Social Responsiveness Scale (2005),,dropdown,"Respondent detail (if available on form version) Options include 1 = Mother; 2 = Father; 3 = Other Relative or custodial adult; 4 = Teacher or caregiver; 5 = Other specialist; 6 = Other; 999 = Not Available; please specify""","1, 1 | 2, 2 | 3, 3 | 4, 4 | 5, 5 | 6, 6 | 999, 999",,,,,,,y,,
respond_detail_oth_spec,Social Responsiveness Scale (2005),,text,"Respondent detail, specify other",,,,,,,,,,
invalid,Social Responsiveness Scale (2005),,dropdown,"Was the data collection invalid Options include 0 = """"no""""; 1 = """"yes"," missing reponses,  missing reponses |  2 = """"invalid respondent,  2 = """"invalid respondent",,,,,,,y,,
missing,Social Responsiveness Scale (2005),,text,"Number of responses missing (left blank). Greater than 6 is considered unscorable by the publisher. If record was scored by SCANTRON, missing values were recoded and might be missing on the form. Non-SCANTRON records have a (-1) for missing values.",,,,,,,,y,,
male_raw1,Social Responsiveness Scale (2005),Male,text,Raw Score: Social Awareness,,,,,,,,y,,
male_raw2,Social Responsiveness Scale (2005),,text,Raw Score: Social Cognition,,,,,,,,y,,
male_raw3,Social Responsiveness Scale (2005),,text,Raw Score: Social Communication,,,,,,,,y,,
male_raw4,Social Responsiveness Scale (2005),,text,Raw Score: Social Motivation,,,,,,,,y,,
male_raw5,Social Responsiveness Scale (2005),,text,Raw Score: Autistic Mannerisms,,,,,,,,y,,
male_tscore1,Social Responsiveness Scale (2005),,text,T-Score: Social Awareness,,,,,,,,y,,
male_tscore2,Social Responsiveness Scale (2005),,text,T-Score: Social Cognition,,,,,,,,y,,
male_tscore3,Social Responsiveness Scale (2005),,text,T-Score: Social Communication,,,,,,,,y,,
male_tscore4,Social Responsiveness Scale (2005),,text,T-Score: Social Motivation,,,,,,,,y,,
male_tscore5,Social Responsiveness Scale (2005),,text,T-Score: Autistic Mannerisms,,,,,,,,y,,
male_rawscoreall,Social Responsiveness Scale (2005),,text,Total Raw Score,,,,,,,,,,
male_tscoreall,Social Responsiveness Scale (2005),,text,Total T-Score,,,,,,,,,,
female_raw1,Social Responsiveness Scale (2005),Female,text,Raw Score: Social Awareness,,,,,,,,y,,
female_raw2,Social Responsiveness Scale (2005),,text,Raw Score: Social Cognition,,,,,,,,y,,
female_raw3,Social Responsiveness Scale (2005),,text,Raw Score: Social Communication,,,,,,,,y,,
female_raw4,Social Responsiveness Scale (2005),,text,Raw Score: Social Motivation,,,,,,,,y,,
female_raw5,Social Responsiveness Scale (2005),,text,Raw Score: Autistic Mannerisms,,,,,,,,y,,
female_tscore1,Social Responsiveness Scale (2005),,text,T-Score: Social Awareness,,,,,,,,y,,
female_tscore2,Social Responsiveness Scale (2005),,text,T-Score: Social Cognition,,,,,,,,y,,
female_tscore3,Social Responsiveness Scale (2005),,text,T-Score: Social Communication,,,,,,,,y,,
female_tscore4,Social Responsiveness Scale (2005),,text,T-Score: Social Motivation,,,,,,,,y,,
female_tscore5,Social Responsiveness Scale (2005),,text,T-Score: Autistic Mannerisms,,,,,,,,y,,
female_rawscoreall,Social Responsiveness Scale (2005),,text,Total Raw Score,,,,,,,,,,
female_tscoreall,Social Responsiveness Scale (2005),,text,Total T-Score,,,,,,,,,,
parentreport_1,Social Responsiveness Scale (2005),Parent Report,dropdown,1. Seems much more fidgety in social situations than when alone,"1, 1 | 2, 2 | 3, 3 | 4, 4",,,,,,,y,,
parentreport_2,Social Responsiveness Scale (2005),,dropdown,2. Expressions on his or her face don't match what he or she is saying,"1, 1 | 2, 2 | 3, 3 | 4, 4",,,,,,,y,,
parentreport_3,Social Responsiveness Scale (2005),,dropdown,3. Seems self-confident when interacting with others,"1, 1 | 2, 2 | 3, 3 | 4, 4",,,,,,,y,,
parentreport_4,Social Responsiveness Scale (2005),,dropdown,"4. When under stress, he or she shows rigid or inflexible patterns of behavior that seem odd.","1, 1 | 2, 2 | 3, 3 | 4, 4",,,,,,,y,,
parentreport_5,Social Responsiveness Scale (2005),,dropdown,5. Doesn't recognize when others are trying to take advantage of him or her,"1, 1 | 2, 2 | 3, 3 | 4, 4",,,,,,,y,,
parentreport_6,Social Responsiveness Scale (2005),,dropdown,6. Would rather be alone than with others,"1, 1 | 2, 2 | 3, 3 | 4, 4",,,,,,,y,,
parentreport_7,Social Responsiveness Scale (2005),,dropdown,7. Is aware of what others are thinking or feeling,"1, 1 | 2, 2 | 3, 3 | 4, 4",,,,,,,y,,
parentreport_8,Social Responsiveness Scale (2005),,dropdown,8. Behaves in ways that seem strange or bizarre,"1, 1 | 2, 2 | 3, 3 | 4, 4",,,,,,,y,,
parentreport_9,Social Responsiveness Scale (2005),,dropdown,"9. Clings to adults, seems too dependent on them","1, 1 | 2, 2 | 3, 3 | 4, 4",,,,,,,y,,
parentreport_10,Social Responsiveness Scale (2005),,dropdown,10. Takes things too literally and doesn't get the real meaning of a conversation,"1, 1 | 2, 2 | 3, 3 | 4, 4",,,,,,,y,,
parentreport_11,Social Responsiveness Scale (2005),,dropdown,11. Has good self-confidence,"1, 1 | 2, 2 | 3, 3 | 4, 4",,,,,,,y,,
parentreport_12,Social Responsiveness Scale (2005),,dropdown,12. Is able to communicate his or her feelings to others,"1, 1 | 2, 2 | 3, 3 | 4, 4",,,,,,,y,,
parentreport_13,Social Responsiveness Scale (2005),,dropdown,"13. is awkward in turn-taking interactions with peers (e.g., doesn't seem to understand the give-and-take of conversations)","1, 1 | 2, 2 | 3, 3 | 4, 4",,,,,,,y,,
parentreport_14,Social Responsiveness Scale (2005),,dropdown,14. Is not well coordinated,"1, 1 | 2, 2 | 3, 3 | 4, 4",,,,,,,y,,
parentreport_15,Social Responsiveness Scale (2005),,dropdown,15. is able to understand the meaning of other people's tone of voice and facial expressions,"1, 1 | 2, 2 | 3, 3 | 4, 4",,,,,,,y,,
parentreport_16,Social Responsiveness Scale (2005),,dropdown,16. Avoids eye contact or has unusual eye contact,"1, 1 | 2, 2 | 3, 3 | 4, 4",,,,,,,y,,
parentreport_17,Social Responsiveness Scale (2005),,dropdown,17. Recognizes when something is unfair,"1, 1 | 2, 2 | 3, 3 | 4, 4",,,,,,,y,,
parentreport_18,Social Responsiveness Scale (2005),,dropdown,"18. Has difficulty making friends, even when trying his or her best","1, 1 | 2, 2 | 3, 3 | 4, 4",,,,,,,y,,
parentreport_19,Social Responsiveness Scale (2005),,dropdown,19 Gets frustrated trying to get ideas across in conversations,"1, 1 | 2, 2 | 3, 3 | 4, 4",,,,,,,y,,
parentreport_20,Social Responsiveness Scale (2005),,dropdown,"20. Shows unusual sensory interests (e.g., mouthing or spinning objects) or strange ways of playing with toys","1, 1 | 2, 2 | 3, 3 | 4, 4",,,,,,,y,,
parentreport_21,Social Responsiveness Scale (2005),,dropdown,21. Is able to imitate others' actions,"1, 1 | 2, 2 | 3, 3 | 4, 4",,,,,,,y,,
parentreport_22,Social Responsiveness Scale (2005),,dropdown,22. Plays appropriately with children his or her age,"1, 1 | 2, 2 | 3, 3 | 4, 4",,,,,,,y,,
parentreport_23,Social Responsiveness Scale (2005),,dropdown,23 Does not join group activities unless told to do so,"1, 1 | 2, 2 | 3, 3 | 4, 4",,,,,,,y,,
parentreport_24,Social Responsiveness Scale (2005),,dropdown,24. Has more difficulty than other children with changes is his or her routine.,"1, 1 | 2, 2 | 3, 3 | 4, 4",,,,,,,y,,
parentreport_25,Social Responsiveness Scale (2005),,dropdown,"25. Doesnt seem to mind being out of step with or ""not on the came wavelenght"" as others.","1, 1 | 2, 2 | 3, 3 | 4, 4",,,,,,,y,,
parentreport_26,Social Responsiveness Scale (2005),,dropdown,26. Offers comfort to other when they are sad.,"1, 1 | 2, 2 | 3, 3 | 4, 4",,,,,,,y,,
parentreport_27,Social Responsiveness Scale (2005),,dropdown,27. Avoids starting social interactions with peers or adults.,"1, 1 | 2, 2 | 3, 3 | 4, 4",,,,,,,y,,
parentreport_28,Social Responsiveness Scale (2005),,dropdown,28. Thinks or talk about the same thing over and over.,"1, 1 | 2, 2 | 3, 3 | 4, 4",,,,,,,y,,
parentreport_29,Social Responsiveness Scale (2005),,dropdown,29. Is regarded by the other children as odd or weird.,"1, 1 | 2, 2 | 3, 3 | 4, 4",,,,,,,y,,
parentreport_30,Social Responsiveness Scale (2005),,dropdown,30. Becomes upset in a situation with lots of things going on.,"1, 1 | 2, 2 | 3, 3 | 4, 4",,,,,,,y,,
parentreport_31,Social Responsiveness Scale (2005),,dropdown,31. Can't get his or her mind off something once he or she starts thinking about it.,"1, 1 | 2, 2 | 3, 3 | 4, 4",,,,,,,y,,
parentreport_32,Social Responsiveness Scale (2005),,dropdown,32. Has good personal hygeiene.,"1, 1 | 2, 2 | 3, 3 | 4, 4",,,,,,,y,,
parentreport_33,Social Responsiveness Scale (2005),,dropdown,"33. Is socially awkward, even when he or she is trying to be polite  ","1, 1 | 2, 2 | 3, 3 | 4, 4",,,,,,,y,,
parentreport_34,Social Responsiveness Scale (2005),,dropdown,34. Avoids people who want to be emotionally close to him or her,"1, 1 | 2, 2 | 3, 3 | 4, 4",,,,,,,y,,
parentreport_35,Social Responsiveness Scale (2005),,dropdown,35. Has trouble keeping up with the flow of a normal conversation,"1, 1 | 2, 2 | 3, 3 | 4, 4",,,,,,,y,,
parentreport_36,Social Responsiveness Scale (2005),,dropdown,36. Has difficulty relating to adults,"1, 1 | 2, 2 | 3, 3 | 4, 4",,,,,,,y,,
parentreport_37,Social Responsiveness Scale (2005),,dropdown,37. Has difficulty relating to peers,"1, 1 | 2, 2 | 3, 3 | 4, 4",,,,,,,y,,
parentreport_38,Social Responsiveness Scale (2005),,dropdown,"38. Responds appropriately to mood changes in others (e.g., when a friend's or playmate's mood changes from happy to sad)  ","1, 1 | 2, 2 | 3, 3 | 4, 4",,,,,,,y,,
parentreport_39,Social Responsiveness Scale (2005),,dropdown,39. Has an unusually narrow range of interests,"1, 1 | 2, 2 | 3, 3 | 4, 4",,,,,,,y,,
parentreport_40,Social Responsiveness Scale (2005),,dropdown,"40. Is imaginative, good at pretending {without losing touch with reality)  ","1, 1 | 2, 2 | 3, 3 | 4, 4",,,,,,,y,,
parentreport_41,Social Responsiveness Scale (2005),,dropdown,41. Wanders aimlessly from one activity to another.,"1, 1 | 2, 2 | 3, 3 | 4, 4",,,,,,,y,,
parentreport_42,Social Responsiveness Scale (2005),,dropdown,"42. Seems overly sensitive to sounds, textures, or smells  ","1, 1 | 2, 2 | 3, 3 | 4, 4",,,,,,,y,,
parentreport_43,Social Responsiveness Scale (2005),,dropdown,43. Separates easily from caregivers,"1, 1 | 2, 2 | 3, 3 | 4, 4",,,,,,,y,,
parentreport_44,Social Responsiveness Scale (2005),,dropdown,44. Doesn't understand how events relate to one another (cause and effect) the way other children his or her age do,"1, 1 | 2, 2 | 3, 3 | 4, 4",,,,,,,y,,
parentreport_45,Social Responsiveness Scale (2005),,dropdown,45. Focuses his or her attention to where others are looking or listening,"1, 1 | 2, 2 | 3, 3 | 4, 4",,,,,,,y,,
parentreport_46,Social Responsiveness Scale (2005),,dropdown,46. Has overly serious facial expressions,"1, 1 | 2, 2 | 3, 3 | 4, 4",,,,,,,y,,
parentreport_47,Social Responsiveness Scale (2005),,dropdown,47. Is too silly or laughs inappropriately,"1, 1 | 2, 2 | 3, 3 | 4, 4",,,,,,,y,,
parentreport_48,Social Responsiveness Scale (2005),,dropdown,"48. Has a sense of humor, understands jokes  ","1, 1 | 2, 2 | 3, 3 | 4, 4",,,,,,,y,,
parentreport_49,Social Responsiveness Scale (2005),,dropdown,"49. Does extremely well at a few tasks, but does not do as well at most other tasks  ","1, 1 | 2, 2 | 3, 3 | 4, 4",,,,,,,y,,
parentreport_50,Social Responsiveness Scale (2005),,dropdown,"50. Has repetitive, odd behaviors such as hand flapping or rocking  ","1, 1 | 2, 2 | 3, 3 | 4, 4",,,,,,,y,,
parentreport_51,Social Responsiveness Scale (2005),,dropdown,51. Has difficulty answering questions directly and ends up talking around the subject,"1, 1 | 2, 2 | 3, 3 | 4, 4",,,,,,,y,,
parentreport_52,Social Responsiveness Scale (2005),,dropdown,52. Knows when he or she is talking too loud or making too much noise,"1, 1 | 2, 2 | 3, 3 | 4, 4",,,,,,,y,,
parentreport_53,Social Responsiveness Scale (2005),,dropdown,"53. Talks to people with an unusual tone of voice (e.g., talks like a robot or like he or she is giving a lecture)  ","1, 1 | 2, 2 | 3, 3 | 4, 4",,,,,,,y,,
parentreport_54,Social Responsiveness Scale (2005),,dropdown,54. Seems to react to people as if they are objects,"1, 1 | 2, 2 | 3, 3 | 4, 4",,,,,,,y,,
parentreport_55,Social Responsiveness Scale (2005),,dropdown,55. Knows when he or she is too close to someone or is invading someone's space,"1, 1 | 2, 2 | 3, 3 | 4, 4",,,,,,,y,,
parentreport_56,Social Responsiveness Scale (2005),,dropdown,56. Walks in between two people who are talking,"1, 1 | 2, 2 | 3, 3 | 4, 4",,,,,,,y,,
parentreport_57,Social Responsiveness Scale (2005),,dropdown,57. Gets teased a lot,"1, 1 | 2, 2 | 3, 3 | 4, 4",,,,,,,y,,
parentreport_58,Social Responsiveness Scale (2005),,dropdown,"58. Concentrates too much on parts of things rather than seeing the whole picture. For example, if asked to describe what happened in a story, he or she may talk only about the kind of clothes the characters were wearing","1, 1 | 2, 2 | 3, 3 | 4, 4",,,,,,,y,,
parentreport_59,Social Responsiveness Scale (2005),,dropdown,59. Is overly suspicious,"1, 1 | 2, 2 | 3, 3 | 4, 4",,,,,,,y,,
parentreport_60,Social Responsiveness Scale (2005),,dropdown,"60. Is emotionally distant, doesn't show his or her feelings  ","1, 1 | 2, 2 | 3, 3 | 4, 4",,,,,,,y,,
parentreport_61,Social Responsiveness Scale (2005),,dropdown,"61. Is inflexible, has a hard time changing his or her mind  ","1, 1 | 2, 2 | 3, 3 | 4, 4",,,,,,,y,,
parentreport_62,Social Responsiveness Scale (2005),,dropdown,62. Gives unusual or illogical reasons for doing things,"1, 1 | 2, 2 | 3, 3 | 4, 4",,,,,,,y,,
parentreport_63,Social Responsiveness Scale (2005),,dropdown,"63. Touches others in an unusual way (e.g., he or she may touch someone just to make contact and then walk away without saying anything) ","1, 1 | 2, 2 | 3, 3 | 4, 4",,,,,,,y,,
parentreport_64,Social Responsiveness Scale (2005),,dropdown,64. Is too tense in social settings,"1, 1 | 2, 2 | 3, 3 | 4, 4",,,,,,,y,,
parentreport_65,Social Responsiveness Scale (2005),,dropdown,65. Stares or gazes off into space,"1, 1 | 2, 2 | 3, 3 | 4, 4",,,,,,,y,,
