Variable / Field Name,Form Name,Section Header,Field Type,Field Label,"Choices, Calculations, OR Slider Labels",Field Note,Text Validation Type OR Show Slider Number,Text Validation Min,Text Validation Max,Identifier?,Branching Logic (Show field only if...),Required Field?,Custom Alignment,Question Number (surveys only)
subjectkey,Autism Diagnostic Interview-Rev (ADI-R) Toddler 2004,Header,text,The NDAR Global Unique Identifier (GUID) for subjects which identifies a subject in NDAR,,,,,,,,y,,
src_subject_id,Autism Diagnostic Interview-Rev (ADI-R) Toddler 2004,,text,The site's subject identification,,,,,,,,y,,
interview_date,Autism Diagnostic Interview-Rev (ADI-R) Toddler 2004,,text,Date on which the interview/genetic test/sampling/imaging was completed,"MM/yyyy, MM/yyyy | MM/dd/yyyy, MM/dd/yyyy",* '01/01/1900' indicates that a date associated with retrospective data is not known.,date_ymd,,,,,y,,
interview_age,Autism Diagnostic Interview-Rev (ADI-R) Toddler 2004,,text,Age in months at the time of the interview/test/sampling/imaging.,,Age is rounded to chronological month If the research participant is 13 days old at time of interview  the appropriate value would be 0 months if the participant is 19 days old the value would be 1 month,number,0,1200,,,y,,
relationship,Autism Diagnostic Interview-Rev (ADI-R) Toddler 2004,,text,Relationship of Respondent to Individual,,,,,,,,y,,
adhearing,Autism Diagnostic Interview-Rev (ADI-R) Toddler 2004,,text,any concerns about hearing?,,,,,,,,y,,
adidx,Autism Diagnostic Interview-Rev (ADI-R) Toddler 2004,,text,ADI Diagnosis,,,,,,,,y,,
ad002,Autism Diagnostic Interview-Rev (ADI-R) Toddler 2004,,text,2. Age when parents first noticed that something was not quite right (months),,,,,,,,y,,
ad003a,Autism Diagnostic Interview-Rev (ADI-R) Toddler 2004,,dropdown,3A. First symptoms to arouse parental concerns #1,"0, 0 | 1, 1 | 2, 2 | 3, 3 | 4, 4 | 5, 5 | 6, 6 | 7, 7 | 8, 8 | 9, 9",,,,,,,y,,
ad003b,Autism Diagnostic Interview-Rev (ADI-R) Toddler 2004,,dropdown,3B.  First symptoms to arouse parental concerns #2,"0, 0 | 1, 1 | 2, 2 | 3, 3 | 4, 4 | 5, 5 | 6, 6 | 7, 7 | 8, 8 | 9, 9",,,,,,,y,,
ad003c,Autism Diagnostic Interview-Rev (ADI-R) Toddler 2004,,dropdown,3C.  First symptoms to arouse parental concerns #3,"0, 0 | 1, 1 | 2, 2 | 3, 3 | 4, 4 | 5, 5 | 6, 6 | 7, 7 | 8, 8 | 9, 9",,,,,,,y,,
ad003d,Autism Diagnostic Interview-Rev (ADI-R) Toddler 2004,,dropdown,3D.  First symptoms to arouse parental concerns #4,"0, 0 | 1, 1 | 2, 2 | 3, 3 | 4, 4 | 5, 5 | 6, 6 | 7, 7 | 8, 8 | 9, 9",,,,,,,y,,
ad004,Autism Diagnostic Interview-Rev (ADI-R) Toddler 2004,,text,4. Age (in months) when parents first noticed social or communication difficulties,,,,,,,,y,,
ad005,Autism Diagnostic Interview-Rev (ADI-R) Toddler 2004,,dropdown,5. Onset as perceived in hindsight,"0, 0 | 1, 1 | 2, 2 | 3, 3 | 4, 4 | 5, 5 | 7, 7 | 8, 8 | 9, 9",,,,,,,y,,
ad006,Autism Diagnostic Interview-Rev (ADI-R) Toddler 2004,,text,6. First sat unaided on flat surface (months),,,,,,,,y,,
ad007,Autism Diagnostic Interview-Rev (ADI-R) Toddler 2004,,text,7. First walked unaided (months),,,,,,,,y,,
ad008,Autism Diagnostic Interview-Rev (ADI-R) Toddler 2004,,text,8. Acquisition of bladder control: daytime,,,,,,,,y,,
ad009,Autism Diagnostic Interview-Rev (ADI-R) Toddler 2004,,text,9. Acquisition of bladder control: nighttime (months),,,,,,,,y,,
ad010,Autism Diagnostic Interview-Rev (ADI-R) Toddler 2004,,text,10. Acquisition of bowel control (months),,,,,,,,y,,
ad011cu,Autism Diagnostic Interview-Rev (ADI-R) Toddler 2004,,dropdown,11. Usual mode of communication,"0, 0 | 1, 1 | 2, 2 | 3, 3 | 4, 4 | 7, 7 | 8, 8 | 9, 9",,,,,,,y,,
ad012cu,Autism Diagnostic Interview-Rev (ADI-R) Toddler 2004,,dropdown,12. Use of others body to communicate (CURRENT),"0, 0 | 1, 1 | 2, 2 | 3, 3 | 8, 8 | 9, 9",,,,,,,y,,
ad012ev,Autism Diagnostic Interview-Rev (ADI-R) Toddler 2004,,dropdown,12. Use of others body to communicate (EVER),"0, 0 | 1, 1 | 2, 2 | 3, 3 | 8, 8 | 9, 9",,,,,,,y,,
ad013cu,Autism Diagnostic Interview-Rev (ADI-R) Toddler 2004,,dropdown,13. Social Chat/Vocalization,"0, 0 | 1, 1 | 2, 2 | 3, 3 | 9, 9",,,,,,,y,,
ad014cu,Autism Diagnostic Interview-Rev (ADI-R) Toddler 2004,,dropdown,14. Form of Current Non-Speech Vocalization,"0, 0 | 1, 1 | 2, 2 | 3, 3 | 8, 8 | 9, 9",,,,,,,y,,
ad015,Autism Diagnostic Interview-Rev (ADI-R) Toddler 2004,,dropdown,15.  Babbling as an Infant,"0, 0 | 1, 1 | 2, 2 | 3, 3 | 9, 9",,,,,,,y,,
ad016,Autism Diagnostic Interview-Rev (ADI-R) Toddler 2004,,text,16. Age of first single words (months),,,,,,,,y,,
ad017,Autism Diagnostic Interview-Rev (ADI-R) Toddler 2004,,text,17. Current number of words (in the last week),,,,,,,,y,,
ad018cu,Autism Diagnostic Interview-Rev (ADI-R) Toddler 2004,,dropdown,18. Utterance length for non-echoed speech,"0, 0 | 1, 1 | 8, 8 | 9, 9",,,,,,,y,,
ad019cu,Autism Diagnostic Interview-Rev (ADI-R) Toddler 2004,,dropdown,19.  Complexity of non-echoed utterances,"0, 0 | 1, 1 | 2, 2 | 8, 8 | 9, 9",,,,,,,y,,
ad020,Autism Diagnostic Interview-Rev (ADI-R) Toddler 2004,,text,20.  Age of first phrases (if ever used),,,,,,,,y,,
ad021cu,Autism Diagnostic Interview-Rev (ADI-R) Toddler 2004,,dropdown,21.  Overall level of language,"0, 0 | 1, 1 | 2, 2 | 9, 9",,,,,,,y,,
ad022cu,Autism Diagnostic Interview-Rev (ADI-R) Toddler 2004,,dropdown,22. Current communicative speech,"0, 0 | 1, 1 | 2, 2 | 3, 3 | 8, 8 | 9, 9",,,,,,,y,,
ad023cu,Autism Diagnostic Interview-Rev (ADI-R) Toddler 2004,,dropdown,23.  Comprehension of simple language,"0, 0 | 1, 1 | 2, 2 | 3, 3 | 4, 4 | 8, 8 | 9, 9",,,,,,,y,,
ad024ev,Autism Diagnostic Interview-Rev (ADI-R) Toddler 2004,,dropdown,24. Loss of language skills,"0, 0 | 1, 1 | 2, 2 | 8, 8 | 9, 9",,,,,,,y,,
ad025ev,Autism Diagnostic Interview-Rev (ADI-R) Toddler 2004,,dropdown,25. Level of communicative language before loss,"0, 0 | 1, 1 | 2, 2 | 3, 3 | 8, 8 | 9, 9",,,,,,,y,,
ad025words,Autism Diagnostic Interview-Rev (ADI-R) Toddler 2004,,text,25. how many words could child say before the loss?,,,,,,,,y,,
ad026,Autism Diagnostic Interview-Rev (ADI-R) Toddler 2004,,dropdown,26. Loss of cooing,"0, 0 | 1, 1 | 2, 2 | 8, 8 | 9, 9",,,,,,,y,,
ad027,Autism Diagnostic Interview-Rev (ADI-R) Toddler 2004,,dropdown,27. Loss of vocalizations,"0, 0 | 1, 1 | 2, 2 | 8, 8 | 9, 9",,,,,,,y,,
ad028,Autism Diagnostic Interview-Rev (ADI-R) Toddler 2004,,dropdown,28. Loss of speech-like babbling,"0, 0 | 1, 1 | 2, 2 | 8, 8 | 9, 9",,,,,,,y,,
ad029,Autism Diagnostic Interview-Rev (ADI-R) Toddler 2004,,dropdown,29. Loss of vocal imitation,"0, 0 | 1, 1 | 2, 2 | 8, 8 | 9, 9",,,,,,,y,,
ad030,Autism Diagnostic Interview-Rev (ADI-R) Toddler 2004,,dropdown,30. Loss of spontaneous use of at least 3 meaningful words,"0, 0 | 1, 1 | 2, 2 | 8, 8 | 9, 9",,,,,,,y,,
ad031,Autism Diagnostic Interview-Rev (ADI-R) Toddler 2004,,dropdown,31. Loss of communicative intent,"0, 0 | 1, 1 | 2, 2 | 8, 8 | 9, 9",,,,,,,y,,
ad032,Autism Diagnostic Interview-Rev (ADI-R) Toddler 2004,,dropdown,32. Loss of syntactical skills (grammar),"0, 0 | 1, 1 | 2, 2 | 8, 8 | 9, 9",,,,,,,y,,
ad033,Autism Diagnostic Interview-Rev (ADI-R) Toddler 2004,,dropdown,33. Loss of articulation (pronunciation),"0, 0 | 1, 1 | 2, 2 | 8, 8 | 9, 9",,,,,,,y,,
ad034,Autism Diagnostic Interview-Rev (ADI-R) Toddler 2004,,text,34. Age when main loss of language skills first apparent (months),,,,,,,,y,,
ad035ev,Autism Diagnostic Interview-Rev (ADI-R) Toddler 2004,,dropdown,35.   Association of loss of language with physical illness,"0, 0 | 1, 1 | 2, 2 | 8, 8 | 9, 9",,,,,,,y,,
ad036ev,Autism Diagnostic Interview-Rev (ADI-R) Toddler 2004,,dropdown,36. Gradual or sudden loss,"0, 0 | 1, 1 | 2, 2 | 9, 9",,,,,,,y,,
ad037,Autism Diagnostic Interview-Rev (ADI-R) Toddler 2004,,text,37.  Age when language skills began to come back (months),,,,,,,,y,,
ad038,Autism Diagnostic Interview-Rev (ADI-R) Toddler 2004,,dropdown,38.   Regain of same level before loss,"0, 0 | 1, 1 | 2, 2 | 3, 3 | 4, 4 | 9, 9",,,,,,,y,,
ad039ev,Autism Diagnostic Interview-Rev (ADI-R) Toddler 2004,,dropdown,39. Loss of skills (skill must be lost for at least 1 month),"0, 0 | 1, 1 | 2, 2 | 8, 8 | 9, 9",,,,,,,y,,
ad040ev,Autism Diagnostic Interview-Rev (ADI-R) Toddler 2004,,dropdown,40. Purposive hand movements,"0, 0 | 1, 1 | 2, 2 | 9, 9",,,,,,,y,,
ad041ev,Autism Diagnostic Interview-Rev (ADI-R) Toddler 2004,,dropdown,"41. Motor skills (Posture, gait, coordination)","0, 0 | 1, 1 | 2, 2 | 9, 9",,,,,,,y,,
ad042ev,Autism Diagnostic Interview-Rev (ADI-R) Toddler 2004,,dropdown,42. Self-help skills,"0, 0 | 1, 1 | 2, 2 | 9, 9",,,,,,,y,,
ad043ev,Autism Diagnostic Interview-Rev (ADI-R) Toddler 2004,,dropdown,43. Constructive or imaginative play,"0, 0 | 1, 1 | 2, 2 | 9, 9",,,,,,,y,,
ad044ev,Autism Diagnostic Interview-Rev (ADI-R) Toddler 2004,,dropdown,44. Social engagement and responsiveness,"0, 0 | 1, 1 | 2, 2 | 9, 9",,,,,,,y,,
ad045ev,Autism Diagnostic Interview-Rev (ADI-R) Toddler 2004,,dropdown,45. Curiosity or alertness,"0, 0 | 1, 1 | 2, 2 | 9, 9",,,,,,,y,,
ad046mo,Autism Diagnostic Interview-Rev (ADI-R) Toddler 2004,,text,46. Age when main loss of skill first apparent (months),,,,,,,,y,,
ad047_1a,Autism Diagnostic Interview-Rev (ADI-R) Toddler 2004,,dropdown,had the skill (response to name) before 24 months?,"0, 0 | 1, 1 | 8, 8 | 9, 9",,,,,,,y,,
ad047_1b,Autism Diagnostic Interview-Rev (ADI-R) Toddler 2004,,dropdown,had the skill (maintain eye contact) before 24 months?,"0, 0 | 1, 1 | 8, 8 | 9, 9",,,,,,,y,,
ad047_1c,Autism Diagnostic Interview-Rev (ADI-R) Toddler 2004,,dropdown,had the skill (respond to parent smile) before 24 months?,"0, 0 | 1, 1 | 8, 8 | 9, 9",,,,,,,y,,
ad047_1d,Autism Diagnostic Interview-Rev (ADI-R) Toddler 2004,,dropdown,had the skill (babble) before 24 months?,"0, 0 | 1, 1 | 8, 8 | 9, 9",,,,,,,y,,
ad047_1e,Autism Diagnostic Interview-Rev (ADI-R) Toddler 2004,,dropdown,had the skill (respond to smile of others) before 24 months?,"0, 0 | 1, 1 | 8, 8 | 9, 9",,,,,,,y,,
ad047_1f,Autism Diagnostic Interview-Rev (ADI-R) Toddler 2004,,dropdown,had the skill (play peek-a-boo) before 24 months?,"0, 0 | 1, 1 | 8, 8 | 9, 9",,,,,,,y,,
ad047_1g,Autism Diagnostic Interview-Rev (ADI-R) Toddler 2004,,dropdown,had the skill (say or understand Uh-oh) before 24 months?,"0, 0 | 1, 1 | 8, 8 | 9, 9",,,,,,,y,,
ad047_1h,Autism Diagnostic Interview-Rev (ADI-R) Toddler 2004,,dropdown,had the skill (say or understand Mommy) before 24 months?,"0, 0 | 1, 1 | 8, 8 | 9, 9",,,,,,,y,,
ad047_1i,Autism Diagnostic Interview-Rev (ADI-R) Toddler 2004,,dropdown,had the skill (react to There's Mommy/Daddy) before 24 months?,"0, 0 | 1, 1 | 8, 8 | 9, 9",,,,,,,y,,
ad047_1j,Autism Diagnostic Interview-Rev (ADI-R) Toddler 2004,,dropdown,had the skill (say or understand Hi) before 24 months?,"0, 0 | 1, 1 | 8, 8 | 9, 9",,,,,,,y,,
ad047_1k,Autism Diagnostic Interview-Rev (ADI-R) Toddler 2004,,dropdown,had the skill (understand come-here/come-on) before 24 months?,"0, 0 | 1, 1 | 8, 8 | 9, 9",,,,,,,y,,
ad047_1l,Autism Diagnostic Interview-Rev (ADI-R) Toddler 2004,,dropdown,had the skill (understand look/look-here) before 24 months?,"0, 0 | 1, 1 | 8, 8 | 9, 9",,,,,,,y,,
ad047_2a,Autism Diagnostic Interview-Rev (ADI-R) Toddler 2004,,dropdown,stopped using the skill (response to name) for a month or more before 36 mo.,"0, 0 | 1, 1 | 8, 8 | 9, 9",,,,,,,y,,
ad047_2b,Autism Diagnostic Interview-Rev (ADI-R) Toddler 2004,,dropdown,stopped using the skill (maintain eye contact) for a month or more before 36 mo.,"0, 0 | 1, 1 | 8, 8 | 9, 9",,,,,,,y,,
ad047_2c,Autism Diagnostic Interview-Rev (ADI-R) Toddler 2004,,dropdown,stopped using the skill (respond to parent smile) for a month or more before 36 mo.,"0, 0 | 1, 1 | 8, 8 | 9, 9",,,,,,,y,,
ad047_2d,Autism Diagnostic Interview-Rev (ADI-R) Toddler 2004,,dropdown,stopped using the skill (babble) for a month or more before 36 mo.,"0, 0 | 1, 1 | 8, 8 | 9, 9",,,,,,,y,,
ad047_2e,Autism Diagnostic Interview-Rev (ADI-R) Toddler 2004,,dropdown,stopped using the skill (respond to smile of others) for a month or more before 36 mo.,"0, 0 | 1, 1 | 8, 8 | 9, 9",,,,,,,y,,
ad047_2f,Autism Diagnostic Interview-Rev (ADI-R) Toddler 2004,,dropdown,stopped using the skill (play peek-a-boo) for a month or more before 36 mo.,"0, 0 | 1, 1 | 8, 8 | 9, 9",,,,,,,y,,
ad047_2g,Autism Diagnostic Interview-Rev (ADI-R) Toddler 2004,,dropdown,stopped using the skill (say or understand Uh-oh) for a month or more before 36 mo.,"0, 0 | 1, 1 | 8, 8 | 9, 9",,,,,,,y,,
ad047_2h,Autism Diagnostic Interview-Rev (ADI-R) Toddler 2004,,dropdown,stopped using the skill (say or understand Mommy) for a month or more before 36 mo.,"0, 0 | 1, 1 | 8, 8 | 9, 9",,,,,,,y,,
ad047_2i,Autism Diagnostic Interview-Rev (ADI-R) Toddler 2004,,dropdown,stopped using the skill (react to There's Mommy/Daddy) for a month or more before 36 mo.,"0, 0 | 1, 1 | 8, 8 | 9, 9",,,,,,,y,,
ad047_2j,Autism Diagnostic Interview-Rev (ADI-R) Toddler 2004,,dropdown,stopped using the skill (say or understand Hi) for a month or more before 36 mo.,"0, 0 | 1, 1 | 8, 8 | 9, 9",,,,,,,y,,
ad047_2k,Autism Diagnostic Interview-Rev (ADI-R) Toddler 2004,,dropdown,stopped using the skill (understand come-here/come-on) for a month or more before 36 mo.,"0, 0 | 1, 1 | 8, 8 | 9, 9",,,,,,,y,,
ad047_2l,Autism Diagnostic Interview-Rev (ADI-R) Toddler 2004,,dropdown,stopped using the skill (understand look/look-here) for a month or more before 36 mo.,"0, 0 | 1, 1 | 8, 8 | 9, 9",,,,,,,y,,
ad047_3a,Autism Diagnostic Interview-Rev (ADI-R) Toddler 2004,,dropdown,can do (response to name) now,"0, 0 | 1, 1 | 8, 8 | 9, 9",,,,,,,y,,
ad047_3b,Autism Diagnostic Interview-Rev (ADI-R) Toddler 2004,,dropdown,can do (maintain eye contact) now,"0, 0 | 1, 1 | 8, 8 | 9, 9",,,,,,,y,,
ad047_3c,Autism Diagnostic Interview-Rev (ADI-R) Toddler 2004,,dropdown,can do (respond to parent smile) now,"0, 0 | 1, 1 | 8, 8 | 9, 9",,,,,,,y,,
ad047_3d,Autism Diagnostic Interview-Rev (ADI-R) Toddler 2004,,dropdown,can do (babble) now,"0, 0 | 1, 1 | 8, 8 | 9, 9",,,,,,,y,,
ad047_3e,Autism Diagnostic Interview-Rev (ADI-R) Toddler 2004,,dropdown,can do (respond to smile of others) now,"0, 0 | 1, 1 | 8, 8 | 9, 9",,,,,,,y,,
ad047_3f,Autism Diagnostic Interview-Rev (ADI-R) Toddler 2004,,dropdown,can do (play peek-a-boo) now,"0, 0 | 1, 1 | 8, 8 | 9, 9",,,,,,,y,,
ad047_3g,Autism Diagnostic Interview-Rev (ADI-R) Toddler 2004,,dropdown,can do (say or understand Uh-oh) now,"0, 0 | 1, 1 | 8, 8 | 9, 9",,,,,,,y,,
ad047_3h,Autism Diagnostic Interview-Rev (ADI-R) Toddler 2004,,dropdown,can do (say or understand Mommy) now,"0, 0 | 1, 1 | 8, 8 | 9, 9",,,,,,,y,,
ad047_3i,Autism Diagnostic Interview-Rev (ADI-R) Toddler 2004,,dropdown,can do (react to There's Mommy/Daddy) now,"0, 0 | 1, 1 | 8, 8 | 9, 9",,,,,,,y,,
ad047_3j,Autism Diagnostic Interview-Rev (ADI-R) Toddler 2004,,dropdown,can do (say or understand Hi) now,"0, 0 | 1, 1 | 8, 8 | 9, 9",,,,,,,y,,
ad047_3k,Autism Diagnostic Interview-Rev (ADI-R) Toddler 2004,,dropdown,can do (understand come-here/come-on) now,"0, 0 | 1, 1 | 8, 8 | 9, 9",,,,,,,y,,
ad047_3l,Autism Diagnostic Interview-Rev (ADI-R) Toddler 2004,,dropdown,can do (understand look/look-here) now,"0, 0 | 1, 1 | 8, 8 | 9, 9",,,,,,,y,,
ad047_4a,Autism Diagnostic Interview-Rev (ADI-R) Toddler 2004,,dropdown,never had the skill (response to name),"0, 0 | 1, 1 | 8, 8 | 9, 9",,,,,,,y,,
ad047_4b,Autism Diagnostic Interview-Rev (ADI-R) Toddler 2004,,dropdown,never had the skill (maintain eye contact),"0, 0 | 1, 1 | 8, 8 | 9, 9",,,,,,,y,,
ad047_4c,Autism Diagnostic Interview-Rev (ADI-R) Toddler 2004,,dropdown,never had the skill (respond to parent smile),"0, 0 | 1, 1 | 8, 8 | 9, 9",,,,,,,y,,
ad047_4d,Autism Diagnostic Interview-Rev (ADI-R) Toddler 2004,,dropdown,never had the skill (babble),"0, 0 | 1, 1 | 8, 8 | 9, 9",,,,,,,y,,
ad047_4e,Autism Diagnostic Interview-Rev (ADI-R) Toddler 2004,,dropdown,never had the skill (respond to smile of others),"0, 0 | 1, 1 | 8, 8 | 9, 9",,,,,,,y,,
ad047_4f,Autism Diagnostic Interview-Rev (ADI-R) Toddler 2004,,dropdown,never had the skill (play peek-a-boo),"0, 0 | 1, 1 | 8, 8 | 9, 9",,,,,,,y,,
ad047_4g,Autism Diagnostic Interview-Rev (ADI-R) Toddler 2004,,dropdown,never had the skill (say or understand Uh-oh),"0, 0 | 1, 1 | 8, 8 | 9, 9",,,,,,,y,,
ad047_4h,Autism Diagnostic Interview-Rev (ADI-R) Toddler 2004,,dropdown,never had the skill (say or understand Mommy),"0, 0 | 1, 1 | 8, 8 | 9, 9",,,,,,,y,,
ad047_4i,Autism Diagnostic Interview-Rev (ADI-R) Toddler 2004,,dropdown,never had the skill (react to There's Mommy/Daddy),"0, 0 | 1, 1 | 8, 8 | 9, 9",,,,,,,y,,
ad047_4j,Autism Diagnostic Interview-Rev (ADI-R) Toddler 2004,,dropdown,never had the skill (say or understand Hi),"0, 0 | 1, 1 | 8, 8 | 9, 9",,,,,,,y,,
ad047_4k,Autism Diagnostic Interview-Rev (ADI-R) Toddler 2004,,dropdown,never had the skill (understand come-here/come-on),"0, 0 | 1, 1 | 8, 8 | 9, 9",,,,,,,y,,
ad047_4l,Autism Diagnostic Interview-Rev (ADI-R) Toddler 2004,,dropdown,never had the skill (understand look/look-here),"0, 0 | 1, 1 | 8, 8 | 9, 9",,,,,,,y,,
ad048ev,Autism Diagnostic Interview-Rev (ADI-R) Toddler 2004,,dropdown,48. Association of loss of skills with physical illness,"0, 0 | 1, 1 | 2, 2 | 8, 8 | 9, 9",,,,,,,y,,
ad049mo,Autism Diagnostic Interview-Rev (ADI-R) Toddler 2004,,text,49. Age when skills began to return (months),,,,,,,,y,,
ad050cu,Autism Diagnostic Interview-Rev (ADI-R) Toddler 2004,,dropdown,50. Pointing to express interest,"0, 0 | 1, 1 | 2, 2 | 8, 8 | 9, 9",,,,,,,y,,
ad051cu,Autism Diagnostic Interview-Rev (ADI-R) Toddler 2004,,dropdown,51. Nodding,"0, 0 | 1, 1 | 2, 2 | 8, 8 | 9, 9",,,,,,,y,,
ad052cu,Autism Diagnostic Interview-Rev (ADI-R) Toddler 2004,,dropdown,52. Head shaking,"0, 0 | 1, 1 | 2, 2 | 8, 8 | 9, 9",,,,,,,y,,
ad053cu,Autism Diagnostic Interview-Rev (ADI-R) Toddler 2004,,dropdown,53.   Conventional/instrumental gestures,"0, 0 | 1, 1 | 2, 2 | 3, 3 | 8, 8 | 9, 9",,,,,,,y,,
ad054cu,Autism Diagnostic Interview-Rev (ADI-R) Toddler 2004,,dropdown,54.  Understanding gestures,"0, 0 | 1, 1 | 2, 2 | 3, 3 | 8, 8 | 9, 9",,,,,,,y,,
ad055cu,Autism Diagnostic Interview-Rev (ADI-R) Toddler 2004,,dropdown,55. Attention to voice,"0, 0 | 1, 1 | 2, 2 | 3, 3 | 8, 8 | 9, 9",,,,,,,y,,
ad056cu,Autism Diagnostic Interview-Rev (ADI-R) Toddler 2004,,dropdown,56. Spontaneous imitation of actions,"0, 0 | 1, 1 | 2, 2 | 3, 3 | 8, 8 | 9, 9",,,,,,,y,,
ad057cu,Autism Diagnostic Interview-Rev (ADI-R) Toddler 2004,,dropdown,57. Elicited vocal imitation,"0, 0 | 1, 1 | 2, 2 | 3, 3 | 9, 9",,,,,,,y,,
ad058cu,Autism Diagnostic Interview-Rev (ADI-R) Toddler 2004,,dropdown,58. Articulation/pronunciation,"0, 0 | 1, 1 | 2, 2 | 3, 3 | 8, 8 | 9, 9",,,,,,,y,,
ad059cu,Autism Diagnostic Interview-Rev (ADI-R) Toddler 2004,,dropdown,59. Stereotyped utterances and delayed echolalia,"0, 0 | 1, 1 | 2, 2 | 3, 3 | 8, 8 | 9, 9",,,,,,,y,,
ad060cu,Autism Diagnostic Interview-Rev (ADI-R) Toddler 2004,,dropdown,60. Inappropriate questions or statements,"0, 0 | 1, 1 | 2, 2 | 3, 3 | 8, 8 | 9, 9",,,,,,,y,,
ad061cu,Autism Diagnostic Interview-Rev (ADI-R) Toddler 2004,,dropdown,61. Pronominal reversal,"0, 0 | 1, 1 | 2, 2 | 3, 3 | 7, 7 | 8, 8 | 9, 9",,,,,,,y,,
ad062cu,Autism Diagnostic Interview-Rev (ADI-R) Toddler 2004,,dropdown,62. Neologisms/idiosyncratic language,"0, 0 | 1, 1 | 2, 2 | 8, 8 | 9, 9",,,,,,,y,,
ad063cu,Autism Diagnostic Interview-Rev (ADI-R) Toddler 2004,,dropdown,63. Verbal rituals,"0, 0 | 1, 1 | 2, 2 | 3, 3 | 8, 8 | 9, 9",,,,,,,y,,
ad064cu,Autism Diagnostic Interview-Rev (ADI-R) Toddler 2004,,dropdown,64. Intonation/volume/rhythm/rate,"0, 0 | 1, 1 | 2, 2 | 8, 8 | 9, 9",,,,,,,y,,
ad065cu,Autism Diagnostic Interview-Rev (ADI-R) Toddler 2004,,dropdown,65. Reciprocal conversation (at whatever verbal level of complexity possible),"0, 0 | 1, 1 | 2, 2 | 8, 8 | 9, 9",,,,,,,y,,
ad066cu,Autism Diagnostic Interview-Rev (ADI-R) Toddler 2004,,dropdown,66. Direct gaze,"0, 0 | 1, 1 | 2, 2 | 3, 3 | 8, 8 | 9, 9",,,,,,,y,,
ad067cu,Autism Diagnostic Interview-Rev (ADI-R) Toddler 2004,,dropdown,67.  Social smiling,"0, 0 | 1, 1 | 2, 2 | 3, 3 | 8, 8 | 9, 9",,,,,,,y,,
ad068mcu,Autism Diagnostic Interview-Rev (ADI-R) Toddler 2004,,dropdown,68.   Greeting (MOTHER),"0, 0 | 1, 1 | 2, 2 | 3, 3 | 8, 8 | 9, 9",,,,,,,y,,
ad068fcu,Autism Diagnostic Interview-Rev (ADI-R) Toddler 2004,,dropdown,68.   Greeting (FATHER),"0, 0 | 1, 1 | 2, 2 | 3, 3 | 8, 8 | 9, 9",,,,,,,y,,
ad068ocu,Autism Diagnostic Interview-Rev (ADI-R) Toddler 2004,,dropdown,68.   Greeting (OTHER),"0, 0 | 1, 1 | 2, 2 | 3, 3 | 8, 8 | 9, 9",,,,,,,y,,
ad069cu,Autism Diagnostic Interview-Rev (ADI-R) Toddler 2004,,dropdown,69. Showing and directing attention,"0, 0 | 1, 1 | 2, 2 | 3, 3 | 8, 8 | 9, 9",,,,,,,y,,
ad070cu,Autism Diagnostic Interview-Rev (ADI-R) Toddler 2004,,dropdown,70. Offering to share,"0, 0 | 1, 1 | 2, 2 | 3, 3 | 8, 8 | 9, 9",,,,,,,y,,
ad071cu,Autism Diagnostic Interview-Rev (ADI-R) Toddler 2004,,dropdown,71.  Seeking to share her/his enjoyment with others,"0, 0 | 1, 1 | 2, 2 | 8, 8 | 9, 9",,,,,,,y,,
ad072cu,Autism Diagnostic Interview-Rev (ADI-R) Toddler 2004,,dropdown,72.  Sharing others' pleasure and excitement,"0, 0 | 1, 1 | 2, 2 | 3, 3 | 8, 8 | 9, 9",,,,,,,y,,
ad073cu,Autism Diagnostic Interview-Rev (ADI-R) Toddler 2004,,dropdown,73. Offering comfort,"0, 0 | 1, 1 | 2, 2 | 3, 3 | 8, 8 | 9, 9",,,,,,,y,,
ad074mcu,Autism Diagnostic Interview-Rev (ADI-R) Toddler 2004,,dropdown,74.  Coming for comfort (MOTHER),"0, 0 | 1, 1 | 2, 2 | 3, 3 | 8, 8 | 9, 9",,,,,,,y,,
ad074fcu,Autism Diagnostic Interview-Rev (ADI-R) Toddler 2004,,dropdown,74.  Coming for comfort (FATHER),"0, 0 | 1, 1 | 2, 2 | 3, 3 | 8, 8 | 9, 9",,,,,,,y,,
ad074ocu,Autism Diagnostic Interview-Rev (ADI-R) Toddler 2004,,dropdown,74.  Coming for comfort (OTHER),"0, 0 | 1, 1 | 2, 2 | 3, 3 | 8, 8 | 9, 9",,,,,,,y,,
ad075cu,Autism Diagnostic Interview-Rev (ADI-R) Toddler 2004,,dropdown,75. Quality of social overtures,"0, 0 | 1, 1 | 2, 2 | 3, 3 | 8, 8 | 9, 9",,,,,,,y,,
ad076cu,Autism Diagnostic Interview-Rev (ADI-R) Toddler 2004,,dropdown,76. Range of facial expressions used to communicate,"0, 0 | 1, 1 | 2, 2 | 3, 3 | 8, 8 | 9, 9",,,,,,,y,,
ad077cu,Autism Diagnostic Interview-Rev (ADI-R) Toddler 2004,,dropdown,77.  Inappropriate facial expressions,"0, 0 | 1, 1 | 2, 2 | 8, 8 | 9, 9",,,,,,,y,,
ad078cu,Autism Diagnostic Interview-Rev (ADI-R) Toddler 2004,,dropdown,78.  Social crying  (CRYING MUST HAVE TEARS TO BE SCORED),"0, 0 | 1, 1 | 2, 2 | 5, 5 | 6, 6 | 7, 7 | 9, 9",,,,,,,y,,
ad079cu,Autism Diagnostic Interview-Rev (ADI-R) Toddler 2004,,dropdown,79.  Response to pain,"0, 0 | 1, 1 | 2, 2 | 5, 5 | 6, 6 | 7, 7 | 9, 9",,,,,,,y,,
ad080cu,Autism Diagnostic Interview-Rev (ADI-R) Toddler 2004,,dropdown,80. Appropriateness of social responses,"0, 0 | 1, 1 | 2, 2 | 3, 3 | 8, 8 | 9, 9",,,,,,,y,,
ad081cu,Autism Diagnostic Interview-Rev (ADI-R) Toddler 2004,,dropdown,81.  Arms up to be lifted,"0, 0 | 1, 1 | 2, 2 | 3, 3 | 8, 8 | 9, 9",,,,,,,y,,
ad082mcu,Autism Diagnostic Interview-Rev (ADI-R) Toddler 2004,,dropdown,"82.  Cuddliness, current (MOTHER )","0, 0 | 1, 1 | 2, 2 | 3, 3 | 9, 9",,,,,,,y,,
ad082min,Autism Diagnostic Interview-Rev (ADI-R) Toddler 2004,,dropdown,"82.  Cuddliness, as infant (Mother)","0, 0 | 1, 1 | 2, 2 | 3, 3 | 9, 9",,,,,,,y,,
ad082fcu,Autism Diagnostic Interview-Rev (ADI-R) Toddler 2004,,dropdown,"82.  Cuddliness, current (father)","0, 0 | 1, 1 | 2, 2 | 3, 3 | 9, 9",,,,,,,y,,
ad082fin,Autism Diagnostic Interview-Rev (ADI-R) Toddler 2004,,dropdown,"82.  Cuddliness, as infant (father)","0, 0 | 1, 1 | 2, 2 | 3, 3 | 9, 9",,,,,,,y,,
ad082ocu,Autism Diagnostic Interview-Rev (ADI-R) Toddler 2004,,dropdown,"82.  Cuddliness, current (other)","0, 0 | 1, 1 | 2, 2 | 3, 3 | 9, 9",,,,,,,y,,
ad082oin,Autism Diagnostic Interview-Rev (ADI-R) Toddler 2004,,dropdown,"82.  Cuddliness, as infant (Other)","0, 0 | 1, 1 | 2, 2 | 3, 3 | 9, 9",,,,,,,y,,
ad083mcu,Autism Diagnostic Interview-Rev (ADI-R) Toddler 2004,,dropdown,83.  Affection (MOTHER),"0, 0 | 1, 1 | 2, 2 | 3, 3 | 7, 7 | 8, 8 | 9, 9",,,,,,,y,,
ad083fcu,Autism Diagnostic Interview-Rev (ADI-R) Toddler 2004,,dropdown,83.  Affection (FATHER),"0, 0 | 1, 1 | 2, 2 | 3, 3 | 7, 7 | 8, 8 | 9, 9",,,,,,,y,,
ad083ocu,Autism Diagnostic Interview-Rev (ADI-R) Toddler 2004,,dropdown,83.  Affection (OTHER),"0, 0 | 1, 1 | 2, 2 | 3, 3 | 7, 7 | 8, 8 | 9, 9",,,,,,,y,,
ad084cu,Autism Diagnostic Interview-Rev (ADI-R) Toddler 2004,,dropdown,84.  Discrimination (CURRENT),"0, 0 | 1, 1 | 2, 2 | 3, 3 | 9, 9",,,,,,,y,,
ad084tm,Autism Diagnostic Interview-Rev (ADI-R) Toddler 2004,,dropdown,84.  Discrimination (TYPICAL AT 12 MONTHS),"0, 0 | 1, 1 | 2, 2 | 3, 3 | 9, 9",,,,,,,y,,
ad085mcu,Autism Diagnostic Interview-Rev (ADI-R) Toddler 2004,,dropdown,85.  Secure Base (MOTHER),"0, 0 | 1, 1 | 2, 2 | 3, 3 | 7, 7 | 8, 8 | 9, 9",,,,,,,y,,
ad085fcu,Autism Diagnostic Interview-Rev (ADI-R) Toddler 2004,,dropdown,85.  Secure Base (FATHER),"0, 0 | 1, 1 | 2, 2 | 3, 3 | 7, 7 | 8, 8 | 9, 9",,,,,,,y,,
ad085ocu,Autism Diagnostic Interview-Rev (ADI-R) Toddler 2004,,dropdown,85.  Secure Base (OTHER),"0, 0 | 1, 1 | 2, 2 | 3, 3 | 7, 7 | 8, 8 | 9, 9",,,,,,,y,,
ad086mcu,Autism Diagnostic Interview-Rev (ADI-R) Toddler 2004,,dropdown,86.  Separation Anxiety (MOTHER),"0, 0 | 1, 1 | 2, 2 | 7, 7 | 8, 8 | 9, 9",,,,,,,y,,
ad086fcu,Autism Diagnostic Interview-Rev (ADI-R) Toddler 2004,,dropdown,86.  Separation Anxiety (FATHER),"0, 0 | 1, 1 | 2, 2 | 7, 7 | 8, 8 | 9, 9",,,,,,,y,,
ad086ocu,Autism Diagnostic Interview-Rev (ADI-R) Toddler 2004,,dropdown,86.  Separation Anxiety (OTHER),"0, 0 | 1, 1 | 2, 2 | 7, 7 | 8, 8 | 9, 9",,,,,,,y,,
ad087cu,Autism Diagnostic Interview-Rev (ADI-R) Toddler 2004,,dropdown,87. Functional Play with Toys,"0, 0 | 1, 1 | 2, 2 | 3, 3 | 8, 8 | 9, 9",,,,,,,y,,
ad088cu,Autism Diagnostic Interview-Rev (ADI-R) Toddler 2004,,dropdown,88.   Imaginative Play,"0, 0 | 1, 1 | 2, 2 | 3, 3 | 8, 8 | 9, 9",,,,,,,y,,
ad089cu,Autism Diagnostic Interview-Rev (ADI-R) Toddler 2004,,dropdown,89.  Initiation of appropriate activities,"0, 0 | 1, 1 | 2, 2 | 3, 3 | 8, 8 | 9, 9",,,,,,,y,,
ad090cu,Autism Diagnostic Interview-Rev (ADI-R) Toddler 2004,,dropdown,90. Imitative social play,"0, 0 | 1, 1 | 2, 2 | 3, 3 | 8, 8 | 9, 9",,,,,,,y,,
ad091cu,Autism Diagnostic Interview-Rev (ADI-R) Toddler 2004,,dropdown,91. Interest in children,"0, 0 | 1, 1 | 2, 2 | 3, 3 | 8, 8 | 9, 9",,,,,,,y,,
ad092cu,Autism Diagnostic Interview-Rev (ADI-R) Toddler 2004,,dropdown,92. Response to approaches of other children,"0, 0 | 1, 1 | 2, 2 | 3, 3 | 8, 8 | 9, 9",,,,,,,y,,
ad093cu,Autism Diagnostic Interview-Rev (ADI-R) Toddler 2004,,dropdown,93. Unusual preoccupations (CURRENT),"0, 0 | 1, 1 | 2, 2 | 3, 3 | 8, 8 | 9, 9",,,,,,,y,,
ad093ev,Autism Diagnostic Interview-Rev (ADI-R) Toddler 2004,,dropdown,93. Unusual preoccupations (EVER),"0, 0 | 1, 1 | 2, 2 | 3, 3 | 8, 8 | 9, 9",,,,,,,y,,
ad093mo,Autism Diagnostic Interview-Rev (ADI-R) Toddler 2004,,text,93. Unusual preoccupations (AGE OF ONSET) (months),,,,,,,,y,,
ad094cu,Autism Diagnostic Interview-Rev (ADI-R) Toddler 2004,,dropdown,94. Circumscribed interests (CURRENT),"0, 0 | 1, 1 | 2, 2 | 3, 3 | 8, 8 | 9, 9",,,,,,,y,,
ad094ev,Autism Diagnostic Interview-Rev (ADI-R) Toddler 2004,,dropdown,94. Circumscribed interests (EVER),"0, 0 | 1, 1 | 2, 2 | 3, 3 | 8, 8 | 9, 9",,,,,,,y,,
ad094mo,Autism Diagnostic Interview-Rev (ADI-R) Toddler 2004,,text,94. Circumscribed interests (AGE OF ONSET) (months),,,,,,,,y,,
ad095cu,Autism Diagnostic Interview-Rev (ADI-R) Toddler 2004,,dropdown,95. Repetitive use of objects or interest in parts of objects (CURRENT),"0, 0 | 1, 1 | 2, 2 | 3, 3 | 7, 7 | 8, 8 | 9, 9",,,,,,,y,,
ad095ev,Autism Diagnostic Interview-Rev (ADI-R) Toddler 2004,,dropdown,95. Repetitive use of objects or interest in parts of objects (EVER),"0, 0 | 1, 1 | 2, 2 | 3, 3 | 7, 7 | 8, 8 | 9, 9",,,,,,,y,,
ad095mo,Autism Diagnostic Interview-Rev (ADI-R) Toddler 2004,,text,95. Repetitive use of objects or interest in parts of objects (AGE OF ONSET) (months),,,,,,,,y,,
ad096cu,Autism Diagnostic Interview-Rev (ADI-R) Toddler 2004,,dropdown,96. Compulsions/rituals (CURRENT),"0, 0 | 1, 1 | 2, 2 | 3, 3 | 8, 8 | 9, 9",,,,,,,y,,
ad096ev,Autism Diagnostic Interview-Rev (ADI-R) Toddler 2004,,dropdown,96. Compulsions/rituals (EVER),"0, 0 | 1, 1 | 2, 2 | 3, 3 | 8, 8 | 9, 9",,,,,,,y,,
ad096mo,Autism Diagnostic Interview-Rev (ADI-R) Toddler 2004,,text,96. Compulsions/rituals (AGE OF ONSET) (months),,,,,,,,y,,
ad097cu,Autism Diagnostic Interview-Rev (ADI-R) Toddler 2004,,dropdown,97. Unusual sensory interests (CURRENT),"0, 0 | 1, 1 | 2, 2 | 8, 8 | 9, 9",,,,,,,y,,
ad097ev,Autism Diagnostic Interview-Rev (ADI-R) Toddler 2004,,dropdown,97. Unusual sensory interests (EVER),"0, 0 | 1, 1 | 2, 2 | 8, 8 | 9, 9",,,,,,,y,,
ad097mo,Autism Diagnostic Interview-Rev (ADI-R) Toddler 2004,,text,97. Unusual sensory interests (AGE OF ONSET) (months),,,,,,,,y,,
ad098cu,Autism Diagnostic Interview-Rev (ADI-R) Toddler 2004,,dropdown,98. Undue general sensitivity to noise (CURRENT),"0, 0 | 1, 1 | 2, 2 | 3, 3 | 9, 9",,,,,,,y,,
ad098ev,Autism Diagnostic Interview-Rev (ADI-R) Toddler 2004,,dropdown,98. Undue general sensitivity to noise (EVER),"0, 0 | 1, 1 | 2, 2 | 3, 3 | 9, 9",,,,,,,y,,
ad098mo,Autism Diagnostic Interview-Rev (ADI-R) Toddler 2004,,text,98. Undue general sensitivity to noise (AGE OF ONSET) (months),,,,,,,,y,,
ad099cu,Autism Diagnostic Interview-Rev (ADI-R) Toddler 2004,,text,"99. Abnormal, idiosyncratic, negative response to specific sensory stimuli (CURRENT)",,,,,,,,y,,
ad099ev,Autism Diagnostic Interview-Rev (ADI-R) Toddler 2004,,text,"99. Abnormal, idiosyncratic, negative response to specific sensory stimuli (EVER)",,,,,,,,y,,
ad099mo,Autism Diagnostic Interview-Rev (ADI-R) Toddler 2004,,text,"99. Abnormal, idiosyncratic, negative response to specific sensory stimuli (AGE OF ONSET) (months)",,,,,,,,y,,
ad100cu,Autism Diagnostic Interview-Rev (ADI-R) Toddler 2004,,dropdown,100.  Unusual Fears (CURRENT),"0, 0 | 1, 1 | 2, 2 | 3, 3 | 7, 7 | 8, 8 | 9, 9",,,,,,,y,,
ad100ev,Autism Diagnostic Interview-Rev (ADI-R) Toddler 2004,,dropdown,100.  Unusual Fears (EVER),"0, 0 | 1, 1 | 2, 2 | 3, 3 | 7, 7 | 8, 8 | 9, 9",,,,,,,y,,
ad100mo,Autism Diagnostic Interview-Rev (ADI-R) Toddler 2004,,text,100.  Unusual Fears (AGE OF ONSET) (months),,,,,,,,y,,
ad101cu,Autism Diagnostic Interview-Rev (ADI-R) Toddler 2004,,dropdown,101.  Difficulties with minor changes in childs own routines or personal environment (CURRENT),"0, 0 | 1, 1 | 2, 2 | 3, 3 | 8, 8 | 9, 9",,,,,,,y,,
ad101ev,Autism Diagnostic Interview-Rev (ADI-R) Toddler 2004,,dropdown,101.  Difficulties with minor changes in childs own routines or personal environment (EVER),"0, 0 | 1, 1 | 2, 2 | 3, 3 | 8, 8 | 9, 9",,,,,,,y,,
ad101mo,Autism Diagnostic Interview-Rev (ADI-R) Toddler 2004,,text,101.  Difficulties with minor changes in childs own routines or personal environment (AGE OF ONSET),,,,,,,,y,,
ad102cu,Autism Diagnostic Interview-Rev (ADI-R) Toddler 2004,,dropdown,102.  Resistance to trivial changes in the environment (CURRENT),"0, 0 | 1, 1 | 2, 2 | 3, 3 | 8, 8 | 9, 9",,,,,,,y,,
ad102ev,Autism Diagnostic Interview-Rev (ADI-R) Toddler 2004,,dropdown,102.  Resistance to trivial changes in the environment (EVER),"0, 0 | 1, 1 | 2, 2 | 3, 3 | 8, 8 | 9, 9",,,,,,,y,,
ad102mo,Autism Diagnostic Interview-Rev (ADI-R) Toddler 2004,,text,102.  Resistance to trivial changes in the environment (AGE OF ONSET) (months),,,,,,,,y,,
ad103cu,Autism Diagnostic Interview-Rev (ADI-R) Toddler 2004,,dropdown,103.  Unusual attachment to objects (CURRENT),"0, 0 | 1, 1 | 2, 2 | 3, 3 | 7, 7 | 8, 8 | 9, 9",,,,,,,y,,
ad103ev,Autism Diagnostic Interview-Rev (ADI-R) Toddler 2004,,dropdown,103.  Unusual attachment to objects (EVER),"0, 0 | 1, 1 | 2, 2 | 3, 3 | 7, 7 | 8, 8 | 9, 9",,,,,,,y,,
ad103mo,Autism Diagnostic Interview-Rev (ADI-R) Toddler 2004,,text,103.  Unusual attachment to objects (AGE OF ONSET) (months),,,,,,,,y,,
ad104cu,Autism Diagnostic Interview-Rev (ADI-R) Toddler 2004,,text,104.  Hand and finger mannerisms (CURRENT),,,,,,,,y,,
