Variable / Field Name,Form Name,Section Header,Field Type,Field Label,"Choices, Calculations, OR Slider Labels",Field Note,Text Validation Type OR Show Slider Number,Text Validation Min,Text Validation Max,Identifier?,Branching Logic (Show field only if...),Required Field?,Custom Alignment,Question Number (surveys only)
subjectkey,CPEA STAART Services Inventory - Parent,,text,The NDAR Global Unique Identifier (GUID) for subjects which identifies a subject in NDAR,,,,,,,,y,,
patid,CPEA STAART Services Inventory - Parent,,text,src_Subject_id,,Patient IDs were assigned at the research site for CPEA and STAART,,,,,,y,,
cycle,CPEA STAART Services Inventory - Parent,,text,Timepoint information,,,,,,,,y,,
phase,CPEA STAART Services Inventory - Parent,,dropdown,Phase,"1, 1 |  2,  2 |  3,  3 |  4,  4",,,,,,,y,,
q16_date,CPEA STAART Services Inventory - Parent,,text,Date,,Required field,,,,,,y,,
q16_ratr,CPEA STAART Services Inventory - Parent,,text,Rater Name,,"The name of the staff member who administered the form. If the form was filled out by the guardian or teacher, the CC¿s name should be entered as Rater.",,,,,,y,,
16_ratr,CPEA STAART Services Inventory - Parent,,text,Rater Name,,"The name of the staff member who administered the form. If the form was filled out by the guardian or teacher, the CC¿s name should be entered as Rater.",,,,,,y,,
q16_prif,CPEA STAART Services Inventory - Parent,,dropdown,Primary Source: Father,"0, 0 |  -1,  -1",Checl if father is primary source,,,,,,y,,
q16_pric,CPEA STAART Services Inventory - Parent,,dropdown,Primary Source: Child,"0, 0 |  -1,  -1",Check if child is primary source,,,,,,y,,
q16_prit,CPEA STAART Services Inventory - Parent,,dropdown,Primary Source: Teacher,"0, 0 |  -1,  -1",Check if teacher is primary source,,,,,,y,,
q16_prio,CPEA STAART Services Inventory - Parent,,dropdown,Primary Source: Other,"0, 0 |  -1,  -1","Check if primary source not mother, father, child or teacher.",,,,,,y,,
q16_pr_s,CPEA STAART Services Inventory - Parent,,text,Other Primary Source specified,,Complete if q16_prio is checked,,,,,,y,,
q16_parm,CPEA STAART Services Inventory - Parent,,dropdown,Participants present: Mother,"0, 0 |  -1,  -1",Check if mother is present during assessment. If Teacher is primary source this item should be left blank,,,,,,y,,
q16_parf,CPEA STAART Services Inventory - Parent,,dropdown,Participants present: Father,"0, 0 |  -1,  -1",Check if father is present during assessment. If Teacher is primary source this item should be left blank,,,,,,y,,
q16_parc,CPEA STAART Services Inventory - Parent,,dropdown,Participants present: Child,"0, 0 |  -1,  -1",Check if chid is present during assessment. If Teacher is primary source this item should be left blank,,,,,,y,,
q16_part,CPEA STAART Services Inventory - Parent,,dropdown,Participants present: Teacher,"0, 0 |  -1,  -1","If Teacher is primary source, this item should be left blank.",,,,,,y,,
q16_paro,CPEA STAART Services Inventory - Parent,,dropdown,Participants present: Other,"0, 0 |  -1,  -1","If Teacher is primary source, this item should be left blank. If administered by phone, q16_paro should be checked and PHONE should be written in q16_pa_s",,,,,,y,,
q16_pa_s,CPEA STAART Services Inventory - Parent,,text,Other Participants present specified,,Complete if q16_paro is checked,,,,,,y,,
q16_1,CPEA STAART Services Inventory - Parent,,dropdown,In what type of classroom is this student based,"1 to 10, 1 to 10 |  -7,  -7 |  -8,  -8 |  -9,  -9","Field should not be left blank. If missing, please use -7,8, -9.",,,,,,y,,
q16_1_s,CPEA STAART Services Inventory - Parent,,text,In what type of classroom is this student based: Specify,,Complete if q16_1 = 10,,,,,,y,,
q16_2a,CPEA STAART Services Inventory - Parent,,dropdown,% Special Education,"0 to 100, 0 to 100 |  -7,  -7 |  -8,  -8 |  -9,  -9","Field should not be left blank. If missing, please use -7,8, -9. A-C should add up to 100%",,,,,,y,,
q16_2b,CPEA STAART Services Inventory - Parent,,dropdown,% Mainstream without Aide,"0 to 100, 0 to 100 |  -7,  -7 |  -8,  -8 |  -9,  -9","Field should not be left blank. If missing, please use -7,8, -9. A-C should add up to 100%",,,,,,y,,
q16_2c,CPEA STAART Services Inventory - Parent,,dropdown,% Mainstream with Aide,"0 to 100, 0 to 100 |  -7,  -7 |  -8,  -8 |  -9,  -9","Field should not be left blank. If missing, please use -7,8, -9. A-C should add up to 100%",,,,,,y,,
q16_3a,CPEA STAART Services Inventory - Parent,,dropdown,Number of children in classroom,"1 to 33, 1 to 33 |  -7,  -7 |  -8,  -8 |  -9,  -9","Field should not be left blank. If missing, please use -7,8, -9.",,,,,,y,,
q16_3b,CPEA STAART Services Inventory - Parent,,dropdown,Number of adults in classroom,"1 to 30, 1 to 30 |  -7,  -7 |  -8,  -8 |  -9,  -9","Field should not be left blank. If missing, please use -7,8, -9.",,,,,,y,,
q16_4a,CPEA STAART Services Inventory - Parent,,dropdown,ABA/LOVAAS,"0, 0 |  1,  1 |  -7,  -7 |  -8,  -8 |  -9,  -9",Only completed if form filled out by Teacher,,,,,,y,,
q16_4a1,CPEA STAART Services Inventory - Parent,,text,ABA/LOVAAS: # Hours Per Week,"0 to 99.99, 0 to 99.99 |  -7,  -7 |  -8,  -8 |  -9,  -9",Complete if q16_4a = 1,,,,,,y,,
q16_4b,CPEA STAART Services Inventory - Parent,,dropdown,After-school aide,"0, 0 |  1,  1 |  -7,  -7 |  -8,  -8 |  -9,  -9",Only completed if form filled out by Teacher,,,,,,y,,
q16_4b1,CPEA STAART Services Inventory - Parent,,text,After-school aide: # Hours Per Week,"0 to 99.99, 0 to 99.99 |  -7,  -7 |  -8,  -8 |  -9,  -9",Complete if q16_4b = 1,,,,,,y,,
q16_4c,CPEA STAART Services Inventory - Parent,,dropdown,Adaptive PE,"0, 0 |  1,  1 |  -7,  -7 |  -8,  -8 |  -9,  -9",Only completed if form filled out by Teacher,,,,,,y,,
q16_4c1,CPEA STAART Services Inventory - Parent,,text,Adaptive PE: # Hours Per Week,"0 to 99.99, 0 to 99.99 |  -7,  -7 |  -8,  -8 |  -9,  -9",Complete if q16_4c = 1,,,,,,y,,
q16_4d,CPEA STAART Services Inventory - Parent,,dropdown,Crisis management,"0, 0 |  1,  1 |  -7,  -7 |  -8,  -8 |  -9,  -9",Only completed if form filled out by Teacher,,,,,,y,,
q16_4e,CPEA STAART Services Inventory - Parent,,dropdown,IEP,"0, 0 |  1,  1 |  -7,  -7 |  -8,  -8 |  -9,  -9",Only completed if form filled out by Teacher,,,,,,y,,
q16_4f,CPEA STAART Services Inventory - Parent,,dropdown,Occupational therapy,"0, 0 |  1,  1 |  -7,  -7 |  -8,  -8 |  -9,  -9",Only completed if form filled out by Teacher,,,,,,y,,
q16_4f1,CPEA STAART Services Inventory - Parent,,text,Occupational therapy: # Hours Per Week,"0 to 99.99, 0 to 99.99 |  -7,  -7 |  -8,  -8 |  -9,  -9",Complete if q16_4f = 1,,,,,,y,,
q16_4g,CPEA STAART Services Inventory - Parent,,dropdown,Other behavior modification,"0, 0 |  1,  1 |  -7,  -7 |  -8,  -8 |  -9,  -9",Only completed if form filled out by Teacher,,,,,,y,,
q16_4g1,CPEA STAART Services Inventory - Parent,,text,Other behavior modification: # Hours Per Week,"0 to 99.99, 0 to 99.99 |  -7,  -7 |  -8,  -8 |  -9,  -9",Complete if q16_4g = 1,,,,,,y,,
q16_4h,CPEA STAART Services Inventory - Parent,,dropdown,Physical therapy,"0, 0 |  1,  1 |  -7,  -7 |  -8,  -8 |  -9,  -9",Only completed if form filled out by Teacher,,,,,,y,,
q16_4h1,CPEA STAART Services Inventory - Parent,,text,Physical therapy: # Hours Per Week,"0 to 99.99, 0 to 99.99 |  -7,  -7 |  -8,  -8 |  -9,  -9",Complete if q16_4h = 1,,,,,,y,,
q16_4i,CPEA STAART Services Inventory - Parent,,dropdown,Sensory integration,"0, 0 |  1,  1 |  -7,  -7 |  -8,  -8 |  -9,  -9",Only completed if form filled out by Teacher,,,,,,y,,
q16_4i1,CPEA STAART Services Inventory - Parent,,text,Sensory integration: # Hours Per Week,"0 to 99.99, 0 to 99.99 |  -7,  -7 |  -8,  -8 |  -9,  -9",Complete if q16_4i = 1,,,,,,y,,
q16_4j,CPEA STAART Services Inventory - Parent,,dropdown,Social skills training,"0, 0 |  1,  1 |  -7,  -7 |  -8,  -8 |  -9,  -9",Only completed if form filled out by Teacher,,,,,,y,,
q16_4j1,CPEA STAART Services Inventory - Parent,,text,Social skills training: # Hours Per Week,"0 to 99.99, 0 to 99.99 |  -7,  -7 |  -8,  -8 |  -9,  -9",Complete if q16_4j = 1,,,,,,y,,
q16_4k,CPEA STAART Services Inventory - Parent,,dropdown,Speech therapy,"0, 0 |  1,  1 |  -7,  -7 |  -8,  -8 |  -9,  -9",Only completed if form filled out by Teacher,,,,,,y,,
q16_4k1,CPEA STAART Services Inventory - Parent,,text,Speech therapy: # Hours Per Week,"0 to 99.99, 0 to 99.99 |  -7,  -7 |  -8,  -8 |  -9,  -9",Complete if q16_4k = 1,,,,,,y,,
q16_4l,CPEA STAART Services Inventory - Parent,,dropdown,TEACCH sessions (individualized structured teaching),"0, 0 |  1,  1 |  -7,  -7 |  -8,  -8 |  -9,  -9",Only completed if form filled out by Teacher,,,,,,y,,
q16_4l1,CPEA STAART Services Inventory - Parent,,text,TEACCH sessions (individualized structured teaching): # Hours Per Week,"0 to 99.99, 0 to 99.99 |  -7,  -7 |  -8,  -8 |  -9,  -9",Complete if q16_4l = 1,,,,,,y,,
q16_4m,CPEA STAART Services Inventory - Parent,,dropdown,Other,"0, 0 |  1,  1 |  -7,  -7 |  -8,  -8 |  -9,  -9",Only completed if form filled out by Teacher,,,,,,y,,
q16_4_s,CPEA STAART Services Inventory - Parent,,text,Other: Specify,,Complete if q16_4m = 1,,,,,,y,,
q16_4m1,CPEA STAART Services Inventory - Parent,,text,Other: # Hours Per Week,"0 to 99.99, 0 to 99.99 |  -7,  -7 |  -8,  -8 |  -9,  -9",Complete if q16_4m = 1,,,,,,y,,
