Variable / Field Name,Form Name,Section Header,Field Type,Field Label,"Choices, Calculations, OR Slider Labels",Field Note,Text Validation Type OR Show Slider Number,Text Validation Min,Text Validation Max,Identifier?,Branching Logic (Show field only if...),Required Field?,Custom Alignment,Question Number (surveys only)
subjectkey,CPEA STAART ADI-R SHORT,,text,The NDAR Global Unique Identifier (GUID) for subjects which identifies a subject in NDAR,,,,,,,,y,,
interview_date,CPEA STAART ADI-R SHORT,,text,Date on which the interview/genetic test/sampling/imaging was completed,"MM/yyyy, MM/yyyy | MM/dd/yyyy, MM/dd/yyyy",* '01/01/1900' indicates that a date associated with retrospective data is not known.,date_ymd,,,,,y,,
cycle,CPEA STAART ADI-R SHORT,,text,Timepoint information,,,,,,,,y,,
patid,CPEA STAART ADI-R SHORT,,text,src_Subject_id,,Patient IDs were assigned at the research site for CPEA and STAART,,,,,,y,,
network,CPEA STAART ADI-R SHORT,,text,Network,,CPEA or STAART Network,,,,,,y,,
site,CPEA STAART ADI-R SHORT,,text,Site,,CPEA or STAART Site,,,,,,y,,
study,CPEA STAART ADI-R SHORT,,text,Study,,CPEA or STAART Study,,,,,,y,,
adi_al_agfpu,CPEA STAART ADI-R SHORT,,text,Age of first phrases,"0 - 800, 0 - 800 |   993,   993 |  994,  994 |  996,  996 |  997,  997 |  999,  999",,,,,,,y,,
adi_al_agfsw,CPEA STAART ADI-R SHORT,,text,Age of first single words,"0 - 800, 0 - 800 |   993,   993 |  994,  994 |  996,  996 |  997,  997 |  999,  999",,,,,,,y,,
adi_cc_ctcnb_a,CPEA STAART ADI-R SHORT,,text,Current Concerns,,,,,,,,y,,
adi_cc_ctcnb_b,CPEA STAART ADI-R SHORT,,text,Current Concerns,,,,,,,,y,,
adi_cc_ctcnb_c,CPEA STAART ADI-R SHORT,,text,Current Concerns,,,,,,,,y,,
adi_cc_ctcnb_d,CPEA STAART ADI-R SHORT,,text,Current Concerns,,,,,,,,y,,
adi_cm_cnahr,CPEA STAART ADI-R SHORT,,text,Concerns about hearing,,,,,,,,y,,
adi_cm_cxneu_a,CPEA STAART ADI-R SHORT,,text,Complexity of non-echoed utterances:  Current,,,,,,,,y,,
adi_cm_imeha_a,CPEA STAART ADI-R SHORT,,text,Immediate echolalia:  Current,,,,,,,,y,,
adi_cm_imeha_b,CPEA STAART ADI-R SHORT,,text,Immediate echolalia:  Ever,,,,,,,,y,,
adi_date,CPEA STAART ADI-R SHORT,,text,ADI: Date,,,,,,,,y,,
adi_dx,CPEA STAART ADI-R SHORT,,text,ADI: Diagnosis,,,,,,,,y,,
adi_ed_abcdt,CPEA STAART ADI-R SHORT,,text,Acquisition of bladder control: Daytime,"0 - 800, 0 - 800 |   993,   993 |  994,  994 |  995,  995 |  996,  996 |  997,  997 |  998,  998 |  999,  999",,,,,,,y,,
adi_ed_abcnt,CPEA STAART ADI-R SHORT,,dropdown,Acquisition of bladder control:  Nighttime,"0 - 800, 0 - 800 |   993,   993 |  994,  994 |  995,  995 |  996,  996 |  997,  997 |  998,  998 |  999,  999",,,,,,,y,,
adi_ed_agnrl,CPEA STAART ADI-R SHORT,,text,"Age when first noticed that something was not quite right in language, relationships, or behavior","0 - 800, 0 - 800 |   991,   991 |  992,  992 |  996,  996 |  997,  997 |  998,  998 |  999,  999",,,,,,,y,,
adi_ed_fsapc_a,CPEA STAART ADI-R SHORT,,text,First symptoms to arouse parental concern,,,,,,,,y,,
adi_ed_fsapc_b,CPEA STAART ADI-R SHORT,,text,First symptoms to arouse parental concern,,,,,,,,y,,
adi_ed_fsapc_c,CPEA STAART ADI-R SHORT,,text,First symptoms to arouse parental concern,,,,,,,,y,,
adi_ed_fsapc_d,CPEA STAART ADI-R SHORT,,text,First symptoms to arouse parental concern,,,,,,,,y,,
adi_ed_fwuna,CPEA STAART ADI-R SHORT,,text,First walked unaided,"0 - 800, 0 - 800 |   995,   995 |  996,  996 |  997,  997 |  998,  998 |  999,  999",,,,,,,y,,
adi_gb_agfab,CPEA STAART ADI-R SHORT,,text,Age when abnormality first evident,,Nulled value range of:    to accept outlier data,,,,,,y,,
adi_gb_itvjd,CPEA STAART ADI-R SHORT,,text,Interviewers judgment on age when developmental abnormalities probably first manifest,,,,,,,,y,,
adi_gb_slfin_a,CPEA STAART ADI-R SHORT,,text,Self-injury:  Current,,,,,,,,y,,
adi_gb_slfin_b,CPEA STAART ADI-R SHORT,,text,Self-injury:  Ever,,,,,,,,y,,
adi_ib_cmprt_a,CPEA STAART ADI-R SHORT,,dropdown,Compulsions/rituals:  Current,"0, 0 |  1,  1 |  2,  2 |  3,  3 |  9,  9",,,,,,,y,,
adi_ib_cmprt_b,CPEA STAART ADI-R SHORT,,dropdown,Compulsions/rituals:  Ever,"0, 0 |  1,  1 |  2,  2 |  3,  3 |  9,  9",,,,,,,y,,
adi_ib_crcit_a,CPEA STAART ADI-R SHORT,,dropdown,Circumscribed interests:  Current (3.0 or older),"0, 0 |  1,  1 |  2,  2 |  3,  3 |  8,  8 |  9,  9",,,,,,,y,,
adi_ib_crcit_b,CPEA STAART ADI-R SHORT,,dropdown,Circumscribed interests:  Ever (3.0 or older),"0, 0 |  1,  1 |  2,  2 |  3,  3 |  8,  8 |  9,  9",,,,,,,y,,
adi_ib_hdfgm_a,CPEA STAART ADI-R SHORT,,dropdown,Hand and finger mannerisms:  Current,"0, 0 |  1,  1 |  2,  2 |  3,  3 |  8,  8 |  9,  9",,,,,,,y,,
adi_ib_hdfgm_b,CPEA STAART ADI-R SHORT,,dropdown,Hand and finger mannerisms:  Ever,"0, 0 |  1,  1 |  2,  2 |  3,  3 |  8,  8 |  9,  9",,,,,,,y,,
adi_ib_ocmsb_a,CPEA STAART ADI-R SHORT,,dropdown,Other complex mannerisms or stereotyped body movements:  Current,"0, 0 |  1,  1 |  2,  2 |  3,  3 |  8,  8 |  9,  9",,,,,,,y,,
adi_ib_ocmsb_b,CPEA STAART ADI-R SHORT,,dropdown,Other complex mannerisms or stereotyped body movements:  Ever,"0, 0 |  1,  1 |  2,  2 |  3,  3 |  8,  8 |  9,  9",,,,,,,y,,
adi_ib_rpuob_a,CPEA STAART ADI-R SHORT,,dropdown,Repetitive use of objects or interests in parts of objects:  Current,"0, 0 |  1,  1 |  2,  2 |  3,  3 |  7,  7 |  8,  8 |  9,  9",,,,,,,y,,
adi_ib_rpuob_b,CPEA STAART ADI-R SHORT,,dropdown,Repetitive use of objects or interests in parts of objects:  Ever,"0, 0 |  1,  1 |  2,  2 |  3,  3 |  7,  7 |  8,  8 |  9,  9",,,,,,,y,,
adi_ib_unpro_a,CPEA STAART ADI-R SHORT,,dropdown,Unusual preoccupations:  Current,"0, 0 |  1,  1 |  2,  2 |  3,  3 |  9,  9",,,,,,,y,,
adi_ib_unpro_b,CPEA STAART ADI-R SHORT,,dropdown,Unusual preoccupations:  Ever,"0, 0 |  1,  1 |  2,  2 |  3,  3 |  9,  9",,,,,,,y,,
adi_ib_unsyi_a,CPEA STAART ADI-R SHORT,,dropdown,Unusual sensory interests:  Current,"0, 0 |  1,  1 |  2,  2 |  9,  9",,,,,,,y,,
adi_ib_unsyi_b,CPEA STAART ADI-R SHORT,,dropdown,Unusual sensory interests:  Ever,"0, 0 |  1,  1 |  2,  2 |  9,  9",,,,,,,y,,
adi_lc_artpn_a,CPEA STAART ADI-R SHORT,,text,Articulation and pronunciation:  Current (4.0 or older),,,,,,,,y,,
adi_lc_attvc_a,CPEA STAART ADI-R SHORT,,text,Attention to voice:  Current (under 5.0),,,,,,,,y,,
adi_lc_cistg_a,CPEA STAART ADI-R SHORT,,dropdown,Conventional/instrumental gestures:  Current,"0, 0 |  1,  1 |  2,  2 |  3,  3 |  8,  8 |  9,  9",,,,,,,y,,
adi_lc_cpslg_a,CPEA STAART ADI-R SHORT,,text,Comprehension of simple language:  Current,,,,,,,,y,,
adi_lc_hdshk_a,CPEA STAART ADI-R SHORT,,dropdown,Head shaking:  Current,"0, 0 |  1,  1 |  2,  2 |  8,  8 |  9,  9",,,,,,,y,,
adi_lc_imgpl_a,CPEA STAART ADI-R SHORT,,dropdown,Imaginative play:  Current (under 10.0),"0, 0 |  1,  1 |  2,  2 |  3,  3 |  8,  8 |  9,  9",,,,,,,y,,
adi_lc_impwp_a,CPEA STAART ADI-R SHORT,,dropdown,Imaginative play with peers:  Current (Over 4.0 and under 10.0),"0, 0 |  1,  1 |  2,  2 |  3,  3 |  8,  8 |  9,  9",,,,,,,y,,
adi_lc_inqos_a,CPEA STAART ADI-R SHORT,,dropdown,Inappropriate questions or statements:  Current,"0, 0 |  1,  1 |  2,  2 |  8,  8 |  9,  9",,,,,,,y,,
adi_lc_inqos_b,CPEA STAART ADI-R SHORT,,dropdown,Inappropriate questions or statements:  Ever,"0, 0 |  1,  1 |  2,  2 |  8,  8 |  9,  9",,,,,,,y,,
adi_lc_neidl_a,CPEA STAART ADI-R SHORT,,dropdown,Neologisms/idiosyncratic language:  Current,"0, 0 |  1,  1 |  2,  2 |  8,  8 |  9,  9",,,,,,,y,,
adi_lc_neidl_b,CPEA STAART ADI-R SHORT,,dropdown,Neologisms/idiosyncratic language:  Ever,"0, 0 |  1,  1 |  2,  2 |  8,  8 |  9,  9",,,,,,,y,,
adi_lc_noddg_a,CPEA STAART ADI-R SHORT,,dropdown,Nodding:  Current,"0, 0 |  1,  1 |  2,  2 |  8,  8 |  9,  9",,,,,,,y,,
adi_lc_ovlol,CPEA STAART ADI-R SHORT,,text,Overall level of language,,,,,,,,y,,
adi_lc_pnmrv_a,CPEA STAART ADI-R SHORT,,dropdown,Pronominal reversal:  Current,"0, 0 |  1,  1 |  2,  2 |  3,  3 |  7,  7 |  8,  8 |  9,  9",,,,,,,y,,
adi_lc_pnmrv_b,CPEA STAART ADI-R SHORT,,dropdown,Pronominal reversal:  Ever,"0, 0 |  1,  1 |  2,  2 |  3,  3 |  7,  7 |  8,  8 |  9,  9",,,,,,,y,,
adi_lc_ptexp_a,CPEA STAART ADI-R SHORT,,dropdown,Pointing to express interest:  Current,"0, 0 |  1,  1 |  2,  2 |  8,  8 |  9,  9",,,,,,,y,,
adi_lc_rcpcv_a,CPEA STAART ADI-R SHORT,,dropdown,Reciprocal Conversation:  Current,"0, 0 |  1,  1 |  2,  2 |  3,  3 |  8,  8 |  9,  9",,,,,,,y,,
adi_lc_scvbc_a,CPEA STAART ADI-R SHORT,,dropdown,Social verbalization/chat:  Current,"0, 0 |  1,  1 |  2,  2 |  8,  8 |  9,  9",,,,,,,y,,
adi_lc_spioa_a,CPEA STAART ADI-R SHORT,,dropdown,Spontaneous imitation of actions:  Current (under 10.0),"0, 0 |  1,  1 |  2,  2 |  3,  3 |  8,  8 |  9,  9",,,,,,,y,,
adi_lc_suade_a,CPEA STAART ADI-R SHORT,,dropdown,Stereotyped utterances and delayed echolalia:  Current,"0, 0 |  1,  1 |  2,  2 |  3,  3 |  8,  8 |  9,  9",,,,,,,y,,
adi_lc_suade_b,CPEA STAART ADI-R SHORT,,dropdown,Stereotyped utterances and delayed echolalia:  Ever,"0, 0 |  1,  1 |  2,  2 |  3,  3 |  8,  8 |  9,  9",,,,,,,y,,
adi_lc_uobtc_a,CPEA STAART ADI-R SHORT,,dropdown,Use of others body to communicate:  Current,"0, 0 |  1,  1 |  2,  2 |  3,  3 |  8,  8 |  9,  9",,,,,,,y,,
adi_lc_uobtc_b,CPEA STAART ADI-R SHORT,,dropdown,Use of others body to communicate:  Ever,"0, 0 |  1,  1 |  2,  2 |  3,  3 |  8,  8 |  9,  9",,,,,,,y,,
adi_lc_vblrt_a,CPEA STAART ADI-R SHORT,,dropdown,Verbal rituals:  Current,"0, 0 |  1,  1 |  2,  2 |  3,  3 |  8,  8 |  9,  9",,,,,,,y,,
adi_lc_vblrt_b,CPEA STAART ADI-R SHORT,,dropdown,Verbal rituals:  Ever,"0, 0 |  1,  1 |  2,  2 |  3,  3 |  8,  8 |  9,  9",,,,,,,y,,
adi_sp_apscr_a,CPEA STAART ADI-R SHORT,,dropdown,Appropriateness of social responses:  Current,"0, 0 |  1,  1 |  2,  2 |  3,  3 |  8,  8 |  9,  9",,,,,,,y,,
adi_sp_dirgz_a,CPEA STAART ADI-R SHORT,,dropdown,Direct gaze:  Current (under 5.0),"0, 0 |  1,  1 |  2,  2 |  3,  3 |  8,  8 |  9,  9",,,,,,,y,,
adi_sp_frdsp_a,CPEA STAART ADI-R SHORT,,dropdown,Friendships:  Current (5.0 or older),"0, 0 |  1,  1 |  2,  2 |  3,  3 |  8,  8 |  9,  9",,,,,,,y,,
adi_sp_gpwpr_a,CPEA STAART ADI-R SHORT,,dropdown,Group play with peers:  Current (Over 4.0 and under 10.0),"0, 0 |  1,  1 |  2,  2 |  3,  3 |  8,  8 |  9,  9",,,,,,,y,,
adi_sp_imscp_a,CPEA STAART ADI-R SHORT,,dropdown,Imitative social play:  Current (under 10.0),"0, 0 |  1,  1 |  2,  2 |  3,  3 |  8,  8 |  9,  9",,,,,,,y,,
adi_sp_inapa_a,CPEA STAART ADI-R SHORT,,text,Initiation of appropriate activities:  Current,,,,,,,,y,,
adi_sp_infex_a,CPEA STAART ADI-R SHORT,,dropdown,Inappropriate facial expression:  Current,"0, 0 |  1,  1 |  2,  2 |  8,  8 |  9,  9",,,,,,,y,,
adi_sp_infex_b,CPEA STAART ADI-R SHORT,,dropdown,Inappropriate facial expression:  Ever,"0, 0 |  1,  1 |  2,  2 |  8,  8 |  9,  9",,,,,,,y,,
adi_sp_intcd_a,CPEA STAART ADI-R SHORT,,dropdown,Interest in children:  Current (under 10.0),"0, 0 |  1,  1 |  2,  2 |  3,  3 |  8,  8 |  9,  9",,,,,,,y,,
adi_sp_ofcmf_a,CPEA STAART ADI-R SHORT,,dropdown,Offers comfort:  Current,"0, 0 |  1,  1 |  2,  2 |  3,  3 |  8,  8 |  9,  9",,,,,,,y,,
adi_sp_ofrsh_a,CPEA STAART ADI-R SHORT,,dropdown,Offering to share:  Current,"0, 0 |  1,  1 |  2,  2 |  3,  3 |  8,  8 |  9,  9",,,,,,,y,,
adi_sp_qlsco_a,CPEA STAART ADI-R SHORT,,dropdown,Quality of social overtures:  Current,"0, 0 |  1,  1 |  2,  2 |  3,  3 |  8,  8 |  9,  9",,,,,,,y,,
adi_sp_rgfce_a,CPEA STAART ADI-R SHORT,,dropdown,Range of facial expression:  Current,"0, 0 |  1,  1 |  2,  2 |  3,  3 |  8,  8 |  9,  9",,,,,,,y,,
adi_sp_rspap_a,CPEA STAART ADI-R SHORT,,dropdown,Response to approaches of other children:  Current (under 10.0),"0, 0 |  1,  1 |  2,  2 |  3,  3 |  8,  8 |  9,  9",,,,,,,y,,
adi_sp_sclsm_a,CPEA STAART ADI-R SHORT,,dropdown,Social smiling:  Current,"0, 0 |  1,  1 |  2,  2 |  3,  3 |  8,  8 |  9,  9",,,,,,,y,,
adi_sp_ssenj_a,CPEA STAART ADI-R SHORT,,dropdown,Seeking to share her/his enjoyment with others:  Current,"0, 0 |  1,  1 |  2,  2 |  8,  8 |  9,  9",,,,,,,y,,
adi_sp_swdra_a,CPEA STAART ADI-R SHORT,,dropdown,Showing and directing attention:  Current,"0, 0 |  1,  1 |  2,  2 |  3,  3 |  8,  8 |  9,  9",,,,,,,y,,
adi_version,CPEA STAART ADI-R SHORT,,text,ADI: Version,,,,,,,,y,,
