Variable / Field Name,Form Name,Section Header,Field Type,Field Label,"Choices, Calculations, OR Slider Labels",Field Note,Text Validation Type OR Show Slider Number,Text Validation Min,Text Validation Max,Identifier?,Branching Logic (Show field only if...),Required Field?,Custom Alignment,Question Number (surveys only)
subjectkey,NYU Family History,NDAR Required,text,The NDAR Global Unique Identifier (GUID) for subjects which identifies a subject in NDAR,,,,,,,,y,,
src_subject_id,NYU Family History,,text,The site's subject identification,,,,,,,,y,,
interview_date,NYU Family History,,text,Date on which the interview/genetic test/sampling/imaging was completed,"MM/yyyy, MM/yyyy | MM/dd/yyyy, MM/dd/yyyy",* '01/01/1900' indicates that a date associated with retrospective data is not known.,date_ymd,,,,,y,,
interview_age,NYU Family History,,text,Age in months at the time of the interview/test/sampling/imaging.,,Age is rounded to chronological month If the research participant is 13 days old at time of interview  the appropriate value would be 0 months if the participant is 19 days old the value would be 1 month,number,0,1200,,,y,,
depression_familymember,NYU Family History,,text,Subject family member who has depression,,,,,,,,y,,
depression_maternal_paternal,NYU Family History,,dropdown,maternal or paternal family member with disorder,"maternal, maternal | paternal, paternal",,,,,,,y,,
depression_age_onset,NYU Family History,,text,Age of family member at onset of disorder,,,,,,,,y,,
depression_notes,NYU Family History,,text,Notes,,,,,,,,y,,
bipolar_familymember,NYU Family History,,text,Subject family member who has bipolar disorder,,,,,,,,y,,
bipolar_maternal_paternal,NYU Family History,,dropdown,maternal or paternal family member with disorder,"maternal, maternal | paternal, paternal",,,,,,,y,,
bipolar_age_onset,NYU Family History,,text,Age of family member at onset of disorder,,,,,,,,y,,
bipolar_notes,NYU Family History,,text,Notes,,,,,,,,y,,
anxiety_familymember,NYU Family History,,text,Subject family member who has anxiety,,,,,,,,y,,
anxiety_maternal_paternal,NYU Family History,,dropdown,maternal or paternal family member with disorder,"maternal, maternal | paternal, paternal",,,,,,,y,,
anxiety_age_onset,NYU Family History,,text,Age of family member at onset of disorder,,,,,,,,y,,
anxiety_notes,NYU Family History,,text,Notes,,,,,,,,y,,
ocd_familymember,NYU Family History,,text,Subject family member who has ocd,,,,,,,,y,,
ocd_maternal_paternal,NYU Family History,,dropdown,maternal or paternal family member with disorder,"maternal, maternal | paternal, paternal",,,,,,,y,,
ocd_age_onset,NYU Family History,,text,Age of family member at onset of disorder,,,,,,,,y,,
ocd_notes,NYU Family History,,text,Notes,,,,,,,,y,,
adhd_familymember,NYU Family History,,text,Subject family member who has adhd,,,,,,,,y,,
adhd_maternal_paternal,NYU Family History,,dropdown,maternal or paternal family member with disorder,"maternal, maternal | paternal, paternal",,,,,,,y,,
adhd_age_onset,NYU Family History,,text,Age of family member at onset of disorder,,,,,,,,y,,
adhd_notes,NYU Family History,,text,Notes,,,,,,,,y,,
eatingdisorder_familymember,NYU Family History,,text,Subject family member who has an eating disorder,,,,,,,,y,,
eatdisorder_maternal_paternal,NYU Family History,,dropdown,maternal or paternal family member with disorder,"maternal, maternal | paternal, paternal",,,,,,,y,,
eatingdisorder_age_onset,NYU Family History,,text,Age of family member at onset of disorder,,,,,,,,y,,
eatingdisorder_notes,NYU Family History,,text,Notes,,,,,,,,y,,
eccentric_familymember,NYU Family History,,text,Subject family member who is considered eccentric,,,,,,,,y,,
eccentric_maternal_paternal,NYU Family History,,dropdown,maternal or paternal family member with disorder,"maternal, maternal | paternal, paternal",,,,,,,y,,
eccentric_age_onset,NYU Family History,,text,Age of family member at onset of eccentricity,,,,,,,,y,,
eccentric_notes,NYU Family History,,text,Notes,,,,,,,,y,,
other_familymember,NYU Family History,,text,Subject family member who has other disorder,,,,,,,,y,,
other_maternal_paternal,NYU Family History,,dropdown,maternal or paternal family member with disorder,"maternal, maternal | paternal, paternal",,,,,,,y,,
other_familymember_age_onset,NYU Family History,,text,Age of family member at onset of disorder,,,,,,,,y,,
other_notes,NYU Family History,,text,notes on other,,,,,,,,y,,
