Variable / Field Name,Form Name,Section Header,Field Type,Field Label,"Choices, Calculations, OR Slider Labels",Field Note,Text Validation Type OR Show Slider Number,Text Validation Min,Text Validation Max,Identifier?,Branching Logic (Show field only if...),Required Field?,Custom Alignment,Question Number (surveys only)
subjectkey,"Peds - Carey Temperament Scales, EITQ (1 to 4 months)",,text,The NDAR Global Unique Identifier (GUID) for subjects which identifies a subject in NDAR,,,,,,,,,,
admin_status,"Peds - Carey Temperament Scales, EITQ (1 to 4 months)",,dropdown,Instrument administration status,"Complete, Complete | Partial, Partial | Not Administered, Not Administered | Not Applicable, Not Applicable",,,,,,,y,,
src_subject_id,"Peds - Carey Temperament Scales, EITQ (1 to 4 months)",,text,The site's subject identification,,,,,,,,y,,
age_in_days_dot_to_edc,"Peds - Carey Temperament Scales, EITQ (1 to 4 months)",,text,Age in days obtained by subtracting the Expected Date of Confinement (EDC/Due Date) from the date of test,,,,,,,,y,,
timepoint_label,"Peds - Carey Temperament Scales, EITQ (1 to 4 months)",,text,User-defined timepoint/visit label - a label selected by the site at the time of registration of a new timepoint into the database.  This label is used to group all the instruments administered to a subject at a given timepoint.,,,,,,,,y,,
eitq_carey_activ_category_sc,"Peds - Carey Temperament Scales, EITQ (1 to 4 months)",,text,"EITQ Carey Temperament Scales, Early Infancy Temperament Questionnaire (1 to 4 months) Activity Category Score",,,,,,,,y,,
eitq_carey_activ_gen_impress,"Peds - Carey Temperament Scales, EITQ (1 to 4 months)",,dropdown,"EITQ Carey Temperament Scales, Early Infancy Temperament Questionnaire (1 to 4 months) Parent General Impressions Rating of Child Activity (Active, Inactive) ","Active, Active | Inactive, Inactive",,,,,,,y,,
eitq_carey_approach_z_score,"Peds - Carey Temperament Scales, EITQ (1 to 4 months)",,text,"EITQ Carey Temperament Scales, Early Infancy Temperament Questionnaire (1 to 4 months) Approach Z Score (First Reaction)",,,,,,,,y,,
eitq_carey_distrct_gen_impress,"Peds - Carey Temperament Scales, EITQ (1 to 4 months)",,dropdown,"EITQ Carey Temperament Scales, Early Infancy Temperament Questionnaire (1 to 4 months) Parent General Impressions Rating of Child Distractibility (Rarely, Often)","Rarely, Rarely | Often, Often",,,,,,,y,,
eitq_carey_gen_impress_q_3,"Peds - Carey Temperament Scales, EITQ (1 to 4 months)",,dropdown,"EITQ Carey Temperament Scales, Early Infancy Temperament Questionnaire (1 to 4 months) Parent General Impressions Rating Question 3 ","1, 1 | 2, 2 | 3, 3 | 4, 4 | 5, 5 | 6, 6 | NA, NA",,,,,,,y,,
eitq_carey_gen_impress_q_5,"Peds - Carey Temperament Scales, EITQ (1 to 4 months)",,dropdown,"EITQ Carey Temperament Scales, Early Infancy Temperament Questionnaire (1 to 4 months) Parent General Impressions Rating Question 5 (1=Very Mild, 2=Mild, 3=Somewhat Mild, 4=Somewhat Intense, 5=Intense, 6=Very Intense, NA=Not Provided)","1, 1 | 2, 2 | 3, 3 | 4, 4 | 5, 5 | 6, 6 | NA, NA",,,,,,,y,,
eitq_carey_intens_gen_impress,"Peds - Carey Temperament Scales, EITQ (1 to 4 months)",,dropdown,"EITQ Carey Temperament Scales, Early Infancy Temperament Questionnaire (1 to 4 months) Parent General Impressions Rating of Child Intensity (Strength of Reaction) (Mild, Intense)","Mild, Mild | Intense, Intense",,,,,,,y,,
eitq_carey_mood_category_score,"Peds - Carey Temperament Scales, EITQ (1 to 4 months)",,text,"EITQ Carey Temperament Scales, Early Infancy Temperament Questionnaire (1 to 4 months) Mood Category Score",,,,,,,,y,,
eitq_carey_persist_category_sc,"Peds - Carey Temperament Scales, EITQ (1 to 4 months)",,text,"EITQ Carey Temperament Scales, Early Infancy Temperament Questionnaire (1 to 4 months) Persistence Category Score",,,,,,,,y,,
eitq_carey_question_12,"Peds - Carey Temperament Scales, EITQ (1 to 4 months)",,dropdown,"EITQ Carey Temperament Scales, Early Infancy Temperament Questionnaire (1 to 4 months), Question 12 (1=Almost Never, 2=Rarely, 3=Variable, Usually Does Not, 4=Variable, Usually Does, 5=Frequently, 6=Almost Always, NA=Not Provided)","1, 1 | 2, 2 | 3, 3 | 4, 4 | 5, 5 | 6, 6 | NA, NA",,,,,,,y,,
eitq_carey_question_13,"Peds - Carey Temperament Scales, EITQ (1 to 4 months)",,dropdown,"EITQ Carey Temperament Scales, Early Infancy Temperament Questionnaire (1 to 4 months), Question 13 (1=Almost Never, 2=Rarely, 3=Variable, Usually Does Not, 4=Variable, Usually Does, 5=Frequently, 6=Almost Always, NA=Not Provided)","1, 1 | 2, 2 | 3, 3 | 4, 4 | 5, 5 | 6, 6 | NA, NA",,,,,,,y,,
eitq_carey_question_20,"Peds - Carey Temperament Scales, EITQ (1 to 4 months)",,dropdown,"EITQ Carey Temperament Scales, Early Infancy Temperament Questionnaire (1 to 4 months), Question 20 (1=Almost Never, 2=Rarely, 3=Variable, Usually Does Not, 4=Variable, Usually Does, 5=Frequently, 6=Almost Always, NA=Not Provided)","1, 1 | 2, 2 | 3, 3 | 4, 4 | 5, 5 | 6, 6 | NA, NA",,,,,,,y,,
eitq_carey_question_21,"Peds - Carey Temperament Scales, EITQ (1 to 4 months)",,dropdown,"EITQ Carey Temperament Scales, Early Infancy Temperament Questionnaire (1 to 4 months), Question 21 (1=Almost Never, 2=Rarely, 3=Variable, Usually Does Not, 4=Variable, Usually Does, 5=Frequently, 6=Almost Always, NA=Not Provided)","1, 1 | 2, 2 | 3, 3 | 4, 4 | 5, 5 | 6, 6 | NA, NA",,,,,,,y,,
eitq_carey_question_22,"Peds - Carey Temperament Scales, EITQ (1 to 4 months)",,dropdown,"EITQ Carey Temperament Scales, Early Infancy Temperament Questionnaire (1 to 4 months), Question 22 (1=Almost Never, 2=Rarely, 3=Variable, Usually Does Not, 4=Variable, Usually Does, 5=Frequently, 6=Almost Always, NA=Not Provided)","1, 1 | 2, 2 | 3, 3 | 4, 4 | 5, 5 | 6, 6 | NA, NA",,,,,,,y,,
eitq_carey_question_23,"Peds - Carey Temperament Scales, EITQ (1 to 4 months)",,dropdown,"EITQ Carey Temperament Scales, Early Infancy Temperament Questionnaire (1 to 4 months), Question 23 (1=Almost Never, 2=Rarely, 3=Variable, Usually Does Not, 4=Variable, Usually Does, 5=Frequently, 6=Almost Always, NA=Not Provided)","1, 1 | 2, 2 | 3, 3 | 4, 4 | 5, 5 | 6, 6 | NA, NA",,,,,,,y,,
eitq_carey_question_24,"Peds - Carey Temperament Scales, EITQ (1 to 4 months)",,dropdown,"EITQ Carey Temperament Scales, Early Infancy Temperament Questionnaire (1 to 4 months), Question 24 (1=Almost Never, 2=Rarely, 3=Variable, Usually Does Not, 4=Variable, Usually Does, 5=Frequently, 6=Almost Always, NA=Not Provided)","1, 1 | 2, 2 | 3, 3 | 4, 4 | 5, 5 | 6, 6 | NA, NA",,,,,,,y,,
eitq_carey_question_26,"Peds - Carey Temperament Scales, EITQ (1 to 4 months)",,dropdown,"EITQ Carey Temperament Scales, Early Infancy Temperament Questionnaire (1 to 4 months), Question 26 (1=Almost Never, 2=Rarely, 3=Variable, Usually Does Not, 4=Variable, Usually Does, 5=Frequently, 6=Almost Always, NA=Not Provided)","1, 1 | 2, 2 | 3, 3 | 4, 4 | 5, 5 | 6, 6 | NA, NA",,,,,,,y,,
eitq_carey_question_27,"Peds - Carey Temperament Scales, EITQ (1 to 4 months)",,dropdown,"EITQ Carey Temperament Scales, Early Infancy Temperament Questionnaire (1 to 4 months), Question 27 (1=Almost Never, 2=Rarely, 3=Variable, Usually Does Not, 4=Variable, Usually Does, 5=Frequently, 6=Almost Always, NA=Not Provided)","1, 1 | 2, 2 | 3, 3 | 4, 4 | 5, 5 | 6, 6 | NA, NA",,,,,,,y,,
eitq_carey_question_30,"Peds - Carey Temperament Scales, EITQ (1 to 4 months)",,dropdown,"EITQ Carey Temperament Scales, Early Infancy Temperament Questionnaire (1 to 4 months), Question 30 (1=Almost Never, 2=Rarely, 3=Variable, Usually Does Not, 4=Variable, Usually Does, 5=Frequently, 6=Almost Always, NA=Not Provided)","1, 1 | 2, 2 | 3, 3 | 4, 4 | 5, 5 | 6, 6 | NA, NA",,,,,,,y,,
eitq_carey_question_32,"Peds - Carey Temperament Scales, EITQ (1 to 4 months)",,dropdown,"EITQ Carey Temperament Scales, Early Infancy Temperament Questionnaire (1 to 4 months), Question 32 (1=Almost Never, 2=Rarely, 3=Variable, Usually Does Not, 4=Variable, Usually Does, 5=Frequently, 6=Almost Always, NA=Not Provided)","1, 1 | 2, 2 | 3, 3 | 4, 4 | 5, 5 | 6, 6 | NA, NA",,,,,,,y,,
eitq_carey_question_33,"Peds - Carey Temperament Scales, EITQ (1 to 4 months)",,dropdown,"EITQ Carey Temperament Scales, Early Infancy Temperament Questionnaire (1 to 4 months), Question 33 (1=Almost Never, 2=Rarely, 3=Variable, Usually Does Not, 4=Variable, Usually Does, 5=Frequently, 6=Almost Always, NA=Not Provided)","1, 1 | 2, 2 | 3, 3 | 4, 4 | 5, 5 | 6, 6 | NA, NA",,,,,,,y,,
eitq_carey_question_36,"Peds - Carey Temperament Scales, EITQ (1 to 4 months)",,dropdown,"EITQ Carey Temperament Scales, Early Infancy Temperament Questionnaire (1 to 4 months), Question 36 (1=Almost Never, 2=Rarely, 3=Variable, Usually Does Not, 4=Variable, Usually Does, 5=Frequently, 6=Almost Always, NA=Not Provided)","1, 1 | 2, 2 | 3, 3 | 4, 4 | 5, 5 | 6, 6 | NA, NA",,,,,,,y,,
eitq_carey_question_37,"Peds - Carey Temperament Scales, EITQ (1 to 4 months)",,dropdown,"EITQ Carey Temperament Scales, Early Infancy Temperament Questionnaire (1 to 4 months), Question 37 (1=Almost Never, 2=Rarely, 3=Variable, Usually Does Not, 4=Variable, Usually Does, 5=Frequently, 6=Almost Always, NA=Not Provided)","1, 1 | 2, 2 | 3, 3 | 4, 4 | 5, 5 | 6, 6 | NA, NA",,,,,,,y,,
eitq_carey_question_39,"Peds - Carey Temperament Scales, EITQ (1 to 4 months)",,dropdown,"EITQ Carey Temperament Scales, Early Infancy Temperament Questionnaire (1 to 4 months), Question 39 (1=Almost Never, 2=Rarely, 3=Variable, Usually Does Not, 4=Variable, Usually Does, 5=Frequently, 6=Almost Always, NA=Not Provided)","1, 1 | 2, 2 | 3, 3 | 4, 4 | 5, 5 | 6, 6 | NA, NA",,,,,,,y,,
eitq_carey_question_4,"Peds - Carey Temperament Scales, EITQ (1 to 4 months)",,dropdown,"EITQ Carey Temperament Scales, Early Infancy Temperament Questionnaire (1 to 4 months), Question 4 (1=Almost Never, 2=Rarely, 3=Variable, Usually Does Not, 4=Variable, Usually Does, 5=Frequently, 6=Almost Always, NA=Not Provided)","1, 1 | 2, 2 | 3, 3 | 4, 4 | 5, 5 | 6, 6 | NA, NA",,,,,,,y,,
eitq_carey_question_40,"Peds - Carey Temperament Scales, EITQ (1 to 4 months)",,dropdown,"EITQ Carey Temperament Scales, Early Infancy Temperament Questionnaire (1 to 4 months), Question 40 (1=Almost Never, 2=Rarely, 3=Variable, Usually Does Not, 4=Variable, Usually Does, 5=Frequently, 6=Almost Always, NA=Not Provided)","1, 1 | 2, 2 | 3, 3 | 4, 4 | 5, 5 | 6, 6 | NA, NA",,,,,,,y,,
eitq_carey_question_41,"Peds - Carey Temperament Scales, EITQ (1 to 4 months)",,dropdown,"EITQ Carey Temperament Scales, Early Infancy Temperament Questionnaire (1 to 4 months), Question 41 (1=Almost Never, 2=Rarely, 3=Variable, Usually Does Not, 4=Variable, Usually Does, 5=Frequently, 6=Almost Always, NA=Not Provided)","1, 1 | 2, 2 | 3, 3 | 4, 4 | 5, 5 | 6, 6 | NA, NA",,,,,,,y,,
eitq_carey_question_42,"Peds - Carey Temperament Scales, EITQ (1 to 4 months)",,dropdown,"EITQ Carey Temperament Scales, Early Infancy Temperament Questionnaire (1 to 4 months), Question 42 (1=Almost Never, 2=Rarely, 3=Variable, Usually Does Not, 4=Variable, Usually Does, 5=Frequently, 6=Almost Always, NA=Not Provided)","1, 1 | 2, 2 | 3, 3 | 4, 4 | 5, 5 | 6, 6 | NA, NA",,,,,,,y,,
eitq_carey_question_43,"Peds - Carey Temperament Scales, EITQ (1 to 4 months)",,dropdown,"EITQ Carey Temperament Scales, Early Infancy Temperament Questionnaire (1 to 4 months), Question 43 (1=Almost Never, 2=Rarely, 3=Variable, Usually Does Not, 4=Variable, Usually Does, 5=Frequently, 6=Almost Always, NA=Not Provided)","1, 1 | 2, 2 | 3, 3 | 4, 4 | 5, 5 | 6, 6 | NA, NA",,,,,,,y,,
eitq_carey_question_44,"Peds - Carey Temperament Scales, EITQ (1 to 4 months)",,dropdown,"EITQ Carey Temperament Scales, Early Infancy Temperament Questionnaire (1 to 4 months), Question 44 (1=Almost Never, 2=Rarely, 3=Variable, Usually Does Not, 4=Variable, Usually Does, 5=Frequently, 6=Almost Always, NA=Not Provided)","1, 1 | 2, 2 | 3, 3 | 4, 4 | 5, 5 | 6, 6 | NA, NA",,,,,,,y,,
eitq_carey_question_45,"Peds - Carey Temperament Scales, EITQ (1 to 4 months)",,dropdown,"EITQ Carey Temperament Scales, Early Infancy Temperament Questionnaire (1 to 4 months), Question 45 (1=Almost Never, 2=Rarely, 3=Variable, Usually Does Not, 4=Variable, Usually Does, 5=Frequently, 6=Almost Always, NA=Not Provided)","1, 1 | 2, 2 | 3, 3 | 4, 4 | 5, 5 | 6, 6 | NA, NA",,,,,,,y,,
eitq_carey_question_46,"Peds - Carey Temperament Scales, EITQ (1 to 4 months)",,dropdown,"EITQ Carey Temperament Scales, Early Infancy Temperament Questionnaire (1 to 4 months), Question 46 (1=Almost Never, 2=Rarely, 3=Variable, Usually Does Not, 4=Variable, Usually Does, 5=Frequently, 6=Almost Always, NA=Not Provided)","1, 1 | 2, 2 | 3, 3 | 4, 4 | 5, 5 | 6, 6 | NA, NA",,,,,,,y,,
eitq_carey_question_47,"Peds - Carey Temperament Scales, EITQ (1 to 4 months)",,dropdown,"EITQ Carey Temperament Scales, Early Infancy Temperament Questionnaire (1 to 4 months), Question 47 (1=Almost Never, 2=Rarely, 3=Variable, Usually Does Not, 4=Variable, Usually Does, 5=Frequently, 6=Almost Always, NA=Not Provided)","1, 1 | 2, 2 | 3, 3 | 4, 4 | 5, 5 | 6, 6 | NA, NA",,,,,,,y,,
eitq_carey_question_48,"Peds - Carey Temperament Scales, EITQ (1 to 4 months)",,dropdown,"EITQ Carey Temperament Scales, Early Infancy Temperament Questionnaire (1 to 4 months), Question 48 (1=Almost Never, 2=Rarely, 3=Variable, Usually Does Not, 4=Variable, Usually Does, 5=Frequently, 6=Almost Always, NA=Not Provided)","1, 1 | 2, 2 | 3, 3 | 4, 4 | 5, 5 | 6, 6 | NA, NA",,,,,,,y,,
eitq_carey_question_49,"Peds - Carey Temperament Scales, EITQ (1 to 4 months)",,dropdown,"EITQ Carey Temperament Scales, Early Infancy Temperament Questionnaire (1 to 4 months), Question 49 (1=Almost Never, 2=Rarely, 3=Variable, Usually Does Not, 4=Variable, Usually Does, 5=Frequently, 6=Almost Always, NA=Not Provided)","1, 1 | 2, 2 | 3, 3 | 4, 4 | 5, 5 | 6, 6 | NA, NA",,,,,,,y,,
eitq_carey_question_5,"Peds - Carey Temperament Scales, EITQ (1 to 4 months)",,dropdown,"EITQ Carey Temperament Scales, Early Infancy Temperament Questionnaire (1 to 4 months), Question 5 (1=Almost Never, 2=Rarely, 3=Variable, Usually Does Not, 4=Variable, Usually Does, 5=Frequently, 6=Almost Always, NA=Not Provided)","1, 1 | 2, 2 | 3, 3 | 4, 4 | 5, 5 | 6, 6 | NA, NA",,,,,,,y,,
eitq_carey_question_50,"Peds - Carey Temperament Scales, EITQ (1 to 4 months)",,dropdown,"EITQ Carey Temperament Scales, Early Infancy Temperament Questionnaire (1 to 4 months), Question 50 (1=Almost Never, 2=Rarely, 3=Variable, Usually Does Not, 4=Variable, Usually Does, 5=Frequently, 6=Almost Always, NA=Not Provided)","1, 1 | 2, 2 | 3, 3 | 4, 4 | 5, 5 | 6, 6 | NA, NA",,,,,,,y,,
eitq_carey_question_51,"Peds - Carey Temperament Scales, EITQ (1 to 4 months)",,dropdown,"EITQ Carey Temperament Scales, Early Infancy Temperament Questionnaire (1 to 4 months), Question 51 (1=Almost Never, 2=Rarely, 3=Variable, Usually Does Not, 4=Variable, Usually Does, 5=Frequently, 6=Almost Always, NA=Not Provided)","1, 1 | 2, 2 | 3, 3 | 4, 4 | 5, 5 | 6, 6 | NA, NA",,,,,,,y,,
eitq_carey_question_52,"Peds - Carey Temperament Scales, EITQ (1 to 4 months)",,dropdown,"EITQ Carey Temperament Scales, Early Infancy Temperament Questionnaire (1 to 4 months), Question 52 (1=Almost Never, 2=Rarely, 3=Variable, Usually Does Not, 4=Variable, Usually Does, 5=Frequently, 6=Almost Always, NA=Not Provided)","1, 1 | 2, 2 | 3, 3 | 4, 4 | 5, 5 | 6, 6 | NA, NA",,,,,,,y,,
eitq_carey_question_53,"Peds - Carey Temperament Scales, EITQ (1 to 4 months)",,dropdown,"EITQ Carey Temperament Scales, Early Infancy Temperament Questionnaire (1 to 4 months), Question 53 (1=Almost Never, 2=Rarely, 3=Variable, Usually Does Not, 4=Variable, Usually Does, 5=Frequently, 6=Almost Always, NA=Not Provided)","1, 1 | 2, 2 | 3, 3 | 4, 4 | 5, 5 | 6, 6 | NA, NA",,,,,,,y,,
eitq_carey_question_54,"Peds - Carey Temperament Scales, EITQ (1 to 4 months)",,dropdown,"EITQ Carey Temperament Scales, Early Infancy Temperament Questionnaire (1 to 4 months), Question 54 (1=Almost Never, 2=Rarely, 3=Variable, Usually Does Not, 4=Variable, Usually Does, 5=Frequently, 6=Almost Always, NA=Not Provided)","1, 1 | 2, 2 | 3, 3 | 4, 4 | 5, 5 | 6, 6 | NA, NA",,,,,,,y,,
eitq_carey_question_55,"Peds - Carey Temperament Scales, EITQ (1 to 4 months)",,dropdown,"EITQ Carey Temperament Scales, Early Infancy Temperament Questionnaire (1 to 4 months), Question 55 (1=Almost Never, 2=Rarely, 3=Variable, Usually Does Not, 4=Variable, Usually Does, 5=Frequently, 6=Almost Always, NA=Not Provided)","1, 1 | 2, 2 | 3, 3 | 4, 4 | 5, 5 | 6, 6 | NA, NA",,,,,,,y,,
eitq_carey_question_56,"Peds - Carey Temperament Scales, EITQ (1 to 4 months)",,dropdown,"EITQ Carey Temperament Scales, Early Infancy Temperament Questionnaire (1 to 4 months), Question 56 (1=Almost Never, 2=Rarely, 3=Variable, Usually Does Not, 4=Variable, Usually Does, 5=Frequently, 6=Almost Always, NA=Not Provided)","1, 1 | 2, 2 | 3, 3 | 4, 4 | 5, 5 | 6, 6 | NA, NA",,,,,,,y,,
eitq_carey_question_57,"Peds - Carey Temperament Scales, EITQ (1 to 4 months)",,dropdown,"EITQ Carey Temperament Scales, Early Infancy Temperament Questionnaire (1 to 4 months), Question 57 (1=Almost Never, 2=Rarely, 3=Variable, Usually Does Not, 4=Variable, Usually Does, 5=Frequently, 6=Almost Always, NA=Not Provided)","1, 1 | 2, 2 | 3, 3 | 4, 4 | 5, 5 | 6, 6 | NA, NA",,,,,,,y,,
eitq_carey_question_58,"Peds - Carey Temperament Scales, EITQ (1 to 4 months)",,dropdown,"EITQ Carey Temperament Scales, Early Infancy Temperament Questionnaire (1 to 4 months), Question 58 (1=Almost Never, 2=Rarely, 3=Variable, Usually Does Not, 4=Variable, Usually Does, 5=Frequently, 6=Almost Always, NA=Not Provided)","1, 1 | 2, 2 | 3, 3 | 4, 4 | 5, 5 | 6, 6 | NA, NA",,,,,,,y,,
eitq_carey_question_59,"Peds - Carey Temperament Scales, EITQ (1 to 4 months)",,dropdown,"EITQ Carey Temperament Scales, Early Infancy Temperament Questionnaire (1 to 4 months), Question 59 (1=Almost Never, 2=Rarely, 3=Variable, Usually Does Not, 4=Variable, Usually Does, 5=Frequently, 6=Almost Always, NA=Not Provided)","1, 1 | 2, 2 | 3, 3 | 4, 4 | 5, 5 | 6, 6 | NA, NA",,,,,,,y,,
eitq_carey_question_6,"Peds - Carey Temperament Scales, EITQ (1 to 4 months)",,dropdown,"EITQ Carey Temperament Scales, Early Infancy Temperament Questionnaire (1 to 4 months), Question 6 (1=Almost Never, 2=Rarely, 3=Variable, Usually Does Not, 4=Variable, Usually Does, 5=Frequently, 6=Almost Always, NA=Not Provided)","1, 1 | 2, 2 | 3, 3 | 4, 4 | 5, 5 | 6, 6 | NA, NA",,,,,,,y,,
eitq_carey_question_60,"Peds - Carey Temperament Scales, EITQ (1 to 4 months)",,dropdown,"EITQ Carey Temperament Scales, Early Infancy Temperament Questionnaire (1 to 4 months), Question 60 (1=Almost Never, 2=Rarely, 3=Variable, Usually Does Not, 4=Variable, Usually Does, 5=Frequently, 6=Almost Always, NA=Not Provided)","1, 1 | 2, 2 | 3, 3 | 4, 4 | 5, 5 | 6, 6 | NA, NA",,,,,,,y,,
eitq_carey_question_61,"Peds - Carey Temperament Scales, EITQ (1 to 4 months)",,dropdown,"EITQ Carey Temperament Scales, Early Infancy Temperament Questionnaire (1 to 4 months), Question 61 (1=Almost Never, 2=Rarely, 3=Variable, Usually Does Not, 4=Variable, Usually Does, 5=Frequently, 6=Almost Always, NA=Not Provided)","1, 1 | 2, 2 | 3, 3 | 4, 4 | 5, 5 | 6, 6 | NA, NA",,,,,,,y,,
eitq_carey_question_62,"Peds - Carey Temperament Scales, EITQ (1 to 4 months)",,dropdown,"EITQ Carey Temperament Scales, Early Infancy Temperament Questionnaire (1 to 4 months), Question 62 (1=Almost Never, 2=Rarely, 3=Variable, Usually Does Not, 4=Variable, Usually Does, 5=Frequently, 6=Almost Always, NA=Not Provided)","1, 1 | 2, 2 | 3, 3 | 4, 4 | 5, 5 | 6, 6 | NA, NA",,,,,,,y,,
eitq_carey_question_63,"Peds - Carey Temperament Scales, EITQ (1 to 4 months)",,dropdown,"EITQ Carey Temperament Scales, Early Infancy Temperament Questionnaire (1 to 4 months), Question 63 (1=Almost Never, 2=Rarely, 3=Variable, Usually Does Not, 4=Variable, Usually Does, 5=Frequently, 6=Almost Always, NA=Not Provided)","1, 1 | 2, 2 | 3, 3 | 4, 4 | 5, 5 | 6, 6 | NA, NA",,,,,,,y,,
eitq_carey_question_64,"Peds - Carey Temperament Scales, EITQ (1 to 4 months)",,dropdown,"EITQ Carey Temperament Scales, Early Infancy Temperament Questionnaire (1 to 4 months), Question 64 (1=Almost Never, 2=Rarely, 3=Variable, Usually Does Not, 4=Variable, Usually Does, 5=Frequently, 6=Almost Always, NA=Not Provided)","1, 1 | 2, 2 | 3, 3 | 4, 4 | 5, 5 | 6, 6 | NA, NA",,,,,,,y,,
eitq_carey_question_65,"Peds - Carey Temperament Scales, EITQ (1 to 4 months)",,dropdown,"EITQ Carey Temperament Scales, Early Infancy Temperament Questionnaire (1 to 4 months), Question 65 (1=Almost Never, 2=Rarely, 3=Variable, Usually Does Not, 4=Variable, Usually Does, 5=Frequently, 6=Almost Always, NA=Not Provided)","1, 1 | 2, 2 | 3, 3 | 4, 4 | 5, 5 | 6, 6 | NA, NA",,,,,,,y,,
eitq_carey_question_66,"Peds - Carey Temperament Scales, EITQ (1 to 4 months)",,dropdown,"EITQ Carey Temperament Scales, Early Infancy Temperament Questionnaire (1 to 4 months), Question 66 (1=Almost Never, 2=Rarely, 3=Variable, Usually Does Not, 4=Variable, Usually Does, 5=Frequently, 6=Almost Always, NA=Not Provided)","1, 1 | 2, 2 | 3, 3 | 4, 4 | 5, 5 | 6, 6 | NA, NA",,,,,,,y,,
eitq_carey_question_67,"Peds - Carey Temperament Scales, EITQ (1 to 4 months)",,dropdown,"EITQ Carey Temperament Scales, Early Infancy Temperament Questionnaire (1 to 4 months), Question 67 (1=Almost Never, 2=Rarely, 3=Variable, Usually Does Not, 4=Variable, Usually Does, 5=Frequently, 6=Almost Always, NA=Not Provided)","1, 1 | 2, 2 | 3, 3 | 4, 4 | 5, 5 | 6, 6 | NA, NA",,,,,,,y,,
eitq_carey_question_68,"Peds - Carey Temperament Scales, EITQ (1 to 4 months)",,dropdown,"EITQ Carey Temperament Scales, Early Infancy Temperament Questionnaire (1 to 4 months), Question 68 (1=Almost Never, 2=Rarely, 3=Variable, Usually Does Not, 4=Variable, Usually Does, 5=Frequently, 6=Almost Always, NA=Not Provided)","1, 1 | 2, 2 | 3, 3 | 4, 4 | 5, 5 | 6, 6 | NA, NA",,,,,,,y,,
eitq_carey_question_69,"Peds - Carey Temperament Scales, EITQ (1 to 4 months)",,dropdown,"EITQ Carey Temperament Scales, Early Infancy Temperament Questionnaire (1 to 4 months), Question 69 (1=Almost Never, 2=Rarely, 3=Variable, Usually Does Not, 4=Variable, Usually Does, 5=Frequently, 6=Almost Always, NA=Not Provided)","1, 1 | 2, 2 | 3, 3 | 4, 4 | 5, 5 | 6, 6 | NA, NA",,,,,,,y,,
eitq_carey_question_7,"Peds - Carey Temperament Scales, EITQ (1 to 4 months)",,dropdown,"EITQ Carey Temperament Scales, Early Infancy Temperament Questionnaire (1 to 4 months), Question 7 (1=Almost Never, 2=Rarely, 3=Variable, Usually Does Not, 4=Variable, Usually Does, 5=Frequently, 6=Almost Always, NA=Not Provided)","1, 1 | 2, 2 | 3, 3 | 4, 4 | 5, 5 | 6, 6 | NA, NA",,,,,,,y,,
eitq_carey_question_70,"Peds - Carey Temperament Scales, EITQ (1 to 4 months)",,dropdown,"EITQ Carey Temperament Scales, Early Infancy Temperament Questionnaire (1 to 4 months), Question 70 (1=Almost Never, 2=Rarely, 3=Variable, Usually Does Not, 4=Variable, Usually Does, 5=Frequently, 6=Almost Always, NA=Not Provided)","1, 1 | 2, 2 | 3, 3 | 4, 4 | 5, 5 | 6, 6 | NA, NA",,,,,,,y,,
eitq_carey_question_71,"Peds - Carey Temperament Scales, EITQ (1 to 4 months)",,dropdown,"EITQ Carey Temperament Scales, Early Infancy Temperament Questionnaire (1 to 4 months), Question 71 (1=Almost Never, 2=Rarely, 3=Variable, Usually Does Not, 4=Variable, Usually Does, 5=Frequently, 6=Almost Always, NA=Not Provided)","1, 1 | 2, 2 | 3, 3 | 4, 4 | 5, 5 | 6, 6 | NA, NA",,,,,,,y,,
eitq_carey_question_72,"Peds - Carey Temperament Scales, EITQ (1 to 4 months)",,dropdown,"EITQ Carey Temperament Scales, Early Infancy Temperament Questionnaire (1 to 4 months), Question 72 (1=Almost Never, 2=Rarely, 3=Variable, Usually Does Not, 4=Variable, Usually Does, 5=Frequently, 6=Almost Always, NA=Not Provided)","1, 1 | 2, 2 | 3, 3 | 4, 4 | 5, 5 | 6, 6 | NA, NA",,,,,,,y,,
eitq_carey_question_73,"Peds - Carey Temperament Scales, EITQ (1 to 4 months)",,dropdown,"EITQ Carey Temperament Scales, Early Infancy Temperament Questionnaire (1 to 4 months), Question 73 (1=Almost Never, 2=Rarely, 3=Variable, Usually Does Not, 4=Variable, Usually Does, 5=Frequently, 6=Almost Always, NA=Not Provided)","1, 1 | 2, 2 | 3, 3 | 4, 4 | 5, 5 | 6, 6 | NA, NA",,,,,,,y,,
eitq_carey_question_74,"Peds - Carey Temperament Scales, EITQ (1 to 4 months)",,dropdown,"EITQ Carey Temperament Scales, Early Infancy Temperament Questionnaire (1 to 4 months), Question 74 (1=Almost Never, 2=Rarely, 3=Variable, Usually Does Not, 4=Variable, Usually Does, 5=Frequently, 6=Almost Always, NA=Not Provided)","1, 1 | 2, 2 | 3, 3 | 4, 4 | 5, 5 | 6, 6 | NA, NA",,,,,,,y,,
eitq_carey_question_75,"Peds - Carey Temperament Scales, EITQ (1 to 4 months)",,dropdown,"EITQ Carey Temperament Scales, Early Infancy Temperament Questionnaire (1 to 4 months), Question 75 (1=Almost Never, 2=Rarely, 3=Variable, Usually Does Not, 4=Variable, Usually Does, 5=Frequently, 6=Almost Always, NA=Not Provided)","1, 1 | 2, 2 | 3, 3 | 4, 4 | 5, 5 | 6, 6 | NA, NA",,,,,,,y,,
eitq_carey_question_76,"Peds - Carey Temperament Scales, EITQ (1 to 4 months)",,dropdown,"EITQ Carey Temperament Scales, Early Infancy Temperament Questionnaire (1 to 4 months), Question 76 (1=Almost Never, 2=Rarely, 3=Variable, Usually Does Not, 4=Variable, Usually Does, 5=Frequently, 6=Almost Always, NA=Not Provided)","1, 1 | 2, 2 | 3, 3 | 4, 4 | 5, 5 | 6, 6 | NA, NA",,,,,,,y,,
eitq_carey_question_8,"Peds - Carey Temperament Scales, EITQ (1 to 4 months)",,dropdown,"EITQ Carey Temperament Scales, Early Infancy Temperament Questionnaire (1 to 4 months), Question 8 (1=Almost Never, 2=Rarely, 3=Variable, Usually Does Not, 4=Variable, Usually Does, 5=Frequently, 6=Almost Always, NA=Not Provided)","1, 1 | 2, 2 | 3, 3 | 4, 4 | 5, 5 | 6, 6 | NA, NA",,,,,,,y,,
eitq_carey_question_9,"Peds - Carey Temperament Scales, EITQ (1 to 4 months)",,dropdown,"EITQ Carey Temperament Scales, Early Infancy Temperament Questionnaire (1 to 4 months), Question 9 (1=Almost Never, 2=Rarely, 3=Variable, Usually Does Not, 4=Variable, Usually Does, 5=Frequently, 6=Almost Always, NA=Not Provided)","1, 1 | 2, 2 | 3, 3 | 4, 4 | 5, 5 | 6, 6 | NA, NA",,,,,,,y,,
eitq_carey_rhythm_category_sc,"Peds - Carey Temperament Scales, EITQ (1 to 4 months)",,text,"EITQ Carey Temperament Scales, Early Infancy Temperament Questionnaire (1 to 4 months) Rhythmicity Category Score (Daily Cycles)",,,,,,,,y,,
eitq_carey_rhythm_gen_impress,"Peds - Carey Temperament Scales, EITQ (1 to 4 months)",,dropdown,"EITQ Carey Temperament Scales, Early Infancy Temperament Questionnaire (1 to 4 months) Parent General Impressions Rating of Child Rhythmicity (Daily Cycles) (Regular, Not Regular)","Regular, Regular | Not Regular, Not Regular",,,,,,,y,,
eitq_carey_rhythmicity_z_score,"Peds - Carey Temperament Scales, EITQ (1 to 4 months)",,text,"EITQ Carey Temperament Scales, Early Infancy Temperament Questionnaire (1 to 4 months) Rhythmicity Z Score (Daily Cycles)",,,,,,,,y,,
eitq_carey_thresh_category_sc,"Peds - Carey Temperament Scales, EITQ (1 to 4 months)",,text,"EITQ Carey Temperament Scales, Early Infancy Temperament Questionnaire (1 to 4 months) Threshold Category Score (Sensory Reactivity)",,,,,,,,y,,
eitq_carey_gen_impress_q_6,"Peds - Carey Temperament Scales, EITQ (1 to 4 months)",,dropdown,"EITQ Carey Temperament Scales, Early Infancy Temperament Questionnaire (1 to 4 months) Parent General Impressions Rating Question 6 ","1, 1 | 2, 2 | 3, 3 | 4, 4 | 5, 5 | 6, 6 | NA, NA",,,,,,,y,,
eitq_carey_activity_z_score,"Peds - Carey Temperament Scales, EITQ (1 to 4 months)",,text,"EITQ Carey Temperament Scales, Early Infancy Temperament Questionnaire (1 to 4 months) Activity Z Score",,,,,,,,y,,
eitq_carey_adapt_category_sc,"Peds - Carey Temperament Scales, EITQ (1 to 4 months)",,text,"EITQ Carey Temperament Scales, Early Infancy Temperament Questionnaire (1 to 4 months) Adaptability Category Score",,,,,,,,y,,
eitq_carey_adapt_gen_impress,"Peds - Carey Temperament Scales, EITQ (1 to 4 months)",,dropdown,"EITQ Carey Temperament Scales, Early Infancy Temperament Questionnaire (1 to 4 months) Parent General Impressions Rating of Child Adaptability (Quick, Gradual) ","Quick, Quick | Gradual, Gradual",,,,,,,y,,
eitq_carey_adaptability_z_sc,"Peds - Carey Temperament Scales, EITQ (1 to 4 months)",,text,"EITQ Carey Temperament Scales, Early Infancy Temperament Questionnaire (1 to 4 months) Adaptability Z Score",,,,,,,,y,,
eitq_carey_appr_category_score,"Peds - Carey Temperament Scales, EITQ (1 to 4 months)",,text,"EITQ Carey Temperament Scales, Early Infancy Temperament Questionnaire (1 to 4 months) Approach Category Score (First Reaction)",,,,,,,,y,,
eitq_carey_appr_gen_impress,"Peds - Carey Temperament Scales, EITQ (1 to 4 months)",,dropdown,"EITQ Carey Temperament Scales, Early Infancy Temperament Questionnaire (1 to 4 months) Parent General Impressions Rating of Child Approach (First Reaction) (Approaching, Cautious) ","Approaching, Approaching | Cautious, Cautious",,,,,,,y,,
eitq_carey_distrct_category_sc,"Peds - Carey Temperament Scales, EITQ (1 to 4 months)",,text,"EITQ Carey Temperament Scales, Early Infancy Temperament Questionnaire (1 to 4 months) Distractibility Category Score",,,,,,,,y,,
eitq_carey_distract_z_score,"Peds - Carey Temperament Scales, EITQ (1 to 4 months)",,text,"EITQ Carey Temperament Scales, Early Infancy Temperament Questionnaire (1 to 4 months) Distractibility Z Score",,,,,,,,y,,
eitq_carey_gen_impress_q_1,"Peds - Carey Temperament Scales, EITQ (1 to 4 months)",,dropdown,"EITQ Carey Temperament Scales, Early Infancy Temperament Questionnaire (1 to 4 months) Parent General Impressions Rating Question 1 (1=Very Inactive, 2=Inactive, 3=Somewhat Inactive, 4=Somewhat Active, 5=Active, 6= Very Active; NA=Not Provided)","1, 1 | 2, 2 | 3, 3 | 4, 4 | 5, 5 | 6, 6 | NA, NA",,,,,,,y,,
eitq_carey_gen_impress_q_10,"Peds - Carey Temperament Scales, EITQ (1 to 4 months)",,dropdown,"EITQ Carey Temperament Scales, Early Infancy Temperament Questionnaire (1 to 4 months) Parent General Impressions Rating Question 10 (1=Very Easy, 2=Easy, 3=Somewhat Easy, 4=Somewhat Difficult, 5=Difficult, 6=Very Difficult, NA=Not Provided)","1, 1 | 2, 2 | 3, 3 | 4, 4 | 5, 5 | 6, 6 | NA, NA",,,,,,,y,,
eitq_carey_gen_impress_q_2,"Peds - Carey Temperament Scales, EITQ (1 to 4 months)",,dropdown,"EITQ Carey Temperament Scales, Early Infancy Temperament Questionnaire (1 to 4 months) Parent General Impressions Rating Question 2 (1=Very Regular, 2=Regular, 3=Somewhat Regular, 4=Somewhat Irregular, 5=Irregular, 6=Very Irregular, NA=Not Provided)","1, 1 | 2, 2 | 3, 3 | 4, 4 | 5, 5 | 6, 6 | NA, NA",,,,,,,y,,
eitq_carey_gen_impress_q_4,"Peds - Carey Temperament Scales, EITQ (1 to 4 months)",,dropdown,"EITQ Carey Temperament Scales, Early Infancy Temperament Questionnaire (1 to 4 months) Parent General Impressions Rating Question 4 ","1, 1 | 2, 2 | 3, 3 | 4, 4 | 5, 5 | 6, 6 | NA, NA",,,,,,,y,,
eitq_carey_gen_impress_q_7,"Peds - Carey Temperament Scales, EITQ (1 to 4 months)",,dropdown,"EITQ Carey Temperament Scales, Early Infancy Temperament Questionnaire (1 to 4 months) Parent General Impressions Rating Question 7 ","1, 1 | 2, 2 | 3, 3 | 4, 4 | 5, 5 | 6, 6 | NA, NA",,,,,,,y,,
eitq_carey_gen_impress_q_8,"Peds - Carey Temperament Scales, EITQ (1 to 4 months)",,dropdown,"EITQ Carey Temperament Scales, Early Infancy Temperament Questionnaire (1 to 4 months) Parent General Impressions Rating Question 8 ","1, 1 | 2, 2 | 3, 3 | 4, 4 | 5, 5 | 6, 6 | NA, NA",,,,,,,y,,
eitq_carey_gen_impress_q_9,"Peds - Carey Temperament Scales, EITQ (1 to 4 months)",,dropdown,"EITQ Carey Temperament Scales, Early Infancy Temperament Questionnaire (1 to 4 months) Parent General Impressions Rating Question 9 ","1, 1 | 2, 2 | 3, 3 | 4, 4 | 5, 5 | 6, 6 | NA, NA",,,,,,,y,,
eitq_carey_intens_category_sc,"Peds - Carey Temperament Scales, EITQ (1 to 4 months)",,text,"EITQ Carey Temperament Scales, Early Infancy Temperament Questionnaire (1 to 4 months) Intensity Category Score (Strength of Reaction)",,,,,,,,y,,
eitq_carey_intensity_z_score,"Peds - Carey Temperament Scales, EITQ (1 to 4 months)",,text,"EITQ Carey Temperament Scales, Early Infancy Temperament Questionnaire (1 to 4 months) Intensity Z Score (Strength of Reaction)",,,,,,,,y,,
eitq_carey_mood_gen_impress,"Peds - Carey Temperament Scales, EITQ (1 to 4 months)",,dropdown,"EITQ Carey Temperament Scales, Early Infancy Temperament Questionnaire (1 to 4 months) Parent General Impressions Rating of Child Mood (Positive, Negative)","Positive, Positive | Negative, Negative",,,,,,,y,,
eitq_carey_mood_z_score,"Peds - Carey Temperament Scales, EITQ (1 to 4 months)",,text,"EITQ Carey Temperament Scales, Early Infancy Temperament Questionnaire (1 to 4 months) Mood Z Score",,,,,,,,y,,
eitq_carey_persist_gen_impress,"Peds - Carey Temperament Scales, EITQ (1 to 4 months)",,dropdown,"EITQ Carey Temperament Scales, Early Infancy Temperament Questionnaire (1 to 4 months) Parent General Impressions Rating of Child Persistence (Often, Rarely)","Often, Often | Rarely, Rarely",,,,,,,y,,
eitq_carey_persistence_z_score,"Peds - Carey Temperament Scales, EITQ (1 to 4 months)",,text,"EITQ Carey Temperament Scales, Early Infancy Temperament Questionnaire (1 to 4 months) Persistence Z Score",,,,,,,,y,,
eitq_carey_question_1,"Peds - Carey Temperament Scales, EITQ (1 to 4 months)",,dropdown,"EITQ Carey Temperament Scales, Early Infancy Temperament Questionnaire (1 to 4 months), Question 1 (1=Almost Never, 2=Rarely, 3=Variable, Usually Does Not, 4=Variable, Usually Does, 5=Frequently, 6=Almost Always, NA=Not Provided)","1, 1 | 2, 2 | 3, 3 | 4, 4 | 5, 5 | 6, 6 | NA, NA",,,,,,,y,,
eitq_carey_question_10,"Peds - Carey Temperament Scales, EITQ (1 to 4 months)",,dropdown,"EITQ Carey Temperament Scales, Early Infancy Temperament Questionnaire (1 to 4 months), Question 10 (1=Almost Never, 2=Rarely, 3=Variable, Usually Does Not, 4=Variable, Usually Does, 5=Frequently, 6=Almost Always, NA=Not Provided)","1, 1 | 2, 2 | 3, 3 | 4, 4 | 5, 5 | 6, 6 | NA, NA",,,,,,,y,,
eitq_carey_question_11,"Peds - Carey Temperament Scales, EITQ (1 to 4 months)",,dropdown,"EITQ Carey Temperament Scales, Early Infancy Temperament Questionnaire (1 to 4 months), Question 11 (1=Almost Never, 2=Rarely, 3=Variable, Usually Does Not, 4=Variable, Usually Does, 5=Frequently, 6=Almost Always, NA=Not Provided)","1, 1 | 2, 2 | 3, 3 | 4, 4 | 5, 5 | 6, 6 | NA, NA",,,,,,,y,,
eitq_carey_question_14,"Peds - Carey Temperament Scales, EITQ (1 to 4 months)",,dropdown,"EITQ Carey Temperament Scales, Early Infancy Temperament Questionnaire (1 to 4 months), Question 14 (1=Almost Never, 2=Rarely, 3=Variable, Usually Does Not, 4=Variable, Usually Does, 5=Frequently, 6=Almost Always, NA=Not Provided)","1, 1 | 2, 2 | 3, 3 | 4, 4 | 5, 5 | 6, 6 | NA, NA",,,,,,,y,,
eitq_carey_question_15,"Peds - Carey Temperament Scales, EITQ (1 to 4 months)",,dropdown,"EITQ Carey Temperament Scales, Early Infancy Temperament Questionnaire (1 to 4 months), Question 15 (1=Almost Never, 2=Rarely, 3=Variable, Usually Does Not, 4=Variable, Usually Does, 5=Frequently, 6=Almost Always, NA=Not Provided)","1, 1 | 2, 2 | 3, 3 | 4, 4 | 5, 5 | 6, 6 | NA, NA",,,,,,,y,,
eitq_carey_question_16,"Peds - Carey Temperament Scales, EITQ (1 to 4 months)",,dropdown,"EITQ Carey Temperament Scales, Early Infancy Temperament Questionnaire (1 to 4 months), Question 16 (1=Almost Never, 2=Rarely, 3=Variable, Usually Does Not, 4=Variable, Usually Does, 5=Frequently, 6=Almost Always, NA=Not Provided)","1, 1 | 2, 2 | 3, 3 | 4, 4 | 5, 5 | 6, 6 | NA, NA",,,,,,,y,,
eitq_carey_question_17,"Peds - Carey Temperament Scales, EITQ (1 to 4 months)",,dropdown,"EITQ Carey Temperament Scales, Early Infancy Temperament Questionnaire (1 to 4 months), Question 17 (1=Almost Never, 2=Rarely, 3=Variable, Usually Does Not, 4=Variable, Usually Does, 5=Frequently, 6=Almost Always, NA=Not Provided)","1, 1 | 2, 2 | 3, 3 | 4, 4 | 5, 5 | 6, 6 | NA, NA",,,,,,,y,,
eitq_carey_question_18,"Peds - Carey Temperament Scales, EITQ (1 to 4 months)",,dropdown,"EITQ Carey Temperament Scales, Early Infancy Temperament Questionnaire (1 to 4 months), Question 18 (1=Almost Never, 2=Rarely, 3=Variable, Usually Does Not, 4=Variable, Usually Does, 5=Frequently, 6=Almost Always, NA=Not Provided)","1, 1 | 2, 2 | 3, 3 | 4, 4 | 5, 5 | 6, 6 | NA, NA",,,,,,,y,,
eitq_carey_question_19,"Peds - Carey Temperament Scales, EITQ (1 to 4 months)",,dropdown,"EITQ Carey Temperament Scales, Early Infancy Temperament Questionnaire (1 to 4 months), Question 19 (1=Almost Never, 2=Rarely, 3=Variable, Usually Does Not, 4=Variable, Usually Does, 5=Frequently, 6=Almost Always, NA=Not Provided)","1, 1 | 2, 2 | 3, 3 | 4, 4 | 5, 5 | 6, 6 | NA, NA",,,,,,,y,,
eitq_carey_question_2,"Peds - Carey Temperament Scales, EITQ (1 to 4 months)",,dropdown,"EITQ Carey Temperament Scales, Early Infancy Temperament Questionnaire (1 to 4 months), Question 2 (1=Almost Never, 2=Rarely, 3=Variable, Usually Does Not, 4=Variable, Usually Does, 5=Frequently, 6=Almost Always, NA=Not Provided)","1, 1 | 2, 2 | 3, 3 | 4, 4 | 5, 5 | 6, 6 | NA, NA",,,,,,,y,,
eitq_carey_question_25,"Peds - Carey Temperament Scales, EITQ (1 to 4 months)",,dropdown,"EITQ Carey Temperament Scales, Early Infancy Temperament Questionnaire (1 to 4 months), Question 25 (1=Almost Never, 2=Rarely, 3=Variable, Usually Does Not, 4=Variable, Usually Does, 5=Frequently, 6=Almost Always, NA=Not Provided)","1, 1 | 2, 2 | 3, 3 | 4, 4 | 5, 5 | 6, 6 | NA, NA",,,,,,,y,,
eitq_carey_question_28,"Peds - Carey Temperament Scales, EITQ (1 to 4 months)",,dropdown,"EITQ Carey Temperament Scales, Early Infancy Temperament Questionnaire (1 to 4 months), Question 28 (1=Almost Never, 2=Rarely, 3=Variable, Usually Does Not, 4=Variable, Usually Does, 5=Frequently, 6=Almost Always, NA=Not Provided)","1, 1 | 2, 2 | 3, 3 | 4, 4 | 5, 5 | 6, 6 | NA, NA",,,,,,,y,,
eitq_carey_question_29,"Peds - Carey Temperament Scales, EITQ (1 to 4 months)",,dropdown,"EITQ Carey Temperament Scales, Early Infancy Temperament Questionnaire (1 to 4 months), Question 29 (1=Almost Never, 2=Rarely, 3=Variable, Usually Does Not, 4=Variable, Usually Does, 5=Frequently, 6=Almost Always, NA=Not Provided)","1, 1 | 2, 2 | 3, 3 | 4, 4 | 5, 5 | 6, 6 | NA, NA",,,,,,,y,,
eitq_carey_question_3,"Peds - Carey Temperament Scales, EITQ (1 to 4 months)",,dropdown,"EITQ Carey Temperament Scales, Early Infancy Temperament Questionnaire (1 to 4 months), Question 3 (1=Almost Never, 2=Rarely, 3=Variable, Usually Does Not, 4=Variable, Usually Does, 5=Frequently, 6=Almost Always, NA=Not Provided)","1, 1 | 2, 2 | 3, 3 | 4, 4 | 5, 5 | 6, 6 | NA, NA",,,,,,,y,,
eitq_carey_question_31,"Peds - Carey Temperament Scales, EITQ (1 to 4 months)",,dropdown,"EITQ Carey Temperament Scales, Early Infancy Temperament Questionnaire (1 to 4 months), Question 31 (1=Almost Never, 2=Rarely, 3=Variable, Usually Does Not, 4=Variable, Usually Does, 5=Frequently, 6=Almost Always, NA=Not Provided)","1, 1 | 2, 2 | 3, 3 | 4, 4 | 5, 5 | 6, 6 | NA, NA",,,,,,,y,,
eitq_carey_question_34,"Peds - Carey Temperament Scales, EITQ (1 to 4 months)",,dropdown,"EITQ Carey Temperament Scales, Early Infancy Temperament Questionnaire (1 to 4 months), Question 34 (1=Almost Never, 2=Rarely, 3=Variable, Usually Does Not, 4=Variable, Usually Does, 5=Frequently, 6=Almost Always, NA=Not Provided)","1, 1 | 2, 2 | 3, 3 | 4, 4 | 5, 5 | 6, 6 | NA, NA",,,,,,,y,,
eitq_carey_question_35,"Peds - Carey Temperament Scales, EITQ (1 to 4 months)",,dropdown,"EITQ Carey Temperament Scales, Early Infancy Temperament Questionnaire (1 to 4 months), Question 35 (1=Almost Never, 2=Rarely, 3=Variable, Usually Does Not, 4=Variable, Usually Does, 5=Frequently, 6=Almost Always, NA=Not Provided)","1, 1 | 2, 2 | 3, 3 | 4, 4 | 5, 5 | 6, 6 | NA, NA",,,,,,,y,,
eitq_carey_question_38,"Peds - Carey Temperament Scales, EITQ (1 to 4 months)",,dropdown,"EITQ Carey Temperament Scales, Early Infancy Temperament Questionnaire (1 to 4 months), Question 38 (1=Almost Never, 2=Rarely, 3=Variable, Usually Does Not, 4=Variable, Usually Does, 5=Frequently, 6=Almost Always, NA=Not Provided)","1, 1 | 2, 2 | 3, 3 | 4, 4 | 5, 5 | 6, 6 | NA, NA",,,,,,,y,,
eitq_carey_thresh_gen_impress,"Peds - Carey Temperament Scales, EITQ (1 to 4 months)",,dropdown,"EITQ Carey Temperament Scales, Early Infancy Temperament Questionnaire (1 to 4 months) Parent General Impressions Rating of Child Threshold (Sensory Reactivity) (Nonreactive, Sensitive)","Nonreactive, Nonreactive | Sensitive, Sensitive",,,,,,,y,,
eitq_carey_threshold_z_score,"Peds - Carey Temperament Scales, EITQ (1 to 4 months)",,text,"EITQ Carey Temperament Scales, Early Infancy Temperament Questionnaire (1 to 4 months) Threshold Z Score (Sensory Reactivity)",,,,,,,,y,,
