Variable / Field Name,Form Name,Section Header,Field Type,Field Label,"Choices, Calculations, OR Slider Labels",Field Note,Text Validation Type OR Show Slider Number,Text Validation Min,Text Validation Max,Identifier?,Branching Logic (Show field only if...),Required Field?,Custom Alignment,Question Number (surveys only)
subjectkey,CPEA STAART TELD 3,,text,The NDAR Global Unique Identifier (GUID) for subjects which identifies a subject in NDAR,,,,,,,,y,,
teld_version,CPEA STAART TELD 3,,text,TELD Version,,,,,,,,y,,
cycle,CPEA STAART TELD 3,,text,Timepoint information,,,,,,,,y,,
patid,CPEA STAART TELD 3,,text,src_Subject_id,,Patient IDs were assigned at the research site for CPEA and STAART,,,,,,y,,
network,CPEA STAART TELD 3,,text,Network,,CPEA or STAART Network,,,,,,y,,
site,CPEA STAART TELD 3,,text,Site,,CPEA or STAART Site,,,,,,y,,
study,CPEA STAART TELD 3,,text,Study,,CPEA or STAART Study,,,,,,y,,
teld_ae_el,CPEA STAART TELD 3,,text,Expressive Language,,,,,,,,y,,
teld_ae_rl,CPEA STAART TELD 3,,text,Receptive Language,,,,,,,,y,,
teld_pc_el,CPEA STAART TELD 3,,text,Expressive Language,,,,,,,,y,,
teld_pc_rl,CPEA STAART TELD 3,,text,Receptive Language,,,,,,,,y,,
teld_pc_slq,CPEA STAART TELD 3,,text,Spoken Language Quotient,,,,,,,,y,,
teld_qt_el,CPEA STAART TELD 3,,text,Expressive Language,,,,,,,,y,,
teld_qt_rl,CPEA STAART TELD 3,,text,Receptive Language,,,,,,,,y,,
teld_qt_slq,CPEA STAART TELD 3,,text,Spoken Language Quotient,,,,,,,,y,,
teld_qt_sq,CPEA STAART TELD 3,,text,Sum of Quotients,,,,,,,,y,,
teld_rs_el,CPEA STAART TELD 3,,text,Expressive Language,,,,,,,,y,,
teld_rs_rl,CPEA STAART TELD 3,,text,Receptive Language,,,,,,,,y,,
