Variable / Field Name,Form Name,Section Header,Field Type,Field Label,"Choices, Calculations, OR Slider Labels",Field Note,Text Validation Type OR Show Slider Number,Text Validation Min,Text Validation Max,Identifier?,Branching Logic (Show field only if...),Required Field?,Custom Alignment,Question Number (surveys only)
subjectkey,Autism Diagnostic Interview-Rev (ADI-R) Toddler 2006,Header,text,The NDAR Global Unique Identifier (GUID) for subjects which identifies a subject in NDAR,,,,,,,,y,,
src_subject_id,Autism Diagnostic Interview-Rev (ADI-R) Toddler 2006,,text,The site's subject identification,,,,,,,,y,,
interview_date,Autism Diagnostic Interview-Rev (ADI-R) Toddler 2006,,text,Date on which the interview/genetic test/sampling/imaging was completed,"MM/yyyy, MM/yyyy | MM/dd/yyyy, MM/dd/yyyy",* '01/01/1900' indicates that a date associated with retrospective data is not known.,date_ymd,,,,,y,,
interview_age,Autism Diagnostic Interview-Rev (ADI-R) Toddler 2006,,text,Age in months at the time of the interview/test/sampling/imaging.,,Age is rounded to chronological month If the research participant is 13 days old at time of interview  the appropriate value would be 0 months if the participant is 19 days old the value would be 1 month,number,0,1200,,,y,,
adint_2006,Autism Diagnostic Interview-Rev (ADI-R) Toddler 2006,,text,Interviewer initials,,,,,,,,y,,
gender,Autism Diagnostic Interview-Rev (ADI-R) Toddler 2006,,dropdown,Gender,"M, M | F, F",,,,,,,y,,
adinf_2006,Autism Diagnostic Interview-Rev (ADI-R) Toddler 2006,,text,respondent's relationship to child,,,,,,,,y,,
ad002_2006,Autism Diagnostic Interview-Rev (ADI-R) Toddler 2006,,text,2. Age when parents first noticed that something was amiss (months),,,,,,,,y,,
ad003a,Autism Diagnostic Interview-Rev (ADI-R) Toddler 2006,,dropdown,3A. First symptoms to arouse parental concerns #1,"0, 0 | 1, 1 | 2, 2 | 3, 3 | 4, 4 | 5, 5 | 6, 6 | 7, 7 | 8, 8 | 9, 9",,,,,,,y,,
ad003b,Autism Diagnostic Interview-Rev (ADI-R) Toddler 2006,,dropdown,3B.  First symptoms to arouse parental concerns #2,"0, 0 | 1, 1 | 2, 2 | 3, 3 | 4, 4 | 5, 5 | 6, 6 | 7, 7 | 8, 8 | 9, 9",,,,,,,y,,
ad003c,Autism Diagnostic Interview-Rev (ADI-R) Toddler 2006,,dropdown,3C.  First symptoms to arouse parental concerns #3,"0, 0 | 1, 1 | 2, 2 | 3, 3 | 4, 4 | 5, 5 | 6, 6 | 7, 7 | 8, 8 | 9, 9",,,,,,,y,,
ad003d,Autism Diagnostic Interview-Rev (ADI-R) Toddler 2006,,dropdown,3D.  First symptoms to arouse parental concerns #4,"0, 0 | 1, 1 | 2, 2 | 3, 3 | 4, 4 | 5, 5 | 6, 6 | 7, 7 | 8, 8 | 9, 9",,,,,,,y,,
adidx_2006,Autism Diagnostic Interview-Rev (ADI-R) Toddler 2006,,text,5. ADI Diagnosis - text,,,,,,,,y,,
ad004_2006,Autism Diagnostic Interview-Rev (ADI-R) Toddler 2006,,text,7. Age (in months) when parents first noticed social or communication difficulties,,,,,,,,y,,
ad005,Autism Diagnostic Interview-Rev (ADI-R) Toddler 2006,,dropdown,5. Onset as perceived in hindsight,"0, 0 | 1, 1 | 2, 2 | 3, 3 | 4, 4 | 5, 5 | 7, 7 | 8, 8 | 9, 9",,,,,,,y,,
ad006_2006,Autism Diagnostic Interview-Rev (ADI-R) Toddler 2006,,text,9. First sat unaided on flat surface (months),,,,,,,,y,,
ad007_2006,Autism Diagnostic Interview-Rev (ADI-R) Toddler 2006,,text,10. First walked unaided (months),,,,,,,,y,,
ad008_2006,Autism Diagnostic Interview-Rev (ADI-R) Toddler 2006,,text,11. Acquisition of bladder control: daytime,,,,,,,,y,,
ad009_2006,Autism Diagnostic Interview-Rev (ADI-R) Toddler 2006,,text,12. Acquisition of bladder control: nighttime (months),,,,,,,,y,,
ad010_2006,Autism Diagnostic Interview-Rev (ADI-R) Toddler 2006,,text,13. Acquisition of bowel control (months),,,,,,,,y,,
ad011cu,Autism Diagnostic Interview-Rev (ADI-R) Toddler 2006,,dropdown,11. Usual mode of communication,"0, 0 | 1, 1 | 2, 2 | 3, 3 | 4, 4 | 7, 7 | 8, 8 | 9, 9",,,,,,,y,,
adhearing_2006,Autism Diagnostic Interview-Rev (ADI-R) Toddler 2006,,text,"15. Concerns about hearing, ever?",,,,,,,,y,,
ad023cu,Autism Diagnostic Interview-Rev (ADI-R) Toddler 2006,,dropdown,23.  Comprehension of simple language,"0, 0 | 1, 1 | 2, 2 | 3, 3 | 4, 4 | 8, 8 | 9, 9",,,,,,,y,,
ad012cu,Autism Diagnostic Interview-Rev (ADI-R) Toddler 2006,,dropdown,12. Use of others body to communicate (CURRENT),"0, 0 | 1, 1 | 2, 2 | 3, 3 | 8, 8 | 9, 9",,,,,,,y,,
ad012ev,Autism Diagnostic Interview-Rev (ADI-R) Toddler 2006,,dropdown,12. Use of others body to communicate (EVER),"0, 0 | 1, 1 | 2, 2 | 3, 3 | 8, 8 | 9, 9",,,,,,,y,,
ad013cu,Autism Diagnostic Interview-Rev (ADI-R) Toddler 2006,,dropdown,13. Social Chat/Vocalization,"0, 0 | 1, 1 | 2, 2 | 3, 3 | 9, 9",,,,,,,y,,
ad014cu,Autism Diagnostic Interview-Rev (ADI-R) Toddler 2006,,dropdown,14. Form of Current Non-Speech Vocalization,"0, 0 | 1, 1 | 2, 2 | 3, 3 | 8, 8 | 9, 9",,,,,,,y,,
ad015,Autism Diagnostic Interview-Rev (ADI-R) Toddler 2006,,dropdown,15.  Babbling as an Infant,"0, 0 | 1, 1 | 2, 2 | 3, 3 | 9, 9",,,,,,,y,,
ad020n_ever_2006,Autism Diagnostic Interview-Rev (ADI-R) Toddler 2006,,dropdown,20. Ever lost babbling skill,"0, 0 | 1, 1 | 2, 2 | 7, 7 | 8, 8",,,,,,,y,,
ad020n_age_2006,Autism Diagnostic Interview-Rev (ADI-R) Toddler 2006,,text,20. Age when babbling skill regained,,,,,,,,y,,
ad016_2006,Autism Diagnostic Interview-Rev (ADI-R) Toddler 2006,,text,21. Age of first single words (months),,,,,,,,y,,
ad017_2006,Autism Diagnostic Interview-Rev (ADI-R) Toddler 2006,,text,22. Current number of words (in the last week),,,,,,,,y,,
ad018cu_2006,Autism Diagnostic Interview-Rev (ADI-R) Toddler 2006,,dropdown,23. Utterance length for non-echoed speech,"0, 0 | 1, 1 | 2, 2 | 3, 3 | 9, 9",,,,,,,y,,
ad020_2006,Autism Diagnostic Interview-Rev (ADI-R) Toddler 2006,,text,24.  Age of first phrases (if ever used),,,,,,,,y,,
ad058cu,Autism Diagnostic Interview-Rev (ADI-R) Toddler 2006,,dropdown,58. Articulation/pronunciation,"0, 0 | 1, 1 | 2, 2 | 3, 3 | 8, 8 | 9, 9",,,,,,,y,,
ad064cu_2006,Autism Diagnostic Interview-Rev (ADI-R) Toddler 2006,,dropdown,26. Intonation/rhythm/rate,"0, 0 | 1, 1 | 2, 2 | 8, 8 | 9, 9",,,,,,,y,,
ad021cu_2006,Autism Diagnostic Interview-Rev (ADI-R) Toddler 2006,,dropdown,27. Overall level of language,"0, 0 | 1, 1 | 2, 2 | 3, 3 | 9, 9",,,,,,,y,,
ad059cu,Autism Diagnostic Interview-Rev (ADI-R) Toddler 2006,,dropdown,59. Stereotyped utterances and delayed echolalia,"0, 0 | 1, 1 | 2, 2 | 3, 3 | 8, 8 | 9, 9",,,,,,,y,,
ad060cu,Autism Diagnostic Interview-Rev (ADI-R) Toddler 2006,,dropdown,60. Inappropriate questions or statements,"0, 0 | 1, 1 | 2, 2 | 3, 3 | 8, 8 | 9, 9",,,,,,,y,,
ad061cu,Autism Diagnostic Interview-Rev (ADI-R) Toddler 2006,,dropdown,61. Pronominal reversal,"0, 0 | 1, 1 | 2, 2 | 3, 3 | 7, 7 | 8, 8 | 9, 9",,,,,,,y,,
ad063cu,Autism Diagnostic Interview-Rev (ADI-R) Toddler 2006,,dropdown,63. Verbal rituals,"0, 0 | 1, 1 | 2, 2 | 3, 3 | 8, 8 | 9, 9",,,,,,,y,,
ad062cu,Autism Diagnostic Interview-Rev (ADI-R) Toddler 2006,,dropdown,62. Neologisms/idiosyncratic language,"0, 0 | 1, 1 | 2, 2 | 8, 8 | 9, 9",,,,,,,y,,
ad065cu,Autism Diagnostic Interview-Rev (ADI-R) Toddler 2006,,dropdown,65. Reciprocal conversation (at whatever verbal level of complexity possible),"0, 0 | 1, 1 | 2, 2 | 8, 8 | 9, 9",,,,,,,y,,
ad024ev,Autism Diagnostic Interview-Rev (ADI-R) Toddler 2006,,dropdown,24. Loss of language skills,"0, 0 | 1, 1 | 2, 2 | 8, 8 | 9, 9",,,,,,,y,,
ad034_2006,Autism Diagnostic Interview-Rev (ADI-R) Toddler 2006,,text,35. Age when main loss of language skills first apparent (months),,,,,,,,y,,
ad025ev,Autism Diagnostic Interview-Rev (ADI-R) Toddler 2006,,dropdown,25. Level of communicative language before loss,"0, 0 | 1, 1 | 2, 2 | 3, 3 | 8, 8 | 9, 9",,,,,,,y,,
ad025words_2006,Autism Diagnostic Interview-Rev (ADI-R) Toddler 2006,,text,37. how many words could child say before the loss?,,,,,,,,y,,
ad026,Autism Diagnostic Interview-Rev (ADI-R) Toddler 2006,,dropdown,26. Loss of cooing,"0, 0 | 1, 1 | 2, 2 | 8, 8 | 9, 9",,,,,,,y,,
ad027,Autism Diagnostic Interview-Rev (ADI-R) Toddler 2006,,dropdown,27. Loss of vocalizations,"0, 0 | 1, 1 | 2, 2 | 8, 8 | 9, 9",,,,,,,y,,
ad028,Autism Diagnostic Interview-Rev (ADI-R) Toddler 2006,,dropdown,28. Loss of speech-like babbling,"0, 0 | 1, 1 | 2, 2 | 8, 8 | 9, 9",,,,,,,y,,
ad029,Autism Diagnostic Interview-Rev (ADI-R) Toddler 2006,,dropdown,29. Loss of vocal imitation,"0, 0 | 1, 1 | 2, 2 | 8, 8 | 9, 9",,,,,,,y,,
ad030,Autism Diagnostic Interview-Rev (ADI-R) Toddler 2006,,dropdown,30. Loss of spontaneous use of at least 3 meaningful words,"0, 0 | 1, 1 | 2, 2 | 8, 8 | 9, 9",,,,,,,y,,
ad031,Autism Diagnostic Interview-Rev (ADI-R) Toddler 2006,,dropdown,31. Loss of communicative intent,"0, 0 | 1, 1 | 2, 2 | 8, 8 | 9, 9",,,,,,,y,,
ad032,Autism Diagnostic Interview-Rev (ADI-R) Toddler 2006,,dropdown,32. Loss of syntactical skills (grammar),"0, 0 | 1, 1 | 2, 2 | 8, 8 | 9, 9",,,,,,,y,,
ad033,Autism Diagnostic Interview-Rev (ADI-R) Toddler 2006,,dropdown,33. Loss of articulation (pronunciation),"0, 0 | 1, 1 | 2, 2 | 8, 8 | 9, 9",,,,,,,y,,
ad035ev,Autism Diagnostic Interview-Rev (ADI-R) Toddler 2006,,dropdown,35.   Association of loss of language with physical illness,"0, 0 | 1, 1 | 2, 2 | 8, 8 | 9, 9",,,,,,,y,,
ad036ev_2006,Autism Diagnostic Interview-Rev (ADI-R) Toddler 2006,,dropdown,47. Gradual or sudden loss,"0, 0 | 1, 1 | 2, 2 | 8, 8 | 9, 9",,,,,,,y,,
ad038_2006,Autism Diagnostic Interview-Rev (ADI-R) Toddler 2006,,dropdown,48. Regain of same level before loss,"0, 0 | 1, 1 | 2, 2 | 3, 3 | 4, 4 | 8, 8 | 9, 9",,,,,,,y,,
ad037_2006,Autism Diagnostic Interview-Rev (ADI-R) Toddler 2006,,text,49. Age when language skills began to come back (months),,,,,,,,y,,
ad039ev,Autism Diagnostic Interview-Rev (ADI-R) Toddler 2006,,dropdown,39. Loss of skills (skill must be lost for at least 1 month),"0, 0 | 1, 1 | 2, 2 | 8, 8 | 9, 9",,,,,,,y,,
ad040ev_2006,Autism Diagnostic Interview-Rev (ADI-R) Toddler 2006,,dropdown,51. Purposive hand movements (ability to grip/hold objects),"0, 0 | 1, 1 | 2, 2 | 9, 9",,,,,,,y,,
ad041ev,Autism Diagnostic Interview-Rev (ADI-R) Toddler 2006,,dropdown,"41. Motor skills (Posture, gait, coordination)","0, 0 | 1, 1 | 2, 2 | 9, 9",,,,,,,y,,
ad042ev,Autism Diagnostic Interview-Rev (ADI-R) Toddler 2006,,dropdown,42. Self-help skills,"0, 0 | 1, 1 | 2, 2 | 9, 9",,,,,,,y,,
ad043ev,Autism Diagnostic Interview-Rev (ADI-R) Toddler 2006,,dropdown,43. Constructive or imaginative play,"0, 0 | 1, 1 | 2, 2 | 9, 9",,,,,,,y,,
ad044ev,Autism Diagnostic Interview-Rev (ADI-R) Toddler 2006,,dropdown,44. Social engagement and responsiveness,"0, 0 | 1, 1 | 2, 2 | 9, 9",,,,,,,y,,
ad045ev,Autism Diagnostic Interview-Rev (ADI-R) Toddler 2006,,dropdown,45. Curiosity or alertness,"0, 0 | 1, 1 | 2, 2 | 9, 9",,,,,,,y,,
ad046mo_2006,Autism Diagnostic Interview-Rev (ADI-R) Toddler 2006,,text,57. Age when main loss of skill first apparent (months),,,,,,,,y,,
ad047_1a,Autism Diagnostic Interview-Rev (ADI-R) Toddler 2006,,dropdown,had the skill (response to name) before 24 months?,"0, 0 | 1, 1 | 8, 8 | 9, 9",,,,,,,y,,
ad047_1g,Autism Diagnostic Interview-Rev (ADI-R) Toddler 2006,,dropdown,had the skill (say or understand Uh-oh) before 24 months?,"0, 0 | 1, 1 | 8, 8 | 9, 9",,,,,,,y,,
ad047_1h,Autism Diagnostic Interview-Rev (ADI-R) Toddler 2006,,dropdown,had the skill (say or understand Mommy) before 24 months?,"0, 0 | 1, 1 | 8, 8 | 9, 9",,,,,,,y,,
ad047_1i,Autism Diagnostic Interview-Rev (ADI-R) Toddler 2006,,dropdown,had the skill (react to There's Mommy/Daddy) before 24 months?,"0, 0 | 1, 1 | 8, 8 | 9, 9",,,,,,,y,,
ad047_1j,Autism Diagnostic Interview-Rev (ADI-R) Toddler 2006,,dropdown,had the skill (say or understand Hi) before 24 months?,"0, 0 | 1, 1 | 8, 8 | 9, 9",,,,,,,y,,
ad047_1k,Autism Diagnostic Interview-Rev (ADI-R) Toddler 2006,,dropdown,had the skill (understand come-here/come-on) before 24 months?,"0, 0 | 1, 1 | 8, 8 | 9, 9",,,,,,,y,,
ad047_1l,Autism Diagnostic Interview-Rev (ADI-R) Toddler 2006,,dropdown,had the skill (understand look/look-here) before 24 months?,"0, 0 | 1, 1 | 8, 8 | 9, 9",,,,,,,y,,
ad047_2a,Autism Diagnostic Interview-Rev (ADI-R) Toddler 2006,,dropdown,stopped using the skill (response to name) for a month or more before 36 mo.,"0, 0 | 1, 1 | 8, 8 | 9, 9",,,,,,,y,,
ad047_2g,Autism Diagnostic Interview-Rev (ADI-R) Toddler 2006,,dropdown,stopped using the skill (say or understand Uh-oh) for a month or more before 36 mo.,"0, 0 | 1, 1 | 8, 8 | 9, 9",,,,,,,y,,
ad047_2h,Autism Diagnostic Interview-Rev (ADI-R) Toddler 2006,,dropdown,stopped using the skill (say or understand Mommy) for a month or more before 36 mo.,"0, 0 | 1, 1 | 8, 8 | 9, 9",,,,,,,y,,
ad047_2i,Autism Diagnostic Interview-Rev (ADI-R) Toddler 2006,,dropdown,stopped using the skill (react to There's Mommy/Daddy) for a month or more before 36 mo.,"0, 0 | 1, 1 | 8, 8 | 9, 9",,,,,,,y,,
ad047_2j,Autism Diagnostic Interview-Rev (ADI-R) Toddler 2006,,dropdown,stopped using the skill (say or understand Hi) for a month or more before 36 mo.,"0, 0 | 1, 1 | 8, 8 | 9, 9",,,,,,,y,,
ad047_2k,Autism Diagnostic Interview-Rev (ADI-R) Toddler 2006,,dropdown,stopped using the skill (understand come-here/come-on) for a month or more before 36 mo.,"0, 0 | 1, 1 | 8, 8 | 9, 9",,,,,,,y,,
ad047_2l,Autism Diagnostic Interview-Rev (ADI-R) Toddler 2006,,dropdown,stopped using the skill (understand look/look-here) for a month or more before 36 mo.,"0, 0 | 1, 1 | 8, 8 | 9, 9",,,,,,,y,,
ad047_3a,Autism Diagnostic Interview-Rev (ADI-R) Toddler 2006,,dropdown,can do (response to name) now,"0, 0 | 1, 1 | 8, 8 | 9, 9",,,,,,,y,,
ad047_3g,Autism Diagnostic Interview-Rev (ADI-R) Toddler 2006,,dropdown,can do (say or understand Uh-oh) now,"0, 0 | 1, 1 | 8, 8 | 9, 9",,,,,,,y,,
ad047_3h,Autism Diagnostic Interview-Rev (ADI-R) Toddler 2006,,dropdown,can do (say or understand Mommy) now,"0, 0 | 1, 1 | 8, 8 | 9, 9",,,,,,,y,,
ad047_3i,Autism Diagnostic Interview-Rev (ADI-R) Toddler 2006,,dropdown,can do (react to There's Mommy/Daddy) now,"0, 0 | 1, 1 | 8, 8 | 9, 9",,,,,,,y,,
ad047_3j,Autism Diagnostic Interview-Rev (ADI-R) Toddler 2006,,dropdown,can do (say or understand Hi) now,"0, 0 | 1, 1 | 8, 8 | 9, 9",,,,,,,y,,
ad047_3k,Autism Diagnostic Interview-Rev (ADI-R) Toddler 2006,,dropdown,can do (understand come-here/come-on) now,"0, 0 | 1, 1 | 8, 8 | 9, 9",,,,,,,y,,
ad047_3l,Autism Diagnostic Interview-Rev (ADI-R) Toddler 2006,,dropdown,can do (understand look/look-here) now,"0, 0 | 1, 1 | 8, 8 | 9, 9",,,,,,,y,,
ad047_4a,Autism Diagnostic Interview-Rev (ADI-R) Toddler 2006,,dropdown,never had the skill (response to name),"0, 0 | 1, 1 | 8, 8 | 9, 9",,,,,,,y,,
ad047_4g,Autism Diagnostic Interview-Rev (ADI-R) Toddler 2006,,dropdown,never had the skill (say or understand Uh-oh),"0, 0 | 1, 1 | 8, 8 | 9, 9",,,,,,,y,,
ad047_4h,Autism Diagnostic Interview-Rev (ADI-R) Toddler 2006,,dropdown,never had the skill (say or understand Mommy),"0, 0 | 1, 1 | 8, 8 | 9, 9",,,,,,,y,,
ad047_4i,Autism Diagnostic Interview-Rev (ADI-R) Toddler 2006,,dropdown,never had the skill (react to There's Mommy/Daddy),"0, 0 | 1, 1 | 8, 8 | 9, 9",,,,,,,y,,
ad047_4j,Autism Diagnostic Interview-Rev (ADI-R) Toddler 2006,,dropdown,never had the skill (say or understand Hi),"0, 0 | 1, 1 | 8, 8 | 9, 9",,,,,,,y,,
ad047_4k,Autism Diagnostic Interview-Rev (ADI-R) Toddler 2006,,dropdown,never had the skill (understand come-here/come-on),"0, 0 | 1, 1 | 8, 8 | 9, 9",,,,,,,y,,
ad047_4l,Autism Diagnostic Interview-Rev (ADI-R) Toddler 2006,,dropdown,never had the skill (understand look/look-here),"0, 0 | 1, 1 | 8, 8 | 9, 9",,,,,,,y,,
ad048ev,Autism Diagnostic Interview-Rev (ADI-R) Toddler 2006,,dropdown,48. Association of loss of skills with physical illness,"0, 0 | 1, 1 | 2, 2 | 8, 8 | 9, 9",,,,,,,y,,
ad049mo_2006,Autism Diagnostic Interview-Rev (ADI-R) Toddler 2006,,text,60. Age when skills began to return (months),,,,,,,,y,,
ad050cu,Autism Diagnostic Interview-Rev (ADI-R) Toddler 2006,,dropdown,50. Pointing to express interest,"0, 0 | 1, 1 | 2, 2 | 8, 8 | 9, 9",,,,,,,y,,
ad051cu,Autism Diagnostic Interview-Rev (ADI-R) Toddler 2006,,dropdown,51. Nodding,"0, 0 | 1, 1 | 2, 2 | 8, 8 | 9, 9",,,,,,,y,,
ad052cu,Autism Diagnostic Interview-Rev (ADI-R) Toddler 2006,,dropdown,52. Head shaking,"0, 0 | 1, 1 | 2, 2 | 8, 8 | 9, 9",,,,,,,y,,
ad081cu,Autism Diagnostic Interview-Rev (ADI-R) Toddler 2006,,dropdown,81.  Arms up to be lifted,"0, 0 | 1, 1 | 2, 2 | 3, 3 | 8, 8 | 9, 9",,,,,,,y,,
ad053cu,Autism Diagnostic Interview-Rev (ADI-R) Toddler 2006,,dropdown,53.   Conventional/instrumental gestures,"0, 0 | 1, 1 | 2, 2 | 3, 3 | 8, 8 | 9, 9",,,,,,,y,,
ad054cu,Autism Diagnostic Interview-Rev (ADI-R) Toddler 2006,,dropdown,54.  Understanding gestures,"0, 0 | 1, 1 | 2, 2 | 3, 3 | 8, 8 | 9, 9",,,,,,,y,,
ad055cu,Autism Diagnostic Interview-Rev (ADI-R) Toddler 2006,,dropdown,55. Attention to voice,"0, 0 | 1, 1 | 2, 2 | 3, 3 | 8, 8 | 9, 9",,,,,,,y,,
ad056cu,Autism Diagnostic Interview-Rev (ADI-R) Toddler 2006,,dropdown,56. Spontaneous imitation of actions,"0, 0 | 1, 1 | 2, 2 | 3, 3 | 8, 8 | 9, 9",,,,,,,y,,
ad057cu,Autism Diagnostic Interview-Rev (ADI-R) Toddler 2006,,dropdown,57. Elicited vocal imitation,"0, 0 | 1, 1 | 2, 2 | 3, 3 | 9, 9",,,,,,,y,,
ad066cu,Autism Diagnostic Interview-Rev (ADI-R) Toddler 2006,,dropdown,66. Direct gaze,"0, 0 | 1, 1 | 2, 2 | 3, 3 | 8, 8 | 9, 9",,,,,,,y,,
ad070n_ever_2006,Autism Diagnostic Interview-Rev (ADI-R) Toddler 2006,,dropdown,70. Ever lost direct gaze skill,"0, 0 | 1, 1 | 2, 2 | 7, 7 | 8, 8 | 9, 9 | 993, 993 | 994, 994 | 995, 995 | 998, 998 | 999, 999",,,,,,,y,,
ad070n_age_2006,Autism Diagnostic Interview-Rev (ADI-R) Toddler 2006,,text,70. Age when direct gaze skill regained,,,,,,,,y,,
ad067cu,Autism Diagnostic Interview-Rev (ADI-R) Toddler 2006,,dropdown,67.  Social smiling,"0, 0 | 1, 1 | 2, 2 | 3, 3 | 8, 8 | 9, 9",,,,,,,y,,
ad071n_parents_ever_2006,Autism Diagnostic Interview-Rev (ADI-R) Toddler 2006,,dropdown,71. Ever lost social smiling to parents,"0, 0 | 1, 1 | 2, 2 | 3, 3 | 8, 8 | 9, 9 | 993, 993 | 994, 994 | 995, 995 | 998, 998 | 999, 999",,,,,,,y,,
ad071n_parents_age_2006,Autism Diagnostic Interview-Rev (ADI-R) Toddler 2006,,text,71. Age when social smiling to parents regained,,,,,,,,y,,
ad071n_others_ever_2006,Autism Diagnostic Interview-Rev (ADI-R) Toddler 2006,,dropdown,71. Ever lost social smiling to others,"0, 0 | 1, 1 | 2, 2 | 3, 3 | 8, 8 | 9, 9 | 993, 993 | 994, 994 | 995, 995 | 998, 998 | 999, 999",,,,,,,y,,
ad071n_others_age_2006,Autism Diagnostic Interview-Rev (ADI-R) Toddler 2006,,text,71. Age when social smiling to others regained,,,,,,,,y,,
ad068mcu,Autism Diagnostic Interview-Rev (ADI-R) Toddler 2006,,dropdown,68.   Greeting (MOTHER),"0, 0 | 1, 1 | 2, 2 | 3, 3 | 8, 8 | 9, 9",,,,,,,y,,
ad068fcu,Autism Diagnostic Interview-Rev (ADI-R) Toddler 2006,,dropdown,68.   Greeting (FATHER),"0, 0 | 1, 1 | 2, 2 | 3, 3 | 8, 8 | 9, 9",,,,,,,y,,
ad068ocu,Autism Diagnostic Interview-Rev (ADI-R) Toddler 2006,,dropdown,68.   Greeting (OTHER),"0, 0 | 1, 1 | 2, 2 | 3, 3 | 8, 8 | 9, 9",,,,,,,y,,
ad069cu,Autism Diagnostic Interview-Rev (ADI-R) Toddler 2006,,dropdown,69. Showing and directing attention,"0, 0 | 1, 1 | 2, 2 | 3, 3 | 8, 8 | 9, 9",,,,,,,y,,
ad070cu,Autism Diagnostic Interview-Rev (ADI-R) Toddler 2006,,dropdown,70. Offering to share,"0, 0 | 1, 1 | 2, 2 | 3, 3 | 8, 8 | 9, 9",,,,,,,y,,
ad071cu,Autism Diagnostic Interview-Rev (ADI-R) Toddler 2006,,dropdown,71.  Seeking to share her/his enjoyment with others,"0, 0 | 1, 1 | 2, 2 | 8, 8 | 9, 9",,,,,,,y,,
ad072cu,Autism Diagnostic Interview-Rev (ADI-R) Toddler 2006,,dropdown,72.  Sharing others' pleasure and excitement,"0, 0 | 1, 1 | 2, 2 | 3, 3 | 8, 8 | 9, 9",,,,,,,y,,
ad073cu,Autism Diagnostic Interview-Rev (ADI-R) Toddler 2006,,dropdown,73. Offering comfort,"0, 0 | 1, 1 | 2, 2 | 3, 3 | 8, 8 | 9, 9",,,,,,,y,,
ad074mcu,Autism Diagnostic Interview-Rev (ADI-R) Toddler 2006,,dropdown,74.  Coming for comfort (MOTHER),"0, 0 | 1, 1 | 2, 2 | 3, 3 | 8, 8 | 9, 9",,,,,,,y,,
ad074fcu,Autism Diagnostic Interview-Rev (ADI-R) Toddler 2006,,dropdown,74.  Coming for comfort (FATHER),"0, 0 | 1, 1 | 2, 2 | 3, 3 | 8, 8 | 9, 9",,,,,,,y,,
ad074ocu,Autism Diagnostic Interview-Rev (ADI-R) Toddler 2006,,dropdown,74.  Coming for comfort (OTHER),"0, 0 | 1, 1 | 2, 2 | 3, 3 | 8, 8 | 9, 9",,,,,,,y,,
ad075cu,Autism Diagnostic Interview-Rev (ADI-R) Toddler 2006,,dropdown,75. Quality of social overtures,"0, 0 | 1, 1 | 2, 2 | 3, 3 | 8, 8 | 9, 9",,,,,,,y,,
ad076cu,Autism Diagnostic Interview-Rev (ADI-R) Toddler 2006,,dropdown,76. Range of facial expressions used to communicate,"0, 0 | 1, 1 | 2, 2 | 3, 3 | 8, 8 | 9, 9",,,,,,,y,,
ad077cu,Autism Diagnostic Interview-Rev (ADI-R) Toddler 2006,,dropdown,77.  Inappropriate facial expressions,"0, 0 | 1, 1 | 2, 2 | 8, 8 | 9, 9",,,,,,,y,,
ad078cu,Autism Diagnostic Interview-Rev (ADI-R) Toddler 2006,,dropdown,78.  Social crying  (CRYING MUST HAVE TEARS TO BE SCORED),"0, 0 | 1, 1 | 2, 2 | 5, 5 | 6, 6 | 7, 7 | 9, 9",,,,,,,y,,
ad079cu,Autism Diagnostic Interview-Rev (ADI-R) Toddler 2006,,dropdown,79.  Response to pain,"0, 0 | 1, 1 | 2, 2 | 5, 5 | 6, 6 | 7, 7 | 9, 9",,,,,,,y,,
ad080cu,Autism Diagnostic Interview-Rev (ADI-R) Toddler 2006,,dropdown,80. Appropriateness of social responses,"0, 0 | 1, 1 | 2, 2 | 3, 3 | 8, 8 | 9, 9",,,,,,,y,,
ad082mcu,Autism Diagnostic Interview-Rev (ADI-R) Toddler 2006,,dropdown,"82.  Cuddliness, current (MOTHER )","0, 0 | 1, 1 | 2, 2 | 3, 3 | 9, 9",,,,,,,y,,
ad082min,Autism Diagnostic Interview-Rev (ADI-R) Toddler 2006,,dropdown,"82.  Cuddliness, as infant (Mother)","0, 0 | 1, 1 | 2, 2 | 3, 3 | 9, 9",,,,,,,y,,
ad082fcu,Autism Diagnostic Interview-Rev (ADI-R) Toddler 2006,,dropdown,"82.  Cuddliness, current (father)","0, 0 | 1, 1 | 2, 2 | 3, 3 | 9, 9",,,,,,,y,,
ad082fin,Autism Diagnostic Interview-Rev (ADI-R) Toddler 2006,,dropdown,"82.  Cuddliness, as infant (father)","0, 0 | 1, 1 | 2, 2 | 3, 3 | 9, 9",,,,,,,y,,
ad082ocu,Autism Diagnostic Interview-Rev (ADI-R) Toddler 2006,,dropdown,"82.  Cuddliness, current (other)","0, 0 | 1, 1 | 2, 2 | 3, 3 | 9, 9",,,,,,,y,,
ad082oin,Autism Diagnostic Interview-Rev (ADI-R) Toddler 2006,,dropdown,"82.  Cuddliness, as infant (Other)","0, 0 | 1, 1 | 2, 2 | 3, 3 | 9, 9",,,,,,,y,,
ad086n_cu_2006,Autism Diagnostic Interview-Rev (ADI-R) Toddler 2006,,dropdown,86. Affection (current),"0, 0 | 1, 1 | 2, 2 | 3, 3 | 7, 7 | 8, 8 | 9, 9",,,,,,,y,,
ad083mcu_2006,Autism Diagnostic Interview-Rev (ADI-R) Toddler 2006,,dropdown,86.  Affection (MOTHER),"0, 0 | 1, 1 | 2, 2 | 3, 3 | 8, 8 | 9, 9",,,,,,,y,,
ad083fcu_2006,Autism Diagnostic Interview-Rev (ADI-R) Toddler 2006,,dropdown,86.  Affection (FATHER),"0, 0 | 1, 1 | 2, 2 | 3, 3 | 8, 8 | 9, 9",,,,,,,y,,
ad083ocu_2006,Autism Diagnostic Interview-Rev (ADI-R) Toddler 2006,,dropdown,86.  Affection (OTHER),"0, 0 | 1, 1 | 2, 2 | 3, 3 | 8, 8 | 9, 9",,,,,,,y,,
ad084cu,Autism Diagnostic Interview-Rev (ADI-R) Toddler 2006,,dropdown,84.  Discrimination (CURRENT),"0, 0 | 1, 1 | 2, 2 | 3, 3 | 9, 9",,,,,,,y,,
ad084tm,Autism Diagnostic Interview-Rev (ADI-R) Toddler 2006,,dropdown,84.  Discrimination (TYPICAL AT 12 MONTHS),"0, 0 | 1, 1 | 2, 2 | 3, 3 | 9, 9",,,,,,,y,,
ad085mcu,Autism Diagnostic Interview-Rev (ADI-R) Toddler 2006,,dropdown,85.  Secure Base (MOTHER),"0, 0 | 1, 1 | 2, 2 | 3, 3 | 7, 7 | 8, 8 | 9, 9",,,,,,,y,,
ad085fcu,Autism Diagnostic Interview-Rev (ADI-R) Toddler 2006,,dropdown,85.  Secure Base (FATHER),"0, 0 | 1, 1 | 2, 2 | 3, 3 | 7, 7 | 8, 8 | 9, 9",,,,,,,y,,
ad085ocu,Autism Diagnostic Interview-Rev (ADI-R) Toddler 2006,,dropdown,85.  Secure Base (OTHER),"0, 0 | 1, 1 | 2, 2 | 3, 3 | 7, 7 | 8, 8 | 9, 9",,,,,,,y,,
ad086mcu,Autism Diagnostic Interview-Rev (ADI-R) Toddler 2006,,dropdown,86.  Separation Anxiety (MOTHER),"0, 0 | 1, 1 | 2, 2 | 7, 7 | 8, 8 | 9, 9",,,,,,,y,,
ad086fcu,Autism Diagnostic Interview-Rev (ADI-R) Toddler 2006,,dropdown,86.  Separation Anxiety (FATHER),"0, 0 | 1, 1 | 2, 2 | 7, 7 | 8, 8 | 9, 9",,,,,,,y,,
ad086ocu,Autism Diagnostic Interview-Rev (ADI-R) Toddler 2006,,dropdown,86.  Separation Anxiety (OTHER),"0, 0 | 1, 1 | 2, 2 | 7, 7 | 8, 8 | 9, 9",,,,,,,y,,
ad087cu,Autism Diagnostic Interview-Rev (ADI-R) Toddler 2006,,dropdown,87. Functional Play with Toys,"0, 0 | 1, 1 | 2, 2 | 3, 3 | 8, 8 | 9, 9",,,,,,,y,,
ad088cu,Autism Diagnostic Interview-Rev (ADI-R) Toddler 2006,,dropdown,88.   Imaginative Play,"0, 0 | 1, 1 | 2, 2 | 3, 3 | 8, 8 | 9, 9",,,,,,,y,,
ad092n_cu_2006,Autism Diagnostic Interview-Rev (ADI-R) Toddler 2006,,dropdown,92.  Initiation of appropriate activities,"0, 0 | 1, 1 | 2, 2 | 3, 3 | 4, 4 | 8, 8 | 9, 9",,,,,,,y,,
ad090cu,Autism Diagnostic Interview-Rev (ADI-R) Toddler 2006,,dropdown,90. Imitative social play,"0, 0 | 1, 1 | 2, 2 | 3, 3 | 8, 8 | 9, 9",,,,,,,y,,
ad093n_ever_2006,Autism Diagnostic Interview-Rev (ADI-R) Toddler 2006,,dropdown,"93. Imitative social play, for peek-a-boo, Current","0, 0 | 1, 1 | 2, 2 | 7, 7 | 8, 8 | 9, 9 |  993,  993 | 994, 994 | 995, 995 | 998, 998 | 999, 999",,,,,,,y,,
ad093n_age_2006,Autism Diagnostic Interview-Rev (ADI-R) Toddler 2006,,text,"93. Imitative social play, for peek-a-boo, Age when skill regained",,,,,,,,y,,
ad091cu,Autism Diagnostic Interview-Rev (ADI-R) Toddler 2006,,dropdown,91. Interest in children,"0, 0 | 1, 1 | 2, 2 | 3, 3 | 8, 8 | 9, 9",,,,,,,y,,
ad092cu,Autism Diagnostic Interview-Rev (ADI-R) Toddler 2006,,dropdown,92. Response to approaches of other children,"0, 0 | 1, 1 | 2, 2 | 3, 3 | 8, 8 | 9, 9",,,,,,,y,,
ad093cu,Autism Diagnostic Interview-Rev (ADI-R) Toddler 2006,,dropdown,93. Unusual preoccupations (CURRENT),"0, 0 | 1, 1 | 2, 2 | 3, 3 | 8, 8 | 9, 9",,,,,,,y,,
ad093ev,Autism Diagnostic Interview-Rev (ADI-R) Toddler 2006,,dropdown,93. Unusual preoccupations (EVER),"0, 0 | 1, 1 | 2, 2 | 3, 3 | 8, 8 | 9, 9",,,,,,,y,,
ad093mo_2006,Autism Diagnostic Interview-Rev (ADI-R) Toddler 2006,,text,96. Unusual preoccupations (AGE OF ONSET) (months),,,,,,,,y,,
ad094cu,Autism Diagnostic Interview-Rev (ADI-R) Toddler 2006,,dropdown,94. Circumscribed interests (CURRENT),"0, 0 | 1, 1 | 2, 2 | 3, 3 | 8, 8 | 9, 9",,,,,,,y,,
ad094ev,Autism Diagnostic Interview-Rev (ADI-R) Toddler 2006,,dropdown,94. Circumscribed interests (EVER),"0, 0 | 1, 1 | 2, 2 | 3, 3 | 8, 8 | 9, 9",,,,,,,y,,
ad094mo_2006,Autism Diagnostic Interview-Rev (ADI-R) Toddler 2006,,text,97. Circumscribed interests (AGE OF ONSET) (months),,,,,,,,y,,
ad095cu,Autism Diagnostic Interview-Rev (ADI-R) Toddler 2006,,dropdown,95. Repetitive use of objects or interest in parts of objects (CURRENT),"0, 0 | 1, 1 | 2, 2 | 3, 3 | 7, 7 | 8, 8 | 9, 9",,,,,,,y,,
ad095ev,Autism Diagnostic Interview-Rev (ADI-R) Toddler 2006,,dropdown,95. Repetitive use of objects or interest in parts of objects (EVER),"0, 0 | 1, 1 | 2, 2 | 3, 3 | 7, 7 | 8, 8 | 9, 9",,,,,,,y,,
ad095mo_2006,Autism Diagnostic Interview-Rev (ADI-R) Toddler 2006,,text,98. Repetitive use of objects or interest in parts of objects (AGE OF ONSET) (months),,,,,,,,y,,
ad096cu,Autism Diagnostic Interview-Rev (ADI-R) Toddler 2006,,dropdown,96. Compulsions/rituals (CURRENT),"0, 0 | 1, 1 | 2, 2 | 3, 3 | 8, 8 | 9, 9",,,,,,,y,,
ad096ev,Autism Diagnostic Interview-Rev (ADI-R) Toddler 2006,,dropdown,96. Compulsions/rituals (EVER),"0, 0 | 1, 1 | 2, 2 | 3, 3 | 8, 8 | 9, 9",,,,,,,y,,
ad096mo_2006,Autism Diagnostic Interview-Rev (ADI-R) Toddler 2006,,text,99. Compulsions/rituals (AGE OF ONSET) (months),,,,,,,,y,,
ad097cu,Autism Diagnostic Interview-Rev (ADI-R) Toddler 2006,,dropdown,97. Unusual sensory interests (CURRENT),"0, 0 | 1, 1 | 2, 2 | 8, 8 | 9, 9",,,,,,,y,,
ad097ev,Autism Diagnostic Interview-Rev (ADI-R) Toddler 2006,,dropdown,97. Unusual sensory interests (EVER),"0, 0 | 1, 1 | 2, 2 | 8, 8 | 9, 9",,,,,,,y,,
ad097mo_2006,Autism Diagnostic Interview-Rev (ADI-R) Toddler 2006,,text,100. Unusual sensory interests (AGE OF ONSET) (months),,,,,,,,y,,
ad098cu,Autism Diagnostic Interview-Rev (ADI-R) Toddler 2006,,dropdown,98. Undue general sensitivity to noise (CURRENT),"0, 0 | 1, 1 | 2, 2 | 3, 3 | 9, 9",,,,,,,y,,
ad098ev,Autism Diagnostic Interview-Rev (ADI-R) Toddler 2006,,dropdown,98. Undue general sensitivity to noise (EVER),"0, 0 | 1, 1 | 2, 2 | 3, 3 | 9, 9",,,,,,,y,,
ad098mo_2006,Autism Diagnostic Interview-Rev (ADI-R) Toddler 2006,,text,101. Undue general sensitivity to noise (AGE OF ONSET) (months),,,,,,,,y,,
ad099cu_2006,Autism Diagnostic Interview-Rev (ADI-R) Toddler 2006,,dropdown,"102. Abnormal, idiosyncratic, negative response to specific sensory stimuli (CURRENT)","0, 0 | 1, 1 | 2, 2 | 3, 3 | 8, 8 | 9, 9",,,,,,,y,,
ad099ev_2006,Autism Diagnostic Interview-Rev (ADI-R) Toddler 2006,,dropdown,"102. Abnormal, idiosyncratic, negative response to specific sensory stimuli (EVER)","0, 0 | 1, 1 | 2, 2 | 3, 3 | 8, 8 | 9, 9",,,,,,,y,,
ad099mo_2006,Autism Diagnostic Interview-Rev (ADI-R) Toddler 2006,,text,"102. Abnormal, idiosyncratic, negative response to specific sensory stimuli (AGE OF ONSET) (months)",,,,,,,,y,,
ad100cu,Autism Diagnostic Interview-Rev (ADI-R) Toddler 2006,,dropdown,100.  Unusual Fears (CURRENT),"0, 0 | 1, 1 | 2, 2 | 3, 3 | 7, 7 | 8, 8 | 9, 9",,,,,,,y,,
ad100ev,Autism Diagnostic Interview-Rev (ADI-R) Toddler 2006,,dropdown,100.  Unusual Fears (EVER),"0, 0 | 1, 1 | 2, 2 | 3, 3 | 7, 7 | 8, 8 | 9, 9",,,,,,,y,,
ad100mo_2006,Autism Diagnostic Interview-Rev (ADI-R) Toddler 2006,,text,103.  Unusual Fears (AGE OF ONSET) (months),,,,,,,,y,,
ad101cu,Autism Diagnostic Interview-Rev (ADI-R) Toddler 2006,,dropdown,101.  Difficulties with minor changes in childs own routines or personal environment (CURRENT),"0, 0 | 1, 1 | 2, 2 | 3, 3 | 8, 8 | 9, 9",,,,,,,y,,
ad101ev,Autism Diagnostic Interview-Rev (ADI-R) Toddler 2006,,dropdown,101.  Difficulties with minor changes in childs own routines or personal environment (EVER),"0, 0 | 1, 1 | 2, 2 | 3, 3 | 8, 8 | 9, 9",,,,,,,y,,
ad101mo_2006,Autism Diagnostic Interview-Rev (ADI-R) Toddler 2006,,text,104.  Difficulties with minor changes in childs own routines or personal environment (AGE OF ONSET),,,,,,,,y,,
ad102cu,Autism Diagnostic Interview-Rev (ADI-R) Toddler 2006,,dropdown,102.  Resistance to trivial changes in the environment (CURRENT),"0, 0 | 1, 1 | 2, 2 | 3, 3 | 8, 8 | 9, 9",,,,,,,y,,
ad102ev,Autism Diagnostic Interview-Rev (ADI-R) Toddler 2006,,dropdown,102.  Resistance to trivial changes in the environment (EVER),"0, 0 | 1, 1 | 2, 2 | 3, 3 | 8, 8 | 9, 9",,,,,,,y,,
ad102mo_2006,Autism Diagnostic Interview-Rev (ADI-R) Toddler 2006,,text,105.  Resistance to trivial changes in the environment (AGE OF ONSET) (months),,,,,,,,y,,
ad103cu,Autism Diagnostic Interview-Rev (ADI-R) Toddler 2006,,dropdown,103.  Unusual attachment to objects (CURRENT),"0, 0 | 1, 1 | 2, 2 | 3, 3 | 7, 7 | 8, 8 | 9, 9",,,,,,,y,,
ad103ev,Autism Diagnostic Interview-Rev (ADI-R) Toddler 2006,,dropdown,103.  Unusual attachment to objects (EVER),"0, 0 | 1, 1 | 2, 2 | 3, 3 | 7, 7 | 8, 8 | 9, 9",,,,,,,y,,
ad103mo_2006,Autism Diagnostic Interview-Rev (ADI-R) Toddler 2006,,text,106.  Unusual attachment to objects (AGE OF ONSET) (months),,,,,,,,y,,
ad104cu_2006,Autism Diagnostic Interview-Rev (ADI-R) Toddler 2006,,dropdown,107.  Hand and finger mannerisms (CURRENT),"0, 0 | 1, 1 | 2, 2 | 3, 3 | 8, 8 | 9, 9",,,,,,,y,,
ad104ev_2006,Autism Diagnostic Interview-Rev (ADI-R) Toddler 2006,,dropdown,107.  Hand and finger mannerisms (EVER),"0, 0 | 1, 1 | 2, 2 | 3, 3 | 8, 8 | 9, 9",,,,,,,y,,
ad104mo_2006,Autism Diagnostic Interview-Rev (ADI-R) Toddler 2006,,text,107.  Hand and finger mannerisms (AGE OF ONSET) (months),,,,,,,,y,,
ad105cu,Autism Diagnostic Interview-Rev (ADI-R) Toddler 2006,,dropdown,105.  Midline hand movements (CURRENT),"0, 0 | 1, 1 | 2, 2 | 8, 8 | 9, 9",,,,,,,y,,
ad105ev,Autism Diagnostic Interview-Rev (ADI-R) Toddler 2006,,dropdown,105.  Midline hand movements (EVER),"0, 0 | 1, 1 | 2, 2 | 8, 8 | 9, 9",,,,,,,y,,
ad105mo_2006,Autism Diagnostic Interview-Rev (ADI-R) Toddler 2006,,text,108.  Midline hand movements (AGE OF ONSET) (months),,,,,,,,y,,
ad106cu,Autism Diagnostic Interview-Rev (ADI-R) Toddler 2006,,dropdown,106.  Other complex mannerisms or stereotyped body movements (CURRENT),"0, 0 | 1, 1 | 2, 2 | 3, 3 | 8, 8 | 9, 9",,,,,,,y,,
ad106ev,Autism Diagnostic Interview-Rev (ADI-R) Toddler 2006,,dropdown,106.  Other complex mannerisms or stereotyped body movements (EVER),"0, 0 | 1, 1 | 2, 2 | 3, 3 | 8, 8 | 9, 9",,,,,,,y,,
ad106mo_2006,Autism Diagnostic Interview-Rev (ADI-R) Toddler 2006,,text,109.  Other complex mannerisms or stereotyped body movements (AGE OF ONSET) (months),,,,,,,,y,,
ad107cu,Autism Diagnostic Interview-Rev (ADI-R) Toddler 2006,,dropdown,107.  Rocking (CURRENT),"0, 0 | 1, 1 | 2, 2 | 3, 3 | 8, 8 | 9, 9",,,,,,,y,,
