Variable / Field Name,Form Name,Section Header,Field Type,Field Label,"Choices, Calculations, OR Slider Labels",Field Note,Text Validation Type OR Show Slider Number,Text Validation Min,Text Validation Max,Identifier?,Branching Logic (Show field only if...),Required Field?,Custom Alignment,Question Number (surveys only)
subjectkey,CPEA STAART Toal 2,,text,The NDAR Global Unique Identifier (GUID) for subjects which identifies a subject in NDAR,,,,,,,,y,,
cycle,CPEA STAART Toal 2,,text,Timepoint information,,,,,,,,y,,
patid,CPEA STAART Toal 2,,text,src_Subject_id,,Patient IDs were assigned at the research site for CPEA and STAART,,,,,,y,,
network,CPEA STAART Toal 2,,text,Network,,CPEA or STAART Network,,,,,,y,,
site,CPEA STAART Toal 2,,text,Site,,CPEA or STAART Site,,,,,,y,,
study,CPEA STAART Toal 2,,text,Study,,CPEA or STAART Study,,,,,,y,,
toal_cql_q,CPEA STAART Toal 2,,text,Quotients,,,,,,,,y,,
toal_cqs_q,CPEA STAART Toal 2,,text,Quotients,,,,,,,,y,,
toal_cqsl_q,CPEA STAART Toal 2,,text,Quotients,,,,,,,,y,,
toal_sslg_rs,CPEA STAART Toal 2,,text,Raw Scores,,,,,,,,y,,
toal_sslg_std,CPEA STAART Toal 2,,text,Std. Scores,,,,,,,,y,,
toal_sslv_rs,CPEA STAART Toal 2,,text,Raw Scores,,,,,,,,y,,
toal_sslv_std,CPEA STAART Toal 2,,text,Std. Scores,,,,,,,,y,,
toal_sssg_rs,CPEA STAART Toal 2,,text,Raw Scores,,,,,,,,y,,
toal_sssg_std,CPEA STAART Toal 2,,text,Std. Scores,,,,,,,,y,,
toal_sssv_rs,CPEA STAART Toal 2,,text,Raw Scores,,,,,,,,y,,
toal_sssv_std,CPEA STAART Toal 2,,text,Std. Scores,,,,,,,,y,,
toal_version,CPEA STAART Toal 2,,text,TOAL Version,,,,,,,,y,,
