ElementName,DataType,Size,Unit,Required,ElementDescription,ValueRange,Keywords,Notes,Section,Aliases
subjectkey,GUID,0,,Required,"The NDAR Global Unique Identifier (GUID) for subjects which identifies a subject in NDAR","NDAR*",,"","Header","GUID"
src_subject_id,String,20,,Required,"The site's subject identification","",,"","Header","ID"
interview_date,Date,0,,Required,"Date on which the interview/genetic test/sampling/imaging was completed","MM/yyyy;MM/dd/yyyy",,"* '01/01/1900' indicates that a date associated with retrospective data is not known.","Header","Date,ADOSTDate"
interview_age,Integer,0,,Required,"Age in months at the time of the interview/test/sampling/imaging.","0 to 1200",,"Age is rounded to chronological month If the research participant is 13 days old at time of interview  the appropriate value would be 0 months if the participant is 19 days old the value would be 1 month","Header","CA"
gender,String,50,,Required,"Gender","M;F",,"","",""
ados_dx,String,15,,Required,"ADOS Diagnosis","",,"","",""
adosta01,Integer,0,,Required,"A. 1. Overall Level of Non-Echoed Language","0;1;2;3;8;-9",,"","","OLoNEL"
adosta01a,Integer,0,,Recommended,"1a. Frequency of Babbling","0;1;2;3;8;-9",,"","","F_of_Bab"
adosta01m,Integer,0,,Recommended,"/m/","0;1",,"","",""
adosta01n,Integer,0,,Recommended,"/n/","0;1",,"","",""
adosta01bp,Integer,0,,Recommended,"/b|p/","0;1",,"","",""
adosta01dt,Integer,0,,Recommended,"/d|t/","0;1",,"","",""
adosta01gk,Integer,0,,Recommended,"/g|k/","0;1",,"","",""
adosta01w,Integer,0,,Recommended,"/w/","0;1",,"","",""
adosta01l,Integer,0,,Recommended,"/l/","0;1",,"","",""
adosta01y,Integer,0,,Recommended,"/y/","0;1",,"","",""
adosta01s,Integer,0,,Recommended,"/s/","0;1",,"","",""
adosta01sh,Integer,0,,Recommended,"/sh/","0;1",,"","",""
adosta02,Integer,0,,Recommended,"2. Frequency of Spontaneous Vocalization Directed to Others","0;1;2;3;-9",,"","","FoSVDtO"
adosta03,Integer,0,,Recommended,"3. Intonation of Vocalizations or Verbalizations","0;1;2;3;8;-9",,"","","I_of_V_or_V"
adosta04,Integer,0,,Recommended,"4. Immediate Echolalia","0;1;2;3;8;-9",,"","","Imed_Echo"
adosta05,Integer,0,,Recommended,"5. Stereotyped/Idiosyncratic Use of Words or Phrases","0;1;2;3;8;-9",,"","","SIUoWoP"
adosta06,Integer,0,,Recommended,"6. Use of Other's Body","0;1;2;3;8;-9",,"","","UoOBtC"
adosta07,Integer,0,,Recommended,"7. Pointing","0;1;2;3;-9",,"","","Pointing"
adosta08,Integer,0,,Recommended,"8. Gestures","0;1;2;3;8;-9",,"","","Gestures"
adosta09,Integer,0,,Recommended,"9. Frequency of Undirected Vocalization","0;1;2;3;8;-9",,"","","FreqoUV"
adostb01,Integer,0,,Recommended,"B. 1. Unusual Eye Contact","0;1;2;3;-9",,"","","Un_Eye_Con"
adostb02,Integer,0,,Recommended,"2. Teasing Toy Play","0;1;2;3;8;-9",,"","",""
adostb03,Integer,0,,Recommended,"3. Unable Toy Play","0;1;2;3;8;-9",,"","",""
adostb04,Integer,0,,Recommended,"4. Facial Expressions Directed to Others","0;1;2;3;-9",,"","","FEDtO"
adostb05,Integer,0,,Recommended,"5. Integration of Gaze and Other Behaviors During Social Overtures","0;1;2;3;-9",,"","","IoGaOBDSO"
adostb06,Integer,0,,Recommended,"6. Shared Enjoyment in Interaction","0;1;2;3;-9",,"","","ShEnj_in_Int"
adostb07,Integer,0,,Recommended,"7. Response to Name","0;1;2;3;-9",,"","",""
adostb08,Integer,0,,Recommended,"8. Ignore","0;1;2;3;-9",,"","",""
adostb09,Integer,0,,Recommended,"9. Requesting","0;1;2;3;-9",,"","","Requesting"
adostb10,Integer,0,,Recommended,"10. Amount of Requesting","0;1;2;3;-9",,"","","Amt_of_Req"
adostb11,Integer,0,,Recommended,"11. Giving","0;1;2;3;-9",,"","","Giving"
adostb12,Integer,0,,Recommended,"12. Showing","0;1;2;3;-9",,"","","Showing"
adostb13,Integer,0,,Recommended,"13. Spontaneous Initiation of Joint Attention","0;1;2;3;-9",,"","","Spon_In_of_JA"
adostb14,Integer,0,,Recommended,"14. Response to Joint Attention","0;1;2;3;-9",,"","","Resp_to_JA"
adostb15,Integer,0,,Recommended,"15. Quality of Social Overtures","0;1;2;3;-9",,"","","Qual_of_SO"
adostb16a,Integer,0,,Recommended,"16a. Amount of Social Overtures/Maintenance of Attention: Examiner","0;1;2;3;7;-9",,"","","Amt_SO_MofA_Ex"
adostb16b,Integer,0,,Recommended,"16b. Amount of Social Overtures/Maintenance of Attention: Parent/Caregiver","0;1;2;3;7;8;-9",,"","","Amt_SO_MofA_CG"
adostb17,Integer,0,,Recommended,"17. Level of Engagement","0;1;2;3;-9",,"","","Lev_o_Engag"
adostb18,Integer,0,,Recommended,"18. Overall Quality of Rapport","0;1;2;3;-9",,"","","OvQu_o_Rap"
adostc01,Integer,0,,Recommended,"C. 1. Functional Play With Objects","0;1;2;3;-9",,"","","Fxl_Play_w_Ob"
adostc02,Integer,0,,Recommended,"2. Imagination/Creativity","0;1;2;3;-9",,"","","Imag_Creat"
adostc03,Integer,0,,Recommended,"3. Functional and Symbolic Imitation","0;1;2;3;-9",,"","",""
adostd01,Integer,0,,Recommended,"D. 1. Unusual Sensory Interest in Play Material/Person","0;1;2;3;-9",,"","","USliPMP"
adostd01a,String,100,,Recommended,"Specify Unusual Sensory Interest","",,"","",""
adostd02,Integer,0,,Recommended,"2. Hand and Finger Movements/Posturing","0;1;2;3;-9",,"","","HaFMP"
adostd02a,String,100,,Recommended,"Specify Hand and Finger Movements","",,"","",""
adostd03,Integer,0,,Recommended,"3. Other Complex Mannerisms","0;1;2;3;-9",,"","","Oth_Com_Man"
adostd03a,String,100,,Recommended,"Specify Other Complex Mannerisms","",,"","",""
adostd04,Integer,0,,Recommended,"4. Self-Injurious Behavior","0;1;2;3;-9",,"","","SelfInjBeh"
adostd05,Integer,0,,Recommended,"5. Unusually Repetitive Interests or Stereotyped Behaviors","0;1;2;3;-9",,"","","URIoSB"
adostd05a,String,100,,Recommended,"Specify Unusually Repetitive Interests","",,"","",""
adoste01,Integer,0,,Recommended,"E. 1. Overactivity","0;1;2;3;7;-9",,"","","Overactivity"
adoste02,Integer,0,,Recommended,"2. Fussiness","0;1;2;3;-9",,"","","Fussiness"
adoste03,Integer,0,,Recommended,"3. Aggression and Disruptive Behavior","0;1;2;3;-9",,"","","Ag_a_DisBeh"
adoste04,Integer,0,,Recommended,"4. Anxiety","0;1;2;3;-9",,"","","Anxiety"
