ElementName,DataType,Size,Unit,Required,ElementDescription,ValueRange,Keywords,Notes,Section,Aliases
image_file,File,0,,Required,"File name of image","",,"","",""
src_subject_id,String,20,,Required,"The site's subject identification","",,"","",""
image_modality,String,20,,Required,"Image modality","Computed Radiography; Computed Tomography; External Camera Photography; FA; General Microscopy; MRI; Magnetic Resonance; Magnetic Resonance Spectroscopy; Nuclear Medicine; Single Photon Emission Computed Tomography; Ultrasound",,"","",""
image_orientation,String,20,,Required,"Orientation","Axial; Coronal; Sagittal",,"","",""
image_unit4,String,20,,Required,"Units [4]","Inches; Centimeters; Angstroms; Nanometers; Micrometers; Millimeters; Meters; Kilometers; Miles; Nanoseconds; Microseconds; Milliseconds; Seconds; Minutes; Hours; Hertz",,"","",""
image_unit3,String,20,,Required,"Units [3] Z dimension","Inches; Centimeters; Angstroms; Nanometers; Micrometers; Millimeters; Meters; Kilometers; Miles; Nanoseconds; Microseconds; Milliseconds; Seconds; Minutes; Hours; Hertz",,"","",""
image_unit2,String,20,,Required,"Units [2] Y dimension","Inches; Centimeters; Angstroms; Nanometers; Micrometers; Millimeters; Meters; Kilometers; Miles; Nanoseconds; Microseconds; Milliseconds; Seconds; Minutes; Hours; Hertz",,"","",""
image_unit1,String,20,,Required,"Units [1] X dimension","Inches; Centimeters; Angstroms; Nanometers; Micrometers; Millimeters; Meters; Kilometers; Miles; Nanoseconds; Microseconds; Milliseconds; Seconds; Minutes; Hours; Hertz",,"","",""
image_history,String,1024,,Required,"Image history","",,"","",""
image_description,String,512,,Required,"Image description","",,"","",""
archive_file_location,String,255,,Required,"SFTP location of archive file","",,"","",""
comments_misc,String,255,,Recommended,"Miscellaneous comments on study, interview, methodology relevant to this form data","",,"","",""
image_extent5,Integer,0,,Required,"Extent [5]","1+",,"","",""
image_extent4,Integer,0,,Required,"Extent [4]","1+",,"","",""
image_extent3,Integer,0,,Required,"Extent [3] Z dimension","1+",,"","",""
image_extent2,Integer,0,,Required,"Extent [2] Y dimension","1+",,"","",""
image_extent1,Integer,0,,Required,"Extent [1] X dimension","1+",,"","",""
image_num_dimensions,Integer,0,,Required,"Number of dimensions","1 to 5",,"","",""
interview_age,Integer,0,,Required,"Age in months at the time of the interview/test/sampling/imaging.","0 to 1200",,"Age is rounded to chronological month If the research participant is 13 days old at time of interview  the appropriate value would be 0 months if the participant is 19 days old the value would be 1 month","",""
subjectkey,GUID,0,,Required,"The NDAR Global Unique Identifier (GUID) for subjects which identifies a subject in NDAR","NDAR*",,"","",""
image_thumbnail_file,Thumbnail,0,,Required,"Thumbnail","",,"","",""
image_slice_thickness,Float,0,,Required,"Slice thickness","0+",,"","",""
image_resolution5,Float,0,,Required,"Resolution [5]","0+",,"","",""
image_resolution4,Float,0,,Required,"Resolution [4]","0+",,"","",""
image_resolution3,Float,0,,Required,"Resolution [3] Z dimension","0+",,"","",""
image_resolution2,Float,0,,Required,"Resolution [2] Y dimension","0+",,"","",""
image_resolution1,Float,0,,Required,"Resolution [1] X dimension","0+",,"","",""
date_updated,Date,0,,Required,"Date record updated","",,"","",""
interview_date,Date,0,,Required,"Date on which the interview/genetic test/sampling/imaging was completed","MM/yyyy;MM/dd/yyyy",,"* '01/01/1900' indicates that a date associated with retrospective data is not known.","",""
date_created,Date,0,,Required,"Date, when experiment was created","",,"","",""
