ElementName,DataType,Size,Unit,Required,ElementDescription,ValueRange,Keywords,Notes,Section,Aliases
subjectkey,GUID,0,,Required,"The NDAR Global Unique Identifier (GUID) for subjects which identifies a subject in NDAR","NDAR*",,"","",""
subject_control,String,1,,Required,"Control flag for subject","",,"","",""
gender,String,50,,Required,"Gender","M;F",,"","",""
ethnicity,String,30,,Required,"Ethnicity of participant","Hispanic or Latino; Not Hispanic or Latino; Unknown",,"","",""
age_at_death_months,Integer,0,,Required,"Age at death in months","",,"","",""
date_updated,Date,0,,Required,"Date record updated","",,"","",""
