ElementName,DataType,Size,Unit,Required,ElementDescription,ValueRange,Keywords,Notes,Section,Aliases
aq_item_1,String,30,,Recommended,"I prefer to do things with others rather than on my own.","definitely agree;slightly agree;slightly disagree;definitely disagree",,"","Questions",""
aq_item_2,String,30,,Recommended,"I prefer to do things the same way over and over again.","definitely agree;slightly agree;slightly disagree;definitely disagree",,"","Questions",""
aq_item_3,String,30,,Recommended,"If I try to imagine something, I find it very easy to create a picture in my mind.","definitely agree;slightly agree;slightly disagree;definitely disagree",,"","Questions",""
aq_item_4,String,30,,Recommended,"I frequently get so strongly absorbed in one thing that I lose sight of other things.","definitely agree;slightly agree;slightly disagree;definitely disagree",,"","Questions",""
aq_item_5,String,30,,Recommended,"I often notice small sounds when others do not.","definitely agree;slightly agree;slightly disagree;definitely disagree",,"","Questions",""
aq_item_6,String,30,,Recommended,"I usually notice car number plates or similar strings of information.","definitely agree;slightly agree;slightly disagree;definitely disagree",,"","Questions",""
aq_item_7,String,30,,Recommended,"Other people frequently tell me that what I've said is impolite, even though I think it is polite. ","definitely agree;slightly agree;slightly disagree;definitely disagree",,"","Questions",""
aq_item_8,String,30,,Recommended,"When I'm reading a story, I can easily imagine what the characters might look like. ","definitely agree;slightly agree;slightly disagree;definitely disagree",,"","Questions",""
aq_item_9,String,30,,Recommended,"I am fascinated by dates.","definitely agree;slightly agree;slightly disagree;definitely disagree",,"","Questions",""
aq_item_10,String,30,,Recommended,"In a social group, I can easily keep track of several different people's conversations. ","definitely agree;slightly agree;slightly disagree;definitely disagree",,"","Questions",""
aq_item_11,String,30,,Recommended,"I find social situations easy.","definitely agree;slightly agree;slightly disagree;definitely disagree",,"","Questions",""
aq_item_12,String,30,,Recommended,"I tend to notice details that others do not.","definitely agree;slightly agree;slightly disagree;definitely disagree",,"","Questions",""
aq_item_13,String,30,,Recommended,"I would rather go to a library than a party.","definitely agree;slightly agree;slightly disagree;definitely disagree",,"","Questions",""
aq_item_14,String,30,,Recommended,"I find making up stories easy.","definitely agree;slightly agree;slightly disagree;definitely disagree",,"","Questions",""
aq_item_15,String,30,,Recommended,"I find myself drawn more strongly to people than to things.","definitely agree;slightly agree;slightly disagree;definitely disagree",,"","Questions",""
aq_item_16,String,30,,Recommended,"I tend to have very strong interests which I get upset about if I can't pursue.","definitely agree;slightly agree;slightly disagree;definitely disagree",,"","Questions",""
aq_item_17,String,30,,Recommended,"I enjoy social chit-chat.","definitely agree;slightly agree;slightly disagree;definitely disagree",,"","Questions",""
aq_item_18,String,30,,Recommended,"When I talk, it isn't always easy for others to get a word in edgeways. ","definitely agree;slightly agree;slightly disagree;definitely disagree",,"","Questions",""
aq_item_19,String,30,,Recommended,"I am fascinated by numbers.","definitely agree;slightly agree;slightly disagree;definitely disagree",,"","Questions",""
aq_item_20,String,30,,Recommended,"When I'm reading a story, I find it difficult to work out the characters' intentions. ","definitely agree;slightly agree;slightly disagree;definitely disagree",,"","Questions",""
aq_item_21,String,30,,Recommended,"I don't particularly enjoy reading fiction.","definitely agree;slightly agree;slightly disagree;definitely disagree",,"","Questions",""
aq_item_22,String,30,,Recommended,"I find it hard to make new friends.","definitely agree;slightly agree;slightly disagree;definitely disagree",,"","Questions",""
aq_item_23,String,30,,Recommended,"I notice patterns in things all the time.","definitely agree;slightly agree;slightly disagree;definitely disagree",,"","Questions",""
aq_item_24,String,30,,Recommended,"I would rather go to the theater than a museum.","definitely agree;slightly agree;slightly disagree;definitely disagree",,"","Questions",""
aq_item_25,String,30,,Recommended,"It does not upset me if my daily routine is disturbed.","definitely agree;slightly agree;slightly disagree;definitely disagree",,"","Questions",""
aq_item_26,String,30,,Recommended,"I frequently find that I don't know how to keep a conversation going.","definitely agree;slightly agree;slightly disagree;definitely disagree",,"","Questions",""
aq_item_27,String,30,,Recommended,"I find it easy to ""read between the lines"" when someone is talking to me. ","definitely agree;slightly agree;slightly disagree;definitely disagree",,"","Questions",""
aq_item_28,String,30,,Recommended,"I usually concentrate more on the whole picture, rather than the small details. ","definitely agree;slightly agree;slightly disagree;definitely disagree",,"","Questions",""
aq_item_29,String,30,,Recommended,"I am not very good at remembering phone numbers.","definitely agree;slightly agree;slightly disagree;definitely disagree",,"","Questions",""
aq_item_30,String,30,,Recommended,"I don't usually notice small changes in a situation, or a person's appearance. ","definitely agree;slightly agree;slightly disagree;definitely disagree",,"","Questions",""
aq_item_31,String,30,,Recommended,"I know how to tell if someone listening to me is getting bored.","definitely agree;slightly agree;slightly disagree;definitely disagree",,"","Questions",""
aq_item_32,String,30,,Recommended,"I find it easy to do more than one thing at once.","definitely agree;slightly agree;slightly disagree;definitely disagree",,"","Questions",""
aq_item_33,String,30,,Recommended,"When I talk on the phone, I'm not sure what it's my turn to speak. ","definitely agree;slightly agree;slightly disagree;definitely disagree",,"","Questions",""
aq_item_34,String,30,,Recommended,"I enjoy doing things spontaneously.","definitely agree;slightly agree;slightly disagree;definitely disagree",,"","Questions",""
aq_item_35,String,30,,Recommended,"I am often the alst to understand the point of a joke.","definitely agree;slightly agree;slightly disagree;definitely disagree",,"","Questions",""
aq_item_36,String,30,,Recommended,"I find it easy to work out what someone is thinking or feeling just by looking at their face.","definitely agree;slightly agree;slightly disagree;definitely disagree",,"","Questions",""
aq_item_37,String,30,,Recommended,"If there is an interruption, I can switch back to what I was going very quickly. ","definitely agree;slightly agree;slightly disagree;definitely disagree",,"","Questions",""
aq_item_38,String,30,,Recommended,"I am good at social chit-chat.","definitely agree;slightly agree;slightly disagree;definitely disagree",,"","Questions",""
aq_item_39,String,30,,Recommended,"People often tell me that I keep going on and on about the same thing.","definitely agree;slightly agree;slightly disagree;definitely disagree",,"","Questions",""
aq_item_40,String,30,,Recommended,"When I was young, I used to enjoy playing games involving pretending with other children. ","definitely agree;slightly agree;slightly disagree;definitely disagree",,"","Questions",""
aq_item_41,String,30,,Recommended,"I like to collect information about categories of things (e.g. types of car, types of bird, types of train, types of plant, etc.).","definitely agree;slightly agree;slightly disagree;definitely disagree",,"","Questions",""
aq_item_42,String,30,,Recommended,"I find it difficult to imagine what it would be like to be someone else.","definitely agree;slightly agree;slightly disagree;definitely disagree",,"","Questions",""
aq_item_43,String,30,,Recommended,"I like to plan any activities I participate in carefully.","definitely agree;slightly agree;slightly disagree;definitely disagree",,"","Questions",""
aq_item_44,String,30,,Recommended,"I enjoy social occasions.","definitely agree;slightly agree;slightly disagree;definitely disagree",,"","Questions",""
aq_item_45,String,30,,Recommended,"I find it difficult to work out people's intentions.","definitely agree;slightly agree;slightly disagree;definitely disagree",,"","Questions",""
aq_item_46,String,30,,Recommended,"New situations make me anxious.","definitely agree;slightly agree;slightly disagree;definitely disagree",,"","Questions",""
aq_item_47,String,30,,Recommended,"I enjoy meeting new people.","definitely agree;slightly agree;slightly disagree;definitely disagree",,"","Questions",""
aq_item_48,String,30,,Recommended,"I am a good diplomat.","definitely agree;slightly agree;slightly disagree;definitely disagree",,"","Questions",""
aq_item_49,String,30,,Recommended,"I am not very good at remembering people's date of birth.","definitely agree;slightly agree;slightly disagree;definitely disagree",,"","Questions",""
aq_item_50,String,30,,Recommended,"I find it very easy to play games with children that involve pretending.","definitely agree;slightly agree;slightly disagree;definitely disagree",,"","Questions",""
aq_total_score,Integer,0,,Required,"Total score summed according to scoring key.","0 to 100",,"","Questions",""
subjectkey,GUID,0,,Required,"The NDAR Global Unique Identifier (GUID) for subjects which identifies a subject in NDAR","NDAR*",,"","Header",""
src_subject_id,String,20,,Required,"The site's subject identification","",,"","Header",""
interview_date,Date,0,,Required,"Date on which the interview/genetic test/sampling/imaging was completed","MM/yyyy;MM/dd/yyyy",,"* '01/01/1900' indicates that a date associated with retrospective data is not known.","Header",""
interview_age,Integer,0,,Required,"Age in months at the time of the interview/test/sampling/imaging.","0 to 1200",,"Age is rounded to chronological month If the research participant is 13 days old at time of interview  the appropriate value would be 0 months if the participant is 19 days old the value would be 1 month","Header",""
interview_chrono_age,Integer,0,,Required,"Interview Chronological Age","0 to 1200",,"","Header",""
comments_misc,String,255,,Recommended,"Miscellaneous comments on study, interview, methodology relevant to this form data","",,"","Header",""
gender,String,50,,Recommended,"Gender","M;F",,"","Header",""
