ElementName,DataType,Size,Unit,Required,ElementDescription,ValueRange,Keywords,Notes,Section,Aliases
subjectkey,GUID,0,,Required,"The NDAR Global Unique Identifier (GUID) for subjects which identifies a subject in NDAR","NDAR*",,"","Header",""
src_subject_id,String,20,,Required,"The site's subject identification","",,"","Header","Charge_physicalexam_SRC_Subject_ID"
interview_date,Date,0,,Required,"Date on which the interview/genetic test/sampling/imaging was completed","MM/yyyy;MM/dd/yyyy",,"* '01/01/1900' indicates that a date associated with retrospective data is not known.","Header","Charge_physicalexam_interview_date"
comments_misc,String,255,,Optional,"Miscellaneous comments on study, interview, methodology relevant to this form data","",,"","Header","Charge_physicalexam_comments_misc"
head_occiput,String,50,,Recommended,"Occiput","Flat;Normal;Prominent;NE",,"","Head","Charge_physicalexam_head_occiput"
head_frontalboss,String,50,,Recommended,"Frontal Bossing","Yes;No;NE;_BLANK_",,"","Head","Charge_physicalexam_head_frontalboss"
head_shape,String,50,,Recommended,"Abnormal head shape","Yes;No;NE;_BLANK_",,"","Head","Charge_physicalexam_head_shape"
head_desc,String,255,,Recommended,"Abnormal Head Shape - Describe","",,"","Head","Charge_physicalexam_head_desc"
head_hypoplasia,String,50,,Recommended,"Midface Hypoplasia","Yes;No;NE;_BLANK_",,"","Head","Charge_physicalexam_head_hypoplasia"
head_faciala,String,50,,Recommended,"Facial Asymmetry","Yes;No;NE;_BLANK_",,"","Head","Charge_physicalexam_head_faciala"
head_circum,Float,0,,Recommended,"Head Circumference(in cm)","",,"","Head","Charge_physicalexam_head_circum"
head_circumna,String,50,,Recommended,"Head Circumference(in cm) - Not Applicable","NE",,"","Head","Charge_physicalexam_head_circumna"
head_other,String,255,,Optional,"Other/Comments","",,"","Head","Charge_physicalexam_head_other"
height_met,Float,0,,Recommended,"Height - Metric Unit","",,"","Head","Charge_physicalexam_height_met"
height_std,Float,0,,Recommended,"Height - Standard Unit","",,"","Head","Charge_physicalexam_height_std"
weight_met,Float,0,,Recommended,"Weight - Metric Unit","",,"","Head","Charge_physicalexam_weight_met"
weight_std,Float,0,,Recommended,"Weight - Standard Unit","",,"","Head","Charge_physicalexam_weight_std"
eyes_incanthalcm,Float,0,,Optional,"Inner Canthal Distance - in cm","",,"","Eyes","Charge_physicalexam_eyes_incanthalcm"
eyes_incanthalpercen,Float,0,,Optional,"Inner Canthal Distance - in percentage","",,"","Eyes","Charge_physicalexam_eyes_incanthalpercen"
eyes_outcanthalcm,Float,0,,Optional,"Outer Canthal Distance - in cm","",,"","Eyes","Charge_physicalexam_eyes_outcanthalcm"
eyes_outcanthalpercen,Float,0,,Optional,"Outer Canthal Distance - in percentage","",,"","Eyes","Charge_physicalexam_eyes_outcanthalpercen"
eyes_interpupillarycm,Float,0,,Optional,"Interpupillary Distance - in cm","",,"","Eyes","Charge_physicalexam_eyes_interpupillarycm"
eyes_interpupillarypercen,Float,0,,Optional,"Interpupillary Distance - in percentage","",,"","Eyes","Charge_physicalexam_eyes_interpupillarypercen"
eyes_fisslenright,Float,0,,Optional,"Palpebral Fissure Length (Right) - in cm","",,"","Eyes","Charge_physicalexam_eyes_fisslenright"
eyes_fisslenleft,Float,0,,Optional,"Palpebral Fissure Length (Left) - in cm","",,"","Eyes","Charge_physicalexam_eyes_fisslenleft"
eyes_fisslenpercen,Float,0,,Optional,"Palpebral Fissure Length - in percentage","",,"","Eyes","Charge_physicalexam_eyes_fisslenpercen"
eyes_fissslant,String,50,,Optional,"Palpebral Fissure Slant","Up;Down;Normal",,"","Eyes","Charge_physicalexam_eyes_fissSlant"
eyes_fissslantdegree,Float,0,,Optional,"Palpebral Fissure Slant - Approximant Degrees","",,"","Eyes","Charge_physicalexam_eyes_fissSlantDegree"
eyes_strabismus,String,50,,Optional,"Strabismus","Yes;No;NE",,"","Eyes","Charge_physicalexam_eyes_Strabismus"
eyes_nystagmus,String,50,,Optional,"Nystagmus","Yes;No;NE",,"","Eyes","Charge_physicalexam_eyes_nystagmus"
eyes_nystagmustype,String,51,,Optional,"Nystagmus - Type","Vertical;Horizontal",,"","Eyes","Charge_physicalexam_eyes_nystagmustype"
eyes_pupredreflex,String,50,,Optional,"Pupillary Red Reflex","Yes;No;NE",,"","Eyes","Charge_physicalexam_eyes_pupredreflex"
eyes_epifold,String,50,,Optional,"Epicanthal Folds","Yes;No;NE",,"","Eyes","Charge_physicalexam_eyes_epifold"
eyes_prominenteye,String,50,,Optional,"Prominent Eyes","Yes;No;NE",,"","Eyes","Charge_physicalexam_eyes_prominenteye"
eyes_periorfull,String,50,,Optional,"Periorbital Fullness","Yes;No;NE",,"","Eyes","Charge_physicalexam_eyes_periorfull"
eyes_synophrys,String,50,,Optional,"Synophrys","Yes;No;NE",,"","Eyes","Charge_physicalexam_eyes_synophrys"
eyes_eyebrowflair,String,50,,Optional,"Medial Eyebrow Flair","Yes;No;NE",,"","Eyes","Charge_physicalexam_eyes_eyebrowflair"
eyes_ptosis,String,50,,Optional,"Ptosis","Yes;No;NE",,"","Eyes","Charge_physicalexam_eyes_ptosis"
eyes_colobomata,String,50,,Optional,"Colobomata","Yes;No;NE",,"","Eyes","Charge_physicalexam_eyes_colobomata"
eyes_cornealopacity,String,50,,Optional,"Corneal Opacity","Yes;No;NE",,"","Eyes","Charge_physicalexam_eyes_cornealOpacity"
eyes_irispattern,String,50,,Optional,"Iris Patterning","Brushfield Spots;Lisch Nodules;Fine/Porous;Heterochromasia;Stellate;Pale Blue;None;NE",,"","Eyes","Charge_physicalexam_eyes_irispattern"
eyes_comments,String,255,,Optional,"Other/Comments","",,"","Eyes","Charge_physicalexam_eyes_comments"
ear_lenright,Float,0,,Optional,"Ear Length(Right) - in cm","",,"","Ears","Charge_physicalexam_ear_lenright"
ear_lenleft,Float,0,,Optional,"Ear Length(Left) - in cm","",,"","Ears","Charge_physicalexam_ear_lenleft"
ear_lenpercen,Float,0,,Optional,"Ear Length - percentage","",,"","Ears","Charge_physicalexam_ear_lenpercen"
ear_widthright,Float,0,,Optional,"Ear Width(Right) - in cm","",,"","Ears","Charge_physicalexam_ear_widthright"
ear_widthleft,Float,0,,Optional,"Ear Width(Left) - in cm","",,"","Ears","Charge_physicalexam_ear_widthleft"
ear_widthpercen,Float,0,,Optional,"Ear Width - percentage","",,"","Ears","Charge_physicalexam_ear_widthpercen"
ear_rotatedegrees,Float,0,,Optional,"Ear rotation (degrees)","",,"","Ears","Charge_physicalexam_ear_rotatedegrees"
ear_rotatedegreesna,String,50,,Optional,"Ear rotation (degrees) - Not applicable","NE",,"","Ears","Charge_physicalexam_ear_rotatedegreesna"
ear_placement,String,50,,Optional,"Ear Placement","High;Low;Normal;NE",,"","Ears","Charge_physicalexam_ear_placement"
ear_preaurpits,String,50,,Optional,"Preauricular Pits","Yes;No;NE",,"","Ears","Charge_physicalexam_ear_preaurpits"
ear_preaurpitstype,String,51,,Optional,"Preauricular Pits","Left;Right;Bilateral",,"","Ears","Charge_physicalexam_ear_preaurpitstype"
ear_preaurtags,String,50,,Optional,"Preauricular Tags","Yes;No;NE",,"","Ears","Charge_physicalexam_ear_preaurtags"
ear_preaurtagstype,String,51,,Optional,"Preauricular Tags","Left;Right;Bilateral",,"","Ears","Charge_physicalexam_ear_preaurtagstype"
ear_abstragus,String,50,,Optional,"Absent Tragus","Yes;No;NE",,"","Ears","Charge_physicalexam_ear_abstragus"
ear_abstragustype,String,51,,Optional,"Absent Tragus","Left;Right;Bilateral",,"","Ears","Charge_physicalexam_ear_abstragustype"
ear_cupping,String,50,,Optional,"Ear Cupping","Yes;No;NE",,"","Ears","Charge_physicalexam_ear_cupping"
ear_cuppingtype,String,51,,Optional,"Ear Cupping","Left;Right;Bilateral",,"","Ears","Charge_physicalexam_ear_cuppingtype"
ear_lobe,String,50,,Optional,"Ear Lobe","Free;Attached;Notches;NE",,"","Ears","Charge_physicalexam_ear_lobe"
ear_comments,String,255,,Optional,"Other/Comments","",,"","Ears","Charge_physicalexam_ear_comments"
nose_lengthcm,Float,0,,Optional,"Nasal Length - in cm","",,"","Nose","Charge_physicalexam_nose_lengthcm"
nose_lengthpercen,Float,0,,Optional,"Nasal Length - in percentage","",,"","Nose","Charge_physicalexam_nose_lengthpercen"
nose_root,String,50,,Optional,"Nasal Root","Broad;Narrow;Normal;NE",,"","Nose","Charge_physicalexam_nose_root"
nose_bridge,String,50,,Optional,"Nasal Bridge","Prominent;Depressed;Broad;Normal;NE",,"","Nose","Charge_physicalexam_nose_bridge"
nose_tip,String,50,,Optional,"Nasal Tip","Flat;Bifid;Cleft;Upturned;Normal",,"","Nose","Charge_physicalexam_nose_tip"
nose_hypoplasic,String,50,,Optional,"Hypoplasic Nares","Yes;No;NE",,"","Nose","Charge_physicalexam_nose_hypoplasic"
nose_anteverted,String,50,,Optional,"Anteverted Nostrils","Yes;No;NE",,"","Nose","Charge_physicalexam_nose_anteverted"
nose_other,String,255,,Optional,"Other/Comments","",,"","Nose","Charge_physicalexam_nose_other"
maxilla_malarhypop,String,50,,Optional,"Malar Hypoplasia","Yes;No;NE",,"","Maxilla and Mandible","Charge_physicalexam_maxilla_malarhypop"
maxilla_maxilhypop,String,50,,Optional,"Maxillary Hypoplasia","Yes;No;NE",,"","Maxilla and Mandible","Charge_physicalexam_maxilla_maxilhypop"
maxilla_microgan,String,50,,Optional,"Micrognanthia","Yes;No;NE",,"","Maxilla and Mandible","Charge_physicalexam_maxilla_microgan"
maxilla_progan,String,50,,Optional,"Prognanthia","Yes;No;NE",,"","Maxilla and Mandible","Charge_physicalexam_maxilla_progan"
maxilla_comments,String,255,,Optional,"Other/Comments","",,"","Maxilla and Mandible","Charge_physicalexam_maxilla_comments"
oral_phillencm,Float,0,,Optional,"Philtrum Length - in cm","",,"","Mouth/Oral Region","Charge_physicalexam_oral_phillencm"
oral_phillenpercen,Float,0,,Optional,"Philtrum Length - in percentage","",,"","Mouth/Oral Region","Charge_physicalexam_oral_phillenpercen"
oral_philflat,String,50,,Optional,"Philtrum flat at rest","Yes;No;NE",,"","Mouth/Oral Region","Charge_physicalexam_oral_philflat"
oral_highacrched,String,50,,Optional,"High Arched Palate","Yes;No;NE",,"","Mouth/Oral Region","Charge_physicalexam_oral_highacrched"
oral_bifid,String,50,,Optional,"Bifid Uvula","Yes;No;NE",,"","Mouth/Oral Region","Charge_physicalexam_oral_bifid"
oral_lipsprominent,String,50,,Optional,"Prominent Lips","Yes;No;NE",,"","Mouth/Oral Region","Charge_physicalexam_oral_lipsprominent"
oral_thinupperlip,String,50,,Optional,"Thin Upper Lip","Yes;No;NE",,"","Mouth/Oral Region","Charge_physicalexam_oral_thinupperlip"
oral_downturnmouth,String,50,,Optional,"Downturned Corners Mouth","Yes;No;NE",,"","Mouth/Oral Region","Charge_physicalexam_oral_downturnmouth"
oral_microglossia,String,50,,Optional,"Microglossia","Yes;No;NE",,"","Mouth/Oral Region","Charge_physicalexam_oral_microglossia"
oral_macroglossia,String,50,,Optional,"Macroglossia","Yes;No;NE",,"","Mouth/Oral Region","Charge_physicalexam_oral_macroglossia"
oral_ehypop,String,50,,Optional,"Enamal Hypoplasia","Yes;No;NE",,"","Mouth/Oral Region","Charge_physicalexam_oral_ehypop"
oral_teeth,String,50,,Optional,"Supernumerary Teeth","Yes;No;NE",,"","Mouth/Oral Region","Charge_physicalexam_oral_teeth"
oral_microdonita,String,50,,Optional,"Microdontia","Yes;No;NE",,"","Mouth/Oral Region","Charge_physicalexam_oral_microdonita"
oral_dfusedteeth,String,50,,Optional,"Fused Teeth","Yes;No;NE",,"","Mouth/Oral Region","Charge_physicalexam_oral_dfusedteeth"
oral_discolored,String,50,,Optional,"Discolored/Mottled","Yes;No;NE",,"","Mouth/Oral Region","Charge_physicalexam_oral_discolored"
oral_other,String,255,,Optional,"Other/Comments","",,"","Mouth/Oral Region","Charge_physicalexam_oral_other"
neck_webbed,String,50,,Recommended,"Webbed Neck","Yes;No;NE;_BLANK_",,"","Neck, Thorax, Back","Charge_physicalexam_neck_webbed"
neck_supnip,String,50,,Recommended,"Supernumerary Nipples","Yes;No;NE;_BLANK_",,"","Neck, Thorax, Back","Charge_physicalexam_neck_supnip"
neck_widenip,String,50,,Recommended,"Wide Spaced Nipples","Yes;No;NE;_BLANK_",,"","Neck, Thorax, Back","Charge_physicalexam_neck_widenip"
neck_pecexcavatum,String,50,,Recommended,"Pectus Excavatum","Yes;No;NE;_BLANK_",,"","Neck, Thorax, Back","Charge_physicalexam_neck_pecexcavatum"
neck_peccarinatum,String,50,,Recommended,"Pectus Carinatum","Yes;No;NE;_BLANK_",,"","Neck, Thorax, Back","Charge_physicalexam_neck_peccarinatum"
neck_scoliosis,String,50,,Recommended,"Scoliosis","Yes;No;NE;_BLANK_",,"","Neck, Thorax, Back","Charge_physicalexam_neck_scoliosis"
neck_kyphosis,String,50,,Recommended,"Kyphosis","Yes;No;NE;_BLANK_",,"","Neck, Thorax, Back","Charge_physicalexam_neck_kyphosis"
neck_scaral,String,50,,Recommended,"Sacral Dimple/Hair Tuft","Yes;No;NE;_BLANK_",,"","Neck, Thorax, Back","Charge_physicalexam_neck_scaral"
neck_comments,String,255,,Optional,"Other/Comments","",,"","Neck, Thorax, Back","Charge_physicalexam_neck_comments"
limb_righthandlen,Float,0,,Recommended,"Hand Length(Right) - in cm","",,"","Limbs","Charge_physicalexam_limb_righthandlen"
limb_lefthandlen,Float,0,,Recommended,"Hand Length(Left) - in cm","",,"","Limbs","Charge_physicalexam_limb_lefthandlen"
limb_handlenpersen,Float,0,,Recommended,"Hand Length - in percentage","",,"","Limbs","Charge_physicalexam_limb_handlenpersen"
limb_rightfinerlen,Float,0,,Recommended,"Third Finger Length","",,"","Limbs","Charge_physicalexam_limb_rightfinerlen"
limb_leftfinerlen,Float,0,,Recommended,"Third Finger Length(Left) - in cm","",,"","Limbs","Charge_physicalexam_limb_leftfinerlen"
limb_finerlenpercen,Float,0,,Recommended,"Third Finger Length - in percentage","",,"","Limbs","Charge_physicalexam_limb_finerlenpercen"
limb_indexgreatthird,String,50,,Recommended,"*Index > 3rd finger","Yes;No;NE;_BLANK_",,"","Limbs","Charge_physicalexam_limb_indexgreatthird"
limb_footlenright,Float,0,,Recommended,"Foot Length(Right) - in cm","",,"","Limbs","Charge_physicalexam_limb_footlenright"
limb_footlenleft,Float,0,,Recommended,"Foot Length(Left) - in cm","",,"","Limbs","Charge_physicalexam_limb_footlenleft"
limb_footlenpercen,Float,0,,Recommended,"Foot Length - percentage","",,"","Limbs","Charge_physicalexam_limb_footlenpercen"
limb_brachy,String,50,,Recommended,"Brachydactyly","Yes;No;NE;_BLANK_",,"","Limbs","Charge_physicalexam_limb_brachy"
limb_brachytype,String,50,,Recommended,"Brachydactyly - Type","RU;LU;RL;LL",,"","Limbs","Charge_physicalexam_limb_brachytype"
limb_clino,String,50,,Recommended,"Clinodactyly","Yes;No;NE;_BLANK_",,"","Limbs","Charge_physicalexam_limb_clino"
limb_clinosite,String,50,,Recommended,"Clinodactyly - Site","",,"","Limbs","Charge_physicalexam_limb_clinosite"
limb_poly,String,50,,Recommended,"Polydactyly","Yes;No;NE;_BLANK_",,"","Limbs","Charge_physicalexam_limb_poly"
limb_polysite,String,50,,Recommended,"Polydactyly - Site","",,"","Limbs","Charge_physicalexam_limb_polysite"
limb_syndac,String,50,,Recommended,"Syndactyly","Yes;No;NE;_BLANK_",,"","Limbs","Charge_physicalexam_limb_syndac"
limb_syndacsite,String,50,,Recommended,"Syndactyly - Site","",,"","Limbs","Charge_physicalexam_limb_syndacsite"
limb_camptodac,String,50,,Recommended,"Camptodactyly","Yes;No;NE;_BLANK_",,"","Limbs","Charge_physicalexam_limb_camptodac"
limb_camptodacsite,String,50,,Recommended,"Camptodactyly - Site","",,"","Limbs","Charge_physicalexam_limb_camptodacsite"
limb_palmarcrease,String,50,,Recommended,"Single Palmar Crease","Yes;No;NE;_BLANK_",,"","Limbs","Charge_physicalexam_limb_palmarcrease"
limb_palmarcreasetype,String,50,,Recommended,"Single Palmar Crease - Type","Right;Left;Bilateral",,"","Limbs","Charge_physicalexam_limb_palmarcreasetype"
limb_nailhypop,String,50,,Recommended,"Nail Hypoplasia","Yes;No;NE;_BLANK_",,"","Limbs","Charge_physicalexam_limb_nailhypop"
limb_nailhypoptype,String,50,,Recommended,"Nail Hypoplasia - Type","RU;LU;RL;LL",,"","Limbs","Charge_physicalexam_limb_nailhypoptype"
limb_fingerpads,String,50,,Recommended,"Prominent Finger Pads","Yes;No;NE;_BLANK_",,"","Limbs","Charge_physicalexam_limb_fingerpads"
limb_fingerpadstype,String,50,,Recommended,"Prominent Finger Pads","Right;Left;Bilateral",,"","Limbs","Charge_physicalexam_limb_fingerpadstype"
limb_jointlimitations,String,50,,Recommended,"Joint Limitations/Contractures","Yes;No;NE;_BLANK_",,"","Limbs","Charge_physicalexam_limb_jointlimitations"
limb_jointlimitationssite,String,50,,Recommended,"Joint Limitations/Contractures - Site","",,"","Limbs","Charge_physicalexam_limb_jointlimitationssite"
limb_jointhyperexten,String,50,,Recommended,"Joint Hyperextensibility","Yes;No;NE;_BLANK_",,"","Limbs","Charge_physicalexam_limb_jointhyperexten"
limb_jointhyperextensite,String,50,,Recommended,"Joint Hyperextensibility - Site","",,"","Limbs","Charge_physicalexam_limb_jointhyperextensite"
limb_comments,String,255,,Optional,"Other/Comments","",,"","Limbs","Charge_physicalexam_limb_comments"
skin_edema,String,50,,Recommended,"Edema of Hands or Feet","Yes;No;NE;_BLANK_",,"","Skin, Hair","Charge_physicalexam_skin_edema"
skin_hypopigmen,String,50,,Recommended,"Hypopigmentation","Yes;No;NE;_BLANK_",,"","Skin, Hair","Charge_physicalexam_skin_hypopigmen"
skin_hypopigmendis,String,50,,Recommended,"Hypopigmentation - Distribution","",,"","Skin, Hair","Charge_physicalexam_skin_hypopigmendis"
skin_hyperpig,String,50,,Recommended,"Hyperpigmentation","Yes;No;NE;_BLANK_",,"","Skin, Hair","Charge_physicalexam_skin_hyperpig"
skin_hyperpigdis,String,50,,Recommended,"Hyperpigmentation - Distribution","",,"","Skin, Hair","Charge_physicalexam_skin_hyperpigdis"
skin_cafe,String,50,,Recommended,"CafÃ©-au-lait","Yes;No;NE;_BLANK_",,"","Skin, Hair","Charge_physicalexam_skin_cafe"
in_cafe,String,50,,Recommended,"CafÃ©-au-lait","Yes;No;NE;_BLANK_",,"","Skin, Hair","Charge_physicalexam_skin_cafeskin_cafenum,String,50,,Recommended,"Café-au-lait - Number","",,"","Skin, Hair","Charge_physicalexam_skin_cafenum"
kin_cafenum,String,50,,Recommended,"Café-au-lait - Number","",,"","Skin, Hair","Charge_physicalexam_skin_cafenum"skin_auxfreck,String,50,,Recommended,"Axillary Freckling","Yes;No;NE;_BLANK_",,"","Skin, Hair","Charge_physicalexam_skin_auxfreck"
skin_ashleaf,String,50,,Recommended,"Ash Leaf Spots","Yes;No;NE;_BLANK_",,"","Skin, Hair","Charge_physicalexam_skin_ashleaf"
skin_shagreen,String,50,,Recommended,"Shagreen Spots","Yes;No;NE;_BLANK_",,"","Skin, Hair","Charge_physicalexam_skin_shagreen"
skin_neurofib,String,50,,Recommended,"Neurofibromas","Yes;No;NE;_BLANK_",,"","Skin, Hair","Charge_physicalexam_skin_neurofib"
skin_subcutaneous,String,50,,Recommended,"Subcutaneous Nodules","Yes;No;NE;_BLANK_",,"","Skin, Hair","Charge_physicalexam_skin_subcutaneous"
skin_eczema,String,50,,Recommended,"Eczema","Yes;No;NE;_BLANK_",,"","Skin, Hair","Charge_physicalexam_skin_eczema"
skin_lfronthair,String,50,,Recommended,"Low Frontal Hairline","Yes;No;NE;_BLANK_",,"","Skin, Hair","Charge_physicalexam_skin_lfronthair"
skin_lposthair,String,50,,Recommended,"Low Posterior Hairline","Yes;No;NE;_BLANK_",,"","Skin, Hair","Charge_physicalexam_skin_lposthair"
skin_absntlashes,String,50,,Recommended,"Absent Lashes or Eyebrows","Yes;No;NE;_BLANK_",,"","Skin, Hair","Charge_physicalexam_skin_absntlashes"
skin_hair,String,50,,Recommended,"Hair Type","Fine;Coarse;Thick;Fragile;Kinky;Curly",,"","Skin, Hair","Charge_physicalexam_skin_hair"
skin_comments,String,255,,Optional,"Other/Comments","",,"","Skin, Hair","Charge_physicalexam_skin_comments"
cardio_cyanosis,String,50,,Recommended,"Cyanosis","Yes;No;NE;_BLANK_",,"","Cardiopulmonary","Charge_physicalexam_cardio_cyanosis"
cardio_pallor,String,50,,Recommended,"Pallor","Yes;No;NE;_BLANK_",,"","Cardiopulmonary","Charge_physicalexam_cardio_pallor"
cardio_pulses,String,50,,Recommended,"Pulses","Normal;Decreased;Bounding",,"","Cardiopulmonary","Charge_physicalexam_cardio_pulses"
cardio_heartrate,String,50,,Recommended,"Heart Rate","Tachy;Brady;Normal;NE;_BLANK_",,"","Cardiopulmonary","Charge_physicalexam_cardio_heartrate"
cardio_heartratenum,String,50,,Recommended,"Heart Rate - Count","",,"","Cardiopulmonary","Charge_physicalexam_cardio_heartratenum"
cardio_bp,String,50,,Recommended,"Blood Pressure","High;Low;Normal;NE;_BLANK_",,"","Cardiopulmonary","Charge_physicalexam_cardio_bp"
cardio_bpnum,String,50,,Recommended,"Blood Pressure - BP Count","",,"","Cardiopulmonary","Charge_physicalexam_cardio_bpnum"
cardio_rythm,String,50,,Recommended,"Rhythm","Regular;Irregularly Irregular;Regularly Irregular",,"","Cardiopulmonary","Charge_physicalexam_cardio_rythm"
cardio_heartsound,String,50,,Recommended,"Extra Heart Sounds","None;Gallop;Rub;Other;NE;_BLANK_",,"","Cardiopulmonary","Charge_physicalexam_cardio_heartsound"
cardio_murmur,String,50,,Recommended,"Murmur","Yes;No;NE;_BLANK_",,"","Cardiopulmonary","Charge_physicalexam_cardio_murmur"
cardio_grade,String,50,,Recommended,"Murmur in Grade","I;II;III;IV;V;VI",,"","Cardiopulmonary","Charge_physicalexam_cardio_grade"
cardio_murmurtime,String,50,,Recommended,"Murmur Timing","",,"","Cardiopulmonary","Charge_physicalexam_cardio_murmurtime"
cardio_bruits,String,50,,Recommended,"Bruits","Yes;No;NE;_BLANK_",,"","Cardiopulmonary","Charge_physicalexam_cardio_bruits"
cardio_bruitssite,String,50,,Recommended,"Bruits - Site","",,"","Cardiopulmonary","Charge_physicalexam_cardio_bruitssite"
cardio_resprate,String,50,,Recommended,"Respiratory Rate","Normal;Tachypnea",,"","Cardiopulmonary","Charge_physicalexam_cardio_resprate"
cardio_respratecount,String,50,,Recommended,"Respiratory Rate - Count","",,"","Cardiopulmonary","Charge_physicalexam_cardio_respratecount"
cardio_adsounds,String,50,,Recommended,"Adventitial sounds","Yes;No;NE;_BLANK_",,"","Cardiopulmonary","Charge_physicalexam_cardio_adsounds"
cardio_accmuscleuse,String,50,,Recommended,"Accessory Muscle Use","Yes;No;NE;_BLANK_",,"","Cardiopulmonary","Charge_physicalexam_cardio_accmuscleuse"
cardio_comments,String,255,,Optional,"Other/Comments","",,"","Cardiopulmonary","Charge_physicalexam_cardio_comments"
abdomen_tender,String,50,,Recommended,"Tenderness","Yes;No;NE;_BLANK_",,"","Abdomen","Charge_physicalexam_abdomen_tender"
abdomen_hepatom,String,50,,Recommended,"Hepatomegally","Yes;No;NE;_BLANK_",,"","Abdomen","Charge_physicalexam_abdomen_hepatom"
abdomen_splenom,String,50,,Recommended,"Splenomegally","Yes;No;NE;_BLANK_",,"","Abdomen","Charge_physicalexam_abdomen_splenom"
abdomen_other,String,255,,Optional,"Other/Comments","",,"","Abdomen","Charge_physicalexam_abdomen_other"
genito_ambigous,String,50,,Recommended,"Ambigous Genitalia","Yes;No;NE;_BLANK_",,"","Genito-Urinary","Charge_physicalexam_genito_ambigous"
genito_hyposp,String,50,,Recommended,"Hypospadious","Yes;No;NE;_BLANK_",,"","Genito-Urinary","Charge_physicalexam_genito_hyposp"
genito_micropen,String,50,,Recommended,"Micropenis","Yes;No;NE;_BLANK_",,"","Genito-Urinary","Charge_physicalexam_genito_micropen"
genito_micropencm,Float,0,,Recommended,"Micropenis - Length in cm","",,"","Genito-Urinary","Charge_physicalexam_genito_micropencm"
genito_micropenpercen,Float,0,,Recommended,"Micropenis - Length in percentage","",,"","Genito-Urinary","Charge_physicalexam_genito_micropenpercen"
genito_cryptoris,String,50,,Recommended,"Cryptorchidism","Yes;No;NE;_BLANK_",,"","Genito-Urinary","Charge_physicalexam_genito_cryptoris"
genito_cryptor,String,50,,Recommended,"Cryptorchidism","Right;Left;Bilateral",,"","Genito-Urinary","Charge_physicalexam_genito_cryptor"
genito_macroor,String,50,,Recommended,"Macroorchidism","Yes;No;NE;_BLANK_",,"","Genito-Urinary","Charge_physicalexam_genito_macroor"
genito_macroorvolume,Float,0,,Recommended,"Macroorchidism - Volume in ml","",,"","Genito-Urinary","Charge_physicalexam_genito_macroorvolume"
genito_anterioranus,String,50,,Recommended,"Anterior Anus","Yes;No;NE;_BLANK_",,"","Genito-Urinary","Charge_physicalexam_genito_anterioranus"
genito_other,String,255,,Optional,"Other/Comments","",,"","Genito-Urinary","Charge_physicalexam_genito_other"
neuro_muscle,String,50,,Recommended,"Muscle Tone","Normal;Hypertonic;Hypotonic;Mixed;NE;_BLANK_",,"","Neurological","Charge_physicalexam_neuro_muscle"
neuro_dtrbicright,Integer,0,,Recommended,"DTR Biceps - Right","0;1;2;3;4",,"","Neurological","Charge_physicalexam_neuro_dtrbicright"
neuro_dtrbicleft,Integer,0,,Recommended,"DTR Biceps - Left","0;1;2;3;4",,"","Neurological","Charge_physicalexam_neuro_dtrbicleft"
neuro_dtrbicne,String,50,,Recommended,"DTR Biceps - Not Examined","NE",,"","Neurological","Charge_physicalexam_neuro_dtrbicne"
neuro_dtrtricright,Integer,0,,Recommended,"DTR Triceps - Right","0;1;2;3;4",,"","Neurological","Charge_physicalexam_neuro_dtrtricright"
neuro_dtrtricleft,Integer,0,,Recommended,"DTR Triceps - Left","0;1;2;3;4",,"","Neurological","Charge_physicalexam_neuro_dtrtricleft"
neuro_dtrtricne,String,50,,Recommended,"DTR Triceps - Not Examined","NE",,"","Neurological","Charge_physicalexam_neuro_dtrtricne"
neuro_dtrpatright,Integer,0,,Recommended,"DTR Patella - Right","0;1;2;3;4",,"","Neurological","Charge_physicalexam_neuro_dtrpatright"
neuro_dtrpatleft,Integer,0,,Recommended,"DTR Patella - Left","0;1;2;3;4",,"","Neurological","Charge_physicalexam_neuro_dtrpatleft"
neuro_dtrpatne,String,50,,Recommended,"DTR Patella - Not Examined","NE",,"","Neurological","Charge_physicalexam_neuro_dtrpatne"
neuro_dtrankleright,Integer,0,,Recommended,"DTR Ankle - Right","0;1;2;3;4",,"","Neurological","Charge_physicalexam_neuro_dtrankleright"
neuro_dtrankleleft,Integer,0,,Recommended,"DTR Ankle - Left","0;1;2;3;4",,"","Neurological","Charge_physicalexam_neuro_dtrankleleft"
neuro_dtranklene,String,50,,Recommended,"DTR Ankle - Not Examined","NE",,"","Neurological","Charge_physicalexam_neuro_dtranklene"
neuro_dtrstrru,Integer,0,,Recommended,"Strength RU","1;2;3;4;5",,"","Neurological","Charge_physicalexam_neuro_dtrstrru"
neuro_dtrstrlu,Integer,0,,Recommended,"Strength LU","1;2;3;4;5",,"","Neurological","Charge_physicalexam_neuro_dtrstrlu"
neuro_dtrstrrl,Integer,0,,Recommended,"Strength RL","1;2;3;4;5",,"","Neurological","Charge_physicalexam_neuro_dtrstrrl"
neuro_dtrstrll,Integer,0,,Recommended,"Strength LL","1;2;3;4;5",,"","Neurological","Charge_physicalexam_neuro_dtrstrll"
neuro_extraocmove,String,50,,Recommended,"Extraocular Movements","Normal;Abnormal;NE;_BLANK_",,"","Neurological","Charge_physicalexam_neuro_extraocmove"
neuro_extraocmovedesc,String,255,,Recommended,"Extraocular Movements - Describe","",,"","Neurological","Charge_physicalexam_neuro_extraocmovedesc"
neuro_smile,String,50,,Recommended,"Symmetry of Smile","Normal;Abnormal;NE;_BLANK_",,"","Neurological","Charge_physicalexam_neuro_smile"
neuro_smiledescribe,String,255,,Recommended,"Symmetry of Smile - Describe","",,"","Neurological","Charge_physicalexam_neuro_smiledescribe"
neuro_gait,String,50,,Recommended,"Gait","Normal;Abnormal;NE;_BLANK_",,"","Neurological","Charge_physicalexam_neuro_gait"
neuro_gaitdescribe,String,255,,Recommended,"Gait - Describe","",,"","Neurological","Charge_physicalexam_neuro_gaitdescribe"
neuro_involunmove,String,50,,Recommended,"Involuntary Movement","Yes;No;Abnormal;NE;_BLANK_",,"","Neurological","Charge_physicalexam_neuro_involunmove"
neuro_involunmovedesc,String,255,,Recommended,"Involuntary Movement - Describe","",,"","Neurological","Charge_physicalexam_neuro_involunmovedesc"
neuro_comment,String,255,,Optional,"Other/Comments","",,"","Neurological","Charge_physicalexam_neuro_comment"
