ElementName,DataType,Size,Unit,Required,ElementDescription,ValueRange,Keywords,Notes,Section,Aliases
ianianresearchid,String,10,,Recommended,"IAN_Research_id, see IAN CodeBook for details.","",,"http://dashboard.ianexchange.org/DataExplorer.aspx?FDID=101#IAN_Research_id","Section",""
ianrecordnumber,Integer,0,,Recommended,"record_number, see IAN CodeBook for details.","",,"http://dashboard.ianexchange.org/DataExplorer.aspx?FDID=101#record_number","Section",""
iandonotdelete,Float,0,,Recommended,"DO_NOT_DELETE, see IAN CodeBook for details.","",,"http://dashboard.ianexchange.org/DataExplorer.aspx?FDID=101#DO_NOT_DELETE","Section",""
ianformcompleted,Integer,0,,Recommended,"form_completed, see IAN CodeBook for details.","",,"http://dashboard.ianexchange.org/DataExplorer.aspx?FDID=101#form_completed","Section",""
ianscientificversion,String,20,,Recommended,"scientific_version, see IAN CodeBook for details.","",,"http://dashboard.ianexchange.org/DataExplorer.aspx?FDID=101#scientific_version","Section",""
ianageinyears,Float,0,,Recommended,"age_in_years, see IAN CodeBook for details.","",,"http://dashboard.ianexchange.org/DataExplorer.aspx?FDID=101#age_in_years","Section",""
ianyearofassessment,Integer,0,,Recommended,"year_of_assessment, see IAN CodeBook for details.","",,"http://dashboard.ianexchange.org/DataExplorer.aspx?FDID=101#year_of_assessment","Section",""
ianinformantid,String,10,,Recommended,"informant_id, see IAN CodeBook for details.","",,"http://dashboard.ianexchange.org/DataExplorer.aspx?FDID=101#informant_id","Section",""
ianfirstasddx,Integer,2,,Recommended,"first_asd_dx, see IAN CodeBook for details.","",,"http://dashboard.ianexchange.org/DataExplorer.aspx?FDID=47#first_asd_dx","Section",""
ianfirstasddxdate,String,10,,Recommended,"first_asd_dx_date, see IAN CodeBook for details.","",,"http://dashboard.ianexchange.org/DataExplorer.aspx?FDID=47#first_asd_dx_date","Section",""
ianfirstasddxage,Integer,2,,Recommended,"first_asd_dx_age, see IAN CodeBook for details.","",,"http://dashboard.ianexchange.org/DataExplorer.aspx?FDID=47#first_asd_dx_age","Section",""
ianfirstasddxperson,Integer,2,,Recommended,"first_asd_dx_person, see IAN CodeBook for details.","",,"http://dashboard.ianexchange.org/DataExplorer.aspx?FDID=47#first_asd_dx_person","Section",""
ianfirstasddxlocation,Integer,2,,Recommended,"first_asd_dx_location, see IAN CodeBook for details.","",,"http://dashboard.ianexchange.org/DataExplorer.aspx?FDID=47#first_asd_dx_location","Section",""
iancurasddxdiff,Integer,2,,Recommended,"cur_asd_dx_diff, see IAN CodeBook for details.","",,"http://dashboard.ianexchange.org/DataExplorer.aspx?FDID=47#cur_asd_dx_diff","Section",""
iancurasddx,Integer,2,,Recommended,"cur_asd_dx, see IAN CodeBook for details.","",,"http://dashboard.ianexchange.org/DataExplorer.aspx?FDID=47#cur_asd_dx","Section",""
iancurasddxdate,String,10,,Recommended,"cur_asd_dx_date, see IAN CodeBook for details.","",,"http://dashboard.ianexchange.org/DataExplorer.aspx?FDID=47#cur_asd_dx_date","Section",""
iancurasddxage,Integer,2,,Recommended,"cur_asd_dx_age, see IAN CodeBook for details.","",,"http://dashboard.ianexchange.org/DataExplorer.aspx?FDID=47#cur_asd_dx_age","Section",""
iancurasddxperson,Integer,2,,Recommended,"cur_asd_dx_person, see IAN CodeBook for details.","",,"http://dashboard.ianexchange.org/DataExplorer.aspx?FDID=47#cur_asd_dx_person","Section",""
iancurasddxlocation,Integer,2,,Recommended,"cur_asd_dx_location, see IAN CodeBook for details.","",,"http://dashboard.ianexchange.org/DataExplorer.aspx?FDID=47#cur_asd_dx_location","Section",""
ianfirstconcernageapprx,Integer,2,,Recommended,"first_concern_age_apprx, see IAN CodeBook for details.","",,"http://dashboard.ianexchange.org/DataExplorer.aspx?FDID=47#first_concern_age_apprx","Section",""
ianfirstconcernagespec,Float,8,,Recommended,"first_concern_age_spec, see IAN CodeBook for details.","",,"http://dashboard.ianexchange.org/DataExplorer.aspx?FDID=47#first_concern_age_spec","Section",""
ianfirstconcernnew,Integer,2,,Recommended,"first_concern_New, see IAN CodeBook for details.","",,"http://dashboard.ianexchange.org/DataExplorer.aspx?FDID=47#first_concern_New","Section",""
ianloseskills,Integer,2,,Recommended,"lose_skills, see IAN CodeBook for details.","",,"http://dashboard.ianexchange.org/DataExplorer.aspx?FDID=47#lose_skills","Section",""
ianskillslostlevel,Integer,2,,Recommended,"skills_lost_level, see IAN CodeBook for details.","",,"http://dashboard.ianexchange.org/DataExplorer.aspx?FDID=47#skills_lost_level","Section",""
ianlostskills,Integer,2,,Recommended,"lost_skills, see IAN CodeBook for details.","",,"http://dashboard.ianexchange.org/DataExplorer.aspx?FDID=47#lost_skills","Section",""
ianskillslostage,Float,8,,Recommended,"skills_lost_age, see IAN CodeBook for details.","",,"http://dashboard.ianexchange.org/DataExplorer.aspx?FDID=47#skills_lost_age","Section",""
ianplateau,Integer,2,,Recommended,"plateau, see IAN CodeBook for details.","",,"http://dashboard.ianexchange.org/DataExplorer.aspx?FDID=47#plateau","Section",""
ianplateauage,Float,8,,Recommended,"plateau_age, see IAN CodeBook for details.","",,"http://dashboard.ianexchange.org/DataExplorer.aspx?FDID=47#plateau_age","Section",""
ianiqtest,Integer,2,,Recommended,"iq_test, see IAN CodeBook for details.","",,"http://dashboard.ianexchange.org/DataExplorer.aspx?FDID=47#iq_test","Section",""
ianiqtestscore,Integer,2,,Recommended,"iq_test_score, see IAN CodeBook for details.","",,"http://dashboard.ianexchange.org/DataExplorer.aspx?FDID=47#iq_test_score","Section",""
ianados,Integer,2,,Recommended,"ados, see IAN CodeBook for details.","",,"http://dashboard.ianexchange.org/DataExplorer.aspx?FDID=47#ados","Section",""
ianadosasddx,Integer,2,,Recommended,"ados_asd_dx, see IAN CodeBook for details.","",,"http://dashboard.ianexchange.org/DataExplorer.aspx?FDID=47#ados_asd_dx","Section",""
ianadir,Integer,2,,Recommended,"adir, see IAN CodeBook for details.","",,"http://dashboard.ianexchange.org/DataExplorer.aspx?FDID=47#adir","Section",""
ianadirscoredx,Integer,2,,Recommended,"adir_score_dx, see IAN CodeBook for details.","",,"http://dashboard.ianexchange.org/DataExplorer.aspx?FDID=47#adir_score_dx","Section",""
ianmri,Integer,2,,Recommended,"mri, see IAN CodeBook for details.","",,"http://dashboard.ianexchange.org/DataExplorer.aspx?FDID=47#mri","Section",""
ianmriresults,Integer,2,,Recommended,"mri_results, see IAN CodeBook for details.","",,"http://dashboard.ianexchange.org/DataExplorer.aspx?FDID=47#mri_results","Section",""
ianctscan,Integer,2,,Recommended,"ct_scan, see IAN CodeBook for details.","",,"http://dashboard.ianexchange.org/DataExplorer.aspx?FDID=47#ct_scan","Section",""
ianctscanresults,Integer,2,,Recommended,"ct_scan_results, see IAN CodeBook for details.","",,"http://dashboard.ianexchange.org/DataExplorer.aspx?FDID=47#ct_scan_results","Section",""
ianeeg,Integer,2,,Recommended,"eeg, see IAN CodeBook for details.","",,"http://dashboard.ianexchange.org/DataExplorer.aspx?FDID=47#eeg","Section",""
ianeegresults,Integer,2,,Recommended,"eeg_results, see IAN CodeBook for details.","",,"http://dashboard.ianexchange.org/DataExplorer.aspx?FDID=47#eeg_results","Section",""
ianwalkageapprx,Integer,2,,Recommended,"walk_age_apprx, see IAN CodeBook for details.","",,"http://dashboard.ianexchange.org/DataExplorer.aspx?FDID=47#walk_age_apprx","Section",""
ianwalkage,Float,8,,Recommended,"walk_age, see IAN CodeBook for details.","",,"http://dashboard.ianexchange.org/DataExplorer.aspx?FDID=47#walk_age","Section",""
iantalkageapprx,Integer,2,,Recommended,"talk_age_apprx, see IAN CodeBook for details.","",,"http://dashboard.ianexchange.org/DataExplorer.aspx?FDID=47#talk_age_apprx","Section",""
iantalkage,Float,8,,Recommended,"talk_age, see IAN CodeBook for details.","",,"http://dashboard.ianexchange.org/DataExplorer.aspx?FDID=47#talk_age","Section",""
ianagemngflspeach,Integer,2,,Recommended,"age_mngfl_speach, see IAN CodeBook for details.","",,"http://dashboard.ianexchange.org/DataExplorer.aspx?FDID=47#age_mngfl_speach","Section",""
iantoilettrainedage,Integer,2,,Recommended,"toilet_trained_age, see IAN CodeBook for details.","",,"http://dashboard.ianexchange.org/DataExplorer.aspx?FDID=47#toilet_trained_age","Section",""
ianpreglength,Integer,2,,Recommended,"preg_length, see IAN CodeBook for details.","",,"http://dashboard.ianexchange.org/DataExplorer.aspx?FDID=47#preg_length","Section",""
ianbirthtype,Integer,2,,Recommended,"birth_type, see IAN CodeBook for details.","",,"http://dashboard.ianexchange.org/DataExplorer.aspx?FDID=47#birth_type","Section",""
ianbirthorder,Integer,2,,Recommended,"birth_order, see IAN CodeBook for details.","",,"http://dashboard.ianexchange.org/DataExplorer.aspx?FDID=47#birth_order","Section",""
ianbirthweight,Float,8,,Recommended,"birth_weight, see IAN CodeBook for details.","",,"http://dashboard.ianexchange.org/DataExplorer.aspx?FDID=47#birth_weight","Section",""
ianfragilexdx,Integer,2,,Recommended,"fragile_x_dx, see IAN CodeBook for details.","",,"http://dashboard.ianexchange.org/DataExplorer.aspx?FDID=47#fragile_x_dx","Section",""
iantuberoussclerosisdx,Integer,2,,Recommended,"Tuberous_Sclerosis_dx, see IAN CodeBook for details.","",,"http://dashboard.ianexchange.org/DataExplorer.aspx?FDID=47#Tuberous_Sclerosis_dx","Section",""
ianseizuresepilepsydx,Integer,2,,Recommended,"Seizures_Epilepsy_dx, see IAN CodeBook for details.","",,"http://dashboard.ianexchange.org/DataExplorer.aspx?FDID=47#Seizures_Epilepsy_dx","Section",""
ianmentalretardationdx,Integer,2,,Recommended,"Mental_Retardation_dx, see IAN CodeBook for details.","",,"http://dashboard.ianexchange.org/DataExplorer.aspx?FDID=47#Mental_Retardation_dx","Section",""
ianmotordelay,Integer,2,,Recommended,"Motor_Delay, see IAN CodeBook for details.","",,"http://dashboard.ianexchange.org/DataExplorer.aspx?FDID=47#Motor_Delay","Section",""
iancpdx,Integer,2,,Recommended,"CP_dx, see IAN CodeBook for details.","",,"http://dashboard.ianexchange.org/DataExplorer.aspx?FDID=47#CP_dx","Section",""
iandepressiondx,Integer,2,,Recommended,"Depression_dx, see IAN CodeBook for details.","",,"http://dashboard.ianexchange.org/DataExplorer.aspx?FDID=47#Depression_dx","Section",""
ianbipolardisorder,Integer,2,,Recommended,"Bipolar_Disorder, see IAN CodeBook for details.","",,"http://dashboard.ianexchange.org/DataExplorer.aspx?FDID=47#Bipolar_Disorder","Section",""
ianadhddx,Integer,2,,Recommended,"ADHD_dx, see IAN CodeBook for details.","",,"http://dashboard.ianexchange.org/DataExplorer.aspx?FDID=47#ADHD_dx","Section",""
iananxietydisorder,Integer,2,,Recommended,"Anxiety_Disorder, see IAN CodeBook for details.","",,"http://dashboard.ianexchange.org/DataExplorer.aspx?FDID=47#Anxiety_Disorder","Section",""
ianschizophrenia,Integer,2,,Recommended,"Schizophrenia, see IAN CodeBook for details.","",,"http://dashboard.ianexchange.org/DataExplorer.aspx?FDID=47#Schizophrenia","Section",""
ianschooltype,Integer,2,,Recommended,"school_type, see IAN CodeBook for details.","",,"http://dashboard.ianexchange.org/DataExplorer.aspx?FDID=47#school_type","Section",""
ianschoolgrade,Integer,2,,Recommended,"school_grade, see IAN CodeBook for details.","",,"http://dashboard.ianexchange.org/DataExplorer.aspx?FDID=47#school_grade","Section",""
ianspecialedpubschl,Integer,2,,Recommended,"special_ed_pub_schl, see IAN CodeBook for details.","",,"http://dashboard.ianexchange.org/DataExplorer.aspx?FDID=47#special_ed_pub_schl","Section",""
ianspecialedcodecurr,Integer,2,,Recommended,"special_ed_code_curr, see IAN CodeBook for details.","",,"http://dashboard.ianexchange.org/DataExplorer.aspx?FDID=47#special_ed_code_curr","Section",""
ianclassroomsetting,Integer,2,,Recommended,"classroom_setting, see IAN CodeBook for details.","",,"http://dashboard.ianexchange.org/DataExplorer.aspx?FDID=47#classroom_setting","Section",""
ianhasaide,Integer,2,,Recommended,"has_aide, see IAN CodeBook for details.","",,"http://dashboard.ianexchange.org/DataExplorer.aspx?FDID=47#has_aide","Section",""
ianclassroominclusion,Integer,2,,Recommended,"classroom_inclusion, see IAN CodeBook for details.","",,"http://dashboard.ianexchange.org/DataExplorer.aspx?FDID=47#classroom_inclusion","Section",""
iana2nddegreedx1,Integer,4,,Recommended,"a_2nd_Degree_Dx_1, see IAN CodeBook for details.","",,"http://dashboard.ianexchange.org/DataExplorer.aspx?FDID=47#a_2nd_Degree_Dx_1","Section",""
iana2nddegreedx2,Integer,4,,Recommended,"a_2nd_Degree_Dx_2, see IAN CodeBook for details.","",,"http://dashboard.ianexchange.org/DataExplorer.aspx?FDID=47#a_2nd_Degree_Dx_2","Section",""
iana2nddegreedx3,Integer,4,,Recommended,"a_2nd_Degree_Dx_3, see IAN CodeBook for details.","",,"http://dashboard.ianexchange.org/DataExplorer.aspx?FDID=47#a_2nd_Degree_Dx_3","Section",""
iana2nddegreedx4,Integer,4,,Recommended,"a_2nd_Degree_Dx_4, see IAN CodeBook for details.","",,"http://dashboard.ianexchange.org/DataExplorer.aspx?FDID=47#a_2nd_Degree_Dx_4","Section",""
iana2nddegreedx5,Integer,4,,Recommended,"a_2nd_Degree_Dx_5, see IAN CodeBook for details.","",,"http://dashboard.ianexchange.org/DataExplorer.aspx?FDID=47#a_2nd_Degree_Dx_5","Section",""
iana2nddegreedx6,Integer,4,,Recommended,"a_2nd_Degree_Dx_6, see IAN CodeBook for details.","",,"http://dashboard.ianexchange.org/DataExplorer.aspx?FDID=47#a_2nd_Degree_Dx_6","Section",""
iana2nddegreedx7,Integer,4,,Recommended,"a_2nd_Degree_Dx_7, see IAN CodeBook for details.","",,"http://dashboard.ianexchange.org/DataExplorer.aspx?FDID=47#a_2nd_Degree_Dx_7","Section",""
iancousindx1,Integer,4,,Recommended,"cousin_Dx_1, see IAN CodeBook for details.","",,"http://dashboard.ianexchange.org/DataExplorer.aspx?FDID=47#cousin_Dx_1","Section",""
iancousindx2,Integer,4,,Recommended,"cousin_Dx_2, see IAN CodeBook for details.","",,"http://dashboard.ianexchange.org/DataExplorer.aspx?FDID=47#cousin_Dx_2","Section",""
iancousindx3,Integer,4,,Recommended,"cousin_Dx_3, see IAN CodeBook for details.","",,"http://dashboard.ianexchange.org/DataExplorer.aspx?FDID=47#cousin_Dx_3","Section",""
iancousindx4,Integer,4,,Recommended,"cousin_Dx_4, see IAN CodeBook for details.","",,"http://dashboard.ianexchange.org/DataExplorer.aspx?FDID=47#cousin_Dx_4","Section",""
iancousindx5,Integer,4,,Recommended,"cousin_Dx_5, see IAN CodeBook for details.","",,"http://dashboard.ianexchange.org/DataExplorer.aspx?FDID=47#cousin_Dx_5","Section",""
iancousindx6,Integer,4,,Recommended,"cousin_Dx_6, see IAN CodeBook for details.","",,"http://dashboard.ianexchange.org/DataExplorer.aspx?FDID=47#cousin_Dx_6","Section",""
iancousindx7,Integer,4,,Recommended,"cousin_Dx_7, see IAN CodeBook for details.","",,"http://dashboard.ianexchange.org/DataExplorer.aspx?FDID=47#cousin_Dx_7","Section",""
ianprevresearchasd,Integer,2,,Recommended,"prev_research_ASD, see IAN CodeBook for details.","",,"http://dashboard.ianexchange.org/DataExplorer.aspx?FDID=47#prev_research_ASD","Section",""
ianpreviousresearchasdgenetics,Integer,2,,Recommended,"previous_research_ASD_genetics, see IAN CodeBook for details.","",,"http://dashboard.ianexchange.org/DataExplorer.aspx?FDID=47#previous_research_ASD_genetics","Section",""
ianpreviousstudyasdmeds,Integer,2,,Recommended,"previous_study_ASD_meds, see IAN CodeBook for details.","",,"http://dashboard.ianexchange.org/DataExplorer.aspx?FDID=47#previous_study_ASD_meds","Section",""
ianformlength,Integer,2,,Recommended,"form_length, see IAN CodeBook for details.","",,"http://dashboard.ianexchange.org/DataExplorer.aspx?FDID=47#form_length","Section",""
ianrelativesasddx,Integer,2,,Recommended,"relatives_asd_dx, see IAN CodeBook for details.","",,"http://dashboard.ianexchange.org/DataExplorer.aspx?FDID=101#relatives_asd_dx","Section",""
ianrelativesfragilexdx,Integer,2,,Recommended,"relatives_fragile_X_dx, see IAN CodeBook for details.","",,"http://dashboard.ianexchange.org/DataExplorer.aspx?FDID=101#relatives_fragile_X_dx","Section",""
ianrelativesseizuresepilepsydx,Integer,2,,Recommended,"relatives_seizures_epilepsy_dx, see IAN CodeBook for details.","",,"http://dashboard.ianexchange.org/DataExplorer.aspx?FDID=101#relatives_seizures_epilepsy_dx","Section",""
ianrelativesmentalretrdtion,Integer,2,,Recommended,"relatives_mental_retrdtion, see IAN CodeBook for details.","",,"http://dashboard.ianexchange.org/DataExplorer.aspx?FDID=101#relatives_mental_retrdtion","Section",""
ianrelativesbipolardx,Integer,2,,Recommended,"relatives_bipolar_dx, see IAN CodeBook for details.","",,"http://dashboard.ianexchange.org/DataExplorer.aspx?FDID=101#relatives_bipolar_dx","Section",""
ianrelativesschizophreniadx,Integer,2,,Recommended,"relatives_schizophrenia_dx, see IAN CodeBook for details.","",,"http://dashboard.ianexchange.org/DataExplorer.aspx?FDID=101#relatives_schizophrenia_dx","Section",""
ianenrollmenttype,String,50,,Recommended,"enrollment_type, see IAN CodeBook for details.","",,"http://dashboard.ianexchange.org/DataExplorer.aspx?FDID=101#enrollment_type","Section",""
ianfirstasddxcompleteness,String,15,,Recommended,"first_asd_dx_completeness, see IAN CodeBook for details.","",,"http://dashboard.ianexchange.org/DataExplorer.aspx?FDID=101#first_asd_dx_completeness","Section",""
iancurasddxcompleteness,String,15,,Recommended,"cur_asd_dx_completeness, see IAN CodeBook for details.","",,"http://dashboard.ianexchange.org/DataExplorer.aspx?FDID=101#cur_asd_dx_completeness","Section",""
ianagefirstdiagnosis,Float,9,,Recommended,"age_first_diagnosis, see IAN CodeBook for details.","",,"http://dashboard.ianexchange.org/DataExplorer.aspx?FDID=101#age_first_diagnosis","Section",""
subjectkey,GUID,0,,Required,"The NDAR Global Unique Identifier (GUID) for subjects which identifies a subject in NDAR","NDAR*",,"","",""
