ElementName,DataType,Size,Unit,Required,ElementDescription,ValueRange,Keywords,Notes,Section,Aliases
cms1_visualimmediate_ci,Integer,5,,Recommended,"Visual Immediate - Confidence Interval","",,"","Confidence Intervals",""
cms1_visualdelayed_ci,Integer,5,,Recommended,"Visual Delayed - Confidence Interval","",,"","Confidence Intervals",""
cms1_verbalimmediate_ci,Integer,5,,Recommended,"Verbal Immediate - Confidence Interval","",,"","Confidence Intervals",""
cms1_verbaldelayed_ci,Integer,5,,Recommended,"Verbal Delayed-Confidence Interval","",,"","Confidence Intervals",""
cms1_generalmemory_ci,Integer,5,,Recommended,"General Memory - Confidence Interval","",,"","Confidence Intervals",""
cms1_attention_ci,Integer,5,,Recommended,"Attention/Concentration - Confidence Interval","",,"","Confidence Intervals",""
cms1_learning_ci,Integer,5,,Recommended,"Learning - Confidence Interval","",,"","Confidence Intervals",""
cms1_delayedrecog_ci,Integer,5,,Recommended,"Delayed Recognition - Confidence Interval","",,"","Confidence Intervals",""
cms1_dotloci_t1ca,Integer,5,,Recommended,"Dot LocationsI Trial 1 Card A Score","0 to 6",,"","Subtest - Dot Locations",""
cms1_dotloci_t2ca,Integer,5,,Recommended,"Dot LocationsI Trial 2 Card A Score","0 to 6",,"","Subtest - Dot Locations",""
cms1_dotloci_t3ca,Integer,5,,Recommended,"Dot LocationsI Trial 3 Card A Score","0 to 6",,"","Subtest - Dot Locations",""
cms1_dotloci_learning,Integer,5,,Recommended,"Dot LocationsI Learning Raw Score","0 to 18",,"","Subtest - Dot Locations",""
cms1_dotloci_shortdelay,Integer,5,,Recommended,"Dot LocationsI_Short Delay_Raw Score","0 to 6",,"","Subtest - Dot Locations",""
cms1_dotloci_total,Integer,5,,Recommended,"Dot LocationsI_Total Raw Score","0 to 24",,"","Subtest - Dot Location",""
cms1_stories_immediate,Integer,5,,Recommended,"Stories - Immediate Raw Score","0 to 57",,"","Subtest - Stories",""
cms1_stories_thematic,Integer,5,,Recommended,"Stories - Immediate Thematic Raw Score","0 to 13",,"","Subtest - Stories",""
cms1_facesi_1,Integer,5,,Recommended,"Faces - Item 1","0;1",,"","Subtest - Faces I",""
cms1_facesi_2,Integer,5,,Recommended,"Faces - Item 2","0;1",,"","Subtest - Faces I",""
cms1_facesi_3,Integer,5,,Recommended,"Faces - Item 3","0;1",,"","Subtest - Faces I",""
cms1_facesi_4,Integer,5,,Recommended,"Faces - Item 4","0;1",,"","Subtest - Faces I",""
cms1_facesi_5,Integer,5,,Recommended,"Faces - Item 5","0;1",,"","Subtest - Faces I",""
cms1_facesi_6,Integer,5,,Recommended,"Faces - Item 6","0;1",,"","Subtest - Faces I",""
cms1_facesi_7,Integer,5,,Recommended,"Faces - Item 7","0;1",,"","Subtest - Faces I",""
cms1_facesi_8,Integer,5,,Recommended,"Faces - Item 8","0;1",,"","Subtest - Faces I",""
cms1_facesi_9,Integer,5,,Recommended,"Faces - Item 9","0;1",,"","Subtest - Faces I",""
cms1_facesi_10,Integer,5,,Recommended,"Faces - Item 10","0;1",,"","Subtest - Faces I",""
cms1_facesi_11,Integer,5,,Recommended,"Faces - Item 11","0;1",,"","Subtest - Faces I",""
cms1_facesi_12,Integer,5,,Recommended,"Faces - Item 12","0;1",,"","Subtest - Faces I",""
cms1_facesi_13,Integer,5,,Recommended,"Faces - Item 13","0;1",,"","Subtest - Faces I",""
cms1_facesi_14,Integer,5,,Recommended,"Faces - Item 14","0;1",,"","Subtest - Faces I",""
cms1_facesi_15,Integer,5,,Recommended,"Faces - Item 15","0;1",,"","Subtest - Faces I",""
cms1_facesi_16,Integer,5,,Recommended,"Faces - Item 16","0;1",,"","Subtest - Faces I",""
cms1_facesi_17,Integer,5,,Recommended,"Faces - Item 17","0;1",,"","Subtest - Faces I",""
cms1_facesi_18,Integer,5,,Recommended,"Faces - Item 18","0;1",,"","Subtest - Faces I",""
cms1_facesi_19,Integer,5,,Recommended,"Faces - Item 19","0;1",,"","Subtest - Faces I",""
cms1_facesi_20,Integer,5,,Recommended,"Faces - Item 20","0;1",,"","Subtest - Faces I",""
cms1_facesi_21,Integer,5,,Recommended,"Faces - Item 21","0;1",,"","Subtest - Faces I",""
cms1_facesi_22,Integer,5,,Recommended,"Faces - Item 22","0;1",,"","Subtest - Faces I",""
cms1_facesi_23,Integer,5,,Recommended,"Faces - Item 23","0;1",,"","Subtest - Faces I",""
cms1_facesi_24,Integer,5,,Recommended,"Faces - Item 24","0;1",,"","Subtest - Faces I",""
cms1_facesi_25,Integer,5,,Recommended,"Faces - Item 25","0;1",,"","Subtest - Faces I",""
cms1_facesi_26,Integer,5,,Recommended,"Faces - Item 26","0;1",,"","Subtest - Faces I",""
cms1_facesi_27,Integer,5,,Recommended,"Faces - Item 27","0;1",,"","Subtest - Faces I",""
cms1_facesi_28,Integer,5,,Recommended,"Faces - Item 28","0;1",,"","Subtest - Faces I",""
cms1_facesi_29,Integer,5,,Recommended,"Faces - Item 29","0;1",,"","Subtest - Faces I",""
cms1_facesi_30,Integer,5,,Recommended,"Faces - Item 30","0;1",,"","Subtest - Faces I",""
cms1_facesi_31,Integer,5,,Recommended,"Faces - Item 31","0;1",,"","Subtest - Faces I",""
cms1_facesi_32,Integer,5,,Recommended,"Faces - Item 32","0;1",,"","Subtest - Faces I",""
cms1_facesi_33,Integer,5,,Recommended,"Faces - Item 33","0;1",,"","Subtest - Faces I",""
cms1_facesi_34,Integer,5,,Recommended,"Faces - Item 34","0;1",,"","Subtest - Faces I",""
cms1_facesi_35,Integer,5,,Recommended,"Faces - Item 35","0;1",,"","Subtest - Faces I",""
cms1_facesi_36,Integer,5,,Recommended,"Faces - Item 36","0;1",,"","Subtest - Faces I",""
cms1_facesi_immediate,Integer,5,,Recommended,"Faces - Immediate Raw Score","0 to 36",,"","Subtest - Faces I",""
cms1_wp_learning,Integer,5,,Recommended,"Word Pairs - Learning Raw Score","0 to 30",,"","Subtest - Word Pairs",""
cms1_wp_immediate,Integer,5,,Recommended,"Word Pairs - Immediate Raw Score","0 to 10",,"","Subtest - Word Pairs",""
cms1_wp_total,Integer,5,,Recommended,"Word Pairs - Total Raw Score","0 to 40",,"","Subtest - Word Pairs",""
cms1_fpi_ps_father,Integer,5,,Recommended,"Family Pictures I Picnic Scene Father Score","0 to 4",,"","Subtest - Family Pictures I",""
cms1_fpi_ps_daughter,Integer,5,,Recommended,"Family Pictures I Picnic Scene Daughter Score","0 to 4",,"","Subtest - Family Pictures I",""
cms1_fpi_ps_dog,Integer,5,,Recommended,"Family Pictures I Picnic Scene Dog Score","0 to 4",,"","Subtest - Family Pictures I",""
cms1_fpi_dss_mother,Integer,5,,Recommended,"Family Pictures I Department StoreScene Mother Score","0 to 4",,"","Subtest - Family Pictures I",""
cms1_fpi_dss_father,Integer,5,,Recommended,"Family Pictures I Department Store Scene Father Score","0 to 4",,"","Subtest - Family Pictures I",""
cms1_fpi_dss_daughter,Integer,5,,Recommended,"Family Pictures I Department Store Scene Daughter Score","0 to 4",,"","Subtest - Family Pictures I",""
cms1_fpi_ys_gfather,Integer,5,,Recommended,"Family Pictures I Yard Scene Grandfather Score","0 to 4",,"","Subtest - Family Pictures I",""
cms1_fpi_ys_son,Integer,5,,Recommended,"Family Pictures I Yard Scene Son Score","0 to 4",,"","Subtest - Family Pictures I",""
cms1_fpi_ys_dog,Integer,5,,Recommended,"Family Pictures I Yard Scene Dog Score","0 to 4",,"","Subtest - Family Pictures I",""
cms1_fpi_ms_gmother,Integer,5,,Recommended,"Family Pictures I Meal Scene Grandmother Score","0 to 4",,"","Subtest - Family Pictures I",""
cms1_fpi_ms_mother,Integer,5,,Recommended,"Family Pictures I Meal Scene Mother Score","0 to 4",,"","Subtest - Family Pictures I",""
cms1_fpi_ms_son,Integer,5,,Recommended,"Family Pictures I Meal Scene Son Score","0 to 4",,"","Subtest - Family Pictures I",""
cms1_fpi_immediate,Integer,5,,Recommended,"Family Pictures I Immediate Raw Score","0 to 48",,"","Subtest - Family Pictures I",""
cms1_num_f_1t1,Integer,5,,Recommended,"Numbers - Forward Item 1 Trial 1","0;1",,"","Subtest - Numbers",""
cms1_num_f_1t2,Integer,5,,Recommended,"Numbers - Forward Item 1 Trial 2","0;1",,"","Subtest - Numbers",""
cms1_num_f_2t1,Integer,5,,Recommended,"Numbers - Forward Item 2 Trial 1","0;1",,"","Subtest - Numbers",""
cms1_num_f_2t2,Integer,5,,Recommended,"Numbers - Forward Item 2 Trial 2","0;1",,"","Subtest - Numbers",""
cms1_num_f_3t1,Integer,5,,Recommended,"Numbers - Forward Item 3 Trial 1","0;1",,"","Subtest - Numbers",""
cms1_num_f_3t2,Integer,5,,Recommended,"Numbers - Forward Item 3 Trial 2","0;1",,"","Subtest - Numbers",""
cms1_num_f_4t1,Integer,5,,Recommended,"Numbers - Forward Item 4 Trial 1","0;1",,"","Subtest - Numbers",""
cms1_num_f_4t2,Integer,5,,Recommended,"Numbers - Forward Item 4 Trial 2","0;1",,"","Subtest - Numbers",""
cms1_num_f_5t1,Integer,5,,Recommended,"Numbers - Forward Item 5 Trial 1","0;1",,"","Subtest - Numbers",""
cms1_num_f_5t2,Integer,5,,Recommended,"Numbers - Forward Item 5 Trial 2","0;1",,"","Subtest - Numbers",""
cms1_num_f_6t1,Integer,5,,Recommended,"Numbers - Forward Item 6 Trial 1","0;1",,"","Subtest - Numbers",""
cms1_num_f_6t2,Integer,5,,Recommended,"Numbers - Forward Item 6 Trial 2","0;1",,"","Subtest - Numbers",""
cms1_num_f_7t1,Integer,5,,Recommended,"Numbers - Forward Item 7 Trial 1","0;1",,"","Subtest - Numbers",""
cms1_num_f_7t2,Integer,5,,Recommended,"Numbers - Forward Item 7 Trial 2","0;1",,"","Subtest - Numbers",""
cms1_num_f_8t1,Integer,5,,Recommended,"Numbers - Forward Item 8 Trial 1","0;1",,"","Subtest - Numbers",""
cms1_num_f_8t2,Integer,5,,Recommended,"Numbers - Forward Item 8 Trial 2","0;1",,"","Subtest - Numbers",""
cms1_num_forward,Integer,5,,Recommended,"Numbers -  Forward  Raw Score","0 to 16",,"","Subtest - Numbers",""
cms1_num_b_1t1,Integer,5,,Recommended,"Numbers - Backward Item 1 Trial 1","0;1",,"","Subtest - Numbers",""
cms1_num_b_1t2,Integer,5,,Recommended,"Numbers - Backward Item 1 Trial 2","0;1",,"","Subtest - Numbers",""
cms1_num_b_2t1,Integer,5,,Recommended,"Numbers - Backward Item 2 Trial 1","0;1",,"","Subtest - Numbers",""
cms1_num_b_2t2,Integer,5,,Recommended,"Numbers - Backward Item 2 Trial 2","0;1",,"","Subtest - Numbers",""
cms1_num_b_3t1,Integer,5,,Recommended,"Numbers - Backward Item 3 Trial 1","0;1",,"","Subtest - Numbers",""
cms1_num_b_3t2,Integer,5,,Recommended,"Numbers - Backward Item 3 Trial 2","0;1",,"","Subtest - Numbers",""
cms1_num_b_4t1,Integer,5,,Recommended,"Numbers - Backward Item 4 Trial 1","0;1",,"","Subtest - Numbers",""
cms1_num_b_4t2,Integer,5,,Recommended,"Numbers - Backward Item 4 Trial 2","0;1",,"","Subtest - Numbers",""
cms1_num_b_5t1,Integer,5,,Recommended,"Numbers - Backward Item 5 Trial 1","0;1",,"","Subtest - Numbers",""
cms1_num_b_5t2,Integer,5,,Recommended,"Numbers - Backward Item 5 Trial 2","0;1",,"","Subtest - Numbers",""
cms1_num_b_6t1,Integer,5,,Recommended,"Numbers - Backward Item 6 Trial 1","0;1",,"","Subtest - Numbers",""
cms1_num_b_6t2,Integer,5,,Recommended,"Numbers - Backward Item 6 Trial 2","0;1",,"","Subtest - Numbers",""
cms1_num_b_7t1,Integer,5,,Recommended,"Numbers - Backward Item 7 Trial 1","0;1",,"","Subtest - Numbers",""
cms1_num_b_7t2,Integer,5,,Recommended,"Numbers - Backward Item 7 Trial 2","0;1",,"","Subtest - Numbers",""
cms1_num_backward,Integer,5,,Recommended,"Numbers - Backward Raw Score","0 to 14",,"","Subtest - Numbers",""
cms1_dlii_longdelay,Integer,5,,Recommended,"Dot Locations II - Long Delay Raw Score","0 to 6",,"","Subtest - Dot Locations II",""
cms1_storiesii_delayed,Integer,5,,Recommended,"Stories II - Delayed Raw Score","0 to 57",,"","Subtest - Stores II",""
cms1_storiesii_thematic,Integer,5,,Recommended,"Stories II - Delayed Thematic Raw Score","0 to 13",,"","Subtest - Stores II",""
cms1_storesii_a1,Integer,5,,Recommended,"Stories II - Story A Item 1","0;1",,"","Subtest - Stores II",""
cms1_storesii_a2,Integer,5,,Recommended,"Stories II - Story A Item 2","0;1",,"","Subtest - Stores II",""
cms1_storesii_a3,Integer,5,,Recommended,"Stories II - Story A Item 3","0;1",,"","Subtest - Stores II",""
cms1_storesii_a4,Integer,5,,Recommended,"Stories II - Story A Item 4","0;1",,"","Subtest - Stores II",""
cms1_storesii_a5,Integer,5,,Recommended,"Stories II - Story A Item 5","0;1",,"","Subtest - Stores II",""
cms1_storesii_a6,Integer,5,,Recommended,"Stories II - Story A Item 6","0;1",,"","Subtest - Stores II",""
cms1_storesii_a7,Integer,5,,Recommended,"Stories II - Story A Item 7","0;1",,"","Subtest - Stores II",""
cms1_storesii_a8,Integer,5,,Recommended,"Stories II - Story A Item 8","0;1",,"","Subtest - Stores II",""
cms1_storesii_a9,Integer,5,,Recommended,"Stories II - Story A Item 9","0;1",,"","Subtest - Stores II",""
cms1_storesii_a10,Integer,5,,Recommended,"Stories II - Story A Item 10","0;1",,"","Subtest - Stores II",""
cms1_storesii_a11,Integer,5,,Recommended,"Stories II - Story A Item 11","0;1",,"","Subtest - Stores II",""
cms1_storesii_a12,Integer,5,,Recommended,"Stories II - Story A Item 12","0;1",,"","Subtest - Stores II",""
cms1_storesii_a13,Integer,5,,Recommended,"Stories II - Story A Item 13","0;1",,"","Subtest - Stores II",""
cms1_storesii_a14,Integer,5,,Recommended,"Stories II - Story A Item 14","0;1",,"","Subtest - Stores II",""
cms1_storesii_a15,Integer,5,,Recommended,"Stories II - Story A Item 15","0;1",,"","Subtest - Stores II",""
cms1_storesii_b16,Integer,5,,Recommended,"Stories II - Story B Item 16","0;1",,"","Subtest - Stores II",""
cms1_storesii_b17,Integer,5,,Recommended,"Stories II - Story B Item 17","0;1",,"","Subtest - Stores II",""
cms1_storesii_b18,Integer,5,,Recommended,"Stories II - Story B Item 18","0;1",,"","Subtest - Stores II",""
cms1_storesii_b19,Integer,5,,Recommended,"Stories II - Story B Item 19","0;1",,"","Subtest - Stores II",""
cms1_storesii_b20,Integer,5,,Recommended,"Stories II - Story B Item 20","0;1",,"","Subtest - Stores II",""
cms1_storesii_b21,Integer,5,,Recommended,"Stories II - Story B Item 21","0;1",,"","Subtest - Stores II",""
cms1_storesii_b22,Integer,5,,Recommended,"Stories II - Story B Item 22","0;1",,"","Subtest - Stores II",""
cms1_storesii_b23,Integer,5,,Recommended,"Stories II - Story B Item 23","0;1",,"","Subtest - Stores II",""
cms1_storesii_b24,Integer,5,,Recommended,"Stories II - Story B Item 24","0;1",,"","Subtest - Stores II",""
cms1_storesii_b25,Integer,5,,Recommended,"Stories II - Story B Item 25","0;1",,"","Subtest - Stores II",""
cms1_storesii_b26,Integer,5,,Recommended,"Stories II - Story B Item 26","0;1",,"","Subtest - Stores II",""
cms1_storesii_b27,Integer,5,,Recommended,"Stories II - Story B Item 27","0;1",,"","Subtest - Stores II",""
cms1_storesii_b28,Integer,5,,Recommended,"Stories II - Story B Item 28","0;1",,"","Subtest - Stores II",""
cms1_storesii_b29,Integer,5,,Recommended,"Stories II - Story B Item 29","0;1",,"","Subtest - Stores II",""
cms1_storesii_b30,Integer,5,,Recommended,"Stories II - Story B Item 30","0;1",,"","Subtest - Stores II",""
cms1_storiesii_delayrecog,Integer,5,,Recommended,"Stories II - Delayed Recognition Raw Score","0 to 30",,"","Subtest - Stores II",""
cms1_facesii_item1,Integer,5,,Recommended,"Faces II - Item 1","0;1",,"","Subtest - Faces II",""
cms1_facesii_item2,Integer,5,,Recommended,"Faces II - Item 2","0;1",,"","Subtest - Faces II",""
cms1_facesii_item3,Integer,5,,Recommended,"Faces II - Item 3","0;1",,"","Subtest - Faces II",""
cms1_facesii_item4,Integer,5,,Recommended,"Faces II - Item 4","0;1",,"","Subtest - Faces II",""
cms1_facesii_item5,Integer,5,,Recommended,"Faces II - Item 5","0;1",,"","Subtest - Faces II",""
cms1_facesii_item6,Integer,5,,Recommended,"Faces II - Item 6","0;1",,"","Subtest - Faces II",""
cms1_facesii_item7,Integer,5,,Recommended,"Faces II - Item 7","0;1",,"","Subtest - Faces II",""
cms1_facesii_item8,Integer,5,,Recommended,"Faces II - Item 8","0;1",,"","Subtest - Faces II",""
cms1_facesii_item9,Integer,5,,Recommended,"Faces II - Item 9","0;1",,"","Subtest - Faces II",""
cms1_facesii_item10,Integer,5,,Recommended,"Faces II - Item 10","0;1",,"","Subtest - Faces II",""
cms1_facesii_item11,Integer,5,,Recommended,"Faces II - Item 11","0;1",,"","Subtest - Faces II",""
cms1_facesii_item12,Integer,5,,Recommended,"Faces II - Item 12","0;1",,"","Subtest - Faces II",""
cms1_facesii_item13,Integer,5,,Recommended,"Faces II - Item 13","0;1",,"","Subtest - Faces II",""
cms1_facesii_item14,Integer,5,,Recommended,"Faces II - Item 14","0;1",,"","Subtest - Faces II",""
cms1_facesii_item15,Integer,5,,Recommended,"Faces II - Item 15","0;1",,"","Subtest - Faces II",""
cms1_facesii_item16,Integer,5,,Recommended,"Faces II - Item 16","0;1",,"","Subtest - Faces II",""
cms1_facesii_item17,Integer,5,,Recommended,"Faces II - Item 17","0;1",,"","Subtest - Faces II",""
cms1_facesii_item18,Integer,5,,Recommended,"Faces II - Item 18","0;1",,"","Subtest - Faces II",""
cms1_facesii_item19,Integer,5,,Recommended,"Faces II - Item 19","0;1",,"","Subtest - Faces II",""
cms1_facesii_item20,Integer,5,,Recommended,"Faces II - Item 20","0;1",,"","Subtest - Faces II",""
cms1_facesii_item21,Integer,5,,Recommended,"Faces II - Item 21","0;1",,"","Subtest - Faces II",""
cms1_facesii_item22,Integer,5,,Recommended,"Faces II - Item 22","0;1",,"","Subtest - Faces II",""
cms1_facesii_item23,Integer,5,,Recommended,"Faces II - Item 23","0;1",,"","Subtest - Faces II",""
cms1_facesii_item24,Integer,5,,Recommended,"Faces II - Item 24","0;1",,"","Subtest - Faces II",""
cms1_facesii_item25,Integer,5,,Recommended,"Faces II - Item 25","0;1",,"","Subtest - Faces II",""
cms1_facesii_item26,Integer,5,,Recommended,"Faces II - Item 26","0;1",,"","Subtest - Faces II",""
cms1_facesii_item27,Integer,5,,Recommended,"Faces II - Item 27","0;1",,"","Subtest - Faces II",""
cms1_facesii_item28,Integer,5,,Recommended,"Faces II - Item 28","0;1",,"","Subtest - Faces II",""
cms1_facesii_item29,Integer,5,,Recommended,"Faces II - Item 29","0;1",,"","Subtest - Faces II",""
cms1_facesii_item30,Integer,5,,Recommended,"Faces II - Item 30","0;1",,"","Subtest - Faces II",""
cms1_facesii_item31,Integer,5,,Recommended,"Faces II - Item 31","0;1",,"","Subtest - Faces II",""
cms1_facesii_item32,Integer,5,,Recommended,"Faces II - Item 32","0;1",,"","Subtest - Faces II",""
cms1_facesii_item33,Integer,5,,Recommended,"Faces II - Item 33","0;1",,"","Subtest - Faces II",""
cms1_facesii_item34,Integer,5,,Recommended,"Faces II - Item 34","0;1",,"","Subtest - Faces II",""
cms1_facesii_item35,Integer,5,,Recommended,"Faces II - Item 35","0;1",,"","Subtest - Faces II",""
cms1_facesii_item36,Integer,5,,Recommended,"Faces II - Item 36","0;1",,"","Subtest - Faces II",""
cms1_facesii_delayed,Integer,5,,Recommended,"Faces II - Delayed Raw Score","0 to 36",,"","Subtest - Faces II",""
cms1_wpii_longdelay,Integer,5,,Recommended,"Word Pairs II - Long Delay Raw Score","0 to 10",,"","Subtest - Word Pairs II",""
cms1_wpii_delayedrecog,Integer,5,,Recommended,"Word Pairs II - Delayed Recognition Raw Score","0 to 30",,"","Subtest - Word Pairs II",""
cms1_fpii_ps_father,Integer,5,,Recommended,"Family Pictures II - Picnic Scene Father Score","0 to 4",,"","Subtest - Family Pictures II",""
cms1_fpii_ps_daughter,Integer,5,,Recommended,"Family Pictures II - Picnic Scene Daughter Score","0 to 4",,"","Subtest - Family Pictures II",""
cms1_fpii_ps_dog,Integer,5,,Recommended,"Family Pictures II - Picnic Scene Dog Score","0 to 4",,"","Subtest - Family Pictures II",""
cms1_fpii_dss_mother,Integer,5,,Recommended,"Family Pictures II - Department Store Scene Mother Score","0 to 4",,"","Subtest - Family Pictures II",""
cms1_fpii_dss_father,Integer,5,,Recommended,"Family Pictures II - Department Store Scene Father Score","0 to 4",,"","Subtest - Family Pictures II",""
cms1_fpii_dss_daughter,Integer,5,,Recommended,"Family Pictures II - Department Store Scene Daughter Score","0 to 4",,"","Subtest - Family Pictures II",""
cms1_fpii_ys_gfather,Integer,5,,Recommended,"Family Pictures II - Yard Scene Grandfather Score","0 to 4",,"","Subtest - Family Pictures II",""
cms1_fpii_ys_son,Integer,5,,Recommended,"Family Pictures II - Yard Scene Son Score","0 to 4",,"","Subtest - Family Pictures II",""
cms1_fpii_ys_dog,Integer,5,,Recommended,"Family Pictures II - Yard Scene Dog Score","0 to 4",,"","Subtest - Family Pictures II",""
cms1_fpii_ms_gmother,Integer,5,,Recommended,"Family Pictures II - Meal Scene Grandmother Score","0 to 4",,"","Subtest - Family Pictures II",""
cms1_fpii_ms_mother,Integer,5,,Recommended,"Family Pictures II - Meal Scene Mother Score","0 to 4",,"","Subtest - Family Pictures II",""
cms1_fpii_ms_son,Integer,5,,Recommended,"Family Pictures II - Meal Scene Son Score","0 to 4",,"","Subtest - Family Pictures II",""
cms1_fpii_delayed,Integer,5,,Recommended,"Family Pictures II - Delayed Raw Score","0 to 48",,"","Subtest - Family Pictures II",""
subjectkey,GUID,0,,Required,"The NDAR Global Unique Identifier (GUID) for subjects which identifies a subject in NDAR","NDAR*",,"","Header",""
src_subject_id,String,20,,Required,"The site's subject identification","",,"","Header",""
interview_date,Date,0,,Required,"Date on which the interview/genetic test/sampling/imaging was completed","MM/yyyy;MM/dd/yyyy",,"* '01/01/1900' indicates that a date associated with retrospective data is not known.","Header",""
interview_age,Integer,0,,Required,"Age in months at the time of the interview/test/sampling/imaging.","0 to 1200",,"Age is rounded to chronological month If the research participant is 13 days old at time of interview  the appropriate value would be 0 months if the participant is 19 days old the value would be 1 month","Header",""
grade_highed,String,50,,Recommended,"Grade/Highest education","",,"","Header",""
comments_misc,String,255,,Optional,"Miscellaneous comments on study, interview, methodology relevant to this form data","",,"","Header",""
cms1_visualimmediate_scale,Integer,5,,Required,"Visual Immediate - Sum of Scaled Scores","",,"","Sum of Scaled Scores",""
cms1_visualdelayed_scale,Integer,5,,Required,"Visual Delayed - Sum of Scaled Scores","",,"","Sum of Scaled Scores",""
cms1_verbalimmediate_scale,Integer,5,,Required,"Verbal Immediate - Sum of Scaled Scores","",,"","Sum of Scaled Scores",""
cms1_verbaldelayed_scale,Integer,5,,Required,"Verbal Delayed - Sum of Scaled Scores","",,"","Sum of Scaled Scores",""
cms1_generalmemory_scale,Integer,5,,Required,"General Memory - Sum of Scaled Scores","",,"","Sum of Scaled Scores",""
cms1_attention_scale,Integer,5,,Required,"Attention/Concentration - Sum of Scaled Scores","",,"","Sum of Scaled Scores",""
cms1_learning_scale,Integer,5,,Required,"Learning - Sum of Scaled Scores","",,"","Sum of Scaled Scores",""
cms1_delayedrecog_scale,Integer,5,,Required,"Delayed Recognition - Sum of Scaled Scores","",,"","Sum of Scaled Scores",""
cms1_visualimmediate_index,Integer,5,,Recommended,"Visual Immediate - Index Score","",,"","Index Score",""
cms1_visualdelayed_index,Integer,5,,Recommended,"Visual Delayed - Index Score","",,"","Index Score",""
cms1_verbalimmediate_index,Integer,5,,Recommended,"Verbal Immediate - Index Score","",,"","Index Score",""
cms1_verbaldelayed_index,Integer,5,,Recommended,"Verbal Delayed - Index Score","",,"","Index Score",""
cms1_generalmemory_index,Integer,5,,Recommended,"General Memory - Index Score","",,"","Index Score",""
cms1_attention_index,Integer,5,,Recommended,"Attention/Concentration - Index Score","",,"","Index Score",""
cms1_learning_index,Integer,5,,Recommended,"Learning - Index Score","",,"","Index Score",""
cms1_delayedrecog_index,Integer,5,,Recommended,"Delayed Recognition - Index Score","",,"","Index Score",""
cms1_visualimmediate_percent,Integer,5,,Recommended,"Visual Immediate - Percentile","",,"","Percentile",""
cms1_visualdelayed_percent,Integer,5,,Recommended,"Visual Delayed - Percentile","",,"","Percentile",""
cms1_verbalimmediate_percent,Integer,5,,Recommended,"Verbal Immediate - Percentile","",,"","Percentile",""
cms1_verbaldelayed_percent,Integer,5,,Recommended,"Verbal Delayed - Percentile","",,"","Percentile",""
cms1_generalmemory_percent,Integer,5,,Recommended,"General Memory - Percentile","",,"","Percentile",""
cms1_attention_percent,Integer,5,,Recommended,"Attention/Concentration - Percentile","",,"","Percentile",""
cms1_learning_percent,Integer,5,,Recommended,"Learning - Percentile","",,"","Percentile",""
cms1_delayedrecog_percent,Integer,5,,Recommended,"Delayed Recognition - Percentile","",,"","Percentile",""
cms1_wp_trial1,Integer,5,,Recommended,"Word Pairs - List A Trial 1 Score","0 to 10",,"","Subtest - Word Pairs",""
cms1_wp_trial2,Integer,5,,Recommended,"Word Pairs - List B Trial 2 Score","0 to 10",,"","Subtest - Word Pairs",""
cms1_wp_trial3,Integer,5,,Recommended,"Word Pairs - List C Trial 3 Score","0 to 10",,"","Subtest - Word Pairs",""
cms1_num_total,Integer,5,,Recommended,"Numbers - Total Score","0 to 30",,"","Subtest - Numbers",""
