ElementName,DataType,Size,Unit,Required,ElementDescription,ValueRange,Keywords,Notes,Section,Aliases
cms2_visualimmediate_scale,Integer,5,,Required,"Visual Immediate - Sum of Scaled Scores","",,"","Sum of Scaled Scores",""
cms2_visualdelayed_scale,Integer,5,,Required,"Visual Delayed - Sum of Scaled Scores","",,"","Sum of Scaled Scores",""
cms2_verbalimmediate_scale,Integer,5,,Required,"Verbal Immediate - Sum of Scaled Scores","",,"","Sum of Scaled Scores",""
cms2_verbaldelayed_scale,Integer,5,,Required,"Verbal Delayed - Sum of Scaled Scores","",,"","Sum of Scaled Scores",""
cms2_generalmemory_scale,Integer,5,,Required,"General Memory - Sum of Scaled Scores","",,"","Sum of Scaled Scores",""
cms2_attention_scale,Integer,5,,Required,"Attention/Concentration - Sum of Scaled Scores","",,"","Sum of Scaled Scores",""
cms2_learning_scale,Integer,5,,Required,"Learning - Sum of Scaled Scores","",,"","Sum of Scaled Scores",""
cms2_delayedrecog_scale,Integer,5,,Required,"Delayed Recognition - Sum of Scaled Scores","",,"","Sum of Scaled Scores",""
cms2_visualimmediate_index,Integer,5,,Recommended,"Visual Immediate - Index Score","",,"","Index Score",""
cms2_visualdelayed_index,Integer,5,,Recommended,"Visual Delayed - Index Score","",,"","Index Score",""
cms2_verbalimmediate_index,Integer,5,,Recommended,"Verbal Immediate - Index Score","",,"","Index Score",""
cms2_verbaldelayed_index,Integer,5,,Recommended,"Verbal Delayed - Index Score","",,"","Index Score",""
cms2_generalmemory_index,Integer,5,,Recommended,"General Memory - Index Score","",,"","Index Score",""
cms2_attention_index,Integer,5,,Recommended,"Attention/Concentration - Index Score","",,"","Index Score",""
cms2_learning_index,Integer,5,,Recommended,"Learning - Index Score","",,"","Index Score",""
cms2_delayedrecog_index,Integer,5,,Recommended,"Delayed Recognition - Index Score","",,"","Index Score",""
cms2_visualimmediate_ci,Integer,5,,Recommended,"Visual Immediate - Confidence Interval","",,"","Confidence Intervals",""
cms2_visualdelayed_ci,Integer,5,,Recommended,"Visual Delayed - Confidence Interval","",,"","Confidence Intervals",""
cms2_verbalimmediate_ci,Integer,5,,Recommended,"Verbal Immediate - Confidence Interval","",,"","Confidence Intervals",""
cms2_verbaldelayed_ci,Integer,5,,Recommended,"Verbal Delayed-Confidence Interval","",,"","Confidence Intervals",""
cms2_generalmemory_ci,Integer,5,,Recommended,"General Memory - Confidence Interval","",,"","Confidence Intervals",""
cms2_attention_ci,Integer,5,,Recommended,"Attention/Concentration - Confidence Interval","",,"","Confidence Intervals",""
cms2_learning_ci,Integer,5,,Recommended,"Learning - Confidence Interval","",,"","Confidence Intervals",""
cms2_delayedrecog_ci,Integer,5,,Recommended,"Delayed Recognition - Confidence Interval","",,"","Confidence Intervals",""
cms2_visualimmediate_percent,Integer,5,,Recommended,"Visual Immediate - Percentile","",,"","Percentile",""
cms2_visualdelayed_percent,Integer,5,,Recommended,"Visual Delayed - Percentile","",,"","Percentile",""
cms2_verbalimmediate_percent,Integer,5,,Recommended,"Verbal Immediate - Percentile","",,"","Percentile",""
cms2_verbaldelayed_percent,Integer,5,,Recommended,"Verbal Delayed - Percentile","",,"","Percentile",""
cms2_generalmemory_percent,Integer,5,,Recommended,"General Memory - Percentile","",,"","Percentile",""
cms2_attention_percent,Integer,5,,Recommended,"Attention/Concentration - Percentile","",,"","Percentile",""
cms2_learning_percent,Integer,5,,Recommended,"Learning - Percentile","",,"","Percentile",""
cms2_delayedrecog_percent,Integer,5,,Recommended,"Delayed Recognition - Percentile","",,"","Percentile",""
cms2_dl_t1cc,Integer,5,,Recommended,"Dot Locations I - Trial 1 Card C","0 to 8",,"","Subtest - Dot Locations I",""
cms2_dl_t2cc,Integer,5,,Recommended,"Dot Locations I - Trial 2 Card C","0 to 8",,"","Subtest - Dot Locations I",""
cms2_dl_t3cc,Integer,5,,Recommended,"Dot Locations I - Trial 3 Card C","0 to 8",,"","Subtest - Dot Locations I",""
cms2_dl_learning,Integer,5,,Recommended,"Dot Locations I - Learning Raw Score","0 to 24",,"","Subtest - Dot Locations I",""
cms2_dl_recallcc,Integer,5,,Recommended,"Dot Locations I - Immediate Recall Score Card C","0 to 8",,"","Subtest - Dot Locations I",""
cms2_dl_total,Integer,5,,Recommended,"Dot Locations I - Total Raw Score","0 to 32",,"","Subtest - Dot Locations I",""
cms2_stories_immediate,Integer,5,,Recommended,"Stories I - Immediate Raw Score","0 to 88",,"","Subtest - Stories I",""
cms2_stories_thematic,Integer,5,,Recommended,"Stories I - Immediate Thematic Raw Score","0 to 12",,"","Subtest - Stories I",""
cms2_facei_1,Integer,5,,Recommended,"Faces I - Item 1","0;1",,"","Subtest - Faces I",""
cms2_facei_2,Integer,5,,Recommended,"Faces I - Item 2","0;1",,"","Subtest - Faces I",""
cms2_facei_3,Integer,5,,Recommended,"Faces I - Item 3","0;1",,"","Subtest - Faces I",""
cms2_facei_4,Integer,5,,Recommended,"Faces I - Item 4","0;1",,"","Subtest - Faces I",""
cms2_facei_5,Integer,5,,Recommended,"Faces I - Item 5","0;1",,"","Subtest - Faces I",""
cms2_facei_6,Integer,5,,Recommended,"Faces I - Item 6","0;1",,"","Subtest - Faces I",""
cms2_facei_7,Integer,5,,Recommended,"Faces I - Item 7","0;1",,"","Subtest - Faces I",""
cms2_facei_8,Integer,5,,Recommended,"Faces I - Item 8","0;1",,"","Subtest - Faces I",""
cms2_facei_9,Integer,5,,Recommended,"Faces I - Item 9","0;1",,"","Subtest - Faces I",""
cms2_facei_10,Integer,5,,Recommended,"Faces I - Item 10","0;1",,"","Subtest - Faces I",""
cms2_facei_11,Integer,5,,Recommended,"Faces I - Item 11","0;1",,"","Subtest - Faces I",""
cms2_facei_12,Integer,5,,Recommended,"Faces I - Item 12","0;1",,"","Subtest - Faces I",""
cms2_facei_13,Integer,5,,Recommended,"Faces I - Item 13","0;1",,"","Subtest - Faces I",""
cms2_facei_14,Integer,5,,Recommended,"Faces I - Item 14","0;1",,"","Subtest - Faces I",""
cms2_facei_15,Integer,5,,Recommended,"Faces I - Item 15","0;1",,"","Subtest - Faces I",""
cms2_facei_16,Integer,5,,Recommended,"Faces I - Item 16","0;1",,"","Subtest - Faces I",""
cms2_facei_17,Integer,5,,Recommended,"Faces I - Item 17","0;1",,"","Subtest - Faces I",""
cms2_facei_18,Integer,5,,Recommended,"Faces I - Item 18","0;1",,"","Subtest - Faces I",""
cms2_facei_19,Integer,5,,Recommended,"Faces I - Item 19","0;1",,"","Subtest - Faces I",""
cms2_facei_20,Integer,5,,Recommended,"Faces I - Item 20","0;1",,"","Subtest - Faces I",""
cms2_facei_21,Integer,5,,Recommended,"Faces I - Item 21","0;1",,"","Subtest - Faces I",""
cms2_facei_22,Integer,5,,Recommended,"Faces I - Item 22","0;1",,"","Subtest - Faces I",""
cms2_facei_23,Integer,5,,Recommended,"Faces I - Item 23","0;1",,"","Subtest - Faces I",""
cms2_facei_24,Integer,5,,Recommended,"Faces I - Item 24","0;1",,"","Subtest - Faces I",""
cms2_facei_25,Integer,5,,Recommended,"Faces I - Item 25","0;1",,"","Subtest - Faces I",""
cms2_facei_26,Integer,5,,Recommended,"Faces I - Item 26","0;1",,"","Subtest - Faces I",""
cms2_facei_27,Integer,5,,Recommended,"Faces I - Item 27","0;1",,"","Subtest - Faces I",""
cms2_facei_28,Integer,5,,Recommended,"Faces I - Item 28","0;1",,"","Subtest - Faces I",""
cms2_facei_29,Integer,5,,Recommended,"Faces I - Item 29","0;1",,"","Subtest - Faces I",""
cms2_facei_30,Integer,5,,Recommended,"Faces I - Item 30","0;1",,"","Subtest - Faces I",""
cms2_facei_31,Integer,5,,Recommended,"Faces I - Item 31","0;1",,"","Subtest - Faces I",""
cms2_facei_32,Integer,5,,Recommended,"Faces I - Item 32","0;1",,"","Subtest - Faces I",""
cms2_facei_33,Integer,5,,Recommended,"Faces I - Item 33","0;1",,"","Subtest - Faces I",""
cms2_facei_34,Integer,5,,Recommended,"Faces I - Item 34","0;1",,"","Subtest - Faces I",""
cms2_facei_35,Integer,5,,Recommended,"Faces I - Item 35","0;1",,"","Subtest - Faces I",""
cms2_facei_36,Integer,5,,Recommended,"Faces I - Item 36","0;1",,"","Subtest - Faces I",""
cms2_facei_37,Integer,5,,Recommended,"Faces I - Item 37","0;1",,"","Subtest - Faces I",""
cms2_facei_38,Integer,5,,Recommended,"Faces I - Item 38","0;1",,"","Subtest - Faces I",""
cms2_facei_39,Integer,5,,Recommended,"Faces I - Item 39","0;1",,"","Subtest - Faces I",""
cms2_facei_40,Integer,5,,Recommended,"Faces I - Item 40","0;1",,"","Subtest - Faces I",""
cms2_facei_41,Integer,5,,Recommended,"Faces I - Item 41","0;1",,"","Subtest - Faces I",""
cms2_facei_42,Integer,5,,Recommended,"Faces I - Item 42","0;1",,"","Subtest - Faces I",""
cms2_facei_43,Integer,5,,Recommended,"Faces I - Item 43","0;1",,"","Subtest - Faces I",""
cms2_facei_44,Integer,5,,Recommended,"Faces I - Item 44","0;1",,"","Subtest - Faces I",""
cms2_facei_45,Integer,5,,Recommended,"Faces I - Item 45","0;1",,"","Subtest - Faces I",""
cms2_facei_46,Integer,5,,Recommended,"Faces I - Item 46","0;1",,"","Subtest - Faces I",""
cms2_facei_47,Integer,5,,Recommended,"Faces I - Item 47","0;1",,"","Subtest - Faces I",""
cms2_facei_48,Integer,5,,Recommended,"Faces I - Item 48","0;1",,"","Subtest - Faces I",""
cms2_facei_immediate,Integer,5,,Recommended,"Faces I - Immediate Raw Score","0 to 48",,"","Subtest - Faces I",""
cms2_wp_ld_t1,Integer,5,,Recommended,"Word Pairs I - List D Trial 1 Score","0 to 14",,"","Subtest - Word Pairs  I",""
cms2_wp_le_t2,Integer,5,,Recommended,"Word Pairs I - List E Trial 2 Score","0 to 14",,"","Subtest - Word Pairs  I",""
cms2_wp_lf_t3,Integer,5,,Recommended,"Word Pairs I - List F Trial 3 Score","0 to 14",,"","Subtest - Word Pairs  I",""
cms2_wp_learning,Integer,5,,Recommended,"Word Pairs I Word Pairs Learning Raw Score","0 to 56",,"","Subtest - Word Pairs  I",""
cms2_wp_immediate,Integer,5,,Recommended,"Word Pairs I - Immediate Raw Score","0 to 14",,"","Subtest - Word Pairs  I",""
cms2_wp_total,Integer,5,,Recommended,"Word Pairs I - Total Raw Score","0 to 56",,"","Subtest - Word Pairs  I",""
cms2_fp_ps_father,Integer,0,,Recommended,"Family Pictures I Picnic Scene Father Score","0-4",,"","Subtest - Family Pictures I",""
cms2_fp_ps_daughter,Integer,0,,Recommended,"Family Pictures I Picnic Scene Daughter Score","0-4",,"","Subtest - Family Pictures I",""
cms2_fp_ps_dog,Integer,0,,Recommended,"Family Pictures I Picnic Scene Dog Score","0-4",,"","Subtest - Family Pictures I",""
cms2_fp_dss_mother,Integer,0,,Recommended,"Family Pictures I Department Store Scene  Mother Score","0-4",,"","Subtest - Family Pictures I",""
cms2_fp_dss_father,Integer,0,,Recommended,"Family Pictures I Department Store Scene  Father Score","0-4",,"","Subtest - Family Pictures I",""
cms2_fp_dss_daughter,Integer,0,,Recommended,"Family Pictures I Department Store Scene Daughter Score","0-4",,"","Subtest - Family Pictures I",""
cms2_fp_ys_gfather,Integer,0,,Recommended,"Family Pictures I Yard Scene Grandfather Score","0-4",,"","Subtest - Family Pictures I",""
cms2_fp_ys_son,Integer,0,,Recommended,"Family Pictures I Yard Scene Son Score","0-4",,"","Subtest - Family Pictures I",""
cms2_fp_ys_dog,Integer,0,,Recommended,"Family Pictures I Yard Scene Dog Score","0-4",,"","Subtest - Family Pictures I",""
cms2_fp_ms_gmother,Integer,0,,Recommended,"Family Pictures I Meal Scene Grandmother Score","0-4",,"","Subtest - Family Pictures I",""
cms2_fp_ms_mother,Integer,0,,Recommended,"Family Pictures I Meal Scene Mother Score","0-4",,"","Subtest - Family Pictures I",""
cms2_fp_ms_son,Integer,0,,Recommended,"Family Pictures I Meal Scene Son Score","0-4",,"","Subtest - Family Pictures I",""
cms2_fp_immediate,Integer,5,,Recommended,"Family Pictures I Immediate Raw Score","0;1",,"","Subtest - Family Pictures I",""
cms2_num_f_1t1,Integer,5,,Recommended,"Numbers Forward Item 1 Trial 1","0;1",,"","Subtest - Numbers",""
cms2_num_f_1t2,Integer,5,,Recommended,"Numbers Forward Item 1 Trial 2","0;1",,"","Subtest - Numbers",""
cms2_num_f_2t1,Integer,5,,Recommended,"Numbers Forward Item 1 Trial 1","0;1",,"","Subtest - Numbers",""
cms2_num_f_2t2,Integer,5,,Recommended,"Numbers Forward Item 2 Trial 2","0;1",,"","Subtest - Numbers",""
cms2_num_f_3t1,Integer,5,,Recommended,"Numbers Forward Item 2 Trial 1","0;1",,"","Subtest - Numbers",""
cms2_num_f_3t2,Integer,5,,Recommended,"Numbers Forward Item 3 Trial 2","0;1",,"","Subtest - Numbers",""
cms2_num_f_4t1,Integer,5,,Recommended,"Numbers Forward Item 4 Trial 1","0;1",,"","Subtest - Numbers",""
cms2_num_f_4t2,Integer,5,,Recommended,"Numbers Forward Item 4 Trial 2","0;1",,"","Subtest - Numbers",""
cms2_num_f_5t1,Integer,5,,Recommended,"Numbers Forward Item 5 Trial 1","0;1",,"","Subtest - Numbers",""
cms2_num_f_5t2,Integer,5,,Recommended,"Numbers Forward Item 5 Trial 2","0;1",,"","Subtest - Numbers",""
cms2_num_f_6t1,Integer,5,,Recommended,"Numbers Forward Item 6 Trial 1","0;1",,"","Subtest - Numbers",""
cms2_num_f_6t2,Integer,5,,Recommended,"Numbers Forward Item 6 Trial 2","0;1",,"","Subtest - Numbers",""
cms2_num_f_7t1,Integer,5,,Recommended,"Numbers Forward Item 7 Trial 1","0;1",,"","Subtest - Numbers",""
cms2_num_f_7t2,Integer,5,,Recommended,"Numbers Forward Item 7 Trial 2","0;1",,"","Subtest - Numbers",""
cms2_num_f_8t1,Integer,5,,Recommended,"Numbers Forward Item 8 Trial 1","0;1",,"","Subtest - Numbers",""
cms2_num_f_8t2,Integer,5,,Recommended,"Numbers Forward Item 8 Trial 2","0;1",,"","Subtest - Numbers",""
cms2_num_forward,Integer,5,,Recommended,"Numbers Forward Raw Score","0 to 16",,"","Subtest - Numbers",""
cms2_num_b_1t1,Integer,5,,Recommended,"Numbers Backward Item 1 Trial 1","0;1",,"","Subtest - Numbers",""
cms2_num_b_1t2,Integer,5,,Recommended,"Numbers Backward Item 1 Trial 2","0;1",,"","Subtest - Numbers",""
cms2_num_b_2t1,Integer,5,,Recommended,"Numbers Backward Item 1 Trial 1","0;1",,"","Subtest - Numbers",""
cms2_num_b_2t2,Integer,5,,Recommended,"Numbers Backward Item 2 Trial 2","0;1",,"","Subtest - Numbers",""
cms2_num_b_3t1,Integer,5,,Recommended,"Numbers Backward Item 2 Trial 1","0;1",,"","Subtest - Numbers",""
cms2_num_b_3t2,Integer,5,,Recommended,"Numbers Backward Item 3 Trial 2","0;1",,"","Subtest - Numbers",""
cms2_num_b_4t1,Integer,5,,Recommended,"Numbers Backward Item 4 Trial 1","0;1",,"","Subtest - Numbers",""
cms2_num_b_4t2,Integer,5,,Recommended,"Numbers Backward Item 4 Trial 2","0;1",,"","Subtest - Numbers",""
cms2_num_b_5t1,Integer,5,,Recommended,"Numbers Backward Item 5 Trial 1","0;1",,"","Subtest - Numbers",""
cms2_num_b_5t2,Integer,5,,Recommended,"Numbers Backward Item 5 Trial 2","0;1",,"","Subtest - Numbers",""
cms2_num_b_6t1,Integer,5,,Recommended,"Numbers Backward Item 6 Trial 1","0;1",,"","Subtest - Numbers",""
cms2_num_b_6t2,Integer,5,,Recommended,"Numbers Backward Item 6 Trial 2","0;1",,"","Subtest - Numbers",""
cms2_num_b_7t1,Integer,5,,Recommended,"Numbers Backward Item 7 Trial 1","0;1",,"","Subtest - Numbers",""
cms2_num_b_7t2,Integer,5,,Recommended,"Numbers Backward Item 7 Trial 2","0;1",,"","Subtest - Numbers",""
cms2_num_backward,Integer,5,,Recommended,"Numbers Backward Raw Score","0 to 14",,"","Subtest - Numbers",""
cms2_num_total,Integer,5,,Recommended,"Numbers - Total Raw Score","0 to 30",,"","Subtest - Numbers",""
cms2_dlii_longdelay,Integer,5,,Recommended,"Dot Locations II - Long Delay Raw Score","0 to 8",,"","Subtest - Dot Locations 2",""
cms2_stories_delayed,Integer,5,,Recommended,"Stories II - Delayed Raw Score","0 to 88",,"","Subtest - Stories II",""
cms2_stores_thematic,Integer,5,,Recommended,"Stories II - Delayed Thematic Raw Score","0 to 12",,"","Subtest - Stories II",""
cms2_stories_delayrecog,Integer,5,,Recommended,"Stories II - Delayed Recognition Raw Score","0 to 30",,"","Subtest - Stories II",""
cms2_facesii_1,Integer,5,,Recommended,"Faces II - Item 1","0;1",,"","Subtest - Faces II",""
cms2_facesii_2,Integer,5,,Recommended,"Faces II - Item 2","0;1",,"","Subtest - Faces II",""
cms2_facesii_3,Integer,5,,Recommended,"Faces II - Item 3","0;1",,"","Subtest - Faces II",""
cms2_facesii_4,Integer,5,,Recommended,"Faces II - Item 4","0;1",,"","Subtest - Faces II",""
cms2_facesii_5,Integer,5,,Recommended,"Faces II - Item 5","0;1",,"","Subtest - Faces II",""
cms2_facesii_6,Integer,5,,Recommended,"Faces II - Item 6","0;1",,"","Subtest - Faces II",""
cms2_facesii_7,Integer,5,,Recommended,"Faces II - Item 7","0;1",,"","Subtest - Faces II",""
cms2_facesii_8,Integer,5,,Recommended,"Faces II - Item 8","0;1",,"","Subtest - Faces II",""
cms2_facesii_9,Integer,5,,Recommended,"Faces II - Item 9","0;1",,"","Subtest - Faces II",""
cms2_facesii_10,Integer,5,,Recommended,"Faces II - Item 10","0;1",,"","Subtest - Faces II",""
cms2_facesii_11,Integer,5,,Recommended,"Faces II - Item 11","0;1",,"","Subtest - Faces II",""
cms2_facesii_12,Integer,5,,Recommended,"Faces II - Item 12","0;1",,"","Subtest - Faces II",""
cms2_facesii_13,Integer,5,,Recommended,"Faces II - Item 13","0;1",,"","Subtest - Faces II",""
cms2_facesii_14,Integer,5,,Recommended,"Faces II - Item 14","0;1",,"","Subtest - Faces II",""
cms2_facesii_15,Integer,5,,Recommended,"Faces II - Item 15","0;1",,"","Subtest - Faces II",""
cms2_facesii_16,Integer,5,,Recommended,"Faces II - Item 16","0;1",,"","Subtest - Faces II",""
cms2_facesii_17,Integer,5,,Recommended,"Faces II - Item 17","0;1",,"","Subtest - Faces II",""
cms2_facesii_18,Integer,5,,Recommended,"Faces II - Item 18","0;1",,"","Subtest - Faces II",""
cms2_facesii_19,Integer,5,,Recommended,"Faces II - Item 19","0;1",,"","Subtest - Faces II",""
cms2_facesii_20,Integer,5,,Recommended,"Faces II - Item 20","0;1",,"","Subtest - Faces II",""
cms2_facesii_21,Integer,5,,Recommended,"Faces II - Item 21","0;1",,"","Subtest - Faces II",""
cms2_facesii_22,Integer,5,,Recommended,"Faces II - Item 22","0;1",,"","Subtest - Faces II",""
cms2_facesii_23,Integer,5,,Recommended,"Faces II - Item 23","0;1",,"","Subtest - Faces II",""
cms2_facesii_24,Integer,5,,Recommended,"Faces II - Item 24","0;1",,"","Subtest - Faces II",""
cms2_facesii_25,Integer,5,,Recommended,"Faces II - Item 25","0;1",,"","Subtest - Faces II",""
cms2_facesii_26,Integer,5,,Recommended,"Faces II - Item 26","0;1",,"","Subtest - Faces II",""
cms2_facesii_27,Integer,5,,Recommended,"Faces II - Item 27","0;1",,"","Subtest - Faces II",""
cms2_facesii_28,Integer,5,,Recommended,"Faces II - Item 28","0;1",,"","Subtest - Faces II",""
cms2_facesii_29,Integer,5,,Recommended,"Faces II - Item 29","0;1",,"","Subtest - Faces II",""
cms2_facesii_30,Integer,5,,Recommended,"Faces II - Item 30","0;1",,"","Subtest - Faces II",""
cms2_facesii_31,Integer,5,,Recommended,"Faces II - Item 31","0;1",,"","Subtest - Faces II",""
cms2_facesii_32,Integer,5,,Recommended,"Faces II - Item 32","0;1",,"","Subtest - Faces II",""
cms2_facesii_33,Integer,5,,Recommended,"Faces II - Item 33","0;1",,"","Subtest - Faces II",""
cms2_facesii_34,Integer,5,,Recommended,"Faces II - Item 34","0;1",,"","Subtest - Faces II",""
cms2_facesii_35,Integer,5,,Recommended,"Faces II - Item 35","0;1",,"","Subtest - Faces II",""
cms2_facesii_36,Integer,5,,Recommended,"Faces II - Item 36","0;1",,"","Subtest - Faces II",""
cms2_facesii_37,Integer,5,,Recommended,"Faces II - Item 37","0;1",,"","Subtest - Faces II",""
cms2_facesii_38,Integer,5,,Recommended,"Faces II - Item 38","0;1",,"","Subtest - Faces II",""
cms2_facesii_39,Integer,5,,Recommended,"Faces II - Item 39","0;1",,"","Subtest - Faces II",""
cms2_facesii_40,Integer,5,,Recommended,"Faces II - Item 40","0;1",,"","Subtest - Faces II",""
cms2_facesii_41,Integer,5,,Recommended,"Faces II - Item 41","0;1",,"","Subtest - Faces II",""
cms2_facesii_42,Integer,5,,Recommended,"Faces II - Item 42","0;1",,"","Subtest - Faces II",""
cms2_facesii_43,Integer,5,,Recommended,"Faces II - Item 43","0;1",,"","Subtest - Faces II",""
cms2_facesii_44,Integer,5,,Recommended,"Faces II - Item 44","0;1",,"","Subtest - Faces II",""
cms2_facesii_45,Integer,5,,Recommended,"Faces II - Item 45","0;1",,"","Subtest - Faces II",""
cms2_facesii_46,Integer,5,,Recommended,"Faces II - Item 46","0;1",,"","Subtest - Faces II",""
cms2_facesii_47,Integer,5,,Recommended,"Faces II - Item 47","0;1",,"","Subtest - Faces II",""
cms2_facesii_48,Integer,5,,Recommended,"Faces II - Item 48","0;1",,"","Subtest - Faces II",""
cms2_facesii_delay,Integer,5,,Recommended,"Faces II - Delayed Raw Score","0 to 48",,"","Subtest - Faces II",""
cms2_wpii_longdelay,Integer,5,,Recommended,"Word Pair II - Long Delay Raw Score","0 to 14",,"","Subtest - Word Pairs II",""
cms2_wpii_delayrecog,Integer,5,,Recommended,"Word Pair II - Delayed recognition Raw Score","0 to 42",,"","Subtest - Word Pairs II",""
cms2_fpii_ps_father,Integer,0,,Recommended,"Family Pictures II Picnic Scene Father Score","0-4",,"","Subtest - Family Pictures II",""
cms2_fpii_daughter,Integer,0,,Recommended,"Family Pictures II Picnic Scene Daughter Score","0-4",,"","Subtest - Family Pictures II",""
cms2_fpii_dog_score,Integer,0,,Recommended,"Family Pictures II Picnic Scene Dog Score","0-4",,"","Subtest - Family Pictures II",""
cms2_fpii_dss_mother,Integer,0,,Recommended,"Family Pictures II Department Store Scene Mother Score","0-4",,"","Subtest - Family Pictures II",""
cms2_fpii_dss_father,Integer,0,,Recommended,"Family Pictures II Department Store Scene Father Score","0-4",,"","Subtest - Family Pictures II",""
cms2_fpii_dss_daughter,Integer,0,,Recommended,"Family Pictures II Department Store Scene Daughter Score","0-4",,"","Subtest - Family Pictures II",""
cms2_fpii_ys_gfather,Integer,0,,Recommended,"Family Pictures II Yard Scene Grandfather Score","0-4",,"","Subtest - Family Pictures II",""
cms2_fpii_ys_son,Integer,0,,Recommended,"Family Pictures II Yard Scene Son Score","0-4",,"","Subtest - Family Pictures II",""
cms2_fpii_ys_dog,Integer,0,,Recommended,"Family Pictures II Yard Scene Dog Score","0-4",,"","Subtest - Family Pictures II",""
cms2_fpii_ms_gmother,Integer,0,,Recommended,"Family Pictures II Meal Scene Grandmother Score","0-4",,"","Subtest - Family Pictures II",""
cms2_fpii_ms_mother,Integer,0,,Recommended,"Family Pictures II Meal Scene Mother Score","0-4",,"","Subtest - Family Pictures II",""
cms2_fpii_ms_son,Integer,0,,Recommended,"Family Pictures II Meal Scene Son Score","0-4",,"","Subtest - Family Pictures II",""
cms2_fpii_delayed,Integer,5,,Recommended,"Family Pictures II Delayed Raw Score","0 to 48",,"","Subtest - Family Pictures II",""
subjectkey,GUID,0,,Required,"The NDAR Global Unique Identifier (GUID) for subjects which identifies a subject in NDAR","NDAR*",,"","",""
src_subject_id,String,20,,Required,"The site's subject identification","",,"","Header",""
interview_date,Date,0,,Required,"Date on which the interview/genetic test/sampling/imaging was completed","MM/yyyy;MM/dd/yyyy",,"* '01/01/1900' indicates that a date associated with retrospective data is not known.","Header",""
interview_age,Integer,0,,Required,"Age in months at the time of the interview/test/sampling/imaging.","0 to 1200",,"Age is rounded to chronological month If the research participant is 13 days old at time of interview  the appropriate value would be 0 months if the participant is 19 days old the value would be 1 month","Header",""
grade_highed,String,50,,Recommended,"Grade/Highest education","",,"","Header",""
comments_misc,String,255,,Optional,"Miscellaneous comments on study, interview, methodology relevant to this form data","",,"","Header",""
