ElementName,DataType,Size,Unit,Required,ElementDescription,ValueRange,Keywords,Notes,Section,Aliases
subjectkey,GUID,0,,Recommended,"The NDAR Global Unique Identifier (GUID) for subjects which identifies a subject in NDAR","NDAR*",,"","",""
patid,String,20,,Required,"src_Subject_id","",,"Patient IDs were assigned at the research site for CPEA and STAART","",""
cycle,Integer,0,,Required,"Timepoint information","",,"","",""
phase,Integer,0,,Required,"Phase","1; 2; 3; 4",,"","",""
q13_date,Integer,0,,Required,"Date","",,"Required field","",""
q13_ratr,String,225,,Recommended,"Rater Name","",,"The name of the staff member who administered the form. If the form was filled out by the guardian or teacher, the CC¿s name should be entered as Rater.","",""
13_ratr,String,225,,Recommended,"Rater Name","",,"The name of the staff member who administered the form. If the form was filled out by the guardian or teacher, the CC¿s name should be entered as Rater.","",""q13_prim,Integer,0,,Recommended,"Primary Source: Mother","0; -1",,"Check if mother is primary source. 0=no, -1=yes.","",""
q13_prif,Integer,0,,Recommended,"Primary Source: Father","0; -1",,"Checl if father is primary source. 0=no, -1=yes.","",""
q13_pric,Integer,0,,Recommended,"Primary Source: Child","0; -1",,"Check if child is primary source. 0=no, -1=yes.","",""
q13_prit,Integer,0,,Recommended,"Primary Source: Teacher","0; -1",,"Check if teacher is primary source. 0=no, -1=yes.","",""
q13_prio,Integer,0,,Recommended,"Primary Source: Other","0; -1",,"Check if primary source not mother, father, child or teacher. 0=no, -1=yes.","",""
q13_pr_s,String,30,,Recommended,"Other Primary Source specified","",,"Complete if q13_prio is checked","",""
q13_parm,Integer,0,,Recommended,"Participants present: Mother","0; -1",,"Check if mother is present during assessment. If Teacher is primary source this item should be left blank. 0=no, -1=yes.","",""
q13_parf,Integer,0,,Recommended,"Participants present: Father","0; -1",,"Check if father is present during assessment. If Teacher is primary source this item should be left blank","",""
q13_parc,Integer,0,,Recommended,"Participants present: Child","0; -1",,"Check if chid is present during assessment. If Teacher is primary source this item should be left blank. 0=no, -1=yes.","",""
q13_part,Integer,0,,Recommended,"Participants present: Teacher","0; -1",,"If Teacher is primary source, this item should be left blank. 0=no, -1=yes.","",""
q13_paro,Integer,0,,Recommended,"Participants present: Other","0; -1",,"If Teacher is primary source, this item should be left blank. If administered by phone, q13_paro should be checked and PHONE should be written in q13_pa_s. 0=no, -1=yes.","",""
q13_pa_s,String,65,,Recommended,"Other Participants present specified","",,"Complete if q13_paro is checked","",""
q13_desc,String,225,,Recommended,"Description","",,"Lab values that fall outside of the study-specific safety ranges will be reported as an AE. If subsequent testing proves to be within the safety range, a comment will be added to the AE form.","",""
q13_dons,Integer,0,,Recommended,"Onset Date","",,"If date of onset is not known, try to first narrow it down to month and year, if possible. If month and year is known, enter DD/MM/YYYY (e.g., if the guardian knows that the AE started in April 1999, enter 04/01/1999). If only year is known, enter 01/01/YYYY. If only age is known (e.g., the parent knows that the AE started when the participant was 2 yrs old), enter the birth date of that year (e.g., 02/01/2000 for a participant who had an AE start at age two whose date of birth was 02/01/1998). If quarter is known, enter the first date of that quarter (e.g., if the parent knows that the AE occurred the during the second quarter of 1999, enter 04/01/1999).","",""
q13_tons,String,10,,Recommended,"Onset Time","00:00 to 23:59",,"","",""
q13_sev,String,225,,Recommended,"Severity","1; 2; 3; -7;-8; -9",,"If time of onset is not known, try to narrow it down. If guardian says ¿morning¿, enter 9:00. If parent says ¿afternoon¿, enter 15:00. If parent says ¿evening¿, enter ¿21:00¿. If guardian cannot narrow it down, enter 00:00. Mild: Transient discomfort that does not interfere with participants normal functioning. Moderate: Produces limited impairment of function and can require therapeutic intervention, but is unlikely to produce sequelae. Severe: Results in marked impairment of function and can lead to temporary inability to resume usual life pattern. The AE may produce sequelae that require prolonged therapeutic intervention.","",""
String,225,,Recommended,"Severity","1; 2; 3; -7;-8; -9",,"If time of onset is not known, try to narrow it down. If guardian says ¿morning¿, enter 9:00. If parent says ¿afternoon¿, enter 15:00. If parent says ¿evening¿, enter ¿21:00¿. If guardian cannot narrow it down, enter 00:00. Mild: Transient discomfort that does not interfere with participants normal functioning. Moderate: Produces limited impairment of function and can require therapeutic intervention, but is unlikely to produce sequelae. Severe: Results in marked impairment of function and can lead to temporary inability to resume usual life pattern. The AE may produce sequelae that require prolonged therapeutic intervention.q13_ser,Integer,0,,Recommended,"Serious","0; 1; -7; -8; -9;",,"If Yes, DM-STAT must be notified within 48 hours of learning of the SAEs occurrence. Also, the Serious Adverse Event Report must be completed and faxed to DM-STAT and the CC must enter the data into the DES. SAE: A Serious AE is defined as an event that poses a threat to the participant's life or functioning. It is important to note that severe is not necessarily equivalent to serious. A severe rash is not a serious adverse event, where a moderate heart attack may be a serious adverse event. A serious adverse event is typically defined as one of the following: Death. Life threatening. Requires inpatient hospitalization or prolongation of existing hospitalization. Results in persistent or significant disability or incapacity. Congenital anomaly or birth defect. Intentional drug overdose. Any other significant event that jeopardizes the participant.","",""
q13_att,Integer,0,,Recommended,"Attribute","1; 2; 3; 4; 5; -7; -8; -9",,"Required field","",""
q13_atk,String,15,,Recommended,"Actions Taken","",,"Separate each action taken with a comma in the DES.","",""
q13_atks,String,100,,Recommended,"Actions Taken, Specify","",,"Complete if q13_atk = 6","",""
q13_out,Integer,0,,Recommended,"Outcome","1; 2; 3; 4; -7; -8; -9",,"If an existing AE does not have a date resolved and is still current, outcome should be AE Still Present. If an existing AE has resolved, cross out the original outcome on the form and enter the new outcome. The outcome cannot be AE Still Present.","",""
q13_dres,Integer,0,,Recommended,"Date Resolved","MM/yyyy; MM/dd/yyyy",,"If date resolved is not known, try to first narrow it down to the last week it was present, if possible. Enter the last date of the week specified. If guardian cannot narrow down to week, enter today's date (the most conservative approach).","",""
q13_tres,String,10,,Recommended,"Time Resolved","00:00 to 23:59",,"If time resolved is not known, try to narrow it down. If guardian says morning, enter 9:00. If parent says afternoon, enter 15:00. If parent says evening, enter 21:00. If guardian cannot narrow it down, enter 00:00. If the Adverse Event was life-threatening, ended in a disability or birth defect/congenital anomaly, enter that here.","",""
q13_comm,String,225,,Recommended,"Comments","",,"","",""
q13_interview_date,Date,0,,Recommended,"Date","MM/yyyy; MM/dd/yyyy",,"","",""
q13_interview_date2,Date,0,,Recommended,"Date","MM/yyyy; MM/dd/yyyy",,"","",""
q13_interview_date3,Date,0,,Recommended,"Date","MM/yyyy; MM/dd/yyyy",,"","",""
