ElementName,DataType,Size,Unit,Required,ElementDescription,ValueRange,Keywords,Notes,Section,Aliases
subjectkey,GUID,0,,Required,"The NDAR Global Unique Identifier (GUID) for subjects which identifies a subject in NDAR","NDAR*",,"","",""
interview_date,Date,0,,Recommended,"Date on which the interview/genetic test/sampling/imaging was completed","MM/yyyy;MM/dd/yyyy",,"* '01/01/1900' indicates that a date associated with retrospective data is not known.","","ADOS_DATE_STD"
cycle,Integer,0,,Recommended,"Timepoint information","",,"","",""
patid,String,20,,Recommended,"src_Subject_id","",,"Patient IDs were assigned at the research site for CPEA and STAART","",""
network,String,20,,Recommended,"Network","",,"CPEA or STAART Network","",""
site,String,20,,Recommended,"Site","",,"CPEA or STAART Site","",""
study,String,100,,Recommended,"Study","",,"CPEA or STAART Study","",""
ados_dx,String,15,,Recommended,"ADOS Diagnosis","",,"","",""
ados_lac_afinf,Integer,0,,Recommended,"Asks for Information","",,"Nulled value range of:   0;1;2;3 to accept outlier data","",""
ados_lac_asoma,Integer,0,,Recommended,"Amount of Social Overtures/Maintenance of Attention","",,"Nulled value range of:   0;1;2;7 to accept outlier data","",""
ados_lac_cnvst,Integer,0,,Recommended,"Conversation","",,"Nulled value range of:   0;1;2;3 to accept outlier data","",""
ados_lac_dciig,Integer,0,,Recommended,"Descriptive, Conventional, Instrumental, or Informational Gestures","",,"Nulled value range of:   0;1;2;3;8 to accept outlier data","",""
ados_lac_eoegt,Integer,0,,Recommended,"Emphatic or Emotional Gestures","",,"Nulled value range of:   0;1;2;3;8 to accept outlier data","",""
ados_lac_fvdto,Integer,0,,Recommended,"Frequency of Vocalization Directed to Others","",,"Nulled value range of:   0;1;2;3 to accept outlier data","",""
ados_lac_gestr,Integer,0,,Recommended,"Gestures","",,"Nulled value range of:   0;1;2;8 to accept outlier data","",""
ados_lac_imech,Integer,0,,Recommended,"Immediate Echolalia","",,"Nulled value range of :0;1;2;3;8 to accept outlier data","",""
ados_lac_intel,Integer,0,,Recommended,"ADOS: Language and Communication: Intelligibility","",,"","",""
ados_lac_irlvn,Integer,0,,Recommended,"ADOS: Language and Communication: Irrelevant or Excessive Detail in Conversation and Reports","",,"","",""
ados_lac_ivlvb,Float,0,,Recommended,"Intonation of Vocalization or Verbalization","",,"Nulled value range of:   0;1;2;8 to accept outlier data","",""
ados_lac_offrs,Integer,0,,Recommended,"Offers Information","",,"Nulled value range of:   0;1;2 to accept outlier data","",""
ados_lac_olnel1,Integer,0,,Recommended,"Overall Level of Non-Echoed Language","",,"Nulled value range of:   0;1;2;3;8 to accept outlier data","",""
ados_lac_olnel2,Integer,0,,Recommended,"Overall Level of Non-Echoed Language","",,"Nulled value range of:   0;1;2;3 to accept outlier data","",""
ados_lac_olnel34,Integer,0,,Recommended,"Overall Level of Non-Echoed Language","",,"Nulled value range of:   0;1;2;3 to accept outlier data","",""
ados_lac_pnrvs,Integer,0,,Recommended,"ADOS: Language and Communication: Pronominal Reversal","",,"","",""
ados_lac_point1,Integer,0,,Recommended,"Pointing_Pointing to Express Interest","",,"Nulled value range of:   0;1;2;3 to accept outlier data","",""
ados_lac_point2,Integer,0,,Recommended,"Pointing/Pointing to Express Interest","",,"Nulled value range of:   0;1;2;3 to accept outlier data","",""
ados_lac_pspch,Integer,0,,Recommended,"ADOS: Language and Communication: Pedantic Speech","",,"","",""
ados_lac_rptev,Integer,0,,Recommended,"Reporting of Events","",,"Nulled value range of:   0;1;2;3 to accept outlier data","",""
ados_lac_saawa,Integer,0,,Recommended,"Speech Abnormalities Associated with Autism (Intonation/Volumen/Rhythm/Rate)","",,"Nulled value range of:   0;1;2;7;8 to accept outlier data","",""
ados_lac_stidw1,Integer,0,,Recommended,"Stereotyped_Idiosyncratic Use of Words or Phrases","",,"Nulled value range of:   0;1;2;3;8 to accept outlier data","",""
ados_lac_stidw234,Integer,0,,Recommended,"Stereotyped/Idiosyncratic Use of Words (or Phrases)","",,"Nulled value range of:   0;1;2;3 to accept outlier data","",""
ados_lac_uobtc,Integer,0,,Recommended,"Use of Other s Body to Communicate","",,"Nulled value range of:   0;1;2;8 to accept outlier data","",""
ados_module,Integer,0,,Recommended,"ADOS Module","",,"","",""
ados_oab_anxty,Integer,0,,Recommended,"Anxiety","",,"Nulled value range of:   0;1;2 to accept outlier data","",""
ados_oab_ovrat,Integer,0,,Recommended,"Overactivity","",,"Nulled value range of:   0;1;2;7 to accept outlier data","",""
ados_oab_tandb,Integer,0,,Recommended,"Tantrums, Aggression, Negative or Disruptive Behavior","",,"Nulled value range of:   0;1;2 to accept outlier data","",""
ados_ply_fpwob,Integer,0,,Recommended,"Functional Play with Objects","",,"Nulled value range of:   0;1;2;3 to accept outlier data","",""
ados_ply_imgcr1,Integer,0,,Recommended,"Imagination Creativity","",,"Nulled value range of:   0;1;2;3 to accept outlier data","",""
ados_ply_imgcr2,Integer,0,,Recommended,"Imagination/Creativity","",,"Nulled value range of:   0;1;2;3 to accept outlier data","",""
ados_ply_imgcr34,Integer,0,,Recommended,"Imagination/Creativity","",,"Nulled value range of:   0;1;2;3 to accept outlier data","",""
ados_rsi_arscm,Integer,0,,Recommended,"Amount of Reciprocal Social Communication","",,"Nulled value range of:   0;1;2;3 to accept outlier data","",""
ados_rsi_cmoaf,Integer,0,,Recommended,"ADOS: Reciprocal Social Interaction: Communication of Own Affect","",,"","",""
ados_rsi_dfpce,Integer,0,,Recommended,"ADOS: Reciprocal Social Interaction: Differentiation of Parent-Caregiver and Examiner","",,"","",""
ados_rsi_ecooe,Integer,0,,Recommended,"Empathy/Comments on Others Emotions","",,"Nulled value range of:   0;1;2;3 to accept outlier data","",""
ados_rsi_fedto,Integer,0,,Recommended,"Facial Expression Directed to Others","",,"Nulled value range of:   0;1;2 to accept outlier data","",""
ados_rsi_givng,Integer,0,,Recommended,"Giving","",,"Nulled value range of:   0;1;2 to accept outlier data","",""
ados_rsi_igobd,Integer,0,,Recommended,"Integration of Gaze and Other Behaviors During Social Overtures","",,"Nulled value range of:   0;1;2;3 to accept outlier data","",""
ados_rsi_imech,Integer,0,,Recommended,"ADOS: Immediate Echolalia","",,"","",""
ados_rsi_insgt,Integer,0,,Recommended,"Insight","",,"Nulled value range of:   0;1;2;3 to accept outlier data","",""
ados_rsi_lplnc,Integer,0,,Recommended,"Language Production and Linked Nonverbal Communication","",,"Nulled value range of:   0;1;2;7;8 to accept outlier data","",""
ados_rsi_oqorp,Integer,0,,Recommended,"Overall Quality of Rapport","",,"Nulled value range of:   0;1;2;3 to accept outlier data","",""
ados_rsi_qsclo,Integer,0,,Recommended,"Quality of Social Overtures","",,"Nulled value range of:   0;1;2;3 to accept outlier data","",""
ados_rsi_qsclr,Integer,0,,Recommended,"Quality of Social Response","",,"Nulled value range of:   0;1;2;3 to accept outlier data","",""
ados_rsi_reqst,Integer,0,,Recommended,"Requesting","",,"Nulled value range of:   0;1;2;3 to accept outlier data","",""
ados_rsi_rofex,Integer,0,,Recommended,"ADOS: Reciprocal Social Interaction: Range of Facial Expression","",,"","",""
ados_rsi_rspja,Integer,0,,Recommended,"Response to Joint Attention","",,"Nulled value range of:   0;1;2;3 to accept outlier data","",""
ados_rsi_rspsm,Integer,0,,Recommended,"Responsive Social Smile","",,"Nulled value range of:    to accept outlier data","",""
ados_rsi_rsptn1,Integer,0,,Recommended,"Response to Name","",,"Nulled value range of:   0;1;2;3 to accept outlier data","",""
ados_rsi_rtbim,Integer,0,,Recommended,"ADOS: Reciprocal Social Interaction: Response to Being Imitated","",,"","",""
ados_rsi_sdsps,Integer,0,,Recommended,"ADOS: Reciprocal Social Interaction: Social Distance-Posture","",,"","",""
ados_rsi_seiit1,Integer,0,,Recommended,"Shared Enjoyment in Interaction","",,"Nulled value range of:   0;1;2 to accept outlier data","",""
ados_rsi_seiit234,Integer,0,,Recommended,"Shared Enjoyment in Interaction","",,"Nulled value range of:   0;1;2;8 to accept outlier data","",""
ados_rsi_showg,Integer,0,,Recommended,"Showing","",,"Nulled value range of:   0;1;2 to accept outlier data","",""
ados_rsi_socdi,Integer,0,,Recommended,"ADOS: Reciprocal Social Interaction: Social Disinhibition","",,"","",""
ados_rsi_spija,Integer,0,,Recommended,"Spontaneous Initiation of Joint Attention","",,"Nulled value range of:   0;1;2 to accept outlier data","",""
ados_rsi_swcmf,Integer,0,,Recommended,"ADOS: Reciprocal Social Interaction: Soothed When Comforted by Parent-Caregiver","",,"","",""
ados_rsi_uneyc,Integer,0,,Recommended,"Unusual Eye Contact","",,"Nulled value range of:    to accept outlier data","",""
ados_sar_bhvir,Integer,0,,Recommended,"ADOS: Stereotyped Behaviors and Restricted Interests: Behavior When Interrupted","",,"","",""
ados_sar_cmprt,Integer,0,,Recommended,"ADOS: Stereotyped Behaviors and Restricted Interests: Compulsions or Rituals","",,"","",""
ados_sar_cmsbm,Integer,0,,Recommended,"ADOS: Stereotyped Behaviors and Restricted Interests: Other Complex Mannerisms or Stereotyped Body Movements","",,"","",""
ados_sar_erust,Integer,0,,Recommended,"Excessive Interest in or References to Unusual or Highly Specific Topics or Objects or Repetitive Behaviors","",,"Nulled value range of:   0;1;2;3 to accept outlier data","",""
ados_sar_hfocm,Integer,0,,Recommended,"Hand and Finger and Other Complex Mannerisms","",,"Nulled value range of:   0;1;2 to accept outlier data","",""
ados_sar_urstb,Integer,0,,Recommended,"ADOS: Stereotyped Behaviors and Restricted Interests: Unusually Repetitive or Stereotyped behaviors","",,"","",""
ados_sar_usipm,Integer,0,,Recommended,"Unusual Sensory Interest in Play Material Person","",,"Nulled value range of:   0;1;2 to accept outlier data","",""
ados_version,String,35,,Recommended,"ADOS Version","",,"","",""
ados_date,Integer,0,,Recommended,"ADOS Date","",,"","",""
