ElementName,DataType,Size,Unit,Required,ElementDescription,ValueRange,Keywords,Notes,Section,Aliases
subjectkey,GUID,0,,Required,"The NDAR Global Unique Identifier (GUID) for subjects which identifies a subject in NDAR","NDAR*",,"","",""
bay_version,String,35,,Recommended,"Bayley Version","",,"","",""
cycle,Integer,0,,Recommended,"Timepoint information","",,"","",""
patid,String,20,,Recommended,"src_Subject_id","",,"Patient IDs were assigned at the research site for CPEA and STAART","",""
network,String,20,,Recommended,"Network","",,"CPEA or STAART Network","",""
site,String,20,,Recommended,"Site","",,"CPEA or STAART Site","",""
study,String,100,,Recommended,"Study","",,"CPEA or STAART Study","",""
bay_ca,Integer,0,,Recommended,"Chronological Age","",,"","",""
bay_dage,Integer,0,,Recommended,"Developmental Age/Level","",,"","",""
bay_mdi,Integer,0,,Recommended,"Mental MDI","",,"","",""
bay_mrs,Integer,0,,Recommended,"Mental Raw Score","",,"","",""
