ElementName,DataType,Size,Unit,Required,ElementDescription,ValueRange,Keywords,Notes,Section,Aliases
subjectkey,GUID,0,,Required,"The NDAR Global Unique Identifier (GUID) for subjects which identifies a subject in NDAR","NDAR*",,"","",""
cycle,Integer,0,,Recommended,"Timepoint information","",,"","",""
patid,String,20,,Recommended,"src_Subject_id","",,"Patient IDs were assigned at the research site for CPEA and STAART","",""
network,String,20,,Recommended,"Network","",,"CPEA or STAART Network","",""
site,String,20,,Recommended,"Site","",,"CPEA or STAART Site","",""
study,String,100,,Recommended,"Study","",,"CPEA or STAART Study","",""
cbcl_ab6_per,Integer,0,,Recommended,"Percentile","",,"","",""
cbcl_ab6_total,Integer,0,,Recommended,"Total Score","",,"","",""
cbcl_ab6_tscr,Integer,0,,Recommended,"T Score","",,"","",""
cbcl_ac6_per,Integer,0,,Recommended,"Percentile","",,"","",""
cbcl_ac6_total,Float,0,,Recommended,"Total Score","",,"","",""
cbcl_ac6_tscr,Integer,0,,Recommended,"T Score","",,"","",""
cbcl_ad6_per,Integer,0,,Recommended,"Percentile","",,"","",""
cbcl_ad6_total,Integer,0,,Recommended,"Total Score","",,"","",""
cbcl_ad6_tscr,Integer,0,,Recommended,"T Score","",,"","",""
cbcl_af6_per,Integer,0,,Recommended,"Percentile","",,"","",""
cbcl_af6_total,Integer,0,,Recommended,"Total Score","",,"","",""
cbcl_af6_tscr,Integer,0,,Recommended,"T Score","",,"","",""
cbcl_age,Integer,0,,Recommended,"CBCL Age","",,"","",""
cbcl_ah6_per,Integer,0,,Recommended,"Percentile","",,"","",""
cbcl_ah6_total,Integer,0,,Recommended,"Total Score","",,"","",""
cbcl_ah6_tscr,Integer,0,,Recommended,"T Score","",,"","",""
cbcl_at6_per,Integer,0,,Recommended,"Percentile","",,"","",""
cbcl_at6_total,Integer,0,,Recommended,"Total Score","",,"","",""
cbcl_at6_tscr,Integer,0,,Recommended,"T Score","",,"","",""
cbcl_ax6_per,Integer,0,,Recommended,"Percentile","",,"","",""
cbcl_ax6_total,Integer,0,,Recommended,"Total Score","",,"","",""
cbcl_ax6_tscr,Integer,0,,Recommended,"T Score","",,"","",""
cbcl_cp6_per,Integer,0,,Recommended,"Percentile","",,"","",""
cbcl_cp6_total,Integer,0,,Recommended,"Total Score","",,"","",""
cbcl_cp6_tscr,Integer,0,,Recommended,"T Score","",,"","",""
cbcl_ex6_per,Integer,0,,Recommended,"Percentile","",,"","",""
cbcl_ex6_total,Integer,0,,Recommended,"Total Score","",,"","",""
cbcl_ex6_tscr,Integer,0,,Recommended,"T Score","",,"","",""
cbcl_in6_per,Integer,0,,Recommended,"Percentile","",,"","",""
cbcl_in6_total,Integer,0,,Recommended,"Total Score","",,"","",""
cbcl_in6_tscr,Integer,0,,Recommended,"T Score","",,"","",""
cbcl_od6_per,Integer,0,,Recommended,"Percentile","",,"","",""
cbcl_od6_total,Integer,0,,Recommended,"Total Score","",,"","",""
cbcl_od6_tscr,Integer,0,,Recommended,"T Score","",,"","",""
cbcl_op6_bite,Integer,0,,Recommended,"BiteNail","",,"","",""
cbcl_op6_bmo,Integer,0,,Recommended,"BMOut","",,"","",""
cbcl_op6_brg,Integer,0,,Recommended,"Brags","",,"","",""
cbcl_op6_crl,Integer,0,,Recommended,"CruelAnimal","",,"","",""
cbcl_op6_neat,Integer,0,,Recommended,"NotEat","",,"","",""
cbcl_op6_ovet,Integer,0,,Recommended,"Overeat","",,"","",""
cbcl_op6_ovwt,Integer,0,,Recommended,"Overweight","",,"","",""
cbcl_op6_phys,Integer,0,,Recommended,"OtherPhys","",,"","",""
cbcl_op6_prob,Integer,0,,Recommended,"OtherProb","",,"","",""
cbcl_op6_show,Integer,0,,Recommended,"ShowOff","",,"","",""
cbcl_op6_slep,Integer,0,,Recommended,"SleepsMore","",,"","",""
cbcl_op6_talk,Integer,0,,Recommended,"TalkMuch","",,"","",""
cbcl_op6_thum,Integer,0,,Recommended,"ThumbSuck","",,"","",""
cbcl_op6_wetb,Integer,0,,Recommended,"WetsBed","",,"","",""
cbcl_op6_wets,Integer,0,,Recommended,"WetsSelf","",,"","",""
cbcl_op6_whin,Integer,0,,Recommended,"Whining","",,"","",""
cbcl_op6_wish,Integer,0,,Recommended,"WishOppSex","",,"","",""
cbcl_rb6_per,Integer,0,,Recommended,"Percentile","",,"","",""
cbcl_rb6_total,Integer,0,,Recommended,"Total Score","",,"","",""
cbcl_rb6_tscr,Integer,0,,Recommended,"T Score","",,"","",""
cbcl_sc6_per,Integer,0,,Recommended,"Percentile","",,"","",""
cbcl_sc6_total,Integer,0,,Recommended,"Total Score","",,"","",""
cbcl_sc6_tscr,Integer,0,,Recommended,"T Score","",,"","",""
cbcl_sk6_per,Integer,0,,Recommended,"Percentile","",,"","",""
cbcl_sk6_total,Float,0,,Recommended,"Total Score","",,"","",""
cbcl_sk6_tscr,Integer,0,,Recommended,"T Score","",,"","",""
cbcl_sl6_per,Integer,0,,Recommended,"Percentile","",,"","",""
cbcl_sl6_total,Float,0,,Recommended,"Total Score","",,"","",""
cbcl_sl6_tscr,Integer,0,,Recommended,"T Score","",,"","",""
cbcl_soc6_per,Integer,0,,Recommended,"Percentile","",,"","",""
cbcl_soc6_total,Integer,0,,Recommended,"Total Score","",,"","",""
cbcl_soc6_tscr,Integer,0,,Recommended,"T Score","",,"","",""
cbcl_sp6_per,Integer,0,,Recommended,"Percentile","",,"","",""
cbcl_sp6_total,Integer,0,,Recommended,"Total Score","",,"","",""
cbcl_sp6_tscr,Integer,0,,Recommended,"T Score","",,"","",""
cbcl_tc6_per,Integer,0,,Recommended,"Percentile","",,"","",""
cbcl_tc6_total,Float,0,,Recommended,"Total Score","",,"","",""
cbcl_tc6_tscr,Integer,0,,Recommended,"T Score","",,"","",""
cbcl_th6_per,Integer,0,,Recommended,"Percentile","",,"","",""
cbcl_th6_total,Integer,0,,Recommended,"Total Score","",,"","",""
cbcl_th6_tscr,Integer,0,,Recommended,"T Score","",,"","",""
cbcl_tp6_per,Integer,0,,Recommended,"Percentile","",,"","",""
cbcl_tp6_total,Integer,0,,Recommended,"Total Score","",,"","",""
cbcl_tp6_tscr,Integer,0,,Recommended,"T Score","",,"","",""
cbcl_version,String,35,,Recommended,"Version","",,"","",""
cbcl_wd6_per,Integer,0,,Recommended,"Percentile","",,"","",""
cbcl_wd6_total,Integer,0,,Recommended,"Total Score","",,"","",""
cbcl_wd6_tscr,Integer,0,,Recommended,"T Score","",,"","",""
