ElementName,DataType,Size,Unit,Required,ElementDescription,ValueRange,Keywords,Notes,Section,Aliases
subjectkey,GUID,0,,Recommended,"The NDAR Global Unique Identifier (GUID) for subjects which identifies a subject in NDAR","NDAR*",,"","",""
patid,String,20,,Required,"src_Subject_id","",,"Patient IDs were assigned at the research site for CPEA and STAART","",""
cycle,Integer,0,,Required,"Timepoint information","",,"","",""
phase,Integer,0,,Required,"Phase","1; 2; 3; 4",,"","",""
q6_date,Integer,0,,Required,"Date","",,"Required field","",""
q6_ratr,String,225,,Recommended,"Rater Name","",,"The name of the staff member who administered the form. If the form was filled out by the guardian or teacher, the CC¿s name should be entered as Rater.","",""
6_ratr,String,225,,Recommended,"Rater Name","",,"The name of the staff member who administered the form. If the form was filled out by the guardian or teacher, the CC¿s name should be entered as Rater.","",""q6_prim,Integer,0,,Recommended,"Primary Source: Mother","0; -1.",,"Check if mother is primary source. 0=no; -1=yes.","",""
q6_prif,Integer,0,,Recommended,"Primary Source: Father","0; -1",,"Check if father is primary source. 0=no; -1=yes.","",""
q6_pric,Integer,0,,Recommended,"Primary Source: Child","0; -1",,"Check if child is primary source. 0=no; -1=yes.","",""
q6_prit,Integer,0,,Recommended,"Primary Source: Teacher","0; -1",,"Check if teacher is primary source. 0=no; -1=yes.","",""
q6_prio,Integer,0,,Recommended,"Primary Source: Other","0; -1",,"Check if primary source not mother, father, child or teacher. 0=no; -1=yes.","",""
q6_pr_s,String,30,,Recommended,"Other Primary Source specified","",,"Complete if q6_prio is checked.","",""
q6_parm,Integer,0,,Recommended,"Participants present: Mother","0; -1",,"Check if mother is present during assessment. If Teacher is primary source this item should be left blank. 0=no; -1=yes.","",""
q6_parf,Integer,0,,Recommended,"Participants present: Father","0; -1",,"Check if father is present during assessment. If Teacher is primary source this item should be left blank. 0=no; -1=yes.","",""
q6_parc,Integer,0,,Recommended,"Participants present: Child","0; -1",,"Check if chid is present during assessment. If Teacher is primary source this item should be left blank. 0=no; -1=yes.","",""
q6_part,Integer,0,,Recommended,"Participants present: Teacher","0; -1",,"If Teacher is primary source, this item should be left blank. 0=no; -1=yes.","",""
q6_paro,Integer,0,,Recommended,"Participants present: Other","0; -1",,"If Teacher is primary source, this item should be left blank. If administered by phone, q6_paro should be checked and PHONE should be written in q6_pa_s. 0=no; -1=yes.","",""
q6_pa_s,String,65,,Recommended,"Other Participants present specified","",,"Complete if q6_paro is checked","",""
q6_1a,Integer,0,,Recommended,"Time spent performing compulsive behavior","0 to 4; -7; -8; -9",,"Item used for eligibility criteria. Required field","",""
q6_1b,Integer,0,,Recommended,"Compulsion-free interval","0 to 4; -7; -8; -9",,"Item not included in total score.","",""
q6_2,Integer,0,,Recommended,"Interference due to compulsive behaviors","0 to 4; -7; -8; -9",,"Item used for eligibility criteria. Required field","",""
q6_3,Integer,0,,Recommended,"Distress associated with compulsive behavior","0 to 4; -7; -8; -9",,"Item used for eligibility criteria. Required field","",""
q6_4,Integer,0,,Recommended,"Resistance against compulsions","0 to 4; -7; -8; -9",,"Item not included in total score.","",""
q6_5,Integer,0,,Recommended,"Degree of control over compulsive behavior","0 to 4; -7; -8; -9",,"Item used for eligibility criteria. Required field","",""
q6_6,Integer,0,,Recommended,"Peculiarity of behavior","0 to 4; -7; -8; -9",,"Item not included in total score.","",""
q6_7,Integer,0,,Recommended,"Reliability of information","0 to 3; -7; -8; -9",,"Item not included in total score.","",""
q6_total,Integer,0,,Recommended,"Total","0 to 16; -7; -8; -9",,"Sum of items 1a, 2, 3, 5. Must be 8 at SCREENER and BASELINE to be eligible.","",""
interview_date,Date,0,,Required,"Date on which the interview/genetic test/sampling/imaging was completed","MM/yyyy;MM/dd/yyyy",,"* '01/01/1900' indicates that a date associated with retrospective data is not known.","",""
