ElementName,DataType,Size,Unit,Required,ElementDescription,ValueRange,Keywords,Notes,Section,Aliases
subjectkey,GUID,0,,Required,"The NDAR Global Unique Identifier (GUID) for subjects which identifies a subject in NDAR","NDAR*",,"","",""
interview_date,Date,0,,Recommended,"Date on which the interview/genetic test/sampling/imaging was completed","MM/yyyy;MM/dd/yyyy",,"* '01/01/1900' indicates that a date associated with retrospective data is not known.","","CELF_DATE_STD"
cycle,Integer,0,,Recommended,"Timepoint information","",,"","",""
patid,String,20,,Recommended,"src_Subject_id","",,"Patient IDs were assigned at the research site for CPEA and STAART","",""
network,String,20,,Recommended,"Network","",,"CPEA or STAART Network","",""
site,String,20,,Recommended,"Site","",,"CPEA or STAART Site","",""
study,String,100,,Recommended,"Study","",,"CPEA or STAART Study","",""
celf_ae,Integer,0,,Recommended,"Age Equivalent","",,"","",""
celf_age,Integer,0,,Recommended,"Chronological Age","",,"","",""
celf_date,Integer,0,,Recommended,"CBCL Date","",,"","",""
celf_els_raw,Integer,0,,Recommended,"CELF Expressive Language Raw Score","",,"","",""
celf_els_scld,Integer,0,,Recommended,"CELF Expressive Language Scaled Score","",,"","",""
celf_rls_raw,Integer,0,,Recommended,"CELF Receptive Language Raw Score","",,"","",""
celf_els_std,Integer,0,,Recommended,"Standard Score","0  154",,"","",""
elf_els_std,Integer,0,,Recommended,"Standard Score","0  154",,"","",""celf_rls_scld,Integer,0,,Recommended,"CELF Receptive Language Scaled Score","",,"","",""
celf_tls_raw,Integer,0,,Recommended,"CELF Total Language Raw Score","",,"","",""
celf_rls_std,Integer,0,,Recommended,"Standard Score","0  84",,"","",""
elf_rls_std,Integer,0,,Recommended,"Standard Score","0  84",,"","",""celf_sr_raw,Integer,0,,Recommended,"Raw Score","0  22",,"","",""
elf_sr_raw,Integer,0,,Recommended,"Raw Score","0  22",,"","",""celf_sr_std,Integer,0,,Recommended,"Standard Score","0  22",,"","",""
elf_sr_std,Integer,0,,Recommended,"Standard Score","0  22",,"","",""celf_version,String,35,,Recommended,"CELF Version","",,"","",""
celf_tls_std,Integer,0,,Recommended,"Standard Score","0  254",,"","",""
elf_tls_std,Integer,0,,Recommended,"Standard Score","0  254",,"","",""celf_wc_raw,Integer,0,,Recommended,"Raw Score","0  34",,"","",""
elf_wc_raw,Integer,0,,Recommended,"Raw Score","0  34",,"","",""celf_wc_std,Integer,0,,Recommended,"Standard Score","0  34",,"","",""
elf_wc_std,Integer,0,,Recommended,"Standard Score","0  34",,"","",""