ElementName,DataType,Size,Unit,Required,ElementDescription,ValueRange,Keywords,Notes,Section,Aliases
subjectkey,GUID,0,,Recommended,"The NDAR Global Unique Identifier (GUID) for subjects which identifies a subject in NDAR","NDAR*",,"","",""
patid,String,20,,Required,"src_Subject_id","",,"Patient IDs were assigned at the research site for CPEA and STAART","HEADER",""
cycle,Integer,0,,Required,"Timepoint information","",,"","HEADER",""
phase,Integer,0,,Required,"Phase","1; 2; 3; 4",,"","HEADER",""
q34_date,Integer,0,,Required,"Date","",,"","HEADER",""
q34_prim,Integer,0,,Recommended,"Primary Source: Mother","0; -1",,"Check if mother is primary source, 0=no, -1=yes","HEADER",""
q34_prif,Integer,0,,Recommended,"Primary Source: Father","0; -1",,"Check if father is primary source","HEADER",""
q34_pric,Integer,0,,Recommended,"Primary Source: Child","0; -1",,"Check if child is primary source","HEADER",""
q34_prio,Integer,0,,Recommended,"Primary Source: Other","0; -1",,"Check if primary source not mother, father, child or teacher.","HEADER",""
q34_pr_s,String,30,,Recommended,"Other Primary Source specified","",,"Complete if q34_prio is checked","HEADER",""
q34_parm,Integer,0,,Recommended,"Participants present: Mother","0; -1",,"Check if mother is present during assessment. If Teacher is primary source this item should be left blank","HEADER",""
q34_parf,Integer,0,,Recommended,"Participants present: Father","0; -1",,"Check if father is present during assessment. If Teacher is primary source this item should be left blank","HEADER",""
q34_parc,Integer,0,,Recommended,"Participants present: Child","0; -1",,"Check if chid is present during assessment. If Teacher is primary source this item should be left blank","HEADER",""
q34_paro,Integer,0,,Recommended,"Participants present: Other","0; -1",,"If administered by phone, q34_paro should be checked and PHONE should be written in q34_pa_s","HEADER",""
q34_pa_s,String,65,,Recommended,"Other Participants present specified","",,"Complete if q34_paro is checked","HEADER",""
q34_1,Integer,0,,Recommended,"Do you think your child's problems have affected your family life","0; 1; -7; -8; -9",,"Field should not be left blank. If missing, please use -7,8, -9.","1",""
q34_1_s,String,255,,Recommended,"If yes, in what way","",,"Complete if q34_1 = 1","1",""
q34_2,Integer,0,,Recommended,"Interruption of personal time resulting from your child's illness","0 to 5; -7; -8; -9",,"Field should not be left blank. If missing, please use -7,8, -9.","2",""
q34_3,Integer,0,,Recommended,"Your missing work or neglecting other duties because of your child's illness","0 to 5; -7; -8; -9",,"Field should not be left blank. If missing, please use -7,8, -9.","3",""
q34_4,Integer,0,,Recommended,"Disruption of family routines due to your child's illness","0 to 5; -7; -8; -9",,"Field should not be left blank. If missing, please use -7,8, -9.","4",""
q34_5,Integer,0,,Recommended,"Any family member having to do without things because of your child's illness","0 to 5; -7; -8; -9",,"Field should not be left blank. If missing, please use -7,8, -9.","5",""
q34_6,Integer,0,,Recommended,"Any family member suffering negative mental or physical health effects as a result of your child's illness","0 to 5; -7; -8; -9",,"Field should not be left blank. If missing, please use -7,8, -9.","6",""
q34_7,Integer,0,,Recommended,"Your child getting into trouble with neighbors, community or law enforcement","0 to 5; -7; -8; -9",,"Field should not be left blank. If missing, please use -7,8, -9.","7",""
q34_8,Integer,0,,Recommended,"Financial strain for your family as a result of your child's illness","0 to 5; -7; -8; -9",,"Field should not be left blank. If missing, please use -7,8, -9.","8",""
q34_9,Integer,0,,Recommended,"Less attention paid to any family member because of the attention given to your child","0 to 5; -7; -8; -9",,"Field should not be left blank. If missing, please use -7,8, -9.","9",""
q34_10,Integer,0,,Recommended,"Disruption or upset relationships within your family due to your child's illness","0 to 5; -7; -8; -9",,"Field should not be left blank. If missing, please use -7,8, -9.","10",""
q34_11,Integer,0,,Recommended,"Disruption of your family's social activities resulting from your child's illness","0 to 5; -7; -8; -9",,"Field should not be left blank. If missing, please use -7,8, -9.","11",""
q34_12,Integer,0,,Recommended,"How socially isolated did you feel as a result of your child's illness","0 to 5; -7; -8; -9",,"Field should not be left blank. If missing, please use -7,8, -9.","12",""
q34_13,Integer,0,,Recommended,"How sad or unhappy did you feel as a result of your child's illness","0 to 5; -7; -8; -9",,"Field should not be left blank. If missing, please use -7,8, -9.","13",""
q34_14,Integer,0,,Recommended,"How embarrassed did you feel about your child's illness","0 to 5; -7; -8; -9",,"Field should not be left blank. If missing, please use -7,8, -9.","14",""
q34_15,Integer,0,,Recommended,"Did you have any problems relating to your child","0 to 5; -7; -8; -9",,"Field should not be left blank. If missing, please use -7,8, -9.","15",""
q34_16,Integer,0,,Recommended,"How angry did you feel toward your child","0 to 5; -7; -8; -9",,"Field should not be left blank. If missing, please use -7,8, -9.","16",""
q34_17,Integer,0,,Recommended,"How worried did you feel about your child's future","0 to 5; -7; -8; -9",,"Field should not be left blank. If missing, please use -7,8, -9.","17",""
q34_18,Integer,0,,Recommended,"How worried did you feel about your family's future","0 to 5; -7; -8; -9",,"Field should not be left blank. If missing, please use -7,8, -9.","18",""
q34_19,Integer,0,,Recommended,"How guilty did you feel about your child's illness","0 to 5; -7; -8; -9",,"Field should not be left blank. If missing, please use -7,8, -9.","19",""
q34_20,Integer,0,,Recommended,"How resentful did you feel toward your child","0 to 5; -7; -8; -9",,"Field should not be left blank. If missing, please use -7,8, -9.","20",""
q34_21,Integer,0,,Recommended,"How tired or strained did you feel as a result of your child's illness","0 to 5; -7; -8; -9",,"Field should not be left blank. If missing, please use -7,8, -9.","21",""
q34_22,Integer,0,,Recommended,"In general, how much of a toll has your child's illness been on your family","0 to 5; -7; -8; -9",,"Field should not be left blank. If missing, please use -7,8, -9.","22",""
interview_date,Date,0,,Required,"Date on which the interview/genetic test/sampling/imaging was completed","MM/yyyy;MM/dd/yyyy",,"* '01/01/1900' indicates that a date associated with retrospective data is not known.","",""
