ElementName,DataType,Size,Unit,Required,ElementDescription,ValueRange,Keywords,Notes,Section,Aliases
subjectkey,GUID,0,,Required,"The NDAR Global Unique Identifier (GUID) for subjects which identifies a subject in NDAR","NDAR*",,"","",""
interview_date,Date,0,,Recommended,"Date on which the interview/genetic test/sampling/imaging was completed","MM/yyyy;MM/dd/yyyy",,"* '01/01/1900' indicates that a date associated with retrospective data is not known.","","exp1_date_std"
cycle,Integer,0,,Recommended,"Timepoint information","",,"","",""
patid,String,20,,Recommended,"src_Subject_id","",,"Patient IDs were assigned at the research site for CPEA and STAART","",""
network,String,20,,Recommended,"Network","",,"CPEA or STAART Network","",""
site,String,20,,Recommended,"Site","",,"CPEA or STAART Site","",""
study,String,100,,Recommended,"Study","",,"CPEA or STAART Study","",""
exp1_ageeq,String,255,,Recommended,"Age Equivalent","",,"Nulled value range of:   0 - 18 to accept outlier data","",""
exp1_ci_per,Integer,0,,Recommended,"Confidence Interval - %","0 - 100",,"","",""
exp1_cmmnt,String,100,,Recommended,"Comments","",,"","",""
exp1_date,Integer,0,,Recommended,"Expressive One Word Date","",,"","",""
exp1_version,String,35,,Recommended,"Expressive One Word Version","",,"","",""
exp1_exp_raw,Integer,0,,Recommended,"Expressive (EOWPVT) Standard Score","",,"","",""
exp1_prcntl,String,255,,Recommended,"Percentile Rank","",,"Nulled value range of:   0 - 100 to accept outlier data","",""
exp1_raw,Integer,0,,Recommended,"Raw Score","",,"","",""
exp1_rec_raw,String,255,,Recommended,"Receptive (ROWPVT) Standard Score","",,"","",""
exp1_std,String,255,,Recommended,"Standard Score","",,"Nulled value range of:   55 - 145 to accept outlier data","",""
