ElementName,DataType,Size,Unit,Required,ElementDescription,ValueRange,Keywords,Notes,Section,Aliases
subjectkey,GUID,0,,Required,"The NDAR Global Unique Identifier (GUID) for subjects which identifies a subject in NDAR","NDAR*",,"","",""
interview_date,Date,0,,Required,"Date on which the interview/genetic test/sampling/imaging was completed","MM/yyyy;MM/dd/yyyy",,"* '01/01/1900' indicates that a date associated with retrospective data is not known.","","evt_date_std"
cycle,Integer,0,,Recommended,"Timepoint information","",,"","",""
patid,String,20,,Recommended,"src_Subject_id","",,"Patient IDs were assigned at the research site for CPEA and STAART","",""
network,String,20,,Recommended,"Network","",,"CPEA or STAART Network","",""
site,String,20,,Recommended,"Site","",,"CPEA or STAART Site","",""
study,String,100,,Recommended,"Study","",,"CPEA or STAART Study","",""
adi_dx,String,15,,Recommended,"ADI: Diagnosis","",,"","",""
evt_date,Integer,0,,Recommended,"Test Date","",,"","",""
evt_last,Integer,0,,Recommended,"Last item administered","",,"","",""
evt_lb_tot38,Integer,0,,Recommended,"Number incorrect in items 1 - 38","",,"","",""
evt_sc_diff,Integer,0,,Recommended,"Difference","",,"","",""
evt_sc_percent,Integer,0,,Recommended,"Percentage of Sample with difference","",,"","",""
evt_sc_ssdiff,String,8,,Recommended,"Statistical Significance of difference","",,"","",""
evt_ss_ageeq,Integer,0,,Recommended,"Age Equivalent (in months)","",,"","",""
evt_ss_cilow,Integer,0,,Recommended,"Confidence Interval lower bound","",,"","",""
evt_ss_ciup,Integer,0,,Recommended,"Confidence Interval upper bound","",,"","",""
evt_ss_ncest,Integer,0,,Recommended,"NCE/Stanine","",,"","",""
evt_ss_percent,Float,0,,Recommended,"Percentile","",,"","",""
evt_ss_raw,Integer,0,,Recommended,"Total Raw Score","",,"","",""
evt_ss_std,Integer,0,,Recommended,"Total Standard Score","",,"","",""
evt_syn_tot108,Integer,0,,Recommended,"Number of incorrect items 73 - 108","",,"","",""
evt_syn_tot143,Integer,0,,Recommended,"Number of incorrect items 109-143","",,"","",""
evt_syn_tot178,Integer,0,,Recommended,"Number of incorrect items 144-178","",,"","",""
evt_syn_tot190,Integer,0,,Recommended,"Number of incorrect items 179-190","",,"","",""
evt_syn_tot72,Integer,0,,Recommended,"Number incorrect in items 39 - 72","",,"","",""
evt_total,Integer,0,,Recommended,"Total Number of incorrect items","",,"","",""
evt_version,String,35,,Recommended,"form version","",,"","",""
