ElementName,DataType,Size,Unit,Required,ElementDescription,ValueRange,Keywords,Notes,Section,Aliases
subjectkey,GUID,0,,Optional,"The NDAR Global Unique Identifier (GUID) for subjects which identifies a subject in NDAR","NDAR*",,"","",""
patid,String,20,,Required,"src_Subject_id","",,"Patient IDs were assigned at the research site for CPEA and STAART","",""
cycle,Integer,0,,Required,"Timepoint information","",,"","",""
phase,Integer,0,,Required,"Phase","1; 2; 3; 4",,"","",""
q18_date,String,10,,Required,"Date","",,"Required field. SAS Date","",""
q18_ratr,String,225,,Recommended,"Rater Name","",,"The name of the staff member who administered the form. If the form was filled out by the guardian or teacher, the CC¿s name should be entered as Rater.","",""
18_ratr,String,225,,Recommended,"Rater Name","",,"The name of the staff member who administered the form. If the form was filled out by the guardian or teacher, the CC¿s name should be entered as Rater.","",""q18_prim,Integer,0,,Recommended,"Primary Source: Mother","0; -1",,"Check if mother is primary source. 0=no; -1=yes.","",""
q18_prif,Integer,0,,Recommended,"Primary Source: Father","0; -1",,"Check if father is primary source. 0=no; -1=yes.","",""
q18_pric,Integer,0,,Recommended,"Primary Source: Child","0; -1",,"Check if child is primary source. 0=no; -1=yes.","",""
q18_prio,Integer,0,,Recommended,"Primary Source: Other","0; -1",,"Check if primary source not mother, father, child or teacher. Please check and enter in specify ¿Not Done¿ for IC that were not completed. 0=no; -1=yes.","",""
8_prio,Integer,0,,Recommended,"Primary Source: Other","0; -1",,"Check if primary source not mother, father, child or teacher. Please check and enter in specify ¿Not Done¿ for IC that were not completed. 0=no; -1=yes.","","q18_pr_s,String,30,,Recommended,"Other Primary Source specified","",,"Complete if q18_prio is checked","",""
q18_parm,Integer,0,,Recommended,"Participants present: Mother","0; -1",,"Check if mother is present during assessment. If Teacher is primary source this item should be left blank. 0=no; -1=yes.","",""
q18_parf,Integer,0,,Recommended,"Participants present: Father","0; -1",,"Check if father is present during assessment. If Teacher is primary source this item should be left blank. 0=no; -1=yes.","",""
q18_parc,Integer,0,,Recommended,"Participants present: Child","0; -1",,"Check if chid is present during assessment. If Teacher is primary source this item should be left blank. 0=no; -1=yes.","",""
q18_paro,Integer,0,,Recommended,"Participants present: Other","0; -1",,"If Teacher is primary source, this item should be left blank. If administered by phone, q18_paro should be checked and PHONE should be written in q18_pa_s. 0=no; -1=yes.","",""
q18_pa_s,String,65,,Recommended,"Other Participants present specified","",,"Complete if q18_paro is checked","",""
q18_1a,Integer,0,,Recommended,"Research Staff","0; 1; -7; -8; -9",,"Field should not be left blank. If missing, please use -7,8, -9. Should be completed for all contacts ¿ interim, safety and taper contacts.","",""
18_1a,Integer,0,,Recommended,"Research Staff","0; 1; -7; -8; -9",,"Field should not be left blank. If missing, please use -7,8, -9. Should be completed for all contacts ¿ interim, safety and taper contacts.","",""q18_1b,Integer,0,,Recommended,"Treating clinician","0; 1; -7; -8; -9",,"Field should not be left blank. If missing, please use -7,8, -9. Should be completed for all contacts ¿ interim, safety and taper contacts.","",""
18_1b,Integer,0,,Recommended,"Treating clinician","0; 1; -7; -8; -9",,"Field should not be left blank. If missing, please use -7,8, -9. Should be completed for all contacts ¿ interim, safety and taper contacts.","",""q18_1c,Integer,0,,Recommended,"Other clinician","0; 1; -7; -8; -9",,"Field should not be left blank. If missing, please use -7,8, -9. Should be completed for all contacts ¿ interim, safety and taper contacts.","",""
18_1c,Integer,0,,Recommended,"Other clinician","0; 1; -7; -8; -9",,"Field should not be left blank. If missing, please use -7,8, -9. Should be completed for all contacts ¿ interim, safety and taper contacts.","",""q18_1_s1,String,200,,Recommended,"Other clinician: Specify","",,"Complete only if q18_1c = 1","",""
q18_1d,Integer,0,,Recommended,"Guardian or family member","0; 1; -7; -8; -9",,"Field should not be left blank. If missing, please use -7,8, -9. Should be completed for all contacts ¿ interim, safety and taper contacts.","",""
18_1d,Integer,0,,Recommended,"Guardian or family member","0; 1; -7; -8; -9",,"Field should not be left blank. If missing, please use -7,8, -9. Should be completed for all contacts ¿ interim, safety and taper contacts.","",""q18_1e,Integer,0,,Recommended,"Other","0; 1; -7; -8; -9",,"Field should not be left blank. If missing, please use -7,8, -9. Should be completed for all contacts ¿ interim, safety and taper contacts.","",""
18_1e,Integer,0,,Recommended,"Other","0; 1; -7; -8; -9",,"Field should not be left blank. If missing, please use -7,8, -9. Should be completed for all contacts ¿ interim, safety and taper contacts.","",""q18_1_s2,String,200,,Recommended,"Other: Specify","",,"Complete only if q18_1e =1","",""
q18_2a,Integer,0,,Recommended,"PHONE I contact (Phase I: 7 days after BASELINE)","0; 1; -7; -8; -9",,"Field should not be left blank. If missing, please use -7,8, -9. Should be completed for all contacts ¿ interim, safety and taper contacts.","",""
18_2a,Integer,0,,Recommended,"PHONE I contact (Phase I: 7 days after BASELINE)","0; 1; -7; -8; -9",,"Field should not be left blank. If missing, please use -7,8, -9. Should be completed for all contacts ¿ interim, safety and taper contacts.","",""q18_2b,Integer,0,,Recommended,"PHONE II contact (Open label:7 days after Open Label Baseline Date)","0; 1; -7; -8; -9",,"Field should not be left blank. If missing, please use -7,8, -9. Should be completed for all contacts ¿ interim, safety and taper contacts.","",""
18_2b,Integer,0,,Recommended,"PHONE II contact (Open label:7 days after Open Label Baseline Date)","0; 1; -7; -8; -9",,"Field should not be left blank. If missing, please use -7,8, -9. Should be completed for all contacts ¿ interim, safety and taper contacts.","",""q18_2c,Integer,0,,Recommended,"Missed scheduled visit","0; 1; -7; -8; -9",,"Field should not be left blank. If missing, please use -7,8, -9. Should be completed for all contacts ¿ interim, safety and taper contacts.","",""
18_2c,Integer,0,,Recommended,"Missed scheduled visit","0; 1; -7; -8; -9",,"Field should not be left blank. If missing, please use -7,8, -9. Should be completed for all contacts ¿ interim, safety and taper contacts.","",""q18_2d,Integer,0,,Recommended,"Final Taper contact","0; 1; -7; -8; -9",,"Field should not be left blank. If missing, please use -7,8, -9. Should be completed for all contacts ¿ interim, safety and taper contacts.","",""
18_2d,Integer,0,,Recommended,"Final Taper contact","0; 1; -7; -8; -9",,"Field should not be left blank. If missing, please use -7,8, -9. Should be completed for all contacts ¿ interim, safety and taper contacts.","",""q18_2e,Integer,0,,Recommended,"Taper contact","0; 1; -7; -8; -9",,"Field should not be left blank. If missing, please use -7,8, -9. Should be completed for all contacts ¿ interim, safety and taper contacts.","",""
18_2e,Integer,0,,Recommended,"Taper contact","0; 1; -7; -8; -9",,"Field should not be left blank. If missing, please use -7,8, -9. Should be completed for all contacts ¿ interim, safety and taper contacts.","",""q18_2f,Integer,0,,Recommended,"Other medication issue or follow-up","0; 1; -7; -8; -9",,"Field should not be left blank. If missing, please use -7,8, -9. Should be completed for all contacts ¿ interim, safety and taper contacts.","",""
18_2f,Integer,0,,Recommended,"Other medication issue or follow-up","0; 1; -7; -8; -9",,"Field should not be left blank. If missing, please use -7,8, -9. Should be completed for all contacts ¿ interim, safety and taper contacts.","",""q18_2g,Integer,0,,Recommended,"Adverse event/side effect","0; 1; -7; -8; -9",,"Field should not be left blank. If missing, please use -7,8, -9. Should be completed for all contacts ¿ interim, safety and taper contacts.","",""
18_2g,Integer,0,,Recommended,"Adverse event/side effect","0; 1; -7; -8; -9",,"Field should not be left blank. If missing, please use -7,8, -9. Should be completed for all contacts ¿ interim, safety and taper contacts.","",""q18_2h,Integer,0,,Recommended,"Emergency situation","0; 1; -7; -8; -9",,"Field should not be left blank. If missing, please use -7,8, -9. Should be completed for all contacts ¿ interim, safety and taper contacts.","",""
18_2h,Integer,0,,Recommended,"Emergency situation","0; 1; -7; -8; -9",,"Field should not be left blank. If missing, please use -7,8, -9. Should be completed for all contacts ¿ interim, safety and taper contacts.","",""q18_2i,Integer,0,,Recommended,"Compliance reminder","0; 1; -7; -8; -9",,"Field should not be left blank. If missing, please use -7,8, -9. Should be completed for all contacts ¿ interim, safety and taper contacts.","",""
18_2i,Integer,0,,Recommended,"Compliance reminder","0; 1; -7; -8; -9",,"Field should not be left blank. If missing, please use -7,8, -9. Should be completed for all contacts ¿ interim, safety and taper contacts.","",""q18_2j,Integer,0,,Recommended,"Other","0; 1; -7; -8; -9",,"Field should not be left blank. If missing, please use -7,8, -9. Should be completed for all contacts ¿ interim, safety and taper contacts.","",""
18_2j,Integer,0,,Recommended,"Other","0; 1; -7; -8; -9",,"Field should not be left blank. If missing, please use -7,8, -9. Should be completed for all contacts ¿ interim, safety and taper contacts.","",""q18_2_s,String,200,,Recommended,"Other: Specify","",,"Complete only if q18_2j =1","",""
q18_3,Float,0,,Recommended,"Current dose","0 to 40.00; -7; -8; -9;44",,"Field should not be left blank. If missing, please use -7,8, -9.","",""
q18_3a,Integer,0,,Recommended,"Number of times per day","0 to 4; -7; -8; -9",,"Field should not be left blank. If missing, please use -7,8, -9.","",""
q18_4,Integer,0,,Recommended,"Dosing change as a result of this contact","0; 1; -7; -8; -9",,"Field should not be left blank. If missing, please use -7,8, -9.","",""
q18_4a,Float,0,,Recommended,"Updated dose","0 to 40.00; -7; -8; -9",,"Complete only if q18_4 = 1","",""
q18_4b,Integer,0,,Recommended,"Number of times per day","0 to 4; -7; -8; -9",,"Complete only if q18_4 = 1","",""
q18_4_s,String,100,,Recommended,"Dosing change comments: Specify","",,"Complete only if q18_4 = 1","",""
q18_5,Integer,0,,Recommended,"Mediciation lost or spilled during visit interval","0; 1; -7; -8; -9",,"Field should not be left blank. If missing, please use -7,8, -9.","",""
q18_6,Integer,0,,Recommended,"Medication Regimen","1 to 6; -7; -8; -9;0",,"Field should not be left blank. If missing, please use -7,8, -9.","",""
q18_6_s1,String,300,,Recommended,"Other: Specify","",,"Complete only if q18_6 = 6","",""
q18_6_s2,String,200,,Recommended,"Medication regimen comments: Specify","",,"Field should not be left blank. If missing, please use -7,8, -9.","",""
q18_6b,Float,0,,Recommended,"Volume dispensed","48 to 700.0; -7; -8; -9",,"Field should not be left blank. If missing, please use -7,8, -9.","",""
q18_7,Integer,0,,Recommended,"Were there any adverse events","0; 1; -7; -8; -9",,"Field should not be left blank. If missing, please use -7,8, -9.","",""
q18_8,Integer,0,,Recommended,"Action taken","0; 1; -7; -8; -9",,"Field should not be left blank. If missing, please use -7,8, -9.","",""
q18_8a,Integer,0,,Recommended,"Sent medication","0; 1; -7; -8; -9",,"Complete only if q18_8 = 1","",""
q18_8b,Integer,0,,Recommended,"Treatment MD follow-up required","0; 1; -7; -8; -9",,"Complete only if q18_8 = 1","",""
q18_8c,Integer,0,,Recommended,"Other clinician follow-up required","0; 1; -7; -8; -9",,"Complete only if q18_8 = 1","",""
q18_8_s1,String,200,,Recommended,"Other clinician follow-up required: Specify","",,"Complete only if q18_8c = 1","",""
q18_8d,Integer,0,,Recommended,"Blind broken","0; 1; -7; -8; -9",,"Complete only if q18_8 = 1","",""
q18_8e,Integer,0,,Recommended,"Emergency procedures","0; 1; -7; -8; -9",,"Complete only if q18_8 = 1","",""
q18_8f,Integer,0,,Recommended,"Message left with guardian (only if compliance reminder)","0; 1; -7; -8; -9",,"Complete only if q18_8 = 1","",""
q18_8g,Integer,0,,Recommended,"Other","0; 1; -7; -8; -9",,"Complete only if q18_8 = 1","",""
q18_8_s2,String,200,,Recommended,"Other: Specify","",,"Complete only if q18_8g = 1","",""
