ElementName,DataType,Size,Unit,Required,ElementDescription,ValueRange,Keywords,Notes,Section,Aliases
subjectkey,GUID,0,,Optional,"The NDAR Global Unique Identifier (GUID) for subjects which identifies a subject in NDAR","NDAR*",,"","",""
patid,String,20,,Required,"src_Subject_id","",,"Patient IDs were assigned at the research site for CPEA and STAART","",""
cycle,Integer,0,,Recommended,"Timepoint information","",,"","",""
phase,Integer,0,,Required,"Phase","1; 2; 3; 4",,"","",""
q15_date,Integer,0,,Required,"Date","",,"Required field","",""
q15_ratr,String,225,,Recommended,"Rater Name","",,"The name of the staff member who administered the form. If the form was filled out by the guardian or teacher, the CC¿s name should be entered as Rater.","",""
15_ratr,String,225,,Recommended,"Rater Name","",,"The name of the staff member who administered the form. If the form was filled out by the guardian or teacher, the CC¿s name should be entered as Rater.","",""q15_1,Integer,0,,Recommended,"Sodium","0 to 999",,"Safety range is 120-160. Lab values that fall outside of the study-specific safety ranges will be reported as an AE. Field should not be left blank. If missing, please use -7,-8, -9.","",""
q15_2,Float,0,,Recommended,"Potassium","0.0 to 9.9",,"Safety range is 2.9 ¿ 6.1. Lab values that fall outside of the study-specific safety ranges will be reported as an AE. Field should not be left blank. If missing, please use -7,-8, -9.","",""
15_2,Float,0,,Recommended,"Potassium","0.0 to 9.9",,"Safety range is 2.9 ¿ 6.1. Lab values that fall outside of the study-specific safety ranges will be reported as an AE. Field should not be left blank. If missing, please use -7,-8, -9.","",""q15_3,Integer,0,,Recommended,"Chloride","0 to 999",,"Safety range is 75 ¿ 120. Lab values that fall outside of the study-specific safety ranges will be reported as an AE. Field should not be left blank. If missing, please use -7,-8, -9.","",""
15_3,Integer,0,,Recommended,"Chloride","0 to 999",,"Safety range is 75 ¿ 120. Lab values that fall outside of the study-specific safety ranges will be reported as an AE. Field should not be left blank. If missing, please use -7,-8, -9.","",""q15_4,Float,0,,Recommended,"Carbon Dioxide","0.0 to 99.99",,"Safety range is 12 ¿ 38. Lab values that fall outside of the study-specific safety ranges will be reported as an AE. Field should not be left blank. If missing, please use -7,-8, -9.","",""
15_4,Float,0,,Recommended,"Carbon Dioxide","0.0 to 99.99",,"Safety range is 12 ¿ 38. Lab values that fall outside of the study-specific safety ranges will be reported as an AE. Field should not be left blank. If missing, please use -7,-8, -9.","",""q15_5,Float,0,,Recommended,"Creatinine","0.0 to 9.9",,"Upper safety range is 2.5; there is no lower safety range. Lab values that fall outside of the study-specific safety ranges will be reported as an AE. Field should not be left blank. If missing, please use -7,-8, -9.","",""
q15_6,Float,0,,Recommended,"Bun","0.0 to 99.99",,"Safety range is 2 ¿ 40. Lab values that fall outside of the study-specific safety ranges will be reported as an AE. Field should not be left blank. If missing, please use -7,8, -9.","",""
15_6,Float,0,,Recommended,"Bun","0.0 to 99.99",,"Safety range is 2 ¿ 40. Lab values that fall outside of the study-specific safety ranges will be reported as an AE. Field should not be left blank. If missing, please use -7,8, -9.","",""q15_7,Integer,0,,Recommended,"Glucose","0 to 999",,"Safety range for random glucose is 49 ¿ 200; for fasting it is 49 ¿ 110. Lab values that fall outside of the study-specific safety ranges will be reported as an AE.Field should not be left blank. If missing, please use -7,-8, -9.","",""
5_7,Integer,0,,Recommended,"Glucose","0 to 999",,"Safety range for random glucose is 49 ¿ 200; for fasting it is 49 ¿ 110. Lab values that fall outside of the study-specific safety ranges will be reported as an AE.Field should not be left blank. If missing, please use -7,-8, -9.","","q15_7a,Integer,0,,Recommended,"Random, Fasting","1; 2; -7; -8; -9",,"Field should not be left blank. If missing, please use -7,8, -9.","",""
q15_8,Float,0,,Recommended,"Total Bilirubin","0.0 to 9.9",,"Upper safety range is 3.6; there is no lower safety range. Lab values that fall outside of the study-specific safety ranges will be reported as an AE. Field should not be left blank. If missing, please use -7,-8, -9.","",""
q15_9,Float,0,,Recommended,"AST","0.0 to 999.9",,"Upper safety range is 120; there is no lower safety range. Lab values that fall outside of the study-specific safety ranges will be reported as an AE. Field should not be left blank. If missing, please use -7,-8, -9.","",""
q15_10,Float,0,,Recommended,"ALT","0.0 to 999.9",,"Upper safety range is 150; there is no lower safety range. Lab values that fall outside of the study-specific safety ranges will be reported as an AE. Field should not be left blank. If missing, please use -7,-8, -9.","",""
q15_11,Float,0,,Recommended,"HGB","0.0 to 99.99",,"Safety range is 6.5 ¿ 21. Lab values that fall outside of the study-specific safety ranges will be reported as an AE. Field should not be left blank. If missing, please use -7,-8, -9.","",""
15_11,Float,0,,Recommended,"HGB","0.0 to 99.99",,"Safety range is 6.5 ¿ 21. Lab values that fall outside of the study-specific safety ranges will be reported as an AE. Field should not be left blank. If missing, please use -7,-8, -9.","",""q15_12,Float,0,,Recommended,"HCT","0.0 to 99.99",,"Safety range is 20 ¿ 60. Lab values that fall outside of the study-specific safety ranges will be reported as an AE. Field should not be left blank. If missing, please use -7,-8, -9.","",""
15_12,Float,0,,Recommended,"HCT","0.0 to 99.99",,"Safety range is 20 ¿ 60. Lab values that fall outside of the study-specific safety ranges will be reported as an AE. Field should not be left blank. If missing, please use -7,-8, -9.","",""q15_13,Integer,0,,Recommended,"Platelets","0 to 999",,"Safety range is 50 ¿ 800. Lab values that fall outside of the study-specific safety ranges will be reported as an AE. Field should not be left blank. If missing, please use -7,-8, -9.","",""
15_13,Integer,0,,Recommended,"Platelets","0 to 999",,"Safety range is 50 ¿ 800. Lab values that fall outside of the study-specific safety ranges will be reported as an AE. Field should not be left blank. If missing, please use -7,-8, -9.","",""q15_14,Float,0,,Recommended,"WBC","0.0 to 99.99",,"Safety range is 3 ¿ 20. Lab values that fall outside of the study-specific safety ranges will be reported as an AE. Field should not be left blank. If missing, please use -7,8, -9.","",""
15_14,Float,0,,Recommended,"WBC","0.0 to 99.99",,"Safety range is 3 ¿ 20. Lab values that fall outside of the study-specific safety ranges will be reported as an AE. Field should not be left blank. If missing, please use -7,8, -9.","",""q15_15,Integer,0,,Recommended,"Urine Tox for Amphentamines","0; 1; -7; -8; -9",,"Only done if clinically indicated. If not enter -9. Field should not be left blank. If missing, please use -7,-8, -9.","",""
q15_16,Integer,0,,Recommended,"Urine Tox for Cannabis","0; 1; -7; -8; -9",,"Only done if clinically indicated. If not enter -9. Field should not be left blank. If missing, please use -7,-8, -9.","",""
q15_17,Integer,0,,Recommended,"Urine Tox for Cocaine","0; 1; -7; -8; -9",,"Only done if clinically indicated. If not enter -9. Field should not be left blank. If missing, please use -7,-8, -9.","",""
q15_18,Float,0,,Recommended,"TSH","0.0 to 99.99",,"Safety range is 0.2 ¿ 8. Lab values that fall outside of the study-specific safety ranges will be reported as an AE. Field should not be left blank. If missing, please use -7,-8, -9.","",""
15_18,Float,0,,Recommended,"TSH","0.0 to 99.99",,"Safety range is 0.2 ¿ 8. Lab values that fall outside of the study-specific safety ranges will be reported as an AE. Field should not be left blank. If missing, please use -7,-8, -9.","",""q15_19,Integer,0,,Recommended,"Blood Pregnancy Test","0; 1; -7; -8; -9",,"Participant not eligible if positive. If participant is enrolled and subsequent test is positive, the participant will be withdrawn from the study. Field should not be left blank. If missing, please use -7,-8, -9.","",""
interview_date,Date,0,,Required,"Date on which the interview/genetic test/sampling/imaging was completed","MM/yyyy;MM/dd/yyyy",,"* '01/01/1900' indicates that a date associated with retrospective data is not known.","",""
