ElementName,DataType,Size,Unit,Required,ElementDescription,ValueRange,Keywords,Notes,Section,Aliases
subjectkey,GUID,0,,Required,"The NDAR Global Unique Identifier (GUID) for subjects which identifies a subject in NDAR","NDAR*",,"","",""
interview_date,Date,0,,Required,"Date on which the interview/genetic test/sampling/imaging was completed","MM/yyyy;MM/dd/yyyy",,"* '01/01/1900' indicates that a date associated with retrospective data is not known.","","mcg_date_std"
cycle,Integer,0,,Recommended,"Timepoint information","",,"","",""
patid,String,20,,Recommended,"src_Subject_id","",,"Patient IDs were assigned at the research site for CPEA and STAART","",""
network,String,20,,Recommended,"Network","",,"CPEA or STAART Network","",""
site,String,20,,Recommended,"Site","",,"CPEA or STAART Site","",""
study,String,100,,Recommended,"Study","",,"CPEA or STAART Study","",""
mcg_ao_ball,Integer,0,,Recommended,"Throw a ball","0; 1",,"","","q41_2c15"
mcg_ao_blow,Integer,0,,Recommended,"Blow to indicate something is hot","0; 1",,"","","q41_2c10"
mcg_ao_brush,Integer,0,,Recommended,"Brush teeth","0; 1",,"","","q41_2c4"
mcg_ao_comb,Integer,0,,Recommended,"Comb or brush own hair","0; 1",,"","","q41_2c3"
mcg_ao_drink,Integer,0,,Recommended,"Drink from a cup containing liquid","0; 1",,"","","q41_2c2"
mcg_ao_eat,Integer,0,,Recommended,"Eat with a spoon or fork","0; 1",,"","","q41_2c1"
mcg_ao_hat,Integer,0,,Recommended,"Put on hat","0; 1",,"","","q41_2c6"
mcg_ao_head,Integer,0,,Recommended,"Lay head on hands and squeeze eyes shut as if sleeping","0; 1",,"","","q41_2c9"
mcg_ao_neck,Integer,0,,Recommended,"Put on a necklace, bracelet, or watch","0; 1",,"","","q41_2c8"
mcg_ao_phone,Integer,0,,Recommended,"Put telephone to ear","0; 1",,"","","q41_2c12"
mcg_ao_plane,Integer,0,,Recommended,"Hold plane and make it "fly","0; 1",,"","","q41_2c11"
mcg_ao_pour,Integer,0,,Recommended,"Pour pretend liquid from one container to another","0; 1",,"","","q41_2c16"
mcg_ao_push,Integer,0,,Recommended,"Push toy car or truck","0; 1",,"","","q41_2c14"
mcg_ao_shoe,Integer,0,,Recommended,"Put on a shoe or sock","0; 1",,"","","q41_2c7"
mcg_ao_sniff,Integer,0,,Recommended,"Sniff flowers","0; 1",,"","","q41_2c13"
mcg_ao_stir,Integer,0,,Recommended,"Stir pretend liquid in a cup or pan with a spoon","0; 1",,"","","q41_2c17"
mcg_ao_total,Integer,0,,Recommended,"Total Actions with objects","0 - 17",,"","","q41_sc8"
mcg_ao_wipe,Integer,0,,Recommended,"Wipe face or hands with a towel or cloth","0; 1",,"","","q41_2c5"
mcg_cg_arms,Integer,0,,Recommended,"Extends arm to show you something he/she is holding","0 ; 1; 2",,"","","q41_2a1"
mcg_cg_extends,Integer,0,,Recommended,"Extends his/her arm upward to signal a wish to be picked up","0 ; 1; 2",,"","","q41_2a5"
mcg_cg_hush,Integer,0,,Recommended,"Gestures "hush" by pacing finger to lips","0 ; 1; 2",,"","","q41_2a8"
mcg_cg_kiss,Integer,0,,Recommended,"Blows kisses from a distance","0 ; 1; 2",,"","","q41_2a10"
mcg_cg_lips,Integer,0,,Recommended,"Smacks lips in "yum yum" gesture to indicate that something taste good","0 ; 1; 2",,"","","q41_2a11"
mcg_cg_nods,Integer,0,,Recommended,"Nods head "yes","0 ; 1; 2",,"","","q41_2a7"
mcg_cg_point,Integer,0,,Recommended,"Points (with arm and index finger extended) at some interesting object or event","0 ; 1; 2",,"","","q41_2a3"
mcg_cg_reach,Integer,0,,Recommended,"Reaches out and gives you a toy or some object that he/she is holding","0 ; 1; 2",,"","","q41_2a2"
mcg_cg_request,Integer,0,,Recommended,"Requests something by extending arm and opening and closing hand","0 ; 1; 2",,"","","q41_2a9"
mcg_cg_shakes,Integer,0,,Recommended,"Shakes head "no","0 ; 1; 2",,"","","q41_2a6"
mcg_cg_shrugs,Integer,0,,Recommended,"Shrugs to indicate "all gone" or "where'd it go","0 ; 1; 2",,"","","q41_2a12"
mcg_cg_total,Integer,0,,Recommended,"Total number of first communicative gestures","0 - 12",,"","","q41_sc6"
mcg_cg_waves,Integer,0,,Recommended,"Waves bye-bye on his/her own when someone leaves","0 ; 1; 2",,"","","q41_2a4"
mcg_date,Integer,0,,Recommended,"Date","",,"","","q41_date"
mcg_eg_ageeq,Integer,0,,Recommended,"MacArthur Words and Gestures: Early Gestures - Age Equivalent","",,"","",""
mcg_lg_ageeq,Integer,0,,Recommended,"MacArthur Words and Gestures: Later Gestures - Age Equivalent","",,"","",""
mcg_eg_total,Integer,0,,Recommended,"Total Early Gestures","0 - 18",,"","",""
mcg_gr_big,Integer,0,,Recommended,"Play "so big","0; 1",,"","","q41_2b3"
mcg_gr_chase,Integer,0,,Recommended,"Play chasing games","0; 1",,"","","q41_2b4"
mcg_gr_dance,Integer,0,,Recommended,"Dance","0; 1",,"","","q41_2b6"
mcg_gr_patty,Integer,0,,Recommended,"Play patty cake","0; 1",,"","","q41_2b2"
mcg_gr_peek,Integer,0,,Recommended,"Play peek-a-boo","0; 1",,"","","q41_2b1"
mcg_gr_sing,Integer,0,,Recommended,"Sing","0; 1",,"","","q41_2b5"
mcg_gr_total,Integer,0,,Recommended,"Total number of games and routines","0 - 6",,"","","q41_sc7"
mcg_ia_clean,Integer,0,,Recommended,"Clean with cloth or duster","0; 1",,"","","q41_2e12"
mcg_ia_dig,Integer,0,,Recommended,"Dig with a shovel","0; 1",,"","","q41_2e14"
mcg_ia_drive,Integer,0,,Recommended,"Drive car by turning steering wheel","0; 1",,"","","q41_2e10"
mcg_ia_glass,Integer,0,,Recommended,"Put on glasses","0; 1",,"","","q41_2e15"
mcg_ia_hammer,Integer,0,,Recommended,"Pound with hammer or mallet","0; 1",,"","","q41_2e3"
mcg_ia_key,Integer,0,,Recommended,"Put key in door or lock","0; 1",,"","","q41_2e2"
mcg_ia_play,Integer,0,,Recommended,"Play musical instrument (e.g., piano, trumpet)","0; 1",,"","","q41_2e9"
mcg_ia_read,Integer,0,,Recommended,"Read (opens book, turns page)","0; 1",,"","","q41_2e6"
mcg_ia_saw,Integer,0,,Recommended,"Attempt to use saw","0; 1",,"","","q41_2e4"
mcg_ia_sweep,Integer,0,,Recommended,"Sweep with broom or mop","0; 1",,"","","q41_2e1"
mcg_ia_total,Integer,0,,Recommended,"Total Imitating other adult actions","0 - 15",,"","","q41_sc10"
mcg_ia_type,Integer,0,,Recommended,"Type at a typewriter or computer keyboard","0; 1",,"","","q41_2e5"
mcg_ia_vacm,Integer,0,,Recommended,"Vacuum","0; 1",,"","","q41_2e7"
mcg_ia_wash,Integer,0,,Recommended,"Wash dishes","0; 1",,"","","q41_2e11"
mcg_ia_water,Integer,0,,Recommended,"Water plants","0; 1",,"","","q41_2e8"
mcg_ia_write,Integer,0,,Recommended,"Write with pen, pencil, or marker","0; 1",,"","","q41_2e13"
mcg_ph_ageeq,Integer,0,,Recommended,"MacArthur Words and Gestures: Phrases - Age Equivalent","",,"","",""
mcg_lg_total,Integer,0,,Recommended,"Total Later Gestures","0 - 45",,"","",""
mcg_su_total,Integer,0,,Recommended,"MacArthur Words and Gestures: First signs of understanding - Total","",,"","",""
mcg_ph_bye,Integer,0,,Recommended,"Let's go bye bye","0; 1",,"","","q41_1b19"
mcg_ph_careful,Integer,0,,Recommended,"Be careful","0; 1",,"","","q41_1b3"
mcg_ph_clap,Integer,0,,Recommended,"Clap your hands","0; 1",,"","","q41_1b5"
mcg_ph_come,Integer,0,,Recommended,"Come here/come on","0; 1",,"","","q41_1b7"
mcg_ph_diaper,Integer,0,,Recommended,"Change diaper","0; 1",,"","","q41_1b6"
mcg_ph_do,Integer,0,,Recommended,"Don't do that","0; 1",,"","","q41_1b10"
mcg_ph_get,Integer,0,,Recommended,"Get up","0; 1",,"","","q41_1b12"
mcg_ph_give,Integer,0,,Recommended,"Give it to mommy","0; 1",,"","","q41_1b13"
mcg_ph_goget,Integer,0,,Recommended,"Go get","0; 1",,"","","q41_1b16"
mcg_ph_good,Integer,0,,Recommended,"Good girl/boy","0; 1",,"","","q41_1b17"
mcg_ph_hold,Integer,0,,Recommended,"Hold still","0; 1",,"","","q41_1b18"
mcg_ph_home,Integer,0,,Recommended,"Daddy's/mommy's home","0; 1",,"","","q41_1b8"
mcg_ph_hug,Integer,0,,Recommended,"Give me a hug","0; 1",,"","","q41_1b14"
mcg_ph_hungry,Integer,0,,Recommended,"Are you hungry?","0; 1",,"","","q41_1b1"
mcg_ph_kiss,Integer,0,,Recommended,"Give me a kiss","0; 1",,"","","q41_1b15"
mcg_ph_look,Integer,0,,Recommended,"Look/look here","0; 1",,"","","q41_1b20"
mcg_ph_more,Integer,0,,Recommended,"Do you want more?","0; 1",,"","","q41_1b9"
mcg_ph_open,Integer,0,,Recommended,"Open your mouth","0; 1",,"","","q41_1b21"
mcg_ph_piggy,Integer,0,,Recommended,"This is little piggy","0; 1",,"","","q41_1b27"
mcg_ph_quiet,Integer,0,,Recommended,"Be quiet","0; 1",,"","","q41_1b4"
mcg_ph_ride,Integer,0,,Recommended,"Want to go for a ride?","0; 1",,"","","q41_1b28"
mcg_ph_sit,Integer,0,,Recommended,"Sit down","0; 1",,"","","q41_1b22"
mcg_ph_spit,Integer,0,,Recommended,"Spit it out","0; 1",,"","","q41_1b23"
mcg_ph_stop,Integer,0,,Recommended,"Stop it","0; 1",,"","","q41_1b24"
mcg_ph_throw,Integer,0,,Recommended,"Throw the ball","0; 1",,"","","q41_1b26"
mcg_ph_time,Integer,0,,Recommended,"Time to go night night","0; 1",,"","","q41_1b25"
mcg_ph_tired,Integer,0,,Recommended,"Are you tired/sleepy?","0; 1",,"","","q41_1b2"
mcg_ph_total,Integer,0,,Recommended,"Total number of phrases","0 - 28",,"","","q41_sc2"
mcg_ph_touch,Integer,0,,Recommended,"Don't' touch","0; 1",,"","","q41_1b11"
mcg_po_example,String,240,,Recommended,"If yes (to above), please give several examples","",,"","","q41_2f_s"
mcg_po_other,Integer,0,,Recommended,"Other comments","",,"","","q41_comments"
mcg_po_replace,Integer,0,,Recommended,"During play, children sometimes use an object as a replacement for another.","0 ; 1",,"","","q41_2f"
mcg_pp_bed,Integer,0,,Recommended,"Put to bed","0; 1",,"","","q41_2d1"
mcg_pp_bottle,Integer,0,,Recommended,"Feed with bottle","0; 1",,"","","q41_2d3"
mcg_pp_brush,Integer,0,,Recommended,"Brush/comb its hair","0; 1",,"","","q41_2d5"
mcg_pp_cover,Integer,0,,Recommended,"Cover with blanket","0; 1",,"","","q41_2d2"
mcg_pp_diaper,Integer,0,,Recommended,"Try to put diaper on it","0; 1",,"","","q41_2d13"
mcg_pp_kiss,Integer,0,,Recommended,"Kiss or hug it","0; 1",,"","","q41_2d9"
mcg_pp_pat,Integer,0,,Recommended,"Pat or burp it","0; 1",,"","","q41_2d6"
mcg_pp_push,Integer,0,,Recommended,"Push in stroller/buggy","0; 1",,"","","q41_2d7"
mcg_pp_put,Integer,0,,Recommended,"Try to put show or sock or hat on it","0; 1",,"","","q41_2d10"
mcg_pp_rock,Integer,0,,Recommended,"Rock it","0; 1",,"","","q41_2d8"
mcg_pp_spoon,Integer,0,,Recommended,"Feed with spoon","0; 1",,"","","q41_2d4"
mcg_pp_talk,Integer,0,,Recommended,"Talk to it","0; 1",,"","","q41_2d12"
mcg_pp_total,Integer,0,,Recommended,"Total Pretending to be a parent","0 - 13",,"","","q41_sc9"
mcg_pp_wipe,Integer,0,,Recommended,"Wipe its face or hands","0; 1",,"","","q41_2d11"
mcg_st_imitate,Integer,0,,Recommended,"Some children like to "parrot" or imitate things that they've just heard","0; 1; 2",,"","","q41_1c1"
mcg_st_naming,Integer,0,,Recommended,"Some children like to go around naming or labeling things, as though proud of knowing the names and wanting to show this. How often does your child do this?","0; 1; 2",,"","","q41_1c2"
mcg_su_md,Integer,0,,Recommended,"React to "there's mommy/daddy" by looking around for them","0; 1",,"","","q41_1a3"
mcg_su_name,Integer,0,,Recommended,"Respond when name is called (e.g., by turning and looking as source)","0; 1",,"","","q41_1a1"
mcg_su_no,Integer,0,,Recommended,"Respond to "no, no" (by stopping what he/she is doing at least for a moment)","0; 1",,"","","q41_1a2"
mcg_teach,Integer,0,,Recommended,"MacArthur Words and Gestures: Teacher Completed Form","",,"","",""
mcg_tg_ageeq,Integer,0,,Recommended,"MacArthur Words and Gestures: Total Gestures - Age Equivalent","",,"","",""
mcg_version,String,35,,Recommended,"MacArthur Words and Gestures: Version","",,"","",""
mcg_tg_total,Integer,0,,Recommended,"Total Gestures","0 - 63",,"","",""
mcg_vc_cageeq,Integer,0,,Recommended,"Total number of words understood: Age Equivalent","",,"","",""
mcg_vc_pageeq,Integer,0,,Recommended,"Total number of words produced: Age Equivalent","",,"","",""
mcg_vc_totcom,Integer,0,,Recommended,"Total number of words understood (1-19)","0 - 396",,"","",""
mcg_vc_totpr,Integer,0,,Recommended,"Total number of words produced (1-19)","0 - 396",,"","",""
mcg_vc1_baa,Integer,0,,Recommended,"baa baa","0; 1;2",,"","","q41_1d1a"
mcg_vc1_cck,Integer,0,,Recommended,"cockadoodledoo","0; 1;2",,"","","q41_1d1c"
mcg_vc1_choo,Integer,0,,Recommended,"choo choo","0; 1;2",,"","","q41_1d1b"
mcg_vc1_grr,Integer,0,,Recommended,"grrr","0; 1;2",,"","","q41_1d1d"
mcg_vc1_moo,Integer,0,,Recommended,"moo","0; 1;2",,"","","q41_1d1f"
mcg_vc1_mw,Integer,0,,Recommended,"meow","0; 1;2",,"","","q41_1d1e"
mcg_vc1_ouch,Integer,0,,Recommended,"ouch","0; 1;2",,"","","q41_1d1g"
mcg_vc1_qua,Integer,0,,Recommended,"quack quack","0; 1;2",,"","","q41_1d1h"
mcg_vc1_totcom,Integer,0,,Recommended,"Total number of words understood","0 - 12",,"","",""
mcg_vc1_totpr,Integer,0,,Recommended,"Total number of words produced","0 - 12",,"","",""
mcg_vc1_uh,Integer,0,,Recommended,"uh oh","0; 1;2",,"","","q41_1d1i"
mcg_vc1_vrm,Integer,0,,Recommended,"vroom","0; 1;2",,"","","q41_1d1j"
mcg_vc1_woof,Integer,0,,Recommended,"woof woof","0; 1;2",,"","","q41_1d1k"
mcg_vc1_yum,Integer,0,,Recommended,"yum yum","0; 1;2",,"","","q41_1d1l"
mcg_vc10_beach,Integer,0,,Recommended,"beach","0; 1; 2",,"","","q41_1d10b"
mcg_vc10_bkyr,Integer,0,,Recommended,"backyard","0; 1; 2",,"","","q41_1d10a"
mcg_vc10_church,Integer,0,,Recommended,"church","0; 1; 2",,"","","q41_1d10c"
mcg_vc10_flwr,Integer,0,,Recommended,"flower","0; 1; 2",,"","","q41_1d10d"
mcg_vc10_grdn,Integer,0,,Recommended,"garden","0; 1; 2",,"","","q41_1d10e"
mcg_vc10_home,Integer,0,,Recommended,"home","0; 1; 2",,"","","q41_1d10f"
mcg_vc10_moon,Integer,0,,Recommended,"moon","0; 1; 2",,"","","q41_1d10h"
mcg_vc10_outsd,Integer,0,,Recommended,"outside","0; 1; 2",,"","","q41_1d10i"
mcg_vc10_park,Integer,0,,Recommended,"park","0; 1; 2",,"","","q41_1d10j"
mcg_vc10_party,Integer,0,,Recommended,"party","0; 1; 2",,"","","q41_1d10k"
mcg_vc10_pool,Integer,0,,Recommended,"pool","0; 1; 2",,"","","q41_1d10l"
mcg_vc10_rain,Integer,0,,Recommended,"rain","0; 1; 2",,"","","q41_1d10m"
mcg_vc10_rock,Integer,0,,Recommended,"rock","0; 1; 2",,"","","q41_1d10n"
mcg_vc10_schl,Integer,0,,Recommended,"school","0; 1; 2",,"","","q41_1d10o"
mcg_vc10_shvl,Integer,0,,Recommended,"shovel","0; 1; 2",,"","","q41_1d10p"
mcg_vc10_sky,Integer,0,,Recommended,"sky","0; 1; 2",,"","","q41_1d10q"
mcg_vc10_slide,Integer,0,,Recommended,"slide","0; 1; 2",,"","","q41_1d10r"
mcg_vc10_snow,Integer,0,,Recommended,"snow","0; 1; 2",,"","","q41_1d10s"
mcg_vc10_star,Integer,0,,Recommended,"star","0; 1; 2",,"","","q41_1d10t"
mcg_vc10_store,Integer,0,,Recommended,"store","0; 1; 2",,"","","q41_1d10u"
mcg_vc10_sun,Integer,0,,Recommended,"sun","0; 1; 2",,"","","q41_1d10v"
mcg_vc10_swing,Integer,0,,Recommended,"swing","0; 1; 2",,"","","q41_1d10w"
mcg_vc10_totcom,Integer,0,,Recommended,"Total number of words understood","0 - 27",,"","",""
mcg_vc10_totpr,Integer,0,,Recommended,"Total number of words produced","0 - 27",,"","",""
mcg_vc10_tree,Integer,0,,Recommended,"tree","0; 1; 2",,"","","q41_1d10x"
mcg_vc10_water,Integer,0,,Recommended,"water","0; 1; 2",,"","","q41_1d10y"
mcg_vc10_work,Integer,0,,Recommended,"work","0; 1; 2",,"","","q41_1d10z"
mcg_vc10_zoo,Integer,0,,Recommended,"zoo","0; 1; 2",,"","","q41_1d10aa"
mcg_vc11_aunt,Integer,0,,Recommended,"aunt","0; 1; 2",,"","","q41_1d11a"
mcg_vc11_baby,Integer,0,,Recommended,"baby","0; 1; 2",,"","","q41_1d11b"
mcg_vc11_bbys,Integer,0,,Recommended,"babysitter","0; 1; 2",,"","","q41_1d11c"
mcg_vc11_boy,Integer,0,,Recommended,"boy","0; 1; 2",,"","","q41_1d11e"
mcg_vc11_brthr,Integer,0,,Recommended,"brother","0; 1; 2",,"","","q41_1d11f"
mcg_vc11_bsnm,Integer,0,,Recommended,"babysitter's name","0; 1; 2",,"","","q41_1d11d"
mcg_vc11_child,Integer,0,,Recommended,"child","0; 1; 2",,"","","q41_1d11g"
mcg_vc11_dad,Integer,0,,Recommended,"daddy","0; 1; 2",,"","","q41_1d11h"
mcg_vc11_girl,Integer,0,,Recommended,"girl","0; 1; 2",,"","","q41_1d11i"
mcg_vc11_gma,Integer,0,,Recommended,"grandma","0; 1; 2",,"","","q41_1d11j"
mcg_vc11_gpa,Integer,0,,Recommended,"grandpa","0; 1; 2",,"","","q41_1d11k"
mcg_vc11_lady,Integer,0,,Recommended,"lady","0; 1; 2",,"","","q41_1d11l"
mcg_vc11_man,Integer,0,,Recommended,"man","0; 1; 2",,"","","q41_1d11m"
mcg_vc11_mom,Integer,0,,Recommended,"mommy","0; 1; 2",,"","","q41_1d11n"
mcg_vc11_name,Integer,0,,Recommended,"child's own name","0; 1; 2",,"","","q41_1d11o"
mcg_vc11_persn,Integer,0,,Recommended,"person","0; 1; 2",,"","","q41_1d11q"
mcg_vc11_pple,Integer,0,,Recommended,"people","0; 1; 2",,"","","q41_1d11p"
mcg_vc11_sister,Integer,0,,Recommended,"sister","0; 1; 2",,"","","q41_1d11r"
mcg_vc11_tchr,Integer,0,,Recommended,"teacher","0; 1; 2",,"","","q41_1d11s"
mcg_vc11_totcom,Integer,0,,Recommended,"Total number of words understood","0 - 20",,"","",""
mcg_vc11_totpr,Integer,0,,Recommended,"Total number of words produced","0 - 20",,"","",""
mcg_vc11_uncle,Integer,0,,Recommended,"uncle","0; 1; 2",,"","","q41_1d11t"
mcg_vc12_bath,Integer,0,,Recommended,"bath","0; 1; 2",,"","","q41_1d12a"
mcg_vc12_bkft,Integer,0,,Recommended,"breakfast","0; 1; 2",,"","","q41_1d12b"
mcg_vc12_bye,Integer,0,,Recommended,"bye or bye bye","0; 1; 2",,"","","q41_1d12c"
mcg_vc12_dnnr,Integer,0,,Recommended,"dinner","0; 1; 2",,"","","q41_1d12d"
mcg_vc12_dont,Integer,0,,Recommended,"don't","0; 1; 2",,"","","q41_1d12e"
mcg_vc12_hello,Integer,0,,Recommended,"hello","0; 1; 2",,"","","q41_1d12f"
mcg_vc12_hi,Integer,0,,Recommended,"hi","0; 1; 2",,"","","q41_1d12g"
mcg_vc12_lunch,Integer,0,,Recommended,"lunch","0; 1; 2",,"","","q41_1d12h"
mcg_vc12_nap,Integer,0,,Recommended,"nap","0; 1; 2",,"","","q41_1d12i"
mcg_vc12_night,Integer,0,,Recommended,"night night","0; 1; 2",,"","","q41_1d12j"
mcg_vc12_no,Integer,0,,Recommended,"no","0; 1; 2",,"","","q41_1d12k"
mcg_vc12_patty,Integer,0,,Recommended,"patty cake","0; 1; 2",,"","","q41_1d12l"
mcg_vc12_peek,Integer,0,,Recommended,"peek-a-boo","0; 1; 2",,"","","q41_1d12m"
mcg_vc12_plse,Integer,0,,Recommended,"please","0; 1; 2",,"","","q41_1d12n"
mcg_vc12_shh,Integer,0,,Recommended,"shh/shush/hush","0; 1; 2",,"","","q41_1d12o"
mcg_vc12_tkyou,Integer,0,,Recommended,"thank you","0; 1; 2",,"","","q41_1d12p"
mcg_vc12_totcom,Integer,0,,Recommended,"Total number of words understood","0 - 19",,"","",""
mcg_vc12_totpr,Integer,0,,Recommended,"Total number of words produced","0 - 19",,"","",""
mcg_vc12_wait,Integer,0,,Recommended,"wait","0; 1; 2",,"","","q41_1d12q"
mcg_vc12_want,Integer,0,,Recommended,"wanna/want to","0; 1; 2",,"","","q41_1d12r"
mcg_vc12_yes,Integer,0,,Recommended,"yes","0; 1; 2",,"","","q41_1d12s"
mcg_vc13_bite,Integer,0,,Recommended,"bite","0; 1; 2",,"","","q41_1d13a"
mcg_vc13_blow,Integer,0,,Recommended,"blow","0; 1; 2",,"","","q41_1d13b"
mcg_vc13_bring,Integer,0,,Recommended,"bring","0; 1; 2",,"","","q41_1d13d"
mcg_vc13_brk,Integer,0,,Recommended,"break","0; 1; 2",,"","","q41_1d13c"
mcg_vc13_bump,Integer,0,,Recommended,"bump","0; 1; 2",,"","","q41_1d13e"
mcg_vc13_clean,Integer,0,,Recommended,"clean","0; 1; 2",,"","","q41_1d13f"
mcg_vc13_close,Integer,0,,Recommended,"close","0; 1; 2",,"","","q41_1d13g"
mcg_vc13_cry,Integer,0,,Recommended,"cry","0; 1; 2",,"","","q41_1d13h"
mcg_vc13_dance,Integer,0,,Recommended,"dance","0; 1; 2",,"","","q41_1d13i"
mcg_vc13_draw,Integer,0,,Recommended,"draw","0; 1; 2",,"","","q41_1d13j"
mcg_vc13_drink,Integer,0,,Recommended,"drink","0; 1; 2",,"","","q41_1d13k"
mcg_vc13_drive,Integer,0,,Recommended,"drive","0; 1; 2",,"","","q41_1d13l"
mcg_vc13_eat,Integer,0,,Recommended,"eat","0; 1; 2",,"","","q41_1d13m"
mcg_vc13_fall,Integer,0,,Recommended,"fall","0; 1; 2",,"","","q41_1d13n"
mcg_vc13_feed,Integer,0,,Recommended,"feed","0; 1; 2",,"","","q41_1d13o"
mcg_vc13_fnsh,Integer,0,,Recommended,"finish","0; 1; 2",,"","","q41_1d13p"
mcg_vc13_get,Integer,0,,Recommended,"get","0; 1; 2",,"","","q41_1d13q"
mcg_vc13_give,Integer,0,,Recommended,"give","0; 1; 2",,"","","q41_1d13r"
mcg_vc13_go,Integer,0,,Recommended,"go","0; 1; 2",,"","","q41_1d13s"
mcg_vc13_help,Integer,0,,Recommended,"help","0; 1; 2",,"","","q41_1d13t"
mcg_vc13_hit,Integer,0,,Recommended,"hit","0; 1; 2",,"","","q41_1d13u"
mcg_vc13_hug,Integer,0,,Recommended,"hug","0; 1; 2",,"","","q41_1d13v"
mcg_vc13_hurry,Integer,0,,Recommended,"hurry","0; 1; 2",,"","","q41_1d13w"
mcg_vc13_jump,Integer,0,,Recommended,"jump","0; 1; 2",,"","","q41_1d13x"
mcg_vc13_kick,Integer,0,,Recommended,"kick","0; 1; 2",,"","","q41_1d13y"
mcg_vc13_kiss,Integer,0,,Recommended,"kiss","0; 1; 2",,"","","q41_1d13z"
mcg_vc13_look,Integer,0,,Recommended,"look","0; 1; 2",,"","","q41_1d13aa"
mcg_vc13_love,Integer,0,,Recommended,"love","0; 1; 2",,"","","q41_1d13ab"
mcg_vc13_open,Integer,0,,Recommended,"open","0; 1; 2",,"","","q41_1d13ac"
mcg_vc13_play,Integer,0,,Recommended,"play","0; 1; 2",,"","","q41_1d13ad"
mcg_vc13_pull,Integer,0,,Recommended,"pull","0; 1; 2",,"","","q41_1d13ae"
mcg_vc13_push,Integer,0,,Recommended,"push","0; 1; 2",,"","","q41_1d13af"
mcg_vc13_put,Integer,0,,Recommended,"put","0; 1; 2",,"","","q41_1d13ag"
mcg_vc13_read,Integer,0,,Recommended,"read","0; 1; 2",,"","","q41_1d13ah"
mcg_vc13_ride,Integer,0,,Recommended,"ride","0; 1; 2",,"","","q41_1d13ai"
mcg_vc13_run,Integer,0,,Recommended,"run","0; 1; 2",,"","","q41_1d13aj"
mcg_vc13_say,Integer,0,,Recommended,"say","0; 1; 2",,"","","q41_1d13ak"
mcg_vc13_see,Integer,0,,Recommended,"see","0; 1; 2",,"","","q41_1d13al"
mcg_vc13_show,Integer,0,,Recommended,"show","0; 1; 2",,"","","q41_1d13am"
mcg_vc13_sing,Integer,0,,Recommended,"sing","0; 1; 2",,"","","q41_1d13an"
mcg_vc13_sleep,Integer,0,,Recommended,"sleep","0; 1; 2",,"","","q41_1d13ao"
mcg_vc13_smile,Integer,0,,Recommended,"smile","0; 1; 2",,"","","q41_1d13ap"
mcg_vc13_splsh,Integer,0,,Recommended,"splash","0; 1; 2",,"","","q41_1d13aq"
mcg_vc13_stop,Integer,0,,Recommended,"stop","0; 1; 2",,"","","q41_1d13ar"
mcg_vc13_swim,Integer,0,,Recommended,"swim","0; 1; 2",,"","","q41_1d13as"
mcg_vc13_swing,Integer,0,,Recommended,"swing","0; 1; 2",,"","","q41_1d13at"
mcg_vc13_take,Integer,0,,Recommended,"take","0; 1; 2",,"","","q41_1d13au"
mcg_vc13_tckle,Integer,0,,Recommended,"tickle","0; 1; 2",,"","","q41_1d13aw"
mcg_vc13_throw,Integer,0,,Recommended,"throw","0; 1; 2",,"","","q41_1d13av"
mcg_vc13_totcom,Integer,0,,Recommended,"Total number of words understood","0 - 56",,"","",""
mcg_vc13_totpr,Integer,0,,Recommended,"Total number of words produced","0 - 56",,"","",""
mcg_vc13_touch,Integer,0,,Recommended,"touch","0; 1; 2",,"","","q41_1d13ax"
mcg_vc13_walk,Integer,0,,Recommended,"walk","0; 1; 2",,"","","q41_1d13az"
mcg_vc13_wash,Integer,0,,Recommended,"wash","0; 1; 2",,"","","q41_1d13ba"
mcg_vc13_watch,Integer,0,,Recommended,"watch","0; 1; 2",,"","","q41_1d13ay"
mcg_vc13_wipe,Integer,0,,Recommended,"wipe","0; 1; 2",,"","","q41_1d13bb"
mcg_vc13_write,Integer,0,,Recommended,"write","0; 1; 2",,"","","q41_1d13bc"
mcg_vc14_day,Integer,0,,Recommended,"day","0; 1; 2",,"","","q41_1d14a"
mcg_vc14_later,Integer,0,,Recommended,"later","0; 1; 2",,"","","q41_1d14b"
mcg_vc14_morn,Integer,0,,Recommended,"morning","0; 1; 2",,"","","q41_1d14c"
mcg_vc14_night,Integer,0,,Recommended,"night","0; 1; 2",,"","","q41_1d14d"
mcg_vc14_now,Integer,0,,Recommended,"now","0; 1; 2",,"","","q41_1d14e"
mcg_vc14_tnght,Integer,0,,Recommended,"tonight","0; 1; 2",,"","","q41_1d14h"
mcg_vc14_today,Integer,0,,Recommended,"today","0; 1; 2",,"","","q41_1d14f"
mcg_vc14_tomrr,Integer,0,,Recommended,"tomorrow","0; 1; 2",,"","","q41_1d14g"
mcg_vc14_totcom,Integer,0,,Recommended,"Total number of words understood","0 - 8",,"","",""
mcg_vc14_totpr,Integer,0,,Recommended,"Total number of words produced","0 - 8",,"","",""
mcg_vc15_allgn,Integer,0,,Recommended,"all gone","0; 1; 2",,"","","q41_1d15a"
mcg_vc15_asleep,Integer,0,,Recommended,"asleep","0; 1; 2",,"","","q41_1d15b"
mcg_vc15_bad,Integer,0,,Recommended,"bad","0; 1; 2",,"","","q41_1d15c"
mcg_vc15_big,Integer,0,,Recommended,"big","0; 1; 2",,"","","q41_1d15d"
mcg_vc15_blue,Integer,0,,Recommended,"blue","0; 1; 2",,"","","q41_1d15e"
mcg_vc15_brkn,Integer,0,,Recommended,"broken","0; 1; 2",,"","","q41_1d15f"
mcg_vc15_care,Integer,0,,Recommended,"careful","0; 1; 2",,"","","q41_1d15g"
mcg_vc15_clean,Integer,0,,Recommended,"clean","0; 1; 2",,"","","q41_1d15h"
mcg_vc15_cold,Integer,0,,Recommended,"cold","0; 1; 2",,"","","q41_1d15i"
mcg_vc15_cute,Integer,0,,Recommended,"cute","0; 1; 2",,"","","q41_1d15j"
mcg_vc15_dark,Integer,0,,Recommended,"dark","0; 1; 2",,"","","q41_1d15k"
mcg_vc15_dirty,Integer,0,,Recommended,"dirty","0; 1; 2",,"","","q41_1d15l"
mcg_vc15_dry,Integer,0,,Recommended,"dry","0; 1; 2",,"","","q41_1d15m"
mcg_vc15_empty,Integer,0,,Recommended,"empty","0; 1; 2",,"","","q41_1d15n"
mcg_vc15_fast,Integer,0,,Recommended,"fast","0; 1; 2",,"","","q41_1d15o"
mcg_vc15_fine,Integer,0,,Recommended,"fine","0; 1; 2",,"","","q41_1d15p"
mcg_vc15_gntle,Integer,0,,Recommended,"gentle","0; 1; 2",,"","","q41_1d15q"
mcg_vc15_good,Integer,0,,Recommended,"good","0; 1; 2",,"","","q41_1d15r"
mcg_vc15_happy,Integer,0,,Recommended,"happy","0; 1; 2",,"","","q41_1d15s"
mcg_vc15_hard,Integer,0,,Recommended,"hard","0; 1; 2",,"","","q41_1d15t"
mcg_vc15_hot,Integer,0,,Recommended,"hot","0; 1; 2",,"","","q41_1d15u"
mcg_vc15_hungry,Integer,0,,Recommended,"hungry","0; 1; 2",,"","","q41_1d15v"
mcg_vc15_hurt,Integer,0,,Recommended,"hurt","0; 1; 2",,"","","q41_1d15w"
mcg_vc15_lttle,Integer,0,,Recommended,"little","0; 1; 2",,"","","q41_1d15x"
mcg_vc15_nghty,Integer,0,,Recommended,"naughty","0; 1; 2",,"","","q41_1d15y"
mcg_vc15_nice,Integer,0,,Recommended,"nice","0; 1; 2",,"","","q41_1d15z"
mcg_vc15_old,Integer,0,,Recommended,"old","0; 1; 2",,"","","q41_1d15aa"
mcg_vc15_prtty,Integer,0,,Recommended,"pretty","0; 1; 2",,"","","q41_1d15ab"
mcg_vc15_red,Integer,0,,Recommended,"red","0; 1; 2",,"","","q41_1d15ac"
mcg_vc15_scared,Integer,0,,Recommended,"scared","0; 1; 2",,"","","q41_1d15ad"
mcg_vc15_sick,Integer,0,,Recommended,"sick","0; 1; 2",,"","","q41_1d15ae"
mcg_vc15_sleepy,Integer,0,,Recommended,"sleepy","0; 1; 2",,"","","q41_1d15af"
mcg_vc15_soft,Integer,0,,Recommended,"soft","0; 1; 2",,"","","q41_1d15ag"
mcg_vc15_thirst,Integer,0,,Recommended,"thirsty","0; 1; 2",,"","","q41_1d15ah"
mcg_vc15_tired,Integer,0,,Recommended,"tired","0; 1; 2",,"","","q41_1d15ai"
mcg_vc15_totcom,Integer,0,,Recommended,"Total number of words understood","0 - 37",,"","",""
mcg_vc15_totpr,Integer,0,,Recommended,"Total number of words produced","0 - 37",,"","",""
mcg_vc15_wet,Integer,0,,Recommended,"wet","0; 1; 2",,"","","q41_1d15aj"
mcg_vc15_yuck,Integer,0,,Recommended,"yucky","0; 1; 2",,"","","q41_1d15ak"
mcg_vc16_her,Integer,0,,Recommended,"her","0; 1; 2",,"","","q41_1d16b"
mcg_vc16_his,Integer,0,,Recommended,"his","0; 1; 2",,"","","q41_1d16a"
mcg_vc16_i,Integer,0,,Recommended,"I","0; 1; 2",,"","","q41_1d16c"
mcg_vc16_it,Integer,0,,Recommended,"it","0; 1; 2",,"","","q41_1d16d"
mcg_vc16_me,Integer,0,,Recommended,"me","0; 1; 2",,"","","q41_1d16e"
mcg_vc16_mine,Integer,0,,Recommended,"mine","0; 1; 2",,"","","q41_1d16f"
mcg_vc16_my,Integer,0,,Recommended,"my","0; 1; 2",,"","","q41_1d16g"
mcg_vc16_that,Integer,0,,Recommended,"that","0; 1; 2",,"","","q41_1d16h"
mcg_vc16_this,Integer,0,,Recommended,"this","0; 1; 2",,"","","q41_1d16i"
mcg_vc16_totcom,Integer,0,,Recommended,"Total number of words understood","0 - 11",,"","",""
mcg_vc16_totpr,Integer,0,,Recommended,"Total number of words produced","0 - 11",,"","",""
mcg_vc16_you,Integer,0,,Recommended,"you","0; 1; 2",,"","","q41_1d16j"
mcg_vc16_your,Integer,0,,Recommended,"your","0; 1; 2",,"","","q41_1d16k"
mcg_vc17_how,Integer,0,,Recommended,"how","0; 1; 2",,"","","q41_1d17a"
mcg_vc17_totcom,Integer,0,,Recommended,"Total number of words understood","0 - 6",,"","",""
mcg_vc17_totpr,Integer,0,,Recommended,"Total number of words produced","0 - 6",,"","",""
mcg_vc17_what,Integer,0,,Recommended,"what","0; 1; 2",,"","","q41_1d17b"
mcg_vc17_when,Integer,0,,Recommended,"when","0; 1; 2",,"","","q41_1d17c"
mcg_vc17_where,Integer,0,,Recommended,"where","0; 1; 2",,"","","q41_1d17d"
mcg_vc17_who,Integer,0,,Recommended,"who","0; 1; 2",,"","","q41_1d17e"
mcg_vc17_why,Integer,0,,Recommended,"why","0; 1; 2",,"","","q41_1d17f"
mcg_vc18_away,Integer,0,,Recommended,"away","0; 1; 2",,"","","q41_1d18a"
mcg_vc18_back,Integer,0,,Recommended,"backyard","0; 1; 2",,"","","q41_1d18b"
mcg_vc18_down,Integer,0,,Recommended,"down","0; 1; 2",,"","","q41_1d18c"
mcg_vc18_in,Integer,0,,Recommended,"in","0; 1; 2",,"","","q41_1d18d"
mcg_vc18_inside,Integer,0,,Recommended,"inside","0; 1; 2",,"","","q41_1d18e"
mcg_vc18_off,Integer,0,,Recommended,"off","0; 1; 2",,"","","q41_1d18f"
mcg_vc18_on,Integer,0,,Recommended,"on","0; 1; 2",,"","","q41_1d18g"
mcg_vc18_out,Integer,0,,Recommended,"out","0; 1; 2",,"","","q41_1d18h"
mcg_vc18_there,Integer,0,,Recommended,"there","0; 1; 2",,"","","q41_1d18i"
mcg_vc18_totcom,Integer,0,,Recommended,"Total number of words understood","0 - 11",,"","",""
mcg_vc18_totpr,Integer,0,,Recommended,"Total number of words produced","0 - 11",,"","",""
mcg_vc18_under,Integer,0,,Recommended,"under","0; 1; 2",,"","","q41_1d18j"
mcg_vc18_up,Integer,0,,Recommended,"up","0; 1; 2",,"","","q41_1d18k"
mcg_vc19_all,Integer,0,,Recommended,"all","0; 1; 2",,"","","q41_1d19a"
mcg_vc19_anoth,Integer,0,,Recommended,"another","0; 1; 2",,"","","q41_1d19b"
mcg_vc19_more,Integer,0,,Recommended,"more","0; 1; 2",,"","","q41_1d19c"
mcg_vc19_none,Integer,0,,Recommended,"none","0; 1; 2",,"","","q41_1d19d"
mcg_vc19_not,Integer,0,,Recommended,"not","0; 1; 2",,"","","q41_1d19e"
mcg_vc19_other,Integer,0,,Recommended,"other","0; 1; 2",,"","","q41_1d19f"
mcg_vc19_same,Integer,0,,Recommended,"same","0; 1; 2",,"","","q41_1d19g"
mcg_vc19_some,Integer,0,,Recommended,"some","0; 1; 2",,"","","q41_1d19h"
mcg_vc19_totcom,Integer,0,,Recommended,"Total number of words understood","0 - 8",,"","",""
mcg_vc19_totpr,Integer,0,,Recommended,"Total number of words produced","0 - 8",,"","",""
mcg_vc2_anm,Integer,0,,Recommended,"animal","0; 1; 2",,"","","q41_1d2a"
mcg_vc2_bear,Integer,0,,Recommended,"bear","0; 1; 2",,"","","q41_1d2b"
mcg_vc2_bee,Integer,0,,Recommended,"bee","0; 1; 2",,"","","q41_1d2c"
mcg_vc2_bird,Integer,0,,Recommended,"bird","0; 1; 2",,"","","q41_1d2d"
mcg_vc2_bttrf,Integer,0,,Recommended,"butterfly","0; 1; 2",,"","","q41_1d2g"
mcg_vc2_bug,Integer,0,,Recommended,"bug","0; 1; 2",,"","","q41_1d2e"
mcg_vc2_bunn,Integer,0,,Recommended,"bunny","0; 1; 2",,"","","q41_1d2f"
mcg_vc2_cat,Integer,0,,Recommended,"cat","0; 1; 2",,"","","q41_1d2h"
mcg_vc2_chic,Integer,0,,Recommended,"chicken","0; 1; 2",,"","","q41_1d2i"
mcg_vc2_cow,Integer,0,,Recommended,"cow","0; 1; 2",,"","","q41_1d2j"
mcg_vc2_deer,Integer,0,,Recommended,"deer","0; 1; 2",,"","","q41_1d2k"
mcg_vc2_donk,Integer,0,,Recommended,"donkey","0; 1; 2",,"","","q41_1d2m"
mcg_vc2_duck,Integer,0,,Recommended,"duck","0; 1; 2",,"","","q41_1d2n"
mcg_vc2_elep,Integer,0,,Recommended,"elephant","0; 1; 2",,"","","q41_1d2o"
mcg_vc2_fish,Integer,0,,Recommended,"fish","0; 1; 2",,"","","q41_1d2p"
mcg_vc2_frog,Integer,0,,Recommended,"frog","0; 1; 2",,"","","q41_1d2q"
mcg_vc2_grff,Integer,0,,Recommended,"giraffe","0; 1; 2",,"","","q41_1d2r"
mcg_vc2_gse,Integer,0,,Recommended,"goose","0; 1; 2",,"","","q41_1d2s"
mcg_vc2_hrse,Integer,0,,Recommended,"horse","0; 1; 2",,"","","q41_1d2t"
mcg_vc2_kitt,Integer,0,,Recommended,"kitty","0; 1; 2",,"","","q41_1d2u"
mcg_vc2_lamb,Integer,0,,Recommended,"lamb","0; 1; 2",,"","","q41_1d2v"
mcg_vc2_lion,Integer,0,,Recommended,"lion","0; 1; 2",,"","","q41_1d2w"
mcg_vc2_mky,Integer,0,,Recommended,"monkey","0; 1; 2",,"","","q41_1d2x"
mcg_vc2_mous,Integer,0,,Recommended,"mouse","0; 1; 2",,"","","q41_1d2y"
mcg_vc2_owl,Integer,0,,Recommended,"owl","0; 1; 2",,"","","q41_1d2z"
mcg_vc2_peng,Integer,0,,Recommended,"penguin","0; 1; 2",,"","","q41_1d2aa"
mcg_vc2_pig,Integer,0,,Recommended,"pig","0; 1; 2",,"","","q41_1d2ab"
mcg_vc2_pony,Integer,0,,Recommended,"pony","0; 1; 2",,"","","q41_1d2ac"
mcg_vc2_pupp,Integer,0,,Recommended,"puppy","0; 1; 2",,"","","q41_1d2ad"
mcg_vc2_sheep,Integer,0,,Recommended,"sheep","0; 1; 2",,"","","q41_1d2ae"
mcg_vc2_sqrr,Integer,0,,Recommended,"squirrel","0; 1; 2",,"","","q41_1d2af"
mcg_vc2_ted,Integer,0,,Recommended,"teddy bear","0; 1; 2",,"","","q41_1d2ag"
mcg_vc2_tigr,Integer,0,,Recommended,"tiger","0; 1; 2",,"","","q41_1d2ah"
mcg_vc2_totcom,Integer,0,,Recommended,"Total number of words understood","0 - 37",,"","",""
mcg_vc2_totpr,Integer,0,,Recommended,"Total number of words produced","0 - 37",,"","",""
mcg_vc2_turk,Integer,0,,Recommended,"turkey","0; 1; 2",,"","","q41_1d2ai"
mcg_vc2_turt,Integer,0,,Recommended,"turtle","0; 1; 2",,"","","q41_1d2aj"
mcg_vc3_air,Integer,0,,Recommended,"airplane","0; 1; 2",,"","","q41_1d3a"
mcg_vc3_bicy,Integer,0,,Recommended,"bicycle","0; 1; 2",,"","","q41_1d3b"
mcg_vc3_bus,Integer,0,,Recommended,"bus","0; 1; 2",,"","","q41_1d3c"
mcg_vc3_car,Integer,0,,Recommended,"car","0; 1; 2",,"","","q41_1d3d"
mcg_vc3_fire,Integer,0,,Recommended,"fire truck","0; 1; 2",,"","","q41_1d3e"
mcg_vc3_motor,Integer,0,,Recommended,"motorcycle","0; 1; 2",,"","","q41_1d3f"
mcg_vc3_strol,Integer,0,,Recommended,"stroller","0; 1; 2",,"","","q41_1d3g"
mcg_vc3_totcom,Integer,0,,Recommended,"Total number of words understood","0 - 10",,"","",""
mcg_vc3_totpr,Integer,0,,Recommended,"Total number of words produced","0 - 10",,"","",""
mcg_vc3_train,Integer,0,,Recommended,"train","0; 1; 2",,"","","q41_1d3h"
mcg_vc3_trck,Integer,0,,Recommended,"truck","0; 1; 2",,"","","q41_1d3i"
mcg_vc4_ball,Integer,0,,Recommended,"ball","0; 1; 2",,"","","q41_1d4a"
mcg_vc4_blck,Integer,0,,Recommended,"block","0; 1; 2",,"","","q41_1d4c"
mcg_vc4_blln,Integer,0,,Recommended,"balloon","0; 1; 2",,"","","q41_1d4b"
mcg_vc4_book,Integer,0,,Recommended,"book","0; 1; 2",,"","","q41_1d4d"
mcg_vc4_bubb,Integer,0,,Recommended,"bubbles","0; 1; 2",,"","","q41_1d4e"
mcg_vc4_doll,Integer,0,,Recommended,"doll","0; 1; 2",,"","","q41_1d4f"
mcg_vc4_pen,Integer,0,,Recommended,"pen","0; 1; 2",,"","","q41_1d4g"
mcg_vc4_totcom,Integer,0,,Recommended,"Total number of words understood","0 - 8",,"","",""
mcg_vc4_totpr,Integer,0,,Recommended,"Total number of words produced","0 - 8",,"","",""
mcg_vc4_toy,Integer,0,,Recommended,"toy","0; 1; 2",,"","","q41_1d4h"
mcg_vc5_appl,Integer,0,,Recommended,"apple","0; 1; 2",,"","","q41_1d5a"
mcg_vc5_bana,Integer,0,,Recommended,"banana","0; 1; 2",,"","","q41_1d5b"
mcg_vc5_brd,Integer,0,,Recommended,"bread","0; 1; 2",,"","","q41_1d5c"
mcg_vc5_bttr,Integer,0,,Recommended,"butter","0; 1; 2",,"","","q41_1d5d"
mcg_vc5_cake,Integer,0,,Recommended,"cake","0; 1; 2",,"","","q41_1d5e"
mcg_vc5_cerl,Integer,0,,Recommended,"cereal","0; 1; 2",,"","","q41_1d5h"
mcg_vc5_cheer,Integer,0,,Recommended,"cheerios","0; 1; 2",,"","","q41_1d5i"
mcg_vc5_cheese,Integer,0,,Recommended,"cheese","0; 1; 2",,"","","q41_1d5j"
mcg_vc5_chick,Integer,0,,Recommended,"chicken","0; 1; 2",,"","","q41_1d5k"
mcg_vc5_ckie,Integer,0,,Recommended,"cookie","0; 1; 2",,"","","q41_1d5m"
mcg_vc5_cndy,Integer,0,,Recommended,"candy","0; 1; 2",,"","","q41_1d5f"
mcg_vc5_coff,Integer,0,,Recommended,"coffee","0; 1; 2",,"","","q41_1d5l"
mcg_vc5_crckr,Integer,0,,Recommended,"cracker","0; 1; 2",,"","","q41_1d5n"
mcg_vc5_crrt,Integer,0,,Recommended,"carrots","0; 1; 2",,"","","q41_1d5g"
mcg_vc5_drk,Integer,0,,Recommended,"drink","0; 1; 2",,"","","q41_1d5o"
mcg_vc5_egg,Integer,0,,Recommended,"egg","0; 1; 2",,"","","q41_1d5p"
mcg_vc5_fish,Integer,0,,Recommended,"fish","0; 1; 2",,"","","q41_1d5q"
mcg_vc5_food,Integer,0,,Recommended,"food","0; 1; 2",,"","","q41_1d5r"
mcg_vc5_icec,Integer,0,,Recommended,"ice cream","0; 1; 2",,"","","q41_1d5s"
mcg_vc5_juice,Integer,0,,Recommended,"juice","0; 1; 2",,"","","q41_1d5t"
mcg_vc5_meat,Integer,0,,Recommended,"meat","0; 1; 2",,"","","q41_1d5u"
mcg_vc5_milk,Integer,0,,Recommended,"milk","0; 1; 2",,"","","q41_1d5v"
mcg_vc5_noodl,Integer,0,,Recommended,"noodles","0; 1; 2",,"","","q41_1d5w"
mcg_vc5_orng,Integer,0,,Recommended,"orange","0; 1; 2",,"","","q41_1d5x"
mcg_vc5_peas,Integer,0,,Recommended,"peas","0; 1; 2",,"","","q41_1d5y"
mcg_vc5_pzza,Integer,0,,Recommended,"pizza","0; 1; 2",,"","","q41_1d5z"
mcg_vc5_rais,Integer,0,,Recommended,"raisin","0; 1; 2",,"","","q41_1d5aa"
mcg_vc5_spag,Integer,0,,Recommended,"spaghetti","0; 1; 2",,"","","q41_1d5ab"
mcg_vc5_toast,Integer,0,,Recommended,"toast","0; 1; 2",,"","","q41_1d5ac"
mcg_vc5_totcom,Integer,0,,Recommended,"Total number of words understood","0 - 30",,"","",""
mcg_vc5_totpr,Integer,0,,Recommended,"Total number of words produced","0 - 30",,"","",""
mcg_vc5_wtr,Integer,0,,Recommended,"water","0; 1; 2",,"","","q41_1d5ad"
mcg_vc6_bead,Integer,0,,Recommended,"beads","0; 1; 2",,"","","q41_1d6a"
mcg_vc6_bib,Integer,0,,Recommended,"bib","0; 1; 2",,"","","q41_1d6b"
mcg_vc6_boot,Integer,0,,Recommended,"boots","0; 1; 2",,"","","q41_1d6c"
mcg_vc6_bttn,Integer,0,,Recommended,"button","0; 1; 2",,"","","q41_1d6d"
mcg_vc6_coat,Integer,0,,Recommended,"coat","0; 1; 2",,"","","q41_1d6e"
mcg_vc6_diap,Integer,0,,Recommended,"diaper","0; 1; 2",,"","","q41_1d6f"
mcg_vc6_dress,Integer,0,,Recommended,"dress","0; 1; 2",,"","","q41_1d6g"
mcg_vc6_hat,Integer,0,,Recommended,"hat","0; 1; 2",,"","","q41_1d6h"
mcg_vc6_jackt,Integer,0,,Recommended,"jacket","0; 1; 2",,"","","q41_1d6i"
mcg_vc6_jeans,Integer,0,,Recommended,"jeans","0; 1; 2",,"","","q41_1d6j"
mcg_vc6_neck,Integer,0,,Recommended,"necklace","0; 1; 2",,"","","q41_1d6k"
mcg_vc6_pants,Integer,0,,Recommended,"pants","0; 1; 2",,"","","q41_1d6m"
mcg_vc6_pjs,Integer,0,,Recommended,"pajamas","0; 1; 2",,"","","q41_1d6l"
mcg_vc6_shirt,Integer,0,,Recommended,"shirt","0; 1; 2",,"","","q41_1d6n"
mcg_vc6_shoe,Integer,0,,Recommended,"shoe","0; 1; 2",,"","","q41_1d6o"
mcg_vc6_short,Integer,0,,Recommended,"shorts","0; 1; 2",,"","","q41_1d6p"
mcg_vc6_sock,Integer,0,,Recommended,"sock","0; 1; 2",,"","","q41_1d6q"
mcg_vc6_swtr,Integer,0,,Recommended,"sweater","0; 1; 2",,"","","q41_1d6r"
mcg_vc6_totcom,Integer,0,,Recommended,"Total number of words understood","0 - 19",,"","",""
mcg_vc6_totpr,Integer,0,,Recommended,"Total number of words produced","0 - 19",,"","",""
mcg_vc6_zippr,Integer,0,,Recommended,"zipper","0; 1; 2",,"","","q41_1d6s"
mcg_vc7_arm,Integer,0,,Recommended,"arm","0; 1; 2",,"","","q41_1d7a"
mcg_vc7_blybt,Integer,0,,Recommended,"belly button","0; 1; 2",,"","","q41_1d7b"
mcg_vc7_cheek,Integer,0,,Recommended,"cheek","0; 1; 2",,"","","q41_1d7c"
mcg_vc7_ear,Integer,0,,Recommended,"ear","0; 1; 2",,"","","q41_1d7d"
mcg_vc7_eye,Integer,0,,Recommended,"eye","0; 1; 2",,"","","q41_1d7e"
mcg_vc7_face,Integer,0,,Recommended,"face","0; 1; 2",,"","","q41_1d7f"
mcg_vc7_fing,Integer,0,,Recommended,"finger","0; 1; 2",,"","","q41_1d7h"
mcg_vc7_foot,Integer,0,,Recommended,"foot","0; 1; 2",,"","","q41_1d7g"
mcg_vc7_hair,Integer,0,,Recommended,"hair","0; 1; 2",,"","","q41_1d7i"
mcg_vc7_hand,Integer,0,,Recommended,"hand","0; 1; 2",,"","","q41_1d7j"
mcg_vc7_head,Integer,0,,Recommended,"head","0; 1; 2",,"","","q41_1d7k"
mcg_vc7_knee,Integer,0,,Recommended,"knee","0; 1; 2",,"","","q41_1d7l"
mcg_vc7_leg,Integer,0,,Recommended,"leg","0; 1; 2",,"","","q41_1d7m"
mcg_vc7_mouth,Integer,0,,Recommended,"mouth","0; 1; 2",,"","","q41_1d7n"
mcg_vc7_nose,Integer,0,,Recommended,"nose","0; 1; 2",,"","","q41_1d7o"
mcg_vc7_owie,Integer,0,,Recommended,"owie/ boo boo","0; 1; 2",,"","","q41_1d7p"
mcg_vc7_toe,Integer,0,,Recommended,"toe","0; 1; 2",,"","","q41_1d7r"
mcg_vc7_tong,Integer,0,,Recommended,"tongue","0; 1; 2",,"","","q41_1d7s"
mcg_vc7_totcom,Integer,0,,Recommended,"Total number of words understood","0 - 20",,"","",""
mcg_vc7_totpr,Integer,0,,Recommended,"Total number of words produced","0 - 20",,"","",""
mcg_vc7_tth,Integer,0,,Recommended,"tooth","0; 1; 2",,"","","q41_1d7q"
mcg_vc7_tum,Integer,0,,Recommended,"tummy","0; 1; 2",,"","","q41_1d7t"
mcg_vc8_bdrm,Integer,0,,Recommended,"bedroom","0; 1; 2",,"","","q41_1d8d"
mcg_vc8_bed,Integer,0,,Recommended,"bed","0; 1; 2",,"","","q41_1d8c"
mcg_vc8_btrm,Integer,0,,Recommended,"bathroom","0; 1; 2",,"","","q41_1d8a"
mcg_vc8_bttb,Integer,0,,Recommended,"bathtub","0; 1; 2",,"","","q41_1d8b"
mcg_vc8_chr,Integer,0,,Recommended,"chair","0; 1; 2",,"","","q41_1d8e"
mcg_vc8_couch,Integer,0,,Recommended,"couch","0; 1; 2",,"","","q41_1d8f"
mcg_vc8_crib,Integer,0,,Recommended,"crib","0; 1; 2",,"","","q41_1d8g"
mcg_vc8_door,Integer,0,,Recommended,"door","0; 1; 2",,"","","q41_1d8h"
mcg_vc8_drwr,Integer,0,,Recommended,"drawer","0; 1; 2",,"","","q41_1d8i"
mcg_vc8_grg,Integer,0,,Recommended,"garage","0; 1; 2",,"","","q41_1d8j"
mcg_vc8_hchr,Integer,0,,Recommended,"high chair","0; 1; 2",,"","","q41_1d8k"
mcg_vc8_ktchn,Integer,0,,Recommended,"kitchen","0; 1; 2",,"","","q41_1d8l"
mcg_vc8_lvrm,Integer,0,,Recommended,"living room","0; 1; 2",,"","","q41_1d8m"
mcg_vc8_oven,Integer,0,,Recommended,"oven","0; 1; 2",,"","","q41_1d8n"
mcg_vc8_ppen,Integer,0,,Recommended,"play pen","0; 1; 2",,"","","q41_1d8o"
mcg_vc8_ptty,Integer,0,,Recommended,"potty","0; 1; 2",,"","","q41_1d8p"
mcg_vc8_rckch,Integer,0,,Recommended,"rocking chair","0; 1; 2",,"","","q41_1d8r"
mcg_vc8_refr,Integer,0,,Recommended,"refrigerator","0; 1; 2",,"","","q41_1d8q"
mcg_vc8_sink,Integer,0,,Recommended,"sink","0; 1; 2",,"","","q41_1d8s"
mcg_vc8_strs,Integer,0,,Recommended,"stairs","0; 1; 2",,"","","q41_1d8t"
mcg_vc8_stve,Integer,0,,Recommended,"stove","0; 1; 2",,"","","q41_1d8u"
mcg_vc8_table,Integer,0,,Recommended,"table","0; 1; 2",,"","","q41_1d8v"
mcg_vc8_totcom,Integer,0,,Recommended,"Total number of words understood","0 - 24",,"","",""
mcg_vc8_totpr,Integer,0,,Recommended,"Total number of words produced","0 - 24",,"","",""
mcg_vc8_tv,Integer,0,,Recommended,"TV","0; 1; 2",,"","","q41_1d8w"
mcg_vc8_wndw,Integer,0,,Recommended,"window","0; 1; 2",,"","","q41_1d8x"
mcg_vc9_blnkt,Integer,0,,Recommended,"blanket","0; 1; 2",,"","","q41_1d9a"
mcg_vc9_bowl,Integer,0,,Recommended,"bowl","0; 1; 2",,"","","q41_1d9c"
mcg_vc9_box,Integer,0,,Recommended,"box","0; 1; 2",,"","","q41_1d9d"
mcg_vc9_brm,Integer,0,,Recommended,"broom","0; 1; 2",,"","","q41_1d9e"
mcg_vc9_brsh,Integer,0,,Recommended,"brush","0; 1; 2",,"","","q41_1d9f"
mcg_vc9_bttl,Integer,0,,Recommended,"bottle","0; 1; 2",,"","","q41_1d9b"
mcg_vc9_clck,Integer,0,,Recommended,"clock","0; 1; 2",,"","","q41_1d9g"
mcg_vc9_comb,Integer,0,,Recommended,"comb","0; 1; 2",,"","","q41_1d9h"
mcg_vc9_cup,Integer,0,,Recommended,"cup","0; 1; 2",,"","","q41_1d9i"
mcg_vc9_dish,Integer,0,,Recommended,"dish","0; 1; 2",,"","","q41_1d9j"
mcg_vc9_fork,Integer,0,,Recommended,"fork","0; 1; 2",,"","","q41_1d9k"
mcg_vc9_glss,Integer,0,,Recommended,"glass","0; 1; 2",,"","","q41_1d9l"
mcg_vc9_glsss,Integer,0,,Recommended,"glasses","0; 1; 2",,"","","q41_1d9m"
mcg_vc9_hammr,Integer,0,,Recommended,"hammer","0; 1; 2",,"","","q41_1d9n"
mcg_vc9_key,Integer,0,,Recommended,"keys","0; 1; 2",,"","","q41_1d9o"
mcg_vc9_lamp,Integer,0,,Recommended,"lamp","0; 1; 2",,"","","q41_1d9p"
mcg_vc9_lght,Integer,0,,Recommended,"light","0; 1; 2",,"","","q41_1d9q"
mcg_vc9_mdcn,Integer,0,,Recommended,"medicine","0; 1; 2",,"","","q41_1d9r"
mcg_vc9_mney,Integer,0,,Recommended,"money","0; 1; 2",,"","","q41_1d9s"
mcg_vc9_pctr,Integer,0,,Recommended,"picture","0; 1; 2",,"","","q41_1d9v"
mcg_vc9_plant,Integer,0,,Recommended,"plant","0; 1; 2",,"","","q41_1d9x"
mcg_vc9_plate,Integer,0,,Recommended,"plate","0; 1; 2",,"","","q41_1d9y"
mcg_vc9_pllw,Integer,0,,Recommended,"pillow","0; 1; 2",,"","","q41_1d9w"
mcg_vc9_pnny,Integer,0,,Recommended,"penny","0; 1; 2",,"","","q41_1d9u"
mcg_vc9_ppr,Integer,0,,Recommended,"paper","0; 1; 2",,"","","q41_1d9t"
mcg_vc9_purse,Integer,0,,Recommended,"purse","0; 1; 2",,"","","q41_1d9z"
mcg_vc9_radio,Integer,0,,Recommended,"radio","0; 1; 2",,"","","q41_1d9aa"
mcg_vc9_scssr,Integer,0,,Recommended,"scissors","0; 1; 2",,"","","q41_1d9ab"
mcg_vc9_soap,Integer,0,,Recommended,"soap","0; 1; 2",,"","","q41_1d9ac"
mcg_vc9_spn,Integer,0,,Recommended,"spoon","0; 1; 2",,"","","q41_1d9ad"
mcg_vc9_tbrsh,Integer,0,,Recommended,"toothbrush","0; 1; 2",,"","","q41_1d9af"
mcg_vc9_totcom,Integer,0,,Recommended,"Total number of words understood","0 - 36",,"","",""
mcg_vc9_totpr,Integer,0,,Recommended,"Total number of words produced","0 - 36",,"","",""
mcg_vc9_tphn,Integer,0,,Recommended,"telephone","0; 1; 2",,"","","q41_1d9ae"
mcg_vc9_trsh,Integer,0,,Recommended,"trash","0; 1; 2",,"","","q41_1d9ah"
mcg_vc9_twl,Integer,0,,Recommended,"towl","0; 1; 2",,"","","q41_1d9ag"
mcg_vc9_vccm,Integer,0,,Recommended,"vacuum","0; 1; 2",,"","","q41_1d9ai"
mcg_vc9_watch,Integer,0,,Recommended,"watch","0; 1; 2",,"","","q41_1d9aj"
