ElementName,DataType,Size,Unit,Required,ElementDescription,ValueRange,Keywords,Notes,Section,Aliases
subjectkey,GUID,0,,Required,"","NDAR*",,"","",""
interview_date,Date,0,,Recommended,"","MM/yyyy;MM/dd/yyyy",,"* '01/01/1900' indicates that a date associated with retrospective data is not known.","","mull_date_std"
cycle,Integer,0,,Recommended,"","",,"","",""
patid,String,20,,Recommended,"","",,"Patient IDs were assigned at the research site for CPEA and STAART","",""
network,String,20,,Recommended,"","",,"CPEA or STAART Network","",""
site,String,20,,Recommended,"","",,"CPEA or STAART Site","",""
study,String,100,,Recommended,"","",,"CPEA or STAART Study","",""
adi_da_afsw,Integer,0,,Recommended,"","",,"","",""
adi_dx,String,15,,Recommended,"","",,"","",""
mull_ae,Integer,0,,Recommended,"","",,"","",""
mull_age,Integer,0,,Recommended,"","",,"","",""
mull_date,Integer,0,,Recommended,"","",,"","",""
mull_el_ss,Integer,0,,Recommended,"","",,"","",""
mull_el_ae,Float,0,,Recommended,"","",,"","",""
mull_el_aq,Integer,0,,Recommended,"","0; 1; 2",,"","",""
mull_el_bas,Integer,0,,Recommended,"","",,"","",""
mull_el_ccol,Integer,0,,Recommended,"","0; 1",,"","",""
mull_el_ceil,Integer,0,,Recommended,"","",,"","",""
mull_el_cjg,Integer,0,,Recommended,"","0; 1",,"","",""
mull_el_cttt,Integer,0,,Recommended,"","0; 1; 2; 3",,"","",""
mull_el_cwg,Integer,0,,Recommended,"","0; 1",,"","",""
mull_el_dc,String,13,,Recommended,"","",,"","",""
mull_el_err,Integer,0,,Recommended,"","",,"","",""
mull_el_iq,Float,0,,Recommended,"","",,"","",""
mull_el_jwi,Integer,0,,Recommended,"","0; 1",,"","",""
mull_el_lp,Integer,0,,Recommended,"","0; 1",,"","",""
mull_el_mv,Integer,0,,Recommended,"","0; 1",,"","",""
mull_el_no,Integer,0,,Recommended,"","0; 1; 2; 3",,"","",""
mull_el_ov,Integer,0,,Recommended,"","0; 1; 2; 3; 4",,"","",""
mull_el_pglg,Integer,0,,Recommended,"","0; 1",,"","",""
mull_el_pr,Integer,0,,Recommended,"","",,"","",""
mull_el_pracreas,Integer,0,,Recommended,"","0; 1; 2; 3; 4",,"","",""
mull_el_ptcs,Integer,0,,Recommended,"","0; 1",,"","",""
mull_el_pv,Integer,0,,Recommended,"","0; 1; 2; 3; 4; 5",,"","",""
mull_el_pws,Integer,0,,Recommended,"","0; 1",,"","",""
mull_el_raw,Float,0,,Recommended,"","0  50",,"","",""
ull_el_raw,Float,0,,Recommended,"","0  50",,"","",""mull_el_rs1,Integer,0,,Recommended,"","0; 1",,"","",""
mull_el_rs2,Integer,0,,Recommended,"","0; 1; 2",,"","",""
mull_el_rtn,Integer,0,,Recommended,"","0; 1",,"","",""
mull_el_samhs,Integer,0,,Recommended,"","0; 1",,"","",""
mull_el_sfw,Integer,0,,Recommended,"","0; 1; 2; 3",,"","",""
mull_fm_fptfs,Integer,0,,Recommended,"","",,"","",""
mull_el_sscm,Integer,0,,Recommended,"","0; 1",,"","",""
mull_el_t,Integer,0,,Recommended,"","",,"","",""
mull_el_up,Integer,0,,Recommended,"","0; 1",,"","",""
mull_el_uttfws,Integer,0,,Recommended,"","0; 1",,"","",""
mull_el_utwp,Integer,0,,Recommended,"","0; 1",,"","",""
mull_el_va,Integer,0,,Recommended,"","0; 1; 2; 3; 4; 5",,"","",""
mull_el_vb,Integer,0,,Recommended,"","0; 1",,"","",""
mull_el_voc,Integer,0,,Recommended,"","0; 1",,"","",""
mull_el_vsss,Integer,0,,Recommended,"","0; 1",,"","",""
mull_fm_ae,Float,0,,Recommended,"","",,"","",""
mull_fm_afhf,Integer,0,,Recommended,"","0; 1",,"","",""
mull_fm_bas,Integer,0,,Recommended,"","",,"","",""
mull_fm_bftm,Integer,0,,Recommended,"","0; 1",,"","",""
mull_fm_bimhm,Integer,0,,Recommended,"","0; 1",,"","",""
mull_fm_boim,Integer,0,,Recommended,"","0; 1",,"","",""
mull_fm_cccal,Integer,0,,Recommended,"","0; 1; 2",,"","",""
mull_fm_ceil,Integer,0,,Recommended,"","",,"","",""
mull_fm_csal,Integer,0,,Recommended,"","0; 1; 2; 3; 4; 5",,"","",""
mull_fm_cws,Integer,0,,Recommended,"","0; 1; 2",,"","",""
mull_fm_dc,String,13,,Recommended,"","",,"","",""
mull_fm_dip,Integer,0,,Recommended,"","0; 1; 2",,"","",""
mull_fm_err,Integer,0,,Recommended,"","",,"","",""
mull_fm_ss,Integer,0,,Recommended,"","",,"","",""
mull_fm_fptt,Integer,0,,Recommended,"","0; 1",,"","",""
mull_fm_gp,Integer,0,,Recommended,"","0; 1",,"","",""
mull_fm_gri,Integer,0,,Recommended,"","0; 1",,"","",""
mull_fm_hrr,Integer,0,,Recommended,"","0; 1",,"","",""
mull_fm_icl,Integer,0,,Recommended,"","0; 1; 2; 3",,"","",""
mull_fm_id,Integer,0,,Recommended,"","0; 1; 2; 3",,"","",""
mull_fm_ifbtower,Integer,0,,Recommended,"","0; 1",,"","",""
mull_fm_ifbtrain,Integer,0,,Recommended,"","0; 1; 2",,"","",""
mull_fm_iq,Float,0,,Recommended,"","",,"","",""
mull_fm_ppishav,Integer,0,,Recommended,"","0; 1; 2",,"","",""
mull_fm_pr,Integer,0,,Recommended,"","",,"","",""
mull_fm_raw,Integer,0,,Recommended,"","1  49",,"","",""
ull_fm_raw,Integer,0,,Recommended,"","1  49",,"","",""mull_fm_rfagb,Integer,0,,Recommended,"","0; 1",,"","",""
mull_fm_rgto,Integer,0,,Recommended,"","0; 1",,"","",""
mull_fm_sb,Integer,0,,Recommended,"","0; 1",,"","",""
mull_fm_sbv,Integer,0,,Recommended,"","0; 1; 2; 3",,"","",""
mull_gm_ss,Integer,0,,Recommended,"","",,"","",""
mull_fm_t,Integer,0,,Recommended,"","",,"","",""
mull_fm_tbd,Integer,0,,Recommended,"","0; 1",,"","",""
mull_fm_tbopoi,Integer,0,,Recommended,"","0; 1; 2; 3",,"","",""
mull_fm_tf1,Integer,0,,Recommended,"","0; 1",,"","",""
mull_fm_tf2,Integer,0,,Recommended,"","0; 1",,"","",""
mull_fm_tpib,Integer,0,,Recommended,"","",,"Nulled value range of:   0; 1; 2 to accept outlier data","",""
mull_fm_upg,Integer,0,,Recommended,"","0; 1; 2",,"","",""
mull_fm_usnab,Integer,0,,Recommended,"","0; 1",,"","",""
mull_fm_utht,Integer,0,,Recommended,"","0; 1",,"","",""
mull_gm_ae,Float,0,,Recommended,"","",,"","",""
mull_gm_bas,Integer,0,,Recommended,"","",,"","",""
mull_gm_boof,Integer,0,,Recommended,"","0; 1",,"","",""
mull_gm_ceil,Integer,0,,Recommended,"","",,"","",""
mull_gm_dc,String,13,,Recommended,"","",,"","",""
mull_gm_ebhr,Integer,0,,Recommended,"","0; 1",,"","",""
mull_gm_err,Integer,0,,Recommended,"","",,"","",""
mull_gm_hfpsts,Integer,0,,Recommended,"","0; 1",,"","",""
mull_gm_htt,Integer,0,,Recommended,"","0; 1",,"","",""
mull_gm_huhhs,Integer,0,,Recommended,"","0; 1",,"","",""
mull_gm_jdfb,Integer,0,,Recommended,"","0; 1; 2",,"","",""
mull_gm_jipft,Integer,0,,Recommended,"","0; 1",,"","",""
mull_gm_kb,Integer,0,,Recommended,"","0; 1",,"","",""
mull_gm_malv,Integer,0,,Recommended,"","0; 1",,"","",""
mull_gm_pr,Integer,0,,Recommended,"","",,"","",""
mull_gm_psts,Integer,0,,Recommended,"","0; 1",,"","",""
mull_gm_raw,Integer,0,,Recommended,"","0  36",,"","",""
ull_gm_raw,Integer,0,,Recommended,"","0  36",,"","",""mull_gm_rh,Integer,0,,Recommended,"","0; 1",,"","",""
mull_gm_ro,Integer,0,,Recommended,"","0; 1",,"","",""
mull_gm_rs,Integer,0,,Recommended,"","0; 1",,"","",""
mull_gm_rtcs,Integer,0,,Recommended,"","0; 1",,"","",""
mull_gm_sa,Integer,0,,Recommended,"","0; 1",,"","",""
mull_gm_sbrts,Integer,0,,Recommended,"","0; 1",,"","",""
mull_gm_sfts,Integer,0,,Recommended,"","0; 1",,"","",""
mull_gm_shhb,Integer,0,,Recommended,"","0; 1",,"","",""
mull_gm_sof,Integer,0,,Recommended,"","0; 1",,"","",""
mull_gm_sofwh,Integer,0,,Recommended,"","0; 1",,"","",""
mull_rl_ss,Integer,0,,Recommended,"","",,"","",""
mull_gm_sshs,Integer,0,,Recommended,"","0; 1",,"","",""
mull_gm_sss,Integer,0,,Recommended,"","0; 1",,"","",""
mull_gm_sthak,Integer,0,,Recommended,"","0; 1",,"","",""
mull_gm_swaf,Integer,0,,Recommended,"","0; 1",,"","",""
mull_gm_swr,Integer,0,,Recommended,"","0; 1",,"","",""
mull_gm_t,Integer,0,,Recommended,"","",,"","",""
mull_gm_tbu,Integer,0,,Recommended,"","0; 1",,"","",""
mull_gm_wa,Integer,0,,Recommended,"","0; 1",,"","",""
mull_gm_wdsbsa,Integer,0,,Recommended,"","0; 1",,"","",""
mull_gm_wolaas,Integer,0,,Recommended,"","0; 1",,"","",""
mull_gm_woluatb,Integer,0,,Recommended,"","0; 1",,"","",""
mull_gm_wott,Integer,0,,Recommended,"","0; 1",,"","",""
mull_gm_wsofol,Integer,0,,Recommended,"","0; 1",,"","",""
mull_gm_wusbyn,Integer,0,,Recommended,"","0; 1",,"","",""
mull_gm_wuswhn,Integer,0,,Recommended,"","0; 1",,"","",""
mull_gm_wwohh,Integer,0,,Recommended,"","0; 1",,"","",""
mull_iq,Integer,0,,Recommended,"","",,"","",""
mull_nv_ae,Float,0,,Recommended,"","",,"","",""
mull_nv_iq,Integer,0,,Recommended,"","",,"","",""
mull_nv_ma,Integer,0,,Recommended,"","",,"","",""
mull_nv_ratiq,Integer,0,,Recommended,"","",,"","",""
mull_rl_ae,Float,0,,Recommended,"","",,"","",""
mull_rl_asa,Integer,0,,Recommended,"","0; 1; 2; 3; 4",,"","",""
mull_rl_ats,Integer,0,,Recommended,"","0; 1",,"","",""
mull_rl_atwam,Integer,0,,Recommended,"","0; 1",,"","",""
mull_rl_bas,Integer,0,,Recommended,"","",,"","",""
mull_rl_caw,Integer,0,,Recommended,"","0; 1; 2",,"","",""
mull_rl_cc,Integer,0,,Recommended,"","0; 1; 2; 3; 4",,"","",""
mull_rl_ceil,Integer,0,,Recommended,"","",,"","",""
mull_rl_clal,Integer,0,,Recommended,"","0; 1",,"","",""
mull_rl_clat,Integer,0,,Recommended,"","0; 1",,"","",""
mull_rl_cq1,Integer,0,,Recommended,"","0; 1",,"","",""
mull_rl_cq2,Integer,0,,Recommended,"","0; 1",,"","",""
mull_rl_dc,String,13,,Recommended,"","",,"","",""
mull_rl_err,Integer,0,,Recommended,"","",,"","",""
mull_rl_esmi,Integer,0,,Recommended,"","0; 1",,"","",""
mull_rl_f2uc,Integer,0,,Recommended,"","0; 1",,"","",""
mull_rl_f3uc,Integer,0,,Recommended,"","0; 1",,"","",""
mull_rl_fd,Integer,0,,Recommended,"","0; 1",,"","",""
mull_rl_frc,Integer,0,,Recommended,"","0; 1",,"","",""
mull_rl_gk,Integer,0,,Recommended,"","0; 1; 2; 3; 4; 5",,"","",""
mull_rl_gtovr,Integer,0,,Recommended,"","0; 1",,"","",""
mull_rl_hcse,Integer,0,,Recommended,"","0; 1; 2",,"","",""
mull_rl_ic,Integer,0,,Recommended,"","0; 1",,"","",""
mull_rl_il,Integer,0,,Recommended,"","0; 1; 2",,"","",""
mull_rl_io,Integer,0,,Recommended,"","0; 1",,"","",""
mull_rl_iof,Integer,0,,Recommended,"","0; 1",,"","",""
mull_rl_ip,Integer,0,,Recommended,"","0; 1",,"","",""
mull_rl_iq,Float,0,,Recommended,"","",,"","",""
mull_rl_lc,Integer,0,,Recommended,"","0; 1",,"","",""
mull_rl_pr,Integer,0,,Recommended,"","",,"","",""
mull_rl_raw,Integer,0,,Recommended,"","0  48",,"","",""
ull_rl_raw,Integer,0,,Recommended,"","0  48",,"","",""mull_rl_rbp,Integer,0,,Recommended,"","0; 1; 2; 3",,"","",""
mull_rl_rfnw,Integer,0,,Recommended,"","0; 1",,"","",""
mull_rl_ron,Integer,0,,Recommended,"","0; 1",,"","",""
mull_rl_rrtln,Integer,0,,Recommended,"","0; 1",,"","",""
mull_rl_rtvafbs,Integer,0,,Recommended,"","0; 1",,"","",""
mull_rl_rtvafbv,Integer,0,,Recommended,"","0; 1",,"","",""
mull_rl_sc,Integer,0,,Recommended,"","0; 1",,"","",""
mull_version,String,35,,Recommended,"","",,"","",""
mull_rl_t,Integer,0,,Recommended,"","",,"","",""
mull_rl_ugac,Integer,0,,Recommended,"","0; 1",,"","",""
mull_rl_uiw,Integer,0,,Recommended,"","0; 1",,"","",""
mull_rl_usvi,Integer,0,,Recommended,"","0; 1",,"","",""
mull_ss_ae,Float,0,,Recommended,"","",,"","",""
mull_ss_ci,Integer,0,,Recommended,"","",,"","",""
mull_ss_dc,String,8,,Recommended,"","",,"","",""
mull_ss_err,Integer,0,,Recommended,"","",,"","",""
mull_ss_pr,Integer,0,,Recommended,"","",,"","",""
mull_ss_raw,Integer,0,,Recommended,"","",,"","",""
mull_ss_std,Integer,0,,Recommended,"","",,"","",""
mull_ss_t,Integer,0,,Recommended,"","",,"","",""
mull_v_ae,Float,0,,Recommended,"","",,"","",""
mull_v_iq,Integer,0,,Recommended,"","",,"","",""
mull_v_ma,Integer,0,,Recommended,"","",,"","",""
mull_v_ratiq,Integer,0,,Recommended,"","",,"","",""
mull_vr_ss,Integer,0,,Recommended,"","",,"","",""
mull_vr_ae,Float,0,,Recommended,"","",,"","",""
mull_vr_atp,Integer,0,,Recommended,"","0; 1",,"","",""
mull_vr_bas,Integer,0,,Recommended,"","",,"","",""
mull_vr_ceil,Integer,0,,Recommended,"","",,"","",""
mull_vr_dc,String,13,,Recommended,"","",,"","",""
mull_vr_dfof,Integer,0,,Recommended,"","0; 1; 2; 3; 4",,"","",""
mull_vr_dlr,Integer,0,,Recommended,"","0; 1; 2; 3; 4",,"","",""
mull_vr_dsp,Integer,0,,Recommended,"","0; 1",,"","",""
mull_vr_err,Integer,0,,Recommended,"","",,"","",""
mull_vr_fott,Integer,0,,Recommended,"","0; 1; 2",,"","",""
mull_vr_iq,Float,0,,Recommended,"","",,"","",""
mull_vr_larbasf,Integer,0,,Recommended,"","0; 1",,"","",""
mull_vr_lbenaf,Integer,0,,Recommended,"","0; 1",,"","",""
mull_vr_lfcuw,Integer,0,,Recommended,"","0; 1",,"","",""
mull_vr_lfds,Integer,0,,Recommended,"","0; 1",,"","",""
mull_vr_lfrhuw,Integer,0,,Recommended,"","0; 1; 2",,"","",""
mull_vr_lftctd,Integer,0,,Recommended,"","0; 1",,"","",""
mull_vr_mbs,Integer,0,,Recommended,"","0; 1",,"","",""
mull_vr_mbsc,Integer,0,,Recommended,"","0; 1",,"","",""
mull_vr_mff,Integer,0,,Recommended,"","0; 1; 2",,"","",""
mull_vr_mfo,Integer,0,,Recommended,"","0; 1",,"","",""
mull_vr_mfop,Integer,0,,Recommended,"","0; 1",,"","",""
mull_vr_mftp,Integer,0,,Recommended,"","0; 1",,"","",""
mull_vr_ml,Integer,0,,Recommended,"","0; 1",,"","",""
mull_vr_mlw,Integer,0,,Recommended,"","0; 1; 2; 3; 4",,"","",""
mull_vr_mo,Integer,0,,Recommended,"","0; 1; 2; 3",,"","",""
mull_vr_moa,Integer,0,,Recommended,"","0; 1",,"","",""
mull_vr_mown,Integer,0,,Recommended,"","0; 1; 2; 3",,"","",""
mull_vr_mowon,Integer,0,,Recommended,"","0; 1; 2; 3",,"","",""
mull_vr_myp,Integer,0,,Recommended,"","0; 1",,"","",""
mull_vr_nnc,Integer,0,,Recommended,"","0; 1; 2",,"","",""
mull_vr_pctod,Integer,0,,Recommended,"","0; 1",,"","",""
mull_vr_pr,Integer,0,,Recommended,"","",,"","",""
mull_vr_raw,Integer,0,,Recommended,"","0 -50",,"","",""
mull_vr_saoh,Integer,0,,Recommended,"","0; 1",,"","",""
mull_vr_sd1,Integer,0,,Recommended,"","0; 1",,"","",""
mull_vr_sd2,Integer,0,,Recommended,"","0; 1; 2",,"","",""
mull_vr_sd3,Integer,0,,Recommended,"","0; 1; 2",,"","",""
mull_vr_siibah,Integer,0,,Recommended,"","0; 1",,"","",""
mull_vr_ssabbc,Integer,0,,Recommended,"","0; 1",,"","",""
mull_vr_t,Integer,0,,Recommended,"","",,"","",""
mull_vr_tcrsu,Integer,0,,Recommended,"","0; 1",,"","",""
mull_vr_tmbe,Integer,0,,Recommended,"","0; 1",,"","",""
mull_vr_tsf,Integer,0,,Recommended,"","0; 1",,"","",""
