ElementName,DataType,Size,Unit,Required,ElementDescription,ValueRange,Keywords,Notes,Section,Aliases
subjectkey,GUID,0,,Recommended,"The NDAR Global Unique Identifier (GUID) for subjects which identifies a subject in NDAR","NDAR*",,"","",""
patid,String,20,,Required,"src_Subject_id","",,"Patient IDs were assigned at the research site for CPEA and STAART","",""
cycle,Integer,0,,Required,"Timepoint information","",,"","",""
phase,Integer,0,,Required,"Phase","1; 2; 3; 4",,"","",""
q10_date,Integer,0,,Required,"Date","",,"Required field","",""
q10_ratr,String,225,,Recommended,"Rater Name","",,"The name of the staff member who administered the form. If the form was filled out by the guardian or teacher, the CC¿s name should be entered as Rater.","",""
10_ratr,String,225,,Recommended,"Rater Name","",,"The name of the staff member who administered the form. If the form was filled out by the guardian or teacher, the CC¿s name should be entered as Rater.","",""q10_1,Integer,0,,Recommended,"Medication regimen","0 to 6; -7; -8; -9",,"-9 should be entered at BASELINE.","",""
q10_1_s,String,100,,Recommended,"Medication regimen: Specify","",,"if q10_1 = 6, q10_1_s should be completed","",""
q10_2_s,String,200,,Recommended,"Medication regimen comments","",,"Field should not be left blank. If missing, please use -7,8, -9.","",""
q10_3,Float,0,,Recommended,"Volume dispensed","48.0-700.0; -7, -8, -9",,"An extra week of study medication should be dispensed at each contact.","",""
interview_date,Date,0,,Required,"Date on which the interview/genetic test/sampling/imaging was completed","MM/yyyy;MM/dd/yyyy",,"* '01/01/1900' indicates that a date associated with retrospective data is not known.","",""
