ElementName,DataType,Size,Unit,Required,ElementDescription,ValueRange,Keywords,Notes,Section,Aliases
subjectkey,GUID,0,,Required,"The NDAR Global Unique Identifier (GUID) for subjects which identifies a subject in NDAR","NDAR*",,"","",""
interview_date,Date,0,,Recommended,"Date on which the interview/genetic test/sampling/imaging was completed","MM/yyyy;MM/dd/yyyy",,"* '01/01/1900' indicates that a date associated with retrospective data is not known.","","q39_date,pls_date_std"
cycle,Integer,0,,Recommended,"Timepoint information","",,"","",""
patid,String,20,,Recommended,"src_Subject_id","",,"Patient IDs were assigned at the research site for CPEA and STAART","",""
network,String,20,,Recommended,"Network","",,"CPEA or STAART Network","",""
site,String,20,,Recommended,"Site","",,"CPEA or STAART Site","",""
study,String,100,,Recommended,"Study","",,"CPEA or STAART Study","",""
pls_ac11_ae,Integer,0,,Recommended,"PLS: Auditory Comprehension 6-11 Months - Anticipates an event or signal","",,"","",""
pls_ac11_fl,Integer,0,,Recommended,"PLS: Auditory Comprehension 6-11 Months  Follows line of regard","",,"","",""
pls_ac11_hand,Integer,0,,Recommended,"Understands what you want when you extend your hands & say 'come with me'","0; 1",,"","","q39_ac_14"
pls_ac11_look,Integer,0,,Recommended,"Looks at objects or people the caregiver calls attention to","0; 1",,"","","q39_ac_13"
pls_ac11_no,Integer,0,,Recommended,"Responds to 'no-no'","0; 1",,"","","q39_ac_15"
pls_ac11_othno,Integer,0,,Recommended,"Understands a specific word or phrase (other than 'no')","0; 1",,"","","q39_ac_16"
pls_ac11_uw,Integer,0,,Recommended,"PLS: Auditory Comprehension 6-11 Months - Understands a specific word or phrase","",,"","",""
pls_ac17_cues,Integer,0,,Recommended,"Follows routine, familiar directions with cues","0; 1",,"","","q39_ac_18"
pls_ac17_fam,Integer,0,,Recommended,"Identifies familiar objects from a group of objects","0; 1",,"","","q39_ac_20"
pls_ac17_ma,Integer,0,,Recommended,"PLS: Auditory Comprehension 12-17 Months- Maintains attention for two minutes","",,"","",""
pls_ac17_mobj,Integer,0,,Recommended,"Uses more than one object in play","0; 1",,"","","q39_ac_17"
pls_ac17_obj,Integer,0,,Recommended,"Demonstrates appropriate use of objects in play","0; 1",,"","","q39_ac_19"
pls_ac2_enjoy,Integer,0,,Recommended,"Enjoys caregiver's attention","0; 1",,"","","q39_ac_2"
pls_ac2_gla,Integer,0,,Recommended,"Glances momentarily at a person who talks to him or her","0; 1",,"","","q39_ac_1"
pls_ac2_looks,Integer,0,,Recommended,"Looks intently at a speaker","0; 1",,"","","q39_ac_4"
pls_ac2_react,Integer,0,,Recommended,"Reacts to sounds other than voices in the environment","0; 1",,"","","q39_ac_3"
pls_ac23_parts,Integer,0,,Recommended,"Identifies body parts on self, caregiver, or teddy bear","0; 1",,"","","q39_ac_23"
pls_ac23_photo,Integer,0,,Recommended,"Identifies photographs of familiar objects","0; 1",,"","","q39_ac_21"
pls_ac23_verbs,Integer,0,,Recommended,"Understands verbs in context","0; 1",,"","","q39_ac_24"
pls_ac23_word,Integer,0,,Recommended,"Understands inhibitory words","0; 1",,"","","q39_ac_22"
pls_ac29_act,Integer,0,,Recommended,"Recognizes action in pictures","0; 1",,"","","q39_ac_27"
pls_ac29_cloth,Integer,0,,Recommended,"Identifies clothing items on self or caregiver","0; 1",,"","","q39_ac_25"
pls_ac29_sev,Integer,0,,Recommended,"Understands several pronouns","0; 1",,"","","q39_ac_28"
pls_ac29_spat,Integer,0,,Recommended,"Understands spatial concepts","0; 1",,"","","q39_ac_44"
pls_ac35_2step,Integer,0,,Recommended,"Follows two-step, related commands without cues","0; 1",,"","","q39_ac_32"
pls_ac35_descr,Integer,0,,Recommended,"Understands simple descriptive concepts","0; 1",,"","","q39_ac_31"
pls_ac35_obj,Integer,0,,Recommended,"Understands use of objects","0; 1",,"","","q39_ac_29"
pls_ac35_part,Integer,0,,Recommended,"Understands part/whole relationships","0; 1",,"","","q39_ac_30"
pls_ac41_conce,Integer,0,,Recommended,"Understands quantity concepts","0; 1",,"","","q39_ac_33"
pls_ac41_neg,Integer,0,,Recommended,"Understands negatives in sentences","0; 1",,"","","q39_ac_35"
pls_ac41_pron,Integer,0,,Recommended,"Understands pronouns","0; 1",,"","","q39_ac_34"
pls_ac47_categ,Integer,0,,Recommended,"Identifies categories of objects in pictures","0; 1",,"","","q39_ac_38"
pls_ac47_color,Integer,0,,Recommended,"Identifies colors","0; 1",,"","","q39_ac_36"
pls_ac47_infer,Integer,0,,Recommended,"Makes inferences","0; 1",,"","","q39_ac_37"
pls_ac47_more,Integer,0,,Recommended,"Understands 'more' and 'most'","0; 1",,"","","q39_ac_40"
pls_ac47_pana,Integer,0,,Recommended,"Understanding picture analogies","0; 1",,"","","q39_ac_39"
pls_ac5_head,Integer,0,,Recommended,"Turns head to locate the source of sound","0; 1",,"","","q39_ac_5"
pls_ac5_mouth,Integer,0,,Recommended,"Mouths objects","0; 1",,"","","q39_ac_8"
pls_ac5_searc,Integer,0,,Recommended,"Actively searches to find a person who is talking","0; 1",,"","","q39_ac_6"
pls_ac5_sound,Integer,0,,Recommended,"Discriminates one sound from another","0; 1",,"","","q39_ac_7"
pls_ac53_exp,Integer,0,,Recommended,"Understands expanded sentences","0; 1",,"","","q39_ac_41"
pls_ac53_shape,Integer,0,,Recommended,"Understands qualitative concepts (shapes)","0; 1",,"","","q39_ac_43"
pls_ac53_spat,Integer,0,,Recommended,"Understands spatial concepts","0; 1",,"","","q39_ac_26"
pls_ac53_tall,Integer,0,,Recommended,"Understands qualitative concepts (tall, long, short)","0; 1",,"","","q39_ac_42"
pls_ac59_er,Integer,0,,Recommended,"Understands -er ending as 'one who'","0; 1",,"","","q39_ac_45"
pls_ac59_exp,Integer,0,,Recommended,"Understands expanded sentences","0; 1",,"","","q39_ac_47"
pls_ac59_noun,Integer,0,,Recommended,"Understands noun + two modifying adjectives","0; 1",,"","","q39_ac_48"
pls_ac59_qual,Integer,0,,Recommended,"Understands qualitative concepts","0; 1",,"","","q39_ac_49"
pls_ac59_time,Integer,0,,Recommended,"Understands time concepts (night, day)","0; 1",,"","","q39_ac_46"
pls_ac65_bel,Integer,0,,Recommended,"Identifies an object that doesn't belong","0; 1",,"","","q39_ac_50"
pls_ac65_body,Integer,0,,Recommended,"Indicates body parts on self","0; 1",,"","","q39_ac_52"
pls_ac65_pass,Integer,0,,Recommended,"Understands passive voice sentences","0; 1",,"","","q39_ac_53"
pls_ac65_quan,Integer,0,,Recommended,"Understands quantity concepts 'three' and 'five'","0; 1",,"","","q39_ac_51"
pls_ac71_pic,Integer,0,,Recommended,"Orders pictures from largest to smallest","0; 1",,"","","q39_ac_54"
pls_ac71_quan,Integer,0,,Recommended,"Understands quantity concepts (half, whole)","0; 1",,"","","q39_ac_55"
pls_ac71_time,Integer,0,,Recommended,"Understands time/sequence concepts (first, last)","0; 1",,"","","q39_ac_56"
pls_ac77_init,Integer,0,,Recommended,"Identifies initial sounds","0; 1",,"","","q39_ac_57"
pls_ac77_quan,Integer,0,,Recommended,"Understands quantitative concepts (each)","0; 1",,"","","q39_ac_58"
pls_ac77_rhy,Integer,0,,Recommended,"Understands rhyming sounds","0; 1",,"","","q39_ac_59"
pls_ac8_activ,Integer,0,,Recommended,"Actively searches for source of sound when the source is not visible","0; 1",,"","","q39_ac_12"
pls_ac8_antic,Integer,0,,Recommended,"Anticipates what will happen next","0; 1",,"","","q39_ac_11"
pls_ac8_inter,Integer,0,,Recommended,"Interrupts activity when you call his or her name","0; 1",,"","","q39_ac_10"
pls_ac8_shake,Integer,0,,Recommended,"Shakes and bangs objects in play","0; 1",,"","","q39_ac_9"
pls_ac83_add,Integer,0,,Recommended,"Adds and subtracts numbers to five","0; 1",,"","","q39_ac_60"
pls_ac83_gram,Integer,0,,Recommended,"Makes grammaticality judgments","0; 1",,"","","q39_ac_62"
pls_ac83_time,Integer,0,,Recommended,"Understands time concepts (seasons)","0; 1",,"","","q39_ac_61"
pls_date,Integer,0,,Recommended,"PLS Date","",,"","",""
pls_ec11_cn,Integer,0,,Recommended,"PLS: Expressive Communication 6-11 Months - Communicates nonverbally, using gestures or pushing and pulling behaviors","",,"","",""
pls_ec11_att,Integer,0,,Recommended,"Seeks attention from others","0; 1",,"","","q39_ec_11"
pls_ec11_p4c,Integer,0,,Recommended,"PLS: Expressive Communication 6-11 Months - Produces at least four different consonant-like sounds","",,"","",""
pls_ec11_ges,Integer,0,,Recommended,"Communicates nonverbally, using gestures or pushing and pulling behaviors","0; 1",,"","","q39_ec_13"
pls_ec17_hv,Integer,0,,Recommended,"PLS: Expressive Communication 12-17 Months - Has a vocabulary of at least one word","",,"","",""
pls_ec11_sim,Integer,0,,Recommended,"Plays simple games","0; 1",,"","","q39_ec_12"
pls_ec17_cons,Integer,0,,Recommended,"Produces a variety of consonant sounds","0; 1",,"","","q39_ec_20"
pls_ec17_game,Integer,0,,Recommended,"Initiates a turn-taking game or social routine","0; 1",,"","","q39_ec_18"
pls_ms_dnt,Integer,0,,Recommended,"PLS: Supplemental Measure Morphology-Syntax - Did not talk spontaneously","",,"","",""
pls_ec17_play,Integer,0,,Recommended,"Participates in a play routine with another person for 1 to 2 minutes","0; 1",,"","","q39_ec_15"
pls_ec17_syl,Integer,0,,Recommended,"Babbles two syllables together ('mama', 'bada')","0; 1",,"","","q39_ec_16"
pls_ec17_toy,Integer,0,,Recommended,"Extends toy or points to object to show others","0; 1",,"","","q39_ec_19"
pls_ec17_voc,Integer,0,,Recommended,"Able to vocalize without accompanying arm and leg movements","0; 1",,"","","q39_ec_14"
pls_ec17_word,Integer,0,,Recommended,"Has vocabulary of at least one word","0; 1",,"","","q39_ec_17"
pls_ec23_510w,Integer,0,,Recommended,"Uses five to ten words","0; 1",,"","","q39_ec_22"
pls_ec23_com,Integer,0,,Recommended,"Produces different types of consonant-vowel combinations","0; 1",,"","","q39_ec_24"
pls_ec23_imit,Integer,0,,Recommended,"Imitates words","0; 1",,"","","q39_ec_21"
pls_ec23_req,Integer,0,,Recommended,"Uses vocalizations and gestures to request toys or food","0; 1",,"","","q39_ec_23"
pls_ec23_syl,Integer,0,,Recommended,"Babbles short syllable strings with inflection similar to adult speech","0; 1",,"","","q39_ec_25"
pls_ec29_com,Integer,0,,Recommended,"Uses different word combinations","0; 1",,"","","q39_ec_30"
pls_ec29_pho,Integer,0,,Recommended,"Names objects in photographs","0; 1",,"","","q39_ec_26"
pls_ec29_pra,Integer,0,,Recommended,"Uses words for a variety of pragmatic functions","0; 1",,"","","q39_ec_29"
pls_ec29_que,Integer,0,,Recommended,"Asks questions","0; 1",,"","","q39_ec_28"
pls_ec29_wor,Integer,0,,Recommended,"Uses words more often than gestures to communicate","0; 1",,"","","q39_ec_27"
pls_ec35_34wor,Integer,0,,Recommended,"Combines three or four words in spontaneous speech","0; 1",,"","","q39_ec_32"
pls_ec35_ing,Integer,0,,Recommended,"Uses verb + '-ing'","0; 1",,"","","q39_ec_34"
pls_ec35_plu,Integer,0,,Recommended,"Uses plurals","0; 1",,"","","q39_ec_31"
pls_ec35_utt,Integer,0,,Recommended,"Uses a variety of nouns, verbs, modifiers, and pronouns in spontaneous utterances","0; 1",,"","","q39_ec_35"
pls_ec35_what,Integer,0,,Recommended,"Answers 'what' and 'where' questions","0; 1",,"","","q39_ec_33"
pls_ec41_45wor,Integer,0,,Recommended,"Produces basic four- to five-word sentences","0; 1",,"","","q39_ec_36"
pls_ec41_nam,Integer,0,,Recommended,"Names a variety of pictured objects","0; 1",,"","","q39_ec_37"
pls_ec41_pos,Integer,0,,Recommended,"Uses possessives","0; 1",,"","","q39_ec_40"
pls_ec41_quan,Integer,0,,Recommended,"Uses quantity concepts","0; 1",,"","","q39_ec_39"
pls_ec41_use,Integer,0,,Recommended,"Tells how an object is used","0; 1",,"","","q39_ec_38"
pls_ec47_ana,Integer,0,,Recommended,"Completes analogies","0; 1",,"","","q39_ec_43"
pls_ec47_hyp,Integer,0,,Recommended,"Answers questions about hypothetical events","0; 1",,"","","q39_ec_44"
pls_ec47_log,Integer,0,,Recommended,"Answers questions logically","0; 1",,"","","q39_ec_41"
pls_ec47_sta,Integer,0,,Recommended,"Uses words that describe physical state","0; 1",,"","","q39_ec_42"
pls_ec5_cri,Integer,0,,Recommended,"Varies pitch, length, or volume of cries","0; 1",,"","","q39_ec_4"
pls_ec5_ple,Integer,0,,Recommended,"Vocalizes pleasure and displeasure sounds","0; 1",,"","","q39_ec_5"
pls_ec5_soft,Integer,0,,Recommended,"Vocalizes soft, throaty sounds","0; 1",,"","","q39_ec_2"
pls_ec5_spe,Integer,0,,Recommended,"Responds to speaker by smiling","0; 1",,"","","q39_ec_3"
pls_ec5_suc,Integer,0,,Recommended,"Has a suck/swallow reflex","0; 1",,"","","q39_ec_1"
pls_ec5_voc,Integer,0,,Recommended,"Vocalizes when talked to, moving arms and legs during vocalizations","0; 1",,"","","q39_ec_6"
pls_ec53_ana,Integer,0,,Recommended,"Completes analogies","0; 1",,"","","q39_ec_46"
pls_ec53_obj,Integer,0,,Recommended,"Names objects when the object is described","0; 1",,"","","q39_ec_47"
pls_ec53_whe,Integer,0,,Recommended,"Responds to 'where' questions","0; 1",,"","","q39_ec_45"
pls_ec59_adj,Integer,0,,Recommended,"Uses adjectives to describe objects","0; 1",,"","","q39_ec_52"
pls_ec59_cat,Integer,0,,Recommended,"Names categories","0; 1",,"","","q39_ec_49"
pls_ec59_er,Integer,0,,Recommended,"Uses '-er' endings to indicate 'one who'","0; 1",,"","","q39_ec_53"
ls_ec59_er,Integer,0,,Recommended,"Uses '-er' endings to indicate 'one who'","0; 1",,"","","q39_ec_53"pls_ec59_past,Integer,0,,Recommended,"Uses past tense forms","0; 1",,"","","q39_ec_54"
pls_ec59_qual,Integer,0,,Recommended,"Uses qualitative concepts 'short' and 'long'","0; 1",,"","","q39_ec_51"
pls_ec59_rep,Integer,0,,Recommended,"Repeats sentences","0; 1",,"","","q39_ec_50"
pls_ec59_why,Integer,0,,Recommended,"Responds to 'why' questions by giving a reason","0; 1",,"","","q39_ec_48"
pls_ec65_item,Integer,0,,Recommended,"Names the items that fit into categories","0; 1",,"","","q39_ec_57"
pls_ec65_sim,Integer,0,,Recommended,"Describes similarities","0; 1",,"","","q39_ec_56"
pls_ec65_sti,Integer,0,,Recommended,"Formulates meaningful, grammatically correct questions in response to picture stimuli","0; 1",,"","","q39_ec_55"
pls_ec71_abs,Integer,0,,Recommended,"Repairs semantic absurdities","0; 1",,"","","q39_ec_60"
pls_ec71_cou,Integer,0,,Recommended,"Counts items and gives correct number","0; 1",,"","","q39_ec_59"
pls_ec71_sim,Integer,0,,Recommended,"Completes similes","0; 1",,"","","q39_ec_58"
pls_ec77_gra,Integer,0,,Recommended,"Repairs grammatical errors","0; 1",,"","","q39_ec_62"
pls_ec77_rhy,Integer,0,,Recommended,"Rhymes words","0; 1",,"","","q39_ec_63"
pls_ec77_seg,Integer,0,,Recommended,"Segments words","0; 1",,"","","q39_ec_64"
pls_ec77_wor,Integer,0,,Recommended,"Defines words","0; 1",,"","","q39_ec_61"
pls_ec8_cons,Integer,0,,Recommended,"Vocalizes two different consonant sounds","0; 1",,"","","q39_ec_9"
pls_ec8_prot,Integer,0,,Recommended,"Protests by gesturing or vocalizing","0; 1",,"","","q39_ec_7"
pls_ec8_syl,Integer,0,,Recommended,"Combines sounds to form a syllable","0; 1",,"","","q39_ec_10"
pls_ec8_vow,Integer,0,,Recommended,"Vocalizes two different vowel sounds","0; 1",,"","","q39_ec_8"
pls_ec83_int,Integer,0,,Recommended,"Tells a story with introduction, sequence, and conclusion","0; 1",,"","","q39_ec_66"
pls_ec83_plu,Integer,0,,Recommended,"Uses irregular plurals","0; 1",,"","","q39_ec_67"
pls_ec83_quan,Integer,0,,Recommended,"Expresses quantity","0; 1",,"","","q39_ec_68"
pls_ec83_sto,Integer,0,,Recommended,"Tells a story in sequence, using grammatically correct sentences","0; 1",,"","","q39_ec_65"
pls_ms_art,Integer,0,,Recommended,"Articles - a, the","0; 1",,"","",""
pls_ms_cop,Integer,0,,Recommended,"Copula (is/are)","0; 1",,"","",""
pls_ms_past,Integer,0,,Recommended,"PLS: Supplemental Measure Morphology-Syntax - Past tense (-ed)","",,"","",""
pls_ms_fut,Integer,0,,Recommended,"Future tense (will, gonna)","0; 1",,"","",""
pls_ms_irr,Integer,0,,Recommended,"Irregular past tense (ran, won)","0; 1",,"","",""
pls_ms_irrp,Integer,0,,Recommended,"Irregular plurals (feet, men)","0; 1",,"","",""
pls_ms_neg,Integer,0,,Recommended,"Negatives - no, not, don't","0; 1",,"","",""
pls_ms_obj,Integer,0,,Recommended,"Objective pronouns (him, her, them)","0; 1",,"","",""
pls_ms_pres,Integer,0,,Recommended,"PLS: Supplemental Measure Morphology-Syntax - Present tense","",,"","",""
pls_ms_poss,Integer,0,,Recommended,"Possessive (his, her, hers, its, their, theirs)","0; 1",,"","",""
pls_ms_s3w,Integer,0,,Recommended,"PLS: Supplemental Measure Morphology-Syntax - Spoke in two- to three-word utterances","",,"","",""
pls_ms_psmrk,Integer,0,,Recommended,"Possessive markers - 's","0; 1",,"","",""
pls_ms_reg,Integer,0,,Recommended,"Regular plurals (-s, -es)","0; 1",,"","",""
pls_ms_s5w,Integer,0,,Recommended,"PLS: Supplemental Measure Morphology-Syntax - Spoke in four- to five-word sentences","",,"","",""
pls_ms_sp1w,Integer,0,,Recommended,"PLS: Supplemental Measure Morphology-Syntax - Spoke in one word utterances","",,"","",""
pls_ms_swu,Integer,0,,Recommended,"PLS: Supplemental Measure Morphology-Syntax - Spoke in successive single word utterances","",,"","",""
pls_ms_subj,Integer,0,,Recommended,"Subjective pronouns (he, she, it, we, they)","0; 1",,"","",""
pls_ms_ucs,Integer,0,,Recommended,"PLS: Supplemental Measure Morphology-Syntax - Used complex sentences","",,"","",""
pls_ms_uexs,Integer,0,,Recommended,"PLS: Supplemental Measure Morphology-Syntax - Used expanded sentences","",,"","",""
pls_sl_aqn,Integer,0,,Recommended,"PLS: Supplemental Measure Social Language - Asked a question","",,"","",""
pls_ms_why,Integer,0,,Recommended,"Wh- questions (who, what, where, when, why)","0; 1",,"","",""
pls_ms_yn,Integer,0,,Recommended,"Yes-no (is/are, can/could, do/does, will/would)","0; 1",,"","",""
pls_sc_acae,Integer,0,,Recommended,"Age Equivalent in Months","",,"","","q39_age1"
pls_sc_accon,Integer,0,,Recommended,"SS Confidence Interval","",,"","","q39_con1"
pls_sc_aclta,Integer,0,,Recommended,"Last Task Administered","",,"","",""
pls_sc_acpcon,Integer,0,,Recommended,"PRs for SS Confidence Interval Values","",,"","","q39_per1"
pls_sc_acpr,Integer,0,,Recommended,"Percentile Rank","",,"","","q39_val1"
pls_sc_acraw,Integer,0,,Recommended,"Raw Scores","",,"","","q39_sc1"
pls_sc_acss,Integer,0,,Recommended,"Standard Scores","",,"","","q39_std1"
pls_sc_aczro,Integer,0,,Recommended,"Number of 0 scores","",,"","",""
pls_sc_ecae,Integer,0,,Recommended,"Age Equivalent in Months","",,"","","q39_age2"
pls_sc_eccon,Integer,0,,Recommended,"SS Confidence Interval","",,"","",""
pls_sc_eclta,Integer,0,,Recommended,"Last Task Administered","",,"","",""
pls_sc_ecpcon,Integer,0,,Recommended,"PRs for SS Confidence Interval Values","",,"","",""
pls_sc_ecpr,Integer,0,,Recommended,"Percentile Rank","",,"","","q39_per2"
pls_sc_ecraw,Integer,0,,Recommended,"Raw Scores","",,"","",""
pls_sc_ecss,Integer,0,,Recommended,"Standard Scores","",,"","","q39_con2"
pls_sc_eczro,Integer,0,,Recommended,"Number of 0 scores","",,"","",""
pls_sc_tlae,Integer,0,,Recommended,"Age Equivalent in Months","",,"","","q39_age3"
pls_sc_tlcon,Integer,0,,Recommended,"SS Confidence Interval","",,"","","q39_con3"
pls_sc_tlpcon,Integer,0,,Recommended,"PRs for SS Confidence Interval Values","",,"","","q39_val3"
pls_sc_tlpr,Integer,0,,Recommended,"Percentile Rank","",,"","","q39_per3"
pls_sc_tlrs,Integer,0,,Recommended,"AC Raw Score + EC Raw Score","",,"","",""
pls_sc_tlss,Integer,0,,Recommended,"Standard Score","",,"","",""
pls_sc_tlsst,Integer,0,,Recommended,"Standard Score Total","",,"","",""
pls_sl_ans,Integer,0,,Recommended,"Answered when you talked to him or her","0; 1",,"","",""
pls_sl_atten,Integer,0,,Recommended,"PLS: Supplemental Measure Social Language - Tried to get your attention","",,"","",""
pls_sl_da,Integer,0,,Recommended,"PLS: Supplemental Measure Social Language - Directed your attention to something","",,"","",""
pls_sl_indir,Integer,0,,Recommended,"PLS: Supplemental Measure Social Language - Used indirect requests or hints","",,"","",""
pls_sl_greet,Integer,0,,Recommended,"Greeted someone or said goodbye","0; 1",,"","",""
pls_sl_mcn,Integer,0,,Recommended,"PLS: Supplemental Measure Social Language - Maintained a conversation","",,"","",""
pls_sl_pro,Integer,0,,Recommended,"PLS: Supplemental Measure Social Language - Protested or complained","",,"","",""
pls_sl_name,Integer,0,,Recommended,"Named an object","0; 1",,"","",""
pls_sl_play,Integer,0,,Recommended,"Played with you","0; 1",,"","",""
pls_sl_prw,Integer,0,,Recommended,"PLS: Supplemental Measure Social Language - "Practiced" or repeated words","",,"","",""
pls_sl_rexp,Integer,0,,Recommended,"PLS: Supplemental Measure Social Language - Talked about recent experiences","",,"","",""
pls_sl_role,Integer,0,,Recommended,"PLS: Supplemental Measure Social Language - Role-played stereotypic themes","",,"","",""
pls_sl_rp,Integer,0,,Recommended,"PLS: Supplemental Measure Social Language - Repeated or reworded messages you didnt understand","",,"","",""
pls_sl_sttop,Integer,0,,Recommended,"PLS: Supplemental Measure Social Language - Stayed on topic","",,"","",""
pls_sl_talk,Integer,0,,Recommended,"PLS: Supplemental Measure Social Language - Talked about what he or she was doing","",,"","",""
pls_sl_teo,Integer,0,,Recommended,"PLS: Supplemental Measure Social Language - Told you about an event or object","",,"","",""
pls_sl_try,Integer,0,,Recommended,"PLS: Supplemental Measure Social Language - Tried to get you to do something","",,"","",""
pls_sl_usip,Integer,0,,Recommended,"PLS: Supplemental Measure Social Language - Used language to interact with another person","",,"","",""
pls_sl_usln,Integer,0,,Recommended,"PLS: Supplemental Measure Social Language - Used language to control others behavior","",,"","",""
pls_sm_aseq,Integer,0,,Recommended,"PLS: Supplemental Measure Semantics - Appropriately sequenced","",,"","",""
pls_sm_dis,Integer,0,,Recommended,"PLS: Supplemental Measure Semantics - Disorganized","",,"","",""
pls_sm_nop,Integer,0,,Recommended,"PLS: Supplemental Measure Semantics - Named objects-pictures","",,"","",""
pls_sm_org,Integer,0,,Recommended,"PLS: Supplemental Measure Semantics - Organized","",,"","",""
pls_sm_offt,Integer,0,,Recommended,"Connected speech:  off topic","0; 1",,"","",""
pls_sm_otop,Integer,0,,Recommended,"PLS: Supplemental Measure Semantics - On topic","",,"","",""
pls_sm_outsq,Integer,0,,Recommended,"PLS: Supplemental Measure Semantics - Out of sequence","",,"","",""
pls_sm_uaw,Integer,0,,Recommended,"PLS: Supplemental Measure Semantics - Used action words","",,"","",""
pls_sm_uwdo,Integer,0,,Recommended,"PLS: Supplemental Measure Semantics - Used words to describe objects or people","",,"","",""
pls_sm_uwp,Integer,0,,Recommended,"PLS: Supplemental Measure Semantics - Used words denoting possession","",,"","",""
pls_sm_uwpl,Integer,0,,Recommended,"PLS: Supplemental Measure Semantics - Used words denoting place","",,"","",""
pls_sm_uwq,Integer,0,,Recommended,"PLS: Supplemental Measure Semantics - Used words denoting quality","",,"","",""
pls_sm_uwrc,Integer,0,,Recommended,"PLS: Supplemental Measure Semantics - Used words denoting recurrence","",,"","",""
pls_sm_uwrn,Integer,0,,Recommended,"PLS: Supplemental Measure Semantics - Used words to give reasons","",,"","",""
pls_sm_uwtm,Integer,0,,Recommended,"PLS: Supplemental Measure Semantics - Used words denoting time","",,"","",""
pls_spch_int,Integer,0,,Recommended,"PLS: Supplemental Measure Speech Intelligibility","",,"","",""
pls_version,String,35,,Recommended,"PLS Version","",,"","",""
