ElementName,DataType,Size,Unit,Required,ElementDescription,ValueRange,Keywords,Notes,Section,Aliases
subjectkey,GUID,0,,Required,"The NDAR Global Unique Identifier (GUID) for subjects which identifies a subject in NDAR","NDAR*",,"","",""
interview_date,Date,0,,Recommended,"Date on which the interview/genetic test/sampling/imaging was completed","MM/yyyy;MM/dd/yyyy",,"* '01/01/1900' indicates that a date associated with retrospective data is not known.","","ppvt_date_std"
cycle,Integer,0,,Recommended,"Timepoint information","",,"","",""
patid,String,20,,Recommended,"src_Subject_id","",,"Patient IDs were assigned at the research site for CPEA and STAART","",""
network,String,20,,Recommended,"Network","",,"CPEA or STAART Network","",""
site,String,20,,Recommended,"Site","",,"CPEA or STAART Site","",""
study,String,100,,Recommended,"Study","",,"CPEA or STAART Study","",""
ppvt_01_bus,Integer,0,,Recommended,"bus","0; 1",,"","",""
ppvt_01_climb,Integer,0,,Recommended,"climbing","0; 1",,"","",""
ppvt_01_clost,Integer,0,,Recommended,"closet","0; 1",,"","",""
ppvt_01_drnkg,Integer,0,,Recommended,"drinking","0; 1",,"","",""
ppvt_01_error,Integer,0,,Recommended,"No. of Errors","0 - 12",,"","",""
ppvt_01_fly,Integer,0,,Recommended,"fly","0; 1",,"","",""
ppvt_01_hand,Integer,0,,Recommended,"hand","0; 1",,"","",""
ppvt_01_hlcpt,Integer,0,,Recommended,"hellicopter","0; 1",,"","",""
ppvt_01_jumpg,Integer,0,,Recommended,"jumping","0; 1",,"","",""
ppvt_01_key,Integer,0,,Recommended,"key","0; 1",,"","",""
ppvt_01_lamp,Integer,0,,Recommended,"lamp","0; 1",,"","",""
ppvt_01_readg,Integer,0,,Recommended,"reading","0; 1",,"","",""
ppvt_01_smell,Integer,0,,Recommended,"smelling","0; 1",,"","",""
ppvt_02_cage,Integer,0,,Recommended,"cage","0; 1",,"","",""
ppvt_02_cow,Integer,0,,Recommended,"cow","0; 1",,"","",""
ppvt_02_digng,Integer,0,,Recommended,"digging","0; 1",,"","",""
ppvt_02_drum,Integer,0,,Recommended,"drum","0; 1",,"","",""
ppvt_02_elbow,Integer,0,,Recommended,"elbow","0; 1",,"","",""
ppvt_02_error,Integer,0,,Recommended,"No. of Errors","0 - 12",,"","",""
ppvt_02_exrcs,Integer,0,,Recommended,"exercising","0; 1",,"","",""
ppvt_02_fence,Integer,0,,Recommended,"fence","0; 1",,"","",""
ppvt_02_fethr,Integer,0,,Recommended,"feather","0; 1",,"","",""
ppvt_02_garbg,Integer,0,,Recommended,"garbage","0; 1",,"","",""
ppvt_02_knee,Integer,0,,Recommended,"knee","0; 1",,"","",""
ppvt_02_paint,Integer,0,,Recommended,"painting","0; 1",,"","",""
ppvt_02_wrapg,Integer,0,,Recommended,"wrapping","0; 1",,"","",""
ppvt_03_accdt,Integer,0,,Recommended,"accident","0; 1",,"","",""
ppvt_03_arrow,Integer,0,,Recommended,"arrow","0; 1",,"","",""
ppvt_03_dcrtd,Integer,0,,Recommended,"decorated","0; 1",,"","",""
ppvt_03_empty,Integer,0,,Recommended,"empty","0; 1",,"","",""
ppvt_03_error,Integer,0,,Recommended,"No. of Errors","0 - 12",,"","",""
ppvt_03_fontn,Integer,0,,Recommended,"fountain","0; 1",,"","",""
ppvt_03_mesrg,Integer,0,,Recommended,"measuring","0; 1",,"","",""
ppvt_03_nest,Integer,0,,Recommended,"nest","0; 1",,"","",""
ppvt_03_peelg,Integer,0,,Recommended,"peeling","0; 1",,"","",""
ppvt_03_pengn,Integer,0,,Recommended,"penguin","0; 1",,"","",""
ppvt_03_prcpn,Integer,0,,Recommended,"porcupine","0; 1",,"","",""
ppvt_03_shldr,Integer,0,,Recommended,"shoulder","0; 1",,"","",""
ppvt_03_squre,Integer,0,,Recommended,"square","0; 1",,"","",""
ppvt_04_astnt,Integer,0,,Recommended,"astronaut","0; 1",,"","",""
ppvt_04_cacts,Integer,0,,Recommended,"cactus","0; 1",,"","",""
ppvt_04_castl,Integer,0,,Recommended,"castle","0; 1",,"","",""
ppvt_04_claw,Integer,0,,Recommended,"claw","0; 1",,"","",""
ppvt_04_envlp,Integer,0,,Recommended,"envelope","0; 1",,"","",""
ppvt_04_error,Integer,0,,Recommended,"No. of Errors","0 - 12",,"","",""
ppvt_04_farm,Integer,0,,Recommended,"farm","0; 1",,"","",""
ppvt_04_going,Integer,0,,Recommended,"going","0; 1",,"","",""
ppvt_04_harp,Integer,0,,Recommended,"harp","0; 1",,"","",""
ppvt_04_juglg,Integer,0,,Recommended,"juggling","0; 1",,"","",""
ppvt_04_raccn,Integer,0,,Recommended,"raccoon","0; 1",,"","",""
ppvt_04_sawng,Integer,0,,Recommended,"sawing","0; 1",,"","",""
ppvt_04_tearg,Integer,0,,Recommended,"tearing","0; 1",,"","",""
ppvt_05_campr,Integer,0,,Recommended,"camper","0; 1",,"","",""
ppvt_05_delvg,Integer,0,,Recommended,"delivering","0; 1",,"","",""
ppvt_05_divng,Integer,0,,Recommended,"diving","0; 1",,"","",""
ppvt_05_drllg,Integer,0,,Recommended,"drilling","0; 1",,"","",""
ppvt_05_drpng,Integer,0,,Recommended,"dripping","0; 1",,"","",""
ppvt_05_error,Integer,0,,Recommended,"No. of Errors","0 - 12",,"","",""
ppvt_05_furry,Integer,0,,Recommended,"furry","0; 1",,"","",""
ppvt_05_group,Integer,0,,Recommended,"group","0; 1",,"","",""
ppvt_05_hook,Integer,0,,Recommended,"hook","0; 1",,"","",""
ppvt_05_parct,Integer,0,,Recommended,"parachute","0; 1",,"","",""
ppvt_05_rctgl,Integer,0,,Recommended,"rectangle","0; 1",,"","",""
ppvt_05_targt,Integer,0,,Recommended,"target","0; 1",,"","",""
ppvt_05_wrtmg,Integer,0,,Recommended,"writing","0; 1",,"","",""
ppvt_06_awrdg,Integer,0,,Recommended,"awarding","0; 1",,"","",""
ppvt_06_clctr,Integer,0,,Recommended,"calculator","0; 1",,"","",""
ppvt_06_error,Integer,0,,Recommended,"No. of Errors","0 - 12",,"","",""
ppvt_06_frame,Integer,0,,Recommended,"frame","0; 1",,"","",""
ppvt_06_globe,Integer,0,,Recommended,"globe","0; 1",,"","",""
ppvt_06_hydrt,Integer,0,,Recommended,"hydrant","0; 1",,"","",""
ppvt_06_lugag,Integer,0,,Recommended,"luggage","0; 1",,"","",""
ppvt_06_oval,Integer,0,,Recommended,"oval","0; 1",,"","",""
ppvt_06_signl,Integer,0,,Recommended,"signal","0; 1",,"","",""
ppvt_06_sqush,Integer,0,,Recommended,"squash","0; 1",,"","",""
ppvt_06_swamp,Integer,0,,Recommended,"swamp","0; 1",,"","",""
ppvt_06_vehcl,Integer,0,,Recommended,"vehicle","0; 1",,"","",""
ppvt_06_vgtbl,Integer,0,,Recommended,"vegetable","0; 1",,"","",""
ppvt_07_cmcrd,Integer,0,,Recommended,"camcorder","0; 1",,"","",""
ppvt_07_error,Integer,0,,Recommended,"No. of Errors","0 - 12",,"","",""
ppvt_07_ggntc,Integer,0,,Recommended,"gigantic","0; 1",,"","",""
ppvt_07_heart,Integer,0,,Recommended,"heart","0; 1",,"","",""
ppvt_07_horfd,Integer,0,,Recommended,"horrified","0; 1",,"","",""
ppvt_07_islnd,Integer,0,,Recommended,"island","0; 1",,"","",""
ppvt_07_knght,Integer,0,,Recommended,"knight","0; 1",,"","",""
ppvt_07_nstrl,Integer,0,,Recommended,"nostril","0; 1",,"","",""
ppvt_07_slctg,Integer,0,,Recommended,"selecting","0; 1",,"","",""
ppvt_07_towng,Integer,0,,Recommended,"towing","0; 1",,"","",""
ppvt_07_trunk,Integer,0,,Recommended,"trunk","0; 1",,"","",""
ppvt_07_vase,Integer,0,,Recommended,"vase","0; 1",,"","",""
ppvt_07_wrnch,Integer,0,,Recommended,"wrench","0; 1",,"","",""
ppvt_08_canoe,Integer,0,,Recommended,"canoe","0; 1",,"","",""
ppvt_08_clrnt,Integer,0,,Recommended,"clarinet","0; 1",,"","",""
ppvt_08_error,Integer,0,,Recommended,"No. of Errors","0 - 12",,"","",""
ppvt_08_exstd,Integer,0,,Recommended,"exhausted","0; 1",,"","",""
ppvt_08_flmgo,Integer,0,,Recommended,"flamingo","0; 1",,"","",""
ppvt_08_itvwg,Integer,0,,Recommended,"interviewing","0; 1",,"","",""
ppvt_08_palm,Integer,0,,Recommended,"palm","0; 1",,"","",""
ppvt_08_plltg,Integer,0,,Recommended,"polluting","0; 1",,"","",""
ppvt_08_ptchr,Integer,0,,Recommended,"pitcher","0; 1",,"","",""
ppvt_08_rptle,Integer,0,,Recommended,"reptile","0; 1",,"","",""
ppvt_08_srpsd,Integer,0,,Recommended,"surprised","0; 1",,"","",""
ppvt_08_tmbrn,Integer,0,,Recommended,"tambourine","0; 1",,"","",""
ppvt_08_vine,Integer,0,,Recommended,"vine","0; 1",,"","",""
ppvt_09_adjtb,Integer,0,,Recommended,"adjustable","0; 1",,"","",""
ppvt_09_bouqt,Integer,0,,Recommended,"bouquet","0; 1",,"","",""
ppvt_09_dmlsg,Integer,0,,Recommended,"demolishing","0; 1",,"","",""
ppvt_09_dsctg,Integer,0,,Recommended,"dissecting","0; 1",,"","",""
ppvt_09_error,Integer,0,,Recommended,"No. of Errors","0 - 12",,"","",""
ppvt_09_fern,Integer,0,,Recommended,"fern","0; 1",,"","",""
ppvt_09_hrdlg,Integer,0,,Recommended,"hurdling","0; 1",,"","",""
ppvt_09_inhlg,Integer,0,,Recommended,"inhaling","0; 1",,"","",""
ppvt_09_pedal,Integer,0,,Recommended,"pedal","0; 1",,"","",""
ppvt_09_rodnt,Integer,0,,Recommended,"rodent","0; 1",,"","",""
ppvt_09_tublr,Integer,0,,Recommended,"tubular","0; 1",,"","",""
ppvt_09_tusk,Integer,0,,Recommended,"tusk","0; 1",,"","",""
ppvt_09_vally,Integer,0,,Recommended,"valley","0; 1",,"","",""
ppvt_10_arcry,Integer,0,,Recommended,"archery","0; 1",,"","",""
ppvt_10_cprtg,Integer,0,,Recommended,"cooperating","0; 1",,"","",""
ppvt_10_ctrus,Integer,0,,Recommended,"citrus","0; 1",,"","",""
ppvt_10_error,Integer,0,,Recommended,"No. of Errors","0 - 12",,"","",""
ppvt_10_frgle,Integer,0,,Recommended,"fragile","0; 1",,"","",""
ppvt_10_grmnt,Integer,0,,Recommended,"garment","0; 1",,"","",""
ppvt_10_inftd,Integer,0,,Recommended,"inflated","0; 1",,"","",""
ppvt_10_injtg,Integer,0,,Recommended,"injecting","0; 1",,"","",""
ppvt_10_lctrg,Integer,0,,Recommended,"lecturing","0; 1",,"","",""
ppvt_10_links,Integer,0,,Recommended,"links","0; 1",,"","",""
ppvt_10_mcrsp,Integer,0,,Recommended,"microscope","0; 1",,"","",""
ppvt_10_solo,Integer,0,,Recommended,"solo","0; 1",,"","",""
ppvt_10_timer,Integer,0,,Recommended,"timer","0; 1",,"","",""
ppvt_11_adptr,Integer,0,,Recommended,"adapter","0; 1",,"","",""
ppvt_11_aplnc,Integer,0,,Recommended,"appliance","0; 1",,"","",""
ppvt_11_coast,Integer,0,,Recommended,"coast","0; 1",,"","",""
ppvt_11_crptr,Integer,0,,Recommended,"carpenter","0; 1",,"","",""
ppvt_11_dlpdt,Integer,0,,Recommended,"dilapidated","0; 1",,"","",""
ppvt_11_error,Integer,0,,Recommended,"No. of Errors","0 - 12",,"","",""
ppvt_11_fline,Integer,0,,Recommended,"feline","0; 1",,"","",""
ppvt_11_fndtn,Integer,0,,Recommended,"foundation","0; 1",,"","",""
ppvt_11_htcht,Integer,0,,Recommended,"hatchet","0; 1",,"","",""
ppvt_11_hzrds,Integer,0,,Recommended,"hazardous","0; 1",,"","",""
ppvt_11_isltn,Integer,0,,Recommended,"isolation","0; 1",,"","",""
ppvt_11_valve,Integer,0,,Recommended,"valve","0; 1",,"","",""
ppvt_11_wailg,Integer,0,,Recommended,"wailing","0; 1",,"","",""
ppvt_12_blzng,Integer,0,,Recommended,"blazing","0; 1",,"","",""
ppvt_12_cnsmg,Integer,0,,Recommended,"consuming","0; 1",,"","",""
ppvt_12_cnstd,Integer,0,,Recommended,"constrained","0; 1",,"","",""
ppvt_12_colt,Integer,0,,Recommended,"colt","0; 1",,"","",""
ppvt_12_crnea,Integer,0,,Recommended,"cornea","0; 1",,"","",""
ppvt_12_error,Integer,0,,Recommended,"No. of Errors","0 - 12",,"","",""
ppvt_12_extrr,Integer,0,,Recommended,"exterior","0; 1",,"","",""
ppvt_12_hoist,Integer,0,,Recommended,"hoisting","0; 1",,"","",""
ppvt_12_mamml,Integer,0,,Recommended,"mammal","0; 1",,"","",""
ppvt_12_pdstn,Integer,0,,Recommended,"pedestrian","0; 1",,"","",""
ppvt_12_pstry,Integer,0,,Recommended,"pastry","0; 1",,"","",""
ppvt_12_rprmd,Integer,0,,Recommended,"reprimanding","0; 1",,"","",""
ppvt_12_uphls,Integer,0,,Recommended,"upholstery","0; 1",,"","",""
ppvt_13_abrsv,Integer,0,,Recommended,"abrasive","0; 1",,"","",""
ppvt_13_aqtic,Integer,0,,Recommended,"aquatic","0; 1",,"","",""
ppvt_13_cltvg,Integer,0,,Recommended,"cultivating","0; 1",,"","",""
ppvt_13_cscde,Integer,0,,Recommended,"cascade","0; 1",,"","",""
ppvt_13_dtntn,Integer,0,,Recommended,"detonation","0; 1",,"","",""
ppvt_13_error,Integer,0,,Recommended,"No. of Errors","0 - 12",,"","",""
ppvt_13_ladle,Integer,0,,Recommended,"ladle","0; 1",,"","",""
ppvt_13_lever,Integer,0,,Recommended,"lever","0; 1",,"","",""
ppvt_13_pillr,Integer,0,,Recommended,"pillar","0; 1",,"","",""
ppvt_13_prlgm,Integer,0,,Recommended,"parallelogram","0; 1",,"","",""
ppvt_13_rplns,Integer,0,,Recommended,"replenishing","0; 1",,"","",""
ppvt_13_syrng,Integer,0,,Recommended,"syringe","0; 1",,"","",""
ppvt_13_tnspt,Integer,0,,Recommended,"transparent","0; 1",,"","",""
ppvt_14_cnfdg,Integer,0,,Recommended,"confiding","0; 1",,"","",""
ppvt_14_dsptd,Integer,0,,Recommended,"disappointed","0; 1",,"","",""
ppvt_14_error,Integer,0,,Recommended,"No. of Errors","0 - 12",,"","",""
ppvt_14_fltrn,Integer,0,,Recommended,"filtration","0; 1",,"","",""
ppvt_14_indgt,Integer,0,,Recommended,"indigent","0; 1",,"","",""
ppvt_14_oasis,Integer,0,,Recommended,"oasis","0; 1",,"","",""
ppvt_14_octgn,Integer,0,,Recommended,"octagon","0; 1",,"","",""
ppvt_14_pltry,Integer,0,,Recommended,"poultry","0; 1",,"","",""
ppvt_14_prdcl,Integer,0,,Recommended,"periodical","0; 1",,"","",""
ppvt_14_prmte,Integer,0,,Recommended,"primate","0; 1",,"","",""
ppvt_14_prpdl,Integer,0,,Recommended,"perpendicular","0; 1",,"","",""
ppvt_14_sprcl,Integer,0,,Recommended,"spherical","0; 1",,"","",""
ppvt_14_talon,Integer,0,,Recommended,"talon","0; 1",,"","",""
ppvt_15_ascdg,Integer,0,,Recommended,"ascending","0; 1",,"","",""
ppvt_15_derrk,Integer,0,,Recommended,"derrik","0; 1",,"","",""
ppvt_15_error,Integer,0,,Recommended,"No. of Errors","0 - 12",,"","",""
ppvt_15_etmlg,Integer,0,,Recommended,"entomologist","0; 1",,"","",""
ppvt_15_gaff,Integer,0,,Recommended,"gaff","0; 1",,"","",""
ppvt_15_incds,Integer,0,,Recommended,"incandescent","0; 1",,"","",""
ppvt_15_incrt,Integer,0,,Recommended,"incarcerating","0; 1",,"","",""
ppvt_15_mntry,Integer,0,,Recommended,"monetary","0; 1",,"","",""
ppvt_15_mrctl,Integer,0,,Recommended,"mercantile","0; 1",,"","",""
ppvt_15_natcl,Integer,0,,Recommended,"nautical","0; 1",,"","",""
ppvt_15_plfrg,Integer,0,,Recommended,"pilfering","0; 1",,"","",""
ppvt_15_quntt,Integer,0,,Recommended,"quintet","0; 1",,"","",""
ppvt_15_tjtry,Integer,0,,Recommended,"trajectory","0; 1",,"","",""
ppvt_16_castr,Integer,0,,Recommended,"caster","0; 1",,"","",""
ppvt_16_cnfrs,Integer,0,,Recommended,"coniferous","0; 1",,"","",""
ppvt_16_convx,Integer,0,,Recommended,"convex","0; 1",,"","",""
ppvt_16_cupla,Integer,0,,Recommended,"cupola","0; 1",,"","",""
ppvt_16_dmdry,Integer,0,,Recommended,"dromedary","0; 1",,"","",""
ppvt_16_dvrgg,Integer,0,,Recommended,"diverging","0; 1",,"","",""
ppvt_16_error,Integer,0,,Recommended,"No. of Errors","0 - 12",,"","",""
ppvt_16_grmnd,Integer,0,,Recommended,"gourmand","0; 1",,"","",""
ppvt_16_honng,Integer,0,,Recommended,"honing","0; 1",,"","",""
ppvt_16_inctd,Integer,0,,Recommended,"incertitude","0; 1",,"","",""
ppvt_16_qusnt,Integer,0,,Recommended,"quiescent","0; 1",,"","",""
ppvt_16_rpsng,Integer,0,,Recommended,"reposing","0; 1",,"","",""
ppvt_16_wldbt,Integer,0,,Recommended,"wildebeest","0; 1",,"","",""
ppvt_17_arabl,Integer,0,,Recommended,"arable","0; 1",,"","",""
ppvt_17_cairn,Integer,0,,Recommended,"cairn","0; 1",,"","",""
ppvt_17_cntph,Integer,0,,Recommended,"cenotaph","0; 1",,"","",""
ppvt_17_embsd,Integer,0,,Recommended,"embossed","0; 1",,"","",""
ppvt_17_error,Integer,0,,Recommended,"No. of Errors","0 - 12",,"","",""
ppvt_17_impty,Integer,0,,Recommended,"importunity","0; 1",,"","",""
ppvt_17_lgbrs,Integer,0,,Recommended,"lugubrious","0; 1",,"","",""
ppvt_17_ndfct,Integer,0,,Recommended,"nidifcating","0; 1",,"","",""
ppvt_17_osclt,Integer,0,,Recommended,"osculating","0; 1",,"","",""
ppvt_17_pbmlt,Integer,0,,Recommended,"perambulating","0; 1",,"","",""
ppvt_17_tnsrl,Integer,0,,Recommended,"tonsorial","0; 1",,"","",""
ppvt_17_tpscn,Integer,0,,Recommended,"terpsichorean","0; 1",,"","",""
ppvt_17_vtros,Integer,0,,Recommended,"vitreous","0; 1",,"","",""
ppvt_age,Integer,0,,Recommended,"PPVT Age","",,"","",""
ppvt_cl_error,Integer,0,,Recommended,"Ceiling Item","0 - 204",,"","",""
ppvt_date,Integer,0,,Recommended,"PPVT Date","",,"","",""
ppvt_version,String,35,,Recommended,"PPVT Version","",,"","",""
ppvt_lb_ageeq,Integer,0,,Recommended,"Lower Band","",,"","",""
ppvt_lb_confd,Integer,0,,Recommended,"Lower Band","40-160; -1",,"","",""
ppvt_lb_norml,Integer,0,,Recommended,"Lower Band","0 - 99",,"","",""
ppvt_lb_prctl,Integer,0,,Recommended,"Lower Band","0 - 100",,"","",""
ppvt_rs_ageeq,Integer,0,,Recommended,"Age Equivalent","",,"","",""
ppvt_rs_norml,Integer,0,,Recommended,"Normal Curve Equivalent","",,"","",""
ppvt_rs_prctl,Float,0,,Recommended,"Percentile Rank","0 - 100",,"","",""
ppvt_rs_rawsc,Integer,0,,Recommended,"Raw Score","0 - 204",,"","",""
ppvt_rs_stdsc,Integer,0,,Recommended,"Standard Score","40 - 160",,"","",""
ppvt_rs_stnin,Integer,0,,Recommended,"Stanine","",,"","",""
ppvt_tl_error,Integer,0,,Recommended,"Total Errors","0 - 204",,"","",""
ppvt_ub_ageeq,Integer,0,,Recommended,"Upper Band","",,"","",""
ppvt_ub_confd,Integer,0,,Recommended,"Upper Band","40-160; -1",,"","",""
ppvt_ub_norml,Integer,0,,Recommended,"Upper Band","0 - 99",,"","",""
ppvt_ub_prctl,Integer,0,,Recommended,"Upper Band","0 - 100",,"","",""
ppvt_v_iq,Integer,0,,Recommended,"Verbal IQ","",,"","",""
