ElementName,DataType,Size,Unit,Required,ElementDescription,ValueRange,Keywords,Notes,Section,Aliases
subjectkey,GUID,0,,Required,"The NDAR Global Unique Identifier (GUID) for subjects which identifies a subject in NDAR","NDAR*",,"","",""
interview_date,Date,0,,Recommended,"Date on which the interview/genetic test/sampling/imaging was completed","MM/yyyy;MM/dd/yyyy",,"* '01/01/1900' indicates that a date associated with retrospective data is not known.","","ppvt_date_std"
cycle,Integer,0,,Recommended,"Timepoint information","",,"","",""
patid,String,20,,Recommended,"src_Subject_id","",,"Patient IDs were assigned at the research site for CPEA and STAART","",""
network,String,20,,Recommended,"Network","",,"CPEA or STAART Network","",""
site,String,20,,Recommended,"Site","",,"CPEA or STAART Site","",""
study,String,100,,Recommended,"Study","",,"CPEA or STAART Study","",""
ppvt_age,Integer,0,,Recommended,"PPVT Age","",,"","",""
ppvt_date,Integer,0,,Recommended,"PPVT Date","",,"","",""
ppvt_lb_confd,Integer,0,,Recommended,"Lower Band","40-160; -1",,"","",""
ppvt_lb_prctl,Integer,0,,Recommended,"Lower Band","0 - 100",,"","",""
ppvt_rs_ageeq,Integer,0,,Recommended,"Age Equivalent","",,"","",""
ppvt_rs_norml,Integer,0,,Recommended,"Normal Curve Equivalent","",,"","",""
ppvt_rs_prctl,Float,0,,Recommended,"Percentile Rank","0 - 100",,"","",""
ppvt_rs_rawsc,Integer,0,,Recommended,"Raw Score","0 - 204",,"","",""
ppvt_rs_stdsc,Integer,0,,Recommended,"Standard Score","40 - 160",,"","",""
ppvt_rs_stnin,Integer,0,,Recommended,"Stanine","",,"","",""
ppvt_ub_confd,Integer,0,,Recommended,"Upper Band","40-160; -1",,"","",""
ppvt_ub_prctl,Integer,0,,Recommended,"Upper Band","0 - 100",,"","",""
ppvt_version,String,35,,Recommended,"PPVT Version","",,"","",""
