ElementName,DataType,Size,Unit,Required,ElementDescription,ValueRange,Keywords,Notes,Section,Aliases
subjectkey,GUID,0,,Required,"The NDAR Global Unique Identifier (GUID) for subjects which identifies a subject in NDAR","NDAR*",,"","",""
interview_date,Date,0,,Optional,"Date on which the interview/genetic test/sampling/imaging was completed","MM/yyyy;MM/dd/yyyy",,"* '01/01/1900' indicates that a date associated with retrospective data is not known.","","PDAS_DATE_STD"
cycle,Integer,0,,Recommended,"Timepoint information","",,"","",""
patid,String,20,,Recommended,"src_Subject_id","",,"Patient IDs were assigned at the research site for CPEA and STAART","",""
network,String,20,,Recommended,"Network","",,"CPEA or STAART Network","",""
site,String,20,,Recommended,"Site","",,"CPEA or STAART Site","",""
study,String,100,,Recommended,"Study","",,"CPEA or STAART Study","",""
pdas_age,Integer,0,,Recommended,"Pre-School DAS: Age","",,"","",""
pdas_bb_as,Integer,0,,Recommended,"Ability Score","10  186",,"","",""
das_bb_as,Integer,0,,Recommended,"Ability Score","10  186",,"","",""pdas_bb_core,Integer,0,,Recommended,"Block Building","",,"","",""
pdas_bb_gca,Integer,0,,Recommended,"GCA","",,"","",""
pdas_bb_ma,Integer,0,,Recommended,"Mental Age","",,"","",""
pdas_bb_rs,Integer,0,,Recommended,"Raw Score","0  13",,"","",""
das_bb_rs,Integer,0,,Recommended,"Raw Score","0  13",,"","",""pdas_bb_snvc,Integer,0,,Recommended,"Special Nonverbal Composite","",,"","",""
pdas_bb_t,Integer,0,,Recommended,"T Score","",,"","",""
pdas_c_as,Integer,0,,Recommended,"Ability Score","10  170",,"","",""
das_c_as,Integer,0,,Recommended,"Ability Score","10  170",,"","",""pdas_c_core,Integer,0,,Recommended,"Copying","",,"","",""
pdas_c_iaf,Integer,0,,Recommended,"Items administered from","1  37",,"","",""
das_c_iaf,Integer,0,,Recommended,"Items administered from","1  37",,"","",""pdas_c_iat,Integer,0,,Recommended,"Items administered to","1  37",,"","",""
das_c_iat,Integer,0,,Recommended,"Items administered to","1  37",,"","",""pdas_c_ma,Integer,0,,Recommended,"Mental Age","",,"","",""
pdas_c_nvc,Integer,0,,Recommended,"Nonverbal Cluster","",,"","",""
pdas_c_rs,Integer,0,,Recommended,"Raw Score","0  37",,"","",""
das_c_rs,Integer,0,,Recommended,"Raw Score","0  37",,"","",""pdas_c_t,Integer,0,,Recommended,"T Score","",,"","",""
pdas_ci_chbx,Float,0,,Recommended,"90% or 95%","",,"","",""
pdas_date,Integer,0,,Recommended,"Pre-School DAS: Date","",,"","",""
pdas_version,String,35,,Recommended,"Pre-School DAS Version","",,"","",""
pdas_full_iq,Integer,0,,Recommended,"IQ","",,"","",""
pdas_gca_clu,Integer,0,,Recommended,"GCA","",,"","",""
pdas_gca_lci,Integer,0,,Recommended,"Lower Confidence Interval","",,"","",""
pdas_gca_pctl,Float,0,,Recommended,"Percentile","",,"","",""
pdas_gca_ss,Integer,0,,Recommended,"Standard Score","",,"","",""
pdas_gca_sumt,Integer,0,,Recommended,"Sum of T Scores","",,"","",""
pdas_gcat_pctl,Float,0,,Recommended,"Percentile","",,"","",""
pdas_gcat_ss,Integer,0,,Recommended,"Standard Score","",,"","",""
pdas_gcat_sumt,Integer,0,,Recommended,"Sum of T Scores","",,"","",""
pdas_level,Integer,0,,Recommended,"Lower or Upper","",,"","",""
pdas_lvl_out,Integer,0,,Recommended,"Was proband tested out of level?","0;1",,"","",""
pdas_mct,Integer,0,,Recommended,"Mean Core T","",,"","",""
pdas_mll_as,Integer,0,,Recommended,"Ability Score","0  93",,"","",""
das_mll_as,Integer,0,,Recommended,"Ability Score","0  93",,"","",""pdas_mll_iaf,String,255,,Recommended,"Items administered from","1  27",,"","",""
das_mll_iaf,String,255,,Recommended,"Items administered from","1  27",,"","",""pdas_mll_iat,String,255,,Recommended,"Items administered to","1  27",,"","",""
das_mll_iat,String,255,,Recommended,"Items administered to","1  27",,"","",""pdas_mll_ma,Integer,0,,Recommended,"Mental Age","",,"","",""
pdas_mll_oth,Integer,0,,Recommended,"Other","",,"","",""
pdas_mll_rs,String,255,,Recommended,"Raw Score","0  27",,"","",""
das_mll_rs,String,255,,Recommended,"Raw Score","0  27",,"","",""pdas_mll_t,Integer,0,,Recommended,"T Score","",,"","",""
pdas_nc_as,Integer,0,,Recommended,"Ability Score","",,"","",""
pdas_nc_iaf,Integer,0,,Recommended,"Items administered from","1  27",,"","",""
das_nc_iaf,Integer,0,,Recommended,"Items administered from","1  27",,"","",""pdas_nc_iat,Integer,0,,Recommended,"Items administered to","1  27",,"","",""
das_nc_iat,Integer,0,,Recommended,"Items administered to","1  27",,"","",""pdas_nc_ma,Integer,0,,Recommended,"Mental Age","",,"","",""
pdas_nc_oth,Integer,0,,Recommended,"Other","",,"","",""
pdas_nc_rs,Integer,0,,Recommended,"Raw Score","0  27",,"","",""
das_nc_rs,Integer,0,,Recommended,"Raw Score","0  27",,"","",""pdas_nc_t,Integer,0,,Recommended,"T Score","",,"","",""
pdas_nc_upl,Integer,0,,Recommended,"Upper Preschool Level","",,"","",""
pdas_nv_as,Integer,0,,Recommended,"Ability Score","10  169",,"","",""
das_nv_as,Integer,0,,Recommended,"Ability Score","10  169",,"","",""pdas_nv_clu,Integer,0,,Recommended,"Nonverbal","",,"","",""
pdas_nv_core,Integer,0,,Recommended,"Naming Vocabulary","",,"","",""
pdas_nv_gca,Integer,0,,Recommended,"GCA","",,"","",""
pdas_nv_iaf,Integer,0,,Recommended,"Items administered from","1  26",,"","",""
das_nv_iaf,Integer,0,,Recommended,"Items administered from","1  26",,"","",""pdas_nv_iat,Integer,0,,Recommended,"Items administered to","1  26",,"","",""
das_nv_iat,Integer,0,,Recommended,"Items administered to","1  26",,"","",""pdas_nv_ma,Integer,0,,Recommended,"Mental Age","",,"","",""
pdas_nv_rs,Integer,0,,Recommended,"Raw Score","0  26",,"","",""
das_nv_rs,Integer,0,,Recommended,"Raw Score","0  26",,"","",""pdas_nv_t,Integer,0,,Recommended,"T Score","",,"","",""
pdas_nv_vc,Integer,0,,Recommended,"Special Nonverbal Composite","",,"","",""
pdas_nvc_pctl,Float,0,,Recommended,"Percentile","",,"","",""
pdas_nvc_ss,Integer,0,,Recommended,"Standard Score","",,"","",""
pdas_nvc_sumt,Integer,0,,Recommended,"Sum of T Scores","",,"","",""
pdas_nvc_uci,Integer,0,,Recommended,"Upper Confidence Interval","",,"","",""
pdas_nvr_iq,Integer,0,,Recommended,"IQ","",,"","",""
pdas_nvr_ma,Integer,0,,Recommended,"Mental Age","",,"","",""
pdas_nvr_ratiq,Integer,0,,Recommended,"Ratio IQ","",,"","",""
pdas_oth_sumt,Integer,0,,Recommended,"Sum of T Scores","",,"","",""
pdas_pc_as,Integer,0,,Recommended,"Ability Score","10  231",,"","",""
das_pc_as,Integer,0,,Recommended,"Ability Score","10  231",,"","",""pdas_pc_as_alt,Integer,0,,Recommended,"Ability Score","",,"","",""
pdas_pc_cas,Integer,0,,Recommended,"Calculated Ability Score","",,"","",""
pdas_pc_chbx,String,255,,Recommended,"Std or Alt check box","",,"","",""
pdas_pc_core,Integer,0,,Recommended,"Pattern Construction","",,"","",""
pdas_pc_iaf,Integer,0,,Recommended,"Items administered from","1  26",,"","",""
das_pc_iaf,Integer,0,,Recommended,"Items administered from","1  26",,"","",""pdas_pc_iaf_alt,Integer,0,,Recommended,"Items administered from","1  26",,"","",""
das_pc_iaf_alt,Integer,0,,Recommended,"Items administered from","1  26",,"","",""pdas_pc_iat,Integer,0,,Recommended,"Items administered to","1  26",,"","",""
das_pc_iat,Integer,0,,Recommended,"Items administered to","1  26",,"","",""pdas_pc_iat_alt,Integer,0,,Recommended,"Items administered to","1  26",,"","",""
das_pc_iat_alt,Integer,0,,Recommended,"Items administered to","1  26",,"","",""pdas_pc_ma,Integer,0,,Recommended,"Mental Age","",,"","",""
pdas_pc_nvc,Integer,0,,Recommended,"Nonverbal Cluster","",,"","",""
pdas_pc_rs,Integer,0,,Recommended,"Raw Score","0  74",,"","",""
das_pc_rs,Integer,0,,Recommended,"Raw Score","0  74",,"","",""pdas_pc_rs_alt,Integer,0,,Recommended,"Raw Score","",,"","",""
pdas_pc_t,Integer,0,,Recommended,"T Score","",,"","",""
pdas_ps_as,Integer,0,,Recommended,"Ability Score","10  118",,"","",""
das_ps_as,Integer,0,,Recommended,"Ability Score","10  118",,"","",""pdas_ps_core,Integer,0,,Recommended,"Picture Similarities","",,"","",""
pdas_ps_gca,Integer,0,,Recommended,"GCA","",,"","",""
pdas_ps_iaf,Integer,0,,Recommended,"Items administered from","1  32",,"","",""
das_ps_iaf,Integer,0,,Recommended,"Items administered from","1  32",,"","",""pdas_ps_iat,Integer,0,,Recommended,"Items administered to","1  32",,"","",""
das_ps_iat,Integer,0,,Recommended,"Items administered to","1  32",,"","",""pdas_ps_ma,Integer,0,,Recommended,"Mental Age","",,"","",""
pdas_ps_nvc,Integer,0,,Recommended,"Nonverbal Cluster","",,"","",""
pdas_ps_rs,Integer,0,,Recommended,"Raw Score","0  32",,"","",""
das_ps_rs,Integer,0,,Recommended,"Raw Score","0  32",,"","",""pdas_ps_snvc,Integer,0,,Recommended,"Special Nonverbal Composite","",,"","",""
pdas_ps_t,Integer,0,,Recommended,"T Score","",,"","",""
pdas_rdi_as,Integer,0,,Recommended,"Ability Score","10  211",,"","",""
das_rdi_as,Integer,0,,Recommended,"Ability Score","10  211",,"","",""pdas_rdi_iaf,String,255,,Recommended,"Items administered from","1  36",,"","",""
das_rdi_iaf,String,255,,Recommended,"Items administered from","1  36",,"","",""pdas_rdi_iat,String,255,,Recommended,"Items administered to","1  36",,"","",""
das_rdi_iat,String,255,,Recommended,"Items administered to","1  36",,"","",""pdas_rdi_ma,Integer,0,,Recommended,"Mental Age","",,"","",""
pdas_rdi_oth,Integer,0,,Recommended,"Other","",,"","",""
pdas_rdi_rs,String,255,,Recommended,"Raw Score (Number correct)","0  36",,"","",""
das_rdi_rs,String,255,,Recommended,"Raw Score (Number correct)","0  36",,"","",""pdas_rdi_t,Integer,0,,Recommended,"T Score","",,"","",""
pdas_rod_as,Integer,0,,Recommended,"Ability Score","",,"","",""
pdas_rod_ma,Integer,0,,Recommended,"Mental Age","",,"","",""
pdas_rod_oth,Integer,0,,Recommended,"Other","",,"","",""
pdas_rod_rs,String,255,,Recommended,"Delayed Raw Score","0  25",,"","",""
das_rod_rs,String,255,,Recommended,"Delayed Raw Score","0  25",,"","",""pdas_rod_t,Integer,0,,Recommended,"T Score for Delayed Trial","",,"","",""
pdas_roi_as,Integer,0,,Recommended,"Ability Score","",,"","",""
pdas_roi_ma,Integer,0,,Recommended,"Mental Age","",,"","",""
pdas_roi_oth,Integer,0,,Recommended,"Other","",,"","",""
pdas_roi_rs,String,255,,Recommended,"Immediate Raw Score","",,"","",""
pdas_roi_t,Integer,0,,Recommended,"T Score","",,"","",""
pdas_roi1_rs,String,255,,Recommended,"Raw Score","0  20",,"","",""
das_roi1_rs,String,255,,Recommended,"Raw Score","0  20",,"","",""pdas_roi2_rs,String,255,,Recommended,"Raw Score","0  20",,"","",""
das_roi2_rs,String,255,,Recommended,"Raw Score","0  20",,"","",""pdas_roi3_rs,String,255,,Recommended,"Raw Score","0  20",,"","",""
das_roi3_rs,String,255,,Recommended,"Raw Score","0  20",,"","",""pdas_rp_as,Integer,0,,Recommended,"Ability Score","10  138",,"","",""
das_rp_as,Integer,0,,Recommended,"Ability Score","10  138",,"","",""pdas_rp_iaf,String,255,,Recommended,"Items administered from","1  20",,"","",""
das_rp_iaf,String,255,,Recommended,"Items administered from","1  20",,"","",""pdas_rp_iat,String,255,,Recommended,"Items administered to","1  20",,"","",""
das_rp_iat,String,255,,Recommended,"Items administered to","1  20",,"","",""pdas_rp_ma,Integer,0,,Recommended,"Mental Age","",,"","",""
pdas_rp_oth,Integer,0,,Recommended,"Other","",,"","",""
pdas_rp_rs,String,255,,Recommended,"Raw Score","0  20",,"","",""
das_rp_rs,String,255,,Recommended,"Raw Score","0  20",,"","",""pdas_rp_t,Integer,0,,Recommended,"T Score","",,"","",""
pdas_snvc_pctl,Float,0,,Recommended,"Percentile","",,"","",""
pdas_snvc_ss,Integer,0,,Recommended,"Composite Standard Score","",,"","",""
pdas_snvc_sumt,Integer,0,,Recommended,"Sum of T Scores","",,"","",""
pdas_snvc_uci,Integer,0,,Recommended,"Upper Confidence Interval","",,"","",""
pdas_spnc_clu,Integer,0,,Recommended,"Special Nonverbal Composite","",,"","",""
pdas_upl_sumt,Integer,0,,Recommended,"Sum of T Scores","",,"","",""
pdas_v_clu,Integer,0,,Recommended,"Verbal","",,"","",""
pdas_vc_as,Integer,0,,Recommended,"Ability Score","10  174",,"","",""
das_vc_as,Integer,0,,Recommended,"Ability Score","10  174",,"","",""pdas_vc_core,Integer,0,,Recommended,"Verbal Comprehension","",,"","",""
pdas_vc_gca,Integer,0,,Recommended,"GCA","",,"","",""
pdas_vc_iaf,Integer,0,,Recommended,"Items administered from","1  36",,"","",""
das_vc_iaf,Integer,0,,Recommended,"Items administered from","1  36",,"","",""pdas_vc_iat,Integer,0,,Recommended,"Items administered to","1  36",,"","",""
das_vc_iat,Integer,0,,Recommended,"Items administered to","1  36",,"","",""pdas_vc_lci,Integer,0,,Recommended,"Lower Confidence Interval","",,"","",""
pdas_vc_ma,Integer,0,,Recommended,"Mental Age","",,"","",""
pdas_vc_pctl,Float,0,,Recommended,"Percentile","",,"","",""
pdas_vc_rs,Integer,0,,Recommended,"Raw Score","0  36",,"","",""
das_vc_rs,Integer,0,,Recommended,"Raw Score","0  36",,"","",""pdas_vc_ss,Integer,0,,Recommended,"Standard Score","",,"","",""
pdas_vc_sumt,Integer,0,,Recommended,"Sum of T Scores","",,"","",""
pdas_vc_t,Integer,0,,Recommended,"T Score","",,"","",""
pdas_vc_vc,Integer,0,,Recommended,"Verbal Cluster","",,"","",""
pdas_ver_iq,Integer,0,,Recommended,"IQ","",,"","",""
pdas_ver_ma,Float,0,,Recommended,"Mental Age","",,"","",""
pdas_ver_ratiq,Integer,0,,Recommended,"Ratio IQ","",,"","",""
