ElementName,DataType,Size,Unit,Required,ElementDescription,ValueRange,Keywords,Notes,Section,Aliases
subjectkey,GUID,0,,Required,"The NDAR Global Unique Identifier (GUID) for subjects which identifies a subject in NDAR","NDAR*",,"","",""
fhi_df_adhd_any,Integer,0,,Recommended,"Family History: ADHD Any","",,"","",""
cycle,Integer,0,,Recommended,"Timepoint information","",,"","",""
patid,String,20,,Recommended,"src_Subject_id","",,"Patient IDs were assigned at the research site for CPEA and STAART","",""
network,String,20,,Recommended,"Network","",,"CPEA or STAART Network","",""
site,String,20,,Recommended,"Site","",,"CPEA or STAART Site","",""
study,String,100,,Recommended,"Study","",,"CPEA or STAART Study","",""
fhi_df_adhd_chd,Integer,0,,Recommended,"Family History: ADHD Child","",,"","",""
fhi_df_alco_any,Integer,0,,Recommended,"Family History: Alcoholism Any","",,"","",""
fhi_df_alco_chd,Integer,0,,Recommended,"Family History: Alcoholism Child","",,"","",""
fhi_df_atsm_any,Integer,0,,Recommended,"Family History: Autism Any","",,"","",""
fhi_df_atsm_chd,Integer,0,,Recommended,"Family History: Autism Child","",,"","",""
fhi_df_atsm_fcm,Integer,0,,Recommended,"Family History: Autism Maternal First Cousin","",,"","",""
fhi_df_bipl_aum,Integer,0,,Recommended,"Family History: Bipolar Disorder Maternal Aunts and Uncles","",,"","",""
fhi_df_bipl_gpm,Integer,0,,Recommended,"Family History: Bipolar Disorder Maternal Grandparents","",,"","",""
fhi_df_bipl_gpp,Integer,0,,Recommended,"Family History: Bipolar Disorder Paternal Grandparents","",,"","",""
fhi_df_cond_any,Integer,0,,Recommended,"Family History: Conduct Disorder Any","",,"","",""
fhi_df_cond_chd,Integer,0,,Recommended,"Family History: Conduct Disorder Child","",,"","",""
fhi_df_depr_any,Integer,0,,Recommended,"Family History: Depression Any","",,"","",""
fhi_df_depr_chd,Integer,0,,Recommended,"Family History: Depression Child","",,"","",""
fhi_df_depr_gpm,Integer,0,,Recommended,"Family History: Depression Maternal Grandparents","",,"","",""
fhi_df_depr_gpp,Integer,0,,Recommended,"Family History: Depression Paternal Grandparents","",,"","",""
fhi_df_lang_any,Integer,0,,Recommended,"Family History: Language Delay Any","",,"","",""
fhi_df_lang_chd,Integer,0,,Recommended,"Family History: Language Delay Child","",,"","",""
fhi_df_lrn_any,Integer,0,,Recommended,"Family History: Learning Problems Any","",,"","",""
fhi_df_lrn_aum,Integer,0,,Recommended,"Family History: Learning Problems Any Maternal Aunts and Uncles","",,"","",""
fhi_df_lrn_chd,Integer,0,,Recommended,"Family History: Learning Problems Child","",,"","",""
fhi_df_lrn_fcp,Integer,0,,Recommended,"Family History: Learning Problems Paternal Cousins","",,"","",""
fhi_df_migr_any,Integer,0,,Recommended,"Family History: Migraine Headaches Any","",,"","",""
fhi_df_migr_chd,Integer,0,,Recommended,"Family History: Migraine Headaches Child","",,"","",""
fhi_df_nfib_any,Integer,0,,Recommended,"Family History: Neurofibromatosis Any","",,"","",""
fhi_df_nfib_chd,Integer,0,,Recommended,"Family History: Neurofibromatosis Child","",,"","",""
fhi_df_ocd_any,Integer,0,,Recommended,"Family History: OCD Any","",,"","",""
fhi_df_ocd_aup,Integer,0,,Recommended,"Family History: OCD Paternal Aunts and Uncles","",,"","",""
fhi_df_ocd_chd,Integer,0,,Recommended,"Family History: OCD Child","",,"","",""
fhi_df_ocd_gpp,Integer,0,,Recommended,"Family History: OCD Paternal Grandparents","",,"","",""
fhi_df_panc_any,Integer,0,,Recommended,"Family History: Panic or Anxiety Disorder Any","",,"","",""
fhi_df_panc_chd,Integer,0,,Recommended,"Family History: Panic or Anxiety Disorder Child","",,"","",""
fhi_df_panc_fcp,Integer,0,,Recommended,"Family History: Panic or Anxiety Disorder First Cousin Paternal","",,"","",""
fhi_df_panc_gpm,Integer,0,,Recommended,"Family History: Panic or Anxiety Disorder Maternal Grandparents","",,"","",""
fhi_df_panc_gpp,Integer,0,,Recommended,"Family History: Panic or Anxiety Disorder Paternal Grandparents","",,"","",""
fhi_df_seiz_any,Integer,0,,Recommended,"Family History: Seizures Any","",,"","",""
fhi_df_seiz_chd,Integer,0,,Recommended,"Family History: Seizures Child","",,"","",""
fhi_ed_dlay_any,Integer,0,,Recommended,"Family History: Developmental Delay Any","",,"","",""
fhi_ed_dlay_chd,Integer,0,,Recommended,"Family History: Developmental Delay Child","",,"","",""
fhi_notes1,Integer,0,,Recommended,"Family History: Notes","",,"","",""
fhi_version,String,3,,Recommended,"Family History: Version","",,"","",""
