ElementName,DataType,Size,Unit,Required,ElementDescription,ValueRange,Keywords,Notes,Section,Aliases
subjectkey,GUID,0,,Recommended,"The NDAR Global Unique Identifier (GUID) for subjects which identifies a subject in NDAR","NDAR*",,"","",""
network,String,20,,Recommended,"Network","",,"CPEA or STAART Network","",""
site,String,20,,Recommended,"Site","",,"CPEA or STAART Site","",""
study,String,100,,Recommended,"Study","",,"CPEA or STAART Study","",""
patid,String,20,,Required,"src_Subject_id","",,"Patient IDs were assigned at the research site for CPEA and STAART","HEADER","src_subjectkey"
cycle,Integer,0,,Required,"Timepoint information","",,"","HEADER",""
phase,Integer,0,,Recommended,"Phase","1; 2; 3; 4",,"","HEADER",""
q44_date,String,10,,Required,"Date","",,"","HEADER",""
interview_date,Date,0,,Required,"Date on which the interview/genetic test/sampling/imaging was completed","MM/yyyy;MM/dd/yyyy",,"* '01/01/1900' indicates that a date associated with retrospective data is not known.","",""
q44_prim,Integer,0,,Recommended,"Primary Source Mother","0;-1",,"","HEADER","source_prim"
q44_prif,Integer,0,,Recommended,"Primary Source Father","0;-1",,"","HEADER","source_prif"
q44_pric,Integer,0,,Recommended,"Primary Source Child","0;-1",,"","HEADER","source_pric"
q44_prio,Integer,0,,Recommended,"Primary Source Other","0;-1",,"","HEADER","source_prio"
q44_1,Integer,0,,Required,"Has your child done anything since we last talked that has made you worried about his /her safety","-7;-8;-9;0;1",,"","1",""
q44_1_s1,String,150,,Optional,"If yes Tell me about this","",,"","1",""
q44_1a,Integer,0,,Optional,"Was this a safety concern","-7;-8;-9;0;1",,"","1",""
q44_1b,Integer,0,,Optional,"Was this entered on the AE form","-7;-8;-9;0;1",,"","1",""
q44_1_s2,String,150,,Optional,"Action Taken","",,"","1",""
q44_2,Integer,0,,Recommended,"Has anything happened that led you to think that your child might be thinking about actually hurting him/herself","-7;-8;-9;0;1",,"","2",""
q44_2_s1,String,150,,Optional,"If yes Tell me about this","",,"","2",""
q44_2a,Integer,0,,Optional,"Was this a safety concern","-7;-8;-9;0;1",,"","2",""
q44_2b,Integer,0,,Optional,"Was this entered on the AE form","-7;-8;-9;0;1",,"","2",""
q44_2_s2,String,150,,Optional,"Action Taken","",,"","2",""
q44_3,Integer,0,,Required,"Has anything happened that made you think your child might to dies or disappear","-7;-8;-9;0;1",,"","3",""
q44_3_s1,String,150,,Optional,"If yes Tell me about this","",,"","3",""
q44_3a,Integer,0,,Optional,"Was this a safety concern","-7;-8;-9;0;1",,"","3",""
q44_3b,Integer,0,,Optional,"Was this entered on the AE form","-7;-8;-9;0;1",,"","3",""
q44_3_s2,String,150,,Optional,"Action Taken","",,"","3",""
q44_4,Integer,0,,Required,"Has your child seemed more sad or irritable","-7;-8;-9;0;1",,"","4",""
q44_4_s1,String,150,,Optional,"If yes Tell me about this","",,"","4",""
q44_4a,Integer,0,,Optional,"Was this a safety concern","-7;-8;-9;0;1",,"","4",""
q44_4b,Integer,0,,Optional,"Was this entered on the AE form","-7;-8;-9;0;1",,"","4",""
q44_4_s2,String,150,,Optional,"Action Taken","",,"","4",""
q44_5,Integer,0,,Recommended,"Has your child had any unexplained accidents or been more reckless","-7;-8;-9;0;1",,"","5",""
q44_5_s1,String,150,,Optional,"If yes Tell me about this","",,"","5",""
q44_5a,Integer,0,,Optional,"Was this a safety concern","-7;-8;-9;0;1",,"","5",""
q44_5b,Integer,0,,Optional,"Was this entered on the AE form","-7;-8;-9;0;1",,"","5",""
q44_5_s2,String,150,,Optional,"Action Taken","",,"","5",""
q44_6,Integer,0,,Recommended,"Has your child tried to hurt anyone else","-7;-8;-9;0;1",,"","6",""
q44_6_s1,String,150,,Optional,"If yes Tell me about this","",,"","6",""
q44_6a,Integer,0,,Optional,"Was this a safety concern","-7;-8;-9;0;1",,"","6",""
q44_6b,Integer,0,,Optional,"Was this entered on the AE form","-7;-8;-9;0;1",,"","6",""
q44_6_s2,String,150,,Optional,"Action Taken","",,"","6",""
q44_7,Integer,0,,Required,"Has your child been more restless agitated or energized? Has your clind been intrusive or a poor sense of other people's personal space","-7;-8;-9;0;1",,"","7",""
q44_7_s,String,150,,Optional,"If yes Tell me about this","",,"","7",""
q44_7a,Integer,0,,Optional,"Was this entered on the AE form","-7;-8;-9;0;1",,"","7",""
q44_8,Integer,0,,Optional,"Has your child had changes in his or her mood to become really silly giddy or too happy or too up","-7;-8;-9;0;1",,"","8",""
q44_8_s,String,150,,Optional,"If yes Tell me about this","",,"","8",""
q44_8a,Integer,0,,Optional,"Was this entered on the AE form","-7;-8;-9;0;1",,"","8",""
q44_9,Integer,0,,Required,"Has your child had more scattered thoughts or jumped from topic to topic or complained of racing thoughts or talked very fast?","-7;-8;-9;0;1",,"","9",""
q44_9_s,String,150,,Optional,"If yes Tell me about this","",,"","9",""
q44_9a,Integer,0,,Optional,"Was this entered on the AE form","-7;-8;-9;0;1",,"","9",""
q44_10,Integer,0,,Optional,"Has your child had any new physical or health problems in the last three months if this is the baseline visit or since the last visit?","-7;-8;-9;0;1",,"","10",""
q44_10_s,String,150,,Optional,"If yes Tell me about this","",,"","10",""
q44_10a,Integer,0,,Optional,"Was this entered on the AE form","-7;-8;-9;0;1",,"","10",""
q44_11,Integer,0,,Required,"Has your child had any fever sweating chills or looked flushed","-7;-8;-9;0;1",,"","11",""
q44_11_s,String,150,,Optional,"If yes Tell me about this","",,"","11",""
q44_11b,Integer,0,,Optional,"Was his or her temparature taken","-7;-8;-9;0;1",,"","11",""
q44_11b1,Float,0,,Optional,"if yes what was his or her temperature","84.0 to 110.0",,"","11",""
q44_11a,Integer,0,,Optional,"Question 11 __","-7;-8;-9;0;1",,"","11",""
q44_11a1,Integer,0,,Optional,"Was this entered on the AE form","-7;-8;-9;0;1",,"","11",""
q44_12,Integer,0,,Required,"Has your child has any diarrhea","-7;-8;-9;0;1",,"","12",""
q44_12_s,String,150,,Optional,"If yes Tell me about this","",,"","12",""
q44_12a,Integer,0,,Optional,"Question 12 __","-7;-8;-9;0;1",,"","12",""
q44_12b,Integer,0,,Optional,"Was this entered on the AE form","-7;-8;-9;0;1",,"","12",""
q44_13,Integer,0,,Required,"Has your child had any muscles jerks shaking tremors or stiffness?","-7;-8;-9;0;1",,"","13",""
q44_13_s,String,150,,Optional,"If yes Tell me about this","",,"","13",""
q44_13a,Integer,0,,Optional,"Question 13__","-7;-8;-9;0;1",,"","13",""
q44_13b,Integer,0,,Optional,"Was this entered on the AE form","-7;-8;-9;0;1",,"","13",""
q44_14,Integer,0,,Required,"Has your child seemed more confused than usual more forgetful than usual or been thinking or speaking much more slowly than usual?","-7;-8;-9;0;1",,"","14",""
q44_14_s,String,150,,Optional,"If yes Tell me about this","",,"","14",""
q44_14a,Integer,0,,Optional,"Question 14__","-7;-8;-9;0;1",,"","14",""
q44_14b,Integer,0,,Optional,"Was this entered on the AE form","-7;-8;-9;0;1",,"","14",""
q44_15,Integer,0,,Required,"Has your child complained of any weird feelings with his/her heart beat or breathing","-7;-8;-9;0;1",,"","15",""
q44_15_s,String,150,,Optional,"If yes Tell me about this","",,"","15",""
q44_15a,Integer,0,,Optional,"Question 15__","-7;-8;-9;0;1",,"","15",""
q44_15b,Integer,0,,Optional,"Was this entered on the AE form","-7;-8;-9;0;1",,"","15",""
q44_16,Integer,0,,Required,"Has your child had a rash or any unusual bruises","-7;-8;-9;0;1",,"","16",""
q44_16_s,String,150,,Optional,"If yes Tell me about this","",,"","16",""
q44_16a,Integer,0,,Optional,"Question 16__","-7;-8;-9;0;1",,"","16",""
q44_16b,Integer,0,,Optional,"Was this entered on the AE form","-7;-8;-9;0;1",,"","16",""
q44_sum,Integer,0,,Recommended,"SUM questions 11 - 16","-7;-8;-9;0;1",,"","",""
q44_datepres,Date,0,,Optional,"Date presented to PI or Case Panel or Medical Monitor","",,"","",""
q44_serotonin,Integer,0,,Optional,"Was this serotonin syndrome","-7;-8;-9;0;1",,"","",""
q44_serotonin_s1,String,150,,Optional,"Action Taken","",,"","",""
q44_serotonin_s2,String,150,,Optional,"Result","",,"","",""
q44_daterev,Date,0,,Optional,"Date Reviewed","mm/yyyy;mm/dd/yyyy",,"","",""
