ElementName,DataType,Size,Unit,Required,ElementDescription,ValueRange,Keywords,Notes,Section,Aliases
subjectkey,GUID,0,,Recommended,"The NDAR Global Unique Identifier (GUID) for subjects which identifies a subject in NDAR","NDAR*",,"","",""
patid,String,20,,Required,"src_Subject_id","",,"Patient IDs were assigned at the research site for CPEA and STAART","",""
network,String,20,,Recommended,"Network","",,"CPEA or STAART Network","",""
study,String,100,,Recommended,"Study","",,"CPEA or STAART Study","",""
site,String,20,,Recommended,"Site","",,"CPEA or STAART Site","",""
cycle,Integer,0,,Required,"Timepoint information","",,"","",""
phase,Integer,0,,Recommended,"Phase","1; 2; 3; 4",,"","",""
q17_date,Date,0,,Required,"Date","MM/yyyy;MM/dd/yyyy",,"Required field","",""
q17_prim,Integer,0,,Recommended,"Primary Source  Mother","0; -1",,"Check if mother is primary source","",""
q17_prif,Integer,0,,Recommended,"Primary Source  Father","0; -1",,"Check if father is primary source","",""
q17_pric,Integer,0,,Recommended,"Primary Source  Child","0; -1",,"Check if child is primary source","",""
q17_prio,Integer,0,,Recommended,"Primary Source  Other","0; -1",,"Check if primary source not mother father child or teacher.","",""
q17_a1,Integer,0,,Required,"Activities child didnt do as often b or c didnt feel well","-7;-8;-9;0;1",,"Field should not be left blank. If missing please use -78 -9.","A",""
q17_a1_s,String,100,,Optional,"Activities child didnt do as often b or c didt feel well Specify","",,"Complete only if symptom  equals  1","A",""
q17_a1b,Integer,0,,Optional,"Entered on Adverse Events form  Activities done less b or c didt feel well","-7;-8;-9;0;1",,"Complete only if symptom  equals  1","A",""
q17_a2,Integer,0,,Required,"Said body feels funny hurts","-7;-8;-9;0;1",,"Field should not be left blank. If missing please use -78 -9.","A",""
q17_a2_s,String,150,,Optional,"Said body feels funny hurts Specify","",,"Complete only if q17_a2  equals  1","A",""
q17_a2b,Integer,0,,Optional,"Entered on Adverse Events form  Said body feels funny hurts","-7;-8;-9;0;1",,"Complete only if symptom  equals  1","A",""
q17_b1,Integer,0,,Recommended,"Problems with low energy level","-7;-8;-9;0;1",,"Field should not be left blank. If missing please use -78 -9.","B",""
q17_b1a,Integer,0,,Optional,"Seemed much less alert than usual","-7;-8;-9;0;1",,"Complete if q17_b1  equals  1","B",""
q17_b1a1,Integer,0,,Optional,"Entered on Adverse Events form  Seemed much less alert than usual","-7;-8;-9;0;1",,"Complete only if symptom  equals  1","B",""
q17_b1b,Integer,0,,Optional,"Tired worn out or fatigued","-7;-8;-9;0;1",,"Complete only if primary question  equals  1","B",""
q17_b1b1,Integer,0,,Optional,"Entered on Adverse Events form  Tired worn out or fatigued","-7;-8;-9;0;1",,"Complete only if symptom  equals  1","B",""
q17_b1c,Integer,0,,Optional,"Sleepy","-7;-8;-9;0;1",,"Complete only if primary question  equals  1","B",""
q17_b1c1,Integer,0,,Optional,"Entered on Adverse Events form  Sleepy","-7;-8;-9;0;1",,"Complete only if symptom  equals  1","B",""
q17_b1d,Integer,0,,Optional,"Excessive yawning","-7;-8;-9;0;1",,"Complete only if primary question  equals  1","B",""
q17_b1d1,Integer,0,,Optional,"Entered on Adverse Events form  Excessive yawning","-7;-8;-9;0;1",,"Complete only if symptom  equals  1","B",""
q17_b1e,Integer,0,,Optional,"Other low energy level problem","-7;-8;-9;0;1",,"Complete only if primary question  equals  1","B",""
q17_b1_s1,String,100,,Optional,"Other low energy level problem Specify 1","",,"Complete only if symptom  equals  1","B",""
q17_b1e1,Integer,0,,Optional,"Entered on Adverse Events form  Other low energy level problem","-7;-8;-9;0;1",,"Complete only if symptom  equals  1","B",""
q17_b1f,Integer,0,,Optional,"Other low energy level problem","-7;-8;-9;0;1",,"Complete only if primary question  equals  1","B",""
q17_b1_s2,String,100,,Optional,"Other low energy level problem Specify 2","",,"Complete only if symptom  equals  1","B",""
q17_b1f1,Integer,0,,Optional,"Entered on Adverse Events form  Other low energy level problem","-7;-8;-9;0;1",,"Complete only if symptom  equals  1","B",""
q17_b1g,Integer,0,,Optional,"Other low energy level problem","-7;-8;-9;0;1",,"Complete only if primary question  equals  1","B",""
q17_b1_s3,String,100,,Optional,"Other low energy level problem Specify 3","",,"Complete only if symptom  equals  1","B",""
q17_b1g1,Integer,0,,Optional,"Entered on Adverse Events form  Other low energy level problem","-7;-8;-9;0;1",,"Complete only if symptom  equals  1","B",""
q17_b2,Integer,0,,Recommended,"Child had any problems with sleep","-7;-8;-9;0;1",,"Field should not be left blank. If missing please use -78 -9.","B",""
q17_b2a,Integer,0,,Optional,"Difficulty falling asleep","-7;-8;-9;0;1",,"Complete only if primary question  equals  1","B",""
q17_b2a1,Integer,0,,Optional,"Entered on Adverse Events form  Difficulty falling asleep","-7;-8;-9;0;1",,"Complete only if symptom  equals  1","B",""
q17_b2b,Integer,0,,Optional,"Difficulty staying asleep","-7;-8;-9;0;1",,"Complete only if primary question  equals  1","B",""
q17_b2b1,Integer,0,,Optional,"Entered on Adverse Events form  Difficulty staying asleep","-7;-8;-9;0;1",,"Complete only if symptom  equals  1","B",""
q17_b2c,Integer,0,,Optional,"Totally unable to sleep","-7;-8;-9;0;1",,"Complete only if primary question  equals  1","B",""
q17_b2c1,Integer,0,,Optional,"Entered on Adverse Events form  Totally unable to sleep","-7;-8;-9;0;1",,"Complete only if symptom  equals  1","B",""
q17_b2d,Integer,0,,Optional,"Awakening too early","-7;-8;-9;0;1",,"Complete only if primary question  equals  1","B",""
q17_b2d1,Integer,0,,Optional,"Entered on Adverse Events form  Awakening too early","-7;-8;-9;0;1",,"Complete only if symptom  equals  1","B",""
q17_b2e,Integer,0,,Optional,"Decreased need for sleep","-7;-8;-9;0;1",,"Complete only if primary question  equals  1","B",""
q17_b2e1,Integer,0,,Optional,"Entered on Adverse Events form  Decreased need for sleep","-7;-8;-9;0;1",,"Complete only if symptom  equals  1","B",""
q17_b2f,Integer,0,,Optional,"Sleeping too much","-7;-8;-9;0;1",,"Complete only if primary question  equals  1","B",""
q17_b2f1,Integer,0,,Optional,"Entered on Adverse Events form  Sleeping too much","-7;-8;-9;0;1",,"Complete only if symptom  equals  1","B",""
q17_b2g,Integer,0,,Optional,"Non-restorative sleep","-7;-8;-9;0;1",,"Complete only if primary question  equals  1","B",""
q17_b2g1,Integer,0,,Optional,"Entered on Adverse Events form  Non-restorative sleep","-7;-8;-9;0;1",,"Complete only if symptom  equals  1","B",""
q17_b2h,Integer,0,,Optional,"Drowsiness during the day","-7;-8;-9;0;1",,"Complete only if primary question  equals  1","B",""
q17_b2h1,Integer,0,,Optional,"Entered on Adverse Events form  Drowsiness during the day","-7;-8;-9;0;1",,"Complete only if symptom  equals  1","B",""
q17_b2i,Integer,0,,Optional,"Nightmares or st dreams","-7;-8;-9;0;1",,"Complete only if primary question  equals  1","B",""
q17_b2i1,Integer,0,,Optional,"Entered on Adverse Events form  Nightmares or st dreams","-7;-8;-9;0;1",,"Complete only if symptom  equals  1","B",""
q17_b2j,Integer,0,,Optional,"Other sleep problem","-7;-8;-9;0;1",,"Complete only if primary question  equals  1","B",""
q17_b2_s1,String,100,,Optional,"Other sleep problem Specify 1","",,"Complete only if symptom  equals  1","B",""
q17_b2j1,Integer,0,,Optional,"Entered on Adverse Events form  Other sleep problem","-7;-8;-9;0;1",,"Complete only if symptom  equals  1","B",""
q17_b2k,Integer,0,,Optional,"Other sleep problem","-7;-8;-9;0;1",,"Complete only if primary question  equals  1","B",""
q17_b2_s2,String,100,,Optional,"Other sleep problem Specify 2","",,"Complete only if symptom  equals  1","B",""
q17_b2k1,Integer,0,,Optional,"Entered on Adverse Events form  Other sleep problem","-7;-8;-9;0;1",,"Complete only if symptom  equals  1","B",""
q17_b2l,Integer,0,,Optional,"Other sleep problem","-7;-8;-9;0;1",,"Complete only if primary question  equals  1","B",""
q17_b2_s3,String,100,,Optional,"Other sleep problem Specify 3","",,"Complete only if symptom  equals  1","B",""
q17_b2l1,Integer,0,,Optional,"Entered on Adverse Events form  Other sleep problem","-7;-8;-9;0;1",,"Complete only if symptom  equals  1","B",""
q17_b3,Integer,0,,Required,"Has child felt dizzy or faint lost consciousness or had a seizure","-7;-8;-9;0;1",,"Field should not be left blank. If missing please use -78 -9.","B",""
q17_b3a,Integer,0,,Optional,"Dizziness or faintness","-7;-8;-9;0;1",,"Complete only if primary question  equals  1","B",""
q17_b3a1,Integer,0,,Optional,"Entered on Adverse Events form  Dizziness or faintness","-7;-8;-9;0;1",,"Complete only if symptom  equals  1","B",""
q17_b3b,Integer,0,,Optional,"Loss of consciousness","-7;-8;-9;0;1",,"Complete only if primary question  equals  1","B",""
q17_b3b1,Integer,0,,Optional,"Entered on Adverse Events form  Loss of consciousness","-7;-8;-9;0;1",,"Complete only if symptom  equals  1","B",""
q17_b3c,Integer,0,,Optional,"Seizure","-7;-8;-9;0;1",,"Complete only if primary question  equals  1","B",""
q17_b3c1,Integer,0,,Optional,"Entered on Adverse Events form  Seizure","-7;-8;-9;0;1",,"Complete only if symptom  equals  1","B",""
q17_b3d,Integer,0,,Optional,"Other thinking problem","-7;-8;-9;0;1",,"Complete only if primary question  equals  1","B",""
q17_b3_s1,Integer,0,,Optional,"Other thinking problem Specify 1","-7;-8;-9;0;1",,"Complete only if primary question  equals  1","B",""
q17_b3d1,Integer,0,,Optional,"Entered on Adverse Events form  Other thinking problem","-7;-8;-9;0;1",,"Complete only if symptom  equals  1","B",""
q17_b3e,Integer,0,,Optional,"Other thinking problem","-7;-8;-9;0;1",,"Complete only if primary question  equals  1","B",""
q17_b3_s2,String,30,,Optional,"Other thinking problem Specify 2","",,"Complete only if symptom  equals  1","B",""
q17_b3e1,Integer,0,,Optional,"Entered on Adverse Events form  Other thinking problem","-7;-8;-9;0;1",,"Complete only if symptom  equals  1","B",""
q17_b3f,Integer,0,,Optional,"Other thinking problem","-7;-8;-9;0;1",,"Complete only if primary question  equals  1","B",""
q17_b3_s3,String,30,,Optional,"Other thinking problem Specify 3","",,"Complete only if symptom  equals  1","B",""
q17_b3f1,Integer,0,,Optional,"Entered on Adverse Events form  Other thinking problem","-7;-8;-9;0;1",,"Complete only if symptom  equals  1","B",""
q17_b4,Integer,0,,Required,"Has child had problems with being worried or anxious?","-7;-8;-9;0;1",,"Field should not be left blank. If missing please use -78 -9.","B",""
q17_b4a,Integer,0,,Optional,"Worried anxious or nervous","-7;-8;-9;0;1",,"Complete only if primary question  equals  1","B",""
q17_b4a1,Integer,0,,Optional,"Entered on Adverse Events form  Worried anxious or nervous","-7;-8;-9;0;1",,"Complete only if symptom  equals  1","B",""
q17_b4b,Integer,0,,Optional,"Aggression","-7;-8;-9;0;1",,"Complete only if primary question  equals  1","B",""
q17_b4b1,Integer,0,,Optional,"Entered on Adverse Events form  Aggression","-7;-8;-9;0;1",,"Complete only if symptom  equals  1","B",""
q17_b4c,Integer,0,,Optional,"Hostility","-7;-8;-9;0;1",,"Complete only if primary question  equals  1","B",""
q17_b4c1,Integer,0,,Optional,"Entered on Adverse Events form  Hostility","-7;-8;-9;0;1",,"Complete only if symptom  equals  1","B",""
q17_b4d,Integer,0,,Optional,"Other mood problem","-7;-8;-9;0;1",,"Complete only if primary question  equals  1","B",""
q17_b4_s1,String,30,,Optional,"Other mood problem Specify 1","",,"Complete only if symptom  equals  1","B",""
q17_b4d1,Integer,0,,Optional,"Entered on Adverse Events form  Other mood problem","-7;-8;-9;0;1",,"Complete only if symptom  equals  1","B",""
q17_b4e,Integer,0,,Optional,"Other mood problem","-7;-8;-9;0;1",,"Complete only if primary question  equals  1","B",""
q17_b4_s2,String,30,,Optional,"Other mood problem Specify 2","",,"Complete only if symptom  equals  1","B",""
q17_b4e1,Integer,0,,Optional,"Entered on Adverse Events form  Other mood problem","-7;-8;-9;0;1",,"Complete only if symptom  equals  1","B",""
q17_b4f,Integer,0,,Optional,"Other mood problem","-7;-8;-9;0;1",,"Complete only if primary question  equals  1","B",""
q17_b4_s3,String,30,,Optional,"Other mood problem Specify 3","",,"Complete only if symptom  equals  1","B",""
q17_b4f1,Integer,0,,Optional,"Entered on Adverse Events form  Other mood problem","-7;-8;-9;0;1",,"Complete only if symptom  equals  1","B",""
q17_b5,Integer,0,,Required,"Any problems with genitals or private parts","-7;-8;-9;0;1",,"Field should not be left blank. If missing please use -78 -9.","B",""
q17_b5a,Integer,0,,Optional,"Genital discomfort or swelling","-7;-8;-9;0;1",,"Complete only if primary question  equals  1","B",""
q17_b5a1,Integer,0,,Optional,"Entered on Adverse Events form  Genital discomfort or swelling","-7;-8;-9;0;1",,"Complete only if symptom  equals  1","B",""
q17_b5b,Integer,0,,Optional,"Genital discharge","-7;-8;-9;0;1",,"Complete only if primary question  equals  1","B",""
q17_b5b1,Integer,0,,Optional,"Entered on Adverse Events form  Genital discharge","-7;-8;-9;0;1",,"Complete only if symptom  equals  1","B",""
q17_b5c,Integer,0,,Optional,"Increased sexual urges or interest","-7;-8;-9;0;1",,"Complete only if primary question  equals  1","B",""
q17_b5c1,Integer,0,,Optional,"Entered on Adverse Events form  Increased sexual urges or interest","-7;-8;-9;0;1",,"Complete only if symptom  equals  1","B",""
q17_b5d,Integer,0,,Optional,"Decreased sexual urges or interest","-7;-8;-9;0;1",,"Complete only if primary question  equals  1","B",""
q17_b5d1,Integer,0,,Optional,"Entered on Adverse Events form  Decreased sexual urges or interest","-7;-8;-9;0;1",,"Complete only if symptom  equals  1","B",""
q17_b5e,Integer,0,,Optional,"Continuous erection Priapism","-7;-8;-9;0;1",,"Complete only if primary question  equals  1","B",""
q17_b5e1,Integer,0,,Optional,"Entered on Adverse Events form  Continuous erection Priapism","-7;-8;-9;0;1",,"Complete only if symptom  equals  1","B",""
q17_b5f,Integer,0,,Optional,"Sexual dysfunction","-7;-8;-9;0;1",,"Complete only if primary question  equals  1","B",""
q17_b5f1,Integer,0,,Optional,"Entered on Adverse Events form  Sexual dysfunction","-7;-8;-9;0;1",,"Complete only if symptom  equals  1","B",""
q17_b5g,Integer,0,,Optional,"Other genitals or sex problem","-7;-8;-9;0;1",,"Complete only if primary question  equals  1","B",""
q17_b5_s1,String,30,,Optional,"Other genitals or sex problem Specify 1","",,"Complete only if symptom  equals  1","B",""
q17_b5g1,Integer,0,,Optional,"Entered on Adverse Events form  Other genitals or sex problem","-7;-8;-9;0;1",,"Complete only if symptom  equals  1","B",""
q17_b5h,Integer,0,,Optional,"Other genitals or sex problem","-7;-8;-9;0;1",,"Complete only if primary question  equals  1","B",""
q17_b5_s2,String,30,,Optional,"Other genitals or sex problem Specify 2","",,"Complete only if symptom  equals  1","B",""
q17_b5h1,Integer,0,,Optional,"Entered on Adverse Events form  Other genitals or sex problem","-7;-8;-9;0;1",,"Complete only if symptom  equals  1","B",""
q17_b5i,Integer,0,,Optional,"Other genitals or sex problem","-7;-8;-9;0;1",,"Complete only if primary question  equals  1","B",""
q17_b5_s3,String,30,,Optional,"Other genitals or sex problem Specify 3","",,"Complete only if symptom  equals  1","B",""
q17_b5i1,Integer,0,,Optional,"Entered on Adverse Events form  Other genitals or sex problem","-7;-8;-9;0;1",,"Complete only if symptom  equals  1","B",""
q17_b6,Integer,0,,Required,"Any problems with eyes or eyesight","-7;-8;-9;0;1",,"Field should not be left blank. If missing please use -78 -9.","B",""
q17_b6a,Integer,0,,Optional,"Redness irritation or swelling of the eyes","-7;-8;-9;0;1",,"Complete only if primary question  equals  1","B",""
q17_b6a1,Integer,0,,Optional,"Entered on Adverse Events form  Redness irritation or swelling of the eyes","-7;-8;-9;0;1",,"Complete only if symptom  equals  1","B",""
q17_b6b,Integer,0,,Optional,"Dry eyes","-7;-8;-9;0;1",,"Complete only if primary question  equals  1","B",""
q17_b6b1,Integer,0,,Optional,"Entered on Adverse Events form  Dry eyes","-7;-8;-9;0;1",,"Complete only if symptom  equals  1","B",""
q17_b6c,Integer,0,,Optional,"Watery eyes","-7;-8;-9;0;1",,"Complete only if primary question  equals  1","B",""
q17_b6c1,Integer,0,,Optional,"Entered on Adverse Events form  Watery eyes","-7;-8;-9;0;1",,"Complete only if symptom  equals  1","B",""
q17_b6d,Integer,0,,Optional,"Blurred or poor vision","-7;-8;-9;0;1",,"Complete only if primary question  equals  1","B",""
q17_b6d1,Integer,0,,Optional,"Entered on Adverse Events form  Blurred or poor vision","-7;-8;-9;0;1",,"Complete only if symptom  equals  1","B",""
q17_b6e,Integer,0,,Optional,"Double vision","-7;-8;-9;0;1",,"Complete only if primary question  equals  1","B",""
q17_b6e1,Integer,0,,Optional,"Entered on Adverse Events form  Double vision","-7;-8;-9;0;1",,"Complete only if symptom  equals  1","B",""
q17_b6f,Integer,0,,Optional,"Light bothering eyes","-7;-8;-9;0;1",,"Complete only if primary question  equals  1","B",""
q17_b6f1,Integer,0,,Optional,"Entered on Adverse Events form  Light bothering eyes","-7;-8;-9;0;1",,"Complete only if symptom  equals  1","B",""
q17_b6g,Integer,0,,Optional,"Perceptual problems","-7;-8;-9;0;1",,"Complete only if primary question  equals  1","B",""
q17_b6g1,Integer,0,,Optional,"Entered on Adverse Events form  Perceptual problems","-7;-8;-9;0;1",,"Complete only if symptom  equals  1","B",""
q17_b6h,Integer,0,,Optional,"Eyelids twitching blepharospasm","-7;-8;-9;0;1",,"Complete only if primary question  equals  1","B",""
q17_b6h1,Integer,0,,Optional,"Entered on Adverse Events form  Eyelids twitching blepharospasm","-7;-8;-9;0;1",,"Complete only if symptom  equals  1","B",""
q17_b6i,Integer,0,,Optional,"Lights or specks that came and went","-7;-8;-9;0;1",,"Complete only if primary question  equals  1","B",""
q17_b6i1,Integer,0,,Optional,"Entered on Adverse Events form  Lights or specks that came and went","-7;-8;-9;0;1",,"Complete only if symptom  equals  1","B",""
q17_b6j,Integer,0,,Optional,"Other eye or eyesight problem","-7;-8;-9;0;1",,"Complete only if primary question  equals  1","B",""
q17_b6_s1,String,30,,Optional,"Other eye or eyesight problem Specify 1","",,"Complete only if symptom  equals  1","B",""
q17_b6j1,Integer,0,,Optional,"Entered on Adverse Events form  Other eye or eyesight problem","-7;-8;-9;0;1",,"Complete only if symptom  equals  1","B",""
q17_b6k,Integer,0,,Optional,"Other eye or eyesight problem","-7;-8;-9;0;1",,"Complete only if primary question  equals  1","B",""
q17_b6_s2,String,30,,Optional,"Other eye or eyesight problem Specify 2","",,"Complete only if symptom  equals  1","B",""
q17_b6k1,Integer,0,,Optional,"Entered on Adverse Events form  Other eye or eyesight problem","-7;-8;-9;0;1",,"Complete only if symptom  equals  1","B",""
q17_b6l,Integer,0,,Optional,"Other eye or eyesight problem","-7;-8;-9;0;1",,"Complete only if primary question  equals  1","B",""
q17_b6_s3,String,30,,Optional,"Other eye or eyesight problem Specify 3","",,"Complete only if symptom  equals  1","B",""
q17_b6l1,Integer,0,,Optional,"Entered on Adverse Events form  Other eye or eyesight problem","-7;-8;-9;0;1",,"Complete only if symptom  equals  1","B",""
q17_b7,Integer,0,,Required,"Any problems with st experiences ideas or thoughts","-7;-8;-9;0;1",,"Field should not be left blank. If missing please use -78 -9.","B",""
q17_b7a,Integer,0,,Optional,"Seeing things that are not there visual hallucinations","-7;-8;-9;0;1",,"Complete only if primary question  equals  1","B",""
q17_b7a1,Integer,0,,Optional,"Entered on Adverse Events form  Visual hallucinations","-7;-8;-9;0;1",,"Complete only if symptom  equals  1","B",""
q17_b7b,Integer,0,,Optional,"Hearing things that are not there auditory hallucinations","-7;-8;-9;0;1",,"Complete only if primary question  equals  1","B",""
q17_b7b1,Integer,0,,Optional,"Entered on Adverse Events form  Auditory hallucinations","-7;-8;-9;0;1",,"Complete only if symptom  equals  1","B",""
q17_b7c,Integer,0,,Optional,"Smelling or tasting things that are not there olfactory hallucinations","-7;-8;-9;0;1",,"Complete only if primary question  equals  1","B",""
q17_b7c1,Integer,0,,Optional,"Entered on Adverse Events form  Olfactory hallucinations","-7;-8;-9;0;1",,"Complete only if symptom  equals  1","B",""
q17_b7d,Integer,0,,Optional,"St physical feelings tactile hallucinations","-7;-8;-9;0;1",,"Complete only if primary question  equals  1","B",""
q17_b7d1,Integer,0,,Optional,"Entered on Adverse Events form  Tactile hallucinations","-7;-8;-9;0;1",,"Complete only if symptom  equals  1","B",""
q17_b7e,Integer,0,,Optional,"St ideas or thoughts","-7;-8;-9;0;1",,"Complete only if primary question  equals  1","B",""
q17_b7e1,Integer,0,,Optional,"Entered on Adverse Events form  St ideas or thoughts","-7;-8;-9;0;1",,"Complete only if symptom  equals  1","B",""
q17_b7f,Integer,0,,Optional,"Other st experience or ides or thought problem","-7;-8;-9;0;1",,"Complete only if primary question  equals  1","B",""
q17_b7_s1,String,100,,Optional,"Other st experience or ides or thought problem Specify 1","",,"Complete only if symptom  equals  1","B",""
q17_b7f1,Integer,0,,Optional,"Entered on Adverse Events form  Other st experience or ideas or thought problem","-7;-8;-9;0;1",,"Complete only if symptom  equals  1","B",""
q17_b7g,Integer,0,,Optional,"Other st experience or ides or thought problem","-7;-8;-9;0;1",,"Complete only if primary question  equals  1","B",""
q17_b7_s2,String,100,,Optional,"Other st experience or ideas or thought problem Specify 2","",,"Complete only if symptom  equals  1","B",""
q17_b7g1,Integer,0,,Optional,"Entered on Adverse Events form","-7;-8;-9;0;1",,"Complete only if symptom  equals  1","B",""
q17_b7h,Integer,0,,Optional,"Other st experience or ideas or thought problem","-7;-8;-9;0;1",,"Complete only if primary question  equals  1","B",""
q17_b7_s3,String,100,,Optional,"Other st experience or ideas or thought problem Specify 3","",,"Complete only if symptom  equals  1","B",""
q17_b7h1,Integer,0,,Optional,"Entered on Adverse Events form","-7;-8;-9;0;1",,"Complete only if symptom  equals  1","B",""
q17_b8,Integer,0,,Required,"Any problems with ears or hearing","-7;-8;-9;0;1",,"Field should not be left blank. If missing please use -78 -9.","B",""
q17_b8a,Integer,0,,Optional,"Ear ache","-7;-8;-9;0;1",,"Complete only if primary question  equals  1","B",""
q17_b8a1,Integer,0,,Optional,"Entered on Adverse Events form  Ear ache","-7;-8;-9;0;1",,"Complete only if symptom  equals  1","B",""
q17_b8b,Integer,0,,Optional,"Ear discharge","-7;-8;-9;0;1",,"Complete only if primary question  equals  1","B",""
q17_b8b1,Integer,0,,Optional,"Entered on Adverse Events form  Ear discharge","-7;-8;-9;0;1",,"Complete only if symptom  equals  1","B",""
q17_b8c,Integer,0,,Optional,"Ear infection","-7;-8;-9;0;1",,"Complete only if primary question  equals  1","B",""
q17_b8c1,Integer,0,,Optional,"Entered on Adverse Events form  Ear infection","-7;-8;-9;0;1",,"Complete only if symptom  equals  1","B",""
q17_b8d,Integer,0,,Optional,"Ears clogged up","-7;-8;-9;0;1",,"Complete only if primary question  equals  1","B",""
q17_b8d1,Integer,0,,Optional,"Entered on Adverse Events form  Ears clogged up","-7;-8;-9;0;1",,"Complete only if symptom  equals  1","B",""
q17_b8e,Integer,0,,Optional,"Trouble hearing things","-7;-8;-9;0;1",,"Complete only if primary question  equals  1","B",""
q17_b8e1,Integer,0,,Optional,"Entered on Adverse Events form  Trouble hearing things","-7;-8;-9;0;1",,"Complete only if symptom  equals  1","B",""
q17_b8f,Integer,0,,Optional,"Buzzing or ringing in the ears","-7;-8;-9;0;1",,"Complete only if primary question  equals  1","B",""
q17_b8f1,Integer,0,,Optional,"Entered on Adverse Events form  Buzzing or ringing in the ears","-7;-8;-9;0;1",,"Complete only if symptom  equals  1","B",""
q17_b8g,Integer,0,,Optional,"Other ears or hearing problem","-7;-8;-9;0;1",,"Complete only if primary question  equals  1","B",""
q17_b8_s1,String,30,,Optional,"Other ears or hearing problem Specify 1","",,"Complete only if symptom  equals  1","B",""
q17_b8g1,Integer,0,,Optional,"Entered on Adverse Events form  Other ears or hearing problem","-7;-8;-9;0;1",,"Complete only if symptom  equals  1","B",""
q17_b8h,Integer,0,,Optional,"Other ears or hearing problem","-7;-8;-9;0;1",,"Complete only if primary question  equals  1","B",""
q17_b8_s2,String,30,,Optional,"Other ears or hearing problem Specify 2","",,"Complete only if symptom  equals  1","B",""
q17_b8h1,Integer,0,,Optional,"Entered on Adverse Events form  Other ears or hearing problem","-7;-8;-9;0;1",,"Complete only if symptom  equals  1","B",""
q17_b8i,Integer,0,,Optional,"Other ears or hearing problem","-7;-8;-9;0;1",,"Complete only if primary question  equals  1","B",""
q17_b8_s3,String,30,,Optional,"Other ears or hearing problem Specify 3","",,"Complete only if symptom  equals  1","B",""
q17_b8i1,Integer,0,,Optional,"Entered on Adverse Events form  Other ears or hearing problem","-7;-8;-9;0;1",,"Complete only if symptom  equals  1","B",""
q17_b9,Integer,0,,Required,"Any problems with head or face","-7;-8;-9;0;1",,"Field should not be left blank. If missing please use -78 -9.","B",""
q17_b9a,Integer,0,,Optional,"Headache","-7;-8;-9;0;1",,"Complete only if primary question  equals  1","B",""
q17_b9a1,Integer,0,,Optional,"Entered on Adverse Events form  Headache","-7;-8;-9;0;1",,"Complete only if symptom  equals  1","B",""
q17_b9b,Integer,0,,Optional,"Facial pain","-7;-8;-9;0;1",,"Complete only if primary question  equals  1","B",""
q17_b9b1,Integer,0,,Optional,"Entered on Adverse Events form  Facial pain","-7;-8;-9;0;1",,"Complete only if symptom  equals  1","B",""
q17_b9c,Integer,0,,Optional,"Facial muscle weakness","-7;-8;-9;0;1",,"Complete only if primary question  equals  1","B",""
q17_b9c1,Integer,0,,Optional,"Entered on Adverse Events form  Facial muscle weakness","-7;-8;-9;0;1",,"Complete only if symptom  equals  1","B",""
q17_b9d,Integer,0,,Optional,"Other head or face problem","-7;-8;-9;0;1",,"Complete only if primary question  equals  1","B",""
q17_b9_s1,String,30,,Optional,"Other head or face problem Specify 1","",,"Complete only if symptom  equals  1","B",""
q17_b9d1,Integer,0,,Optional,"Entered on Adverse Events form  Other head or face problem","-7;-8;-9;0;1",,"Complete only if symptom  equals  1","B",""
q17_b9e,Integer,0,,Optional,"Other head or face problem","-7;-8;-9;0;1",,"Complete only if primary question  equals  1","B",""
q17_b9_s2,String,30,,Optional,"Other head or face problem Specify 2","",,"Complete only if symptom  equals  1","B",""
q17_b9e1,Integer,0,,Optional,"Entered on Adverse Events form  Other head or face problem","-7;-8;-9;0;1",,"Complete only if symptom  equals  1","B",""
q17_b9f,Integer,0,,Optional,"Other head or face problem","-7;-8;-9;0;1",,"Complete only if primary question  equals  1","B",""
q17_b9_s3,String,30,,Optional,"Other head or face problem Specify 3","",,"Complete only if symptom  equals  1","B",""
q17_b9f1,Integer,0,,Optional,"Entered on Adverse Events form  Other head or face problem","-7;-8;-9;0;1",,"Complete only if symptom  equals  1","B",""
q17_b10,Integer,0,,Required,"Any problems with nose sinuses or throat","-7;-8;-9;0;1",,"Field should not be left blank. If missing please use -78 -9.","B",""
q17_b10a,Integer,0,,Optional,"Nose bleeds","-7;-8;-9;0;1",,"Complete only if primary question  equals  1","B",""
q17_b10a1,Integer,0,,Optional,"Entered on Adverse Event form  Nose bleeds","-7;-8;-9;0;1",,"Complete only if symptom  equals  1","B",""
q17_b10b,Integer,0,,Optional,"Dried out nosenasal dryness","-7;-8;-9;0;1",,"Complete only if primary question  equals  1","B",""
q17_b10b1,Integer,0,,Optional,"Entered on Adverse Event form  Nasal dryness","-7;-8;-9;0;1",,"Complete only if symptom  equals  1","B",""
q17_b10c,Integer,0,,Optional,"Stuffy nose nasal or sinus congestion","-7;-8;-9;0;1",,"Complete only if primary question  equals  1","B",""
q17_b10c1,Integer,0,,Optional,"Entered on Adverse Event form  Nasal or sinus congestion","-7;-8;-9;0;1",,"Complete only if symptom  equals  1","B",""
q17_b10d,Integer,0,,Optional,"Increased sense of smell","-7;-8;-9;0;1",,"Complete only if primary question  equals  1","B",""
q17_b10d1,Integer,0,,Optional,"Entered on Adverse Event form  Increased sense of smell","-7;-8;-9;0;1",,"Complete only if symptom  equals  1","B",""
q17_b10e,Integer,0,,Optional,"Decreased sense of smell","-7;-8;-9;0;1",,"Complete only if primary question  equals  1","B",""
q17_b10e1,Integer,0,,Optional,"Entered on Adverse Event form  Decreased sense of smell","-7;-8;-9;0;1",,"Complete only if symptom  equals  1","B",""
q17_b10f,Integer,0,,Optional,"Pain behind the eyes","-7;-8;-9;0;1",,"Complete only if primary question  equals  1","B",""
q17_b10f1,Integer,0,,Optional,"Entered on Adverse Event form  Pain behind the eyes","-7;-8;-9;0;1",,"Complete only if symptom  equals  1","B",""
q17_b10g,Integer,0,,Optional,"Sore throat","-7;-8;-9;0;1",,"Complete only if primary question  equals  1","B",""
q17_b10g1,Integer,0,,Optional,"Entered on Adverse Event form  Sore throat","-7;-8;-9;0;1",,"Complete only if symptom  equals  1","B",""
q17_b10h,Integer,0,,Optional,"Hoarse voice or laryngitis","-7;-8;-9;0;1",,"Complete only if primary question  equals  1","B",""
q17_b10h1,Integer,0,,Optional,"Entered on Adverse Event form  Hoarse voice or laryngitis","-7;-8;-9;0;1",,"Complete only if symptom  equals  1","B",""
q17_b10i,Integer,0,,Optional,"Difficulty swallowing","-7;-8;-9;0;1",,"Complete only if primary question  equals  1","B",""
q17_b10i1,Integer,0,,Optional,"Entered on Adverse Event form  Difficulty swallowing","-7;-8;-9;0;1",,"Complete only if symptom  equals  1","B",""
q17_b10j,Integer,0,,Optional,"Other nose or sinus or throat problem 1","-7;-8;-9;0;1",,"Complete only if primary question  equals  1","B",""
q17_b10_s1,String,30,,Optional,"Other nose or sinus or throat problem Specify 1","",,"Complete only if symptom  equals  1","B",""
q17_b10j1,Integer,0,,Optional,"Entered on Adverse Event form  Other nose or sinus or throat problem","-7;-8;-9;0;1",,"Complete only if symptom  equals  1","B",""
q17_b10k,Integer,0,,Optional,"Other nose or sinus or throat problem 2","-7;-8;-9;0;1",,"Complete only if primary question  equals  1","B",""
q17_b10_s2,String,30,,Optional,"Other nose or sinus or throat problem Specify 2","",,"Complete only if symptom  equals  1","B",""
q17_b10k1,Integer,0,,Optional,"Entered on Adverse Event form  Other nose or sinus or throat problem","-7;-8;-9;0;1",,"Complete only if symptom  equals  1","B",""
q17_b10l,Integer,0,,Optional,"Other nose or sinus or throat problem 3","-7;-8;-9;0;1",,"Complete only if primary question  equals  1","B",""
q17_b10_s3,String,30,,Optional,"Other nose or sinus or throat problem Specify 3","",,"Complete only if symptom  equals  1","B",""
q17_b10l1,Integer,0,,Optional,"Entered on Adverse Event form  Other nose or sinus or throat problem","-7;-8;-9;0;1",,"Complete only if symptom  equals  1","B",""
q17_b11,Integer,0,,Required,"Any problem with mouth lips or teeth","-7;-8;-9;0;1",,"Field should not be left blank. If missing please use -78 -9.","B",""
q17_b11a,Integer,0,,Optional,"Mouth ulcer or canker sore","-7;-8;-9;0;1",,"Complete only if primary question  equals  1","B",""
q17_b11a1,Integer,0,,Optional,"Entered on Adverse Event form  Mouth ulcer or canker sore","-7;-8;-9;0;1",,"Complete only if symptom  equals  1","B",""
q17_b11b,Integer,0,,Optional,"Dry mouth","-7;-8;-9;0;1",,"Complete only if primary question  equals  1","B",""
q17_b11b1,Integer,0,,Optional,"Entered on Adverse Event form  Dry mouth","-7;-8;-9;0;1",,"Complete only if symptom  equals  1","B",""
q17_b11c,Integer,0,,Optional,"Bleeding or swollen gums","-7;-8;-9;0;1",,"Complete only if primary question  equals  1","B",""
q17_b11c1,Integer,0,,Optional,"Entered on Adverse Event form  Swollen gums","-7;-8;-9;0;1",,"Complete only if symptom  equals  1","B",""
q17_b11d,Integer,0,,Optional,"Dental problem","-7;-8;-9;0;1",,"Complete only if primary question  equals  1","B",""
q17_b11d1,Integer,0,,Optional,"Entered on Adverse Event form  Dental problem","-7;-8;-9;0;1",,"Complete only if symptom  equals  1","B",""
q17_b11e,Integer,0,,Optional,"Sore or swollen tongue","-7;-8;-9;0;1",,"Complete only if primary question  equals  1","B",""
q17_b11e1,Integer,0,,Optional,"Entered on Adverse Event form  Sore or swollen tongue","-7;-8;-9;0;1",,"Complete only if symptom  equals  1","B",""
q17_b11f,Integer,0,,Optional,"Too much saliva hypersalivation","-7;-8;-9;0;1",,"Complete only if primary question  equals  1","B",""
q17_b11f1,Integer,0,,Optional,"Entered on Adverse Event form  Hypersalivation","-7;-8;-9;0;1",,"Complete only if symptom  equals  1","B",""
q17_b11g,Integer,0,,Optional,"Bad taste in mouth","-7;-8;-9;0;1",,"Complete only if primary question  equals  1","B",""
q17_b11g1,Integer,0,,Optional,"Entered on Adverse Event form  Bad taste in mouth","-7;-8;-9;0;1",,"Complete only if symptom  equals  1","B",""
q17_b11h,Integer,0,,Optional,"Drooling","-7;-8;-9;0;1",,"Complete only if primary question  equals  1","B",""
q17_b11h1,Integer,0,,Optional,"Entered on Adverse Event form  Drooling","-7;-8;-9;0;1",,"Complete only if symptom  equals  1","B",""
q17_b11i,Integer,0,,Optional,"Other mouth or lips or teeth problem","-7;-8;-9;0;1",,"Complete only if primary question  equals  1","B",""
q17_b11_s1,String,30,,Optional,"Other mouth or lips or teeth problem Specify 1","",,"Complete only if symptom  equals  1","B",""
q17_b11i1,Integer,0,,Optional,"Entered on Adverse Event form  Other mouth or lips or teeth problem","-7;-8;-9;0;1",,"Complete only if symptom  equals  1","B",""
q17_b11j,Integer,0,,Optional,"Other mouth or lips or teeth problem","-7;-8;-9;0;1",,"Complete only if primary question  equals  1","B",""
q17_b11_s2,String,30,,Optional,"Other mouth or lips or teeth problem Specify 2","",,"Complete only if symptom  equals  1","B",""
q17_b11j1,Integer,0,,Optional,"Entered on Adverse Event form  Other mouth or lips or teeth problem","-7;-8;-9;0;1",,"Complete only if symptom  equals  1","B",""
q17_b11k,Integer,0,,Optional,"Other mouth or lips or teeth problem","-7;-8;-9;0;1",,"Complete only if primary question  equals  1","B",""
q17_b11_s3,String,30,,Optional,"Other mouth or lips or teeth problem Specify 3","",,"Complete only if symptom  equals  1","B",""
q17_b11k1,Integer,0,,Optional,"Entered on Adverse Event form  Other mouth or lips or teeth problem","-7;-8;-9;0;1",,"Complete only if symptom  equals  1","B",""
q17_b12,Integer,0,,Required,"Any problems with chest or breathing","-7;-8;-9;0;1",,"Field should not be left blank. If missing please use -78 -9.","B",""
q17_b12a,Integer,0,,Optional,"Chest pain","-7;-8;-9;0;1",,"Complete only if primary question  equals  1","B",""
q17_b12a1,Integer,0,,Optional,"Entered on Adverse Event form  Chest pain","-7;-8;-9;0;1",,"Complete only if symptom  equals  1","B",""
q17_b12b,Integer,0,,Optional,"Noisy breathing or wheezing","-7;-8;-9;0;1",,"Complete only if primary question  equals  1","B",""
q17_b12b1,Integer,0,,Optional,"Entered on Adverse Event form  Noisy breathing or weezing","-7;-8;-9;0;1",,"Complete only if symptom  equals  1","B",""
q17_b12c,Integer,0,,Optional,"Coughing","-7;-8;-9;0;1",,"Complete only if primary question  equals  1","B",""
q17_b12c1,Integer,0,,Optional,"Entered on Adverse Event form  Coughing","-7;-8;-9;0;1",,"Complete only if symptom  equals  1","B",""
q17_b12d,Integer,0,,Optional,"Other chest or breathing problem","-7;-8;-9;0;1",,"Complete only if primary question  equals  1","B",""
q17_b12_s1,String,30,,Optional,"Other chest or breathing problem Specify 1","",,"Complete only if symptom  equals  1","B",""
q17_b12d1,Integer,0,,Optional,"Entered on Adverse Event form  Other chest or breathing problem","-7;-8;-9;0;1",,"Complete only if symptom  equals  1","B",""
q17_b12e,Integer,0,,Optional,"Other chest or breathing problem","-7;-8;-9;0;1",,"Complete only if primary question  equals  1","B",""
q17_b12_s2,String,30,,Optional,"Other chest or breathing problem Specify 2","",,"Complete only if symptom  equals  1","B",""
q17_b12e1,Integer,0,,Optional,"Entered on Adverse Event form  Other chest or breathing problem","-7;-8;-9;0;1",,"Complete only if symptom  equals  1","B",""
q17_b12f,Integer,0,,Optional,"Other chest or breathing problem","-7;-8;-9;0;1",,"Complete only if primary question  equals  1","B",""
q17_b12_s3,String,30,,Optional,"Other chest or breathing problem Specify 3","",,"Complete only if symptom  equals  1","B",""
q17_b12f1,Integer,0,,Optional,"Entered on Adverse Event form  Other chest or breathing problem","-7;-8;-9;0;1",,"Complete only if symptom  equals  1","B",""
q17_b13,Integer,0,,Recommended,"Any problems with breasts","-7;-8;-9;0;1",,"Field should not be left blank. If missing please use -78 -9.","B",""
q17_b13a,Integer,0,,Optional,"Breast swelling","-7;-8;-9;0;1",,"Complete only if primary question  equals  1","B",""
q17_b13a1,Integer,0,,Optional,"Entered on Adverse Event form  Breast swelling","-7;-8;-9;0;1",,"Complete only if symptom  equals  1","B",""
q17_b13b,Integer,0,,Optional,"Breast pain","-7;-8;-9;0;1",,"Complete only if primary question  equals  1","B",""
q17_b13b1,Integer,0,,Optional,"Entered on Adverse Event form  Breast pain","-7;-8;-9;0;1",,"Complete only if symptom  equals  1","B",""
q17_b13c,Integer,0,,Optional,"Discharge from nipples","-7;-8;-9;0;1",,"Complete only if primary question  equals  1","B",""
q17_b13c1,Integer,0,,Optional,"Entered on Adverse Event form  Discharge from nipples","-7;-8;-9;0;1",,"Complete only if symptom  equals  1","B",""
q17_b13d,Integer,0,,Optional,"Other breast problem","-7;-8;-9;0;1",,"Complete only if primary question  equals  1","B",""
q17_b13_s1,String,30,,Optional,"Other breast problem Specify 1","",,"Complete only if primary question  equals  1","B",""
q17_b13d1,Integer,0,,Optional,"Entered on Adverse Event form  Other breast problem","-7;-8;-9;0;1",,"Complete only if symptom  equals  1","B",""
q17_b13e,Integer,0,,Optional,"Other breast problem","-7;-8;-9;0;1",,"Complete only if primary question  equals  1","B",""
q17_b13_s2,String,30,,Optional,"Other breast problem Specify 2","",,"Complete only if primary question  equals  1","B",""
q17_b13e1,Integer,0,,Optional,"Entered on Adverse Event form  Other breast problem","-7;-8;-9;0;1",,"Complete only if symptom  equals  1","B",""
q17_b13f,Integer,0,,Optional,"Other breast problem","-7;-8;-9;0;1",,"Complete only if primary question  equals  1","B",""
q17_b13_s3,String,30,,Optional,"Other breast problem Specify 3","",,"Complete only if primary question  equals  1","B",""
q17_b13f1,Integer,0,,Optional,"Entered on Adverse Event form  Other breast problem","-7;-8;-9;0;1",,"Complete only if symptom  equals  1","B",""
q17_b14,Integer,0,,Required,"Any problems with heart","-7;-8;-9;0;1",,"Field should not be left blank. If missing please use -78 -9.","B",""
q17_b14a,Integer,0,,Optional,"Elevated blood pressure","-7;-8;-9;0;1",,"Complete only if primary question  equals  1","B",""
q17_b14a1,Integer,0,,Optional,"Entered on Adverse Event form  Elevated blood pressure","-7;-8;-9;0;1",,"Complete only if symptom  equals  1","B",""
q17_b14b,Integer,0,,Optional,"Other heart problem","-7;-8;-9;0;1",,"Complete only if primary question  equals  1","B",""
q17_b14_s1,String,30,,Optional,"Other heart problem Specify 1","",,"Complete only if symptom  equals  1","B",""
q17_b14b1,Integer,0,,Optional,"Entered on Adverse Event form  Other heart problem","-7;-8;-9;0;1",,"Complete only if symptom  equals  1","B",""
q17_b14c,Integer,0,,Optional,"Other heart problem","-7;-8;-9;0;1",,"Complete only if primary question  equals  1","B",""
q17_b14_s2,String,30,,Optional,"Other heart problem Specify 2","",,"Complete only if symptom  equals  1","B",""
q17_b14c1,Integer,0,,Optional,"Entered on Adverse Event form  Other heart problem","-7;-8;-9;0;1",,"Complete only if symptom  equals  1","B",""
q17_b14d,Integer,0,,Optional,"Other heart problem","-7;-8;-9;0;1",,"Complete only if primary question  equals  1","B",""
q17_b14_s3,String,30,,Optional,"Other heart problem Specify 3","",,"Complete only if symptom  equals  1","B",""
q17_b14d1,Integer,0,,Optional,"Entered on Adverse Event form  Other heart problem","-7;-8;-9;0;1",,"Complete only if symptom  equals  1","B",""
q17_b15,Integer,0,,Required,"Any problems with stomach or belly","-7;-8;-9;0;1",,"Field should not be left blank. If missing please use -78 -9.","B",""
q17_b15a,Integer,0,,Optional,"Abdominal aches pain cramps or discomfort","-7;-8;-9;0;1",,"Complete only if primary question  equals  1","B",""
q17_b15a1,Integer,0,,Optional,"Entered on Adverse Event form  Abdominal aches pain cramps or discomfort","-7;-8;-9;0;1",,"Complete only if symptom  equals  1","B",""
q17_b15b,Integer,0,,Optional,"Heartburn or reflux","-7;-8;-9;0;1",,"Complete only if primary question  equals  1","B",""
q17_b15b1,Integer,0,,Optional,"Entered on Adverse Event form  Heartburn or reflux","-7;-8;-9;0;1",,"Complete only if symptom  equals  1","B",""
q17_b15c,Integer,0,,Optional,"Nausea","-7;-8;-9;0;1",,"Complete only if primary question  equals  1","B",""
q17_b15c1,Integer,0,,Optional,"Entered on Adverse Event form  Nausea","-7;-8;-9;0;1",,"Complete only if symptom  equals  1","B",""
q17_b15d,Integer,0,,Optional,"Vomiting","-7;-8;-9;0;1",,"Complete only if primary question  equals  1","B",""
q17_b15d1,Integer,0,,Optional,"Entered on Adverse Event form  Vomiting","-7;-8;-9;0;1",,"Complete only if symptom  equals  1","B",""
q17_b15e,Integer,0,,Optional,"Other stomach or belly problem","-7;-8;-9;0;1",,"Complete only if primary question  equals  1","B",""
q17_b15_s1,String,30,,Optional,"Other stomach or belly problem Specify 1","",,"Complete only if symptom  equals  1","B",""
q17_b15e1,Integer,0,,Optional,"Entered on Adverse Event form  Other stomach or belly problem","-7;-8;-9;0;1",,"Complete only if symptom  equals  1","B",""
q17_b15f,Integer,0,,Optional,"Other stomach or belly problem","-7;-8;-9;0;1",,"Complete only if primary question  equals  1","B",""
q17_b15_s2,String,30,,Optional,"Other stomach or belly problem Specify 2","",,"Complete only if symptom  equals  1","B",""
q17_b15f1,Integer,0,,Optional,"Entered on Adverse Event form  Other stomach or belly problem","-7;-8;-9;0;1",,"Complete only if symptom  equals  1","B",""
q17_b15g,Integer,0,,Optional,"Other stomach or belly problem","-7;-8;-9;0;1",,"Complete only if primary question  equals  1","B",""
q17_b15_s3,String,30,,Optional,"Other stomach or belly problem Specify 3","",,"Complete only if symptom  equals  1","B",""
q17_b15g1,Integer,0,,Optional,"Entered on Adverse Event form  Other stomach or belly problem","-7;-8;-9;0;1",,"Complete only if symptom  equals  1","B",""
q17_b16,Integer,0,,Recommended,"Any problems with bowels other than diarrhea","-7;-8;-9;0;1",,"Field should not be left blank. If missing please use -78 -9.","B",""
q17_b16a,Integer,0,,Optional,"Constipation","-7;-8;-9;0;1",,"Complete only if primary question  equals  1","B",""
q17_b16a1,Integer,0,,Optional,"Entered on Adverse Event form  Constipation","-7;-8;-9;0;1",,"Complete only if symptom  equals  1","B",""
q17_b16b,Integer,0,,Optional,"Blood in stools","-7;-8;-9;0;1",,"Complete only if primary question  equals  1","B",""
q17_b16b1,Integer,0,,Optional,"Entered on Adverse Event form  Blood in stools","-7;-8;-9;0;1",,"Complete only if symptom  equals  1","B",""
q17_b16c,Integer,0,,Optional,"Gas or farting flatulence  or bloating","-7;-8;-9;0;1",,"Complete only if primary question  equals  1","B",""
q17_b16c1,Integer,0,,Optional,"Entered on Adverse Event form  Flatulence or bloating","-7;-8;-9;0;1",,"Complete only if symptom  equals  1","B",""
q17_b16d,Integer,0,,Optional,"Funny colored bowel movements stool discoloration","-7;-8;-9;0;1",,"Complete only if primary question  equals  1","B",""
q17_b16d1,Integer,0,,Optional,"Entered on Adverse Event form  Stool discoloration","-7;-8;-9;0;1",,"Complete only if symptom  equals  1","B",""
q17_b16e,Integer,0,,Optional,"Stools smell very different than is usual","-7;-8;-9;0;1",,"Complete only if primary question  equals  1","B",""
q17_b16e1,Integer,0,,Optional,"Entered on Adverse Event form  Stools smell very different than is usual","-7;-8;-9;0;1",,"Complete only if symptom  equals  1","B",""
q17_b16f,Integer,0,,Optional,"Hemorrhoids","-7;-8;-9;0;1",,"Complete only if primary question  equals  1","B",""
q17_b16f1,Integer,0,,Optional,"Entered on Adverse Event form  Hemorrhoids","-7;-8;-9;0;1",,"Complete only if symptom  equals  1","B",""
q17_b16g,Integer,0,,Optional,"Bleeding","-7;-8;-9;0;1",,"Complete only if primary question  equals  1","B",""
q17_b16g1,Integer,0,,Optional,"Entered on Adverse Event form  Bleeding","-7;-8;-9;0;1",,"Complete only if symptom  equals  1","B",""
q17_b16h,Integer,0,,Optional,"Other bowel problem","-7;-8;-9;0;1",,"Complete only if primary question  equals  1","B",""
q17_b16_s1,String,30,,Optional,"Other bowel problem Specify 1","",,"Complete only if symptom  equals  1","B",""
q17_b16h1,Integer,0,,Optional,"Entered on Adverse Event form  Other bowel problem","-7;-8;-9;0;1",,"Complete only if symptom  equals  1","B",""
q17_b16i,Integer,0,,Optional,"Other bowel problem","-7;-8;-9;0;1",,"Complete only if primary question  equals  1","B",""
q17_b16_s2,String,30,,Optional,"Other bowel problem Specify 2","",,"Complete only if symptom  equals  1","B",""
q17_b16i1,Integer,0,,Optional,"Entered on Adverse Event form  Other bowel problem","-7;-8;-9;0;1",,"Complete only if symptom  equals  1","B",""
q17_b16j,Integer,0,,Optional,"Other bowel problem","-7;-8;-9;0;1",,"Complete only if primary question  equals  1","B",""
q17_b16_s3,String,30,,Optional,"Other bowel problem Specify 3","",,"Complete only if symptom  equals  1","B",""
q17_b16j1,Integer,0,,Optional,"Entered on Adverse Event form  Other bowel problem","-7;-8;-9;0;1",,"Complete only if symptom  equals  1","B",""
q17_b17,Integer,0,,Required,"Any problems with appetite or eating","-7;-8;-9;0;1",,"Field should not be left blank. If missing please use -78 -9.","B",""
q17_b17a,Integer,0,,Optional,"Appetite increase","-7;-8;-9;0;1",,"Complete only if primary question  equals  1","B",""
q17_b17a1,Integer,0,,Optional,"Entered on Adverse Event form  Appetite increase","-7;-8;-9;0;1",,"Complete only if symptom  equals  1","B",""
q17_b17b,Integer,0,,Optional,"Appetite decrease","-7;-8;-9;0;1",,"Complete only if primary question  equals  1","B",""
q17_b17b1,Integer,0,,Optional,"Entered on Adverse Event form  Appetite decrease","-7;-8;-9;0;1",,"Complete only if symptom  equals  1","B",""
q17_b17c,Integer,0,,Optional,"No appetite or not wanting to eat","-7;-8;-9;0;1",,"Complete only if primary question  equals  1","B",""
q17_b17c1,Integer,0,,Optional,"Entered on Adverse Event form  No appetite","-7;-8;-9;0;1",,"Complete only if symptom  equals  1","B",""
q17_b17d,Integer,0,,Optional,"Weight gain","-7;-8;-9;0;1",,"Complete only if primary question  equals  1","B",""
q17_b17d1,Integer,0,,Optional,"Entered on Adverse Event form  Weight gain","-7;-8;-9;0;1",,"Complete only if symptom  equals  1","B",""
q17_b17e,Integer,0,,Optional,"Weight loss","-7;-8;-9;0;1",,"Complete only if primary question  equals  1","B",""
q17_b17e1,Integer,0,,Optional,"Entered on Adverse Event form  Weight loss","-7;-8;-9;0;1",,"Complete only if symptom  equals  1","B",""
q17_b17f,Integer,0,,Optional,"Food tasted different taste abnormality","-7;-8;-9;0;1",,"Complete only if primary question  equals  1","B",""
q17_b17f1,Integer,0,,Optional,"Entered on Adverse Event form  Taste abnormality","-7;-8;-9;0;1",,"Complete only if symptom  equals  1","B",""
q17_b17g,Integer,0,,Optional,"Increased thirst","-7;-8;-9;0;1",,"Complete only if primary question  equals  1","B",""
q17_b17g1,Integer,0,,Optional,"Entered on Adverse Event form  Increasd thirst","-7;-8;-9;0;1",,"Complete only if symptom  equals  1","B",""
q17_b17h,Integer,0,,Optional,"Other appetite or eating problem","-7;-8;-9;0;1",,"Complete only if primary question  equals  1","B",""
q17_b17_s1,String,30,,Optional,"Other appetite or eating problem Specify 1","",,"Complete only if symptom  equals  1","B",""
q17_b17h1,Integer,0,,Optional,"Entered on Adverse Event form  Other appetite or eating problem","-7;-8;-9;0;1",,"Complete only if symptom  equals  1","B",""
q17_b17i,Integer,0,,Optional,"Other appetite or eating problem","-7;-8;-9;0;1",,"Complete only if primary question  equals  1","B",""
q17_b17_s2,String,30,,Optional,"Other appetite or eating problem Specify 2","",,"Complete only if symptom  equals  1","B",""
q17_b17i1,Integer,0,,Optional,"Entered on Adverse Event form  Other appetite or eating problem","-7;-8;-9;0;1",,"Complete only if symptom  equals  1","B",""
q17_b17j,Integer,0,,Optional,"Other appetite or eating problem","-7;-8;-9;0;1",,"Complete only if primary question  equals  1","B",""
q17_b17_s3,String,30,,Optional,"Other appetite or eating problem Specify 3","",,"Complete only if symptom  equals  1","B",""
q17_b17j1,Integer,0,,Optional,"Entered on Adverse Event form  Other appetite or eating problem","-7;-8;-9;0;1",,"Complete only if symptom  equals  1","B",""
q17_b18,Integer,0,,Required,"Any problems with urinating or peeing","-7;-8;-9;0;1",,"Field should not be left blank. If missing please use -78 -9.","B",""
q17_b18a,Integer,0,,Optional,"Painful or burning urination","-7;-8;-9;0;1",,"Complete only if primary question  equals  1","B",""
q17_b18a1,Integer,0,,Optional,"Entered on Adverse Event form  Painful or burning urination","-7;-8;-9;0;1",,"Complete only if symptom  equals  1","B",""
q17_b18b,Integer,0,,Optional,"Difficulty urinating","-7;-8;-9;0;1",,"Complete only if primary question  equals  1","B",""
q17_b18b1,Integer,0,,Optional,"Entered on Adverse Event form  Difficulty urinating","-7;-8;-9;0;1",,"Complete only if symptom  equals  1","B",""
q17_b18c,Integer,0,,Optional,"Decreased in how fast or how much urine comes out","-7;-8;-9;0;1",,"Complete only if primary question  equals  1","B",""
q17_b18c1,Integer,0,,Optional,"Entered on Adverse Event form  Decreased in how fast or how much urine comes out","-7;-8;-9;0;1",,"Complete only if symptom  equals  1","B",""
q17_b18d,Integer,0,,Optional,"Increased urinary frequency","-7;-8;-9;0;1",,"Complete only if primary question  equals  1","B",""
q17_b18d1,Integer,0,,Optional,"Entered on Adverse Event form  Increased urinary frequency","-7;-8;-9;0;1",,"Complete only if symptom  equals  1","B",""
q17_b18e,Integer,0,,Optional,"Change in urine color","-7;-8;-9;0;1",,"Complete only if primary question  equals  1","B",""
q17_b18e1,Integer,0,,Optional,"Entered on Adverse Event form  Change in urine color","-7;-8;-9;0;1",,"Complete only if symptom  equals  1","B",""
q17_b18f,Integer,0,,Optional,"Change in urine smell","-7;-8;-9;0;1",,"Complete only if primary question  equals  1","B",""
q17_b18f1,Integer,0,,Optional,"Entered on Adverse Event form  Change in urine smell","-7;-8;-9;0;1",,"Complete only if symptom  equals  1","B",""
q17_b18g,Integer,0,,Optional,"Daytime bedwetting diurnal enuresis","-7;-8;-9;0;1",,"Complete only if primary question  equals  1","B",""
q17_b18g1,Integer,0,,Optional,"Entered on Adverse Event form  Diurnal enuresis","-7;-8;-9;0;1",,"Complete only if symptom  equals  1","B",""
q17_b18h,Integer,0,,Optional,"Nighttime bedwetting nocturnal enuresis","-7;-8;-9;0;1",,"Complete only if primary question  equals  1","B",""
q17_b18h1,Integer,0,,Optional,"Entered on Adverse Event form  Nocturnal enuresis","-7;-8;-9;0;1",,"Complete only if symptom  equals  1","B",""
q17_b18i,Integer,0,,Optional,"Other urinary problem","-7;-8;-9;0;1",,"Complete only if primary question  equals  1","B",""
q17_b18_s1,String,30,,Optional,"Other urinary problem Specify 1","",,"Complete only if symptom  equals  1","B",""
q17_b18i1,Integer,0,,Optional,"Entered on Adverse Event form  Other urinary problem","-7;-8;-9;0;1",,"Complete only if symptom  equals  1","B",""
q17_b18j,Integer,0,,Optional,"Other urinary problem","-7;-8;-9;0;1",,"Complete only if primary question  equals  1","B",""
q17_b18_s2,String,30,,Optional,"Other urinary problem Specify 2","",,"Complete only if symptom  equals  1","B",""
q17_b18j1,Integer,0,,Optional,"Entered on Adverse Event form  Other urinary problem","-7;-8;-9;0;1",,"Complete only if symptom  equals  1","B",""
q17_b18k,Integer,0,,Optional,"Other urinary problem","-7;-8;-9;0;1",,"Complete only if primary question  equals  1","B",""
q17_b18_s3,String,30,,Optional,"Other urinary problem Specify 3","",,"Complete only if symptom  equals  1","B",""
q17_b18k1,Integer,0,,Optional,"Entered on Adverse Event form  Other urinary problem","-7;-8;-9;0;1",,"Complete only if symptom  equals  1","B",""
q17_b19,Integer,0,,Required,"Any problems with muscle bones or joints","-7;-8;-9;0;1",,"Field should not be left blank. If missing please use -78 -9.","B",""
q17_b19a,Integer,0,,Optional,"Muscle or bone or joint ache or pain","-7;-8;-9;0;1",,"Complete only if primary question  equals  1","B",""
q17_b19_s1,String,30,,Optional,"Muscle or bone or joint ache or pain Specify","",,"Complete only if symptom  equals  1","B",""
q17_b19a1,Integer,0,,Optional,"Entered on Adverse Event form  Muscle or bone or joint ache or pain","-7;-8;-9;0;1",,"Complete only if symptom  equals  1","B",""
q17_b19b,Integer,0,,Optional,"Edema or swelling","-7;-8;-9;0;1",,"Complete only if primary question  equals  1","B",""
q17_b19_s2,String,30,,Optional,"Edema or swelling Specify","",,"Complete only if symptom  equals  1","B",""
q17_b19b1,Integer,0,,Optional,"Entered on Adverse Event form  Edema or swelling","-7;-8;-9;0;1",,"Complete only if symptom  equals  1","B",""
q17_b19c,Integer,0,,Optional,"Cramps or muscle contractions","-7;-8;-9;0;1",,"Complete only if primary question  equals  1","B",""
q17_b19_s3,String,30,,Optional,"Cramps or muscle contractions Specify","",,"Complete only if symptom  equals  1","B",""
q17_b19c1,Integer,0,,Optional,"Entered on Adverse Event form  Cramps or muscle contractions","-7;-8;-9;0;1",,"Complete only if symptom  equals  1","B",""
q17_b19d,Integer,0,,Optional,"Tingling or numbness in arms or legs paresthesias","-7;-8;-9;0;1",,"Complete only if primary question  equals  1","B",""
q17_b19d1,Integer,0,,Optional,"Entered on Adverse Event form  Tingling or numbness in arms or legs","-7;-8;-9;0;1",,"Complete only if symptom  equals  1","B",""
q17_b19e,Integer,0,,Optional,"Electric shock-like feelings in extremities","-7;-8;-9;0;1",,"Complete only if primary question  equals  1","B",""
q17_b19e1,Integer,0,,Optional,"Entered on Adverse Event form  Electric shock-like feelings in extremities","-7;-8;-9;0;1",,"Complete only if symptom  equals  1","B",""
q17_b19f,Integer,0,,Optional,"Other muscle or bone or joint problem","-7;-8;-9;0;1",,"Complete only if primary question  equals  1","B",""
q17_b19_s4,String,30,,Optional,"Other muscle or bone or joint problem Specify 1","",,"Complete only if symptom  equals  1","B",""
q17_b19f1,Integer,0,,Optional,"Entered on Adverse Event form  Other muscle or bone or joint problem","-7;-8;-9;0;1",,"Complete only if symptom  equals  1","B",""
q17_b19g,Integer,0,,Optional,"Other muscle or bone or joint problem","-7;-8;-9;0;1",,"Complete only if primary question  equals  1","B",""
q17_b19_s5,String,30,,Optional,"Other muscle or bone or joint problem Specify 2","",,"Complete only if symptom  equals  1","B",""
q17_b19g1,Integer,0,,Optional,"Entered on Adverse Event form  Other muscle or bone or joint problem","-7;-8;-9;0;1",,"Complete only if symptom  equals  1","B",""
q17_b19h,Integer,0,,Optional,"Other muscle or bone or joint problem","-7;-8;-9;0;1",,"Complete only if primary question  equals  1","B",""
q17_b19_s6,String,30,,Optional,"Other muscle or bone or joint problem Specify 3","",,"Complete only if symptom  equals  1","B",""
q17_b19h1,Integer,0,,Optional,"Entered on Adverse Event form  Other muscle or bone or joint problem","-7;-8;-9;0;1",,"Complete only if symptom  equals  1","B",""
q17_b20,Integer,0,,Required,"Any problems with skin hair or scalp","-7;-8;-9;0;1",,"Field should not be left blank. If missing please use -78 -9.","B",""
q17_b20a,Integer,0,,Optional,"More pimples or acne than usual","-7;-8;-9;0;1",,"Complete only if primary question  equals  1","B",""
q17_b20a1,Integer,0,,Optional,"Entered on Adverse Event form  More pimples or acne than usual","-7;-8;-9;0;1",,"Complete only if symptom  equals  1","B",""
q17_b20b,Integer,0,,Optional,"Skin blisters other than from friction or rubbing","-7;-8;-9;0;1",,"Complete only if primary question  equals  1","B",""
q17_b20b1,Integer,0,,Optional,"Entered on Adverse Event form  Skin blisters other than from friction or rubbing","-7;-8;-9;0;1",,"Complete only if symptom  equals  1","B",""
q17_b20c,Integer,0,,Optional,"Very dry hair or skin","-7;-8;-9;0;1",,"Complete only if primary question  equals  1","B",""
q17_b20c1,Integer,0,,Optional,"Entered on Adverse Event form  Very dry hair or skin","-7;-8;-9;0;1",,"Complete only if symptom  equals  1","B",""
q17_b20d,Integer,0,,Optional,"Very oily hair or skin","-7;-8;-9;0;1",,"Complete only if primary question  equals  1","B",""
q17_b20d1,Integer,0,,Optional,"Entered on Adverse Event form  Very oily hair or skin","-7;-8;-9;0;1",,"Complete only if symptom  equals  1","B",""
q17_b20e,Integer,0,,Optional,"Flaking scalp","-7;-8;-9;0;1",,"Complete only if primary question  equals  1","B",""
q17_b20e1,Integer,0,,Optional,"Entered on Adverse Event form  Flaking scalp","-7;-8;-9;0;1",,"Complete only if symptom  equals  1","B",""
q17_b20f,Integer,0,,Optional,"Change in body odor","-7;-8;-9;0;1",,"Complete only if primary question  equals  1","B",""
q17_b20f1,Integer,0,,Optional,"Entered on Adverse Event form  Change in body odor","-7;-8;-9;0;1",,"Complete only if symptom  equals  1","B",""
q17_b20g,Integer,0,,Optional,"Skin more sensitive to sun or looks different than usual","-7;-8;-9;0;1",,"Complete only if primary question  equals  1","B",""
q17_b20g1,Integer,0,,Optional,"Entered on Adverse Event form  Skin more sensitive to sun or looks different than usual","-7;-8;-9;0;1",,"Complete only if symptom  equals  1","B",""
q17_b20h,Integer,0,,Optional,"Hair brittle or falling out more than usual","-7;-8;-9;0;1",,"Complete only if primary question  equals  1","B",""
q17_b20h1,Integer,0,,Optional,"Entered on Adverse Event form  Hair brittle or falling out more than usual","-7;-8;-9;0;1",,"Complete only if symptom  equals  1","B",""
q17_b20i,Integer,0,,Optional,"Other skin or hair or scalp problem","-7;-8;-9;0;1",,"Complete only if primary question  equals  1","B",""
q17_b20_s1,String,30,,Optional,"Other skin or hair or scalp problem Specify 1","",,"Complete only if symptom  equals  1","B",""
q17_b20i1,Integer,0,,Optional,"Entered on Adverse Event form  Other skin or hair or scalp problem","-7;-8;-9;0;1",,"Complete only if symptom  equals  1","B",""
q17_b20j,Integer,0,,Optional,"Other skin or hair or scalp problem","-7;-8;-9;0;1",,"Complete only if primary question  equals  1","B",""
q17_b20_s2,String,30,,Optional,"Other skin or hair or scalp problem Specify 2","",,"Complete only if symptom  equals  1","B",""
q17_b20j1,Integer,0,,Optional,"Entered on Adverse Event form  Other skin or hair or scalp problem","-7;-8;-9;0;1",,"Complete only if symptom  equals  1","B",""
q17_b20k,Integer,0,,Optional,"Other skin or hair or scalp problem","-7;-8;-9;0;1",,"Complete only if primary question  equals  1","B",""
q17_b20_s3,String,30,,Optional,"Other skin or hair or scalp problem Specify 3","",,"Complete only if symptom  equals  1","B",""
q17_b20k1,Integer,0,,Optional,"Entered on Adverse Event form  Other skin or hair or scalp problem","-7;-8;-9;0;1",,"Complete only if symptom  equals  1","B",""
q17_b21,Integer,0,,Required,"Had any accidental or intentional injury","-7;-8;-9;0;1",,"Field should not be left blank. If missing please use -78 -9.","B",""
q17_b21a,Integer,0,,Optional,"Accidental injury","-7;-8;-9;0;1",,"Complete only if primary question  equals  1","B",""
q17_b21a1,Integer,0,,Optional,"Entered on Adverse Event form  Accidental injury","-7;-8;-9;0;1",,"Complete only if symptom  equals  1","B",""
q17_b21b,Integer,0,,Optional,"Medical or surgical procedure","-7;-8;-9;0;1",,"Complete only if primary question  equals  1","B",""
q17_b21b1,Integer,0,,Optional,"Entered on Adverse Event form  Medical or surgical procedure","-7;-8;-9;0;1",,"Complete only if symptom  equals  1","B",""
q17_b21c,Integer,0,,Optional,"Medicine IF NOT Interim Contact Specify on Concomitant therapies form","-7;-8;-9;0;1",,"Complete only if primary question  equals  1","B",""
q17_b21c1,Integer,0,,Optional,"Entered on Adverse Event form  Medicine","-7;-8;-9;0;1",,"Complete only if symptom  equals  1","B",""
q17_b21d,Integer,0,,Optional,"Other accident or emergency","-7;-8;-9;0;1",,"Complete only if primary question  equals  1","B",""
q17_b21_s1,String,30,,Optional,"Other accident or emergency Specify 1","",,"Complete only if symptom  equals  1","B",""
q17_b21d1,Integer,0,,Optional,"Entered on Adverse Event form  Other accident or emergency","-7;-8;-9;0;1",,"Complete only if symptom  equals  1","B",""
q17_b21e,Integer,0,,Optional,"Other accident or emergency","-7;-8;-9;0;1",,"Complete only if primary question  equals  1","B",""
q17_b21_s2,String,30,,Optional,"Other accident or emergency Specify 2","",,"Complete only if symptom  equals  1","B",""
q17_b21e1,Integer,0,,Optional,"Entered on Adverse Event form  Other accident or emergency","-7;-8;-9;0;1",,"Complete only if symptom  equals  1","B",""
q17_b21f,Integer,0,,Optional,"Other accident or emergency","-7;-8;-9;0;1",,"Complete only if primary question  equals  1","B",""
q17_b21_s3,String,30,,Optional,"Other accident or emergency Specify 3","",,"Complete only if symptom  equals  1","B",""
q17_b21f1,Integer,0,,Optional,"Entered on Adverse Event form  Other accident or emergency","-7;-8;-9;0;1",,"Complete only if symptom  equals  1","B",""
q17_b22,Integer,0,,Required,"Had any infection or been sick","-7;-8;-9;0;1",,"Field should not be left blank. If missing please use -78 -9.","B",""
q17_b22a,Integer,0,,Optional,"Respiratory tract infection","-7;-8;-9;0;1",,"Complete only if primary question  equals  1","B",""
q17_b22a1,Integer,0,,Optional,"Entered on Adverse Event form  Respiratory tract infection","-7;-8;-9;0;1",,"Complete only if symptom  equals  1","B",""
q17_b22b,Integer,0,,Optional,"Gastrointestinal infection","-7;-8;-9;0;1",,"Complete only if primary question  equals  1","B",""
q17_b22b1,Integer,0,,Optional,"Entered on Adverse Event form  Gastrointestinal infection","-7;-8;-9;0;1",,"Complete only if symptom  equals  1","B",""
q17_b22c,Integer,0,,Optional,"Urinary tract infection","-7;-8;-9;0;1",,"Complete only if primary question  equals  1","B",""
q17_b22c1,Integer,0,,Optional,"Entered on Adverse Event form  Urinary tract infection","-7;-8;-9;0;1",,"Complete only if symptom  equals  1","B",""
q17_b22d,Integer,0,,Optional,"Allergies","-7;-8;-9;0;1",,"Complete only if primary question  equals  1","B",""
q17_b22d1,Integer,0,,Optional,"Entered on Adverse Event form  Allergies","-7;-8;-9;0;1",,"Complete only if symptom  equals  1","B",""
q17_b22e,Integer,0,,Optional,"Swollen glands or lymph nodes","-7;-8;-9;0;1",,"Complete only if primary question  equals  1","B",""
q17_b22e1,Integer,0,,Optional,"Entered on Adverse Event form  Swollen glands or lymph nodes","-7;-8;-9;0;1",,"Complete only if symptom  equals  1","B",""
q17_b22f,Integer,0,,Optional,"Other site infection","-7;-8;-9;0;1",,"Complete only if primary question  equals  1","B",""
q17_b22_s1,String,30,,Optional,"Other site infection Specify","",,"Complete only if symptom  equals  1","B",""
q17_b22f1,Integer,0,,Optional,"Entered on Adverse Event form  Other site infection","-7;-8;-9;0;1",,"Complete only if symptom  equals  1","B",""
q17_b22g,Integer,0,,Optional,"Other intercurrent illness","-7;-8;-9;0;1",,"Complete only if primary question  equals  1","B",""
q17_b22_s2,String,30,,Optional,"Other intercurrent illness Specify 1","",,"Complete only if symptom  equals  1","B",""
q17_b22g1,Integer,0,,Optional,"Entered on Adverse Event form  Other intercurrent illness","-7;-8;-9;0;1",,"Complete only if symptom  equals  1","B",""
q17_b22h,Integer,0,,Optional,"Other intercurrent illness","-7;-8;-9;0;1",,"Complete only if primary question  equals  1","B",""
q17_b22_s3,String,30,,Optional,"Other intercurrent illness Specify 2","",,"Complete only if symptom  equals  1","B",""
q17_b22h1,Integer,0,,Optional,"Entered on Adverse Event form  Other intercurrent illness","-7;-8;-9;0;1",,"Complete only if symptom  equals  1","B",""
q17_b22i,Integer,0,,Optional,"Other intercurrent illness","-7;-8;-9;0;1",,"Complete only if primary question  equals  1","B",""
q17_b22_s4,String,30,,Optional,"Other intercurrent illness Specify 3","",,"Complete only if symptom  equals  1","B",""
q17_b22i1,Integer,0,,Optional,"Entered on Adverse Event form  Other intercurrent illness","-7;-8;-9;0;1",,"Complete only if symptom  equals  1","B",""
q17_b23,Integer,0,,Required,"Any blood drawn for any medical reason","-7;-8;-9;0;1",,"Field should not be left blank. If missing please use -78 -9.","B",""
q17_c1,String,10,,Required,"I noticed that  OBSERVATION . Has this been a problem?","",,"Field should not be left blank. If missing please use -78 -9.","C",""
q17_c1_s,String,100,,Optional,"I noticed that  OBSERVATION . Has this been a problem? Specify","",,"Complete only if problem  equals  1","C",""
q17_c1b,Integer,0,,Optional,"Entered on Adverse Event form  Other problem noticed","-7;-8;-9;0;1",,"Complete only if problem  equals  1","C",""
q17_c2,String,10,,Required,"FAMILY  mentioned that  PROBLEM . Had that been a problem","",,"Field should not be left blank. If missing please use -7, -8 -9.","C",""
q17_c2_s,String,100,,Optional,"FAMILY  mentioned that  PROBLEM . Had that been a problem Specify","",,"Complete only if problem  equals  1","C",""
q17_c2b,Integer,0,,Optional,"Entered on Adverse Events form  Other problem family mentioned","-7;-8;-9;0;1",,"Complete only if problem  equals  1","C",""
q17_c3,String,10,,Required,"Any problems caused by medicine","",,"Field should not be left blank. If missing please use -78 -9.","C",""
q17_c3_s,String,100,,Optional,"Any problems caused by medicine Specify","",,"Complete only if problem  equals  1","C",""
q17_c3b,Integer,0,,Optional,"Entered on Adverse Events form  problems caused by medicine","-7;-8;-9;0;1",,"Complete only if problem  equals  1","C",""
