ElementName,DataType,Size,Unit,Required,ElementDescription,ValueRange,Keywords,Notes,Section,Aliases
subjectkey,GUID,0,,Recommended,"The NDAR Global Unique Identifier (GUID) for subjects which identifies a subject in NDAR","NDAR*",,"","",""
patid,String,20,,Required,"src_Subject_id","",,"Patient IDs were assigned at the research site for CPEA and STAART","",""
network,String,20,,Required,"Network","",,"CPEA or STAART Network","",""
site,String,20,,Required,"Site","",,"CPEA or STAART Site","",""
study,String,100,,Required,"Study","",,"CPEA or STAART Study","",""
cycle,Integer,0,,Required,"Timepoint information","",,"","",""
q022,Integer,0,,Recommended,"ADI-R","0;-1",,"","",""
ados,Integer,0,,Recommended,"ADOS information available (0=No; 1=Yes)","0;1",,"","",""
q021,Integer,0,,Recommended,"Medical or Psychiatric History","0;-1",,"","",""
q001,Integer,0,,Recommended,"CASI","0; -1",,"checked, unchecked, 0=no, -1=yes","",""
da_autism,Integer,0,,Recommended,"Diagnosis of autism by both clinical evaluation and meeting or exceeding the algorithm cut-off on ADI and/or ADOS-G","0 to 2",,"","",""
da_age,Integer,0,,Recommended,"Age 30-58 months at screener","0 to 2",,"","",""
da_history,Integer,0,,Recommended,"Free of Rett Syndrome Childhood Disintegrative Disorder or Pervasive Developmental Disorder-Not otherwise specified","0 to 2",,"","",""
q019,Integer,0,,Recommended,"Physical Exam","0; -1",,"0=no, -1=yes","",""
q015,Integer,0,,Recommended,"Laboratory Analysis","0; -1",,"Not a scheduled evaluation at Weeks 0, 2, 4, 6, 8,10, 16, 20, 24, OL2, OL4, OL6, OL8, and OL10. Can be completed at these contacts if clinically indicated. 0=no, -1=yes.","",""
q014,Integer,0,,Recommended,"Concomitant Therapies","0; -1",,"0=no, -1=yes","",""
q045,Integer,0,,Recommended,"Non Pharmacologic Interventions","0;-1",,"","",""
pe_risk,Integer,0,,Recommended,"No chronic medical condition thought to increase risk associated with fluoxetine treatment evidenced by abnormal lab results","0 to 2",,"","",""
pe_med,Integer,0,,Recommended,"No chronic medical condition which require medication that might be affected by fluoxetine treatment","0 to 2",,"","",""
ct_ssri,Integer,0,,Recommended,"No prior exposure to any SSRIs","0 to 2",,"","",""
ct_psychotropic,Integer,0,,Recommended,"No need for ongoing psychotropic medications","0 to 2",,"","",""
ct_stimulants,Integer,0,,Recommended,"No use of stimulants during 5 days prior to baseline","0 to 2",,"","",""
ct_psychotropic14,Integer,0,,Recommended,"No use of psychotropic medication during 14 days prior to baseline","0 to 2",,"","",""
ct_therapy,Integer,0,,Recommended,"No initiation of a specialized educational behavior or diet interventionfor autism during the month prior to randomization","0 to 2",,"","",""
q033,Integer,0,,Recommended,"Stanford-Binet","0;-1",,"","",""
q029,Integer,0,,Recommended,"Mullen","0;-1",,"","",""
gs_fluoxetine,Integer,0,,Recommended,"Fluoxetine or norFluoxetine","0;-1",,"","",""
gs_serotonin,Integer,0,,Recommended,"Serotonin","0;-1",,"","",""
gs_par,Integer,0,,Recommended,"Genetic Repository Sample - participant","0;-1",,"","",""
gs_mat,Integer,0,,Recommended,"Genetic Repository Sample - maternal","0;-1",,"","",""
gs_pat,Integer,0,,Recommended,"Genetic Repository Sample - paternal","0;-1",,"","",""
vmc_moving,Integer,0,,Recommended,"Appears to be able to give reliable information about efficacy","0 to 2",,"","",""
vmc_appointments,Integer,0,,Recommended,"Likely to keep appointments","0 to 2",,"","",""
vmc_medications,Integer,0,,Recommended,"Likely to give or take medications and record usage","0 to 2",,"","",""
ci_referred,Integer,0,,Recommended,"Participant referred to case panel","0;-1",,"","",""
ci_referredother,String,200,,Recommended,"Participant referred to case panel Reason referred","",,"","",""
ci_eligible,Integer,0,,Recommended,"Participant eligible","0 to 2",,"","",""
ci_eligibleother,Date,0,,Recommended,"Case panel decision date","mm/yyyy; mm/dd/yyyy",,"","",""
ci_enrolled,Integer,0,,Recommended,"Participant enrolled","0;1",,"","",""
ci_refusedid,Integer,0,,Recommended,"Participant enrolled If refused reason","11; 12; 13; 14; 15; 16; 17;0",,"","",""
ci_refusedother,String,200,,Recommended,"Participant enrolled If refused reason 16 Specify","",,"Refusal codes 11 equals  Not willing to put child on medication 12 equals  Not willing to have child receive placebo 13 equals  Moving during study period 14 equals  Unable to keep appointments (transportation issues) 15 equals  Not interested 16 equals  Other (specify) 17 equals  Study Burden","",""
ci_comments,String,200,,Optional,"Comments","",,"","",""
ci_completed,Date,0,,Optional,"Date Contact Completed","MM/yyyy;MM/dd/yyyy",,"Should be filled out once the contact is final. TS will close out contact when this date is entered. If participant missed visit, enter the date the visit was supposed to occur. Recoded as dat_completed in SAS data set","",""
