ElementName,DataType,Size,Unit,Required,ElementDescription,ValueRange,Keywords,Notes,Section,Aliases
subjectkey,GUID,0,,Required,"","NDAR*",,"","",""
interview_date,Date,0,,Recommended,"","MM/yyyy;MM/dd/yyyy",,"* '01/01/1900' indicates that a date associated with retrospective data is not known.","","sb_date_std"
cycle,Integer,0,,Recommended,"","",,"","",""
patid,String,20,,Recommended,"","",,"Patient IDs were assigned at the research site for CPEA and STAART","",""
network,String,20,,Recommended,"","",,"CPEA or STAART Network","",""
site,String,20,,Recommended,"","",,"CPEA or STAART Site","",""
study,String,100,,Recommended,"","",,"CPEA or STAART Study","",""
sb_age,Integer,0,,Recommended,"","",,"","",""
sb_date,Integer,0,,Recommended,"","",,"","",""
sb_n3qr_2block2,Integer,0,,Recommended,"","",,"","",""
sb_fr_lci,Integer,0,,Recommended,"","",,"","",""
sb_fr_percent,Float,0,,Recommended,"","",,"","",""
sb_fr_stdscore,Integer,0,,Recommended,"","",,"","",""
sb_fr_sumss,Integer,0,,Recommended,"","",,"","",""
sb_fr_uci,Integer,0,,Recommended,"","",,"","",""
sb_fsiq_lci,Integer,0,,Recommended,"","",,"","",""
sb_fsiq_percent,Float,0,,Recommended,"","",,"","",""
sb_fsiq_stdscore,Integer,0,,Recommended,"","",,"","",""
sb_fsiq_sumss,Integer,0,,Recommended,"","",,"","",""
sb_fsiq_uci,Integer,0,,Recommended,"","",,"","",""
sb_kn_lci,Integer,0,,Recommended,"","",,"","",""
sb_kn_percent,Float,0,,Recommended,"","",,"","",""
sb_kn_stdscore,Integer,0,,Recommended,"","",,"","",""
sb_kn_sumss,Integer,0,,Recommended,"","",,"","",""
sb_kn_uci,Integer,0,,Recommended,"","",,"","",""
sb_n1kn_raw,Integer,0,,Recommended,"","",,"","",""
sb_n1qr_raw,Integer,0,,Recommended,"","",,"","",""
sb_n1vs_c,Integer,0,,Recommended,"","0;1",,"","",""
sb_n1vs_cs,Integer,0,,Recommended,"","0;1",,"","",""
sb_n1vs_cst,Integer,0,,Recommended,"","0;1",,"","",""
sb_n1vs_raw,Integer,0,,Recommended,"","",,"","",""
sb_n1vs_rcts,Integer,0,,Recommended,"","0;1",,"","",""
sb_n1wm_carl,Integer,0,,Recommended,"","0;1",,"","",""
sb_n1wm_carm,Integer,0,,Recommended,"","0;1",,"","",""
sb_n1wm_carr,Integer,0,,Recommended,"","0;1",,"","",""
sb_n1wm_duck,Integer,0,,Recommended,"","0;1",,"","",""
sb_n1wm_raw,Integer,0,,Recommended,"","",,"","",""
sb_n2kn_claps,Integer,0,,Recommended,"","0;1",,"","",""
sb_n2kn_drink,Integer,0,,Recommended,"","0;1",,"","",""
sb_n2kn_feed,Integer,0,,Recommended,"","0;1",,"","",""
sb_n2kn_knock,Integer,0,,Recommended,"","0;1",,"","",""
sb_n2kn_raw,Integer,0,,Recommended,"","",,"","",""
sb_n2kn_wash,Integer,0,,Recommended,"","0;1",,"","",""
sb_n2kn_waves,Integer,0,,Recommended,"","0;1",,"","",""
sb_n2qr_2blocks,Integer,0,,Recommended,"","0;1",,"","",""
sb_n2qr_3blocks,Integer,0,,Recommended,"","0;1",,"","",""
sb_n2qr_5rod,Integer,0,,Recommended,"","0;1",,"","",""
sb_n2qr_8rod,Integer,0,,Recommended,"","0;1",,"","",""
sb_n2qr_apples,Integer,0,,Recommended,"","0;1",,"","",""
sb_n2qr_birds,Integer,0,,Recommended,"","0;1",,"","",""
sb_n2qr_raw,Integer,0,,Recommended,"","",,"","",""
sb_n2vs_4c1,Integer,0,,Recommended,"","0;1",,"","",""
sb_n2vs_4c2,Integer,0,,Recommended,"","0;1",,"","",""
sb_n2vs_5c1,Integer,0,,Recommended,"","0;1",,"","",""
sb_n2vs_5c2,Integer,0,,Recommended,"","0;1",,"","",""
sb_n2vs_6c1,Integer,0,,Recommended,"","0;1",,"","",""
sb_n2vs_6c2,Integer,0,,Recommended,"","0;1",,"","",""
sb_n2vs_raw,Integer,0,,Recommended,"","",,"","",""
sb_n2wm_1,Integer,0,,Recommended,"","0;1",,"","",""
sb_n2wm_2,Integer,0,,Recommended,"","0;1",,"","",""
sb_n2wm_21,Integer,0,,Recommended,"","0;1",,"","",""
sb_n2wm_43,Integer,0,,Recommended,"","0;1",,"","",""
sb_n2wm_47,Integer,0,,Recommended,"","0;1",,"","",""
sb_n2wm_83,Integer,0,,Recommended,"","0;1",,"","",""
sb_n2wm_raw,Integer,0,,Recommended,"","",,"","",""
sb_n3kn_broom,Integer,0,,Recommended,"","0;1",,"","",""
sb_n3kn_plant,Integer,0,,Recommended,"","0;1",,"","",""
sb_n3kn_raw,Integer,0,,Recommended,"","",,"","",""
sb_n3kn_sciss,Integer,0,,Recommended,"","0;1",,"","",""
sb_n3kn_spoon,Integer,0,,Recommended,"","0;1",,"","",""
sb_n3kn_straw,Integer,0,,Recommended,"","0;1",,"","",""
sb_n3kn_whistle,Integer,0,,Recommended,"","0;1",,"","",""
sb_n3qr_1block,Integer,0,,Recommended,"","0;1",,"","",""
sb_n3qr_2block1,Integer,0,,Recommended,"","0;1",,"","",""
sb_rater,Integer,0,,Recommended,"","",,"","",""
sb_n3qr_2blocks2,Integer,0,,Recommended,"","0;1",,"","",""
sb_n3qr_3,Integer,0,,Recommended,"","0;1",,"","",""
sb_n3qr_3blocks,Integer,0,,Recommended,"","0;1",,"","",""
sb_n3qr_5,Integer,0,,Recommended,"","0;1",,"","",""
sb_n3qr_raw,Integer,0,,Recommended,"","",,"","",""
sb_n3vs_1,Integer,0,,Recommended,"","0;1;2",,"","",""
sb_n3vs_2,Integer,0,,Recommended,"","0;1;2",,"","",""
sb_n3vs_3,Integer,0,,Recommended,"","0;1;2",,"","",""
sb_n3vs_raw,Integer,0,,Recommended,"","",,"","",""
sb_n3wm_148,Integer,0,,Recommended,"","0;1",,"","",""
sb_n3wm_216,Integer,0,,Recommended,"","0;1",,"","",""
sb_n3wm_36,Integer,0,,Recommended,"","0;1",,"","",""
sb_n3wm_471,Integer,0,,Recommended,"","0;1",,"","",""
sb_n3wm_563,Integer,0,,Recommended,"","0;1",,"","",""
sb_n3wm_84,Integer,0,,Recommended,"","0;1",,"","",""
sb_n3wm_raw,Integer,0,,Recommended,"","",,"","",""
sb_n4kn_amer,Integer,0,,Recommended,"","0;1",,"","",""
sb_n4kn_branch,Integer,0,,Recommended,"","0;1",,"","",""
sb_n4kn_nest,Integer,0,,Recommended,"","0;1",,"","",""
sb_n4kn_raw,Integer,0,,Recommended,"","",,"","",""
sb_n4kn_scales,Integer,0,,Recommended,"","0;1",,"","",""
sb_n4kn_stamp,Integer,0,,Recommended,"","0;1",,"","",""
sb_n4kn_wind,Integer,0,,Recommended,"","0;1",,"","",""
sb_n4qr_2579,Integer,0,,Recommended,"","0;1",,"","",""
sb_n4qr_2c,Integer,0,,Recommended,"","0;1",,"","",""
sb_n4qr_4rod,Integer,0,,Recommended,"","0;1",,"","",""
sb_n4qr_6c,Integer,0,,Recommended,"","0;1",,"","",""
sb_n4qr_a,Integer,0,,Recommended,"","0;1",,"","",""
sb_n4qr_d,Integer,0,,Recommended,"","0;1",,"","",""
sb_n4qr_raw,Integer,0,,Recommended,"","",,"","",""
sb_n4vs_1,Integer,0,,Recommended,"","0;1;2",,"","",""
sb_n4vs_2,Integer,0,,Recommended,"","0;1;2",,"","",""
sb_n4vs_3,Integer,0,,Recommended,"","0;1;2",,"","",""
sb_n4vs_raw,Integer,0,,Recommended,"","",,"","",""
sb_n4wm_263,Integer,0,,Recommended,"","0;1",,"","",""
sb_n4wm_472,Integer,0,,Recommended,"","0;1",,"","",""
sb_n4wm_478,Integer,0,,Recommended,"","0;1",,"","",""
sb_n4wm_742,Integer,0,,Recommended,"","0;1",,"","",""
sb_n4wm_765,Integer,0,,Recommended,"","0;1",,"","",""
sb_n4wm_847,Integer,0,,Recommended,"","0;1",,"","",""
sb_n4wm_raw,Integer,0,,Recommended,"","",,"","",""
sb_n5kn_bubble,Integer,0,,Recommended,"","0;1",,"","",""
sb_n5kn_ice,Integer,0,,Recommended,"","0;1",,"","",""
sb_n5kn_image,Integer,0,,Recommended,"","0;1",,"","",""
sb_n5kn_jet,Integer,0,,Recommended,"","0;1",,"","",""
sb_n5kn_moon,Integer,0,,Recommended,"","0;1",,"","",""
sb_n5kn_raw,Integer,0,,Recommended,"","",,"","",""
sb_n5kn_shadow,Integer,0,,Recommended,"","0;1",,"","",""
sb_n5qr_2a,Integer,0,,Recommended,"","0;1",,"","",""
sb_n5qr_4a,Integer,0,,Recommended,"","0;1",,"","",""
sb_n5qr_b,Integer,0,,Recommended,"","0;1",,"","",""
sb_n5qr_c,Integer,0,,Recommended,"","0;1",,"","",""
sb_n5qr_d,Integer,0,,Recommended,"","0;1",,"","",""
sb_n5qr_e,Integer,0,,Recommended,"","0;1",,"","",""
sb_n5qr_raw,Integer,0,,Recommended,"","",,"","",""
sb_n5vs_1,Integer,0,,Recommended,"","0;1;2",,"","",""
sb_n5vs_2,Integer,0,,Recommended,"","0;1;2",,"","",""
sb_n5vs_3,Integer,0,,Recommended,"","0;1;2",,"","",""
sb_n5vs_raw,Integer,0,,Recommended,"","",,"","",""
sb_n5wm_128,Integer,0,,Recommended,"","0;1",,"","",""
sb_n5wm_235,Integer,0,,Recommended,"","0;1",,"","",""
sb_n5wm_614,Integer,0,,Recommended,"","0;1",,"","",""
sb_n5wm_672,Integer,0,,Recommended,"","0;1",,"","",""
sb_n5wm_675,Integer,0,,Recommended,"","0;1",,"","",""
sb_n5wm_837,Integer,0,,Recommended,"","0;1",,"","",""
sb_n5wm_raw,Integer,0,,Recommended,"","",,"","",""
sb_n6kn_bird,Integer,0,,Recommended,"","0;1",,"","",""
sb_n6kn_cuba,Integer,0,,Recommended,"","0;1",,"","",""
sb_n6kn_engine,Integer,0,,Recommended,"","0;1",,"","",""
sb_n6kn_glass,Integer,0,,Recommended,"","0;1",,"","",""
sb_n6kn_horn,Integer,0,,Recommended,"","0;1",,"","",""
sb_n6kn_raw,Integer,0,,Recommended,"","",,"","",""
sb_n6kn_road,Integer,0,,Recommended,"","0;1",,"","",""
sb_n6qr_a,Integer,0,,Recommended,"","0;1",,"","",""
sb_n6qr_b1,Integer,0,,Recommended,"","0;1",,"","",""
sb_n6qr_b2,Integer,0,,Recommended,"","0;1",,"","",""
sb_n6qr_c1,Integer,0,,Recommended,"","0;1",,"","",""
sb_n6qr_c2,Integer,0,,Recommended,"","0;1",,"","",""
sb_n6qr_d,Integer,0,,Recommended,"","0;1",,"","",""
sb_n6qr_raw,Integer,0,,Recommended,"","",,"","",""
sb_n6vs_1,Integer,0,,Recommended,"","0;1;2",,"","",""
sb_n6vs_2,Integer,0,,Recommended,"","0;1;2",,"","",""
sb_n6vs_3,Integer,0,,Recommended,"","0;1;2",,"","",""
sb_n6vs_raw,Integer,0,,Recommended,"","",,"","",""
sb_n6wm_2418,Integer,0,,Recommended,"","0;1",,"","",""
sb_n6wm_3584,Integer,0,,Recommended,"","0;1",,"","",""
sb_n6wm_3658,Integer,0,,Recommended,"","0;1",,"","",""
sb_n6wm_3846,Integer,0,,Recommended,"","0;1",,"","",""
sb_n6wm_4712,Integer,0,,Recommended,"","0;1",,"","",""
sb_n6wm_6235,Integer,0,,Recommended,"","0;1",,"","",""
sb_n6wm_raw,Integer,0,,Recommended,"","",,"","",""
sb_nfr_raw,Integer,0,,Recommended,"","",,"","",""
sb_nfr_ss,Integer,0,,Recommended,"","",,"","",""
sb_nkn_raw,Integer,0,,Recommended,"","",,"","",""
sb_nkn_ss,Integer,0,,Recommended,"","",,"","",""
sb_nqr_raw,Integer,0,,Recommended,"","",,"","",""
sb_nqr_ss,Integer,0,,Recommended,"","",,"","",""
sb_nviq_lci,Integer,0,,Recommended,"","",,"","",""
sb_nviq_percent,Float,0,,Recommended,"","",,"","",""
sb_nviq_stdscore,Integer,0,,Recommended,"","",,"","",""
sb_nviq_sumss,Integer,0,,Recommended,"","",,"","",""
sb_nviq_uci,Integer,0,,Recommended,"","",,"","",""
sb_nvs_raw,Integer,0,,Recommended,"","",,"","",""
sb_nvs_ss,Integer,0,,Recommended,"","",,"","",""
sb_nwm_raw,Integer,0,,Recommended,"","",,"","",""
sb_nwm_ss,Integer,0,,Recommended,"","",,"","",""
sb_qr_lci,Integer,0,,Recommended,"","",,"","",""
sb_qr_percent,Float,0,,Recommended,"","",,"","",""
sb_qr_stdscore,Integer,0,,Recommended,"","",,"","",""
sb_qr_sumss,Integer,0,,Recommended,"","",,"","",""
sb_qr_uci,Integer,0,,Recommended,"","",,"","",""
sb_rater_std,Date,0,,Recommended,"","MM/dd/yyyy",,"","",""
sb_rnfr_1,Integer,0,,Recommended,"","0;1",,"","",""
sb_rnfr_10,Integer,0,,Recommended,"","0;1",,"","",""
sb_rnfr_11,Integer,0,,Recommended,"","0;1",,"","",""
sb_rnfr_12,Integer,0,,Recommended,"","0;1",,"","",""
sb_rnfr_13,Integer,0,,Recommended,"","0;1",,"","",""
sb_rnfr_14,Integer,0,,Recommended,"","0;1",,"","",""
sb_rnfr_15,Integer,0,,Recommended,"","0;1",,"","",""
sb_rnfr_16,Integer,0,,Recommended,"","0;1",,"","",""
sb_rnfr_17,Integer,0,,Recommended,"","0;1",,"","",""
sb_rnfr_18,Integer,0,,Recommended,"","0;1",,"","",""
sb_rnfr_19,Integer,0,,Recommended,"","0;1",,"","",""
sb_rnfr_2,Integer,0,,Recommended,"","0;1",,"","",""
sb_rnfr_20,Integer,0,,Recommended,"","0;1",,"","",""
sb_rnfr_21,Integer,0,,Recommended,"","0;1",,"","",""
sb_rnfr_22,Integer,0,,Recommended,"","0;1",,"","",""
sb_rnfr_23,Integer,0,,Recommended,"","0;1",,"","",""
sb_rnfr_24,Integer,0,,Recommended,"","0;1",,"","",""
sb_rnfr_25,Integer,0,,Recommended,"","0;1",,"","",""
sb_rnfr_26,Integer,0,,Recommended,"","0;1",,"","",""
sb_rnfr_27,Integer,0,,Recommended,"","0;1",,"","",""
sb_rnfr_28,Integer,0,,Recommended,"","0;1",,"","",""
sb_rnfr_29,Integer,0,,Recommended,"","0;1",,"","",""
sb_rnfr_3,Integer,0,,Recommended,"","0;1",,"","",""
sb_rnfr_30,Integer,0,,Recommended,"","0;1",,"","",""
sb_rnfr_31,Integer,0,,Recommended,"","0;1",,"","",""
sb_rnfr_32,Integer,0,,Recommended,"","0;1",,"","",""
sb_rnfr_33,Integer,0,,Recommended,"","0;1",,"","",""
sb_rnfr_34,Integer,0,,Recommended,"","0;1",,"","",""
sb_rnfr_35,Integer,0,,Recommended,"","0;1",,"","",""
sb_rnfr_36,Integer,0,,Recommended,"","0;1",,"","",""
sb_rnfr_4,Integer,0,,Recommended,"","0;1",,"","",""
sb_rnfr_5,Integer,0,,Recommended,"","0;1",,"","",""
sb_rnfr_6,Integer,0,,Recommended,"","0;1",,"","",""
sb_rnfr_7,Integer,0,,Recommended,"","0;1",,"","",""
sb_rnfr_8,Integer,0,,Recommended,"","0;1",,"","",""
sb_rnfr_9,Integer,0,,Recommended,"","0;1",,"","",""
sb_rvkn_achrom,Integer,0,,Recommended,"","0;1;2",,"","",""
sb_rvkn_allow,Integer,0,,Recommended,"","0;1;2",,"","",""
sb_rvkn_antinomy,Integer,0,,Recommended,"","0;1;2",,"","",""
sb_rvkn_apple,Integer,0,,Recommended,"","0;1;2",,"","",""
sb_rvkn_ball,Integer,0,,Recommended,"","0;1",,"","",""
sb_rvkn_bird,Integer,0,,Recommended,"","0;1",,"","",""
sb_rvkn_casuistry,Integer,0,,Recommended,"","0;1;2",,"","",""
sb_rvkn_cat,Integer,0,,Recommended,"","0;1",,"","",""
sb_rvkn_credible,Integer,0,,Recommended,"","0;1;2",,"","",""
sb_rvkn_cup,Integer,0,,Recommended,"","0;1;2",,"","",""
sb_rvkn_curiosity,Integer,0,,Recommended,"","0;1;2",,"","",""
sb_rvkn_cutting,Integer,0,,Recommended,"","0;1",,"","",""
sb_rvkn_dog,Integer,0,,Recommended,"","0;1;2",,"","",""
sb_rvkn_dress,Integer,0,,Recommended,"","0;1;2",,"","",""
sb_rvkn_drinking,Integer,0,,Recommended,"","0;1",,"","",""
sb_rvkn_duck,Integer,0,,Recommended,"","0;1",,"","",""
sb_rvkn_eyelash,Integer,0,,Recommended,"","0;1;2",,"","",""
sb_rvkn_factory,Integer,0,,Recommended,"","0;1;2",,"","",""
sb_rvkn_fingers,Integer,0,,Recommended,"","0;1",,"","",""
sb_rvkn_friable,Integer,0,,Recommended,"","0;1;2",,"","",""
sb_rvkn_hair,Integer,0,,Recommended,"","0;1",,"","",""
sb_rvkn_halcyon,Integer,0,,Recommended,"","0;1;2",,"","",""
sb_rvkn_hat,Integer,0,,Recommended,"","0;1;2",,"","",""
sb_rvkn_homunc,Integer,0,,Recommended,"","0;1;2",,"","",""
sb_rvkn_incrust,Integer,0,,Recommended,"","0;1;2",,"","",""
sb_rvkn_inters,Integer,0,,Recommended,"","0;1;2",,"","",""
sb_rvkn_jitters,Integer,0,,Recommended,"","0;1;2",,"","",""
sb_rvkn_lend,Integer,0,,Recommended,"","0;1;2",,"","",""
sb_rvkn_mouth1,Integer,0,,Recommended,"","0;1",,"","",""
sb_rvkn_mouth2,Integer,0,,Recommended,"","0;1",,"","",""
sb_rvkn_niotitate,Integer,0,,Recommended,"","0;1;2",,"","",""
sb_rvkn_nose,Integer,0,,Recommended,"","0;1",,"","",""
sb_rvkn_pariah,Integer,0,,Recommended,"","0;1;2",,"","",""
sb_rvkn_parrot,Integer,0,,Recommended,"","0;1;2",,"","",""
sb_rvkn_penulti,Integer,0,,Recommended,"","0;1;2",,"","",""
sb_rvkn_perfunc,Integer,0,,Recommended,"","0;1;2",,"","",""
sb_rvkn_pococur,Integer,0,,Recommended,"","0;1;2",,"","",""
sb_rvkn_puddle,Integer,0,,Recommended,"","0;1;2",,"","",""
sb_rvkn_repose,Integer,0,,Recommended,"","0;1;2",,"","",""
sb_rvkn_running,Integer,0,,Recommended,"","0;1",,"","",""
sb_rvkn_skill,Integer,0,,Recommended,"","0;1;2",,"","",""
sb_rvkn_tirade,Integer,0,,Recommended,"","0;1;2",,"","",""
sb_rvkn_tying,Integer,0,,Recommended,"","0;1",,"","",""
sb_rvkn_writing,Integer,0,,Recommended,"","0;1",,"","",""
sb_v2fr_catball,Integer,0,,Recommended,"","0;1;2",,"","",""
sb_v2fr_laundry,Integer,0,,Recommended,"","0;1;2",,"","",""
sb_v2fr_puzzle,Integer,0,,Recommended,"","0;1;2",,"","",""
sb_v2fr_raw,Integer,0,,Recommended,"","",,"","",""
sb_v2qr_2dogs,Integer,0,,Recommended,"","0;1",,"","",""
sb_v2qr_3stars,Integer,0,,Recommended,"","0;1",,"","",""
sb_v2qr_5stars,Integer,0,,Recommended,"","0;1",,"","",""
sb_v2qr_count2b,Integer,0,,Recommended,"","0;1",,"","",""
sb_v2qr_count3,Integer,0,,Recommended,"","0;1",,"","",""
sb_v2qr_count3t,Integer,0,,Recommended,"","0;1",,"","",""
sb_v2qr_raw,Integer,0,,Recommended,"","",,"","",""
sb_v2vs_bottom,Integer,0,,Recommended,"","0;1",,"","",""
sb_v2vs_clown1,Integer,0,,Recommended,"","0;1",,"","",""
sb_v2vs_clown2,Integer,0,,Recommended,"","0;1",,"","",""
sb_v2vs_cup,Integer,0,,Recommended,"","0;1",,"","",""
sb_v2vs_house,Integer,0,,Recommended,"","0;1",,"","",""
sb_v2vs_raw,Integer,0,,Recommended,"","",,"","",""
sb_v2vs_table,Integer,0,,Recommended,"","0;1",,"","",""
sb_v2wm_2dogs,Integer,0,,Recommended,"","0;1;2",,"","",""
sb_v2wm_milk,Integer,0,,Recommended,"","0;1;2",,"","",""
sb_v2wm_raw,Integer,0,,Recommended,"","",,"","",""
sb_v2wm_trees,Integer,0,,Recommended,"","0;1;2",,"","",""
sb_v3fr_raw,Integer,0,,Recommended,"","",,"","",""
sb_v3qr_12people,Integer,0,,Recommended,"","0;1",,"","",""
sb_v3qr_4,Integer,0,,Recommended,"","0;1",,"","",""
sb_v3qr_4books,Integer,0,,Recommended,"","0;1",,"","",""
sb_v3qr_6,Integer,0,,Recommended,"","0;1",,"","",""
sb_v3qr_9,Integer,0,,Recommended,"","0;1",,"","",""
sb_v3qr_9stars,Integer,0,,Recommended,"","0;1",,"","",""
sb_v3qr_raw,Integer,0,,Recommended,"","",,"","",""
sb_v3vs_achild,Integer,0,,Recommended,"","0;1",,"","",""
sb_v3vs_bchild,Integer,0,,Recommended,"","0;1",,"","",""
sb_v3vs_bgirl,Integer,0,,Recommended,"","0;1",,"","",""
sb_v3vs_car,Integer,0,,Recommended,"","0;1",,"","",""
sb_v3vs_fgirl,Integer,0,,Recommended,"","0;1",,"","",""
sb_v3vs_raw,Integer,0,,Recommended,"","",,"","",""
sb_v3vs_road,Integer,0,,Recommended,"","0;1",,"","",""
sb_v3wm_circus,Integer,0,,Recommended,"","0;1;2",,"","",""
sb_v3wm_cry,Integer,0,,Recommended,"","0;1;2",,"","",""
sb_v3wm_movie,Integer,0,,Recommended,"","0;1;2",,"","",""
sb_v3wm_raw,Integer,0,,Recommended,"","",,"","",""
sb_v4fr_dress,Integer,0,,Recommended,"","0;1;2",,"","",""
sb_v4fr_ice,Integer,0,,Recommended,"","0;1;2",,"","",""
sb_v4fr_leg,Integer,0,,Recommended,"","0;1;2",,"","",""
sb_v4fr_raw,Integer,0,,Recommended,"","",,"","",""
sb_v4qr_10wk,Integer,0,,Recommended,"","0;1",,"","",""
sb_v4qr_16blo,Integer,0,,Recommended,"","0;1",,"","",""
sb_v4qr_20lb,Integer,0,,Recommended,"","0;1",,"","",""
sb_v4qr_24blo,Integer,0,,Recommended,"","0;1",,"","",""
sb_v4qr_4lines,Integer,0,,Recommended,"","0;1",,"","",""
sb_v4qr_count,Integer,0,,Recommended,"","0;1",,"","",""
sb_v4qr_raw,Integer,0,,Recommended,"","",,"","",""
sb_v4vs_car,Integer,0,,Recommended,"","0;1",,"","",""
sb_v4vs_lchild,Integer,0,,Recommended,"","0;1",,"","",""
sb_v4vs_park,Integer,0,,Recommended,"","0;1",,"","",""
sb_v4vs_raw,Integer,0,,Recommended,"","",,"","",""
sb_v4vs_rchild,Integer,0,,Recommended,"","0;1",,"","",""
sb_v4vs_roads,Integer,0,,Recommended,"","0;1",,"","",""
sb_v4vs_stadium,Integer,0,,Recommended,"","0;1",,"","",""
sb_v4wm_fastbark,Integer,0,,Recommended,"","0;1;2",,"","",""
sb_v4wm_flycry,Integer,0,,Recommended,"","0;1;2",,"","",""
sb_v4wm_raw,Integer,0,,Recommended,"","",,"","",""
sb_v4wm_talkfloat,Integer,0,,Recommended,"","0;1;2",,"","",""
sb_v5fr_bird,Integer,0,,Recommended,"","0;1;2",,"","",""
sb_v5fr_fruit,Integer,0,,Recommended,"","0;1;2",,"","",""
sb_v5fr_raw,Integer,0,,Recommended,"","",,"","",""
sb_v5fr_star,Integer,0,,Recommended,"","0;1;2",,"","",""
sb_v5qr_144tiles,Integer,0,,Recommended,"","0;1",,"","",""
sb_v5qr_18lines,Integer,0,,Recommended,"","0;1",,"","",""
sb_v5qr_1pint,Integer,0,,Recommended,"","0;1",,"","",""
sb_v5qr_2pints,Integer,0,,Recommended,"","0;1",,"","",""
sb_v5qr_4yrs,Integer,0,,Recommended,"","0;1",,"","",""
sb_v5qr_50min,Integer,0,,Recommended,"","0;1",,"","",""
sb_v5qr_raw,Integer,0,,Recommended,"","",,"","",""
sb_v5vs_1,Integer,0,,Recommended,"","0;1",,"","",""
sb_v5vs_2,Integer,0,,Recommended,"","0;1",,"","",""
sb_v5vs_3,Integer,0,,Recommended,"","0;1",,"","",""
sb_v5vs_4,Integer,0,,Recommended,"","0;1",,"","",""
sb_v5vs_5,Integer,0,,Recommended,"","0;1",,"","",""
sb_v5vs_6,Integer,0,,Recommended,"","0;1",,"","",""
sb_v5vs_raw,Integer,0,,Recommended,"","",,"","",""
sb_v5wm_hot,Integer,0,,Recommended,"","0;1;2",,"","",""
sb_v5wm_night,Integer,0,,Recommended,"","0;1;2",,"","",""
sb_v5wm_raw,Integer,0,,Recommended,"","",,"","",""
sb_v5wm_square,Integer,0,,Recommended,"","0;1;2",,"","",""
sb_v6fr_blade,Integer,0,,Recommended,"","0;1;2",,"","",""
sb_v6fr_coast,Integer,0,,Recommended,"","0;1;2",,"","",""
sb_v6fr_raw,Integer,0,,Recommended,"","",,"","",""
sb_v6fr_sun,Integer,0,,Recommended,"","0;1;2",,"","",""
sb_v6qr_10days1,Integer,0,,Recommended,"","0;1",,"","",""
sb_v6qr_10days2,Integer,0,,Recommended,"","0;1",,"","",""
sb_v6qr_233robots,Integer,0,,Recommended,"","0;1",,"","",""
sb_v6qr_24min,Integer,0,,Recommended,"","0;1",,"","",""
sb_v6qr_40min,Integer,0,,Recommended,"","0;1",,"","",""
sb_v6qr_60ways,Integer,0,,Recommended,"","0;1",,"","",""
sb_v6qr_raw,Integer,0,,Recommended,"","",,"","",""
sb_v6vs_11,Integer,0,,Recommended,"","0;1",,"","",""
sb_v6vs_13,Integer,0,,Recommended,"","0;1",,"","",""
sb_v6vs_ne,Integer,0,,Recommended,"","0;1",,"","",""
sb_v6vs_nw,Integer,0,,Recommended,"","0;1",,"","",""
sb_v6vs_raw,Integer,0,,Recommended,"","",,"","",""
sb_v6vs_south,Integer,0,,Recommended,"","0;1",,"","",""
sb_v6vs_west,Integer,0,,Recommended,"","0;1",,"","",""
sb_v6wm_applaud,Integer,0,,Recommended,"","0;1;2",,"","",""
sb_v6wm_black,Integer,0,,Recommended,"","0;1;2",,"","",""
sb_v6wm_longer,Integer,0,,Recommended,"","0;1;2",,"","",""
sb_v6wm_raw,Integer,0,,Recommended,"","",,"","",""
sb_version,String,35,,Recommended,"","",,"","",""
sb_vfr_raw,Integer,0,,Recommended,"","",,"","",""
sb_vfr_ss,Integer,0,,Recommended,"","",,"","",""
sb_viq_lci,Integer,0,,Recommended,"","",,"","",""
sb_viq_percent,Float,0,,Recommended,"","",,"","",""
sb_viq_stdscore,Integer,0,,Recommended,"","",,"","",""
sb_viq_sumss,Integer,0,,Recommended,"","",,"","",""
sb_viq_uci,Integer,0,,Recommended,"","",,"","",""
sb_vkn_raw,Integer,0,,Recommended,"","",,"","",""
sb_vkn_ss,Integer,0,,Recommended,"","",,"","",""
sb_vqr_raw,Integer,0,,Recommended,"","",,"","",""
sb_vqr_ss,Integer,0,,Recommended,"","",,"","",""
sb_vs_lci,Integer,0,,Recommended,"","",,"","",""
sb_vs_percent,Float,0,,Recommended,"","",,"","",""
sb_vs_stdscore,Integer,0,,Recommended,"","",,"","",""
sb_vs_sumss,Integer,0,,Recommended,"","",,"","",""
sb_vs_uci,Integer,0,,Recommended,"","",,"","",""
sb_vvs_raw,Integer,0,,Recommended,"","",,"","",""
sb_vvs_ss,Integer,0,,Recommended,"","",,"","",""
sb_vwm_raw,Integer,0,,Recommended,"","",,"","",""
sb_vwm_ss,Integer,0,,Recommended,"","",,"","",""
sb_wm_lci,Integer,0,,Recommended,"","",,"","",""
sb_wm_percent,Float,0,,Recommended,"","",,"","",""
sb_wm_stdscore,Integer,0,,Recommended,"","",,"","",""
sb_wm_sumss,Integer,0,,Recommended,"","",,"","",""
sb_wm_uci,Integer,0,,Recommended,"","",,"","",""
