ElementName,DataType,Size,Unit,Required,ElementDescription,ValueRange,Keywords,Notes,Section,Aliases
subjectkey,GUID,0,,Recommended,"The NDAR Global Unique Identifier (GUID) for subjects which identifies a subject in NDAR","NDAR*",,"","",""
network,String,20,,Recommended,"Network","",,"CPEA or STAART Network","",""
site,String,20,,Recommended,"Site","",,"CPEA or STAART Site","",""
study,String,100,,Recommended,"Study","",,"CPEA or STAART Study","",""
patid,String,20,,Required,"src_Subject_id","",,"Patient IDs were assigned at the research site for CPEA and STAART","HEADER","src_subjectkey"
cycle,Integer,0,,Required,"Timepoint information","",,"","HEADER",""
phase,Integer,0,,Recommended,"Phase","1; 2; 3; 4",,"","HEADER",""
interview_date,Date,0,,Required,"Date on which the interview/genetic test/sampling/imaging was completed","MM/yyyy;MM/dd/yyyy",,"* '01/01/1900' indicates that a date associated with retrospective data is not known.","",""
q18_date,String,10,,Required,"Date","",,"Required field. SAS Date","HEADER",""
q18_prim,Integer,0,,Recommended,"Primary Source: Mother","0; -1",,"Check if mother is primary source. 0=no; -1=yes.","HEADER","source_prim"
q18_prif,Integer,0,,Recommended,"Primary Source: Father","0; -1",,"Check if father is primary source. 0=no; -1=yes.","HEADER","source_prif"
q18_pric,Integer,0,,Recommended,"Primary Source: Child","0; -1",,"Check if child is primary source. 0=no; -1=yes.","HEADER","source_pric"
q18_prio,Integer,0,,Recommended,"Primary Source: Other","0; -1",,"Check if primary source not mother, father, child or teacher. Please check and enter in specify ¿Not Done¿ for IC that were not completed. 0=no; -1=yes.","HEADER","source_prio"
8_prio,Integer,0,,Recommended,"Primary Source: Other","0; -1",,"Check if primary source not mother, father, child or teacher. Please check and enter in specify ¿Not Done¿ for IC that were not completed. 0=no; -1=yes.","HEADER","source_prioq18_1a,Integer,0,,Recommended,"Research Staff","0; 1; -7; -8; -9",,"Field should not be left blank. If missing, please use -7,8, -9. Should be completed for all contacts ¿ interim, safety and taper contacts.","1",""
18_1a,Integer,0,,Recommended,"Research Staff","0; 1; -7; -8; -9",,"Field should not be left blank. If missing, please use -7,8, -9. Should be completed for all contacts ¿ interim, safety and taper contacts.","1",""q18_1b,Integer,0,,Recommended,"Treating clinician","0; 1; -7; -8; -9",,"Field should not be left blank. If missing, please use -7,8, -9. Should be completed for all contacts ¿ interim, safety and taper contacts.","1",""
18_1b,Integer,0,,Recommended,"Treating clinician","0; 1; -7; -8; -9",,"Field should not be left blank. If missing, please use -7,8, -9. Should be completed for all contacts ¿ interim, safety and taper contacts.","1",""q18_1c,Integer,0,,Recommended,"Other clinician","0; 1; -7; -8; -9",,"Field should not be left blank. If missing, please use -7,8, -9. Should be completed for all contacts ¿ interim, safety and taper contacts.","1",""
18_1c,Integer,0,,Recommended,"Other clinician","0; 1; -7; -8; -9",,"Field should not be left blank. If missing, please use -7,8, -9. Should be completed for all contacts ¿ interim, safety and taper contacts.","1",""q18_1d,Integer,0,,Recommended,"Guardian or family member","0; 1; -7; -8; -9",,"Field should not be left blank. If missing, please use -7,8, -9. Should be completed for all contacts ¿ interim, safety and taper contacts.","1",""
18_1d,Integer,0,,Recommended,"Guardian or family member","0; 1; -7; -8; -9",,"Field should not be left blank. If missing, please use -7,8, -9. Should be completed for all contacts ¿ interim, safety and taper contacts.","1",""q18_1e,Integer,0,,Recommended,"Other","0; 1; -7; -8; -9",,"Field should not be left blank. If missing, please use -7,8, -9. Should be completed for all contacts ¿ interim, safety and taper contacts.","1",""
18_1e,Integer,0,,Recommended,"Other","0; 1; -7; -8; -9",,"Field should not be left blank. If missing, please use -7,8, -9. Should be completed for all contacts ¿ interim, safety and taper contacts.","1",""q18_2a,Integer,0,,Recommended,"PHONE I contact (Phase I: 7 days after BASELINE)","0; 1; -7; -8; -9",,"Field should not be left blank. If missing, please use -7,8, -9. Should be completed for all contacts ¿ interim, safety and taper contacts.","2",""
18_2a,Integer,0,,Recommended,"PHONE I contact (Phase I: 7 days after BASELINE)","0; 1; -7; -8; -9",,"Field should not be left blank. If missing, please use -7,8, -9. Should be completed for all contacts ¿ interim, safety and taper contacts.","2",""q18_2b,Integer,0,,Recommended,"PHONE II contact (Open label:7 days after Open Label Baseline Date)","0; 1; -7; -8; -9",,"Field should not be left blank. If missing, please use -7,8, -9. Should be completed for all contacts ¿ interim, safety and taper contacts.","2",""
18_2b,Integer,0,,Recommended,"PHONE II contact (Open label:7 days after Open Label Baseline Date)","0; 1; -7; -8; -9",,"Field should not be left blank. If missing, please use -7,8, -9. Should be completed for all contacts ¿ interim, safety and taper contacts.","2",""q18_2c,Integer,0,,Recommended,"Missed scheduled visit","0; 1; -7; -8; -9",,"Field should not be left blank. If missing, please use -7,8, -9. Should be completed for all contacts ¿ interim, safety and taper contacts.","2",""
18_2c,Integer,0,,Recommended,"Missed scheduled visit","0; 1; -7; -8; -9",,"Field should not be left blank. If missing, please use -7,8, -9. Should be completed for all contacts ¿ interim, safety and taper contacts.","2",""q18_2d,Integer,0,,Recommended,"Final Taper contact","0; 1; -7; -8; -9",,"Field should not be left blank. If missing, please use -7,8, -9. Should be completed for all contacts ¿ interim, safety and taper contacts.","2",""
18_2d,Integer,0,,Recommended,"Final Taper contact","0; 1; -7; -8; -9",,"Field should not be left blank. If missing, please use -7,8, -9. Should be completed for all contacts ¿ interim, safety and taper contacts.","2",""q18_2e,Integer,0,,Recommended,"Taper contact","0; 1; -7; -8; -9",,"Field should not be left blank. If missing, please use -7,8, -9. Should be completed for all contacts ¿ interim, safety and taper contacts.","2",""
18_2e,Integer,0,,Recommended,"Taper contact","0; 1; -7; -8; -9",,"Field should not be left blank. If missing, please use -7,8, -9. Should be completed for all contacts ¿ interim, safety and taper contacts.","2",""q18_2f,Integer,0,,Recommended,"Other medication issue or follow-up","0; 1; -7; -8; -9",,"Field should not be left blank. If missing, please use -7,8, -9. Should be completed for all contacts ¿ interim, safety and taper contacts.","2",""
18_2f,Integer,0,,Recommended,"Other medication issue or follow-up","0; 1; -7; -8; -9",,"Field should not be left blank. If missing, please use -7,8, -9. Should be completed for all contacts ¿ interim, safety and taper contacts.","2",""q18_2g,Integer,0,,Recommended,"Adverse event/side effect","0; 1; -7; -8; -9",,"Field should not be left blank. If missing, please use -7,8, -9. Should be completed for all contacts ¿ interim, safety and taper contacts.","2",""
18_2g,Integer,0,,Recommended,"Adverse event/side effect","0; 1; -7; -8; -9",,"Field should not be left blank. If missing, please use -7,8, -9. Should be completed for all contacts ¿ interim, safety and taper contacts.","2",""q18_2_s,String,200,,Optional,"Other: Specify","",,"Complete only if q18_2j =1","2",""
q18_3,Float,0,,Recommended,"Current dose","0 to 40.00; -7; -8; -9;44",,"Field should not be left blank. If missing, please use -7,8, -9.","3",""
q18_3a,Integer,0,,Recommended,"Number of times per day","0 to 4; -7; -8; -9",,"Field should not be left blank. If missing, please use -7,8, -9.","3",""
q18_4,Integer,0,,Recommended,"Dosing change as a result of this contact","0; 1; -7; -8; -9",,"Field should not be left blank. If missing, please use -7,8, -9.","4",""
q18_5,Integer,0,,Recommended,"Mediciation lost or spilled during visit interval","0; 1; -7; -8; -9",,"Field should not be left blank. If missing, please use -7,8, -9.","5",""
q18_5_s1,String,200,,Optional,"Specify change to instructions","",,"","5",""
q18_5a1,Integer,0,,Optional,"Regimen change","-7; -8; -9; 0; 1",,"","5",""
q18_5a1a,Integer,0,,Optional,"Don't give for ___ days","-7; -8; -9; 0; 1",,"","5",""
q18_5_s2,String,200,,Optional,"Regimen change: Other","",,"","5",""
q18_5_s3,String,200,,Optional,"Reason(s) for regimen change","",,"","5",""
q18_5_s4,String,200,,Optional,"Medication regimen comments","",,"","5",""
q18_5b1,Float,0,,Optional,"Volume dispensed","-7; -8; -9; 0.0 to 999.9",,"","5",""
q18_5b2,Float,0,,Optional,"Updated total daily dose","-7;-8.-9; 0.5 to 20.0",,"","5",""
q18_5b3,Integer,0,,Optional,"Number of times per day","-7; -8; -9; 1  to 4",,"","5",""
q18_5_s5,String,200,,Optional,"Dosing change comments","",,"","5",""
q18_6,Integer,0,,Optional,"Medication Regimen","1 to 6; -7; -8; -9;0",,"Field should not be left blank. If missing, please use -7,8, -9.","6",""
q18_7_s1,String,200,,Optional,"Adverse Event 1","",,"","7",""
q18_7a1,Integer,0,,Optional,"Action needed","-7; -8; -9; 0; 1",,"","7",""
q18_7_s2,String,200,,Optional,"Action needed: Specify","",,"","7",""
q18_7_s3,String,200,,Optional,"Adverse Event 2","",,"","7",""
q18_7b1,Integer,0,,Optional,"Action needed","-7; -8; -9; 0; 1",,"","7",""
q18_7_s4,String,200,,Optional,"Action needed: Specify","",,"","7",""
q18_7_s5,String,200,,Optional,"Adverse Event 3","",,"","7",""
q18_7c1,Integer,0,,Optional,"Action needed","-7; -8; -9; 0; 1",,"","7",""
q18_7_s6,String,200,,Optional,"Action needed: Specify","",,"","7",""
q18_7_s7,String,200,,Optional,"Adverse Event 4","",,"","7",""
q18_7d1,Integer,0,,Optional,"Action needed","-7; -8; -9; 0; 1",,"","7",""
q18_7_s8,String,200,,Optional,"Action needed: Specify","",,"","7",""
q18_8,Integer,0,,Recommended,"Action taken","0; 1; -7; -8; -9",,"Field should not be left blank. If missing, please use -7,8, -9.","8",""
q18_8a,Integer,0,,Optional,"Sent medication","0; 1; -7; -8; -9",,"Complete only if q18_8 = 1","8",""
q18_8b,Integer,0,,Optional,"Treatment MD follow-up required","0; 1; -7; -8; -9",,"Complete only if q18_8 = 1","8",""
q18_8c,Integer,0,,Optional,"Other clinician follow-up required","0; 1; -7; -8; -9",,"Complete only if q18_8 = 1","8",""
q18_8_s1,String,200,,Optional,"Other clinician follow-up required: Specify","",,"Complete only if q18_8c = 1","8",""
q18_8d,Integer,0,,Optional,"Blind broken","0; 1; -7; -8; -9",,"Complete only if q18_8 = 1","8",""
q18_8e,Integer,0,,Optional,"Emergency procedures","0; 1; -7; -8; -9",,"Complete only if q18_8 = 1","8",""
q18_8f,Integer,0,,Optional,"Message left with guardian (only if compliance reminder)","0; 1; -7; -8; -9",,"Complete only if q18_8 = 1","8",""
q18_8g,Integer,0,,Optional,"Other","0; 1; -7; -8; -9",,"Complete only if q18_8 = 1","8",""
q18_8_s2,String,200,,Optional,"Other: Specify","",,"Complete only if q18_8g = 1","8",""
