ElementName,DataType,Size,Unit,Required,ElementDescription,ValueRange,Keywords,Notes,Section,Aliases
subjectkey,GUID,0,,Recommended,"The NDAR Global Unique Identifier (GUID) for subjects which identifies a subject in NDAR","NDAR*",,"","",""
patid,String,20,,Required,"src_Subject_id","",,"Patient IDs were assigned at the research site for CPEA and STAART","",""
network,String,20,,Required,"Network","",,"CPEA or STAART Network","",""
study,String,100,,Required,"Study","",,"CPEA or STAART Study","",""
site,String,20,,Required,"Site","",,"CPEA or STAART Site","",""
q1_date,String,10,,Required,"Date","",,"SAS Date","","q1_doi"
q1_1,Integer,0,,Recommended,"Child legal guardian","0;1",,"","1",""
gender,String,50,,Required,"Gender","M;F",,"","4",""
interview_date,Date,0,,Required,"Date on which the interview/genetic test/sampling/imaging was completed","MM/yyyy;MM/dd/yyyy",,"* '01/01/1900' indicates that a date associated with retrospective data is not known.","5",""
q1_6,String,200,,Optional,"How did you hear about this study","",,"","6",""
q1_7,String,200,,Optional,"Do you have time to complete the interview now","",,"","7",""
q1_8a,Integer,0,,Optional,"Child Hispanic or Latino","0;1",,"","8",""
q1_8b1,Integer,0,,Optional,"Child American Indian or Alaska Native","0;-1",,"","8",""
q1_8b2,Integer,0,,Optional,"Child Asian","0;-1",,"","8",""
q1_8b3,Integer,0,,Optional,"Child Black or African American","0;-1",,"","8",""
q1_8b4,Integer,0,,Optional,"Child Native Hawaiian or other Pacific Islander","0;1",,"","8",""
q1_8b5,Integer,0,,Optional,"Child White","0;-1",,"","8",""
q1_8b6,Integer,0,,Optional,"Child race other","0;-1",,"","8",""
q1_8b6other,String,100,,Optional,"Chile race other specify","",,"","8",""
q1_9,Integer,0,,Recommended,"Child been diagnosed with an Autism spectrum condition or PDD or Aspergers","0;1",,"","9",""
q1_10a,Integer,0,,Recommended,"Does you child take interest in other childern","0;1",,"","10",""
q1_10b,Integer,0,,Recommended,"Does you child use his or her finger to indicate interest in something by pointing","0;1",,"","10",""
q1_10c,Integer,0,,Recommended,"Does you child bring objects over to you to show you something","0;1",,"","10",""
q1_10d,Integer,0,,Recommended,"Does you child imitate you for example if you make a face will your child imitate it","0;1",,"","10",""
q1_10e,Integer,0,,Recommended,"Does you child respond to his or her name when you call","0;1",,"","10",""
q1_10f,Integer,0,,Recommended,"If you point at a toy across the room does you child look at it","0;1",,"","10",""
q1_10total,Integer,0,,Recommended,"Sum of endorsed items","0 to 6",,"","10",""
q1_10g,Integer,0,,Optional,"Would it be possibel for you to answer a questionnaire","0;1",,"","10",""
q1_11,Integer,0,,Recommended,"Has child ever been diagnosed with Rett Disorder or Child Disintegrative Disorder","0;1",,"","11",""
q1_11a,Integer,0,,Recommended,"Is there a reason to doubt diagnosis","0;1",,"","11",""
q1_12,Integer,0,,Recommended,"Has child had a seizure in the last six months","0;1",,"","12",""
q1_12a,Integer,0,,Recommended,"Is child receiving medication to control the seizures","0;1",,"","12",""
q1_13,Integer,0,,Recommended,"Does child have any chronic medical illness like thyroid problems hepatitis or heart problems","0;1",,"","13",""
q1_13a,Integer,0,,Recommended,"Is child receiving medication to control this problem","0;1",,"","13",""
q1_13b1,String,100,,Recommended,"What is the name of the condition","",,"","13",""
q1_13b2,String,100,,Recommended,"What is the name of the medication","",,"","13",""
q1_14,Integer,0,,Recommended,"Is child currently taking any medication","0;1",,"","14",""
q1_14a1,Integer,0,,Optional,"Medication Code","101 to 2099",,"","14",""
q1_14a2,String,100,,Optional,"Medication Specify","",,"","14",""
q1_14a3,String,100,,Optional,"Purpose","",,"","14",""
q1_14a4,Integer,0,,Optional,"Would you consider discontinuing Medication","0;1",,"","14",""
q1_14b1,Integer,0,,Optional,"Medication Code","101 to 2099",,"","14",""
q1_14b2,String,100,,Optional,"Medication Specify","",,"","14",""
q1_14b3,String,100,,Optional,"Purpose","",,"","14",""
q1_14b4,Integer,0,,Optional,"Would you consider discontinuing Medication","0;1",,"","14",""
q1_14c1,Integer,0,,Optional,"Medication Code","101 to 2099",,"","14",""
q1_14c2,String,100,,Optional,"Medication Specify","",,"","14",""
q1_14c3,String,100,,Optional,"Purpose","",,"","14",""
q1_14c4,Integer,0,,Optional,"Would you consider discontinuing Medication","0;1",,"","14",""
q1_14d1,Integer,0,,Optional,"Medication Code","101 to 2099",,"","14",""
q1_14d2,String,100,,Optional,"Medication Specify","",,"","14",""
q1_14d3,String,100,,Optional,"Purpose","",,"","14",""
q1_14d4,Integer,0,,Optional,"Would you consider discontinuing Medication","0;1",,"","14",""
q1_14e1,Integer,0,,Optional,"Medication Code","101 to 2099",,"","14",""
q1_14e2,String,100,,Optional,"Medication Specify","",,"","14",""
q1_14e3,String,100,,Optional,"Purpose","",,"","14",""
q1_14e4,Integer,0,,Optional,"Would you consider discontinuing Medication","0;1",,"","14",""
q1_14f1,Integer,0,,Optional,"Medication Code","101 to 2099",,"","14",""
q1_14f2,String,100,,Optional,"Medication Specify","",,"","14",""
q1_14f3,String,100,,Optional,"Purpose","",,"","14",""
q1_14f4,Integer,0,,Optional,"Would you consider discontinuing Medication","0;1",,"","14",""
q1_14g1,Integer,0,,Optional,"Medication Code","101 to 2099",,"","14",""
q1_14g2,String,100,,Optional,"Medication Specify","",,"","14",""
q1_14g3,String,100,,Optional,"Purpose","",,"","14",""
q1_14g4,Integer,0,,Optional,"Would you consider discontinuing Medication","0;1",,"","14",""
q1_14h1,Integer,0,,Optional,"Medication Code","101 to 2099",,"","14",""
q1_14h2,String,100,,Optional,"Medication Specify","",,"","14",""
q1_14h3,String,100,,Optional,"Purpose","",,"","14",""
q1_14h4,Integer,0,,Optional,"Would you consider discontinuing Medication","0;1",,"","14",""
q1_14i1,Integer,0,,Optional,"Medication Code","101 to 2099",,"","14",""
q1_14i2,String,100,,Optional,"Medication Specify","",,"","14",""
q1_14i3,String,100,,Optional,"Purpose","",,"","14",""
q1_14i4,Integer,0,,Optional,"Would you consider discontinuing Medication","0;1",,"","14",""
q1_15a1,Integer,0,,Optional,"Prozac Fluoxetine Ever Taken","0;1",,"","15",""
q1_15a2,String,100,,Optional,"Prozac Fluoxetine If taken largest dose and total duration","",,"","15",""
q1_15a3,Integer,0,,Optional,"Prozac Fluoxetine If taken was there a bad reaction","0;1",,"","15",""
q1_15a4,String,200,,Optional,"Prozac Fluoxetine If bad reaction Specify","",,"","15",""
q1_15b1,Integer,0,,Optional,"Celexa Citalopram Ever Taken","0;1",,"","15",""
q1_15b2,String,100,,Optional,"Celexa Citalopram If taken largest dose and total duration","",,"","15",""
q1_15b3,Integer,0,,Optional,"Celexa Citalopram If taken was there a bad reaction","0;1",,"","15",""
q1_15b4,String,100,,Optional,"Celexa Citalopram If bad reaction Specify","",,"","15",""
q1_15c1,Integer,0,,Optional,"Zoloft Sertraline Ever Taken","0;1",,"","15",""
q1_15c2,String,100,,Optional,"Zoloft Sertraline If taken largest dose and total duration","",,"","15",""
q1_15c3,Integer,0,,Optional,"Zoloft Sertraline If taken was there a bad reaction","0;1",,"","15",""
q1_15c4,String,100,,Optional,"Zoloft Sertraline If bad reaction Specify","",,"","15",""
q1_15d1,Integer,0,,Optional,"Lexapro Escitalopram Ever Taken","0;1",,"","15",""
q1_15d2,String,100,,Optional,"Lexapro Escitalopram If taken largest dose and total duration","",,"","15",""
q1_15d3,Integer,0,,Optional,"Lexapro Escitalopram If taken was there a bad reaction","0;1",,"","15",""
q1_15d4,String,100,,Optional,"Lexapro Escitalopram If bad reaction Specify","",,"","15",""
q1_15e1,Integer,0,,Optional,"Luvox Fluvoxamine Ever Taken","0;1",,"","15",""
q1_15e2,String,100,,Optional,"Luvox Fluvoxamine If taken largest dose and total duration","",,"","15",""
q1_15e3,Integer,0,,Optional,"Luvox Fluvoxamine If taken was there a bad reaction","0;1",,"","15",""
q1_15e4,String,100,,Optional,"Luvox Fluvoxamine If bad reaction Specify","",,"","15",""
q1_15f1,Integer,0,,Optional,"Paxil Paroxetine Ever Taken","0;1",,"","15",""
q1_15f2,String,100,,Optional,"Paxil Paroxetine If taken largest dose and total duration","",,"","15",""
q1_15f3,Integer,0,,Optional,"Paxil Paroxetine If taken was there a bad reaction","0;1",,"","15",""
q1_15f4,String,100,,Optional,"Paxil Paroxetine If bad reaction Specify","",,"","15",""
q1_15g1,Integer,0,,Optional,"Wellbuterin Buproprion Ever Taken","0;1",,"","15",""
q1_15g2,String,100,,Optional,"Wellbuterin Buproprion If taken largest dose and total duration","",,"","15",""
q1_15g3,Integer,0,,Optional,"Wellbuterin Buproprion If taken was there a bad reaction","0;1",,"","15",""
q1_15g4,String,100,,Optional,"Wellbuterin Buproprion If bad reaction Specify","",,"","15",""
q1_15h1,Integer,0,,Optional,"Imipramine Ever Taken","0;1",,"","15",""
q1_15h2,String,100,,Optional,"Imipramine If taken largest dose and total duration","",,"","15",""
q1_15h3,Integer,0,,Optional,"Imipramine If taken was there a bad reaction","0;1",,"","15",""
q1_15h4,String,100,,Optional,"Imipramine If bad reaction Specify","",,"","15",""
q1_15i1,Integer,0,,Optional,"Effexor Ever Taken","0;1",,"","15",""
q1_15i2,String,100,,Optional,"Effexor If taken largest dose and total duration","",,"","15",""
q1_15i3,Integer,0,,Optional,"Effexor If taken was there a bad reaction","0;1",,"","15",""
q1_15i4,String,100,,Optional,"Effexor If bad reaction Specify","",,"","15",""
q1_16,Integer,0,,Optional,"Are there other medications for the treatment of autism","0;1",,"","16",""
q1_16a1,Integer,0,,Optional,"Medication Code","101 to 2099",,"","16",""
q1_16a2,String,100,,Optional,"Medication Specify","",,"","16",""
q1_16a3,String,100,,Optional,"Reaction","",,"","16",""
q1_16b1,Integer,0,,Optional,"Medication Code","101 to 2099",,"","16",""
q1_16b2,String,100,,Optional,"Medication Specify","",,"","16",""
q1_16b3,String,100,,Optional,"Reaction","",,"","16",""
q1_16c1,Integer,0,,Optional,"Medication Code","101 to 2099",,"","16",""
q1_16c2,String,100,,Optional,"Medication Specify","",,"","16",""
q1_16c3,String,100,,Optional,"Reaction","",,"","16",""
q1_17,Integer,0,,Optional,"Is your child allergic to any medications","0;1",,"","17",""
q1_17a1,Integer,0,,Optional,"Medication Code","101 to 2099",,"","17",""
q1_17a2,String,100,,Optional,"Medication Specify","",,"","17",""
q1_17a3,String,100,,Optional,"Reaction","",,"","17",""
q1_17b1,Integer,0,,Optional,"Medication Code","101 to 2099",,"","17",""
q1_17b2,String,100,,Optional,"Medication Specify","",,"","17",""
q1_17b3,String,100,,Optional,"Reaction","",,"","17",""
q1_17c1,Integer,0,,Optional,"Medication Code","101 to 2099",,"","17",""
q1_17c2,String,100,,Optional,"Medication Specify","",,"","17",""
q1_17c3,String,100,,Optional,"Reaction","",,"","17",""
q1_18,Integer,0,,Optional,"Are you willing to consider giving child on one of these two medications","0;1",,"","18",""
q1_19,Integer,0,,Optional,"Has child started a new intensive behavioral program like Lovaas","0 to 2",,"","19",""
q1_19a,String,200,,Optional,"Can you tell me more about the program and your child started","",,"","19",""
q1_19b,Date,0,,Optional,"When will or did the program begin","MM/yyyy;MM/dd/yyyy",,"","19",""
q1_19c,Integer,0,,Optional,"Are you willing to delay starting any intensive behavioral program","0;1",,"","19",""
q1_20,Integer,0,,Optional,"Participant referred to Case Panel","0;1",,"","20",""
q1_20other,String,100,,Optional,"Reason referred","",,"","20",""
q1_21,Integer,0,,Recommended,"Participant Eligible","0 to 3",,"","21",""
q1_21other,Date,0,,Optional,"Case Panel decision Date","MM/yyyy;MM/dd/yyyy",,"","21",""
q1_22,Integer,0,,Optional,"Would you be willing to bring him or her in for further evaluation","0;1",,"","22",""
q1_23a,Integer,0,,Recommended,"Refusal reason code","11;12;13;14;15;16;17;0",,"","23",""
q1_23other,String,100,,Optional,"Refusal reason code Specify","",,"","23",""
q1_24,Integer,0,,Optional,"May we keep information in our database for reporting purposed","0;1",,"","24",""
q1_25,Integer,0,,Optional,"May we contact you about future studies that child may be eligible for","0;1",,"","25",""
q1_26a,Date,0,,Recommended,"Date of Screener Apppointment","MM/yyyy;MM/dd/yyyy",,"","26",""
q1_26b,String,20,,Recommended,"Time of Screener Appointment","",,"","26",""
q1_comments,String,200,,Optional,"Comments","",,"","RS",""
q1_completed,Date,0,,Required,"Date contact completed","MM/yyyy;MM/dd/yyyy",,"","RS",""
