ElementName,DataType,Size,Unit,Required,ElementDescription,ValueRange,Keywords,Notes,Section,Aliases
subjectkey,GUID,0,,Required,"The NDAR Global Unique Identifier (GUID) for subjects which identifies a subject in NDAR","NDAR*",,"","",""
cycle,Integer,0,,Recommended,"Timepoint information","",,"","",""
patid,String,20,,Recommended,"src_Subject_id","",,"Patient IDs were assigned at the research site for CPEA and STAART","",""
network,String,20,,Recommended,"Network","",,"CPEA or STAART Network","",""
site,String,20,,Recommended,"Site","",,"CPEA or STAART Site","",""
study,String,100,,Recommended,"Study","",,"CPEA or STAART Study","",""
toal_cql_q,Integer,0,,Recommended,"Quotients","55 - 150",,"","",""
toal_cqs_q,Integer,0,,Recommended,"Quotients","55 - 150",,"","",""
toal_cqsl_q,Integer,0,,Recommended,"Quotients","55 - 150",,"","",""
toal_sslg_rs,Integer,0,,Recommended,"Raw Scores","0 - 35",,"","",""
toal_sslg_std,Integer,0,,Recommended,"Std. Scores","0 - 20",,"","",""
toal_sslv_rs,Integer,0,,Recommended,"Raw Scores","0 - 35",,"","",""
toal_sslv_std,Integer,0,,Recommended,"Std. Scores","0 - 20",,"","",""
toal_sssg_rs,Integer,0,,Recommended,"Raw Scores","0 - 30",,"","",""
toal_sssg_std,Integer,0,,Recommended,"Std. Scores","0 - 20",,"","",""
toal_sssv_rs,Integer,0,,Recommended,"Raw Scores","0 - 25",,"","",""
toal_sssv_std,Integer,0,,Recommended,"Std. Scores","0 - 20",,"","",""
toal_version,String,35,,Recommended,"TOAL Version","",,"","",""
