ElementName,DataType,Size,Unit,Required,ElementDescription,ValueRange,Keywords,Notes,Section,Aliases
subjectkey,GUID,0,,Recommended,"The NDAR Global Unique Identifier (GUID) for subjects which identifies a subject in NDAR","NDAR*",,"","",""
patid,String,20,,Required,"src_Subject_id","",,"Patient IDs were assigned at the research site for CPEA and STAART","HEADER",""
network,String,20,,Required,"Network","",,"CPEA or STAART Network","",""
site,String,20,,Required,"Site","",,"CPEA or STAART Site","",""
study,String,100,,Required,"Study","",,"CPEA or STAART Study","",""
cycle,Integer,0,,Required,"Timepoint information","",,"","HEADER",""
phase,Integer,0,,Recommended,"Phase","1; 2; 3; 4",,"","HEADER",""
q14_date,String,10,,Required,"Date","",,"Required Field. SAS Date","HEADER",""
interview_date,Date,0,,Required,"Date on which the interview/genetic test/sampling/imaging was completed","MM/yyyy;MM/dd/yyyy",,"* '01/01/1900' indicates that a date associated with retrospective data is not known.","",""
q14_prim,Integer,0,,Recommended,"Primary Source: Mother","0; -1",,"Check if mother is primary source","HEADER",""
q14_prif,Integer,0,,Recommended,"Primary Source: Father","0; -1",,"Checl if father is primary source","HEADER",""
q14_pric,Integer,0,,Recommended,"Primary Source: Child","0; -1",,"Check if child is primary source","HEADER",""
q14_prio,Integer,0,,Recommended,"Primary Source: Other","0; -1",,"Check if primary source not mother, father, child or teacher.","HEADER",""
q14_1,Integer,0,,Required,"Anything upsetting happened: Past 3 months","0; 1; -7; -8; -9",,"Field should not be left blank. If missing, please use -7,8, -9.","1",""
q14_1_s1,String,250,,Recommended,"Anything upsetting happened: Past 3 months comments","",,"Complete if q14_1 = 1. Skip if answer is = 0, -7, -8, -9","1",""
q14_1_s2,String,30,,Recommended,"Anything upsetting happened: Past 3 months time frame","",,"Complete if q14_1 = 1. Complete only at screener visit.","1",""
q14_2,Integer,0,,Required,"Child's diet changed: Past 3 months","0; 1; -7; -8; -9",,"Field should not be left blank. If missing, please use -7,8, -9.","2",""
q14_2_s1,String,250,,Recommended,"Child's diet changed: Past 3 months comments","",,"Complete if q14_2 = 1. Skip if answer = 0, -7, -8, -9","2",""
q14_2_s2,String,30,,Recommended,"Child's diet changed: Past 3 months time frame","",,"Complete if q14_2 = 1. Complete only at screener visit","2",""
q14_3,Integer,0,,Required,"Nutritional supplements: Past 3 months","0; 1; -7; -8; -9",,"Field should not be left blank. If missing, please use -7,8, -9.","3",""
q14_3_s1,String,250,,Recommended,"Nutritional supplements: Past 3 months comments","",,"Complete if q14_3 = 1. Skip if answer = 0, -7, -8, -9","3",""
q14_3_s2,String,100,,Recommended,"Nutritional supplements: Past 3 months time frame","",,"Complete if q14_3 = 1. Complete only at screener visit","3",""
q14_4,Integer,0,,Recommended,"Has child taken any meds Past month","7;8;9;0;1",,"Field should not be left blank. If missing, please use 7,8, 9.","4",""
des002q014medcodeid,Integer,0,,Recommended,"Medication Code","101 to 2099",,"Use Medication Coding Document. ¿Other¿ codes (e.g., 199, 299, 399) may be used more than once if the participant is on more than one medication that is not listed in a classification group. If there is a change in the number of times per day (q14_time) or dose (q14_qty or q14_unit) of an existing medication, the original entry must be closed out and a new entry started. If an existing medication is no longer being taken, the original entry must be closed out.","4",""
s002q014medcodeid,Integer,0,,Recommended,"Medication Code","101 to 2099",,"Use Medication Coding Document. ¿Other¿ codes (e.g., 199, 299, 399) may be used more than once if the participant is on more than one medication that is not listed in a classification group. If there is a change in the number of times per day (q14_time) or dose (q14_qty or q14_unit) of an existing medication, the original entry must be closed out and a new entry started. If an existing medication is no longer being taken, the original entry must be closed out.","4","q14_cd_s,String,100,,Recommended,"Other medication: Specify","",,"Complete only if Medication Code ends with '99'","4",""
q14_start,String,10,,Recommended,"Date Started","",,"Complete if q14_4 equals  1, SAS Date","4",""
q14_time,String,4,,Recommended,"Times per day","",,"Complete if q14_5 = 1","4",""
q14_qty,Float,0,,Recommended,"Dose: Quantity","0.0 to 325; -7; -8; -9;",,"Complete if q14_5 = 1","4",""
q14_unit,String,10,,Recommended,"Dose: Unit","",,"Complete if q14_5 = 1","4",""
q14_tak,Integer,0,,Recommended,"Currently Taking","0; -1",,"Complete if q14_5 = 1","4",""
q14_stop,String,10,,Recommended,"If no, Date Stopped","",,"Complete if q14_5 = 1.Do not complete if q14_tak is selected, SAS Date","4",""
