ElementName,DataType,Size,Unit,Required,ElementDescription,ValueRange,Keywords,Notes,Section,Aliases
subjectkey,GUID,0,,Recommended,"","NDAR*",,"","",""
cycle,Integer,0,,Recommended,"","",,"","",""
patid,String,20,,Recommended,"","",,"Patient IDs were assigned at the research site for CPEA and STAART","",""
network,String,20,,Recommended,"","",,"CPEA or STAART Network","",""
site,String,20,,Recommended,"","",,"CPEA or STAART Site","",""
study,String,100,,Recommended,"","",,"CPEA or STAART Study","",""
vp_2005_adaptingage1_1,Integer,0,,Recommended,"","0; 1; 2; DK",,"","",""
vp_2005_adaptingage1_10,Integer,0,,Recommended,"","0; 1; 2; DK",,"","",""
vp_2005_adaptingage1_11,Integer,0,,Recommended,"","0; 1; 2; DK",,"","",""
vp_2005_adaptingage1_12,Integer,0,,Recommended,"","0; 1; 2; DK",,"","",""
vp_2005_adaptingage1_13,Integer,0,,Recommended,"","0; 1; 2; DK",,"","",""
vp_2005_adaptingage1_14,Integer,0,,Recommended,"","0; 1; 2; DK",,"","",""
vp_2005_adaptingage1_15,Integer,0,,Recommended,"","0; 1; 2; DK",,"","",""
vp_2005_adaptingage1_16,Integer,0,,Recommended,"","0; 1; 2; DK",,"","",""
vp_2005_adaptingage1_17,Integer,0,,Recommended,"","0; 1; 2; DK",,"","",""
vp_2005_adaptingage1_18,Integer,0,,Recommended,"","0; 1; 2; DK",,"","",""
vp_2005_adaptingage1_19,Integer,0,,Recommended,"","0; 1; 2; DK",,"","",""
vp_2005_adaptingage1_2,Integer,0,,Recommended,"","0; 1; 2; DK",,"","",""
vp_2005_adaptingage1_20,Integer,0,,Recommended,"","0; 1; 2; DK",,"","",""
vp_2005_adaptingage1_21,Integer,0,,Recommended,"","0; 1; 2; DK",,"","",""
vp_2005_adaptingage1_22,Integer,0,,Recommended,"","0; 1; 2; DK",,"","",""
vp_2005_adaptingage1_23,Integer,0,,Recommended,"","0; 1; 2; DK",,"","",""
vp_2005_adaptingage1_24,Integer,0,,Recommended,"","0; 1; 2; DK",,"","",""
vp_2005_adaptingage1_25,Integer,0,,Recommended,"","0; 1; 2; DK",,"","",""
vp_2005_adaptingage1_26,Integer,0,,Recommended,"","0; 1; 2; DK",,"","",""
vp_2005_adaptingage1_27,Integer,0,,Recommended,"","0; 1; 2; DK",,"","",""
vp_2005_adaptingage1_28,Integer,0,,Recommended,"","0; 1; 2; DK",,"","",""
vp_2005_adaptingage1_29,Integer,0,,Recommended,"","0; 1; 2; DK",,"","",""
vp_2005_adaptingage1_3,Integer,0,,Recommended,"","0; 1; 2; DK",,"","",""
vp_2005_adaptingage1_30,Integer,0,,Recommended,"","0; 1; 2; DK",,"","",""
vp_2005_adaptingage1_4,Integer,0,,Recommended,"","0; 1; 2; DK",,"","",""
vp_2005_adaptingage1_5,Integer,0,,Recommended,"","0; 1; 2; DK",,"","",""
vp_2005_adaptingage1_6,Integer,0,,Recommended,"","0; 1; 2; DK",,"","",""
vp_2005_adaptingage1_7,Integer,0,,Recommended,"","0; 1; 2; DK",,"","",""
vp_2005_adaptingage1_8,Integer,0,,Recommended,"","0; 1; 2; DK",,"","",""
vp_2005_adaptingage1_9,Integer,0,,Recommended,"","0; 1; 2; DK",,"","",""
vp_2005_cfsage1_1,Integer,0,,Recommended,"","0; 1; 2; DK",,"","",""
vp_2005_cfsage1_10,Integer,0,,Recommended,"","0; 1; 2; DK",,"","",""
vp_2005_cfsage1_11,Integer,0,,Recommended,"","0; 1; 2; DK",,"","",""
vp_2005_cfsage1_12,Integer,0,,Recommended,"","0; 1; 2; DK",,"","",""
vp_2005_cfsage1_13,Integer,0,,Recommended,"","0; 1; 2; DK",,"","",""
vp_2005_cfsage1_14,Integer,0,,Recommended,"","0; 1; 2; DK",,"","",""
vp_2005_cfsage1_15,Integer,0,,Recommended,"","0; 1; 2; DK",,"","",""
vp_2005_cfsage1_16,Integer,0,,Recommended,"","0; 1; 2; DK",,"","",""
vp_2005_cfsage1_17,Integer,0,,Recommended,"","0; 1; 2; DK",,"","",""
vp_2005_cfsage1_18,Integer,0,,Recommended,"","0; 1; 2; DK",,"","",""
vp_2005_cfsage1_19,Integer,0,,Recommended,"","0; 1; 2; DK",,"","",""
vp_2005_cfsage1_2,Integer,0,,Recommended,"","0; 1; 2; DK",,"","",""
vp_2005_cfsage1_20,Integer,0,,Recommended,"","0; 1; 2; DK",,"","",""
vp_2005_cfsage1_21,Integer,0,,Recommended,"","0; 1; 2; DK",,"","",""
vp_2005_cfsage1_22,Integer,0,,Recommended,"","0; 1; 2; DK",,"","",""
vp_2005_cfsage1_3,Integer,0,,Recommended,"","0; 1; 2; DK",,"","",""
vp_2005_cfsage1_4,Integer,0,,Recommended,"","0; 1; 2; DK",,"","",""
vp_2005_cfsage1_5,Integer,0,,Recommended,"","0; 1; 2; DK",,"","",""
vp_2005_cfsage1_6,Integer,0,,Recommended,"","0; 1; 2; DK",,"","",""
vp_2005_cfsage1_7,Integer,0,,Recommended,"","0; 1; 2; DK",,"","",""
vp_2005_cfsage1_8,Integer,0,,Recommended,"","0; 1; 2; DK",,"","",""
vp_2005_cfsage1_9,Integer,0,,Recommended,"","0; 1; 2; DK",,"","",""
vp_2005_cfsage2_23,Integer,0,,Recommended,"","0; 1; 2; DK",,"","",""
vp_2005_cfsage2_24,Integer,0,,Recommended,"","0; 1; 2; DK",,"","",""
vp_2005_cfsage2_25,Integer,0,,Recommended,"","0; 1; 2; DK",,"","",""
vp_2005_cfsage2_26,Integer,0,,Recommended,"","0; 1; 2; DK",,"","",""
vp_2005_cfsage2_27,Integer,0,,Recommended,"","0; 1; 2; DK",,"","",""
vp_2005_cfsage2_28,Integer,0,,Recommended,"","0; 1; 2; DK",,"","",""
vp_2005_cfsage2_29,Integer,0,,Recommended,"","0; 1; 2; DK",,"","",""
vp_2005_cfsage2_30,Integer,0,,Recommended,"","0; 1; 2; DK",,"","",""
vp_2005_cfsage2_31,Integer,0,,Recommended,"","0; 1; 2; DK",,"","",""
vp_2005_cfsage2_32,Integer,0,,Recommended,"","0; 1; 2; DK",,"","",""
vp_2005_cfsage2_33,Integer,0,,Recommended,"","0; 1; 2; DK",,"","",""
vp_2005_cfsage2_34,Integer,0,,Recommended,"","0; 1; 2; DK",,"","",""
vp_2005_cfsage2_35,Integer,0,,Recommended,"","0; 1; 2; DK",,"","",""
vp_2005_cfsage2_36,Integer,0,,Recommended,"","0; 1; 2; DK",,"","",""
vp_2005_cfsage2_37,Integer,0,,Recommended,"","0; 1; 2; DK",,"","",""
vp_2005_cfsage2_38,Integer,0,,Recommended,"","0; 1; 2; DK; N/O",,"","",""
vp_2005_cfsage2_39,Integer,0,,Recommended,"","0; 1; 2; DK; N/O",,"","",""
vp_2005_cfsage2_40,Integer,0,,Recommended,"","0; 1; 2; DK",,"","",""
vp_2005_cfsage2_41,Integer,0,,Recommended,"","0; 1; 2; DK",,"","",""
vp_2005_chsage1_1,Integer,0,,Recommended,"","0; 1; 2; DK",,"","",""
vp_2005_chsage1_2,Integer,0,,Recommended,"","0; 1; 2; DK",,"","",""
vp_2005_chsage1_3,Integer,0,,Recommended,"","0; 1; 2; DK",,"","",""
vp_2005_chsage1_4,Integer,0,,Recommended,"","0; 1; 2; DK",,"","",""
vp_2005_chsage1_5,Integer,0,,Recommended,"","0; 1; 2; DK",,"","",""
vp_2005_chsage1_6,Integer,0,,Recommended,"","0; 1; 2; DK",,"","",""
vp_2005_chsage2_10,Integer,0,,Recommended,"","0; 1; 2; DK; N/O",,"","",""
vp_2005_chsage2_11,Integer,0,,Recommended,"","0; 1; 2; DK",,"","",""
vp_2005_chsage2_12,Integer,0,,Recommended,"","0; 1; 2; DK",,"","",""
vp_2005_chsage2_13,Integer,0,,Recommended,"","0; 1; 2; DK",,"","",""
vp_2005_chsage2_14,Integer,0,,Recommended,"","0; 1; 2; DK; N/O",,"","",""
vp_2005_chsage2_15,Integer,0,,Recommended,"","0; 1; 2; DK",,"","",""
vp_2005_chsage2_16,Integer,0,,Recommended,"","0; 1; 2; DK",,"","",""
vp_2005_chsage2_17,Integer,0,,Recommended,"","0; 1; 2; DK",,"","",""
vp_2005_chsage2_18,Integer,0,,Recommended,"","0; 1; 2; DK",,"","",""
vp_2005_chsage2_19,Integer,0,,Recommended,"","0; 1; 2; DK",,"","",""
vp_2005_chsage2_20,Integer,0,,Recommended,"","0; 1; 2; DK",,"","",""
vp_2005_chsage2_21,Integer,0,,Recommended,"","0; 1; 2; DK",,"","",""
vp_2005_chsage2_22,Integer,0,,Recommended,"","0; 1; 2; DK",,"","",""
vp_2005_chsage2_23,Integer,0,,Recommended,"","0; 1; 2; DK",,"","",""
vp_2005_chsage2_24,Integer,0,,Recommended,"","0; 1; 2; DK",,"","",""
vp_2005_chsage2_7,Integer,0,,Recommended,"","0; 1; 2; DK",,"","",""
vp_2005_chsage2_8,Integer,0,,Recommended,"","0; 1; 2; DK",,"","",""
vp_2005_chsage2_9,Integer,0,,Recommended,"","0; 1; 2; DK",,"","",""
vp_2005_lauage1_1,Integer,0,,Recommended,"","0; 1; 2; DK",,"","",""
vp_2005_lauage1_10,Integer,0,,Recommended,"","0; 1; 2; DK",,"","",""
vp_2005_lauage1_11,Integer,0,,Recommended,"","0; 1; 2; DK",,"","",""
vp_2005_lauage1_12,Integer,0,,Recommended,"","0; 1; 2; DK",,"","",""
vp_2005_lauage1_13,Integer,0,,Recommended,"","0; 1; 2; DK",,"","",""
vp_2005_lauage1_14,Integer,0,,Recommended,"","0; 1; 2; DK",,"","",""
vp_2005_lauage1_15,Integer,0,,Recommended,"","0; 1; 2; DK",,"","",""
vp_2005_lauage1_16,Integer,0,,Recommended,"","0; 1; 2; DK",,"","",""
vp_2005_lauage1_17,Integer,0,,Recommended,"","0; 1; 2; DK",,"","",""
vp_2005_lauage1_18,Integer,0,,Recommended,"","0; 1; 2; DK",,"","",""
vp_2005_lauage1_19,Integer,0,,Recommended,"","0; 1; 2; DK",,"","",""
vp_2005_lauage1_2,Integer,0,,Recommended,"","0; 1; 2; DK",,"","",""
vp_2005_lauage1_20,Integer,0,,Recommended,"","0; 1; 2; DK",,"","",""
vp_2005_lauage1_3,Integer,0,,Recommended,"","0; 1; 2; DK",,"","",""
vp_2005_lauage1_4,Integer,0,,Recommended,"","0; 1; 2; DK",,"","",""
vp_2005_lauage1_5,Integer,0,,Recommended,"","0; 1; 2; DK",,"","",""
vp_2005_lauage1_6,Integer,0,,Recommended,"","0; 1; 2; DK",,"","",""
vp_2005_lauage1_7,Integer,0,,Recommended,"","0; 1; 2; DK",,"","",""
vp_2005_lauage1_8,Integer,0,,Recommended,"","0; 1; 2; DK",,"","",""
vp_2005_lauage1_9,Integer,0,,Recommended,"","0; 1; 2; DK",,"","",""
vp_2005_litcage1_1,Integer,0,,Recommended,"","0; 1; 2; DK",,"","",""
vp_2005_litcage1_10,Integer,0,,Recommended,"","0; 1; 2; DK; N/O",,"","",""
vp_2005_litcage1_11,Integer,0,,Recommended,"","0; 1; 2; DK",,"","",""
vp_2005_litcage1_2,Integer,0,,Recommended,"","0; 1; 2; DK",,"","",""
vp_2005_litcage1_3,Integer,0,,Recommended,"","0; 1; 2; DK; N/O",,"","",""
vp_2005_litcage1_4,Integer,0,,Recommended,"","0; 1; 2; DK",,"","",""
vp_2005_litcage1_5,Integer,0,,Recommended,"","0; 1; 2; DK",,"","",""
vp_2005_litcage1_6,Integer,0,,Recommended,"","0; 1; 2; DK",,"","",""
vp_2005_litcage1_7,Integer,0,,Recommended,"","0; 1; 2; DK",,"","",""
vp_2005_litcage1_8,Integer,0,,Recommended,"","0; 1; 2; DK",,"","",""
vp_2005_litcage1_9,Integer,0,,Recommended,"","0; 1; 2; DK",,"","",""
vp_2005_litcage2_12,Integer,0,,Recommended,"","0; 1; 2; DK",,"","",""
vp_2005_litcage2_13,Integer,0,,Recommended,"","0; 1; 2; DK",,"","",""
vp_2005_litcage2_14,Integer,0,,Recommended,"","0; 1; 2; DK",,"","",""
vp_2005_litcage2_15,Integer,0,,Recommended,"","0; 1; 2; DK",,"","",""
vp_2005_litcage2_16,Integer,0,,Recommended,"","0; 1; 2; DK",,"","",""
vp_2005_litcage2_17,Integer,0,,Recommended,"","0; 1; 2; DK",,"","",""
vp_2005_litcage2_18,Integer,0,,Recommended,"","0; 1; 2; DK",,"","",""
vp_2005_litcage2_19,Integer,0,,Recommended,"","0; 1; 2; DK",,"","",""
vp_2005_litcage2_20,Integer,0,,Recommended,"","0; 1; 2; DK",,"","",""
vp_2005_litcage2_21,Integer,0,,Recommended,"","0; 1; 2; DK",,"","",""
vp_2005_litcage2_22,Integer,0,,Recommended,"","0; 1; 2; DK",,"","",""
vp_2005_litcage3_23,Integer,0,,Recommended,"","0; 1; 2; DK",,"","",""
vp_2005_litcage3_24,Integer,0,,Recommended,"","0; 1; 2; DK",,"","",""
vp_2005_litcage3_25,Integer,0,,Recommended,"","0; 1; 2; DK; N/O",,"","",""
vp_2005_litcage3_26,Integer,0,,Recommended,"","0; 1; 2; DK",,"","",""
vp_2005_litcage3_27,Integer,0,,Recommended,"","0; 1; 2; DK",,"","",""
vp_2005_litcage3_28,Integer,0,,Recommended,"","0; 1; 2; DK",,"","",""
vp_2005_litcage3_29,Integer,0,,Recommended,"","0; 1; 2; DK; N/O",,"","",""
vp_2005_litcage3_30,Integer,0,,Recommended,"","0; 1; 2; DK",,"","",""
vp_2005_litcage3_31,Integer,0,,Recommended,"","0; 1; 2; DK; N/O",,"","",""
vp_2005_litcage3_32,Integer,0,,Recommended,"","0; 1; 2; DK",,"","",""
vp_2005_litcage3_33,Integer,0,,Recommended,"","0; 1; 2; DK",,"","",""
vp_2005_litcage3_34,Integer,0,,Recommended,"","0; 1; 2; DK",,"","",""
vp_2005_litcage3_35,Integer,0,,Recommended,"","0; 1; 2; DK",,"","",""
vp_2005_litcage3_36,Integer,0,,Recommended,"","0; 1; 2; DK",,"","",""
vp_2005_litcage3_37,Integer,0,,Recommended,"","0; 1; 2; DK",,"","",""
vp_2005_litcage3_38,Integer,0,,Recommended,"","0; 1; 2; DK",,"","",""
vp_2005_litcage3_39,Integer,0,,Recommended,"","0; 2; DK",,"","",""
vp_2005_litcage3_40,Integer,0,,Recommended,"","0; 1; 2; DK",,"","",""
vp_2005_litcage3_41,Integer,0,,Recommended,"","0; 1; 2; DK",,"","",""
vp_2005_litcage3_42,Integer,0,,Recommended,"","0; 2; DK",,"","",""
vp_2005_litcage3_43,Integer,0,,Recommended,"","0; 1; 2; DK",,"","",""
vp_2005_litcage3_44,Integer,0,,Recommended,"","0; 1; 2; DK",,"","",""
vp_2005_paultage1_1,Integer,0,,Recommended,"","0; 1; 2; DK",,"","",""
vp_2005_paultage1_2,Integer,0,,Recommended,"","0; 1; 2; DK",,"","",""
vp_2005_paultage1_3,Integer,0,,Recommended,"","0; 1; 2; DK",,"","",""
vp_2005_paultage1_4,Integer,0,,Recommended,"","0; 1; 2; DK",,"","",""
vp_2005_paultage1_5,Integer,0,,Recommended,"","0; 1; 2; DK",,"","",""
vp_2005_paultage1_6,Integer,0,,Recommended,"","0; 1; 2; DK",,"","",""
vp_2005_paultage1_7,Integer,0,,Recommended,"","0; 1; 2; DK",,"","",""
vp_2005_paultage1_8,Integer,0,,Recommended,"","0; 1; 2; DK",,"","",""
vp_2005_paultage1_9,Integer,0,,Recommended,"","0; 1; 2; DK",,"","",""
vp_2005_paultage2_10,Integer,0,,Recommended,"","0; 1; 2; DK",,"","",""
vp_2005_paultage2_11,Integer,0,,Recommended,"","0; 1; 2; DK",,"","",""
vp_2005_paultage2_12,Integer,0,,Recommended,"","0; 1; 2; DK",,"","",""
vp_2005_paultage2_13,Integer,0,,Recommended,"","0; 1; 2; DK",,"","",""
vp_2005_paultage2_14,Integer,0,,Recommended,"","0; 1; 2; DK",,"","",""
vp_2005_paultage2_15,Integer,0,,Recommended,"","0; 1; 2; DK",,"","",""
vp_2005_paultage2_16,Integer,0,,Recommended,"","0; 1; 2; DK",,"","",""
vp_2005_paultage2_17,Integer,0,,Recommended,"","0; 1; 2; DK",,"","",""
vp_2005_paultage2_18,Integer,0,,Recommended,"","0; 1; 2; DK",,"","",""
vp_2005_paultage2_19,Integer,0,,Recommended,"","0; 1; 2; DK",,"","",""
vp_2005_paultage2_20,Integer,0,,Recommended,"","0; 1; 2; DK",,"","",""
vp_2005_paultage2_21,Integer,0,,Recommended,"","0; 1; 2; DK",,"","",""
vp_2005_paultage2_22,Integer,0,,Recommended,"","0; 1; 2; DK",,"","",""
vp_2005_paultage3_23,Integer,0,,Recommended,"","0; 1; 2; DK",,"","",""
vp_2005_paultage3_24,Integer,0,,Recommended,"","0; 1; 2; DK",,"","",""
vp_2005_paultage3_25,Integer,0,,Recommended,"","0; 1; 2; DK",,"","",""
vp_2005_paultage3_26,Integer,0,,Recommended,"","0; 1; 2; DK",,"","",""
vp_2005_paultage3_27,Integer,0,,Recommended,"","0; 1; 2; DK",,"","",""
vp_2005_paultage3_28,Integer,0,,Recommended,"","0; 1; 2; DK",,"","",""
vp_2005_paultage3_29,Integer,0,,Recommended,"","0; 1; 2; DK",,"","",""
vp_2005_paultage3_30,Integer,0,,Recommended,"","0; 1; 2; DK",,"","",""
vp_2005_paultage3_31,Integer,0,,Recommended,"","0; 1; 2; DK",,"","",""
vp_2005_pb1sectiona_1,Integer,0,,Recommended,"","0; 1; 2",,"","",""
vp_2005_pb1sectiona_10,Integer,0,,Recommended,"","0; 1; 2",,"","",""
vp_2005_pb1sectiona_11,Integer,0,,Recommended,"","0; 1; 2",,"","",""
vp_2005_pb1sectiona_2,Integer,0,,Recommended,"","0; 1; 2",,"","",""
vp_2005_pb1sectiona_3,Integer,0,,Recommended,"","0; 1; 2",,"","",""
vp_2005_pb1sectiona_4,Integer,0,,Recommended,"","0; 1; 2",,"","",""
vp_2005_pb1sectiona_5,Integer,0,,Recommended,"","0; 1; 2",,"","",""
vp_2005_pb1sectiona_6,Integer,0,,Recommended,"","0; 1; 2",,"","",""
vp_2005_pb1sectiona_7,Integer,0,,Recommended,"","0; 1; 2",,"","",""
vp_2005_pb1sectiona_8,Integer,0,,Recommended,"","0; 1; 2",,"","",""
vp_2005_pb1sectiona_9,Integer,0,,Recommended,"","0; 1; 2",,"","",""
vp_2005_pb1sectionb_1,Integer,0,,Recommended,"","0; 1; 2",,"","",""
vp_2005_pb1sectionb_10,Integer,0,,Recommended,"","0; 1; 2",,"","",""
vp_2005_pb1sectionb_2,Integer,0,,Recommended,"","0; 1; 2",,"","",""
vp_2005_pb1sectionb_3,Integer,0,,Recommended,"","0; 1; 2",,"","",""
vp_2005_pb1sectionb_4,Integer,0,,Recommended,"","0; 1; 2",,"","",""
vp_2005_pb1sectionb_5,Integer,0,,Recommended,"","0; 1; 2",,"","",""
vp_2005_pb1sectionb_6,Integer,0,,Recommended,"","0; 1; 2",,"","",""
vp_2005_pb1sectionb_7,Integer,0,,Recommended,"","0; 1; 2",,"","",""
vp_2005_pb1sectionb_8,Integer,0,,Recommended,"","0; 1; 2",,"","",""
vp_2005_pb1sectionb_9,Integer,0,,Recommended,"","0; 1; 2",,"","",""
vp_2005_pb1sectionc_1,Integer,0,,Recommended,"","0; 1; 2",,"","",""
vp_2005_pb1sectionc_10,Integer,0,,Recommended,"","0; 1; 2",,"","",""
vp_2005_pb1sectionc_11,Integer,0,,Recommended,"","0; 1; 2",,"","",""
vp_2005_pb1sectionc_12,Integer,0,,Recommended,"","0; 1; 2",,"","",""
vp_2005_pb1sectionc_13,Integer,0,,Recommended,"","0; 1; 2",,"","",""
vp_2005_pb1sectionc_14,Integer,0,,Recommended,"","0; 1; 2",,"","",""
vp_2005_pb1sectionc_15,Integer,0,,Recommended,"","0; 1; 2",,"","",""
vp_2005_pb1sectionc_2,Integer,0,,Recommended,"","0; 1; 2",,"","",""
vp_2005_pb1sectionc_3,Integer,0,,Recommended,"","0; 1; 2",,"","",""
vp_2005_pb1sectionc_4,Integer,0,,Recommended,"","0; 1; 2",,"","",""
vp_2005_pb1sectionc_5,Integer,0,,Recommended,"","0; 1; 2",,"","",""
vp_2005_pb1sectionc_6,Integer,0,,Recommended,"","0; 1; 2",,"","",""
vp_2005_pb1sectionc_7,Integer,0,,Recommended,"","0; 1; 2",,"","",""
vp_2005_pb1sectionc_8,Integer,0,,Recommended,"","0; 1; 2",,"","",""
vp_2005_pb1sectionc_9,Integer,0,,Recommended,"","0; 1; 2",,"","",""
vp_2005_pb2sectiond_1,Integer,0,,Recommended,"","0; 1; 2; S; M",,"","",""
vp_2005_pb2sectiond_10,Integer,0,,Recommended,"","0; 1; 2; S; M",,"","",""
vp_2005_pb2sectiond_11,Integer,0,,Recommended,"","0; 1; 2; S; M",,"","",""
vp_2005_pb2sectiond_12,Integer,0,,Recommended,"","0; 1; 2; S; M",,"","",""
vp_2005_pb2sectiond_13,Integer,0,,Recommended,"","0; 1; 2; S; M",,"","",""
vp_2005_pb2sectiond_14,Integer,0,,Recommended,"","0; 1; 2; S; M",,"","",""
vp_2005_pb2sectiond_2,Integer,0,,Recommended,"","0; 1; 2; S; M",,"","",""
vp_2005_pb2sectiond_3,Integer,0,,Recommended,"","0; 1; 2; S; M",,"","",""
vp_2005_pb2sectiond_4,Integer,0,,Recommended,"","0; 1; 2; S; M",,"","",""
vp_2005_pb2sectiond_5,Integer,0,,Recommended,"","0; 1; 2; S; M",,"","",""
vp_2005_pb2sectiond_6,Integer,0,,Recommended,"","0; 1; 2; S; M",,"","",""
vp_2005_pb2sectiond_7,Integer,0,,Recommended,"","0; 1; 2; S; M",,"","",""
vp_2005_pb2sectiond_8,Integer,0,,Recommended,"","0; 1; 2; S; M",,"","",""
vp_2005_pb2sectiond_9,Integer,0,,Recommended,"","0; 1; 2; S; M",,"","",""
vp_2005_rawage1_1,Integer,0,,Recommended,"","0; 1; 2; DK",,"","",""
vp_2005_rawage1_10,Integer,0,,Recommended,"","0; 1; 2; DK",,"","",""
vp_2005_rawage1_11,Integer,0,,Recommended,"","0; 1; 2; DK",,"","",""
vp_2005_rawage1_12,Integer,0,,Recommended,"","0; 1; 2; DK",,"","",""
vp_2005_rawage1_13,Integer,0,,Recommended,"","0; 1; 2; DK",,"","",""
vp_2005_rawage1_2,Integer,0,,Recommended,"","0; 1; 2; DK",,"","",""
vp_2005_rawage1_3,Integer,0,,Recommended,"","0; 1; 2; DK",,"","",""
vp_2005_rawage1_4,Integer,0,,Recommended,"","0; 1; 2; DK",,"","",""
vp_2005_rawage1_5,Integer,0,,Recommended,"","0; 1; 2; DK",,"","",""
vp_2005_rawage1_6,Integer,0,,Recommended,"","0; 1; 2; DK",,"","",""
vp_2005_rawage1_7,Integer,0,,Recommended,"","0; 1; 2; DK",,"","",""
vp_2005_rawage1_8,Integer,0,,Recommended,"","0; 1; 2; DK",,"","",""
vp_2005_rawage1_9,Integer,0,,Recommended,"","0; 1; 2; DK",,"","",""
vp_2005_rawage2_14,Integer,0,,Recommended,"","0; 1; 2; DK",,"","",""
vp_2005_rawage2_15,Integer,0,,Recommended,"","0; 1; 2; DK",,"","",""
vp_2005_rawage2_16,Integer,0,,Recommended,"","0; 1; 2; DK",,"","",""
vp_2005_rawage2_17,Integer,0,,Recommended,"","0; 1; 2; DK",,"","",""
vp_2005_rawage2_18,Integer,0,,Recommended,"","0; 1; 2; DK",,"","",""
vp_2005_rawage2_19,Integer,0,,Recommended,"","0; 1; 2; DK",,"","",""
vp_2005_rawage2_20,Integer,0,,Recommended,"","0; 1; 2; DK",,"","",""
vp_2005_rawage2_21,Integer,0,,Recommended,"","0; 1; 2; DK",,"","",""
vp_2005_rawage2_22,Integer,0,,Recommended,"","0; 1; 2; DK",,"","",""
vp_2005_rawage2_23,Integer,0,,Recommended,"","0; 1; 2; DK",,"","",""
vp_2005_rawage2_24,Integer,0,,Recommended,"","0; 1; 2; DK",,"","",""
vp_2005_rawage2_25,Integer,0,,Recommended,"","0; 1; 2; DK",,"","",""
vp_2005_rtoage1_1,Integer,0,,Recommended,"","0; 1; 2; DK",,"","",""
vp_2005_rtoage1_10,Integer,0,,Recommended,"","0; 1; 2; DK",,"","",""
vp_2005_rtoage1_11,Integer,0,,Recommended,"","0; 1; 2; DK",,"","",""
vp_2005_rtoage1_2,Integer,0,,Recommended,"","0; 1; 2; DK",,"","",""
vp_2005_rtoage1_3,Integer,0,,Recommended,"","0; 1; 2; DK",,"","",""
vp_2005_rtoage1_4,Integer,0,,Recommended,"","0; 1; 2; DK",,"","",""
vp_2005_rtoage1_5,Integer,0,,Recommended,"","0; 1; 2; DK",,"","",""
vp_2005_rtoage1_6,Integer,0,,Recommended,"","0; 1; 2; DK",,"","",""
vp_2005_rtoage1_7,Integer,0,,Recommended,"","0; 1; 2; DK",,"","",""
vp_2005_rtoage1_8,Integer,0,,Recommended,"","0; 1; 2; DK",,"","",""
vp_2005_rtoage1_9,Integer,0,,Recommended,"","0; 1; 2; DK",,"","",""
vp_2005_rtoage2_12,Integer,0,,Recommended,"","0; 1; 2; DK",,"","",""
vp_2005_rtoage2_13,Integer,0,,Recommended,"","0; 1; 2; DK",,"","",""
vp_2005_rtoage2_14,Integer,0,,Recommended,"","0; 1; 2; DK",,"","",""
vp_2005_rtoage2_15,Integer,0,,Recommended,"","0; 1; 2; DK",,"","",""
vp_2005_rtoage2_16,Integer,0,,Recommended,"","0; 1; 2; DK",,"","",""
vp_2005_rtoage2_17,Integer,0,,Recommended,"","0; 1; 2; DK",,"","",""
vp_2005_rtoage2_18,Integer,0,,Recommended,"","0; 1; 2; DK",,"","",""
vp_2005_rtoage2_19,Integer,0,,Recommended,"","0; 1; 2; DK",,"","",""
vp_2005_rtoage2_20,Integer,0,,Recommended,"","0; 1; 2; DK",,"","",""
vp_2005_rtoage2_21,Integer,0,,Recommended,"","0; 1; 2; DK",,"","",""
vp_2005_rtoage3_22,Integer,0,,Recommended,"","0; 1; 2; DK",,"","",""
vp_2005_rtoage3_23,Integer,0,,Recommended,"","0; 1; 2; DK",,"","",""
vp_2005_rtoage3_24,Integer,0,,Recommended,"","0; 1; 2; DK",,"","",""
vp_2005_rtoage3_25,Integer,0,,Recommended,"","0; 1; 2; DK",,"","",""
vp_2005_rtoage3_26,Integer,0,,Recommended,"","0; 1; 2; DK",,"","",""
vp_2005_rtoage3_27,Integer,0,,Recommended,"","0; 1; 2; DK",,"","",""
vp_2005_rtoage3_28,Integer,0,,Recommended,"","0; 1; 2; DK",,"","",""
vp_2005_rtoage3_29,Integer,0,,Recommended,"","0; 1; 2; DK",,"","",""
vp_2005_rtoage3_30,Integer,0,,Recommended,"","0; 1; 2; DK",,"","",""
vp_2005_rtoage3_31,Integer,0,,Recommended,"","0; 1; 2; DK",,"","",""
vp_2005_rtoage3_32,Integer,0,,Recommended,"","0; 1; 2; DK",,"","",""
vp_2005_rtoage3_33,Integer,0,,Recommended,"","0; 1; 2; DK",,"","",""
vp_2005_rtoage3_34,Integer,0,,Recommended,"","0; 1; 2; DK",,"","",""
vp_2005_rtoage3_35,Integer,0,,Recommended,"","0; 1; 2; DK",,"","",""
vp_2005_rtoage3_36,Integer,0,,Recommended,"","0; 1; 2; DK",,"","",""
vp_2005_rtoage3_37,Integer,0,,Recommended,"","0; 1; 2; DK",,"","",""
vp_2005_rtoage3_38,Integer,0,,Recommended,"","0; 1; 2; DK",,"","",""
vp_2005_talkingage1_1,Integer,0,,Recommended,"","0; 1; 2; DK",,"","",""
vp_2005_talkingage1_10,Integer,0,,Recommended,"","0; 1; 2; DK",,"","",""
vp_2005_talkingage1_11,Integer,0,,Recommended,"","0; 1; 2; DK",,"","",""
vp_2005_talkingage1_12,Integer,0,,Recommended,"","0; 1; 2; DK",,"","",""
vp_2005_talkingage1_13,Integer,0,,Recommended,"","0; 1; 2; DK",,"","",""
vp_2005_talkingage1_14,Integer,0,,Recommended,"","0; 1; 2; DK",,"","",""
vp_2005_talkingage1_15,Integer,0,,Recommended,"","0; 1; 2; DK",,"","",""
vp_2005_talkingage1_16,Integer,0,,Recommended,"","0; 1; 2; DK",,"","",""
vp_2005_talkingage1_17,Integer,0,,Recommended,"","0; 1; 2; DK",,"","",""
vp_2005_talkingage1_18,Integer,0,,Recommended,"","0; 1; 2; DK",,"","",""
vp_2005_talkingage1_19,Integer,0,,Recommended,"","0; 1; 2; DK",,"","",""
vp_2005_talkingage1_2,Integer,0,,Recommended,"","0; 1; 2; DK",,"","",""
vp_2005_talkingage1_20,Integer,0,,Recommended,"","0; 1; 2; DK",,"","",""
vp_2005_talkingage1_21,Integer,0,,Recommended,"","0; 1; 2; DK",,"","",""
vp_2005_talkingage1_22,Integer,0,,Recommended,"","0; 1; 2; DK",,"","",""
vp_2005_talkingage1_23,Integer,0,,Recommended,"","0; 1; 2; DK",,"","",""
vp_2005_talkingage1_24,Integer,0,,Recommended,"","0; 1; 2; DK",,"","",""
vp_2005_talkingage1_25,Integer,0,,Recommended,"","0; 1; 2; DK",,"","",""
vp_2005_talkingage1_26,Integer,0,,Recommended,"","0; 1; 2; DK",,"","",""
vp_2005_talkingage1_27,Integer,0,,Recommended,"","0; 1; 2; DK",,"","",""
vp_2005_talkingage1_28,Integer,0,,Recommended,"","0; 1; 2; DK",,"","",""
vp_2005_talkingage1_29,Integer,0,,Recommended,"","0; 1; 2; DK",,"","",""
vp_2005_talkingage1_3,Integer,0,,Recommended,"","0; 1; 2; DK",,"","",""
vp_2005_talkingage1_30,Integer,0,,Recommended,"","0; 1; 2; DK",,"","",""
vp_2005_talkingage1_31,Integer,0,,Recommended,"","0; 1; 2; DK",,"","",""
vp_2005_talkingage1_32,Integer,0,,Recommended,"","0; 1; 2; DK",,"","",""
vp_2005_talkingage1_33,Integer,0,,Recommended,"","0; 1; 2; DK",,"","",""
vp_2005_talkingage1_34,Integer,0,,Recommended,"","0; 1; 2; DK",,"","",""
vp_2005_talkingage1_35,Integer,0,,Recommended,"","0; 1; 2; DK",,"","",""
vp_2005_talkingage1_36,Integer,0,,Recommended,"","0; 1; 2; DK",,"","",""
vp_2005_talkingage1_37,Integer,0,,Recommended,"","0; 1; 2; DK",,"","",""
vp_2005_talkingage1_38,Integer,0,,Recommended,"","0; 1; 2; DK",,"","",""
vp_2005_talkingage1_39,Integer,0,,Recommended,"","0; 1; 2; DK",,"","",""
vp_2005_talkingage1_4,Integer,0,,Recommended,"","0; 1; 2; DK",,"","",""
vp_2005_talkingage1_40,Integer,0,,Recommended,"","0; 1; 2; DK",,"","",""
vp_2005_talkingage1_41,Integer,0,,Recommended,"","0; 1; 2; DK",,"","",""
vp_2005_talkingage1_42,Integer,0,,Recommended,"","0; 1; 2; DK",,"","",""
vp_2005_talkingage1_43,Integer,0,,Recommended,"","0; 1; 2; DK",,"","",""
vp_2005_talkingage1_44,Integer,0,,Recommended,"","0; 1; 2; DK",,"","",""
vp_2005_talkingage1_45,Integer,0,,Recommended,"","0; 1; 2; DK",,"","",""
vp_2005_talkingage1_46,Integer,0,,Recommended,"","0; 1; 2; DK",,"","",""
vp_2005_talkingage1_47,Integer,0,,Recommended,"","0; 1; 2; DK",,"","",""
vp_2005_talkingage1_48,Integer,0,,Recommended,"","0; 1; 2; DK",,"","",""
vp_2005_talkingage1_49,Integer,0,,Recommended,"","0; 1; 2; DK",,"","",""
vp_2005_talkingage1_5,Integer,0,,Recommended,"","0; 1; 2; DK",,"","",""
vp_2005_talkingage1_50,Integer,0,,Recommended,"","0; 1; 2; DK",,"","",""
vp_2005_talkingage1_51,Integer,0,,Recommended,"","0; 1; 2; DK",,"","",""
vp_2005_talkingage1_52,Integer,0,,Recommended,"","0; 1; 2; DK",,"","",""
vp_2005_talkingage1_53,Integer,0,,Recommended,"","0; 1; 2; DK",,"","",""
vp_2005_talkingage1_54,Integer,0,,Recommended,"","0; 1; 2; DK",,"","",""
vp_2005_talkingage1_6,Integer,0,,Recommended,"","0; 1; 2; DK",,"","",""
vp_2005_talkingage1_7,Integer,0,,Recommended,"","0; 1; 2; DK",,"","",""
vp_2005_talkingage1_8,Integer,0,,Recommended,"","0; 1; 2; DK",,"","",""
vp_2005_talkingage1_9,Integer,0,,Recommended,"","0; 1; 2; DK",,"","",""
vp_2005_ulmage1_1,Integer,0,,Recommended,"","0; 1; 2; DK",,"","",""
vp_2005_ulmage1_10,Integer,0,,Recommended,"","0; 1; 2; DK",,"","",""
vp_2005_ulmage1_11,Integer,0,,Recommended,"","0; 1; 2; DK",,"","",""
vp_2005_ulmage1_12,Integer,0,,Recommended,"","0; 1; 2; DK",,"","",""
vp_2005_ulmage1_13,Integer,0,,Recommended,"","0; 1; 2; DK",,"","",""
vp_2005_ulmage1_14,Integer,0,,Recommended,"","0; 1; 2; DK",,"","",""
vp_2005_ulmage1_15,Integer,0,,Recommended,"","0; 1; 2; DK",,"","",""
vp_2005_ulmage1_2,Integer,0,,Recommended,"","0; 1; 2; DK",,"","",""
vp_2005_ulmage1_3,Integer,0,,Recommended,"","0; 1; 2; DK",,"","",""
vp_2005_ulmage1_4,Integer,0,,Recommended,"","0; 1; 2; DK",,"","",""
vp_2005_ulmage1_5,Integer,0,,Recommended,"","0; 1; 2; DK",,"","",""
vp_2005_ulmage1_6,Integer,0,,Recommended,"","0; 1; 2; DK",,"","",""
vp_2005_ulmage1_7,Integer,0,,Recommended,"","0; 1; 2; DK",,"","",""
vp_2005_ulmage1_8,Integer,0,,Recommended,"","0; 1; 2; DK",,"","",""
vp_2005_ulmage1_9,Integer,0,,Recommended,"","0; 1; 2; DK",,"","",""
vp_2005_ulmage2_16,Integer,0,,Recommended,"","0; 1; 2; DK",,"","",""
vp_2005_ulmage2_17,Integer,0,,Recommended,"","0; 1; 2; DK",,"","",""
vp_2005_ulmage2_18,Integer,0,,Recommended,"","0; 1; 2; DK",,"","",""
vp_2005_ulmage2_19,Integer,0,,Recommended,"","0; 1; 2; DK",,"","",""
vp_2005_ulmage2_20,Integer,0,,Recommended,"","0; 1; 2; DK",,"","",""
vp_2005_ulmage2_21,Integer,0,,Recommended,"","0; 1; 2; DK",,"","",""
vp_2005_ulmage2_22,Integer,0,,Recommended,"","0; 1; 2; DK",,"","",""
vp_2005_ulmage2_23,Integer,0,,Recommended,"","0; 1; 2; DK",,"","",""
vp_2005_ulmage2_24,Integer,0,,Recommended,"","0; 1; 2; DK",,"","",""
vp_2005_ulmage2_25,Integer,0,,Recommended,"","0; 1; 2; DK",,"","",""
vp_2005_ulmage3_26,Integer,0,,Recommended,"","0; 1; 2; DK",,"","",""
vp_2005_ulmage3_27,Integer,0,,Recommended,"","0; 1; 2; DK",,"","",""
vp_2005_ulmage3_28,Integer,0,,Recommended,"","0; 1; 2; DK",,"","",""
vp_2005_ulmage3_29,Integer,0,,Recommended,"","0; 1; 2; DK; N/O",,"","",""
vp_2005_ulmage3_30,Integer,0,,Recommended,"","0; 1; 2; DK",,"","",""
vp_2005_ulmage3_31,Integer,0,,Recommended,"","0; 1; 2; DK",,"","",""
vp_2005_ulmage3_32,Integer,0,,Recommended,"","0; 1; 2; DK",,"","",""
vp_2005_ulmage3_33,Integer,0,,Recommended,"","0; 1; 2; DK",,"","",""
vp_2005_ulmage3_34,Integer,0,,Recommended,"","0; 1; 2; DK",,"","",""
vp_2005_ulmage3_35,Integer,0,,Recommended,"","0; 1; 2; DK; N/O",,"","",""
vp_2005_ulmage3_36,Integer,0,,Recommended,"","0; 1; 2; DK",,"","",""
vp_2005_ulmage3_37,Integer,0,,Recommended,"","0; 1; 2; DK",,"","",""
vp_2005_ulmage3_38,Integer,0,,Recommended,"","0; 1; 2; DK",,"","",""
vp_2005_ulmage3_39,Integer,0,,Recommended,"","0; 1; 2; DK",,"","",""
vp_2005_ulmage3_40,Integer,0,,Recommended,"","0; 1; 2; DK; N/O",,"","",""
vp_2005_usmage1_1,Integer,0,,Recommended,"","0; 1; 2; DK",,"","",""
vp_2005_usmage1_10,Integer,0,,Recommended,"","0; 1; 2; DK",,"","",""
vp_2005_usmage1_2,Integer,0,,Recommended,"","0; 1; 2; DK",,"","",""
vp_2005_usmage1_3,Integer,0,,Recommended,"","0; 1; 2; DK",,"","",""
vp_2005_usmage1_4,Integer,0,,Recommended,"","0; 1; 2; DK",,"","",""
vp_2005_usmage1_5,Integer,0,,Recommended,"","0; 1; 2; DK",,"","",""
vp_2005_usmage1_6,Integer,0,,Recommended,"","0; 1; 2; DK",,"","",""
vp_2005_usmage1_7,Integer,0,,Recommended,"","0; 1; 2; DK",,"","",""
vp_2005_usmage1_8,Integer,0,,Recommended,"","0; 1; 2; DK",,"","",""
vp_2005_usmage1_9,Integer,0,,Recommended,"","0; 1; 2; DK",,"","",""
vp_2005_usmage2_11,Integer,0,,Recommended,"","0; 1; 2; DK",,"","",""
vp_2005_usmage2_12,Integer,0,,Recommended,"","0; 1; 2; DK",,"","",""
vp_2005_usmage2_13,Integer,0,,Recommended,"","0; 1; 2; DK",,"","",""
vp_2005_usmage2_14,Integer,0,,Recommended,"","0; 1; 2; DK",,"","",""
vp_2005_usmage2_15,Integer,0,,Recommended,"","0; 1; 2; DK",,"","",""
vp_2005_usmage2_16,Integer,0,,Recommended,"","0; 1; 2; DK",,"","",""
vp_2005_usmage2_17,Integer,0,,Recommended,"","0; 1; 2; DK",,"","",""
vp_2005_usmage2_18,Integer,0,,Recommended,"","0; 1; 2; DK",,"","",""
vp_2005_usmage2_19,Integer,0,,Recommended,"","0; 1; 2; DK",,"","",""
vp_2005_usmage2_20,Integer,0,,Recommended,"","0; 1; 2; DK",,"","",""
vp_2005_usmage2_21,Integer,0,,Recommended,"","0; 1; 2; DK",,"","",""
vp_2005_usmage2_22,Integer,0,,Recommended,"","0; 1; 2; DK",,"","",""
vp_2005_usmage2_23,Integer,0,,Recommended,"","0; 1; 2; DK",,"","",""
vp_2005_usmage2_24,Integer,0,,Recommended,"","0; 1; 2; DK",,"","",""
vp_2005_usmage2_25,Integer,0,,Recommended,"","0; 1; 2; DK",,"","",""
vp_2005_usmage2_26,Integer,0,,Recommended,"","0; 1; 2; DK",,"","",""
vp_2005_usmage2_27,Integer,0,,Recommended,"","0; 1; 2; DK",,"","",""
vp_2005_usmage2_28,Integer,0,,Recommended,"","0; 1; 2; DK",,"","",""
vp_2005_usmage2_29,Integer,0,,Recommended,"","0; 1; 2; DK",,"","",""
vp_2005_usmage2_30,Integer,0,,Recommended,"","0; 1; 2; DK",,"","",""
vp_2005_usmage2_31,Integer,0,,Recommended,"","0; 1; 2; DK",,"","",""
vp_2005_usmage2_32,Integer,0,,Recommended,"","0; 1; 2; DK; N/O",,"","",""
vp_2005_usmage2_33,Integer,0,,Recommended,"","0; 1; 2; DK",,"","",""
vp_2005_usmage2_34,Integer,0,,Recommended,"","0; 1; 2; DK; N/O",,"","",""
vp_2005_usmage2_35,Integer,0,,Recommended,"","0; 1; 2; DK",,"","",""
vp_2005_usmage2_36,Integer,0,,Recommended,"","0; 1; 2; DK; N/O",,"","",""
