ElementName,DataType,Size,Unit,Required,ElementDescription,ValueRange,Keywords,Notes,Section,Aliases
subjectkey,GUID,0,,Required,"","NDAR*",,"","",""
interview_date,Date,0,,Required,"","MM/yyyy;MM/dd/yyyy",,"* '01/01/1900' indicates that a date associated with retrospective data is not known.","","WPPSI_DATE_STD"
cycle,Integer,0,,Recommended,"","",,"","",""
patid,String,20,,Recommended,"","",,"Patient IDs were assigned at the research site for CPEA and STAART","",""
network,String,20,,Recommended,"","",,"CPEA or STAART Network","",""
site,String,20,,Recommended,"","",,"CPEA or STAART Site","",""
study,String,100,,Recommended,"","",,"CPEA or STAART Study","",""
wppsi_bld_ae,Integer,0,,Recommended,"","",,"","",""
wppsi_bld_rawscre,Integer,0,,Recommended,"","0  40",,"","",""
ppsi_bld_rawscre,Integer,0,,Recommended,"","0  40",,"","",""wppsi_bld_scldscre,Integer,0,,Recommended,"","0  20",,"","",""
ppsi_bld_scldscre,Integer,0,,Recommended,"","0  20",,"","",""wppsi_cdg_rawscre,Integer,0,,Recommended,"","0  65",,"","",""
ppsi_cdg_rawscre,Integer,0,,Recommended,"","0  65",,"","",""wppsi_cdg_scldscre,Integer,0,,Recommended,"","0  20",,"","",""
ppsi_cdg_scldscre,Integer,0,,Recommended,"","0  20",,"","",""wppsi_cmp_rawscre,Integer,0,,Recommended,"","0  38",,"","",""
ppsi_cmp_rawscre,Integer,0,,Recommended,"","0  38",,"","",""wppsi_cmp_scldscre,Integer,0,,Recommended,"","0  20",,"","",""
ppsi_cmp_scldscre,Integer,0,,Recommended,"","0  20",,"","",""wppsi_date,Integer,0,,Recommended,"","",,"","",""
wppsi_fiq_compscre,Integer,0,,Recommended,"","40  160",,"","",""
ppsi_fiq_compscre,Integer,0,,Recommended,"","40  160",,"","",""wppsi_fiq_sumscld,Integer,0,,Recommended,"","5  86",,"","",""
ppsi_fiq_sumscld,Integer,0,,Recommended,"","5  86",,"","",""wppsi_inf_rawscre,Integer,0,,Recommended,"","0  34",,"","",""
ppsi_inf_rawscre,Integer,0,,Recommended,"","0  34",,"","",""wppsi_inf_scldscre,Integer,0,,Recommended,"","0  20",,"","",""
ppsi_inf_scldscre,Integer,0,,Recommended,"","0  20",,"","",""wppsi_mxr_rawscre,Integer,0,,Recommended,"","0  29",,"","",""
ppsi_mxr_rawscre,Integer,0,,Recommended,"","0  29",,"","",""wppsi_mxr_scldscre,Integer,0,,Recommended,"","0  20",,"","",""
ppsi_mxr_scldscre,Integer,0,,Recommended,"","0  20",,"","",""wppsi_oba_ae,Integer,0,,Recommended,"","",,"","",""
wppsi_oba_rawscre,Integer,0,,Recommended,"","0  37",,"","",""
ppsi_oba_rawscre,Integer,0,,Recommended,"","0  37",,"","",""wppsi_oba_scldscre,Integer,0,,Recommended,"","0  20",,"","",""
ppsi_oba_scldscre,Integer,0,,Recommended,"","0  20",,"","",""wppsi_pcc_rawscre,Integer,0,,Recommended,"","0  32",,"","",""
ppsi_pcc_rawscre,Integer,0,,Recommended,"","0  32",,"","",""wppsi_pcc_scldscre,Integer,0,,Recommended,"","0  20",,"","",""
ppsi_pcc_scldscre,Integer,0,,Recommended,"","0  20",,"","",""wppsi_pcn_rawscre,Integer,0,,Recommended,"","0  28",,"","",""
ppsi_pcn_rawscre,Integer,0,,Recommended,"","0  28",,"","",""wppsi_pcn_scldscre,Integer,0,,Recommended,"","0  20",,"","",""
ppsi_pcn_scldscre,Integer,0,,Recommended,"","0  20",,"","",""wppsi_piq_compscre,Integer,0,,Recommended,"","45  155",,"","",""
ppsi_piq_compscre,Integer,0,,Recommended,"","45  155",,"","",""wppsi_piq_sumscld,Integer,0,,Recommended,"","2  58",,"","",""
ppsi_piq_sumscld,Integer,0,,Recommended,"","2  58",,"","",""wppsi_pnm_rawscre,Integer,0,,Recommended,"","0  30",,"","",""
ppsi_pnm_rawscre,Integer,0,,Recommended,"","0  30",,"","",""wppsi_pnm_scldscre,Integer,0,,Recommended,"","0  20",,"","",""
ppsi_pnm_scldscre,Integer,0,,Recommended,"","0  20",,"","",""wppsi_psd_compscre,Integer,0,,Recommended,"","46  150",,"","",""
ppsi_psd_compscre,Integer,0,,Recommended,"","46  150",,"","",""wppsi_psd_sumscld,Integer,0,,Recommended,"","2  38",,"","",""
ppsi_psd_sumscld,Integer,0,,Recommended,"","2  38",,"","",""wppsi_rcv_rawscre,Integer,0,,Recommended,"","0  38",,"","",""
ppsi_rcv_rawscre,Integer,0,,Recommended,"","0  38",,"","",""wppsi_rcv_scldscre,String,255,,Recommended,"","",,"","",""
wppsi_sbs_rawscre,Integer,0,,Recommended,"","0  50",,"","",""
ppsi_sbs_rawscre,Integer,0,,Recommended,"","0  50",,"","",""wppsi_sbs_scldscre,Integer,0,,Recommended,"","0  20",,"","",""
ppsi_sbs_scldscre,Integer,0,,Recommended,"","0  20",,"","",""wppsi_sml_rawscre,Integer,0,,Recommended,"","0  46",,"","",""
ppsi_sml_rawscre,Integer,0,,Recommended,"","0  46",,"","",""wppsi_sml_scldscre,Integer,0,,Recommended,"","0  20",,"","",""
ppsi_sml_scldscre,Integer,0,,Recommended,"","0  20",,"","",""wppsi_vcb_ae,Integer,0,,Recommended,"","",,"","",""
wppsi_vcb_rawscre,Integer,0,,Recommended,"","0  43",,"","",""
ppsi_vcb_rawscre,Integer,0,,Recommended,"","0  43",,"","",""wppsi_vcb_scldscre,Integer,0,,Recommended,"","0  20",,"","",""
ppsi_vcb_scldscre,Integer,0,,Recommended,"","0  20",,"","",""wppsi_version,String,35,,Recommended,"","",,"","",""
wppsi_viq_compscre,Integer,0,,Recommended,"","46  155",,"","",""
ppsi_viq_compscre,Integer,0,,Recommended,"","46  155",,"","",""wppsi_viq_scldscre,Integer,0,,Recommended,"","2  58",,"","",""
ppsi_viq_scldscre,Integer,0,,Recommended,"","2  58",,"","",""wppsi_wrs_rawscre,Integer,0,,Recommended,"","0  28",,"","",""
ppsi_wrs_rawscre,Integer,0,,Recommended,"","0  28",,"","",""wppsi_wrs_scldscre,Integer,0,,Recommended,"","0  20",,"","",""
ppsi_wrs_scldscre,Integer,0,,Recommended,"","0  20",,"","",""