ElementName,DataType,Size,Unit,Required,ElementDescription,ValueRange,Keywords,Notes,Section,Aliases
subjectkey,GUID,0,,Required,"","NDAR*",,"","",""
interview_date,Date,0,,Optional,"","MM/yyyy;MM/dd/yyyy",,"* '01/01/1900' indicates that a date associated with retrospective data is not known.","","WISC_DATE"
cycle,Integer,0,,Recommended,"","",,"","",""
patid,String,20,,Recommended,"","",,"Patient IDs were assigned at the research site for CPEA and STAART","",""
network,String,20,,Recommended,"","",,"CPEA or STAART Network","",""
site,String,20,,Recommended,"","",,"CPEA or STAART Site","",""
study,String,100,,Recommended,"","",,"CPEA or STAART Study","",""
wisc_age,Integer,0,,Recommended,"","",,"","",""
wisc_ar_apples,Integer,0,,Recommended,"","0;1",,"","",""
wisc_ar_bicycle,Integer,0,,Recommended,"","0; 1; 2",,"","",""
wisc_ar_birds,Integer,0,,Recommended,"","0;1",,"","",""
wisc_ar_books,Integer,0,,Recommended,"","0;1",,"","",""
wisc_ar_candy,Integer,0,,Recommended,"","0;1",,"","",""
wisc_ar_cars,Integer,0,,Recommended,"","0; 1; 2",,"","",""
wisc_ar_cookies,Integer,0,,Recommended,"","0;1",,"","",""
wisc_ar_crayons,Integer,0,,Recommended,"","0;1",,"","",""
wisc_ar_fs,Integer,0,,Recommended,"","",,"","",""
wisc_ar_money,Integer,0,,Recommended,"","0; 1; 2",,"","",""
wisc_ar_pencils,Integer,0,,Recommended,"","0;1",,"","",""
wisc_ar_pennies,Integer,0,,Recommended,"","0;1",,"","",""
wisc_ar_pens,Integer,0,,Recommended,"","0; 1; 2",,"","",""
wisc_ar_rawscre,Integer,0,,Recommended,"","",,"","",""
wisc_ar_ss,Integer,0,,Recommended,"","",,"","",""
wisc_ar_trees,Integer,0,,Recommended,"","0;1",,"","",""
wisc_bd_1,Integer,0,,Recommended,"","0; 1; 2",,"","",""
wisc_bd_10,Integer,0,,Recommended,"","0; 4; 5; 6; 7",,"","",""
wisc_bd_11,Integer,0,,Recommended,"","0; 4; 5; 6; 7",,"","",""
wisc_bd_12,Integer,0,,Recommended,"","0; 4; 5; 6; 7",,"","",""
wisc_bd_2,Integer,0,,Recommended,"","0; 1; 2",,"","",""
wisc_bd_3,Integer,0,,Recommended,"","0; 1; 2",,"","",""
wisc_bd_4,Integer,0,,Recommended,"","0; 4; 5; 6; 7",,"","",""
wisc_bd_5,Integer,0,,Recommended,"","0; 4; 5; 6; 7",,"","",""
wisc_bd_6,Integer,0,,Recommended,"","0; 4; 5; 6; 7",,"","",""
wisc_bd_7,Integer,0,,Recommended,"","0; 4; 5; 6; 7",,"","",""
wisc_bd_8,Integer,0,,Recommended,"","0; 4; 5; 6; 7",,"","",""
wisc_bd_9,Integer,0,,Recommended,"","0; 4; 5; 6; 7",,"","",""
wisc_bd_ae,Integer,0,,Recommended,"","",,"","",""
wisc_bd_fs,Integer,0,,Recommended,"","",,"","",""
wisc_bd_rawscre,Integer,0,,Recommended,"","",,"","",""
wisc_bd_ss,Integer,0,,Recommended,"","",,"","",""
wisc_cd_fs,Integer,0,,Recommended,"","",,"","",""
wisc_cd_rawscre,Integer,0,,Recommended,"","",,"","",""
wisc_cd_ss,Integer,0,,Recommended,"","",,"","",""
wisc_co_fight,Integer,0,,Recommended,"","0; 1; 2",,"","",""
wisc_co_fs,Integer,0,,Recommended,"","",,"","",""
wisc_co_inspect,Integer,0,,Recommended,"","0; 1; 2",,"","",""
wisc_co_lights,Integer,0,,Recommended,"","0; 1; 2",,"","",""
wisc_co_news,Integer,0,,Recommended,"","0; 1; 2",,"","",""
wisc_co_prom,Integer,0,,Recommended,"","0; 1; 2",,"","",""
wisc_co_rawscre,Integer,0,,Recommended,"","",,"","",""
wisc_co_seat,Integer,0,,Recommended,"","0; 1; 2",,"","",""
wisc_co_smoke,Integer,0,,Recommended,"","0; 1; 2",,"","",""
wisc_co_ss,Integer,0,,Recommended,"","",,"","",""
wisc_co_stamps,Integer,0,,Recommended,"","0; 1; 2",,"","",""
wisc_co_wallet,Integer,0,,Recommended,"","0; 1; 2",,"","",""
wisc_ds_longb,Integer,0,,Recommended,"","",,"","",""
wisc_ds_b1,Integer,0,,Recommended,"","0; 1; 2",,"","",""
wisc_ds_b2,Integer,0,,Recommended,"","0; 1; 2",,"","",""
wisc_ds_b3,Integer,0,,Recommended,"","0; 1; 2",,"","",""
wisc_ds_b4,Integer,0,,Recommended,"","0; 1; 2",,"","",""
wisc_ds_b5,Integer,0,,Recommended,"","0; 1; 2",,"","",""
wisc_ds_b6,Integer,0,,Recommended,"","0; 1; 2",,"","",""
wisc_ds_b7,Integer,0,,Recommended,"","0; 1; 2",,"","",""
wisc_ds_b8,Integer,0,,Recommended,"","0; 1; 2",,"","",""
wisc_ds_f1,Integer,0,,Recommended,"","0; 1; 2",,"","",""
wisc_ds_f2,Integer,0,,Recommended,"","0; 1; 2",,"","",""
wisc_ds_f3,Integer,0,,Recommended,"","0; 1; 2",,"","",""
wisc_ds_f4,Integer,0,,Recommended,"","0; 1; 2",,"","",""
wisc_ds_f5,Integer,0,,Recommended,"","0; 1; 2",,"","",""
wisc_ds_f6,Integer,0,,Recommended,"","0; 1; 2",,"","",""
wisc_ds_f7,Integer,0,,Recommended,"","0; 1; 2",,"","",""
wisc_ds_f8,Integer,0,,Recommended,"","0; 1; 2",,"","",""
wisc_ds_fs,Integer,0,,Recommended,"","",,"","",""
wisc_ds_longf,Integer,0,,Recommended,"","",,"","",""
wisc_oa_ae,Integer,0,,Recommended,"","",,"","",""
wisc_ds_rawb,Integer,0,,Recommended,"","0  14",,"","",""
isc_ds_rawb,Integer,0,,Recommended,"","0  14",,"","",""wisc_ds_rawf,Integer,0,,Recommended,"","0  16",,"","",""
isc_ds_rawf,Integer,0,,Recommended,"","0  16",,"","",""wisc_ds_rawscre,Integer,0,,Recommended,"","",,"","",""
wisc_ds_ss,Integer,0,,Recommended,"","",,"","",""
wisc_fd_cscore,Integer,0,,Recommended,"","",,"","",""
wisc_fd_sss,Integer,0,,Recommended,"","",,"","",""
wisc_fs_ci,Integer,0,,Recommended,"","",,"","",""
wisc_fs_cih,Integer,0,,Recommended,"","",,"","",""
wisc_fs_cil,Integer,0,,Recommended,"","",,"","",""
wisc_fs_cscore,Integer,0,,Recommended,"","",,"","",""
wisc_fs_percent,Float,0,,Recommended,"","",,"","",""
wisc_fs_sss,Integer,0,,Recommended,"","",,"","",""
wisc_in_baro,Integer,0,,Recommended,"","0;1",,"","",""
wisc_in_boil,Integer,0,,Recommended,"","0;1",,"","",""
wisc_in_coins,Integer,0,,Recommended,"","0;1",,"","",""
wisc_in_colum,Integer,0,,Recommended,"","0;1",,"","",""
wisc_in_darwin,Integer,0,,Recommended,"","0;1",,"","",""
wisc_in_dozen,Integer,0,,Recommended,"","0;1",,"","",""
wisc_in_ears,Integer,0,,Recommended,"","0;1",,"","",""
wisc_in_fs,Integer,0,,Recommended,"","",,"","",""
wisc_in_greece,Integer,0,,Recommended,"","0;1",,"","",""
wisc_in_hiero,Integer,0,,Recommended,"","0;1",,"","",""
wisc_in_legs,Integer,0,,Recommended,"","0;1",,"","",""
wisc_in_london,Integer,0,,Recommended,"","0;1",,"","",""
wisc_in_march,Integer,0,,Recommended,"","0;1",,"","",""
wisc_in_nose,Integer,0,,Recommended,"","0;1",,"","",""
wisc_in_oxygen,Integer,0,,Recommended,"","0;1",,"","",""
wisc_in_pop,Integer,0,,Recommended,"","0;1",,"","",""
wisc_in_rawscre,Integer,0,,Recommended,"","",,"","",""
wisc_in_rust,Integer,0,,Recommended,"","0;1",,"","",""
wisc_in_seas,Integer,0,,Recommended,"","0;1",,"","",""
wisc_in_ss,Integer,0,,Recommended,"","",,"","",""
wisc_in_stom,Integer,0,,Recommended,"","0;1",,"","",""
wisc_in_thurs,Integer,0,,Recommended,"","0;1",,"","",""
wisc_in_turpen,Integer,0,,Recommended,"","0;1",,"","",""
wisc_in_week,Integer,0,,Recommended,"","0;1",,"","",""
wisc_mz_rawscre,Integer,0,,Recommended,"","",,"","",""
wisc_mz_ss,Integer,0,,Recommended,"","",,"","",""
wisc_version,String,35,,Recommended,"","",,"","",""
wisc_oa_fs,Integer,0,,Recommended,"","",,"","",""
wisc_oa_rawscre,Integer,0,,Recommended,"","",,"","",""
wisc_oa_ss,Integer,0,,Recommended,"","",,"","",""
wisc_pa_fs,Integer,0,,Recommended,"","",,"","",""
wisc_pa_rawscre,Integer,0,,Recommended,"","",,"","",""
wisc_pa_ss,Integer,0,,Recommended,"","",,"","",""
wisc_pcm_bath,Integer,0,,Recommended,"","0;1",,"","",""
wisc_pcm_belt,Integer,0,,Recommended,"","0;1",,"","",""
wisc_pcm_bulb,Integer,0,,Recommended,"","0;1",,"","",""
wisc_pcm_cat,Integer,0,,Recommended,"","0;1",,"","",""
wisc_pcm_clock,Integer,0,,Recommended,"","0;1",,"","",""
wisc_pcm_dice,Integer,0,,Recommended,"","0;1",,"","",""
wisc_pcm_door,Integer,0,,Recommended,"","0;1",,"","",""
wisc_pcm_dress,Integer,0,,Recommended,"","0;1",,"","",""
wisc_pcm_face,Integer,0,,Recommended,"","0;1",,"","",""
wisc_pcm_fish,Integer,0,,Recommended,"","0;1",,"","",""
wisc_pcm_fox,Integer,0,,Recommended,"","0;1",,"","",""
wisc_pcm_fs,Integer,0,,Recommended,"","",,"","",""
wisc_pcm_hand,Integer,0,,Recommended,"","0;1",,"","",""
wisc_pcm_hous,Integer,0,,Recommended,"","0;1",,"","",""
wisc_pcm_ladder,Integer,0,,Recommended,"","0;1",,"","",""
wisc_pcm_leaf,Integer,0,,Recommended,"","0;1",,"","",""
wisc_pcm_man,Integer,0,,Recommended,"","0;1",,"","",""
wisc_pcm_mark,Integer,0,,Recommended,"","0;1",,"","",""
wisc_pcm_mirror,Integer,0,,Recommended,"","0;1",,"","",""
wisc_pcm_oran,Integer,0,,Recommended,"","0;1",,"","",""
wisc_pcm_prof,Integer,0,,Recommended,"","0;1",,"","",""
wisc_pcm_rawscre,Integer,0,,Recommended,"","",,"","",""
wisc_pcm_shoe,Integer,0,,Recommended,"","0;1",,"","",""
wisc_pcm_ss,Integer,0,,Recommended,"","",,"","",""
wisc_pcm_therm,Integer,0,,Recommended,"","0;1",,"","",""
wisc_pcm_trell,Integer,0,,Recommended,"","0;1",,"","",""
wisc_pcm_umbr,Integer,0,,Recommended,"","0;1",,"","",""
wisc_pcm_whist,Integer,0,,Recommended,"","0;1",,"","",""
wisc_pf_cscore,Integer,0,,Recommended,"","",,"","",""
wisc_pf_sss,Integer,0,,Recommended,"","",,"","",""
wisc_po_cscore,Integer,0,,Recommended,"","",,"","",""
wisc_po_sss,Integer,0,,Recommended,"","",,"","",""
wisc_ps_ci,Integer,0,,Recommended,"","",,"","",""
wisc_ps_cih,Integer,0,,Recommended,"","",,"","",""
wisc_ps_cil,Integer,0,,Recommended,"","",,"","",""
wisc_ps_cscore,Integer,0,,Recommended,"","",,"","",""
wisc_ps_percent,Float,0,,Recommended,"","",,"","",""
wisc_ps_sss,Integer,0,,Recommended,"","",,"","",""
wisc_si_anger,Integer,0,,Recommended,"","",,"Nulled value range of:   0;1 to accept outlier data","",""
wisc_si_apple,Integer,0,,Recommended,"","0;1; 2",,"","",""
wisc_si_cat,Integer,0,,Recommended,"","",,"Nulled value range of:   0;1 to accept outlier data","",""
wisc_si_elbow,Integer,0,,Recommended,"","",,"Nulled value range of:   0;1 to accept outlier data","",""
wisc_si_first,Integer,0,,Recommended,"","0;1",,"","",""
wisc_si_fs,Integer,0,,Recommended,"","",,"","",""
wisc_si_ice,Integer,0,,Recommended,"","",,"Nulled value range of:   0;1 to accept outlier data","",""
wisc_si_milk,Integer,0,,Recommended,"","0;1",,"","",""
wisc_si_mountain,Integer,0,,Recommended,"","",,"Nulled value range of:   0;1 to accept outlier data","",""
wisc_si_painting,Integer,0,,Recommended,"","",,"Nulled value range of:   0;1 to accept outlier data","",""
wisc_si_rawscre,Integer,0,,Recommended,"","",,"","",""
wisc_si_rubber,Integer,0,,Recommended,"","",,"Nulled value range of:   0;1 to accept outlier data","",""
wisc_si_salt,Integer,0,,Recommended,"","0;1",,"","",""
wisc_si_shirt,Integer,0,,Recommended,"","",,"Nulled value range of:   0;1 to accept outlier data","",""
wisc_si_ss,Integer,0,,Recommended,"","",,"","",""
wisc_ss_fs,Integer,0,,Recommended,"","",,"","",""
wisc_ss_rawscre,Integer,0,,Recommended,"","",,"","",""
wisc_ss_ss,Integer,0,,Recommended,"","",,"","",""
wisc_vbc_sss,Integer,0,,Recommended,"","",,"","",""
wisc_vc_aberra,Integer,0,,Recommended,"","0; 1; 2",,"","",""
wisc_vc_absorb,Integer,0,,Recommended,"","0; 1; 2",,"","",""
wisc_vc_ae,Integer,0,,Recommended,"","",,"","",""
wisc_vc_afflict,Integer,0,,Recommended,"","0; 1; 2",,"","",""
wisc_vc_alphabet,Integer,0,,Recommended,"","0; 1; 2",,"","",""
wisc_vc_amend,Integer,0,,Recommended,"","0; 1; 2",,"","",""
wisc_vc_ancient,Integer,0,,Recommended,"","0; 1; 2",,"","",""
wisc_vc_bicycle,Integer,0,,Recommended,"","0; 1; 2",,"","",""
wisc_vc_brave,Integer,0,,Recommended,"","0; 1; 2",,"","",""
wisc_vc_clock,Integer,0,,Recommended,"","0; 1; 2",,"","",""
wisc_vc_compel,Integer,0,,Recommended,"","0; 1; 2",,"","",""
wisc_vc_cow,Integer,0,,Recommended,"","0; 1; 2",,"","",""
wisc_vc_cscore,Integer,0,,Recommended,"","",,"","",""
wisc_vc_dilatory,Integer,0,,Recommended,"","0; 1; 2",,"","",""
wisc_vc_fable,Integer,0,,Recommended,"","0; 1; 2",,"","",""
wisc_vc_fs,Integer,0,,Recommended,"","",,"","",""
wisc_vc_hat,Integer,0,,Recommended,"","0; 1; 2",,"","",""
wisc_vc_imminent,Integer,0,,Recommended,"","0; 1; 2",,"","",""
wisc_vc_island,Integer,0,,Recommended,"","0; 1; 2",,"","",""
wisc_vc_leave,Integer,0,,Recommended,"","0; 1; 2",,"","",""
wisc_vc_migrate,Integer,0,,Recommended,"","0; 1; 2",,"","",""
wisc_vc_mimic,Integer,0,,Recommended,"","0; 1; 2",,"","",""
wisc_vc_precise,Integer,0,,Recommended,"","0; 1; 2",,"","",""
wisc_vc_rawscre,Integer,0,,Recommended,"","",,"","",""
wisc_vc_ss,Integer,0,,Recommended,"","",,"","",""
wisc_vc_strenu,Integer,0,,Recommended,"","0; 1; 2",,"","",""
wisc_vc_thief,Integer,0,,Recommended,"","0; 1; 2",,"","",""
wisc_vc_transpar,Integer,0,,Recommended,"","0; 1; 2",,"","",""
wisc_vc_umbrella,Integer,0,,Recommended,"","0; 1; 2",,"","",""
wisc_vc_unanim,Integer,0,,Recommended,"","0; 1; 2",,"","",""
wisc_ver_cscore,Integer,0,,Recommended,"","",,"","",""
wisc_ver_sss,Integer,0,,Recommended,"","",,"","",""
