ElementName,DataType,Size,Unit,Required,ElementDescription,ValueRange,Keywords,Notes,Section,Aliases
subjectkey,GUID,0,,Required,"The NDAR Global Unique Identifier (GUID) for subjects which identifies a subject in NDAR","NDAR*",,"","NDAR Required",""
src_subject_id,String,20,,Required,"The site's subject identification","",,"","NDAR Required",""
interview_date,Date,0,,Required,"Date on which the interview/genetic test/sampling/imaging was completed","MM/yyyy;MM/dd/yyyy",,"* '01/01/1900' indicates that a date associated with retrospective data is not known.","NDAR Required",""
interview_age,Integer,0,,Required,"Age in months at the time of the interview/test/sampling/imaging.","0 to 1200",,"Age is rounded to chronological month If the research participant is 13 days old at time of interview  the appropriate value would be 0 months if the participant is 19 days old the value would be 1 month","NDAR Required",""
defiant,Integer,0,,Recommended,"Defiant","0 to 3",,"","",""
squirmy,Integer,0,,Recommended,"Squirmy","0 to 3",,"","",""
forgets,Integer,0,,Recommended,"Forgets","0 to 3",,"","",""
unaccepted,Integer,0,,Recommended,"Unaccepted","0 to 3",,"","",""
easily_hurt,Integer,0,,Recommended,"Easily hurt","0 to 3",,"","",""
perfectionist,Integer,0,,Recommended,"Perfectionist","0 to 3",,"","",""
temper_outburst,Integer,0,,Recommended,"Outbursts","0 to 3",,"","",""
excitable,Integer,0,,Recommended,"Excitable","0 to 3",,"","",""
fails_attention,Integer,0,,Recommended,"Fails attention","0 to 3",,"","",""
sassy,Integer,0,,Recommended,"Sassy","0 to 3",,"","",""
on_the_go,Integer,0,,Recommended,"On the go","0 to 3",,"","",""
avoids_mental_effort,Integer,0,,Recommended,"Avoids mental effort","0 to 3",,"","",""
last_picked,Integer,0,,Recommended,"last picked","0 to 3",,"","",""
emotional,Integer,0,,Recommended,"Emotional","0 to 3",,"","",""
just_so,Integer,0,,Recommended,"Just so","0 to 3",,"","",""
restless,Integer,0,,Recommended,"Restless","0 to 3",,"","",""
fails_finish,Integer,0,,Recommended,"Fails finish","0 to 3",,"","",""
does_not_listen,Integer,0,,Recommended,"Does not listed","0 to 3",,"","",""
defies,Integer,0,,Recommended,"Defies","0 to 3",,"","",""
leaves_seat,Integer,0,,Recommended,"Leaves seat","0 to 3",,"","",""
poor_spelling,Integer,0,,Recommended,"Poor spelling","0 to 3",,"","",""
no_friends,Integer,0,,Recommended,"No friends","0 to 3",,"","",""
timid,Integer,0,,Recommended,"Timid","0 to 3",,"","",""
checks_things,Integer,0,,Recommended,"Checks things","0 to 3",,"","",""
cries,Integer,0,,Recommended,"Cries","0 to 3",,"","",""
inattentive,Integer,0,,Recommended,"Inattentive","0 to 3",,"","",""
difficulty_organising,Integer,0,,Recommended,"Desorganized","0 to 3",,"","",""
difficulty_sustaining,Integer,0,,Recommended,"Sustaining","0 to 3",,"","",""
difficulty_waiting,Integer,0,,Recommended,"Waiting","0 to 3",,"","",""
reading,Integer,0,,Recommended,"Reading","0 to 3",,"","",""
how_to_make_friends,Integer,0,,Recommended,"Make friends","0 to 3",,"","",""
criticism,Integer,0,,Recommended,"Criticism","0 to 3",,"","",""
details,Integer,0,,Recommended,"Details","0 to 3",,"","",""
fidgeting,Integer,0,,Recommended,"Fidgeting","0 to 3",,"","",""
disturbs_others,Integer,0,,Recommended,"Disturbs others","0 to 3",,"","",""
talks,Integer,0,,Recommended,"Talks","0 to 3",,"","",""
argues,Integer,0,,Recommended,"Argues","0 to 3",,"","",""
remain_still,Integer,0,,Recommended,"Remains still","0 to 3",,"","",""
runs_about,Integer,0,,Recommended,"Runs about","0 to 3",,"","",""
interest_schoolwork,Integer,0,,Recommended,"Interest in schoolwork","0 to 3",,"","",""
poor_social_skills,Integer,0,,Recommended,"Poor social skills","0 to 3",,"","",""
difficulty_playing,Integer,0,,Recommended,"Playing","0 to 3",,"","",""
neat,Integer,0,,Recommended,"Neat","0 to 3",,"","",""
hands_feet,Integer,0,,Recommended,"Hands/feet","0 to 3",,"","",""
easily_frustrated,Integer,0,,Recommended,"Easily frustrated","0 to 3",,"","",""
blurts_out,Integer,0,,Recommended,"Blurts out","0 to 3",,"","",""
spiteful,Integer,0,,Recommended,"Spiteful","0 to 3",,"","",""
short_attention,Integer,0,,Recommended,"Short attention","0 to 3",,"","",""
loses_things,Integer,0,,Recommended,"Loses things","0 to 3",,"","",""
interested_attention,Integer,0,,Recommended,"Interested/attentive","0 to 3",,"","",""
shy,Integer,0,,Recommended,"Shy","0 to 3",,"","",""
distractibility,Integer,0,,Recommended,"Distractible","0 to 3",,"","",""
same_way,Integer,0,,Recommended,"Sameness","0 to 3",,"","",""
mood_changes,Integer,0,,Recommended,"Mood changes","0 to 3",,"","",""
interrupts,Integer,0,,Recommended,"Interrupts","0 to 3",,"","",""
poor_arithmetic,Integer,0,,Recommended,"Arithmetic","0 to 3",,"","",""
instructions,Integer,0,,Recommended,"instructions","0 to 3",,"","",""
extaneous_stim,Integer,0,,Recommended,"Extraneous stimulation","0 to 3",,"","",""
oppositional_raw,Integer,0,,Recommended,"Oppositional/raw","0 to 40",,"","",""
oppositional_t,Integer,0,,Recommended,"Oppositional/t","38 to 90",,"","",""
cognitive_problems_raw,Integer,0,,Recommended,"Cognitive problems/raw","0 to 36",,"","",""
cognitive_problems_t,Integer,0,,Recommended,"Cognitive problems/t","38 to 90",,"","",""
hyperactivity_raw,Integer,0,,Recommended,"Hyperactivity/raw","0 to 30",,"","",""
hyperactivity_t,Integer,0,,Recommended,"Hyperactivity/t","38 to 90",,"","",""
anxious_raw,Integer,0,,Recommended,"Anxious/raw","0 to 30",,"","",""
anxious_t,Integer,0,,Recommended,"Anxious/t","38 to 90",,"","",""
perfectionism_raw,Integer,0,,Recommended,"Perfectionism/raw","0 to 21",,"","",""
perfectionism_t,Integer,0,,Recommended,"Perfectionism/t","38 to 90",,"","",""
social_problems_raw,Integer,0,,Recommended,"Social/raw","0 to 15",,"","",""
social_problems_t,Integer,0,,Recommended,"Social/t","38 to 90",,"","",""
conners_adhd_raw,Integer,0,,Recommended,"Conners ADHD/raw","0 to 36",,"","",""
conners_adhd_t,Integer,0,,Recommended,"Conners ADHD/t","38 to 90",,"","",""
conners_gi_restless_raw,Integer,0,,Recommended,"Conners GI restless/raw","0 to 21",,"","",""
conners_gi_restless_t,Integer,0,,Recommended,"Conners GI restless/t","38 to 90",,"","",""
conners_gi_emotional_raw,Integer,0,,Recommended,"Conners GI emotion/raw","0 to 12",,"","",""
conners_gi_emotional_t,Integer,0,,Recommended,"Conners GI emotion/t","38 to 90",,"","",""
conners_gi_total_raw,Integer,0,,Required,"Conners GI total/raw","0 to 30",,"","",""
conners_gi_total_t,Integer,0,,Required,"Conners GI total/t","38 to 90",,"","",""
dsm_inattentive_raw,Integer,0,,Recommended,"DSM inattetive/raw","0 to 30",,"","",""
dsm_inattentive_t,Integer,0,,Recommended,"DSM inattentive/t","38 to 90",,"","",""
dsm_hyper_impulse_raw,Integer,0,,Recommended,"DSM impulsivity/raw","0 to 27",,"","",""
dsm_hyper_impulse_t,Integer,0,,Recommended,"DSM impulsivity/rt","38 to 90",,"","",""
dsm_total_raw,Integer,0,,Required,"DSM total/raw","0 to 54",,"","",""
dsm_total_t,Integer,0,,Required,"DSM total/t","38 to 90",,"","",""
innat_sympts,Integer,0,,Required,"Inattentive Symptoms Score","0 to 9",,"","",""
hypimp_sympts,Integer,0,,Required,"Hyperactive-Impulsive Symptoms Score","0 to 9",,"","",""
