ElementName,DataType,Size,Unit,Required,ElementDescription,ValueRange,Keywords,Notes,Section,Aliases
subjectkey,GUID,0,,Required,"The NDAR Global Unique Identifier (GUID) for subjects which identifies a subject in NDAR","NDAR*",,"","NDAR Required",""
src_subject_id,String,20,,Required,"The site's subject identification","",,"","NDAR Required",""
interview_date,Date,0,,Required,"Date on which the interview/genetic test/sampling/imaging was completed","MM/yyyy;MM/dd/yyyy",,"* '01/01/1900' indicates that a date associated with retrospective data is not known.","NDAR Required",""
interview_age,Integer,0,,Required,"Age in months at the time of the interview/test/sampling/imaging.","0 to 1200",,"Age is rounded to chronological month If the research participant is 13 days old at time of interview  the appropriate value would be 0 months if the participant is 19 days old the value would be 1 month","NDAR Required",""
dasii_measure,String,20,,Optional,"Measure Used","DAS-II",,"","Measure",""
dasii_form,String,20,,Optional,"Form Used","SAR;EYR",,"","Measure",""
dasii_year,String,20,,Optional,"Year Published","2007",,"","Measure",""
dasii_sar_rdes_raw,Integer,0,,Recommended,"Recall of Design: Raw Score","0 to 43",,"","Recall of Design","dasii_RDes_Raw"
dasii_sar_rdes_isa,String,25,,Optional,"Recall of Design: Item Set Administered (?? To ??)","",,"","Recall of Design","dasii_rdes_isa"
dasii_sar_rdes_as,Integer,0,,Recommended,"Recall of Design: Ability Score","",,"","Recall of Design","dasii_RDes_AS"
dasii_sar_wdef_raw,Integer,0,,Recommended,"Word Definitions: Raw Score","0 to 26",,"","Word Definitions","dasii_wdef_raw"
dasii_sar_wdef_isa,String,25,,Optional,"Word Definitions: Item Set Administered (?? To ??)","",,"","Word Definitions","dasii_wdef_isa"
dasii_sar_wdef_as,Integer,0,,Recommended,"Word Definitions: Ability Score","",,"","Word Definitions","dasii_wdef_as"
dasii_eyr_sar_pcon_raw,Integer,0,,Recommended,"Pattern Construction: Raw Score","0 to 74",,"","Pattern Construction","dasii_pcon_raw"
dasii_eyr_sar_pcon_isa,String,20,,Optional,"Pattern Construction: Item Set Administered","",,"??? To ??? (ex: 099 to 110)","Pattern Construction","dasii_pcon_isa"
dasii_eyr_sar_pcon_as,Integer,0,,Recommended,"Pattern Construction: Ability Score","10 to 350",,"","Pattern Construction","dasii_pcon_as"
dasii_eyr_sar_pcon_alt_raw,Integer,0,,Recommended,"Pattern Construction: Alternative Raw Score","0 to 32",,"","Pattern Construction","dasii_pcon_alt_raw"
dasii_eyr_sar_pcon_alt_isa,String,20,,Optional,"Pattern Construction: Alternative Item Set Administered","",,"??? To ??? (ex: 099 to 110)","Pattern Construction","dasii_pcon_alt_isa"
dasii_eyr_sar_pcon_alt_as,Integer,0,,Recommended,"Pattern Construction: Alternative Ability Score","10 to 323",,"","Pattern Construction","dasii_pcon_alt_as"
dasii_eyr_sar_mat_raw,Integer,0,,Recommended,"Matrices: Raw Score","0 to 34",,"","Matrices","dasii_mat_raw"
dasii_eyr_sar_mat_isa,String,20,,Optional,"Matrices: Item Set Administered","",,"??? To ??? (ex: 099 to 110)","Matrices","dasii_mat_isa"
dasii_eyr_sar_mat_as,Integer,0,,Recommended,"Matrices: Ability Score","10 to 155",,"","Matrices","dasii_mat_as"
dasii_sar_vsim_raw,Integer,0,,Recommended,"Verbal Similarities: Raw Score","0 to 28",,"","Verbal Similarities","dasii_vsim_raw"
dasii_sar_vsim_isa,String,25,,Optional,"Verbal Similarities: Item Set Administered (?? To ??)","",,"","Verbal Similarities","dasii_vsim_isa"
dasii_sar_vsim_as,Integer,0,,Recommended,"Verbal Similarities: Ability Score","",,"","Verbal Similarities","dasii_vsim_as"
dasii_sar_sqr_raw,Integer,0,,Recommended,"Sequential and Quantitative Reasoning: Raw Score","0 to 35",,"","Sequential and Quantitative Reasoning","dasii_sqr_raw"
dasii_sar_sqr_isa,String,25,,Optional,"Sequential and Quantitative Reasoning: Item Set Administered (?? To ??)","",,"","Sequential and Quantitative Reasoning","dasii_sqr_isa"
dasii_sar_sqr_as,Integer,0,,Recommended,"Sequential and Quantitative Reasoning: Ability Score","",,"","Sequential and Quantitative Reasoning","dasii_sqr_as"
dasii_sar_sar_level,String,25,,Recommended,"DAS-II SAR Level Used: SAL (School-Age Level) or OL (Out-of-Level)","SAL;OL",,"","Level Used","dasii_level"
dasii_sar_rdes_tscr,Integer,0,,Recommended,"Recall of Design: T-Score","",,"","Recall of Design","dasii_RDes_tscr"
dasii_sar_rdes_percent,Integer,0,,Optional,"Recall of Design: Percentile","",,"","Recall of Design","dasii_RDes_Percent"
dasii_sar_rdes_ae,Integer,0,,Recommended,"Recall of Design: Age Equivalent (in months)","28 to 216",,"if AE <2:7 record AE in months = 28; if AE >17:9 record AE in months = 216","Recall of Design","dasii_rdes_ae"
dasii_sar_rdes_ae_notes,String,150,,Recommended,"Recall of Design  Age Equivalent  in months    Notes to explain the usage of either the floor of 28 or the ceiling of 216","",,"","",""
dasii_sar_wdef_tscr,Integer,0,,Recommended,"Word Definitions: T-Score","",,"","Word Definitions","dasii_wdef_tscr"
dasii_sar_wdef_percent,Integer,0,,Optional,"Word Definitions: Percentile","",,"","Word Definitions","dasii_wdef_percent"
dasii_sar_wdef_ae,Integer,0,,Recommended,"Word Definitions: Age Equivalent (in months)","28 to 216",,"if AE <2:7 record AE in months = 28; if AE >17:9 record AE in months = 216","Word Definitions","dasii_wdef_ae"
dasii_sar_wdef_ae_notes,String,150,,Recommended,"Word Definitions  Age Equivalent  in months    Notes to explain the usage of either the floor of 28 or the ceiling of 216","",,"","",""
dasii_eyr_sar_pcon_alt,String,5,,Recommended,"Pattern Construction: Alternative Procedure Used? (Yes/No)","Yes;No",,"Pattern Construction Alternative scoring method used (Yes or No)","Pattern Construction","dasii_pcon_alt"
dasii_eyr_sar_pcon_tscr,Integer,0,,Recommended,"Pattern Construction: T-Score","10 to 90",,"","Pattern Construction","dasii_pcon_tscr,dasii_sar_pcon_tscr"
dasii_eyr_sar_pcon_percent,Integer,0,,Optional,"Pattern Construction: Percentile","0.1 to 99.9",,"","Pattern Construction","dasii_pcon_percent"
dasii_eyr_sar_pcon_ae,Integer,0,,Recommended,"Pattern Construction: Age Equivalent (in months) [Note: if AE<2:7 enter 28 months; if AE>17:9 enter 216 months]","28 to 216",,"Age Equivalent in Months","Pattern Construction","dasii_pcon_ae"
dasii_eyr_sar_pcon_ae_notes,String,150,,Recommended,"Pattern Construction  Age Equivalent  in months  Note  if AE less than 2yrs 7 months then enter 28 months; if AE greater than 17yrs 9mos then enter 216 months   Notes to explain the usage of either the floor of 28 or the ceiling of 216","",,"","",""
dasii_eyr_sar_mat_tscr,Integer,0,,Recommended,"Matrices: T-Score","10 to 90",,"","Matrices","dasii_mat_tscr"
dasii_eyr_sar_mat_percent,Integer,0,,Optional,"Matrices: Percentile","0.1 to 99.9",,"","Matrices","dasii_mat_percent,dasii_sar_mat_percent"
dasii_eyr_sar_mat_ae,Integer,0,,Recommended,"Matrices: Age Equivalent (in months) [Note: if AE<2:7 enter 28 months; if AE>17:9 enter 216 months]","28 to 216",,"Age Equivalent in Months","Matrices","dasii_mat_ae"
dasii_eyr_sar_mat_ae_notes,String,150,,Recommended,"Matrices  Age Equivalent  in months  Note  if AE less than 2yrs 7 months then enter 28 months; if AE greater than 17yrs 9mos then enter 216 months   Notes to explain the usage of either the floor of 28 or the ceiling of 216","",,"","",""
dasii_sar_vsim_tscr,Integer,0,,Recommended,"Verbal Similarities: T-Score","",,"","Verbal Similarities","dasii_vsim_tscr"
dasii_sar_vsim_percent,Integer,0,,Optional,"Verbal Similarities: Percentile","",,"","Verbal Similarities","dasii_vsim_percent"
dasii_sar_vsim_ae,Integer,0,,Recommended,"Verbal Similarities: Age Equivalent (in months)","28 to 216",,"if AE <2:7 record AE in months = 28; if AE >17:9 record AE in months = 216","Verbal Similarities","dasii_vsim_ae"
dasii_sar_vsim_ae_notes,String,150,,Recommended,"Verbal Similarities  Age Equivalent  in months    Notes to explain the usage of either the floor of 28 or the ceiling of 216","",,"","",""
dasii_sar_sqr_tscr,Integer,0,,Recommended,"Sequential and Quantitative Reasoning: T-Score","",,"","Sequential and Quantitative Reasoning","dasii_sqr_tscr"
dasii_sar_sqr_percent,Integer,0,,Optional,"Sequential and Quantitative Reasoning: Percentile","",,"","Sequential and Quantitative Reasoning","dasii_sqr_percent"
dasii_sar_sqr_ae,Integer,0,,Recommended,"Sequential and Quantitative Reasoning: Age Equivalent (in months)","28 to 216",,"if AE <2:7 record AE in months = 28; if AE >17:9 record AE in months = 216","Sequential and Quantitative Reasoning","dasii_sqr_ae"
dasii_sar_sqr_ae_notes,String,150,,Recommended,"Sequential and Quantitative Reasoning  Age Equivalent  in months    Notes to explain the usage of either the floor of 28 or the ceiling of 216","",,"","",""
dasii_sar_verbal_tscr_sum,Integer,0,,Recommended,"Sum of Verbal Subtest T-Scores","",,"","Subtest T-Scores","dasii_verbal_sum_tscr,dasii_verbal_tscr_sum"
dasii_sar_nonvrbreasn_tscr_sum,Integer,0,,Recommended,"Sum of Nonverbal Reasoningl Subtest T-Scores","",,"","Subtest T-Scores","dasii_nvr_sum_tscr,dasii_nonvrbreasn_tscr_sum"
dasii_sar_spatial_tscr_sum,Integer,0,,Recommended,"Sum of Spatial Subtest T-Scores","",,"","Subtest T-Scores","dasii_spatial_sum_tscr,dasii_spatial_tscr_sum"
dasii_sar_gca_tscr_sum,Integer,0,,Recommended,"Sum of GCA Subtest T-Scores","",,"","Subtest T-Scores","dasii_gca_sum_tscr,dasii_gca_tscr_sum"
dasii_sar_snc_tscr_sum,Integer,0,,Recommended,"Sum of SNC Subtest T-Scores","",,"","Subtest T-Scores","dasii_snc_sum_tscr,dasii_snc_tscr_sum"
dasii_sar_verbal_ss,Integer,0,,Recommended,"Verbal Standard Score","",,"","Standard Score","dasii_verbal_ss"
dasii_sar_nvr_ss,Integer,0,,Recommended,"Nonverbal Reasoning Standard Score","",,"","Standard Score","dasii_nvr_ss"
dasii_sar_spatial_ss,Integer,0,,Recommended,"Spatial Standard Score","",,"","Standard Score","dasii_spatial_ss"
dasii_sar_gca_ss,Integer,0,,Recommended,"General Conceptual Ability (GCA) Standard Score","",,"","Standard Score","dasii_gca_ss"
dasii_sar_snc_ss,Integer,0,,Recommended,"Special Nonverbal Composite (SNC) Standard Score","",,"","Standard Score","dasii_snc_ss"
dasii_sar_verbal_percent,Integer,0,,Optional,"Verbal SS Percentile","",,"","SS Percentile","dasii_verbal_percent"
dasii_sar_nvr_percent,Integer,0,,Optional,"Nonverbal Reasoning SS Percentile","",,"","SS Percentile","dasii_nvr_percent"
dasii_sar_spatial_percent,Integer,0,,Optional,"Spatial SS Percentile","",,"","SS Percentile","dasii_spatial_percent"
dasii_sar_gca_percent,Integer,0,,Optional,"GCA SS Percentile","",,"","SS Percentile","dasii_gca_percent"
dasii_sar_snc_percent,Integer,0,,Optional,"SNC SS Percentile","",,"","SS Percentile","dasii_snc_percent"
dasii_sar_ci_used,Integer,0,,Optional,"Confidence Interval Percentile Used (90 or 95)","90;95",,"","Confidence Interval",""
dasii_sar_verbal_ci,String,25,,Optional,"Verbal CI range (??? to ???)","",,"","Confidence Interval Range",""
dasii_sar_nvr_ci,String,25,,Optional,"Nonverbal Reasoningl CI range (??? to ???)","",,"","Confidence Interval Range",""
dasii_sar_spatial_ci,String,25,,Optional,"Spatal CI range (??? to ???)","",,"","Confidence Interval Range",""
dasii_sar_gca_ci,String,25,,Optional,"GCA CI range (??? to ???)","",,"","Confidence Interval Range",""
dasii_sar_snc_ci,String,25,,Optional,"SNC CI range (??? to ???)","",,"","Confidence Interval Range",""
dasii_sar_gca_mean_tscr,Integer,0,,Optional,"GCA Mean T-Score","",,"","Mean T-Score","dasii_gca_mean_tscr"
dasii_sar_snc_mean_tscr,Integer,0,,Optional,"SNC Mean T-Score","",,"","Mean T-Score","dasii_snc_mean_tscr"
comments_misc,String,255,,Recommended,"Miscellaneous comments on study, interview, methodology relevant to this form data","",,"","",""
