ElementName,DataType,Size,Unit,Required,ElementDescription,ValueRange,Keywords,Notes,Section,Aliases
subjectkey,GUID,0,,Required,"The NDAR Global Unique Identifier (GUID) for subjects which identifies a subject in NDAR","NDAR*",,"","Header",""
src_subject_id,String,20,,Required,"The site's subject identification","",,"","0",""
interview_date,Date,0,,Required,"Date on which the interview/genetic test/sampling/imaging was completed","MM/yyyy;MM/dd/yyyy",,"* '01/01/1900' indicates that a date associated with retrospective data is not known.","0",""
sexdesc,String,60,,Required,"Participant sex at birth","M;F",,"'Male';'Female'","","gender"
race,String,30,,Required,"Race of participant","American Indian/Alaska Native; Asian; Hawaiian or Pacific Islander; Black or African American; White; More than one race; Unknown or not reported",,"","",""
ethnicity,String,30,,Required,"Ethnicity of participant","Hispanic or Latino; Not Hispanic or Latino; Unknown",,"","",""
sesscore,Float,0,,Recommended,"Hollingshead SES Score","8.0 - 66.0",,"","",""
lddesc,String,15,,Recommended,"Lateral Dominance","Right Handed;Left Handed;Ambidextrous",,"","",""
