ElementName,DataType,Size,Unit,Required,ElementDescription,ValueRange,Keywords,Notes,Section,Aliases
ianhxsad,Integer,2,,Recommended,"hx_sad, see IAN CodeBook for details.","",,"http://dashboard.ianexchange.org/DataExplorer.aspx?FDID=82#hx_sad","Section",""
ianhxdiscouraged,Integer,2,,Recommended,"hx_discouraged, see IAN CodeBook for details.","",,"http://dashboard.ianexchange.org/DataExplorer.aspx?FDID=82#hx_discouraged","Section",""
ianhxlostinterest,Integer,2,,Recommended,"hx_lost_interest, see IAN CodeBook for details.","",,"http://dashboard.ianexchange.org/DataExplorer.aspx?FDID=82#hx_lost_interest","Section",""
ianagefirstfeltdp,Integer,4,,Recommended,"age_first_felt_dp, see IAN CodeBook for details.","",,"http://dashboard.ianexchange.org/DataExplorer.aspx?FDID=82#age_first_felt_dp","Section",""
ianhxseeprodp,Integer,2,,Recommended,"hx_see_pro_dp, see IAN CodeBook for details.","",,"http://dashboard.ianexchange.org/DataExplorer.aspx?FDID=82#hx_see_pro_dp","Section",""
iandxdppro,Integer,2,,Recommended,"dx_dp_pro, see IAN CodeBook for details.","",,"http://dashboard.ianexchange.org/DataExplorer.aspx?FDID=82#dx_dp_pro","Section",""
ianagefirstdxdp,Integer,4,,Recommended,"age_first_dx_dp, see IAN CodeBook for details.","",,"http://dashboard.ianexchange.org/DataExplorer.aspx?FDID=82#age_first_dx_dp","Section",""
iantypeprodp,Integer,2,,Recommended,"type_pro_dp, see IAN CodeBook for details.","",,"http://dashboard.ianexchange.org/DataExplorer.aspx?FDID=82#type_pro_dp","Section",""
iantypedxdpfem1,Integer,4,,Recommended,"type_dx_dp_fem_1, see IAN CodeBook for details.","",,"http://dashboard.ianexchange.org/DataExplorer.aspx?FDID=82#type_dx_dp_fem","Section",""
iantypedxdpfem2,Integer,4,,Recommended,"type_dx_dp_fem_2, see IAN CodeBook for details.","",,"http://dashboard.ianexchange.org/DataExplorer.aspx?FDID=82#type_dx_dp_fem","Section",""
iantypedxdpfem3,Integer,4,,Recommended,"type_dx_dp_fem_3, see IAN CodeBook for details.","",,"http://dashboard.ianexchange.org/DataExplorer.aspx?FDID=82#type_dx_dp_fem","Section",""
iantypedxdpfem4,Integer,4,,Recommended,"type_dx_dp_fem_4, see IAN CodeBook for details.","",,"http://dashboard.ianexchange.org/DataExplorer.aspx?FDID=82#type_dx_dp_fem","Section",""
iantypedxdpfem5,Integer,4,,Recommended,"type_dx_dp_fem_5, see IAN CodeBook for details.","",,"http://dashboard.ianexchange.org/DataExplorer.aspx?FDID=82#type_dx_dp_fem","Section",""
iantypedxdpfem6,Integer,4,,Recommended,"type_dx_dp_fem_6, see IAN CodeBook for details.","",,"http://dashboard.ianexchange.org/DataExplorer.aspx?FDID=82#type_dx_dp_fem","Section",""
iantypedxdpfem7,Integer,4,,Recommended,"type_dx_dp_fem_7, see IAN CodeBook for details.","",,"http://dashboard.ianexchange.org/DataExplorer.aspx?FDID=82#type_dx_dp_fem","Section",""
iantypedxdpfem8,Integer,4,,Recommended,"type_dx_dp_fem_8, see IAN CodeBook for details.","",,"http://dashboard.ianexchange.org/DataExplorer.aspx?FDID=82#type_dx_dp_fem","Section",""
iantypedxdpfem9,Integer,4,,Recommended,"type_dx_dp_fem_9, see IAN CodeBook for details.","",,"http://dashboard.ianexchange.org/DataExplorer.aspx?FDID=82#type_dx_dp_fem","Section",""
iantypedxdpmale1,Integer,4,,Recommended,"type_dx_dp_male_1, see IAN CodeBook for details.","",,"http://dashboard.ianexchange.org/DataExplorer.aspx?FDID=82#type_dx_dp_male","Section",""
iantypedxdpmale2,Integer,4,,Recommended,"type_dx_dp_male_2, see IAN CodeBook for details.","",,"http://dashboard.ianexchange.org/DataExplorer.aspx?FDID=82#type_dx_dp_male","Section",""
iantypedxdpmale5,Integer,4,,Recommended,"type_dx_dp_male_5, see IAN CodeBook for details.","",,"http://dashboard.ianexchange.org/DataExplorer.aspx?FDID=82#type_dx_dp_male","Section",""
iantypedxdpmale6,Integer,4,,Recommended,"type_dx_dp_male_6, see IAN CodeBook for details.","",,"http://dashboard.ianexchange.org/DataExplorer.aspx?FDID=82#type_dx_dp_male","Section",""
iantypedxdpmale7,Integer,4,,Recommended,"type_dx_dp_male_7, see IAN CodeBook for details.","",,"http://dashboard.ianexchange.org/DataExplorer.aspx?FDID=82#type_dx_dp_male","Section",""
iantypedxdpmale8,Integer,4,,Recommended,"type_dx_dp_male_8, see IAN CodeBook for details.","",,"http://dashboard.ianexchange.org/DataExplorer.aspx?FDID=82#type_dx_dp_male","Section",""
iantypedxdpmale9,Integer,4,,Recommended,"type_dx_dp_male_9, see IAN CodeBook for details.","",,"http://dashboard.ianexchange.org/DataExplorer.aspx?FDID=82#type_dx_dp_male","Section",""
ianhxselfdxdp,Integer,2,,Recommended,"hx_self_dx_dp, see IAN CodeBook for details.","",,"http://dashboard.ianexchange.org/DataExplorer.aspx?FDID=82#hx_self_dx_dp","Section",""
ianselfdxtypedpfem1,Integer,4,,Recommended,"self_dx_type_dp_fem_1, see IAN CodeBook for details.","",,"http://dashboard.ianexchange.org/DataExplorer.aspx?FDID=82#self_dx_type_dp_fem","Section",""
ianselfdxtypedpfem2,Integer,4,,Recommended,"self_dx_type_dp_fem_2, see IAN CodeBook for details.","",,"http://dashboard.ianexchange.org/DataExplorer.aspx?FDID=82#self_dx_type_dp_fem","Section",""
ianselfdxtypedpfem3,Integer,4,,Recommended,"self_dx_type_dp_fem_3, see IAN CodeBook for details.","",,"http://dashboard.ianexchange.org/DataExplorer.aspx?FDID=82#self_dx_type_dp_fem","Section",""
ianselfdxtypedpfem4,Integer,4,,Recommended,"self_dx_type_dp_fem_4, see IAN CodeBook for details.","",,"http://dashboard.ianexchange.org/DataExplorer.aspx?FDID=82#self_dx_type_dp_fem","Section",""
ianselfdxtypedpfem5,Integer,4,,Recommended,"self_dx_type_dp_fem_5, see IAN CodeBook for details.","",,"http://dashboard.ianexchange.org/DataExplorer.aspx?FDID=82#self_dx_type_dp_fem","Section",""
ianselfdxtypedpfem6,Integer,4,,Recommended,"self_dx_type_dp_fem_6, see IAN CodeBook for details.","",,"http://dashboard.ianexchange.org/DataExplorer.aspx?FDID=82#self_dx_type_dp_fem","Section",""
ianselfdxtypedpfem7,Integer,4,,Recommended,"self_dx_type_dp_fem_7, see IAN CodeBook for details.","",,"http://dashboard.ianexchange.org/DataExplorer.aspx?FDID=82#self_dx_type_dp_fem","Section",""
ianselfdxtypedpfem8,Integer,4,,Recommended,"self_dx_type_dp_fem_8, see IAN CodeBook for details.","",,"http://dashboard.ianexchange.org/DataExplorer.aspx?FDID=82#self_dx_type_dp_fem","Section",""
ianselfdxtypedpfem9,Integer,4,,Recommended,"self_dx_type_dp_fem_9, see IAN CodeBook for details.","",,"http://dashboard.ianexchange.org/DataExplorer.aspx?FDID=82#self_dx_type_dp_fem","Section",""
ianselfdxtypemale1,Integer,4,,Recommended,"self_dx_type_male_1, see IAN CodeBook for details.","",,"http://dashboard.ianexchange.org/DataExplorer.aspx?FDID=82#self_dx_type_male","Section",""
ianselfdxtypemale2,Integer,4,,Recommended,"self_dx_type_male_2, see IAN CodeBook for details.","",,"http://dashboard.ianexchange.org/DataExplorer.aspx?FDID=82#self_dx_type_male","Section",""
ianselfdxtypemale5,Integer,4,,Recommended,"self_dx_type_male_5, see IAN CodeBook for details.","",,"http://dashboard.ianexchange.org/DataExplorer.aspx?FDID=82#self_dx_type_male","Section",""
ianselfdxtypemale6,Integer,4,,Recommended,"self_dx_type_male_6, see IAN CodeBook for details.","",,"http://dashboard.ianexchange.org/DataExplorer.aspx?FDID=82#self_dx_type_male","Section",""
ianselfdxtypemale7,Integer,4,,Recommended,"self_dx_type_male_7, see IAN CodeBook for details.","",,"http://dashboard.ianexchange.org/DataExplorer.aspx?FDID=82#self_dx_type_male","Section",""
ianselfdxtypemale8,Integer,4,,Recommended,"self_dx_type_male_8, see IAN CodeBook for details.","",,"http://dashboard.ianexchange.org/DataExplorer.aspx?FDID=82#self_dx_type_male","Section",""
ianselfdxtypemale9,Integer,4,,Recommended,"self_dx_type_male_9, see IAN CodeBook for details.","",,"http://dashboard.ianexchange.org/DataExplorer.aspx?FDID=82#self_dx_type_male","Section",""
ianreasonnoprodx1,Integer,4,,Recommended,"reason_no_pro_dx_1, see IAN CodeBook for details.","",,"http://dashboard.ianexchange.org/DataExplorer.aspx?FDID=82#reason_no_pro_dx","Section",""
ianreasonnoprodx2,Integer,4,,Recommended,"reason_no_pro_dx_2, see IAN CodeBook for details.","",,"http://dashboard.ianexchange.org/DataExplorer.aspx?FDID=82#reason_no_pro_dx","Section",""
ianreasonnoprodx3,Integer,4,,Recommended,"reason_no_pro_dx_3, see IAN CodeBook for details.","",,"http://dashboard.ianexchange.org/DataExplorer.aspx?FDID=82#reason_no_pro_dx","Section",""
ianreasonnoprodx4,Integer,4,,Recommended,"reason_no_pro_dx_4, see IAN CodeBook for details.","",,"http://dashboard.ianexchange.org/DataExplorer.aspx?FDID=82#reason_no_pro_dx","Section",""
ianreasonnoprodx5,Integer,4,,Recommended,"reason_no_pro_dx_5, see IAN CodeBook for details.","",,"http://dashboard.ianexchange.org/DataExplorer.aspx?FDID=82#reason_no_pro_dx","Section",""
ianreasonnoprodx6,Integer,4,,Recommended,"reason_no_pro_dx_6, see IAN CodeBook for details.","",,"http://dashboard.ianexchange.org/DataExplorer.aspx?FDID=82#reason_no_pro_dx","Section",""
ianreasonnoprodx7,Integer,4,,Recommended,"reason_no_pro_dx_7, see IAN CodeBook for details.","",,"http://dashboard.ianexchange.org/DataExplorer.aspx?FDID=82#reason_no_pro_dx","Section",""
ianreasonnoprodx8,Integer,4,,Recommended,"reason_no_pro_dx_8, see IAN CodeBook for details.","",,"http://dashboard.ianexchange.org/DataExplorer.aspx?FDID=82#reason_no_pro_dx","Section",""
ianreasonnoprodx10,Integer,4,,Recommended,"reason_no_pro_dx_10, see IAN CodeBook for details.","",,"http://dashboard.ianexchange.org/DataExplorer.aspx?FDID=82#reason_no_pro_dx","Section",""
ianreasonnoprodx9,Integer,4,,Recommended,"reason_no_pro_dx_9, see IAN CodeBook for details.","",,"http://dashboard.ianexchange.org/DataExplorer.aspx?FDID=82#reason_no_pro_dx","Section",""
ianhxdptx,Integer,2,,Recommended,"hx_dp_tx, see IAN CodeBook for details.","",,"http://dashboard.ianexchange.org/DataExplorer.aspx?FDID=82#hx_dp_tx","Section",""
iantypetxdp1,Integer,4,,Recommended,"type_tx_dp_1, see IAN CodeBook for details.","",,"http://dashboard.ianexchange.org/DataExplorer.aspx?FDID=82#type_tx_dp","Section",""
iantypetxdp2,Integer,4,,Recommended,"type_tx_dp_2, see IAN CodeBook for details.","",,"http://dashboard.ianexchange.org/DataExplorer.aspx?FDID=82#type_tx_dp","Section",""
iantypetxdp3,Integer,4,,Recommended,"type_tx_dp_3, see IAN CodeBook for details.","",,"http://dashboard.ianexchange.org/DataExplorer.aspx?FDID=82#type_tx_dp","Section",""
iantypetxdp4,Integer,4,,Recommended,"type_tx_dp_4, see IAN CodeBook for details.","",,"http://dashboard.ianexchange.org/DataExplorer.aspx?FDID=82#type_tx_dp","Section",""
iantypetxdp5,Integer,4,,Recommended,"type_tx_dp_5, see IAN CodeBook for details.","",,"http://dashboard.ianexchange.org/DataExplorer.aspx?FDID=82#type_tx_dp","Section",""
iantypetxdp6,Integer,4,,Recommended,"type_tx_dp_6, see IAN CodeBook for details.","",,"http://dashboard.ianexchange.org/DataExplorer.aspx?FDID=82#type_tx_dp","Section",""
iantypetxdp7,Integer,4,,Recommended,"type_tx_dp_7, see IAN CodeBook for details.","",,"http://dashboard.ianexchange.org/DataExplorer.aspx?FDID=82#type_tx_dp","Section",""
iantypetxdp8,Integer,4,,Recommended,"type_tx_dp_8, see IAN CodeBook for details.","",,"http://dashboard.ianexchange.org/DataExplorer.aspx?FDID=82#type_tx_dp","Section",""
iantypetxdp9,Integer,4,,Recommended,"type_tx_dp_9, see IAN CodeBook for details.","",,"http://dashboard.ianexchange.org/DataExplorer.aspx?FDID=82#type_tx_dp","Section",""
iantypetxdp10,Integer,4,,Recommended,"type_tx_dp_10, see IAN CodeBook for details.","",,"http://dashboard.ianexchange.org/DataExplorer.aspx?FDID=82#type_tx_dp","Section",""
iantypetxdp11,Integer,4,,Recommended,"type_tx_dp_11, see IAN CodeBook for details.","",,"http://dashboard.ianexchange.org/DataExplorer.aspx?FDID=82#type_tx_dp","Section",""
iantypetxdp12,Integer,4,,Recommended,"type_tx_dp_12, see IAN CodeBook for details.","",,"http://dashboard.ianexchange.org/DataExplorer.aspx?FDID=82#type_tx_dp","Section",""
iancurrenttxdp,Integer,2,,Recommended,"current_tx_dp, see IAN CodeBook for details.","",,"http://dashboard.ianexchange.org/DataExplorer.aspx?FDID=82#current_tx_dp","Section",""
ianhxhospdp,Integer,2,,Recommended,"hx_hosp_dp, see IAN CodeBook for details.","",,"http://dashboard.ianexchange.org/DataExplorer.aspx?FDID=82#hx_hosp_dp","Section",""
ianhxthoughthurtselfdp,Integer,2,,Recommended,"hx_thought_hurt_self_dp, see IAN CodeBook for details.","",,"http://dashboard.ianexchange.org/DataExplorer.aspx?FDID=82#hx_thought_hurt_self_dp","Section",""
ianhxattemptedhurtselfdp,Integer,2,,Recommended,"hx_attempted_hurtself_dp, see IAN CodeBook for details.","",,"http://dashboard.ianexchange.org/DataExplorer.aspx?FDID=82#hx_attempted_hurtself_dp","Section",""
ianhxpatterndp1,Integer,4,,Recommended,"hx_pattern_dp_1, see IAN CodeBook for details.","",,"http://dashboard.ianexchange.org/DataExplorer.aspx?FDID=82#hx_pattern_dp","Section",""
ianhxpatterndp2,Integer,4,,Recommended,"hx_pattern_dp_2, see IAN CodeBook for details.","",,"http://dashboard.ianexchange.org/DataExplorer.aspx?FDID=82#hx_pattern_dp","Section",""
ianhxpatterndp3,Integer,4,,Recommended,"hx_pattern_dp_3, see IAN CodeBook for details.","",,"http://dashboard.ianexchange.org/DataExplorer.aspx?FDID=82#hx_pattern_dp","Section",""
ianhxnumberdp,Integer,2,,Recommended,"hx_number_dp, see IAN CodeBook for details.","",,"http://dashboard.ianexchange.org/DataExplorer.aspx?FDID=82#hx_number_dp","Section",""
iancopingasdfreqdp,Integer,2,,Recommended,"coping_asd_freq_dp, see IAN CodeBook for details.","",,"http://dashboard.ianexchange.org/DataExplorer.aspx?FDID=82#coping_asd_freq_dp","Section",""
iancopingasdseveritydp,Integer,2,,Recommended,"coping_asd_severity_dp, see IAN CodeBook for details.","",,"http://dashboard.ianexchange.org/DataExplorer.aspx?FDID=82#coping_asd_severity_dp","Section",""
ianhxbeforechildrendp,Integer,2,,Recommended,"hx_before_children_dp, see IAN CodeBook for details.","",,"http://dashboard.ianexchange.org/DataExplorer.aspx?FDID=82#hx_before_children_dp","Section",""
ianbeforeasdchilddp,Integer,2,,Recommended,"before_asdchild_dp, see IAN CodeBook for details.","",,"http://dashboard.ianexchange.org/DataExplorer.aspx?FDID=82#before_asdchild_dp","Section",""
ianfirstconcerndp,Integer,2,,Recommended,"first_concern_dp, see IAN CodeBook for details.","",,"http://dashboard.ianexchange.org/DataExplorer.aspx?FDID=82#first_concern_dp","Section",""
iantwelvemonthdp,Integer,2,,Recommended,"twelve_month_dp, see IAN CodeBook for details.","",,"http://dashboard.ianexchange.org/DataExplorer.aspx?FDID=82#twelve_month_dp","Section",""
ianhxothertimesdp1,Integer,4,,Recommended,"hx_other_times_dp_1, see IAN CodeBook for details.","",,"http://dashboard.ianexchange.org/DataExplorer.aspx?FDID=82#hx_other_times_dp","Section",""
ianhxothertimesdp2,Integer,4,,Recommended,"hx_other_times_dp_2, see IAN CodeBook for details.","",,"http://dashboard.ianexchange.org/DataExplorer.aspx?FDID=82#hx_other_times_dp","Section",""
ianhxothertimesdp3,Integer,4,,Recommended,"hx_other_times_dp_3, see IAN CodeBook for details.","",,"http://dashboard.ianexchange.org/DataExplorer.aspx?FDID=82#hx_other_times_dp","Section",""
ianhxothertimesdp4,Integer,4,,Recommended,"hx_other_times_dp_4, see IAN CodeBook for details.","",,"http://dashboard.ianexchange.org/DataExplorer.aspx?FDID=82#hx_other_times_dp","Section",""
ianlengthfirstdp,Integer,2,,Recommended,"length_first_dp, see IAN CodeBook for details.","",,"http://dashboard.ianexchange.org/DataExplorer.aspx?FDID=82#length_first_dp","Section",""
ianpriorlifeeventdp1,Integer,4,,Recommended,"prior_life_event_dp_1, see IAN CodeBook for details.","",,"http://dashboard.ianexchange.org/DataExplorer.aspx?FDID=82#prior_life_event_dp","Section",""
ianpriorlifeeventdp2,Integer,4,,Recommended,"prior_life_event_dp_2, see IAN CodeBook for details.","",,"http://dashboard.ianexchange.org/DataExplorer.aspx?FDID=82#prior_life_event_dp","Section",""
ianpriorlifeeventdp3,Integer,4,,Recommended,"prior_life_event_dp_3, see IAN CodeBook for details.","",,"http://dashboard.ianexchange.org/DataExplorer.aspx?FDID=82#prior_life_event_dp","Section",""
ianpriorlifeeventdp4,Integer,4,,Recommended,"prior_life_event_dp_4, see IAN CodeBook for details.","",,"http://dashboard.ianexchange.org/DataExplorer.aspx?FDID=82#prior_life_event_dp","Section",""
ianpriorlifeeventdp5,Integer,4,,Recommended,"prior_life_event_dp_5, see IAN CodeBook for details.","",,"http://dashboard.ianexchange.org/DataExplorer.aspx?FDID=82#prior_life_event_dp","Section",""
ianpriorlifeeventdp6,Integer,4,,Recommended,"prior_life_event_dp_6, see IAN CodeBook for details.","",,"http://dashboard.ianexchange.org/DataExplorer.aspx?FDID=82#prior_life_event_dp","Section",""
ianpriorlifeeventdp13,Integer,4,,Recommended,"prior_life_event_dp_13, see IAN CodeBook for details.","",,"http://dashboard.ianexchange.org/DataExplorer.aspx?FDID=82#prior_life_event_dp","Section",""
ianpriorlifeeventdp7,Integer,4,,Recommended,"prior_life_event_dp_7, see IAN CodeBook for details.","",,"http://dashboard.ianexchange.org/DataExplorer.aspx?FDID=82#prior_life_event_dp","Section",""
ianpriorlifeeventdp8,Integer,4,,Recommended,"prior_life_event_dp_8, see IAN CodeBook for details.","",,"http://dashboard.ianexchange.org/DataExplorer.aspx?FDID=82#prior_life_event_dp","Section",""
ianpriorlifeeventdp9,Integer,4,,Recommended,"prior_life_event_dp_9, see IAN CodeBook for details.","",,"http://dashboard.ianexchange.org/DataExplorer.aspx?FDID=82#prior_life_event_dp","Section",""
ianpriorlifeeventdp10,Integer,4,,Recommended,"prior_life_event_dp_10, see IAN CodeBook for details.","",,"http://dashboard.ianexchange.org/DataExplorer.aspx?FDID=82#prior_life_event_dp","Section",""
ianpriorlifeeventdp11,Integer,4,,Recommended,"prior_life_event_dp_11, see IAN CodeBook for details.","",,"http://dashboard.ianexchange.org/DataExplorer.aspx?FDID=82#prior_life_event_dp","Section",""
ianpriorlifeeventdp12,Integer,4,,Recommended,"prior_life_event_dp_12, see IAN CodeBook for details.","",,"http://dashboard.ianexchange.org/DataExplorer.aspx?FDID=82#prior_life_event_dp","Section",""
ianfunctioningfirstperioddp,Integer,2,,Recommended,"functioning_first_period_dp, see IAN CodeBook for details.","",,"http://dashboard.ianexchange.org/DataExplorer.aspx?FDID=82#functioning_first_period_dp","Section",""
ianfirstsymptomsdp1,Integer,4,,Recommended,"first_symptoms_dp_1, see IAN CodeBook for details.","",,"http://dashboard.ianexchange.org/DataExplorer.aspx?FDID=82#first_symptoms_dp","Section",""
ianfirstsymptomsdp2,Integer,4,,Recommended,"first_symptoms_dp_2, see IAN CodeBook for details.","",,"http://dashboard.ianexchange.org/DataExplorer.aspx?FDID=82#first_symptoms_dp","Section",""
ianfirstsymptomsdp3,Integer,4,,Recommended,"first_symptoms_dp_3, see IAN CodeBook for details.","",,"http://dashboard.ianexchange.org/DataExplorer.aspx?FDID=82#first_symptoms_dp","Section",""
ianfirstsymptomsdp4,Integer,4,,Recommended,"first_symptoms_dp_4, see IAN CodeBook for details.","",,"http://dashboard.ianexchange.org/DataExplorer.aspx?FDID=82#first_symptoms_dp","Section",""
ianfirstsymptomsdp5,Integer,4,,Recommended,"first_symptoms_dp_5, see IAN CodeBook for details.","",,"http://dashboard.ianexchange.org/DataExplorer.aspx?FDID=82#first_symptoms_dp","Section",""
ianfirstsymptomsdp6,Integer,4,,Recommended,"first_symptoms_dp_6, see IAN CodeBook for details.","",,"http://dashboard.ianexchange.org/DataExplorer.aspx?FDID=82#first_symptoms_dp","Section",""
ianfirstsymptomsdp13,Integer,4,,Recommended,"first_symptoms_dp_13, see IAN CodeBook for details.","",,"http://dashboard.ianexchange.org/DataExplorer.aspx?FDID=82#first_symptoms_dp","Section",""
ianfirstsymptomsdp14,Integer,4,,Recommended,"first_symptoms_dp_14, see IAN CodeBook for details.","",,"http://dashboard.ianexchange.org/DataExplorer.aspx?FDID=82#first_symptoms_dp","Section",""
ianfirstsymptomsdp15,Integer,4,,Recommended,"first_symptoms_dp_15, see IAN CodeBook for details.","",,"http://dashboard.ianexchange.org/DataExplorer.aspx?FDID=82#first_symptoms_dp","Section",""
ianfirstsymptomsdp16,Integer,4,,Recommended,"first_symptoms_dp_16, see IAN CodeBook for details.","",,"http://dashboard.ianexchange.org/DataExplorer.aspx?FDID=82#first_symptoms_dp","Section",""
ianfirstsymptomsdp17,Integer,4,,Recommended,"first_symptoms_dp_17, see IAN CodeBook for details.","",,"http://dashboard.ianexchange.org/DataExplorer.aspx?FDID=82#first_symptoms_dp","Section",""
ianfirstsymptomsdp18,Integer,4,,Recommended,"first_symptoms_dp_18, see IAN CodeBook for details.","",,"http://dashboard.ianexchange.org/DataExplorer.aspx?FDID=82#first_symptoms_dp","Section",""
ianfirstsymptomsdp7,Integer,4,,Recommended,"first_symptoms_dp_7, see IAN CodeBook for details.","",,"http://dashboard.ianexchange.org/DataExplorer.aspx?FDID=82#first_symptoms_dp","Section",""
ianfirstsymptomsdp8,Integer,4,,Recommended,"first_symptoms_dp_8, see IAN CodeBook for details.","",,"http://dashboard.ianexchange.org/DataExplorer.aspx?FDID=82#first_symptoms_dp","Section",""
ianfirstsymptomsdp9,Integer,4,,Recommended,"first_symptoms_dp_9, see IAN CodeBook for details.","",,"http://dashboard.ianexchange.org/DataExplorer.aspx?FDID=82#first_symptoms_dp","Section",""
ianfirstsymptomsdp10,Integer,4,,Recommended,"first_symptoms_dp_10, see IAN CodeBook for details.","",,"http://dashboard.ianexchange.org/DataExplorer.aspx?FDID=82#first_symptoms_dp","Section",""
ianfirstsymptomsdp11,Integer,4,,Recommended,"first_symptoms_dp_11, see IAN CodeBook for details.","",,"http://dashboard.ianexchange.org/DataExplorer.aspx?FDID=82#first_symptoms_dp","Section",""
ianfirstsymptomsdp12,Integer,4,,Recommended,"first_symptoms_dp_12, see IAN CodeBook for details.","",,"http://dashboard.ianexchange.org/DataExplorer.aspx?FDID=82#first_symptoms_dp","Section",""
ianfirstworstdp,Integer,2,,Recommended,"first_worst_dp, see IAN CodeBook for details.","",,"http://dashboard.ianexchange.org/DataExplorer.aspx?FDID=82#first_worst_dp","Section",""
ianageworstdp,Integer,4,,Recommended,"age_worst_dp, see IAN CodeBook for details.","",,"http://dashboard.ianexchange.org/DataExplorer.aspx?FDID=82#age_worst_dp","Section",""
ianpriorlifeeventworstdp1,Integer,4,,Recommended,"prior_life_event_worst_dp_1, see IAN CodeBook for details.","",,"http://dashboard.ianexchange.org/DataExplorer.aspx?FDID=82#prior_life_event_worst_dp","Section",""
ianpriorlifeeventworstdp2,Integer,4,,Recommended,"prior_life_event_worst_dp_2, see IAN CodeBook for details.","",,"http://dashboard.ianexchange.org/DataExplorer.aspx?FDID=82#prior_life_event_worst_dp","Section",""
ianpriorlifeeventworstdp3,Integer,4,,Recommended,"prior_life_event_worst_dp_3, see IAN CodeBook for details.","",,"http://dashboard.ianexchange.org/DataExplorer.aspx?FDID=82#prior_life_event_worst_dp","Section",""
ianpriorlifeeventworstdp4,Integer,4,,Recommended,"prior_life_event_worst_dp_4, see IAN CodeBook for details.","",,"http://dashboard.ianexchange.org/DataExplorer.aspx?FDID=82#prior_life_event_worst_dp","Section",""
ianpriorlifeeventworstdp5,Integer,4,,Recommended,"prior_life_event_worst_dp_5, see IAN CodeBook for details.","",,"http://dashboard.ianexchange.org/DataExplorer.aspx?FDID=82#prior_life_event_worst_dp","Section",""
ianpriorlifeeventworstdp6,Integer,4,,Recommended,"prior_life_event_worst_dp_6, see IAN CodeBook for details.","",,"http://dashboard.ianexchange.org/DataExplorer.aspx?FDID=82#prior_life_event_worst_dp","Section",""
ianpriorlifeeventworstdp13,Integer,4,,Recommended,"prior_life_event_worst_dp_13, see IAN CodeBook for details.","",,"http://dashboard.ianexchange.org/DataExplorer.aspx?FDID=82#prior_life_event_worst_dp","Section",""
ianpriorlifeeventworstdp7,Integer,4,,Recommended,"prior_life_event_worst_dp_7, see IAN CodeBook for details.","",,"http://dashboard.ianexchange.org/DataExplorer.aspx?FDID=82#prior_life_event_worst_dp","Section",""
ianpriorlifeeventworstdp8,Integer,4,,Recommended,"prior_life_event_worst_dp_8, see IAN CodeBook for details.","",,"http://dashboard.ianexchange.org/DataExplorer.aspx?FDID=82#prior_life_event_worst_dp","Section",""
ianpriorlifeeventworstdp9,Integer,4,,Recommended,"prior_life_event_worst_dp_9, see IAN CodeBook for details.","",,"http://dashboard.ianexchange.org/DataExplorer.aspx?FDID=82#prior_life_event_worst_dp","Section",""
ianpriorlifeeventworstdp10,Integer,4,,Recommended,"prior_life_event_worst_dp_10, see IAN CodeBook for details.","",,"http://dashboard.ianexchange.org/DataExplorer.aspx?FDID=82#prior_life_event_worst_dp","Section",""
ianpriorlifeeventworstdp11,Integer,4,,Recommended,"prior_life_event_worst_dp_11, see IAN CodeBook for details.","",,"http://dashboard.ianexchange.org/DataExplorer.aspx?FDID=82#prior_life_event_worst_dp","Section",""
ianpriorlifeeventworstdp12,Integer,4,,Recommended,"prior_life_event_worst_dp_12, see IAN CodeBook for details.","",,"http://dashboard.ianexchange.org/DataExplorer.aspx?FDID=82#prior_life_event_worst_dp","Section",""
ianfunctioningworstdp,Integer,2,,Recommended,"functioning_worst_dp, see IAN CodeBook for details.","",,"http://dashboard.ianexchange.org/DataExplorer.aspx?FDID=82#functioning_worst_dp","Section",""
iantypesymptomsworstdp1,Integer,4,,Recommended,"type_symptoms_worst_dp_1, see IAN CodeBook for details.","",,"http://dashboard.ianexchange.org/DataExplorer.aspx?FDID=82#type_symptoms_worst_dp","Section",""
iantypesymptomsworstdp2,Integer,4,,Recommended,"type_symptoms_worst_dp_2, see IAN CodeBook for details.","",,"http://dashboard.ianexchange.org/DataExplorer.aspx?FDID=82#type_symptoms_worst_dp","Section",""
iantypesymptomsworstdp3,Integer,4,,Recommended,"type_symptoms_worst_dp_3, see IAN CodeBook for details.","",,"http://dashboard.ianexchange.org/DataExplorer.aspx?FDID=82#type_symptoms_worst_dp","Section",""
iantypesymptomsworstdp4,Integer,4,,Recommended,"type_symptoms_worst_dp_4, see IAN CodeBook for details.","",,"http://dashboard.ianexchange.org/DataExplorer.aspx?FDID=82#type_symptoms_worst_dp","Section",""
iantypesymptomsworstdp5,Integer,4,,Recommended,"type_symptoms_worst_dp_5, see IAN CodeBook for details.","",,"http://dashboard.ianexchange.org/DataExplorer.aspx?FDID=82#type_symptoms_worst_dp","Section",""
iantypesymptomsworstdp6,Integer,4,,Recommended,"type_symptoms_worst_dp_6, see IAN CodeBook for details.","",,"http://dashboard.ianexchange.org/DataExplorer.aspx?FDID=82#type_symptoms_worst_dp","Section",""
iantypesymptomsworstdp13,Integer,4,,Recommended,"type_symptoms_worst_dp_13, see IAN CodeBook for details.","",,"http://dashboard.ianexchange.org/DataExplorer.aspx?FDID=82#type_symptoms_worst_dp","Section",""
iantypesymptomsworstdp14,Integer,4,,Recommended,"type_symptoms_worst_dp_14, see IAN CodeBook for details.","",,"http://dashboard.ianexchange.org/DataExplorer.aspx?FDID=82#type_symptoms_worst_dp","Section",""
iantypesymptomsworstdp15,Integer,4,,Recommended,"type_symptoms_worst_dp_15, see IAN CodeBook for details.","",,"http://dashboard.ianexchange.org/DataExplorer.aspx?FDID=82#type_symptoms_worst_dp","Section",""
iantypesymptomsworstdp16,Integer,4,,Recommended,"type_symptoms_worst_dp_16, see IAN CodeBook for details.","",,"http://dashboard.ianexchange.org/DataExplorer.aspx?FDID=82#type_symptoms_worst_dp","Section",""
iantypesymptomsworstdp17,Integer,4,,Recommended,"type_symptoms_worst_dp_17, see IAN CodeBook for details.","",,"http://dashboard.ianexchange.org/DataExplorer.aspx?FDID=82#type_symptoms_worst_dp","Section",""
iantypesymptomsworstdp18,Integer,4,,Recommended,"type_symptoms_worst_dp_18, see IAN CodeBook for details.","",,"http://dashboard.ianexchange.org/DataExplorer.aspx?FDID=82#type_symptoms_worst_dp","Section",""
iantypesymptomsworstdp7,Integer,4,,Recommended,"type_symptoms_worst_dp_7, see IAN CodeBook for details.","",,"http://dashboard.ianexchange.org/DataExplorer.aspx?FDID=82#type_symptoms_worst_dp","Section",""
iantypesymptomsworstdp8,Integer,4,,Recommended,"type_symptoms_worst_dp_8, see IAN CodeBook for details.","",,"http://dashboard.ianexchange.org/DataExplorer.aspx?FDID=82#type_symptoms_worst_dp","Section",""
iantypesymptomsworstdp9,Integer,4,,Recommended,"type_symptoms_worst_dp_9, see IAN CodeBook for details.","",,"http://dashboard.ianexchange.org/DataExplorer.aspx?FDID=82#type_symptoms_worst_dp","Section",""
iantypesymptomsworstdp10,Integer,4,,Recommended,"type_symptoms_worst_dp_10, see IAN CodeBook for details.","",,"http://dashboard.ianexchange.org/DataExplorer.aspx?FDID=82#type_symptoms_worst_dp","Section",""
iantypesymptomsworstdp11,Integer,4,,Recommended,"type_symptoms_worst_dp_11, see IAN CodeBook for details.","",,"http://dashboard.ianexchange.org/DataExplorer.aspx?FDID=82#type_symptoms_worst_dp","Section",""
iantypesymptomsworstdp12,Integer,4,,Recommended,"type_symptoms_worst_dp_12, see IAN CodeBook for details.","",,"http://dashboard.ianexchange.org/DataExplorer.aspx?FDID=82#type_symptoms_worst_dp","Section",""
ianhxmanicperiod,Integer,2,,Recommended,"hx_manic_period, see IAN CodeBook for details.","",,"http://dashboard.ianexchange.org/DataExplorer.aspx?FDID=82#hx_manic_period","Section",""
ianagefirstfeltmanic,Integer,4,,Recommended,"age_first_felt_manic, see IAN CodeBook for details.","",,"http://dashboard.ianexchange.org/DataExplorer.aspx?FDID=82#age_first_felt_manic","Section",""
iandxmanicpro,Integer,2,,Recommended,"dx_manic_pro, see IAN CodeBook for details.","",,"http://dashboard.ianexchange.org/DataExplorer.aspx?FDID=82#dx_manic_pro","Section",""
ianagefirstdxmanic,Integer,4,,Recommended,"age_first_dx_manic, see IAN CodeBook for details.","",,"http://dashboard.ianexchange.org/DataExplorer.aspx?FDID=82#age_first_dx_manic","Section",""
iantypepromanic,Integer,2,,Recommended,"type_pro_manic, see IAN CodeBook for details.","",,"http://dashboard.ianexchange.org/DataExplorer.aspx?FDID=82#type_pro_manic","Section",""
iantypedxpromanic1,Integer,4,,Recommended,"type_dx_pro_manic_1, see IAN CodeBook for details.","",,"http://dashboard.ianexchange.org/DataExplorer.aspx?FDID=82#type_dx_pro_manic","Section",""
iantypedxpromanic2,Integer,4,,Recommended,"type_dx_pro_manic_2, see IAN CodeBook for details.","",,"http://dashboard.ianexchange.org/DataExplorer.aspx?FDID=82#type_dx_pro_manic","Section",""
iantypedxpromanic3,Integer,4,,Recommended,"type_dx_pro_manic_3, see IAN CodeBook for details.","",,"http://dashboard.ianexchange.org/DataExplorer.aspx?FDID=82#type_dx_pro_manic","Section",""
ianhxhospmanic,Integer,2,,Recommended,"hx_hosp_manic, see IAN CodeBook for details.","",,"http://dashboard.ianexchange.org/DataExplorer.aspx?FDID=82#hx_hosp_manic","Section",""
ianhxfamilydp,Integer,2,,Recommended,"hx_family_dp, see IAN CodeBook for details.","",,"http://dashboard.ianexchange.org/DataExplorer.aspx?FDID=82#hx_family_dp","Section",""
ianhxbioreldp1,Integer,4,,Recommended,"hx_bio_rel_dp_1, see IAN CodeBook for details.","",,"http://dashboard.ianexchange.org/DataExplorer.aspx?FDID=82#hx_bio_rel_dp","Section",""
ianhxbioreldp2,Integer,4,,Recommended,"hx_bio_rel_dp_2, see IAN CodeBook for details.","",,"http://dashboard.ianexchange.org/DataExplorer.aspx?FDID=82#hx_bio_rel_dp","Section",""
ianhxbioreldp3,Integer,4,,Recommended,"hx_bio_rel_dp_3, see IAN CodeBook for details.","",,"http://dashboard.ianexchange.org/DataExplorer.aspx?FDID=82#hx_bio_rel_dp","Section",""
ianhxbioreldp4,Integer,4,,Recommended,"hx_bio_rel_dp_4, see IAN CodeBook for details.","",,"http://dashboard.ianexchange.org/DataExplorer.aspx?FDID=82#hx_bio_rel_dp","Section",""
ianhxbioreldp5,Integer,4,,Recommended,"hx_bio_rel_dp_5, see IAN CodeBook for details.","",,"http://dashboard.ianexchange.org/DataExplorer.aspx?FDID=82#hx_bio_rel_dp","Section",""
ianhxbioreldp6,Integer,4,,Recommended,"hx_bio_rel_dp_6, see IAN CodeBook for details.","",,"http://dashboard.ianexchange.org/DataExplorer.aspx?FDID=82#hx_bio_rel_dp","Section",""
ianhxbioreldp13,Integer,4,,Recommended,"hx_bio_rel_dp_13, see IAN CodeBook for details.","",,"http://dashboard.ianexchange.org/DataExplorer.aspx?FDID=82#hx_bio_rel_dp","Section",""
ianhxbioreldp14,Integer,4,,Recommended,"hx_bio_rel_dp_14, see IAN CodeBook for details.","",,"http://dashboard.ianexchange.org/DataExplorer.aspx?FDID=82#hx_bio_rel_dp","Section",""
ianhxbioreldp15,Integer,4,,Recommended,"hx_bio_rel_dp_15, see IAN CodeBook for details.","",,"http://dashboard.ianexchange.org/DataExplorer.aspx?FDID=82#hx_bio_rel_dp","Section",""
ianhxbioreldp16,Integer,4,,Recommended,"hx_bio_rel_dp_16, see IAN CodeBook for details.","",,"http://dashboard.ianexchange.org/DataExplorer.aspx?FDID=82#hx_bio_rel_dp","Section",""
ianhxbioreldp17,Integer,4,,Recommended,"hx_bio_rel_dp_17, see IAN CodeBook for details.","",,"http://dashboard.ianexchange.org/DataExplorer.aspx?FDID=82#hx_bio_rel_dp","Section",""
ianhxbioreldp7,Integer,4,,Recommended,"hx_bio_rel_dp_7, see IAN CodeBook for details.","",,"http://dashboard.ianexchange.org/DataExplorer.aspx?FDID=82#hx_bio_rel_dp","Section",""
ianhxbioreldp8,Integer,4,,Recommended,"hx_bio_rel_dp_8, see IAN CodeBook for details.","",,"http://dashboard.ianexchange.org/DataExplorer.aspx?FDID=82#hx_bio_rel_dp","Section",""
ianhxbioreldp9,Integer,4,,Recommended,"hx_bio_rel_dp_9, see IAN CodeBook for details.","",,"http://dashboard.ianexchange.org/DataExplorer.aspx?FDID=82#hx_bio_rel_dp","Section",""
ianhxbioreldp10,Integer,4,,Recommended,"hx_bio_rel_dp_10, see IAN CodeBook for details.","",,"http://dashboard.ianexchange.org/DataExplorer.aspx?FDID=82#hx_bio_rel_dp","Section",""
ianhxbioreldp11,Integer,4,,Recommended,"hx_bio_rel_dp_11, see IAN CodeBook for details.","",,"http://dashboard.ianexchange.org/DataExplorer.aspx?FDID=82#hx_bio_rel_dp","Section",""
ianhxbioreldp12,Integer,4,,Recommended,"hx_bio_rel_dp_12, see IAN CodeBook for details.","",,"http://dashboard.ianexchange.org/DataExplorer.aspx?FDID=82#hx_bio_rel_dp","Section",""
ianhxfamilymanic,Integer,2,,Recommended,"hx_family_manic, see IAN CodeBook for details.","",,"http://dashboard.ianexchange.org/DataExplorer.aspx?FDID=82#hx_family_manic","Section",""
ianhxbiorelmanic1,Integer,4,,Recommended,"hx_bio_rel_manic_1, see IAN CodeBook for details.","",,"http://dashboard.ianexchange.org/DataExplorer.aspx?FDID=82#hx_bio_rel_manic","Section",""
ianhxbiorelmanic2,Integer,4,,Recommended,"hx_bio_rel_manic_2, see IAN CodeBook for details.","",,"http://dashboard.ianexchange.org/DataExplorer.aspx?FDID=82#hx_bio_rel_manic","Section",""
ianhxbiorelmanic3,Integer,4,,Recommended,"hx_bio_rel_manic_3, see IAN CodeBook for details.","",,"http://dashboard.ianexchange.org/DataExplorer.aspx?FDID=82#hx_bio_rel_manic","Section",""
ianhxbiorelmanic4,Integer,4,,Recommended,"hx_bio_rel_manic_4, see IAN CodeBook for details.","",,"http://dashboard.ianexchange.org/DataExplorer.aspx?FDID=82#hx_bio_rel_manic","Section",""
ianhxbiorelmanic5,Integer,4,,Recommended,"hx_bio_rel_manic_5, see IAN CodeBook for details.","",,"http://dashboard.ianexchange.org/DataExplorer.aspx?FDID=82#hx_bio_rel_manic","Section",""
ianhxbiorelmanic6,Integer,4,,Recommended,"hx_bio_rel_manic_6, see IAN CodeBook for details.","",,"http://dashboard.ianexchange.org/DataExplorer.aspx?FDID=82#hx_bio_rel_manic","Section",""
ianhxbiorelmanic13,Integer,4,,Recommended,"hx_bio_rel_manic_13, see IAN CodeBook for details.","",,"http://dashboard.ianexchange.org/DataExplorer.aspx?FDID=82#hx_bio_rel_manic","Section",""
ianhxbiorelmanic14,Integer,4,,Recommended,"hx_bio_rel_manic_14, see IAN CodeBook for details.","",,"http://dashboard.ianexchange.org/DataExplorer.aspx?FDID=82#hx_bio_rel_manic","Section",""
ianhxbiorelmanic15,Integer,4,,Recommended,"hx_bio_rel_manic_15, see IAN CodeBook for details.","",,"http://dashboard.ianexchange.org/DataExplorer.aspx?FDID=82#hx_bio_rel_manic","Section",""
ianhxbiorelmanic16,Integer,4,,Recommended,"hx_bio_rel_manic_16, see IAN CodeBook for details.","",,"http://dashboard.ianexchange.org/DataExplorer.aspx?FDID=82#hx_bio_rel_manic","Section",""
ianhxbiorelmanic17,Integer,4,,Recommended,"hx_bio_rel_manic_17, see IAN CodeBook for details.","",,"http://dashboard.ianexchange.org/DataExplorer.aspx?FDID=82#hx_bio_rel_manic","Section",""
ianhxbiorelmanic7,Integer,4,,Recommended,"hx_bio_rel_manic_7, see IAN CodeBook for details.","",,"http://dashboard.ianexchange.org/DataExplorer.aspx?FDID=82#hx_bio_rel_manic","Section",""
ianhxbiorelmanic8,Integer,4,,Recommended,"hx_bio_rel_manic_8, see IAN CodeBook for details.","",,"http://dashboard.ianexchange.org/DataExplorer.aspx?FDID=82#hx_bio_rel_manic","Section",""
ianhxbiorelmanic9,Integer,4,,Recommended,"hx_bio_rel_manic_9, see IAN CodeBook for details.","",,"http://dashboard.ianexchange.org/DataExplorer.aspx?FDID=82#hx_bio_rel_manic","Section",""
ianhxbiorelmanic10,Integer,4,,Recommended,"hx_bio_rel_manic_10, see IAN CodeBook for details.","",,"http://dashboard.ianexchange.org/DataExplorer.aspx?FDID=82#hx_bio_rel_manic","Section",""
ianhxbiorelmanic11,Integer,4,,Recommended,"hx_bio_rel_manic_11, see IAN CodeBook for details.","",,"http://dashboard.ianexchange.org/DataExplorer.aspx?FDID=82#hx_bio_rel_manic","Section",""
ianhxbiorelmanic12,Integer,4,,Recommended,"hx_bio_rel_manic_12, see IAN CodeBook for details.","",,"http://dashboard.ianexchange.org/DataExplorer.aspx?FDID=82#hx_bio_rel_manic","Section",""
ianhxfamilysuicide,Integer,2,,Recommended,"hx_family_suicide, see IAN CodeBook for details.","",,"http://dashboard.ianexchange.org/DataExplorer.aspx?FDID=82#hx_family_suicide","Section",""
ianhxbiorelsuicide1,Integer,4,,Recommended,"hx_bio_rel_suicide_1, see IAN CodeBook for details.","",,"http://dashboard.ianexchange.org/DataExplorer.aspx?FDID=82#hx_bio_rel_suicide","Section",""
ianhxbiorelsuicide2,Integer,4,,Recommended,"hx_bio_rel_suicide_2, see IAN CodeBook for details.","",,"http://dashboard.ianexchange.org/DataExplorer.aspx?FDID=82#hx_bio_rel_suicide","Section",""
ianhxbiorelsuicide3,Integer,4,,Recommended,"hx_bio_rel_suicide_3, see IAN CodeBook for details.","",,"http://dashboard.ianexchange.org/DataExplorer.aspx?FDID=82#hx_bio_rel_suicide","Section",""
ianhxbiorelsuicide4,Integer,4,,Recommended,"hx_bio_rel_suicide_4, see IAN CodeBook for details.","",,"http://dashboard.ianexchange.org/DataExplorer.aspx?FDID=82#hx_bio_rel_suicide","Section",""
ianhxbiorelsuicide5,Integer,4,,Recommended,"hx_bio_rel_suicide_5, see IAN CodeBook for details.","",,"http://dashboard.ianexchange.org/DataExplorer.aspx?FDID=82#hx_bio_rel_suicide","Section",""
ianhxbiorelsuicide6,Integer,4,,Recommended,"hx_bio_rel_suicide_6, see IAN CodeBook for details.","",,"http://dashboard.ianexchange.org/DataExplorer.aspx?FDID=82#hx_bio_rel_suicide","Section",""
ianhxbiorelsuicide13,Integer,4,,Recommended,"hx_bio_rel_suicide_13, see IAN CodeBook for details.","",,"http://dashboard.ianexchange.org/DataExplorer.aspx?FDID=82#hx_bio_rel_suicide","Section",""
ianhxbiorelsuicide14,Integer,4,,Recommended,"hx_bio_rel_suicide_14, see IAN CodeBook for details.","",,"http://dashboard.ianexchange.org/DataExplorer.aspx?FDID=82#hx_bio_rel_suicide","Section",""
ianhxbiorelsuicide15,Integer,4,,Recommended,"hx_bio_rel_suicide_15, see IAN CodeBook for details.","",,"http://dashboard.ianexchange.org/DataExplorer.aspx?FDID=82#hx_bio_rel_suicide","Section",""
ianhxbiorelsuicide16,Integer,4,,Recommended,"hx_bio_rel_suicide_16, see IAN CodeBook for details.","",,"http://dashboard.ianexchange.org/DataExplorer.aspx?FDID=82#hx_bio_rel_suicide","Section",""
ianhxbiorelsuicide17,Integer,4,,Recommended,"hx_bio_rel_suicide_17, see IAN CodeBook for details.","",,"http://dashboard.ianexchange.org/DataExplorer.aspx?FDID=82#hx_bio_rel_suicide","Section",""
ianhxbiorelsuicide7,Integer,4,,Recommended,"hx_bio_rel_suicide_7, see IAN CodeBook for details.","",,"http://dashboard.ianexchange.org/DataExplorer.aspx?FDID=82#hx_bio_rel_suicide","Section",""
ianhxbiorelsuicide8,Integer,4,,Recommended,"hx_bio_rel_suicide_8, see IAN CodeBook for details.","",,"http://dashboard.ianexchange.org/DataExplorer.aspx?FDID=82#hx_bio_rel_suicide","Section",""
ianhxbiorelsuicide9,Integer,4,,Recommended,"hx_bio_rel_suicide_9, see IAN CodeBook for details.","",,"http://dashboard.ianexchange.org/DataExplorer.aspx?FDID=82#hx_bio_rel_suicide","Section",""
ianhxbiorelsuicide10,Integer,4,,Recommended,"hx_bio_rel_suicide_10, see IAN CodeBook for details.","",,"http://dashboard.ianexchange.org/DataExplorer.aspx?FDID=82#hx_bio_rel_suicide","Section",""
ianhxbiorelsuicide11,Integer,4,,Recommended,"hx_bio_rel_suicide_11, see IAN CodeBook for details.","",,"http://dashboard.ianexchange.org/DataExplorer.aspx?FDID=82#hx_bio_rel_suicide","Section",""
ianhxbiorelsuicide12,Integer,4,,Recommended,"hx_bio_rel_suicide_12, see IAN CodeBook for details.","",,"http://dashboard.ianexchange.org/DataExplorer.aspx?FDID=82#hx_bio_rel_suicide","Section",""
ianimpactchildasdbeh,Integer,2,,Recommended,"impact_childASD_beh, see IAN CodeBook for details.","",,"http://dashboard.ianexchange.org/DataExplorer.aspx?FDID=82#impact_childASD_beh","Section",""
ianimpactexhaustion,Integer,2,,Recommended,"impact_exhaustion, see IAN CodeBook for details.","",,"http://dashboard.ianexchange.org/DataExplorer.aspx?FDID=82#impact_exhaustion","Section",""
ianimpactsupportdifficulty,Integer,2,,Recommended,"impact_support_difficulty, see IAN CodeBook for details.","",,"http://dashboard.ianexchange.org/DataExplorer.aspx?FDID=82#impact_support_difficulty","Section",""
ianimpactdisappointmenttx,Integer,2,,Recommended,"impact_disappointment_tx, see IAN CodeBook for details.","",,"http://dashboard.ianexchange.org/DataExplorer.aspx?FDID=82#impact_disappointment_tx","Section",""
ianimpactproblemreversal,Integer,2,,Recommended,"impact_problem_reversal, see IAN CodeBook for details.","",,"http://dashboard.ianexchange.org/DataExplorer.aspx?FDID=82#impact_problem_reversal","Section",""
ianimpactworryfuture,Integer,2,,Recommended,"impact_worry_future, see IAN CodeBook for details.","",,"http://dashboard.ianexchange.org/DataExplorer.aspx?FDID=82#impact_worry_future","Section",""
ianimpactrelationshippartner,Integer,2,,Recommended,"impact_relationship_partner, see IAN CodeBook for details.","",,"http://dashboard.ianexchange.org/DataExplorer.aspx?FDID=82#impact_relationship_partner","Section",""
ianimpactextendedfam,Integer,2,,Recommended,"impact_extended_fam, see IAN CodeBook for details.","",,"http://dashboard.ianexchange.org/DataExplorer.aspx?FDID=82#impact_extended_fam","Section",""
ianimpactfriendshipsocial,Integer,2,,Recommended,"impact_friendship_social, see IAN CodeBook for details.","",,"http://dashboard.ianexchange.org/DataExplorer.aspx?FDID=82#impact_friendship_social","Section",""
ianimpactcareereducation,Integer,2,,Recommended,"impact_career_education, see IAN CodeBook for details.","",,"http://dashboard.ianexchange.org/DataExplorer.aspx?FDID=82#impact_career_education","Section",""
ianimpactfinancial,Integer,2,,Recommended,"impact_financial, see IAN CodeBook for details.","",,"http://dashboard.ianexchange.org/DataExplorer.aspx?FDID=82#impact_financial","Section",""
ianianresearchid,String,10,,Recommended,"IAN_Research_id, see IAN CodeBook for details.","",,"http://dashboard.ianexchange.org/DataExplorer.aspx?FDID=101#IAN_Research_id","Section",""
ianrecordnumber,Integer,0,,Recommended,"record_number, see IAN CodeBook for details.","",,"http://dashboard.ianexchange.org/DataExplorer.aspx?FDID=101#record_number","Section",""
iandonotdelete,Float,0,,Recommended,"DO_NOT_DELETE, see IAN CodeBook for details.","",,"http://dashboard.ianexchange.org/DataExplorer.aspx?FDID=101#DO_NOT_DELETE","Section",""
ianformcompleted,Integer,0,,Recommended,"form_completed, see IAN CodeBook for details.","",,"http://dashboard.ianexchange.org/DataExplorer.aspx?FDID=101#form_completed","Section",""
ianscientificversion,String,20,,Recommended,"scientific_version, see IAN CodeBook for details.","",,"http://dashboard.ianexchange.org/DataExplorer.aspx?FDID=101#scientific_version","Section",""
ianageinyears,Float,0,,Recommended,"age_in_years, see IAN CodeBook for details.","",,"http://dashboard.ianexchange.org/DataExplorer.aspx?FDID=101#age_in_years","Section",""
ianyearofassessment,Integer,0,,Recommended,"year_of_assessment, see IAN CodeBook for details.","",,"http://dashboard.ianexchange.org/DataExplorer.aspx?FDID=101#year_of_assessment","Section",""
ianinformantid,String,10,,Recommended,"informant_id, see IAN CodeBook for details.","",,"http://dashboard.ianexchange.org/DataExplorer.aspx?FDID=101#informant_id","Section",""
subjectkey,GUID,0,,Required,"The NDAR Global Unique Identifier (GUID) for subjects which identifies a subject in NDAR","NDAR*",,"","",""
