ElementName,DataType,Size,Unit,Required,ElementDescription,ValueRange,Keywords,Notes,Section,Aliases
subjectkey,GUID,0,,Required,"The NDAR Global Unique Identifier (GUID) for subjects which identifies a subject in NDAR","NDAR*",,"","",""
src_subject_id,String,20,,Required,"The site's subject identification","",,"","",""
interview_date,Date,0,,Required,"Date on which the interview/genetic test/sampling/imaging was completed","MM/yyyy;MM/dd/yyyy",,"* '01/01/1900' indicates that a date associated with retrospective data is not known.","",""
interview_age,Integer,0,,Required,"Age in months at the time of the interview/test/sampling/imaging.","0 to 1200",,"Age is rounded to chronological month If the research participant is 13 days old at time of interview  the appropriate value would be 0 months if the participant is 19 days old the value would be 1 month","",""
comments_misc,String,255,,Optional,"Miscellaneous comments on study, interview, methodology relevant to this form data","",,"","",""
untestable,String,50,,Optional,"Was the patient untestable?","Yes;No;N/A",,"","",""
untestable_reason,String,255,,Optional,"what was the reason he/she was untestable?","",,"","",""
total_items_administred,String,255,,Recommended,"Total number of items administered","0 to 35",,"","",""
total_rule_violations,String,255,,Recommended,"Total number of rule violations","0 to 35",,"","",""
total_achievement_scaled_score,String,255,,Recommended,"Total Achievement Scaled Score","0 to 35",,"","",""
