ElementName,DataType,Size,Unit,Required,ElementDescription,ValueRange,Keywords,Notes,Section,Aliases
subjectkey,GUID,0,,Required,"The NDAR Global Unique Identifier (GUID) for subjects which identifies a subject in NDAR","NDAR*",,"","Header",""
src_subject_id,String,20,,Required,"The site's subject identification","",,"","Header",""
interview_date,Date,0,,Required,"Date on which the interview/genetic test/sampling/imaging was completed","MM/yyyy;MM/dd/yyyy",,"* '01/01/1900' indicates that a date associated with retrospective data is not known.","Header",""
interview_age,Integer,0,,Required,"Age in months at the time of the interview/test/sampling/imaging.","0 to 1200",,"Age is rounded to chronological month If the research participant is 13 days old at time of interview  the appropriate value would be 0 months if the participant is 19 days old the value would be 1 month","Header",""
weather_prediction_edat,File,0,,Recommended,"Path to Weather Prediction Task data exported in Excel","",,"","Weather Prediction Task",""
cptiiv5_report,File,0,,Recommended,"Path to Summary (pages 5-6) of Connor's Continuous Performance Test II V.5 in Excel","",,"","Continuous Performance Test",""
california_global_local,File,0,,Recommended,"Path to California Global Local, Scanned Results in PDF","",,"","California Global Local",""
