ElementName,DataType,Size,Unit,Required,ElementDescription,ValueRange,Keywords,Notes,Section,Aliases
ianianresearchid1,String,10,,Recommended,"IAN_Research_id1, see IAN CodeBook for details.","",,"http://dashboard.ianexchange.org/DataExplorer.aspx?FDID=102#IAN_Research_id1","Section","IAN_Research_id1"
ianianresearchid2,String,10,,Recommended,"IAN_Research_id2, see IAN CodeBook for details.","",,"http://dashboard.ianexchange.org/DataExplorer.aspx?FDID=102#IAN_Research_id2","Section","IAN_Research_id2"
ianrolename1,String,50,,Recommended,"role_name1, see IAN CodeBook for details.","",,"http://dashboard.ianexchange.org/DataExplorer.aspx?FDID=102#role_name1","Section","role_name1"
ianrolename2,String,50,,Recommended,"role_name2, see IAN CodeBook for details.","",,"http://dashboard.ianexchange.org/DataExplorer.aspx?FDID=102#role_name2","Section","role_name2"
ianrecordnumber,Integer,0,,Recommended,"record_number, see IAN CodeBook for details.","",,"http://dashboard.ianexchange.org/DataExplorer.aspx?FDID=101#record_number","Section","record_number"
iandonotdelete,Float,0,,Recommended,"DO_NOT_DELETE, see IAN CodeBook for details.","",,"http://dashboard.ianexchange.org/DataExplorer.aspx?FDID=101#DO_NOT_DELETE","Section","DO_NOT_DELETE"
