ElementName,DataType,Size,Unit,Required,ElementDescription,ValueRange,Keywords,Notes,Section,Aliases
ianinfluencedstop,Integer,2,,Recommended,"influenced_stop, see IAN CodeBook for details.","",,"http://dashboard.ianexchange.org/DataExplorer.aspx?FDID=61#influenced_stop","Section",""
iantxreasonstop,Integer,2,,Recommended,"tx_reason_stop, see IAN CodeBook for details.","",,"http://dashboard.ianexchange.org/DataExplorer.aspx?FDID=61#tx_reason_stop","Section",""
iancontinuetreatment1,Integer,4,,Recommended,"continue_treatment_1, see IAN CodeBook for details.","",,"http://dashboard.ianexchange.org/DataExplorer.aspx?FDID=61#continue_treatment_1","Section",""
iancontinuetreatment2,Integer,4,,Recommended,"continue_treatment_2, see IAN CodeBook for details.","",,"http://dashboard.ianexchange.org/DataExplorer.aspx?FDID=61#continue_treatment_2","Section",""
iancontinuetreatment3,Integer,4,,Recommended,"continue_treatment_3, see IAN CodeBook for details.","",,"http://dashboard.ianexchange.org/DataExplorer.aspx?FDID=61#continue_treatment_3","Section",""
iancontinuetreatment4,Integer,4,,Recommended,"continue_treatment_4, see IAN CodeBook for details.","",,"http://dashboard.ianexchange.org/DataExplorer.aspx?FDID=61#continue_treatment_4","Section",""
iancontinuetreatment5,Integer,4,,Recommended,"continue_treatment_5, see IAN CodeBook for details.","",,"http://dashboard.ianexchange.org/DataExplorer.aspx?FDID=61#continue_treatment_5","Section",""
iancontinuetreatment6,Integer,4,,Recommended,"continue_treatment_6, see IAN CodeBook for details.","",,"http://dashboard.ianexchange.org/DataExplorer.aspx?FDID=61#continue_treatment_6","Section",""
iancontinuetreatment7,Integer,4,,Recommended,"continue_treatment_7, see IAN CodeBook for details.","",,"http://dashboard.ianexchange.org/DataExplorer.aspx?FDID=61#continue_treatment_7","Section",""
iancontinuetreatment8,Integer,4,,Recommended,"continue_treatment_8, see IAN CodeBook for details.","",,"http://dashboard.ianexchange.org/DataExplorer.aspx?FDID=61#continue_treatment_8","Section",""
iancontinuetreatmentother,Integer,4,,Recommended,"continue_treatment_other, see IAN CodeBook for details.","",,"http://dashboard.ianexchange.org/DataExplorer.aspx?FDID=61#continue_treatment_other","Section",""
iantargetsymptomsstop1,Integer,4,,Recommended,"target_symptoms_stop_1, see IAN CodeBook for details.","",,"http://dashboard.ianexchange.org/DataExplorer.aspx?FDID=61#target_symptoms_stop_1","Section",""
iantargetsymptomsstop2,Integer,4,,Recommended,"target_symptoms_stop_2, see IAN CodeBook for details.","",,"http://dashboard.ianexchange.org/DataExplorer.aspx?FDID=61#target_symptoms_stop_2","Section",""
iantargetsymptomsstop3,Integer,4,,Recommended,"target_symptoms_stop_3, see IAN CodeBook for details.","",,"http://dashboard.ianexchange.org/DataExplorer.aspx?FDID=61#target_symptoms_stop_3","Section",""
iantargetsymptomsstop4,Integer,4,,Recommended,"target_symptoms_stop_4, see IAN CodeBook for details.","",,"http://dashboard.ianexchange.org/DataExplorer.aspx?FDID=61#target_symptoms_stop_4","Section",""
iantargetsymptomsstop5,Integer,4,,Recommended,"target_symptoms_stop_5, see IAN CodeBook for details.","",,"http://dashboard.ianexchange.org/DataExplorer.aspx?FDID=61#target_symptoms_stop_5","Section",""
iantargetsymptomsstop6,Integer,4,,Recommended,"target_symptoms_stop_6, see IAN CodeBook for details.","",,"http://dashboard.ianexchange.org/DataExplorer.aspx?FDID=61#target_symptoms_stop_6","Section",""
iantargetsymptomsstop7,Integer,4,,Recommended,"target_symptoms_stop_7, see IAN CodeBook for details.","",,"http://dashboard.ianexchange.org/DataExplorer.aspx?FDID=61#target_symptoms_stop_7","Section",""
iantargetsymptomsstop8,Integer,4,,Recommended,"target_symptoms_stop_8, see IAN CodeBook for details.","",,"http://dashboard.ianexchange.org/DataExplorer.aspx?FDID=61#target_symptoms_stop_8","Section",""
iantargetsymptomsstopother,Integer,4,,Recommended,"target_symptoms_stop_other, see IAN CodeBook for details.","",,"http://dashboard.ianexchange.org/DataExplorer.aspx?FDID=61#target_symptoms_stop_other","Section",""
iantxexpstop,Integer,2,,Recommended,"tx_exp_stop, see IAN CodeBook for details.","",,"http://dashboard.ianexchange.org/DataExplorer.aspx?FDID=61#tx_exp_stop","Section",""
iantximprovedstop,Integer,2,,Recommended,"tx_improved_stop, see IAN CodeBook for details.","",,"http://dashboard.ianexchange.org/DataExplorer.aspx?FDID=61#tx_improved_stop","Section",""
iantxworsenstop,Integer,2,,Recommended,"tx_worsen_stop, see IAN CodeBook for details.","",,"http://dashboard.ianexchange.org/DataExplorer.aspx?FDID=61#tx_worsen_stop","Section",""
iantxsideeffectsstop,Integer,2,,Recommended,"tx_side_effects_stop, see IAN CodeBook for details.","",,"http://dashboard.ianexchange.org/DataExplorer.aspx?FDID=61#tx_side_effects_stop","Section",""
iantxburdenstop,Integer,2,,Recommended,"tx_burden_stop, see IAN CodeBook for details.","",,"http://dashboard.ianexchange.org/DataExplorer.aspx?FDID=61#tx_burden_stop","Section",""
iantxpositiveeffectstop,Integer,2,,Recommended,"tx_positive_effect_stop, see IAN CodeBook for details.","",,"http://dashboard.ianexchange.org/DataExplorer.aspx?FDID=61#tx_positive_effect_stop","Section",""
iantxmanagementstop,Integer,2,,Recommended,"tx_management_stop, see IAN CodeBook for details.","",,"http://dashboard.ianexchange.org/DataExplorer.aspx?FDID=61#tx_management_stop","Section",""
iantxexpensestop,Float,8,,Recommended,"tx_expense_stop, see IAN CodeBook for details.","",,"http://dashboard.ianexchange.org/DataExplorer.aspx?FDID=61#tx_expense_stop","Section",""
ianianresearchid,String,10,,Recommended,"IAN_Research_id, see IAN CodeBook for details.","",,"http://dashboard.ianexchange.org/DataExplorer.aspx?FDID=101#IAN_Research_id","Section",""
ianrecordnumber,Integer,0,,Recommended,"record_number, see IAN CodeBook for details.","",,"http://dashboard.ianexchange.org/DataExplorer.aspx?FDID=101#record_number","Section",""
iandonotdelete,Float,0,,Recommended,"DO_NOT_DELETE, see IAN CodeBook for details.","",,"http://dashboard.ianexchange.org/DataExplorer.aspx?FDID=101#DO_NOT_DELETE","Section",""
ianformcompleted,Integer,0,,Recommended,"form_completed, see IAN CodeBook for details.","",,"http://dashboard.ianexchange.org/DataExplorer.aspx?FDID=101#form_completed","Section",""
ianscientificversion,String,20,,Recommended,"scientific_version, see IAN CodeBook for details.","",,"http://dashboard.ianexchange.org/DataExplorer.aspx?FDID=101#scientific_version","Section",""
ianageinyears,Float,0,,Recommended,"age_in_years, see IAN CodeBook for details.","",,"http://dashboard.ianexchange.org/DataExplorer.aspx?FDID=101#age_in_years","Section",""
ianyearofassessment,Integer,0,,Recommended,"year_of_assessment, see IAN CodeBook for details.","",,"http://dashboard.ianexchange.org/DataExplorer.aspx?FDID=101#year_of_assessment","Section",""
ianinformantid,String,10,,Recommended,"informant_id, see IAN CodeBook for details.","",,"http://dashboard.ianexchange.org/DataExplorer.aspx?FDID=101#informant_id","Section",""
iantreatmentcomponentid,Integer,4,,Recommended,"treatment_component_id, see IAN CodeBook for details.","",,"http://dashboard.ianexchange.org/DataExplorer.aspx?FDID=59#treatment_component_id","Section",""
subjectkey,GUID,0,,Required,"The NDAR Global Unique Identifier (GUID) for subjects which identifies a subject in NDAR","NDAR*",,"","",""
