ElementName,DataType,Size,Unit,Required,ElementDescription,ValueRange,Keywords,Notes,Section,Aliases
iantargetsymptomscont1,Integer,4,,Recommended,"target_symptoms_cont_1, see IAN CodeBook for details.","",,"http://dashboard.ianexchange.org/DataExplorer.aspx?FDID=60#target_symptoms_cont_1","Section",""
iantargetsymptomscont2,Integer,4,,Recommended,"target_symptoms_cont_2, see IAN CodeBook for details.","",,"http://dashboard.ianexchange.org/DataExplorer.aspx?FDID=60#target_symptoms_cont_2","Section",""
iantargetsymptomscont3,Integer,4,,Recommended,"target_symptoms_cont_3, see IAN CodeBook for details.","",,"http://dashboard.ianexchange.org/DataExplorer.aspx?FDID=60#target_symptoms_cont_3","Section",""
iantargetsymptomscont4,Integer,4,,Recommended,"target_symptoms_cont_4, see IAN CodeBook for details.","",,"http://dashboard.ianexchange.org/DataExplorer.aspx?FDID=60#target_symptoms_cont_4","Section",""
iantargetsymptomscont5,Integer,4,,Recommended,"target_symptoms_cont_5, see IAN CodeBook for details.","",,"http://dashboard.ianexchange.org/DataExplorer.aspx?FDID=60#target_symptoms_cont_5","Section",""
iantargetsymptomscont6,Integer,4,,Recommended,"target_symptoms_cont_6, see IAN CodeBook for details.","",,"http://dashboard.ianexchange.org/DataExplorer.aspx?FDID=60#target_symptoms_cont_6","Section",""
iantargetsymptomscont7,Integer,4,,Recommended,"target_symptoms_cont_7, see IAN CodeBook for details.","",,"http://dashboard.ianexchange.org/DataExplorer.aspx?FDID=60#target_symptoms_cont_7","Section",""
iantargetsymptomscont8,Integer,4,,Recommended,"target_symptoms_cont_8, see IAN CodeBook for details.","",,"http://dashboard.ianexchange.org/DataExplorer.aspx?FDID=60#target_symptoms_cont_8","Section",""
iantargetsymptomscontother,Integer,4,,Recommended,"target_symptoms_cont_other, see IAN CodeBook for details.","",,"http://dashboard.ianexchange.org/DataExplorer.aspx?FDID=60#target_symptoms_cont_other","Section",""
iantreatmentexperiencecont,Integer,2,,Recommended,"treatment_experience_cont, see IAN CodeBook for details.","",,"http://dashboard.ianexchange.org/DataExplorer.aspx?FDID=60#treatment_experience_cont","Section",""
iantreatmentimprovedcont,Integer,2,,Recommended,"treatment_improved_cont, see IAN CodeBook for details.","",,"http://dashboard.ianexchange.org/DataExplorer.aspx?FDID=60#treatment_improved_cont","Section",""
iantreatmentworsenedcont,Integer,2,,Recommended,"treatment_worsened_cont, see IAN CodeBook for details.","",,"http://dashboard.ianexchange.org/DataExplorer.aspx?FDID=60#treatment_worsened_cont","Section",""
iantxsideeffectscont,Integer,2,,Recommended,"tx_side_effects_cont, see IAN CodeBook for details.","",,"http://dashboard.ianexchange.org/DataExplorer.aspx?FDID=60#tx_side_effects_cont","Section",""
iantxburdencont,Integer,2,,Recommended,"tx_burden_cont, see IAN CodeBook for details.","",,"http://dashboard.ianexchange.org/DataExplorer.aspx?FDID=60#tx_burden_cont","Section",""
iantxpositiveeffects,Integer,2,,Recommended,"tx_positive_effects, see IAN CodeBook for details.","",,"http://dashboard.ianexchange.org/DataExplorer.aspx?FDID=60#tx_positive_effects","Section",""
ianianresearchid,String,10,,Recommended,"IAN_Research_id, see IAN CodeBook for details.","",,"http://dashboard.ianexchange.org/DataExplorer.aspx?FDID=101#IAN_Research_id","Section",""
ianrecordnumber,Integer,0,,Recommended,"record_number, see IAN CodeBook for details.","",,"http://dashboard.ianexchange.org/DataExplorer.aspx?FDID=101#record_number","Section",""
iandonotdelete,Float,0,,Recommended,"DO_NOT_DELETE, see IAN CodeBook for details.","",,"http://dashboard.ianexchange.org/DataExplorer.aspx?FDID=101#DO_NOT_DELETE","Section",""
ianformcompleted,Integer,0,,Recommended,"form_completed, see IAN CodeBook for details.","",,"http://dashboard.ianexchange.org/DataExplorer.aspx?FDID=101#form_completed","Section",""
ianscientificversion,String,20,,Recommended,"scientific_version, see IAN CodeBook for details.","",,"http://dashboard.ianexchange.org/DataExplorer.aspx?FDID=101#scientific_version","Section",""
ianageinyears,Float,0,,Recommended,"age_in_years, see IAN CodeBook for details.","",,"http://dashboard.ianexchange.org/DataExplorer.aspx?FDID=101#age_in_years","Section",""
ianyearofassessment,Integer,0,,Recommended,"year_of_assessment, see IAN CodeBook for details.","",,"http://dashboard.ianexchange.org/DataExplorer.aspx?FDID=101#year_of_assessment","Section",""
ianinformantid,String,10,,Recommended,"informant_id, see IAN CodeBook for details.","",,"http://dashboard.ianexchange.org/DataExplorer.aspx?FDID=101#informant_id","Section",""
iantreatmentcomponentid,Integer,4,,Recommended,"treatment_component_id, see IAN CodeBook for details.","",,"http://dashboard.ianexchange.org/DataExplorer.aspx?FDID=59#treatment_component_id","Section",""
subjectkey,GUID,0,,Required,"The NDAR Global Unique Identifier (GUID) for subjects which identifies a subject in NDAR","NDAR*",,"","",""
