ElementName,DataType,Size,Unit,Required,ElementDescription,ValueRange,Keywords,Notes,Section,Aliases
chrono_age,Integer,0,,Required,"Interview Chronological Age","0 to 1200",,"","Header",""
handedness,String,29,,Recommended,"handedness","R;L;B",,"","Header",""
jol_formh_test_practice_1,Integer,0,,Recommended,"practice test 1","1 to 11",,"","Practice Questions",""
jol_formh_test_pract_1_correct,String,5,,Recommended,"was practice test 1 correct?","Y;N",,"","Practice Questions",""
jol_formh_test_practice_2,Integer,0,,Recommended,"practice test 2","1 to 11",,"","Practice Questions",""
jol_formh_test_pract_2_correct,String,5,,Recommended,"was practice test 2 correct?","Y;N",,"","Practice Questions",""
jol_formh_test_practice_3,Integer,0,,Recommended,"practice test 3","1 to 11",,"","Practice Questions",""
jol_formh_test_pract_3_correct,String,5,,Recommended,"was practice test 3 correct?","Y;N",,"","Practice Questions",""
jol_formh_test_practice_4,Integer,0,,Recommended,"practice test 4","1 to 11",,"","Practice Questions",""
jol_formh_test_pract_4_correct,String,5,,Recommended,"was practice test 4 correct?","Y;N",,"","Practice Questions",""
jol_formh_test_practice_5,Integer,0,,Recommended,"practice test 5","1 to 11",,"","Practice Questions",""
jol_formh_test_pract_5_correct,String,5,,Recommended,"was practice test 5 correct?","Y;N",,"","Practice Questions",""
jol_formh_test_1,Integer,0,,Recommended,"test 1","1 to 11",,"","Test Questions",""
jol_formh_test_1_correct,String,5,,Recommended,"was test 1 correct?","Y;N",,"","Test Questions",""
jol_formh_test_2,Integer,0,,Recommended,"test 2","1 to 11",,"","Test Questions",""
jol_formh_test_2_correct,String,5,,Recommended,"was test 2 correct?","Y;N",,"","Test Questions",""
jol_formh_test_3,Integer,0,,Recommended,"test 3","1 to 11",,"","Test Questions",""
jol_formh_test_3_correct,String,5,,Recommended,"was test 3 correct?","Y;N",,"","Test Questions",""
jol_formh_test_4,Integer,0,,Recommended,"test 4","1 to 11",,"","Test Questions",""
jol_formh_test_4_correct,String,5,,Recommended,"was test 4 correct?","Y;N",,"","Test Questions",""
jol_formh_test_5,Integer,0,,Recommended,"test 5","1 to 11",,"","Test Questions",""
jol_formh_test_5_correct,String,5,,Recommended,"was test 5 correct?","Y;N",,"","Test Questions",""
jol_formh_test_6,Integer,0,,Recommended,"test 6","1 to 11",,"","Test Questions",""
jol_formh_test_6_correct,String,5,,Recommended,"was test 6 correct?","Y;N",,"","Test Questions",""
jol_formh_test_7,Integer,0,,Recommended,"test 7","1 to 11",,"","Test Questions",""
jol_formh_test_7_correct,String,5,,Recommended,"was test 7 correct?","Y;N",,"","Test Questions",""
jol_formh_test_8,Integer,0,,Recommended,"test 8","1 to 11",,"","Test Questions",""
jol_formh_test_8_correct,String,5,,Recommended,"was test 8 correct?","Y;N",,"","Test Questions",""
jol_formh_test_9,Integer,0,,Recommended,"test 9","1 to 11",,"","Test Questions",""
jol_formh_test_9_correct,String,5,,Recommended,"was test 9 correct?","Y;N",,"","Test Questions",""
jol_formh_test_10,Integer,0,,Recommended,"test 10","1 to 11",,"","Test Questions",""
jol_formh_test_10_correct,String,5,,Recommended,"was test 10 correct?","Y;N",,"","Test Questions",""
jol_formh_test_11,Integer,0,,Recommended,"test 11","1 to 11",,"","Test Questions",""
jol_formh_test_11_correct,String,5,,Recommended,"was test 11 correct?","Y;N",,"","Test Questions",""
jol_formh_test_12,Integer,0,,Recommended,"test 29","1 to 11",,"","Test Questions",""
jol_formh_test_12_correct,String,5,,Recommended,"was test 29 correct?","Y;N",,"","Test Questions",""
jol_formh_test_13,Integer,0,,Recommended,"test 13","1 to 11",,"","Test Questions",""
jol_formh_test_13_correct,String,5,,Recommended,"was test 13 correct?","Y;N",,"","Test Questions",""
jol_formh_test_14,Integer,0,,Recommended,"test 14","1 to 11",,"","Test Questions",""
jol_formh_test_14_correct,String,5,,Recommended,"was test 14 correct?","Y;N",,"","Test Questions",""
jol_formh_test_15,Integer,0,,Recommended,"test 15","1 to 11",,"","Test Questions",""
jol_formh_test_15_correct,String,5,,Recommended,"was test 15 correct?","Y;N",,"","Test Questions",""
jol_formh_test_16,Integer,0,,Recommended,"test 16","1 to 11",,"","Test Questions",""
jol_formh_test_16_correct,String,5,,Recommended,"was test 16 correct?","Y;N",,"","Test Questions",""
jol_formh_test_17,Integer,0,,Recommended,"test 17","1 to 11",,"","Test Questions",""
jol_formh_test_17_correct,String,5,,Recommended,"was test 17 correct?","Y;N",,"","Test Questions",""
jol_formh_test_18,Integer,0,,Recommended,"test 18","1 to 11",,"","Test Questions",""
jol_formh_test_18_correct,String,5,,Recommended,"was test 18 correct?","Y;N",,"","Test Questions",""
jol_formh_test_19,Integer,0,,Recommended,"test 19","1 to 11",,"","Test Questions",""
jol_formh_test_19_correct,String,5,,Recommended,"was test 19 correct?","Y;N",,"","Test Questions",""
jol_formh_test_20,Integer,0,,Recommended,"test 20","1 to 11",,"","Test Questions",""
jol_formh_test_20_correct,String,5,,Recommended,"was test 20 correct?","Y;N",,"","Test Questions",""
jol_formh_test_21,Integer,0,,Recommended,"test 21","1 to 11",,"","Test Questions",""
jol_formh_test_21_correct,String,5,,Recommended,"was test 21 correct?","Y;N",,"","Test Questions",""
jol_formh_test_22,Integer,0,,Recommended,"test 22","1 to 11",,"","Test Questions",""
jol_formh_test_22_correct,String,5,,Recommended,"was test 22 correct?","Y;N",,"","Test Questions",""
jol_formh_test_23,Integer,0,,Recommended,"test 23","1 to 11",,"","Test Questions",""
jol_formh_test_23_correct,String,5,,Recommended,"was test 23 correct?","Y;N",,"","Test Questions",""
jol_formh_test_24,Integer,0,,Recommended,"test 24","1 to 11",,"","Test Questions",""
jol_formh_test_24_correct,String,5,,Recommended,"was test 24 correct?","Y;N",,"","Test Questions",""
jol_formh_test_25,Integer,0,,Recommended,"test 25","1 to 11",,"","Test Questions",""
jol_formh_test_25_correct,String,5,,Recommended,"was test 25 correct?","Y;N",,"","Test Questions",""
jol_formh_test_26,Integer,0,,Recommended,"test 26","1 to 11",,"","Test Questions",""
jol_formh_test_26_correct,String,5,,Recommended,"was test 26 correct?","Y;N",,"","Test Questions",""
jol_formh_test_27,Integer,0,,Recommended,"test 27","1 to 11",,"","Test Questions",""
jol_formh_test_27_correct,String,5,,Recommended,"was test 27 correct?","Y;N",,"","Test Questions",""
jol_formh_test_28,Integer,0,,Recommended,"test 28","1 to 11",,"","Test Questions",""
jol_formh_test_28_correct,String,5,,Recommended,"was test 28 correct?","Y;N",,"","Test Questions",""
jol_formh_test_29_,Integer,0,,Required,"test 29","1 to 11",,"","Test Questions","JoL_FormH_Test_29"
jol_formh_test_29_correct,String,5,,Recommended,"was test 29 correct?","Y;N",,"","Test Questions",""
jol_formh_test_30,Integer,0,,Recommended,"test 30","1 to 11",,"","Test Questions",""
jol_formh_test_30_correct,String,5,,Recommended,"was test 30 correct?","Y;N",,"","Test Questions",""
subjectkey,GUID,0,,Required,"The NDAR Global Unique Identifier (GUID) for subjects which identifies a subject in NDAR","NDAR*",,"","Header",""
src_subject_id,String,20,,Required,"The site's subject identification","",,"","Header",""
interview_date,Date,0,,Required,"Date on which the interview/genetic test/sampling/imaging was completed","MM/yyyy;MM/dd/yyyy",,"* '01/01/1900' indicates that a date associated with retrospective data is not known.","Header",""
interview_age,Integer,0,,Required,"Age in months at the time of the interview/test/sampling/imaging.","0 to 1200",,"Age is rounded to chronological month If the research participant is 13 days old at time of interview  the appropriate value would be 0 months if the participant is 19 days old the value would be 1 month","Header",""
comments_misc,String,255,,Optional,"Miscellaneous comments on study, interview, methodology relevant to this form data","",,"","Header",""
gender,String,50,,Recommended,"Gender","M;F",,"","Header",""
