ElementName,DataType,Size,Unit,Required,ElementDescription,ValueRange,Keywords,Notes,Section,Aliases
subjectkey,GUID,0,,Required,"The NDAR Global Unique Identifier (GUID) for subjects which identifies a subject in NDAR","NDAR*",,"","NDAR Required",""
src_subject_id,String,20,,Required,"The site's subject identification","",,"","NDAR Required",""
interview_date,Date,0,,Required,"Date on which the interview/genetic test/sampling/imaging was completed","MM/yyyy;MM/dd/yyyy",,"* '01/01/1900' indicates that a date associated with retrospective data is not known.","NDAR Required",""
interview_age,Integer,0,,Required,"Age in months at the time of the interview/test/sampling/imaging.","0 to 1200",,"Age is rounded to chronological month If the research participant is 13 days old at time of interview  the appropriate value would be 0 months if the participant is 19 days old the value would be 1 month","NDAR Required",""
attention_cur,Integer,0,,Recommended,"summary of difficulty subject has with sustaining attention on tasks. 0 = no info; 1 = not present, 2 = subthreshold, 3 = threshold","0 to 3",,"","ADHD",""
attention_past,Integer,0,,Recommended,"does the parent think the subject had difficulty sustaining attention on tasks","0 to 3",,"","ADHD",""
distracted_cur,Integer,0,,Recommended," is subject easily distracted; summary. 0 = no info; 1 = not present, 2 = subthreshold, 3 = threshold","0 to 3",,"","ADHD",""
distracted_past,Integer,0,,Recommended,"does the parent think the subject was easily distracted","0 to 3",,"","ADHD",""
seated_cur,Integer,0,,Recommended,"does subject have difficulty remaining seated; summary. 0 = no info; 1 = not present, 2 = subthreshold, 3 = threshold","0 to 3",,"","ADHD",""
seated_past,Integer,0,,Recommended,"does the parent think the subject had difficulty remaining seated","0 to 3",,"","ADHD",""
impulsivity_cur,Integer,0,,Recommended,"is the subject impulsive; summary. 0 = no info; 1 = not present, 2 = subthreshold, 3 = threshold","0 to 3",,"","ADHD",""
impulsivity_past,Integer,0,,Recommended,"does the parent think the subject was impulsive","0 to 3",,"","ADHD",""
supplement4,String,3,,Recommended,"should supplement 4  be completed. 0 = no info; 1 = not present, 2 = subthreshold, 3 = threshold","yes;no",,"","ADHD",""
s4_adhd_mistakes_current,Integer,0,,Recommended,"doe the subject make lots of mistakes; summary","0 to 3",,"","",""
s4_adhd_mistakes_past,Integer,0,,Recommended,"did the subject make lots of mistakes in the past; summary. 0 = no info; 1 = not present, 2 = subthreshold, 3 = threshold","0 to 3",,"","",""
s4_adhd_listen_current,Integer,0,,Recommended,"does the subject not listen; summary. 0 = no info; 1 = not present, 2 = subthreshold, 3 = threshold","0 to 3",,"","",""
s4_adhd_listen_past,Integer,0,,Recommended,"did the subject not listen in the past; summary. 0 = no info; 1 = not present, 2 = subthreshold, 3 = threshold","0 to 3",,"","",""
s4_adhd_instruct_current,Integer,0,,Recommended,"does the subject have difficulty following instructions; summary. 0 = no info; 1 = not present, 2 = subthreshold, 3 = threshold","0 to 3",,"","",""
s4_adhd_instruct_past,Integer,0,,Recommended,"did the subject have difficulty following instructions in the past; summary. 0 = no info; 1 = not present, 2 = subthreshold, 3 = threshold","0 to 3",,"","",""
s4_adhd_organizing_current,Integer,0,,Recommended,"does subject have difficulty organizing tasks; summary. 0 = no info; 1 = not present, 2 = subthreshold, 3 = threshold","0 to 3",,"","",""
s4_adhd_organizing_past,Integer,0,,Recommended,"did subject have difficulty organizing tasks in the past; summary. 0 = no info; 1 = not present, 2 = subthreshold, 3 = threshold","0 to 3",,"","",""
s4_adhd_avoids_current,Integer,0,,Recommended,"does subject dislike tasks that require attention; summary. 0 = no info; 1 = not present, 2 = subthreshold, 3 = threshold","0 to 3",,"","",""
s4_adhd_avoids_past,Integer,0,,Recommended,"did subject dislike tasks that require attention in the past; summary. 0 = no info; 1 = not present, 2 = subthreshold, 3 = threshold","0 to 3",,"","",""
s4_adhd_loses_current,Integer,0,,Recommended,"does subject loose things; summary. 0 = no info; 1 = not present, 2 = subthreshold, 3 = threshold","0 to 3",,"","",""
s4_adhd_loses_past,Integer,0,,Recommended,"did subject loose things in the past; summary. 0 = no info; 1 = not present, 2 = subthreshold, 3 = threshold","0 to 3",,"","",""
s4_adhd_forgetful_current,Integer,0,,Recommended,"is subject forgetful in daily activities; summary. 0 = no info; 1 = not present, 2 = subthreshold, 3 = threshold","0 to 3",,"","",""
s4_adhd_forgetful_past,Integer,0,,Recommended,"was subject forgetful in daily activities in the past; summary. 0 = no info; 1 = not present, 2 = subthreshold, 3 = threshold","0 to 3",,"","",""
s4_adhd_fidget_current,Integer,0,,Recommended,"does subject fidget; summary. 0 = no info; 1 = not present, 2 = subthreshold, 3 = threshold","0 to 3",,"","",""
s4_adhd_fidget_past,Integer,0,,Recommended,"did subject fidget in past; summary. 0 = no info; 1 = not present, 2 = subthreshold, 3 = threshold","0 to 3",,"","",""
s4_adhd_runs_current,Integer,0,,Recommended,"does subject run or climb excessively; summary. 0 = no info; 1 = not present, 2 = subthreshold, 3 = threshold","0 to 3",,"","",""
s4_adhd_runs_past,Integer,0,,Recommended,"did subject run or climb excessively in the past; summary. 0 = no info; 1 = not present, 2 = subthreshold, 3 = threshold","0 to 3",,"","",""
s4_adhd_go_current,Integer,0,,Recommended,"is subject always on the go; summary. 0 = no info; 1 = not present, 2 = subthreshold, 3 = threshold","0 to 3",,"","",""
s4_adhd_go_past,Integer,0,,Recommended,"was subject always on the go in the past; summary. 0 = no info; 1 = not present, 2 = subthreshold, 3 = threshold","0 to 3",,"","",""
s4_adhd_quietly_current,Integer,0,,Recommended,"does subject have difficulty playing quietly; summary. 0 = no info; 1 = not present, 2 = subthreshold, 3 = threshold","0 to 3",,"","",""
s4_adhd_quietly_past,Integer,0,,Recommended,"did subject have difficulty playing quietly; summary. 0 = no info; 1 = not present, 2 = subthreshold, 3 = threshold","0 to 3",,"","",""
s4_adhd_blurts_current,Integer,0,,Recommended,"does subject blurt out answers; summary. 0 = no info; 1 = not present, 2 = subthreshold, 3 = threshold","0 to 3",,"","",""
s4_adhd_blurts_past,Integer,0,,Recommended,"did subject blurt out answers; summary. 0 = no info; 1 = not present, 2 = subthreshold, 3 = threshold","0 to 3",,"","",""
s4_adhd_waiting_current,Integer,0,,Recommended,"does subject have difficulty waiting their turn; summary. 0 = no info; 1 = not present, 2 = subthreshold, 3 = threshold","0 to 3",,"","",""
s4_adhd_waiting_past,Integer,0,,Recommended,"did subject have difficulty waiting their turn in the past; summary. 0 = no info; 1 = not present, 2 = subthreshold, 3 = threshold","0 to 3",,"","",""
s4_adhd_interrupts_current,Integer,0,,Recommended,"does subject interrupt; summary. 0 = no info; 1 = not present, 2 = subthreshold, 3 = threshold","0 to 3",,"","",""
s4_adhd_interrupts_past,Integer,0,,Recommended,"did subject interrupt in the past; summary. 0 = no info; 1 = not present, 2 = subthreshold, 3 = threshold","0 to 3",,"","",""
s4_adhd_shifts_current,Integer,0,,Recommended,"does subject shift activites; summary. 0 = no info; 1 = not present, 2 = subthreshold, 3 = threshold","0 to 3",,"","",""
s4_adhd_shifts_past,Integer,0,,Recommended,"did subject shift activities in the past; summary. 0 = no info; 1 = not present, 2 = subthreshold, 3 = threshold","0 to 3",,"","",""
s4_adhd_talks_current,Integer,0,,Recommended,"does subject talk excessively; summary. 0 = no info; 1 = not present, 2 = subthreshold, 3 = threshold","0 to 3",,"","",""
s4_adhd_talks_past,Integer,0,,Recommended,"did subject talk excessively in the past; summary. 0 = no info; 1 = not present, 2 = subthreshold, 3 = threshold","0 to 3",,"","",""
s4_adhd_dangerous_current,Integer,0,,Recommended,"does subject engag in physically dangerous activities; summary. 0 = no info; 1 = not present, 2 = subthreshold, 3 = threshold","0 to 3",,"","",""
s4_adhd_dangerous_past,Integer,0,,Recommended,"did subject engage in physically dangerous activities in the past; summary. 0 = no info; 1 = not present, 2 = subthreshold, 3 = threshold","0 to 3",,"","",""
s4_adhd_duration,Integer,0,,Recommended,"duration of symptoms. 0 = no info; 1 = has not lasted for 6 months or more; 2 = has lasted for 6 months or more","0 to 2",,"","",""
s4_adhd_age_onset,Integer,0,,Recommended,"age of onset of symptoms. 0 = no info; 1 = did not onset before age 7; 2 = did onset before age 7","0 to 2",,"","",""
s4_adhd_impairment_social,Integer,0,,Recommended,"social impairment with peers. 0 = no info; 1 = ; 2 =","0 to 2",,"","",""
s4_adhd_impairment_family,Integer,0,,Recommended,"impairment with family. 0 = ; 1 = ; 2 =","0 to 2",,"","",""
s4_adhd_impairment_school,Integer,0,,Recommended,"impairment with school. 0 = ; 1 = ; 2 =","0 to 2",,"","",""
s4_adhd_evidence_dsmiiir,Integer,0,,Recommended,"meets 8 of the DSM_III_R symptoms. 0 = ; 1 = ; 2 =","0 to 2",,"","",""
s4_adhd_evidence_dsmiv_inatten,Integer,0,,Recommended,"meets 6 of the DSM_IV inattentive symptoms for past 6 months. 0 = ; 1 = ; 2 =","0 to 2",,"","",""
s4_adhd_evidence_dsmiv_hyper,Integer,0,,Recommended,"meets 6 of the DSM_IV hyperactive impulsive symptoms for past 6 months. 0 = ; 1 = ; 2 =","0 to 2",,"","",""
s4_adhd_evidence_dsmiv_combine,Integer,0,,Recommended,"meets both 6 of the DSM_IV innatentive and 6 of the DSM_IV hyperactive impulsive symptoms for the past 6 months. 0 = ; 1 = ; 2 =","0 to 2",,"","",""
s4_adhd_evidence_dsmiv_nos,Integer,0,,Recommended,"prominent symptoms but do not meet criteria for ADHD. 0 = ; 1 = ; 2 =","0 to 2",,"","",""
