ElementName,DataType,Size,Unit,Required,ElementDescription,ValueRange,Keywords,Notes,Section,Aliases
subjectkey,GUID,0,,Required,"The NDAR Global Unique Identifier (GUID) for subjects which identifies a subject in NDAR","NDAR*",,"","NDAR Required",""
src_subject_id,String,20,,Required,"The site's subject identification","",,"","NDAR Required",""
interview_date,Date,0,,Required,"Date on which the interview/genetic test/sampling/imaging was completed","MM/yyyy;MM/dd/yyyy",,"* '01/01/1900' indicates that a date associated with retrospective data is not known.","NDAR Required",""
interview_age,Integer,0,,Required,"Age in months at the time of the interview/test/sampling/imaging.","0 to 1200",,"Age is rounded to chronological month If the research participant is 13 days old at time of interview  the appropriate value would be 0 months if the participant is 19 days old the value would be 1 month","NDAR Required",""
major_depressive_epsiode,Integer,0,,Recommended,"current diagnosis of major depressive episode.","0 to 4",,"","",""
psychotic_features,Integer,0,,Recommended,"current diagnosis of psychotic features.","0 to 4",,"","",""
dysthymia,Integer,0,,Recommended,"current diagnosis of dysthymia.","0 to 4",,"","",""
depressive_disorder_nos,Integer,0,,Recommended,"current diagnosis of depressive disorder NOS.","0 to 4",,"","",""
adj_disorder_w_depressed_mood,Integer,0,,Recommended,"current diagnosis of adj disorder with depressed mood.","0 to 4",,"","",""
mania,Integer,0,,Recommended,"current diagnosis of mania.","0 to 4",,"","",""
hypomania,Integer,0,,Recommended,"current diagnosis of hypomania.","0 to 4",,"","",""
cyclothymia,Integer,0,,Recommended,"current diagnosis of cyclothymia.","0 to 4",,"","",""
bipolar_nos,Integer,0,,Recommended,"current diagnosis of bipolar NOS.","0 to 4",,"","",""
bipolar_i,Integer,0,,Recommended,"current diagnosis of bipolar I.","0 to 4",,"","",""
bipolar_ii,Integer,0,,Recommended,"current diagnosis of bipolar II.","0 to 4",,"","",""
schizoaffective_disorder_mania,Integer,0,,Recommended,"current diagnosis of schizoaffective disorder manic.","0 to 4",,"","",""
schizoaffect_disorder_depress,Integer,0,,Recommended,"current diagnosis of schizoaffective disorder depressed.","0 to 4",,"","",""
schizophrenia,Integer,0,,Recommended,"current diagnosis of schizophrenia.","0 to 4",,"","",""
schizophreniform_disorder,Integer,0,,Recommended,"current diagnosis of schizophreniform disorder.","0 to 4",,"","",""
brief_reactive_psychosis,Integer,0,,Recommended,"current diagnosis of brief reactive psychosis.","0 to 4",,"","",""
panic_disorder,Integer,0,,Recommended,"current diagnosis of panic disorder","0 to 4",,"","",""
separation_anxiety_disorder,Integer,0,,Recommended,"surrent diagnosis of separation anxiety disorder.","0 to 4",,"","",""
avoidant_disorder_childhood,Integer,0,,Recommended,"current diagnosis of avoidant disorder of childhood.","0 to 4",,"","",""
simple_phobia,Integer,0,,Recommended,"current diagnosis of simple phobia.","0 to 4",,"","",""
social_phobia,Integer,0,,Recommended,"current diagnosis of social phobia.","0 to 4",,"","",""
agoraphobia,Integer,0,,Recommended,"current diagnosis of agoraphobia.","0 to 4",,"","",""
overanxious_disorder,Integer,0,,Recommended,"current diagnosis of overanxious disorder.","0 to 4",,"","",""
generalized_anxiety_disorder,Integer,0,,Recommended,"current diagnosis of generalized anxiety disorder.","0 to 4",,"","",""
obsessive_compulsive_disorder,Integer,0,,Recommended,"current diagnosis of obsessive compulsive disorder.","0 to 4",,"","",""
post_traumatic_stress_disorder,Integer,0,,Recommended,"current diagnosis of post traumatic stress disorder.","0 to 4",,"","",""
acute_stress_disorder,Integer,0,,Recommended,"current diagnosis of acute stress disorder.","0 to 4",,"","",""
adj_disorder_wanxious_mood,Integer,0,,Recommended,"current diagnosis of adj disorder with anxious mood.","0 to 4",,"","",""
enuresis,Integer,0,,Recommended,"current diagnosis of enuresis.","0 to 4",,"","",""
encopresis,Integer,0,,Recommended,"current diagnosis of encopresis.","0 to 4",,"","",""
anorexia_nervosa,Integer,0,,Recommended,"current diagnosis of anorexia nervosa.","0 to 4",,"","",""
bulimia,Integer,0,,Recommended,"current diagnosis of bulimia.","0 to 4",,"","",""
attention_deficit_disorder,Integer,0,,Recommended,"current diagnosis of attention deficit disorder.","0 to 4",,"","",""
conduct_disorder,Integer,0,,Recommended,"current diagnosis of conduct disorder.","0 to 4",,"","",""
oppositional_defiant_disorder,Integer,0,,Recommended,"current diagnosis of oppositional defiant disorder.","0 to 4",,"","",""
adj_disorder_dist_conduct,Integer,0,,Recommended,"current diagnosis of adj disorder with dist of conduct.","0 to 4",,"","",""
adj_dis_mixed_mood_conduct,Integer,0,,Recommended,"current diagnosis of adj disorder with mixed mood and conduct.","0 to 4",,"","",""
tourettes,Integer,0,,Recommended,"current diagnosis of tourettes.","0 to 4",,"","",""
chronic_motor_voc_tic_disorder,Integer,0,,Recommended,"current diagnosis of chronic motor or vocal tic disorder.","0 to 4",,"","",""
transient_tic_disorder,Integer,0,,Recommended,"current diagnosis of transient tic disorder.","0 to 4",,"","",""
alcohol_abuse,Integer,0,,Recommended,"current diagnosis of alcohol abuse.","0 to 4",,"","",""
alcohol_dependence,Integer,0,,Recommended,"current diagnosis of alcohol dependence.","0 to 4",,"","",""
substance_abuse,Integer,0,,Recommended,"current diagnosis of substance abuse.","0 to 4",,"","",""
substance_dependence,Integer,0,,Recommended,"current diagnosis of substance dependence.","0 to 4",,"","",""
mental_retardation,Integer,0,,Recommended,"current diagnosis of mental retardation","0 to 4",,"","",""
other_psychiatric_disorder,Integer,0,,Recommended,"current diagnosis of other psychiatric disorder.","0 to 4",,"","",""
other_psych_disorder_specify,String,200,,Recommended,"specify other psychiatric disorder.","",,"","",""
no_psychiatric_disorder,Integer,0,,Recommended,"currently has no psychiatric disorder.","0 to 4",,"","",""
