ElementName,DataType,Size,Unit,Required,ElementDescription,ValueRange,Keywords,Notes,Section,Aliases
subjectkey,GUID,0,,Required,"The NDAR Global Unique Identifier (GUID) for subjects which identifies a subject in NDAR","NDAR*",,"","01",""
src_subject_id,String,20,,Required,"The site's subject identification","",,"","02",""
interview_date,Date,0,,Required,"Date on which the interview/genetic test/sampling/imaging was completed","MM/yyyy;MM/dd/yyyy",,"* '01/01/1900' indicates that a date associated with retrospective data is not known.","03",""
interview_age,Integer,0,,Required,"Age in months at the time of the interview/test/sampling/imaging.","0 to 1200",,"Age is rounded to chronological month If the research participant is 13 days old at time of interview  the appropriate value would be 0 months if the participant is 19 days old the value would be 1 month","04",""
gender,String,50,,Optional,"Gender","M;F",,"","05",""
mcs_vc_total,Integer,0,,Recommended,"Total Score Parts 1- 22","0  680",,"","06",""
cs_vc_total,Integer,0,,Recommended,"Total Score Parts 1- 22","0  680",,"","06",""mcs_wp_perc_below1,String,5,,Recommended,"Is the Words Produced Percentile Below 1?","Y;N",,"","7a",""
mcs_wp_perc,Integer,0,,Recommended,"If the percentile is not below 1 then provide Words Produced Percentile","1 to 99",,"","7b",""
mcs_wf_total,Integer,0,,Recommended,"MacArthur Words and Sentences: Word Forms Total Irregular Word Usage","",,"","08",""
mcs_wf_perc_below1,Integer,0,,Recommended,"Is the Word Forms,  Irregular Words, Nouns and Verbs Percentile Below 1?","0;1",,"","9a",""
mcs_wf_perc,Integer,0,,Recommended,"If the percentile is not below 1 then provide percentile for Word Forms, Irregular Words, Nouns and Verbs","1 to 99",,"","9b",""
mcs_sentmean_morpho,Float,0,,Required,"Mean of three longest sentences in morphemes","1 to 10",,"Changes from integer in v1 of MCI Sentences data structure.","10","mcs_sentmean_morph"
mcs_sentmean_perc_below1,Integer,0,,Recommended,"Is the Mean of three longest sentences/Percentile below 1?","0;1",,"","11a",""
mcs_sentmean_perc,Integer,0,,Recommended,"If the percentile is not below 1 then provide Mean of three longest sentences/Percentile","1 to 99",,"","11b",""
mcs_cx_total,Integer,0,,Recommended,"MacArthur Words and Sentences: Total Complexity Score","",,"","12",""
mcs_cx_perc_below1,Integer,0,,Recommended,"Is the Complexity Score: Percentile below 1?","0;1",,"","13a",""
mcs_cx_perc,Integer,0,,Recommended,"If the Complexity Score: Percentile is not below 1, then provide the percentile","1 to 99",,"","13b",""
mcs_vc1_1_baa,Integer,0,,Recommended,"baa","0;1",,"","IA0101",""
mcs_vc1_2choo,Integer,0,,Recommended,"choo choo","0;1",,"","IA0102",""
mcs_vc1_3_cockadoo,Integer,0,,Recommended,"cockadoodle","0;1",,"","IA0103",""
mcs_vc1_4_grr,Integer,0,,Recommended,"grrr","0;1",,"","IA0104",""
mcs_vc1_5_meow,Integer,0,,Recommended,"meow","0;1",,"","IA0105",""
mcs_vc1_6_moo,Integer,0,,Recommended,"moo","0;1",,"","IA0106",""
mcs_vc1_7_ouch,Integer,0,,Recommended,"ouch","0;1",,"","IA0107",""
mcs_vc1_8_quack,Integer,0,,Recommended,"quack","0;1",,"","IA0108",""
mcs_vc1_9_uhoh,Integer,0,,Recommended,"uhoh","0;1",,"","IA0109",""
mcs_vc1_10_vroom,Integer,0,,Recommended,"vroom","0;1",,"","IA0110",""
mcs_vc1_11_woof,Integer,0,,Recommended,"woof","0;1",,"","IA0111",""
mcs_vc1_12_yum,Integer,0,,Recommended,"yum","0;1",,"","IA0112",""
mcs_vc2_1_alli,Integer,0,,Recommended,"alligator","0;1",,"","IA0201",""
mcs_vc2_2_animal,Integer,0,,Recommended,"animal","0;1",,"","IA0202",""
mcs_vc2_3ant,Integer,0,,Recommended,"ant","0;1",,"","IA0203",""
mcs_vc2_4bear,Integer,0,,Recommended,"bear","0;1",,"","IA0204",""
mcs_vc2_5bee,Integer,0,,Recommended,"bee","0;1",,"","IA0205",""
mcs_vc2_6bird,Integer,0,,Recommended,"bird","0;1",,"","IA0206",""
mcs_vc2_7bug,Integer,0,,Recommended,"bug","0;1",,"","IA0207",""
mcs_vc2_8bunny,Integer,0,,Recommended,"bunny","0;1",,"","IA0208",""
mcs_vc2_9butterfly,Integer,0,,Recommended,"butterfly","0;1",,"","IA0209",""
mcs_vc2_10cat,Integer,0,,Recommended,"cat","0;1",,"","IA0210",""
mcs_vc2_11chicken,Integer,0,,Recommended,"chicken","0;1",,"","IA0211",""
mcs_vc2_12cow,Integer,0,,Recommended,"cow","0;1",,"","IA0212",""
mcs_vc2_13deer,Integer,0,,Recommended,"deer","0;1",,"","IA0213",""
mcs_vc2_14dog,Integer,0,,Recommended,"dog","0;1",,"","IA0214",""
mcs_vc2_15donkey,Integer,0,,Recommended,"donkey","0;1",,"","IA0215",""
mcs_vc2_16duck,Integer,0,,Recommended,"duck","0;1",,"","IA0216",""
mcs_vc2_17elephant,Integer,0,,Recommended,"elephant","0;1",,"","IA0217",""
mcs_vc2_18fish,Integer,0,,Recommended,"fish","0;1",,"","IA0218",""
mcs_vc2_19frog,Integer,0,,Recommended,"frog","0;1",,"","IA0219",""
mcs_vc2_20giraffe,Integer,0,,Recommended,"giraffe","0;1",,"","IA0220",""
mcs_vc2_21goose,Integer,0,,Recommended,"goose","0;1",,"","IA0221",""
mcs_vc2_22hen,Integer,0,,Recommended,"hen","0;1",,"","IA0222",""
mcs_vc2_23horse,Integer,0,,Recommended,"horse","0;1",,"","IA0223",""
mcs_vc2_24kitty,Integer,0,,Recommended,"kitty","0;1",,"","IA0224",""
mcs_vc2_25lamb,Integer,0,,Recommended,"lamb","0;1",,"","IA0225",""
mcs_vc2_26lion,Integer,0,,Recommended,"lion","0;1",,"","IA0226",""
mcs_vc2_27monkey,Integer,0,,Recommended,"monkey","0;1",,"","IA0227",""
mcs_vc2_28moose,Integer,0,,Recommended,"moose","0;1",,"","IA0228",""
mcs_vc2_29mouse,Integer,0,,Recommended,"mouse","0;1",,"","IA0229",""
mcs_vc2_30owl,Integer,0,,Recommended,"owl","0;1",,"","IA0230",""
mcs_vc2_31penguin,Integer,0,,Recommended,"penguin","0;1",,"","IA0231",""
mcs_vc2_32pig,Integer,0,,Recommended,"pig","0;1",,"","IA0232",""
mcs_vc2_33pony,Integer,0,,Recommended,"pony","0;1",,"","IA0233",""
mcs_vc2_34puppy,Integer,0,,Recommended,"puppy","0;1",,"","IA0234",""
mcs_vc2_35rooster,Integer,0,,Recommended,"rooster","0;1",,"","IA0235",""
mcs_vc2_36sheep,Integer,0,,Recommended,"sheep","0;1",,"","IA0236",""
mcs_vc2_37squirrel,Integer,0,,Recommended,"squirrel","0;1",,"","IA0237",""
mcs_vc2_38teddybear,Integer,0,,Recommended,"teddybear","0;1",,"","IA0238",""
mcs_vc2_39tiger,Integer,0,,Recommended,"tiger","0;1",,"","IA0239",""
mcs_vc2_40turkey,Integer,0,,Recommended,"turkey","0;1",,"","IA0240",""
mcs_vc2_41turtle,Integer,0,,Recommended,"turtle","0;1",,"","IA0241",""
mcs_vc2_42wolf,Integer,0,,Recommended,"wolf","0;1",,"","IA0242",""
mcs_vc2_43zebra,Integer,0,,Recommended,"zebra","0;1",,"","IA0243",""
mcs_vc3_1airplane,Integer,0,,Recommended,"airplane","0;1",,"","IA0301",""
mcs_vc3_2bicycle,Integer,0,,Recommended,"bicycle","0;1",,"","IA0302",""
mcs_vc3_3boat,Integer,0,,Recommended,"boat","0;1",,"","IA0303",""
mcs_vc3_4bus,Integer,0,,Recommended,"bus","0;1",,"","IA0304",""
mcs_vc3_5car,Integer,0,,Recommended,"car","0;1",,"","IA0304",""
mcs_vc3_6firetruck,Integer,0,,Recommended,"firetruck","0;1",,"","IA0306",""
mcs_vc3_7helicopter,Integer,0,,Recommended,"helicopter","0;1",,"","IA0307",""
mcs_vc3_8motorcycle,Integer,0,,Recommended,"motorcycle","0;1",,"","IA0308",""
mcs_vc3_9sled,Integer,0,,Recommended,"sled","0;1",,"","IA0309",""
mcs_vc3_10stroller,Integer,0,,Recommended,"stroller","0;1",,"","IA0310",""
mcs_vc3_11tractor,Integer,0,,Recommended,"tractor","0;1",,"","IA0311",""
mcs_vc3_12train,Integer,0,,Recommended,"train","0;1",,"","IA0312",""
mcs_vc3_13tricycle,Integer,0,,Recommended,"tricycle","0;1",,"","IA0313",""
mcs_vc3_14truck,Integer,0,,Recommended,"truck","0;1",,"","IA0314",""
mcs_vc4_1ball,Integer,0,,Recommended,"ball","0;1",,"","IA0401",""
mcs_vc4_2balloon,Integer,0,,Recommended,"balloon","0;1",,"","IA0402",""
mcs_vc4_3bat,Integer,0,,Recommended,"bat","0;1",,"","IA0403",""
mcs_vc4_4block,Integer,0,,Recommended,"block","0;1",,"","IA0404",""
mcs_vc4_5book,Integer,0,,Recommended,"book","0;1",,"","IA0405",""
mcs_vc4_6bubbles,Integer,0,,Recommended,"bubbles","0;1",,"","IA0406",""
mcs_vc4_7chalk,Integer,0,,Recommended,"chalk","0;1",,"","IA0407",""
mcs_vc4_8crayon,Integer,0,,Recommended,"crayon","0;1",,"","IA0408",""
mcs_vc4_9doll,Integer,0,,Recommended,"doll","0;1",,"","IA0409",""
mcs_vc4_10game,Integer,0,,Recommended,"game","0;1",,"","IA0410",""
mcs_vc4_11glue,Integer,0,,Recommended,"glue","0;1",,"","IA0411",""
mcs_vc4_12pen,Integer,0,,Recommended,"pen","0;1",,"","IA0412",""
mcs_vc4_13pencil,Integer,0,,Recommended,"pencil","0;1",,"","IA0413",""
mcs_vc4_14playdough,Integer,0,,Recommended,"playdough","0;1",,"","IA0414",""
mcs_vc4_15present,Integer,0,,Recommended,"present","0;1",,"","IA0415",""
mcs_vc4_16puzzle,Integer,0,,Recommended,"puzzle","0;1",,"","IA0416",""
mcs_vc4_17story,Integer,0,,Recommended,"story","0;1",,"","IA0417",""
mcs_vc4_18toy,Integer,0,,Recommended,"toy","0;1",,"","IA0418",""
mcs_vc5_1apple,Integer,0,,Recommended,"apple","0;1",,"","IA0501",""
mcs_vc5_2applesauce,Integer,0,,Recommended,"applesauce","0;1",,"","IA0502",""
mcs_vc5_3banana,Integer,0,,Recommended,"banana","0;1",,"","IA0503",""
mcs_vc5_4beans,Integer,0,,Recommended,"beans","0;1",,"","IA0504",""
mcs_vc5_5bread,Integer,0,,Recommended,"bread","0;1",,"","IA0505",""
mcs_vc5_6butter,Integer,0,,Recommended,"butter","0;1",,"","IA0506",""
mcs_vc5_7cake,Integer,0,,Recommended,"cake","0;1",,"","IA0507",""
mcs_vc5_8candy,Integer,0,,Recommended,"candy","0;1",,"","IA0508",""
mcs_vc5_9carrots,Integer,0,,Recommended,"carrots","0;1",,"","IA0509",""
mcs_vc5_10cereal,Integer,0,,Recommended,"cereal","0;1",,"","IA0510",""
mcs_vc5_11cheerios,Integer,0,,Recommended,"cheerios","0;1",,"","IA0511",""
mcs_vc5_12cheese,Integer,0,,Recommended,"cheese","0;1",,"","IA0512",""
mcs_vc5_13chicken,Integer,0,,Recommended,"chicken","0;1",,"","IA0513",""
mcs_vc5_14chocolate,Integer,0,,Recommended,"chocolate","0;1",,"","IA0514",""
mcs_vc5_15coffee,Integer,0,,Recommended,"coffee","0;1",,"","IA0515",""
mcs_vc5_16coke,Integer,0,,Recommended,"coke","0;1",,"","IA0516",""
mcs_vc5_17cookie,Integer,0,,Recommended,"cookie","0;1",,"","IA0517",""
mcs_vc5_18corn,Integer,0,,Recommended,"corn","0;1",,"","IA0518",""
mcs_vc5_19cracker,Integer,0,,Recommended,"cracker","0;1",,"","IA0519",""
mcs_vc5_20donut,Integer,0,,Recommended,"donut","0;1",,"","IA0520",""
mcs_vc5_21drink,Integer,0,,Recommended,"drink","0;1",,"","IA0521",""
mcs_vc5_22egg,Integer,0,,Recommended,"egg","0;1",,"","IA0522",""
mcs_vc5_23fish,Integer,0,,Recommended,"fish","0;1",,"","IA0523",""
mcs_vc5_24food,Integer,0,,Recommended,"food","0;1",,"","IA0524",""
mcs_vc5_25frenchfries,Integer,0,,Recommended,"frenchfries","0;1",,"","IA0525",""
mcs_vc5_26grapes,Integer,0,,Recommended,"grapes","0;1",,"","IA0526",""
mcs_vc5_27greenbeans,Integer,0,,Recommended,"greenbeans","0;1",,"","IA0527",""
mcs_vc5_28gum,Integer,0,,Recommended,"gum","0;1",,"","IA0528",""
mcs_vc5_29hamburger,Integer,0,,Recommended,"hamburger","0;1",,"","IA0529",""
mcs_vc5_30ice,Integer,0,,Recommended,"ice","0;1",,"","IA0530",""
mcs_vc5_31icecream,Integer,0,,Recommended,"icecream","0;1",,"","IA0531",""
mcs_vc5_32jello,Integer,0,,Recommended,"jello","0;1",,"","IA0532",""
mcs_vc5_33jelly,Integer,0,,Recommended,"jelly","0;1",,"","IA0533",""
mcs_vc5_34juice,Integer,0,,Recommended,"juice","0;1",,"","IA0534",""
mcs_vc5_35lollipop,Integer,0,,Recommended,"lollipop","0;1",,"","IA0535",""
mcs_vc5_36meat,Integer,0,,Recommended,"meat","0;1",,"","IA0536",""
mcs_vc5_37melon,Integer,0,,Recommended,"melon","0;1",,"","IA0537",""
mcs_vc5_38milk,Integer,0,,Recommended,"milk","0;1",,"","IA0538",""
mcs_vc5_39muffin,Integer,0,,Recommended,"muffin","0;1",,"","IA0539",""
mcs_vc5_40noodles,Integer,0,,Recommended,"noodles","0;1",,"","IA0540",""
mcs_vc5_41nuts,Integer,0,,Recommended,"nuts","0;1",,"","IA0541",""
mcs_vc5_42orange,Integer,0,,Recommended,"orange","0;1",,"","IA0542",""
mcs_vc5_43pancake,Integer,0,,Recommended,"pancake","0;1",,"","IA0543",""
mcs_vc5_44peanutbutter,Integer,0,,Recommended,"peanutbutter","0;1",,"","IA0544",""
mcs_vc5_45peas,Integer,0,,Recommended,"peas","0;1",,"","IA0545",""
mcs_vc5_46pickle,Integer,0,,Recommended,"pickle","0;1",,"","IA0546",""
mcs_vc5_47pizza,Integer,0,,Recommended,"pizza","0;1",,"","IA0547",""
mcs_vc5_48popcorn,Integer,0,,Recommended,"popcorn","0;1",,"","IA0548",""
mcs_vc5_49popsicle,Integer,0,,Recommended,"popsicle","0;1",,"","IA0549",""
mcs_vc5_50potato,Integer,0,,Recommended,"potato","0;1",,"","IA0550",""
mcs_vc5_51potatochip,Integer,0,,Recommended,"potatochip","0;1",,"","IA0551",""
mcs_vc5_52pretzel,Integer,0,,Recommended,"pretzel","0;1",,"","IA0552",""
mcs_vc5_53pudding,Integer,0,,Recommended,"pudding","0;1",,"","IA0553",""
mcs_vc5_54pumpkin,Integer,0,,Recommended,"pumpkin","0;1",,"","IA0554",""
mcs_vc5_55raisin,Integer,0,,Recommended,"raisin","0;1",,"","IA0555",""
mcs_vc5_56salt,Integer,0,,Recommended,"salt","0;1",,"","IA0556",""
mcs_vc5_57sandwich,Integer,0,,Recommended,"sandwich","0;1",,"","IA0557",""
mcs_vc5_58sauce,Integer,0,,Recommended,"sauce","0;1",,"","IA0558",""
mcs_vc5_59sodapop,Integer,0,,Recommended,"soda/pop","0;1",,"","IA0559",""
mcs_vc5_60soup,Integer,0,,Recommended,"soup","0;1",,"","IA0560",""
mcs_vc5_61spaghetti,Integer,0,,Recommended,"spaghetti","0;1",,"","IA0561",""
mcs_vc5_62strawberry,Integer,0,,Recommended,"strawberry","0;1",,"","IA0562",""
mcs_vc5_63toast,Integer,0,,Recommended,"toast","0;1",,"","IA0563",""
mcs_vc5_64tuna,Integer,0,,Recommended,"tuna","0;1",,"","IA0564",""
mcs_vc5_65vanilla,Integer,0,,Recommended,"vanilla","0;1",,"","IA0565",""
mcs_vc5_66vitamins,Integer,0,,Recommended,"vitamins","0;1",,"","IA0566",""
mcs_vc5_67water,Integer,0,,Recommended,"water","0;1",,"","IA0567",""
mcs_vc5_68yogurt,Integer,0,,Recommended,"yogurt","0;1",,"","IA0568",""
mcs_vc6_1beads,Integer,0,,Recommended,"beads","0;1",,"","IA0601",""
mcs_vc6_2belt,Integer,0,,Recommended,"belt","0;1",,"","IA0601",""
mcs_vc6_3bib,Integer,0,,Recommended,"bib","0;1",,"","IA0601",""
mcs_vc6_4boots,Integer,0,,Recommended,"boots","0;1",,"","IA0601",""
mcs_vc6_5button,Integer,0,,Recommended,"button","0;1",,"","IA0601",""
mcs_vc6_6coat,Integer,0,,Recommended,"coat","0;1",,"","IA0601",""
mcs_vc6_7diaper,Integer,0,,Recommended,"diaper","0;1",,"","IA0601",""
mcs_vc6_8dress,Integer,0,,Recommended,"dress","0;1",,"","IA0601",""
mcs_vc6_9gloves,Integer,0,,Recommended,"gloves","0;1",,"","IA0601",""
mcs_vc6_10hat,Integer,0,,Recommended,"hat","0;1",,"","IA0601",""
mcs_vc6_11jacket,Integer,0,,Recommended,"jacket","0;1",,"","IA0601",""
mcs_vc6_12jeans,Integer,0,,Recommended,"jeans","0;1",,"","IA0601",""
mcs_vc6_13mittens,Integer,0,,Recommended,"mittens","0;1",,"","IA0601",""
mcs_vc6_14necklace,Integer,0,,Recommended,"necklace","0;1",,"","IA0601",""
mcs_vc6_15pajamas,Integer,0,,Recommended,"pajamas","0;1",,"","IA0601",""
mcs_vc6_16pants,Integer,0,,Recommended,"pants","0;1",,"","IA0601",""
mcs_vc6_17scarf,Integer,0,,Recommended,"scarf","0;1",,"","IA0601",""
mcs_vc6_18shirt,Integer,0,,Recommended,"shirt","0;1",,"","IA0601",""
mcs_vc6_19shoe,Integer,0,,Recommended,"shoe","0;1",,"","IA0601",""
mcs_vc6_20shorts,Integer,0,,Recommended,"shorts","0;1",,"","IA0601",""
mcs_vc6_21slipper,Integer,0,,Recommended,"slipper","0;1",,"","IA0601",""
mcs_vc6_22sneaker,Integer,0,,Recommended,"sneaker","0;1",,"","IA0601",""
mcs_vc6_23snowsuit,Integer,0,,Recommended,"snowsuit","0;1",,"","IA0601",""
mcs_vc6_24sock,Integer,0,,Recommended,"sock","0;1",,"","IA0601",""
mcs_vc6_25sweater,Integer,0,,Recommended,"sweater","0;1",,"","IA0601",""
mcs_vc6_26tights,Integer,0,,Recommended,"tights","0;1",,"","IA0601",""
mcs_vc6_27underpants,Integer,0,,Recommended,"underpants","0;1",,"","IA0601",""
mcs_vc6_28zipper,Integer,0,,Recommended,"zipper","0;1",,"","IA0601",""
mcs_vc7_1ankle,Integer,0,,Recommended,"ankle","0;1",,"","IA0701",""
mcs_vc7_2arm,Integer,0,,Recommended,"arm","0;1",,"","IA0702",""
mcs_vc7_3bellybutton,Integer,0,,Recommended,"belly button","0;1",,"","IA0703",""
mcs_vc7_4buttocks_bottom,Integer,0,,Recommended,"buttocks/bottom","0;1",,"","IA0704",""
mcs_vc7_5cheek,Integer,0,,Recommended,"cheek","0;1",,"","IA0705",""
mcs_vc7_6chin,Integer,0,,Recommended,"chin","0;1",,"","IA0706",""
mcs_vc7_7ear,Integer,0,,Recommended,"ear","0;1",,"","IA0707",""
mcs_vc7_8eye,Integer,0,,Recommended,"eye","0;1",,"","IA0708",""
mcs_vc7_9face,Integer,0,,Recommended,"face","0;1",,"","IA0709",""
mcs_vc7_10feet,Integer,0,,Recommended,"feet","0;1",,"","IA0710",""
mcs_vc7_11finger,Integer,0,,Recommended,"finger","0;1",,"","IA0711",""
mcs_vc7_12hair,Integer,0,,Recommended,"hair","0;1",,"","IA0712",""
mcs_vc7_13hand,Integer,0,,Recommended,"hand","0;1",,"","IA0713",""
mcs_vc7_14head,Integer,0,,Recommended,"head","0;1",,"","IA0714",""
mcs_vc7_15knee,Integer,0,,Recommended,"knee","0;1",,"","IA0715",""
mcs_vc7_16leg,Integer,0,,Recommended,"leg","0;1",,"","IA0716",""
mcs_vc7_17lips,Integer,0,,Recommended,"lips","0;1",,"","IA0717",""
mcs_vc7_18mouth,Integer,0,,Recommended,"mouth","0;1",,"","IA0718",""
mcs_vc7_19nose,Integer,0,,Recommended,"nose","0;1",,"","IA0719",""
mcs_vc7_20owie_booboo,Integer,0,,Recommended,"owie  booboo","0;1",,"","IA0720",""
mcs_vc7_21penis,Integer,0,,Recommended,"penis","0;1",,"","IA0721",""
mcs_vc7_22shoulder,Integer,0,,Recommended,"shoulder","0;1",,"","IA0722",""
mcs_vc7_23tooth,Integer,0,,Recommended,"tooth","0;1",,"","IA0723",""
mcs_vc7_24toe,Integer,0,,Recommended,"toe","0;1",,"","IA0724",""
mcs_vc7_25tongue,Integer,0,,Recommended,"tongue","0;1",,"","IA0725",""
mcs_vc7_26tummy,Integer,0,,Recommended,"tummy","0;1",,"","IA0726",""
mcs_vc7_27vagina,Integer,0,,Recommended,"vagina","0;1",,"","IA0727",""
mcs_vc8_1basket,Integer,0,,Recommended,"basket","0;1",,"","IA0801",""
mcs_vc8_2blanket,Integer,0,,Recommended,"blanket","0;1",,"","IA0802",""
mcs_vc8_3bottle,Integer,0,,Recommended,"bottle","0;1",,"","IA0803",""
mcs_vc8_4box,Integer,0,,Recommended,"box","0;1",,"","IA0804",""
mcs_vc8_5bowl,Integer,0,,Recommended,"5bowl","0;1",,"","IA0805",""
mcs_vc8_6broom,Integer,0,,Recommended,"broom","0;1",,"","IA0806",""
mcs_vc8_7brush,Integer,0,,Recommended,"brush","0;1",,"","IA0807",""
mcs_vc8_8bucket,Integer,0,,Recommended,"bucket","0;1",,"","IA0808",""
mcs_vc8_9camera,Integer,0,,Recommended,"camera","0;1",,"","IA0809",""
mcs_vc8_10can,Integer,0,,Recommended,"can","0;1",,"","IA0810",""
mcs_vc8_11clock,Integer,0,,Recommended,"clock","0;1",,"","IA0811",""
mcs_vc8_12comb,Integer,0,,Recommended,"comb","0;1",,"","IA0812",""
mcs_vc8_13cup,Integer,0,,Recommended,"cup","0;1",,"","IA0813",""
mcs_vc8_14dish,Integer,0,,Recommended,"dish","0;1",,"","IA0814",""
mcs_vc8_15fork,Integer,0,,Recommended,"fork","0;1",,"","IA0815",""
mcs_vc8_16garbage,Integer,0,,Recommended,"garbage","0;1",,"","IA0816",""
mcs_vc8_17glass,Integer,0,,Recommended,"glass","0;1",,"","IA0817",""
mcs_vc8_18glasses,Integer,0,,Recommended,"glasses","0;1",,"","IA0818",""
mcs_vc8_19hammer,Integer,0,,Recommended,"hammer","0;1",,"","IA0819",""
mcs_vc8_20jar,Integer,0,,Recommended,"jar","0;1",,"","IA0820",""
mcs_vc8_21keys,Integer,0,,Recommended,"keys","0;1",,"","IA0821",""
mcs_vc8_22knife,Integer,0,,Recommended,"knife","0;1",,"","IA0822",""
mcs_vc8_23lamp,Integer,0,,Recommended,"lamp","0;1",,"","IA0823",""
mcs_vc8_24light,Integer,0,,Recommended,"light","0;1",,"","IA0824",""
mcs_vc8_25medicine,Integer,0,,Recommended,"medicine","0;1",,"","IA0825",""
mcs_vc8_26money,Integer,0,,Recommended,"money","0;1",,"","IA0826",""
mcs_vc8_27mop,Integer,0,,Recommended,"mop","0;1",,"","IA0827",""
mcs_vc8_28nail,Integer,0,,Recommended,"nail","0;1",,"","IA0828",""
mcs_vc8_29napkin,Integer,0,,Recommended,"napkin","0;1",,"","IA0829",""
mcs_vc8_30paper,Integer,0,,Recommended,"paper","0;1",,"","IA0830",""
mcs_vc8_31penny,Integer,0,,Recommended,"penny","0;1",,"","IA0831",""
mcs_vc8_32picture,Integer,0,,Recommended,"picture","0;1",,"","IA0832",""
mcs_vc8_33pillow,Integer,0,,Recommended,"pillow","0;1",,"","IA0833",""
mcs_vc8_34plant,Integer,0,,Recommended,"plant","0;1",,"","IA0834",""
mcs_vc8_35plate,Integer,0,,Recommended,"plate","0;1",,"","IA0835",""
mcs_vc8_36purse,Integer,0,,Recommended,"purse","0;1",,"","IA0836",""
mcs_vc8_37radio,Integer,0,,Recommended,"radio","0;1",,"","IA0837",""
mcs_vc8_38scissors,Integer,0,,Recommended,"scissors","0;1",,"","IA0838",""
mcs_vc8_39soap,Integer,0,,Recommended,"soap","0;1",,"","IA0839",""
mcs_vc8_40spoon,Integer,0,,Recommended,"spoon","0;1",,"","IA0840",""
mcs_vc8_41tape,Integer,0,,Recommended,"tape","0;1",,"","IA0841",""
mcs_vc8_42telephone,Integer,0,,Recommended,"telephone","0;1",,"","IA0842",""
mcs_vc8_43tissklee,Integer,0,,Recommended,"tissklee","0;1",,"","IA0843",""
mcs_vc8_44toothbrush,Integer,0,,Recommended,"toothbrush","0;1",,"","IA0844",""
mcs_vc8_45towel,Integer,0,,Recommended,"towel","0;1",,"","IA0845",""
mcs_vc8_46trash,Integer,0,,Recommended,"trash","0;1",,"","IA0846",""
mcs_vc8_47tray,Integer,0,,Recommended,"tray","0;1",,"","IA0847",""
mcs_vc8_48vacuum,Integer,0,,Recommended,"vacuum","0;1",,"","IA0848",""
mcs_vc8_49walker,Integer,0,,Recommended,"walker","0;1",,"","IA0849",""
mcs_vc8_50watch,Integer,0,,Recommended,"watch","0;1",,"","IA0850",""
mcs_vc9_1basement,Integer,0,,Recommended,"basement","0;1",,"","IA0901",""
mcs_vc9_2bathroom,Integer,0,,Recommended,"bathroom","0;1",,"","IA0902",""
mcs_vc9_3bathtub,Integer,0,,Recommended,"bathtub","0;1",,"","IA0903",""
mcs_vc9_4bed,Integer,0,,Recommended,"bed","0;1",,"","IA0904",""
mcs_vc9_5bedroom,Integer,0,,Recommended,"bedroom","0;1",,"","IA0905",""
mcs_vc9_6bench,Integer,0,,Recommended,"bench","0;1",,"","IA0906",""
mcs_vc9_7chair,Integer,0,,Recommended,"chair","0;1",,"","IA0907",""
mcs_vc9_8closet,Integer,0,,Recommended,"closet","0;1",,"","IA0908",""
mcs_vc9_9couch,Integer,0,,Recommended,"couch","0;1",,"","IA0909",""
mcs_vc9_10crib,Integer,0,,Recommended,"crib","0;1",,"","IA0910",""
mcs_vc9_11door,Integer,0,,Recommended,"door","0;1",,"","IA0911",""
mcs_vc9_12drawer,Integer,0,,Recommended,"drawer","0;1",,"","IA0912",""
mcs_vc9_13dryer,Integer,0,,Recommended,"dryer","0;1",,"","IA0913",""
mcs_vc9_14garage,Integer,0,,Recommended,"garage","0;1",,"","IA0914",""
mcs_vc9_15highchair,Integer,0,,Recommended,"highchair","0;1",,"","IA0915",""
mcs_vc9_16kitchen,Integer,0,,Recommended,"kitchen","0;1",,"","IA0916",""
mcs_vc9_17livingroom,Integer,0,,Recommended,"living room","0;1",,"","IA0917",""
mcs_vc9_18oven,Integer,0,,Recommended,"oven","0;1",,"","IA0918",""
mcs_vc9_19playpen,Integer,0,,Recommended,"playpen","0;1",,"","IA0919",""
mcs_vc9_20porch,Integer,0,,Recommended,"porch","0;1",,"","IA0920",""
mcs_vc9_21potty,Integer,0,,Recommended,"potty","0;1",,"","IA0921",""
mcs_vc9_22refrigerator,Integer,0,,Recommended,"refrigerator","0;1",,"","IA0922",""
mcs_vc9_23rockingchair,Integer,0,,Recommended,"rockingchair","0;1",,"","IA0923",""
mcs_vc9_24room,Integer,0,,Recommended,"room","0;1",,"","IA0924",""
mcs_vc9_25shower,Integer,0,,Recommended,"shower","0;1",,"","IA0925",""
mcs_vc9_26sink,Integer,0,,Recommended,"sink","0;1",,"","IA0926",""
mcs_vc9_27sofa,Integer,0,,Recommended,"sofa","0;1",,"","IA0927",""
mcs_vc9_28stairs,Integer,0,,Recommended,"stairs","0;1",,"","IA0928",""
mcs_vc9_29stove,Integer,0,,Recommended,"stove","0;1",,"","IA0929",""
mcs_vc9_30table,Integer,0,,Recommended,"table","0;1",,"","IA0930",""
mcs_vc9_31tv,Integer,0,,Recommended,"TV","0;1",,"","IA0931",""
mcs_vc9_32washingmachine,Integer,0,,Recommended,"washingmachine","0;1",,"","IA0932",""
mcs_vc9_33window,Integer,0,,Recommended,"window","0;1",,"","IA0933",""
mcs_vc10_1backyard,Integer,0,,Recommended,"backyard","0;1",,"","IA1001",""
mcs_vc10_2cloud,Integer,0,,Recommended,"cloud","0;1",,"","IA1002",""
mcs_vc10_3flag,Integer,0,,Recommended,"flag","0;1",,"","IA1003",""
mcs_vc10_4flower,Integer,0,,Recommended,"flower","0;1",,"","IA1004",""
mcs_vc10_5garden,Integer,0,,Recommended,"garden","0;1",,"","IA1005",""
mcs_vc10_6grass,Integer,0,,Recommended,"grass","0;1",,"","IA1006",""
mcs_vc10_7hose,Integer,0,,Recommended,"hose","0;1",,"","IA1007",""
mcs_vc10_8ladder,Integer,0,,Recommended,"ladder","0;1",,"","IA1008",""
mcs_vc10_9lawnmower,Integer,0,,Recommended,"lawnmower","0;1",,"","IA1009",""
mcs_vc10_10moon,Integer,0,,Recommended,"moon","0;1",,"","IA1010",""
mcs_vc10_11pool,Integer,0,,Recommended,"pool","0;1",,"","IA1011",""
mcs_vc10_12rain,Integer,0,,Recommended,"rain","0;1",,"","IA1012",""
mcs_vc10_13rock,Integer,0,,Recommended,"rock","0;1",,"","IA1013",""
mcs_vc10_14roof,Integer,0,,Recommended,"roof","0;1",,"","IA1014",""
mcs_vc10_15sandbox,Integer,0,,Recommended,"sandbox","0;1",,"","IA1015",""
mcs_vc10_16shovel,Integer,0,,Recommended,"shovel","0;1",,"","IA1016",""
mcs_vc10_17sidewalk,Integer,0,,Recommended,"sidewalk","0;1",,"","IA1017",""
mcs_vc10_18sky,Integer,0,,Recommended,"sky","0;1",,"","IA1018",""
mcs_vc10_19slide,Integer,0,,Recommended,"slide","0;1",,"","IA1019",""
mcs_vc10_20snow,Integer,0,,Recommended,"snow","0;1",,"","IA1020",""
mcs_vc10_21snowman,Integer,0,,Recommended,"snowman","0;1",,"","IA1021",""
mcs_vc10_22sprinkler,Integer,0,,Recommended,"sprinkler","0;1",,"","IA1022",""
mcs_vc10_23star,Integer,0,,Recommended,"star","0;1",,"","IA1023",""
mcs_vc10_24stick,Integer,0,,Recommended,"stick","0;1",,"","IA1024",""
mcs_vc10_25stone,Integer,0,,Recommended,"stone","0;1",,"","IA1025",""
mcs_vc10_26street,Integer,0,,Recommended,"street","0;1",,"","IA1026",""
mcs_vc10_27sun,Integer,0,,Recommended,"sun","0;1",,"","IA1027",""
mcs_vc10_28swing,Integer,0,,Recommended,"swing","0;1",,"","IA1028",""
mcs_vc10_29tree,Integer,0,,Recommended,"tree","0;1",,"","IA1029",""
mcs_vc10_30water,Integer,0,,Recommended,"water","0;1",,"","IA1030",""
mcs_vc10_31wind,Integer,0,,Recommended,"wind","0;1",,"","IA1031",""
mcs_vc14_79spill,Integer,0,,Recommended,"spill","0;1",,"","A14079",""
mcs_vc11_1beach,Integer,0,,Recommended,"beach","0;1",,"","IA1101",""
mcs_vc11_2camping,Integer,0,,Recommended,"camping","0;1",,"","IA1102",""
mcs_vc11_3church,Integer,0,,Recommended,"church","0;1",,"","IA1103",""
mcs_vc11_4circus,Integer,0,,Recommended,"circus","0;1",,"","IA1104",""
mcs_vc11_5country,Integer,0,,Recommended,"country","0;1",,"","IA1105",""
mcs_vc11_6downtown,Integer,0,,Recommended,"downtown","0;1",,"","IA1106",""
mcs_vc11_7farm,Integer,0,,Recommended,"farm","0;1",,"","IA1107",""
mcs_vc11_8gasstation,Integer,0,,Recommended,"gasstation","0;1",,"","IA1108",""
mcs_vc11_9home,Integer,0,,Recommended,"home","0;1",,"","IA1109",""
mcs_vc11_10house,Integer,0,,Recommended,"house","0;1",,"","IA1110",""
mcs_vc11_11movie,Integer,0,,Recommended,"movie","0;1",,"","IA1111",""
mcs_vc11_12outside,Integer,0,,Recommended,"outside","0;1",,"","IA1112",""
mcs_vc11_13park,Integer,0,,Recommended,"park","0;1",,"","IA1113",""
mcs_vc11_14party,Integer,0,,Recommended,"party","0;1",,"","IA1114",""
mcs_vc11_15picnic,Integer,0,,Recommended,"picnic","0;1",,"","IA1115",""
mcs_vc11_16playground,Integer,0,,Recommended,"playground","0;1",,"","IA1116",""
mcs_vc11_17school,Integer,0,,Recommended,"school","0;1",,"","IA1117",""
mcs_vc11_18store,Integer,0,,Recommended,"store","0;1",,"","IA1118",""
mcs_vc11_19woods,Integer,0,,Recommended,"woods","0;1",,"","IA1119",""
mcs_vc11_20work,Integer,0,,Recommended,"work","0;1",,"","IA1120",""
mcs_vc11_21yard,Integer,0,,Recommended,"yard","0;1",,"","IA1121",""
mcs_vc11_22zoo,Integer,0,,Recommended,"zoo","0;1",,"","IA1122",""
mcs_vc12_1aunt,Integer,0,,Recommended,"aunt","0;1",,"","IA1201",""
mcs_vc12_2baby,Integer,0,,Recommended,"baby","0;1",,"","IA1202",""
mcs_vc12_3babysitter,Integer,0,,Recommended,"babysitter","0;1",,"","IA1203",""
mcs_vc12_4babysittername,Integer,0,,Recommended,"babysitter's name","0;1",,"","IA1204",""
mcs_vc12_5boy,Integer,0,,Recommended,"boy","0;1",,"","IA1205",""
mcs_vc12_6brother,Integer,0,,Recommended,"brother","0;1",,"","IA1206",""
mcs_vc12_7child,Integer,0,,Recommended,"child","0;1",,"","IA1207",""
mcs_vc12_8clown,Integer,0,,Recommended,"clown","0;1",,"","IA1208",""
mcs_vc12_9cowboy,Integer,0,,Recommended,"cowboy","0;1",,"","IA1209",""
mcs_vc12_10daddy,Integer,0,,Recommended,"daddy","0;1",,"","IA1210",""
mcs_vc12_11doctor,Integer,0,,Recommended,"doctor","0;1",,"","IA1211",""
mcs_vc12_12fireman,Integer,0,,Recommended,"fireman","0;1",,"","IA1212",""
mcs_vc12_13friend,Integer,0,,Recommended,"friend","0;1",,"","IA1213",""
mcs_vc12_14girl,Integer,0,,Recommended,"girl","0;1",,"","IA1214",""
mcs_vc12_15grandma,Integer,0,,Recommended,"grandma","0;1",,"","IA1215",""
mcs_vc12_16grandpa,Integer,0,,Recommended,"grandpa","0;1",,"","IA1216",""
mcs_vc12_17lady,Integer,0,,Recommended,"lady","0;1",,"","IA1217",""
mcs_vc12_18mailman,Integer,0,,Recommended,"mailman","0;1",,"","IA1218",""
mcs_vc12_19man,Integer,0,,Recommended,"man","0;1",,"","IA1219",""
mcs_vc12_20mommy,Integer,0,,Recommended,"mommy","0;1",,"","IA1220",""
mcs_vc12_21nurse,Integer,0,,Recommended,"nurse","0;1",,"","IA1221",""
mcs_vc12_22childname,Integer,0,,Recommended,"childname","0;1",,"","IA1222",""
mcs_vc12_23people,Integer,0,,Recommended,"people","0;1",,"","IA1223",""
mcs_vc12_24person,Integer,0,,Recommended,"person","0;1",,"","IA1224",""
mcs_vc12_25petname,Integer,0,,Recommended,"petname","0;1",,"","IA1225",""
mcs_vc12_26police,Integer,0,,Recommended,"police","0;1",,"","IA1226",""
mcs_vc12_27sister,Integer,0,,Recommended,"sister","0;1",,"","IA1227",""
mcs_vc12_28teacher,Integer,0,,Recommended,"teacher","0;1",,"","IA1228",""
mcs_vc12_29uncle,Integer,0,,Recommended,"uncle","0;1",,"","IA1229",""
mcs_vc13_1bath,Integer,0,,Recommended,"bath","0;1",,"","IA1301",""
mcs_vc13_2breakfast,Integer,0,,Recommended,"breakfast","0;1",,"","IA1302",""
mcs_vc13_3bye,Integer,0,,Recommended,"bye","0;1",,"","IA1303",""
mcs_vc13_4callph,Integer,0,,Recommended,"callph","0;1",,"","IA1304",""
mcs_vc13_5dinner,Integer,0,,Recommended,"dinner","0;1",,"","IA1305",""
mcs_vc13_6givemefive,Integer,0,,Recommended,"givemefive","0;1",,"","IA1306",""
mcs_vc13_7gonnagetyou,Integer,0,,Recommended,"gonnaget  you","0;1",,"","IA1307",""
mcs_vc13_8gopotty,Integer,0,,Recommended,"gopotty","0;1",,"","IA1308",""
mcs_vc13_9hi,Integer,0,,Recommended,"hi","0;1",,"","IA1309",""
mcs_vc13_10hello,Integer,0,,Recommended,"hello","0;1",,"","IA1310",""
mcs_vc13_11lunch,Integer,0,,Recommended,"lunch","0;1",,"","IA1311",""
mcs_vc13_12nap,Integer,0,,Recommended,"nap","0;1",,"","IA1312",""
mcs_vc13_13night,Integer,0,,Recommended,"night","0;1",,"","IA1313",""
mcs_vc13_14no,Integer,0,,Recommended,"no","0;1",,"","IA1314",""
mcs_vc13_15pattycake,Integer,0,,Recommended,"pattycake","0;1",,"","IA1315",""
mcs_vc13_16peekaboo,Integer,0,,Recommended,"peekaboo","0;1",,"","IA1316",""
mcs_vc13_17please,Integer,0,,Recommended,"please","0;1",,"","IA1317",""
mcs_vc13_18shush,Integer,0,,Recommended,"shush","0;1",,"","IA1318",""
mcs_vc13_19shopping,Integer,0,,Recommended,"shopping","0;1",,"","IA1319",""
mcs_vc13_20snack,Integer,0,,Recommended,"snack","0;1",,"","IA1320",""
mcs_vc13_21sobig,Integer,0,,Recommended,"sobig","0;1",,"","IA1321",""
mcs_vc13_22thankyou,Integer,0,,Recommended,"thankyou","0;1",,"","IA1322",""
mcs_vc13_23thislittlepiggy,Integer,0,,Recommended,"thislittle piggy","0;1",,"","IA1323",""
mcs_vc13_24turnaround,Integer,0,,Recommended,"turnaround","0;1",,"","IA1324",""
mcs_vc13_25yes,Integer,0,,Recommended,"yes","0;1",,"","IA1325",""
mcs_vc14_1bite,Integer,0,,Recommended,"bite","0;1",,"","IA14001",""
mcs_vc14_2blow,Integer,0,,Recommended,"blow","0;1",,"","IA14002",""
mcs_vc14_3break,Integer,0,,Recommended,"break","0;1",,"","IA14003",""
mcs_vc14_4bring,Integer,0,,Recommended,"bring","0;1",,"","IA14004",""
mcs_vc14_5build,Integer,0,,Recommended,"build","0;1",,"","IA14005",""
mcs_vc14_6bump,Integer,0,,Recommended,"bump","0;1",,"","IA14006",""
mcs_vc14_7buy,Integer,0,,Recommended,"buy","0;1",,"","IA14007",""
mcs_vc14_8carry,Integer,0,,Recommended,"carry","0;1",,"","IA14008",""
mcs_vc14_9catch,Integer,0,,Recommended,"catch","0;1",,"","IA14009",""
mcs_vc14_10chase,Integer,0,,Recommended,"chase","0;1",,"","IA14010",""
mcs_vc14_11clap,Integer,0,,Recommended,"clap","0;1",,"","IA14011",""
mcs_vc14_12clean,Integer,0,,Recommended,"clean","0;1",,"","IA14012",""
mcs_vc14_13climb,Integer,0,,Recommended,"climb","0;1",,"","IA14013",""
mcs_vc14_14close,Integer,0,,Recommended,"close","0;1",,"","IA14014",""
mcs_vc14_15cook,Integer,0,,Recommended,"cook","0;1",,"","IA14015",""
mcs_vc14_16cover,Integer,0,,Recommended,"cover","0;1",,"","IA14016",""
mcs_vc14_17cry,Integer,0,,Recommended,"cry","0;1",,"","IA14017",""
mcs_vc14_18cut,Integer,0,,Recommended,"cut","0;1",,"","IA14018",""
mcs_vc14_19dance,Integer,0,,Recommended,"dance","0;1",,"","IA14019",""
mcs_vc14_20draw,Integer,0,,Recommended,"draw","0;1",,"","IA14020",""
mcs_vc14_21drink,Integer,0,,Recommended,"drink","0;1",,"","IA14021",""
mcs_vc14_22drive,Integer,0,,Recommended,"drive","0;1",,"","IA14022",""
mcs_vc14_23drop,Integer,0,,Recommended,"drop","0;1",,"","IA14023",""
mcs_vc14_24dry,Integer,0,,Recommended,"dry","0;1",,"","IA14024",""
mcs_vc14_25dump,Integer,0,,Recommended,"dump","0;1",,"","IA14025",""
mcs_vc14_26eat,Integer,0,,Recommended,"eat","0;1",,"","IA14026",""
mcs_vc14_27fall,Integer,0,,Recommended,"fall","0;1",,"","IA14027",""
mcs_vc14_28feed,Integer,0,,Recommended,"feed","0;1",,"","IA14028",""
mcs_vc14_29find,Integer,0,,Recommended,"find","0;1",,"","IA14029",""
mcs_vc14_30finish,Integer,0,,Recommended,"finish","0;1",,"","IA14030",""
mcs_vc14_31fit,Integer,0,,Recommended,"fit","0;1",,"","IA14031",""
mcs_vc14_32fix,Integer,0,,Recommended,"fix","0;1",,"","IA14032",""
mcs_vc14_33get,Integer,0,,Recommended,"get","0;1",,"","IA14033",""
mcs_vc14_34give,Integer,0,,Recommended,"give","0;1",,"","IA14034",""
mcs_vc14_35go,Integer,0,,Recommended,"go","0;1",,"","IA14035",""
mcs_vc14_36hate,Integer,0,,Recommended,"hate","0;1",,"","IA14036",""
mcs_vc14_37have,Integer,0,,Recommended,"have","0;1",,"","IA14037",""
mcs_vc14_38hear,Integer,0,,Recommended,"hear","0;1",,"","IA14038",""
mcs_vc14_39help,Integer,0,,Recommended,"help","0;1",,"","IA14039",""
mcs_vc14_40hide,Integer,0,,Recommended,"hide","0;1",,"","IA14040",""
mcs_vc14_41hit,Integer,0,,Recommended,"hit","0;1",,"","IA14041",""
mcs_vc14_42hold,Integer,0,,Recommended,"hold","0;1",,"","IA14042",""
mcs_vc14_43hug,Integer,0,,Recommended,"hug","0;1",,"","IA14043",""
mcs_vc14_44hurry,Integer,0,,Recommended,"hurry","0;1",,"","IA14044",""
mcs_vc14_45jump,Integer,0,,Recommended,"jump","0;1",,"","IA14045",""
mcs_vc14_46kick,Integer,0,,Recommended,"kick","0;1",,"","IA14046",""
mcs_vc14_47kiss,Integer,0,,Recommended,"kiss","0;1",,"","IA14047",""
mcs_vc14_48knock,Integer,0,,Recommended,"knock","0;1",,"","IA14048",""
mcs_vc14_49lick,Integer,0,,Recommended,"lick","0;1",,"","IA14049",""
mcs_vc14_50like,Integer,0,,Recommended,"like","0;1",,"","IA14050",""
mcs_vc14_51listen,Integer,0,,Recommended,"listen","0;1",,"","IA14051",""
mcs_vc14_52look,Integer,0,,Recommended,"look","0;1",,"","IA14052",""
mcs_vc14_53love,Integer,0,,Recommended,"love","0;1",,"","IA14053",""
mcs_vc14_54make,Integer,0,,Recommended,"make","0;1",,"","IA14054",""
mcs_vc14_55open,Integer,0,,Recommended,"open","0;1",,"","IA14055",""
mcs_vc14_56paint,Integer,0,,Recommended,"paint","0;1",,"","IA14056",""
mcs_vc14_57pick,Integer,0,,Recommended,"pick","0;1",,"","IA14057",""
mcs_vc14_58play,Integer,0,,Recommended,"play","0;1",,"","IA14058",""
mcs_vc14_59pour,Integer,0,,Recommended,"pour","0;1",,"","IA14059",""
mcs_vc14_60pretend,Integer,0,,Recommended,"pretend","0;1",,"","IA14060",""
mcs_vc14_61pull,Integer,0,,Recommended,"pull","0;1",,"","IA14061",""
mcs_vc14_62push,Integer,0,,Recommended,"push","0;1",,"","IA14062",""
mcs_vc14_63put,Integer,0,,Recommended,"put","0;1",,"","IA14063",""
mcs_vc14_64read,Integer,0,,Recommended,"read","0;1",,"","IA14064",""
mcs_vc14_65ride,Integer,0,,Recommended,"ride","0;1",,"","IA14065",""
mcs_vc14_66rip,Integer,0,,Recommended,"rip","0;1",,"","IA14066",""
mcs_vc14_67run,Integer,0,,Recommended,"run","0;1",,"","IA14067",""
mcs_vc14_68say,Integer,0,,Recommended,"say","0;1",,"","IA14068",""
mcs_vc14_69see,Integer,0,,Recommended,"see","0;1",,"","IA14069",""
mcs_vc14_70shake,Integer,0,,Recommended,"shake","0;1",,"","IA14070",""
mcs_vc14_71share,Integer,0,,Recommended,"share","0;1",,"","IA14071",""
mcs_vc14_72show,Integer,0,,Recommended,"show","0;1",,"","IA14072",""
mcs_vc14_73sing,Integer,0,,Recommended,"sing","0;1",,"","IA14073",""
mcs_vc14_74sit,Integer,0,,Recommended,"sit","0;1",,"","IA14074",""
mcs_vc14_75skate,Integer,0,,Recommended,"skate","0;1",,"","IA14075",""
mcs_vc14_76sleep,Integer,0,,Recommended,"sleep","0;1",,"","IA14076",""
mcs_vc14_77slide,Integer,0,,Recommended,"slide","0;1",,"","IA14077",""
mcs_vc14_78smile,Integer,0,,Recommended,"smile","0;1",,"","IA14078",""
mcs_vc14_80splash,Integer,0,,Recommended,"splash","0;1",,"","IA14080",""
mcs_vc14_81stand,Integer,0,,Recommended,"stand","0;1",,"","IA14081",""
mcs_vc14_82stay,Integer,0,,Recommended,"stay","0;1",,"","IA14082",""
mcs_vc14_83stop,Integer,0,,Recommended,"stop","0;1",,"","IA14083",""
mcs_vc14_84sweep,Integer,0,,Recommended,"sweep","0;1",,"","IA14084",""
mcs_vc14_85swim,Integer,0,,Recommended,"swim","0;1",,"","IA14085",""
mcs_vc14_86swing,Integer,0,,Recommended,"swing","0;1",,"","IA14086",""
mcs_vc14_87take,Integer,0,,Recommended,"take","0;1",,"","IA14087",""
mcs_vc14_88talk,Integer,0,,Recommended,"talk","0;1",,"","IA14088",""
mcs_vc14_89taste,Integer,0,,Recommended,"taste","0;1",,"","IA14089",""
mcs_vc14_90tear,Integer,0,,Recommended,"tear","0;1",,"","IA14090",""
mcs_vc14_91think,Integer,0,,Recommended,"think","0;1",,"","IA14091",""
mcs_vc14_92throw,Integer,0,,Recommended,"throw","0;1",,"","IA14092",""
mcs_vc14_93tickle,Integer,0,,Recommended,"tickle","0;1",,"","IA14093",""
mcs_vc14_94touch,Integer,0,,Recommended,"touch","0;1",,"","IA14094",""
mcs_vc14_95wait,Integer,0,,Recommended,"wait","0;1",,"","IA14095",""
mcs_vc14_96wake,Integer,0,,Recommended,"wake","0;1",,"","IA14096",""
mcs_vc14_97walk,Integer,0,,Recommended,"walk","0;1",,"","IA14097",""
mcs_vc14_98wash,Integer,0,,Recommended,"wash","0;1",,"","IA14098",""
mcs_vc14_99watch,Integer,0,,Recommended,"watch","0;1",,"","IA14099",""
mcs_vc14_100wipe,Integer,0,,Recommended,"wipe","0;1",,"","IA14100",""
mcs_vc14_101wish,Integer,0,,Recommended,"wish","0;1",,"","IA14101",""
mcs_vc14_102work,Integer,0,,Recommended,"work","0;1",,"","IA14102",""
mcs_vc14_103write,Integer,0,,Recommended,"write","0;1",,"","IA14103",""
mcs_vc15_1allgone,Integer,0,,Recommended,"allgone","0;1",,"","IA1501",""
mcs_vc15_2asleep,Integer,0,,Recommended,"asleep","0;1",,"","IA1502",""
mcs_vc15_3awake,Integer,0,,Recommended,"awake","0;1",,"","IA1503",""
mcs_vc15_4bad,Integer,0,,Recommended,"bad","0;1",,"","IA1504",""
mcs_vc15_5better,Integer,0,,Recommended,"better","0;1",,"","IA1505",""
mcs_vc15_6big,Integer,0,,Recommended,"big","0;1",,"","IA1506",""
mcs_vc15_7black,Integer,0,,Recommended,"black","0;1",,"","IA1507",""
mcs_vc15_8blue,Integer,0,,Recommended,"blue","0;1",,"","IA1508",""
mcs_vc15_9broken,Integer,0,,Recommended,"broken","0;1",,"","IA1509",""
mcs_vc15_10brown,Integer,0,,Recommended,"brown","0;1",,"","IA1510",""
mcs_vc15_11careful,Integer,0,,Recommended,"careful","0;1",,"","IA1511",""
mcs_vc15_12clean,Integer,0,,Recommended,"clean","0;1",,"","IA1512",""
mcs_vc15_13cold,Integer,0,,Recommended,"cold","0;1",,"","IA1513",""
mcs_vc15_14cute,Integer,0,,Recommended,"cute","0;1",,"","IA1514",""
mcs_vc15_15dark,Integer,0,,Recommended,"dark","0;1",,"","IA1515",""
mcs_vc15_16dirty,Integer,0,,Recommended,"dirty","0;1",,"","IA1516",""
mcs_vc15_17dry,Integer,0,,Recommended,"dry","0;1",,"","IA1517",""
mcs_vc15_18empty,Integer,0,,Recommended,"empty","0;1",,"","IA1518",""
mcs_vc15_19fast,Integer,0,,Recommended,"fast","0;1",,"","IA1519",""
mcs_vc15_20fine,Integer,0,,Recommended,"fine","0;1",,"","IA1520",""
mcs_vc15_21first,Integer,0,,Recommended,"first","0;1",,"","IA1521",""
mcs_vc15_22full,Integer,0,,Recommended,"full","0;1",,"","IA1522",""
mcs_vc15_23gentle,Integer,0,,Recommended,"gentle","0;1",,"","IA1523",""
mcs_vc15_24good,Integer,0,,Recommended,"good","0;1",,"","IA1524",""
mcs_vc15_25green,Integer,0,,Recommended,"green","0;1",,"","IA1525",""
mcs_vc15_26happy,Integer,0,,Recommended,"happy","0;1",,"","IA1526",""
mcs_vc15_27hard,Integer,0,,Recommended,"hard","0;1",,"","IA1527",""
mcs_vc15_28heavy,Integer,0,,Recommended,"heavy","0;1",,"","IA1528",""
mcs_vc15_29high,Integer,0,,Recommended,"high","0;1",,"","IA1529",""
mcs_vc15_30hot,Integer,0,,Recommended,"hot","0;1",,"","IA1530",""
mcs_vc15_31hungry,Integer,0,,Recommended,"hungry","0;1",,"","IA1531",""
mcs_vc15_32hurt,Integer,0,,Recommended,"hurt","0;1",,"","IA1532",""
mcs_vc15_33last,Integer,0,,Recommended,"last","0;1",,"","IA1533",""
mcs_vc15_34little,Integer,0,,Recommended,"little","0;1",,"","IA1534",""
mcs_vc15_35long,Integer,0,,Recommended,"long","0;1",,"","IA1535",""
mcs_vc15_36loud,Integer,0,,Recommended,"loud","0;1",,"","IA1536",""
mcs_vc15_37mad,Integer,0,,Recommended,"mad","0;1",,"","IA1537",""
mcs_vc15_38naughty,Integer,0,,Recommended,"naughty","0;1",,"","IA1538",""
mcs_vc15_39new,Integer,0,,Recommended,"new","0;1",,"","IA1539",""
mcs_vc15_40nice,Integer,0,,Recommended,"nice","0;1",,"","IA1540",""
mcs_vc15_41noisy,Integer,0,,Recommended,"noisy","0;1",,"","IA1541",""
mcs_vc15_42old,Integer,0,,Recommended,"old","0;1",,"","IA1542",""
mcs_vc15_43orange,Integer,0,,Recommended,"orange","0;1",,"","IA1543",""
mcs_vc15_44poor,Integer,0,,Recommended,"poor","0;1",,"","IA1544",""
mcs_vc15_45pretty,Integer,0,,Recommended,"pretty","0;1",,"","IA1545",""
mcs_vc15_46quiet,Integer,0,,Recommended,"quiet","0;1",,"","IA1546",""
mcs_vc15_47red,Integer,0,,Recommended,"red","0;1",,"","IA1547",""
mcs_vc15_48sad,Integer,0,,Recommended,"sad","0;1",,"","IA1548",""
mcs_vc15_49scared,Integer,0,,Recommended,"scared","0;1",,"","IA1549",""
mcs_vc15_50sick,Integer,0,,Recommended,"sick","0;1",,"","IA1550",""
mcs_vc15_51sleepy,Integer,0,,Recommended,"sleepy","0;1",,"","IA1551",""
mcs_vc15_52slow,Integer,0,,Recommended,"slow","0;1",,"","IA1552",""
mcs_vc15_53soft,Integer,0,,Recommended,"soft","0;1",,"","IA1553",""
mcs_vc15_54sticky,Integer,0,,Recommended,"sticky","0;1",,"","IA1554",""
mcs_vc15_55stuck,Integer,0,,Recommended,"stuck","0;1",,"","IA1555",""
mcs_vc15_56thirsty,Integer,0,,Recommended,"thirsty","0;1",,"","IA1556",""
mcs_vc15_57tiny,Integer,0,,Recommended,"tiny","0;1",,"","IA1557",""
mcs_vc15_58tired,Integer,0,,Recommended,"tired","0;1",,"","IA1558",""
mcs_vc15_59wet,Integer,0,,Recommended,"wet","0;1",,"","IA1559",""
mcs_vc15_60white,Integer,0,,Recommended,"white","0;1",,"","IA1560",""
mcs_vc15_61windy,Integer,0,,Recommended,"windy","0;1",,"","IA1561",""
mcs_vc15_62yellow,Integer,0,,Recommended,"yellow","0;1",,"","IA1562",""
mcs_vc15_63yucky,Integer,0,,Recommended,"yucky","0;1",,"","IA1563",""
mcs_vc16_1after,Integer,0,,Recommended,"after","0;1",,"","IA1601",""
mcs_vc16_2before,Integer,0,,Recommended,"before","0;1",,"","IA1602",""
mcs_vc16_3day,Integer,0,,Recommended,"day","0;1",,"","IA1603",""
mcs_vc16_4later,Integer,0,,Recommended,"later","0;1",,"","IA1604",""
mcs_vc16_5morning,Integer,0,,Recommended,"morning","0;1",,"","IA1605",""
mcs_vc16_6night,Integer,0,,Recommended,"night","0;1",,"","IA1606",""
mcs_vc16_7now,Integer,0,,Recommended,"now","0;1",,"","IA1607",""
mcs_vc16_8time,Integer,0,,Recommended,"time","0;1",,"","IA1608",""
mcs_vc16_9today,Integer,0,,Recommended,"today","0;1",,"","IA1609",""
mcs_vc16_10tomorrow,Integer,0,,Recommended,"tomorrow","0;1",,"","IA1610",""
mcs_vc16_11tonight,Integer,0,,Recommended,"tonight","0;1",,"","IA1611",""
mcs_vc16_12yesterday,Integer,0,,Recommended,"yesterday","0;1",,"","IA1612",""
mcs_vc17_1he,Integer,0,,Recommended,"he","0;1",,"","IA1701",""
mcs_vc17_2her,Integer,0,,Recommended,"her","0;1",,"","IA1702",""
mcs_vc17_3hers,Integer,0,,Recommended,"hers","0;1",,"","IA1703",""
mcs_vc17_4him,Integer,0,,Recommended,"him","0;1",,"","IA1704",""
mcs_vc17_5his,Integer,0,,Recommended,"his","0;1",,"","IA1705",""
mcs_vc17_6i,Integer,0,,Recommended,"I","0;1",,"","IA1706",""
mcs_vc17_7it,Integer,0,,Recommended,"it","0;1",,"","IA1707",""
mcs_vc17_8me,Integer,0,,Recommended,"me","0;1",,"","IA1708",""
mcs_vc17_9mine,Integer,0,,Recommended,"mine","0;1",,"","IA1709",""
mcs_vc17_10my,Integer,0,,Recommended,"my","0;1",,"","IA1710",""
mcs_vc17_11myself,Integer,0,,Recommended,"myself","0;1",,"","IA1711",""
mcs_vc17_12our,Integer,0,,Recommended,"our","0;1",,"","IA1712",""
mcs_vc17_13she,Integer,0,,Recommended,"she","0;1",,"","IA1713",""
mcs_vc17_14that,Integer,0,,Recommended,"that","0;1",,"","IA1714",""
mcs_vc17_15their,Integer,0,,Recommended,"their","0;1",,"","IA1715",""
mcs_vc17_16them,Integer,0,,Recommended,"them","0;1",,"","IA1716",""
mcs_vc17_17these,Integer,0,,Recommended,"these","0;1",,"","IA1717",""
mcs_vc17_18they,Integer,0,,Recommended,"they","0;1",,"","IA1718",""
mcs_vc17_19this,Integer,0,,Recommended,"this","0;1",,"","IA1719",""
mcs_vc17_20those,Integer,0,,Recommended,"those","0;1",,"","IA1720",""
mcs_vc17_21us,Integer,0,,Recommended,"us","0;1",,"","IA1721",""
mcs_vc17_22we,Integer,0,,Recommended,"we","0;1",,"","IA1722",""
mcs_vc17_23you,Integer,0,,Recommended,"you","0;1",,"","IA1723",""
mcs_vc17_24your,Integer,0,,Recommended,"your","0;1",,"","IA1724",""
mcs_vc17_25yourself,Integer,0,,Recommended,"yourself","0;1",,"","IA1725",""
mcs_vc18_1how,Integer,0,,Recommended,"how","0;1",,"","IA1801",""
mcs_vc18_2what,Integer,0,,Recommended,"what","0;1",,"","IA1802",""
mcs_vc18_3when,Integer,0,,Recommended,"when","0;1",,"","IA1803",""
mcs_vc18_4where,Integer,0,,Recommended,"where","0;1",,"","IA1804",""
mcs_vc18_5which,Integer,0,,Recommended,"which","0;1",,"","IA1805",""
mcs_vc18_6who,Integer,0,,Recommended,"who","0;1",,"","IA1806",""
mcs_vc18_7why,Integer,0,,Recommended,"why","0;1",,"","IA1807",""
mcs_vc19_1about,Integer,0,,Recommended,"about","0;1",,"","IA1901",""
mcs_vc19_2above,Integer,0,,Recommended,"above","0;1",,"","IA1902",""
mcs_vc19_3around,Integer,0,,Recommended,"around","0;1",,"","IA1903",""
mcs_vc19_4at,Integer,0,,Recommended,"at","0;1",,"","IA1904",""
mcs_vc19_5away,Integer,0,,Recommended,"away","0;1",,"","IA1905",""
mcs_vc19_6back,Integer,0,,Recommended,"back","0;1",,"","IA1906",""
mcs_vc19_7behind,Integer,0,,Recommended,"behind","0;1",,"","IA1907",""
mcs_vc19_8beside,Integer,0,,Recommended,"beside","0;1",,"","IA1908",""
mcs_vc19_9by,Integer,0,,Recommended,"by","0;1",,"","IA1909",""
mcs_vc19_10down,Integer,0,,Recommended,"down","0;1",,"","IA1910",""
mcs_vc19_11for,Integer,0,,Recommended,"for","0;1",,"","IA1911",""
mcs_vc19_12here,Integer,0,,Recommended,"here","0;1",,"","IA1912",""
mcs_vc19_13inside_in,Integer,0,,Recommended,"inside/in","0;1",,"","IA1913",""
mcs_vc19_14into,Integer,0,,Recommended,"into","0;1",,"","IA1914",""
mcs_vc19_15nextto,Integer,0,,Recommended,"nextto","0;1",,"","IA1915",""
mcs_vc19_16of,Integer,0,,Recommended,"of","0;1",,"","IA1916",""
mcs_vc19_17off,Integer,0,,Recommended,"off","0;1",,"","IA1917",""
mcs_vc19_18on,Integer,0,,Recommended,"on","0;1",,"","IA1918",""
mcs_vc19_19ontopof,Integer,0,,Recommended,"ontopof","0;1",,"","IA1919",""
mcs_vc19_20out,Integer,0,,Recommended,"out","0;1",,"","IA1920",""
mcs_vc19_21over,Integer,0,,Recommended,"over","0;1",,"","IA1921",""
mcs_vc19_22there,Integer,0,,Recommended,"there","0;1",,"","IA1922",""
mcs_vc19_23to,Integer,0,,Recommended,"to","0;1",,"","IA1923",""
mcs_vc19_24under,Integer,0,,Recommended,"under","0;1",,"","IA1924",""
mcs_vc19_25up,Integer,0,,Recommended,"up","0;1",,"","IA1925",""
mcs_vc19_26with,Integer,0,,Recommended,"with","0;1",,"","IA1926",""
mcs_vc20_1a,Integer,0,,Recommended,"a","0;1",,"","IA2001",""
mcs_vc20_2all,Integer,0,,Recommended,"all","0;1",,"","IA2002",""
mcs_vc20_3alot,Integer,0,,Recommended,"alot","0;1",,"","IA2003",""
mcs_vc20_4an,Integer,0,,Recommended,"an","0;1",,"","IA2004",""
mcs_vc20_5another,Integer,0,,Recommended,"another","0;1",,"","IA2005",""
mcs_vc20_6any,Integer,0,,Recommended,"any","0;1",,"","IA2006",""
mcs_vc20_7each,Integer,0,,Recommended,"each","0;1",,"","IA2007",""
mcs_vc20_8every,Integer,0,,Recommended,"every","0;1",,"","IA2008",""
mcs_vc20_9more,Integer,0,,Recommended,"more","0;1",,"","IA2009",""
mcs_vc20_10much,Integer,0,,Recommended,"much","0;1",,"","IA2010",""
mcs_vc20_11not,Integer,0,,Recommended,"not","0;1",,"","IA2011",""
mcs_vc20_12none,Integer,0,,Recommended,"none","0;1",,"","IA2012",""
mcs_vc20_13other,Integer,0,,Recommended,"other","0;1",,"","IA2013",""
mcs_vc20_14same,Integer,0,,Recommended,"same","0;1",,"","IA2014",""
mcs_vc20_15some,Integer,0,,Recommended,"some","0;1",,"","IA2015",""
mcs_vc20_16the,Integer,0,,Recommended,"the","0;1",,"","IA2016",""
mcs_vc20_17too,Integer,0,,Recommended,"too","0;1",,"","IA2017",""
mcs_vc21_1am,Integer,0,,Recommended,"am","0;1",,"","IA2101",""
mcs_vc21_2are,Integer,0,,Recommended,"are","0;1",,"","IA2102",""
mcs_vc21_3be,Integer,0,,Recommended,"be","0;1",,"","IA2103",""
mcs_vc21_4can,Integer,0,,Recommended,"can","0;1",,"","IA2104",""
mcs_vc21_5could,Integer,0,,Recommended,"could","0;1",,"","IA2105",""
mcs_vc21_6did,Integer,0,,Recommended,"did","0;1",,"","IA2106",""
mcs_vc21_7do,Integer,0,,Recommended,"do","0;1",,"","IA2107",""
mcs_vc21_8does,Integer,0,,Recommended,"does","0;1",,"","IA2108",""
mcs_vc21_9dont,Integer,0,,Recommended,"dont","0;1",,"","IA2109",""
mcs_vc21_10gonna,Integer,0,,Recommended,"gonna","0;1",,"","IA2110",""
mcs_vc21_11gotta,Integer,0,,Recommended,"gotta","0;1",,"","IA2111",""
mcs_vc21_12hafta,Integer,0,,Recommended,"hafta","0;1",,"","IA2112",""
mcs_vc21_13is,Integer,0,,Recommended,"is","0;1",,"","IA2113",""
mcs_vc21_14lemme,Integer,0,,Recommended,"lemme","0;1",,"","IA2114",""
mcs_vc21_15need,Integer,0,,Recommended,"need","0;1",,"","IA2115",""
mcs_vc21_16try,Integer,0,,Recommended,"try","0;1",,"","IA2116",""
mcs_vc21_17wanna,Integer,0,,Recommended,"wanna","0;1",,"","IA2117",""
mcs_vc21_18was,Integer,0,,Recommended,"was","0;1",,"","IA2118",""
mcs_vc21_19were,Integer,0,,Recommended,"were","0;1",,"","IA2119",""
mcs_vc21_20will,Integer,0,,Recommended,"will","0;1",,"","IA2120",""
mcs_vc21_21would,Integer,0,,Recommended,"would","0;1",,"","IA2121",""
mcs_vc22_1and,Integer,0,,Recommended,"and","0;1",,"","IA2201",""
mcs_vc22_2because,Integer,0,,Recommended,"because","0;1",,"","IA2202",""
mcs_vc22_3but,Integer,0,,Recommended,"but","0;1",,"","IA2203",""
mcs_vc22_4if,Integer,0,,Recommended,"if","0;1",,"","IA2204",""
mcs_vc22_5so,Integer,0,,Recommended,"so","0;1",,"","IA2205",""
mcs_vc22_6then,Integer,0,,Recommended,"then","0;1",,"","IA2206",""
mcs_uw_past,Integer,0,,Recommended,"MacArthur Words and Sentences: How Children Use Words: Does your child ever talk about past events or people who are not present? For example a child who saw a parade last week might later say parade,","",,"","IB01",""
mcs_uw_future,Integer,0,,Recommended,"MacArthur Words and Sentences: How Children Use Words: Does your child ever talk about something thats going to happen in the future, for example, saying "choo choo" or "airplane" before you leave the","",,"","IB02",""
mcs_uw_absent,Integer,0,,Recommended,"MacArthur Words and Sentences: How Children Use Words: Does your child talk about objects that are not present such as asking about a missing or absent toy, referring to a pet out of view, or asking a","",,"","IB03",""
mcs_uw_notin,Integer,0,,Recommended,"MacArthur Words and Sentences: How Children Use Words: Does you child understand if you ask for something that is not in the room, for example, by going to the bedroom to get a teddy bear when you say","",,"","IB04",""
mcs_uw_belong,Integer,0,,Recommended,"MacArthur Words and Sentences: How Children Use Words: Does your child ever pick up or point to an object and name an absent person to whom the object belongs? For example, a child might point to momm","",,"","IB05",""
mcs_we_plural,Integer,0,,Recommended," Word endings plural 0=not yet,  1=sometimes 2=often","0;1;2",,"","IIA01",""
mcs_we_owner,Integer,0,,Recommended,"MacArthur Words and Sentences: Word endings-Part 2","",,"","IIA02",""
mcs_we_ing,Integer,0,,Recommended,"MacArthur Words and Sentences: Word endings-Part 3","",,"","IIA03",""
mcs_we_past,Integer,0,,Recommended,"MacArthur Words and Sentences: Word endings-Part 4","",,"","IIA04",""
mcs_wfn_1children,Integer,0,,Recommended,"children","0;1",,"","IIBN01",""
mcs_wfn_2feet,Integer,0,,Recommended,"feet","0;1",,"","IIBN02",""
mcs_wfn_3men,Integer,0,,Recommended,"men","0;1",,"","IIBN03",""
mcs_wfn_4mice,Integer,0,,Recommended,"mice","0;1",,"","IIBN04",""
mcs_wfn_5teeth,Integer,0,,Recommended,"teeth","0;1",,"","IIBN05",""
mcs_wfv_1ate,Integer,0,,Recommended,"ate","0;1",,"","IIBV01",""
mcs_wfv_2blew,Integer,0,,Recommended,"blew","0;1",,"","IIBV02",""
mcs_wfv_3bought,Integer,0,,Recommended,"bought","0;1",,"","IIBV03",""
mcs_wfv_4broke,Integer,0,,Recommended,"broke","0;1",,"","IIBV04",""
mcs_wfv_5came,Integer,0,,Recommended,"came","0;1",,"","IIBV05",""
mcs_wfv_6drank,Integer,0,,Recommended,"drank","0;1",,"","IIBV06",""
mcs_wfv_7drove,Integer,0,,Recommended,"drove","0;1",,"","IIBV07",""
mcs_wfv_8fell,Integer,0,,Recommended,"fell","0;1",,"","IIBV08",""
mcs_wfv_9flew,Integer,0,,Recommended,"flew","0;1",,"","IIBV09",""
mcs_wfv_10got,Integer,0,,Recommended,"got","0;1",,"","IIBV10",""
mcs_wfv_11had,Integer,0,,Recommended,"had","0;1",,"","IIBV11",""
mcs_wfv_12heard,Integer,0,,Recommended,"heard","0;1",,"","IIBV12",""
mcs_wfv_13held,Integer,0,,Recommended,"held","0;1",,"","IIBV13",""
mcs_wfv_14lost,Integer,0,,Recommended,"lost","0;1",,"","IIBV14",""
mcs_wfv_15made,Integer,0,,Recommended,"made","0;1",,"","IIBV15",""
mcs_wfv_16ran,Integer,0,,Recommended,"ran","0;1",,"","IIBV16",""
mcs_wfv_17sat,Integer,0,,Recommended,"sat","0;1",,"","IIBV17",""
mcs_wfv_18saw,Integer,0,,Recommended,"saw","0;1",,"","IIBV18",""
mcs_wfv_19took,Integer,0,,Recommended,"took","0;1",,"","IIBV19",""
mcs_wfv_20went,Integer,0,,Recommended,"went","0;1",,"","IIBV20",""
mcs_wen_1blockes,Integer,0,,Recommended,"blockses","0;1",,"","IICN01",""
mcs_wen_2childrens,Integer,0,,Recommended,"childrens","0;1",,"","IICN02",""
mcs_wen_3childs,Integer,0,,Recommended,"childs","0;1",,"","IICN03",""
mcs_wen_4feets,Integer,0,,Recommended,"feets","0;1",,"","IICN04",""
mcs_wen_5foots,Integer,0,,Recommended,"foots","0;1",,"","IICN05",""
mcs_wen_6mans,Integer,0,,Recommended,"mans","0;1",,"","IICN06",""
mcs_wen_7mens,Integer,0,,Recommended,"mens","0;1",,"","IICN07",""
mcs_wen_8mices,Integer,0,,Recommended,"mices","0;1",,"","IICN08",""
mcs_wen_9mouses,Integer,0,,Recommended,"mouses","0;1",,"","IICN09",""
mcs_wen_10shoeses,Integer,0,,Recommended,"shoeses","0;1",,"","IICN10",""
mcs_wen_11sockses,Integer,0,,Recommended,"sockses","0;1",,"","IICN11",""
mcs_wen_12teeths,Integer,0,,Recommended,"teeths","0;1",,"","IICN12",""
mcs_wen_13toeses,Integer,0,,Recommended,"toeses","0;1",,"","IICN13",""
mcs_wen_14tooths,Integer,0,,Recommended,"tooths","0;1",,"","IICN14",""
mcs_wev_1ated,Integer,0,,Recommended,"ated","0;1",,"","IICV01",""
mcs_wev_2blewed,Integer,0,,Recommended,"blewed","0;1",,"","IICV02",""
mcs_wev_3blowed,Integer,0,,Recommended,"blowed","0;1",,"","IICV03",""
mcs_wev_4bringed,Integer,0,,Recommended,"bringed","0;1",,"","IICV04",""
mcs_wev_5buyed,Integer,0,,Recommended,"buyed","0;1",,"","IICV05",""
mcs_wev_6breaked,Integer,0,,Recommended,"breaked","0;1",,"","IICV06",""
mcs_wev_7broked,Integer,0,,Recommended,"broked","0;1",,"","IICV07",""
mcs_wev_8camed,Integer,0,,Recommended,"camed","0;1",,"","IICV08",""
mcs_wev_9corned,Integer,0,,Recommended,"corned","0;1",,"","IICV09",""
mcs_wev_10doed,Integer,0,,Recommended,"doed","0;1",,"","IICV10",""
mcs_wev_11dranked,Integer,0,,Recommended,"dranked","0;1",,"","IICV11",""
mcs_wev_12drinked,Integer,0,,Recommended,"drinked","0;1",,"","IICV12",""
mcs_wev_13eated,Integer,0,,Recommended,"eated","0;1",,"","IICV13",""
mcs_wev_14failed,Integer,0,,Recommended,"failed","0;1",,"","IICV14",""
mcs_wev_15flied,Integer,0,,Recommended,"flied","0;1",,"","IICV15",""
mcs_wev_16getted,Integer,0,,Recommended,"getted","0;1",,"","IICV16",""
mcs_wev_17goed,Integer,0,,Recommended,"goed","0;1",,"","IICV17",""
mcs_wev_18gotted,Integer,0,,Recommended,"gotted","0;1",,"","IICV18",""
mcs_wev_19haved,Integer,0,,Recommended,"haved","0;1",,"","IICV19",""
mcs_wev_20heared,Integer,0,,Recommended,"heared","0;1",,"","IICV20",""
mcs_wev_21holded,Integer,0,,Recommended,"holded","0;1",,"","IICV21",""
mcs_wev_22losed,Integer,0,,Recommended,"losed","0;1",,"","IICV22",""
mcs_wev_23losted,Integer,0,,Recommended,"losted","0;1",,"","IICV23",""
mcs_wev_24maked,Integer,0,,Recommended,"maked","0;1",,"","IICV24",""
mcs_wev_25ranned,Integer,0,,Recommended,"ranned","0;1",,"","IICV25",""
mcs_wev_26runned,Integer,0,,Recommended,"runned","0;1",,"","IICV26",""
mcs_wev_27seed,Integer,0,,Recommended,"seed","0;1",,"","IICV27",""
mcs_wev_28satted,Integer,0,,Recommended,"satted","0;1",,"","IICV28",""
mcs_wev_29sitted,Integer,0,,Recommended,"sitted","0;1",,"","IICV29",""
mcs_wev_30taked,Integer,0,,Recommended,"taked","0;1",,"","IICV30",""
mcs_wev_31wented,Integer,0,,Recommended,"wented","0;1",,"","IICV31",""
mcs_combine,Integer,0,,Recommended,"Has your child begun to combine words yet, such as ""nother cracker"" or ""doggie bite?"" If not yet, stop here.                     0=not yet, 1=sometimes, 2= often","0;1;2",,"","IIC",""
mcs_ex1_r2,String,150,,Recommended,"MacArthur Words and Sentences: Example - list 3 longest sentences (sentence)","",,"increased size to 150 bytes","IID01",""
mcs_ex1_len,Integer,0,,Recommended,"MacArthur Words and Sentences: Example - list 3 longest sentences","",,"","IID02",""
mcs_ex2_r2,String,150,,Recommended,"MacArthur Words and Sentences: Example - list 3 longest sentences (sentence)","",,"Expanded to 150 bytes","IID03",""
mcs_ex2_len,Integer,0,,Recommended,"MacArthur Words and Sentences: Example - list 3 longest sentences","",,"","IID04",""
mcs_ex3_r2,String,150,,Recommended,"MacArthur Words and Sentences: Example - list 3 longest sentences (sentence)","",,"Expanded to 150 bytes","IID05",""
mcs_ex3_len,Integer,0,,Recommended,"MacArthur Words and Sentences: Example - list 3 longest sentences","",,"","IID06",""
mcs_com_1shoes,Integer,0,,Recommended,"1=two shoe               2=two shoes","1;2",,"","IIE01",""
mcs_com_2foot,Integer,0,,Recommended,"1=two foot                2=two feet","1;2",,"","IIE02",""
mcs_com_3daddycar,Integer,0,,Recommended,"1=Daddy car             2=Daddy's car","1;2",,"","IIE03",""
mcs_com_4kittysleep,Integer,0,,Recommended,"(Talking about something happening right now) 1=Kitty sleep             2=Kitty sleeping","1;2",,"","IIE04",""
mcs_com_5tower,Integer,0,,Recommended,"(Talking about something happening right now)       1=I make tower             2=I making tower","1;2",,"","IIE05",""
mcs_com_6fall,Integer,0,,Recommended,"(Talking about something that already happened)    1=I fall down                  2=I fell down","1;2",,"","IIE06",""
mcs_com_7cookie,Integer,0,,Recommended,"1=more cookie              2=more cookies","1;2",,"","IIE07",""
mcs_com_8tooth,Integer,0,,Recommended,"1=these my tooth            2=these my teeth","1;2",,"","IIE08",""
mcs_com_9blanket,Integer,0,,Recommended,"1=baby blanket             2=baby's blanket","1;2",,"","IIE09",""
mcs_com_10doggie,Integer,0,,Recommended,"(Talking about something that already happened)    1= Doggie kiss me           2=Doggie kissed me.","1;2",,"","IIE10",""
mcs_com_11daddypick,Integer,0,,Recommended,"(Talking about something that already happened) 1=Daddy pick me up.               2=Daddy picked me up.","1;2",,"","IIE11",""
mcs_com_12kittygo,Integer,0,,Recommended,"(Talking about something that already happened) 1=Kitty go away              2=Kitty went away","1;2",,"","IIE12",""
mcs_com_13doggieon,Integer,0,,Recommended,"1=Doggie table             2=doggie on table","1;2",,"","IIE13",""
mcs_com_14truck,Integer,0,,Recommended,"1=That my truck             2=That's my truck","1;2",,"","IIE14",""
mcs_com_15baby,Integer,0,,Recommended,"1=Baby crying           2=Baby is crying","1;2",,"","IIE15",""
mcs_com_16fix,Integer,0,,Recommended,"1=You fix it?            2=Can you fix it?","1;2",,"","IIE16",""
mcs_com_17mommyread,Integer,0,,Recommended,"1=Read me story, Mommy.                 2=Read me a story, Mommy.","1;2",,"","IIE17",""
mcs_com_18dollywash,Integer,0,,Recommended,"1=No wash dolly.     2=Don't wash dolly.","1;2",,"","IIE18",""
mcs_com_19juice,Integer,0,,Recommended,"1=Want more juice. 2=Want juice in there.","1;2",,"","IIE19",""
mcs_com_20therekitty,Integer,0,,Recommended,"1=There a kitty.   2=There's a kitty","1;2",,"","IIE20",""
mcs_com_21byebye,Integer,0,,Recommended,"1=Go bye-bye.     2=Wanna go bye-bye.","1;2",,"","IIE21",""
mcs_com_22mommygo,Integer,0,,Recommended,"1=Where mommy go? 2=Where did mommy go?","1;2",,"","IIE22",""
mcs_com_23coffee,Integer,0,,Recommended,"1=Coffee hot.           2=That coffee hot.","1;2",,"","IIE23",""
mcs_com_24nocando,Integer,0,,Recommended,"1=I no do it.                  2=I can't do it.","1;2",,"","IIE24",""
mcs_com_25likeread,Integer,0,,Recommended,"1=I like read stories.       2=I like to read stories.","1;2",,"","IIE25",""
mcs_com_26readbook,Integer,0,,Recommended,"1=Don't read book.  2=Don't want you read that book.","1;2",,"","IIE26",""
mcs_com_27light,Integer,0,,Recommended,"1=Turn on light.         2=Turn on the light so I can see.","1;2",,"","IIE27",""
mcs_com_28wantthat,Integer,0,,Recommended,"1=I want that.                 2=I want that one you got.","1;2",,"","IIE28",""
mcs_com_29wantcookies,Integer,0,,Recommended,"1=Want cookies.     2=Want cookies and milk.","1;2",,"","IIE29",""
mcs_com_30cookiemommy,Integer,0,,Recommended,"1=Cookie Mommy. 2=Cookie for Mommy","1;2",,"","IIE30",""
mcs_com_31babyeat,Integer,0,,Recommended,"1=Babby want eat.  2=Baby want to eat.","1;2",,"","IIE31",""
mcs_com_32lookitme,Integer,0,,Recommended,"1=Lookit me!         2=Lookit me dancing!","1;2",,"","IIE32",""
mcs_com_33lookitwhat,Integer,0,,Recommended,"1=Lookit.               2=Lookit what I got!","1;2",,"","IIE33",""
mcs_com_34wheredolly,Integer,0,,Recommended,"1=Where's my dolly? 2=Where's my dolly name Sam?","1;2",,"","IIE34",""
mcs_com_35we,Integer,0,,Recommended,"1=We made this.       2=Me and Paul made this.","1;2",,"","IIE35",""
mcs_com_36singsong,Integer,0,,Recommended,"1=I sing song.                2=I sing song for you.","1;2",,"","IIE36",""
mcs_com_37babysad,Integer,0,,Recommended,"1=Baby crying.        2=Baby crying cuz she's sad.","1;2",,"","IIE37",""
