ElementName,DataType,Size,Unit,Required,ElementDescription,ValueRange,Keywords,Notes,Section,Aliases
subjectkey,GUID,0,,Optional,"The NDAR Global Unique Identifier (GUID) for subjects which identifies a subject in NDAR","NDAR*",,"","",""
admin_status,String,20,,Recommended,"Instrument administration status","Complete;Partial;Not Administered;Not Applicable",,"","","DAS_Administration_Status"
src_subject_id,String,20,,Recommended,"The site's subject identification","",,"","","Subject_ID"
age_days_dot_to_dob,Integer,0,,Recommended,"Age in days obtained by subtracting the date of birth from the date of test","",,"","","DAS_Age_Days_DOT_to_DOB"
timepoint_label,String,5,,Recommended,"User-defined timepoint/visit label - a label selected by the site at the time of registration of a new timepoint into the database.  This label is used to group all the instruments administered to a subject at a given timepoint.","",,"","","Timepoint_Label"
das_as_block_building,Integer,0,,Recommended,"DAS: Block Building subtest ability score","",,"","","DAS_Ability_Score_Block_Building"
das_as_copying,Integer,0,,Recommended,"DAS: Copying subtest ability score","",,"","","DAS_Ability_Score_Copying"
das_as_early_number_concepts,Integer,0,,Recommended,"DAS: Early Number Concepts subtest ability score","",,"","","DAS_Ability_Score_Early_Number_Concepts"
das_as_naming_vocabulary,Integer,0,,Recommended,"DAS: Naming Vocabulary subtest ability score","",,"","","DAS_Ability_Score_Naming_Vocabulary"
das_as_pattern_construction,Integer,0,,Recommended,"DAS: Pattern Construction subtest ability score","",,"","","DAS_Ability_Score_Pattern_Construction"
das_as_picture_similarities,Integer,0,,Recommended,"DAS: Picture Similarities subtest ability score","",,"","","DAS_Ability_Score_Picture_Similarities"
das_as_verbal_comprehension,Integer,0,,Recommended,"DAS: Verbal Comprehension subtest ability score","",,"","","DAS_Ability_Score_Verbal_Comprehension"
das_blockbuilding_administered,String,2,,Recommended,"DAS: Block Building Administration Status (Y=Yes, NA=Not Provided)","Y;NA",,"","","DAS_BlockBuilding_Administered"
das_blockbuilding_item10_score,String,2,,Recommended,"DAS: Block Building item 10 (0, 1, NA=Not Provided)","0;1;NA",,"","","DAS_BlockBuilding_Item10_Score"
das_blockbuilding_item11_score,String,2,,Recommended,"DAS: Block Building item 11 (0, 1, NA=Not Provided)","0;1;NA",,"","","DAS_BlockBuilding_Item11_Score"
das_blockbuilding_item12_score,String,2,,Recommended,"DAS: Block Building item 12 (0, 1, NA=Not Provided)","0;1;NA",,"","","DAS_BlockBuilding_Item12_Score"
das_blockbuilding_item1_score,String,2,,Recommended,"DAS: Block Building item 1 (0, 1, 2, NA=Not Provided)","0;1;2;NA",,"","","DAS_BlockBuilding_Item1_Score"
das_blockbuilding_item2_score,String,2,,Recommended,"DAS: Block Building item 2 (0, 1, NA=Not Provided)","0;1;NA",,"","","DAS_BlockBuilding_Item2_Score"
das_blockbuilding_item3_score,String,2,,Recommended,"DAS: Block Building item 3 (0, 1, NA=Not Provided)","0;1;NA",,"","","DAS_BlockBuilding_Item3_Score"
das_blockbuilding_item4_score,String,2,,Recommended,"DAS: Block Building item 4 (0, 1, NA=Not Provided)","0;1;NA",,"","","DAS_BlockBuilding_Item4_Score"
das_blockbuilding_item5_score,String,2,,Recommended,"DAS: Block Building item 5 (0, 1, NA=Not Provided)","0;1;NA",,"","","DAS_BlockBuilding_Item5_Score"
das_blockbuilding_item6_score,String,2,,Recommended,"DAS: Block Building item 6 (0, 1, NA=Not Provided)","0;1;NA",,"","","DAS_BlockBuilding_Item6_Score"
das_blockbuilding_item7_score,String,2,,Recommended,"DAS: Block Building item 7 (0, 1, NA=Not Provided)","0;1;NA",,"","","DAS_BlockBuilding_Item7_Score"
das_blockbuilding_item8_score,String,2,,Recommended,"DAS: Block Building item 8 (0, 1, NA=Not Provided)","0;1;NA",,"","","DAS_BlockBuilding_Item8_Score"
das_blockbuilding_item9_score,String,2,,Recommended,"DAS: Block Building item 9 (0, 1, NA=Not Provided)","0;1;NA",,"","","DAS_BlockBuilding_Item9_Score"
das_blockbuilding_item_set_raw,Integer,0,,Recommended,"DAS: Block Building Within Item Set Raw Score","",,"","","DAS_BlockBuilding_Within_Item_Set_Raw_Score"
das_ci_90_percentile_gca,String,10,,Recommended,"DAS: GCA  90th percentile confidence interval","",,"","","DAS_Confidence_Interval_90_Percentile_GCA"
das_ci_90_pct_nonverbal_clust,String,10,,Recommended,"DAS: Nonverbal cluster 90th percentile confidence interval","",,"","","DAS_Confidence_Interval_90_Percentile_Nonverbal_Cluster"
das_copying_item17_score,String,2,,Recommended,"DAS: Copying Item 17 (0, 1, 2, 3, NA=Not Provided)","0;1;2;3;NA",,"","","DAS_Copying_Item17_Score"
das_copying_item18_score,String,2,,Recommended,"DAS: Copying Item 18 (0, 1, 2, 3, NA=Not Provided)","0;1;2;3;NA",,"","","DAS_Copying_Item18_Score"
das_copying_item19_score,String,2,,Recommended,"DAS: Copying Item 19 (0, 1, 2, NA=Not Provided)","0;1;2;NA",,"","","DAS_Copying_Item19_Score"
das_copying_item1_score,String,2,,Recommended,"DAS: Copying Item 1  (0, 1, NA=Not Provided)","0;1;NA",,"","","DAS_Copying_Item1_Score"
das_copying_item20_score,String,2,,Recommended,"DAS: Copying Item 20 (0, 1, 2, NA=Not Provided)","0;1;2;NA",,"","","DAS_Copying_Item20_Score"
das_copying_item2_score,String,2,,Recommended,"DAS: Copying Item 2 (0, 1, 2, NA=Not Provided)","0;1;2;NA",,"","","DAS_Copying_Item2_Score"
das_copying_item3_score,String,2,,Recommended,"DAS: Copying Item 3 (0, 1, 2, NA=Not Provided)","0;1;2;NA",,"","","DAS_Copying_Item3_Score"
das_copying_item4_score,String,2,,Recommended,"DAS: Copying Item 4 (0, 1, 2, NA=Not Provided)","0;1;2;NA",,"","","DAS_Copying_Item4_Score"
das_copying_item5_score,String,2,,Recommended,"DAS: Copying Item 5 (0, 1, 2, NA=Not Provided)","0;1;2;NA",,"","","DAS_Copying_Item5_Score"
das_copying_item6_score,String,2,,Recommended,"DAS: Copying Item 6 (0, 1, 2, NA=Not Provided)","0;1;2;NA",,"","","DAS_Copying_Item6_Score"
das_copying_item7_score,String,2,,Recommended,"DAS: Copying Item 7 (0, 1, 2, NA=Not Provided)","0;1;2;NA",,"","","DAS_Copying_Item7_Score"
das_copying_item8_score,String,2,,Recommended,"DAS: Copying Item 8 (0, 1, 2, NA=Not Provided)","0;1;2;NA",,"","","DAS_Copying_Item8_Score"
das_copying_item9_score,String,2,,Recommended,"DAS: Copying Item 9 (0, 1, 2, NA=Not Provided)","0;1;2;NA",,"","","DAS_Copying_Item9_Score"
das_copying_item_set,String,10,,Recommended,"DAS: Copying Item Set Administered (1-12, 1-15, 5-15, 5-20, 11-20, NA=Not Provided)","1-12;1-15;5-15;5-20;11-20;NA",,"","","DAS_Copying_Item_Set"
das_copying_item_set_raw_score,Integer,0,,Recommended,"DAS: Copying Within Item Set Raw Score","",,"","","DAS_Copying_Within_Item_Set_Raw_Score"
das_enc_item10_score,String,2,,Recommended,"DAS: Early Number Concepts Item 10 (0, 1, NA=Not Provided)","0;1;NA",,"","","DAS_Early_Number_Concepts_Item10_Score"
das_enc_item11_score,String,2,,Recommended,"DAS: Early Number Concepts Item 11 (0, 1, NA=Not Provided)","0;1;NA",,"","","DAS_Early_Number_Concepts_Item11_Score"
das_enc_item12_score,String,2,,Recommended,"DAS: Early Number Concepts Item 12 (0, 1, NA=Not Provided)","0;1;NA",,"","","DAS_Early_Number_Concepts_Item12_Score"
das_enc_item13_score,String,2,,Recommended,"DAS: Early Number Concepts Item 13 (0, 1, NA=Not Provided)","0;1;NA",,"","","DAS_Early_Number_Concepts_Item13_Score"
das_enc_item14_score,String,2,,Recommended,"DAS: Early Number Concepts Item 14 (0, 1, NA=Not Provided)","0;1;NA",,"","","DAS_Early_Number_Concepts_Item14_Score"
das_enc_item15_score,String,2,,Recommended,"DAS: Early Number Concepts Item 15 (0, 1, NA=Not Provided)","0;1;NA",,"","","DAS_Early_Number_Concepts_Item15_Score"
das_enc_item16_score,String,2,,Recommended,"DAS: Early Number Concepts Item 16 (0, 1, NA=Not Provided)","0;1;NA",,"","","DAS_Early_Number_Concepts_Item16_Score"
das_enc_item5_score,String,2,,Recommended,"DAS: Early Number Concepts Item 5 (0, 1, NA=Not Provided)","0;1;NA",,"","","DAS_Early_Number_Concepts_Item5_Score"
das_enc_item8_score,String,2,,Recommended,"DAS: Early Number Concepts Item 8 (0, 1, NA=Not Provided)","0;1;NA",,"","","DAS_Early_Number_Concepts_Item8_Score"
das_naming_vocab_item10_score,String,2,,Recommended,"DAS: Naming Vocabulary Item 10 (0, 1, NA=Not Provided)","0;1;NA",,"","","DAS_Naming_Vocabulary_Item10_Score"
das_naming_vocab_item13_score,String,2,,Recommended,"DAS: Naming Vocabulary Item 13 (0, 1, NA=Not Provided)","0;1;NA",,"","","DAS_Naming_Vocabulary_Item13_Score"
das_naming_vocab_item16_score,String,2,,Recommended,"DAS: Naming Vocabulary Item 16 (0, 1, NA=Not Provided)","0;1;NA",,"","","DAS_Naming_Vocabulary_Item16_Score"
das_naming_vocab_item1_score,String,2,,Recommended,"DAS: Naming Vocabulary Item 1 (0, 1, NA=Not Provided)","0;1;NA",,"","","DAS_Naming_Vocabulary_Item1_Score"
das_naming_vocab_item20_score,String,2,,Recommended,"DAS: Naming Vocabulary Item 20 (0, 1, NA=Not Provided)","0;1;NA",,"","","DAS_Naming_Vocabulary_Item20_Score"
das_naming_vocab_item22_score,String,2,,Recommended,"DAS: Naming Vocabulary Item 22 (0, 1, NA=Not Provided)","0;1;NA",,"","","DAS_Naming_Vocabulary_Item22_Score"
das_naming_vocab_item24_score,String,2,,Recommended,"DAS: Naming Vocabulary Item 24 (0, 1, NA=Not Provided)","0;1;NA",,"","","DAS_Naming_Vocabulary_Item24_Score"
das_naming_vocab_item26_score,String,2,,Recommended,"DAS: Naming Vocabulary Item 26 (0, 1, NA=Not Provided)","0;1;NA",,"","","DAS_Naming_Vocabulary_Item26_Score"
das_naming_vocab_item2_score,String,2,,Recommended,"DAS: Naming Vocabulary Item 2 (0, 1, NA=Not Provided)","0;1;NA",,"","","DAS_Naming_Vocabulary_Item2_Score"
das_naming_vocab_item4_score,String,2,,Recommended,"DAS: Naming Vocabulary Item 4 (0, 1, NA=Not Provided)","0;1;NA",,"","","DAS_Naming_Vocabulary_Item4_Score"
das_naming_vocab_item6_score,String,2,,Recommended,"DAS: Naming Vocabulary Item 6 (0, 1, NA=Not Provided)","0;1;NA",,"","","DAS_Naming_Vocabulary_Item6_Score"
das_naming_vocab_item7_score,String,2,,Recommended,"DAS: Naming Vocabulary Item 7 (0, 1, NA=Not Provided)","0;1;NA",,"","","DAS_Naming_Vocabulary_Item7_Score"
das_naming_vocab_item9_score,String,2,,Recommended,"DAS: Naming Vocabulary Item 9 (0, 1, NA=Not Provided)","0;1;NA",,"","","DAS_Naming_Vocabulary_Item9_Score"
das_naming_vocab_item_set_raw,Integer,0,,Recommended,"DAS: Naming Vocabulary Within Item Set Raw Score","",,"","","DAS_Naming_Vocabulary_Within_Item_Set_Raw_Score"
das_pc_item10_score,String,2,,Recommended,"DAS: Pattern Construction Item 10 (0, 1, 2, 3, 4, NA=Not Provided)","0;1;2;3;4;NA",,"","","DAS_Pattern_Construction_Item10_Score"
das_pc_item11_score,String,2,,Recommended,"DAS: Pattern Construction Item 11 (0, 1, 2, 3, 4, NA=Not Provided)","0;1;2;3;4;NA",,"","","DAS_Pattern_Construction_Item11_Score"
das_pc_item12_score,String,2,,Recommended,"DAS: Pattern Construction Item 12 (0, 1, 2, 3, 4, NA=Not Provided)","0;1;2;3;4;NA",,"","","DAS_Pattern_Construction_Item12_Score"
das_pc_item13_score,String,2,,Recommended,"DAS: Pattern Construction Item 13 (0, 1, 2, 3, 4, NA=Not Provided)","0;1;2;3;4;NA",,"","","DAS_Pattern_Construction_Item13_Score"
das_pc_item14_trialb_score,String,2,,Recommended,"DAS: Pattern Construction Item 14 Trial B (0, 1, NA=Not Provided)","0;1;NA",,"","","DAS_Pattern_Construction_Item14_TrialB_Score"
das_pc_item16_score,String,2,,Recommended,"DAS: Pattern Construction Item 16 (0, 1, 2, 3, 4, 5, NA=Not Provided)","0;1;2;3;4;5;NA",,"","","DAS_Pattern_Construction_Item16_Score"
das_pc_item18_score,String,2,,Recommended,"DAS: Pattern Construction Item 18 (0, 1, 2, 3, 4, 5, NA=Not Provided)","0;1;2;3;4;5;NA",,"","","DAS_Pattern_Construction_Item18_Score"
das_pc_item19_score,String,2,,Recommended,"DAS: Pattern Construction Item 19 (0, 1, 2, 3, 4, 5, NA=Not Provided)","0;1;2;3;4;5;NA",,"","","DAS_Pattern_Construction_Item19_Score"
das_pc_item1_triala_score,String,2,,Recommended,"DAS: Pattern Construction Item 1 Trial A (0, 2, 3, NA=Not Provided)","0;2;3;NA",,"","","DAS_Pattern_Construction_Item1_TrialA_Score"
das_pc_item1_trialb_score,String,2,,Recommended,"DAS: Pattern Construction Item 1 Trial B (0, 1, NA=Not Provided)","0;1;NA",,"","","DAS_Pattern_Construction_Item1_TrialB_Score"
das_pc_item20_score,String,2,,Recommended,"DAS: Pattern Construction Item 20 (0, 1, 2, 3, 4, 5, NA=Not Provided)","0;1;2;3;4;5;NA",,"","","DAS_Pattern_Construction_Item20_Score"
das_pc_item21_score,String,2,,Recommended,"DAS: Pattern Construction Item 21 (0, 1, 2, 3, 4, 5, NA=Not Provided)","0;1;2;3;4;5;NA",,"","","DAS_Pattern_Construction_Item21_Score"
das_pc_item22_score,String,2,,Recommended,"DAS: Pattern Construction Item 22 (0, 1, 2, 3, 4, 5, NA=Not Provided)","0;1;2;3;4;5;NA",,"","","DAS_Pattern_Construction_Item22_Score"
das_pc_item23_score,String,2,,Recommended,"DAS: Pattern Construction Item 23 (0, 1, 2, 3, 4, 5, NA=Not Provided)","0;1;2;3;4;5;NA",,"","","DAS_Pattern_Construction_Item23_Score"
das_pc_item24_score,String,2,,Recommended,"DAS: Pattern Construction Item 24 (0, 2, NA=Not Provided)","0;2;NA",,"","","DAS_Pattern_Construction_Item24_Score"
das_pc_item25_score,String,2,,Recommended,"DAS: Pattern Construction Item 25 (0, 2, NA=Not Provided)","0;2;NA",,"","","DAS_Pattern_Construction_Item25_Score"
das_pc_item26_score,String,2,,Recommended,"DAS: Pattern Construction Item 26 (0, 2, NA=Not Provided)","0;2;NA",,"","","DAS_Pattern_Construction_Item26_Score"
das_pc_item2_triala_score,String,2,,Recommended,"DAS: Pattern Construction Item 2 Trial A (0, 2, 3, NA=Not Provided)","0;2;3;NA",,"","","DAS_Pattern_Construction_Item2_TrialA_Score"
das_pc_item2_trialb_score,String,2,,Recommended,"DAS: Pattern Construction Item 2 Trial B (0, 1, NA=Not Provided)","0;1;NA",,"","","DAS_Pattern_Construction_Item2_TrialB_Score"
das_pc_item3_score,String,2,,Recommended,"DAS: Pattern Construction Item 3 (0, 1, 2, 3, NA=Not Provided)","0;1;2;3;NA",,"","","DAS_Pattern_Construction_Item3_Score"
das_pc_item4_triala_score,String,2,,Recommended,"DAS: Pattern Construction Item 4 Trial A (0, 2, 3, NA=Not Provided)","0;2;3;NA",,"","","DAS_Pattern_Construction_Item4_TrialA_Score"
das_pc_item4_trialb_score,String,2,,Recommended,"DAS: Pattern Construction Item 4 Trial B (0, 1, NA=Not Provided)","0;1;NA",,"","","DAS_Pattern_Construction_Item4_TrialB_Score"
das_pc_item5_score,String,2,,Recommended,"DAS: Pattern Construction Item 5 (0, 1, 2, 3, 4, NA=Not Provided)","0;1;2;3;4;NA",,"","","DAS_Pattern_Construction_Item5_Score"
das_pc_item6_score,String,2,,Recommended,"DAS: Pattern Construction Item 6 (0, 1, 2, 3, 4, NA=Not Provided)","0;1;2;3;4;NA",,"","","DAS_Pattern_Construction_Item6_Score"
das_pc_item7_score,String,2,,Recommended,"DAS: Pattern Construction Item 7 (0, 1, 2, 3, 4, NA=Not Provided)","0;1;2;3;4;NA",,"","","DAS_Pattern_Construction_Item7_Score"
das_pc_item8_triala_score,String,2,,Recommended,"DAS: Pattern Construction Item 8 Trial A (0, 2, 3, 4, NA=Not Provided)","0;2;3;4;NA",,"","","DAS_Pattern_Construction_Item8_TrialA_Score"
das_pc_item8_trialb_score,String,2,,Recommended,"DAS: Pattern Construction Item 8 Trial B (0, 1, NA=Not Provided)","0;1;NA",,"","","DAS_Pattern_Construction_Item8_TrialB_Score"
das_pc_item9_triala_score,String,2,,Recommended,"DAS: Pattern Construction Item 9 Trial A (0, 2, 3, 4, NA=Not Provided)","0;2;3;4;NA",,"","","DAS_Pattern_Construction_Item9_TrialA_Score"
das_pc_item9_trialb_score,String,2,,Recommended,"DAS: Pattern Construction Item 9 Trial B (0, 1, NA=Not Provided)","0;1;NA",,"","","DAS_Pattern_Construction_Item9_TrialB_Score"
das_pc_item_set,String,10,,Recommended,"DAS: Pattern Construction Item Set Administered (1-7, 1-10, 1-16, 8-16, 8-20, 8-23, 14-20, 14-23, NA=Not Provided)","1-7;1-10;1-16;8-16;8-20;8-23;14-20;14-23;NA",,"","","DAS_Pattern_Construction_Item_Set"
das_pc_item_set_raw_score,Integer,0,,Recommended,"DAS: Pattern Construction Within Item Set Raw Score","",,"","","DAS_Pattern_Construction_Within_Item_Set_Raw_Score"
das_percentile_gca,String,10,,Recommended,"DAS: GCA Percentile","",,"","","DAS_Percentile_GCA"
das_pct_nonverbal_cluster,String,10,,Recommended,"DAS: Nonverbal Cluster Percentile","",,"","","DAS_Percentile_Nonverbal_Cluster"
das_pct_special_nonverbal,String,10,,Recommended,"DAS: Special Nonverbal Composite Percentile","",,"","","DAS_Percentile_Special_Nonverbal"
das_percentile_verbal_cluster,String,10,,Recommended,"DAS: Verbal Cluster Percentile","",,"","","DAS_Percentile_Verbal_Cluster"
das_pic_similar_item10_score,String,2,,Recommended,"DAS: Picture Similarities Item 10 (0, 1, NA=Not Provided)","0;1;NA",,"","","DAS_Picture_Similarities_Item10_Score"
das_pic_similar_item11_score,String,2,,Recommended,"DAS: Picture Similarities Item 11 (0, 1, NA=Not Provided)","0;1;NA",,"","","DAS_Picture_Similarities_Item11_Score"
das_pic_similar_item12_score,String,2,,Recommended,"DAS: Picture Similarities Item 12 (0, 1, NA=Not Provided)","0;1;NA",,"","","DAS_Picture_Similarities_Item12_Score"
das_pic_similar_item13_score,String,2,,Recommended,"DAS: Picture Similarities Item 13 (0, 1, NA=Not Provided)","0;1;NA",,"","","DAS_Picture_Similarities_Item13_Score"
das_pic_similar_item14_score,String,2,,Recommended,"DAS: Picture Similarities Item 14 (0, 1, NA=Not Provided)","0;1;NA",,"","","DAS_Picture_Similarities_Item14_Score"
das_pic_similar_item15_score,String,2,,Recommended,"DAS: Picture Similarities Item 15 (0, 1, NA=Not Provided)","0;1;NA",,"","","DAS_Picture_Similarities_Item15_Score"
das_pic_similar_item16_score,String,2,,Recommended,"DAS: Picture Similarities Item 16 (0, 1, NA=Not Provided)","0;1;NA",,"","","DAS_Picture_Similarities_Item16_Score"
das_pic_similar_item17_score,String,2,,Recommended,"DAS: Picture Similarities Item 17 (0, 1, NA=Not Provided)","0;1;NA",,"","","DAS_Picture_Similarities_Item17_Score"
das_pic_similar_item18_score,String,2,,Recommended,"DAS: Picture Similarities Item 18 (0, 1, NA=Not Provided)","0;1;NA",,"","","DAS_Picture_Similarities_Item18_Score"
das_pic_similar_item19_score,String,2,,Recommended,"DAS: Picture Similarities Item 19 (0, 1, NA=Not Provided)","0;1;NA",,"","","DAS_Picture_Similarities_Item19_Score"
das_pic_similar_item20_score,String,2,,Recommended,"DAS: Picture Similarities Item 20 (0, 1, NA=Not Provided)","0;1;NA",,"","","DAS_Picture_Similarities_Item20_Score"
das_pic_similar_item21_score,String,2,,Recommended,"DAS: Picture Similarities Item 21 (0, 1, NA=Not Provided)","0;1;NA",,"","","DAS_Picture_Similarities_Item21_Score"
das_pic_similar_item22_score,String,2,,Recommended,"DAS: Picture Similarities Item 22 (0, 1, NA=Not Provided)","0;1;NA",,"","","DAS_Picture_Similarities_Item22_Score"
das_pic_similar_item23_score,String,2,,Recommended,"DAS: Picture Similarities Item 23 (0, 1, NA=Not Provided)","0;1;NA",,"","","DAS_Picture_Similarities_Item23_Score"
das_pic_similar_item24_score,String,2,,Recommended,"DAS: Picture Similarities Item 24 (0, 1, NA=Not Provided)","0;1;NA",,"","","DAS_Picture_Similarities_Item24_Score"
das_pic_similar_item25_score,String,2,,Recommended,"DAS: Picture Similarities Item 25 (0, 1, NA=Not Provided)","0;1;NA",,"","","DAS_Picture_Similarities_Item25_Score"
das_pic_similar_item26_score,String,2,,Recommended,"DAS: Picture Similarities Item 26 (0, 1, NA=Not Provided)","0;1;NA",,"","","DAS_Picture_Similarities_Item26_Score"
das_pic_similar_item27_score,String,2,,Recommended,"DAS: Picture Similarities Item 27 (0, 1, NA=Not Provided)","0;1;NA",,"","","DAS_Picture_Similarities_Item27_Score"
das_pic_similar_item28_score,String,2,,Recommended,"DAS: Picture Similarities Item 28 (0, 1, NA=Not Provided)","0;1;NA",,"","","DAS_Picture_Similarities_Item28_Score"
das_pic_similar_item29_score,String,2,,Recommended,"DAS: Picture Similarities Item 29 (0, 1, NA=Not Provided)","0;1;NA",,"","","DAS_Picture_Similarities_Item29_Score"
das_pic_similar_item2_score,String,2,,Recommended,"DAS: Picture Similarities Item 2 (0, 1, NA=Not Provided)","0;1;NA",,"","","DAS_Picture_Similarities_Item2_Score"
das_pic_similar_item30_score,String,2,,Recommended,"DAS: Picture Similarities Item 30 (0, 1, NA=Not Provided)","0;1;NA",,"","","DAS_Picture_Similarities_Item30_Score"
das_pic_similar_item31_score,String,2,,Recommended,"DAS: Picture Similarities Item 31 (0, 1, NA=Not Provided)","0;1;NA",,"","","DAS_Picture_Similarities_Item31_Score"
das_pic_similar_item32_score,String,2,,Recommended,"DAS: Picture Similarities Item 32 (0, 1, NA=Not Provided)","0;1;NA",,"","","DAS_Picture_Similarities_Item32_Score"
das_pic_similar_item3_score,String,2,,Recommended,"DAS: Picture Similarities Item 3 (0, 1, NA=Not Provided)","0;1;NA",,"","","DAS_Picture_Similarities_Item3_Score"
das_pic_similar_item4_score,String,2,,Recommended,"DAS: Picture Similarities Item 4 (0, 1, NA=Not Provided)","0;1;NA",,"","","DAS_Picture_Similarities_Item4_Score"
das_pic_similar_item5_score,String,2,,Recommended,"DAS: Picture Similarities Item 5 (0, 1, NA=Not Provided)","0;1;NA",,"","","DAS_Picture_Similarities_Item5_Score"
das_pic_similar_item6_score,String,2,,Recommended,"DAS: Picture Similarities Item 6 (0, 1, NA=Not Provided)","0;1;NA",,"","","DAS_Picture_Similarities_Item6_Score"
das_pic_similar_item7_score,String,2,,Recommended,"DAS: Picture Similarities Item 7 (0, 1, NA=Not Provided)","0;1;NA",,"","","DAS_Picture_Similarities_Item7_Score"
das_pic_similar_item8_score,String,2,,Recommended,"DAS: Picture Similarities Item 8 (0, 1, NA=Not Provided)","0;1;NA",,"","","DAS_Picture_Similarities_Item8_Score"
das_pic_similar_item9_score,String,2,,Recommended,"DAS: Picture Similarities Item 9 (0, 1, NA=Not Provided)","0;1;NA",,"","","DAS_Picture_Similarities_Item9_Score"
das_pic_similar_item_set,String,10,,Recommended,"DAS: Picture Similarities Item Set Administered (1-24, 1-28, 1-32, 11-32, NA=Not Provided)","1-24;1-28;1-32;11-32;NA",,"","","DAS_Picture_Similarities_Item_Set"
das_pic_similar_item_set_raw,Integer,0,,Recommended,"DAS: Picture Similarities Within Item Set Raw Score","",,"","","DAS_Picture_Similarities_Within_Item_Set_Raw_Score"
das_pic_similar_item1_score,String,2,,Recommended,"DAS: Picture Similarities Item 1 (0, 1, NA=Not Provided)","0;1;NA",,"","","DAS_Picture_Similiarities_Item1_Score"
das_standard_score_gca,Integer,0,,Recommended,"DAS: GCA standard score (Population mean=100, SD=15)","",,"","","DAS_Standard_Score_GCA"
das_stand_sc_nonverbal_cluster,Integer,0,,Recommended,"DAS: Nonverbal cluster standard score (Population mean=100, SD=15)","",,"","","DAS_Standard_Score_Nonverbal_Cluster"
das_stand_sc_special_nonverbal,Integer,0,,Recommended,"DAS: Special Nonverbal Composite standard score (Population mean=100, SD=15)","",,"","","DAS_Standard_Score_Special_Nonverbal"
das_stand_sc_verbal_cluster,Integer,0,,Recommended,"DAS: Verbal cluster standard score (Population mean=100, SD=15)","",,"","","DAS_Standard_Score_Verbal_Cluster"
das_sum_t_sc_nonverbal_cluster,Integer,0,,Recommended,"DAS: Nonverbal cluster composite sum of T scores","",,"","","DAS_Sum_of_T_Scores_Nonverbal_Cluster"
das_sum_t_sc_special_nonverbal,Integer,0,,Recommended,"DAS: Special Nonverbal Composite sum of T scores","",,"","","DAS_Sum_of_T_Scores_Special_Nonverbal"
das_sum_t_sc_verbal_cluster,Integer,0,,Recommended,"DAS: Verbal cluster composite sum of T scores","",,"","","DAS_Sum_of_T_Scores_Verbal_Cluster"
das_t_score_block_building,Integer,0,,Recommended,"DAS: Block Building subtest T score","",,"","","DAS_T_Score_Block_Building"
das_t_score_copying,Integer,0,,Recommended,"DAS: Copying subtest T score","",,"","","DAS_T_Score_Copying"
das_t_score_early_num_concepts,Integer,0,,Recommended,"DAS: Early number concepts subtest T score","",,"","","DAS_T_Score_Early_Number_Concepts"
das_t_score_naming_vocab,Integer,0,,Recommended,"DAS: Naming vocabulary subtest T score","",,"","","DAS_T_Score_Naming_Vocabulary"
das_t_score_pattern_construct,Integer,0,,Recommended,"DAS: Pattern construction subtest T score","",,"","","DAS_T_Score_Pattern_Construction"
das_t_score_picture_similar,Integer,0,,Recommended,"DAS: Picture similarities subtest T score","",,"","","DAS_T_Score_Picture_Similarities"
das_t_score_verbal_comp,Integer,0,,Recommended,"DAS: Verbal comprehension T score","",,"","","DAS_T_Score_Verbal_Comprehension"
das_verbal_comp_item10_score,String,2,,Recommended,"DAS: Verbal Comprehension Item 10 (0, 1, NA=Not Provided)","0;1;NA",,"","","DAS_Verbal_Comprehension_Item10_Score"
das_verbal_comp_item11_score,String,2,,Recommended,"DAS: Verbal Comprehension Item 11 (0, 1, NA=Not Provided)","0;1;NA",,"","","DAS_Verbal_Comprehension_Item11_Score"
das_verbal_comp_item12_score,String,2,,Recommended,"DAS: Verbal Comprehension Item 12 (0, 1, NA=Not Provided)","0;1;NA",,"","","DAS_Verbal_Comprehension_Item12_Score"
das_verbal_comp_item13_score,String,2,,Recommended,"DAS: Verbal Comprehension Item 13 (0, 1, NA=Not Provided)","0;1;NA",,"","","DAS_Verbal_Comprehension_Item13_Score"
das_verbal_comp_item14_score,String,2,,Recommended,"DAS: Verbal Comprehension Item 14 (0, 1, NA=Not Provided)","0;1;NA",,"","","DAS_Verbal_Comprehension_Item14_Score"
das_verbal_comp_item15_score,String,2,,Recommended,"DAS: Verbal Comprehension Item 15 (0, 1, NA=Not Provided)","0;1;NA",,"","","DAS_Verbal_Comprehension_Item15_Score"
das_verbal_comp_item16_score,String,2,,Recommended,"DAS: Verbal Comprehension Item 16 (0, 1, NA=Not Provided)","0;1;NA",,"","","DAS_Verbal_Comprehension_Item16_Score"
das_verbal_comp_item17_score,String,2,,Recommended,"DAS: Verbal Comprehension Item 17 (0, 1, NA=Not Provided)","0;1;NA",,"","","DAS_Verbal_Comprehension_Item17_Score"
das_verbal_comp_item18_score,String,2,,Recommended,"DAS: Verbal Comprehension Item 18 (0, 1, NA=Not Provided)","0;1;NA",,"","","DAS_Verbal_Comprehension_Item18_Score"
das_verbal_comp_item19_score,String,2,,Recommended,"DAS: Verbal Comprehension Item 19 (0, 1, NA=Not Provided)","0;1;NA",,"","","DAS_Verbal_Comprehension_Item19_Score"
das_verbal_comp_item1_score,String,2,,Recommended,"DAS: Verbal Comprehension Item 1 (0, 1, NA=Not Provided)","0;1;NA",,"","","DAS_Verbal_Comprehension_Item1_Score"
das_verbal_comp_item20_score,String,2,,Recommended,"DAS: Verbal Comprehension Item 20 (0, 1, NA=Not Provided)","0;1;NA",,"","","DAS_Verbal_Comprehension_Item20_Score"
das_verbal_comp_item21_score,String,2,,Recommended,"DAS: Verbal Comprehension Item 21 (0, 1, NA=Not Provided)","0;1;NA",,"","","DAS_Verbal_Comprehension_Item21_Score"
das_verbal_comp_item22_score,String,2,,Recommended,"DAS: Verbal Comprehension Item 22 (0, 1, NA=Not Provided)","0;1;NA",,"","","DAS_Verbal_Comprehension_Item22_Score"
das_verbal_comp_item23_score,String,2,,Recommended,"DAS: Verbal Comprehension Item 23 (0, 1, NA=Not Provided)","0;1;NA",,"","","DAS_Verbal_Comprehension_Item23_Score"
das_verbal_comp_item24_score,String,2,,Recommended,"DAS: Verbal Comprehension Item 24 (0, 1, NA=Not Provided)","0;1;NA",,"","","DAS_Verbal_Comprehension_Item24_Score"
das_verbal_comp_item25_score,String,2,,Recommended,"DAS: Verbal Comprehension Item 25 (0, 1, NA=Not Provided)","0;1;NA",,"","","DAS_Verbal_Comprehension_Item25_Score"
das_verbal_comp_item26_score,String,2,,Recommended,"DAS: Verbal Comprehension Item 26 (0, 1, NA=Not Provided)","0;1;NA",,"","","DAS_Verbal_Comprehension_Item26_Score"
das_verbal_comp_item27_score,String,2,,Recommended,"DAS: Verbal Comprehension Item 27 (0, 1, NA=Not Provided)","0;1;NA",,"","","DAS_Verbal_Comprehension_Item27_Score"
das_verbal_comp_item28_score,String,2,,Recommended,"DAS: Verbal Comprehension Item 28 (0, 1, NA=Not Provided)","0;1;NA",,"","","DAS_Verbal_Comprehension_Item28_Score"
das_verbal_comp_item29_score,String,2,,Recommended,"DAS: Verbal Comprehension Item 29 (0, 1, NA=Not Provided)","0;1;NA",,"","","DAS_Verbal_Comprehension_Item29_Score"
das_verbal_comp_item2_score,String,2,,Recommended,"DAS: Verbal Comprehension Item 2 (0, 1, NA=Not Provided)","0;1;NA",,"","","DAS_Verbal_Comprehension_Item2_Score"
das_verbal_comp_item30_score,String,2,,Recommended,"DAS: Verbal Comprehension Item 30 (0, 1, NA=Not Provided)","0;1;NA",,"","","DAS_Verbal_Comprehension_Item30_Score"
das_verbal_comp_item31_score,String,2,,Recommended,"DAS: Verbal Comprehension Item 31 (0, 1, NA=Not Provided)","0;1;NA",,"","","DAS_Verbal_Comprehension_Item31_Score"
das_verbal_comp_item32_score,String,2,,Recommended,"DAS: Verbal Comprehension Item 32 (0, 1, NA=Not Provided)","0;1;NA",,"","","DAS_Verbal_Comprehension_Item32_Score"
das_verbal_comp_item33_score,String,2,,Recommended,"DAS: Verbal Comprehension Item 33 (0, 1, NA=Not Provided)","0;1;NA",,"","","DAS_Verbal_Comprehension_Item33_Score"
das_verbal_comp_item34_score,String,2,,Recommended,"DAS: Verbal Comprehension Item 34 (0, 1, NA=Not Provided)","0;1;NA",,"","","DAS_Verbal_Comprehension_Item34_Score"
das_verbal_comp_item35_score,String,2,,Recommended,"DAS: Verbal Comprehension Item 35 (0, 1, NA=Not Provided)","0;1;NA",,"","","DAS_Verbal_Comprehension_Item35_Score"
das_verbal_comp_item36_score,String,2,,Recommended,"DAS: Verbal Comprehension Item 36 (0, 1, NA=Not Provided)","0;1;NA",,"","","DAS_Verbal_Comprehension_Item36_Score"
das_verbal_comp_item3_score,String,2,,Recommended,"DAS: Verbal Comprehension Item 3 (0, 1, NA=Not Provided)","0;1;NA",,"","","DAS_Verbal_Comprehension_Item3_Score"
das_verbal_comp_item4_score,String,2,,Recommended,"DAS: Verbal Comprehension Item 4 (0, 1, NA=Not Provided)","0;1;NA",,"","","DAS_Verbal_Comprehension_Item4_Score"
das_verbal_comp_item5_score,String,2,,Recommended,"DAS: Verbal Comprehension Item 5 (0, 1, NA=Not Provided)","0;1;NA",,"","","DAS_Verbal_Comprehension_Item5_Score"
das_verbal_comp_item6_score,String,2,,Recommended,"DAS: Verbal Comprehension Item 6 (0, 1, NA=Not Provided)","0;1;NA",,"","","DAS_Verbal_Comprehension_Item6_Score"
das_verbal_comp_item7_score,String,2,,Recommended,"DAS: Verbal Comprehension Item 7 (0, 1, NA=Not Provided)","0;1;NA",,"","","DAS_Verbal_Comprehension_Item7_Score"
das_verbal_comp_item8_score,String,2,,Recommended,"DAS: Verbal Comprehension Item 8 (0, 1, NA=Not Provided)","0;1;NA",,"","","DAS_Verbal_Comprehension_Item8_Score"
das_verbal_comp_item9_score,String,2,,Recommended,"DAS: Verbal Comprehension Item 9 (0, 1, NA=Not Provided)","0;1;NA",,"","","DAS_Verbal_Comprehension_Item9_Score"
das_verbal_comp_item_set,String,10,,Recommended,"DAS: Verbal Comprehension Item Set Administered (1-12, 1-29, 1-36, 13-36, NA=Not Provided)","1-12;1-29;1-36;13-36;NA",,"","","DAS_Verbal_Comprehension_Item_Set"
das_verbal_comp_item_set_raw,Integer,0,,Recommended,"DAS: Verbal Comprehension Within Item Set Raw Score","",,"","","DAS_Verbal_Comprehension_Within_Item_Set_Raw_Score"
age_days_dot_to_edc,Integer,0,,Recommended,"Age in days obtained by subtracting the Estimated Date of Confinement (Due Date) from the date of test","",,"","","DAS_Age_Days_DOT_to_EDC"
das_ci_90_pct_verbal_cluster,String,10,,Recommended,"DAS: Verbal cluster 90th percentile confidence interval","",,"","","DAS_Confidence_Interval_90_Percentile_Verbal_Cluster"
das_ci_90_special_nonverb_comp,String,10,,Recommended,"DAS: Special nonverbal 90th percentile confidence interval","",,"","","DAS_Confidence_Interval_90_Special_Nonverbal_Composite"
das_ci_95_percentile_gca,String,10,,Recommended,"DAS: GCA 95th percentile confidence interval","",,"","","DAS_Confidence_Interval_95_Percentile_GCA"
das_ci_95_pct_nonverbal_clust,String,10,,Recommended,"DAS: Nonverbal cluster 95th percentile confidence interval","",,"","","DAS_Confidence_Interval_95_Percentile_Nonverbal_Cluster"
das_ci_95_pct_verbal_cluster,String,10,,Recommended,"DAS: Verbal cluster 95th percentile confidence interval","",,"","","DAS_Confidence_Interval_95_Percentile_Verbal_Cluster"
das_ci_95_special_nonverb_comp,String,10,,Recommended,"DAS: Special nonverbal 95th percentile confidence interval","",,"","","DAS_Confidence_Interval_95_Special_Nonverbal_Composite"
das_copying_item10_score,String,2,,Recommended,"DAS: Copying Item 10 (0, 1, 2, NA=Not Provided)","0;1;2;NA",,"","","DAS_Copying_Item10_Score"
das_copying_item11_score,String,2,,Recommended,"DAS: Copying Item 11 (0, 1, 2, NA=Not Provided)","0;1;2;NA",,"","","DAS_Copying_Item11_Score"
das_copying_item12_score,String,2,,Recommended,"DAS: Copying Item 12 (0, 1, 2, 3, NA=Not Provided)","0;1;2;3;NA",,"","","DAS_Copying_Item12_Score"
das_copying_item13_score,String,2,,Recommended,"DAS: Copying Item 13 (0, 1, 2, NA=Not Provided)","0;1;2;NA",,"","","DAS_Copying_Item13_Score"
das_copying_item14_score,String,2,,Recommended,"DAS: Copying Item 14 (0, 1, 2, NA=Not Provided)","0;1;2;NA",,"","","DAS_Copying_Item14_Score"
das_copying_item15_score,String,2,,Recommended,"DAS: Copying Item 15 (0, 1, 2, 3, NA=Not Provided)","0;1;2;3;NA",,"","","DAS_Copying_Item15_Score"
das_copying_item16_score,String,2,,Recommended,"DAS: Copying Item 16 (0, 1, 2, 3, NA=Not Provided)","0;1;2;3;NA",,"","","DAS_Copying_Item16_Score"
das_enc_item17_score,String,2,,Recommended,"DAS: Early Number Concepts Item 17 (0, 1, NA=Not Provided)","0;1;NA",,"","","DAS_Early_Number_Concepts_Item17_Score"
das_enc_item18_score,String,2,,Recommended,"DAS: Early Number Concepts Item 18 (0, 1, NA=Not Provided)","0;1;NA",,"","","DAS_Early_Number_Concepts_Item18_Score"
das_enc_item19_score,String,2,,Recommended,"DAS: Early Number Concepts Item 19 (0, 1, NA=Not Provided)","0;1;NA",,"","","DAS_Early_Number_Concepts_Item19_Score"
das_enc_item1_pts_reciting_sc,String,2,,Recommended,"DAS: Early Number Concepts Item 1 Points With Reciting (0, 1, 2, 3, NA=Not Provided)","0;1;2;3;NA",,"","","DAS_Early_Number_Concepts_Item1_PointsWithReciting_Score"
das_enc_item1_recites_score,String,2,,Recommended,"DAS: Early Number Concepts Item 1 Recites (0, 1, 2, 3, NA=Not Provided)","0;1;2;3;NA",,"","","DAS_Early_Number_Concepts_Item1_Recites_Score"
das_enc_item20_score,String,2,,Recommended,"DAS: Early Number Concepts Item 20 (0, 1, NA=Not Provided)","0;1;NA",,"","","DAS_Early_Number_Concepts_Item20_Score"
das_enc_item21_score,String,2,,Recommended,"DAS: Early Number Concepts Item 21 (0, 1, NA=Not Provided)","0;1;NA",,"","","DAS_Early_Number_Concepts_Item21_Score"
das_enc_item22_score,String,2,,Recommended,"DAS: Early Number Concepts Item 22 (0, 1, NA=Not Provided)","0;1;NA",,"","","DAS_Early_Number_Concepts_Item22_Score"
das_enc_item23_score,String,2,,Recommended,"DAS: Early Number Concepts Item 23 (0, 1, NA=Not Provided)","0;1;NA",,"","","DAS_Early_Number_Concepts_Item23_Score"
das_enc_item24_score,String,2,,Recommended,"DAS: Early Number Concepts Item 24 (0, 1, NA=Not Provided)","0;1;NA",,"","","DAS_Early_Number_Concepts_Item24_Score"
das_enc_item25_score,String,2,,Recommended,"DAS: Early Number Concepts Item 25 (0, 1, NA=Not Provided)","0;1;NA",,"","","DAS_Early_Number_Concepts_Item25_Score"
das_enc_item26_score,String,2,,Recommended,"DAS: Early Number Concepts Item 26 (0, 1, NA=Not Provided)","0;1;NA",,"","","DAS_Early_Number_Concepts_Item26_Score"
das_enc_item27_score,String,2,,Recommended,"DAS: Early Number Concepts Item 27 (0, 1, NA=Not Provided)","0;1;NA",,"","","DAS_Early_Number_Concepts_Item27_Score"
das_enc_item28_score,String,2,,Recommended,"DAS: Early Number Concepts Item 28 (0, 1, NA=Not Provided)","0;1;NA",,"","","DAS_Early_Number_Concepts_Item28_Score"
das_enc_item2_score,String,2,,Recommended,"DAS: Early Number Concepts Item 2 (0, 1, NA=Not Provided)","0;1;NA",,"","","DAS_Early_Number_Concepts_Item2_Score"
das_enc_item3_score,String,2,,Recommended,"DAS: Early Number Concepts Item 3 (0, 1, NA=Not Provided)","0;1;NA",,"","","DAS_Early_Number_Concepts_Item3_Score"
das_enc_item4_score,String,2,,Recommended,"DAS: Early Number Concepts Item 4 (0, 1, NA=Not Provided)","0;1;NA",,"","","DAS_Early_Number_Concepts_Item4_Score"
das_enc_item6_score,String,2,,Recommended,"DAS: Early Number Concepts Item 6 (0, 1, NA=Not Provided)","0;1;NA",,"","","DAS_Early_Number_Concepts_Item6_Score"
das_enc_item7_score,String,2,,Recommended,"DAS: Early Number Concepts Item 7 (0, 1, NA=Not Provided)","0;1;NA",,"","","DAS_Early_Number_Concepts_Item7_Score"
das_enc_item9_score,String,2,,Recommended,"DAS: Early Number Concepts Item 9 (0, 1, NA=Not Provided)","0;1;NA",,"","","DAS_Early_Number_Concepts_Item9_Score"
das_enc_item_set,String,10,,Recommended,"DAS: Early Number Concepts Item Set Administered (1-6, 1-15, 1-22, 2-22, 2-28, 16-28, NA)","1-6;1-15;1-22;2-22;2-28;16-28;NA",,"","","DAS_Early_Number_Concepts_Item_Set"
das_enc_item_set_raw_score,Integer,0,,Recommended,"DAS: Early Number Concepts Within Item Set Raw Score","",,"","","DAS_Early_Number_Concepts_Within_Item_Set_Raw_Score"
das_naming_vocab_item11_score,String,2,,Recommended,"DAS: Naming Vocabulary Item 11 (0, 1, NA=Not Provided)","0;1;NA",,"","","DAS_Naming_Vocabulary_Item11_Score"
das_naming_vocab_item12_score,String,2,,Recommended,"DAS: Naming Vocabulary Item 12 (0, 1, NA=Not Provided)","0;1;NA",,"","","DAS_Naming_Vocabulary_Item12_Score"
das_naming_vocab_item14_score,String,2,,Recommended,"DAS: Naming Vocabulary Item 14 (0, 1, NA=Not Provided)","0;1;NA",,"","","DAS_Naming_Vocabulary_Item14_Score"
das_naming_vocab_item15_score,String,2,,Recommended,"DAS: Naming Vocabulary Item 15 (0, 1, NA=Not Provided)","0;1;NA",,"","","DAS_Naming_Vocabulary_Item15_Score"
das_naming_vocab_item17_score,String,2,,Recommended,"DAS: Naming Vocabulary Item 17 (0, 1, NA=Not Provided)","0;1;NA",,"","","DAS_Naming_Vocabulary_Item17_Score"
das_naming_vocab_item18_score,String,2,,Recommended,"DAS: Naming Vocabulary Item 18 (0, 1, NA=Not Provided)","0;1;NA",,"","","DAS_Naming_Vocabulary_Item18_Score"
das_naming_vocab_item19_score,String,2,,Recommended,"DAS: Naming Vocabulary Item 19 (0, 1, NA=Not Provided)","0;1;NA",,"","","DAS_Naming_Vocabulary_Item19_Score"
das_naming_vocab_item21_score,String,2,,Recommended,"DAS: Naming Vocabulary Item 21 (0, 1, NA=Not Provided)","0;1;NA",,"","","DAS_Naming_Vocabulary_Item21_Score"
das_naming_vocab_item23_score,String,2,,Recommended,"DAS: Naming Vocabulary Item 23 (0, 1, NA=Not Provided)","0;1;NA",,"","","DAS_Naming_Vocabulary_Item23_Score"
das_naming_vocab_item25_score,String,2,,Recommended,"DAS: Naming Vocabulary Item 25 (0, 1, NA=Not Provided)","0;1;NA",,"","","DAS_Naming_Vocabulary_Item25_Score"
das_naming_vocab_item3_score,String,2,,Recommended,"DAS: Naming Vocabulary Item 3 (0, 1, NA=Not Provided)","0;1;NA",,"","","DAS_Naming_Vocabulary_Item3_Score"
das_naming_vocab_item5_score,String,2,,Recommended,"DAS: Naming Vocabulary Item 5 (0, 1, NA=Not Provided)","0;1;NA",,"","","DAS_Naming_Vocabulary_Item5_Score"
das_naming_vocab_item8_score,String,2,,Recommended,"DAS: Naming Vocabulary Item 8 (0, 1, NA=Not Provided)","0;1;NA",,"","","DAS_Naming_Vocabulary_Item8_Score"
das_naming_vocab_item_set,String,10,,Recommended,"DAS: Naming Vocabulary Item Set Administered (1-16, 1-26, 8-26, NA=Not Provided)","1-16;1-26;8-26;NA",,"","","DAS_Naming_Vocabulary_Item_Set"
das_pc_item14_triala_score,String,2,,Recommended,"DAS: Pattern Construction Item 14 Trial A (0, 2, 3, 4, 5, NA)","0;2;3;4;5;NA",,"","","DAS_Pattern_Construction_Item14_TrialA_Score"
das_pc_item15_triala_score,String,2,,Recommended,"DAS: Pattern Construction Item 15 Trial A (0, 2, 3, 4, 5, NA=Not Provided)","0;2;3;4;5;NA",,"","","DAS_Pattern_Construction_Item15_TrialA_Score"
das_pc_item15_trialb_score,String,2,,Recommended,"DAS: Pattern Construction Item 15 Trial B (0, 1, NA=Not Provided)","0;1;NA",,"","","DAS_Pattern_Construction_Item15_TrialB_Score"
das_pc_item17_score,String,2,,Recommended,"DAS: Pattern Construction Item 17 (0, 1, 2, 3, 4, 5, NA=Not Provided)","0;1;2;3;4;5;NA",,"","","DAS_Pattern_Construction_Item17_Score"
