ElementName,DataType,Size,Unit,Required,ElementDescription,ValueRange,Keywords,Notes,Section,Aliases
subjectkey,GUID,0,,Optional,"The NDAR Global Unique Identifier (GUID) for subjects which identifies a subject in NDAR","NDAR*",,"","",""
admin_status,String,20,,Recommended,"Instrument administration status","Complete;Partial;Not Administered;Not Applicable",,"","","TCI_ParentReport_15y_and_Up_Administration_Status"
src_subject_id,String,20,,Recommended,"The site's subject identification","",,"","","Subject_ID"
age_days_dot_to_dob,Integer,0,,Recommended,"Age in days obtained by subtracting the date of birth from the date of test","",,"","","TCI_ParentReport_15y_and_Up_Age_Days_DOT_to_DOB"
timepoint_label,String,5,,Recommended,"User-defined timepoint/visit label - a label selected by the site at the time of registration of a new timepoint into the database.  This label is used to group all the instruments administered to a subject at a given timepoint.","",,"","","Timepoint_Label"
tci_parent_q109,String,2,,Recommended,"TCI Parent-Report (15y+): Q109 answer (T=True; F=False)","T;F;NA",,"","","TCI_ParentReport_15y_and_Up_Q109"
tci_parent_q11,String,2,,Recommended,"TCI Parent-Report (15y+): Q11 answer (T=True; F=False)","T;F;NA",,"","","TCI_ParentReport_15y_and_Up_Q11"
tci_parent_q111,String,2,,Recommended,"TCI Parent-Report (15y+): Q111 answer (T=True; F=False)","T;F;NA",,"","","TCI_ParentReport_15y_and_Up_Q111"
tci_parent_q113,String,2,,Recommended,"TCI Parent-Report (15y+): Q113 answer (T=True; F=False)","T;F;NA",,"","","TCI_ParentReport_15y_and_Up_Q113"
tci_parent_q114,String,2,,Recommended,"TCI Parent-Report (15y+): Q114 answer (T=True; F=False)","T;F;NA",,"","","TCI_ParentReport_15y_and_Up_Q114"
tci_parent_q115,String,2,,Recommended,"TCI Parent-Report (15y+): Q115 answer (T=True; F=False)","T;F;NA",,"","","TCI_ParentReport_15y_and_Up_Q115"
tci_parent_q116,String,2,,Recommended,"TCI Parent-Report (15y+): Q116 answer (T=True; F=False)","T;F;NA",,"","","TCI_ParentReport_15y_and_Up_Q116"
tci_parent_q117,String,2,,Recommended,"TCI Parent-Report (15y+): Q117 answer (T=True; F=False)","T;F;NA",,"","","TCI_ParentReport_15y_and_Up_Q117"
tci_parent_q118,String,2,,Recommended,"TCI Parent-Report (15y+): Q118 answer (T=True; F=False)","T;F;NA",,"","","TCI_ParentReport_15y_and_Up_Q118"
tci_parent_q119,String,2,,Recommended,"TCI Parent-Report (15y+): Q119 answer (T=True; F=False)","T;F;NA",,"","","TCI_ParentReport_15y_and_Up_Q119"
tci_parent_q12,String,2,,Recommended,"TCI Parent-Report (15y+): Q12 answer (T=True; F=False)","T;F;NA",,"","","TCI_ParentReport_15y_and_Up_Q12"
tci_parent_q120,String,2,,Recommended,"TCI Parent-Report (15y+): Q120 answer (T=True; F=False)","T;F;NA",,"","","TCI_ParentReport_15y_and_Up_Q120"
tci_parent_q121,String,2,,Recommended,"TCI Parent-Report (15y+): Q121 answer (T=True; F=False)","T;F;NA",,"","","TCI_ParentReport_15y_and_Up_Q121"
tci_parent_q122,String,2,,Recommended,"TCI Parent-Report (15y+): Q122 answer (T=True; F=False)","T;F;NA",,"","","TCI_ParentReport_15y_and_Up_Q122"
tci_parent_q123,String,2,,Recommended,"TCI Parent-Report (15y+): Q123 answer (T=True; F=False)","T;F;NA",,"","","TCI_ParentReport_15y_and_Up_Q123"
tci_parent_q124,String,2,,Recommended,"TCI Parent-Report (15y+): Q124 answer (T=True; F=False)","T;F;NA",,"","","TCI_ParentReport_15y_and_Up_Q124"
tci_parent_q125,String,2,,Recommended,"TCI Parent-Report (15y+): Q125 answer (T=True; F=False)","T;F;NA",,"","","TCI_ParentReport_15y_and_Up_Q125"
tci_parent_q126,String,2,,Recommended,"TCI Parent-Report (15y+): Q126 answer (T=True; F=False)","T;F;NA",,"","","TCI_ParentReport_15y_and_Up_Q126"
tci_parent_q127,String,2,,Recommended,"TCI Parent-Report (15y+): Q127 answer (T=True; F=False)","T;F;NA",,"","","TCI_ParentReport_15y_and_Up_Q127"
tci_parent_q128,String,2,,Recommended,"TCI Parent-Report (15y+): Q128 answer (T=True; F=False)","T;F;NA",,"","","TCI_ParentReport_15y_and_Up_Q128"
tci_parent_q129,String,2,,Recommended,"TCI Parent-Report (15y+): Q129 answer (T=True; F=False)","T;F;NA",,"","","TCI_ParentReport_15y_and_Up_Q129"
tci_parent_q13,String,2,,Recommended,"TCI Parent-Report (15y+): Q13 answer (T=True; F=False)","T;F;NA",,"","","TCI_ParentReport_15y_and_Up_Q13"
tci_parent_q130,String,2,,Recommended,"TCI Parent-Report (15y+): Q130 answer (T=True; F=False)","T;F;NA",,"","","TCI_ParentReport_15y_and_Up_Q130"
tci_parent_q131,String,2,,Recommended,"TCI Parent-Report (15y+): Q131 answer (T=True; F=False)","T;F;NA",,"","","TCI_ParentReport_15y_and_Up_Q131"
tci_parent_q132,String,2,,Recommended,"TCI Parent-Report (15y+): Q132 answer (T=True; F=False)","T;F;NA",,"","","TCI_ParentReport_15y_and_Up_Q132"
tci_parent_q133,String,2,,Recommended,"TCI Parent-Report (15y+): Q133 answer (T=True; F=False)","T;F;NA",,"","","TCI_ParentReport_15y_and_Up_Q133"
tci_parent_q134,String,2,,Recommended,"TCI Parent-Report (15y+): Q134 answer (T=True; F=False)","T;F;NA",,"","","TCI_ParentReport_15y_and_Up_Q134"
tci_parent_q135,String,2,,Recommended,"TCI Parent-Report (15y+): Q135 answer (T=True; F=False)","T;F;NA",,"","","TCI_ParentReport_15y_and_Up_Q135"
tci_parent_q136,String,2,,Recommended,"TCI Parent-Report (15y+): Q136 answer (T=True; F=False)","T;F;NA",,"","","TCI_ParentReport_15y_and_Up_Q136"
tci_parent_q137,String,2,,Recommended,"TCI Parent-Report (15y+): Q137 answer (T=True; F=False)","T;F;NA",,"","","TCI_ParentReport_15y_and_Up_Q137"
tci_parent_q138,String,2,,Recommended,"TCI Parent-Report (15y+): Q138 answer (T=True; F=False)","T;F;NA",,"","","TCI_ParentReport_15y_and_Up_Q138"
tci_parent_q139,String,2,,Recommended,"TCI Parent-Report (15y+): Q139 answer (T=True; F=False)","T;F;NA",,"","","TCI_ParentReport_15y_and_Up_Q139"
tci_parent_q14,String,2,,Recommended,"TCI Parent-Report (15y+): Q14 answer (T=True; F=False)","T;F;NA",,"","","TCI_ParentReport_15y_and_Up_Q14"
tci_parent_q140,String,2,,Recommended,"TCI Parent-Report (15y+): Q140 answer (T=True; F=False)","T;F;NA",,"","","TCI_ParentReport_15y_and_Up_Q140"
tci_parent_q141,String,2,,Recommended,"TCI Parent-Report (15y+): Q141 answer (T=True; F=False)","T;F;NA",,"","","TCI_ParentReport_15y_and_Up_Q141"
tci_parent_q142,String,2,,Recommended,"TCI Parent-Report (15y+): Q142 answer (T=True; F=False)","T;F;NA",,"","","TCI_ParentReport_15y_and_Up_Q142"
tci_parent_q143,String,2,,Recommended,"TCI Parent-Report (15y+): Q143 answer (T=True; F=False)","T;F;NA",,"","","TCI_ParentReport_15y_and_Up_Q143"
tci_parent_q144,String,2,,Recommended,"TCI Parent-Report (15y+): Q144 answer (T=True; F=False)","T;F;NA",,"","","TCI_ParentReport_15y_and_Up_Q144"
tci_parent_q145,String,2,,Recommended,"TCI Parent-Report (15y+): Q145 answer (T=True; F=False)","T;F;NA",,"","","TCI_ParentReport_15y_and_Up_Q145"
tci_parent_q146,String,2,,Recommended,"TCI Parent-Report (15y+): Q146 answer (T=True; F=False)","T;F;NA",,"","","TCI_ParentReport_15y_and_Up_Q146"
tci_parent_q147,String,2,,Recommended,"TCI Parent-Report (15y+): Q147 answer (T=True; F=False)","T;F;NA",,"","","TCI_ParentReport_15y_and_Up_Q147"
tci_parent_q148,String,2,,Recommended,"TCI Parent-Report (15y+): Q148 answer (T=True; F=False)","T;F;NA",,"","","TCI_ParentReport_15y_and_Up_Q148"
tci_parent_q149,String,2,,Recommended,"TCI Parent-Report (15y+): Q149 answer (T=True; F=False)","T;F;NA",,"","","TCI_ParentReport_15y_and_Up_Q149"
tci_parent_q15,String,2,,Recommended,"TCI Parent-Report (15y+): Q15 answer (T=True; F=False)","T;F;NA",,"","","TCI_ParentReport_15y_and_Up_Q15"
tci_parent_q150,String,2,,Recommended,"TCI Parent-Report (15y+): Q150 answer (T=True; F=False)","T;F;NA",,"","","TCI_ParentReport_15y_and_Up_Q150"
tci_parent_q151,String,2,,Recommended,"TCI Parent-Report (15y+): Q151 answer (T=True; F=False)","T;F;NA",,"","","TCI_ParentReport_15y_and_Up_Q151"
tci_parent_q152,String,2,,Recommended,"TCI Parent-Report (15y+): Q152 answer (T=True; F=False)","T;F;NA",,"","","TCI_ParentReport_15y_and_Up_Q152"
tci_parent_q153,String,2,,Recommended,"TCI Parent-Report (15y+): Q153 answer (T=True; F=False)","T;F;NA",,"","","TCI_ParentReport_15y_and_Up_Q153"
tci_parent_q154,String,2,,Recommended,"TCI Parent-Report (15y+): Q154 answer (T=True; F=False)","T;F;NA",,"","","TCI_ParentReport_15y_and_Up_Q154"
tci_parent_q155,String,2,,Recommended,"TCI Parent-Report (15y+): Q155 answer (T=True; F=False)","T;F;NA",,"","","TCI_ParentReport_15y_and_Up_Q155"
tci_parent_q156,String,2,,Recommended,"TCI Parent-Report (15y+): Q156 answer (T=True; F=False)","T;F;NA",,"","","TCI_ParentReport_15y_and_Up_Q156"
tci_parent_q157,String,2,,Recommended,"TCI Parent-Report (15y+): Q157 answer (T=True; F=False)","T;F;NA",,"","","TCI_ParentReport_15y_and_Up_Q157"
tci_parent_q158,String,2,,Recommended,"TCI Parent-Report (15y+): Q158 answer (T=True; F=False)","T;F;NA",,"","","TCI_ParentReport_15y_and_Up_Q158"
tci_parent_q159,String,2,,Recommended,"TCI Parent-Report (15y+): Q159 answer (T=True; F=False)","T;F;NA",,"","","TCI_ParentReport_15y_and_Up_Q159"
tci_parent_q16,String,2,,Recommended,"TCI Parent-Report (15y+): Q16 answer (T=True; F=False)","T;F;NA",,"","","TCI_ParentReport_15y_and_Up_Q16"
tci_parent_q160,String,2,,Recommended,"TCI Parent-Report (15y+): Q160 answer (T=True; F=False)","T;F;NA",,"","","TCI_ParentReport_15y_and_Up_Q160"
tci_parent_q161,String,2,,Recommended,"TCI Parent-Report (15y+): Q161 answer (T=True; F=False)","T;F;NA",,"","","TCI_ParentReport_15y_and_Up_Q161"
tci_parent_q162,String,2,,Recommended,"TCI Parent-Report (15y+): Q162 answer (T=True; F=False)","T;F;NA",,"","","TCI_ParentReport_15y_and_Up_Q162"
tci_parent_q163,String,2,,Recommended,"TCI Parent-Report (15y+): Q163 answer (T=True; F=False)","T;F;NA",,"","","TCI_ParentReport_15y_and_Up_Q163"
tci_parent_q165,String,2,,Recommended,"TCI Parent-Report (15y+): Q165 answer (T=True; F=False)","T;F;NA",,"","","TCI_ParentReport_15y_and_Up_Q165"
tci_parent_q168,String,2,,Recommended,"TCI Parent-Report (15y+): Q168 answer (T=True; F=False)","T;F;NA",,"","","TCI_ParentReport_15y_and_Up_Q168"
tci_parent_q17,String,2,,Recommended,"TCI Parent-Report (15y+): Q17 answer (T=True; F=False)","T;F;NA",,"","","TCI_ParentReport_15y_and_Up_Q17"
tci_parent_q170,String,2,,Recommended,"TCI Parent-Report (15y+): Q170 answer (T=True; F=False)","T;F;NA",,"","","TCI_ParentReport_15y_and_Up_Q170"
tci_parent_q171,String,2,,Recommended,"TCI Parent-Report (15y+): Q171 answer (T=True; F=False)","T;F;NA",,"","","TCI_ParentReport_15y_and_Up_Q171"
tci_parent_q175,String,2,,Recommended,"TCI Parent-Report (15y+): Q175 answer (T=True; F=False)","T;F;NA",,"","","TCI_ParentReport_15y_and_Up_Q175"
tci_parent_q177,String,2,,Recommended,"TCI Parent-Report (15y+): Q177 answer (T=True; F=False)","T;F;NA",,"","","TCI_ParentReport_15y_and_Up_Q177"
tci_parent_q179,String,2,,Recommended,"TCI Parent-Report (15y+): Q179 answer (T=True; F=False)","T;F;NA",,"","","TCI_ParentReport_15y_and_Up_Q179"
tci_parent_q18,String,2,,Recommended,"TCI Parent-Report (15y+): Q18 answer (T=True; F=False)","T;F;NA",,"","","TCI_ParentReport_15y_and_Up_Q18"
tci_parent_q182,String,2,,Recommended,"TCI Parent-Report (15y+): Q182 answer (T=True; F=False)","T;F;NA",,"","","TCI_ParentReport_15y_and_Up_Q182"
tci_parent_q184,String,2,,Recommended,"TCI Parent-Report (15y+): Q184 answer (T=True; F=False)","T;F;NA",,"","","TCI_ParentReport_15y_and_Up_Q184"
tci_parent_q186,String,2,,Recommended,"TCI Parent-Report (15y+): Q186 answer (T=True; F=False)","T;F;NA",,"","","TCI_ParentReport_15y_and_Up_Q186"
tci_parent_q187,String,2,,Recommended,"TCI Parent-Report (15y+): Q187 answer (T=True; F=False)","T;F;NA",,"","","TCI_ParentReport_15y_and_Up_Q187"
tci_parent_q189,String,2,,Recommended,"TCI Parent-Report (15y+): Q189 answer (T=True; F=False)","T;F;NA",,"","","TCI_ParentReport_15y_and_Up_Q189"
tci_parent_q190,String,2,,Recommended,"TCI Parent-Report (15y+): Q190 answer (T=True; F=False)","T;F;NA",,"","","TCI_ParentReport_15y_and_Up_Q190"
tci_parent_q192,String,2,,Recommended,"TCI Parent-Report (15y+): Q192 answer (T=True; F=False)","T;F;NA",,"","","TCI_ParentReport_15y_and_Up_Q192"
tci_parent_q194,String,2,,Recommended,"TCI Parent-Report (15y+): Q194 answer (T=True; F=False)","T;F;NA",,"","","TCI_ParentReport_15y_and_Up_Q194"
tci_parent_q195,String,2,,Recommended,"TCI Parent-Report (15y+): Q195 answer (T=True; F=False)","T;F;NA",,"","","TCI_ParentReport_15y_and_Up_Q195"
tci_parent_q197,String,2,,Recommended,"TCI Parent-Report (15y+): Q197 answer (T=True; F=False)","T;F;NA",,"","","TCI_ParentReport_15y_and_Up_Q197"
tci_parent_q199,String,2,,Recommended,"TCI Parent-Report (15y+): Q199 answer (T=True; F=False)","T;F;NA",,"","","TCI_ParentReport_15y_and_Up_Q199"
tci_parent_q2,String,2,,Recommended,"TCI Parent-Report (15y+): Q2 answer (T=True; F=False)","T;F;NA",,"","","TCI_ParentReport_15y_and_Up_Q2"
tci_parent_q20,String,2,,Recommended,"TCI Parent-Report (15y+): Q20 answer (T=True; F=False)","T;F;NA",,"","","TCI_ParentReport_15y_and_Up_Q20"
tci_parent_q200,String,2,,Recommended,"TCI Parent-Report (15y+): Q200 answer (T=True; F=False)","T;F;NA",,"","","TCI_ParentReport_15y_and_Up_Q200"
tci_parent_q201,String,2,,Recommended,"TCI Parent-Report (15y+): Q201 answer (T=True; F=False)","T;F;NA",,"","","TCI_ParentReport_15y_and_Up_Q201"
tci_parent_q203,String,2,,Recommended,"TCI Parent-Report (15y+): Q203 answer (T=True; F=False)","T;F;NA",,"","","TCI_ParentReport_15y_and_Up_Q203"
tci_parent_q204,String,2,,Recommended,"TCI Parent-Report (15y+): Q204 answer (T=True; F=False)","T;F;NA",,"","","TCI_ParentReport_15y_and_Up_Q204"
tci_parent_q206,String,2,,Recommended,"TCI Parent-Report (15y+): Q206 answer (T=True; F=False)","T;F;NA",,"","","TCI_ParentReport_15y_and_Up_Q206"
tci_parent_q208,String,2,,Recommended,"TCI Parent-Report (15y+): Q208 answer (T=True; F=False)","T;F;NA",,"","","TCI_ParentReport_15y_and_Up_Q208"
tci_parent_q210,String,2,,Recommended,"TCI Parent-Report (15y+): Q210 answer (T=True; F=False)","T;F;NA",,"","","TCI_ParentReport_15y_and_Up_Q210"
tci_parent_q212,String,2,,Recommended,"TCI Parent-Report (15y+): Q212 answer (T=True; F=False)","T;F;NA",,"","","TCI_ParentReport_15y_and_Up_Q212"
tci_parent_q214,String,2,,Recommended,"TCI Parent-Report (15y+): Q214 answer (T=True; F=False)","T;F;NA",,"","","TCI_ParentReport_15y_and_Up_Q214"
tci_parent_q216,String,2,,Recommended,"TCI Parent-Report (15y+): Q216 answer (T=True; F=False)","T;F;NA",,"","","TCI_ParentReport_15y_and_Up_Q216"
tci_parent_q218,String,2,,Recommended,"TCI Parent-Report (15y+): Q218 answer (T=True; F=False)","T;F;NA",,"","","TCI_ParentReport_15y_and_Up_Q218"
tci_parent_q220,String,2,,Recommended,"TCI Parent-Report (15y+): Q220 answer (T=True; F=False)","T;F;NA",,"","","TCI_ParentReport_15y_and_Up_Q220"
tci_parent_q222,String,2,,Recommended,"TCI Parent-Report (15y+): Q222 answer (T=True; F=False)","T;F;NA",,"","","TCI_ParentReport_15y_and_Up_Q222"
tci_parent_q225,String,2,,Recommended,"TCI Parent-Report (15y+): Q225 answer (T=True; F=False)","T;F;NA",,"","","TCI_ParentReport_15y_and_Up_Q225"
tci_parent_q227,String,2,,Recommended,"TCI Parent-Report (15y+): Q227 answer (T=True; F=False)","T;F;NA",,"","","TCI_ParentReport_15y_and_Up_Q227"
tci_parent_q229,String,2,,Recommended,"TCI Parent-Report (15y+): Q229 answer (T=True; F=False)","T;F;NA",,"","","TCI_ParentReport_15y_and_Up_Q229"
tci_parent_q23,String,2,,Recommended,"TCI Parent-Report (15y+): Q23 answer (T=True; F=False)","T;F;NA",,"","","TCI_ParentReport_15y_and_Up_Q23"
tci_parent_q231,String,2,,Recommended,"TCI Parent-Report (15y+): Q231 answer (T=True; F=False)","T;F;NA",,"","","TCI_ParentReport_15y_and_Up_Q231"
tci_parent_q234,String,2,,Recommended,"TCI Parent-Report (15y+): Q234 answer (T=True; F=False)","T;F;NA",,"","","TCI_ParentReport_15y_and_Up_Q234"
tci_parent_q236,String,2,,Recommended,"TCI Parent-Report (15y+): Q236 answer (T=True; F=False)","T;F;NA",,"","","TCI_ParentReport_15y_and_Up_Q236"
tci_parent_q238,String,2,,Recommended,"TCI Parent-Report (15y+): Q238 answer (T=True; F=False)","T;F;NA",,"","","TCI_ParentReport_15y_and_Up_Q238"
tci_parent_q24,String,2,,Recommended,"TCI Parent-Report (15y+): Q24 answer (T=True; F=False)","T;F;NA",,"","","TCI_ParentReport_15y_and_Up_Q24"
tci_parent_q240,String,2,,Recommended,"TCI Parent-Report (15y+): Q240 answer (T=True; F=False)","T;F;NA",,"","","TCI_ParentReport_15y_and_Up_Q240"
tci_parent_q26,String,2,,Recommended,"TCI Parent-Report (15y+): Q26 answer (T=True; F=False)","T;F;NA",,"","","TCI_ParentReport_15y_and_Up_Q26"
tci_parent_q27,String,2,,Recommended,"TCI Parent-Report (15y+): Q27 answer (T=True; F=False)","T;F;NA",,"","","TCI_ParentReport_15y_and_Up_Q27"
tci_parent_q29,String,2,,Recommended,"TCI Parent-Report (15y+): Q29 answer (T=True; F=False)","T;F;NA",,"","","TCI_ParentReport_15y_and_Up_Q29"
tci_parent_q30,String,2,,Recommended,"TCI Parent-Report (15y+): Q30 answer (T=True; F=False)","T;F;NA",,"","","TCI_ParentReport_15y_and_Up_Q30"
tci_parent_q32,String,2,,Recommended,"TCI Parent-Report (15y+): Q32 answer (T=True; F=False)","T;F;NA",,"","","TCI_ParentReport_15y_and_Up_Q32"
tci_parent_q34,String,2,,Recommended,"TCI Parent-Report (15y+): Q34 answer (T=True; F=False)","T;F;NA",,"","","TCI_ParentReport_15y_and_Up_Q34"
tci_parent_q38,String,2,,Recommended,"TCI Parent-Report (15y+): Q38 answer (T=True; F=False)","T;F;NA",,"","","TCI_ParentReport_15y_and_Up_Q38"
tci_parent_q40,String,2,,Recommended,"TCI Parent-Report (15y+): Q40 answer (T=True; F=False)","T;F;NA",,"","","TCI_ParentReport_15y_and_Up_Q40"
tci_parent_q42,String,2,,Recommended,"TCI Parent-Report (15y+): Q42 answer (T=True; F=False)","T;F;NA",,"","","TCI_ParentReport_15y_and_Up_Q42"
tci_parent_q44,String,2,,Recommended,"TCI Parent-Report (15y+): Q44 answer (T=True; F=False)","T;F;NA",,"","","TCI_ParentReport_15y_and_Up_Q44"
tci_parent_q47,String,2,,Recommended,"TCI Parent-Report (15y+): Q47 answer (T=True; F=False)","T;F;NA",,"","","TCI_ParentReport_15y_and_Up_Q47"
tci_parent_q49,String,2,,Recommended,"TCI Parent-Report (15y+): Q49 answer (T=True; F=False)","T;F;NA",,"","","TCI_ParentReport_15y_and_Up_Q49"
tci_parent_q50,String,2,,Recommended,"TCI Parent-Report (15y+): Q50 answer (T=True; F=False)","T;F;NA",,"","","TCI_ParentReport_15y_and_Up_Q50"
tci_parent_q51,String,2,,Recommended,"TCI Parent-Report (15y+): Q51 answer (T=True; F=False)","T;F;NA",,"","","TCI_ParentReport_15y_and_Up_Q51"
tci_parent_q52,String,2,,Recommended,"TCI Parent-Report (15y+): Q52 answer (T=True; F=False)","T;F;NA",,"","","TCI_ParentReport_15y_and_Up_Q52"
tci_parent_q54,String,2,,Recommended,"TCI Parent-Report (15y+): Q54 answer (T=True; F=False)","T;F;NA",,"","","TCI_ParentReport_15y_and_Up_Q54"
tci_parent_q56,String,2,,Recommended,"TCI Parent-Report (15y+): Q56 answer (T=True; F=False)","T;F;NA",,"","","TCI_ParentReport_15y_and_Up_Q56"
tci_parent_q58,String,2,,Recommended,"TCI Parent-Report (15y+): Q58 answer (T=True; F=False)","T;F;NA",,"","","TCI_ParentReport_15y_and_Up_Q58"
tci_parent_q6,String,2,,Recommended,"TCI Parent-Report (15y+): Q6 answer (T=True; F=False)","T;F;NA",,"","","TCI_ParentReport_15y_and_Up_Q6"
tci_parent_q60,String,2,,Recommended,"TCI Parent-Report (15y+): Q60 answer (T=True; F=False)","T;F;NA",,"","","TCI_ParentReport_15y_and_Up_Q60"
tci_parent_q61,String,2,,Recommended,"TCI Parent-Report (15y+): Q61 answer (T=True; F=False)","T;F;NA",,"","","TCI_ParentReport_15y_and_Up_Q61"
tci_parent_q65,String,2,,Recommended,"TCI Parent-Report (15y+): Q65 answer (T=True; F=False)","T;F;NA",,"","","TCI_ParentReport_15y_and_Up_Q65"
tci_parent_q66,String,2,,Recommended,"TCI Parent-Report (15y+): Q66 answer (T=True; F=False)","T;F;NA",,"","","TCI_ParentReport_15y_and_Up_Q66"
tci_parent_q67,String,2,,Recommended,"TCI Parent-Report (15y+): Q67 answer (T=True; F=False)","T;F;NA",,"","","TCI_ParentReport_15y_and_Up_Q67"
tci_parent_q69,String,2,,Recommended,"TCI Parent-Report (15y+): Q69 answer (T=True; F=False)","T;F;NA",,"","","TCI_ParentReport_15y_and_Up_Q69"
tci_parent_q70,String,2,,Recommended,"TCI Parent-Report (15y+): Q70 answer (T=True; F=False)","T;F;NA",,"","","TCI_ParentReport_15y_and_Up_Q70"
tci_parent_q72,String,2,,Recommended,"TCI Parent-Report (15y+): Q72 answer (T=True; F=False)","T;F;NA",,"","","TCI_ParentReport_15y_and_Up_Q72"
tci_parent_q74,String,2,,Recommended,"TCI Parent-Report (15y+): Q74 answer (T=True; F=False)","T;F;NA",,"","","TCI_ParentReport_15y_and_Up_Q74"
tci_parent_q77,String,2,,Recommended,"TCI Parent-Report (15y+): Q77 answer (T=True; F=False)","T;F;NA",,"","","TCI_ParentReport_15y_and_Up_Q77"
tci_parent_q78,String,2,,Recommended,"TCI Parent-Report (15y+): Q78 answer (T=True; F=False)","T;F;NA",,"","","TCI_ParentReport_15y_and_Up_Q78"
tci_parent_q79,String,2,,Recommended,"TCI Parent-Report (15y+): Q79 answer (T=True; F=False)","T;F;NA",,"","","TCI_ParentReport_15y_and_Up_Q79"
tci_parent_q8,String,2,,Recommended,"TCI Parent-Report (15y+): Q8 answer (T=True; F=False)","T;F;NA",,"","","TCI_ParentReport_15y_and_Up_Q8"
tci_parent_q80,String,2,,Recommended,"TCI Parent-Report (15y+): Q80 answer (T=True; F=False)","T;F;NA",,"","","TCI_ParentReport_15y_and_Up_Q80"
tci_parent_q81,String,2,,Recommended,"TCI Parent-Report (15y+): Q81 answer (T=True; F=False)","T;F;NA",,"","","TCI_ParentReport_15y_and_Up_Q81"
tci_parent_q82,String,2,,Recommended,"TCI Parent-Report (15y+): Q82 answer (T=True; F=False)","T;F;NA",,"","","TCI_ParentReport_15y_and_Up_Q82"
tci_parent_q83,String,2,,Recommended,"TCI Parent-Report (15y+): Q83 answer (T=True; F=False)","T;F;NA",,"","","TCI_ParentReport_15y_and_Up_Q83"
tci_parent_q84,String,2,,Recommended,"TCI Parent-Report (15y+): Q84 answer (T=True; F=False)","T;F;NA",,"","","TCI_ParentReport_15y_and_Up_Q84"
tci_parent_q85,String,2,,Recommended,"TCI Parent-Report (15y+): Q85 answer (T=True; F=False)","T;F;NA",,"","","TCI_ParentReport_15y_and_Up_Q85"
tci_parent_q86,String,2,,Recommended,"TCI Parent-Report (15y+): Q86 answer (T=True; F=False)","T;F;NA",,"","","TCI_ParentReport_15y_and_Up_Q86"
tci_parent_q87,String,2,,Recommended,"TCI Parent-Report (15y+): Q87 answer (T=True; F=False)","T;F;NA",,"","","TCI_ParentReport_15y_and_Up_Q87"
tci_parent_q88,String,2,,Recommended,"TCI Parent-Report (15y+): Q88 answer (T=True; F=False)","T;F;NA",,"","","TCI_ParentReport_15y_and_Up_Q88"
tci_parent_q89,String,2,,Recommended,"TCI Parent-Report (15y+): Q89 answer (T=True; F=False)","T;F;NA",,"","","TCI_ParentReport_15y_and_Up_Q89"
tci_parent_q9,String,2,,Recommended,"TCI Parent-Report (15y+): Q9 answer (T=True; F=False)","T;F;NA",,"","","TCI_ParentReport_15y_and_Up_Q9"
tci_parent_q90,String,2,,Recommended,"TCI Parent-Report (15y+): Q90 answer (T=True; F=False)","T;F;NA",,"","","TCI_ParentReport_15y_and_Up_Q90"
tci_parent_q91,String,2,,Recommended,"TCI Parent-Report (15y+): Q91 answer (T=True; F=False)","T;F;NA",,"","","TCI_ParentReport_15y_and_Up_Q91"
tci_parent_q92,String,2,,Recommended,"TCI Parent-Report (15y+): Q92 answer (T=True; F=False)","T;F;NA",,"","","TCI_ParentReport_15y_and_Up_Q92"
tci_parent_q93,String,2,,Recommended,"TCI Parent-Report (15y+): Q93 answer (T=True; F=False)","T;F;NA",,"","","TCI_ParentReport_15y_and_Up_Q93"
tci_parent_q94,String,2,,Recommended,"TCI Parent-Report (15y+): Q94 answer (T=True; F=False)","T;F;NA",,"","","TCI_ParentReport_15y_and_Up_Q94"
tci_parent_q95,String,2,,Recommended,"TCI Parent-Report (15y+): Q95 answer (T=True; F=False)","T;F;NA",,"","","TCI_ParentReport_15y_and_Up_Q95"
tci_parent_q96,String,2,,Recommended,"TCI Parent-Report (15y+): Q96 answer (T=True; F=False)","T;F;NA",,"","","TCI_ParentReport_15y_and_Up_Q96"
tci_parent_q97,String,2,,Recommended,"TCI Parent-Report (15y+): Q97 answer (T=True; F=False)","T;F;NA",,"","","TCI_ParentReport_15y_and_Up_Q97"
tci_parent_q98,String,2,,Recommended,"TCI Parent-Report (15y+): Q98 answer (T=True; F=False)","T;F;NA",,"","","TCI_ParentReport_15y_and_Up_Q98"
tci_parent_q99,String,2,,Recommended,"TCI Parent-Report (15y+): Q99 answer (T=True; F=False)","T;F;NA",,"","","TCI_ParentReport_15y_and_Up_Q99"
tci_parent_rd1_raw_score,Integer,0,,Recommended,"TCI Parent-Report (15y+): Reward dependence RD1 sum of raw scores","",,"","","TCI_ParentReport_15y_and_Up_RD1_Raw_Score"
tci_parent_rd3_raw_score,Integer,0,,Recommended,"TCI Parent-Report (15y+): Reward dependence RD3 sum of raw scores","",,"","","TCI_ParentReport_15y_and_Up_RD3_Raw_Score"
tci_parent_rd4_raw_score,Integer,0,,Recommended,"TCI Parent-Report (15y+): Reward dependence RD4 sum of raw scores","",,"","","TCI_ParentReport_15y_and_Up_RD4_Raw_Score"
tci_parent_respondent,String,10,,Recommended,"TCI Parent-Report (15y+): Respondent's relationship to the child (mother or father)","Mother;Father;Other",,"","","TCI_ParentReport_15y_and_Up_Respondent"
tci_parent_respondent_other,String,50,,Recommended,"TCI Parent-Report (15y+): Respondent's relationship to the child marked as other than mother or father","",,"","","TCI_ParentReport_15y_and_Up_Respondent_Other"
tci_parent_reward_depen_pct,Float,0,,Recommended,"TCI Parent-Report (15y+): Reward dependence subscale percentile","",,"","","TCI_ParentReport_15y_and_Up_Reward_Dependence_Percentile"
tci_parent_reward_depen_raw_sc,Integer,0,,Recommended,"TCI Parent-Report (15y+): Reward dependence sum of RD1, RD3, RD4","",,"","","TCI_ParentReport_15y_and_Up_Reward_Dependence_Raw_Score"
tci_parent_reward_dependence_t,Float,0,,Recommended,"TCI Parent-Report (15y+): Reward dependence subscale T score","",,"","","TCI_ParentReport_15y_and_Up_Reward_Dependence_T,TCI_ParentReport_15y_and_Up_Reward_Dependence_T"
tci_parent_sd1_raw_score,Integer,0,,Recommended,"TCI Parent-Report (15y+): Self directedness SD1 sum of raw scores","",,"","","TCI_ParentReport_15y_and_Up_SD1_Raw_Score"
tci_parent_sd2_raw_score,Integer,0,,Recommended,"TCI Parent-Report (15y+): Self directedness SD2 sum of raw scores","",,"","","TCI_ParentReport_15y_and_Up_SD2_Raw_Score"
tci_parent_sd3_raw_score,Integer,0,,Recommended,"TCI Parent-Report (15y+): Self directedness SD3 sum of raw scores","",,"","","TCI_ParentReport_15y_and_Up_SD3_Raw_Score"
tci_parent_sd4_raw_score,Integer,0,,Recommended,"TCI Parent-Report (15y+): Self directedness SD4 sum of raw scores","",,"","","TCI_ParentReport_15y_and_Up_SD4_Raw_Score"
tci_parent_self_direct_raw_sc,Integer,0,,Recommended,"TCI Parent-Report (15y+): Self directedness subscale sum of SD1, SD2, SD3, SD4, SD5","",,"","","TCI_ParentReport_15y_and_Up_Self_Directedness_Raw_Score"
tci_parent_self_directedness_t,Float,0,,Recommended,"TCI Parent-Report (15y+): Self directedness subscale T score","",,"","","TCI_ParentReport_15y_and_Up_Self_Directedness_T,TCI_ParentReport_15y_and_Up_Self_Directedness_T"
tci_parent_self_transc_pct,Float,0,,Recommended,"TCI Parent-Report (15y+): Self transcendence subscale percentile","",,"","","TCI_ParentReport_15y_and_Up_Self_Transcendence_Percentile"
tci_parent_self_transc_raw_sc,Integer,0,,Recommended,"TCI Parent-Report (15y+): Self transcendence subscale sum of ST1, ST2, ST3","",,"","","TCI_ParentReport_15y_and_Up_Self_Transcendence_Raw_Score"
tci_parent_self_transc_t,Float,0,,Recommended,"TCI Parent-Report (15y+): Self transcendence subscale T score","",,"","","TCI_ParentReport_15y_and_Up_Self_Transcendence_T,TCI_ParentReport_15y_and_Up_Self_Transcendence_T"
tci_parent_st1_raw_score,Integer,0,,Recommended,"TCI Parent-Report (15y+): Self transcendence ST1 sum of raw scores","",,"","","TCI_ParentReport_15y_and_Up_ST1_Raw_Score"
tci_parent_st2_raw_score,Integer,0,,Recommended,"TCI Parent-Report (15y+): Self transcendence ST2 sum of raw scores","",,"","","TCI_ParentReport_15y_and_Up_ST2_Raw_Score"
tci_parent_st3_raw_score,Integer,0,,Recommended,"TCI Parent-Report (15y+): Self transcendence ST3 sum of raw scores","",,"","","TCI_ParentReport_15y_and_Up_ST3_Raw_Score"
tci_parent_c1_raw_score,Integer,0,,Recommended,"TCI Parent-Report (15y+): Cooperativeness C1 sum of raw scores","",,"","","TCI_ParentReport_15y_and_Up_C1_Raw_Score"
tci_parent_c2_raw_score,Integer,0,,Recommended,"TCI Parent-Report (15y+): Cooperativeness C2 sum of raw scores","",,"","","TCI_ParentReport_15y_and_Up_C2_Raw_Score"
tci_parent_c3_raw_score,Integer,0,,Recommended,"TCI Parent-Report (15y+): Cooperativeness C3 sum of raw scores","",,"","","TCI_ParentReport_15y_and_Up_C3_Raw_Score"
tci_parent_c4_raw_score,Integer,0,,Recommended,"TCI Parent-Report (15y+): Cooperativeness C4 sum of raw scores","",,"","","TCI_ParentReport_15y_and_Up_C4_Raw_Score"
tci_parent_c5_raw_score,Integer,0,,Recommended,"TCI Parent-Report (15y+): Cooperativeness C5 sum of raw scores","",,"","","TCI_ParentReport_15y_and_Up_C5_Raw_Score"
tci_parent_cooperativeness_pct,Float,0,,Recommended,"TCI Parent-Report (15y+): Total Cooperativeness subscale percentile","",,"","","TCI_ParentReport_15y_and_Up_Cooperativeness_Percentile"
tci_parent_cooperative_raw_sc,Integer,0,,Recommended,"TCI Parent-Report (15y+): Total Cooperativeness subscale sum of C1, C2, C3, C4, C5","",,"","","TCI_ParentReport_15y_and_Up_Cooperativeness_Raw_Score"
tci_parent_cooperativeness_t,Float,0,,Recommended,"TCI Parent-Report (15y+): Total cooperativeness subscale T score","",,"","","TCI_ParentReport_15y_and_Up_Cooperativeness_T,TCI_ParentReport_15y_and_Up_Cooperativeness_T"
tci_parent_ha1_raw_score,Integer,0,,Recommended,"TCI Parent-Report (15y+): Harm avoidance HA1 sum of raw scores","",,"","","TCI_ParentReport_15y_and_Up_HA1_Raw_Score"
tci_parent_ha2_raw_score,Integer,0,,Recommended,"TCI Parent-Report (15y+): Harm avoidance HA2 sum of raw scores","",,"","","TCI_ParentReport_15y_and_Up_HA2_Raw_Score"
tci_parent_ha3_raw_score,Integer,0,,Recommended,"TCI Parent-Report (15y+): Harm avoidance HA3 sum of raw scores","",,"","","TCI_ParentReport_15y_and_Up_HA3_Raw_Score"
tci_parent_ha4_raw_score,Integer,0,,Recommended,"TCI Parent-Report (15y+): Harm avoidance HA4 sum of raw scores","",,"","","TCI_ParentReport_15y_and_Up_HA4_Raw_Score"
tci_parent_harm_avoidance_pct,Float,0,,Recommended,"TCI Parent-Report (15y+): Harm avoidance subscale percentile","",,"","","TCI_ParentReport_15y_and_Up_Harm_Avoidance_Percentile"
tci_parent_harm_avoidance_t,Float,0,,Recommended,"TCI Parent-Report (15y+): Harm avoidance subscale T score","",,"","","TCI_ParentReport_15y_and_Up_Harm_Avoidance_T,TCI_ParentReport_15y_and_Up_Harm_Avoidance_T"
tci_parent_ha_raw_score,Integer,0,,Recommended,"TCI Parent-Report (15y+): Harm avoidance subscale sum of HA1, HA2, HA3, HA4","",,"","","TCI_ParentReport_15y_and_Up_HA_Raw_Score"
tci_parent_novelty_seeking_pct,Float,0,,Recommended,"TCI Parent-Report (15y+): Novelty seeking subscale percentile","",,"","","TCI_ParentReport_15y_and_Up_Novelty_Seeking_Percentile"
tci_parent_novelty_seek_raw_sc,Integer,0,,Recommended,"TCI Parent-Report (15y+): Novelty seeking subscale sum of NS1, NS2, NS3, NS4","",,"","","TCI_ParentReport_15y_and_Up_Novelty_Seeking_Raw_Score"
tci_parent_novelty_seeking_t,Float,0,,Recommended,"TCI Parent-Report (15y+): Novelty seeking subscale T score","",,"","","TCI_ParentReport_15y_and_Up_Novelty_Seeking_T,TCI_ParentReport_15y_and_Up_Novelty_Seeking_T"
tci_parent_ns1_raw_score,Integer,0,,Recommended,"TCI Parent-Report (15y+): Novelty seeking NS1 sum of raw scores","",,"","","TCI_ParentReport_15y_and_Up_NS1_Raw_Score"
tci_parent_ns2_raw_score,Integer,0,,Recommended,"TCI Parent-Report (15y+): Novelty seeking NS2 sum of raw scores","",,"","","TCI_ParentReport_15y_and_Up_NS2_Raw_Score"
tci_parent_ns3_raw_score,Integer,0,,Recommended,"TCI Parent-Report (15y+): Novelty seeking NS3 sum of raw scores","",,"","","TCI_ParentReport_15y_and_Up_NS3_Raw_Score"
tci_parent_ns4_raw_score,Integer,0,,Recommended,"TCI Parent-Report (15y+): Novelty seeking NS4 sum of raw scores","",,"","","TCI_ParentReport_15y_and_Up_NS4_Raw_Score"
tci_parent_persistence_pct,Float,0,,Recommended,"TCI Parent-Report (15y+): Persistence subscale percentile","",,"","","TCI_ParentReport_15y_and_Up_Persistence_Percentile"
tci_parent_persistence_raw_sc,Integer,0,,Recommended,"TCI Parent-Report (15y+): Persistence subscale sum of raw scores","",,"","","TCI_ParentReport_15y_and_Up_Persistence_Raw_Score"
tci_parent_persistence_t,Float,0,,Recommended,"TCI Parent-Report (15y+): Persistence subscale T score","",,"","","TCI_ParentReport_15y_and_Up_Persistence_T,TCI_ParentReport_15y_and_Up_Persistence_T"
tci_parent_q1,String,2,,Recommended,"TCI Parent-Report (15y+): Q1 answer (T=True; F=False)","T;F;NA",,"","","TCI_ParentReport_15y_and_Up_Q1"
tci_parent_q10,String,2,,Recommended,"TCI Parent-Report (15y+): Q10 answer (T=True; F=False)","T;F;NA",,"","","TCI_ParentReport_15y_and_Up_Q10"
tci_parent_q100,String,2,,Recommended,"TCI Parent-Report (15y+): Q100 answer (T=True; F=False)","T;F;NA",,"","","TCI_ParentReport_15y_and_Up_Q100"
tci_parent_q101,String,2,,Recommended,"TCI Parent-Report (15y+): Q101 answer (T=True; F=False)","T;F;NA",,"","","TCI_ParentReport_15y_and_Up_Q101"
tci_parent_q102,String,2,,Recommended,"TCI Parent-Report (15y+): Q102 answer (T=True; F=False)","T;F;NA",,"","","TCI_ParentReport_15y_and_Up_Q102"
tci_parent_q103,String,2,,Recommended,"TCI Parent-Report (15y+): Q103 answer (T=True; F=False)","T;F;NA",,"","","TCI_ParentReport_15y_and_Up_Q103"
tci_parent_q104,String,2,,Recommended,"TCI Parent-Report (15y+): Q104 answer (T=True; F=False)","T;F;NA",,"","","TCI_ParentReport_15y_and_Up_Q104"
tci_parent_q105,String,2,,Recommended,"TCI Parent-Report (15y+): Q105 answer (T=True; F=False)","T;F;NA",,"","","TCI_ParentReport_15y_and_Up_Q105"
tci_parent_q106,String,2,,Recommended,"TCI Parent-Report (15y+): Q106 answer (T=True; F=False)","T;F;NA",,"","","TCI_ParentReport_15y_and_Up_Q106"
tci_parent_q107,String,2,,Recommended,"TCI Parent-Report (15y+): Q107 answer (T=True; F=False)","T;F;NA",,"","","TCI_ParentReport_15y_and_Up_Q107"
tci_parent_q108,String,2,,Recommended,"TCI Parent-Report (15y+): Q108 answer (T=True; F=False)","T;F;NA",,"","","TCI_ParentReport_15y_and_Up_Q108"
tci_parent_q110,String,2,,Recommended,"TCI Parent-Report (15y+): Q110 answer (T=True; F=False)","T;F;NA",,"","","TCI_ParentReport_15y_and_Up_Q110"
tci_parent_q112,String,2,,Recommended,"TCI Parent-Report (15y+): Q112 answer (T=True; F=False)","T;F;NA",,"","","TCI_ParentReport_15y_and_Up_Q112"
tci_parent_q164,String,2,,Recommended,"TCI Parent-Report (15y+): Q164 answer (T=True; F=False)","T;F;NA",,"","","TCI_ParentReport_15y_and_Up_Q164"
tci_parent_q166,String,2,,Recommended,"TCI Parent-Report (15y+): Q166 answer (T=True; F=False)","T;F;NA",,"","","TCI_ParentReport_15y_and_Up_Q166"
tci_parent_q167,String,2,,Recommended,"TCI Parent-Report (15y+): Q167 answer (T=True; F=False)","T;F;NA",,"","","TCI_ParentReport_15y_and_Up_Q167"
tci_parent_q169,String,2,,Recommended,"TCI Parent-Report (15y+): Q169 answer (T=True; F=False)","T;F;NA",,"","","TCI_ParentReport_15y_and_Up_Q169"
tci_parent_q172,String,2,,Recommended,"TCI Parent-Report (15y+): Q172 answer (T=True; F=False)","T;F;NA",,"","","TCI_ParentReport_15y_and_Up_Q172"
tci_parent_q173,String,2,,Recommended,"TCI Parent-Report (15y+): Q173 answer (T=True; F=False)","T;F;NA",,"","","TCI_ParentReport_15y_and_Up_Q173"
tci_parent_q174,String,2,,Recommended,"TCI Parent-Report (15y+): Q174 answer (T=True; F=False)","T;F;NA",,"","","TCI_ParentReport_15y_and_Up_Q174"
tci_parent_q176,String,2,,Recommended,"TCI Parent-Report (15y+): Q176 answer (T=True; F=False)","T;F;NA",,"","","TCI_ParentReport_15y_and_Up_Q176"
tci_parent_q178,String,2,,Recommended,"TCI Parent-Report (15y+): Q178 answer (T=True; F=False)","T;F;NA",,"","","TCI_ParentReport_15y_and_Up_Q178"
tci_parent_q180,String,2,,Recommended,"TCI Parent-Report (15y+): Q180 answer (T=True; F=False)","T;F;NA",,"","","TCI_ParentReport_15y_and_Up_Q180"
tci_parent_q181,String,2,,Recommended,"TCI Parent-Report (15y+): Q181 answer (T=True; F=False)","T;F;NA",,"","","TCI_ParentReport_15y_and_Up_Q181"
tci_parent_q183,String,2,,Recommended,"TCI Parent-Report (15y+): Q183 answer (T=True; F=False)","T;F;NA",,"","","TCI_ParentReport_15y_and_Up_Q183"
tci_parent_q185,String,2,,Recommended,"TCI Parent-Report (15y+): Q185 answer (T=True; F=False)","T;F;NA",,"","","TCI_ParentReport_15y_and_Up_Q185"
tci_parent_q188,String,2,,Recommended,"TCI Parent-Report (15y+): Q188 answer (T=True; F=False)","T;F;NA",,"","","TCI_ParentReport_15y_and_Up_Q188"
tci_parent_q19,String,2,,Recommended,"TCI Parent-Report (15y+): Q19 answer (T=True; F=False)","T;F;NA",,"","","TCI_ParentReport_15y_and_Up_Q19"
tci_parent_q191,String,2,,Recommended,"TCI Parent-Report (15y+): Q191 answer (T=True; F=False)","T;F;NA",,"","","TCI_ParentReport_15y_and_Up_Q191"
tci_parent_q193,String,2,,Recommended,"TCI Parent-Report (15y+): Q193 answer (T=True; F=False)","T;F;NA",,"","","TCI_ParentReport_15y_and_Up_Q193"
tci_parent_q196,String,2,,Recommended,"TCI Parent-Report (15y+): Q196 answer (T=True; F=False)","T;F;NA",,"","","TCI_ParentReport_15y_and_Up_Q196"
tci_parent_q198,String,2,,Recommended,"TCI Parent-Report (15y+): Q198 answer (T=True; F=False)","T;F;NA",,"","","TCI_ParentReport_15y_and_Up_Q198"
tci_parent_q202,String,2,,Recommended,"TCI Parent-Report (15y+): Q202 answer (T=True; F=False)","T;F;NA",,"","","TCI_ParentReport_15y_and_Up_Q202"
tci_parent_q205,String,2,,Recommended,"TCI Parent-Report (15y+): Q205 answer (T=True; F=False)","T;F;NA",,"","","TCI_ParentReport_15y_and_Up_Q205"
tci_parent_q207,String,2,,Recommended,"TCI Parent-Report (15y+): Q207 answer (T=True; F=False)","T;F;NA",,"","","TCI_ParentReport_15y_and_Up_Q207"
tci_parent_q209,String,2,,Recommended,"TCI Parent-Report (15y+): Q209 answer (T=True; F=False)","T;F;NA",,"","","TCI_ParentReport_15y_and_Up_Q209"
tci_parent_q21,String,2,,Recommended,"TCI Parent-Report (15y+): Q21 answer (T=True; F=False)","T;F;NA",,"","","TCI_ParentReport_15y_and_Up_Q21"
tci_parent_q211,String,2,,Recommended,"TCI Parent-Report (15y+): Q211 answer (T=True; F=False)","T;F;NA",,"","","TCI_ParentReport_15y_and_Up_Q211"
tci_parent_q213,String,2,,Recommended,"TCI Parent-Report (15y+): Q213 answer (T=True; F=False)","T;F;NA",,"","","TCI_ParentReport_15y_and_Up_Q213"
tci_parent_q215,String,2,,Recommended,"TCI Parent-Report (15y+): Q215 answer (T=True; F=False)","T;F;NA",,"","","TCI_ParentReport_15y_and_Up_Q215"
tci_parent_q217,String,2,,Recommended,"TCI Parent-Report (15y+): Q217 answer (T=True; F=False)","T;F;NA",,"","","TCI_ParentReport_15y_and_Up_Q217"
tci_parent_q219,String,2,,Recommended,"TCI Parent-Report (15y+): Q219 answer (T=True; F=False)","T;F;NA",,"","","TCI_ParentReport_15y_and_Up_Q219"
tci_parent_q22,String,2,,Recommended,"TCI Parent-Report (15y+): Q22 answer (T=True; F=False)","T;F;NA",,"","","TCI_ParentReport_15y_and_Up_Q22"
tci_parent_q221,String,2,,Recommended,"TCI Parent-Report (15y+): Q221 answer (T=True; F=False)","T;F;NA",,"","","TCI_ParentReport_15y_and_Up_Q221"
tci_parent_q223,String,2,,Recommended,"TCI Parent-Report (15y+): Q223 answer (T=True; F=False)","T;F;NA",,"","","TCI_ParentReport_15y_and_Up_Q223"
tci_parent_q224,String,2,,Recommended,"TCI Parent-Report (15y+): Q224 answer (T=True; F=False)","T;F;NA",,"","","TCI_ParentReport_15y_and_Up_Q224"
tci_parent_q226,String,2,,Recommended,"TCI Parent-Report (15y+): Q226 answer (T=True; F=False)","T;F;NA",,"","","TCI_ParentReport_15y_and_Up_Q226"
tci_parent_q228,String,2,,Recommended,"TCI Parent-Report (15y+): Q228 answer (T=True; F=False)","T;F;NA",,"","","TCI_ParentReport_15y_and_Up_Q228"
tci_parent_q230,String,2,,Recommended,"TCI Parent-Report (15y+): Q230 answer (T=True; F=False)","T;F;NA",,"","","TCI_ParentReport_15y_and_Up_Q230"
tci_parent_q232,String,2,,Recommended,"TCI Parent-Report (15y+): Q232 answer (T=True; F=False)","T;F;NA",,"","","TCI_ParentReport_15y_and_Up_Q232"
tci_parent_q233,String,2,,Recommended,"TCI Parent-Report (15y+): Q233 answer (T=True; F=False)","T;F;NA",,"","","TCI_ParentReport_15y_and_Up_Q233"
tci_parent_q235,String,2,,Recommended,"TCI Parent-Report (15y+): Q235 answer (T=True; F=False)","T;F;NA",,"","","TCI_ParentReport_15y_and_Up_Q235"
tci_parent_q237,String,2,,Recommended,"TCI Parent-Report (15y+): Q237 answer (T=True; F=False)","T;F;NA",,"","","TCI_ParentReport_15y_and_Up_Q237"
tci_parent_q239,String,2,,Recommended,"TCI Parent-Report (15y+): Q239 answer (T=True; F=False)","T;F;NA",,"","","TCI_ParentReport_15y_and_Up_Q239"
tci_parent_q25,String,2,,Recommended,"TCI Parent-Report (15y+): Q25 answer (T=True; F=False)","T;F;NA",,"","","TCI_ParentReport_15y_and_Up_Q25"
tci_parent_q28,String,2,,Recommended,"TCI Parent-Report (15y+): Q28 answer (T=True; F=False)","T;F;NA",,"","","TCI_ParentReport_15y_and_Up_Q28"
tci_parent_q3,String,2,,Recommended,"TCI Parent-Report (15y+): Q3 answer (T=True; F=False)","T;F;NA",,"","","TCI_ParentReport_15y_and_Up_Q3"
tci_parent_q31,String,2,,Recommended,"TCI Parent-Report (15y+): Q31 answer (T=True; F=False)","T;F;NA",,"","","TCI_ParentReport_15y_and_Up_Q31"
tci_parent_q33,String,2,,Recommended,"TCI Parent-Report (15y+): Q33 answer (T=True; F=False)","T;F;NA",,"","","TCI_ParentReport_15y_and_Up_Q33"
tci_parent_q35,String,2,,Recommended,"TCI Parent-Report (15y+): Q35 answer (T=True; F=False)","T;F;NA",,"","","TCI_ParentReport_15y_and_Up_Q35"
tci_parent_q36,String,2,,Recommended,"TCI Parent-Report (15y+): Q36 answer (T=True; F=False)","T;F;NA",,"","","TCI_ParentReport_15y_and_Up_Q36"
tci_parent_q37,String,2,,Recommended,"TCI Parent-Report (15y+): Q37 answer (T=True; F=False)","T;F;NA",,"","","TCI_ParentReport_15y_and_Up_Q37"
tci_parent_q39,String,2,,Recommended,"TCI Parent-Report (15y+): Q39 answer (T=True; F=False)","T;F;NA",,"","","TCI_ParentReport_15y_and_Up_Q39"
tci_parent_q4,String,2,,Recommended,"TCI Parent-Report (15y+): Q4 answer (T=True; F=False)","T;F;NA",,"","","TCI_ParentReport_15y_and_Up_Q4"
tci_parent_q41,String,2,,Recommended,"TCI Parent-Report (15y+): Q41 answer (T=True; F=False)","T;F;NA",,"","","TCI_ParentReport_15y_and_Up_Q41"
tci_parent_q43,String,2,,Recommended,"TCI Parent-Report (15y+): Q43 answer (T=True; F=False)","T;F;NA",,"","","TCI_ParentReport_15y_and_Up_Q43"
tci_parent_q45,String,2,,Recommended,"TCI Parent-Report (15y+): Q45 answer (T=True; F=False)","T;F;NA",,"","","TCI_ParentReport_15y_and_Up_Q45"
tci_parent_q46,String,2,,Recommended,"TCI Parent-Report (15y+): Q46 answer (T=True; F=False)","T;F;NA",,"","","TCI_ParentReport_15y_and_Up_Q46"
tci_parent_q48,String,2,,Recommended,"TCI Parent-Report (15y+): Q48 answer (T=True; F=False)","T;F;NA",,"","","TCI_ParentReport_15y_and_Up_Q48"
tci_parent_q5,String,2,,Recommended,"TCI Parent-Report (15y+): Q5 answer (T=True; F=False)","T;F;NA",,"","","TCI_ParentReport_15y_and_Up_Q5"
tci_parent_q53,String,2,,Recommended,"TCI Parent-Report (15y+): Q53 answer (T=True; F=False)","T;F;NA",,"","","TCI_ParentReport_15y_and_Up_Q53"
tci_parent_q55,String,2,,Recommended,"TCI Parent-Report (15y+): Q55 answer (T=True; F=False)","T;F;NA",,"","","TCI_ParentReport_15y_and_Up_Q55"
tci_parent_q57,String,2,,Recommended,"TCI Parent-Report (15y+): Q57 answer (T=True; F=False)","T;F;NA",,"","","TCI_ParentReport_15y_and_Up_Q57"
tci_parent_q59,String,2,,Recommended,"TCI Parent-Report (15y+): Q59 answer (T=True; F=False)","T;F;NA",,"","","TCI_ParentReport_15y_and_Up_Q59"
tci_parent_q62,String,2,,Recommended,"TCI Parent-Report (15y+): Q62 answer (T=True; F=False)","T;F;NA",,"","","TCI_ParentReport_15y_and_Up_Q62"
tci_parent_q63,String,2,,Recommended,"TCI Parent-Report (15y+): Q63 answer (T=True; F=False)","T;F;NA",,"","","TCI_ParentReport_15y_and_Up_Q63"
tci_parent_q64,String,2,,Recommended,"TCI Parent-Report (15y+): Q64 answer (T=True; F=False)","T;F;NA",,"","","TCI_ParentReport_15y_and_Up_Q64"
tci_parent_q68,String,2,,Recommended,"TCI Parent-Report (15y+): Q68 answer (T=True; F=False)","T;F;NA",,"","","TCI_ParentReport_15y_and_Up_Q68"
tci_parent_q7,String,2,,Recommended,"TCI Parent-Report (15y+): Q7 answer (T=True; F=False)","T;F;NA",,"","","TCI_ParentReport_15y_and_Up_Q7"
tci_parent_q71,String,2,,Recommended,"TCI Parent-Report (15y+): Q71 answer (T=True; F=False)","T;F;NA",,"","","TCI_ParentReport_15y_and_Up_Q71"
tci_parent_q73,String,2,,Recommended,"TCI Parent-Report (15y+): Q73 answer (T=True; F=False)","T;F;NA",,"","","TCI_ParentReport_15y_and_Up_Q73"
tci_parent_q75,String,2,,Recommended,"TCI Parent-Report (15y+): Q75 answer (T=True; F=False)","T;F;NA",,"","","TCI_ParentReport_15y_and_Up_Q75"
tci_parent_q76,String,2,,Recommended,"TCI Parent-Report (15y+): Q76 answer (T=True; F=False)","T;F;NA",,"","","TCI_ParentReport_15y_and_Up_Q76"
tci_parent_sd5_raw_score,Integer,0,,Recommended,"TCI Parent-Report (15y+): Self directedness SD5 sum of raw scores","",,"","","TCI_ParentReport_15y_and_Up_SD5_Raw_Score"
tci_parent_self_direct_pct,Float,0,,Recommended,"TCI Parent-Report (15y+): Self directedness subscale percentile","",,"","","TCI_ParentReport_15y_and_Up_Self_Directedness_Percentile"
