ElementName,DataType,Size,Unit,Required,ElementDescription,ValueRange,Keywords,Notes,Section,Aliases
briefscreen_child_number_coi,String,10,,Recommended,"Brief Telephone Screener: Number assigned to the child of interest","",,"","","BriefScreen_Child_Number_of_Child_of_Interest"
briefscreen_children_in_house,String,2,,Recommended,"Brief Telephone Screener: Are there any children age 4 years 6 months to 18 years old in the household","Y;N;NA",,"","","BriefScreen_Children_4y_6m_to_18y_in_Household"
admin_status,String,20,,Recommended,"Instrument administration status","Complete;Partial;Not Administered;Not Applicable",,"","","BriefScreen_Administration_Status"
timepoint_label,String,5,,Recommended,"User-defined timepoint/visit label - a label selected by the site at the time of registration of a new timepoint into the database.  This label is used to group all the instruments administered to a subject at a given timepoint.","",,"","","Timepoint_Label"
src_subject_id,String,20,,Recommended,"The site's subject identification","",,"","","Subject_ID"
briefscreen_no_children_local,Integer,0,,Recommended,"Brief Telephone Screener: Number of children age 4 years 6 months to 18 years old who live locally","",,"","","BriefScreen_Number_of_Children_Age_of_Interest_Local"
age_days_dot_to_dob,Integer,0,,Recommended,"Age in days obtained by subtracting the date of birth from the date of test","",,"","","BriefScreen_Age_Days_DOT_to_DOB"
briefscreen_respondent_age_yrs,Integer,0,,Recommended,"Brief Telephone Screener: age of Respondent in years","",,"","","BriefScreen_Respondent_Age_Years"
briefscreen_no_children_resp,Integer,0,,Recommended,"Brief Telephone Screener: Number of children of respondent","",,"","","BriefScreen_Number_of_Children_of_Respondent"
subjectkey,GUID,0,,Optional,"The NDAR Global Unique Identifier (GUID) for subjects which identifies a subject in NDAR","NDAR*",,"","",""
