ElementName,DataType,Size,Unit,Required,ElementDescription,ValueRange,Keywords,Notes,Section,Aliases
timepoint_label,String,5,,Recommended,"User-defined timepoint/visit label - a label selected by the site at the time of registration of a new timepoint into the database.  This label is used to group all the instruments administered to a subject at a given timepoint.","",,"","","Timepoint_Label"
admin_status,String,20,,Recommended,"Instrument administration status","Complete;Partial;Not Administered;Not Applicable",,"","","BSID_II_Behavior_Rating_Scale_Administration_Status"
bsid_ii_brs_age_group,String,20,,Recommended,"Bayley Scales of Infant Development II Behavior Rating Scale: Age Group (1-5 Months, 6-12 Months, 13-43 Months)","1-5 Months;6-12 Months;13-42 Months",,"","","BSID_II_Behavior_Rating_Scale_Age_Group"
bsid_ii_brs_att_arousal_raw,Integer,0,,Recommended,"Bayley Scales of Infant Development II Behavior Rating Scale: Attention/Arousal Raw Score","",,"","","BSID_II_Behavior_Rating_Scale_Attention_Arousal_Raw_Score"
bsid_ii_brs_emotional_reg_perc,Integer,0,,Recommended,"Bayley Scales of Infant Development II Behavior Rating Scale: Emotional Regulation Percentile Score","",,"","","BSID_II_Behavior_Rating_Scale_Emotional_Regulation_Perc_Score"
bsid_ii_brs_item_1,String,2,,Recommended,"Bayley Scales of Infant Development II Behavior Rating Scale: Item 1 Score (1, 2, 3, 4, 5, NA=Not Available)","1;2;3;4;5;NA",,"","","BSID_II_Behavior_Rating_Scale_Item_1"
bsid_ii_brs_item_10,String,2,,Recommended,"Bayley Scales of Infant Development II Behavior Rating Scale: Item 10 Score (1, 2, 3, 4, 5, NA=Not Available)","1;2;3;4;5;NA",,"","","BSID_II_Behavior_Rating_Scale_Item_10"
bsid_ii_brs_item_12,String,2,,Recommended,"Bayley Scales of Infant Development II Behavior Rating Scale: Item 12 Score (1, 2, 3, 4, 5, NA=Not Available)","1;2;3;4;5;NA",,"","","BSID_II_Behavior_Rating_Scale_Item_12"
bsid_ii_brs_item_14,String,2,,Recommended,"Bayley Scales of Infant Development II Behavior Rating Scale: Item 14 Score (1, 2, 3, 4, 5, NA=Not Available)","1;2;3;4;5;NA",,"","","BSID_II_Behavior_Rating_Scale_Item_14"
bsid_ii_brs_item_15,String,2,,Recommended,"Bayley Scales of Infant Development II Behavior Rating Scale: Item 15 Score (1, 2, 3, 4, 5, NA=Not Available)","1;2;3;4;5;NA",,"","","BSID_II_Behavior_Rating_Scale_Item_15"
bsid_ii_brs_item_16,String,2,,Recommended,"Bayley Scales of Infant Development II Behavior Rating Scale: Item 16 Score (1, 2, 3, 4, 5, NA=Not Available)","1;2;3;4;5;NA",,"","","BSID_II_Behavior_Rating_Scale_Item_16"
bsid_ii_brs_item_17,String,2,,Recommended,"Bayley Scales of Infant Development II Behavior Rating Scale: Item 17 Score (1, 2, 3, 4, 5, NA=Not Available)","1;2;3;4;5;NA",,"","","BSID_II_Behavior_Rating_Scale_Item_17"
bsid_ii_brs_item_18,String,2,,Recommended,"Bayley Scales of Infant Development II Behavior Rating Scale: Item 18 Score (1, 2, 3, 4, 5, NA=Not Available)","1;2;3;4;5;NA",,"","","BSID_II_Behavior_Rating_Scale_Item_18"
bsid_ii_brs_item_5,String,2,,Recommended,"Bayley Scales of Infant Development II Behavior Rating Scale: Item 5 Score (1, 2, 3, 4, 5, NA=Not Available)","1;2;3;4;5;NA",,"","","BSID_II_Behavior_Rating_Scale_Item_5"
bsid_ii_brs_orient_engage_perc,Integer,0,,Recommended,"Bayley Scales of Infant Development II Behavior Rating Scale: Orientation/Engagement Percentile Score","",,"","","BSID_II_Behavior_Rating_Scale_Orientation_Engagement_Perc_Score"
bsid_ii_brs_orient_engage_raw,Integer,0,,Recommended,"Bayley Scales of Infant Development II Behavior Rating Scale: Orientation/Engagement Raw Score","",,"","","BSID_II_Behavior_Rating_Scale_Orientation_Engagement_Raw_Score"
bsid_ii_brs_orient_engage_cl,String,5,,Recommended,"Bayley Scales of Infant Development II Behavior Rating Scale: Orientation/Engagement Classification (NO=Non-Optimal, Q=Questionable, WNL = Within Normal Limits)","NO;Q;WNL",,"","","BSID_II_Behavior_Rating_Scale_Orientation_Engagement__Class"
bsid_ii_brs_total_score,Integer,0,,Recommended,"Bayley Scales of Infant Development II Behavior Rating Scale: Total Score Raw Score","",,"","","BSID_II_Behavior_Rating_Scale_Total_Score"
bsid_ii_brs_total_score_class,String,5,,Recommended,"Bayley Scales of Infant Development II Behavior Rating Scale: Total  Score Classification (NO=Non-Optimal, Q=Questionable, WNL = Within Normal Limits)","NO;Q;WNL",,"","","BSID_II_Behavior_Rating_Scale_Total_Score_Class"
bsid_ii_brs_tot_score_perc_sc,Integer,0,,Recommended,"Bayley Scales of Infant Development II Behavior Rating Scale: Total  Score Percentile Score","",,"","","BSID_II_Behavior_Rating_Scale_Total_Score_Perc_Score"
subjectkey,GUID,0,,Optional,"The NDAR Global Unique Identifier (GUID) for subjects which identifies a subject in NDAR","NDAR*",,"","",""
src_subject_id,String,20,,Recommended,"The site's subject identification","",,"","","Subject_ID"
bsid_ii_brs_add_items_raw,Integer,0,,Recommended,"Bayley Scales of Infant Development II Behavior Rating Scale: Additional Items Raw Score","",,"","","BSID_II_Behavior_Rating_Scale_Additional_Items_Raw_Score"
age_in_days_dot_to_edc,Integer,0,,Recommended,"Age in days obtained by subtracting the Expected Date of Confinement (EDC/Due Date) from the date of test","",,"","","BSID_II_Behavior_Rating_Scale_Age_in_Days_DOT_to_EDC"
bsid_ii_brs_att_arousal_class,String,5,,Recommended,"Bayley Scales of Infant Development II Behavior Rating Scale: Attention/Arousal Classification (NO=Non-Optimal, Q=Questionable, WNL = Within Normal Limits)","NO;Q;WNL",,"","","BSID_II_Behavior_Rating_Scale_Attention_Arousal_Class"
bsid_ii_brs_att_arousal_perc,Integer,0,,Recommended,"Bayley Scales of Infant Development II Behavior Rating Scale: Attention/Arousal Percentile Score","",,"","","BSID_II_Behavior_Rating_Scale_Attention_Arousal_Perc_Score"
bsid_ii_brs_emotional_reg_cl,String,5,,Recommended,"Bayley Scales of Infant Development II Behavior Rating Scale: Emotional Regulation Classification (NO=Non-Optimal, Q=Questionable, WNL = Within Normal Limits)","NO;Q;WNL",,"","","BSID_II_Behavior_Rating_Scale_Emotional_Regulation_Class"
bsid_ii_brs_emotional_reg_raw,Integer,0,,Recommended,"Bayley Scales of Infant Development II Behavior Rating Scale: Emotional Regulation Raw Score","",,"","","BSID_II_Behavior_Rating_Scale_Emotional_Regulation_Raw_Score"
bsid_ii_brs_item_11,String,2,,Recommended,"Bayley Scales of Infant Development II Behavior Rating Scale: Item 11 Score (1, 2, 3, 4, 5, NA=Not Available)","1;2;3;4;5;NA",,"","","BSID_II_Behavior_Rating_Scale_Item_11"
bsid_ii_brs_item_13,String,2,,Recommended,"Bayley Scales of Infant Development II Behavior Rating Scale: Item 13 Score (1, 2, 3, 4, 5, NA=Not Available)","1;2;3;4;5;NA",,"","","BSID_II_Behavior_Rating_Scale_Item_13"
bsid_ii_brs_item_19,String,2,,Recommended,"Bayley Scales of Infant Development II Behavior Rating Scale: Item 19 Score (1, 2, 3, 4, 5, NA=Not Available)","1;2;3;4;5;NA",,"","","BSID_II_Behavior_Rating_Scale_Item_19"
bsid_ii_brs_item_2,String,2,,Recommended,"Bayley Scales of Infant Development II Behavior Rating Scale: Item 2 Score (1, 2, 3, 4, 5, NA=Not Available)","1;2;3;4;5;NA",,"","","BSID_II_Behavior_Rating_Scale_Item_2"
bsid_ii_brs_item_20,String,2,,Recommended,"Bayley Scales of Infant Development II Behavior Rating Scale: Item 20 Score (1, 2, 3, 4, 5, NA=Not Available)","1;2;3;4;5;NA",,"","","BSID_II_Behavior_Rating_Scale_Item_20"
bsid_ii_brs_item_21,String,2,,Recommended,"Bayley Scales of Infant Development II Behavior Rating Scale: Item 21 Score (1, 2, 3, 4, 5, NA=Not Available)","1;2;3;4;5;NA",,"","","BSID_II_Behavior_Rating_Scale_Item_21"
bsid_ii_brs_item_22,String,2,,Recommended,"Bayley Scales of Infant Development II Behavior Rating Scale: Item 22 Score (1, 2, 3, 4, 5, NA=Not Available)","1;2;3;4;5;NA",,"","","BSID_II_Behavior_Rating_Scale_Item_22"
bsid_ii_brs_item_23,String,2,,Recommended,"Bayley Scales of Infant Development II Behavior Rating Scale: Item 23 Score (1, 2, 3, 4, 5, NA=Not Available)","1;2;3;4;5;NA",,"","","BSID_II_Behavior_Rating_Scale_Item_23"
bsid_ii_brs_item_24,String,2,,Recommended,"Bayley Scales of Infant Development II Behavior Rating Scale: Item 24 Score (1, 2, 3, 4, 5, NA=Not Available)","1;2;3;4;5;NA",,"","","BSID_II_Behavior_Rating_Scale_Item_24"
bsid_ii_brs_item_25,String,2,,Recommended,"Bayley Scales of Infant Development II Behavior Rating Scale: Item 25 Score (1, 2, 3, 4, 5, NA=Not Available)","1;2;3;4;5;NA",,"","","BSID_II_Behavior_Rating_Scale_Item_25"
bsid_ii_brs_item_26,String,2,,Recommended,"Bayley Scales of Infant Development II Behavior Rating Scale: Item 26 Score (1, 2, 3, 4, 5, NA=Not Available)","1;2;3;4;5;NA",,"","","BSID_II_Behavior_Rating_Scale_Item_26"
bsid_ii_brs_item_27,String,2,,Recommended,"Bayley Scales of Infant Development II Behavior Rating Scale: Item 27 Score (1, 2, 3, 4, 5, NA=Not Available)","1;2;3;4;5;NA",,"","","BSID_II_Behavior_Rating_Scale_Item_27"
bsid_ii_brs_item_28,String,2,,Recommended,"Bayley Scales of Infant Development II Behavior Rating Scale: Item 28 Score (1, 2, 3, 4, 5, NA=Not Available)","1;2;3;4;5;NA",,"","","BSID_II_Behavior_Rating_Scale_Item_28"
bsid_ii_brs_item_29,String,2,,Recommended,"Bayley Scales of Infant Development II Behavior Rating Scale: Item 29 Score (1, 2, 3, 4, 5, NA=Not Available)","1;2;3;4;5;NA",,"","","BSID_II_Behavior_Rating_Scale_Item_29"
bsid_ii_brs_item_3,String,2,,Recommended,"Bayley Scales of Infant Development II Behavior Rating Scale: Item 3 Score (1, 2, 3, 4, 5, NA=Not Available)","1;2;3;4;5;NA",,"","","BSID_II_Behavior_Rating_Scale_Item_3"
bsid_ii_brs_item_30,String,2,,Recommended,"Bayley Scales of Infant Development II Behavior Rating Scale: Item 30 Score (1, 2, 3, 4, 5, NA=Not Available)","1;2;3;4;5;NA",,"","","BSID_II_Behavior_Rating_Scale_Item_30"
bsid_ii_brs_item_4,String,2,,Recommended,"Bayley Scales of Infant Development II Behavior Rating Scale: Item 4 Score (1, 2, 3, 4, 5, NA=Not Available)","1;2;3;4;5;NA",,"","","BSID_II_Behavior_Rating_Scale_Item_4"
bsid_ii_brs_item_6,String,2,,Recommended,"Bayley Scales of Infant Development II Behavior Rating Scale: Item 6 Score (1, 2, 3, 4, 5, NA=Not Available)","1;2;3;4;5;NA",,"","","BSID_II_Behavior_Rating_Scale_Item_6"
bsid_ii_brs_item_7,String,2,,Recommended,"Bayley Scales of Infant Development II Behavior Rating Scale: Item 7 Score (1, 2, 3, 4, 5, NA=Not Available)","1;2;3;4;5;NA",,"","","BSID_II_Behavior_Rating_Scale_Item_7"
bsid_ii_brs_item_8,String,2,,Recommended,"Bayley Scales of Infant Development II Behavior Rating Scale: Item 8 Score (1, 2, 3, 4, 5, NA=Not Available)","1;2;3;4;5;NA",,"","","BSID_II_Behavior_Rating_Scale_Item_8"
bsid_ii_brs_item_9,String,2,,Recommended,"Bayley Scales of Infant Development II Behavior Rating Scale: Item 9 Score (1, 2, 3, 4, 5, NA=Not Available)","1;2;3;4;5;NA",,"","","BSID_II_Behavior_Rating_Scale_Item_9"
bsid_ii_brs_motor_quality_cl,String,5,,Recommended,"Bayley Scales of Infant Development II Behavior Rating Scale: Motor Quality Classification (NO=Non-Optimal, Q=Questionable, WNL = Within Normal Limits)","NO;Q;WNL",,"","","BSID_II_Behavior_Rating_Scale_Motor_Quality_Class"
bsid_ii_brs_motor_quality_perc,Integer,0,,Recommended,"Bayley Scales of Infant Development II Behavior Rating Scale: Motor Quality Percentile Score","",,"","","BSID_II_Behavior_Rating_Scale_Motor_Quality_Perc_Score"
bsid_ii_brs_motor_quality_raw,Integer,0,,Recommended,"Bayley Scales of Infant Development II Behavior Rating Scale: Motor Quality Raw Score","",,"","","BSID_II_Behavior_Rating_Scale_Motor_Quality_Raw_Score"
