ElementName,DataType,Size,Unit,Required,ElementDescription,ValueRange,Keywords,Notes,Section,Aliases
hand_number_trials_left_hand,Integer,0,,Recommended,"Handedness: Total number of trials performed with the left hand","",,"","","Hand_6y_and_Up_Number_of_Trials_Left_Hand"
hand_q2_use_hammer,String,2,,Recommended,"Handedness: Question 2 use a hammer (R=Right; L=Left)","R;L;NA",,"","","Hand_6y_and_Up_Q2_Use_Hammer"
hand_q3_throw_ball,String,2,,Recommended,"Handedness: Question 3 throw the ball (R=Right; L=Left; B=Both/Bimanual; NA=Not Available)","R;L;B;NA",,"","","Hand_6y_and_Up_Q3_Throw_Ball"
hand_q5_point_nose,String,2,,Recommended,"Handedness: Question 5 point to your nose (R=Right; L=Left)","R;L;NA",,"","","Hand_6y_and_Up_Q5_Point_Nose"
hand_q7_cut_with_scissors,String,2,,Recommended,"Handedness: Question 7 cut with scissors (R=Right; L=Left)","R;L;NA",,"","","Hand_6y_and_Up_Q7_Cut_With_Scissors"
hand_q8_drink_from_cup,String,2,,Recommended,"Handedness: Question 8 drink from a cup (R=Right; L=Left)","R;L;NA",,"","","Hand_6y_and_Up_Q8_Drink_From_Cup"
subjectkey,GUID,0,,Optional,"The NDAR Global Unique Identifier (GUID) for subjects which identifies a subject in NDAR","NDAR*",,"","",""
src_subject_id,String,20,,Recommended,"The site's subject identification","",,"","","Subject_ID"
timepoint_label,String,5,,Recommended,"User-defined timepoint/visit label - a label selected by the site at the time of registration of a new timepoint into the database.  This label is used to group all the instruments administered to a subject at a given timepoint.","",,"","","Timepoint_Label"
admin_status,String,20,,Recommended,"Instrument administration status","Complete;Partial;Not Administered;Not Applicable",,"","","Hand_6y_and_Up_Administration_Status"
age_days_dot_to_dob,Integer,0,,Recommended,"Age in days obtained by subtracting the date of birth from the date of test","",,"","","Hand_6y_and_Up_Age_Days_DOT_To_DOB"
hand_hand_preference,String,10,,Recommended,"Handedness: Hand preference answers include: Right = ULI Score ?+1; Left = ULI Score ?-1, Mixed = ULI score between -1 and +1","Right;Left;Mixed;Non-Right",,"","","Hand_6y_and_Up_Hand_Preference"
hand_number_trials_right_hand,Integer,0,,Recommended,"Handedness: Total number of trials performed with the right hand","",,"","","Hand_6y_and_Up_Number_of_Trials_Right_Hand"
hand_q1_write_name,String,2,,Recommended,"Handedness: Question 1 write your name (R=Right; L=Left; B=Both/Bimanual; NA=Not Available)","R;L;B;NA",,"","","Hand_6y_and_Up_Q1_Write_Name"
hand_q4_use_toothbrush,String,2,,Recommended,"Handedness: Question 4 use a toothbrush (R=Right; L=Left)","R;L;NA",,"","","Hand_6y_and_Up_Q4_Use_Toothbrush"
hand_q6_eat_with_spoon,String,2,,Recommended,"Handedness: Question 6 eat with a spoon (R=Right; L=Left)","R;L;NA",,"","","Hand_6y_and_Up_Q6_Eat_With_Spoon"
