ElementName,DataType,Size,Unit,Required,ElementDescription,ValueRange,Keywords,Notes,Section,Aliases
wj_iii_pct_letter_word_id,String,10,,Recommended,"","",,"","","WJ_III_Percentile_Letter_Word_Identification"
wj_iii_age_eq_passage_comp,String,10,,Recommended,"","",,"","","WJ_III_Age_Equivalent_Passage_Comprehension"
wj_iii_age_eq_letter_word_id,String,10,,Recommended,"","",,"","","WJ_III_Age_Equivalent_Letter_Word_Identification"
admin_status,String,20,,Recommended,"","Complete;Partial;Not Administered;Not Applicable",,"","","WJ_III_Administration_Status"
timepoint_label,String,5,,Recommended,"","",,"","","Timepoint_Label"
src_subject_id,String,20,,Recommended,"","",,"","","Subject_ID"
wj_iii_age_equivalent_calc,String,10,,Recommended,"","",,"","","WJ_III_Age_Equivalent_Calculation"
wj_iii_pct_passage_comp,String,10,,Recommended,"","",,"","","WJ_III_Percentile_Passage_Comprehension"
wj_iii_percentile_calculation,String,10,,Recommended,"","",,"","","WJ_III_Percentile_Calculation"
wj_iii_stand_sc_letter_word_id,Integer,0,,Recommended,"","",,"","","WJ_III_Standard_Score_Letter_Word_Identification"
wj_iii_raw_sc_passage_comp,Integer,0,,Recommended,"","",,"","","WJ_III_Raw_Score_Passage_Comprehension"
age_days_dot_to_dob,Integer,0,,Recommended,"","",,"","","WJ_III_Age_days_DOT_to_DOB"
wj_iii_stand_sc_passage_comp,Integer,0,,Recommended,"","",,"","","WJ_III_Standard_Score_Passage_Comprehension"
wj_iii_standard_score_calc,Integer,0,,Recommended,"","",,"","","WJ_III_Standard_Score_Calculation"
wj_iii_raw_sc_letter_word_id,Integer,0,,Recommended,"","",,"","","WJ_III_Raw_Score_Letter_Word_Identification"
wj_iii_raw_score_calculation,Integer,0,,Recommended,"","",,"","","WJ_III_Raw_Score_Calculation"
subjectkey,GUID,0,,Optional,"","NDAR*",,"","",""
