ElementName,DataType,Size,Unit,Required,ElementDescription,ValueRange,Keywords,Notes,Section,Aliases
subjectkey,GUID,0,,Optional,"The NDAR Global Unique Identifier (GUID) for subjects which identifies a subject in NDAR","NDAR*",,"","",""
admin_status,String,20,,Recommended,"Instrument administration status","Complete;Partial;Not Administered;Not Applicable",,"","","TTS_Carey_1to2_years_Administration_Status"
src_subject_id,String,20,,Recommended,"The site's subject identification","",,"","","Subject_ID"
age_in_days_dot_to_edc,Integer,0,,Recommended,"Age in days obtained by subtracting the Expected Date of Confinement (EDC/Due Date) from the date of test","",,"","","TTS_Carey_1to2_years_Age_in_Days_DOT_to_EDC"
timepoint_label,String,5,,Recommended,"User-defined timepoint/visit label - a label selected by the site at the time of registration of a new timepoint into the database.  This label is used to group all the instruments administered to a subject at a given timepoint.","",,"","","Timepoint_Label"
tts_carey_question_22,String,2,,Recommended,"TTS, Carey Temperament Scales, Toddler Temperament Scale (1 and 2 Year Olds), Question 22 (1=Almost Never, 2=Rarely, 3=Variable, Usually Does Not, 4=Variable, Usually Does, 5=Frequently, 6=Almost Always, NA=Not Provided)","1;2;3;4;5;6;NA",,"","","TTS_Carey_1to2_years_Question_22"
tts_carey_question_23,String,2,,Recommended,"TTS, Carey Temperament Scales, Toddler Temperament Scale (1 and 2 Year Olds), Question 23 (1=Almost Never, 2=Rarely, 3=Variable, Usually Does Not, 4=Variable, Usually Does, 5=Frequently, 6=Almost Always, NA=Not Provided)","1;2;3;4;5;6;NA",,"","","TTS_Carey_1to2_years_Question_23"
tts_carey_question_61,String,2,,Recommended,"TTS, Carey Temperament Scales, Toddler Temperament Scale (1 and 2 Year Olds), Question 61 (1=Almost Never, 2=Rarely, 3=Variable, Usually Does Not, 4=Variable, Usually Does, 5=Frequently, 6=Almost Always, NA=Not Provided)","1;2;3;4;5;6;NA",,"","","TTS_Carey_1to2_years_Question_61"
tts_carey_question_62,String,2,,Recommended,"TTS, Carey Temperament Scales, Toddler Temperament Scale (1 and 2 Year Olds), Question 62 (1=Almost Never, 2=Rarely, 3=Variable, Usually Does Not, 4=Variable, Usually Does, 5=Frequently, 6=Almost Always, NA=Not Provided)","1;2;3;4;5;6;NA",,"","","TTS_Carey_1to2_years_Question_62"
tts_carey_question_63,String,2,,Recommended,"TTS, Carey Temperament Scales, Toddler Temperament Scale (1 and 2 Year Olds), Question 63 (1=Almost Never, 2=Rarely, 3=Variable, Usually Does Not, 4=Variable, Usually Does, 5=Frequently, 6=Almost Always, NA=Not Provided)","1;2;3;4;5;6;NA",,"","","TTS_Carey_1to2_years_Question_63"
tts_carey_question_64,String,2,,Recommended,"TTS, Carey Temperament Scales, Toddler Temperament Scale (1 and 2 Year Olds), Question 64 (1=Almost Never, 2=Rarely, 3=Variable, Usually Does Not, 4=Variable, Usually Does, 5=Frequently, 6=Almost Always, NA=Not Provided)","1;2;3;4;5;6;NA",,"","","TTS_Carey_1to2_years_Question_64"
tts_carey_question_65,String,2,,Recommended,"TTS, Carey Temperament Scales, Toddler Temperament Scale (1 and 2 Year Olds), Question 65 (1=Almost Never, 2=Rarely, 3=Variable, Usually Does Not, 4=Variable, Usually Does, 5=Frequently, 6=Almost Always, NA=Not Provided)","1;2;3;4;5;6;NA",,"","","TTS_Carey_1to2_years_Question_65"
tts_carey_question_66,String,2,,Recommended,"TTS, Carey Temperament Scales, Toddler Temperament Scale (1 and 2 Year Olds), Question 66 (1=Almost Never, 2=Rarely, 3=Variable, Usually Does Not, 4=Variable, Usually Does, 5=Frequently, 6=Almost Always, NA=Not Provided)","1;2;3;4;5;6;NA",,"","","TTS_Carey_1to2_years_Question_66"
tts_carey_question_67,String,2,,Recommended,"TTS, Carey Temperament Scales, Toddler Temperament Scale (1 and 2 Year Olds), Question 67 (1=Almost Never, 2=Rarely, 3=Variable, Usually Does Not, 4=Variable, Usually Does, 5=Frequently, 6=Almost Always, NA=Not Provided)","1;2;3;4;5;6;NA",,"","","TTS_Carey_1to2_years_Question_67"
tts_carey_question_68,String,2,,Recommended,"TTS, Carey Temperament Scales, Toddler Temperament Scale (1 and 2 Year Olds), Question 68 (1=Almost Never, 2=Rarely, 3=Variable, Usually Does Not, 4=Variable, Usually Does, 5=Frequently, 6=Almost Always, NA=Not Provided)","1;2;3;4;5;6;NA",,"","","TTS_Carey_1to2_years_Question_68"
tts_carey_question_69,String,2,,Recommended,"TTS, Carey Temperament Scales, Toddler Temperament Scale (1 and 2 Year Olds), Question 69 (1=Almost Never, 2=Rarely, 3=Variable, Usually Does Not, 4=Variable, Usually Does, 5=Frequently, 6=Almost Always, NA=Not Provided)","1;2;3;4;5;6;NA",,"","","TTS_Carey_1to2_years_Question_69"
tts_carey_question_7,String,2,,Recommended,"TTS, Carey Temperament Scales, Toddler Temperament Scale (1 and 2 Year Olds), Question 7 (1=Almost Never, 2=Rarely, 3=Variable, Usually Does Not, 4=Variable, Usually Does, 5=Frequently, 6=Almost Always, NA=Not Provided)","1;2;3;4;5;6;NA",,"","","TTS_Carey_1to2_years_Question_7"
tts_carey_question_70,String,2,,Recommended,"TTS, Carey Temperament Scales, Toddler Temperament Scale (1 and 2 Year Olds), Question 70 (1=Almost Never, 2=Rarely, 3=Variable, Usually Does Not, 4=Variable, Usually Does, 5=Frequently, 6=Almost Always, NA=Not Provided)","1;2;3;4;5;6;NA",,"","","TTS_Carey_1to2_years_Question_70"
tts_carey_question_71,String,2,,Recommended,"TTS, Carey Temperament Scales, Toddler Temperament Scale (1 and 2 Year Olds), Question 71 (1=Almost Never, 2=Rarely, 3=Variable, Usually Does Not, 4=Variable, Usually Does, 5=Frequently, 6=Almost Always, NA=Not Provided)","1;2;3;4;5;6;NA",,"","","TTS_Carey_1to2_years_Question_71"
tts_carey_question_72,String,2,,Recommended,"TTS, Carey Temperament Scales, Toddler Temperament Scale (1 and 2 Year Olds), Question 72 (1=Almost Never, 2=Rarely, 3=Variable, Usually Does Not, 4=Variable, Usually Does, 5=Frequently, 6=Almost Always, NA=Not Provided)","1;2;3;4;5;6;NA",,"","","TTS_Carey_1to2_years_Question_72"
tts_carey_question_73,String,2,,Recommended,"TTS, Carey Temperament Scales, Toddler Temperament Scale (1 and 2 Year Olds), Question 73 (1=Almost Never, 2=Rarely, 3=Variable, Usually Does Not, 4=Variable, Usually Does, 5=Frequently, 6=Almost Always, NA=Not Provided)","1;2;3;4;5;6;NA",,"","","TTS_Carey_1to2_years_Question_73"
tts_carey_question_74,String,2,,Recommended,"TTS, Carey Temperament Scales, Toddler Temperament Scale (1 and 2 Year Olds), Question 74 (1=Almost Never, 2=Rarely, 3=Variable, Usually Does Not, 4=Variable, Usually Does, 5=Frequently, 6=Almost Always, NA=Not Provided)","1;2;3;4;5;6;NA",,"","","TTS_Carey_1to2_years_Question_74"
tts_carey_question_75,String,2,,Recommended,"TTS, Carey Temperament Scales, Toddler Temperament Scale (1 and 2 Year Olds), Question 75 (1=Almost Never, 2=Rarely, 3=Variable, Usually Does Not, 4=Variable, Usually Does, 5=Frequently, 6=Almost Always, NA=Not Provided)","1;2;3;4;5;6;NA",,"","","TTS_Carey_1to2_years_Question_75"
tts_carey_question_76,String,2,,Recommended,"TTS, Carey Temperament Scales, Toddler Temperament Scale (1 and 2 Year Olds), Question 76 (1=Almost Never, 2=Rarely, 3=Variable, Usually Does Not, 4=Variable, Usually Does, 5=Frequently, 6=Almost Always, NA=Not Provided)","1;2;3;4;5;6;NA",,"","","TTS_Carey_1to2_years_Question_76"
tts_carey_question_77,String,2,,Recommended,"TTS, Carey Temperament Scales, Toddler Temperament Scale (1 and 2 Year Olds), Question 77 (1=Almost Never, 2=Rarely, 3=Variable, Usually Does Not, 4=Variable, Usually Does, 5=Frequently, 6=Almost Always, NA=Not Provided)","1;2;3;4;5;6;NA",,"","","TTS_Carey_1to2_years_Question_77"
tts_carey_question_78,String,2,,Recommended,"TTS, Carey Temperament Scales, Toddler Temperament Scale (1 and 2 Year Olds), Question 78 (1=Almost Never, 2=Rarely, 3=Variable, Usually Does Not, 4=Variable, Usually Does, 5=Frequently, 6=Almost Always, NA=Not Provided)","1;2;3;4;5;6;NA",,"","","TTS_Carey_1to2_years_Question_78"
tts_carey_question_79,String,2,,Recommended,"TTS, Carey Temperament Scales, Toddler Temperament Scale (1 and 2 Year Olds), Question 79 (1=Almost Never, 2=Rarely, 3=Variable, Usually Does Not, 4=Variable, Usually Does, 5=Frequently, 6=Almost Always, NA=Not Provided)","1;2;3;4;5;6;NA",,"","","TTS_Carey_1to2_years_Question_79"
tts_carey_question_8,String,2,,Recommended,"TTS, Carey Temperament Scales, Toddler Temperament Scale (1 and 2 Year Olds), Question 8 (1=Almost Never, 2=Rarely, 3=Variable, Usually Does Not, 4=Variable, Usually Does, 5=Frequently, 6=Almost Always, NA=Not Provided)","1;2;3;4;5;6;NA",,"","","TTS_Carey_1to2_years_Question_8"
tts_carey_question_80,String,2,,Recommended,"TTS, Carey Temperament Scales, Toddler Temperament Scale (1 and 2 Year Olds), Question 80 (1=Almost Never, 2=Rarely, 3=Variable, Usually Does Not, 4=Variable, Usually Does, 5=Frequently, 6=Almost Always, NA=Not Provided)","1;2;3;4;5;6;NA",,"","","TTS_Carey_1to2_years_Question_80"
tts_carey_question_81,String,2,,Recommended,"TTS, Carey Temperament Scales, Toddler Temperament Scale (1 and 2 Year Olds), Question 81 (1=Almost Never, 2=Rarely, 3=Variable, Usually Does Not, 4=Variable, Usually Does, 5=Frequently, 6=Almost Always, NA=Not Provided)","1;2;3;4;5;6;NA",,"","","TTS_Carey_1to2_years_Question_81"
tts_carey_question_82,String,2,,Recommended,"TTS, Carey Temperament Scales, Toddler Temperament Scale (1 and 2 Year Olds), Question 82 (1=Almost Never, 2=Rarely, 3=Variable, Usually Does Not, 4=Variable, Usually Does, 5=Frequently, 6=Almost Always, NA=Not Provided)","1;2;3;4;5;6;NA",,"","","TTS_Carey_1to2_years_Question_82"
tts_carey_question_83,String,2,,Recommended,"TTS, Carey Temperament Scales, Toddler Temperament Scale (1 and 2 Year Olds), Question 83 (1=Almost Never, 2=Rarely, 3=Variable, Usually Does Not, 4=Variable, Usually Does, 5=Frequently, 6=Almost Always, NA=Not Provided)","1;2;3;4;5;6;NA",,"","","TTS_Carey_1to2_years_Question_83"
tts_carey_question_84,String,2,,Recommended,"TTS, Carey Temperament Scales, Toddler Temperament Scale (1 and 2 Year Olds), Question 84 (1=Almost Never, 2=Rarely, 3=Variable, Usually Does Not, 4=Variable, Usually Does, 5=Frequently, 6=Almost Always, NA=Not Provided)","1;2;3;4;5;6;NA",,"","","TTS_Carey_1to2_years_Question_84"
tts_carey_question_85,String,2,,Recommended,"TTS, Carey Temperament Scales, Toddler Temperament Scale (1 and 2 Year Olds), Question 85 (1=Almost Never, 2=Rarely, 3=Variable, Usually Does Not, 4=Variable, Usually Does, 5=Frequently, 6=Almost Always, NA=Not Provided)","1;2;3;4;5;6;NA",,"","","TTS_Carey_1to2_years_Question_85"
tts_carey_question_86,String,2,,Recommended,"TTS, Carey Temperament Scales, Toddler Temperament Scale (1 and 2 Year Olds), Question 86 (1=Almost Never, 2=Rarely, 3=Variable, Usually Does Not, 4=Variable, Usually Does, 5=Frequently, 6=Almost Always, NA=Not Provided)","1;2;3;4;5;6;NA",,"","","TTS_Carey_1to2_years_Question_86"
tts_carey_question_87,String,2,,Recommended,"TTS, Carey Temperament Scales, Toddler Temperament Scale (1 and 2 Year Olds), Question  87 (1=Almost Never, 2=Rarely, 3=Variable, Usually Does Not, 4=Variable, Usually Does, 5=Frequently, 6=Almost Always, NA=Not Provided)","1;2;3;4;5;6;NA",,"","","TTS_Carey_1to2_years_Question_87"
tts_carey_question_88,String,2,,Recommended,"TTS, Carey Temperament Scales, Toddler Temperament Scale (1 and 2 Year Olds), Question 88 (1=Almost Never, 2=Rarely, 3=Variable, Usually Does Not, 4=Variable, Usually Does, 5=Frequently, 6=Almost Always, NA=Not Provided)","1;2;3;4;5;6;NA",,"","","TTS_Carey_1to2_years_Question_88"
tts_carey_question_89,String,2,,Recommended,"TTS, Carey Temperament Scales, Toddler Temperament Scale (1 and 2 Year Olds), Question 89 (1=Almost Never, 2=Rarely, 3=Variable, Usually Does Not, 4=Variable, Usually Does, 5=Frequently, 6=Almost Always, NA=Not Provided)","1;2;3;4;5;6;NA",,"","","TTS_Carey_1to2_years_Question_89"
tts_carey_question_9,String,2,,Recommended,"TTS, Carey Temperament Scales, Toddler Temperament Scale (1 and 2 Year Olds), Question 9 (1=Almost Never, 2=Rarely, 3=Variable, Usually Does Not, 4=Variable, Usually Does, 5=Frequently, 6=Almost Always, NA=Not Provided)","1;2;3;4;5;6;NA",,"","","TTS_Carey_1to2_years_Question_9"
tts_carey_question_90,String,2,,Recommended,"TTS, Carey Temperament Scales, Toddler Temperament Scale (1 and 2 Year Olds), Question 90 (1=Almost Never, 2=Rarely, 3=Variable, Usually Does Not, 4=Variable, Usually Does, 5=Frequently, 6=Almost Always, NA=Not Provided)","1;2;3;4;5;6;NA",,"","","TTS_Carey_1to2_years_Question_90"
tts_carey_question_91,String,2,,Recommended,"TTS, Carey Temperament Scales, Toddler Temperament Scale (1 and 2 Year Olds), Question 91 (1=Almost Never, 2=Rarely, 3=Variable, Usually Does Not, 4=Variable, Usually Does, 5=Frequently, 6=Almost Always, NA=Not Provided)","1;2;3;4;5;6;NA",,"","","TTS_Carey_1to2_years_Question_91"
tts_carey_question_92,String,2,,Recommended,"TTS, Carey Temperament Scales, Toddler Temperament Scale (1 and 2 Year Olds), Question 92 (1=Almost Never, 2=Rarely, 3=Variable, Usually Does Not, 4=Variable, Usually Does, 5=Frequently, 6=Almost Always, NA=Not Provided)","1;2;3;4;5;6;NA",,"","","TTS_Carey_1to2_years_Question_92"
tts_carey_question_93,String,2,,Recommended,"TTS, Carey Temperament Scales, Toddler Temperament Scale (1 and 2 Year Olds), Question 93 (1=Almost Never, 2=Rarely, 3=Variable, Usually Does Not, 4=Variable, Usually Does, 5=Frequently, 6=Almost Always, NA=Not Provided)","1;2;3;4;5;6;NA",,"","","TTS_Carey_1to2_years_Question_93"
tts_carey_question_94,String,2,,Recommended,"TTS, Carey Temperament Scales, Toddler Temperament Scale (1 and 2 Year Olds), Question 94 (1=Almost Never, 2=Rarely, 3=Variable, Usually Does Not, 4=Variable, Usually Does, 5=Frequently, 6=Almost Always, NA=Not Provided)","1;2;3;4;5;6;NA",,"","","TTS_Carey_1to2_years_Question_94"
tts_carey_question_95,String,2,,Recommended,"TTS, Carey Temperament Scales, Toddler Temperament Scale (1 and 2 Year Olds), Question 95 (1=Almost Never, 2=Rarely, 3=Variable, Usually Does Not, 4=Variable, Usually Does, 5=Frequently, 6=Almost Always, NA=Not Provided)","1;2;3;4;5;6;NA",,"","","TTS_Carey_1to2_years_Question_95"
tts_carey_question_96,String,2,,Recommended,"TTS, Carey Temperament Scales, Toddler Temperament Scale (1 and 2 Year Olds), Question 96 (1=Almost Never, 2=Rarely, 3=Variable, Usually Does Not, 4=Variable, Usually Does, 5=Frequently, 6=Almost Always, NA=Not Provided)","1;2;3;4;5;6;NA",,"","","TTS_Carey_1to2_years_Question_96"
tts_carey_question_97,String,2,,Recommended,"TTS, Carey Temperament Scales, Toddler Temperament Scale (1 and 2 Year Olds), Question 97 (1=Almost Never, 2=Rarely, 3=Variable, Usually Does Not, 4=Variable, Usually Does, 5=Frequently, 6=Almost Always, NA=Not Provided)","1;2;3;4;5;6;NA",,"","","TTS_Carey_1to2_years_Question_97"
tts_carey_rhythm_category_sc,Float,0,,Recommended,"TTS, Carey Temperament Scales, Toddler Temperament Scale (1 and 2 Year Olds), Rhythmicity Category Score (Daily Cycles)","",,"","","TTS_Carey_1to2_years_Rhythmicity_Category_Score"
tts_carey_rhythm_gen_impress,String,20,,Recommended,"TTS, Carey Temperament Scales, Toddler Temperament Scale (1 and 2 Year Olds), Parent General Impressions Rating of Child Rhythmicity (Daily Cycles) (Regular, Not Regular)","Regular;Not Regular",,"","","TTS_Carey_1to2_years_Rhythmicity_General_Impressions"
tts_carey_rhythmicity_z_score,Float,0,,Recommended,"TTS, Carey Temperament Scales, Toddler Temperament Scale (1 and 2 Year Olds), Rhythmicity Z Score (Daily Cycles)","",,"","","TTS_Carey_1to2_years_Rhythmicity_Z_Score"
tts_carey_thresh_category_sc,Float,0,,Recommended,"TTS, Carey Temperament Scales, Toddler Temperament Scale (1 and 2 Year Olds), Threshold Category Score (Sensory Reactivity)","",,"","","TTS_Carey_1to2_years_Threshold_Category_Score"
tts_carey_thresh_gen_impress,String,20,,Recommended,"TTS, Carey Temperament Scales, Toddler Temperament Scale (1 and 2 Year Olds), Parent General Impressions Rating of Child Threshold (Sensory Reactivity) (Nonreactive, Sensitive)","Nonreactive;Sensitive",,"","","TTS_Carey_1to2_years_Threshold_General_Impressions"
tts_carey_threshold_z_score,Float,0,,Recommended,"TTS, Carey Temperament Scales, Toddler Temperament Scale (1 and 2 Year Olds), Threshold Z Score (Sensory Reactivity)","",,"","","TTS_Carey_1to2_years_Threshold_Z_Score"
tts_carey_persistence_z_score,Float,0,,Recommended,"TTS, Carey Temperament Scales, Toddler Temperament Scale (1 and 2 Year Olds), Persistence Z Score","",,"","","TTS_Carey_1to2_years_Persistence_Z_Score"
tts_carey_question_1,String,2,,Recommended,"TTS, Carey Temperament Scales, Toddler Temperament Scale (1 and 2 Year Olds), Question 1 (1=Almost Never, 2=Rarely, 3=Variable, Usually Does Not, 4=Variable, Usually Does, 5=Frequently, 6=Almost Always, NA=Not Provided)","1;2;3;4;5;6;NA",,"","","TTS_Carey_1to2_years_Question_1"
tts_carey_question_10,String,2,,Recommended,"TTS, Carey Temperament Scales, Toddler Temperament Scale (1 and 2 Year Olds), Question 10 (1=Almost Never, 2=Rarely, 3=Variable, Usually Does Not, 4=Variable, Usually Does, 5=Frequently, 6=Almost Always, NA=Not Provided)","1;2;3;4;5;6;NA",,"","","TTS_Carey_1to2_years_Question_10"
tts_carey_question_11,String,2,,Recommended,"TTS, Carey Temperament Scales, Toddler Temperament Scale (1 and 2 Year Olds), Question 11 (1=Almost Never, 2=Rarely, 3=Variable, Usually Does Not, 4=Variable, Usually Does, 5=Frequently, 6=Almost Always, NA=Not Provided)","1;2;3;4;5;6;NA",,"","","TTS_Carey_1to2_years_Question_11"
tts_carey_question_12,String,2,,Recommended,"TTS, Carey Temperament Scales, Toddler Temperament Scale (1 and 2 Year Olds), Question 12 (1=Almost Never, 2=Rarely, 3=Variable, Usually Does Not, 4=Variable, Usually Does, 5=Frequently, 6=Almost Always, NA=Not Provided)","1;2;3;4;5;6;NA",,"","","TTS_Carey_1to2_years_Question_12"
tts_carey_question_13,String,2,,Recommended,"TTS, Carey Temperament Scales, Toddler Temperament Scale (1 and 2 Year Olds), Question 13 (1=Almost Never, 2=Rarely, 3=Variable, Usually Does Not, 4=Variable, Usually Does, 5=Frequently, 6=Almost Always, NA=Not Provided)","1;2;3;4;5;6;NA",,"","","TTS_Carey_1to2_years_Question_13"
tts_carey_question_14,String,2,,Recommended,"TTS, Carey Temperament Scales, Toddler Temperament Scale (1 and 2 Year Olds), Question 14 (1=Almost Never, 2=Rarely, 3=Variable, Usually Does Not, 4=Variable, Usually Does, 5=Frequently, 6=Almost Always, NA=Not Provided)","1;2;3;4;5;6;NA",,"","","TTS_Carey_1to2_years_Question_14"
tts_carey_question_15,String,2,,Recommended,"TTS, Carey Temperament Scales, Toddler Temperament Scale (1 and 2 Year Olds), Question 15 (1=Almost Never, 2=Rarely, 3=Variable, Usually Does Not, 4=Variable, Usually Does, 5=Frequently, 6=Almost Always, NA=Not Provided)","1;2;3;4;5;6;NA",,"","","TTS_Carey_1to2_years_Question_15"
tts_carey_question_16,String,2,,Recommended,"TTS, Carey Temperament Scales, Toddler Temperament Scale (1 and 2 Year Olds), Question 16 (1=Almost Never, 2=Rarely, 3=Variable, Usually Does Not, 4=Variable, Usually Does, 5=Frequently, 6=Almost Always, NA=Not Provided)","1;2;3;4;5;6;NA",,"","","TTS_Carey_1to2_years_Question_16"
tts_carey_question_17,String,2,,Recommended,"TTS, Carey Temperament Scales, Toddler Temperament Scale (1 and 2 Year Olds), Question 17 (1=Almost Never, 2=Rarely, 3=Variable, Usually Does Not, 4=Variable, Usually Does, 5=Frequently, 6=Almost Always, NA=Not Provided)","1;2;3;4;5;6;NA",,"","","TTS_Carey_1to2_years_Question_17"
tts_carey_question_18,String,2,,Recommended,"TTS, Carey Temperament Scales, Toddler Temperament Scale (1 and 2 Year Olds), Question 18 (1=Almost Never, 2=Rarely, 3=Variable, Usually Does Not, 4=Variable, Usually Does, 5=Frequently, 6=Almost Always, NA=Not Provided)","1;2;3;4;5;6;NA",,"","","TTS_Carey_1to2_years_Question_18"
tts_carey_question_19,String,2,,Recommended,"TTS, Carey Temperament Scales, Toddler Temperament Scale (1 and 2 Year Olds), Question 19 (1=Almost Never, 2=Rarely, 3=Variable, Usually Does Not, 4=Variable, Usually Does, 5=Frequently, 6=Almost Always, NA=Not Provided)","1;2;3;4;5;6;NA",,"","","TTS_Carey_1to2_years_Question_19"
tts_carey_question_2,String,2,,Recommended,"TTS, Carey Temperament Scales, Toddler Temperament Scale (1 and 2 Year Olds), Question 2 (1=Almost Never, 2=Rarely, 3=Variable, Usually Does Not, 4=Variable, Usually Does, 5=Frequently, 6=Almost Always, NA=Not Provided)","1;2;3;4;5;6;NA",,"","","TTS_Carey_1to2_years_Question_2"
tts_carey_question_20,String,2,,Recommended,"TTS, Carey Temperament Scales, Toddler Temperament Scale (1 and 2 Year Olds), Question 20 (1=Almost Never, 2=Rarely, 3=Variable, Usually Does Not, 4=Variable, Usually Does, 5=Frequently, 6=Almost Always, NA=Not Provided)","1;2;3;4;5;6;NA",,"","","TTS_Carey_1to2_years_Question_20"
tts_carey_question_21,String,2,,Recommended,"TTS, Carey Temperament Scales, Toddler Temperament Scale (1 and 2 Year Olds), Question 21 (1=Almost Never, 2=Rarely, 3=Variable, Usually Does Not, 4=Variable, Usually Does, 5=Frequently, 6=Almost Always, NA=Not Provided)","1;2;3;4;5;6;NA",,"","","TTS_Carey_1to2_years_Question_21"
tts_carey_question_24,String,2,,Recommended,"TTS, Carey Temperament Scales, Toddler Temperament Scale (1 and 2 Year Olds), Question 24 (1=Almost Never, 2=Rarely, 3=Variable, Usually Does Not, 4=Variable, Usually Does, 5=Frequently, 6=Almost Always, NA=Not Provided)","1;2;3;4;5;6;NA",,"","","TTS_Carey_1to2_years_Question_24"
tts_carey_question_25,String,2,,Recommended,"TTS, Carey Temperament Scales, Toddler Temperament Scale (1 and 2 Year Olds), Question 25 (1=Almost Never, 2=Rarely, 3=Variable, Usually Does Not, 4=Variable, Usually Does, 5=Frequently, 6=Almost Always, NA=Not Provided)","1;2;3;4;5;6;NA",,"","","TTS_Carey_1to2_years_Question_25"
tts_carey_question_26,String,2,,Recommended,"TTS, Carey Temperament Scales, Toddler Temperament Scale (1 and 2 Year Olds), Question 26 (1=Almost Never, 2=Rarely, 3=Variable, Usually Does Not, 4=Variable, Usually Does, 5=Frequently, 6=Almost Always, NA=Not Provided)","1;2;3;4;5;6;NA",,"","","TTS_Carey_1to2_years_Question_26"
tts_carey_question_27,String,2,,Recommended,"TTS, Carey Temperament Scales, Toddler Temperament Scale (1 and 2 Year Olds), Question 27 (1=Almost Never, 2=Rarely, 3=Variable, Usually Does Not, 4=Variable, Usually Does, 5=Frequently, 6=Almost Always, NA=Not Provided)","1;2;3;4;5;6;NA",,"","","TTS_Carey_1to2_years_Question_27"
tts_carey_question_28,String,2,,Recommended,"TTS, Carey Temperament Scales, Toddler Temperament Scale (1 and 2 Year Olds), Question 28 (1=Almost Never, 2=Rarely, 3=Variable, Usually Does Not, 4=Variable, Usually Does, 5=Frequently, 6=Almost Always, NA=Not Provided)","1;2;3;4;5;6;NA",,"","","TTS_Carey_1to2_years_Question_28"
tts_carey_question_29,String,2,,Recommended,"TTS, Carey Temperament Scales, Toddler Temperament Scale (1 and 2 Year Olds), Question 29 (1=Almost Never, 2=Rarely, 3=Variable, Usually Does Not, 4=Variable, Usually Does, 5=Frequently, 6=Almost Always, NA=Not Provided)","1;2;3;4;5;6;NA",,"","","TTS_Carey_1to2_years_Question_29"
tts_carey_question_3,String,2,,Recommended,"TTS, Carey Temperament Scales, Toddler Temperament Scale (1 and 2 Year Olds), Question 3 (1=Almost Never, 2=Rarely, 3=Variable, Usually Does Not, 4=Variable, Usually Does, 5=Frequently, 6=Almost Always, NA=Not Provided)","1;2;3;4;5;6;NA",,"","","TTS_Carey_1to2_years_Question_3"
tts_carey_question_30,String,2,,Recommended,"TTS, Carey Temperament Scales, Toddler Temperament Scale (1 and 2 Year Olds), Question 30 (1=Almost Never, 2=Rarely, 3=Variable, Usually Does Not, 4=Variable, Usually Does, 5=Frequently, 6=Almost Always, NA=Not Provided)","1;2;3;4;5;6;NA",,"","","TTS_Carey_1to2_years_Question_30"
tts_carey_question_31,String,2,,Recommended,"TTS, Carey Temperament Scales, Toddler Temperament Scale (1 and 2 Year Olds), Question 31 (1=Almost Never, 2=Rarely, 3=Variable, Usually Does Not, 4=Variable, Usually Does, 5=Frequently, 6=Almost Always, NA=Not Provided)","1;2;3;4;5;6;NA",,"","","TTS_Carey_1to2_years_Question_31"
tts_carey_activity_category_sc,Float,0,,Recommended,"TTS, Carey Temperament Scales, Toddler Temperament Scale (1 and 2 Year Olds), Activity Category Score","",,"","","TTS_Carey_1to2_years_Activity_Category_Score"
tts_carey_activity_gen_impress,String,10,,Recommended,"TTS, Carey Temperament Scales, Toddler Temperament Scale (1 and 2 Year Olds), Parent General Impressions Rating of Child Activity (Active, Inactive)","Active;Inactive",,"","","TTS_Carey_1to2_years_Activity_General_Impressions"
tts_carey_activity_z_score,Float,0,,Recommended,"TTS, Carey Temperament Scales, Toddler Temperament Scale (1 and 2 Year Olds), Activity Z Score","",,"","","TTS_Carey_1to2_years_Activity_Z_Score"
tts_carey_adapt_category_score,Float,0,,Recommended,"TTS, Carey Temperament Scales, Toddler Temperament Scale (1 and 2 Year Olds), Adaptability Category Score","",,"","","TTS_Carey_1to2_years_Adaptability_Category_Score"
tts_carey_adapt_gen_impress,String,10,,Recommended,"TTS, Carey Temperament Scales, Toddler Temperament Scale (1 and 2 Year Olds), Parent General Impressions Rating of Child Adaptability (Quick, Gradual)","Quick;Gradual",,"","","TTS_Carey_1to2_years_Adaptability_General_Impressions"
tts_carey_adaptability_z_score,Float,0,,Recommended,"TTS, Carey Temperament Scales, Toddler Temperament Scale (1 and 2 Year Olds), Adaptability Z Score","",,"","","TTS_Carey_1to2_years_Adaptability_Z_Score"
tts_carey_approach_category_sc,Float,0,,Recommended,"TTS, Carey Temperament Scales, Toddler Temperament Scale (1 and 2 Year Olds), Approach Category Score (First Reaction)","",,"","","TTS_Carey_1to2_years_Approach_Category_Score"
tts_carey_approach_gen_impress,String,20,,Recommended,"TTS, Carey Temperament Scales, Toddler Temperament Scale (1 and 2 Year Olds), Parent General Impressions Rating of Child Approach (First Reaction) (Approaching, Cautious)","Approaching;Cautious",,"","","TTS_Carey_1to2_years_Approach_General_Impressions"
tts_carey_approach_z_score,Float,0,,Recommended,"TTS, Carey Temperament Scales, Toddler Temperament Scale (1 and 2 Year Olds), Approach Z Score (First Reaction)","",,"","","TTS_Carey_1to2_years_Approach_Z_Score"
tts_carey_distract_category_sc,Float,0,,Recommended,"TTS, Carey Temperament Scales, Toddler Temperament Scale (1 and 2 Year Olds), Distractibility Category Score","",,"","","TTS_Carey_1to2_years_Distractibility_Category_Score"
tts_carey_distract_gen_impress,String,10,,Recommended,"TTS, Carey Temperament Scales, Toddler Temperament Scale (1 and 2 Year Olds), Parent General Impressions Rating of Child Distractibility (Rarely, Often)","Rarely;Often",,"","","TTS_Carey_1to2_years_Distractibility_General_Impressions,TTS_Carey_1to2_years_Distractibility_General_Impression"
tts_carey_distract_z_score,Float,0,,Recommended,"TTS, Carey Temperament Scales, Toddler Temperament Scale (1 and 2 Year Olds), Distractibility Z Score","",,"","","TTS_Carey_1to2_years_Distractibility_Z_Score"
tts_carey_gen_impress_q_1,String,2,,Recommended,"TTS, Carey Temperament Scales, Toddler Temperament Scale (1 and 2 Year Olds), General Impression Question 1 (1=Very Inactive, 2= Inactive, 3=Somewhat Inactive, 4=Somewhat Active, 5=Active, 6=Very Active, NA=Not Provided)","1;2;3;4;5;6;NA",,"","","TTS_Carey_1to2_years_General_Impressions_Question_1"
tts_carey_gen_impress_q_10,String,2,,Recommended,"TTS, Carey Temperament Scales, Toddler Temperament Scale (1 and 2 Year Olds), General Impression Question 10 (1=Very Easy, 2=Easy, 3=Somewhat Easy, 4=Somewhat Difficult, 5=Difficult, 6=Very Difficult, NA=Not Provided)","1;2;3;4;5;6;NA",,"","","TTS_Carey_1to2_years_General_Impressions_Question_10"
tts_carey_gen_impress_q_2,String,2,,Recommended,"TTS, Carey Temperament Scales, Toddler Temperament Scale (1 and 2 Year Olds), General Impression Question 2 (1=Very Regular, 2=Regular, 3=Somewhat Regular, 4=Somewhat Irregular, 5=Irregular, 6=Very Irregular, NA=Not Provided)","1;2;3;4;5;6;NA",,"","","TTS_Carey_1to2_years_General_Impressions_Question_2"
tts_carey_gen_impress_q_3,String,2,,Recommended,"TTS, Carey Temperament Scales, Toddler Temperament Scale (1 and 2 Year Olds), General Impression Question 3 (1=Not Hesitant, 2=Very Slightly Hesitant, 3=Somewhat Hesitant, 4=Moderately Hesitant, 5=Hesitant, 6=Very Hesitant, NA=Not Provided)","1;2;3;4;5;6;NA",,"","","TTS_Carey_1to2_years_General_Impressions_Question_3"
tts_carey_gen_impress_q_4,String,2,,Recommended,"TTS, Carey Temperament Scales, Toddler Temperament Scale (1 and 2 Year Olds), General Impression Question 4 (1=Very Quick to Adapt, 2=Adaptable, 3=Somewhat Adaptable, 4=Somewhat Slow to Adapt, 5=Slow to Adapt, 6=Very Slow to Adapt, NA=Not Provided)","1;2;3;4;5;6;NA",,"","","TTS_Carey_1to2_years_General_Impressions_Question_4"
tts_carey_gen_impress_q_5,String,2,,Recommended,"TTS, Carey Temperament Scales, Toddler Temperament Scale (1 and 2 Year Olds), General Impression Question 5 (1=Very Mild, 2=Mild, 3=Somewhat Mild, 4=Somewhat Intense, 5=Intense, 6=Very Intense, NA=Not Provided)","1;2;3;4;5;6;NA",,"","","TTS_Carey_1to2_years_General_Impressions_Question_5"
tts_carey_gen_impress_q_6,String,2,,Recommended,"TTS, Carey Temperament Scales, Toddler Temperament Scale (1 and 2 Year Olds), General Impression Question 6 (1=Very Pleasant, 2=Pleasant, 3=Somewhat Pleasant, 4=Somewhat Unpleasant, 5=Unpleasant, 6=Very Unpleasant, NA=Not Provided)","1;2;3;4;5;6;NA",,"","","TTS_Carey_1to2_years_General_Impressions_Question_6"
tts_carey_gen_impress_q_7,String,2,,Recommended,"TTS, Carey Temperament Scales, Toddler Temperament Scale (1 and 2 Year Olds), General Impression Question 7 (1=Very Persistent, 2=Persistent, 3=Somewhat Persistent, 4=Somewhat Nonpersistent, 5=Nonpersistent, 6=Very Nonpersistent, NA=Not Provided)","1;2;3;4;5;6;NA",,"","","TTS_Carey_1to2_years_General_Impressions_Question_7"
tts_carey_gen_impress_q_8,String,2,,Recommended,"TTS, Carey Temperament Scales, Toddler Temperament Scale (1 and 2 Year Olds), General Impression Question 8 ","1;2;3;4;5;6;NA",,"","","TTS_Carey_1to2_years_General_Impressions_Question_8"
tts_carey_gen_impress_q_9,String,2,,Recommended,"TTS, Carey Temperament Scales, Toddler Temperament Scale (1 and 2 Year Olds), General Impression Question 9 (1=Very Nonreactive, 2=Nonreactive, 3=Somewhat Nonreactive, 4=Somewhat Sensitive, 5=Sensitive, 6=Very Sensitive, NA=Not Provided)","1;2;3;4;5;6;NA",,"","","TTS_Carey_1to2_years_General_Impressions_Question_9"
tts_carey_intens_category_sc,Float,0,,Recommended,"TTS, Carey Temperament Scales, Toddler Temperament Scale (1 and 2 Year Olds), Intensity Category Score (Strength of Reaction)","",,"","","TTS_Carey_1to2_years_Intensity_Category_Score"
tts_carey_intens_gen_impress,String,10,,Recommended,"TTS, Carey Temperament Scales, Toddler Temperament Scale (1 and 2 Year Olds), Parent General Impressions Rating of Child Intensity (Strength of Reaction) (Mild, Intense)","Mild;Intense",,"","","TTS_Carey_1to2_years_Intensity_General_Impressions"
tts_carey_intensity_z_score,Float,0,,Recommended,"TTS, Carey Temperament Scales, Toddler Temperament Scale (1 and 2 Year Olds), Intensity Z Score (Strength of Reaction)","",,"","","TTS_Carey_1to2_years_Intensity_Z_Score"
tts_carey_mood_category_score,Float,0,,Recommended,"TTS, Carey Temperament Scales, Toddler Temperament Scale (1 and 2 Year Olds), Mood Category Score","",,"","","TTS_Carey_1to2_years_Mood_Category_Score"
tts_carey_mood_gen_impress,String,10,,Recommended,"TTS, Carey Temperament Scales, Toddler Temperament Scale (1 and 2 Year Olds), Parent General Impressions Rating of Child Mood (Positive, Negative)","Positive;Negative",,"","","TTS_Carey_1to2_years_Mood_General_Impressions"
tts_carey_mood_z_score,Float,0,,Recommended,"TTS, Carey Temperament Scales, Toddler Temperament Scale (1 and 2 Year Olds), Mood Z Score","",,"","","TTS_Carey_1to2_years_Mood_Z_Score"
tts_carey_persist_category_sc,Float,0,,Recommended,"TTS, Carey Temperament Scales, Toddler Temperament Scale (1 and 2 Year Olds), Persistence Category Score","",,"","","TTS_Carey_1to2_years_Persistence_Category_Score"
tts_carey_persist_gen_impress,String,10,,Recommended,"TTS, Carey Temperament Scales, Toddler Temperament Scale (1 and 2 Year Olds), Parent General Impressions Rating of Child Persistence (Often, Rarely)","Often;Rarely",,"","","TTS_Carey_1to2_years_Persistence_General_Impressions"
tts_carey_question_32,String,2,,Recommended,"TTS, Carey Temperament Scales, Toddler Temperament Scale (1 and 2 Year Olds), Question 32 (1=Almost Never, 2=Rarely, 3=Variable, Usually Does Not, 4=Variable, Usually Does, 5=Frequently, 6=Almost Always, NA=Not Provided)","1;2;3;4;5;6;NA",,"","","TTS_Carey_1to2_years_Question_32"
tts_carey_question_33,String,2,,Recommended,"TTS, Carey Temperament Scales, Toddler Temperament Scale (1 and 2 Year Olds), Question 33 (1=Almost Never, 2=Rarely, 3=Variable, Usually Does Not, 4=Variable, Usually Does, 5=Frequently, 6=Almost Always, NA=Not Provided)","1;2;3;4;5;6;NA",,"","","TTS_Carey_1to2_years_Question_33"
tts_carey_question_34,String,2,,Recommended,"TTS, Carey Temperament Scales, Toddler Temperament Scale (1 and 2 Year Olds), Question 34 (1=Almost Never, 2=Rarely, 3=Variable, Usually Does Not, 4=Variable, Usually Does, 5=Frequently, 6=Almost Always, NA=Not Provided)","1;2;3;4;5;6;NA",,"","","TTS_Carey_1to2_years_Question_34"
tts_carey_question_35,String,2,,Recommended,"TTS, Carey Temperament Scales, Toddler Temperament Scale (1 and 2 Year Olds), Question 35 (1=Almost Never, 2=Rarely, 3=Variable, Usually Does Not, 4=Variable, Usually Does, 5=Frequently, 6=Almost Always, NA=Not Provided)","1;2;3;4;5;6;NA",,"","","TTS_Carey_1to2_years_Question_35"
tts_carey_question_36,String,2,,Recommended,"TTS, Carey Temperament Scales, Toddler Temperament Scale (1 and 2 Year Olds), Question 36 (1=Almost Never, 2=Rarely, 3=Variable, Usually Does Not, 4=Variable, Usually Does, 5=Frequently, 6=Almost Always, NA=Not Provided)","1;2;3;4;5;6;NA",,"","","TTS_Carey_1to2_years_Question_36"
tts_carey_question_37,String,2,,Recommended,"TTS, Carey Temperament Scales, Toddler Temperament Scale (1 and 2 Year Olds), Question 37 (1=Almost Never, 2=Rarely, 3=Variable, Usually Does Not, 4=Variable, Usually Does, 5=Frequently, 6=Almost Always, NA=Not Provided)","1;2;3;4;5;6;NA",,"","","TTS_Carey_1to2_years_Question_37"
tts_carey_question_38,String,2,,Recommended,"TTS, Carey Temperament Scales, Toddler Temperament Scale (1 and 2 Year Olds), Question 38 (1=Almost Never, 2=Rarely, 3=Variable, Usually Does Not, 4=Variable, Usually Does, 5=Frequently, 6=Almost Always, NA=Not Provided)","1;2;3;4;5;6;NA",,"","","TTS_Carey_1to2_years_Question_38"
tts_carey_question_39,String,2,,Recommended,"TTS, Carey Temperament Scales, Toddler Temperament Scale (1 and 2 Year Olds), Question 39 (1=Almost Never, 2=Rarely, 3=Variable, Usually Does Not, 4=Variable, Usually Does, 5=Frequently, 6=Almost Always, NA=Not Provided)","1;2;3;4;5;6;NA",,"","","TTS_Carey_1to2_years_Question_39"
tts_carey_question_4,String,2,,Recommended,"TTS, Carey Temperament Scales, Toddler Temperament Scale (1 and 2 Year Olds), Question 4 (1=Almost Never, 2=Rarely, 3=Variable, Usually Does Not, 4=Variable, Usually Does, 5=Frequently, 6=Almost Always, NA=Not Provided)","1;2;3;4;5;6;NA",,"","","TTS_Carey_1to2_years_Question_4"
tts_carey_question_40,String,2,,Recommended,"TTS, Carey Temperament Scales, Toddler Temperament Scale (1 and 2 Year Olds), Question 40 (1=Almost Never, 2=Rarely, 3=Variable, Usually Does Not, 4=Variable, Usually Does, 5=Frequently, 6=Almost Always, NA=Not Provided)","1;2;3;4;5;6;NA",,"","","TTS_Carey_1to2_years_Question_40"
tts_carey_question_41,String,2,,Recommended,"TTS, Carey Temperament Scales, Toddler Temperament Scale (1 and 2 Year Olds), Question 41 (1=Almost Never, 2=Rarely, 3=Variable, Usually Does Not, 4=Variable, Usually Does, 5=Frequently, 6=Almost Always, NA=Not Provided)","1;2;3;4;5;6;NA",,"","","TTS_Carey_1to2_years_Question_41"
tts_carey_question_42,String,2,,Recommended,"TTS, Carey Temperament Scales, Toddler Temperament Scale (1 and 2 Year Olds), Question 42 (1=Almost Never, 2=Rarely, 3=Variable, Usually Does Not, 4=Variable, Usually Does, 5=Frequently, 6=Almost Always, NA=Not Provided)","1;2;3;4;5;6;NA",,"","","TTS_Carey_1to2_years_Question_42"
tts_carey_question_43,String,2,,Recommended,"TTS, Carey Temperament Scales, Toddler Temperament Scale (1 and 2 Year Olds), Question 43 (1=Almost Never, 2=Rarely, 3=Variable, Usually Does Not, 4=Variable, Usually Does, 5=Frequently, 6=Almost Always, NA=Not Provided)","1;2;3;4;5;6;NA",,"","","TTS_Carey_1to2_years_Question_43"
tts_carey_question_44,String,2,,Recommended,"TTS, Carey Temperament Scales, Toddler Temperament Scale (1 and 2 Year Olds), Question 44 (1=Almost Never, 2=Rarely, 3=Variable, Usually Does Not, 4=Variable, Usually Does, 5=Frequently, 6=Almost Always, NA=Not Provided)","1;2;3;4;5;6;NA",,"","","TTS_Carey_1to2_years_Question_44"
tts_carey_question_45,String,2,,Recommended,"TTS, Carey Temperament Scales, Toddler Temperament Scale (1 and 2 Year Olds), Question 45 (1=Almost Never, 2=Rarely, 3=Variable, Usually Does Not, 4=Variable, Usually Does, 5=Frequently, 6=Almost Always, NA=Not Provided)","1;2;3;4;5;6;NA",,"","","TTS_Carey_1to2_years_Question_45"
tts_carey_question_46,String,2,,Recommended,"TTS, Carey Temperament Scales, Toddler Temperament Scale (1 and 2 Year Olds), Question 46 (1=Almost Never, 2=Rarely, 3=Variable, Usually Does Not, 4=Variable, Usually Does, 5=Frequently, 6=Almost Always, NA=Not Provided)","1;2;3;4;5;6;NA",,"","","TTS_Carey_1to2_years_Question_46"
tts_carey_question_47,String,2,,Recommended,"TTS, Carey Temperament Scales, Toddler Temperament Scale (1 and 2 Year Olds), Question 47 (1=Almost Never, 2=Rarely, 3=Variable, Usually Does Not, 4=Variable, Usually Does, 5=Frequently, 6=Almost Always, NA=Not Provided)","1;2;3;4;5;6;NA",,"","","TTS_Carey_1to2_years_Question_47"
tts_carey_question_48,String,2,,Recommended,"TTS, Carey Temperament Scales, Toddler Temperament Scale (1 and 2 Year Olds), Question 48 (1=Almost Never, 2=Rarely, 3=Variable, Usually Does Not, 4=Variable, Usually Does, 5=Frequently, 6=Almost Always, NA=Not Provided)","1;2;3;4;5;6;NA",,"","","TTS_Carey_1to2_years_Question_48"
tts_carey_question_49,String,2,,Recommended,"TTS, Carey Temperament Scales, Toddler Temperament Scale (1 and 2 Year Olds), Question 49 (1=Almost Never, 2=Rarely, 3=Variable, Usually Does Not, 4=Variable, Usually Does, 5=Frequently, 6=Almost Always, NA=Not Provided)","1;2;3;4;5;6;NA",,"","","TTS_Carey_1to2_years_Question_49"
tts_carey_question_5,String,2,,Recommended,"TTS, Carey Temperament Scales, Toddler Temperament Scale (1 and 2 Year Olds), Question 5 (1=Almost Never, 2=Rarely, 3=Variable, Usually Does Not, 4=Variable, Usually Does, 5=Frequently, 6=Almost Always, NA=Not Provided)","1;2;3;4;5;6;NA",,"","","TTS_Carey_1to2_years_Question_5"
tts_carey_question_50,String,2,,Recommended,"TTS, Carey Temperament Scales, Toddler Temperament Scale (1 and 2 Year Olds), Question 50 (1=Almost Never, 2=Rarely, 3=Variable, Usually Does Not, 4=Variable, Usually Does, 5=Frequently, 6=Almost Always, NA=Not Provided)","1;2;3;4;5;6;NA",,"","","TTS_Carey_1to2_years_Question_50"
tts_carey_question_51,String,2,,Recommended,"TTS, Carey Temperament Scales, Toddler Temperament Scale (1 and 2 Year Olds), Question 51 (1=Almost Never, 2=Rarely, 3=Variable, Usually Does Not, 4=Variable, Usually Does, 5=Frequently, 6=Almost Always, NA=Not Provided)","1;2;3;4;5;6;NA",,"","","TTS_Carey_1to2_years_Question_51"
tts_carey_question_52,String,2,,Recommended,"TTS, Carey Temperament Scales, Toddler Temperament Scale (1 and 2 Year Olds), Question 52 (1=Almost Never, 2=Rarely, 3=Variable, Usually Does Not, 4=Variable, Usually Does, 5=Frequently, 6=Almost Always, NA=Not Provided)","1;2;3;4;5;6;NA",,"","","TTS_Carey_1to2_years_Question_52"
tts_carey_question_53,String,2,,Recommended,"TTS, Carey Temperament Scales, Toddler Temperament Scale (1 and 2 Year Olds), Question 53 (1=Almost Never, 2=Rarely, 3=Variable, Usually Does Not, 4=Variable, Usually Does, 5=Frequently, 6=Almost Always, NA=Not Provided)","1;2;3;4;5;6;NA",,"","","TTS_Carey_1to2_years_Question_53"
tts_carey_question_54,String,2,,Recommended,"TTS, Carey Temperament Scales, Toddler Temperament Scale (1 and 2 Year Olds), Question 54 (1=Almost Never, 2=Rarely, 3=Variable, Usually Does Not, 4=Variable, Usually Does, 5=Frequently, 6=Almost Always, NA=Not Provided)","1;2;3;4;5;6;NA",,"","","TTS_Carey_1to2_years_Question_54"
tts_carey_question_55,String,2,,Recommended,"TTS, Carey Temperament Scales, Toddler Temperament Scale (1 and 2 Year Olds), Question 55 (1=Almost Never, 2=Rarely, 3=Variable, Usually Does Not, 4=Variable, Usually Does, 5=Frequently, 6=Almost Always, NA=Not Provided)","1;2;3;4;5;6;NA",,"","","TTS_Carey_1to2_years_Question_55"
tts_carey_question_56,String,2,,Recommended,"TTS, Carey Temperament Scales, Toddler Temperament Scale (1 and 2 Year Olds), Question 56 (1=Almost Never, 2=Rarely, 3=Variable, Usually Does Not, 4=Variable, Usually Does, 5=Frequently, 6=Almost Always, NA=Not Provided)","1;2;3;4;5;6;NA",,"","","TTS_Carey_1to2_years_Question_56"
tts_carey_question_57,String,2,,Recommended,"TTS, Carey Temperament Scales, Toddler Temperament Scale (1 and 2 Year Olds), Question 57 (1=Almost Never, 2=Rarely, 3=Variable, Usually Does Not, 4=Variable, Usually Does, 5=Frequently, 6=Almost Always, NA=Not Provided)","1;2;3;4;5;6;NA",,"","","TTS_Carey_1to2_years_Question_57"
tts_carey_question_58,String,2,,Recommended,"TTS, Carey Temperament Scales, Toddler Temperament Scale (1 and 2 Year Olds), Question 58 (1=Almost Never, 2=Rarely, 3=Variable, Usually Does Not, 4=Variable, Usually Does, 5=Frequently, 6=Almost Always, NA=Not Provided)","1;2;3;4;5;6;NA",,"","","TTS_Carey_1to2_years_Question_58"
tts_carey_question_59,String,2,,Recommended,"TTS, Carey Temperament Scales, Toddler Temperament Scale (1 and 2 Year Olds), Question 59 (1=Almost Never, 2=Rarely, 3=Variable, Usually Does Not, 4=Variable, Usually Does, 5=Frequently, 6=Almost Always, NA=Not Provided)","1;2;3;4;5;6;NA",,"","","TTS_Carey_1to2_years_Question_59"
tts_carey_question_6,String,2,,Recommended,"TTS, Carey Temperament Scales, Toddler Temperament Scale (1 and 2 Year Olds), Question 6 (1=Almost Never, 2=Rarely, 3=Variable, Usually Does Not, 4=Variable, Usually Does, 5=Frequently, 6=Almost Always, NA=Not Provided)","1;2;3;4;5;6;NA",,"","","TTS_Carey_1to2_years_Question_6"
tts_carey_question_60,String,2,,Recommended,"TTS, Carey Temperament Scales, Toddler Temperament Scale (1 and 2 Year Olds), Question 60 (1=Almost Never, 2=Rarely, 3=Variable, Usually Does Not, 4=Variable, Usually Does, 5=Frequently, 6=Almost Always, NA=Not Provided)","1;2;3;4;5;6;NA",,"","","TTS_Carey_1to2_years_Question_60"
