ElementName,DataType,Size,Unit,Required,ElementDescription,ValueRange,Keywords,Notes,Section,Aliases
subjectkey,GUID,0,,Optional,"The NDAR Global Unique Identifier (GUID) for subjects which identifies a subject in NDAR","NDAR*",,"","",""
admin_status,String,20,,Recommended,"Instrument administration status","Complete;Partial;Not Administered;Not Applicable",,"","","EITQ_Carey_1to4_months_Administration_Status"
src_subject_id,String,20,,Recommended,"The site's subject identification","",,"","","Subject_ID"
age_in_days_dot_to_edc,Integer,0,,Recommended,"Age in days obtained by subtracting the Expected Date of Confinement (EDC/Due Date) from the date of test","",,"","","EITQ_Carey_1to4_months_Age_in_Days_DOT_to_EDC"
timepoint_label,String,5,,Recommended,"User-defined timepoint/visit label - a label selected by the site at the time of registration of a new timepoint into the database.  This label is used to group all the instruments administered to a subject at a given timepoint.","",,"","","Timepoint_Label"
eitq_carey_activ_category_sc,Float,0,,Recommended,"EITQ Carey Temperament Scales, Early Infancy Temperament Questionnaire (1 to 4 months) Activity Category Score","",,"","","EITQ_Carey_1to4_months_Activity_Category_Score"
eitq_carey_activ_gen_impress,String,10,,Recommended,"EITQ Carey Temperament Scales, Early Infancy Temperament Questionnaire (1 to 4 months) Parent General Impressions Rating of Child Activity (Active, Inactive) ","Active;Inactive",,"","","EITQ_Carey_1to4_months_Activity_General_Impressions"
eitq_carey_approach_z_score,Float,0,,Recommended,"EITQ Carey Temperament Scales, Early Infancy Temperament Questionnaire (1 to 4 months) Approach Z Score (First Reaction)","",,"","","EITQ_Carey_1to4_months_Approach_Z_Score"
eitq_carey_distrct_gen_impress,String,10,,Recommended,"EITQ Carey Temperament Scales, Early Infancy Temperament Questionnaire (1 to 4 months) Parent General Impressions Rating of Child Distractibility (Rarely, Often)","Rarely;Often",,"","","EITQ_Carey_1to4_months_Distractibility_General_Impressions,EITQ_Carey_1to4_months_Distractibility_General_Impressi"
eitq_carey_gen_impress_q_3,String,2,,Recommended,"EITQ Carey Temperament Scales, Early Infancy Temperament Questionnaire (1 to 4 months) Parent General Impressions Rating Question 3 ","1;2;3;4;5;6;NA",,"","","EITQ_Carey_1to4_months_General_Impressions_Question_3"
eitq_carey_gen_impress_q_5,String,2,,Recommended,"EITQ Carey Temperament Scales, Early Infancy Temperament Questionnaire (1 to 4 months) Parent General Impressions Rating Question 5 (1=Very Mild, 2=Mild, 3=Somewhat Mild, 4=Somewhat Intense, 5=Intense, 6=Very Intense, NA=Not Provided)","1;2;3;4;5;6;NA",,"","","EITQ_Carey_1to4_months_General_Impressions_Question_5"
eitq_carey_intens_gen_impress,String,10,,Recommended,"EITQ Carey Temperament Scales, Early Infancy Temperament Questionnaire (1 to 4 months) Parent General Impressions Rating of Child Intensity (Strength of Reaction) (Mild, Intense)","Mild;Intense",,"","","EITQ_Carey_1to4_months_Intensity_General_Impressions"
eitq_carey_mood_category_score,Float,0,,Recommended,"EITQ Carey Temperament Scales, Early Infancy Temperament Questionnaire (1 to 4 months) Mood Category Score","",,"","","EITQ_Carey_1to4_months_Mood_Category_Score"
eitq_carey_persist_category_sc,Float,0,,Recommended,"EITQ Carey Temperament Scales, Early Infancy Temperament Questionnaire (1 to 4 months) Persistence Category Score","",,"","","EITQ_Carey_1to4_months_Persistence_Category_Score"
eitq_carey_question_12,String,2,,Recommended,"EITQ Carey Temperament Scales, Early Infancy Temperament Questionnaire (1 to 4 months), Question 12 (1=Almost Never, 2=Rarely, 3=Variable, Usually Does Not, 4=Variable, Usually Does, 5=Frequently, 6=Almost Always, NA=Not Provided)","1;2;3;4;5;6;NA",,"","","EITQ_Carey_1to4_months_Question_12"
eitq_carey_question_13,String,2,,Recommended,"EITQ Carey Temperament Scales, Early Infancy Temperament Questionnaire (1 to 4 months), Question 13 (1=Almost Never, 2=Rarely, 3=Variable, Usually Does Not, 4=Variable, Usually Does, 5=Frequently, 6=Almost Always, NA=Not Provided)","1;2;3;4;5;6;NA",,"","","EITQ_Carey_1to4_months_Question_13"
eitq_carey_question_20,String,2,,Recommended,"EITQ Carey Temperament Scales, Early Infancy Temperament Questionnaire (1 to 4 months), Question 20 (1=Almost Never, 2=Rarely, 3=Variable, Usually Does Not, 4=Variable, Usually Does, 5=Frequently, 6=Almost Always, NA=Not Provided)","1;2;3;4;5;6;NA",,"","","EITQ_Carey_1to4_months_Question_20"
eitq_carey_question_21,String,2,,Recommended,"EITQ Carey Temperament Scales, Early Infancy Temperament Questionnaire (1 to 4 months), Question 21 (1=Almost Never, 2=Rarely, 3=Variable, Usually Does Not, 4=Variable, Usually Does, 5=Frequently, 6=Almost Always, NA=Not Provided)","1;2;3;4;5;6;NA",,"","","EITQ_Carey_1to4_months_Question_21"
eitq_carey_question_22,String,2,,Recommended,"EITQ Carey Temperament Scales, Early Infancy Temperament Questionnaire (1 to 4 months), Question 22 (1=Almost Never, 2=Rarely, 3=Variable, Usually Does Not, 4=Variable, Usually Does, 5=Frequently, 6=Almost Always, NA=Not Provided)","1;2;3;4;5;6;NA",,"","","EITQ_Carey_1to4_months_Question_22"
eitq_carey_question_23,String,2,,Recommended,"EITQ Carey Temperament Scales, Early Infancy Temperament Questionnaire (1 to 4 months), Question 23 (1=Almost Never, 2=Rarely, 3=Variable, Usually Does Not, 4=Variable, Usually Does, 5=Frequently, 6=Almost Always, NA=Not Provided)","1;2;3;4;5;6;NA",,"","","EITQ_Carey_1to4_months_Question_23"
eitq_carey_question_24,String,2,,Recommended,"EITQ Carey Temperament Scales, Early Infancy Temperament Questionnaire (1 to 4 months), Question 24 (1=Almost Never, 2=Rarely, 3=Variable, Usually Does Not, 4=Variable, Usually Does, 5=Frequently, 6=Almost Always, NA=Not Provided)","1;2;3;4;5;6;NA",,"","","EITQ_Carey_1to4_months_Question_24"
eitq_carey_question_26,String,2,,Recommended,"EITQ Carey Temperament Scales, Early Infancy Temperament Questionnaire (1 to 4 months), Question 26 (1=Almost Never, 2=Rarely, 3=Variable, Usually Does Not, 4=Variable, Usually Does, 5=Frequently, 6=Almost Always, NA=Not Provided)","1;2;3;4;5;6;NA",,"","","EITQ_Carey_1to4_months_Question_26"
eitq_carey_question_27,String,2,,Recommended,"EITQ Carey Temperament Scales, Early Infancy Temperament Questionnaire (1 to 4 months), Question 27 (1=Almost Never, 2=Rarely, 3=Variable, Usually Does Not, 4=Variable, Usually Does, 5=Frequently, 6=Almost Always, NA=Not Provided)","1;2;3;4;5;6;NA",,"","","EITQ_Carey_1to4_months_Question_27"
eitq_carey_question_30,String,2,,Recommended,"EITQ Carey Temperament Scales, Early Infancy Temperament Questionnaire (1 to 4 months), Question 30 (1=Almost Never, 2=Rarely, 3=Variable, Usually Does Not, 4=Variable, Usually Does, 5=Frequently, 6=Almost Always, NA=Not Provided)","1;2;3;4;5;6;NA",,"","","EITQ_Carey_1to4_months_Question_30"
eitq_carey_question_32,String,2,,Recommended,"EITQ Carey Temperament Scales, Early Infancy Temperament Questionnaire (1 to 4 months), Question 32 (1=Almost Never, 2=Rarely, 3=Variable, Usually Does Not, 4=Variable, Usually Does, 5=Frequently, 6=Almost Always, NA=Not Provided)","1;2;3;4;5;6;NA",,"","","EITQ_Carey_1to4_months_Question_32"
eitq_carey_question_33,String,2,,Recommended,"EITQ Carey Temperament Scales, Early Infancy Temperament Questionnaire (1 to 4 months), Question 33 (1=Almost Never, 2=Rarely, 3=Variable, Usually Does Not, 4=Variable, Usually Does, 5=Frequently, 6=Almost Always, NA=Not Provided)","1;2;3;4;5;6;NA",,"","","EITQ_Carey_1to4_months_Question_33"
eitq_carey_question_36,String,2,,Recommended,"EITQ Carey Temperament Scales, Early Infancy Temperament Questionnaire (1 to 4 months), Question 36 (1=Almost Never, 2=Rarely, 3=Variable, Usually Does Not, 4=Variable, Usually Does, 5=Frequently, 6=Almost Always, NA=Not Provided)","1;2;3;4;5;6;NA",,"","","EITQ_Carey_1to4_months_Question_36"
eitq_carey_question_37,String,2,,Recommended,"EITQ Carey Temperament Scales, Early Infancy Temperament Questionnaire (1 to 4 months), Question 37 (1=Almost Never, 2=Rarely, 3=Variable, Usually Does Not, 4=Variable, Usually Does, 5=Frequently, 6=Almost Always, NA=Not Provided)","1;2;3;4;5;6;NA",,"","","EITQ_Carey_1to4_months_Question_37"
eitq_carey_question_39,String,2,,Recommended,"EITQ Carey Temperament Scales, Early Infancy Temperament Questionnaire (1 to 4 months), Question 39 (1=Almost Never, 2=Rarely, 3=Variable, Usually Does Not, 4=Variable, Usually Does, 5=Frequently, 6=Almost Always, NA=Not Provided)","1;2;3;4;5;6;NA",,"","","EITQ_Carey_1to4_months_Question_39"
eitq_carey_question_4,String,2,,Recommended,"EITQ Carey Temperament Scales, Early Infancy Temperament Questionnaire (1 to 4 months), Question 4 (1=Almost Never, 2=Rarely, 3=Variable, Usually Does Not, 4=Variable, Usually Does, 5=Frequently, 6=Almost Always, NA=Not Provided)","1;2;3;4;5;6;NA",,"","","EITQ_Carey_1to4_months_Question_4"
eitq_carey_question_40,String,2,,Recommended,"EITQ Carey Temperament Scales, Early Infancy Temperament Questionnaire (1 to 4 months), Question 40 (1=Almost Never, 2=Rarely, 3=Variable, Usually Does Not, 4=Variable, Usually Does, 5=Frequently, 6=Almost Always, NA=Not Provided)","1;2;3;4;5;6;NA",,"","","EITQ_Carey_1to4_months_Question_40"
eitq_carey_question_41,String,2,,Recommended,"EITQ Carey Temperament Scales, Early Infancy Temperament Questionnaire (1 to 4 months), Question 41 (1=Almost Never, 2=Rarely, 3=Variable, Usually Does Not, 4=Variable, Usually Does, 5=Frequently, 6=Almost Always, NA=Not Provided)","1;2;3;4;5;6;NA",,"","","EITQ_Carey_1to4_months_Question_41"
eitq_carey_question_42,String,2,,Recommended,"EITQ Carey Temperament Scales, Early Infancy Temperament Questionnaire (1 to 4 months), Question 42 (1=Almost Never, 2=Rarely, 3=Variable, Usually Does Not, 4=Variable, Usually Does, 5=Frequently, 6=Almost Always, NA=Not Provided)","1;2;3;4;5;6;NA",,"","","EITQ_Carey_1to4_months_Question_42"
eitq_carey_question_43,String,2,,Recommended,"EITQ Carey Temperament Scales, Early Infancy Temperament Questionnaire (1 to 4 months), Question 43 (1=Almost Never, 2=Rarely, 3=Variable, Usually Does Not, 4=Variable, Usually Does, 5=Frequently, 6=Almost Always, NA=Not Provided)","1;2;3;4;5;6;NA",,"","","EITQ_Carey_1to4_months_Question_43"
eitq_carey_question_44,String,2,,Recommended,"EITQ Carey Temperament Scales, Early Infancy Temperament Questionnaire (1 to 4 months), Question 44 (1=Almost Never, 2=Rarely, 3=Variable, Usually Does Not, 4=Variable, Usually Does, 5=Frequently, 6=Almost Always, NA=Not Provided)","1;2;3;4;5;6;NA",,"","","EITQ_Carey_1to4_months_Question_44"
eitq_carey_question_45,String,2,,Recommended,"EITQ Carey Temperament Scales, Early Infancy Temperament Questionnaire (1 to 4 months), Question 45 (1=Almost Never, 2=Rarely, 3=Variable, Usually Does Not, 4=Variable, Usually Does, 5=Frequently, 6=Almost Always, NA=Not Provided)","1;2;3;4;5;6;NA",,"","","EITQ_Carey_1to4_months_Question_45"
eitq_carey_question_46,String,2,,Recommended,"EITQ Carey Temperament Scales, Early Infancy Temperament Questionnaire (1 to 4 months), Question 46 (1=Almost Never, 2=Rarely, 3=Variable, Usually Does Not, 4=Variable, Usually Does, 5=Frequently, 6=Almost Always, NA=Not Provided)","1;2;3;4;5;6;NA",,"","","EITQ_Carey_1to4_months_Question_46"
eitq_carey_question_47,String,2,,Recommended,"EITQ Carey Temperament Scales, Early Infancy Temperament Questionnaire (1 to 4 months), Question 47 (1=Almost Never, 2=Rarely, 3=Variable, Usually Does Not, 4=Variable, Usually Does, 5=Frequently, 6=Almost Always, NA=Not Provided)","1;2;3;4;5;6;NA",,"","","EITQ_Carey_1to4_months_Question_47"
eitq_carey_question_48,String,2,,Recommended,"EITQ Carey Temperament Scales, Early Infancy Temperament Questionnaire (1 to 4 months), Question 48 (1=Almost Never, 2=Rarely, 3=Variable, Usually Does Not, 4=Variable, Usually Does, 5=Frequently, 6=Almost Always, NA=Not Provided)","1;2;3;4;5;6;NA",,"","","EITQ_Carey_1to4_months_Question_48"
eitq_carey_question_49,String,2,,Recommended,"EITQ Carey Temperament Scales, Early Infancy Temperament Questionnaire (1 to 4 months), Question 49 (1=Almost Never, 2=Rarely, 3=Variable, Usually Does Not, 4=Variable, Usually Does, 5=Frequently, 6=Almost Always, NA=Not Provided)","1;2;3;4;5;6;NA",,"","","EITQ_Carey_1to4_months_Question_49"
eitq_carey_question_5,String,2,,Recommended,"EITQ Carey Temperament Scales, Early Infancy Temperament Questionnaire (1 to 4 months), Question 5 (1=Almost Never, 2=Rarely, 3=Variable, Usually Does Not, 4=Variable, Usually Does, 5=Frequently, 6=Almost Always, NA=Not Provided)","1;2;3;4;5;6;NA",,"","","EITQ_Carey_1to4_months_Question_5"
eitq_carey_question_50,String,2,,Recommended,"EITQ Carey Temperament Scales, Early Infancy Temperament Questionnaire (1 to 4 months), Question 50 (1=Almost Never, 2=Rarely, 3=Variable, Usually Does Not, 4=Variable, Usually Does, 5=Frequently, 6=Almost Always, NA=Not Provided)","1;2;3;4;5;6;NA",,"","","EITQ_Carey_1to4_months_Question_50"
eitq_carey_question_51,String,2,,Recommended,"EITQ Carey Temperament Scales, Early Infancy Temperament Questionnaire (1 to 4 months), Question 51 (1=Almost Never, 2=Rarely, 3=Variable, Usually Does Not, 4=Variable, Usually Does, 5=Frequently, 6=Almost Always, NA=Not Provided)","1;2;3;4;5;6;NA",,"","","EITQ_Carey_1to4_months_Question_51"
eitq_carey_question_52,String,2,,Recommended,"EITQ Carey Temperament Scales, Early Infancy Temperament Questionnaire (1 to 4 months), Question 52 (1=Almost Never, 2=Rarely, 3=Variable, Usually Does Not, 4=Variable, Usually Does, 5=Frequently, 6=Almost Always, NA=Not Provided)","1;2;3;4;5;6;NA",,"","","EITQ_Carey_1to4_months_Question_52"
eitq_carey_question_53,String,2,,Recommended,"EITQ Carey Temperament Scales, Early Infancy Temperament Questionnaire (1 to 4 months), Question 53 (1=Almost Never, 2=Rarely, 3=Variable, Usually Does Not, 4=Variable, Usually Does, 5=Frequently, 6=Almost Always, NA=Not Provided)","1;2;3;4;5;6;NA",,"","","EITQ_Carey_1to4_months_Question_53"
eitq_carey_question_54,String,2,,Recommended,"EITQ Carey Temperament Scales, Early Infancy Temperament Questionnaire (1 to 4 months), Question 54 (1=Almost Never, 2=Rarely, 3=Variable, Usually Does Not, 4=Variable, Usually Does, 5=Frequently, 6=Almost Always, NA=Not Provided)","1;2;3;4;5;6;NA",,"","","EITQ_Carey_1to4_months_Question_54"
eitq_carey_question_55,String,2,,Recommended,"EITQ Carey Temperament Scales, Early Infancy Temperament Questionnaire (1 to 4 months), Question 55 (1=Almost Never, 2=Rarely, 3=Variable, Usually Does Not, 4=Variable, Usually Does, 5=Frequently, 6=Almost Always, NA=Not Provided)","1;2;3;4;5;6;NA",,"","","EITQ_Carey_1to4_months_Question_55"
eitq_carey_question_56,String,2,,Recommended,"EITQ Carey Temperament Scales, Early Infancy Temperament Questionnaire (1 to 4 months), Question 56 (1=Almost Never, 2=Rarely, 3=Variable, Usually Does Not, 4=Variable, Usually Does, 5=Frequently, 6=Almost Always, NA=Not Provided)","1;2;3;4;5;6;NA",,"","","EITQ_Carey_1to4_months_Question_56"
eitq_carey_question_57,String,2,,Recommended,"EITQ Carey Temperament Scales, Early Infancy Temperament Questionnaire (1 to 4 months), Question 57 (1=Almost Never, 2=Rarely, 3=Variable, Usually Does Not, 4=Variable, Usually Does, 5=Frequently, 6=Almost Always, NA=Not Provided)","1;2;3;4;5;6;NA",,"","","EITQ_Carey_1to4_months_Question_57"
eitq_carey_question_58,String,2,,Recommended,"EITQ Carey Temperament Scales, Early Infancy Temperament Questionnaire (1 to 4 months), Question 58 (1=Almost Never, 2=Rarely, 3=Variable, Usually Does Not, 4=Variable, Usually Does, 5=Frequently, 6=Almost Always, NA=Not Provided)","1;2;3;4;5;6;NA",,"","","EITQ_Carey_1to4_months_Question_58"
eitq_carey_question_59,String,2,,Recommended,"EITQ Carey Temperament Scales, Early Infancy Temperament Questionnaire (1 to 4 months), Question 59 (1=Almost Never, 2=Rarely, 3=Variable, Usually Does Not, 4=Variable, Usually Does, 5=Frequently, 6=Almost Always, NA=Not Provided)","1;2;3;4;5;6;NA",,"","","EITQ_Carey_1to4_months_Question_59"
eitq_carey_question_6,String,2,,Recommended,"EITQ Carey Temperament Scales, Early Infancy Temperament Questionnaire (1 to 4 months), Question 6 (1=Almost Never, 2=Rarely, 3=Variable, Usually Does Not, 4=Variable, Usually Does, 5=Frequently, 6=Almost Always, NA=Not Provided)","1;2;3;4;5;6;NA",,"","","EITQ_Carey_1to4_months_Question_6"
eitq_carey_question_60,String,2,,Recommended,"EITQ Carey Temperament Scales, Early Infancy Temperament Questionnaire (1 to 4 months), Question 60 (1=Almost Never, 2=Rarely, 3=Variable, Usually Does Not, 4=Variable, Usually Does, 5=Frequently, 6=Almost Always, NA=Not Provided)","1;2;3;4;5;6;NA",,"","","EITQ_Carey_1to4_months_Question_60"
eitq_carey_question_61,String,2,,Recommended,"EITQ Carey Temperament Scales, Early Infancy Temperament Questionnaire (1 to 4 months), Question 61 (1=Almost Never, 2=Rarely, 3=Variable, Usually Does Not, 4=Variable, Usually Does, 5=Frequently, 6=Almost Always, NA=Not Provided)","1;2;3;4;5;6;NA",,"","","EITQ_Carey_1to4_months_Question_61"
eitq_carey_question_62,String,2,,Recommended,"EITQ Carey Temperament Scales, Early Infancy Temperament Questionnaire (1 to 4 months), Question 62 (1=Almost Never, 2=Rarely, 3=Variable, Usually Does Not, 4=Variable, Usually Does, 5=Frequently, 6=Almost Always, NA=Not Provided)","1;2;3;4;5;6;NA",,"","","EITQ_Carey_1to4_months_Question_62"
eitq_carey_question_63,String,2,,Recommended,"EITQ Carey Temperament Scales, Early Infancy Temperament Questionnaire (1 to 4 months), Question 63 (1=Almost Never, 2=Rarely, 3=Variable, Usually Does Not, 4=Variable, Usually Does, 5=Frequently, 6=Almost Always, NA=Not Provided)","1;2;3;4;5;6;NA",,"","","EITQ_Carey_1to4_months_Question_63"
eitq_carey_question_64,String,2,,Recommended,"EITQ Carey Temperament Scales, Early Infancy Temperament Questionnaire (1 to 4 months), Question 64 (1=Almost Never, 2=Rarely, 3=Variable, Usually Does Not, 4=Variable, Usually Does, 5=Frequently, 6=Almost Always, NA=Not Provided)","1;2;3;4;5;6;NA",,"","","EITQ_Carey_1to4_months_Question_64"
eitq_carey_question_65,String,2,,Recommended,"EITQ Carey Temperament Scales, Early Infancy Temperament Questionnaire (1 to 4 months), Question 65 (1=Almost Never, 2=Rarely, 3=Variable, Usually Does Not, 4=Variable, Usually Does, 5=Frequently, 6=Almost Always, NA=Not Provided)","1;2;3;4;5;6;NA",,"","","EITQ_Carey_1to4_months_Question_65"
eitq_carey_question_66,String,2,,Recommended,"EITQ Carey Temperament Scales, Early Infancy Temperament Questionnaire (1 to 4 months), Question 66 (1=Almost Never, 2=Rarely, 3=Variable, Usually Does Not, 4=Variable, Usually Does, 5=Frequently, 6=Almost Always, NA=Not Provided)","1;2;3;4;5;6;NA",,"","","EITQ_Carey_1to4_months_Question_66"
eitq_carey_question_67,String,2,,Recommended,"EITQ Carey Temperament Scales, Early Infancy Temperament Questionnaire (1 to 4 months), Question 67 (1=Almost Never, 2=Rarely, 3=Variable, Usually Does Not, 4=Variable, Usually Does, 5=Frequently, 6=Almost Always, NA=Not Provided)","1;2;3;4;5;6;NA",,"","","EITQ_Carey_1to4_months_Question_67"
eitq_carey_question_68,String,2,,Recommended,"EITQ Carey Temperament Scales, Early Infancy Temperament Questionnaire (1 to 4 months), Question 68 (1=Almost Never, 2=Rarely, 3=Variable, Usually Does Not, 4=Variable, Usually Does, 5=Frequently, 6=Almost Always, NA=Not Provided)","1;2;3;4;5;6;NA",,"","","EITQ_Carey_1to4_months_Question_68"
eitq_carey_question_69,String,2,,Recommended,"EITQ Carey Temperament Scales, Early Infancy Temperament Questionnaire (1 to 4 months), Question 69 (1=Almost Never, 2=Rarely, 3=Variable, Usually Does Not, 4=Variable, Usually Does, 5=Frequently, 6=Almost Always, NA=Not Provided)","1;2;3;4;5;6;NA",,"","","EITQ_Carey_1to4_months_Question_69"
eitq_carey_question_7,String,2,,Recommended,"EITQ Carey Temperament Scales, Early Infancy Temperament Questionnaire (1 to 4 months), Question 7 (1=Almost Never, 2=Rarely, 3=Variable, Usually Does Not, 4=Variable, Usually Does, 5=Frequently, 6=Almost Always, NA=Not Provided)","1;2;3;4;5;6;NA",,"","","EITQ_Carey_1to4_months_Question_7"
eitq_carey_question_70,String,2,,Recommended,"EITQ Carey Temperament Scales, Early Infancy Temperament Questionnaire (1 to 4 months), Question 70 (1=Almost Never, 2=Rarely, 3=Variable, Usually Does Not, 4=Variable, Usually Does, 5=Frequently, 6=Almost Always, NA=Not Provided)","1;2;3;4;5;6;NA",,"","","EITQ_Carey_1to4_months_Question_70"
eitq_carey_question_71,String,2,,Recommended,"EITQ Carey Temperament Scales, Early Infancy Temperament Questionnaire (1 to 4 months), Question 71 (1=Almost Never, 2=Rarely, 3=Variable, Usually Does Not, 4=Variable, Usually Does, 5=Frequently, 6=Almost Always, NA=Not Provided)","1;2;3;4;5;6;NA",,"","","EITQ_Carey_1to4_months_Question_71"
eitq_carey_question_72,String,2,,Recommended,"EITQ Carey Temperament Scales, Early Infancy Temperament Questionnaire (1 to 4 months), Question 72 (1=Almost Never, 2=Rarely, 3=Variable, Usually Does Not, 4=Variable, Usually Does, 5=Frequently, 6=Almost Always, NA=Not Provided)","1;2;3;4;5;6;NA",,"","","EITQ_Carey_1to4_months_Question_72"
eitq_carey_question_73,String,2,,Recommended,"EITQ Carey Temperament Scales, Early Infancy Temperament Questionnaire (1 to 4 months), Question 73 (1=Almost Never, 2=Rarely, 3=Variable, Usually Does Not, 4=Variable, Usually Does, 5=Frequently, 6=Almost Always, NA=Not Provided)","1;2;3;4;5;6;NA",,"","","EITQ_Carey_1to4_months_Question_73"
eitq_carey_question_74,String,2,,Recommended,"EITQ Carey Temperament Scales, Early Infancy Temperament Questionnaire (1 to 4 months), Question 74 (1=Almost Never, 2=Rarely, 3=Variable, Usually Does Not, 4=Variable, Usually Does, 5=Frequently, 6=Almost Always, NA=Not Provided)","1;2;3;4;5;6;NA",,"","","EITQ_Carey_1to4_months_Question_74"
eitq_carey_question_75,String,2,,Recommended,"EITQ Carey Temperament Scales, Early Infancy Temperament Questionnaire (1 to 4 months), Question 75 (1=Almost Never, 2=Rarely, 3=Variable, Usually Does Not, 4=Variable, Usually Does, 5=Frequently, 6=Almost Always, NA=Not Provided)","1;2;3;4;5;6;NA",,"","","EITQ_Carey_1to4_months_Question_75"
eitq_carey_question_76,String,2,,Recommended,"EITQ Carey Temperament Scales, Early Infancy Temperament Questionnaire (1 to 4 months), Question 76 (1=Almost Never, 2=Rarely, 3=Variable, Usually Does Not, 4=Variable, Usually Does, 5=Frequently, 6=Almost Always, NA=Not Provided)","1;2;3;4;5;6;NA",,"","","EITQ_Carey_1to4_months_Question_76"
eitq_carey_question_8,String,2,,Recommended,"EITQ Carey Temperament Scales, Early Infancy Temperament Questionnaire (1 to 4 months), Question 8 (1=Almost Never, 2=Rarely, 3=Variable, Usually Does Not, 4=Variable, Usually Does, 5=Frequently, 6=Almost Always, NA=Not Provided)","1;2;3;4;5;6;NA",,"","","EITQ_Carey_1to4_months_Question_8"
eitq_carey_question_9,String,2,,Recommended,"EITQ Carey Temperament Scales, Early Infancy Temperament Questionnaire (1 to 4 months), Question 9 (1=Almost Never, 2=Rarely, 3=Variable, Usually Does Not, 4=Variable, Usually Does, 5=Frequently, 6=Almost Always, NA=Not Provided)","1;2;3;4;5;6;NA",,"","","EITQ_Carey_1to4_months_Question_9"
eitq_carey_rhythm_category_sc,Float,0,,Recommended,"EITQ Carey Temperament Scales, Early Infancy Temperament Questionnaire (1 to 4 months) Rhythmicity Category Score (Daily Cycles)","",,"","","EITQ_Carey_1to4_months_Rhythmicity_Category_Score"
eitq_carey_rhythm_gen_impress,String,20,,Recommended,"EITQ Carey Temperament Scales, Early Infancy Temperament Questionnaire (1 to 4 months) Parent General Impressions Rating of Child Rhythmicity (Daily Cycles) (Regular, Not Regular)","Regular;Not Regular",,"","","EITQ_Carey_1to4_months_Rhythmicity_General_Impressions"
eitq_carey_rhythmicity_z_score,Float,0,,Recommended,"EITQ Carey Temperament Scales, Early Infancy Temperament Questionnaire (1 to 4 months) Rhythmicity Z Score (Daily Cycles)","",,"","","EITQ_Carey_1to4_months_Rhythmicity_Z_Score"
eitq_carey_thresh_category_sc,Float,0,,Recommended,"EITQ Carey Temperament Scales, Early Infancy Temperament Questionnaire (1 to 4 months) Threshold Category Score (Sensory Reactivity)","",,"","","EITQ_Carey_1to4_months_Threshold_Category_Score"
eitq_carey_gen_impress_q_6,String,2,,Recommended,"EITQ Carey Temperament Scales, Early Infancy Temperament Questionnaire (1 to 4 months) Parent General Impressions Rating Question 6 ","1;2;3;4;5;6;NA",,"","","EITQ_Carey_1to4_months_General_Impressions_Question_6"
eitq_carey_activity_z_score,Float,0,,Recommended,"EITQ Carey Temperament Scales, Early Infancy Temperament Questionnaire (1 to 4 months) Activity Z Score","",,"","","EITQ_Carey_1to4_months_Activity_Z_Score"
eitq_carey_adapt_category_sc,Float,0,,Recommended,"EITQ Carey Temperament Scales, Early Infancy Temperament Questionnaire (1 to 4 months) Adaptability Category Score","",,"","","EITQ_Carey_1to4_months_Adaptability_Category_Score"
eitq_carey_adapt_gen_impress,String,10,,Recommended,"EITQ Carey Temperament Scales, Early Infancy Temperament Questionnaire (1 to 4 months) Parent General Impressions Rating of Child Adaptability (Quick, Gradual) ","Quick;Gradual",,"","","EITQ_Carey_1to4_months_Adaptability_General_Impressions"
eitq_carey_adaptability_z_sc,Float,0,,Recommended,"EITQ Carey Temperament Scales, Early Infancy Temperament Questionnaire (1 to 4 months) Adaptability Z Score","",,"","","EITQ_Carey_1to4_months_Adaptability_Z_Score"
eitq_carey_appr_category_score,Float,0,,Recommended,"EITQ Carey Temperament Scales, Early Infancy Temperament Questionnaire (1 to 4 months) Approach Category Score (First Reaction)","",,"","","EITQ_Carey_1to4_months_Approach_Category_Score"
eitq_carey_appr_gen_impress,String,20,,Recommended,"EITQ Carey Temperament Scales, Early Infancy Temperament Questionnaire (1 to 4 months) Parent General Impressions Rating of Child Approach (First Reaction) (Approaching, Cautious) ","Approaching;Cautious",,"","","EITQ_Carey_1to4_months_Approach_General_Impressions"
eitq_carey_distrct_category_sc,Float,0,,Recommended,"EITQ Carey Temperament Scales, Early Infancy Temperament Questionnaire (1 to 4 months) Distractibility Category Score","",,"","","EITQ_Carey_1to4_months_Distractibility_Category_Score"
eitq_carey_distract_z_score,Float,0,,Recommended,"EITQ Carey Temperament Scales, Early Infancy Temperament Questionnaire (1 to 4 months) Distractibility Z Score","",,"","","EITQ_Carey_1to4_months_Distractibility_Z_Score"
eitq_carey_gen_impress_q_1,String,2,,Recommended,"EITQ Carey Temperament Scales, Early Infancy Temperament Questionnaire (1 to 4 months) Parent General Impressions Rating Question 1 (1=Very Inactive, 2=Inactive, 3=Somewhat Inactive, 4=Somewhat Active, 5=Active, 6= Very Active; NA=Not Provided)","1;2;3;4;5;6;NA",,"","","EITQ_Carey_1to4_months_General_Impressions_Question_1"
eitq_carey_gen_impress_q_10,String,2,,Recommended,"EITQ Carey Temperament Scales, Early Infancy Temperament Questionnaire (1 to 4 months) Parent General Impressions Rating Question 10 (1=Very Easy, 2=Easy, 3=Somewhat Easy, 4=Somewhat Difficult, 5=Difficult, 6=Very Difficult, NA=Not Provided)","1;2;3;4;5;6;NA",,"","","EITQ_Carey_1to4_months_General_Impressions_Question_10"
eitq_carey_gen_impress_q_2,String,2,,Recommended,"EITQ Carey Temperament Scales, Early Infancy Temperament Questionnaire (1 to 4 months) Parent General Impressions Rating Question 2 (1=Very Regular, 2=Regular, 3=Somewhat Regular, 4=Somewhat Irregular, 5=Irregular, 6=Very Irregular, NA=Not Provided)","1;2;3;4;5;6;NA",,"","","EITQ_Carey_1to4_months_General_Impressions_Question_2"
eitq_carey_gen_impress_q_4,String,2,,Recommended,"EITQ Carey Temperament Scales, Early Infancy Temperament Questionnaire (1 to 4 months) Parent General Impressions Rating Question 4 ","1;2;3;4;5;6;NA",,"","","EITQ_Carey_1to4_months_General_Impressions_Question_4"
eitq_carey_gen_impress_q_7,String,2,,Recommended,"EITQ Carey Temperament Scales, Early Infancy Temperament Questionnaire (1 to 4 months) Parent General Impressions Rating Question 7 ","1;2;3;4;5;6;NA",,"","","EITQ_Carey_1to4_months_General_Impressions_Question_7"
eitq_carey_gen_impress_q_8,String,2,,Recommended,"EITQ Carey Temperament Scales, Early Infancy Temperament Questionnaire (1 to 4 months) Parent General Impressions Rating Question 8 ","1;2;3;4;5;6;NA",,"","","EITQ_Carey_1to4_months_General_Impressions_Question_8"
eitq_carey_gen_impress_q_9,String,2,,Recommended,"EITQ Carey Temperament Scales, Early Infancy Temperament Questionnaire (1 to 4 months) Parent General Impressions Rating Question 9 ","1;2;3;4;5;6;NA",,"","","EITQ_Carey_1to4_months_General_Impressions_Question_9"
eitq_carey_intens_category_sc,Float,0,,Recommended,"EITQ Carey Temperament Scales, Early Infancy Temperament Questionnaire (1 to 4 months) Intensity Category Score (Strength of Reaction)","",,"","","EITQ_Carey_1to4_months_Intensity_Category_Score"
eitq_carey_intensity_z_score,Float,0,,Recommended,"EITQ Carey Temperament Scales, Early Infancy Temperament Questionnaire (1 to 4 months) Intensity Z Score (Strength of Reaction)","",,"","","EITQ_Carey_1to4_months_Intensity_Z_Score"
eitq_carey_mood_gen_impress,String,10,,Recommended,"EITQ Carey Temperament Scales, Early Infancy Temperament Questionnaire (1 to 4 months) Parent General Impressions Rating of Child Mood (Positive, Negative)","Positive;Negative",,"","","EITQ_Carey_1to4_months_Mood_General_Impressions"
eitq_carey_mood_z_score,Float,0,,Recommended,"EITQ Carey Temperament Scales, Early Infancy Temperament Questionnaire (1 to 4 months) Mood Z Score","",,"","","EITQ_Carey_1to4_months_Mood_Z_Score"
eitq_carey_persist_gen_impress,String,10,,Recommended,"EITQ Carey Temperament Scales, Early Infancy Temperament Questionnaire (1 to 4 months) Parent General Impressions Rating of Child Persistence (Often, Rarely)","Often;Rarely",,"","","EITQ_Carey_1to4_months_Persistence_General_Impressions"
eitq_carey_persistence_z_score,Float,0,,Recommended,"EITQ Carey Temperament Scales, Early Infancy Temperament Questionnaire (1 to 4 months) Persistence Z Score","",,"","","EITQ_Carey_1to4_months_Persistence_Z_Score"
eitq_carey_question_1,String,2,,Recommended,"EITQ Carey Temperament Scales, Early Infancy Temperament Questionnaire (1 to 4 months), Question 1 (1=Almost Never, 2=Rarely, 3=Variable, Usually Does Not, 4=Variable, Usually Does, 5=Frequently, 6=Almost Always, NA=Not Provided)","1;2;3;4;5;6;NA",,"","","EITQ_Carey_1to4_months_Question_1"
eitq_carey_question_10,String,2,,Recommended,"EITQ Carey Temperament Scales, Early Infancy Temperament Questionnaire (1 to 4 months), Question 10 (1=Almost Never, 2=Rarely, 3=Variable, Usually Does Not, 4=Variable, Usually Does, 5=Frequently, 6=Almost Always, NA=Not Provided)","1;2;3;4;5;6;NA",,"","","EITQ_Carey_1to4_months_Question_10"
eitq_carey_question_11,String,2,,Recommended,"EITQ Carey Temperament Scales, Early Infancy Temperament Questionnaire (1 to 4 months), Question 11 (1=Almost Never, 2=Rarely, 3=Variable, Usually Does Not, 4=Variable, Usually Does, 5=Frequently, 6=Almost Always, NA=Not Provided)","1;2;3;4;5;6;NA",,"","","EITQ_Carey_1to4_months_Question_11"
eitq_carey_question_14,String,2,,Recommended,"EITQ Carey Temperament Scales, Early Infancy Temperament Questionnaire (1 to 4 months), Question 14 (1=Almost Never, 2=Rarely, 3=Variable, Usually Does Not, 4=Variable, Usually Does, 5=Frequently, 6=Almost Always, NA=Not Provided)","1;2;3;4;5;6;NA",,"","","EITQ_Carey_1to4_months_Question_14"
eitq_carey_question_15,String,2,,Recommended,"EITQ Carey Temperament Scales, Early Infancy Temperament Questionnaire (1 to 4 months), Question 15 (1=Almost Never, 2=Rarely, 3=Variable, Usually Does Not, 4=Variable, Usually Does, 5=Frequently, 6=Almost Always, NA=Not Provided)","1;2;3;4;5;6;NA",,"","","EITQ_Carey_1to4_months_Question_15"
eitq_carey_question_16,String,2,,Recommended,"EITQ Carey Temperament Scales, Early Infancy Temperament Questionnaire (1 to 4 months), Question 16 (1=Almost Never, 2=Rarely, 3=Variable, Usually Does Not, 4=Variable, Usually Does, 5=Frequently, 6=Almost Always, NA=Not Provided)","1;2;3;4;5;6;NA",,"","","EITQ_Carey_1to4_months_Question_16"
eitq_carey_question_17,String,2,,Recommended,"EITQ Carey Temperament Scales, Early Infancy Temperament Questionnaire (1 to 4 months), Question 17 (1=Almost Never, 2=Rarely, 3=Variable, Usually Does Not, 4=Variable, Usually Does, 5=Frequently, 6=Almost Always, NA=Not Provided)","1;2;3;4;5;6;NA",,"","","EITQ_Carey_1to4_months_Question_17"
eitq_carey_question_18,String,2,,Recommended,"EITQ Carey Temperament Scales, Early Infancy Temperament Questionnaire (1 to 4 months), Question 18 (1=Almost Never, 2=Rarely, 3=Variable, Usually Does Not, 4=Variable, Usually Does, 5=Frequently, 6=Almost Always, NA=Not Provided)","1;2;3;4;5;6;NA",,"","","EITQ_Carey_1to4_months_Question_18"
eitq_carey_question_19,String,2,,Recommended,"EITQ Carey Temperament Scales, Early Infancy Temperament Questionnaire (1 to 4 months), Question 19 (1=Almost Never, 2=Rarely, 3=Variable, Usually Does Not, 4=Variable, Usually Does, 5=Frequently, 6=Almost Always, NA=Not Provided)","1;2;3;4;5;6;NA",,"","","EITQ_Carey_1to4_months_Question_19"
eitq_carey_question_2,String,2,,Recommended,"EITQ Carey Temperament Scales, Early Infancy Temperament Questionnaire (1 to 4 months), Question 2 (1=Almost Never, 2=Rarely, 3=Variable, Usually Does Not, 4=Variable, Usually Does, 5=Frequently, 6=Almost Always, NA=Not Provided)","1;2;3;4;5;6;NA",,"","","EITQ_Carey_1to4_months_Question_2"
eitq_carey_question_25,String,2,,Recommended,"EITQ Carey Temperament Scales, Early Infancy Temperament Questionnaire (1 to 4 months), Question 25 (1=Almost Never, 2=Rarely, 3=Variable, Usually Does Not, 4=Variable, Usually Does, 5=Frequently, 6=Almost Always, NA=Not Provided)","1;2;3;4;5;6;NA",,"","","EITQ_Carey_1to4_months_Question_25"
eitq_carey_question_28,String,2,,Recommended,"EITQ Carey Temperament Scales, Early Infancy Temperament Questionnaire (1 to 4 months), Question 28 (1=Almost Never, 2=Rarely, 3=Variable, Usually Does Not, 4=Variable, Usually Does, 5=Frequently, 6=Almost Always, NA=Not Provided)","1;2;3;4;5;6;NA",,"","","EITQ_Carey_1to4_months_Question_28"
eitq_carey_question_29,String,2,,Recommended,"EITQ Carey Temperament Scales, Early Infancy Temperament Questionnaire (1 to 4 months), Question 29 (1=Almost Never, 2=Rarely, 3=Variable, Usually Does Not, 4=Variable, Usually Does, 5=Frequently, 6=Almost Always, NA=Not Provided)","1;2;3;4;5;6;NA",,"","","EITQ_Carey_1to4_months_Question_29"
eitq_carey_question_3,String,2,,Recommended,"EITQ Carey Temperament Scales, Early Infancy Temperament Questionnaire (1 to 4 months), Question 3 (1=Almost Never, 2=Rarely, 3=Variable, Usually Does Not, 4=Variable, Usually Does, 5=Frequently, 6=Almost Always, NA=Not Provided)","1;2;3;4;5;6;NA",,"","","EITQ_Carey_1to4_months_Question_3"
eitq_carey_question_31,String,2,,Recommended,"EITQ Carey Temperament Scales, Early Infancy Temperament Questionnaire (1 to 4 months), Question 31 (1=Almost Never, 2=Rarely, 3=Variable, Usually Does Not, 4=Variable, Usually Does, 5=Frequently, 6=Almost Always, NA=Not Provided)","1;2;3;4;5;6;NA",,"","","EITQ_Carey_1to4_months_Question_31"
eitq_carey_question_34,String,2,,Recommended,"EITQ Carey Temperament Scales, Early Infancy Temperament Questionnaire (1 to 4 months), Question 34 (1=Almost Never, 2=Rarely, 3=Variable, Usually Does Not, 4=Variable, Usually Does, 5=Frequently, 6=Almost Always, NA=Not Provided)","1;2;3;4;5;6;NA",,"","","EITQ_Carey_1to4_months_Question_34"
eitq_carey_question_35,String,2,,Recommended,"EITQ Carey Temperament Scales, Early Infancy Temperament Questionnaire (1 to 4 months), Question 35 (1=Almost Never, 2=Rarely, 3=Variable, Usually Does Not, 4=Variable, Usually Does, 5=Frequently, 6=Almost Always, NA=Not Provided)","1;2;3;4;5;6;NA",,"","","EITQ_Carey_1to4_months_Question_35"
eitq_carey_question_38,String,2,,Recommended,"EITQ Carey Temperament Scales, Early Infancy Temperament Questionnaire (1 to 4 months), Question 38 (1=Almost Never, 2=Rarely, 3=Variable, Usually Does Not, 4=Variable, Usually Does, 5=Frequently, 6=Almost Always, NA=Not Provided)","1;2;3;4;5;6;NA",,"","","EITQ_Carey_1to4_months_Question_38"
eitq_carey_thresh_gen_impress,String,20,,Recommended,"EITQ Carey Temperament Scales, Early Infancy Temperament Questionnaire (1 to 4 months) Parent General Impressions Rating of Child Threshold (Sensory Reactivity) (Nonreactive, Sensitive)","Nonreactive;Sensitive",,"","","EITQ_Carey_1to4_months_Threshold_General_Impressions"
eitq_carey_threshold_z_score,Float,0,,Recommended,"EITQ Carey Temperament Scales, Early Infancy Temperament Questionnaire (1 to 4 months) Threshold Z Score (Sensory Reactivity)","",,"","","EITQ_Carey_1to4_months_Threshold_Z_Score"
