ElementName,DataType,Size,Unit,Required,ElementDescription,ValueRange,Keywords,Notes,Section,Aliases
subjectkey,GUID,0,,Optional,"","NDAR*",,"","",""
admin_status,String,20,,Recommended,"","Complete;Partial;Not Administered;Not Applicable",,"","","WASI_Administration_Status"
src_subject_id,String,20,,Recommended,"","",,"","","Subject_ID"
age_days_dot_to_dob,Integer,0,,Recommended,"","",,"","","WASI_Age_days_DOT_To_DOB"
timepoint_label,String,5,,Recommended,"","",,"","","Timepoint_Label"
age,String,20,,Recommended,"","",,"","","WASI_Age"
wasi_block_10_score,String,2,,Recommended,"","0;4;5;6;7;NA",,"","","WASI_Block_10_Score"
wasi_block_11_score,String,2,,Recommended,"","0;4;5;6;7;NA",,"","","WASI_Block_11_Score"
wasi_block_12_score,String,2,,Recommended,"","0;4;5;6;7;NA",,"","","WASI_Block_12_Score"
wasi_block_13_score,String,2,,Recommended,"","0;4;5;6;7;NA",,"","","WASI_Block_13_Score"
wasi_block_1_score,String,2,,Recommended,"","0;1;2;NA",,"","","WASI_Block_1_Score"
wasi_block_2_score,String,2,,Recommended,"","0;1;2;NA",,"","","WASI_Block_2_Score"
wasi_block_3_score,String,2,,Recommended,"","0;1;2;NA",,"","","WASI_Block_3_Score"
wasi_block_4_score,String,2,,Recommended,"","0;1;2;NA",,"","","WASI_Block_4_Score"
wasi_block_5_score,String,2,,Recommended,"","0;4;5;6;7;NA",,"","","WASI_Block_5_Score"
wasi_block_6_score,String,2,,Recommended,"","0;4;5;6;7;NA",,"","","WASI_Block_6_Score"
wasi_block_7_score,String,2,,Recommended,"","0;4;5;6;7;NA",,"","","WASI_Block_7_Score"
wasi_block_correct_design12,String,2,,Recommended,"","Y;N;NA",,"","","WASI_Block_Correct_Design12"
wasi_block_correct_design13,String,2,,Recommended,"","Y;N;NA",,"","","WASI_Block_Correct_Design13"
wasi_block_correct_design2,String,2,,Recommended,"","Y;N;NA",,"","","WASI_Block_Correct_Design2"
wasi_block_correct_design3,String,2,,Recommended,"","Y;N;NA",,"","","WASI_Block_Correct_Design3"
wasi_block_correct_design8,String,2,,Recommended,"","Y;N;NA",,"","","WASI_Block_Correct_Design8"
wasi_block_time_design12,Integer,0,,Recommended,"","",,"","","WASI_Block_Time_Design12"
wasi_block_time_design13,Integer,0,,Recommended,"","",,"","","WASI_Block_Time_Design13"
wasi_block_time_design2_trial2,Integer,0,,Recommended,"","",,"","","WASI_Block_Time_Design2_Trial2"
wasi_block_time_design3_trial1,Integer,0,,Recommended,"","",,"","","WASI_Block_Time_Design3_Trial1"
wasi_block_time_design3_trial2,Integer,0,,Recommended,"","",,"","","WASI_Block_Time_Design3_Trial2"
wasi_full_scale_iq,Integer,0,,Recommended,"","",,"","","WASI_Full_Scale_IQ"
wasi_matrix_item10_response,String,2,,Recommended,"","1;2;3;4;5;DK;NA",,"","","WASI_Matrix_Item10_Response"
wasi_matrix_item10_score,String,2,,Recommended,"","0;1;NA",,"","","WASI_Matrix_Item10_Score"
wasi_matrix_item11_response,String,2,,Recommended,"","1;2;3;4;5;DK;NA",,"","","WASI_Matrix_Item11_Response"
wasi_matrix_item11_score,String,2,,Recommended,"","0;1;NA",,"","","WASI_Matrix_Item11_Score"
wasi_matrix_item18_score,String,2,,Recommended,"","0;1;NA",,"","","WASI_Matrix_Item18_Score"
wasi_matrix_item19_response,String,2,,Recommended,"","1;2;3;4;5;DK;NA",,"","","WASI_Matrix_Item19_Response"
wasi_matrix_item19_score,String,2,,Recommended,"","0;1;NA",,"","","WASI_Matrix_Item19_Score"
wasi_matrix_item20_response,String,2,,Recommended,"","1;2;3;4;5;DK;NA",,"","","WASI_Matrix_Item20_Response"
wasi_matrix_item20_score,String,2,,Recommended,"","0;1;NA",,"","","WASI_Matrix_Item20_Score"
wasi_matrix_item21_response,String,2,,Recommended,"","1;2;3;4;5;DK;NA",,"","","WASI_Matrix_Item21_Response"
wasi_matrix_item21_score,String,2,,Recommended,"","0;1;NA",,"","","WASI_Matrix_Item21_Score"
wasi_matrix_item22_response,String,2,,Recommended,"","1;2;3;4;5;DK;NA",,"","","WASI_Matrix_Item22_Response"
wasi_matrix_item22_score,String,2,,Recommended,"","0;1;NA",,"","","WASI_Matrix_Item22_Score"
wasi_matrix_item23_response,String,2,,Recommended,"","1;2;3;4;5;DK;NA",,"","","WASI_Matrix_Item23_Response"
wasi_matrix_item25_score,String,2,,Recommended,"","0;1;NA",,"","","WASI_Matrix_Item25_Score"
wasi_matrix_item26_response,String,2,,Recommended,"","1;2;3;4;5;DK;NA",,"","","WASI_Matrix_Item26_Response"
wasi_matrix_item26_score,String,2,,Recommended,"","0;1;NA",,"","","WASI_Matrix_Item26_Score"
wasi_matrix_item27_response,String,2,,Recommended,"","1;2;3;4;5;DK;NA",,"","","WASI_Matrix_Item27_Response"
wasi_matrix_item27_score,String,2,,Recommended,"","0;1;NA",,"","","WASI_Matrix_Item27_Score"
wasi_percentile_full_scale_iq,Float,0,,Recommended,"","",,"","","WASI_Percentile_Full_Scale_IQ"
wasi_percentile_performance_iq,Float,0,,Recommended,"","",,"","","WASI_Percentile_Performance_IQ"
wasi_percentile_verbal_iq,Float,0,,Recommended,"","",,"","","WASI_Percentile_Verbal_IQ"
wasi_performance_iq,Integer,0,,Recommended,"","",,"","","WASI_Performance_IQ"
wasi_similarities_item16_score,String,2,,Recommended,"","0;1;2;NA",,"","","WASI_Similarities_Item16_Score"
wasi_similarities_item17_score,String,2,,Recommended,"","0;1;2;NA",,"","","WASI_Similarities_Item17_Score"
wasi_similarities_item18_score,String,2,,Recommended,"","0;1;2;NA",,"","","WASI_Similarities_Item18_Score"
wasi_similarities_item19_score,String,2,,Recommended,"","0;1;2;NA",,"","","WASI_Similarities_Item19_Score"
wasi_similarities_item21_score,String,2,,Recommended,"","0;1;2;NA",,"","","WASI_Similarities_Item21_Score"
wasi_similarities_item24_score,String,2,,Recommended,"","0;1;2;NA",,"","","WASI_Similarities_Item24_Score"
wasi_similarities_item26_score,String,2,,Recommended,"","0;1;2;NA",,"","","WASI_Similarities_Item26_Score"
wasi_similarities_item2_score,String,2,,Recommended,"","0;1;NA",,"","","WASI_Similarities_Item2_Score"
wasi_similarities_item6_score,String,2,,Recommended,"","0;1;2;NA",,"","","WASI_Similarities_Item6_Score"
wasi_similarities_item7_score,String,2,,Recommended,"","0;1;2;NA",,"","","WASI_Similarities_Item7_Score"
wasi_similarities_item8_score,String,2,,Recommended,"","0;1;2;NA",,"","","WASI_Similarities_Item8_Score"
wasi_sum_t_scores_perform_scl,Integer,0,,Recommended,"","",,"","","WASI_Sum_of_T_Scores_Performance_Scale"
wasi_total_raw_score_matrix,Integer,0,,Recommended,"","",,"","","WASI_Total_Raw_Score_Matrix"
wasi_total_raw_score_vocab,Integer,0,,Recommended,"","",,"","","WASI_Total_Raw_Score_Vocabulary"
wasi_t_score_block,Integer,0,,Recommended,"","",,"","","WASI_T_Score_Block"
wasi_t_score_similarities,Integer,0,,Recommended,"","",,"","","WASI_T_Score_Similarities"
wasi_verbal_iq,Integer,0,,Recommended,"","",,"","","WASI_Verbal_IQ"
wasi_vocabulary_item11_score,String,2,,Recommended,"","0;1;2;NA",,"","","WASI_Vocabulary_Item11_Score"
wasi_vocabulary_item13_score,String,2,,Recommended,"","0;1;2;NA",,"","","WASI_Vocabulary_Item13_Score"
wasi_vocabulary_item15_score,String,2,,Recommended,"","0;1;2;NA",,"","","WASI_Vocabulary_Item15_Score"
wasi_vocabulary_item17_score,String,2,,Recommended,"","0;1;2;NA",,"","","WASI_Vocabulary_Item17_Score"
wasi_vocabulary_item19_score,String,2,,Recommended,"","0;1;2;NA",,"","","WASI_Vocabulary_Item19_Score"
wasi_vocabulary_item20_score,String,2,,Recommended,"","0;1;2;NA",,"","","WASI_Vocabulary_Item20_Score"
wasi_vocabulary_item23_score,String,2,,Recommended,"","0;1;2;NA",,"","","WASI_Vocabulary_Item23_Score"
wasi_vocabulary_item25_score,String,2,,Recommended,"","0;1;2;NA",,"","","WASI_Vocabulary_Item25_Score"
wasi_vocabulary_item26_score,String,2,,Recommended,"","0;1;2;NA",,"","","WASI_Vocabulary_Item26_Score"
wasi_vocabulary_item28_score,String,2,,Recommended,"","0;1;2;NA",,"","","WASI_Vocabulary_Item28_Score"
wasi_vocabulary_item29_score,String,2,,Recommended,"","0;1;2;NA",,"","","WASI_Vocabulary_Item29_Score"
wasi_vocabulary_item30_score,String,2,,Recommended,"","0;1;2;NA",,"","","WASI_Vocabulary_Item30_Score"
wasi_vocabulary_item32_score,String,2,,Recommended,"","0;1;2;NA",,"","","WASI_Vocabulary_Item32_Score"
wasi_vocabulary_item34_score,String,2,,Recommended,"","0;1;2;NA",,"","","WASI_Vocabulary_Item34_Score"
wasi_vocabulary_item35_score,String,2,,Recommended,"","0;1;2;NA",,"","","WASI_Vocabulary_Item35_Score"
wasi_vocabulary_item37_score,String,2,,Recommended,"","0;1;2;NA",,"","","WASI_Vocabulary_Item37_Score"
wasi_vocabulary_item38_score,String,2,,Recommended,"","0;1;2;NA",,"","","WASI_Vocabulary_Item38_Score"
wasi_vocabulary_item3_score,String,2,,Recommended,"","0;1;NA",,"","","WASI_Vocabulary_Item3_Score"
wasi_vocabulary_item41_score,String,2,,Recommended,"","0;1;2;NA",,"","","WASI_Vocabulary_Item41_Score"
wasi_vocabulary_item4_score,String,2,,Recommended,"","0;1;NA",,"","","WASI_Vocabulary_Item4_Score"
wasi_vocabulary_item6_score,String,2,,Recommended,"","0;1;2;NA",,"","","WASI_Vocabulary_Item6_Score"
wasi_vocabulary_item8_score,String,2,,Recommended,"","0;1;2;NA",,"","","WASI_Vocabulary_Item8_Score"
wasi_block_8_score,String,2,,Recommended,"","0;4;5;6;7;NA",,"","","WASI_Block_8_Score"
wasi_block_9_score,String,2,,Recommended,"","0;4;5;6;7;NA",,"","","WASI_Block_9_Score"
wasi_block_correct_design1,String,2,,Recommended,"","Y;N;NA",,"","","WASI_Block_Correct_Design1"
wasi_block_correct_design10,String,2,,Recommended,"","Y;N;NA",,"","","WASI_Block_Correct_Design10"
wasi_block_correct_design11,String,2,,Recommended,"","Y;N;NA",,"","","WASI_Block_Correct_Design11"
wasi_block_correct_design4,String,2,,Recommended,"","Y;N;NA",,"","","WASI_Block_Correct_Design4"
wasi_block_correct_design5,String,2,,Recommended,"","Y;N;NA",,"","","WASI_Block_Correct_Design5"
wasi_block_correct_design6,String,2,,Recommended,"","Y;N;NA",,"","","WASI_Block_Correct_Design6"
wasi_block_correct_design7,String,2,,Recommended,"","Y;N;NA",,"","","WASI_Block_Correct_Design7"
wasi_block_correct_design9,String,2,,Recommended,"","Y;N;NA",,"","","WASI_Block_Correct_Design9"
wasi_block_time_design10,Integer,0,,Recommended,"","",,"","","WASI_Block_Time_Design10"
wasi_block_time_design11,Integer,0,,Recommended,"","",,"","","WASI_Block_Time_Design11"
wasi_block_time_design1_trial1,Integer,0,,Recommended,"","",,"","","WASI_Block_Time_Design1_Trial1"
wasi_block_time_design1_trial2,Integer,0,,Recommended,"","",,"","","WASI_Block_Time_Design1_Trial2"
wasi_block_time_design2_trial1,Integer,0,,Recommended,"","",,"","","WASI_Block_Time_Design2_Trial1"
wasi_block_time_design4_trial1,Integer,0,,Recommended,"","",,"","","WASI_Block_Time_Design4_Trial1"
wasi_block_time_design4_trial2,Integer,0,,Recommended,"","",,"","","WASI_Block_Time_Design4_Trial2"
wasi_block_time_design5,Integer,0,,Recommended,"","",,"","","WASI_Block_Time_Design5"
wasi_block_time_design6,Integer,0,,Recommended,"","",,"","","WASI_Block_Time_Design6"
wasi_block_time_design7,Integer,0,,Recommended,"","",,"","","WASI_Block_Time_Design7"
wasi_block_time_design8,Integer,0,,Recommended,"","",,"","","WASI_Block_Time_Design8"
wasi_block_time_design9,Integer,0,,Recommended,"","",,"","","WASI_Block_Time_Design9"
wasi_matrix_item12_response,String,2,,Recommended,"","1;2;3;4;5;DK;NA",,"","","WASI_Matrix_Item12_Response"
wasi_matrix_item12_score,String,2,,Recommended,"","0;1;NA",,"","","WASI_Matrix_Item12_Score"
wasi_matrix_item13_response,String,2,,Recommended,"","1;2;3;4;5;DK;NA",,"","","WASI_Matrix_Item13_Response"
wasi_matrix_item13_score,String,2,,Recommended,"","0;1;NA",,"","","WASI_Matrix_Item13_Score"
wasi_matrix_item14_response,String,2,,Recommended,"","1;2;3;4;5;DK;NA",,"","","WASI_Matrix_Item14_Response"
wasi_matrix_item14_score,String,2,,Recommended,"","0;1;NA",,"","","WASI_Matrix_Item14_Score"
wasi_matrix_item15_response,String,2,,Recommended,"","1;2;3;4;5;DK;NA",,"","","WASI_Matrix_Item15_Response"
wasi_matrix_item15_score,String,2,,Recommended,"","0;1;NA",,"","","WASI_Matrix_Item15_Score"
wasi_matrix_item16_response,String,2,,Recommended,"","1;2;3;4;5;DK;NA",,"","","WASI_Matrix_Item16_Response"
wasi_matrix_item16_score,String,2,,Recommended,"","0;1;NA",,"","","WASI_Matrix_Item16_Score"
wasi_matrix_item17_response,String,2,,Recommended,"","1;2;3;4;5;DK;NA",,"","","WASI_Matrix_Item17_Response"
wasi_matrix_item17_score,String,2,,Recommended,"","0;1;NA",,"","","WASI_Matrix_Item17_Score"
wasi_matrix_item18_response,String,2,,Recommended,"","1;2;3;4;5;DK;NA",,"","","WASI_Matrix_Item18_Response"
wasi_matrix_item1_response,String,2,,Recommended,"","1;2;3;4;5;DK;NA",,"","","WASI_Matrix_Item1_Response"
wasi_matrix_item1_score,String,2,,Recommended,"","0;1;NA",,"","","WASI_Matrix_Item1_Score"
wasi_matrix_item23_score,String,2,,Recommended,"","0;1;NA",,"","","WASI_Matrix_Item23_Score"
wasi_matrix_item24_response,String,2,,Recommended,"","1;2;3;4;5;DK;NA",,"","","WASI_Matrix_Item24_Response"
wasi_matrix_item24_score,String,2,,Recommended,"","0;1;NA",,"","","WASI_Matrix_Item24_Score"
wasi_matrix_item25_response,String,2,,Recommended,"","1;2;3;4;5;DK;NA",,"","","WASI_Matrix_Item25_Response"
wasi_matrix_item28_response,String,2,,Recommended,"","1;2;3;4;5;DK;NA",,"","","WASI_Matrix_Item28_Response"
wasi_matrix_item28_score,String,2,,Recommended,"","0;1;NA",,"","","WASI_Matrix_Item28_Score"
wasi_matrix_item29_response,String,2,,Recommended,"","1;2;3;4;5;DK;NA",,"","","WASI_Matrix_Item29_Response"
wasi_matrix_item29_score,String,2,,Recommended,"","0;1;NA",,"","","WASI_Matrix_Item29_Score"
wasi_matrix_item2_response,String,2,,Recommended,"","1;2;3;4;5;DK;NA",,"","","WASI_Matrix_Item2_Response"
wasi_matrix_item2_score,String,2,,Recommended,"","0;1;NA",,"","","WASI_Matrix_Item2_Score"
wasi_matrix_item30_response,String,2,,Recommended,"","1;2;3;4;5;DK;NA",,"","","WASI_Matrix_Item30_Response"
wasi_matrix_item30_score,String,2,,Recommended,"","0;1;NA",,"","","WASI_Matrix_Item30_Score"
wasi_matrix_item31_response,String,2,,Recommended,"","1;2;3;4;5;DK;NA",,"","","WASI_Matrix_Item31_Response"
wasi_matrix_item31_score,String,2,,Recommended,"","0;1;NA",,"","","WASI_Matrix_Item31_Score"
wasi_matrix_item32_response,String,2,,Recommended,"","1;2;3;4;5;DK;NA",,"","","WASI_Matrix_Item32_Response"
wasi_matrix_item32_score,String,2,,Recommended,"","0;1;NA",,"","","WASI_Matrix_Item32_Score"
wasi_matrix_item33_response,String,2,,Recommended,"","1;2;3;4;5;DK;NA",,"","","WASI_Matrix_Item33_Response"
wasi_matrix_item33_score,String,2,,Recommended,"","0;1;NA",,"","","WASI_Matrix_Item33_Score"
wasi_matrix_item34_response,String,2,,Recommended,"","1;2;3;4;5;DK;NA",,"","","WASI_Matrix_Item34_Response"
wasi_matrix_item34_score,String,2,,Recommended,"","0;1;NA",,"","","WASI_Matrix_Item34_Score"
wasi_matrix_item35_response,String,2,,Recommended,"","1;2;3;4;5;DK;NA",,"","","WASI_Matrix_Item35_Response"
wasi_matrix_item35_score,String,2,,Recommended,"","0;1;NA",,"","","WASI_Matrix_Item35_Score"
wasi_matrix_item3_response,String,2,,Recommended,"","1;2;3;4;5;DK;NA",,"","","WASI_Matrix_Item3_Response"
wasi_matrix_item3_score,String,2,,Recommended,"","0;1;NA",,"","","WASI_Matrix_Item3_Score"
wasi_matrix_item4_response,String,2,,Recommended,"","1;2;3;4;5;DK;NA",,"","","WASI_Matrix_Item4_Response"
wasi_matrix_item4_score,String,2,,Recommended,"","0;1;NA",,"","","WASI_Matrix_Item4_Score"
wasi_matrix_item5_response,String,2,,Recommended,"","1;2;3;4;5;DK;NA",,"","","WASI_Matrix_Item5_Response"
wasi_matrix_item5_score,String,2,,Recommended,"","0;1;NA",,"","","WASI_Matrix_Item5_Score"
wasi_matrix_item6_response,String,2,,Recommended,"","1;2;3;4;5;DK;NA",,"","","WASI_Matrix_Item6_Response"
wasi_matrix_item6_score,String,2,,Recommended,"","0;1;NA",,"","","WASI_Matrix_Item6_Score"
wasi_matrix_item7_response,String,2,,Recommended,"","1;2;3;4;5;DK;NA",,"","","WASI_Matrix_Item7_Response"
wasi_matrix_item7_score,String,2,,Recommended,"","0;1;NA",,"","","WASI_Matrix_Item7_Score"
wasi_matrix_item8_response,String,2,,Recommended,"","1;2;3;4;5;DK;NA",,"","","WASI_Matrix_Item8_Response"
wasi_matrix_item8_score,String,2,,Recommended,"","0;1;NA",,"","","WASI_Matrix_Item8_Score"
wasi_matrix_item9_response,String,2,,Recommended,"","1;2;3;4;5;DK;NA",,"","","WASI_Matrix_Item9_Response"
wasi_matrix_item9_score,String,2,,Recommended,"","0;1;NA",,"","","WASI_Matrix_Item9_Score"
wasi_similarities_item10_score,String,2,,Recommended,"","0;1;2;NA",,"","","WASI_Similarities_Item10_Score"
wasi_similarities_item11_score,String,2,,Recommended,"","0;1;2;NA",,"","","WASI_Similarities_Item11_Score"
wasi_similarities_item12_score,String,2,,Recommended,"","0;1;2;NA",,"","","WASI_Similarities_Item12_Score"
wasi_similarities_item13_score,String,2,,Recommended,"","0;1;2;NA",,"","","WASI_Similarities_Item13_Score"
wasi_similarities_item14_score,String,2,,Recommended,"","0;1;2;NA",,"","","WASI_Similarities_Item14_Score"
wasi_similarities_item15_score,String,2,,Recommended,"","0;1;2;NA",,"","","WASI_Similarities_Item15_Score"
wasi_similarities_item1_score,String,2,,Recommended,"","0;1;NA",,"","","WASI_Similarities_Item1_Score"
wasi_similarities_item20_score,String,2,,Recommended,"","0;1;2;NA",,"","","WASI_Similarities_Item20_Score"
wasi_similarities_item22_score,String,2,,Recommended,"","0;1;2;NA",,"","","WASI_Similarities_Item22_Score"
wasi_similarities_item23_score,String,2,,Recommended,"","0;1;2;NA",,"","","WASI_Similarities_Item23_Score"
wasi_similarities_item25_score,String,2,,Recommended,"","0;1;2;NA",,"","","WASI_Similarities_Item25_Score"
wasi_similarities_item3_score,String,2,,Recommended,"","0;1;NA",,"","","WASI_Similarities_Item3_Score"
wasi_similarities_item4_score,String,2,,Recommended,"","0;1;NA",,"","","WASI_Similarities_Item4_Score"
wasi_similarities_item5_score,String,2,,Recommended,"","0;1;2;NA",,"","","WASI_Similarities_Item5_Score"
wasi_similarities_item9_score,String,2,,Recommended,"","0;1;2;NA",,"","","WASI_Similarities_Item9_Score"
wasi_sum_t_scores_full_scale,Integer,0,,Recommended,"","",,"","","WASI_Sum_of_T_Scores_Full_Scale"
wasi_sum_t_scores_verbal_scale,Integer,0,,Recommended,"","",,"","","WASI_Sum_of_T_Scores_Verbal_Scale"
wasi_total_raw_score_block,Integer,0,,Recommended,"","",,"","","WASI_Total_Raw_Score_Block"
wasi_total_raw_score_similar,Integer,0,,Recommended,"","",,"","","WASI_Total_Raw_Score_Similarities"
wasi_t_score_matrix,Integer,0,,Recommended,"","",,"","","WASI_T_Score_Matrix"
wasi_t_score_vocabulary,Integer,0,,Recommended,"","",,"","","WASI_T_Score_Vocabulary"
wasi_vocabulary_item10_score,String,2,,Recommended,"","0;1;2;NA",,"","","WASI_Vocabulary_Item10_Score"
wasi_vocabulary_item12_score,String,2,,Recommended,"","0;1;2;NA",,"","","WASI_Vocabulary_Item12_Score"
wasi_vocabulary_item14_score,String,2,,Recommended,"","0;1;2;NA",,"","","WASI_Vocabulary_Item14_Score"
wasi_vocabulary_item16_score,String,2,,Recommended,"","0;1;2;NA",,"","","WASI_Vocabulary_Item16_Score"
wasi_vocabulary_item18_score,String,2,,Recommended,"","0;1;2;NA",,"","","WASI_Vocabulary_Item18_Score"
wasi_vocabulary_item1_score,String,2,,Recommended,"","0;1;NA",,"","","WASI_Vocabulary_Item1_Score"
wasi_vocabulary_item21_score,String,2,,Recommended,"","0;1;2;NA",,"","","WASI_Vocabulary_Item21_Score"
wasi_vocabulary_item22_score,String,2,,Recommended,"","0;1;2;NA",,"","","WASI_Vocabulary_Item22_Score"
wasi_vocabulary_item24_score,String,2,,Recommended,"","0;1;2;NA",,"","","WASI_Vocabulary_Item24_Score"
wasi_vocabulary_item27_score,String,2,,Recommended,"","0;1;2;NA",,"","","WASI_Vocabulary_Item27_Score"
wasi_vocabulary_item2_score,String,2,,Recommended,"","0;1;NA",,"","","WASI_Vocabulary_Item2_Score"
wasi_vocabulary_item31_score,String,2,,Recommended,"","0;1;2;NA",,"","","WASI_Vocabulary_Item31_Score"
wasi_vocabulary_item33_score,String,2,,Recommended,"","0;1;2;NA",,"","","WASI_Vocabulary_Item33_Score"
wasi_vocabulary_item36_score,String,2,,Recommended,"","0;1;2;NA",,"","","WASI_Vocabulary_Item36_Score"
wasi_vocabulary_item39_score,String,2,,Recommended,"","0;1;2;NA",,"","","WASI_Vocabulary_Item39_Score"
wasi_vocabulary_item40_score,String,2,,Recommended,"","0;1;2;NA",,"","","WASI_Vocabulary_Item40_Score"
wasi_vocabulary_item42_score,String,2,,Recommended,"","0;1;2;NA",,"","","WASI_Vocabulary_Item42_Score"
wasi_vocabulary_item5_score,String,2,,Recommended,"","0;1;2;NA",,"","","WASI_Vocabulary_Item5_Score"
wasi_vocabulary_item7_score,String,2,,Recommended,"","0;1;2;NA",,"","","WASI_Vocabulary_Item7_Score"
wasi_vocabulary_item9_score,String,2,,Recommended,"","0;1;2;NA",,"","","WASI_Vocabulary_Item9_Score"
