ElementName,DataType,Size,Unit,Required,ElementDescription,ValueRange,Keywords,Notes,Section,Aliases
subjectkey,GUID,0,,Optional,"The NDAR Global Unique Identifier (GUID) for subjects which identifies a subject in NDAR","NDAR*",,"","NDAR Required","Unique_ID"
src_subject_id,String,20,,Optional,"The site's subject identification","",,"","NDAR Required","Subject_ID"
timepoint_label,String,5,,Required,"User-defined timepoint/visit label - a label selected by the site at the time of registration of a new timepoint into the database.  This label is used to group all the instruments administered to a subject at a given timepoint.","",,"","","Timepoint_Label"
age_days_dov_to_dob,Integer,0,,Recommended,"Age in days at Visit (DoV-DoB), same as age of scan if obtained","",,"","","Age_Days_Date_of_Visit_to_DOB"
adhd_combined_diagnosis,String,10,,Recommended,"FIGS Y1: Attention deficit hyperactivity disorder - combined type (N=no diagnosis for any first degree relative; Y=positive lifetime diagnosis for one or more first degree relatives)","N;Y",,"","","FIGS_Y3_ADHD_Combined_Diagnosis"
adhd_hyperactive_diagnosis,String,10,,Recommended,"FIGS Y1: Attention deficit hyperactivity disorder - hyperactive/impulsive type (N=no diagnosis for any first degree relative; Y=positive lifetime diagnosis for one or more first degree relatives)","N;Y",,"","","FIGS_Y3_ADHD_Hyperactive_Diagnosis"
adhd_inattentive_diagnosis,String,10,,Recommended,"FIGS Y1: Attention deficit hyperactivity disorder - inattentive type (N=no diagnosis for any first degree relative; Y=positive lifetime diagnosis for one or more first degree relatives)","N;Y",,"","","FIGS_Y3_ADHD_Inattentive_Diagnosis"
admin_status,String,20,,Recommended,"Instrument administration status","Complete;Partial;Not Administered;Not Applicable",,"","","FIGS_Y3_Administration_Status"
alcohol_abuse_diagnosis,String,10,,Recommended,"FIGS Y1: Alcohol abuse disorder (N=no diagnosis for any first degree relative; Y=positive lifetime diagnosis for one or more first degree relatives)","N;Y",,"","","FIGS_Y3_Alcohol_Abuse_Diagnosis"
alcohol_dependence_diagnosis,String,10,,Recommended,"FIGS Y1: Alcohol dependence disorder (N=no diagnosis for any first degree relative; Y=positive lifetime diagnosis for one or more first degree relatives)","N;Y",,"","","FIGS_Y3_Alcohol_Dependence_Diagnosis"
antisocial_prsnlty_diagnosis,String,10,,Recommended,"FIGS Y3: Antisocial personality disorder (N=no diagnosis for any first degree relative; Y=positive lifetime diagnosis for one or more first degree relatives)","N;Y",,"","","FIGS_Y3_AntiSocial_Personality_Diagnosis"
chronic_depression_diagnosis,String,10,,Recommended,"FIGS Y1: Chronic major depressive disorder (N=no diagnosis for any first degree relative; Y=positive lifetime diagnosis for one or more first degree relatives)","N;Y",,"","","FIGS_Y3_Chronic_Depression_Diagnosis"
drug_abuse_substance_diagnosis,String,10,,Recommended,"FIGS Y3: Drug substance abuse - first reported substance (N=no diagnosis for any first degree relative; Y=positive lifetime diagnosis for one or more first degree relatives)","N;Y",,"","","FIGS_Y3_Drug_Abuse_Substance_Diagnosis"
major_depression_diagnosis,String,10,,Recommended,"FIGS Y1: Major depressive disorder (N=no diagnosis for any first degree relative; Y=positive lifetime diagnosis for one or more first degree relatives)","N;Y",,"","","FIGS_Y3_Major_Depression_Diagnosis"
mania_diagnosis,String,10,,Recommended,"FIGS Y1: Bipolar disorder (N=no diagnosis for any first degree relative; Y=positive lifetime diagnosis for one or more first degree relatives)","N;Y",,"","","FIGS_Y3_Mania_Diagnosis"
nicotine_dependence_diagnosis,String,10,,Recommended,"FIGS Y1: Nicotine dependence (N=no diagnosis for any first degree relative; Y=positive lifetime diagnosis for one or more first degree relatives)","N;Y",,"","","FIGS_Y3_Nicotine_Dependence_Diagnosis"
ocd_diagnosis,String,10,,Recommended,"FIGS Y1: Obsessive compulsive disorder (N=no diagnosis for any first degree relative; Y=positive lifetime diagnosis for one or more first degree relatives)","N;Y",,"","","FIGS_Y3_OCD_Diagnosis"
paranoid_personality_diagnosis,String,10,,Recommended,"FIGS Y1: Paranoid personality disorder (N=no diagnosis for any first degree relative; Y=positive lifetime diagnosis for one or more first degree relatives)","N;Y",,"","","FIGS_Y3_Paranoid_Personality_Diagnosis"
pdd_diagnosis,String,10,,Recommended,"FIGS Y3: Pervasive developmental disorder (N=no diagnosis for any first degree relative; Y=positive lifetime diagnosis for one or more first degree relatives)","N;Y",,"","","FIGS_Y3_Pervasive_Developmental_Disorder_Diagnosis"
psychotic_depression_diagnosis,String,10,,Recommended,"FIGS Y1: Major depressive disorder with psychosis (N=no diagnosis for any first degree relative; Y=positive lifetime diagnosis for one or more first degree relatives)","N;Y",,"","","FIGS_Y3_Psychotic_Depression_Diagnosis"
psychotic_mania_diagnosis,String,10,,Recommended,"FIGS Y1: Bipolar disorder with psychosis (N=no diagnosis for any first degree relative; Y=positive lifetime diagnosis for one or more first degree relatives)","N;Y",,"","","FIGS_Y3_Psychotic_Mania_Diagnosis"
recurrent_depression_diagnosis,String,10,,Recommended,"FIGS Y1: Recurrent major depressive disorder (N=no diagnosis for any first degree relative; Y=positive lifetime diagnosis for one or more first degree relatives)","N;Y",,"","","FIGS_Y3_Recurrent_Depression_Diagnosis"
respondent,String,20,,Recommended,"FIGS Y1: Respondent (mother or father)","Mother;Father;Other",,"","","FIGS_Y3_Respondent"
schizoid_diagnosis,String,10,,Recommended,"FIGS Y1: Schizoid personality disorder (N=no diagnosis for any first degree relative; Y=positive lifetime diagnosis for one or more first degree relatives)","N;Y",,"","","FIGS_Y3_Schizoid_Diagnosis"
schizophrenia_diagnosis,String,10,,Recommended,"FIGS Y1: Schizophrenia (N=no diagnosis for any first degree relative; Y=positive lifetime diagnosis for one or more first degree relatives)","N;Y",,"","","FIGS_Y3_Schizophrenia_Diagnosis"
schizotypal_diagnosis,String,10,,Recommended,"FIGS Y1: Schizotypal personality disorder (N=no diagnosis for any first degree relative; Y=positive lifetime diagnosis for one or more first degree relatives)","N;Y",,"","","FIGS_Y3_Schizotypal_Diagnosis"
tic_motor_chronic_diagnosis,String,10,,Recommended,"FIGS Y1: Chronic motor tic disorder (N=no diagnosis for any first degree relative; Y=positive lifetime diagnosis for one or more first degree relatives)","N;Y",,"","","FIGS_Y3_Tic_Motor_Chronic_Diagnosis"
tic_motor_transient_diagnosis,String,10,,Recommended,"FIGS Y1: Transient motor tic disorder (N=no diagnosis for any first degree relative; Y=positive lifetime diagnosis for one or more first degree relatives)","N;Y",,"","","FIGS_Y3_Tic_Motor_Transient_Diagnosis"
tic_vocal_chronic_diagnosis,String,10,,Recommended,"FIGS Y1: Chronic vocal tic disorder (N=no diagnosis for any first degree relative; Y=positive lifetime diagnosis for one or more first degree relatives)","N;Y",,"","","FIGS_Y3_Tic_Vocal_Chronic_Diagnosis"
tic_vocal_transient_diagnosis,String,10,,Recommended,"FIGS Y1: Transient vocal tic disorder (N=no diagnosis for any first degree relative; Y=positive lifetime diagnosis for one or more first degree relatives)","N;Y",,"","","FIGS_Y3_Tic_Vocal_Transient_Diagnosis"
tourettes_diagnosis,String,10,,Recommended,"FIGS Y1: Tourette's disorder (N=no diagnosis for any first degree relative; Y=positive lifetime diagnosis for one or more first degree relatives)","N;Y",,"","","FIGS_Y3_Tourettes_Diagnosis"
age_days_doa_to_dob,Integer,0,,Recommended,"Age in days obtained by subtracting the date of birth from the date of test","",,"","","FIGS_Y3_Age_Days_DOA_to_DOB"
