ElementName,DataType,Size,Unit,Required,ElementDescription,ValueRange,Keywords,Notes,Section,Aliases
subjectkey,GUID,0,,Required,"The NDAR Global Unique Identifier (GUID) for subjects which identifies a subject in NDAR","NDAR*",,"","",""
src_subject_id,String,20,,Required,"The site's subject identification","",,"","",""
timepoint_label,String,5,,Required,"User-defined timepoint/visit label - a label selected by the site at the time of registration of a new timepoint into the database.  This label is used to group all the instruments administered to a subject at a given timepoint.","",,"","",""
dti_age_days_dob,Integer,0,,Required,"Age in days to date of birth from DTI scan date.  This may differ from the T1 date due to an offset in scan date between structural and DTI data.","",,"","",""
dti_time_days_arbitrary_date,Integer,0,,Recommended,"Time in days calculated by subtracting an arbitrary date from the DTI scan date.  Allows the user to identify ACR or Living Phantom scans from the same time in an anonymized way.","",,"","",""
dti_time_days_to_t1,Integer,0,,Recommended,"Number of days delay time between T1 structural acquisition and DTI acquisition.","",,"","",""
dti_release_version,String,5,,Required,"Version of the DTI data release.  This release number is independent of the Structural MRI release number.","",,"","",""
scanner_manufacturer_dti,String,30,,Recommended,"Siemens or GE as extract from the MINC header","",,"","",""
scanner_software_versions_dti,String,30,,Recommended,"MRI scanner software version","",,"","",""
mri_echo_time_dti,Float,0,,Recommended,"TE","",,"","",""
mri_repetition_time_dti,Float,0,,Recommended,"TR","",,"","",""
mri_excitation_pulse_angle_dti,Float,0,,Recommended,"excitation pulse angle for DTI (degrees).  Expected value is 90 degress.","",,"","",""
mri_band_width_dti,Float,0,,Recommended,"Band width","",,"","",""
mri_nex_dti,Integer,0,,Recommended,"Number of excitations (NEX)","",,"","",""
mri_field_of_view_raw_ap_dti,Integer,0,,Recommended,"field of view in the anterior-posterior direction for the DWI images as acquired at the scanner before processing","",,"","",""
mri_field_of_view_raw_lr_dti,Integer,0,,Recommended,"field of view in the left-right direction for the DWI images as acquired at the scanner before processing","",,"","",""
mri_voxel_width_raw_ap_dti,Float,0,,Recommended,"Voxel resolution in Anterior-Posterior direction for raw DWI data. AP = y direction for axial acquisition.","",,"","",""
mri_voxel_width_raw_lr_dti,Float,0,,Recommended,"Voxel resolution in Left-Right direction for raw DWI data. LR = x direction for axial acquisition.","",,"","",""
mri_voxel_width_raw_is_dti,Float,0,,Recommended,"Voxel resolution in Inferior-Superior direction for raw DWI data. IS = z for axial acquisition.","",,"","",""
mri_number_slices_raw_dti,Integer,0,,Recommended,"Number of slices for raw DWI data.","",,"","",""
mri_field_of_view_corr_ap_dti,Integer,0,,Recommended,"Field of view (FOV)in anterior-posterior direction for DWI data after artifact remediation and distortion correction.","",,"","",""
mri_field_of_view_corr_lr_dti,Integer,0,,Recommended,"Field of view (FOV)in left-right direction for DWI data after artifact remediation and distortion correction.","",,"","",""
mri_voxel_width_corr_ap_dti,Float,0,,Recommended,"Voxel resolution in Anterior-Posterior direction for DWI data after artifact remediation and distortion correction.","",,"","",""
mri_voxel_width_corr_lr_dti,Float,0,,Recommended,"Voxel resolution in Left-Right direction for DWI data after artifact remediation and distortion correction.","",,"","",""
mri_voxel_width_corr_is_dti,Float,0,,Recommended,"Voxel resolution in Inferior-Superior direction for DWI data after artifact remediation and distortion correction.","",,"","",""
mri_acquisition_matrix_dti,String,30,,Recommended,"Image acquisition matrix size.","",,"","",""
mri_image_matrix_dti,String,30,,Recommended,"Final image matrix size.  Compared with the acquisition matrix size, this indicates in the images were interpolated by the scanner.","",,"","",""
mri_number_slices_corr_dti,Integer,0,,Recommended,"Number of slices for final output data.","",,"","",""
mri_slice_gap_dti,Float,0,,Recommended,"Space between slices.  Should be 0.  (mm)","",,"","",""
mri_num_replicates_b1000_dti,Integer,0,,Recommended,"Number of replicates of the basic 6 directions at b = 1000 s/mm2.  Obj1 & Obj2 should be = 4","",,"","",""
mri_num_replicates_b500_dti,Integer,0,,Recommended,"Number of replicates of the basic 6 directions at b = 500s/mm2. Expected values: Obj1 = 0, Obj2 = 2","",,"","",""
mri_num_vol_b1000_corr_dti,Integer,0,,Recommended,"Final number of b1000 volumes included after artifact removal.","",,"","",""
mri_num_vol_b500_corr_dti,Integer,0,,Recommended,"Number of b500 volumes included after artifact removal.","",,"","",""
mri_epi_correction_dti,String,1,,Recommended,"Is EPI correction performed? Y=yes, N=no","",,"","",""
mri_epi_bspline_grid_size_dti,Integer,0,,Recommended,"Value of the bspline grid size used for EPI correction.  Total grid size is the sum of this number plus 3 additional grid points for the required border size.","",,"","",""
dti_registration_target_type,String,2,,Recommended,"Imaging modality of target image used for EPI correction and/or reorientation.  T1, T2 or PD","",,"","",""
qc_num_volumes_dti,Integer,0,,Recommended,"Quality score for protocol violations; 0=no violation, 1=violation. Number of acquired volumes.","0; 1",,"","",""
qc_num_slices_dti,Integer,0,,Recommended,"Quality score for protocol violations; 0=no violation, 1=violation.  Number of slices per DWI volume.","0; 1",,"","",""
qc_in_plane_resolution_dti,Integer,0,,Recommended,"Quality score for protocol violations; 0=no violation, 1=violation. Axial in-plane resoultion.","0; 1",,"","",""
qc_slice_thickness_dti,Integer,0,,Recommended,"Quality score for protocol violations; 0=no violation, 1=violation. Slice thickness.","0; 1",,"","",""
qc_zero_fill_acq_dti,Integer,0,,Recommended,"Quality score for protocol violations; 0=no violation, 1=violation. Protocol specified no zero filling at the time of acquisition.","0; 1",,"","",""
qc_nex_dti,Integer,0,,Recommended,"Quality score for protocol violations; 0=no violation, 1=violation. Protocol specifies NEX=1.","0; 1",,"","",""
qc_oblique_acq_dti,Integer,0,,Recommended,"Quality score for protocol violations; 0=no violation, 1=violation. Protocol specified pure axial acquisition only.","0; 1",,"","",""
qc_echo_time_dti,Integer,0,,Recommended,"Quality score for protocol violations; 0=no violation, 1=violation. Echo time must be the same for all replicates, including b1000 and b500.","0; 1",,"","",""
qc_gain_scale_dti,Integer,0,,Recommended,"Quality score for raw DWI data; 0=perfect, 1=minor problem, 2=moderate problem, 3=major problem. Gain differences between replicates, or scaling differences between b0 and DWI images.","0; 1; 2; 3; 4",,"","",""
qc_brain_coverage_top_dti,Integer,0,,Recommended,"Quality score for raw DWI data; 0=perfect, 1=minor problem, 2=moderate problem, 3=major problem. Was the top of the brain fully included in acquisition?","0; 1; 2; 3; 4",,"","",""
qc_brain_coverage_bottom_dti,Integer,0,,Recommended,"Quality score for raw DWI data; 0=perfect, 1=minor problem, 2=moderate problem, 3=major problem. Was the bottom of the brain (cerebellum) fully included in acquisition?","0; 1; 2; 3; 4",,"","",""
qc_ghosting_dti,Integer,0,,Recommended,"Quality score for raw DWI data; 0=perfect, 1=minor problem, 2=moderate problem, 3=major problem. Severity of ghosting.","0; 1; 2; 3; 4",,"","",""
qc_nosie_artifacts_dti,Integer,0,,Recommended,"Quality score for raw DWI data; 0=perfect, 1=minor problem, 2=moderate problem, 3=major problem. Severity of noise, spike noise, RF, and recon artifacts.","0; 1; 2; 3; 4",,"","",""
qc_motion_signal_drop_dti,Integer,0,,Recommended,"Quality score for raw DWI data; 0=perfect, 1=minor problem, 2=moderate problem, 3=major problem. Severity of signal dropouts due to motion.","0; 1; 2; 3; 4",,"","",""
qc_motion_eddy_dist_dti,Integer,0,,Recommended,"Quality score for raw DWI data; 0=perfect, 1=minor problem, 2=moderate problem, 3=major problem. Severity of misregistration due to motion and eddy distortion.","0; 1; 2; 3; 4",,"","",""
qc_epi_dist_dti,Integer,0,,Recommended,"Quality score for raw DWI data; 0=perfect, 1=minor problem, 2=moderate problem, 3=major problem. Severity of susceptibility related EPI distortion.","0; 1; 2; 3; 4",,"","",""
qc_cardiac_artifacts_dti,Integer,0,,Recommended,"Quality score for raw DWI data; 0=perfect, 1=minor problem, 2=moderate problem, 3=major problem. Severity of cardiac pulsation artifacts.","0; 1; 2; 3; 4",,"","",""
qc_qual_motion_eddy_corr_dti,Integer,0,,Recommended,"Quality score for corrected DWI data; 0=perfect, 1=minor problem, 2=moderate problem, 3=major problem. Quality of the correction of misregistration due to motion and eddy distortion.","0; 1; 2; 3; 4",,"","",""
qc_qual_epi_corr_dti,Integer,0,,Recommended,"Quality score for corrected DWI data; 0=perfect, 1=minor problem, 2=moderate problem, 3=major problem. Quality of correction for EPI distortion.","0; 1; 2; 3; 4",,"","",""
qc_region_frontal_dti,Integer,0,,Recommended,"Regional quality score for tensor derived quantities; 0=perfect, 1=minor problem, 2=moderate problem, 3=major problem. Frontal lobes.","0; 1; 2; 3; 4",,"","",""
qc_region_parietal_dti,Integer,0,,Recommended,"Regional quality score for tensor derived quantities; 0=perfect, 1=minor problem, 2=moderate problem, 3=major problem. Parietal lobes.","0; 1; 2; 3; 4",,"","",""
qc_region_occipital_dti,Integer,0,,Recommended,"Regional quality score for tensor derived quantities; 0=perfect, 1=minor problem, 2=moderate problem, 3=major problem. Occipital lobes.","0; 1; 2; 3; 4",,"","",""
qc_region_temporal_dti,Integer,0,,Recommended,"Regional quality score for tensor derived quantities; 0=perfect, 1=minor problem, 2=moderate problem, 3=major problem. Temporal lobes.","0; 1; 2; 3; 4",,"","",""
qc_region_cerebellum_bs_dti,Integer,0,,Recommended,"Regional quality score for tensor derived quantities; 0=perfect, 1=minor problem, 2=moderate problem, 3=major problem. Cerebellum and brainstem.  Likely affected by cardiac pulsation.","0; 1; 2; 3; 4",,"","",""
qc_region_central_brain_dti,Integer,0,,Recommended,"Regional quality score for tensor derived quantities; 0=perfect, 1=minor problem, 2=moderate problem, 3=major problem. Central brain regions (Ask Ami - midbrain?).","0; 1; 2; 3; 4",,"","",""
qc_region_top_brain_dti,Integer,0,,Recommended,"Regional quality score for tensor derived quantities; 0=perfect, 1=minor problem, 2=moderate problem, 3=major problem. Top of the brain.","0; 1; 2; 3; 4",,"","",""
qc_region_global_dti,Integer,0,,Recommended,"Regional quality score for tensor derived quantities; 0=perfect, 1=minor problem, 2=moderate problem, 3=major problem. Whole brain, overall quality of tensor derived maps.","0; 1; 2; 3; 4",,"","",""
mri_tensor_fit_type_dti,String,5,,Required,"Algorithm used for tensor fitting.  Options are N1=non-linear, R1=RESTORE robust, iR1=iRESTORE robust fitting. The option selected provided the best results.","",,"","",""
dti_fa_image_nii,File,0,,Recommended,"Fractional Anisotropy image in nifti format.","",,"","",""
dti_ra_image_nii,File,0,,Recommended,"Relative Anisotropy image in nifti format.","",,"","",""
dti_li_image_nii,File,0,,Recommended,"Lattice Index image in nifti format.","",,"","",""
dti_tr_image_nii,File,0,,Recommended,"Trace ADC image in nifti format.","",,"","",""
dti_ev_image_nii,File,0,,Recommended,"Eigenvalue image in 4D nifti format.  Volumes are in the order lambda1, lambda2, lambda3.","",,"","",""
dti_cs_image_nii,File,0,,Recommended,"Chi-Square map in nifti format. Measure of the goodness of fit of the data.","",,"","",""
dti_out_image_nii,File,0,,Recommended,"Outlier map in nifti format. Created only if RESTORE or iRESTORE robust fitting was used.  Indicates number of outliers rejected as a percent of the total number of volumes less the degrees of freedom (dof=7 for tensor fitting).","",,"","",""
dti_dec_image_nii,File,0,,Recommended,"Directional Encoded Color (DEC) image in nifti format.","",,"","",""
dti_mask_image_nii,File,0,,Recommended,"Mask image used in tensor fitting","",,"","",""
dti_tal_noscale_t1_nii,File,0,,Recommended,"T1W image in Tal no-scale space in nifti format","",,"","",""
dti_tal_noscale_t2_nii,File,0,,Recommended,"T2W image in Tal no-scale space in nifti format","",,"","",""
dti_tal_noscale_pd_nii,File,0,,Recommended,"PDW image in Tal no-scale space in nifti format","",,"","",""
dti_dwi_raw_images,File,0,,Recommended,"All DWI images that passed minimum quality assessment.  Images are saved slice by slice in raw floating point format. .list, .path and .bmtxt files are provided for opening in TORTOISE.  Provided in a .tar.gz file.","",,"","",""
dti_dwi_raw_corrected_images,File,0,,Recommended,"All DWI images that passed minimum quality assessment, after artifact remediation and distortion correction, plus computed noise correction for interpolation, tensor, amplitude and mask images. Compatible with TORTOISE, and raw floating point images.","",,"","",""
dti_tensor_images,File,0,,Recommended,"Computed tensor, amplitude and mask images. Compatible with TORTOISE. All tensor derived quantities can be computed from these files easily in TORTOISE.","",,"","",""
