ElementName,DataType,Size,Unit,Required,ElementDescription,ValueRange,Keywords,Notes,Section,Aliases
subjectkey,GUID,0,,Optional,"The NDAR Global Unique Identifier (GUID) for subjects which identifies a subject in NDAR","NDAR*",,"","",""
src_subject_id,String,20,,Recommended,"The site's subject identification","",,"","","Subject_ID"
age_days_date_of_visit_to_edc,Integer,0,,Recommended,"Age in days at Visit (DoV-EDC)","",,"","","Age_Days_Date_of_Visit_to_EDC"
mri_qc_status,String,5,,Recommended,"MRI Variables: Quality control review of T1W and T2W/PD (Pass, Fail)","Pass;Fail",,"","","MRI_QC_Status"
mr_scan_completed,String,1,,Recommended,"MR scan done","N;Y",,"","","MR_Scan_Completed"
objective,String,1,,Recommended,"Study objective","1;2",,"","","Objective"
release_version,String,5,,Recommended,"Version of the data release these data are part of","",,"","","Release_Version"
timepoint_label,String,5,,Recommended,"User-defined timepoint/visit label - a label selected by the site at the time of registration of a new timepoint into the database.  This label is used to group all the instruments administered to a subject at a given timepoint.","",,"","","Timepoint_Label"
age_days_date_of_visit_to_dob,Integer,0,,Recommended,"Age in days at Visit (DoV-DoB), same as age of scan if obtained","",,"","","Age_Days_Date_of_Visit_to_DOB"
