ElementName,DataType,Size,Unit,Required,ElementDescription,ValueRange,Keywords,Notes,Section,Aliases
wisc_iii_df_item8_trial2_score,String,2,,Recommended,"","0;1;NA",,"","","WISC_III_Digits_Forward_Item8_Trial2_Score"
wisc_iii_df_item8_trial1_score,String,2,,Recommended,"","0;1;NA",,"","","WISC_III_Digits_Forward_Item8_Trial1_Score"
wisc_iii_df_item6_trial2_score,String,2,,Recommended,"","0;1;NA",,"","","WISC_III_Digits_Forward_Item6_Trial2_Score"
wisc_iii_df_item5_trial1_score,String,2,,Recommended,"","0;1;NA",,"","","WISC_III_Digits_Forward_Item5_Trial1_Score"
wisc_iii_df_item4_trial1_score,String,2,,Recommended,"","0;1;NA",,"","","WISC_III_Digits_Forward_Item4_Trial1_Score"
wisc_iii_df_item3_trial2_score,String,2,,Recommended,"","0;1;NA",,"","","WISC_III_Digits_Forward_Item3_Trial2_Score"
wisc_iii_df_item2_trial1_score,String,2,,Recommended,"","0;1;NA",,"","","WISC_III_Digits_Forward_Item2_Trial1_Score"
wisc_iii_db_item7_trial2_score,String,2,,Recommended,"","0;1;NA",,"","","WISC_III_Digits_Backward_Item7_Trial2_Score"
wisc_iii_db_item7_trial1_score,String,2,,Recommended,"","0;1;NA",,"","","WISC_III_Digits_Backward_Item7_Trial1_Score"
wisc_iii_db_item6_trial2_score,String,2,,Recommended,"","0;1;NA",,"","","WISC_III_Digits_Backward_Item6_Trial2_Score"
wisc_iii_db_item6_trial1_score,String,2,,Recommended,"","0;1;NA",,"","","WISC_III_Digits_Backward_Item6_Trial1_Score"
wisc_iii_db_item5_trial1_score,String,2,,Recommended,"","0;1;NA",,"","","WISC_III_Digits_Backward_Item5_Trial1_Score"
wisc_iii_db_item4_trial2_score,String,2,,Recommended,"","0;1;NA",,"","","WISC_III_Digits_Backward_Item4_Trial2_Score"
wisc_iii_db_item3_trial1_score,String,2,,Recommended,"","0;1;NA",,"","","WISC_III_Digits_Backward_Item3_Trial1_Score"
timepoint_label,String,5,,Recommended,"","",,"","","Timepoint_Label"
src_subject_id,String,20,,Recommended,"","",,"","","Subject_ID"
wisc_iii_df_item7_trial2_score,String,2,,Recommended,"","0;1;NA",,"","","WISC_III_Digits_Forward_Item7_Trial2_Score"
wisc_iii_df_item7_trial1_score,String,2,,Recommended,"","0;1;NA",,"","","WISC_III_Digits_Forward_Item7_Trial1_Score"
wisc_iii_df_item6_trial1_score,String,2,,Recommended,"","0;1;NA",,"","","WISC_III_Digits_Forward_Item6_Trial1_Score"
wisc_iii_df_item5_trial2_score,String,2,,Recommended,"","0;1;NA",,"","","WISC_III_Digits_Forward_Item5_Trial2_Score"
wisc_iii_df_item4_trial2_score,String,2,,Recommended,"","0;1;NA",,"","","WISC_III_Digits_Forward_Item4_Trial2_Score"
wisc_iii_df_item3_trial1_score,String,2,,Recommended,"","0;1;NA",,"","","WISC_III_Digits_Forward_Item3_Trial1_Score"
wisc_iii_df_item2_trial2_score,String,2,,Recommended,"","0;1;NA",,"","","WISC_III_Digits_Forward_Item2_Trial2_Score"
wisc_iii_df_item1_trial2_score,String,2,,Recommended,"","0;1;NA",,"","","WISC_III_Digits_Forward_Item1_Trial2_Score"
wisc_iii_df_item1_trial1_score,String,2,,Recommended,"","0;1;NA",,"","","WISC_III_Digits_Forward_Item1_Trial1_Score"
wisc_iii_db_item5_trial2_score,String,2,,Recommended,"","0;1;NA",,"","","WISC_III_Digits_Backward_Item5_Trial2_Score"
wisc_iii_db_item4_trial1_score,String,2,,Recommended,"","0;1;NA",,"","","WISC_III_Digits_Backward_Item4_Trial1_Score"
wisc_iii_db_item3_trial2_score,String,2,,Recommended,"","0;1;NA",,"","","WISC_III_Digits_Backward_Item3_Trial2_Score"
wisc_iii_db_item2_trial2_score,String,2,,Recommended,"","0;1;NA",,"","","WISC_III_Digits_Backward_Item2_Trial2_Score"
wisc_iii_db_item2_trial1_score,String,2,,Recommended,"","0;1;NA",,"","","WISC_III_Digits_Backward_Item2_Trial1_Score"
wisc_iii_db_item1_trial2_score,String,2,,Recommended,"","0;1;NA",,"","","WISC_III_Digits_Backward_Item1_Trial2_Score"
wisc_iii_db_item1_trial1_score,String,2,,Recommended,"","0;1;NA",,"","","WISC_III_Digits_Backward_Item1_Trial1_Score"
admin_status,String,20,,Recommended,"","Complete;Partial;Not Administered;Not Applicable",,"","","WISC_III_Administration_Status"
wisc_iii_scaled_sc_digit_span,Integer,0,,Recommended,"","",,"","","WISC_III_Scaled_Score_Digit_Span"
wisc_iii_raw_score_digit_span,Integer,0,,Recommended,"","",,"","","WISC_III_Raw_Score_Digit_Span"
wisc_iii_raw_score_df,Integer,0,,Recommended,"","",,"","","WISC_III_Raw_Score_Digits_Forward"
wisc_iii_df_item8_score,Integer,0,,Recommended,"","",,"","","WISC_III_Digits_Forward_Item8_Score"
wisc_iii_df_item7_score,Integer,0,,Recommended,"","",,"","","WISC_III_Digits_Forward_Item7_Score"
wisc_iii_df_item6_score,Integer,0,,Recommended,"","",,"","","WISC_III_Digits_Forward_Item6_Score"
wisc_iii_df_item5_score,Integer,0,,Recommended,"","",,"","","WISC_III_Digits_Forward_Item5_Score"
wisc_iii_df_item3_score,Integer,0,,Recommended,"","",,"","","WISC_III_Digits_Forward_Item3_Score"
wisc_iii_db_raw_score,Integer,0,,Recommended,"","",,"","","WISC_III_Digits_Backward_Raw_Score"
wisc_iii_db_item7_score,Integer,0,,Recommended,"","",,"","","WISC_III_Digits_Backward_Item7_Score"
wisc_iii_db_item6_score,Integer,0,,Recommended,"","",,"","","WISC_III_Digits_Backward_Item6_Score"
wisc_iii_db_item5_score,Integer,0,,Recommended,"","",,"","","WISC_III_Digits_Backward_Item5_Score"
wisc_iii_db_item4_score,Integer,0,,Recommended,"","",,"","","WISC_III_Digits_Backward_Item4_Score"
wisc_iii_db_item2_score,Integer,0,,Recommended,"","",,"","","WISC_III_Digits_Backward_Item2_Score"
wisc_iii_db_item1_score,Integer,0,,Recommended,"","",,"","","WISC_III_Digits_Backward_Item1_Score"
wisc_iii_coding_a_compl_time,Integer,0,,Recommended,"","",,"","","WISC_III_Coding_A_Completion_Time"
wisc_iii_scaled_score_coding,Integer,0,,Recommended,"","",,"","","WISC_III_Scaled_Score_Coding"
wisc_iii_raw_score_coding_b,Integer,0,,Recommended,"","",,"","","WISC_III_Raw_Score_Coding_B"
wisc_iii_raw_score_coding_a,Integer,0,,Recommended,"","",,"","","WISC_III_Raw_Score_Coding_A"
wisc_iii_df_item4_score,Integer,0,,Recommended,"","",,"","","WISC_III_Digits_Forward_Item4_Score"
wisc_iii_df_item2_score,Integer,0,,Recommended,"","",,"","","WISC_III_Digits_Forward_Item2_Score"
wisc_iii_df_item1_score,Integer,0,,Recommended,"","",,"","","WISC_III_Digits_Forward_Item1_Score"
wisc_iii_db_item3_score,Integer,0,,Recommended,"","",,"","","WISC_III_Digits_Backward_Item3_Score"
wisc_iii_coding_b_compl_time,Integer,0,,Recommended,"","",,"","","WISC_III_Coding_B_Completion_Time"
age_in_months,Integer,0,,Recommended,"","",,"","","WISC_III_Age_in_Months"
age_days_dot_to_dob,Integer,0,,Recommended,"","",,"","","WISC_III_Age_days_DOT_To_DOB"
subjectkey,GUID,0,,Optional,"","NDAR*",,"","",""
