ElementName,DataType,Size,Unit,Required,ElementDescription,ValueRange,Keywords,Notes,Section,Aliases
wais_r_df_item7_trial2_score,String,2,,Recommended,"","0;1;NA",,"","","WAIS_R_Digits_Forward_Item7_Trial2_Score"
wais_r_df_item7_trial1_score,String,2,,Recommended,"","0;1;NA",,"","","WAIS_R_Digits_Forward_Item7_Trial1_Score"
wais_r_df_item6_trial2_score,String,2,,Recommended,"","0;1;NA",,"","","WAIS_R_Digits_Forward_Item6_Trial2_Score"
wais_r_df_item6_trial1_score,String,2,,Recommended,"","0;1;NA",,"","","WAIS_R_Digits_Forward_Item6_Trial1_Score"
wais_r_df_item5_trial2_score,String,2,,Recommended,"","0;1;NA",,"","","WAIS_R_Digits_Forward_Item5_Trial2_Score"
wais_r_df_item5_trial1_score,String,2,,Recommended,"","0;1;NA",,"","","WAIS_R_Digits_Forward_Item5_Trial1_Score"
wais_r_df_item4_trial2_score,String,2,,Recommended,"","0;1;NA",,"","","WAIS_R_Digits_Forward_Item4_Trial2_Score"
wais_r_df_item4_trial1_score,String,2,,Recommended,"","0;1;NA",,"","","WAIS_R_Digits_Forward_Item4_Trial1_Score"
wais_r_df_item3_trial2_score,String,2,,Recommended,"","0;1;NA",,"","","WAIS_R_Digits_Forward_Item3_Trial2_Score"
wais_r_df_item2_trial1_score,String,2,,Recommended,"","0;1;NA",,"","","WAIS_R_Digits_Forward_Item2_Trial1_Score"
wais_r_df_item1_trial1_score,String,2,,Recommended,"","0;1;NA",,"","","WAIS_R_Digits_Forward_Item1_Trial1_Score"
wais_r_db_item7_trial2_score,String,2,,Recommended,"","0;1;NA",,"","","WAIS_R_Digits_Backward_Item7_Trial2_Score"
wais_r_db_item7_trial1_score,String,2,,Recommended,"","0;1;NA",,"","","WAIS_R_Digits_Backward_Item7_Trial1_Score"
wais_r_db_item6_trial2_score,String,2,,Recommended,"","0;1;NA",,"","","WAIS_R_Digits_Backward_Item6_Trial2_Score"
wais_r_db_item6_trial1_score,String,2,,Recommended,"","0;1;NA",,"","","WAIS_R_Digits_Backward_Item6_Trial1_Score"
wais_r_db_item5_trial2_score,String,2,,Recommended,"","0;1;NA",,"","","WAIS_R_Digits_Backward_Item5_Trial2_Score"
wais_r_db_item5_trial1_score,String,2,,Recommended,"","0;1;NA",,"","","WAIS_R_Digits_Backward_Item5_Trial1_Score"
wais_r_db_item4_trial2_score,String,2,,Recommended,"","0;1;NA",,"","","WAIS_R_Digits_Backward_Item4_Trial2_Score"
wais_r_db_item4_trial1_score,String,2,,Recommended,"","0;1;NA",,"","","WAIS_R_Digits_Backward_Item4_Trial1_Score"
wais_r_db_item3_trial2_score,String,2,,Recommended,"","0;1;NA",,"","","WAIS_R_Digits_Backward_Item3_Trial2_Score"
wais_r_db_item3_trial1_score,String,2,,Recommended,"","0;1;NA",,"","","WAIS_R_Digits_Backward_Item3_Trial1_Score"
wais_r_db_item2_trial2_score,String,2,,Recommended,"","0;1;NA",,"","","WAIS_R_Digits_Backward_Item2_Trial2_Score"
wais_r_db_item2_trial1_score,String,2,,Recommended,"","0;1;NA",,"","","WAIS_R_Digits_Backward_Item2_Trial1_Score"
wais_r_db_item1_trial2_score,String,2,,Recommended,"","0;1;NA",,"","","WAIS_R_Digits_Backward_Item1_Trial2_Score"
wais_r_db_item1_trial1_score,String,2,,Recommended,"","0;1;NA",,"","","WAIS_R_Digits_Backward_Item1_Trial1_Score"
admin_status,String,20,,Recommended,"","Complete;Partial;Not Administered;Not Applicable",,"","","WAIS_R_Administration_Status"
timepoint_label,String,5,,Recommended,"","",,"","","Timepoint_Label"
src_subject_id,String,20,,Recommended,"","",,"","","Subject_ID"
wais_r_df_item3_trial1_score,String,2,,Recommended,"","0;1;NA",,"","","WAIS_R_Digits_Forward_Item3_Trial1_Score"
wais_r_df_item2_trial2_score,String,2,,Recommended,"","0;1;NA",,"","","WAIS_R_Digits_Forward_Item2_Trial2_Score"
wais_r_df_item1_trial2_score,String,2,,Recommended,"","0;1;NA",,"","","WAIS_R_Digits_Forward_Item1_Trial2_Score"
wais_r_scaled_score_digit_symb,Integer,0,,Recommended,"","",,"","","WAIS_R_Scaled_Score_Digit_Symbol"
wais_r_scaled_score_digit_span,Integer,0,,Recommended,"","",,"","","WAIS_R_Scaled_Score_Digit_Span"
wais_r_raw_score_digit_symbol,Integer,0,,Recommended,"","",,"","","WAIS_R_Raw_Score_Digit_Symbol"
wais_r_raw_score_digit_span,Integer,0,,Recommended,"","",,"","","WAIS_R_Raw_Score_Digit_Span"
wais_r_raw_score_df,Integer,0,,Recommended,"","",,"","","WAIS_R_Raw_Score_Digits_Forward"
wais_r_df_item7_score,Integer,0,,Recommended,"","",,"","","WAIS_R_Digits_Forward_Item7_Score"
wais_r_df_item6_score,Integer,0,,Recommended,"","",,"","","WAIS_R_Digits_Forward_Item6_Score"
wais_r_df_item5_score,Integer,0,,Recommended,"","",,"","","WAIS_R_Digits_Forward_Item5_Score"
wais_r_df_item4_score,Integer,0,,Recommended,"","",,"","","WAIS_R_Digits_Forward_Item4_Score"
wais_r_df_item3_score,Integer,0,,Recommended,"","",,"","","WAIS_R_Digits_Forward_Item3_Score"
wais_r_df_item1_score,Integer,0,,Recommended,"","",,"","","WAIS_R_Digits_Forward_Item1_Score"
wais_r_db_raw_score,Integer,0,,Recommended,"","",,"","","WAIS_R_Digits_Backward_Raw_Score"
wais_r_db_item7_score,Integer,0,,Recommended,"","",,"","","WAIS_R_Digits_Backward_Item7_Score"
wais_r_db_item6_score,Integer,0,,Recommended,"","",,"","","WAIS_R_Digits_Backward_Item6_Score"
wais_r_db_item5_score,Integer,0,,Recommended,"","",,"","","WAIS_R_Digits_Backward_Item5_Score"
wais_r_db_item4_score,Integer,0,,Recommended,"","",,"","","WAIS_R_Digits_Backward_Item4_Score"
wais_r_db_item3_score,Integer,0,,Recommended,"","",,"","","WAIS_R_Digits_Backward_Item3_Score"
wais_r_db_item2_score,Integer,0,,Recommended,"","",,"","","WAIS_R_Digits_Backward_Item2_Score"
wais_r_db_item1_score,Integer,0,,Recommended,"","",,"","","WAIS_R_Digits_Backward_Item1_Score"
age_in_years,Integer,0,,Recommended,"","",,"","","WAIS_R_Age_in_Years"
age_days_dot_to_dob,Integer,0,,Recommended,"","",,"","","WAIS_R_Age_days_DOT_To_DOB"
wais_r_df_item2_score,Integer,0,,Recommended,"","",,"","","WAIS_R_Digits_Forward_Item2_Score"
subjectkey,GUID,0,,Optional,"","NDAR*",,"","",""
