ElementName,DataType,Size,Unit,Required,ElementDescription,ValueRange,Keywords,Notes,Section,Aliases
subjectkey,GUID,0,,Optional,"The NDAR Global Unique Identifier (GUID) for subjects which identifies a subject in NDAR","NDAR*",,"","NDAR Required","Unique_ID"
src_subject_id,String,20,,Optional,"The site's subject identification","",,"","NDAR Required","Subject_ID"
age_days_dov_to_dob,Integer,0,,Recommended,"Age in days at Visit (DoV-DoB), same as age of scan if obtained","",,"","","Age_Days_Date_of_Visit_to_DOB"
timepoint_label,String,5,,Required,"User-defined timepoint/visit label - a label selected by the site at the time of registration of a new timepoint into the database.  This label is used to group all the instruments administered to a subject at a given timepoint.","",,"","","Timepoint_Label"
adhd_combined_diagnosis,String,10,,Recommended,"FIGS Y1: Attention deficit hyperactivity disorder - combined type (N=no diagnosis for any first degree relative; Y=positive lifetime diagnosis for one or more first degree relatives)","N;Y",,"","","FIGS_Y1_ADHD_Combined_Diagnosis"
adhd_hyperactive_diagnosis,String,10,,Recommended,"FIGS Y1: Attention deficit hyperactivity disorder - hyperactive/impulsive type (N=no diagnosis for any first degree relative; Y=positive lifetime diagnosis for one or more first degree relatives)","N;Y",,"","","FIGS_Y1_ADHD_Hyperactive_Diagnosis"
adhd_inattentive_diagnosis,String,10,,Recommended,"FIGS Y1: Attention deficit hyperactivity disorder - inattentive type (N=no diagnosis for any first degree relative; Y=positive lifetime diagnosis for one or more first degree relatives)","N;Y",,"","","FIGS_Y1_ADHD_Inattentive_Diagnosis"
admin_status,String,20,,Recommended,"Instrument administration status","Complete;Partial;Not Administered;Not Applicable",,"","","FIGS_Y1_Administration_Status"
age_days_doa_to_dob,Integer,0,,Recommended,"Age in days obtained by subtracting the date of birth from the date of test","",,"","","FIGS_Y1_Age_Days_DOA_to_DOB"
alcohol_abuse_diagnosis,String,10,,Recommended,"FIGS Y1: Alcohol abuse disorder (N=no diagnosis for any first degree relative; Y=positive lifetime diagnosis for one or more first degree relatives)","N;Y",,"","","FIGS_Y1_Alcohol_Abuse_Diagnosis"
alcohol_dependence_diagnosis,String,10,,Recommended,"FIGS Y1: Alcohol dependence disorder (N=no diagnosis for any first degree relative; Y=positive lifetime diagnosis for one or more first degree relatives)","N;Y",,"","","FIGS_Y1_Alcohol_Dependence_Diagnosis"
antisocial_prsnlty_diagnosis,String,10,,Recommended,"FIGS Y3: Antisocial personality disorder (N=no diagnosis for any first degree relative; Y=positive lifetime diagnosis for one or more first degree relatives)","N;Y",,"","","FIGS_Y1_AntiSocial_Personality_Diagnosis"
chronic_depression_diagnosis,String,10,,Recommended,"FIGS Y1: Chronic major depressive disorder (N=no diagnosis for any first degree relative; Y=positive lifetime diagnosis for one or more first degree relatives)","N;Y",,"","","FIGS_Y1_Chronic_Depression_Diagnosis"
drug_abuse_sub1_diagnosis,String,10,,Recommended,"FIGS Y1: Drug substance abuse - first reported substance (N=no diagnosis for any first degree relative; Y=positive lifetime diagnosis for one or more first degree relatives)","N;Y",,"","","FIGS_Y1_Drug_Abuse_Substance1_Diagnosis"
drug_abuse_sub2_diagnosis,String,10,,Recommended,"FIGS Y1: Drug substance abuse - second reported substance (N=no diagnosis for any first degree relative; Y=positive lifetime diagnosis for one or more first degree relatives)","N;Y",,"","","FIGS_Y1_Drug_Abuse_Substance2_Diagnosis"
drug_abuse_sub3_diagnosis,String,10,,Recommended,"FIGS Y1: Drug substance abuse - third reported substance (N=no diagnosis for any first degree relative; Y=positive lifetime diagnosis for one or more first degree relatives)","N;Y",,"","","FIGS_Y1_Drug_Abuse_Substance3_Diagnosis"
drug_abuse_sub4_diagnosis,String,10,,Recommended,"FIGS Y1: Drug substance abuse - fourth reported substance (N=no diagnosis for any first degree relative; Y=positive lifetime diagnosis for one or more first degree relatives)","N;Y",,"","","FIGS_Y1_Drug_Abuse_Substance4_Diagnosis"
drug_abuse_sub5_diagnosis,String,10,,Recommended,"FIGS Y1: Drug substance abuse - fifth reported substance (N=no diagnosis for any first degree relative; Y=positive lifetime diagnosis for one or more first degree relatives)","N;Y",,"","","FIGS_Y1_Drug_Abuse_Substance5_Diagnosis"
drug_abuse_sub6_diagnosis,String,10,,Recommended,"FIGS Y1: Drug substance abuse - sixth reported substance (N=no diagnosis for any first degree relative; Y=positive lifetime diagnosis for one or more first degree relatives)","N;Y",,"","","FIGS_Y1_Drug_Abuse_Substance6_Diagnosis"
major_depression_diagnosis,String,10,,Recommended,"FIGS Y1: Major depressive disorder (N=no diagnosis for any first degree relative; Y=positive lifetime diagnosis for one or more first degree relatives)","N;Y",,"","","FIGS_Y1_Major_Depression_Diagnosis"
mania_diagnosis,String,10,,Recommended,"FIGS Y1: Bipolar disorder (N=no diagnosis for any first degree relative; Y=positive lifetime diagnosis for one or more first degree relatives)","N;Y",,"","","FIGS_Y1_Mania_Diagnosis"
nicotine_dependence_diagnosis,String,10,,Recommended,"FIGS Y1: Nicotine dependence (N=no diagnosis for any first degree relative; Y=positive lifetime diagnosis for one or more first degree relatives)","N;Y",,"","","FIGS_Y1_Nicotine_Dependence_Diagnosis"
ocd_diagnosis,String,10,,Recommended,"FIGS Y1: Obsessive compulsive disorder (N=no diagnosis for any first degree relative; Y=positive lifetime diagnosis for one or more first degree relatives)","N;Y",,"","","FIGS_Y1_OCD_Diagnosis"
paranoid_personality_diagnosis,String,10,,Recommended,"FIGS Y1: Paranoid personality disorder (N=no diagnosis for any first degree relative; Y=positive lifetime diagnosis for one or more first degree relatives)","N;Y",,"","","FIGS_Y1_Paranoid_Personality_Diagnosis"
pdd_diagnosis,String,10,,Recommended,"FIGS Y3: Pervasive developmental disorder (N=no diagnosis for any first degree relative; Y=positive lifetime diagnosis for one or more first degree relatives)","N;Y",,"","","FIGS_Y1_Pervasive_Developmental_Disorder_Diagnosis"
psychotic_depression_diagnosis,String,10,,Recommended,"FIGS Y1: Major depressive disorder with psychosis (N=no diagnosis for any first degree relative; Y=positive lifetime diagnosis for one or more first degree relatives)","N;Y",,"","","FIGS_Y1_Psychotic_Depression_Diagnosis"
psychotic_mania_diagnosis,String,10,,Recommended,"FIGS Y1: Bipolar disorder with psychosis (N=no diagnosis for any first degree relative; Y=positive lifetime diagnosis for one or more first degree relatives)","N;Y",,"","","FIGS_Y1_Psychotic_Mania_Diagnosis"
recurrent_depression_diagnosis,String,10,,Recommended,"FIGS Y1: Recurrent major depressive disorder (N=no diagnosis for any first degree relative; Y=positive lifetime diagnosis for one or more first degree relatives)","N;Y",,"","","FIGS_Y1_Recurrent_Depression_Diagnosis"
respondent,String,20,,Recommended,"FIGS Y1: Respondent (mother or father)","Mother;Father;Other",,"","","FIGS_Y1_Respondent"
respondent_other,String,50,,Recommended,"FIGS Y1: Respondent other than mother or father","",,"","","FIGS_Y1_Respondent_Other"
schizoid_diagnosis,String,10,,Recommended,"FIGS Y1: Schizoid personality disorder (N=no diagnosis for any first degree relative; Y=positive lifetime diagnosis for one or more first degree relatives)","N;Y",,"","","FIGS_Y1_Schizoid_Diagnosis"
schizophrenia_diagnosis,String,10,,Recommended,"FIGS Y1: Schizophrenia (N=no diagnosis for any first degree relative; Y=positive lifetime diagnosis for one or more first degree relatives)","N;Y",,"","","FIGS_Y1_Schizophrenia_Diagnosis"
schizotypal_diagnosis,String,10,,Recommended,"FIGS Y1: Schizotypal personality disorder (N=no diagnosis for any first degree relative; Y=positive lifetime diagnosis for one or more first degree relatives)","N;Y",,"","","FIGS_Y1_Schizotypal_Diagnosis"
tic_motor_chronic_diagnosis,String,10,,Recommended,"FIGS Y1: Chronic motor tic disorder (N=no diagnosis for any first degree relative; Y=positive lifetime diagnosis for one or more first degree relatives)","N;Y",,"","","FIGS_Y1_Tic_Motor_Chronic_Diagnosis"
tic_motor_transient_diagnosis,String,10,,Recommended,"FIGS Y1: Transient motor tic disorder (N=no diagnosis for any first degree relative; Y=positive lifetime diagnosis for one or more first degree relatives)","N;Y",,"","","FIGS_Y1_Tic_Motor_Transient_Diagnosis"
tic_vocal_chronic_diagnosis,String,10,,Recommended,"FIGS Y1: Chronic vocal tic disorder (N=no diagnosis for any first degree relative; Y=positive lifetime diagnosis for one or more first degree relatives)","N;Y",,"","","FIGS_Y1_Tic_Vocal_Chronic_Diagnosis"
tic_vocal_transient_diagnosis,String,10,,Recommended,"FIGS Y1: Transient vocal tic disorder (N=no diagnosis for any first degree relative; Y=positive lifetime diagnosis for one or more first degree relatives)","N;Y",,"","","FIGS_Y1_Tic_Vocal_Transient_Diagnosis"
tourettes_diagnosis,String,10,,Recommended,"FIGS Y1: Tourette's disorder (N=no diagnosis for any first degree relative; Y=positive lifetime diagnosis for one or more first degree relatives)","N;Y",,"","","FIGS_Y1_Tourettes_Diagnosis"
