ElementName,DataType,Size,Unit,Required,ElementDescription,ValueRange,Keywords,Notes,Section,Aliases
subjectkey,GUID,0,,Required,"The NDAR Global Unique Identifier (GUID) for subjects which identifies a subject in NDAR","NDAR*",,"","",""
timepoint_label,String,5,,Required,"User-defined timepoint/visit label - a label selected by the site at the time of registration of a new timepoint into the database.  This label is used to group all the instruments administered to a subject at a given timepoint.","",,"","",""
src_subject_id,String,20,,Required,"The site's subject identification","",,"","",""
age_days_date_of_visit_to_dob,Integer,0,,Required,"Age in days at Visit (DoV-DoB), same as age of scan if obtained","",,"","",""
mrs_csf_l_fwm,Float,0,,Optional,"This is the cerebral spinal fluid tissue content for the voxel.","",,"","",""
mrs_csf_l_pwm,Float,0,,Optional,"This is the cerebral spinal fluid tissue content for the voxel.","",,"","",""
mrs_csf_l_th,Float,0,,Optional,"This is the cerebral spinal fluid tissue content for the voxel.","",,"","",""
mrs_csf_ogm,Float,0,,Optional,"This is the cerebral spinal fluid tissue content for the voxel.","",,"","",""
mrs_cho_csf_l_fwm,Float,0,,Optional,"This is the value for Choline compounds (GPC and Phosphocholine) in this voxel adjusted for CSF content.","",,"","",""
mrs_cho_csf_l_pwm,Float,0,,Optional,"This is the value for Choline compounds (GPC and Phosphocholine) in this voxel adjusted for CSF content.","",,"","",""
mrs_cho_csf_l_th,Float,0,,Optional,"This is the value for Choline compounds (GPC and Phosphocholine) in this voxel adjusted for CSF content.","",,"","",""
mrs_cho_csf_ogm,Float,0,,Optional,"This is the value for Choline compounds (GPC and Phosphocholine) in this voxel adjusted for CSF content.","",,"","",""
mrs_cho_cr_pcr_l_fwm,Float,0,,Optional,"Choline compounds (GPC and Phosphocholine) divided by the value of Creatine compounds in this voxel.","",,"This is the value for Choline compounds (GPC and Phosphocholine) divided by the value of Creatine compounds in this voxel.","",""
mrs_cho_cr_pcr_l_pwm,Float,0,,Optional,"Choline compounds (GPC and Phosphocholine) divided by the value of Creatine compounds in this voxel.","",,"This is the value for Choline compounds (GPC and Phosphocholine) divided by the value of Creatine compounds in this voxel.","",""
mrs_cho_cr_pcr_l_th,Float,0,,Optional,"Choline compounds (GPC and Phosphocholine) divided by the value of Creatine compounds in this voxel.","",,"This is the value for Choline compounds (GPC and Phosphocholine) divided by the value of Creatine compounds in this voxel.","",""
mrs_cho_cr_pcr_ogm,Float,0,,Optional,"Choline compounds (GPC and Phosphocholine) divided by the value of Creatine compounds in this voxel.","",,"This is the value for Choline compounds (GPC and Phosphocholine) divided by the value of Creatine compounds in this voxel.","",""
mrs_cr_pcr_csf_l_fwm,Float,0,,Optional,"Value for Creatine compounds (Creatine and Phosphocreatine) in this voxel adjusted for CSF content.","",,"","",""
mrs_cr_pcr_csf_l_pwm,Float,0,,Optional,"Value for Creatine compounds (Creatine and Phosphocreatine) in this voxel adjusted for CSF content.","",,"","",""
mrs_cr_pcr_csf_l_th,Float,0,,Optional,"Value for Creatine compounds (Creatine and Phosphocreatine) in this voxel adjusted for CSF content.","",,"","",""
mrs_cr_pcr_csf_ogm,Float,0,,Optional,"Value for Creatine compounds (Creatine and Phosphocreatine) in this voxel adjusted for CSF content.","",,"","",""
mrs_fwhm_l_fwm,Float,0,,Optional,"This is the Full Width Half Maximum of the primary (NAA) peak for this voxel.","",,"The lower the value, the sharper the peak and better the spectra quality.","",""
mrs_fwhm_l_pwm,Float,0,,Optional,"This is the Full Width Half Maximum of the primary (NAA) peak for this voxel.","",,"The lower the value, the sharper the peak and better the spectra quality.","",""
mrs_fwhm_l_th,Float,0,,Optional,"This is the Full Width Half Maximum of the primary (NAA) peak for this voxel.","",,"The lower the value, the sharper the peak and better the spectra quality.","",""
mrs_fwhm_ogm,Float,0,,Optional,"This is the Full Width Half Maximum of the primary (NAA) peak for this voxel.","",,"The lower the value, the sharper the peak and better the spectra quality.","",""
mrs_gm_l_fwm,Float,0,,Optional,"This is the grey-matter tissue content for the voxel.","",,"","",""
mrs_gm_l_pwm,Float,0,,Optional,"This is the grey-matter tissue content for the voxel.","",,"","",""
mrs_gm_l_th,Float,0,,Optional,"This is the grey-matter tissue content for the voxel.","",,"","",""
mrs_gm_ogm,Float,0,,Optional,"This is the grey-matter tissue content for the voxel.","",,"","",""
mrs_lcm_spectrum_pos_l_fwm,String,1024,,Optional,"This is is the jpg screenshot of the voxel's anatomical location as displayed in the mrs software.","",,"","","MRS_LCM_Spectrum_position_L_FWM"
mrs_lcm_spectrum_posi_l_pwm,String,1024,,Optional,"This is is the jpg screenshot of the voxel's anatomical location as displayed in the mrs software.","",,"","","MRS_LCM_Spectrum_position_L_PWM"
mrs_lcm_spectrum_position_l_th,String,1024,,Optional,"This is is the jpg screenshot of the voxel's anatomical location as displayed in the mrs software.","",,"","",""
mrs_lcm_spectrum_position_ogm,String,1024,,Optional,"This is is the jpg screenshot of the voxel's anatomical location as displayed in the mrs software.","",,"","",""
mrs_naa_naag_csf_l_fwm,Float,0,,Optional,"This is the value for total NAA (NAA and NAAG) in this voxel, adjusted for CSF content.","",,"","",""
mrs_naa_naag_csf_l_pwm,Float,0,,Optional,"This is the value for total NAA (NAA and NAAG) in this voxel, adjusted for CSF content.","",,"","",""
mrs_naa_naag_csf_l_th,Float,0,,Optional,"This is the value for total NAA (NAA and NAAG) in this voxel, adjusted for CSF content.","",,"","",""
mrs_naa_naag_csf_ogm,Float,0,,Optional,"This is the value for total NAA (NAA and NAAG) in this voxel, adjusted for CSF content.","",,"","",""
mrs_naa_naag_cr_pcr_l_fwm,Float,0,,Optional,"This is the value for total NAA (NAA and NAAG) divided by the value of Creatine compounds in this voxel.","",,"","",""
mrs_naa_naag_cr_pcr_l_pwm,Float,0,,Optional,"This is the value for total NAA (NAA and NAAG) divided by the value of Creatine compounds in this voxel.","",,"","",""
mrs_naa_naag_cr_pcr_l_th,Float,0,,Optional,"This is the value for total NAA (NAA and NAAG) divided by the value of Creatine compounds in this voxel.","",,"","",""
mrs_naa_naag_cr_pcr_ogm,Float,0,,Optional,"This is the value for total NAA (NAA and NAAG) divided by the value of Creatine compounds in this voxel.","",,"","",""
mrs_raw_data_file_endian_l_fwm,String,20,,Optional,"This is a term describing the ordering of the least and most significant bits in the raw mrs data file.","",,"","","MRS_Raw_data_file_Endianness_L_FWM"
mrs_raw_data_file_endian_l_pwm,String,20,,Optional,"This is a term describing the ordering of the least and most significant bits in the raw mrs data file.","",,"","","MRS_Raw_data_file_Endianness_L_PWM"
mrs_raw_data_file_endian_l_th,String,20,,Optional,"This is a term describing the ordering of the least and most significant bits in the raw mrs data file.","",,"","","MRS_Raw_data_file_Endianness_L_TH"
mrs_raw_data_file_endian_ogm,String,20,,Optional,"This is a term describing the ordering of the least and most significant bits in the raw mrs data file.","",,"","","MRS_Raw_data_file_Endianness_OGM"
mrs_raw_data_file_l_fwm_us,String,1024,,Optional,"This is the raw MRS data file.","",,"","",""
mrs_raw_data_file_l_fwm_ws,String,1024,,Optional,"This is the raw MRS data file.","",,"","",""
mrs_raw_data_file_l_pwm_us,String,1024,,Optional,"This is the raw MRS data file.","",,"","",""
mrs_raw_data_file_l_pwm_ws,String,1024,,Optional,"This is the raw MRS data file.","",,"","",""
mrs_raw_data_file_l_th_us,String,1024,,Optional,"This is the raw MRS data file.","",,"","",""
mrs_raw_data_file_l_th_ws,String,1024,,Optional,"This is the raw MRS data file.","",,"","",""
mrs_raw_data_file_ogm_us,String,1024,,Optional,"This is the raw MRS data file.","",,"","",""
mrs_raw_data_file_ogm_ws,String,1024,,Optional,"This is the raw MRS data file.","",,"","",""
mrs_raw_data_format_l_th_ws,String,32,,Optional,"This is the file type for the raw mrs data file. Either Siemens or GE Pfile with the version (GE OS) number.","",,"","","MRS_Raw_data_file_format_L_TH_WS"
mrs_snr_l_fwm,Integer,0,,Optional,"This is the signal to noise ratio for the spectrum, a measure of spectra quality.","",,"","",""
mrs_snr_l_pwm,Integer,0,,Optional,"This is the signal to noise ratio for the spectrum, a measure of spectra quality.","",,"","",""
mrs_snr_l_th,Integer,0,,Optional,"This is the signal to noise ratio for the spectrum, a measure of spectra quality.","",,"","",""
mrs_snr_ogm,Integer,0,,Optional,"This is the signal to noise ratio for the spectrum, a measure of spectra quality.","",,"","",""
mrs_wm_l_fwm,Float,0,,Optional,"This is the white-matter tissue content for the voxel.","",,"","",""
mrs_wm_l_pwm,Float,0,,Optional,"This is the white-matter tissue content for the voxel.","",,"","",""
mrs_wm_l_th,Float,0,,Optional,"This is the white-matter tissue content for the voxel.","",,"","",""
mrs_wm_ogm,Float,0,,Optional,"This is the white-matter tissue content for the voxel.","",,"","",""
percent_sd_mrs_cho_l_pwm,Integer,0,,Optional,"Percent standard deviation for the metabolite value, a measure of the reliability of the value.","",,"","",""
percent_sd_mrs_cho_l_th,Integer,0,,Optional,"Percent standard deviation for the metabolite value, a measure of the reliability of the value.","",,"","",""
percent_sd_mrs_cho_ogm,Integer,0,,Optional,"Percent standard deviation for the metabolite value, a measure of the reliability of the value.","",,"","",""
percent_sd_mrs_cr_pcr_l_fwm,Integer,0,,Optional,"Percent standard deviation for the metabolite value, a measure of the reliability of the value.","",,"","",""
percent_sd_mrs_cr_pcr_l_pwm,Integer,0,,Optional,"Percent standard deviation for the metabolite value, a measure of the reliability of the value.","",,"","",""
percent_sd_mrs_cr_pcr_l_th,Integer,0,,Optional,"Percent standard deviation for the metabolite value, a measure of the reliability of the value.","",,"","",""
percent_sd_mrs_cr_pcr_ogm,Integer,0,,Optional,"Percent standard deviation for the metabolite value, a measure of the reliability of the value.","",,"","",""
percent_sd_mrs_naa_naag_l_fwm,Integer,0,,Optional,"Percent standard deviation for the metabolite value, a measure of the reliability of the value.","",,"","",""
percent_sd_mrs_naa_naag_l_pwm,Integer,0,,Optional,"Percent standard deviation for the metabolite value, a measure of the reliability of the value.","",,"","",""
percent_sd_mrs_naa_naag_l_th,Integer,0,,Optional,"Percent standard deviation for the metabolite value, a measure of the reliability of the value.","",,"","",""
percent_sd_mrs_naa_naag_ogm,Integer,0,,Optional,"Percent standard deviation for the metabolite value, a measure of the reliability of the value.","",,"","",""
