ElementName,DataType,Size,Unit,Required,ElementDescription,ValueRange,Keywords,Notes,Section,Aliases
subjectkey,GUID,0,,Optional,"The NDAR Global Unique Identifier (GUID) for subjects which identifies a subject in NDAR","NDAR*",,"","",""
admin_status,String,20,,Recommended,"Instrument administration status","Complete;Partial;Not Administered;Not Applicable",,"","","BRIEF_Administration_Status"
src_subject_id,String,20,,Recommended,"The site's subject identification","",,"","","Subject_ID"
age_days_dot_to_dob,Integer,0,,Recommended,"Age in days obtained by subtracting the date of birth from the date of test","",,"","","BRIEF_Age_Days_DOT_to_DOB"
brief_behavior_reg_index_pct,Integer,0,,Recommended,"BRIEF: Behavior regulation index (BRI) percentile","",,"","","BRIEF_Behavior_Regulation_Index_Percentile"
brief_behavior_reg_index_t,Integer,0,,Recommended,"BRIEF: Behavior regulation index (BRI) T score","",,"","","BRIEF_Behavior_Regulation_Index_T"
brief_emotional_control_pct,Integer,0,,Recommended,"BRIEF: Emotional control subscale percentile","",,"","","BRIEF_Emotional_Control_Percentile"
brief_emotional_control_raw,Integer,0,,Recommended,"BRIEF: Emotional control subscale raw score","",,"","","q54_sc3,BRIEF_Emotional_Control_Raw"
brief_emotional_control_t,Integer,0,,Recommended,"BRIEF: Emotional control subscale T score","",,"","","BRIEF_Emotional_Control_T"
brief_global_exec_comp_pct,Integer,0,,Recommended,"BRIEF: Global executive composite (GEC) percentile","",,"","","BRIEF_Global_Executive_Composite_Percentile"
brief_global_exec_comp_raw,Integer,0,,Recommended,"BRIEF: Global executive composite (GEC) raw score","",,"","","q54_sc9,BRIEF_Global_Executive_Composite_Raw"
brief_global_exec_composite_t,Integer,0,,Recommended,"BRIEF: Global executive composite (GEC) T score","",,"","","BRIEF_Global_Executive_Composite_T"
brief_grade,Integer,0,,Recommended,"BRIEF: Child's grade in school as reported by the respondent","",,"","","BRIEF_Grade"
brief_inconsistency_class,String,20,,Recommended,"BRIEF: Inconsistency scale class (Acceptable= <6; Questionable=7-8; Inconsistent=>9)","Acceptable;Questionable;Inconsistent",,"","","BRIEF_Inconsistency_Class"
brief_inconsistency_score,Integer,0,,Recommended,"BRIEF: Inconsistency scale score (0 to 20)","",,"","","BRIEF_Inconsistency_Score"
brief_inhibition_percentile,Integer,0,,Recommended,"BRIEF: Inhibition subscale percentile","",,"","","BRIEF_Inhibition_Percentile"
brief_q58,String,2,,Recommended,"BRIEF: Q58 (N=Never; S=Sometime; O=Often)","N;S;O;NA",,"","","BRIEF_Q58,q54_58"
brief_q59,String,2,,Recommended,"BRIEF: Q59 (N=Never; S=Sometime; O=Often)","N;S;O;NA",,"","","q54_59,BRIEF_Q59"
brief_q6,String,2,,Recommended,"BRIEF: Q6 (N=Never; S=Sometime; O=Often)","N;S;O;NA",,"","","BRIEF_Q6,q54_6"
brief_q60,String,2,,Recommended,"BRIEF: Q60 (N=Never; S=Sometime; O=Often)","N;S;O;NA",,"","","BRIEF_Q60,q54_60"
brief_q61,String,2,,Recommended,"BRIEF: Q61 (N=Never; S=Sometime; O=Often)","N;S;O;NA",,"","","q54_61,BRIEF_Q61"
brief_q62,String,2,,Recommended,"BRIEF: Q62 (N=Never; S=Sometime; O=Often)","N;S;O;NA",,"","","BRIEF_Q62,q54_62"
brief_q63,String,2,,Recommended,"BRIEF: Q63 (N=Never; S=Sometime; O=Often)","N;S;O;NA",,"","","BRIEF_Q63,q54_63"
brief_q64,String,2,,Recommended,"BRIEF: Q64 (N=Never; S=Sometime; O=Often)","N;S;O;NA",,"","","BRIEF_Q64"
brief_q65,String,2,,Recommended,"BRIEF: Q65 (N=Never; S=Sometime; O=Often)","N;S;O;NA",,"","","BRIEF_Q65"
brief_q66,String,2,,Recommended,"BRIEF: Q66 (N=Never; S=Sometime; O=Often)","N;S;O;NA",,"","","BRIEF_Q66"
brief_q67,String,2,,Recommended,"BRIEF: Q67 (N=Never; S=Sometime; O=Often)","N;S;O;NA",,"","","BRIEF_Q67"
brief_q68,String,2,,Recommended,"BRIEF: Q68 (N=Never; S=Sometime; O=Often)","N;S;O;NA",,"","","BRIEF_Q68"
brief_q69,String,2,,Recommended,"BRIEF: Q69 (N=Never; S=Sometime; O=Often)","N;S;O;NA",,"","","BRIEF_Q69"
brief_q7,String,2,,Recommended,"BRIEF: Q7 (N=Never; S=Sometime; O=Often)","N;S;O;NA",,"","","BRIEF_Q7,q54_7"
brief_q70,String,2,,Recommended,"BRIEF: Q70 (N=Never; S=Sometime; O=Often)","N;S;O;NA",,"","","BRIEF_Q70"
brief_q71,String,2,,Recommended,"BRIEF: Q71 (N=Never; S=Sometime; O=Often)","N;S;O;NA",,"","","BRIEF_Q71"
brief_q72,String,2,,Recommended,"BRIEF: Q72 (N=Never; S=Sometime; O=Often)","N;S;O;NA",,"","","BRIEF_Q72"
brief_q73,String,2,,Recommended,"BRIEF: Q73 (N=Never; S=Sometime; O=Often)","N;S;O;NA",,"","","BRIEF_Q73"
brief_q74,String,2,,Recommended,"BRIEF: Q74 (N=Never; S=Sometime; O=Often)","N;S;O;NA",,"","","BRIEF_Q74"
brief_q75,String,2,,Recommended,"BRIEF: Q75 (N=Never; S=Sometime; O=Often)","N;S;O;NA",,"","","BRIEF_Q75"
brief_q76,String,2,,Recommended,"BRIEF: Q76 (N=Never; S=Sometime; O=Often)","N;S;O;NA",,"","","BRIEF_Q76"
brief_q77,String,2,,Recommended,"BRIEF: Q77 (N=Never; S=Sometime; O=Often)","N;S;O;NA",,"","","BRIEF_Q77"
brief_q78,String,2,,Recommended,"BRIEF: Q78 (N=Never; S=Sometime; O=Often)","N;S;O;NA",,"","","BRIEF_Q78"
brief_q79,String,2,,Recommended,"BRIEF: Q79 (N=Never; S=Sometime; O=Often)","N;S;O;NA",,"","","BRIEF_Q79"
brief_q8,String,2,,Recommended,"BRIEF: Q8 (N=Never; S=Sometime; O=Often)","N;S;O;NA",,"","","q54_8,BRIEF_Q8"
brief_q80,String,2,,Recommended,"BRIEF: Q80 (N=Never; S=Sometime; O=Often)","N;S;O;NA",,"","","BRIEF_Q80"
brief_q81,String,2,,Recommended,"BRIEF: Q81 (N=Never; S=Sometime; O=Often)","N;S;O;NA",,"","","BRIEF_Q81"
brief_q82,String,2,,Recommended,"BRIEF: Q82 (N=Never; S=Sometime; O=Often)","N;S;O;NA",,"","","BRIEF_Q82"
brief_q83,String,2,,Recommended,"BRIEF: Q83 (N=Never; S=Sometime; O=Often)","N;S;O;NA",,"","","BRIEF_Q83"
brief_q84,String,2,,Recommended,"BRIEF: Q84 (N=Never; S=Sometime; O=Often)","N;S;O;NA",,"","","BRIEF_Q84"
brief_q85,String,2,,Recommended,"BRIEF: Q85 (N=Never; S=Sometime; O=Often)","N;S;O;NA",,"","","BRIEF_Q85"
brief_q86,String,2,,Recommended,"BRIEF: Q86 (N=Never; S=Sometime; O=Often)","N;S;O;NA",,"","","BRIEF_Q86"
brief_q9,String,2,,Recommended,"BRIEF: Q9 (N=Never; S=Sometime; O=Often)","N;S;O;NA",,"","","q54_9,BRIEF_Q9"
brief_shift_percentile,Integer,0,,Recommended,"BRIEF: Shift subscale percentile","",,"","","BRIEF_Shift_Percentile"
brief_shift_raw,Integer,0,,Recommended,"BRIEF: Shift subscale raw score","",,"","","BRIEF_Shift_Raw,q54_sc2"
brief_shift_t,Integer,0,,Recommended,"BRIEF: Shift subscale T score","",,"","","BRIEF_Shift_T"
brief_working_memory_pct,Integer,0,,Recommended,"BRIEF: Working memory subscale percentile","",,"","","BRIEF_Working_Memory_Percentile"
brief_working_memory_raw,Integer,0,,Recommended,"BRIEF: Working memory subscale raw score","",,"","","BRIEF_Working_Memory_Raw,q54_sc4"
brief_working_memory_t,Integer,0,,Recommended,"BRIEF: Working memory subscale T score","",,"","","BRIEF_Working_Memory_T"
brief_inhibition_raw,Integer,0,,Recommended,"BRIEF: Inhibition subscale raw score","",,"","","BRIEF_Inhibition_Raw,q54_sc1"
brief_inhibition_t,Integer,0,,Recommended,"BRIEF: Inhibition subscale T score","",,"","","BRIEF_Inhibition_T"
brief_initiate_percentile,Integer,0,,Recommended,"BRIEF: Initiate subscale percentile","",,"","","BRIEF_Initiate_Percentile"
brief_initiate_raw,Integer,0,,Recommended,"BRIEF: Initiate subscale raw score","",,"","","BRIEF_Initiate_Raw"
brief_initiate_t,Integer,0,,Recommended,"BRIEF: Initiate subscale T score","",,"","","BRIEF_Initiate_T"
brief_metacognition_index_pct,Integer,0,,Recommended,"BRIEF: Metacognition index (MI) percentile","",,"","","BRIEF_Metacognition_Index_Percentile"
brief_metacognition_index_raw,Integer,0,,Recommended,"BRIEF: Metacognition index (MI) raw score","",,"","","q54_sc8,BRIEF_Metacognition_Index_Raw"
brief_metacognition_index_t,Integer,0,,Recommended,"BRIEF: Metacognition index (MI) T score","",,"","","BRIEF_Metacognition_Index_T"
brief_monitor_percentile,Integer,0,,Recommended,"BRIEF: Monitor subscale percentile","",,"","","BRIEF_Monitor_Percentile"
brief_monitor_raw,Integer,0,,Recommended,"BRIEF: Monitor subscale raw score","",,"","","BRIEF_Monitor_Raw"
brief_monitor_t,Integer,0,,Recommended,"BRIEF: Monitor subscale T score","",,"","","BRIEF_Monitor_T"
brief_negativity_class,String,20,,Recommended,"BRIEF: Negativity scale class (Acceptable=<4; Elevated=5-6; Highly elevated=>7)","Acceptable;Elevated;Highly Elevated",,"","","BRIEF_Negativity_Class"
brief_negativity_score,Integer,0,,Recommended,"BRIEF: Negativity scale score (0 to 9)","",,"","","BRIEF_Negativity_Score"
brief_org_of_materials_pct,Integer,0,,Recommended,"BRIEF: Organization of materials subscale percentile","",,"","","BRIEF_Organization_of_Materials_Percentile"
brief_org_of_materials_raw,Integer,0,,Recommended,"BRIEF: Organization of materials subscale raw score","",,"","","BRIEF_Organization_of_Materials_Raw"
brief_org_of_materials_t,Integer,0,,Recommended,"BRIEF: Organization of materials subscale T score","",,"","","BRIEF_Organization_of_Materials_T"
brief_plan_organize_percentile,Integer,0,,Recommended,"BRIEF: Plan/organize subscale percentile","",,"","","BRIEF_Plan_Organize_Percentile"
brief_plan_organize_raw,Integer,0,,Recommended,"BRIEF: Plan/organize subscale raw score","",,"","","BRIEF_Plan_Organize_Raw,q54_sc5"
brief_plan_organize_t,Integer,0,,Recommended,"BRIEF: Plan/organize subscale T score","",,"","","BRIEF_Plan_Organize_T"
brief_q1,String,2,,Recommended,"BRIEF: Q1 (N=Never; S=Sometime; O=Often)","N;S;O;NA",,"","","BRIEF_Q1,q54_1"
brief_q10,String,2,,Recommended,"BRIEF: Q10 (N=Never; S=Sometime; O=Often)","N;S;O;NA",,"","","BRIEF_Q10,q54_10"
brief_q11,String,2,,Recommended,"BRIEF: Q11 (N=Never; S=Sometime; O=Often)","N;S;O;NA",,"","","BRIEF_Q11,q54_11"
brief_q12,String,2,,Recommended,"BRIEF: Q12 (N=Never; S=Sometime; O=Often)","N;S;O;NA",,"","","BRIEF_Q12,q54_12"
brief_q13,String,2,,Recommended,"BRIEF: Q13 (N=Never; S=Sometime; O=Often)","N;S;O;NA",,"","","BRIEF_Q13,q54_13"
brief_q14,String,2,,Recommended,"BRIEF: Q14 (N=Never; S=Sometime; O=Often)","N;S;O;NA",,"","","BRIEF_Q14,q54_14"
brief_q15,String,2,,Recommended,"BRIEF: Q15 (N=Never; S=Sometime; O=Often)","N;S;O;NA",,"","","q54_15,BRIEF_Q15"
brief_q16,String,2,,Recommended,"BRIEF: Q16 (N=Never; S=Sometime; O=Often)","N;S;O;NA",,"","","BRIEF_Q16,q54_16"
brief_q17,String,2,,Recommended,"BRIEF: Q17 (N=Never; S=Sometime; O=Often)","N;S;O;NA",,"","","BRIEF_Q17,q54_17"
brief_q18,String,2,,Recommended,"BRIEF: Q18 (N=Never; S=Sometime; O=Often)","N;S;O;NA",,"","","q54_18,BRIEF_Q18"
brief_q19,String,2,,Recommended,"BRIEF: Q19 (N=Never; S=Sometime; O=Often)","N;S;O;NA",,"","","q54_19,BRIEF_Q19"
brief_q2,String,2,,Recommended,"BRIEF: Q2 (N=Never; S=Sometime; O=Often)","N;S;O;NA",,"","","q54_2,BRIEF_Q2"
brief_q20,String,2,,Recommended,"BRIEF: Q20 (N=Never; S=Sometime; O=Often)","N;S;O;NA",,"","","q54_20,BRIEF_Q20"
brief_q21,String,2,,Recommended,"BRIEF: Q21 (N=Never; S=Sometime; O=Often)","N;S;O;NA",,"","","q54_21,BRIEF_Q21"
brief_q22,String,2,,Recommended,"BRIEF: Q22 (N=Never; S=Sometime; O=Often)","N;S;O;NA",,"","","BRIEF_Q22,q54_22"
brief_q23,String,2,,Recommended,"BRIEF: Q23 (N=Never; S=Sometime; O=Often)","N;S;O;NA",,"","","BRIEF_Q23,q54_23"
brief_q24,String,2,,Recommended,"BRIEF: Q24 (N=Never; S=Sometime; O=Often)","N;S;O;NA",,"","","BRIEF_Q24,q54_24"
brief_q25,String,2,,Recommended,"BRIEF: Q25 (N=Never; S=Sometime; O=Often)","N;S;O;NA",,"","","BRIEF_Q25,q54_25"
brief_q26,String,2,,Recommended,"BRIEF: Q26 (N=Never; S=Sometime; O=Often)","N;S;O;NA",,"","","q54_26,BRIEF_Q26"
brief_q27,String,2,,Recommended,"BRIEF: Q27 (N=Never; S=Sometime; O=Often)","N;S;O;NA",,"","","q54_27,BRIEF_Q27"
brief_q28,String,2,,Recommended,"BRIEF: Q28 (N=Never; S=Sometime; O=Often)","N;S;O;NA",,"","","BRIEF_Q28,q54_28"
brief_q29,String,2,,Recommended,"BRIEF: Q29 (N=Never; S=Sometime; O=Often)","N;S;O;NA",,"","","BRIEF_Q29,q54_29"
brief_q3,String,2,,Recommended,"BRIEF: Q3 (N=Never; S=Sometime; O=Often)","N;S;O;NA",,"","","BRIEF_Q3,q54_3"
brief_q30,String,2,,Recommended,"BRIEF: Q30 (N=Never; S=Sometime; O=Often)","N;S;O;NA",,"","","BRIEF_Q30,q54_30"
brief_q31,String,2,,Recommended,"BRIEF: Q31 (N=Never; S=Sometime; O=Often)","N;S;O;NA",,"","","BRIEF_Q31,q54_31"
brief_q32,String,2,,Recommended,"BRIEF: Q32 (N=Never; S=Sometime; O=Often)","N;S;O;NA",,"","","q54_32,BRIEF_Q32"
brief_q33,String,2,,Recommended,"BRIEF: Q33 (N=Never; S=Sometime; O=Often)","N;S;O;NA",,"","","BRIEF_Q33,q54_33"
brief_q34,String,2,,Recommended,"BRIEF: Q34 (N=Never; S=Sometime; O=Often)","N;S;O;NA",,"","","BRIEF_Q34,q54_34"
brief_q35,String,2,,Recommended,"BRIEF: Q35 (N=Never; S=Sometime; O=Often)","N;S;O;NA",,"","","BRIEF_Q35,q54_35"
brief_q36,String,2,,Recommended,"BRIEF: Q36 (N=Never; S=Sometime; O=Often)","N;S;O;NA",,"","","BRIEF_Q36,q54_36"
brief_q37,String,2,,Recommended,"BRIEF: Q37 (N=Never; S=Sometime; O=Often)","N;S;O;NA",,"","","BRIEF_Q37,q54_37"
brief_q38,String,2,,Recommended,"BRIEF: Q38 (N=Never; S=Sometime; O=Often)","N;S;O;NA",,"","","BRIEF_Q38,q54_38"
brief_q39,String,2,,Recommended,"BRIEF: Q39 (N=Never; S=Sometime; O=Often)","N;S;O;NA",,"","","BRIEF_Q39,q54_39"
brief_q4,String,2,,Recommended,"BRIEF: Q4 (N=Never; S=Sometime; O=Often)","N;S;O;NA",,"","","BRIEF_Q4,q54_4"
brief_q40,String,2,,Recommended,"BRIEF: Q40 (N=Never; S=Sometime; O=Often)","N;S;O;NA",,"","","q54_40,BRIEF_Q40"
brief_q41,String,2,,Recommended,"BRIEF: Q41 (N=Never; S=Sometime; O=Often)","N;S;O;NA",,"","","q54_41,BRIEF_Q41"
brief_q42,String,2,,Recommended,"BRIEF: Q42 (N=Never; S=Sometime; O=Often)","N;S;O;NA",,"","","q54_42,BRIEF_Q42"
brief_q43,String,2,,Recommended,"BRIEF: Q43 (N=Never; S=Sometime; O=Often)","N;S;O;NA",,"","","q54_43,BRIEF_Q43"
brief_q44,String,2,,Recommended,"BRIEF: Q44 (N=Never; S=Sometime; O=Often)","N;S;O;NA",,"","","BRIEF_Q44"
brief_q45,String,2,,Recommended,"BRIEF: Q45 (N=Never; S=Sometime; O=Often)","N;S;O;NA",,"","","q54_45,BRIEF_Q45"
brief_q46,String,2,,Recommended,"BRIEF: Q46 (N=Never; S=Sometime; O=Often)","N;S;O;NA",,"","","q54_46,BRIEF_Q46"
brief_q47,String,2,,Recommended,"BRIEF: Q47 (N=Never; S=Sometime; O=Often)","N;S;O;NA",,"","","q54_47,BRIEF_Q47"
brief_q48,String,2,,Recommended,"BRIEF: Q48 (N=Never; S=Sometime; O=Often)","N;S;O;NA",,"","","q54_48,BRIEF_Q48"
brief_q49,String,2,,Recommended,"BRIEF: Q49 (N=Never; S=Sometime; O=Often)","N;S;O;NA",,"","","q54_49,BRIEF_Q49"
brief_q5,String,2,,Recommended,"BRIEF: Q5 (N=Never; S=Sometime; O=Often)","N;S;O;NA",,"","","BRIEF_Q5,q54_5"
brief_q50,String,2,,Recommended,"BRIEF: Q50 (N=Never; S=Sometime; O=Often)","N;S;O;NA",,"","","BRIEF_Q50,q54_50"
brief_q51,String,2,,Recommended,"BRIEF: Q51 (N=Never; S=Sometime; O=Often)","N;S;O;NA",,"","","BRIEF_Q51,q54_51"
brief_q52,String,2,,Recommended,"BRIEF: Q52 (N=Never; S=Sometime; O=Often)","N;S;O;NA",,"","","BRIEF_Q52,q54_52"
brief_q53,String,2,,Recommended,"BRIEF: Q53 (N=Never; S=Sometime; O=Often)","N;S;O;NA",,"","","BRIEF_Q53,q54_53"
brief_q54,String,2,,Recommended,"BRIEF: Q54 (N=Never; S=Sometime; O=Often)","N;S;O;NA",,"","","BRIEF_Q54,q54_54"
brief_q55,String,2,,Recommended,"BRIEF: Q55 (N=Never; S=Sometime; O=Often)","N;S;O;NA",,"","","BRIEF_Q55,q54_55"
brief_q56,String,2,,Recommended,"BRIEF: Q56 (N=Never; S=Sometime; O=Often)","N;S;O;NA",,"","","BRIEF_Q56,q54_56"
brief_q57,String,2,,Recommended,"BRIEF: Q57 (N=Never; S=Sometime; O=Often)","N;S;O;NA",,"","","BRIEF_Q57,q54_57"
age_in_years,Integer,0,,Recommended,"Age in Years","",,"","","BRIEF_Age_in_Years"
brief_behavior_reg_index_raw,Integer,0,,Recommended,"BRIEF: Behavior regulation index (BRI) raw score","",,"","","BRIEF_Behavior_Regulation_Index_Raw"
timepoint_label,String,5,,Recommended,"User-defined timepoint/visit label - a label selected by the site at the time of registration of a new timepoint into the database.  This label is used to group all the instruments administered to a subject at a given timepoint.","",,"","","Timepoint_Label"
