ElementName,DataType,Size,Unit,Required,ElementDescription,ValueRange,Keywords,Notes,Section,Aliases
subjectkey,GUID,0,,Optional,"The NDAR Global Unique Identifier (GUID) for subjects which identifies a subject in NDAR","NDAR*",,"","",""
admin_status,String,20,,Recommended,"Instrument administration status","Complete;Partial;Not Administered;Not Applicable",,"","","CVLTC_Administration_Status"
src_subject_id,String,20,,Recommended,"The site's subject identification","",,"","","Subject_ID"
age_days_dot_to_dob,Integer,0,,Recommended,"Age in days obtained by subtracting the date of birth from the date of test","",,"","","CVLTC_Age_Days_DOT_to_DOB"
timepoint_label,String,5,,Recommended,"User-defined timepoint/visit label - a label selected by the site at the time of registration of a new timepoint into the database.  This label is used to group all the instruments administered to a subject at a given timepoint.","",,"","","Timepoint_Label"
cvltc_glob_sc_ld_fr_sem_clust,Integer,0,,Recommended,"CVLT-C: Long-delay free-recall semantic cluster global score","",,"","","CVLTC_Global_Score_Long_Delay_Free_Recall_Semantic_Cluster"
cvltc_glob_sc_sd_fr_sem_clust,Integer,0,,Recommended,"CVLT-C: Short-delay free-recall semantic cluster global score","",,"","","CVLTC_Global_Score_Short_Delay_Free_Recall_Semantic_Cluster"
cvltc_glob_sc_trial1_sem_clust,Integer,0,,Recommended,"CVLT-C: Trial 1 semantic cluster global score","",,"","","CVLTC_Global_Score_Trial1_Semantic_Cluster"
cvltc_glob_sc_trial4_sem_clust,Integer,0,,Recommended,"CVLT-C: Trial 4 semantic cluster global score","",,"","","CVLTC_Global_Score_Trial4_Semantic_Cluster"
cvltc_glob_sc_trls1to5_sem_cl,Integer,0,,Recommended,"CVLT-C: Trials 1 to 5 semantic cluster global score","",,"","","CVLTC_Global_Score_Trials1to5_Semantic_Cluster"
cvltc_listb_intrusions_la_lb,Integer,0,,Recommended,"CVLT-C: List B intrusions from list A on list B","",,"","","CVLTC_ListB_Intrusions_From_ListA_on_ListB"
cvltc_listb_pct_total_trial1,Float,0,,Recommended,"CVLT-C: List B percent total compared to trial 1","",,"","","CVLTC_ListB_Percent_Total_Compared_to_Trial1"
cvltc_listb_sem_clust_obs_er,Float,0,,Recommended,"CVLT-C: List B semantic cluster observed expected ratio","",,"","","CVLTC_ListB_Semantic_Cluster_Obs_Expected_Ratio"
cvltc_listb_shared_recog_er,Integer,0,,Recommended,"CVLT-C: List B shared recognition errors","",,"","","CVLTC_ListB_Shared_Recognition_Errors"
cvltc_listb_supr_share_recg_er,Integer,0,,Recommended,"CVLT-C: List B superordinate shared recognition errors","",,"","","CVLTC_ListB_Supr_Shared_Recognition_Errors"
cvltc_listb_total_trial1,Float,0,,Recommended,"CVLT-C: Total on list B compared to trial 1","",,"","","CVLTC_ListB_Total_Compared_to_Trial1"
cvltc_ld_rc_clothing_dr_corrct,Integer,0,,Recommended,"CVLT-C: Long-delay free-recall clothing delay recall correct category","",,"","","CVLTC_Long_Delay_Free_Recall_Clothing_Delay_Recall_Corr_Categ"
cvltc_ld_fr_fruits_dr_correct,Integer,0,,Recommended,"CVLT-C: Long-delay free-recall fruits delay recall correct category","",,"","","CVLTC_Long_Delay_Free_Recall_Fruits_Delay_Recall_Corr_Categ"
cvltc_ld_fr_sem_clust_obs_er,Float,0,,Recommended,"CVLT-C: Long-delay free-recall semantic cluster observed vs. expected ratio","",,"","","CVLTC_Long_Delay_Free_Recall_Semantic_Cluster_Obs_Expected_Ratio"
cvltc_ld_fr_serl_clust_obs_er,Float,0,,Recommended,"CVLT-C: Long-delay free-recall serial cluster observed vs. expected ratio","",,"","","CVLTC_Long_Delay_Free_Recall_Serial_Cluster_Obs_Expected_Ratio"
cvltc_ld_vs_sd_fr_diff_score,Float,0,,Recommended,"CVLT-C: Long-delay vs. short-delay free-recall difference score","",,"","","CVLTC_Long_Delay_vs_Short_Delay_Free_Recall_Diff_Score"
cvltc_neither_l_proto_recog_er,Integer,0,,Recommended,"CVLT-C: Neither list prototypical recognition errors","",,"","","CVLTC_Neither_List_Prototypical_Recognition_Errors"
cvltc_pct_ld_vs_sd_fr_diff_sc,Float,0,,Recommended,"CVLT-C: Percent long-delay vs. short-delay free-recall difference score","",,"","","CVLTC_Percent_Long_Delay_vs_Short_Delay_Free_Recall_Diff_Score"
cvltc_pct_sd_fr_vs_trial5_diff,Float,0,,Recommended,"CVLT-C: Percent short-delay free-recall vs. trial 5 difference score","",,"","","CVLTC_Percent_Short_Delay_Free_Recall_vs_Trial5_Diff_Score"
cvltc_ptr_middle_region,Float,0,,Recommended,"CVLT-C: Percent total recall middle region","",,"","","CVLTC_Percent_Total_Recall_Middle_Region"
cvltc_phon_similar_recog_er,Integer,0,,Recommended,"CVLT-C: Phonemically similar recognition errors","",,"","","CVLTC_Phonemically_Similar_Recognition_Errors"
cvltc_raw_lista_play_ir,Integer,0,,Recommended,"CVLT-C: List A play immediate recall correct category","",,"","","CVLTC_Raw_Score_ListA_Play_Immediate_Recall"
cvltc_raw_listb,Integer,0,,Recommended,"CVLT-C: List B number of correct words recalled","",,"","","CVLTC_Raw_Score_ListB"
cvltc_raw_listb_furniture_ir,Integer,0,,Recommended,"CVLT-C: List B furniture immediate recall correct category","",,"","","CVLTC_Raw_Score_ListB_Furniture_Immediate_Recall"
cvltc_raw_listb_sweets_ir,Integer,0,,Recommended,"CVLT-C: List B sweets immediate recall correct category","",,"","","CVLTC_Raw_Score_ListB_Sweets_Immediate_Recall"
cvltc_raw_ld_fr_tot_intrusions,Integer,0,,Recommended,"CVLT-C: Long-delay free-recall total intrusions","",,"","","CVLTC_Raw_Score_Long_Delay_Free_Recall_Total_Intrusions"
cvltc_raw_ld_fr_total_persev,Integer,0,,Recommended,"CVLT-C: Long-delay free-recall total perseverations","",,"","","CVLTC_Raw_Score_Long_Delay_Free_Recall_Total_Perseverations"
cvltc_raw_re_cr_tot_intrusions,Float,0,,Recommended,"CVLT-C: recall errors cued-recall total intrusions raw score","",,"","","CVLTC_Raw_Score_Recall_Errors_Cued_Recall_Total_Intrusions"
cvltc_raw_re_fr_tot_intrusions,Float,0,,Recommended,"CVLT-C: recall errors free-recall total intrusions raw score","",,"","","CVLTC_Raw_Score_Recall_Errors_Free_Recall_Total_Intrusions"
cvltc_raw_re_total_intrusions,Float,0,,Recommended,"CVLT-C: recall errors total intrusions raw score","",,"","","CVLTC_Raw_Score_Recall_Errors_Total_Intrusions"
cvltc_raw_re_total_persev,Float,0,,Recommended,"CVLT-C: Recall errors total perseverations raw score","",,"","","CVLTC_Raw_Score_Recall_Errors_Total_Perseverations"
cvltc_raw_resp_bias_signal_det,Float,0,,Recommended,"CVLT-C: Response bias signal detection","",,"","","CVLTC_Raw_Score_Response_Bias_Signal_Detection"
cvltc_raw_short_delay_cr,Integer,0,,Recommended,"CVLT-C: Short-delay cued-recall number of correct words recalled","",,"","","CVLTC_Raw_Score_Short_Delay_Cued_Recall"
cvltc_raw_short_delay_fr,Integer,0,,Recommended,"CVLT-C: Short-delay free-recall number of correct words recalled","",,"","","CVLTC_Raw_Score_Short_Delay_Free_Recall"
cvltc_raw_trial2_total_persev,Integer,0,,Recommended,"CVLT-C: Trial 2 total perseverations","",,"","","CVLTC_Raw_Score_Trial2_Total_Perseverations"
cvltc_raw_trial4_total_persev,Integer,0,,Recommended,"CVLT-C: Trial 4 total perseverations","",,"","","CVLTC_Raw_Score_Trial4_Total_Perseverations"
cvltc_raw_trials1to5,Integer,0,,Recommended,"CVLT-C: Trials 1 to 5 number of correct words recalled","",,"","","CVLTC_Raw_Score_Trials1to5"
cvltc_t_score_trials1to5,Integer,0,,Recommended,"CVLT-C: Trials 1 to 5 T score","",,"","","CVLTC_T_Score_Trials1to5"
cvltc_discrim_signal_detection,Float,0,,Recommended,"CVLT-C: Discriminability signal detection","",,"","","CVLTC_Discriminability_Signal_Detection"
cvltc_glob_sc_trial5_sem_clust,Integer,0,,Recommended,"CVLT-C: Trial 5 semantic cluster global score","",,"","","CVLTC_Global_ScoreTrial5_Semantic_Cluster_Global_Score"
cvltc_glob_sc_listb_sem_clust,Integer,0,,Recommended,"CVLT-C: List B semantic cluster global score","",,"","","CVLTC_Global_Score_ListB_Semantic_Cluster"
cvltc_glob_sc_trial2_sem_clust,Integer,0,,Recommended,"CVLT-C: Trial 2 semantic cluster global score","",,"","","CVLTC_Global_Score_Trial2_Semantic_Cluster"
cvltc_glob_sc_trial3_sem_clust,Integer,0,,Recommended,"CVLT-C: Trial 3 semantic cluster global score","",,"","","CVLTC_Global_Score_Trial3_Semantic_Cluster"
cvltc_listb_nonshared_cw,Integer,0,,Recommended,"CVLT-C: List B nonshared category words","",,"","","CVLTC_ListB_Nonshared_Categ_Words"
cvltc_listb_nonshared_recog_er,Integer,0,,Recommended,"CVLT-C: List B nonshared recognition errors","",,"","","CVLTC_ListB_Nonshared_Recognition_Errors"
cvltc_listb_pct_nonshared_cw,Float,0,,Recommended,"CVLT-C: List B percent nonshared category words","",,"","","CVLTC_ListB_Percent_Nonshared_Categ_Words"
cvltc_listb_pct_shared_cw,Float,0,,Recommended,"CVLT-C: List B percent shared category words","",,"","","CVLTC_ListB_Percent_Shared_Categ_Words"
cvltc_listb_pct_supr_shared_cw,Float,0,,Recommended,"CVLT-C: List B percent superordinate shared category words","",,"","","CVLTC_ListB_Percent_Supr_Shared_Categ_Words"
cvltc_listb_serl_clust_obs_er,Float,0,,Recommended,"CVLT-C: List B serial cluster observed expected ratio","",,"","","CVLTC_ListB_Serial_Cluster_Obs_Expected_Ratio"
cvltc_listb_shared_categ_words,Integer,0,,Recommended,"CVLT-C: List B shared category words","",,"","","CVLTC_ListB_Shared_Categ_Words"
cvltc_listb_supr_shared_cw,Integer,0,,Recommended,"CVLT-C: List B superordinate shared category words","",,"","","CVLTC_ListB_Supr_Shared_Categ_Words"
cvltc_ld_cr_intrusions_listb,Integer,0,,Recommended,"CVLT-C: Long-delay cued-recall intrusions from list B","",,"","","CVLTC_Long_Delay_Cued_Recall_Intrusions_From_ListB"
cvltc_ld_fr_intrusions_listb,Integer,0,,Recommended,"CVLT-C: Long-delay free-recall intrusions from list B","",,"","","CVLTC_Long_Delay_Free_Recall_Intrusions_From_ListB"
cvltc_ld_fr_play_dr_correct,Integer,0,,Recommended,"CVLT-C: Long-delay free-recall play delay recall correct category","",,"","","CVLTC_Long_Delay_Free_Recall_Play_Delay_Recall_Corr_Categ"
cvltc_ld_fr_recog_compared,Float,0,,Recommended,"CVLT-C: Long-delay free-recall recognition compared","",,"","","CVLTC_Long_Delay_Free_Recall_Recognition_Compared"
cvltc_ptr_primacy_region,Float,0,,Recommended,"CVLT-C: Percent total recall primacy region","",,"","","CVLTC_Percent_Total_Recall_Primacy_Region"
cvltc_ptr_recency_region,Float,0,,Recommended,"CVLT-C: Percent total recall recency region","",,"","","CVLTC_Percent_Total_Recall_Recency_Region"
cvltc_raw_false_pos_recog,Integer,0,,Recommended,"CVLT-C: False positives recognition","",,"","","CVLTC_Raw_Score_False_Positives_Recognition"
cvltc_raw_lista_clothing_ir,Integer,0,,Recommended,"CVLT-C: List A clothing immediate recall correct category","",,"","","CVLTC_Raw_Score_ListA_Clothing_Immediate_Recall"
cvltc_raw_lista_fruits_ir,Integer,0,,Recommended,"CVLT-C: List A fruits immediate recall correct category","",,"","","CVLTC_Raw_Score_ListA_Fruits_Immediate_Recall"
cvltc_raw_listb_fruits_ir,Integer,0,,Recommended,"CVLT-C: List B fruits immediate recall correct category","",,"","","CVLTC_Raw_Score_ListB_Fruits_Immediate_Recall"
cvltc_raw_listb_tot_intrusions,Integer,0,,Recommended,"CVLT-C: List B total intrusions","",,"","","CVLTC_Raw_Score_ListB_Total_Intrusions"
cvltc_raw_listb_total_persev,Integer,0,,Recommended,"CVLT-C: List B total perseverations","",,"","","CVLTC_Raw_Score_ListB_Total_Perseverations"
cvltc_raw_ld_cr,Integer,0,,Recommended,"CVLT-C: Long-delay cued-recall number of correct words recalled","",,"","","CVLTC_Raw_Score_Long_Delay_Cued_Recall"
cvltc_raw_ld_cr_tot_intrusions,Integer,0,,Recommended,"CVLT-C: Long-delay cued-recall total intrusions","",,"","","CVLTC_Raw_Score_Long_Delay_Cued_Recall_Total_Intrusions"
cvltc_raw_ld_cr_total_persev,Integer,0,,Recommended,"CVLT-C: Long-delay cued-recall total perseverations","",,"","","CVLTC_Raw_Score_Long_Delay_Cued_Recall_Total_Perseverations"
cvltc_raw_ld_fr,Integer,0,,Recommended,"CVLT-C: Long-delay free-recall number of correct words recalled","",,"","","CVLTC_Raw_Score_Long_Delay_Free_Recall"
cvltc_raw_total_recognition,Integer,0,,Recommended,"CVLT-C: Total number of correct words recalled on the recognition trial","",,"","","CVLTC_Raw_Score_Total_Recognition"
cvltc_raw_trial1,Integer,0,,Recommended,"CVLT-C: Trial 1 number of correct words recalled","",,"","","CVLTC_Raw_Score_Trial1"
cvltc_raw_trial1_tot_intrusion,Integer,0,,Recommended,"CVLT-C: Trial 1 total intrusions","",,"","","CVLTC_Raw_Score_Trial1_Total_Intrusions"
cvltc_raw_trial1_total_persev,Integer,0,,Recommended,"CVLT-C: Trial 1 total perseverations","",,"","","CVLTC_Raw_Score_Trial1_Total_Perseverations"
cvltc_raw_trial2,Integer,0,,Recommended,"CVLT-C: Trial 2 number of correct words recalled","",,"","","CVLTC_Raw_Score_Trial2"
cvltc_raw_trial2_tot_intrusion,Integer,0,,Recommended,"CVLT-C: Trial 2 total intrusions","",,"","","CVLTC_Raw_Score_Trial2_Total_Intrusions"
cvltc_raw_trial3,Integer,0,,Recommended,"CVLT-C: Trial 3 number of correct words recalled","",,"","","CVLTC_Raw_Score_Trial3"
cvltc_raw_trial3_tot_intrusion,Integer,0,,Recommended,"CVLT-C: Trial 3 total intrusions","",,"","","CVLTC_Raw_Score_Trial3_Total_Intrusions"
cvltc_raw_trial3_total_persev,Integer,0,,Recommended,"CVLT-C: Trial 3 total perseverations","",,"","","CVLTC_Raw_Score_Trial3_Total_Perseverations"
cvltc_raw_trial4,Integer,0,,Recommended,"CVLT-C: Trial 4 number of correct words recalled","",,"","","CVLTC_Raw_Score_Trial4"
cvltc_raw_trial4_tot_intrusion,Integer,0,,Recommended,"CVLT-C: Trial 4 total intrusions","",,"","","CVLTC_Raw_Score_Trial4_Total_Intrusions"
cvltc_raw_trial5,Integer,0,,Recommended,"CVLT-C: Trial 5 number of correct words recalled","",,"","","CVLTC_Raw_Score_Trial5"
cvltc_raw_trial5_tot_intrusion,Integer,0,,Recommended,"CVLT-C: Trial 5 total intrusions","",,"","","CVLTC_Raw_Score_Trial5_Total_Intrusions"
cvltc_raw_trial5_total_persev,Integer,0,,Recommended,"CVLT-C: Trial 5 total perseverations","",,"","","CVLTC_Raw_Score_Trial5_Total_Perseverations"
cvltc_raw_t1to5_learning_slope,Float,0,,Recommended,"CVLT-C: Trials 1 to 5 learning slope raw score","",,"","","CVLTC_Raw_Score_Trials1to5_Learning_Slope"
cvltc_raw_t1to5_tot_intrusion,Integer,0,,Recommended,"CVLT-C: Trials 1 to 5 total intrusions","",,"","","CVLTC_Raw_Score_Trials1to5_Total_Intrusions"
cvltc_raw_t1to5_total_persev,Integer,0,,Recommended,"CVLT-C: Trials 1 to 5 total perseverations","",,"","","CVLTC_Raw_Score_Trials1to5_Total_Perseverations"
cvltc_sd_cr_intrusions_listb,Integer,0,,Recommended,"CVLT-C: Short-delay cued-recall intrusions from list B","",,"","","CVLTC_Short_Delay_Cued_Recall_Intrusions_From_ListB"
cvltc_sd_cr_total_intrusions,Integer,0,,Recommended,"CVLT-C: Short-delay cued-recall total intrusions","",,"","","CVLTC_Short_Delay_Cued_Recall_Total_Intrusions"
cvltc_sd_cr_total_persev,Integer,0,,Recommended,"CVLT-C: Short-delay cued-recall total perseverations","",,"","","CVLTC_Short_Delay_Cued_Recall_Total_Perseverations"
cvltc_sd_fr_clothing_dr_corr,Integer,0,,Recommended,"CVLT-C: Short-delay free-recall clothing delay recall correct category","",,"","","CVLTC_Short_Delay_Free_Recall_Clothing_Delay_Recall_Corr_Categ"
cvltc_sd_fr_fruits_dr_correct,Integer,0,,Recommended,"CVLT-C: Short-delay free-recall fruits delay recall correct category","",,"","","CVLTC_Short_Delay_Free_Recall_Fruits_Delay_Recall_Corr_Categ"
cvltc_sd_fr_intrusions_listb,Integer,0,,Recommended,"CVLT-C: Short-delay free-recall intrusions from list B","",,"","","CVLTC_Short_Delay_Free_Recall_Intrusions_From_ListB"
cvltc_sd_fr_play_dr_corr_categ,Integer,0,,Recommended,"CVLT-C: Short-delay free-recall play delay recall correct category","",,"","","CVLTC_Short_Delay_Free_Recall_Play_Delay_Recall_Corr_Categ"
cvltc_sd_fr_sem_clust_obs_er,Float,0,,Recommended,"CVLT-C: Short-delay free-recall semantic cluster observed expected ratio","",,"","","CVLTC_Short_Delay_Free_Recall_Semantic_Cluster_Obs_ExpectedRatio"
cvltc_sd_fr_serl_clust_obs_er,Float,0,,Recommended,"CVLT-C: Short-delay free-recall serial cluster observed expected ratio","",,"","","CVLTC_Short_Delay_Free_Recall_Serial_Cluster_Obs_Expected_Ratio"
cvltc_sd_fr_total_intrusions,Integer,0,,Recommended,"CVLT-C: Short-delay free-recall total intrusions","",,"","","CVLTC_Short_Delay_Free_Recall_Total_Intrusions"
cvltc_sd_fr_total_persev,Integer,0,,Recommended,"CVLT-C: Short-delay free-recall total perseverations","",,"","","CVLTC_Short_Delay_Free_Recall_Total_Perseverations"
cvltc_sd_fr_vs_trial5_diff_sc,Float,0,,Recommended,"CVLT-C: Short-delay free-recall vs. trial 5 difference score","",,"","","CVLTC_Short_Delay_Free_Recall_vs_Trial5_Diff_Score"
cvltc_trial1_sem_clust_obs_er,Float,0,,Recommended,"CVLT-C: Trial 1 semantic cluster observed expected ratio","",,"","","CVLTC_Trial1_Semantic_Cluster_Obs_Expected_Ratio"
cvltc_trial1_serl_clust_obs_er,Float,0,,Recommended,"CVLT-C: Trial 1 serial cluster observed expected ratio","",,"","","CVLTC_Trial1_Serial_Cluster_Obs_Expected_Ratio"
cvltc_trial2_sem_clust_obs_er,Float,0,,Recommended,"CVLT-C: Trial 2 semantic cluster observed expected ratio","",,"","","CVLTC_Trial2_Semantic_Cluster_Obs_Expected_Ratio"
cvltc_trial2_serl_clust_obs_er,Float,0,,Recommended,"CVLT-C: Trial 2 serial cluster observed expected ratio","",,"","","CVLTC_Trial2_Serial_Cluster_Obs_Expected_Ratio"
cvltc_trial3_sem_clust_obs_er,Float,0,,Recommended,"CVLT-C: Trial 3 semantic cluster observed expected ratio","",,"","","CVLTC_Trial3_Semantic_Cluster_Obs_Expected_Ratio"
cvltc_trial3_serl_clust_obs_er,Float,0,,Recommended,"CVLT-C: Trial 3 serial cluster observed expected ratio","",,"","","CVLTC_Trial3_Serial_Cluster_Obs_Expected_Ratio"
cvltc_trial4_sem_clust_obs_er,Float,0,,Recommended,"CVLT-C: Trial 4 semantic cluster observed expected ratio","",,"","","CVLTC_Trial4_Semantic_Cluster_Obs_Expected_Ratio"
cvltc_trial4_serl_clust_obs_er,Float,0,,Recommended,"CVLT-C: Trial 4 serial cluster observed expected ratio","",,"","","CVLTC_Trial4_Serial_Cluster_Obs_Expected_Ratio"
cvltc_trial5_sem_clust_obs_er,Float,0,,Recommended,"CVLT-C: Trial 5 semantic cluster observed expected ratio","",,"","","CVLTC_Trial5_Semantic_Cluster_Obs_Expected_Ratio"
cvltc_trial5_serl_clust_obs_er,Float,0,,Recommended,"CVLT-C: Trial 5 serial cluster observed expected ratio","",,"","","CVLTC_Trial5_Serial_Cluster_Obs_Expected_Ratio"
cvltc_tto5_pr_consistency_ind,Float,0,,Recommended,"CVLT-C: Trials 1 to 5 pooled recall consistency index","",,"","","CVLTC_Trials1to5_Pooled_Recall_Consistency_Index"
cvltc_t1to5_sem_clust_obs_er,Float,0,,Recommended,"CVLT-C: Trials 1 to 5 semantic cluster observed expected ratio","",,"","","CVLTC_Trials1to5_Semantic_Cluster_Obs_Expected_Ratio"
cvltc_t1to5_serl_clust_obs_er,Float,0,,Recommended,"CVLT-C: Trials 1 to 5 serial cluster observed expected ratio","",,"","","CVLTC_Trials1to5_Serial_Cluster_Obs_Expected_Ratio"
cvltc_unrelated_recognition_er,Integer,0,,Recommended,"CVLT-C: Unrelated recognition errors","",,"","","CVLTC_Unrelated_Recognition_Errors"
cvltc_z_sc_discrim_signal_det,Float,0,,Recommended,"CVLT-C: Discriminability signal detection Z score","",,"","","CVLTC_Z_Score_Discriminability_Signal_Detection"
cvltc_z_sc_false_pos_recog,Float,0,,Recommended,"CVLT-C: False positives recognition Z score","",,"","","CVLTC_Z_Score_False_Positives_Recognition"
cvltc_z_score_listb,Float,0,,Recommended,"CVLT-C: List B Z score","",,"","","CVLTC_Z_Score_ListB"
cvltc_z_score_long_delay_cr,Float,0,,Recommended,"CVLT-C: Long-delay cued-recall Z score","",,"","","CVLTC_Z_Score_Long_Delay_Cued_Recall"
cvltc_z_score_long_delay_fr,Float,0,,Recommended,"CVLT-C: Long-delay free-recall Z score","",,"","","CVLTC_Z_Score_Long_Delay_Free_Recall"
cvltc_z_sc_pct_tr_middle_reg,Float,0,,Recommended,"CVLT-C: Percent total recall middle region Z score","",,"","","CVLTC_Z_Score_Percent_Total_Recall_Middle_Region"
cvltc_z_sc_pct_tr_primacy_reg,Float,0,,Recommended,"CVLT-C: Percent total recall primacy region Z score","",,"","","CVLTC_Z_Score_Percent_Total_Recall_Primacy_Region"
cvltc_z_sc_pct_tr_recency_reg,Float,0,,Recommended,"CVLT-C: Percent total recall recency region Z score","",,"","","CVLTC_Z_Score_Percent_Total_Recall_Recency_Region"
cvltc_z_score_re_cr_tot_intrus,Float,0,,Recommended,"CVLT-C: recall errors cued-recall total intrusions Z score","",,"","","CVLTC_Z_Score_Recall_Errors_Cued_Recall_Total_Intrusions"
cvltc_z_score_re_fr_tot_intrus,Float,0,,Recommended,"CVLT-C: recall errors free-recall total intrusions Z score","",,"","","CVLTC_Z_Score_Recall_Errors_Free_Recall_Total_Intrusions"
cvltc_z_score_re_tot_intrus,Float,0,,Recommended,"CVLT-C: Recall errors total intrusions Z score","",,"","","CVLTC_Z_Score_Recall_Errors_Total_Intrusions"
cvltc_z_score_re_total_persev,Float,0,,Recommended,"CVLT-C: Recall errors total perseverations Z score","",,"","","CVLTC_Z_Score_Recall_Errors_Total_Perseverations"
cvltc_z_sc_resp_bias_sign_det,Float,0,,Recommended,"CVLT-C: Response bias signal detection Z score","",,"","","CVLTC_Z_Score_Response_Bias_Signal_Detection"
cvltc_z_score_sd_cr,Float,0,,Recommended,"CVLT-C: Short-delay cued-recall Z score","",,"","","CVLTC_Z_Score_Short_Delay_Cued_Recall"
cvltc_z_score_sd_fr,Float,0,,Recommended,"CVLT-C: Short-delay free-recall Z score","",,"","","CVLTC_Z_Score_Short_Delay_Free_Recall"
cvltc_z_score_total_recog,Float,0,,Recommended,"CVLT-C: Total recognition Z score","",,"","","CVLTC_Z_Score_Total_Recognition"
cvltc_z_score_trial1,Float,0,,Recommended,"CVLT-C: Trial 1 Z score","",,"","","CVLTC_Z_Score_Trial1"
cvltc_z_score_trial5,Float,0,,Recommended,"CVLT-C: Trial 5 Z score","",,"","","CVLTC_Z_Score_Trial5"
cvltc_z_sc_t1to5_learn_slope,Float,0,,Recommended,"CVLT-C: Trials 1 to 5 learning slope Z score","",,"","","CVLTC_Z_Score_Trials1to5_Learning_Slope"
cvltc_z_sc_t1to5_recall_ci,Float,0,,Recommended,"CVLT-C: Trials 1 to 5 recall consistency index Z score","",,"","","CVLTC_Z_Score_Trials1to5_Recall_Consistency_Index"
cvltc_z_sc_t1to5_sem_clust_rat,Float,0,,Recommended,"CVLT-C: Trials 1 to 5 semantic cluster ratio Z score","",,"","","CVLTC_Z_Score_Trials1to5_Semantic_Cluster_Ratio"
cvltc_z_sc_t1to5_serl_clust_r,Float,0,,Recommended,"CVLT-C: Trials 1 to 5 serial cluster ratio Z score","",,"","","CVLTC_Z_Score_Trials1to5_Serial_Cluster_Ratio"
