ElementName,DataType,Size,Unit,Required,ElementDescription,ValueRange,Keywords,Notes,Section,Aliases
plr_ct_l2nd_mean,Float,0,,Recommended,"The mean of constriction time at light-adapted 2ND","",,"","PLR",""
plr_ct_l2nd_sd,Float,0,,Recommended,"The standard deviation of constriction time at light-adapted 2ND","",,"","PLR",""
plr_ct_l1nd_mean,Float,0,,Recommended,"The mean of constriction time at light-adapted 1ND","",,"","PLR",""
plr_ct_l1nd_sd,Float,0,,Recommended,"The standard deviation of constriction time at light-adapted 1ND","",,"","PLR",""
plr_ct_l0nd_mean,Float,0,,Recommended,"The mean of constriction time at light-adapted 0ND","",,"","PLR",""
plr_ct_l0nd_sd,Float,0,,Recommended,"The standard deviation of constriction time at light-adapted 0ND","",,"","PLR",""
plr_ct_d2nd_mean,Float,0,,Recommended,"The mean of constriction time at dark-adapted 2ND","",,"","PLR",""
plr_ct_d2nd_sd,Float,0,,Recommended,"The standard deviation of constriction time at dark-adapted 2ND","",,"","PLR",""
plr_constriction_l2nd_mean,Float,0,,Recommended,"The mean of relative constriction amplitude at light-adapted 2ND","0 to 100",,"","PLR",""
plr_constriciton_l2nd_sd,Float,0,,Recommended,"The standard deviation of relative constriction amplitude at light-adapted 2ND","0 to 100",,"","PLR",""
plr_constriction_l1nd_mean,Float,0,,Recommended,"The mean of relative constriction amplitude at light-adapted 1ND","0 to 100",,"","PLR",""
plr_constriction_l1nd_sd,Float,0,,Recommended,"The standard deviation of relative constriction amplitude at light-adapted 1ND","0 to 100",,"","PLR",""
plr_constriction_l0nd_mean,Float,0,,Recommended,"The mean of relative constriction amplitude at light-adapted 0ND","0 to 100",,"","PLR",""
plr_constriction_l0nd_sd,Float,0,,Recommended,"The standard deviation of relative constriction amplitude at light-adapted 0ND","0 to 100",,"","PLR",""
plr_constriction_d2nd_mean,Float,0,,Recommended,"The mean of relative constriction amplitude at dark-adapted 2ND","0 to 100",,"","PLR",""
plr_constriction_d2nd_sd,Float,0,,Recommended,"The standard deviation of relative constriction amplitude at dark-adapted 2ND","0 to 100",,"","PLR",""
plr_rt_l2nd_mean,Float,0,,Recommended,"The mean of redilation time at light-adapted 2ND","",,"","PLR",""
plr_rt_l2nd_sd,Float,0,,Recommended,"The standard deviation of redilation time at light-adapted 2ND","",,"","PLR",""
plr_rt_l1nd_mean,Float,0,,Recommended,"The mean of redilation time at light-adapted 1ND","",,"","PLR",""
plr_rt_l1nd_sd,Float,0,,Recommended,"The standard deviation of redilation time at light-adapted 1ND","",,"","PLR",""
plr_rt_l0nd_mean,Float,0,,Recommended,"The mean of redilation time at light-adapted 0ND","",,"","PLR",""
plr_rt_l0nd_sd,Float,0,,Recommended,"The standard deviation of redilation time at light-adapted 0ND","",,"","PLR",""
plr_rt_d2nd_mean,Float,0,,Recommended,"The mean of redilation time at dark-adapted 2ND","",,"","PLR",""
plr_rt_d2nd_sd,Float,0,,Recommended,"The standard deviation of redilation time at dark-adapted 2ND","",,"","PLR",""
plr_latency_l2nd_mean,Float,0,,Recommended,"The mean of latency at light-adapted 2ND","",,"","PLR",""
plr_latency_l2nd_sd,Float,0,,Recommended,"The standard deviation of latency at light-adapted 2ND","",,"","PLR",""
plr_latency_l1nd_mean,Float,0,,Recommended,"The mean of latency at light-adapted 1ND","",,"","PLR",""
plr_latency_l1nd_sd,Float,0,,Recommended,"The standard deviation of latency at light-adapted 1ND","",,"","PLR",""
plr_latency_l0nd_mean,Float,0,,Recommended,"The mean of latency at light-adapted 0ND","",,"","PLR",""
plr_latency_l0nd_sd,Float,0,,Recommended,"The standard deviation of latency at light-adapted 0ND","",,"","PLR",""
plr_latency_d2nd_mean,Float,0,,Recommended,"The mean of latency at dark-adapted 2ND","",,"","PLR",""
plr_latency_d2nd_sd,Float,0,,Recommended,"The standard deviation of latency at dark-adapted 2ND","",,"","PLR",""
plr_cv_l2nd_mean,Float,0,,Recommended,"The mean of constriction velocity at light-adapted 2ND","",,"","PLR",""
plr_cv_l2nd_sd,Float,0,,Recommended,"The standard deviation of constriction velocity at light-adapted 2ND","",,"","PLR",""
plr_cv_l1nd_mean,Float,0,,Recommended,"The mean of constriction velocity at light-adapted 1ND","",,"","PLR",""
plr_cv_l1nd_sd,Float,0,,Recommended,"The standard deviation of constriction velocity at light-adapted 1ND","",,"","PLR",""
plr_cv_l0nd_mean,Float,0,,Recommended,"The mean of constriction velocity at light-adapted 0ND","",,"","PLR",""
plr_cv_l0nd_sd,Float,0,,Recommended,"The standard deviation of constriction velocity at light-adapted 0ND","",,"","PLR",""
plr_cv_d2nd_mean,Float,0,,Recommended,"The mean of constriction velocity at dark-adapted 2ND","",,"","PLR",""
plr_cv_d2nd_sd,Float,0,,Recommended,"The standard deviation of constriction velocity at dark-adapted 2ND","",,"","PLR",""
plr_rv_l2nd_mean,Float,0,,Recommended,"The mean of redilation velocity at light-adapted 2ND","",,"","PLR",""
plr_rv_l2nd_sd,Float,0,,Recommended,"The standard deviation of redilation velocity at light-adapted 2ND","",,"","PLR",""
plr_rv_l1nd_mean,Float,0,,Recommended,"The mean of redilation velocity at light-adapted 1ND","",,"","PLR",""
plr_rv_l1nd_sd,Float,0,,Recommended,"The standard deviation of redilation velocity at light-adapted 1ND","",,"","PLR",""
plr_rv_l0nd_mean,Float,0,,Recommended,"The mean of redilation velocity at light-adapted 0ND","",,"","PLR",""
plr_rv_l0nd_sd,Float,0,,Recommended,"The standard deviation of redilation velocity at light-adapted 0ND","",,"","PLR",""
plr_rv_d2nd_mean,Float,0,,Recommended,"The mean of redilation velocity at dark-adapted 2ND","",,"","PLR",""
plr_rv_d2nd_sd,Float,0,,Recommended,"The standard deviation of redilation velocity at dark-adapted 2ND","",,"","PLR",""
plr_pupil_l_mean,Float,0,,Recommended,"The mean of resting pupil diameter at light-adapted condition","",,"","PLR",""
plr_pupil_l_sd,Float,0,,Recommended,"The standard deviation of resting pupil diameter at light-adapted condition","",,"","PLR",""
plr_pupil_d_mean,Float,0,,Recommended,"The mean of resting pupil diameter at dark-adapted condition","",,"","PLR",""
plr_pupil_d_sd,Float,0,,Recommended,"The standard deviation of resting pupil diameter at dark-adapted 2ND","",,"","PLR",""
hrv_sdnn_before,Float,0,,Recommended,"The SDNN before the PLR tests","",,"","HRV",""
hrv_sdnn_ltest,Float,0,,Recommended,"The SDNN during the light-adapted PLR tests","",,"","HRV",""
hrv_sdnn_da,Float,0,,Recommended,"The SDNN during the dark-adaptation","",,"","HRV",""
hrv_sdnn_dtest,Float,0,,Recommended,"The SDNN during the dark-adapted PLR tests","",,"","HRV",""
hrv_sdnn_after,Float,0,,Recommended,"The SDNN after the PLR tests","",,"","HRV",""
hrv_rmssd_before,Float,0,,Recommended,"The RMSSD before the PLR tests","",,"","HRV",""
hrv_rmssd_ltest,Float,0,,Recommended,"The RMSSD during the light-adapted PLR tests","",,"","HRV",""
hrv_rmssd_da,Float,0,,Recommended,"The RMSSD during the dark-adaptation","",,"","HRV",""
hrv_rmssd_dtest,Float,0,,Recommended,"The RMSSD during the dark-adapted PLR tests","",,"","HRV",""
hrv_rmssd_after,Float,0,,Recommended,"The RMSSD after the PLR tests","",,"","HRV",""
hrv_lf_before,Float,0,,Recommended,"The normalized Low Frequency component (0.04-0.15 Hz) before the PLR tests (In percentile)","",,"","HRV",""
hrv_lf_ltest,Float,0,,Recommended,"The normalized Low Frequency component (0.04-0.15 Hz) during the light-adapted PLR tests (In percentile)","",,"","HRV",""
hrv_lf_da,Float,0,,Recommended,"The normalized Low Frequency component (0.04-0.15 Hz) during the dark-adaptation (In percentile)","",,"","HRV",""
hrv_lf_dtest,Float,0,,Recommended,"The normalized Low Frequency component (0.04-0.15 Hz) during the dark-adapted PLR tests (In percentile)","",,"","HRV",""
hrv_lf_after,Float,0,,Recommended,"The normalized Low Frequency component (0.04-0.15 Hz) after the PLR tests (In percentile)","",,"","HRV",""
hrv_hf_before,Float,0,,Recommended,"The normalized High Frequency component (0.15-0.4 Hz) before the PLR tests (In percentile)","",,"","HRV",""
hrv_hf_ltest,Float,0,,Recommended,"The normalized High Frequency component (0.15-0.4 Hz) during the light-adapted PLR tests (In percentile)","",,"","HRV",""
hrv_hf_da,Float,0,,Recommended,"The normalized High Frequency component (0.15-0.4 Hz) during the dark-adaptation (In percentile)","",,"","HRV",""
hrv_hf_dtest,Float,0,,Recommended,"The normalized High Frequency component (0.15-0.4 Hz) during the dark-adapted PLR tests (In percentile)","",,"","HRV",""
hrv_hf_after,Float,0,,Recommended,"The normalized High Frequency component (0.15-0.4 Hz) after the PLR tests (In percentile)","",,"","HRV",""
hrv_ratio_before,Float,0,,Recommended,"The Ratio of LF/HF before the PLR tests","",,"","HRV",""
hrv_ratio_ltest,Float,0,,Recommended,"The Ratio of LF/HF during the light-adapted PLR tests","",,"","HRV",""
hrv_ratio_da,Float,0,,Recommended,"The Ratio of LF/HF during the dark-adaptation","",,"","HRV",""
hrv_ratio_dtest,Float,0,,Recommended,"The Ratio of LF/HF during the dark-adapted PLR tests","",,"","HRV",""
hrv_ratio_after,Float,0,,Recommended,"The Ratio of LF/HF after the PLR tests","",,"","HRV",""
subjectkey,GUID,0,,Required,"The NDAR Global Unique Identifier (GUID) for subjects which identifies a subject in NDAR","NDAR*",,"","NDAR Required",""
src_subject_id,String,20,,Required,"The site's subject identification","",,"","NDAR Required",""
interview_date,Date,0,,Required,"Date on which the interview/genetic test/sampling/imaging was completed","MM/yyyy;MM/dd/yyyy",,"* '01/01/1900' indicates that a date associated with retrospective data is not known.","NDAR Required",""
interview_age,Integer,0,,Required,"Age in months at the time of the interview/test/sampling/imaging.","0 to 1200",,"Age is rounded to chronological month If the research participant is 13 days old at time of interview  the appropriate value would be 0 months if the participant is 19 days old the value would be 1 month","NDAR Required",""
hrv_ahr_before,Float,0,,Recommended,"average heart rate before PLR tests","",,"","HRV",""
hrv_ahr_ltest,Float,0,,Recommended,"average heart rate during light-adapted PLR tests","",,"","HRV",""
hrv_ahr_da,Float,0,,Recommended,"average heart rate during dark-adaptation","",,"","HRV",""
hrv_ahr_dtest,Float,0,,Recommended,"average heart rate during dark-adapted PLR tests","",,"","HRV",""
hrv_ahr_after,Float,0,,Recommended,"average heart rate after PLR tests","",,"","HRV",""
