ElementName,DataType,Size,Unit,Required,ElementDescription,ValueRange,Keywords,Notes,Section,Aliases
subjectkey,GUID,0,,Required,"The NDAR Global Unique Identifier (GUID) for subjects which identifies a subject in NDAR","NDAR*",,"","Header",""
src_subject_id,String,20,,Required,"The site's subject identification","",,"","Header","PPVT4_FormA_SRC_Subject_ID"
interview_date,Date,0,,Required,"Date on which the interview/genetic test/sampling/imaging was completed","MM/yyyy;MM/dd/yyyy",,"* '01/01/1900' indicates that a date associated with retrospective data is not known.","Header","PPVT4_FormA_INTERVIEW_DATE"
interview_age,Integer,0,,Required,"Age in months at the time of the interview/test/sampling/imaging.","0 to 1200",,"Age is rounded to chronological month If the research participant is 13 days old at time of interview  the appropriate value would be 0 months if the participant is 19 days old the value would be 1 month","Header","PPVT4_FormA_INTERVIEW_AGE"
comments_misc,String,255,,Optional,"Miscellaneous comments on study, interview, methodology relevant to this form data","",,"","Header","PPVT4_FormA_COMMENTS_MISC"
sex,String,50,,Recommended,"Gender -Child","M;F",,"","Header","Gender,PPVT4_FormA_Sex"
currgradelevel,String,50,,Recommended,"Current grade level","",,"","Header","PPVT4_FormA_CurrGradeLevel"
curreduccompleted,String,50,,Optional,"Current grade education level completed","",,"","Header","PPVT4_FormA_CurrEducCompleted"
language,String,50,,Recommended,"Language Spoken at Home","",,"","Header","PPVT4_FormA_Language"
testreason,String,255,,Recommended,"Reason for Testing","",,"","Header","PPVT4_FormA_TestReason"
norms_age,String,50,,Recommended,"Age in Norms Used","Yes; No",,"","Norms","PPVT4_FormA_Norms_Age"
norms_gradefall,String,50,,Recommended,"Grade in Fall","Yes; No",,"","Norms","PPVT4_FormA_Norms_GradeFall"
norms_gradespring,String,50,,Recommended,"Grade in Spring","Yes; No",,"","Norms","PPVT4_FormA_Norms_GradeSpring"
ss_rawscore,Float,0,,Recommended,"Raw score","",,"","Score Summary","PPVT4_FormA_SS_RawScore"
ss_standardscore,Float,0,,Recommended,"Standard score, use Table B1, B2, and B3","",,"","Score Summary","PPVT4_FormA_SS_StandardScore"
ss_confidenceinterv90,String,50,,Recommended,"Confidence interval 90%","Yes; No",,"","Score Summary","PPVT4_FormA_SS_ConfidenceInterv90"
ss_confidenceinterv95,String,50,,Recommended,"Confidence interval 95%","Yes; No",,"","Score Summary","PPVT4_FormA_SS_ConfidenceInterv95"
ss_confidenceintervfrom,Float,0,,Recommended,"Confidence interval lower limit value (left)","",,"","Score Summary","PPVT4_FormA_SS_ConfidenceIntervFrom"
ss_confidenceintervto,Float,0,,Recommended,"Confidence interval upper limit value (right)","",,"","Score Summary","PPVT4_FormA_SS_ConfidenceIntervTo"
ss_percentile,Float,0,,Recommended,"Percentile","",,"","Score Summary","PPVT4_FormA_SS_Percentile"
ss_nce,Float,0,,Recommended,"Normal Curve Equivalent (NCE)","",,"","Score Summary","PPVT4_FormA_SS_NCE"
ss_stanine,Float,0,,Recommended,"Stanine (a method of scaling test scores on a nine-point standard scale with a mean of five (5) and a standard deviation of two (2))","",,"","Score Summary","PPVT4_FormA_SS_Stanine"
ss_gsv,Float,0,,Recommended,"Growth Scale Value (GSV)","",,"","Score Summary","PPVT4_FormA_SS_GSV"
ss_ageequiv,Integer,0,,Recommended,"Age equivalent","0 to 1200",,"","Score Summary","PPVT4_FormA_SS_AgeEquiv"
ss_ageequivyn,String,50,,Recommended,"Age equivalent used","Yes; No",,"","Score Summary","PPVT4_FormA_SS_AgeEquivYN"
ss_gradeequiv,Integer,0,,Recommended,"Grade equivalent","1+",,"","Score Summary","PPVT4_FormA_SS_GradeEquiv"
ss_gradeequivyn,String,50,,Recommended,"Grade equivalent used","Yes; No",,"","Score Summary","PPVT4_FormA_SS_GradeEquivYN"
set1_ball,Integer,0,,Recommended,"1. ball","1;2;3;4",,"","Set 1","PPVT4_FormA_Set1_ball"
set1_ball_err,String,50,,Recommended,"1. ball (error)","Yes;No",,"","Set 1","PPVT4_FormA_Set1_ball_err"
set1_dog,Integer,0,,Recommended,"2. dog","1;2;3;4",,"","Set 1","PPVT4_FormA_Set1_dog"
set1_dog_err,String,50,,Recommended,"2. dog (error)","Yes;No",,"","Set 1","PPVT4_FormA_Set1_dog_err"
set1_spoon,Integer,0,,Recommended,"3. spoon","1;2;3;4",,"","Set 1","PPVT4_FormA_Set1_spoon"
set1_spoon_err,String,50,,Recommended,"3. spoon (error)","Yes;No",,"","Set 1","PPVT4_FormA_Set1_spoon_err"
set1_foot,Integer,0,,Recommended,"4. foot","1;2;3;4",,"","Set 1","PPVT4_FormA_Set1_foot"
set1_foot_err,String,50,,Recommended,"4. foot (error)","Yes;No",,"","Set 1","PPVT4_FormA_Set1_foot_err"
set1_duck,Integer,0,,Recommended,"5. duck","1;2;3;4",,"","Set 1","PPVT4_FormA_Set1_duck"
set1_duck_err,String,50,,Recommended,"5. duck (error)","Yes;No",,"","Set 1","PPVT4_FormA_Set1_duck_err"
set1_banana,Integer,0,,Recommended,"6. banana","1;2;3;4",,"","Set 1","PPVT4_FormA_Set1_banana"
set1_banana_err,String,50,,Recommended,"6. banana (error)","Yes;No",,"","Set 1","PPVT4_FormA_Set1_banana_err"
set1_shoe,Integer,0,,Recommended,"7. shoe","1;2;3;4",,"","Set 1","PPVT4_FormA_Set1_shoe"
set1_shoe_err,String,50,,Recommended,"7. shoe (error)","Yes;No",,"","Set 1","PPVT4_FormA_Set1_shoe_err"
set1_cup,Integer,0,,Recommended,"8. cup","1;2;3;4",,"","Set 1","PPVT4_FormA_Set1_cup"
set1_cup_err,String,50,,Recommended,"8. cup (error)","Yes;No",,"","Set 1","PPVT4_FormA_Set1_cup_err"
set1_eating,Integer,0,,Recommended,"9. eating","1;2;3;4",,"","Set 1","PPVT4_FormA_Set1_eating"
set1_eating_err,String,50,,Recommended,"9. eating (error)","Yes;No",,"","Set 1","PPVT4_FormA_Set1_eating_err"
set1_bus,Integer,0,,Recommended,"10. bus","1;2;3;4",,"","Set 1","PPVT4_FormA_Set1_bus"
set1_bus_err,String,50,,Recommended,"10. bus (error)","Yes;No",,"","Set 1","PPVT4_FormA_Set1_bus_err"
set1_flower,Integer,0,,Recommended,"11. flower","1;2;3;4",,"","Set 1","PPVT4_FormA_Set1_flower"
set1_flower_err,String,50,,Recommended,"11. flower (error)","Yes;No",,"","Set 1","PPVT4_FormA_Set1_flower_err"
set1_mouth,Integer,0,,Recommended,"12. mouth","1;2;3;4",,"","Set 1","PPVT4_FormA_Set1_mouth"
set1_mouth_err,String,50,,Recommended,"12. mouth (error)","Yes;No",,"","Set 1","PPVT4_FormA_Set1_mouth_err"
set1_numerrorset1,Integer,0,,Recommended,"Number of errors","0+",,"","Set 1","PPVT4_FormA_Set1_NumErrorSet1"
set2_pencil,Integer,0,,Recommended,"13. pencil","1;2;3;4",,"","Set 2","PPVT4_FormA_Set2_pencil"
set2_pencil_err,String,50,,Recommended,"13. pencil (error)","Yes;No",,"","Set 2","PPVT4_FormA_Set2_pencil_err"
set2_cookie,Integer,0,,Recommended,"14. cookie","1;2;3;4",,"","Set 2","PPVT4_FormA_Set2_cookie"
set2_cookie_err,String,50,,Recommended,"14. cookie (error)","Yes;No",,"","Set 2","PPVT4_FormA_Set2_cookie_err"
set2_drum,Integer,0,,Recommended,"15. drum","1;2;3;4",,"","Set 2","PPVT4_FormA_Set2_drum"
set2_drum_err,String,50,,Recommended,"15. drum (error)","Yes;No",,"","Set 2","PPVT4_FormA_Set2_drum_err"
set2_turtle,Integer,0,,Recommended,"16. turtle","1;2;3;4",,"","Set 2","PPVT4_FormA_Set2_turtle"
set2_turtle_err,String,50,,Recommended,"16. turtle (error)","Yes;No",,"","Set 2","PPVT4_FormA_Set2_turtle_err"
set2_red,Integer,0,,Recommended,"17. red","1;2;3;4",,"","Set 2","PPVT4_FormA_Set2_red"
set2_red_err,String,50,,Recommended,"17. red (error)","Yes;No",,"","Set 2","PPVT4_FormA_Set2_red_err"
set2_jumping,Integer,0,,Recommended,"18. jumping","1;2;3;4",,"","Set 2","PPVT4_FormA_Set2_jumping"
set2_jumping_err,String,50,,Recommended,"18. jumping (error)","Yes;No",,"","Set 2","PPVT4_FormA_Set2_jumping_err"
set2_carrot,Integer,0,,Recommended,"19. carrot","1;2;3;4",,"","Set 2","PPVT4_FormA_Set2_carrot"
set2_carrot_err,String,50,,Recommended,"19. carrot (error)","Yes;No",,"","Set 2","PPVT4_FormA_Set2_carrot_err"
set2_reading,Integer,0,,Recommended,"20. reading","1;2;3;4",,"","Set 2","PPVT4_FormA_Set2_reading"
set2_reading_err,String,50,,Recommended,"20. reading (error)","Yes;No",,"","Set 2","PPVT4_FormA_Set2_reading_err"
set2_toe,Integer,0,,Recommended,"21. toe","1;2;3;4",,"","Set 2","PPVT4_FormA_Set2_toe"
set2_toe_err,String,50,,Recommended,"21. toe (error)","Yes;No",,"","Set 2","PPVT4_FormA_Set2_toe_err"
set2_belt,Integer,0,,Recommended,"22. belt","1;2;3;4",,"","Set 2","PPVT4_FormA_Set2_belt"
set2_belt_err,String,50,,Recommended,"22. belt (error)","Yes;No",,"","Set 2","PPVT4_FormA_Set2_belt_err"
set2_fly,Integer,0,,Recommended,"23. fly","1;2;3;4",,"","Set 2","PPVT4_FormA_Set2_fly"
set2_fly_err,String,50,,Recommended,"23. fly (error)","Yes;No",,"","Set 2","PPVT4_FormA_Set2_fly_err"
set2_paining,Integer,0,,Recommended,"24. painting","1;2;3;4",,"","Set 2","PPVT4_FormA_Set2_paining"
set2_paining_err,String,50,,Recommended,"24. painting (error)","Yes;No",,"","Set 2","PPVT4_FormA_Set2_paining_err"
set2_numerrorset2,Integer,0,,Recommended,"Number of errors","0+",,"","Set 2","PPVT4_FormA_Set2_NumErrorSet2"
set3_dancing,Integer,0,,Recommended,"25. dancing","1;2;3;4",,"","Set 3","PPVT4_FormA_Set3_dancing"
set3_dancing_err,String,50,,Recommended,"25. dancing (error)","Yes;No",,"","Set 3","PPVT4_FormA_Set3_dancing_err"
set3_whistle,Integer,0,,Recommended,"26. whistle","1;2;3;4",,"","Set 3","PPVT4_FormA_Set3_whistle"
set3_whistle_err,String,50,,Recommended,"26. whistle (error)","Yes;No",,"","Set 3","PPVT4_FormA_Set3_whistle_err"
set3_kicking,Integer,0,,Recommended,"27. kicking","1;2;3;4",,"","Set 3","PPVT4_FormA_Set3_kicking"
set3_kicking_err,String,50,,Recommended,"27. kicking (error)","Yes;No",,"","Set 3","PPVT4_FormA_Set3_kicking_err"
set3_lamp,Integer,0,,Recommended,"28. lamp","1;2;3;4",,"","Set 3","PPVT4_FormA_Set3_lamp"
set3_lamp_err,String,50,,Recommended,"28. lamp (error)","Yes;No",,"","Set 3","PPVT4_FormA_Set3_lamp_err"
set3_square,Integer,0,,Recommended,"29. square","1;2;3;4",,"","Set 3","PPVT4_FormA_Set3_square"
set3_square_err,String,50,,Recommended,"29. square (error)","Yes;No",,"","Set 3","PPVT4_FormA_Set3_square_err"
set3_fence,Integer,0,,Recommended,"30. fence","1;2;3;4",,"","Set 3","PPVT4_FormA_Set3_fence"
set3_fence_err,String,50,,Recommended,"30. fence (error)","Yes;No",,"","Set 3","PPVT4_FormA_Set3_fence_err"
set3_empty,Integer,0,,Recommended,"31. empty","1;2;3;4",,"","Set 3","PPVT4_FormA_Set3_empty"
set3_empty_err,String,50,,Recommended,"31. empty (error)","Yes;No",,"","Set 3","PPVT4_FormA_Set3_empty_err"
set3_happy,Integer,0,,Recommended,"32. happy","1;2;3;4",,"","Set 3","PPVT4_FormA_Set3_happy"
set3_happy_err,String,50,,Recommended,"32. happy (error)","Yes;No",,"","Set 3","PPVT4_FormA_Set3_happy_err"
set3_fire,Integer,0,,Recommended,"33. fire","1;2;3;4",,"","Set 3","PPVT4_FormA_Set3_fire"
set3_fire_err,String,50,,Recommended,"33. fire (error)","Yes;No",,"","Set 3","PPVT4_FormA_Set3_fire_err"
set3_castle,Integer,0,,Recommended,"34. castle","1;2;3;4",,"","Set 3","PPVT4_FormA_Set3_castle"
set3_castle_err,String,50,,Recommended,"34. castle (error)","Yes;No",,"","Set 3","PPVT4_FormA_Set3_castle_err"
set3_squirrel,Integer,0,,Recommended,"35. squirrel","1;2;3;4",,"","Set 3","PPVT4_FormA_Set3_squirrel"
set3_squirrel_err,String,50,,Recommended,"35. squirrel (error)","Yes;No",,"","Set 3","PPVT4_FormA_Set3_squirrel_err"
set3_throwing,Integer,0,,Recommended,"36. throwing","1;2;3;4",,"","Set 3","PPVT4_FormA_Set3_throwing"
set3_throwing_err,String,50,,Recommended,"36. throwing (error)","Yes;No",,"","Set 3","PPVT4_FormA_Set3_throwing_err"
set3_numerrorset3,Integer,0,,Recommended,"Number of errors","0+",,"","Set 3","PPVT4_FormA_Set3_NumErrorSet3"
set4_farm,Integer,0,,Recommended,"37. farm","1;2;3;4",,"","Set 4","PPVT4_FormA_Set4_farm"
set4_farm_err,String,50,,Recommended,"37. farm (error)","Yes;No",,"","Set 4","PPVT4_FormA_Set4_farm_err"
set4_penguin,Integer,0,,Recommended,"38. penguin","1;2;3;4",,"","Set 4","PPVT4_FormA_Set4_penguin"
set4_penguin_err,String,50,,Recommended,"38. penguin (error)","Yes;No",,"","Set 4","PPVT4_FormA_Set4_penguin_err"
set4_gift,Integer,0,,Recommended,"39. gift","1;2;3;4",,"","Set 4","PPVT4_FormA_Set4_gift"
set4_gift_err,String,50,,Recommended,"39. gift (error)","Yes;No",,"","Set 4","PPVT4_FormA_Set4_gift_err"
set4_feather,Integer,0,,Recommended,"40. feather","1;2;3;4",,"","Set 4","PPVT4_FormA_Set4_feather"
set4_feather_err,String,50,,Recommended,"40. feather (error)","Yes;No",,"","Set 4","PPVT4_FormA_Set4_feather_err"
set4_cobweb,Integer,0,,Recommended,"41. cobweb","1;2;3;4",,"","Set 4","PPVT4_FormA_Set4_cobweb"
set4_cobweb_err,String,50,,Recommended,"41. cobweb (error)","Yes;No",,"","Set 4","PPVT4_FormA_Set4_cobweb_err"
set4_elbow,Integer,0,,Recommended,"42. elbow","1;2;3;4",,"","Set 4","PPVT4_FormA_Set4_elbow"
set4_elbow_err,String,50,,Recommended,"42. elbow (error)","Yes;No",,"","Set 4","PPVT4_FormA_Set4_elbow_err"
set4_juggling,Integer,0,,Recommended,"43. juggling","1;2;3;4",,"","Set 4","PPVT4_FormA_Set4_juggling"
set4_juggling_err,String,50,,Recommended,"43. juggling (error)","Yes;No",,"","Set 4","PPVT4_FormA_Set4_juggling_err"
set4_fountain,Integer,0,,Recommended,"44. fountain","1;2;3;4",,"","Set 4","PPVT4_FormA_Set4_fountain"
set4_fountain_err,String,50,,Recommended,"44. fountain (error)","Yes;No",,"","Set 4","PPVT4_FormA_Set4_fountain_err"
set4_net,Integer,0,,Recommended,"45. net","1;2;3;4",,"","Set 4","PPVT4_FormA_Set4_net"
set4_net_err,String,50,,Recommended,"45. net (error)","Yes;No",,"","Set 4","PPVT4_FormA_Set4_net_err"
set4_shoulder,Integer,0,,Recommended,"46. shoulder","1;2;3;4",,"","Set 4","PPVT4_FormA_Set4_shoulder"
set4_shoulder_err,String,50,,Recommended,"46. shoulder (error)","Yes;No",,"","Set 4","PPVT4_FormA_Set4_shoulder_err"
set4_dressing,Integer,0,,Recommended,"47. dressing","1;2;3;4",,"","Set 4","PPVT4_FormA_Set4_dressing"
set4_dressing_err,String,50,,Recommended,"47. dressing (error)","Yes;No",,"","Set 4","PPVT4_FormA_Set4_dressing_err"
set4_roof,Integer,0,,Recommended,"48. roof","1;2;3;4",,"","Set 4","PPVT4_FormA_Set4_roof"
set4_roof_err,String,50,,Recommended,"48. roof (error)","Yes;No",,"","Set 4","PPVT4_FormA_Set4_roof_err"
set4_numerrorset4,Integer,0,,Recommended,"Number of errors","0+",,"","Set 4","PPVT4_FormA_Set4_NumErrorSet4"
set5_peeking,Integer,0,,Recommended,"49. peeking","1;2;3;4",,"","Set 5","PPVT4_FormA_Set5_peeking"
set5_peeking_err,String,50,,Recommended,"49. peeking (error)","Yes;No",,"","Set 5","PPVT4_FormA_Set5_peeking_err"
set5_ruler,Integer,0,,Recommended,"50. ruler","1;2;3;4",,"","Set 5","PPVT4_FormA_Set5_ruler"
set5_ruler_err,String,50,,Recommended,"50. ruler (error)","Yes;No",,"","Set 5","PPVT4_FormA_Set5_ruler_err"
set5_tunnel,Integer,0,,Recommended,"51. tunnel","1;2;3;4",,"","Set 5","PPVT4_FormA_Set5_tunnel"
set5_tunnel_err,String,50,,Recommended,"51. tunnel (error)","Yes;No",,"","Set 5","PPVT4_FormA_Set5_tunnel_err"
set5_branch,Integer,0,,Recommended,"52. branch","1;2;3;4",,"","Set 5","PPVT4_FormA_Set5_branch"
set5_branch_err,String,50,,Recommended,"52. branch (error)","Yes;No",,"","Set 5","PPVT4_FormA_Set5_branch_err"
set5_envelope,Integer,0,,Recommended,"53. envelope","1;2;3;4",,"","Set 5","PPVT4_FormA_Set5_envelope"
set5_envelope_err,String,50,,Recommended,"53. envelope (error)","Yes;No",,"","Set 5","PPVT4_FormA_Set5_envelope_err"
set5_diamond,Integer,0,,Recommended,"54. diamond","1;2;3;4",,"","Set 5","PPVT4_FormA_Set5_diamond"
set5_diamond_err,String,50,,Recommended,"54. diamond (error)","Yes;No",,"","Set 5","PPVT4_FormA_Set5_diamond_err"
set5_calendar,Integer,0,,Recommended,"55. calendar","1;2;3;4",,"","Set 5","PPVT4_FormA_Set5_calendar"
set5_calendar_err,String,50,,Recommended,"55. calendar (error)","Yes;No",,"","Set 5","PPVT4_FormA_Set5_calendar_err"
set5_buckle,Integer,0,,Recommended,"56. buckle","1;2;3;4",,"","Set 5","PPVT4_FormA_Set5_buckle"
set5_buckle_err,String,50,,Recommended,"56. buckle (error)","Yes;No",,"","Set 5","PPVT4_FormA_Set5_buckle_err"
set5_sawing,Integer,0,,Recommended,"57. sawing","1;2;3;4",,"","Set 5","PPVT4_FormA_Set5_sawing"
set5_sawing_err,String,50,,Recommended,"57. sawing (error)","Yes;No",,"","Set 5","PPVT4_FormA_Set5_sawing_err"
set5_panda,Integer,0,,Recommended,"58. panda","1;2;3;4",,"","Set 5","PPVT4_FormA_Set5_panda"
set5_panda_err,String,50,,Recommended,"58. panda (error)","Yes;No",,"","Set 5","PPVT4_FormA_Set5_panda_err"
set5_vest,Integer,0,,Recommended,"59. vest","1;2;3;4",,"","Set 5","PPVT4_FormA_Set5_vest"
set5_vest_err,String,50,,Recommended,"59. vest (error)","Yes;No",,"","Set 5","PPVT4_FormA_Set5_vest_err"
set5_arrow,Integer,0,,Recommended,"60. arrow","1;2;3;4",,"","Set 5","PPVT4_FormA_Set5_arrow"
set5_arrow_err,String,50,,Recommended,"60. arrow (error)","Yes;No",,"","Set 5","PPVT4_FormA_Set5_arrow_err"
set5_numerrorset5,Integer,0,,Recommended,"Number of errors","0+",,"","Set 5","PPVT4_FormA_Set5_NumErrorSet5"
set6_picking,Integer,0,,Recommended,"61. picking","1;2;3;4",,"","Set 6","PPVT4_FormA_Set6_picking"
set6_picking_err,String,50,,Recommended,"61. picking (error)","Yes;No",,"","Set 6","PPVT4_FormA_Set6_picking_err"
set6_target,Integer,0,,Recommended,"62. target","1;2;3;4",,"","Set 6","PPVT4_FormA_Set6_target"
set6_target_err,String,50,,Recommended,"62. target (error)","Yes;No",,"","Set 6","PPVT4_FormA_Set6_target_err"
set6_dripping,Integer,0,,Recommended,"63. dripping","1;2;3;4",,"","Set 6","PPVT4_FormA_Set6_dripping"
set6_dripping_err,String,50,,Recommended,"63. dripping (error)","Yes;No",,"","Set 6","PPVT4_FormA_Set6_dripping_err"
set6_knight,Integer,0,,Recommended,"64. knight","1;2;3;4",,"","Set 6","PPVT4_FormA_Set6_knight"
set6_knight_err,String,50,,Recommended,"64. knight (error)","Yes;No",,"","Set 6","PPVT4_FormA_Set6_knight_err"
set6_delivering,Integer,0,,Recommended,"65. delivering","1;2;3;4",,"","Set 6","PPVT4_FormA_Set6_delivering"
set6_delivering_err,String,50,,Recommended,"65. delivering (error)","Yes;No",,"","Set 6","PPVT4_FormA_Set6_delivering_err"
set6_cactus,Integer,0,,Recommended,"66. cactus","1;2;3;4",,"","Set 6","PPVT4_FormA_Set6_cactus"
set6_cactus_err,String,50,,Recommended,"66. cactus (error)","Yes;No",,"","Set 6","PPVT4_FormA_Set6_cactus_err"
set6_dentist,Integer,0,,Recommended,"67. dentist","1;2;3;4",,"","Set 6","PPVT4_FormA_Set6_dentist"
set6_dentist_err,String,50,,Recommended,"67. dentist (error)","Yes;No",,"","Set 6","PPVT4_FormA_Set6_dentist_err"
set6_floating,Integer,0,,Recommended,"68. floating","1;2;3;4",,"","Set 6","PPVT4_FormA_Set6_floating"
set6_floating_err,String,50,,Recommended,"68. floating (error)","Yes;No",,"","Set 6","PPVT4_FormA_Set6_floating_err"
set6_claw,Integer,0,,Recommended,"69. claw","1;2;3;4",,"","Set 6","PPVT4_FormA_Set6_claw"
set6_claw_err,String,50,,Recommended,"69. claw (error)","Yes;No",,"","Set 6","PPVT4_FormA_Set6_claw_err"
set6_uniform,Integer,0,,Recommended,"70. uniform","1;2;3;4",,"","Set 6","PPVT4_FormA_Set6_uniform"
set6_uniform_err,String,50,,Recommended,"70. uniform (error)","Yes;No",,"","Set 6","PPVT4_FormA_Set6_uniform_err"
set6_gigantic,Integer,0,,Recommended,"71. gigantic","1;2;3;4",,"","Set 6","PPVT4_FormA_Set6_gigantic"
set6_gigantic_err,String,50,,Recommended,"71. gigantic (error)","Yes;No",,"","Set 6","PPVT4_FormA_Set6_gigantic_err"
set6_furry,Integer,0,,Recommended,"72. furry","1;2;3;4",,"","Set 6","PPVT4_FormA_Set6_furry"
set6_furry_err,String,50,,Recommended,"72. furry (error)","Yes;No",,"","Set 6","PPVT4_FormA_Set6_furry_err"
set6_numerrorset6,Integer,0,,Recommended,"Number of errors","0+",,"","Set 6","PPVT4_FormA_Set6_NumErrorSet6"
set7_violin,Integer,0,,Recommended,"73. violin","1;2;3;4",,"","Set 7","PPVT4_FormA_Set7_violin"
set7_violin_err,String,50,,Recommended,"73. violin (error)","Yes;No",,"","Set 7","PPVT4_FormA_Set7_violin_err"
set7_group,Integer,0,,Recommended,"74. group","1;2;3;4",,"","Set 7","PPVT4_FormA_Set7_group"
set7_group_err,String,50,,Recommended,"74. group (error)","Yes;No",,"","Set 7","PPVT4_FormA_Set7_group_err"
set7_globe,Integer,0,,Recommended,"75. globe","1;2;3;4",,"","Set 7","PPVT4_FormA_Set7_globe"
set7_globe_err,String,50,,Recommended,"75. globe (error)","Yes;No",,"","Set 7","PPVT4_FormA_Set7_globe_err"
set7_vehicle,Integer,0,,Recommended,"76. vehicle","1;2;3;4",,"","Set 7","PPVT4_FormA_Set7_vehicle"
set7_vehicle_err,String,50,,Recommended,"76. vehicle (error)","Yes;No",,"","Set 7","PPVT4_FormA_Set7_vehicle_err"
set7_chef,Integer,0,,Recommended,"77.chef","1;2;3;4",,"","Set 7","PPVT4_FormA_Set7_chef"
set7_chef_err,String,50,,Recommended,"77.chef (error)","Yes;No",,"","Set 7","PPVT4_FormA_Set7_chef_err"
set7_squash,Integer,0,,Recommended,"78. squash","1;2;3;4",,"","Set 7","PPVT4_FormA_Set7_squash"
set7_squash_err,String,50,,Recommended,"78. squash (error)","Yes;No",,"","Set 7","PPVT4_FormA_Set7_squash_err"
set7_ax,Integer,0,,Recommended,"79. ax","1;2;3;4",,"","Set 7","PPVT4_FormA_Set7_ax"
set7_ax_err,String,50,,Recommended,"79. ax (error)","Yes;No",,"","Set 7","PPVT4_FormA_Set7_ax_err"
set7_flamingo,Integer,0,,Recommended,"80. flamingo","1;2;3;4",,"","Set 7","PPVT4_FormA_Set7_flamingo"
set7_flamingo_err,String,50,,Recommended,"80. flamingo (error)","Yes;No",,"","Set 7","PPVT4_FormA_Set7_flamingo_err"
set7_chimney,Integer,0,,Recommended,"81. chimney","1;2;3;4",,"","Set 7","PPVT4_FormA_Set7_chimney"
set7_chimney_err,String,50,,Recommended,"81. chimney (error)","Yes;No",,"","Set 7","PPVT4_FormA_Set7_chimney_err"
set7_sorting,Integer,0,,Recommended,"82. sorting","1;2;3;4",,"","Set 7","PPVT4_FormA_Set7_sorting"
set7_sorting_err,String,50,,Recommended,"82. sorting (error)","Yes;No",,"","Set 7","PPVT4_FormA_Set7_sorting_err"
set7_waist,Integer,0,,Recommended,"83. waist","1;2;3;4",,"","Set 7","PPVT4_FormA_Set7_waist"
set7_waist_err,String,50,,Recommended,"83. waist (error)","Yes;No",,"","Set 7","PPVT4_FormA_Set7_waist_err"
set7_vegetable,Integer,0,,Recommended,"84. vegetable","1;2;3;4",,"","Set 7","PPVT4_FormA_Set7_vegetable"
set7_vegetable_err,String,50,,Recommended,"84. vegetable (error)","Yes;No",,"","Set 7","PPVT4_FormA_Set7_vegetable_err"
set7_numerrorset7,Integer,0,,Recommended,"Number of errors","0+",,"","Set 7","PPVT4_FormA_Set7_NumErrorSet7"
set8_hyena,Integer,0,,Recommended,"85. hyena","1;2;3;4",,"","Set 8","PPVT4_FormA_Set8_hyena"
set8_hyena_err,String,50,,Recommended,"85. hyena (error)","Yes;No",,"","Set 8","PPVT4_FormA_Set8_hyena_err"
set8_plumber,Integer,0,,Recommended,"86. plumber","1;2;3;4",,"","Set 8","PPVT4_FormA_Set8_plumber"
set8_plumber_err,String,50,,Recommended,"86. plumber (error)","Yes;No",,"","Set 8","PPVT4_FormA_Set8_plumber_err"
set8_river,Integer,0,,Recommended,"87. river","1;2;3;4",,"","Set 8","PPVT4_FormA_Set8_river"
set8_river_err,String,50,,Recommended,"87. river (error)","Yes;No",,"","Set 8","PPVT4_FormA_Set8_river_err"
set8_timer,Integer,0,,Recommended,"88. timer","1;2;3;4",,"","Set 8","PPVT4_FormA_Set8_timer"
set8_timer_err,String,50,,Recommended,"88. timer (error)","Yes;No",,"","Set 8","PPVT4_FormA_Set8_timer_err"
set8_catching,Integer,0,,Recommended,"89. catching","1;2;3;4",,"","Set 8","PPVT4_FormA_Set8_catching"
set8_catching_err,String,50,,Recommended,"89. catching (error)","Yes;No",,"","Set 8","PPVT4_FormA_Set8_catching_err"
set8_trunk,Integer,0,,Recommended,"90. trunk","1;2;3;4",,"","Set 8","PPVT4_FormA_Set8_trunk"
set8_trunk_err,String,50,,Recommended,"90. trunk (error)","Yes;No",,"","Set 8","PPVT4_FormA_Set8_trunk_err"
set8_vase,Integer,0,,Recommended,"91. vase","1;2;3;4",,"","Set 8","PPVT4_FormA_Set8_vase"
set8_vase_err,String,50,,Recommended,"91. vase (error)","Yes;No",,"","Set 8","PPVT4_FormA_Set8_vase_err"
set8_harp,Integer,0,,Recommended,"92. harp","1;2;3;4",,"","Set 8","PPVT4_FormA_Set8_harp"
set8_harp_err,String,50,,Recommended,"92. harp (error)","Yes;No",,"","Set 8","PPVT4_FormA_Set8_harp_err"
set8_bloom,Integer,0,,Recommended,"93. bloom","1;2;3;4",,"","Set 8","PPVT4_FormA_Set8_bloom"
set8_bloom_err,String,50,,Recommended,"93. bloom (error)","Yes;No",,"","Set 8","PPVT4_FormA_Set8_bloom_err"
set8_horrified,Integer,0,,Recommended,"94. horrified","1;2;3;4",,"","Set 8","PPVT4_FormA_Set8_horrified"
set8_horrified_err,String,50,,Recommended,"94. horrified (error)","Yes;No",,"","Set 8","PPVT4_FormA_Set8_horrified_err"
set8_swamp,Integer,0,,Recommended,"95. swamp","1;2;3;4",,"","Set 8","PPVT4_FormA_Set8_swamp"
set8_swamp_err,String,50,,Recommended,"95. swamp (error)","Yes;No",,"","Set 8","PPVT4_FormA_Set8_swamp_err"
set8_heart,Integer,0,,Recommended,"96. heart","1;2;3;4",,"","Set 8","PPVT4_FormA_Set8_heart"
set8_heart_err,String,50,,Recommended,"96. heart (error)","Yes;No",,"","Set 8","PPVT4_FormA_Set8_heart_err"
set8_numerrorset8,Integer,0,,Recommended,"Number of errors","0+",,"","Set 8","PPVT4_FormA_Set8_NumErrorSet8"
set9_pigeon,Integer,0,,Recommended,"97. pigeon","1;2;3;4",,"","Set 9","PPVT4_FormA_Set9_pigeon"
set9_pigeon_err,String,50,,Recommended,"97. pigeon (error)","Yes;No",,"","Set 9","PPVT4_FormA_Set9_pigeon_err"
set9_ankle,Integer,0,,Recommended,"98. ankle","1;2;3;4",,"","Set 9","PPVT4_FormA_Set9_ankle"
set9_ankle_err,String,50,,Recommended,"98. ankle (error)","Yes;No",,"","Set 9","PPVT4_FormA_Set9_ankle_err"
set9_flaming,Integer,0,,Recommended,"99. flaming","1;2;3;4",,"","Set 9","PPVT4_FormA_Set9_flaming"
set9_flaming_err,String,50,,Recommended,"99. flaming (error)","Yes;No",,"","Set 9","PPVT4_FormA_Set9_flaming_err"
set9_wrench,Integer,0,,Recommended,"100. wrench","1;2;3;4",,"","Set 9","PPVT4_FormA_Set9_wrench"
set9_wrench_err,String,50,,Recommended,"100. wrench (error)","Yes;No",,"","Set 9","PPVT4_FormA_Set9_wrench_err"
set9_aquarium,Integer,0,,Recommended,"101. aquarium","1;2;3;4",,"","Set 9","PPVT4_FormA_Set9_aquarium"
set9_aquarium_err,String,50,,Recommended,"101. aquarium (error)","Yes;No",,"","Set 9","PPVT4_FormA_Set9_aquarium_err"
set9_refueling,Integer,0,,Recommended,"102. refueling","1;2;3;4",,"","Set 9","PPVT4_FormA_Set9_refueling"
set9_refueling_err,String,50,,Recommended,"102. refueling (error)","Yes;No",,"","Set 9","PPVT4_FormA_Set9_refueling_err"
set9_safe,Integer,0,,Recommended,"103. safe","1;2;3;4",,"","Set 9","PPVT4_FormA_Set9_safe"
set9_safe_err,String,50,,Recommended,"103. safe (error)","Yes;No",,"","Set 9","PPVT4_FormA_Set9_safe_err"
set9_boulder,Integer,0,,Recommended,"104. boulder","1;2;3;4",,"","Set 9","PPVT4_FormA_Set9_boulder"
set9_boulder_err,String,50,,Recommended,"104. boulder (error)","Yes;No",,"","Set 9","PPVT4_FormA_Set9_boulder_err"
set9_reptile,Integer,0,,Recommended,"105. reptile","1;2;3;4",,"","Set 9","PPVT4_FormA_Set9_reptile"
set9_reptile_err,String,50,,Recommended,"105. reptile (error)","Yes;No",,"","Set 9","PPVT4_FormA_Set9_reptile_err"
set9_canoe,Integer,0,,Recommended,"106. canoe","1;2;3;4",,"","Set 9","PPVT4_FormA_Set9_canoe"
set9_canoe_err,String,50,,Recommended,"106. canoe (error)","Yes;No",,"","Set 9","PPVT4_FormA_Set9_canoe_err"
set9_athlete,Integer,0,,Recommended,"107. athlete","1;2;3;4",,"","Set 9","PPVT4_FormA_Set9_athlete"
set9_athlete_err,String,50,,Recommended,"107. athlete (error)","Yes;No",,"","Set 9","PPVT4_FormA_Set9_athlete_err"
set9_towing,Integer,0,,Recommended,"108. towing","1;2;3;4",,"","Set 9","PPVT4_FormA_Set9_towing"
set9_towing_err,String,50,,Recommended,"108. towing (error)","Yes;No",,"","Set 9","PPVT4_FormA_Set9_towing_err"
set9_numerrorset9,Integer,0,,Recommended,"Number of errors","0+",,"","Set 9","PPVT4_FormA_Set9_NumErrorSet9"
set10_luggage,Integer,0,,Recommended,"109. luggage","1;2;3;4",,"","Set 10","PPVT4_FormA_Set10_luggage"
set10_luggage_err,String,50,,Recommended,"109. luggage (error)","Yes;No",,"","Set 10","PPVT4_FormA_Set10_luggage_err"
set10_directing,Integer,0,,Recommended,"110. directing","1;2;3;4",,"","Set 10","PPVT4_FormA_Set10_directing"
set10_directing_err,String,50,,Recommended,"110. directing (error)","Yes;No",,"","Set 10","PPVT4_FormA_Set10_directing_err"
set10_vine,Integer,0,,Recommended,"111. vine","1;2;3;4",,"","Set 10","PPVT4_FormA_Set10_vine"
set10_vine_err,String,50,,Recommended,"111. vine (error)","Yes;No",,"","Set 10","PPVT4_FormA_Set10_vine_err"
set10_digital,Integer,0,,Recommended,"112. digital","1;2;3;4",,"","Set 10","PPVT4_FormA_Set10_digital"
set10_digital_err,String,50,,Recommended,"112. digital (error)","Yes;No",,"","Set 10","PPVT4_FormA_Set10_digital_err"
set10_dissecting,Integer,0,,Recommended,"113. dissecting","1;2;3;4",,"","Set 10","PPVT4_FormA_Set10_dissecting"
set10_dissecting_err,String,50,,Recommended,"113. dissecting (error)","Yes;No",,"","Set 10","PPVT4_FormA_Set10_dissecting_err"
set10_predatory,Integer,0,,Recommended,"114. predatory","1;2;3;4",,"","Set 10","PPVT4_FormA_Set10_predatory"
set10_predatory_err,String,50,,Recommended,"114. predatory (error)","Yes;No",,"","Set 10","PPVT4_FormA_Set10_predatory_err"
set10_hydrant,Integer,0,,Recommended,"115. hydrant","1;2;3;4",,"","Set 10","PPVT4_FormA_Set10_hydrant"
set10_hydrant_err,String,50,,Recommended,"115. hydrant (error)","Yes;No",,"","Set 10","PPVT4_FormA_Set10_hydrant_err"
set10_surprised,Integer,0,,Recommended,"116. surprised","1;2;3;4",,"","Set 10","PPVT4_FormA_Set10_surprised"
set10_surprised_err,String,50,,Recommended,"116. surprised (error)","Yes;No",,"","Set 10","PPVT4_FormA_Set10_surprised_err"
set10_palm,Integer,0,,Recommended,"117. palm","1;2;3;4",,"","Set 10","PPVT4_FormA_Set10_palm"
set10_palm_err,String,50,,Recommended,"117. palm (error)","Yes;No",,"","Set 10","PPVT4_FormA_Set10_palm_err"
set10_clarinet,Integer,0,,Recommended,"118. clarinet","1;2;3;4",,"","Set 10","PPVT4_FormA_Set10_clarinet"
set10_clarinet_err,String,50,,Recommended,"118. clarinet (error)","Yes;No",,"","Set 10","PPVT4_FormA_Set10_clarinet_err"
set10_valley,Integer,0,,Recommended,"119. valley","1;2;3;4",,"","Set 10","PPVT4_FormA_Set10_valley"
set10_valley_err,String,50,,Recommended,"119. valley (error)","Yes;No",,"","Set 10","PPVT4_FormA_Set10_valley_err"
set10_kiwi,Integer,0,,Recommended,"120. kiwi","1;2;3;4",,"","Set 10","PPVT4_FormA_Set10_kiwi"
set10_kiwi_err,String,50,,Recommended,"120. kiwi (error)","Yes;No",,"","Set 10","PPVT4_FormA_Set10_kiwi_err"
set10_numerrorset10,Integer,0,,Recommended,"Number of errors","0+",,"","Set 10","PPVT4_FormA_Set10_NumErrorSet10"
set11_interviewing,Integer,0,,Recommended,"121. interviewing","1;2;3;4",,"","Set 11","PPVT4_FormA_Set11_interviewing"
set11_interviewing_err,String,50,,Recommended,"121. interviewing (error)","Yes;No",,"","Set 11","PPVT4_FormA_Set11_interviewing_err"
set11_pastry,Integer,0,,Recommended,"122. pastry","1;2;3;4",,"","Set 11","PPVT4_FormA_Set11_pastry"
set11_pastry_err,String,50,,Recommended,"122. pastry (error)","Yes;No",,"","Set 11","PPVT4_FormA_Set11_pastry_err"
set11_assisting,Integer,0,,Recommended,"123. assisting","1;2;3;4",,"","Set 11","PPVT4_FormA_Set11_assisting"
set11_assisting_err,String,50,,Recommended,"123. assisting (error)","Yes;No",,"","Set 11","PPVT4_FormA_Set11_assisting_err"
set11_fragile,Integer,0,,Recommended,"124. fragile","1;2;3;4",,"","Set 11","PPVT4_FormA_Set11_fragile"
set11_fragile_err,String,50,,Recommended,"124. fragile (error)","Yes;No",,"","Set 11","PPVT4_FormA_Set11_fragile_err"
set11_solo,Integer,0,,Recommended,"125. solo","1;2;3;4",,"","Set 11","PPVT4_FormA_Set11_solo"
set11_solo_err,String,50,,Recommended,"125. solo (error)","Yes;No",,"","Set 11","PPVT4_FormA_Set11_solo_err"
set11_snarling,Integer,0,,Recommended,"126. snarling","1;2;3;4",,"","Set 11","PPVT4_FormA_Set11_snarling"
set11_snarling_err,String,50,,Recommended,"126. snarling (error)","Yes;No",,"","Set 11","PPVT4_FormA_Set11_snarling_err"
set11_puzzled,Integer,0,,Recommended,"127. puzzled","1;2;3;4",,"","Set 11","PPVT4_FormA_Set11_puzzled"
set11_puzzled_err,String,50,,Recommended,"127. puzzled (error)","Yes;No",,"","Set 11","PPVT4_FormA_Set11_puzzled_err"
set11_beverage,Integer,0,,Recommended,"128. beverage","1;2;3;4",,"","Set 11","PPVT4_FormA_Set11_beverage"
set11_beverage_err,String,50,,Recommended,"128. beverage (error)","Yes;No",,"","Set 11","PPVT4_FormA_Set11_beverage_err"
set11_inflated,Integer,0,,Recommended,"129. inflated","1;2;3;4",,"","Set 11","PPVT4_FormA_Set11_inflated"
set11_inflated_err,String,50,,Recommended,"129. inflated (error)","Yes;No",,"","Set 11","PPVT4_FormA_Set11_inflated_err"
set11_tusk,Integer,0,,Recommended,"130. tusk","1;2;3;4",,"","Set 11","PPVT4_FormA_Set11_tusk"
set11_tusk_err,String,50,,Recommended,"130. tusk (error)","Yes;No",,"","Set 11","PPVT4_FormA_Set11_tusk_err"
set11_trumpet,Integer,0,,Recommended,"131. trumpet","1;2;3;4",,"","Set 11","PPVT4_FormA_Set11_trumpet"
set11_trumpet_err,String,50,,Recommended,"131. trumpet (error)","Yes;No",,"","Set 11","PPVT4_FormA_Set11_trumpet_err"
set11_rodent,Integer,0,,Recommended,"132. rodent","1;2;3;4",,"","Set 11","PPVT4_FormA_Set11_rodent"
set11_rodent_err,String,50,,Recommended,"132. rodent (error)","Yes;No",,"","Set 11","PPVT4_FormA_Set11_rodent_err"
set11_numerrorset11,Integer,0,,Recommended,"Number of errors","0+",,"","Set 11","PPVT4_FormA_Set11_NumErrorSet11"
set12_inhaling,Integer,0,,Recommended,"133. inhaling","1;2;3;4",,"","Set 12","PPVT4_FormA_Set12_inhaling"
set12_inhaling_err,String,50,,Recommended,"133. inhaling (error)","Yes;No",,"","Set 12","PPVT4_FormA_Set12_inhaling_err"
set12_links,Integer,0,,Recommended,"134. links","1;2;3;4",,"","Set 12","PPVT4_FormA_Set12_links"
set12_links_err,String,50,,Recommended,"134. links (error)","Yes;No",,"","Set 12","PPVT4_FormA_Set12_links_err"
set12_polluting,Integer,0,,Recommended,"135. polluting","1;2;3;4",,"","Set 12","PPVT4_FormA_Set12_polluting"
set12_polluting_err,String,50,,Recommended,"135. polluting (error)","Yes;No",,"","Set 12","PPVT4_FormA_Set12_polluting_err"
set12_archaeologist,Integer,0,,Recommended,"136. archaeologist","1;2;3;4",,"","Set 12","PPVT4_FormA_Set12_archaeologist"
set12_archaeologist_err,String,50,,Recommended,"136. archaeologist (error)","Yes;No",,"","Set 12","PPVT4_FormA_Set12_archaeologist_err"
set12_coast,Integer,0,,Recommended,"137. coast","1;2;3;4",,"","Set 12","PPVT4_FormA_Set12_coast"
set12_coast_err,String,50,,Recommended,"137. coast (error)","Yes;No",,"","Set 12","PPVT4_FormA_Set12_coast_err"
set12_injecting,Integer,0,,Recommended,"138. injecting","1;2;3;4",,"","Set 12","PPVT4_FormA_Set12_injecting"
set12_injecting_err,String,50,,Recommended,"138. injecting (error)","Yes;No",,"","Set 12","PPVT4_FormA_Set12_injecting_err"
set12_fern,Integer,0,,Recommended,"139. fern","1;2;3;4",,"","Set 12","PPVT4_FormA_Set12_fern"
set12_fern_err,String,50,,Recommended,"139. fern (error)","Yes;No",,"","Set 12","PPVT4_FormA_Set12_fern_err"
set12_mammal,Integer,0,,Recommended,"140. mammal","1;2;3;4",,"","Set 12","PPVT4_FormA_Set12_mammal"
set12_mammal_err,String,50,,Recommended,"140. mammal (error)","Yes;No",,"","Set 12","PPVT4_FormA_Set12_mammal_err"
set12_demolishing,Integer,0,,Recommended,"141. demolishing","1;2;3;4",,"","Set 12","PPVT4_FormA_Set12_demolishing"
set12_demolishing_err,String,50,,Recommended,"141. demolishing (error)","Yes;No",,"","Set 12","PPVT4_FormA_Set12_demolishing_err"
set12_isolation,Integer,0,,Recommended,"142. isolation","1;2;3;4",,"","Set 12","PPVT4_FormA_Set12_isolation"
set12_isolation_err,String,50,,Recommended,"142. isolation (error)","Yes;No",,"","Set 12","PPVT4_FormA_Set12_isolation_err"
set12_clamp,Integer,0,,Recommended,"143. clamp","1;2;3;4",,"","Set 12","PPVT4_FormA_Set12_clamp"
set12_clamp_err,String,50,,Recommended,"143. clamp (error)","Yes;No",,"","Set 12","PPVT4_FormA_Set12_clamp_err"
set12_dilapidated,Integer,0,,Recommended,"144. dilapidated","1;2;3;4",,"","Set 12","PPVT4_FormA_Set12_dilapidated"
set12_dilapidated_err,String,50,,Recommended,"144. dilapidated (error)","Yes;No",,"","Set 12","PPVT4_FormA_Set12_dilapidated_err"
set12_numerrorset12,Integer,0,,Recommended,"Number of errors","0+",,"","Set 12","PPVT4_FormA_Set12_NumErrorSet12"
set13_pedestrian,Integer,0,,Recommended,"145. pedestrian","1;2;3;4",,"","Set 13","PPVT4_FormA_Set13_pedestrian"
set13_pedestrian_err,String,50,,Recommended,"145. pedestrian (error)","Yes;No",,"","Set 13","PPVT4_FormA_Set13_pedestrian_err"
set13_interior,Integer,0,,Recommended,"146. interior","1;2;3;4",,"","Set 13","PPVT4_FormA_Set13_interior"
set13_interior_err,String,50,,Recommended,"146. interior (error)","Yes;No",,"","Set 13","PPVT4_FormA_Set13_interior_err"
set13_garment,Integer,0,,Recommended,"147. garment","1;2;3;4",,"","Set 13","PPVT4_FormA_Set13_garment"
set13_garment_err,String,50,,Recommended,"147. garment (error)","Yes;No",,"","Set 13","PPVT4_FormA_Set13_garment_err"
set13_departing,Integer,0,,Recommended,"148. departing","1;2;3;4",,"","Set 13","PPVT4_FormA_Set13_departing"
set13_departing_err,String,50,,Recommended,"148. departing (error)","Yes;No",,"","Set 13","PPVT4_FormA_Set13_departing_err"
set13_feline,Integer,0,,Recommended,"149. feline","1;2;3;4",,"","Set 13","PPVT4_FormA_Set13_feline"
set13_feline_err,String,50,,Recommended,"149. feline (error)","Yes;No",,"","Set 13","PPVT4_FormA_Set13_feline_err"
set13_hedge,Integer,0,,Recommended,"150. hedge","1;2;3;4",,"","Set 13","PPVT4_FormA_Set13_hedge"
set13_hedge_err,String,50,,Recommended,"150. hedge (error)","Yes;No",,"","Set 13","PPVT4_FormA_Set13_hedge_err"
set13_citrus,Integer,0,,Recommended,"151. citrus","1;2;3;4",,"","Set 13","PPVT4_FormA_Set13_citrus"
set13_citrus_err,String,50,,Recommended,"151. citrus (error)","Yes;No",,"","Set 13","PPVT4_FormA_Set13_citrus_err"
set13_florist,Integer,0,,Recommended,"152. florist","1;2;3;4",,"","Set 13","PPVT4_FormA_Set13_florist"
set13_florist_err,String,50,,Recommended,"152. florist (error)","Yes;No",,"","Set 13","PPVT4_FormA_Set13_florist_err"
set13_hovering,Integer,0,,Recommended,"153. hovering","1;2;3;4",,"","Set 13","PPVT4_FormA_Set13_hovering"
set13_hovering_err,String,50,,Recommended,"153. hovering (error)","Yes;No",,"","Set 13","PPVT4_FormA_Set13_hovering_err"
set13_aquatic,Integer,0,,Recommended,"154. aquatic","1;2;3;4",,"","Set 13","PPVT4_FormA_Set13_aquatic"
set13_aquatic_err,String,50,,Recommended,"154. aquatic (error)","Yes;No",,"","Set 13","PPVT4_FormA_Set13_aquatic_err"
set13_reprimanding,Integer,0,,Recommended,"155. reprimanding","1;2;3;4",,"","Set 13","PPVT4_FormA_Set13_reprimanding"
set13_reprimanding_err,String,50,,Recommended,"155. reprimanding (error)","Yes;No",,"","Set 13","PPVT4_FormA_Set13_reprimanding_err"
set13_carpenter,Integer,0,,Recommended,"156. carpenter","1;2;3;4",,"","Set 13","PPVT4_FormA_Set13_carpenter"
set13_carpenter_err,String,50,,Recommended,"156. carpenter (error)","Yes;No",,"","Set 13","PPVT4_FormA_Set13_carpenter_err"
set13_numerrorset13,Integer,0,,Recommended,"Number of errors","0+",,"","Set 13","PPVT4_FormA_Set13_NumErrorSet13"
set14_primate,Integer,0,,Recommended,"157. primate","1;2;3;4",,"","Set 14","PPVT4_FormA_Set14_primate"
set14_primate_err,String,50,,Recommended,"157. primate (error)","Yes;No",,"","Set 14","PPVT4_FormA_Set14_primate_err"
set14_glider,Integer,0,,Recommended,"158. glider","1;2;3;4",,"","Set 14","PPVT4_FormA_Set14_glider"
set14_glider_err,String,50,,Recommended,"158. glider (error)","Yes;No",,"","Set 14","PPVT4_FormA_Set14_glider_err"
set14_weary,Integer,0,,Recommended,"159. weary","1;2;3;4",,"","Set 14","PPVT4_FormA_Set14_weary"
set14_weary_err,String,50,,Recommended,"159. weary (error)","Yes;No",,"","Set 14","PPVT4_FormA_Set14_weary_err"
set14_hatchet,Integer,0,,Recommended,"160. hatchet","1;2;3;4",,"","Set 14","PPVT4_FormA_Set14_hatchet"
set14_hatchet_err,String,50,,Recommended,"160. hatchet (error)","Yes;No",,"","Set 14","PPVT4_FormA_Set14_hatchet_err"
set14_transparent,Integer,0,,Recommended,"161. transparent","1;2;3;4",,"","Set 14","PPVT4_FormA_Set14_transparent"
set14_transparent_err,String,50,,Recommended,"161. transparent (error)","Yes;No",,"","Set 14","PPVT4_FormA_Set14_transparent_err"
set14_sedan,Integer,0,,Recommended,"162. sedan","1;2;3;4",,"","Set 14","PPVT4_FormA_Set14_sedan"
set14_sedan_err,String,50,,Recommended,"162. sedan (error)","Yes;No",,"","Set 14","PPVT4_FormA_Set14_sedan_err"
set14_constrained,Integer,0,,Recommended,"163. constrained","1;2;3;4",,"","Set 14","PPVT4_FormA_Set14_constrained"
set14_constrained_err,String,50,,Recommended,"163. constrained (error)","Yes;No",,"","Set 14","PPVT4_FormA_Set14_constrained_err"
set14_valve,Integer,0,,Recommended,"164. valve","1;2;3;4",,"","Set 14","PPVT4_FormA_Set14_valve"
set14_valve_err,String,50,,Recommended,"164. valve (error)","Yes;No",,"","Set 14","PPVT4_FormA_Set14_valve_err"
set14_parallelogram,Integer,0,,Recommended,"165. parallelogram","1;2;3;4",,"","Set 14","PPVT4_FormA_Set14_parallelogram"
set14_parallelogram_err,String,50,,Recommended,"165. parallelogram (error)","Yes;No",,"","Set 14","PPVT4_FormA_Set14_parallelogram_err"
set14_pillar,Integer,0,,Recommended,"166. pillar","1;2;3;4",,"","Set 14","PPVT4_FormA_Set14_pillar"
set14_pillar_err,String,50,,Recommended,"166. pillar (error)","Yes;No",,"","Set 14","PPVT4_FormA_Set14_pillar_err"
set14_consuming,Integer,0,,Recommended,"167. consuming","1;2;3;4",,"","Set 14","PPVT4_FormA_Set14_consuming"
set14_consuming_err,String,50,,Recommended,"167. consuming (error)","Yes;No",,"","Set 14","PPVT4_FormA_Set14_consuming_err"
set14_currency,Integer,0,,Recommended,"168. currency","1;2;3;4",,"","Set 14","PPVT4_FormA_Set14_currency"
set14_currency_err,String,50,,Recommended,"168. currency (error)","Yes;No",,"","Set 14","PPVT4_FormA_Set14_currency_err"
set14_numerrorset14,Integer,0,,Recommended,"Number of errors","0+",,"","Set 14","PPVT4_FormA_Set14_NumErrorSet14"
set15_hazardous,Integer,0,,Recommended,"169. hazardous","1;2;3;4",,"","Set 15","PPVT4_FormA_Set15_hazardous"
set15_hazardous_err,String,50,,Recommended,"169. hazardous (error)","Yes;No",,"","Set 15","PPVT4_FormA_Set15_hazardous_err"
set15_pentagon,Integer,0,,Recommended,"170. pentagon","1;2;3;4",,"","Set 15","PPVT4_FormA_Set15_pentagon"
set15_pentagon_err,String,50,,Recommended,"170. pentagon (error)","Yes;No",,"","Set 15","PPVT4_FormA_Set15_pentagon_err"
set15_appliance,Integer,0,,Recommended,"171. appliance","1;2;3;4",,"","Set 15","PPVT4_FormA_Set15_appliance"
set15_appliance_err,String,50,,Recommended,"171. appliance (error)","Yes;No",,"","Set 15","PPVT4_FormA_Set15_appliance_err"
set15_poultry,Integer,0,,Recommended,"172. poultry","1;2;3;4",,"","Set 15","PPVT4_FormA_Set15_poultry"
set15_poultry_err,String,50,,Recommended,"172. poultry (error)","Yes;No",,"","Set 15","PPVT4_FormA_Set15_poultry_err"
set15_cornea,Integer,0,,Recommended,"173. cornea","1;2;3;4",,"","Set 15","PPVT4_FormA_Set15_cornea"
set15_cornea_err,String,50,,Recommended,"173. cornea (error)","Yes;No",,"","Set 15","PPVT4_FormA_Set15_cornea_err"
set15_peninsula,Integer,0,,Recommended,"174. peninsula","1;2;3;4",,"","Set 15","PPVT4_FormA_Set15_peninsula"
set15_peninsula_err,String,50,,Recommended,"174. peninsula (error)","Yes;No",,"","Set 15","PPVT4_FormA_Set15_peninsula_err"
set15_porcelain,Integer,0,,Recommended,"175. porcelain","1;2;3;4",,"","Set 15","PPVT4_FormA_Set15_porcelain"
set15_porcelain_err,String,50,,Recommended,"175. porcelain (error)","Yes;No",,"","Set 15","PPVT4_FormA_Set15_porcelain_err"
set15_detonation,Integer,0,,Recommended,"176. detonation","1;2;3;4",,"","Set 15","PPVT4_FormA_Set15_detonation"
set15_detonation_err,String,50,,Recommended,"176. detonation (error)","Yes;No",,"","Set 15","PPVT4_FormA_Set15_detonation_err"
set15_cerebral,Integer,0,,Recommended,"177. cerebral","1;2;3;4",,"","Set 15","PPVT4_FormA_Set15_cerebral"
set15_cerebral_err,String,50,,Recommended,"177. cerebral (error)","Yes;No",,"","Set 15","PPVT4_FormA_Set15_cerebral_err"
set15_perpendicular,Integer,0,,Recommended,"178. perpendicular","1;2;3;4",,"","Set 15","PPVT4_FormA_Set15_perpendicular"
set15_perpendicular_err,String,50,,Recommended,"178. perpendicular (error)","Yes;No",,"","Set 15","PPVT4_FormA_Set15_perpendicular_err"
set15_submerging,Integer,0,,Recommended,"179. submerging","1;2;3;4",,"","Set 15","PPVT4_FormA_Set15_submerging"
set15_submerging_err,String,50,,Recommended,"179. submerging (error)","Yes;No",,"","Set 15","PPVT4_FormA_Set15_submerging_err"
set15_syringe,Integer,0,,Recommended,"180. syringe","1;2;3;4",,"","Set 15","PPVT4_FormA_Set15_syringe"
set15_syringe_err,String,50,,Recommended,"180. syringe (error)","Yes;No",,"","Set 15","PPVT4_FormA_Set15_syringe_err"
set15_numerrorset15,Integer,0,,Recommended,"Number of errors","0+",,"","Set 15","PPVT4_FormA_Set15_NumErrorSet15"
set16_lever,Integer,0,,Recommended,"181. lever","1;2;3;4",,"","Set 16","PPVT4_FormA_Set16_lever"
set16_lever_err,String,50,,Recommended,"181. lever (error)","Yes;No",,"","Set 16","PPVT4_FormA_Set16_lever_err"
set16_apparel,Integer,0,,Recommended,"182. apparel","1;2;3;4",,"","Set 16","PPVT4_FormA_Set16_apparel"
set16_apparel_err,String,50,,Recommended,"182. apparel (error)","Yes;No",,"","Set 16","PPVT4_FormA_Set16_apparel_err"
set16_talon,Integer,0,,Recommended,"183. talon","1;2;3;4",,"","Set 16","PPVT4_FormA_Set16_talon"
set16_talon_err,String,50,,Recommended,"183. talon (error)","Yes;No",,"","Set 16","PPVT4_FormA_Set16_talon_err"
set16_cultivating,Integer,0,,Recommended,"184. cultivating","1;2;3;4",,"","Set 16","PPVT4_FormA_Set16_cultivating"
set16_cultivating_err,String,50,,Recommended,"184. cultivating (error)","Yes;No",,"","Set 16","PPVT4_FormA_Set16_cultivating_err"
set16_wedge,Integer,0,,Recommended,"185. wedge","1;2;3;4",,"","Set 16","PPVT4_FormA_Set16_wedge"
set16_wedge_err,String,50,,Recommended,"185. wedge (error)","Yes;No",,"","Set 16","PPVT4_FormA_Set16_wedge_err"
set16_ascending,Integer,0,,Recommended,"186. ascending","1;2;3;4",,"","Set 16","PPVT4_FormA_Set16_ascending"
set16_ascending_err,String,50,,Recommended,"186. ascending (error)","Yes;No",,"","Set 16","PPVT4_FormA_Set16_ascending_err"
set16_depleted,Integer,0,,Recommended,"187. depleted","1;2;3;4",,"","Set 16","PPVT4_FormA_Set16_depleted"
set16_depleted_err,String,50,,Recommended,"187. depleted (error)","Yes;No",,"","Set 16","PPVT4_FormA_Set16_depleted_err"
set16_sternum,Integer,0,,Recommended,"188. sternum","1;2;3;4",,"","Set 16","PPVT4_FormA_Set16_sternum"
set16_sternum_err,String,50,,Recommended,"188. sternum (error)","Yes;No",,"","Set 16","PPVT4_FormA_Set16_sternum_err"
set16_maritime,Integer,0,,Recommended,"189. maritime","1;2;3;4",,"","Set 16","PPVT4_FormA_Set16_maritime"
set16_maritime_err,String,50,,Recommended,"189. maritime (error)","Yes;No",,"","Set 16","PPVT4_FormA_Set16_maritime_err"
set16_incarcerating,Integer,0,,Recommended,"190. incarcerating","1;2;3;4",,"","Set 16","PPVT4_FormA_Set16_incarcerating"
set16_incarcerating_err,String,50,,Recommended,"190. incarcerating (error)","Yes;No",,"","Set 16","PPVT4_FormA_Set16_incarcerating_err"
set16_dejected,Integer,0,,Recommended,"191. dejected","1;2;3;4",,"","Set 16","PPVT4_FormA_Set16_dejected"
set16_dejected_err,String,50,,Recommended,"191. dejected (error)","Yes;No",,"","Set 16","PPVT4_FormA_Set16_dejected_err"
set16_quintet,Integer,0,,Recommended,"192. quintet","1;2;3;4",,"","Set 16","PPVT4_FormA_Set16_quintet"
set16_quintet_err,String,50,,Recommended,"192. quintet (error)","Yes;No",,"","Set 16","PPVT4_FormA_Set16_quintet_err"
set16_numerrorset16,Integer,0,,Recommended,"Number of errors","0+",,"","Set 16","PPVT4_FormA_Set16_NumErrorSet16"
set17_incandescent,Integer,0,,Recommended,"193. incandescent [in kuhn DES uhnt]","1;2;3;4",,"","Set 17","PPVT4_FormA_Set17_incandescent"
set17_incandescent_err,String,50,,Recommended,"193. incandescent [in kuhn DES uhnt] (error)","Yes;No",,"","Set 17","PPVT4_FormA_Set17_incandescent_err"
set17_confiding,Integer,0,,Recommended,"194. confiding [kuhn FIYD ing]","1;2;3;4",,"","Set 17","PPVT4_FormA_Set17_confiding"
set17_confiding_err,String,50,,Recommended,"194. confiding [kuhn FIYD ing] (error)","Yes;No",,"","Set 17","PPVT4_FormA_Set17_confiding_err"
set17_mercantile,Integer,0,,Recommended,"195. mercantile [MUR kuhn teel]","1;2;3;4",,"","Set 17","PPVT4_FormA_Set17_mercantile"
set17_mercantile_err,String,50,,Recommended,"195. mercantile [MUR kuhn teel]  (error)","Yes;No",,"","Set 17","PPVT4_FormA_Set17_mercantile_err"
set17_upholstery,Integer,0,,Recommended,"196. upholstery [uhp HOHL stuh ree]","1;2;3;4",,"","Set 17","PPVT4_FormA_Set17_upholstery"
set17_upholstery_err,String,50,,Recommended,"196. upholstery [uhp HOHL stuh ree] (error)","Yes;No",,"","Set 17","PPVT4_FormA_Set17_upholstery_err"
set17_filtration,Integer,0,,Recommended,"197. filtration [fil TRY shuhn]","1;2;3;4",,"","Set 17","PPVT4_FormA_Set17_filtration"
set17_filtration_err,String,50,,Recommended,"197. filtration [fil TRY shuhn] (error)","Yes;No",,"","Set 17","PPVT4_FormA_Set17_filtration_err"
set17_replenishing,Integer,0,,Recommended,"198. replenishing [ri PLE nish ing]","1;2;3;4",,"","Set 17","PPVT4_FormA_Set17_replenishing"
set17_replenishing_err,String,50,,Recommended,"198. replenishing [ri PLE nish ing]  (error)","Yes;No",,"","Set 17","PPVT4_FormA_Set17_replenishing_err"
set17_trajectory,Integer,0,,Recommended,"199. trajectory [truh JEK tuh ree]","1;2;3;4",,"","Set 17","PPVT4_FormA_Set17_trajectory"
set17_trajectory_err,String,50,,Recommended,"199. trajectory [truh JEK tuh ree] (error)","Yes;No",,"","Set 17","PPVT4_FormA_Set17_trajectory_err"
set17_perusing,Integer,0,,Recommended,"200. perusing [puh ROOZ ing]","1;2;3;4",,"","Set 17","PPVT4_FormA_Set17_perusing"
set17_perusing_err,String,50,,Recommended,"200. perusing [puh ROOZ ing] (error)","Yes;No",,"","Set 17","PPVT4_FormA_Set17_perusing_err"
set17_barb,Integer,0,,Recommended,"201. barb [BARB]","1;2;3;4",,"","Set 17","PPVT4_FormA_Set17_barb"
set17_barb_err,String,50,,Recommended,"201. barb [BARB] (error)","Yes;No",,"","Set 17","PPVT4_FormA_Set17_barb_err"
set17_converging,Integer,0,,Recommended,"202. converging [kuhn VUHR ing]","1;2;3;4",,"","Set 17","PPVT4_FormA_Set17_converging"
set17_converging_err,String,50,,Recommended,"202. converging [kuhn VUHR ing] (error)","Yes;No",,"","Set 17","PPVT4_FormA_Set17_converging_err"
set17_honing,Integer,0,,Recommended,"203. honing [HOHN ing]","1;2;3;4",,"","Set 17","PPVT4_FormA_Set17_honing"
set17_honing_err,String,50,,Recommended,"203. honing [HOHN ing] (error)","Yes;No",,"","Set 17","PPVT4_FormA_Set17_honing_err"
set17_angler,Integer,0,,Recommended,"204. angler [AN gluhr]","1;2;3;4",,"","Set 17","PPVT4_FormA_Set17_angler"
set17_angler_err,String,50,,Recommended,"204. angler [AN gluhr] (error)","Yes;No",,"","Set 17","PPVT4_FormA_Set17_angler_err"
set17_numerrorset17,Integer,0,,Recommended,"Number of errors","0+",,"","Set 17","PPVT4_FormA_Set17_NumErrorSet17"
set18_wildebeest,Integer,0,,Recommended,"205. wildebeest [Wil duh beest]","1;2;3;4",,"","Set 18","PPVT4_FormA_Set18_wildebeest"
set18_wildebeest_err,String,50,,Recommended,"205. wildebeest [Wil duh beest] (error)","Yes;No",,"","Set 18","PPVT4_FormA_Set18_wildebeest_err"
set18_coniferous,Integer,0,,Recommended,"206. coniferous [koh NIF uh ruhs]","1;2;3;4",,"","Set 18","PPVT4_FormA_Set18_coniferous"
set18_coniferous_err,String,50,,Recommended,"206. coniferous [koh NIF uh ruhs] (error)","Yes;No",,"","Set 18","PPVT4_FormA_Set18_coniferous_err"
set18_timpani,Integer,0,,Recommended,"207. timpani [TIM puh nee]","1;2;3;4",,"","Set 18","PPVT4_FormA_Set18_timpani"
set18_timpani_err,String,50,,Recommended,"207. timpani [TIM puh nee] (error)","Yes;No",,"","Set 18","PPVT4_FormA_Set18_timpani_err"
set18_pilfering,Integer,0,,Recommended,"208. pilfering [PIL fuhr ing]","1;2;3;4",,"","Set 18","PPVT4_FormA_Set18_pilfering"
set18_pilfering_err,String,50,,Recommended,"208. pilfering [PIL fuhr ing] (error)","Yes;No",,"","Set 18","PPVT4_FormA_Set18_pilfering_err"
set18_pestle,Integer,0,,Recommended,"209. pestle  [PE suhl]","1;2;3;4",,"","Set 18","PPVT4_FormA_Set18_pestle"
set18_pestle_err,String,50,,Recommended,"209. pestle  [PE suhl] (error)","Yes;No",,"","Set 18","PPVT4_FormA_Set18_pestle_err"
set18_reposing,Integer,0,,Recommended,"210. reposing [ri POHZ ing]","1;2;3;4",,"","Set 18","PPVT4_FormA_Set18_reposing"
set18_reposing_err,String,50,,Recommended,"210. reposing [ri POHZ ing] (error)","Yes;No",,"","Set 18","PPVT4_FormA_Set18_reposing_err"
set18_cupola,Integer,0,,Recommended,"211. cupola [KYOO puh luh]","1;2;3;4",,"","Set 18","PPVT4_FormA_Set18_cupola"
set18_cupola_err,String,50,,Recommended,"211. cupola [KYOO puh luh] (error)","Yes;No",,"","Set 18","PPVT4_FormA_Set18_cupola_err"
set18_derrick,Integer,0,,Recommended,"212. derrick [DER ik]","1;2;3;4",,"","Set 18","PPVT4_FormA_Set18_derrick"
set18_derrick_err,String,50,,Recommended,"212. derrick [DER ik] (error)","Yes;No",,"","Set 18","PPVT4_FormA_Set18_derrick_err"
set18_convex,Integer,0,,Recommended,"213. convex [kon VEKS]","1;2;3;4",,"","Set 18","PPVT4_FormA_Set18_convex"
set18_convex_err,String,50,,Recommended,"213. convex [kon VEKS] (error)","Yes;No",,"","Set 18","PPVT4_FormA_Set18_convex_err"
set18_embossed,Integer,0,,Recommended,"214. embossed [im BAWST]","1;2;3;4",,"","Set 18","PPVT4_FormA_Set18_embossed"
set18_embossed_err,String,50,,Recommended,"214. embossed [im BAWST] (error)","Yes;No",,"","Set 18","PPVT4_FormA_Set18_embossed_err"
set18_torrent,Integer,0,,Recommended,"215. torrent [TOHR uhnt]","1;2;3;4",,"","Set 18","PPVT4_FormA_Set18_torrent"
set18_torrent_err,String,50,,Recommended,"215. torrent [TOHR uhnt] (error)","Yes;No",,"","Set 18","PPVT4_FormA_Set18_torrent_err"
set18_dromedary,Integer,0,,Recommended,"216. dromedary [DROM uh dayr ee]","1;2;3;4",,"","Set 18","PPVT4_FormA_Set18_dromedary"
set18_dromedary_err,String,50,,Recommended,"216. dromedary [DROM uh dayr ee] (error)","Yes;No",,"","Set 18","PPVT4_FormA_Set18_dromedary_err"
set18_numerrorset18,Integer,0,,Recommended,"Number of errors","0+",,"","Set 18","PPVT4_FormA_Set18_NumErrorSet18"
set19_legume,Integer,0,,Recommended,"217. legume [LE gyoome]","1;2;3;4",,"","Set 19","PPVT4_FormA_Set19_legume"
set19_legume_err,String,50,,Recommended,"217. legume [LE gyoome] (error)","Yes;No",,"","Set 19","PPVT4_FormA_Set19_legume_err"
set19_cairn,Integer,0,,Recommended,"218. cairn [KAYRN]","1;2;3;4",,"","Set 19","PPVT4_FormA_Set19_cairn"
set19_cairn_err,String,50,,Recommended,"218. cairn [KAYRN] (error)","Yes;No",,"","Set 19","PPVT4_FormA_Set19_cairn_err"
set19_arable,Integer,0,,Recommended,"219. arable [AYR uh buhl]","1;2;3;4",,"","Set 19","PPVT4_FormA_Set19_arable"
set19_arable_err,String,50,,Recommended,"219. arable [AYR uh buhl] (error)","Yes;No",,"","Set 19","PPVT4_FormA_Set19_arable_err"
set19_supine,Integer,0,,Recommended,"220. supine [suu PIYN]","1;2;3;4",,"","Set 19","PPVT4_FormA_Set19_supine"
set19_supine_err,String,50,,Recommended,"220. supine [suu PIYN] (error)","Yes;No",,"","Set 19","PPVT4_FormA_Set19_supine_err"
set19_vitreous,Integer,0,,Recommended,"221. vitreous [VI tree uhs]","1;2;3;4",,"","Set 19","PPVT4_FormA_Set19_vitreous"
set19_vitreous_err,String,50,,Recommended,"221. vitreous [VI tree uhs] (error)","Yes;No",,"","Set 19","PPVT4_FormA_Set19_vitreous_err"
set19_lugubrious,Integer,0,,Recommended,"222. lugubrious [luu GOO bree uhs]","1;2;3;4",,"","Set 19","PPVT4_FormA_Set19_lugubrious"
set19_lugubrious_err,String,50,,Recommended,"222. lugubrious [luu GOO bree uhs] (error)","Yes;No",,"","Set 19","PPVT4_FormA_Set19_lugubrious_err"
set19_caster,Integer,0,,Recommended,"223. caster [KAS tuhr]","1;2;3;4",,"","Set 19","PPVT4_FormA_Set19_caster"
set19_caster_err,String,50,,Recommended,"223. caster [KAS tuhr] (error)","Yes;No",,"","Set 19","PPVT4_FormA_Set19_caster_err"
set19_terpsichorean,Integer,0,,Recommended,"224. terpsichorean [tuhrp sik uh REE uhn]","1;2;3;4",,"","Set 19","PPVT4_FormA_Set19_terpsichorean"
set19_terpsichorean_err,String,50,,Recommended,"224. terpsichorean [tuhrp sik uh REE uhn] (error)","Yes;No",,"","Set 19","PPVT4_FormA_Set19_terpsichorean_err"
set19_cenotaph,Integer,0,,Recommended,"225. cenotaph [SEN uh taf]","1;2;3;4",,"","Set 19","PPVT4_FormA_Set19_cenotaph"
set19_cenotaph_err,String,50,,Recommended,"225. cenotaph [SEN uh taf] (error)","Yes;No",,"","Set 19","PPVT4_FormA_Set19_cenotaph_err"
set19_calyx,Integer,0,,Recommended,"226. calyx [KAY likks]","1;2;3;4",,"","Set 19","PPVT4_FormA_Set19_calyx"
set19_calyx_err,String,50,,Recommended,"226. calyx [KAY likks] (error)","Yes;No",,"","Set 19","PPVT4_FormA_Set19_calyx_err"
set19_osculating,Integer,0,,Recommended,"227. osculating [OS kyuh layt ing]","1;2;3;4",,"","Set 19","PPVT4_FormA_Set19_osculating"
set19_osculating_err,String,50,,Recommended,"227. osculating [OS kyuh layt ing] (error)","Yes;No",,"","Set 19","PPVT4_FormA_Set19_osculating_err"
set19_tonsorial,Integer,0,,Recommended,"228. tonsorial [ton SOHR ee uhl]","1;2;3;4",,"","Set 19","PPVT4_FormA_Set19_tonsorial"
set19_tonsorial_err,String,50,,Recommended,"228. tonsorial [ton SOHR ee uhl] (error)","Yes;No",,"","Set 19","PPVT4_FormA_Set19_tonsorial_err"
set19_numerrorset19,Integer,0,,Recommended,"Number of errors","0+",,"","Set 19","PPVT4_FormA_Set19_NumErrorSet19"
clas_lowestitem,Integer,0,,Recommended,"Lowest PPVT 4 Item Administered","1 to 228",,"","Classification","PPVT4_FormA_Clas_LowestItem"
clas_highestitem,Integer,0,,Recommended,"Highest PPVT 4 Item Administered","1 to 228",,"","Classification","PPVT4_FormA_Clas_HighestItem"
clas_numtaken1_38noun,Integer,0,,Recommended,"Number Taken - Noun (Items 1 to 38)","0 to 38",,"","Classification","PPVT4_FormA_Clas_NumTaken1_38Noun"
clas_numtaken1_38verb,Integer,0,,Recommended,"Number Taken - Verb (Items 1 to 38)","0 to 38",,"","Classification","PPVT4_FormA_Clas_NumTaken1_38Verb"
clas_numtaken1_38attr,Integer,0,,Recommended,"Number Taken - Attribute (Items 1 to 38)","0 to 38",,"","Classification","PPVT4_FormA_Clas_NumTaken1_38Attr"
clas_numerror1_38noun,Integer,0,,Recommended,"Number Incorrect - Noun (Items 1 to 38)","0 to 38",,"","Classification","PPVT4_FormA_Clas_NumError1_38Noun"
clas_numerror1_38verb,Integer,0,,Recommended,"Number Incorrect - Verb (Items 1 to 38)","0 to 38",,"","Classification","PPVT4_FormA_Clas_NumError1_38Verb"
clas_numerror1_38attr,Integer,0,,Recommended,"Number Incorrect - Attribute (Items 1 to 38)","0 to 38",,"","Classification","PPVT4_FormA_Clas_NumError1_38Attr"
clas_numtaken39_76noun,Integer,0,,Recommended,"Number Taken - Noun (Items 1 to 38)","0 to 38",,"","Classification","PPVT4_FormA_Clas_NumTaken39_76Noun"
clas_numtaken39_76verb,Integer,0,,Recommended,"Number Taken - Verb (Items 1 to 38)","0 to 38",,"","Classification","PPVT4_FormA_Clas_NumTaken39_76Verb"
clas_numtaken39_76attr,Integer,0,,Recommended,"Number Taken - Attribute (Items 1 to 38)","0 to 38",,"","Classification","PPVT4_FormA_Clas_NumTaken39_76Attr"
clas_numerror39_76noun,Integer,0,,Recommended,"Number Incorrect - Noun (Items 1 to 38)","0 to 38",,"","Classification","PPVT4_FormA_Clas_NumError39_76Noun"
clas_numerror39_76verb,Integer,0,,Recommended,"Number Incorrect - Verb (Items 1 to 38)","0 to 38",,"","Classification","PPVT4_FormA_Clas_NumError39_76Verb"
clas_numerror39_76attr,Integer,0,,Recommended,"Number Incorrect - Attribute (Items 1 to 38)","0 to 38",,"","Classification","PPVT4_FormA_Clas_NumError39_76Attr"
clas_numtaken77_114noun,Integer,0,,Recommended,"Number Taken - Noun (Items 77 to 114)","0 to 38",,"","Classification","PPVT4_FormA_Clas_NumTaken77_114Noun"
clas_numtaken77_114verb,Integer,0,,Recommended,"Number Taken - Verb (Items 77 to 114)","0 to 38",,"","Classification","PPVT4_FormA_Clas_NumTaken77_114Verb"
clas_numtaken77_114attr,Integer,0,,Recommended,"Number Taken - Attribute (Items 77 to 114)","0 to 38",,"","Classification","PPVT4_FormA_Clas_NumTaken77_114Attr"
clas_numerror77_114noun,Integer,0,,Recommended,"Number Incorrect - Noun (Items 77 to 114)","0 to 38",,"","Classification","PPVT4_FormA_Clas_NumError77_114Noun"
clas_numerror77_114verb,Integer,0,,Recommended,"Number Incorrect - Verb (Items 77 to 114)","0 to 38",,"","Classification","PPVT4_FormA_Clas_NumError77_114Verb"
clas_numerror77_114attr,Integer,0,,Recommended,"Number Incorrect - Attribute (Items 77 to 114)","0 to 38",,"","Classification","PPVT4_FormA_Clas_NumError77_114Attr"
clas_numtaken115_152noun,Integer,0,,Recommended,"Number Taken - Noun (Items 115 to 152)","0 to 38",,"","Classification","PPVT4_FormA_Clas_NumTaken115_152Noun"
clas_numtaken115_152verb,Integer,0,,Recommended,"Number Taken - Verb (Items 115 to 152)","0 to 38",,"","Classification","PPVT4_FormA_Clas_NumTaken115_152Verb"
clas_numtaken115_152attr,Integer,0,,Recommended,"Number Taken - Attribute (Items 115 to 152)","0 to 38",,"","Classification","PPVT4_FormA_Clas_NumTaken115_152Attr"
clas_numerror115_152noun,Integer,0,,Recommended,"Number Incorrect - Noun (Items 115 to 152)","0 to 38",,"","Classification","PPVT4_FormA_Clas_NumError115_152Noun"
clas_numerror115_152verb,Integer,0,,Recommended,"Number Incorrect - Verb (Items 115 to 152)","0 to 38",,"","Classification","PPVT4_FormA_Clas_NumError115_152Verb"
clas_numerror115_152attr,Integer,0,,Recommended,"Number Incorrect - Attribute (Items 115 to 152)","0 to 38",,"","Classification","PPVT4_FormA_Clas_NumError115_152Attr"
clas_numtaken153_190noun,Integer,0,,Recommended,"Number Taken - Noun (Items 153 to 190)","0 to 38",,"","Classification","PPVT4_FormA_Clas_NumTaken153_190Noun"
clas_numtaken153_190verb,Integer,0,,Recommended,"Number Taken - Verb (Items 153 to 190)","0 to 38",,"","Classification","PPVT4_FormA_Clas_NumTaken153_190Verb"
clas_numtaken153_190attr,Integer,0,,Recommended,"Number Taken - Attribute (Items 153 to 190)","0 to 38",,"","Classification","PPVT4_FormA_Clas_NumTaken153_190Attr"
clas_numerror153_190noun,Integer,0,,Recommended,"Number Incorrect - Noun (Items 153 to 190)","0 to 38",,"","Classification","PPVT4_FormA_Clas_NumError153_190Noun"
clas_numerror153_190verb,Integer,0,,Recommended,"Number Incorrect - Verb (Items 153 to 190)","0 to 38",,"","Classification","PPVT4_FormA_Clas_NumError153_190Verb"
clas_numerror153_190attr,Integer,0,,Recommended,"Number Incorrect - Attribute (Items 153 to 190)","0 to 38",,"","Classification","PPVT4_FormA_Clas_NumError153_190Attr"
clas_numtaken191_228noun,Integer,0,,Recommended,"Number Taken - Noun (Items 191 to 228)","0 to 38",,"","Classification","PPVT4_FormA_Clas_NumTaken191_228Noun"
clas_numtaken191_228verb,Integer,0,,Recommended,"Number Taken - Verb (Items 191 to 228)","0 to 38",,"","Classification","PPVT4_FormA_Clas_NumTaken191_228Verb"
clas_numtaken191_228attr,Integer,0,,Recommended,"Number Taken - Attribute (Items 191 to 228)","0 to 38",,"","Classification","PPVT4_FormA_Clas_NumTaken191_228Attr"
clas_numerror191_228noun,Integer,0,,Recommended,"Number Incorrect - Noun (Items 191 to 228)","0 to 38",,"","Classification","PPVT4_FormA_Clas_NumError191_228Noun"
clas_numerror191_228verb,Integer,0,,Recommended,"Number Incorrect - Verb (Items 191 to 228)","0 to 38",,"","Classification","PPVT4_FormA_Clas_NumError191_228Verb"
clas_numerror191_228attr,Integer,0,,Recommended,"Number Incorrect - Attribute (Items 191 to 228)","0 to 38",,"","Classification","PPVT4_FormA_Clas_NumError191_228Attr"
clas_numtakentotalnoun,Integer,0,,Recommended,"Number Taken - Noun (Total)","0 to 38",,"","Classification","PPVT4_FormA_Clas_NumTakenTotalNoun"
clas_numtakentotalverb,Integer,0,,Recommended,"Number Taken - Verb (Total)","0 to 38",,"","Classification","PPVT4_FormA_Clas_NumTakenTotalVerb"
clas_numtakentotalattr,Integer,0,,Recommended,"Number Taken - Attribute (Total)","0 to 38",,"","Classification","PPVT4_FormA_Clas_NumTakenTotalAttr"
clas_numerrortotalnoun,Integer,0,,Recommended,"Number Incorrect - Noun (Total)","0 to 38",,"","Classification","PPVT4_FormA_Clas_NumErrorTotalNoun"
clas_numerrortotalverb,Integer,0,,Recommended,"Number Incorrect - Verb (Total)","0 to 38",,"","Classification","PPVT4_FormA_Clas_NumErrorTotalVerb"
clas_numerrortotalattr,Integer,0,,Recommended,"Number Incorrect - Attribute (Total)","0 to 38",,"","Classification","PPVT4_FormA_Clas_NumErrorTotalAttr"
comp_admdate_1,Date,0,,Recommended,"Administration Date (1)","MM/yyyy;MM/dd/yyyy",,"","Comparison","PPVT4_FormA_Comp_AdmDate_1"
comp_ppvt3a_1,String,50,,Recommended,"Edition and form PPVT - III Form A (1)","",,"","Comparison","PPVT4_FormA_Comp_PPVT3A_1"
comp_ppvt3b_1,String,50,,Recommended,"Edition and form PPVT - III Form B (1)","",,"","Comparison","PPVT4_FormA_Comp_PPVT3B_1"
comp_ppvt4a_1,String,50,,Recommended,"Edition and form PPVT - 4 Form A (1)","",,"","Comparison","PPVT4_FormA_Comp_PPVT4A_1"
comp_ppvt4b_1,String,50,,Recommended,"Edition and form PPVT - 4 Form B (1)","",,"","Comparison","PPVT4_FormA_Comp_PPVT4B_1"
comp_normsage_1,String,50,,Recommended,"Norms Administration  Age (1)","",,"","Comparison","PPVT4_FormA_Comp_NormsAge_1"
comp_normsgradefall_1,String,50,,Recommended,"Norms Administration  Grade Fall (1)","",,"","Comparison","PPVT4_FormA_Comp_NormsGradeFall_1"
comp_normsgradespring_1,String,50,,Recommended,"Norms Administration  Grade Spring (1)","",,"","Comparison","PPVT4_FormA_Comp_NormsGradeSpring_1"
comp_score_1,Float,0,,Recommended,"Score (1)","",,"","Comparison","PPVT4_FormA_Comp_Score_1"
comp_rawscore_1,Float,0,,Recommended,"Raw Score  (1)","",,"","Comparison","PPVT4_FormA_Comp_RawScore_1"
comp_gsv_1,Float,0,,Recommended,"GSV  (1)","",,"","Comparison","PPVT4_FormA_Comp_GSV_1"
comp_admdate_2,Date,0,,Recommended,"Administration Date (2)","MM/yyyy;MM/dd/yyyy",,"","Comparison","PPVT4_FormA_Comp_AdmDate_2"
comp_ppvt3a_2,String,50,,Recommended,"Edition and form PPVT - III Form A (2)","",,"","Comparison","PPVT4_FormA_Comp_PPVT3A_2"
comp_ppvt3b_2,String,50,,Recommended,"Edition and form PPVT - III Form B (2)","",,"","Comparison","PPVT4_FormA_Comp_PPVT3B_2"
comp_ppvt4a_2,String,50,,Recommended,"Edition and form PPVT - 4 Form A (2)","",,"","Comparison","PPVT4_FormA_Comp_PPVT4A_2"
comp_ppvt4b_2,String,50,,Recommended,"Edition and form PPVT - 4 Form B (2)","",,"","Comparison","PPVT4_FormA_Comp_PPVT4B_2"
comp_normsage_2,String,50,,Recommended,"Norms Administration  Age (2)","",,"","Comparison","PPVT4_FormA_Comp_NormsAge_2"
comp_normsgradefall_2,String,50,,Recommended,"Norms Administration  Grade Fall (2)","",,"","Comparison","PPVT4_FormA_Comp_NormsGradeFall_2"
comp_normsgradespring_2,String,50,,Recommended,"Norms Administration  Grade Spring (2)","",,"","Comparison","PPVT4_FormA_Comp_NormsGradeSpring_2"
comp_score_2,Float,0,,Recommended,"Score (2)","",,"","Comparison","PPVT4_FormA_Comp_Score_2"
comp_rawscore_2,Float,0,,Recommended,"Raw Score  (2)","",,"","Comparison","PPVT4_FormA_Comp_RawScore_2"
comp_gsv_2,Float,0,,Recommended,"GSV  (2)","",,"","Comparison","PPVT4_FormA_Comp_GSV_2"
comp_admdate_3,Date,0,,Recommended,"Administration Date (3)","MM/yyyy;MM/dd/yyyy",,"","Comparison","PPVT4_FormA_Comp_AdmDate_3"
comp_ppvt3a_3,String,50,,Recommended,"Edition and form PPVT - III Form A (3)","",,"","Comparison","PPVT4_FormA_Comp_PPVT3A_3"
comp_ppvt3b_3,String,50,,Recommended,"Edition and form PPVT - III Form B (3)","",,"","Comparison","PPVT4_FormA_Comp_PPVT3B_3"
comp_ppvt4a_3,String,50,,Recommended,"Edition and form PPVT - 4 Form A (3)","",,"","Comparison","PPVT4_FormA_Comp_PPVT4A_3"
comp_ppvt4b_3,String,50,,Recommended,"Edition and form PPVT - 4 Form B (3)","",,"","Comparison","PPVT4_FormA_Comp_PPVT4B_3"
comp_normsage_3,String,50,,Recommended,"Norms Administration  Age (3)","",,"","Comparison","PPVT4_FormA_Comp_NormsAge_3"
comp_normsgradefall_3,String,50,,Recommended,"Norms Administration  Grade Fall (3)","",,"","Comparison","PPVT4_FormA_Comp_NormsGradeFall_3"
comp_normsgradespring_3,String,50,,Recommended,"Norms Administration  Grade Spring (3)","",,"","Comparison","PPVT4_FormA_Comp_NormsGradeSpring_3"
comp_score_3,Float,0,,Recommended,"Score (3)","",,"","Comparison","PPVT4_FormA_Comp_Score_3"
comp_rawscore_3,Float,0,,Recommended,"Raw Score  (3)","",,"","Comparison","PPVT4_FormA_Comp_RawScore_3"
comp_gsv_3,Float,0,,Recommended,"GSV  (3)","",,"","Comparison","PPVT4_FormA_Comp_GSV_3"
comp_admdate_4,Date,0,,Recommended,"Administration Date (4)","MM/yyyy;MM/dd/yyyy",,"","Comparison","PPVT4_FormA_Comp_AdmDate_4"
comp_ppvt3a_4,String,50,,Recommended,"Edition and form PPVT - III Form A (4)","",,"","Comparison","PPVT4_FormA_Comp_PPVT3A_4"
comp_ppvt3b_4,String,50,,Recommended,"Edition and form PPVT - III Form B (4)","",,"","Comparison","PPVT4_FormA_Comp_PPVT3B_4"
comp_ppvt4a_4,String,50,,Recommended,"Edition and form PPVT - 4 Form A (4)","",,"","Comparison","PPVT4_FormA_Comp_PPVT4A_4"
comp_ppvt4b_4,String,50,,Recommended,"Edition and form PPVT - 4 Form B (4)","",,"","Comparison","PPVT4_FormA_Comp_PPVT4B_4"
comp_normsage_4,String,50,,Recommended,"Norms Administration  Age (4)","",,"","Comparison","PPVT4_FormA_Comp_NormsAge_4"
comp_normsgradefall_4,String,50,,Recommended,"Norms Administration  Grade Fall (4)","",,"","Comparison","PPVT4_FormA_Comp_NormsGradeFall_4"
comp_normsgradespring_4,String,50,,Recommended,"Norms Administration  Grade Spring (4)","",,"","Comparison","PPVT4_FormA_Comp_NormsGradeSpring_4"
comp_score_4,Float,0,,Recommended,"Score (4)","",,"","Comparison","PPVT4_FormA_Comp_Score_4"
comp_rawscore_4,Float,0,,Recommended,"Raw Score  (4)","",,"","Comparison","PPVT4_FormA_Comp_RawScore_4"
comp_gsv_4,Float,0,,Recommended,"GSV  (4)","",,"","Comparison","PPVT4_FormA_Comp_GSV_4"
comp_admdate_5,Date,0,,Recommended,"Administration Date (5)","MM/yyyy;MM/dd/yyyy",,"","Comparison","PPVT4_FormA_Comp_AdmDate_5"
comp_ppvt3a_5,String,50,,Recommended,"Edition and form PPVT - III Form A (5)","",,"","Comparison","PPVT4_FormA_Comp_PPVT3A_5"
comp_ppvt3b_5,String,50,,Recommended,"Edition and form PPVT - III Form B (5)","",,"","Comparison","PPVT4_FormA_Comp_PPVT3B_5"
comp_ppvt4a_5,String,50,,Recommended,"Edition and form PPVT - 4 Form A (5)","",,"","Comparison","PPVT4_FormA_Comp_PPVT4A_5"
comp_ppvt4b_5,String,50,,Recommended,"Edition and form PPVT - 4 Form B (5)","",,"","Comparison","PPVT4_FormA_Comp_PPVT4B_5"
comp_normsage_5,String,50,,Recommended,"Norms Administration  Age (5)","",,"","Comparison","PPVT4_FormA_Comp_NormsAge_5"
comp_normsgradefall_5,String,50,,Recommended,"Norms Administration  Grade Fall (5)","",,"","Comparison","PPVT4_FormA_Comp_NormsGradeFall_5"
comp_normsgradespring_5,String,50,,Recommended,"Norms Administration  Grade Spring (5)","",,"","Comparison","PPVT4_FormA_Comp_NormsGradeSpring_5"
comp_score_5,Float,0,,Recommended,"Score (5)","",,"","Comparison","PPVT4_FormA_Comp_Score_5"
comp_rawscore_5,Float,0,,Recommended,"Raw Score  (5)","",,"","Comparison","PPVT4_FormA_Comp_RawScore_5"
comp_gsv_5,Float,0,,Recommended,"GSV  (5)","",,"","Comparison","PPVT4_FormA_Comp_GSV_5"
comp_admdate_6,Date,0,,Recommended,"Administration Date (6)","MM/yyyy;MM/dd/yyyy",,"","Comparison","PPVT4_FormA_Comp_AdmDate_6"
comp_ppvt3a_6,String,50,,Recommended,"Edition and form PPVT - III Form A (6)","",,"","Comparison","PPVT4_FormA_Comp_PPVT3A_6"
comp_ppvt3b_6,String,50,,Recommended,"Edition and form PPVT - III Form B (6)","",,"","Comparison","PPVT4_FormA_Comp_PPVT3B_6"
comp_ppvt4a_6,String,50,,Recommended,"Edition and form PPVT - 4 Form A (6)","",,"","Comparison","PPVT4_FormA_Comp_PPVT4A_6"
comp_ppvt4b_6,String,50,,Recommended,"Edition and form PPVT - 4 Form B (6)","",,"","Comparison","PPVT4_FormA_Comp_PPVT4B_6"
comp_normsage_6,String,50,,Recommended,"Norms Administration  Age (6)","",,"","Comparison","PPVT4_FormA_Comp_NormsAge_6"
comp_normsgradefall_6,String,50,,Recommended,"Norms Administration  Grade Fall (6)","",,"","Comparison","PPVT4_FormA_Comp_NormsGradeFall_6"
comp_normsgradespring_6,String,50,,Recommended,"Norms Administration  Grade Spring (6)","",,"","Comparison","PPVT4_FormA_Comp_NormsGradeSpring_6"
comp_score_6,Float,0,,Recommended,"Score (6)","",,"","Comparison","PPVT4_FormA_Comp_Score_6"
comp_rawscore_6,Float,0,,Recommended,"Raw Score  (6)","",,"","Comparison","PPVT4_FormA_Comp_RawScore_6"
comp_gsv_6,Float,0,,Recommended,"GSV  (6)","",,"","Comparison","PPVT4_FormA_Comp_GSV_6"
