ElementName,DataType,Size,Unit,Required,ElementDescription,ValueRange,Keywords,Notes,Section,Aliases
subjectkey,GUID,0,,Required,"The NDAR Global Unique Identifier (GUID) for subjects which identifies a subject in NDAR","NDAR*",,"","Header",""
src_subject_id,String,20,,Required,"The site's subject identification","",,"","Header","PPVT3_FormA_SRC_Subject_ID"
interview_date,Date,0,,Required,"Date on which the interview/genetic test/sampling/imaging was completed","MM/yyyy;MM/dd/yyyy",,"* '01/01/1900' indicates that a date associated with retrospective data is not known.","Header","PPVT3_FormA_INTERVIEW_Date"
interview_age,Integer,0,,Required,"Age in months at the time of the interview/test/sampling/imaging.","0 to 1200",,"Age is rounded to chronological month If the research participant is 13 days old at time of interview  the appropriate value would be 0 months if the participant is 19 days old the value would be 1 month","Header","PPVT3_FormA_INTERVIEW_AGE"
comments_misc,String,255,,Optional,"Miscellaneous comments on study, interview, methodology relevant to this form data","",,"","Header","PPVT_COMMENT,PPVT3_FormA_COMMENTS_MISC"
test_reason,String,255,,Recommended,"Reason for Testing","",,"","Header","PPVT3_FormA_test_reason"
other_info,String,255,,Optional,"Other Information on Test Taker","",,"","Header","PPVT3_FormA_other_info"
chronological_age,Integer,0,,Recommended,"Interview Age (in months)","0 to 1200",,"","Header","PPVT3_FormA_Chronological_AGE"
gender,String,50,,Recommended,"Gender","M;F",,"","Header","PPVT3_FormA_gender"
language,String,50,,Recommended,"Language Spoken at Home","",,"","Header","PPVT3_FormA_language"
language_specify,String,255,,Recommended,"Language in the home - Specify if other than standard english","",,"","Header","PPVT3_FormA_language_specify"
score_raw,Integer,0,,Recommended,"Raw Score (from oval on page 2)","1+",,"","Scores","PPVT_RAW,PPVT3_FormA_score_raw"
score_standard,Float,0,,Recommended,"Standard Score (Norms table 1)","",,"","Scores","PPVT_STANDARD,PPVT3_FormA_score_standard"
score_precent,Float,0,,Recommended,"Percentile Rank (Norms table 2)","",,"","Scores","PPVT_PCT_RANK,PPVT3_FormA_score_precent"
score_norm,Float,0,,Recommended,"Normal Curve Equivalent (Norms table 2)","",,"","Scores","PPVT_NORM_CURVE_EQUIV,PPVT3_FormA_score_norm"
score_stanine,Float,0,,Recommended,"Stanine (Norms table 2)","",,"","Scores","PPVT_STANINE,PPVT3_FormA_score_stanine"
score_ageeq,Float,0,,Recommended,"Age Equivalent (Norms table 3)","",,"","Scores","PPVT_AGE_EQUIV,PPVT3_FormA_score_ageeq"
errors_set1,Integer,0,,Recommended,"No. or Errors in Set 1","0+",,"","Errors","PPVT3_FormA_errors_set1"
errors_set2,Integer,0,,Recommended,"No. or Errors in Set 2","0+",,"","Errors","PPVT3_FormA_errors_set2"
errors_set3,Integer,0,,Recommended,"No. or Errors in Set 3","0+",,"","Errors","PPVT3_FormA_errors_set3"
errors_set4,Integer,0,,Recommended,"No. or Errors in Set 4","0+",,"","Errors","PPVT3_FormA_errors_set4"
errors_set5,Integer,0,,Recommended,"No. or Errors in Set 5","0+",,"","Errors","PPVT3_FormA_errors_set5"
errors_set6,Integer,0,,Recommended,"No. or Errors in Set 6","0+",,"","Errors","PPVT3_FormA_errors_set6"
errors_set7,Integer,0,,Recommended,"No. or Errors in Set 7","0+",,"","Errors","PPVT3_FormA_errors_set7"
errors_set8,Integer,0,,Recommended,"No. or Errors in Set 8","0+",,"","Errors","PPVT3_FormA_errors_set8"
errors_set9,Integer,0,,Recommended,"No. or Errors in Set 9","0+",,"","Errors","PPVT3_FormA_errors_set9"
errors_set10,Integer,0,,Recommended,"No. or Errors in Set 10","0+",,"","Errors","PPVT3_FormA_errors_set10"
errors_set11,Integer,0,,Recommended,"No. or Errors in Set 11","0+",,"","Errors","PPVT3_FormA_errors_set11"
errors_set12,Integer,0,,Recommended,"No. or Errors in Set 12","0+",,"","Errors","PPVT3_FormA_errors_set12"
errors_set13,Integer,0,,Recommended,"No. or Errors in Set 13","0+",,"","Errors","PPVT3_FormA_errors_set13"
errors_set14,Integer,0,,Recommended,"No. or Errors in Set 14","0+",,"","Errors","PPVT3_FormA_errors_set14"
errors_set15,Integer,0,,Recommended,"No. or Errors in Set 15","0+",,"","Errors","PPVT3_FormA_errors_set15"
errors_set16,Integer,0,,Recommended,"No. or Errors in Set 16","0+",,"","Errors","PPVT3_FormA_errors_set16"
errors_set17,Integer,0,,Recommended,"No. or Errors in Set 17","0+",,"","Errors","PPVT3_FormA_errors_set17"
errors_total,Integer,0,,Recommended,"Total Errors","0+",,"","Errors","PPVT3_FormA_errors_total"
calcraw_ceiling,Integer,0,,Recommended,"Ceiling Item","0+",,"","Errors","PPVT3_FormA_calcraw_ceiling"
calcraw_totale,Integer,0,,Recommended,"Total Errors","0+",,"","Errors","PPVT3_FormA_calcraw_totale"
calcraw_rawscore,Integer,0,,Recommended,"Raw Score","0+",,"","Errors","PPVT3_FormA_calcraw_rawscore"
set1_num1_a,Integer,0,,Recommended,"1. bus","",,"","Set 1","PPVT3_FormA_set1_num1"
set1_e1_a,String,50,,Recommended,"1. bus (error)","Yes;No",,"","Set 1","PPVT3_FormA_set1_E1"
set1_num2_a,Integer,0,,Recommended,"2. drinking","",,"","Set 1","PPVT3_FormA_set1_num2"
set1_e2_a,String,50,,Recommended,"2. drinking (error)","Yes;No",,"","Set 1","PPVT3_FormA_set1_E2"
set1_num3_a,Integer,0,,Recommended,"3. hand","",,"","Set 1","PPVT3_FormA_set1_num3"
set1_e3_a,String,50,,Recommended,"3. hand (error)","Yes;No",,"","Set 1","PPVT3_FormA_set1_E3"
set1_num4_a,Integer,0,,Recommended,"4. climbing","",,"","Set 1","PPVT3_FormA_set1_num4"
set1_e4_a,String,50,,Recommended,"4. climbing (error)","Yes;No",,"","Set 1","PPVT3_FormA_set1_E4"
set1_num5_a,Integer,0,,Recommended,"5. key","",,"","Set 1","PPVT3_FormA_set1_num5"
set1_e5_a,String,50,,Recommended,"5. key (error)","Yes;No",,"","Set 1","PPVT3_FormA_set1_E5"
set1_num6_a,Integer,0,,Recommended,"6. reading","",,"","Set 1","PPVT3_FormA_set1_num6"
set1_e6_a,String,50,,Recommended,"6. reading (error)","Yes;No",,"","Set 1","PPVT3_FormA_set1_E6"
set1_num7_a,Integer,0,,Recommended,"7. closet","",,"","Set 1","PPVT3_FormA_set1_num7"
set1_e7_a,String,50,,Recommended,"7. closet (error)","Yes;No",,"","Set 1","PPVT3_FormA_set1_E7"
set1_num8_a,Integer,0,,Recommended,"8. jumping","",,"","Set 1","PPVT3_FormA_set1_num8"
set1_e8_a,String,50,,Recommended,"8. jumping (error)","Yes;No",,"","Set 1","PPVT3_FormA_set1_E8"
set1_num9_a,Integer,0,,Recommended,"9. lamp","",,"","Set 1","PPVT3_FormA_set1_num9"
set1_e9_a,String,50,,Recommended,"9. lamp (error)","Yes;No",,"","Set 1","PPVT3_FormA_set1_E9"
set1_num10_a,Integer,0,,Recommended,"10. helicopter","",,"","Set 1","PPVT3_FormA_set1_num10"
set1_e10_a,String,50,,Recommended,"10. helicopter (error)","Yes;No",,"","Set 1","PPVT3_FormA_set1_E10"
set1_num11_a,Integer,0,,Recommended,"11. smelling","",,"","Set 1","PPVT3_FormA_set1_num11"
set1_e11_a,String,50,,Recommended,"11. smelling (error)","Yes;No",,"","Set 1","PPVT3_FormA_set1_E11"
set1_num12_a,Integer,0,,Recommended,"12. fly","",,"","Set 1","PPVT3_FormA_set1_num12"
set1_e12_a,String,50,,Recommended,"12. fly (error)","Yes;No",,"","Set 1","PPVT3_FormA_set1_E12"
set1_nume1,Integer,0,,Recommended,"Number of Errors","0+",,"","Set 1","PPVT3_FormA_set1_nume1"
set2_num13_a,Integer,0,,Recommended,"13. digging","",,"","Set 2","PPVT3_FormA_set2_num13"
set2_e13_a,String,50,,Recommended,"13. digging (error)","Yes;No",,"","Set 2","PPVT3_FormA_set2_E13"
set2_num14_a,Integer,0,,Recommended,"14. cow","",,"","Set 2","PPVT3_FormA_set2_num14"
set2_e14_a,String,50,,Recommended,"14. cow (error)","Yes;No",,"","Set 2","PPVT3_FormA_set2_E14"
set2_num15_a,Integer,0,,Recommended,"15. drum","",,"","Set 2","PPVT3_FormA_set2_num15"
set2_e15_a,String,50,,Recommended,"15. drum (error)","Yes;No",,"","Set 2","PPVT3_FormA_set2_E15"
set2_num16_a,Integer,0,,Recommended,"16. feather","",,"","Set 2","PPVT3_FormA_set2_num16"
set2_e16_a,String,50,,Recommended,"16. feather (error)","Yes;No",,"","Set 2","PPVT3_FormA_set2_E16"
set2_num17_a,Integer,0,,Recommended,"17. painting","",,"","Set 2","PPVT3_FormA_set2_num17"
set2_e17_a,String,50,,Recommended,"17. painting (error)","Yes;No",,"","Set 2","PPVT3_FormA_set2_E17"
set2_num18_a,Integer,0,,Recommended,"18. cage","",,"","Set 2","PPVT3_FormA_set2_num18"
set2_e18_a,String,50,,Recommended,"18. cage (error)","Yes;No",,"","Set 2","PPVT3_FormA_set2_E18"
set2_num19_a,Integer,0,,Recommended,"19. knee","",,"","Set 2","PPVT3_FormA_set2_num19"
set2_e19_a,String,50,,Recommended,"19. knee (error)","Yes;No",,"","Set 2","PPVT3_FormA_set2_E19"
set2_num20_a,Integer,0,,Recommended,"20. wrapping","",,"","Set 2","PPVT3_FormA_set2_num20"
set2_e20_a,String,50,,Recommended,"20. wrapping (error)","Yes;No",,"","Set 2","PPVT3_FormA_set2_E20"
set2_num21_a,Integer,0,,Recommended,"21. fence","",,"","Set 2","PPVT3_FormA_set2_num21"
set2_e21_a,String,50,,Recommended,"21. fence (error)","Yes;No",,"","Set 2","PPVT3_FormA_set2_E21"
set2_num22_a,Integer,0,,Recommended,"22. elbow","",,"","Set 2","PPVT3_FormA_set2_num22"
set2_e22_a,String,50,,Recommended,"22. elbow (error)","Yes;No",,"","Set 2","PPVT3_FormA_set2_E22"
set2_num23_a,Integer,0,,Recommended,"23. garbage","",,"","Set 2","PPVT3_FormA_set2_num23"
set2_e23_a,String,50,,Recommended,"23. garbage (error)","Yes;No",,"","Set 2","PPVT3_FormA_set2_E23"
set2_num24_a,Integer,0,,Recommended,"24. exercising","",,"","Set 2","PPVT3_FormA_set2_num24"
set2_e24_a,String,50,,Recommended,"24. exercising (error)","Yes;No",,"","Set 2","PPVT3_FormA_set2_E24"
set2_nume2,Integer,0,,Recommended,"Number of Errors","0+",,"","Set 2","PPVT3_FormA_set2_nume2"
set3_num25_a,Integer,0,,Recommended,"25. empty","",,"","Set 3","PPVT3_FormA_set3_num25"
set3_e25_a,String,50,,Recommended,"25. empty (error)","Yes;No",,"","Set 3","PPVT3_FormA_set3_E25"
set3_num26_a,Integer,0,,Recommended,"26. shoulder","",,"","Set 3","PPVT3_FormA_set3_num26"
set3_e26_a,String,50,,Recommended,"26. shoulder (error)","Yes;No",,"","Set 3","PPVT3_FormA_set3_E26"
set3_num27_a,Integer,0,,Recommended,"27. square","",,"","Set 3","PPVT3_FormA_set3_num27"
set3_e27_a,String,50,,Recommended,"27. square (error)","Yes;No",,"","Set 3","PPVT3_FormA_set3_E27"
set3_num28_a,Integer,0,,Recommended,"28. measuring","",,"","Set 3","PPVT3_FormA_set3_num28"
set3_e28_a,String,50,,Recommended,"28. measuring (error)","Yes;No",,"","Set 3","PPVT3_FormA_set3_E28"
set3_num29_a,Integer,0,,Recommended,"29. porcupine","",,"","Set 3","PPVT3_FormA_set3_num29"
set3_e29_a,String,50,,Recommended,"29. porcupine (error)","Yes;No",,"","Set 3","PPVT3_FormA_set3_E29"
set3_num30_a,Integer,0,,Recommended,"30. arrow","",,"","Set 3","PPVT3_FormA_set3_num30"
set3_e30_a,String,50,,Recommended,"30. arrow (error)","Yes;No",,"","Set 3","PPVT3_FormA_set3_E30"
set3_num31_a,Integer,0,,Recommended,"31. peeling","",,"","Set 3","PPVT3_FormA_set3_num31"
set3_e31_a,String,50,,Recommended,"31. peeling (error)","Yes;No",,"","Set 3","PPVT3_FormA_set3_E31"
set3_num32_a,Integer,0,,Recommended,"32. fountain","",,"","Set 3","PPVT3_FormA_set3_num32"
set3_e32_a,String,50,,Recommended,"32. fountain (error)","Yes;No",,"","Set 3","PPVT3_FormA_set3_E32"
set3_num33_a,Integer,0,,Recommended,"33. accident","",,"","Set 3","PPVT3_FormA_set3_num33"
set3_e33_a,String,50,,Recommended,"33. accident (error)","Yes;No",,"","Set 3","PPVT3_FormA_set3_E33"
set3_num34_a,Integer,0,,Recommended,"34. penguin","",,"","Set 3","PPVT3_FormA_set3_num34"
set3_e34_a,String,50,,Recommended,"34. penguin (error)","Yes;No",,"","Set 3","PPVT3_FormA_set3_E34"
set3_num35_a,Integer,0,,Recommended,"35. decorated","",,"","Set 3","PPVT3_FormA_set3_num35"
set3_e35_a,String,50,,Recommended,"35. decorated (error)","Yes;No",,"","Set 3","PPVT3_FormA_set3_E35"
set3_num36_a,Integer,0,,Recommended,"36. nest","",,"","Set 3","PPVT3_FormA_set3_num36"
set3_e36_a,String,50,,Recommended,"36. nest (error)","Yes;No",,"","Set 3","PPVT3_FormA_set3_E36"
set3_nume3,Integer,0,,Recommended,"Number of Errors","0+",,"","Set 3","PPVT3_FormA_set3_nume3"
set4_num37_a,Integer,0,,Recommended,"37. castle","",,"","Set 4","PPVT3_FormA_set4_num37"
set4_e37_a,String,50,,Recommended,"37. castle (error)","Yes;No",,"","Set 4","PPVT3_FormA_set4_E37"
set4_num38_a,Integer,0,,Recommended,"38. sawing","",,"","Set 4","PPVT3_FormA_set4_num38"
set4_e38_a,String,50,,Recommended,"38. sawing (error)","Yes;No",,"","Set 4","PPVT3_FormA_set4_E38"
set4_num39_a,Integer,0,,Recommended,"39. cactus","",,"","Set 4","PPVT3_FormA_set4_num39"
set4_e39_a,String,50,,Recommended,"39. cactus (error)","Yes;No",,"","Set 4","PPVT3_FormA_set4_E39"
set4_num40_a,Integer,0,,Recommended,"40. farm","",,"","Set 4","PPVT3_FormA_set4_num40"
set4_e40_a,String,50,,Recommended,"40. farm (error)","Yes;No",,"","Set 4","PPVT3_FormA_set4_E40"
set4_num41_a,Integer,0,,Recommended,"41. going","",,"","Set 4","PPVT3_FormA_set4_num41"
set4_e41_a,String,50,,Recommended,"41. going (error)","Yes;No",,"","Set 4","PPVT3_FormA_set4_E41"
set4_num42_a,Integer,0,,Recommended,"42. harp","",,"","Set 4","PPVT3_FormA_set4_num42"
set4_e42_a,String,50,,Recommended,"42. harp (error)","Yes;No",,"","Set 4","PPVT3_FormA_set4_E42"
set4_num43_a,Integer,0,,Recommended,"43. astronaut","",,"","Set 4","PPVT3_FormA_set4_num43"
set4_e43_a,String,50,,Recommended,"43. astronaut (error)","Yes;No",,"","Set 4","PPVT3_FormA_set4_E43"
set4_num44_a,Integer,0,,Recommended,"44. raccoon","",,"","Set 4","PPVT3_FormA_set4_num44"
set4_e44_a,String,50,,Recommended,"44. raccoon (error)","Yes;No",,"","Set 4","PPVT3_FormA_set4_E44"
set4_num45_a,Integer,0,,Recommended,"45. juggling","",,"","Set 4","PPVT3_FormA_set4_num45"
set4_e45_a,String,50,,Recommended,"45. juggling (error)","Yes;No",,"","Set 4","PPVT3_FormA_set4_E45"
set4_num46_a,Integer,0,,Recommended,"46. envelope","",,"","Set 4","PPVT3_FormA_set4_num46"
set4_e46_a,String,50,,Recommended,"46. envelope (error)","Yes;No",,"","Set 4","PPVT3_FormA_set4_E46"
set4_num47_a,Integer,0,,Recommended,"47. tearing","",,"","Set 4","PPVT3_FormA_set4_num47"
set4_e47_a,String,50,,Recommended,"47. tearing (error)","Yes;No",,"","Set 4","PPVT3_FormA_set4_E47"
set4_num48_a,Integer,0,,Recommended,"48. claw","",,"","Set 4","PPVT3_FormA_set4_num48"
set4_e48_a,String,50,,Recommended,"48. claw (error)","Yes;No",,"","Set 4","PPVT3_FormA_set4_E48"
set4_nume4,Integer,0,,Recommended,"Number of Errors","0+",,"","Set 4","PPVT3_FormA_set4_nume4"
set5_num49_a,Integer,0,,Recommended,"49. parachute","",,"","Set 5","PPVT3_FormA_set5_num49"
set5_e49_a,String,50,,Recommended,"49. parachute (error)","Yes;No",,"","Set 5","PPVT3_FormA_set5_E49"
set5_num50_a,Integer,0,,Recommended,"50. delivering","",,"","Set 5","PPVT3_FormA_set5_num50"
set5_e50_a,String,50,,Recommended,"50. delivering (error)","Yes;No",,"","Set 5","PPVT3_FormA_set5_E50"
set5_num51_a,Integer,0,,Recommended,"51. rectangle","",,"","Set 5","PPVT3_FormA_set5_num51"
set5_e51_a,String,50,,Recommended,"51. rectangle (error)","Yes;No",,"","Set 5","PPVT3_FormA_set5_E51"
set5_num52_a,Integer,0,,Recommended,"52. diving","",,"","Set 5","PPVT3_FormA_set5_num52"
set5_e52_a,String,50,,Recommended,"52. diving (error)","Yes;No",,"","Set 5","PPVT3_FormA_set5_E52"
set5_num53_a,Integer,0,,Recommended,"53. camper","",,"","Set 5","PPVT3_FormA_set5_num53"
set5_e53_a,String,50,,Recommended,"53. camper (error)","Yes;No",,"","Set 5","PPVT3_FormA_set5_E53"
set5_num54_a,Integer,0,,Recommended,"54. target","",,"","Set 5","PPVT3_FormA_set5_num54"
set5_e54_a,String,50,,Recommended,"54. target (error)","Yes;No",,"","Set 5","PPVT3_FormA_set5_E54"
set5_num55_a,Integer,0,,Recommended,"55. writing","",,"","Set 5","PPVT3_FormA_set5_num55"
set5_e55_a,String,50,,Recommended,"55. writing (error)","Yes;No",,"","Set 5","PPVT3_FormA_set5_E55"
set5_num56_a,Integer,0,,Recommended,"56. furry","",,"","Set 5","PPVT3_FormA_set5_num56"
set5_e56_a,String,50,,Recommended,"56. furry (error)","Yes;No",,"","Set 5","PPVT3_FormA_set5_E56"
set5_num57_a,Integer,0,,Recommended,"57. drilling","",,"","Set 5","PPVT3_FormA_set5_num57"
set5_e57_a,String,50,,Recommended,"57. drilling (error)","Yes;No",,"","Set 5","PPVT3_FormA_set5_E57"
set5_num58_a,Integer,0,,Recommended,"58. hook","",,"","Set 5","PPVT3_FormA_set5_num58"
set5_e58_a,String,50,,Recommended,"58. hook (error)","Yes;No",,"","Set 5","PPVT3_FormA_set5_E58"
set5_num59_a,Integer,0,,Recommended,"59. group","",,"","Set 5","PPVT3_FormA_set5_num59"
set5_e59_a,String,50,,Recommended,"59. group (error)","Yes;No",,"","Set 5","PPVT3_FormA_set5_E59"
set5_num60_a,Integer,0,,Recommended,"60. dripping","",,"","Set 5","PPVT3_FormA_set5_num60"
set5_e60_a,String,50,,Recommended,"60. dripping (error)","Yes;No",,"","Set 5","PPVT3_FormA_set5_E60"
set5_nume5,Integer,0,,Recommended,"Number of Errors","0+",,"","Set 5","PPVT3_FormA_set5_nume5"
set6_num61_a,Integer,0,,Recommended,"61. vehicle","",,"","Set 6","PPVT3_FormA_set6_num61"
set6_e61_a,String,50,,Recommended,"61. vehicle (error)","Yes;No",,"","Set 6","PPVT3_FormA_set6_E61"
set6_num62_a,Integer,0,,Recommended,"62. oval","",,"","Set 6","PPVT3_FormA_set6_num62"
set6_e62_a,String,50,,Recommended,"62. oval (error)","Yes;No",,"","Set 6","PPVT3_FormA_set6_E62"
set6_num63_a,Integer,0,,Recommended,"63. luggage","",,"","Set 6","PPVT3_FormA_set6_num63"
set6_e63_a,String,50,,Recommended,"63. luggage (error)","Yes;No",,"","Set 6","PPVT3_FormA_set6_E63"
set6_num64_a,Integer,0,,Recommended,"64. awarding","",,"","Set 6","PPVT3_FormA_set6_num64"
set6_e64_a,String,50,,Recommended,"64. awarding (error)","Yes;No",,"","Set 6","PPVT3_FormA_set6_E64"
set6_num65_a,Integer,0,,Recommended,"65. hydrant","",,"","Set 6","PPVT3_FormA_set6_num65"
set6_e65_a,String,50,,Recommended,"65. hydrant (error)","Yes;No",,"","Set 6","PPVT3_FormA_set6_E65"
set6_num66_a,Integer,0,,Recommended,"66. swamp","",,"","Set 6","PPVT3_FormA_set6_num66"
set6_e66_a,String,50,,Recommended,"66. swamp (error)","Yes;No",,"","Set 6","PPVT3_FormA_set6_E66"
set6_num67_a,Integer,0,,Recommended,"67. calculator","",,"","Set 6","PPVT3_FormA_set6_num67"
set6_e67_a,String,50,,Recommended,"67. calculator (error)","Yes;No",,"","Set 6","PPVT3_FormA_set6_E67"
set6_num68_a,Integer,0,,Recommended,"68. signal","",,"","Set 6","PPVT3_FormA_set6_num68"
set6_e68_a,String,50,,Recommended,"68. signal (error)","Yes;No",,"","Set 6","PPVT3_FormA_set6_E68"
set6_num69_a,Integer,0,,Recommended,"69. squash","",,"","Set 6","PPVT3_FormA_set6_num69"
set6_e69_a,String,50,,Recommended,"69. squash (error)","Yes;No",,"","Set 6","PPVT3_FormA_set6_E69"
set6_num70_a,Integer,0,,Recommended,"70. globe","",,"","Set 6","PPVT3_FormA_set6_num70"
set6_e70_a,String,50,,Recommended,"70. globe (error)","Yes;No",,"","Set 6","PPVT3_FormA_set6_E70"
set6_num71_a,Integer,0,,Recommended,"71. vegetable","",,"","Set 6","PPVT3_FormA_set6_num71"
set6_e71_a,String,50,,Recommended,"71. vegetable (error)","Yes;No",,"","Set 6","PPVT3_FormA_set6_E71"
set6_num72_a,Integer,0,,Recommended,"72. frame","",,"","Set 6","PPVT3_FormA_set6_num72"
set6_e72_a,String,50,,Recommended,"72. frame (error)","Yes;No",,"","Set 6","PPVT3_FormA_set6_E72"
set6_nume6,Integer,0,,Recommended,"Number of Errors","0+",,"","Set 6","PPVT3_FormA_set6_nume6"
set7_num73_a,Integer,0,,Recommended,"73. gigantic","",,"","Set 7","PPVT3_FormA_set7_num73"
set7_e73_a,String,50,,Recommended,"73. gigantic (error)","Yes;No",,"","Set 7","PPVT3_FormA_set7_E73"
set7_num74_a,Integer,0,,Recommended,"74. nostril","",,"","Set 7","PPVT3_FormA_set7_num74"
set7_e74_a,String,50,,Recommended,"74. nostril (error)","Yes;No",,"","Set 7","PPVT3_FormA_set7_E74"
set7_num75_a,Integer,0,,Recommended,"75. vase","",,"","Set 7","PPVT3_FormA_set7_num75"
set7_e75_a,String,50,,Recommended,"75. vase (error)","Yes;No",,"","Set 7","PPVT3_FormA_set7_E75"
set7_num76_a,Integer,0,,Recommended,"76. knight","",,"","Set 7","PPVT3_FormA_set7_num76"
set7_e76_a,String,50,,Recommended,"76. knight (error)","Yes;No",,"","Set 7","PPVT3_FormA_set7_E76"
set7_num77_a,Integer,0,,Recommended,"77. towing","",,"","Set 7","PPVT3_FormA_set7_num77"
set7_e77_a,String,50,,Recommended,"77. towing (error)","Yes;No",,"","Set 7","PPVT3_FormA_set7_E77"
set7_num78_a,Integer,0,,Recommended,"78. horrified","",,"","Set 7","PPVT3_FormA_set7_num78"
set7_e78_a,String,50,,Recommended,"78. horrified (error)","Yes;No",,"","Set 7","PPVT3_FormA_set7_E78"
set7_num79_a,Integer,0,,Recommended,"79. trunk","",,"","Set 7","PPVT3_FormA_set7_num79"
set7_e79_a,String,50,,Recommended,"79. trunk (error)","Yes;No",,"","Set 7","PPVT3_FormA_set7_E79"
set7_num80_a,Integer,0,,Recommended,"80. selecting","",,"","Set 7","PPVT3_FormA_set7_num80"
set7_e80_a,String,50,,Recommended,"80. selecting (error)","Yes;No",,"","Set 7","PPVT3_FormA_set7_E80"
set7_num81_a,Integer,0,,Recommended,"81. island","",,"","Set 7","PPVT3_FormA_set7_num81"
set7_e81_a,String,50,,Recommended,"81. island (error)","Yes;No",,"","Set 7","PPVT3_FormA_set7_E81"
set7_num82_a,Integer,0,,Recommended,"82. camcorder","",,"","Set 7","PPVT3_FormA_set7_num82"
set7_e82_a,String,50,,Recommended,"82. camcorder (error)","Yes;No",,"","Set 7","PPVT3_FormA_set7_E82"
set7_num83_a,Integer,0,,Recommended,"83. heart","",,"","Set 7","PPVT3_FormA_set7_num83"
set7_e83_a,String,50,,Recommended,"83. heart (error)","Yes;No",,"","Set 7","PPVT3_FormA_set7_E83"
set7_num84_a,Integer,0,,Recommended,"84. wrench","",,"","Set 7","PPVT3_FormA_set7_num84"
set7_e84_a,String,50,,Recommended,"84. wrench (error)","Yes;No",,"","Set 7","PPVT3_FormA_set7_E84"
set7_nume7,Integer,0,,Recommended,"Number of Errors","0+",,"","Set 7","PPVT3_FormA_set7_nume7"
set8_num85_a,Integer,0,,Recommended,"85. flamingo","",,"","Set 8","PPVT3_FormA_set8_num85"
set8_e85_a,String,50,,Recommended,"85. flamingo (error)","Yes;No",,"","Set 8","PPVT3_FormA_set8_E85"
set8_num86_a,Integer,0,,Recommended,"86. tambourine","",,"","Set 8","PPVT3_FormA_set8_num86"
set8_e86_a,String,50,,Recommended,"86. tambourine (error)","Yes;No",,"","Set 8","PPVT3_FormA_set8_E86"
set8_num87_a,Integer,0,,Recommended,"87. palm","",,"","Set 8","PPVT3_FormA_set8_num87"
set8_e87_a,String,50,,Recommended,"87. palm (error)","Yes;No",,"","Set 8","PPVT3_FormA_set8_E87"
set8_num88_a,Integer,0,,Recommended,"88. surprised","",,"","Set 8","PPVT3_FormA_set8_num88"
set8_e88_a,String,50,,Recommended,"88. surprised (error)","Yes;No",,"","Set 8","PPVT3_FormA_set8_E88"
set8_num89_a,Integer,0,,Recommended,"89. canoe","",,"","Set 8","PPVT3_FormA_set8_num89"
set8_e89_a,String,50,,Recommended,"89. canoe (error)","Yes;No",,"","Set 8","PPVT3_FormA_set8_E89"
set8_num90_a,Integer,0,,Recommended,"90. interviewing","",,"","Set 8","PPVT3_FormA_set8_num90"
set8_e90_a,String,50,,Recommended,"90. interviewing (error)","Yes;No",,"","Set 8","PPVT3_FormA_set8_E90"
set8_num91_a,Integer,0,,Recommended,"91. clarinet","",,"","Set 8","PPVT3_FormA_set8_num91"
set8_e91_a,String,50,,Recommended,"91. clarinet (error)","Yes;No",,"","Set 8","PPVT3_FormA_set8_E91"
set8_num92_a,Integer,0,,Recommended,"92. exhausted","",,"","Set 8","PPVT3_FormA_set8_num92"
set8_e92_a,String,50,,Recommended,"92. exhausted (error)","Yes;No",,"","Set 8","PPVT3_FormA_set8_E92"
set8_num93_a,Integer,0,,Recommended,"93. pitcher","",,"","Set 8","PPVT3_FormA_set8_num93"
set8_e93_a,String,50,,Recommended,"93. pitcher (error)","Yes;No",,"","Set 8","PPVT3_FormA_set8_E93"
set8_num94_a,Integer,0,,Recommended,"94. reptile","",,"","Set 8","PPVT3_FormA_set8_num94"
set8_e94_a,String,50,,Recommended,"94. reptile (error)","Yes;No",,"","Set 8","PPVT3_FormA_set8_E94"
set8_num95_a,Integer,0,,Recommended,"95. polluting","",,"","Set 8","PPVT3_FormA_set8_num95"
set8_e95_a,String,50,,Recommended,"95. polluting (error)","Yes;No",,"","Set 8","PPVT3_FormA_set8_E95"
set8_num96_a,Integer,0,,Recommended,"96. vine","",,"","Set 8","PPVT3_FormA_set8_num96"
set8_e96_a,String,50,,Recommended,"96. vine (error)","Yes;No",,"","Set 8","PPVT3_FormA_set8_E96"
set8_nume8,Integer,0,,Recommended,"Number of Errors","0+",,"","Set 8","PPVT3_FormA_set8_nume8"
set9_num97_a,Integer,0,,Recommended,"97. pedal","",,"","Set 9","PPVT3_FormA_set9_num97"
set9_e97_a,String,50,,Recommended,"97. pedal (error)","Yes;No",,"","Set 9","PPVT3_FormA_set9_E97"
set9_num98_a,Integer,0,,Recommended,"98. dissecting","",,"","Set 9","PPVT3_FormA_set9_num98"
set9_e98_a,String,50,,Recommended,"98. dissecting (error)","Yes;No",,"","Set 9","PPVT3_FormA_set9_E98"
set9_num99_a,Integer,0,,Recommended,"99. bouquet","",,"","Set 9","PPVT3_FormA_set9_num99"
set9_e99_a,String,50,,Recommended,"99. bouquet (error)","Yes;No",,"","Set 9","PPVT3_FormA_set9_E99"
set9_num100_a,Integer,0,,Recommended,"100. rodent","",,"","Set 9","PPVT3_FormA_set9_num100"
set9_e100_a,String,50,,Recommended,"100. rodent (error)","Yes;No",,"","Set 9","PPVT3_FormA_set9_E100"
set9_num101_a,Integer,0,,Recommended,"101. inhaling","",,"","Set 9","PPVT3_FormA_set9_num101"
set9_e101_a,String,50,,Recommended,"101. inhaling (error)","Yes;No",,"","Set 9","PPVT3_FormA_set9_E101"
set9_num102_a,Integer,0,,Recommended,"102. valley","",,"","Set 9","PPVT3_FormA_set9_num102"
set9_e102_a,String,50,,Recommended,"102. valley (error)","Yes;No",,"","Set 9","PPVT3_FormA_set9_E102"
set9_num103_a,Integer,0,,Recommended,"103. tubular","",,"","Set 9","PPVT3_FormA_set9_num103"
set9_e103_a,String,50,,Recommended,"103. tubular (error)","Yes;No",,"","Set 9","PPVT3_FormA_set9_E103"
set9_num104_a,Integer,0,,Recommended,"104. demolishing","",,"","Set 9","PPVT3_FormA_set9_num104"
set9_e104_a,String,50,,Recommended,"104. demolishing (error)","Yes;No",,"","Set 9","PPVT3_FormA_set9_E104"
set9_num105_a,Integer,0,,Recommended,"105. tusk","",,"","Set 9","PPVT3_FormA_set9_num105"
set9_e105_a,String,50,,Recommended,"105. tusk (error)","Yes;No",,"","Set 9","PPVT3_FormA_set9_E105"
set9_num106_a,Integer,0,,Recommended,"106. adjustable","",,"","Set 9","PPVT3_FormA_set9_num106"
set9_e106_a,String,50,,Recommended,"106. adjustable (error)","Yes;No",,"","Set 9","PPVT3_FormA_set9_E106"
set9_num107_a,Integer,0,,Recommended,"107. fern","",,"","Set 9","PPVT3_FormA_set9_num107"
set9_e107_a,String,50,,Recommended,"107. fern (error)","Yes;No",,"","Set 9","PPVT3_FormA_set9_E107"
set9_num108_a,Integer,0,,Recommended,"108. hurdling","",,"","Set 9","PPVT3_FormA_set9_num108"
set9_e108_a,String,50,,Recommended,"108. hurdling (error)","Yes;No",,"","Set 9","PPVT3_FormA_set9_E108"
set9_nume9,Integer,0,,Recommended,"Number of Errors","0+",,"","Set 9","PPVT3_FormA_set9_nume9"
set10_num109_a,Integer,0,,Recommended,"109. solo","",,"","Set 10","PPVT3_FormA_set10_num109"
set10_e109_a,String,50,,Recommended,"109. solo (error)","Yes;No",,"","Set 10","PPVT3_FormA_set10_E109"
set10_num110_a,Integer,0,,Recommended,"110. citrus","",,"","Set 10","PPVT3_FormA_set10_num110"
set10_e110_a,String,50,,Recommended,"110. citrus (error)","Yes;No",,"","Set 10","PPVT3_FormA_set10_E110"
set10_num111_a,Integer,0,,Recommended,"111. inflated","",,"","Set 10","PPVT3_FormA_set10_num111"
set10_e111_a,String,50,,Recommended,"111. inflated (error)","Yes;No",,"","Set 10","PPVT3_FormA_set10_E111"
set10_num112_a,Integer,0,,Recommended,"112. lecturing","",,"","Set 10","PPVT3_FormA_set10_num112"
set10_e112_a,String,50,,Recommended,"112. lecturing (error)","Yes;No",,"","Set 10","PPVT3_FormA_set10_E112"
set10_num113_a,Integer,0,,Recommended,"113. timer","",,"","Set 10","PPVT3_FormA_set10_num113"
set10_e113_a,String,50,,Recommended,"113. timer (error)","Yes;No",,"","Set 10","PPVT3_FormA_set10_E113"
set10_num114_a,Integer,0,,Recommended,"114. injecting","",,"","Set 10","PPVT3_FormA_set10_num114"
set10_e114_a,String,50,,Recommended,"114. injecting (error)","Yes;No",,"","Set 10","PPVT3_FormA_set10_E114"
set10_num115_a,Integer,0,,Recommended,"115. links","",,"","Set 10","PPVT3_FormA_set10_num115"
set10_e115_a,String,50,,Recommended,"115. links (error)","Yes;No",,"","Set 10","PPVT3_FormA_set10_E115"
set10_num116_a,Integer,0,,Recommended,"116. cooperating","",,"","Set 10","PPVT3_FormA_set10_num116"
set10_e116_a,String,50,,Recommended,"116. cooperating (error)","Yes;No",,"","Set 10","PPVT3_FormA_set10_E116"
set10_num117_a,Integer,0,,Recommended,"117. microscope","",,"","Set 10","PPVT3_FormA_set10_num117"
set10_e117_a,String,50,,Recommended,"117. microscope (error)","Yes;No",,"","Set 10","PPVT3_FormA_set10_E117"
set10_num118_a,Integer,0,,Recommended,"118. archery","",,"","Set 10","PPVT3_FormA_set10_num118"
set10_e118_a,String,50,,Recommended,"118. archery (error)","Yes;No",,"","Set 10","PPVT3_FormA_set10_E118"
set10_num119_a,Integer,0,,Recommended,"119. garment","",,"","Set 10","PPVT3_FormA_set10_num119"
set10_e119_a,String,50,,Recommended,"119. garment (error)","Yes;No",,"","Set 10","PPVT3_FormA_set10_E119"
set10_num120_a,Integer,0,,Recommended,"120. fragile","",,"","Set 10","PPVT3_FormA_set10_num120"
set10_e120_a,String,50,,Recommended,"120. fragile (error)","Yes;No",,"","Set 10","PPVT3_FormA_set10_E120"
set10_nume10,Integer,0,,Recommended,"Number of Errors","0+",,"","Set 10","PPVT3_FormA_set10_nume10"
set11_num121_a,Integer,0,,Recommended,"121. carpenter","",,"","Set 11","PPVT3_FormA_set11_num121"
set11_e121_a,String,50,,Recommended,"121. carpenter (error)","Yes;No",,"","Set 11","PPVT3_FormA_set11_E121"
set11_num122_a,Integer,0,,Recommended,"122. dilapidated","",,"","Set 11","PPVT3_FormA_set11_num122"
set11_e122_a,String,50,,Recommended,"122. dilapidated (error)","Yes;No",,"","Set 11","PPVT3_FormA_set11_E122"
set11_num123_a,Integer,0,,Recommended,"123. hazardous","",,"","Set 11","PPVT3_FormA_set11_num123"
set11_e123_a,String,50,,Recommended,"123. hazardous (error)","Yes;No",,"","Set 11","PPVT3_FormA_set11_E123"
set11_num124_a,Integer,0,,Recommended,"124. adapter","",,"","Set 11","PPVT3_FormA_set11_num124"
set11_e124_a,String,50,,Recommended,"124. adapter (error)","Yes;No",,"","Set 11","PPVT3_FormA_set11_E124"
set11_num125_a,Integer,0,,Recommended,"125. valve","",,"","Set 11","PPVT3_FormA_set11_num125"
set11_e125_a,String,50,,Recommended,"125. valve (error)","Yes;No",,"","Set 11","PPVT3_FormA_set11_E125"
set11_num126_a,Integer,0,,Recommended,"126. isolation","",,"","Set 11","PPVT3_FormA_set11_num126"
set11_e126_a,String,50,,Recommended,"126. isolation (error)","Yes;No",,"","Set 11","PPVT3_FormA_set11_E126"
set11_num127_a,Integer,0,,Recommended,"127. feline","",,"","Set 11","PPVT3_FormA_set11_num127"
set11_e127_a,String,50,,Recommended,"127. feline (error)","Yes;No",,"","Set 11","PPVT3_FormA_set11_E127"
set11_num128_a,Integer,0,,Recommended,"128. wailing","",,"","Set 11","PPVT3_FormA_set11_num128"
set11_e128_a,String,50,,Recommended,"128. wailing (error)","Yes;No",,"","Set 11","PPVT3_FormA_set11_E128"
set11_num129_a,Integer,0,,Recommended,"129. coast","",,"","Set 11","PPVT3_FormA_set11_num129"
set11_e129_a,String,50,,Recommended,"129. coast (error)","Yes;No",,"","Set 11","PPVT3_FormA_set11_E129"
set11_num130_a,Integer,0,,Recommended,"130. appliance","",,"","Set 11","PPVT3_FormA_set11_num130"
set11_e130_a,String,50,,Recommended,"130. appliance (error)","Yes;No",,"","Set 11","PPVT3_FormA_set11_E130"
set11_num131_a,Integer,0,,Recommended,"131. foundation","",,"","Set 11","PPVT3_FormA_set11_num131"
set11_e131_a,String,50,,Recommended,"131. foundation (error)","Yes;No",,"","Set 11","PPVT3_FormA_set11_E131"
set11_num132_a,Integer,0,,Recommended,"132. hatchet","",,"","Set 11","PPVT3_FormA_set11_num132"
set11_e132_a,String,50,,Recommended,"132. hatchet (error)","Yes;No",,"","Set 11","PPVT3_FormA_set11_E132"
set11_nume11,Integer,0,,Recommended,"Number of Errors","0+",,"","Set 11","PPVT3_FormA_set11_nume11"
set12_num133_a,Integer,0,,Recommended,"133. blazing","",,"","Set 12","PPVT3_FormA_set12_num133"
set12_e133_a,String,50,,Recommended,"133. blazing (error)","Yes;No",,"","Set 12","PPVT3_FormA_set12_E133"
set12_num134_a,Integer,0,,Recommended,"134. mammal","",,"","Set 12","PPVT3_FormA_set12_num134"
set12_e134_a,String,50,,Recommended,"134. mammal (error)","Yes;No",,"","Set 12","PPVT3_FormA_set12_E134"
set12_num135_a,Integer,0,,Recommended,"135. reprimanding","",,"","Set 12","PPVT3_FormA_set12_num135"
set12_e135_a,String,50,,Recommended,"135. reprimanding (error)","Yes;No",,"","Set 12","PPVT3_FormA_set12_E135"
set12_num136_a,Integer,0,,Recommended,"136. upholstery","",,"","Set 12","PPVT3_FormA_set12_num136"
set12_e136_a,String,50,,Recommended,"136. upholstery (error)","Yes;No",,"","Set 12","PPVT3_FormA_set12_E136"
set12_num137_a,Integer,0,,Recommended,"137. hoisting","",,"","Set 12","PPVT3_FormA_set12_num137"
set12_e137_a,String,50,,Recommended,"137. hoisting (error)","Yes;No",,"","Set 12","PPVT3_FormA_set12_E137"
set12_num138_a,Integer,0,,Recommended,"138. exterior","",,"","Set 12","PPVT3_FormA_set12_num138"
set12_e138_a,String,50,,Recommended,"138. exterior (error)","Yes;No",,"","Set 12","PPVT3_FormA_set12_E138"
set12_num139_a,Integer,0,,Recommended,"139. consuming","",,"","Set 12","PPVT3_FormA_set12_num139"
set12_e139_a,String,50,,Recommended,"139. consuming (error)","Yes;No",,"","Set 12","PPVT3_FormA_set12_E139"
set12_num140_a,Integer,0,,Recommended,"140. pastry","",,"","Set 12","PPVT3_FormA_set12_num140"
set12_e140_a,String,50,,Recommended,"140. pastry (error)","Yes;No",,"","Set 12","PPVT3_FormA_set12_E140"
set12_num141_a,Integer,0,,Recommended,"141. cornea","",,"","Set 12","PPVT3_FormA_set12_num141"
set12_e141_a,String,50,,Recommended,"141. cornea (error)","Yes;No",,"","Set 12","PPVT3_FormA_set12_E141"
set12_num142_a,Integer,0,,Recommended,"142. constrained","",,"","Set 12","PPVT3_FormA_set12_num142"
set12_e142_a,String,50,,Recommended,"142. constrained (error)","Yes;No",,"","Set 12","PPVT3_FormA_set12_E142"
set12_num143_a,Integer,0,,Recommended,"143. pedestrian","",,"","Set 12","PPVT3_FormA_set12_num143"
set12_e143_a,String,50,,Recommended,"143. pedestrian (error)","Yes;No",,"","Set 12","PPVT3_FormA_set12_E143"
set12_num144_a,Integer,0,,Recommended,"144. colt","",,"","Set 12","PPVT3_FormA_set12_num144"
set12_e144_a,String,50,,Recommended,"144. colt (error)","Yes;No",,"","Set 12","PPVT3_FormA_set12_E144"
set12_nume12,Integer,0,,Recommended,"Number of Errors","0+",,"","Set 12","PPVT3_FormA_set12_nume12"
set13_num145_a,Integer,0,,Recommended,"145. syringe","",,"","Set 13","PPVT3_FormA_set13_num145"
set13_e145_a,String,50,,Recommended,"145. syringe (error)","Yes;No",,"","Set 13","PPVT3_FormA_set13_E145"
set13_num146_a,Integer,0,,Recommended,"146. transparent","",,"","Set 13","PPVT3_FormA_set13_num146"
set13_e146_a,String,50,,Recommended,"146. transparent (error)","Yes;No",,"","Set 13","PPVT3_FormA_set13_E146"
set13_num147_a,Integer,0,,Recommended,"147. ladle","",,"","Set 13","PPVT3_FormA_set13_num147"
set13_e147_a,String,50,,Recommended,"147. ladle (error)","Yes;No",,"","Set 13","PPVT3_FormA_set13_E147"
set13_num148_a,Integer,0,,Recommended,"148. replenishing","",,"","Set 13","PPVT3_FormA_set13_num148"
set13_e148_a,String,50,,Recommended,"148. replenishing (error)","Yes;No",,"","Set 13","PPVT3_FormA_set13_E148"
set13_num149_a,Integer,0,,Recommended,"149. abrasive","",,"","Set 13","PPVT3_FormA_set13_num149"
set13_e149_a,String,50,,Recommended,"149. abrasive (error)","Yes;No",,"","Set 13","PPVT3_FormA_set13_E149"
set13_num150_a,Integer,0,,Recommended,"150. parallelogram","",,"","Set 13","PPVT3_FormA_set13_num150"
set13_e150_a,String,50,,Recommended,"150. parallelogram (error)","Yes;No",,"","Set 13","PPVT3_FormA_set13_E150"
set13_num151_a,Integer,0,,Recommended,"151. cascade","",,"","Set 13","PPVT3_FormA_set13_num151"
set13_e151_a,String,50,,Recommended,"151. cascade (error)","Yes;No",,"","Set 13","PPVT3_FormA_set13_E151"
set13_num152_a,Integer,0,,Recommended,"152. lever","",,"","Set 13","PPVT3_FormA_set13_num152"
set13_e152_a,String,50,,Recommended,"152. lever (error)","Yes;No",,"","Set 13","PPVT3_FormA_set13_E152"
set13_num153_a,Integer,0,,Recommended,"153. detonation","",,"","Set 13","PPVT3_FormA_set13_num153"
set13_e153_a,String,50,,Recommended,"153. detonation (error)","Yes;No",,"","Set 13","PPVT3_FormA_set13_E153"
set13_num154_a,Integer,0,,Recommended,"154. pillar","",,"","Set 13","PPVT3_FormA_set13_num154"
set13_e154_a,String,50,,Recommended,"154. pillar (error)","Yes;No",,"","Set 13","PPVT3_FormA_set13_E154"
set13_num155_a,Integer,0,,Recommended,"155. cultivating","",,"","Set 13","PPVT3_FormA_set13_num155"
set13_e155_a,String,50,,Recommended,"155. cultivating (error)","Yes;No",,"","Set 13","PPVT3_FormA_set13_E155"
set13_num156_a,Integer,0,,Recommended,"156. aquatic","",,"","Set 13","PPVT3_FormA_set13_num156"
set13_e156_a,String,50,,Recommended,"156. aquatic (error)","Yes;No",,"","Set 13","PPVT3_FormA_set13_E156"
set13_nume13,Integer,0,,Recommended,"Number of Errors","0+",,"","Set 13","PPVT3_FormA_set13_nume13"
set14_num157_a,Integer,0,,Recommended,"157. indigent","",,"","Set 14","PPVT3_FormA_set14_num157"
set14_e157_a,String,50,,Recommended,"157. indigent (error)","Yes;No",,"","Set 14","PPVT3_FormA_set14_E157"
set14_num158_a,Integer,0,,Recommended,"158. oasis","",,"","Set 14","PPVT3_FormA_set14_num158"
set14_e158_a,String,50,,Recommended,"158. oasis (error)","Yes;No",,"","Set 14","PPVT3_FormA_set14_E158"
set14_num159_a,Integer,0,,Recommended,"159. disappointed","",,"","Set 14","PPVT3_FormA_set14_num159"
set14_e159_a,String,50,,Recommended,"159. disappointed (error)","Yes;No",,"","Set 14","PPVT3_FormA_set14_E159"
set14_num160_a,Integer,0,,Recommended,"160. perpendicular","",,"","Set 14","PPVT3_FormA_set14_num160"
set14_e160_a,String,50,,Recommended,"160. perpendicular (error)","Yes;No",,"","Set 14","PPVT3_FormA_set14_E160"
set14_num161_a,Integer,0,,Recommended,"161. poultry","",,"","Set 14","PPVT3_FormA_set14_num161"
set14_e161_a,String,50,,Recommended,"161. poultry (error)","Yes;No",,"","Set 14","PPVT3_FormA_set14_E161"
set14_num162_a,Integer,0,,Recommended,"162. confiding","",,"","Set 14","PPVT3_FormA_set14_num162"
set14_e162_a,String,50,,Recommended,"162. confiding (error)","Yes;No",,"","Set 14","PPVT3_FormA_set14_E162"
set14_num163_a,Integer,0,,Recommended,"163. periodical","",,"","Set 14","PPVT3_FormA_set14_num163"
set14_e163_a,String,50,,Recommended,"163. periodical (error)","Yes;No",,"","Set 14","PPVT3_FormA_set14_E163"
set14_num164_a,Integer,0,,Recommended,"164. filtration","",,"","Set 14","PPVT3_FormA_set14_num164"
set14_e164_a,String,50,,Recommended,"164. filtration (error)","Yes;No",,"","Set 14","PPVT3_FormA_set14_E164"
set14_num165_a,Integer,0,,Recommended,"165. primate","",,"","Set 14","PPVT3_FormA_set14_num165"
set14_e165_a,String,50,,Recommended,"165. primate (error)","Yes;No",,"","Set 14","PPVT3_FormA_set14_E165"
set14_num166_a,Integer,0,,Recommended,"166. spherical","",,"","Set 14","PPVT3_FormA_set14_num166"
set14_e166_a,String,50,,Recommended,"166. spherical (error)","Yes;No",,"","Set 14","PPVT3_FormA_set14_E166"
set14_num167_a,Integer,0,,Recommended,"167. talon","",,"","Set 14","PPVT3_FormA_set14_num167"
set14_e167_a,String,50,,Recommended,"167. talon (error)","Yes;No",,"","Set 14","PPVT3_FormA_set14_E167"
set14_num168_a,Integer,0,,Recommended,"168. octagon","",,"","Set 14","PPVT3_FormA_set14_num168"
set14_e168_a,String,50,,Recommended,"168. octagon (error)","Yes;No",,"","Set 14","PPVT3_FormA_set14_E168"
set14_nume14,Integer,0,,Recommended,"Number of Errors","0+",,"","Set 14","PPVT3_FormA_set14_nume14"
set15_num169_a,Integer,0,,Recommended,"169. incandescent [in kuhn DES uhnt]","",,"","Set 15","PPVT3_FormA_set15_num169"
set15_e169_a,String,50,,Recommended,"169. incandescent [in kuhn DES uhnt] (error)","Yes;No",,"","Set 15","PPVT3_FormA_set15_E169"
set15_num170_a,Integer,0,,Recommended,"170. pilfering [PIL fuhr ing]","",,"","Set 15","PPVT3_FormA_set15_num170"
set15_e170_a,String,50,,Recommended,"170. pilfering [PIL fuhr ing] (error)","Yes;No",,"","Set 15","PPVT3_FormA_set15_E170"
set15_num171_a,Integer,0,,Recommended,"171. trajectory [truh JEK tuh ree]","",,"","Set 15","PPVT3_FormA_set15_num171"
set15_e171_a,String,50,,Recommended,"171. trajectory [truh JEK tuh ree] (error)","Yes;No",,"","Set 15","PPVT3_FormA_set15_E171"
set15_num172_a,Integer,0,,Recommended,"172. mercantile [MUR kuhn teel]","",,"","Set 15","PPVT3_FormA_set15_num172"
set15_e172_a,String,50,,Recommended,"172. mercantile [MUR kuhn teel] (error)","Yes;No",,"","Set 15","PPVT3_FormA_set15_E172"
set15_num173_a,Integer,0,,Recommended,"173. derrick [DAYR ik]","",,"","Set 15","PPVT3_FormA_set15_num173"
set15_e173_a,String,50,,Recommended,"173. derrick [DAYR ik] (error)","Yes;No",,"","Set 15","PPVT3_FormA_set15_E173"
set15_num174_a,Integer,0,,Recommended,"174. ascending [uh SEN ding]","",,"","Set 15","PPVT3_FormA_set15_num174"
set15_e174_a,String,50,,Recommended,"174. ascending [uh SEN ding] (error)","Yes;No",,"","Set 15","PPVT3_FormA_set15_E174"
set15_num175_a,Integer,0,,Recommended,"175. monetary [MON uh tayr ee]","",,"","Set 15","PPVT3_FormA_set15_num175"
set15_e175_a,String,50,,Recommended,"175. monetary [MON uh tayr ee] (error)","Yes;No",,"","Set 15","PPVT3_FormA_set15_E175"
set15_num176_a,Integer,0,,Recommended,"176. entomologist [ent uh MOL uh juhst]","",,"","Set 15","PPVT3_FormA_set15_num176"
set15_e176_a,String,50,,Recommended,"176. entomologist [ent uh MOL uh juhst] (error)","Yes;No",,"","Set 15","PPVT3_FormA_set15_E176"
set15_num177_a,Integer,0,,Recommended,"177. gaff [GAF]","",,"","Set 15","PPVT3_FormA_set15_num177"
set15_e177_a,String,50,,Recommended,"177. gaff [GAF] (error)","Yes;No",,"","Set 15","PPVT3_FormA_set15_E177"
set15_num178_a,Integer,0,,Recommended,"178. quintet [kwin TET]","",,"","Set 15","PPVT3_FormA_set15_num178"
set15_e178_a,String,50,,Recommended,"178. quintet [kwin TET] (error)","Yes;No",,"","Set 15","PPVT3_FormA_set15_E178"
set15_num179_a,Integer,0,,Recommended,"179. nautical [NAW ti kuhl]","",,"","Set 15","PPVT3_FormA_set15_num179"
set15_e179_a,String,50,,Recommended,"179. nautical [NAW ti kuhl] (error)","Yes;No",,"","Set 15","PPVT3_FormA_set15_E179"
set15_num180_a,Integer,0,,Recommended,"180. incarcerating [in CAR se rayt ing]","",,"","Set 15","PPVT3_FormA_set15_num180"
set15_e180_a,String,50,,Recommended,"180. incarcerating [in CAR se rayt ing] (error)","Yes;No",,"","Set 15","PPVT3_FormA_set15_E180"
set15_nume15,Integer,0,,Recommended,"Number of Errors","0+",,"","Set 15","PPVT3_FormA_set15_nume15"
set16_num181_a,Integer,0,,Recommended,"181. coniferous [koh NIF uh ruhs]","",,"","Set 16","PPVT3_FormA_set16_num181"
set16_e181_a,String,50,,Recommended,"181. coniferous [koh NIF uh ruhs] (error)","Yes;No",,"","Set 16","PPVT3_FormA_set16_E181"
set16_num182_a,Integer,0,,Recommended,"182. wildebeest [WIL duh beest]","",,"","Set 16","PPVT3_FormA_set16_num182"
set16_e182_a,String,50,,Recommended,"182. wildebeest [WIL duh beest] (error)","Yes;No",,"","Set 16","PPVT3_FormA_set16_E182"
set16_num183_a,Integer,0,,Recommended,"183. caster [KAS tuhr]","",,"","Set 16","PPVT3_FormA_set16_num183"
set16_e183_a,String,50,,Recommended,"183. caster [KAS tuhr] (error)","Yes;No",,"","Set 16","PPVT3_FormA_set16_E183"
set16_num184_a,Integer,0,,Recommended,"184. reposing [ri POHZ ing]","",,"","Set 16","PPVT3_FormA_set16_num184"
set16_e184_a,String,50,,Recommended,"184. reposing [ri POHZ ing] (error)","Yes;No",,"","Set 16","PPVT3_FormA_set16_E184"
set16_num185_a,Integer,0,,Recommended,"185. convex [kon VEKS]","",,"","Set 16","PPVT3_FormA_set16_num185"
set16_e185_a,String,50,,Recommended,"185. convex [kon VEKS] (error)","Yes;No",,"","Set 16","PPVT3_FormA_set16_E185"
set16_num186_a,Integer,0,,Recommended,"186. gourmand [GUUR mond]","",,"","Set 16","PPVT3_FormA_set16_num186"
set16_e186_a,String,50,,Recommended,"186. gourmand [GUUR mond] (error)","Yes;No",,"","Set 16","PPVT3_FormA_set16_E186"
set16_num187_a,Integer,0,,Recommended,"187. dromedary [DROM uh dayr ee]","",,"","Set 16","PPVT3_FormA_set16_num187"
set16_e187_a,String,50,,Recommended,"187. dromedary [DROM uh dayr ee] (error)","Yes;No",,"","Set 16","PPVT3_FormA_set16_E187"
set16_num188_a,Integer,0,,Recommended,"188. diverging [duh VUHRJ ing]","",,"","Set 16","PPVT3_FormA_set16_num188"
set16_e188_a,String,50,,Recommended,"188. diverging [duh VUHRJ ing] (error)","Yes;No",,"","Set 16","PPVT3_FormA_set16_E188"
set16_num189_a,Integer,0,,Recommended,"189. incertitude [in SUHRT uh tude]","",,"","Set 16","PPVT3_FormA_set16_num189"
set16_e189_a,String,50,,Recommended,"189. incertitude [in SUHRT uh tude] (error)","Yes;No",,"","Set 16","PPVT3_FormA_set16_E189"
set16_num190_a,Integer,0,,Recommended,"190. quiescent [kwiv ES uhnt]","",,"","Set 16","PPVT3_FormA_set16_num190"
set16_e190_a,String,50,,Recommended,"190. quiescent [kwiv ES uhnt] (error)","Yes;No",,"","Set 16","PPVT3_FormA_set16_E190"
set16_num191_a,Integer,0,,Recommended,"191. honing [HOHN ing]","",,"","Set 16","PPVT3_FormA_set16_num191"
set16_e191_a,String,50,,Recommended,"191. honing [HOHN ing] (error)","Yes;No",,"","Set 16","PPVT3_FormA_set16_E191"
set16_num192_a,Integer,0,,Recommended,"192. cupola [KYOO puh luh]","",,"","Set 16","PPVT3_FormA_set16_num192"
set16_e192_a,String,50,,Recommended,"192. cupola [KYOO puh luh] (error)","Yes;No",,"","Set 16","PPVT3_FormA_set16_E192"
set16_nume16,Integer,0,,Recommended,"Number of Errors","0+",,"","Set 16","PPVT3_FormA_set16_nume16"
set17_num193_a,Integer,0,,Recommended,"193. embossed [im BAWST]","",,"","Set 17","PPVT3_FormA_set17_num193"
set17_e193_a,String,50,,Recommended,"193. embossed [im BAWST] (error)","Yes;No",,"","Set 17","PPVT3_FormA_set17_E193"
set17_num194_a,Integer,0,,Recommended,"194. perambulating [puh RAM byuh layt ing]","",,"","Set 17","PPVT3_FormA_set17_num194"
set17_e194_a,String,50,,Recommended,"194. perambulating [puh RAM byuh layt ing] (error)","Yes;No",,"","Set 17","PPVT3_FormA_set17_E194"
set17_num195_a,Integer,0,,Recommended,"195. arable [AYR uh buhl]","",,"","Set 17","PPVT3_FormA_set17_num195"
set17_e195_a,String,50,,Recommended,"195. arable [AYR uh buhl] (error)","Yes;No",,"","Set 17","PPVT3_FormA_set17_E195"
set17_num196_a,Integer,0,,Recommended,"196. importunity [im puhr TOO nuht ee]","",,"","Set 17","PPVT3_FormA_set17_num196"
set17_e196_a,String,50,,Recommended,"196. importunity [im puhr TOO nuht ee] (error)","Yes;No",,"","Set 17","PPVT3_FormA_set17_E196"
set17_num197_a,Integer,0,,Recommended,"197. cenotaph [SEN uh taf]","",,"","Set 17","PPVT3_FormA_set17_num197"
set17_e197_a,String,50,,Recommended,"197. cenotaph [SEN uh taf] (error)","Yes;No",,"","Set 17","PPVT3_FormA_set17_E197"
set17_num198_a,Integer,0,,Recommended,"198. tonsorial [ton SOHR ee uhl]","",,"","Set 17","PPVT3_FormA_set17_num198"
set17_e198_a,String,50,,Recommended,"198. tonsorial [ton SOHR ee uhl] (error)","Yes;No",,"","Set 17","PPVT3_FormA_set17_E198"
set17_num199_a,Integer,0,,Recommended,"199. nidificating [NID uf fuh  kayt ing]","",,"","Set 17","PPVT3_FormA_set17_num199"
set17_e199_a,String,50,,Recommended,"199. nidificating [NID uf fuh  kayt ing] (error)","Yes;No",,"","Set 17","PPVT3_FormA_set17_E199"
set17_num200_a,Integer,0,,Recommended,"200. terpsichorean [tuhrp sik uh REE uhn]","",,"","Set 17","PPVT3_FormA_set17_num200"
set17_e200_a,String,50,,Recommended,"200. terpsichorean [tuhrp sik uh REE uhn] (error)","Yes;No",,"","Set 17","PPVT3_FormA_set17_E200"
set17_num201_a,Integer,0,,Recommended,"201. cairn [KAYRN]","",,"","Set 17","PPVT3_FormA_set17_num201"
set17_e201_a,String,50,,Recommended,"201. cairn [KAYRN] (error)","Yes;No",,"","Set 17","PPVT3_FormA_set17_E201"
set17_num202_a,Integer,0,,Recommended,"202. osculating [OS kyuh layt ing]","",,"","Set 17","PPVT3_FormA_set17_num202"
set17_e202_a,String,50,,Recommended,"202. osculating [OS kyuh layt ing] (error)","Yes;No",,"","Set 17","PPVT3_FormA_set17_E202"
set17_num203_a,Integer,0,,Recommended,"203. vitreous [VI tree uhs]","",,"","Set 17","PPVT3_FormA_set17_num203"
set17_e203_a,String,50,,Recommended,"203. vitreous [VI tree uhs] (error)","Yes;No",,"","Set 17","PPVT3_FormA_set17_E203"
set17_num204_a,Integer,0,,Recommended,"204. lugubrious [luu GOO bree uhs]","",,"","Set 17","PPVT3_FormA_set17_num204"
set17_e204_a,String,50,,Recommended,"204. lugubrious [luu GOO bree uhs] (error)","Yes;No",,"","Set 17","PPVT3_FormA_set17_E204"
set17_nume17,Integer,0,,Recommended,"Number of Errors","0+",,"","Set 17","PPVT3_FormA_set17_nume17"
addit_behav,String,255,,Optional,"Test Behavior Notes:","",,"","Additional Data","PPVT3_FormA_addit_behav"
addit_test1,String,50,,Recommended,"Data from Other Tests: Test 1","",,"","Additional Data","PPVT3_FormA_addit_test1"
addit_date1,Date,0,,Recommended,"Data from Other Tests:  Date 1","MM/yyyy;MM/dd/yyyy",,"","Additional Data","PPVT3_FormA_addit_Date1"
addit_result1,String,255,,Recommended,"Data from Other Tests:  Results 1","",,"","Additional Data","PPVT3_FormA_addit_result1"
addit_test2,String,50,,Recommended,"Data from Other Tests: Test 2","",,"","Additional Data","PPVT3_FormA_addit_test2"
addit_date2,Date,0,,Recommended,"Data from Other Tests:  Date 2","MM/yyyy;MM/dd/yyyy",,"","Additional Data","PPVT3_FormA_addit_Date2"
addit_result2,String,255,,Recommended,"Data from Other Tests:  Results 2","",,"","Additional Data","PPVT3_FormA_addit_result2"
addit_test3,String,50,,Recommended,"Data from Other Tests: Test 3","",,"","Additional Data","PPVT3_FormA_addit_test3"
addit_date3,Date,0,,Recommended,"Data from Other Tests:  Date 3","MM/yyyy;MM/dd/yyyy",,"","Additional Data","PPVT3_FormA_addit_Date3"
addit_result3,String,255,,Recommended,"Data from Other Tests:  Results 3","",,"","Additional Data","PPVT3_FormA_addit_result3"
addit_test4,String,50,,Recommended,"Data from Other Tests: Test 4","",,"","Additional Data","PPVT3_FormA_addit_test4"
addit_date4,Date,0,,Recommended,"Data from Other Tests:  Date 4","MM/yyyy;MM/dd/yyyy",,"","Additional Data","PPVT3_FormA_addit_Date4"
addit_result4,String,255,,Recommended,"Data from Other Tests:  Results 4","",,"","Additional Data","PPVT3_FormA_addit_result4"
addit_test5,String,50,,Recommended,"Data from Other Tests: Test 5","",,"","Additional Data","PPVT3_FormA_addit_test5"
addit_date5,Date,0,,Recommended,"Data from Other Tests:  Date 5","MM/yyyy;MM/dd/yyyy",,"","Additional Data","PPVT3_FormA_addit_Date5"
addit_result5,String,255,,Recommended,"Data from Other Tests:  Results 5","",,"","Additional Data","PPVT3_FormA_addit_result5"
addit_test6,String,50,,Recommended,"Data from Other Tests: Test 6","",,"","Additional Data","PPVT3_FormA_addit_test6"
addit_date6,Date,0,,Recommended,"Data from Other Tests:  Date 6","MM/yyyy;MM/dd/yyyy",,"","Additional Data","PPVT3_FormA_addit_Date6"
addit_result6,String,255,,Recommended,"Data from Other Tests:  Results 6","",,"","Additional Data","PPVT3_FormA_addit_result6"
addit_fair,String,50,,Recommended,"Do you believe the individual's performance represents fairly her or his true ability in this area?","Yes;No",,"","Additional Data","PPVT3_FormA_addit_fair"
addit_reasons,String,1024,,Recommended,"If not, cite reasons such as rapport problems, poor testing situation, hearing or vision loss, visual-perceptual disorder, test too easy or too hard, etc.","",,"","Additional Data","PPVT3_FormA_addit_reasons"
addit_rec,String,1024,,Recommended,"Recommendations","",,"","Additional Data","PPVT3_FormA_addit_rec"
band_bofc,String,50,,Optional,"Band of Confidence (Circle one)","",,"","Reliability Confidence Bands","PPVT3_FormA_band_bofc"
band_stand1,Float,0,,Optional,"Standard Score Min","",,"","Reliability Confidence Bands","PPVT3_FormA_band_stand1"
band_stand2,Float,0,,Optional,"Standard Score Max","",,"","Reliability Confidence Bands","PPVT3_FormA_band_stand2"
band_percent1,Float,0,,Optional,"Percentile Rank Min","",,"","Reliability Confidence Bands","PPVT3_FormA_band_percent1"
band_percent2,Float,0,,Optional,"Percentile Rank Max","",,"","Reliability Confidence Bands","PPVT3_FormA_band_percent2"
band_norm1,Float,0,,Optional,"Normal Curve Equivalent Min","",,"","Reliability Confidence Bands","PPVT3_FormA_band_norm1"
band_norm2,Float,0,,Optional,"Normal Curve Equivalent Max","",,"","Reliability Confidence Bands","PPVT3_FormA_band_norm2"
band_ageeq1,Float,0,,Optional,"Age Equivalent Min","",,"","Reliability Confidence Bands","PPVT3_FormA_band_ageeq1"
band_ageeq2,Float,0,,Optional,"Age Equivalent Max","",,"","Reliability Confidence Bands","PPVT3_FormA_band_ageeq2"
