ElementName,DataType,Size,Unit,Required,ElementDescription,ValueRange,Keywords,Notes,Section,Aliases
subjectkey,GUID,0,,Required,"","NDAR*",,"","",""
src_subject_id,String,20,,Required,"","",,"","",""
interview_date,Date,0,,Required,"","MM/yyyy;MM/dd/yyyy",,"* '01/01/1900' indicates that a date associated with retrospective data is not known.","Header",""
interview_age,Integer,0,,Required,"","0 to 1200",,"Age is rounded to chronological month If the research participant is 13 days old at time of interview  the appropriate value would be 0 months if the participant is 19 days old the value would be 1 month","Header",""
comments_misc,String,255,,Optional,"","",,"","Header",""
gender,String,50,,Optional,"","M;F",,"","Header",""
currschool,String,255,,Optional,"","",,"","Header",""
currgradelevel,String,50,,Optional,"","",,"","Header",""
totaltime,Integer,4,,Optional,"","",,"","Header",""
rv_a1_answer,Integer,4,,Recommended,"","1;2;3;4;5;6",,"","Responses",""
rv_a1_score,Integer,4,,Recommended,"","0;1",,"","Responses",""
rv_a2_answer,Integer,4,,Recommended,"","1;2;3;4;5;6",,"","Responses",""
rv_a2_score,Integer,4,,Recommended,"","0;1",,"","Responses",""
rv_a3_answer,Integer,4,,Recommended,"","1;2;3;4;5;6",,"","Responses",""
rv_a3_score,Integer,4,,Recommended,"","0;1",,"","Responses",""
rv_a4_answer,Integer,4,,Recommended,"","1;2;3;4;5;6",,"","Responses",""
rv_a4_score,Integer,4,,Recommended,"","0;1",,"","Responses",""
rv_a5_answer,Integer,4,,Recommended,"","1;2;3;4;5;6",,"","Responses",""
rv_a5_score,Integer,4,,Recommended,"","0;1",,"","Responses",""
rv_a6_answer,Integer,4,,Recommended,"","1;2;3;4;5;6",,"","Responses",""
rv_a6_score,Integer,4,,Recommended,"","0;1",,"","Responses",""
rv_a7_answer,Integer,4,,Recommended,"","1;2;3;4;5;6",,"","Responses",""
rv_a7_score,Integer,4,,Recommended,"","0;1",,"","Responses",""
rv_a8_answer,Integer,4,,Recommended,"","1;2;3;4;5;6",,"","Responses",""
rv_a8_score,Integer,4,,Recommended,"","0;1",,"","Responses",""
rv_a9_answer,Integer,4,,Recommended,"","1;2;3;4;5;6",,"","Responses",""
rv_a9_score,Integer,4,,Recommended,"","0;1",,"","Responses",""
rv_a10_answer,Integer,4,,Recommended,"","1;2;3;4;5;6",,"","Responses",""
rv_a10_score,Integer,4,,Recommended,"","0;1",,"","Responses",""
rv_a11_answer,Integer,4,,Recommended,"","1;2;3;4;5;6",,"","Responses",""
rv_a11_score,Integer,4,,Recommended,"","0;1",,"","Responses",""
rv_a12_answer,Integer,4,,Recommended,"","1;2;3;4;5;6",,"","Responses",""
rv_a12_score,Integer,4,,Recommended,"","0;1",,"","Responses",""
rv_ab1_answer,Integer,4,,Recommended,"","1;2;3;4;5;6",,"","Responses",""
rv_ab1_score,Integer,4,,Recommended,"","0;1",,"","Responses",""
rv_ab2_answer,Integer,4,,Recommended,"","1;2;3;4;5;6",,"","Responses",""
rv_ab2_score,Integer,4,,Recommended,"","0;1",,"","Responses",""
rv_ab3_answer,Integer,4,,Recommended,"","1;2;3;4;5;6",,"","Responses",""
rv_ab3_score,Integer,4,,Recommended,"","0;1",,"","Responses",""
rv_ab4_answer,Integer,4,,Recommended,"","1;2;3;4;5;6",,"","Responses",""
rv_ab4_score,Integer,4,,Recommended,"","0;1",,"","Responses",""
rv_ab5_answer,Integer,4,,Recommended,"","1;2;3;4;5;6",,"","Responses",""
rv_ab5_score,Integer,4,,Recommended,"","0;1",,"","Responses",""
rv_ab6_answer,Integer,4,,Recommended,"","1;2;3;4;5;6",,"","Responses",""
rv_ab6_score,Integer,4,,Recommended,"","0;1",,"","Responses",""
rv_ab7_answer,Integer,4,,Recommended,"","1;2;3;4;5;6",,"","Responses",""
rv_ab7_score,Integer,4,,Recommended,"","0;1",,"","Responses",""
rv_ab8_answer,Integer,4,,Recommended,"","1;2;3;4;5;6",,"","Responses",""
rv_ab8_score,Integer,4,,Recommended,"","0;1",,"","Responses",""
rv_ab9_answer,Integer,4,,Recommended,"","1;2;3;4;5;6",,"","Responses",""
rv_ab9_score,Integer,4,,Recommended,"","0;1",,"","Responses",""
rv_ab10_answer,Integer,4,,Recommended,"","1;2;3;4;5;6",,"","Responses",""
rv_ab10_score,Integer,4,,Recommended,"","0;1",,"","Responses",""
rv_ab11_answer,Integer,4,,Recommended,"","1;2;3;4;5;6",,"","Responses",""
rv_ab11_score,Integer,4,,Recommended,"","0;1",,"","Responses",""
rv_ab12_answer,Integer,4,,Recommended,"","1;2;3;4;5;6",,"","Responses",""
rv_ab12_score,Integer,4,,Recommended,"","0;1",,"","Responses",""
rv_b1_answer,Integer,4,,Recommended,"","1;2;3;4;5;6",,"","Responses",""
rv_b1_score,Integer,4,,Recommended,"","0;1",,"","Responses",""
rv_b2_answer,Integer,4,,Recommended,"","1;2;3;4;5;6",,"","Responses",""
rv_b2_score,Integer,4,,Recommended,"","0;1",,"","Responses",""
rv_b3_answer,Integer,4,,Recommended,"","1;2;3;4;5;6",,"","Responses",""
rv_b3_score,Integer,4,,Recommended,"","0;1",,"","Responses",""
rv_b4_answer,Integer,4,,Recommended,"","1;2;3;4;5;6",,"","Responses",""
rv_b4_score,Integer,4,,Recommended,"","0;1",,"","Responses",""
rv_b5_answer,Integer,4,,Recommended,"","1;2;3;4;5;6",,"","Responses",""
rv_b5_score,Integer,4,,Recommended,"","0;1",,"","Responses",""
rv_b6_answer,Integer,4,,Recommended,"","1;2;3;4;5;6",,"","Responses",""
rv_b6_score,Integer,4,,Recommended,"","0;1",,"","Responses",""
rv_b7_answer,Integer,4,,Recommended,"","1;2;3;4;5;6",,"","Responses",""
rv_b7_score,Integer,4,,Recommended,"","0;1",,"","Responses",""
rv_b8_answer,Integer,4,,Recommended,"","1;2;3;4;5;6",,"","Responses",""
rv_b8_score,Integer,4,,Recommended,"","0;1",,"","Responses",""
rv_b9_answer,Integer,4,,Recommended,"","1;2;3;4;5;6",,"","Responses",""
rv_b9_score,Integer,4,,Recommended,"","0;1",,"","Responses",""
rv_b10_answer,Integer,4,,Recommended,"","1;2;3;4;5;6",,"","Responses",""
rv_b10_score,Integer,4,,Recommended,"","0;1",,"","Responses",""
rv_b11_answer,Integer,4,,Recommended,"","1;2;3;4;5;6",,"","Responses",""
rv_b11_score,Integer,4,,Recommended,"","0;1",,"","Responses",""
rv_b12_answer,Integer,4,,Recommended,"","1;2;3;4;5;6",,"","Responses",""
rv_b12_score,Integer,4,,Recommended,"","0;1",,"","Responses",""
rv_a_scoretotal,Integer,4,,Recommended,"","0 to 12",,"","Score Summary",""
rv_ab_scoretotal,Integer,4,,Recommended,"","0 to 12",,"","Score Summary",""
rv_b_scoretotal,Integer,4,,Recommended,"","0 to 12",,"","Score Summary",""
rv_scoretotal,Integer,4,,Recommended,"","0 to 36",,"","Score Summary",""
rv_iq,String,50,,Recommended,"","",,"","Score Summary",""
rv_ravens_age,String,50,,Recommended,"","",,"","Score Summary",""
