ElementName,DataType,Size,Unit,Required,ElementDescription,ValueRange,Keywords,Notes,Section,Aliases
subjectkey,GUID,0,,Required,"The NDAR Global Unique Identifier (GUID) for subjects which identifies a subject in NDAR","NDAR*",,"","NDAR Required","rbsr_subjectKey"
src_subject_id,String,20,,Required,"The site's subject identification","",,"","NDAR Required","rbsr_src_subject_id"
interview_date,Date,0,,Required,"Date on which the interview/genetic test/sampling/imaging was completed","MM/yyyy;MM/dd/yyyy",,"* '01/01/1900' indicates that a date associated with retrospective data is not known.","NDAR Required","rbsr_doe"
interview_age,Integer,0,,Required,"Age in months at the time of the interview/test/sampling/imaging.","0 to 1200",,"Age is rounded to chronological month If the research participant is 13 days old at time of interview  the appropriate value would be 0 months if the participant is 19 days old the value would be 1 month","NDAR Required","rbsr_interview_age"
gender,String,50,,Required,"Gender","M;F",,"","","rbsr_gender"
comment,String,255,,Optional,"misc. comments regarding RBS-R","",,"","",""
informant,String,20,,Required,"Informant completing test","Mother;Father;Both Parents;Other;Self",,"","",""
rbsr_q1,Integer,0,,Recommended,"Whole body","0;1;2;3",,"","Stereotyped Behavior Subscale","q3_a1"
rbsr_q2,Integer,0,,Recommended,"Head","0;1;2;3",,"","Stereotyped Behavior Subscale","q3_a2"
rbsr_q3,Integer,0,,Recommended,"Hand/finger","0;1;2;3",,"","Stereotyped Behavior Subscale","q3_a3"
rbsr_q4,Integer,0,,Recommended,"Locomotion","0;1;2;3",,"","Stereotyped Behavior Subscale","q3_a4"
rbsr_q5,Integer,0,,Recommended,"Object usage","0;1;2;3",,"","Stereotyped Behavior Subscale","q3_a5"
rbsr_q6,Integer,0,,Recommended,"Sensory","0;1;2;3",,"","Stereotyped Behavior Subscale","q3_a6"
rbsr_q7,Integer,0,,Recommended,"Hits self with body part","0;1;2;3",,"","Self-Injurious Behavior Subscale","q3_b7"
rbsr_q8,Integer,0,,Recommended,"Hits self against surface or object","0;1;2;3",,"","Self-Injurious Behavior Subscale","q3_b8"
rbsr_q9,Integer,0,,Recommended,"Hits self with object","0;1;2;3",,"","Self-Injurious Behavior Subscale","q3_b9"
rbsr_q10,Integer,0,,Recommended,"Bites self","0;1;2;3",,"","Self-Injurious Behavior Subscale","q3_b10"
rbsr_q11,Integer,0,,Recommended,"Pulls","0;1;2;3",,"","Self-Injurious Behavior Subscale","q3_b11"
rbsr_q12,Integer,0,,Recommended,"Rubs or scratches self","0;1;2;3",,"","Self-Injurious Behavior Subscale","q3_b12"
rbsr_q13,Integer,0,,Recommended,"Inserts finger or object","0;1;2;3",,"","Self-Injurious Behavior Subscale","q3_b13"
rbsr_q14,Integer,0,,Recommended,"Skin picking","0;1;2;3",,"","Self-Injurious Behavior Subscale","q3_b14"
rbsr_q15,Integer,0,,Recommended,"Arranging/ordering","0;1;2;3",,"","Compulsive Behavior Subscale","q3_c15"
rbsr_q16,Integer,0,,Recommended,"Completeness","0;1;2;3",,"","Compulsive Behavior Subscale","q3_c16"
rbsr_q17,Integer,0,,Recommended,"Washing/Cleaning","0;1;2;3",,"","Compulsive Behavior Subscale","q3_c17"
rbsr_q18,Integer,0,,Recommended,"Checking","0;1;2;3",,"","Compulsive Behavior Subscale","q3_c18"
rbsr_q19,Integer,0,,Recommended,"Counting","0;1;2;3",,"","Compulsive Behavior Subscale","q3_c19"
rbsr_q20,Integer,0,,Recommended,"Hoarding/saving","0;1;2;3",,"","Compulsive Behavior Subscale","q3_c20"
rbsr_q21,Integer,0,,Recommended,"Repeating","0;1;2;3",,"","Compulsive Behavior Subscale","q3_c21"
rbsr_q22,Integer,0,,Recommended,"Touch/tap","0;1;2;3",,"","Compulsive Behavior Subscale","q3_c22"
rbsr_q23,Integer,0,,Recommended,"Eating/mealtime","0;1;2;3",,"","Ritualistic Behavior Subscale","q3_d23"
rbsr_q24,Integer,0,,Recommended,"Sleeping/bedtime","0;1;2;3",,"","Ritualistic Behavior Subscale","q3_d24"
rbsr_q25,Integer,0,,Recommended,"Self-care - bathroom and dressing","0;1;2;3",,"","Ritualistic Behavior Subscale","q3_d25"
rbsr_q26,Integer,0,,Recommended,"Travel/transportation","0;1;2;3",,"","Ritualistic Behavior Subscale","q3_d26"
rbsr_q27,Integer,0,,Recommended,"Play/leisure","0;1;2;3",,"","Ritualistic Behavior Subscale","q3_d27"
rbsr_q28,Integer,0,,Recommended,"Communication/social interactions","0;1;2;3",,"","Ritualistic Behavior Subscale","q3_d28"
rbsr_q29,Integer,0,,Recommended,"Insists that things remain in the same place(s)","0;1;2;3",,"","Sameness Behavior Subscale","q3_e29"
rbsr_q30,Integer,0,,Recommended,"Objects to visiting new places","0;1;2;3",,"","Sameness Behavior Subscale","q3_e30"
rbsr_q31,Integer,0,,Recommended,"Becomes upset if interrupted in what he/she is doing","0;1;2;3",,"","Sameness Behavior Subscale","q3_e31"
rbsr_q32,Integer,0,,Recommended,"Insists on walking in a particular pattern","0;1;2;3",,"","Sameness Behavior Subscale","q3_e32"
rbsr_q33,Integer,0,,Recommended,"Insists on sitting at the same place","0;1;2;3",,"","Sameness Behavior Subscale","q3_e33"
rbsr_q34,Integer,0,,Recommended,"Dislikes changes in appearance or behavior of the people around him/her","0;1;2;3",,"","Sameness Behavior Subscale","q3_e34"
rbsr_q35,Integer,0,,Recommended,"Insists on using a particular door","0;1;2;3",,"","Sameness Behavior Subscale","q3_e35"
rbsr_q36,Integer,0,,Recommended,"Likes the same CD/tape/record or piece of music; likes same movie/video (or part of)","0;1;2;3",,"","Sameness Behavior Subscale","q3_e36"
rbsr_q37,Integer,0,,Recommended,"Resists changing activitiees; difficulty with transitions","0;1;2;3",,"","Sameness Behavior Subscale","q3_e37"
rbsr_q38,Integer,0,,Recommended,"Insists on same routine, household, school or work schedule everyday","0;1;2;3",,"","Sameness Behavior Subscale","q3_e38"
rbsr_q39,Integer,0,,Recommended,"Insists that specific things take place at specific times","0;1;2;3",,"","Sameness Behavior Subscale","q3_e39"
rbsr_q40,Integer,0,,Recommended,"Fascination, preoccupation with one subject or activity","0;1;2;3",,"","Restricted Behavior Subscale","q3_f40"
rbsr_q41,Integer,0,,Recommended,"Strongly attached to one specific object","0;1;2;3",,"","Restricted Behavior Subscale","q3_f41"
rbsr_q42,Integer,0,,Recommended,"Preoccupation with part(s) of object rather than the whole oject","0;1;2;3",,"","Restricted Behavior Subscale","q3_f42"
rbsr_q43,Integer,0,,Recommended,"Fascination, preoccupation with movement/things that move","0;1;2;3",,"","Restricted Behavior Subscale","q3_f43"
rbsr_5subscale_1_tot,Integer,0,,Optional,"5-I Total (q1-6,22,42,43)","0 to 27",,"Alt. 5 subscale scoring [[Lam, KSL (2004) Unpublished doctoral dissertation, The Ohio State University]","5-I: Stereotypic Behavior",""
rbsr_5subscale_2_tot,Integer,0,,Optional,"5-II Total (q7-14)","0 to 24",,"Alt. 5 subscale scoring [[Lam, KSL (2004) Unpublished doctoral dissertation, The Ohio State University]","5-II: Self-Injurious Behavior",""
rbsr_5subscale_3_tot,Integer,0,,Optional,"5-III Total (q15-20)","0 to 18",,"Alt. 5 subscale scoring [[Lam, KSL (2004) Unpublished doctoral dissertation, The Ohio State University]","5-III: Compulsive Behavior",""
rbsr_5subscale_4_tot,Integer,0,,Optional,"5-IV Total (q26-28,30-35,37-39)","0 to 36",,"Alt. 5 subscale scoring [[Lam, KSL (2004) Unpublished doctoral dissertation, The Ohio State University]","5-IV: Ritualistic/Sameness Behavior",""
rbsr_5subscale_5_tot,Integer,0,,Optional,"5-V Total (q36, 40, 41)","0 to 9",,"Alt. 5 subscale scoring [[Lam, KSL (2004) Unpublished doctoral dissertation, The Ohio State University]","5-V: Restricted Interests",""
rbsr_5subscale_1_num_endr,Integer,0,,Optional,"5-I Total endorsed","0 to 9",,"Alt. 5 subscale scoring [[Lam, KSL (2004) Unpublished doctoral dissertation, The Ohio State University]","5-I: Number Endorsed",""
rbsr_5subscale_2_num_endr,Integer,0,,Optional,"5-II Total endorsed","0 to 8",,"Alt. 5 subscale scoring [[Lam, KSL (2004) Unpublished doctoral dissertation, The Ohio State University]","5-II: Number Endorsed",""
rbsr_5subscale_3_num_endr,Integer,0,,Optional,"5-III Total endorsed","0 to 6",,"Alt. 5 subscale scoring [[Lam, KSL (2004) Unpublished doctoral dissertation, The Ohio State University]","5-III: Number Endorsed",""
rbsr_5subscale_4_num_endr,Integer,0,,Optional,"5-IV Total endorsed","0 to 12",,"Alt. 5 subscale scoring [[Lam, KSL (2004) Unpublished doctoral dissertation, The Ohio State University]","5-IV: Number Endorsed",""
rbsr_5subscale_5_num_endr,Integer,0,,Optional,"5-V Total endorsed","0 to 3",,"Alt. 5 subscale scoring [[Lam, KSL (2004) Unpublished doctoral dissertation, The Ohio State University]","5-V: Number Endorsed",""
rbsr_5total_score,Integer,0,,Optional,"5 subscale total score","0 to 114",,"Alt. 5 subscale scoring [[Lam, KSL (2004) Unpublished doctoral dissertation, The Ohio State University]","5 Subscale Total Score",""
rbsr_5total_num_endr,Integer,0,,Optional,"5 subscale total endorsed score","0 to 38",,"Alt. 5 subscale scoring [[Lam, KSL (2004) Unpublished doctoral dissertation, The Ohio State University]","5 Subscale Total Endorsed",""
rbsr_6subscale_1_tot,Integer,0,,Recommended,"6-I Total","0 to 18",,"","6-I: Stereotypic Behavior","q3_tota"
rbsr_6subscale_2_tot,Integer,0,,Recommended,"6-II Total","0 to 24",,"","6-II: Self-Injurious Behavior","q3_totb"
rbsr_6subscale_3_tot,Integer,0,,Recommended,"6-III Total","0 to 24",,"","6-III: Compulsive Behavior","q3_totc"
rbsr_6subscale_4_tot,Integer,0,,Recommended,"6-IV Total","0 to 18",,"","6-IV: Ritualistic Behavior","q3_totd"
rbsr_6subscale_5_tot,Integer,0,,Recommended,"6-V Total","0 to 33",,"","6-IV: Sameness Behavior",""
rbsr_6subscale_6_tot,Integer,0,,Recommended,"6-VI Total","0 to 12",,"","6-VI: Restricted Interests","q3_totf"
rbsr_6subscale_1_num_endr,Integer,0,,Recommended,"6-I Total endorsed","0 to 6",,"","6-I: Number Endorsed",""
rbsr_6subscale_2_num_endr,Integer,0,,Recommended,"6-II Total endorsed","0 to 8",,"","6-II: Number Endorsed",""
rbsr_6subscale_3_num_endr,Integer,0,,Recommended,"6-III Total endorsed","0 to 8",,"","6-III: Number Endorsed",""
rbsr_6subscale_4_num_endr,Integer,0,,Recommended,"6-IV Total endorsed","0 to 6",,"","6-IV: Number Endorsed",""
rbsr_6subscale_5_num_endr,Integer,0,,Recommended,"6-V Total endorsed","0 to 11",,"","6-V: Number Endorsed",""
rbsr_6subscale_6_num_endr,Integer,0,,Recommended,"6-VI Total endorsed","0 to 4",,"","6-VI: Number Endorsed",""
rbsr_6total_score,Integer,0,,Recommended,"6 subscale total score","0 to 129",,"","6 Subscale Total Score","q3_tot"
rbsr_6total_num_endr,Integer,0,,Recommended,"6 subscale total endorsed score","0 to 43",,"","6 Subscale Total Endorsed",""
