ElementName,DataType,Size,Unit,Required,ElementDescription,ValueRange,Keywords,Notes,Section,Aliases
subjectkey,GUID,0,,Required,"The NDAR Global Unique Identifier (GUID) for subjects which identifies a subject in NDAR","NDAR*",,"","",""
src_subject_id,String,20,,Required,"The site's subject identification","",,"","Header",""
interview_date,Date,0,,Required,"Date on which the interview/genetic test/sampling/imaging was completed","MM/yyyy;MM/dd/yyyy",,"* '01/01/1900' indicates that a date associated with retrospective data is not known.","Header",""
interview_age,Integer,0,,Required,"Age in months at the time of the interview/test/sampling/imaging.","0 to 1200",,"Age is rounded to chronological month If the research participant is 13 days old at time of interview  the appropriate value would be 0 months if the participant is 19 days old the value would be 1 month","Header",""
comments_misc,String,255,,Optional,"Miscellaneous comments on study, interview, methodology relevant to this form data","",,"","Header",""
rbsr_stereo_behavior_endorsed,Integer,255,,Recommended,"Stereotyped Behavior (Number of subscale items endorsed)","0 to 6",,"","Score Summary","Stereotyped_Behavior_Endorsed"
rbsr_stereo_total,Integer,0,,Recommended,"Stereotyped Behavior (Total subscale score)","0 to 18",,"","Score Summary","Stereotyped_Total"
rbsr_self_injurous_endorsed,Integer,0,,Recommended,"Self Injurous Behavior (Number of subscale items endorsed)","0 to 8",,"","Score Summary","Self_Injurous_Endorsed"
rbsr_self_injurous_total,Integer,0,,Recommended,"Self Injurous Behavior (Total subscale score)","0 to 24",,"","Score Summary","Self_Injurous_Total"
rbsr_compulsive_endorsed,Integer,0,,Recommended,"Compulsive Behavior (Number of subscale items endorsed)","0 to 8",,"","Score Summary","Compulsive_Endorsed"
rbsr_compulsive_total,String,255,,Recommended,"Compulsive Behavior (Total subscale score)","0 to 24",,"","Score Summary","Compulsive_Total"
rbsr_ritualistic_endorsed,String,255,,Recommended,"Ritualistic Behavior (Number of subscale items endorsed)","0 to 6",,"","Score Summary","Ritualistic_Endorsed"
rbsr_ritualistic_total,String,255,,Recommended,"Ritualistic Behavior (Total subscale score)","0 to 18",,"","Score Summary","Ritualistic_Total"
rbsr_sameness_endorsed,String,255,,Recommended,"Sameness Behavior (Number of subscale items endorsed)","0 to 129",,"","Score Summary","Sameness_Endorsed"
rbsr_sameness_total,String,255,,Recommended,"Sameness Behavior (Total subscale score)","0 to 33",,"","Score Summary","Sameness_Total"
rbsr_restricted_endorsed,String,255,,Recommended,"Restricted Behavior (Number of subscale items endorsed)","0 to 4",,"","Score Summary","Restricted_Endorsed"
rbsr_restricted_total,String,255,,Recommended,"Restricted Behavior (Total subscale score)","0 to 12",,"","Score Summary","Restricted_Total"
rbsr_overall_endorsed,String,255,,Recommended,"Overall number of items endorsed","0 to 43",,"","Score Summary","Overall_Endorsed"
rbsr_overall_total,String,255,,Recommended,"Overall score","0 to 129",,"","Score Summary","Overall_Total"
