ElementName,DataType,Size,Unit,Required,ElementDescription,ValueRange,Keywords,Notes,Section,Aliases
subjectkey,GUID,0,,Required,"","NDAR*",,"","",""
src_subject_id,String,20,,Required,"","",,"","Header",""
interview_date,Date,0,,Required,"","MM/yyyy;MM/dd/yyyy",,"* '01/01/1900' indicates that a date associated with retrospective data is not known.","Header",""
interview_age,Integer,0,,Required,"","0 to 1200",,"Age is rounded to chronological month If the research participant is 13 days old at time of interview  the appropriate value would be 0 months if the participant is 19 days old the value would be 1 month","Header",""
gender,String,50,,Required,"","M;F",,"","",""
comments_misc,String,255,,Optional,"","",,"","Header",""
untestable,String,50,,Optional,"","Yes;No;N/A",,"","Header",""
untestable_reason,String,255,,Optional,"","",,"","Header",""
ssfsiq,Integer,0,,Recommended,"","40 to 160",,"","Band-Aid/Sock",""
ssnviq,Integer,0,,Required,"","40 to 160",,"","Band-Aid/Sock",""
ssviq,Integer,0,,Required,"","40 to 160",,"","Band-Aid/Sock",""
ssfr,Integer,0,,Recommended,"","40 to 160",,"","Band-Aid/Sock",""
sskn,Integer,0,,Recommended,"","40 to 160",,"","Band-Aid/Sock",""
ssqr,Integer,0,,Recommended,"","40 to 160",,"","Crayons/Car",""
ssvs,Integer,0,,Recommended,"","40 to 160",,"","Crayons/Car",""
sswm,Integer,0,,Recommended,"","40 to 160",,"","Crayons/Car",""
comb_pr_fsiq,String,250,,Recommended,"","",,"","Score Summary",""
comb_pr_nviq,String,250,,Recommended,"","",,"","",""
comb_pr_viq,String,250,,Recommended,"","",,"","",""
comb_pr_fr,String,250,,Recommended,"","",,"","",""
comb_pr_kn,String,250,,Recommended,"","",,"","",""
comb_pr_qr,String,250,,Recommended,"","",,"","",""
comb_pr_vs,String,250,,Recommended,"","",,"","",""
comb_pr_wm,String,250,,Recommended,"","",,"","",""
desc_class_fsiq,Integer,0,,Recommended,"","1;2;3;4;5;6;7;8;9",,"","",""
desc_class_nviq,Integer,0,,Recommended,"","1;2;3;4;5;6;7;8;9",,"","",""
desc_class_viq,Integer,0,,Recommended,"","1;2;3;4;5;6;7;8;9",,"","",""
desc_class_fr,Integer,0,,Recommended,"","1;2;3;4;5;6;7;8;9",,"","",""
desc_class_kn,Integer,0,,Recommended,"","1;2;3;4;5;6;7;8;9",,"","",""
desc_class_qr,Integer,0,,Recommended,"","1;2;3;4;5;6;7;8;9",,"","",""
desc_class_vs,Integer,0,,Recommended,"","1;2;3;4;5;6;7;8;9",,"","",""
desc_class_wm,Integer,0,,Recommended,"","1;2;3;4;5;6;7;8;9",,"","",""
nv_fr,Integer,0,,Recommended,"","1 to 19",,"","",""
nv_kn,Integer,0,,Recommended,"","1 to 19",,"","",""
nv_qr,Integer,0,,Recommended,"","1 to 19",,"","",""
nv_vs,Integer,0,,Recommended,"","1 to 19",,"","",""
nv_wm,Integer,0,,Recommended,"","1 to 19",,"","",""
v_fr,Integer,0,,Recommended,"","1 to 19",,"","",""
v_kn,Integer,0,,Recommended,"","1 to 19",,"","",""
v_qr,Integer,0,,Recommended,"","1 to 19",,"","",""
v_vs,Integer,0,,Recommended,"","1 to 19",,"","",""
v_wm,Integer,0,,Recommended,"","1 to 19",,"","",""
