ElementName,DataType,Size,Unit,Required,ElementDescription,ValueRange,Keywords,Notes,Section,Aliases
sens_responsenegativetonoise,Integer,0,,Recommended,"Auditory / Sounds: Responds negatively to unexpected or loud noises","1;2;3;4;5",,"Never;Rarely;Sometimes;Often;Always","",""
sens_makerepetitivenoise,Integer,0,,Recommended,"Makes repetitive noises (ex. Humming)","1;2;3;4;5",,"Never;Rarely;Sometimes;Often;Always","",""
sens_nottohearyou,Integer,0,,Recommended,"Appears not to hear what other people say","1;2;3;4;5",,"Never;Rarely;Sometimes;Often;Always","",""
sens_holdhandsoverears,Integer,0,,Recommended,"Holds hands over ears","1;2;3;4;5",,"Never;Rarely;Sometimes;Often;Always","",""
sens_cantworkwithnoise,Integer,0,,Recommended,"Can't work with background noise (fan, refrigerator)","1;2;3;4;5",,"Never;Rarely;Sometimes;Often;Always","",""
sens_avoidbrightlight,Integer,0,,Recommended,"Visual: Discomfort or avoids bright lights","1;2;3;4;5",,"Never;Rarely;Sometimes;Often;Always","",""
sens_lookintenselyatthings,Integer,0,,Recommended,"Looks carefully or intensely at objects/people","1;2;3;4;5",,"Never;Rarely;Sometimes;Often;Always","",""
sens_hesitatewalkonsteps,Integer,0,,Recommended,"Hesitates going up or down curbs or steps","1;2;3;4;5",,"Never;Rarely;Sometimes;Often;Always","",""
sens_avoideyecontacts,Integer,0,,Recommended,"Avoids eye contact","1;2;3;4;5",,"Never;Rarely;Sometimes;Often;Always","",""
sens_deliberatesmellobjects,Integer,0,,Recommended,"Taste: Deliberately smells objects","1;2;3;4;5",,"Never;Rarely;Sometimes;Often;Always","",""
sens_chewnonfood,Integer,0,,Recommended,"Chews/licks nonfood items","1;2;3;4;5",,"Never;Rarely;Sometimes;Often;Always","",""
sens_anxiousfeetoffground,Integer,0,,Recommended,"Movement: Becomes anxious or distressed when feet leave ground","1;2;3;4;5",,"Never;Rarely;Sometimes;Often;Always","",""
sens_fearheight,Integer,0,,Recommended,"Fears falling or heights","1;2;3;4;5",,"Never;Rarely;Sometimes;Often;Always","",""
sens_avoidclimbjump,Integer,0,,Recommended,"Avoids climbing, jumping, bumpy or uneven ground","1;2;3;4;5",,"Never;Rarely;Sometimes;Often;Always","",""
sens_avoidmovingtoys,Integer,0,,Recommended,"Avoids playground equipment or moving toys","1;2;3;4;5",,"Never;Rarely;Sometimes;Often;Always","",""
sens_rockunconsciously,Integer,0,,Recommended,"Rocks unconsciously during other activities (i.e., watching TV)","1;2;3;4;5",,"Never;Rarely;Sometimes;Often;Always","",""
sens_seekmovementactivity,Integer,0,,Recommended,"Seeks out movement activities (whirled by adults, merry-go-round)","1;2;3;4;5",,"Never;Rarely;Sometimes;Often;Always","",""
sens_avoidgetmessy,Integer,0,,Recommended,"Touch: Avoids getting ""messy"" (paste, sand, finger paint, glue, tape)","1;2;3;4;5",,"Never;Rarely;Sometimes;Often;Always","",""
sens_discomfortingrooming,Integer,0,,Recommended,"Discomfort during grooming (hair cutting, face washing, fingernail cutting, tooth brushing)","1;2;3;4;5",,"Never;Rarely;Sometimes;Often;Always","",""
sens_sensitivetofabrics,Integer,0,,Recommended,"Sensitive to certain fabrics (centain clothes or bed sheets)","1;2;3;4;5",,"Never;Rarely;Sometimes;Often;Always","",""
sens_avoidbarefoot,Integer,0,,Recommended,"Avoids going barefoot, especially in sand or grass","1;2;3;4;5",,"Never;Rarely;Sometimes;Often;Always","",""
sens_pickyeater,Integer,0,,Recommended,"Picky eater, especially regarding textures","1;2;3;4;5",,"Never;Rarely;Sometimes;Often;Always","",""
sens_mouthobjects,Integer,0,,Recommended,"Mouths objects","1;2;3;4;5",,"Never;Rarely;Sometimes;Often;Always","",""
sens_alwaysonthego,Integer,0,,Recommended,"Activity Level: Always ""on the go""","1;2;3;4;5",,"Never;Rarely;Sometimes;Often;Always","",""
sens_preferquietplay,Integer,0,,Recommended,"Prefers quiet, sedentary play (TV, books, computers)","1;2;3;4;5",,"Never;Rarely;Sometimes;Often;Always","",""
sens_difficultpayingattention,Integer,0,,Recommended,"Difficulty paying attention","1;2;3;4;5",,"Never;Rarely;Sometimes;Often;Always","",""
sens_hangsonthings,Integer,0,,Recommended,"Body Position: Hangs on people, furniture, objects even in familiar situations","1;2;3;4;5",,"Never;Rarely;Sometimes;Often;Always","",""
sens_walkontoes,Integer,0,,Recommended,"Walks on toes","1;2;3;4;5",,"Never;Rarely;Sometimes;Often;Always","",""
sens_enjoyfalling,Integer,0,,Recommended,"Appears to enjoy falling","1;2;3;4;5",,"Never;Rarely;Sometimes;Often;Always","",""
subjectkey,GUID,0,,Required,"The NDAR Global Unique Identifier (GUID) for subjects which identifies a subject in NDAR","NDAR*",,"","NDAR Required",""
src_subject_id,String,20,,Required,"The site's subject identification","",,"","NDAR Required",""
interview_date,Date,0,,Required,"Date on which the interview/genetic test/sampling/imaging was completed","MM/yyyy;MM/dd/yyyy",,"* '01/01/1900' indicates that a date associated with retrospective data is not known.","NDAR Required",""
interview_age,Integer,0,,Required,"Age in months at the time of the interview/test/sampling/imaging.","0 to 1200",,"Age is rounded to chronological month If the research participant is 13 days old at time of interview  the appropriate value would be 0 months if the participant is 19 days old the value would be 1 month","NDAR Required",""
