ElementName,DataType,Size,Unit,Required,ElementDescription,ValueRange,Keywords,Notes,Section,Aliases
ianlangdelaydx,Integer,2,,Recommended,"lang_delay_Dx, see IAN CodeBook for details.","",,"http://dashboard.ianexchange.org/DataExplorer.aspx?FDID=55#lang_delay_Dx","Section",""
ianspecialedever,Integer,2,,Recommended,"special_ed_ever, see IAN CodeBook for details.","",,"http://dashboard.ianexchange.org/DataExplorer.aspx?FDID=55#special_ed_ever","Section",""
ianspeechtherapyever,Integer,2,,Recommended,"speech_therapy_ever, see IAN CodeBook for details.","",,"http://dashboard.ianexchange.org/DataExplorer.aspx?FDID=55#speech_therapy_ever","Section",""
ianspecialedcurr,Integer,2,,Recommended,"special_ed_curr, see IAN CodeBook for details.","",,"http://dashboard.ianexchange.org/DataExplorer.aspx?FDID=55#special_ed_curr","Section",""
ianpreviousresearchasd,Integer,2,,Recommended,"previous_research_ASD, see IAN CodeBook for details.","",,"http://dashboard.ianexchange.org/DataExplorer.aspx?FDID=55#previous_research_ASD","Section",""
ianpreviousresearchany,Integer,2,,Recommended,"previous_research_Any, see IAN CodeBook for details.","",,"http://dashboard.ianexchange.org/DataExplorer.aspx?FDID=55#previous_research_Any","Section",""
ianianresearchid,String,10,,Recommended,"IAN_Research_id, see IAN CodeBook for details.","",,"http://dashboard.ianexchange.org/DataExplorer.aspx?FDID=101#IAN_Research_id","Section",""
ianrecordnumber,Integer,0,,Recommended,"record_number, see IAN CodeBook for details.","",,"http://dashboard.ianexchange.org/DataExplorer.aspx?FDID=101#record_number","Section",""
iandonotdelete,Float,0,,Recommended,"DO_NOT_DELETE, see IAN CodeBook for details.","",,"http://dashboard.ianexchange.org/DataExplorer.aspx?FDID=101#DO_NOT_DELETE","Section",""
ianformcompleted,Integer,0,,Recommended,"form_completed, see IAN CodeBook for details.","",,"http://dashboard.ianexchange.org/DataExplorer.aspx?FDID=101#form_completed","Section",""
ianscientificversion,String,20,,Recommended,"scientific_version, see IAN CodeBook for details.","",,"http://dashboard.ianexchange.org/DataExplorer.aspx?FDID=101#scientific_version","Section",""
ianageinyears,Float,0,,Recommended,"age_in_years, see IAN CodeBook for details.","",,"http://dashboard.ianexchange.org/DataExplorer.aspx?FDID=101#age_in_years","Section",""
ianyearofassessment,Integer,0,,Recommended,"year_of_assessment, see IAN CodeBook for details.","",,"http://dashboard.ianexchange.org/DataExplorer.aspx?FDID=101#year_of_assessment","Section",""
ianinformantid,String,10,,Recommended,"informant_id, see IAN CodeBook for details.","",,"http://dashboard.ianexchange.org/DataExplorer.aspx?FDID=101#informant_id","Section",""
ianwalkageapprx,Integer,2,,Recommended,"walk_age_apprx, see IAN CodeBook for details.","",,"http://dashboard.ianexchange.org/DataExplorer.aspx?FDID=47#walk_age_apprx","Section",""
ianwalkage,Float,8,,Recommended,"walk_age, see IAN CodeBook for details.","",,"http://dashboard.ianexchange.org/DataExplorer.aspx?FDID=47#walk_age","Section",""
iantalkageapprx,Integer,2,,Recommended,"talk_age_apprx, see IAN CodeBook for details.","",,"http://dashboard.ianexchange.org/DataExplorer.aspx?FDID=47#talk_age_apprx","Section",""
iantalkage,Float,8,,Recommended,"talk_age, see IAN CodeBook for details.","",,"http://dashboard.ianexchange.org/DataExplorer.aspx?FDID=47#talk_age","Section",""
ianagemngflspeach,Integer,2,,Recommended,"age_mngfl_speach, see IAN CodeBook for details.","",,"http://dashboard.ianexchange.org/DataExplorer.aspx?FDID=47#age_mngfl_speach","Section",""
iantoilettrainedage,Integer,2,,Recommended,"toilet_trained_age, see IAN CodeBook for details.","",,"http://dashboard.ianexchange.org/DataExplorer.aspx?FDID=47#toilet_trained_age","Section",""
ianpreglength,Integer,2,,Recommended,"preg_length, see IAN CodeBook for details.","",,"http://dashboard.ianexchange.org/DataExplorer.aspx?FDID=47#preg_length","Section",""
ianbirthtype,Integer,2,,Recommended,"birth_type, see IAN CodeBook for details.","",,"http://dashboard.ianexchange.org/DataExplorer.aspx?FDID=47#birth_type","Section",""
ianbirthorder,Integer,2,,Recommended,"birth_order, see IAN CodeBook for details.","",,"http://dashboard.ianexchange.org/DataExplorer.aspx?FDID=47#birth_order","Section",""
ianbirthweight,Float,8,,Recommended,"birth_weight, see IAN CodeBook for details.","",,"http://dashboard.ianexchange.org/DataExplorer.aspx?FDID=47#birth_weight","Section",""
ianfragilexdx,Integer,2,,Recommended,"fragile_x_dx, see IAN CodeBook for details.","",,"http://dashboard.ianexchange.org/DataExplorer.aspx?FDID=47#fragile_x_dx","Section",""
iantuberoussclerosisdx,Integer,2,,Recommended,"Tuberous_Sclerosis_dx, see IAN CodeBook for details.","",,"http://dashboard.ianexchange.org/DataExplorer.aspx?FDID=47#Tuberous_Sclerosis_dx","Section",""
ianseizuresepilepsydx,Integer,2,,Recommended,"Seizures_Epilepsy_dx, see IAN CodeBook for details.","",,"http://dashboard.ianexchange.org/DataExplorer.aspx?FDID=47#Seizures_Epilepsy_dx","Section",""
ianmentalretardationdx,Integer,2,,Recommended,"Mental_Retardation_dx, see IAN CodeBook for details.","",,"http://dashboard.ianexchange.org/DataExplorer.aspx?FDID=47#Mental_Retardation_dx","Section",""
ianmotordelay,Integer,2,,Recommended,"Motor_Delay, see IAN CodeBook for details.","",,"http://dashboard.ianexchange.org/DataExplorer.aspx?FDID=47#Motor_Delay","Section",""
iancpdx,Integer,2,,Recommended,"CP_dx, see IAN CodeBook for details.","",,"http://dashboard.ianexchange.org/DataExplorer.aspx?FDID=47#CP_dx","Section",""
iandepressiondx,Integer,2,,Recommended,"Depression_dx, see IAN CodeBook for details.","",,"http://dashboard.ianexchange.org/DataExplorer.aspx?FDID=47#Depression_dx","Section",""
ianbipolardisorder,Integer,2,,Recommended,"Bipolar_Disorder, see IAN CodeBook for details.","",,"http://dashboard.ianexchange.org/DataExplorer.aspx?FDID=47#Bipolar_Disorder","Section",""
ianadhddx,Integer,2,,Recommended,"ADHD_dx, see IAN CodeBook for details.","",,"http://dashboard.ianexchange.org/DataExplorer.aspx?FDID=47#ADHD_dx","Section",""
iananxietydisorder,Integer,2,,Recommended,"Anxiety_Disorder, see IAN CodeBook for details.","",,"http://dashboard.ianexchange.org/DataExplorer.aspx?FDID=47#Anxiety_Disorder","Section",""
ianschizophrenia,Integer,2,,Recommended,"Schizophrenia, see IAN CodeBook for details.","",,"http://dashboard.ianexchange.org/DataExplorer.aspx?FDID=47#Schizophrenia","Section",""
ianschooltype,Integer,2,,Recommended,"school_type, see IAN CodeBook for details.","",,"http://dashboard.ianexchange.org/DataExplorer.aspx?FDID=47#school_type","Section",""
ianschoolgrade,Integer,2,,Recommended,"school_grade, see IAN CodeBook for details.","",,"http://dashboard.ianexchange.org/DataExplorer.aspx?FDID=47#school_grade","Section",""
ianspecialedcodecurr,Integer,2,,Recommended,"special_ed_code_curr, see IAN CodeBook for details.","",,"http://dashboard.ianexchange.org/DataExplorer.aspx?FDID=47#special_ed_code_curr","Section",""
subjectkey,GUID,0,,Required,"The NDAR Global Unique Identifier (GUID) for subjects which identifies a subject in NDAR","NDAR*",,"","",""
