ElementName,DataType,Size,Unit,Required,ElementDescription,ValueRange,Keywords,Notes,Section,Aliases
subjectkey,GUID,0,,Required,"The NDAR Global Unique Identifier (GUID) for subjects which identifies a subject in NDAR","NDAR*",,"","",""
src_subject_id,String,20,,Required,"The site's subject identification","",,"","Header",""
interview_date,Date,0,,Required,"Date on which the interview/genetic test/sampling/imaging was completed","MM/yyyy;MM/dd/yyyy",,"* '01/01/1900' indicates that a date associated with retrospective data is not known.","Header",""
interview_age,Integer,0,,Required,"Age in months at the time of the interview/test/sampling/imaging.","0 to 1200",,"Age is rounded to chronological month If the research participant is 13 days old at time of interview  the appropriate value would be 0 months if the participant is 19 days old the value would be 1 month","Header",""
comments_misc,String,255,,Optional,"Miscellaneous comments on study, interview, methodology relevant to this form data","",,"","Header",""
untestable,String,50,,Optional,"Was the patient untestable?","Yes;No;N/A",,"","Header",""
untestable_reason,String,255,,Optional,"what was the reason he/she was untestable?","",,"","Header",""
smt_bandaid_sock_reality,String,255,,Recommended,"BAND-AID/SOCK: What's really in the box?","0;1",,"","Band-Aid/Sock","Bandaid_Sock_Reality"
smt_bandaid_sock_memory,String,255,,Recommended,"BAND-AID/SOCK: What did you think was inside?","0;1",,"","Band-Aid/Sock","Bandaid_Sock_Memory"
smt_bandaid_sock_false1,String,255,,Recommended,"BAND-AID/SOCK: Will [twin] know what's in the box?","0;1",,"","Band-Aid/Sock","Bandaid_Sock_False1"
smt_bandaid_sock_false2,String,255,,Recommended,"BAND-AID/SOCK: What will [twin] think is in the box?","0;1",,"","Band-Aid/Sock","Bandaid_Sock_False2"
smt_bandaid_sock_score,String,255,,Recommended,"BAND-AID/SOCK: Score","0 to 4",,"","Band-Aid/Sock","Bandaid_Sock_Score"
smt_crayons_car_reality,String,255,,Recommended,"CRAYONS/CAR: What's really in the box?","0;1",,"","Crayons/Car","Crayons_Car_Reality"
smt_crayons_car_memory,String,255,,Recommended,"CRAYONS/CAR: What did you think was inside?","0;1",,"","Crayons/Car","Crayons_Car_Memory"
smt_crayons_car_false1,String,255,,Recommended,"CRAYONS/CAR: Will [twin] know what's inside the box?","0;1",,"","Crayons/Car","Crayons_Car_False1"
smt_crayons_car_false2,String,255,,Recommended,"CRAYONS/CAR: What will [twin] think is in the box?","0;1",,"","Crayons/Car","Crayons_Car_False2"
smt_crayons_car_score,String,255,,Recommended,"CRAYONS/CAR: Score","0 to 4",,"","Crayons/Car","Crayons_Car_Score"
smt_total_score,String,255,,Recommended,"Total Score","0 to 8",,"","Score Summary","SM_Total_Score"
