ElementName,DataType,Size,Unit,Required,ElementDescription,ValueRange,Keywords,Notes,Section,Aliases
subjectkey,GUID,0,,Required,"The NDAR Global Unique Identifier (GUID) for subjects which identifies a subject in NDAR","NDAR*",,"","Header",""
src_subject_id,String,20,,Required,"The site's subject identification","",,"","Header","SRS_2005_SRC_Subject_ID"
interview_date,Date,0,,Required,"Date on which the interview/genetic test/sampling/imaging was completed","MM/yyyy;MM/dd/yyyy",,"* '01/01/1900' indicates that a date associated with retrospective data is not known.","Header","SRS_2005_interview_date"
interview_age,Integer,0,,Required,"Age in months at the time of the interview/test/sampling/imaging.","0 to 1200",,"Age is rounded to chronological month If the research participant is 13 days old at time of interview  the appropriate value would be 0 months if the participant is 19 days old the value would be 1 month","Header","SRS_2005_interview_age"
gender,String,50,,Required,"Gender","M;F",,"","",""
comments_misc,String,255,,Optional,"Miscellaneous comments on study, interview, methodology relevant to this form data","",,"","Header","SRS_2005_comments_misc"
respond,Integer,0,,Required,"Respondent 1 = Parent; 2 = Teacher; 999 = Not Available","1;2;999",,"","Header","SRS_2005_Respond"
respond_detail,Integer,0,,Required,"Respondent detail (if available on form version) Options include "1 = Mother; 2 = Father; 3 = Other Relative or custodial adult; 4 = Teacher or caregiver; 5 = Other specialist; 6 = Other; 999 = Not Available; please specify","1;2;3;4;5;6;999",,"","Header","SRS_2005_Respond_Detail"
respond_detail_oth_spec,String,255,,Optional,"Respondent detail, specify other","",,"","Header","SRS_2005_Respond_Detail_oth_spec"
invalid,Integer,0,,Recommended,"Was the data collection invalid Options include "0 = ""no""; 1 = ""yes, missing reponses""; 2 = ""invalid respondent""","0;1;2",,"","Header","SRS_2005_invalid"
missing,Integer,2,,Recommended,"Number of responses missing (left blank). Greater than 6 is considered unscorable by the publisher. If record was scored by SCANTRON, missing values were recoded and might be missing on the form. Non-SCANTRON records have a (-1) for missing values.","",,"","Header","SRS_2005_missing"
male_raw1,String,50,,Recommended,"Raw Score: Social Awareness","",,"","Male","SRS_2005_male_raw1"
male_raw2,String,50,,Recommended,"Raw Score: Social Cognition","",,"","Male","SRS_2005_male_raw2"
male_raw3,String,50,,Recommended,"Raw Score: Social Communication","",,"","Male","SRS_2005_male_raw3"
male_raw4,String,50,,Recommended,"Raw Score: Social Motivation","",,"","Male","SRS_2005_male_raw4"
male_raw5,String,50,,Recommended,"Raw Score: Autistic Mannerisms","",,"","Male","SRS_2005_male_raw5"
male_tscore1,String,50,,Recommended,"T-Score: Social Awareness","",,"","Male","SRS_2005_male_tscore1"
male_tscore2,String,50,,Recommended,"T-Score: Social Cognition","",,"","Male","SRS_2005_male_tscore2"
male_tscore3,String,50,,Recommended,"T-Score: Social Communication","",,"","Male","SRS_2005_male_tscore3"
male_tscore4,String,50,,Recommended,"T-Score: Social Motivation","",,"","Male","SRS_2005_male_tscore4"
male_tscore5,String,50,,Recommended,"T-Score: Autistic Mannerisms","",,"","Male","SRS_2005_male_tscore5"
male_rawscoreall,String,50,,Conditional,"Total Raw Score","",,"","Male","SRS_2005_male_rawscoreall"
male_tscoreall,String,50,,Conditional,"Total T-Score","",,"","Male","SRS_2005_male_tscoreall"
female_raw1,String,50,,Recommended,"Raw Score: Social Awareness","",,"","Female","SRS_2005_female_raw1"
female_raw2,String,50,,Recommended,"Raw Score: Social Cognition","",,"","Female","SRS_2005_female_raw2"
female_raw3,String,50,,Recommended,"Raw Score: Social Communication","",,"","Female","SRS_2005_female_raw3"
female_raw4,String,50,,Recommended,"Raw Score: Social Motivation","",,"","Female","SRS_2005_female_raw4"
female_raw5,String,50,,Recommended,"Raw Score: Autistic Mannerisms","",,"","Female","SRS_2005_female_raw5"
female_tscore1,String,50,,Recommended,"T-Score: Social Awareness","",,"","Female","SRS_2005_female_tscore1"
female_tscore2,String,50,,Recommended,"T-Score: Social Cognition","",,"","Female","SRS_2005_female_tscore2"
female_tscore3,String,50,,Recommended,"T-Score: Social Communication","",,"","Female","SRS_2005_female_tscore3"
female_tscore4,String,50,,Recommended,"T-Score: Social Motivation","",,"","Female","SRS_2005_female_tscore4"
female_tscore5,String,50,,Recommended,"T-Score: Autistic Mannerisms","",,"","Female","SRS_2005_female_tscore5"
female_rawscoreall,String,50,,Conditional,"Total Raw Score","",,"","Female","SRS_2005_female_rawscoreall"
female_tscoreall,String,50,,Conditional,"Total T-Score","",,"","Female","SRS_2005_female_tscoreall"
parentreport_1,Integer,0,,Recommended,"1. Seems much more fidgety in social situations than when alone","1;2;3;4",,"","Parent Report","srs_q_1,SRS_2005_ParentReport_1"
parentreport_2,Integer,0,,Recommended,"2. Expressions on his or her face don't match what he or she is saying","1;2;3;4",,"","Parent Report","srs_q_2,SRS_2005_ParentReport_2"
parentreport_3,Integer,0,,Recommended,"3. Seems self-confident when interacting with others","1;2;3;4",,"","Parent Report","srs_q_3,SRS_2005_ParentReport_3"
parentreport_4,Integer,0,,Recommended,"4. When under stress, he or she shows rigid or inflexible patterns of behavior that seem odd.","1;2;3;4",,"","Parent Report","srs_q_4,SRS_2005_ParentReport_4"
parentreport_5,Integer,0,,Recommended,"5. Doesn't recognize when others are trying to take advantage of him or her","1;2;3;4",,"","Parent Report","srs_q_5,SRS_2005_ParentReport_5"
parentreport_6,Integer,0,,Recommended,"6. Would rather be alone than with others","1;2;3;4",,"","Parent Report","srs_q_6,SRS_2005_ParentReport_6"
parentreport_7,Integer,0,,Recommended,"7. Is aware of what others are thinking or feeling","1;2;3;4",,"","Parent Report","srs_q_7,SRS_2005_ParentReport_7"
parentreport_8,Integer,0,,Recommended,"8. Behaves in ways that seem strange or bizarre","1;2;3;4",,"","Parent Report","srs_q_8,SRS_2005_ParentReport_8"
parentreport_9,Integer,0,,Recommended,"9. Clings to adults, seems too dependent on them","1;2;3;4",,"","Parent Report","srs_q_9,SRS_2005_ParentReport_9"
parentreport_10,Integer,0,,Recommended,"10. Takes things too literally and doesn't get the real meaning of a conversation","1;2;3;4",,"","Parent Report","srs_q_10,SRS_2005_ParentReport_10"
parentreport_11,Integer,0,,Recommended,"11. Has good self-confidence","1;2;3;4",,"","Parent Report","srs_q_11,SRS_2005_ParentReport_11"
parentreport_12,Integer,0,,Recommended,"12. Is able to communicate his or her feelings to others","1;2;3;4",,"","Parent Report","srs_q_12,SRS_2005_ParentReport_12"
parentreport_13,Integer,0,,Recommended,"13. is awkward in turn-taking interactions with peers (e.g., doesn't seem to understand the give-and-take of conversations)","1;2;3;4",,"","Parent Report","srs_q_13,SRS_2005_ParentReport_13"
parentreport_14,Integer,0,,Recommended,"14. Is not well coordinated","1;2;3;4",,"","Parent Report","srs_q_14,SRS_2005_ParentReport_14"
parentreport_15,Integer,0,,Recommended,"15. is able to understand the meaning of other people's tone of voice and facial expressions","1;2;3;4",,"","Parent Report","srs_q_15,SRS_2005_ParentReport_15"
parentreport_16,Integer,0,,Recommended,"16. Avoids eye contact or has unusual eye contact","1;2;3;4",,"","Parent Report","srs_q_16,SRS_2005_ParentReport_16"
parentreport_17,Integer,0,,Recommended,"17. Recognizes when something is unfair","1;2;3;4",,"","Parent Report","srs_q_17,SRS_2005_ParentReport_17"
parentreport_18,Integer,0,,Recommended,"18. Has difficulty making friends, even when trying his or her best","1;2;3;4",,"","Parent Report","srs_q_18,SRS_2005_ParentReport_18"
parentreport_19,Integer,0,,Recommended,"19 Gets frustrated trying to get ideas across in conversations","1;2;3;4",,"","Parent Report","srs_q_19,SRS_2005_ParentReport_19"
parentreport_20,Integer,0,,Recommended,"20. Shows unusual sensory interests (e.g., mouthing or spinning objects) or strange ways of playing with toys","1;2;3;4",,"","Parent Report","srs_q_20,SRS_2005_ParentReport_20"
parentreport_21,Integer,0,,Recommended,"21. Is able to imitate others' actions","1;2;3;4",,"","Parent Report","srs_q_21,SRS_2005_ParentReport_21"
parentreport_22,Integer,0,,Recommended,"22. Plays appropriately with children his or her age","1;2;3;4",,"","Parent Report","srs_q_22,SRS_2005_ParentReport_22"
parentreport_23,Integer,0,,Recommended,"23 Does not join group activities unless told to do so","1;2;3;4",,"","Parent Report","srs_q_23,SRS_2005_ParentReport_23"
parentreport_24,Integer,0,,Recommended,"24. Has more difficulty than other children with changes is his or her routine.","1;2;3;4",,"","Parent Report","srs_q_24,SRS_2005_ParentReport_24"
parentreport_25,Integer,0,,Recommended,"25. Doesnt seem to mind being out of step with or ""not on the came wavelenght"" as others.","1;2;3;4",,"","Parent Report","srs_q_25,SRS_2005_ParentReport_25"
parentreport_26,Integer,0,,Recommended,"26. Offers comfort to other when they are sad.","1;2;3;4",,"","Parent Report","srs_q_26,SRS_2005_ParentReport_26"
parentreport_27,Integer,0,,Recommended,"27. Avoids starting social interactions with peers or adults.","1;2;3;4",,"","Parent Report","srs_q_27,SRS_2005_ParentReport_27"
parentreport_28,Integer,0,,Recommended,"28. Thinks or talk about the same thing over and over.","1;2;3;4",,"","Parent Report","srs_q_28,SRS_2005_ParentReport_28"
parentreport_29,Integer,0,,Recommended,"29. Is regarded by the other children as odd or weird.","1;2;3;4",,"","Parent Report","srs_q_29,SRS_2005_ParentReport_29"
parentreport_30,Integer,0,,Recommended,"30. Becomes upset in a situation with lots of things going on.","1;2;3;4",,"","Parent Report","srs_q_30,SRS_2005_ParentReport_30"
parentreport_31,Integer,0,,Recommended,"31. Can't get his or her mind off something once he or she starts thinking about it.","1;2;3;4",,"","Parent Report","srs_q_31,SRS_2005_ParentReport_31"
parentreport_32,Integer,0,,Recommended,"32. Has good personal hygeiene.","1;2;3;4",,"","Parent Report","srs_q_32,SRS_2005_ParentReport_32"
parentreport_33,Integer,0,,Recommended,"33. Is socially awkward, even when he or she is trying to be polite  ","1;2;3;4",,"","Parent Report","srs_q_33,SRS_2005_ParentReport_33"
parentreport_34,Integer,0,,Recommended,"34. Avoids people who want to be emotionally close to him or her","1;2;3;4",,"","Parent Report","srs_q_34,SRS_2005_ParentReport_34"
parentreport_35,Integer,0,,Recommended,"35. Has trouble keeping up with the flow of a normal conversation","1;2;3;4",,"","Parent Report","srs_q_35,SRS_2005_ParentReport_35"
parentreport_36,Integer,0,,Recommended,"36. Has difficulty relating to adults","1;2;3;4",,"","Parent Report","srs_q_36,SRS_2005_ParentReport_36"
parentreport_37,Integer,0,,Recommended,"37. Has difficulty relating to peers","1;2;3;4",,"","Parent Report","srs_q_37,SRS_2005_ParentReport_37"
parentreport_38,Integer,0,,Recommended,"38. Responds appropriately to mood changes in others (e.g., when a friend's or playmate's mood changes from happy to sad)  ","1;2;3;4",,"","Parent Report","srs_q_38,SRS_2005_ParentReport_38"
parentreport_39,Integer,0,,Recommended,"39. Has an unusually narrow range of interests","1;2;3;4",,"","Parent Report","srs_q_39,SRS_2005_ParentReport_39"
parentreport_40,Integer,0,,Recommended,"40. Is imaginative, good at pretending {without losing touch with reality)  ","1;2;3;4",,"","Parent Report","srs_q_40,SRS_2005_ParentReport_40"
parentreport_41,Integer,0,,Recommended,"41. Wanders aimlessly from one activity to another.","1;2;3;4",,"","Parent Report","srs_q_41,SRS_2005_ParentReport_41"
parentreport_42,Integer,0,,Recommended,"42. Seems overly sensitive to sounds, textures, or smells  ","1;2;3;4",,"","Parent Report","srs_q_42,SRS_2005_ParentReport_42"
parentreport_43,Integer,0,,Recommended,"43. Separates easily from caregivers","1;2;3;4",,"","Parent Report","srs_q_43,SRS_2005_ParentReport_43"
parentreport_44,Integer,0,,Recommended,"44. Doesn't understand how events relate to one another (cause and effect) the way other children his or her age do","1;2;3;4",,"","Parent Report","srs_q_44,SRS_2005_ParentReport_44"
parentreport_45,Integer,0,,Recommended,"45. Focuses his or her attention to where others are looking or listening","1;2;3;4",,"","Parent Report","srs_q_45,SRS_2005_ParentReport_45"
parentreport_46,Integer,0,,Recommended,"46. Has overly serious facial expressions","1;2;3;4",,"","Parent Report","srs_q_46,SRS_2005_ParentReport_46"
parentreport_47,Integer,0,,Recommended,"47. Is too silly or laughs inappropriately","1;2;3;4",,"","Parent Report","srs_q_47,SRS_2005_ParentReport_47"
parentreport_48,Integer,0,,Recommended,"48. Has a sense of humor, understands jokes  ","1;2;3;4",,"","Parent Report","srs_q_48,SRS_2005_ParentReport_48"
parentreport_49,Integer,0,,Recommended,"49. Does extremely well at a few tasks, but does not do as well at most other tasks  ","1;2;3;4",,"","Parent Report","srs_q_49,SRS_2005_ParentReport_49"
parentreport_50,Integer,0,,Recommended,"50. Has repetitive, odd behaviors such as hand flapping or rocking  ","1;2;3;4",,"","Parent Report","srs_q_50,SRS_2005_ParentReport_50"
parentreport_51,Integer,0,,Recommended,"51. Has difficulty answering questions directly and ends up talking around the subject","1;2;3;4",,"","Parent Report","srs_q_51,SRS_2005_ParentReport_51"
parentreport_52,Integer,0,,Recommended,"52. Knows when he or she is talking too loud or making too much noise","1;2;3;4",,"","Parent Report","srs_q_52,SRS_2005_ParentReport_52"
parentreport_53,Integer,0,,Recommended,"53. Talks to people with an unusual tone of voice (e.g., talks like a robot or like he or she is giving a lecture)  ","1;2;3;4",,"","Parent Report","srs_q_53,SRS_2005_ParentReport_53"
parentreport_54,Integer,0,,Recommended,"54. Seems to react to people as if they are objects","1;2;3;4",,"","Parent Report","srs_q_54,SRS_2005_ParentReport_54"
parentreport_55,Integer,0,,Recommended,"55. Knows when he or she is too close to someone or is invading someone's space","1;2;3;4",,"","Parent Report","srs_q_55,SRS_2005_ParentReport_55"
parentreport_56,Integer,0,,Recommended,"56. Walks in between two people who are talking","1;2;3;4",,"","Parent Report","srs_q_56,SRS_2005_ParentReport_56"
parentreport_57,Integer,0,,Recommended,"57. Gets teased a lot","1;2;3;4",,"","Parent Report","srs_q_57,SRS_2005_ParentReport_57"
parentreport_58,Integer,0,,Recommended,"58. Concentrates too much on parts of things rather than seeing the whole picture. For example, if asked to describe what happened in a story, he or she may talk only about the kind of clothes the characters were wearing","1;2;3;4",,"","Parent Report","srs_q_58,SRS_2005_ParentReport_58"
parentreport_59,Integer,0,,Recommended,"59. Is overly suspicious","1;2;3;4",,"","Parent Report","srs_q_59,SRS_2005_ParentReport_59"
parentreport_60,Integer,0,,Recommended,"60. Is emotionally distant, doesn't show his or her feelings  ","1;2;3;4",,"","Parent Report","srs_q_60,SRS_2005_ParentReport_60"
parentreport_61,Integer,0,,Recommended,"61. Is inflexible, has a hard time changing his or her mind  ","1;2;3;4",,"","Parent Report","srs_q_61,SRS_2005_ParentReport_61"
parentreport_62,Integer,0,,Recommended,"62. Gives unusual or illogical reasons for doing things","1;2;3;4",,"","Parent Report","srs_q_62,SRS_2005_ParentReport_62"
parentreport_63,Integer,0,,Recommended,"63. Touches others in an unusual way (e.g., he or she may touch someone just to make contact and then walk away without saying anything) ","1;2;3;4",,"","Parent Report","srs_q_63,SRS_2005_ParentReport_63"
parentreport_64,Integer,0,,Recommended,"64. Is too tense in social settings","1;2;3;4",,"","Parent Report","srs_q_64,SRS_2005_ParentReport_64"
parentreport_65,Integer,0,,Recommended,"65. Stares or gazes off into space","1;2;3;4",,"","Parent Report","srs_q_65,SRS_2005_ParentReport_65"
