ElementName,DataType,Size,Unit,Required,ElementDescription,ValueRange,Keywords,Notes,Section,Aliases
subjectkey,GUID,0,,Required,"The NDAR Global Unique Identifier (GUID) for subjects which identifies a subject in NDAR","NDAR*",,"","",""
src_subject_id,String,20,,Required,"The site's subject identification","",,"","Header",""
interview_date,Date,0,,Required,"Date on which the interview/genetic test/sampling/imaging was completed","MM/yyyy;MM/dd/yyyy",,"* '01/01/1900' indicates that a date associated with retrospective data is not known.","Header",""
interview_age,Integer,0,,Required,"Age in months at the time of the interview/test/sampling/imaging.","0 to 1200",,"Age is rounded to chronological month If the research participant is 13 days old at time of interview  the appropriate value would be 0 months if the participant is 19 days old the value would be 1 month","Header",""
comments_misc,String,255,,Optional,"Miscellaneous comments on study, interview, methodology relevant to this form data","",,"","Header",""
gender,String,50,,Required,"Gender","M;F",,"","Header",""
respondent,String,20,,Required,"FIGS Y1: Respondent (mother or father)","Mother;Father;Other",,"","Header",""
respondent_other,String,50,,Required,"FIGS Y1: Respondent other than mother or father","",,"","Header",""
respondent_other_specify,String,50,,Recommended,"Specific respondent","",,"","Header",""
srsprs_q1,Integer,0,,Recommended,"1. Seems much more fidgety in social situations than when alone","1;2;3;4",,"","Responses",""
srsprs_q2,Integer,0,,Recommended,"2. Expressions on his or her face don't match what he or she is saying","1;2;3;4",,"","Responses",""
srsprs_q3,Integer,0,,Recommended,"3. Seems self-confident when interacting with others","1;2;3;4",,"","Responses",""
srsprs_q4,Integer,0,,Recommended,"4. When under stress, he or she shows rigid or inflexible patterns of behavior that seem odd.","1;2;3;4",,"","Responses",""
srsprs_q5,Integer,0,,Recommended,"5. Doesn't recognize when others are trying to take advantage of him or her","1;2;3;4",,"","Responses",""
srsprs_q6,Integer,0,,Recommended,"6. Would rather be alone than with others","1;2;3;4",,"","Responses",""
srsprs_q7,Integer,0,,Recommended,"7. Is aware of what others are thinking or feeling","1;2;3;4",,"","Responses",""
srsprs_q8,Integer,0,,Recommended,"8. Behaves in ways that seem strange or bizarre","1;2;3;4",,"","Responses",""
srsprs_q9,Integer,0,,Recommended,"9. Clings to adults, seems too dependent on them","1;2;3;4",,"","Responses",""
srsprs_q10,Integer,0,,Recommended,"10. Takes things too literally and doesn't get the real meaning of a conversation","1;2;3;4",,"","Responses",""
srsprs_q11,Integer,0,,Recommended,"11. Has good self-confidence","1;2;3;4",,"","Responses",""
srsprs_q12,Integer,0,,Recommended,"12. Is able to communicate his or her feelings to others","1;2;3;4",,"","Responses",""
srsprs_q13,Integer,0,,Recommended,"13. is awkward in turn-taking interactions with peers (e.g., doesn't seem to understand the give-and-take of conversations)","1;2;3;4",,"","Responses",""
srsprs_q14,Integer,0,,Recommended,"14. Is not well coordinated","1;2;3;4",,"","Responses",""
srsprs_q15,Integer,0,,Recommended,"15. is able to understand the meaning of other people's tone of voice and facial expressions","1;2;3;4",,"","Responses",""
srsprs_q16,Integer,0,,Recommended,"16. Avoids eye contact or has unusual eye contact","1;2;3;4",,"","Responses",""
srsprs_q17,Integer,0,,Recommended,"17. Recognizes when something is unfair","1;2;3;4",,"","Responses",""
srsprs_q18,Integer,0,,Recommended,"18. Has difficulty making friends, even when trying his or her best","1;2;3;4",,"","Responses",""
srsprs_q19,Integer,0,,Recommended,"19 Gets frustrated trying to get ideas across in conversations","1;2;3;4",,"","Responses",""
srsprs_q20,Integer,0,,Recommended,"20. Shows unusual sensory interests (e.g., mouthing or spinning objects) or strange ways of playing with toys","1;2;3;4",,"","Responses",""
srsprs_q21,Integer,0,,Recommended,"21. Is able to imitate others' actions","1;2;3;4",,"","Responses",""
srsprs_q22,Integer,0,,Recommended,"22. Plays appropriately with children his or her age","1;2;3;4",,"","Responses",""
srsprs_q23,Integer,0,,Recommended,"23 Does not join group activities unless told to do so","1;2;3;4",,"","Responses",""
srsprs_q24,Integer,0,,Recommended,"24. Has more difficulty than other children with changes is his or her routine.","1;2;3;4",,"","Responses",""
srsprs_q25,Integer,0,,Recommended,"25. Doesnt seem to mind being out of step with or ""not on the came wavelenght"" as others.","1;2;3;4",,"","Responses",""
srsprs_q26,Integer,0,,Recommended,"26. Offers comfort to other when they are sad.","1;2;3;4",,"","Responses",""
srsprs_q27,Integer,0,,Recommended,"27. Avoids starting social interactions with peers or adults.","1;2;3;4",,"","Responses",""
srsprs_q28,Integer,0,,Recommended,"28. Thinks or talk about the same thing over and over.","1;2;3;4",,"","Responses",""
srsprs_q29,Integer,0,,Recommended,"29. Is regarded by the other children as odd or weird.","1;2;3;4",,"","Responses",""
srsprs_q30,Integer,0,,Recommended,"30. Becomes upset in a situation with lots of things going on.","1;2;3;4",,"","Responses",""
srsprs_q31,Integer,0,,Recommended,"31. Can't get his or her mind off something once he or she starts thinking about it.","1;2;3;4",,"","Responses",""
srsprs_q32,Integer,0,,Recommended,"32. Has good personal hygeiene.","1;2;3;4",,"","Responses",""
srsprs_q33,Integer,0,,Recommended,"33. Is socially awkward, even when he or she is trying to be polite  ","1;2;3;4",,"","Responses",""
srsprs_q34,Integer,0,,Recommended,"34. Avoids people who want to be emotionally close to him or her","1;2;3;4",,"","Responses",""
srsprs_q35,Integer,0,,Recommended,"35. Has trouble keeping up with the flow of a normal conversation","1;2;3;4",,"","Responses",""
srsprs_q36,Integer,0,,Recommended,"36. Has difficulty relating to adults","1;2;3;4",,"","Responses",""
srsprs_q37,Integer,0,,Recommended,"37. Has difficulty relating to peers","1;2;3;4",,"","Responses",""
srsprs_q38,Integer,0,,Recommended,"38. Responds appropriately to mood changes in others (e.g., when a friend's or playmate's mood changes from happy to sad)  ","1;2;3;4",,"","Responses",""
srsprs_q39,Integer,0,,Recommended,"39. Has an unusually narrow range of interests","1;2;3;4",,"","Responses",""
srsprs_q40,Integer,0,,Recommended,"40. Is imaginative, good at pretending {without losing touch with reality)  ","1;2;3;4",,"","Responses",""
srsprs_q41,Integer,0,,Recommended,"41. Wanders aimlessly from one activity to another.","1;2;3;4",,"","Responses",""
srsprs_q42,Integer,0,,Recommended,"42. Seems overly sensitive to sounds, textures, or smells  ","1;2;3;4",,"","Responses",""
srsprs_q43,Integer,0,,Recommended,"43. Separates easily from caregivers","1;2;3;4",,"","Responses",""
srsprs_q44,Integer,0,,Recommended,"44. Doesn't understand how events relate to one another (cause and effect) the way other children his or her age do","1;2;3;4",,"","Responses",""
srsprs_q45,Integer,0,,Recommended,"45. Focuses his or her attention to where others are looking or listening","1;2;3;4",,"","Responses",""
srsprs_q46,Integer,0,,Recommended,"46. Has overly serious facial expressions","1;2;3;4",,"","Responses",""
srsprs_q47,Integer,0,,Recommended,"47. Is too silly or laughs inappropriately","1;2;3;4",,"","Responses",""
srsprs_q48,Integer,0,,Recommended,"48. Has a sense of humor, understands jokes  ","1;2;3;4",,"","Responses",""
srsprs_q49,Integer,0,,Recommended,"49. Does extremely well at a few tasks, but does not do as well at most other tasks  ","1;2;3;4",,"","Responses",""
srsprs_q50,Integer,0,,Recommended,"50. Has repetitive, odd behaviors such as hand flapping or rocking  ","1;2;3;4",,"","Responses",""
srsprs_q51,Integer,0,,Recommended,"51. Has difficulty answering questions directly and ends up talking around the subject","1;2;3;4",,"","Responses",""
srsprs_q52,Integer,0,,Recommended,"52. Knows when he or she is talking too loud or making too much noise","1;2;3;4",,"","Responses",""
srsprs_q53,Integer,0,,Recommended,"53. Talks to people with an unusual tone of voice (e.g., talks like a robot or like he or she is giving a lecture)  ","1;2;3;4",,"","Responses",""
srsprs_q54,Integer,0,,Recommended,"54. Seems to react to people as if they are objects","1;2;3;4",,"","Responses",""
srsprs_q55,Integer,0,,Recommended,"55. Knows when he or she is too close to someone or is invading someone's space","1;2;3;4",,"","Responses",""
srsprs_q56,Integer,0,,Recommended,"56. Walks in between two people who are talking","1;2;3;4",,"","Responses",""
srsprs_q57,Integer,0,,Recommended,"57. Gets teased a lot","1;2;3;4",,"","Responses",""
srsprs_q58,Integer,0,,Recommended,"58. Concentrates too much on parts of things rather than seeing the whole picture. For example, if asked to describe what happened in a story, he or she may talk only about the kind of clothes the characters were wearing","1;2;3;4",,"","Responses",""
srsprs_q59,Integer,0,,Recommended,"59. Is overly suspicious","1;2;3;4",,"","Responses",""
srsprs_q60,Integer,0,,Recommended,"60. Is emotionally distant, doesn't show his or her feelings  ","1;2;3;4",,"","Responses",""
srsprs_q61,Integer,0,,Recommended,"61. Is inflexible, has a hard time changing his or her mind  ","1;2;3;4",,"","Responses",""
srsprs_q62,Integer,0,,Recommended,"62. Gives unusual or illogical reasons for doing things","1;2;3;4",,"","Responses",""
srsprs_q63,Integer,0,,Recommended,"63. Touches others in an unusual way (e.g., he or she may touch someone just to make contact and then walk away without saying anything) ","1;2;3;4",,"","Responses",""
srsprs_q64,Integer,0,,Recommended,"64. Is too tense in social settings","1;2;3;4",,"","Responses",""
srsprs_q65,Integer,0,,Recommended,"65. Stares or gazes off into space","1;2;3;4",,"","Responses",""
aware_raw_score,Integer,0,,Recommended,"Raw Score: Social Awareness","0 to 24",,"","Score Summary",""
cog_raw_score,Integer,0,,Recommended,"Raw Score: Social Cognition","0 to 36",,"","Score Summary",""
comm_raw_score,Integer,0,,Recommended,"Raw Score: Social Communitcation","0 to 66",,"","Score Summary",""
motiv_raw_score,Integer,0,,Recommended,"Raw Score: Social Motivation","0 to 33",,"","Score Summary",""
manner_raw_score,Integer,0,,Recommended,"Raw Score: Autistic Mannerisms","0 to 36",,"","Score Summary",""
total_raw_score,Integer,0,,Required,"Total raw score","0 to 195",,"","Score Summary",""
srsprs_invalid,String,50,,Recommended,"Is form invalid (more than 6 responses missing)?","Yes;No",,"","Score Summary",""
srsprs_missing_responses,Integer,0,,Recommended,"Number of missing responses","",,"","Score Summary",""
