ElementName,DataType,Size,Unit,Required,ElementDescription,ValueRange,Keywords,Notes,Section,Aliases
subjectkey,GUID,0,,Required,"The NDAR Global Unique Identifier (GUID) for subjects which identifies a subject in NDAR","NDAR*",,"","",""
interview_date,Date,0,,Required,"Date on which the interview/genetic test/sampling/imaging was completed","MM/yyyy;MM/dd/yyyy",,"* '01/01/1900' indicates that a date associated with retrospective data is not known.","","vine_date_std"
cycle,Integer,0,,Recommended,"Timepoint information","",,"","",""
patid,String,20,,Recommended,"src_Subject_id","",,"Patient IDs were assigned at the research site for CPEA and STAART","",""
network,String,20,,Recommended,"Network","",,"CPEA or STAART Network","",""
site,String,20,,Recommended,"Site","",,"CPEA or STAART Site","",""
study,String,100,,Recommended,"Study","",,"CPEA or STAART Study","",""
vine_abc_ae,Float,0,,Recommended,"Adaptive Behavior Composite Age Equivalent","1 - 227",,"","",""
vine_abc_al,String,15,,Recommended,"Adaptive Behavior Composite Adaptive Level","",,"Nulled value range of:   High;Moderately High;Adequate;Moderately Low;Low to accept outlier data","",""
vine_abc_err,Integer,0,,Recommended,"Band of Error","",,"","",""
vine_abc_errhigh,Integer,0,,Recommended,"Band of Error High","",,"","",""
vine_abc_errlow,Integer,0,,Recommended,"Band of Error Low","",,"","",""
vine_abc_prank,Float,0,,Recommended,"Percentile Rank","0 - 100",,"","",""
vine_abc_ss,Float,0,,Recommended,"Adaptive Behavior Composite Standard Score","",,"","",""
vine_abc_stan,Integer,0,,Recommended,"Stanine","",,"","",""
vine_age,Integer,0,,Recommended,"Vineland Age","",,"","",""
vine_basal_method,String,30,,Recommended,"Vineland Basal Method","",,"","",""
vine_com_100wrd,Integer,0,,Recommended,"Says at least 100 recognizable words","0; 1; 2; N; DK",,"","",""
vine_com_10wrd,Integer,0,,Recommended,"Demonstrates understanding of the meaning of at least 10 words","0; 1; 2; N; DK",,"","",""
vine_com_20object,Integer,0,,Recommended,"Names at least 20 familiar objects without being asked","0; 1; 2; N; DK",,"","",""
vine_com_2bigger,Integer,0,,Recommended,"States which of two objects not present is bigger","0; 1; 2; N; DK",,"","",""
vine_com_3signs,Integer,0,,Recommended,"Reads at least three common signs","0; 1; 2; N; DK",,"","",""
vine_com_4wrdsen,Integer,0,,Recommended,"Uses sentences of four or more words","0; 1; 2; N; DK",,"","",""
vine_com_50wrd,Integer,0,,Recommended,"Says at least 50 recognizable words","0; 1; 2; N; DK",,"","",""
vine_com_a15min,Integer,0,,Recommended,"Attends to school or public lecture more than 15 minutes","0; 1; 2; N; DK",,"","",""
vine_com_abc,Integer,0,,Recommended,"Recites all letters of the alphabet from memory","0; 1; 2; N; DK",,"","",""
vine_com_address,Integer,0,,Recommended,"States complete home address, including city and state, when asked","0; 1; 2; N; DK",,"","",""
vine_com_ae,Float,0,,Recommended,"Age Equivalent","1 - 227",,"","",""
vine_com_al,String,15,,Recommended,"Adaptive Level","",,"Nulled value range of:   High;Moderately High;Adequate;Moderately Low;Low to accept outlier data","",""
vine_com_allbodyp,Integer,0,,Recommended,"Points accurately to all body parts when asked","0; 1; 2; N; DK",,"","",""
vine_com_around,Integer,0,,Recommended,"Uses around as a preposition in a phrase","0; 1; 2; N; DK",,"","",""
vine_com_arritems,Integer,0,,Recommended,"Arranges items or words alphabetically by first letter","0; 1; 2; N; DK",,"","",""
vine_com_artclear,Integer,0,,Recommended,"Articulates clearly, without sound substitutions","0; 1; 2; N; DK",,"","",""
vine_com_athe,Integer,0,,Recommended,"Uses a and the in phrases or sentences","0; 1; 2; N; DK",,"","",""
vine_com_behind,Integer,0,,Recommended,"Uses either behind or between as a preposition in a phrase","0; 1; 2; N; DK",,"","",""
vine_com_busletter,Integer,0,,Recommended,"Writes business letters","0; 1; 2; N; DK",,"","",""
vine_com_butor,Integer,0,,Recommended,"Uses phrases or sentences containing but and or","0; 1; 2; N; DK",,"","",""
vine_com_choice,Integer,0,,Recommended,"Indicates preference when offered a choice","0; 1; 2; N; DK",,"","",""
vine_com_comdir,Integer,0,,Recommended,"Gives complex directions to others","0; 1; 2; N; DK",,"","",""
vine_com_cursive,Integer,0,,Recommended,"Writes in cursive most of the time","0; 1; 2; N; DK",,"","",""
vine_com_dictionry,Integer,0,,Recommended,"Uses a dictionary","0; 1; 2; N; DK",,"","",""
vine_com_e_ae,Float,0,,Recommended,"Expressive Language Age Equivalent","1 - 227",,"","",""
vine_com_e_al,String,15,,Recommended,"Expressive Language Adaptive Level","",,"Nulled value range of:   High;Moderately High;Adequate;Moderately Low;Low to accept outlier data","",""
vine_com_e_raw,Integer,0,,Recommended,"Expressive Raw Score","0 - 62",,"","",""
vine_com_envelop,Integer,0,,Recommended,"Addresses envelopes completely","0; 1; 2; N; DK",,"","",""
vine_com_err,Integer,0,,Recommended,"Band of Error","",,"","",""
vine_com_errhigh,Integer,0,,Recommended,"Band of Error High","",,"","",""
vine_com_errlow,Integer,0,,Recommended,"Band of Error Low","",,"","",""
vine_com_express,Integer,0,,Recommended,"Expresses ideas in more than one way, without assistance","0; 1; 2; N; DK",,"","",""
vine_com_fllwinstr,Integer,0,,Recommended,"Follows instructions requiring an action and an object","0; 1; 2; N; DK",,"","",""
vine_com_fullsent,Integer,0,,Recommended,"Speaks in full sentences","0; 1; 2; N; DK",,"","",""
vine_com_goals,Integer,0,,Recommended,"Has realistic long-range goals and describes in detail plans to achieve them","0; 1; 2; N; DK",,"","",""
vine_com_hereup,Integer,0,,Recommended,"Raises arms when caregiver says, come here or Up","0; 1; 2; N; DK",,"","",""
vine_com_ifthen,Integer,0,,Recommended,"Follows instructions in if-then form","0; 1; 2; N; DK",,"","",""
vine_com_imitates,Integer,0,,Recommended,"Imitates sounds of adults immediately after hearing them","0; 1; 2; N; DK",,"","",""
vine_com_index,Integer,0,,Recommended,"Uses the index in reading materials","0; 1; 2; N; DK",,"","",""
vine_com_irrplur,Integer,0,,Recommended,"Uses irregular plurals","0; 1; 2; N; DK",,"","",""
vine_com_lst5min,Integer,0,,Recommended,"Listens to a story for at least five minutes","0; 1; 2; N; DK",,"","",""
vine_com_lstatten,Integer,0,,Recommended,"Listens attentively to instructions","0; 1; 2; N; DK",,"","",""
vine_com_lstmom,Integer,0,,Recommended,"Listens at least momentarily when spoken to by caregiver","0; 1; 2; N; DK",,"","",""
vine_com_monday,Integer,0,,Recommended,"States month and day of birthday when asked","0; 1; 2; N; DK",,"","",""
vine_com_names,Integer,0,,Recommended,"Uses first names or nicknames of siblings, friends, or peers, or states their names when asked","0; 1; 2; N; DK",,"","",""
vine_com_news,Integer,0,,Recommended,"Reads adult newspaper stories","0; 1; 2; N; DK",,"","",""
vine_com_newswk,Integer,0,,Recommended,"Reads adult newspaper or magazine stories each week","0; 1; 2; N; DK",,"","",""
vine_com_no,Integer,0,,Recommended,"Demonstrates understanding of the meaning of no","0; 1; 2; N; DK",,"","",""
vine_com_notes,Integer,0,,Recommended,"Prints or writes short notes or messages","0; 1; 2; N; DK",,"","",""
vine_com_nounver,Integer,0,,Recommended,"Uses phrases containing a noun and a verb, or two nouns","0; 1; 2; N; DK",,"","",""
vine_com_p1bodyp,Integer,0,,Recommended,"Points accurately to at least one major body part when asked","0; 1; 2; N; DK",,"","",""
vine_com_phnum,Integer,0,,Recommended,"States telephone number when asked","0; 1; 2; N; DK",,"","",""
vine_com_prank,Float,0,,Recommended,"Percentile Rank","0 - 100",,"","",""
vine_com_prt10m,Integer,0,,Recommended,"Prints or writes at least 10 words from memory","0; 1; 2; N; DK",,"","",""
vine_com_quesw,Integer,0,,Recommended,"Asks questions beginning with what, where, who, why, and when","0; 1; 2; N; DK",,"","",""
vine_com_r_ae,Float,0,,Recommended,"Receptive Age Equivalent","1 - 227",,"","",""
vine_com_r_al,String,15,,Recommended,"Receptive Adaptive Level","",,"Nulled value range of:   High;Moderately High;Adequate;Moderately Low;Low to accept outlier data","",""
vine_com_r_raw,Integer,0,,Recommended,"Receptive Raw Score","0 - 26",,"","",""
vine_com_raw,Integer,0,,Recommended,"Raw Score","0 - 134",,"","",""
vine_com_rbk4th,Integer,0,,Recommended,"Reads books of at least fourth-grade level","0; 1; 2; N; DK",,"","",""
vine_com_rdsimp,Integer,0,,Recommended,"Reads simple stories aloud","0; 1; 2; N; DK",,"","",""
vine_com_read10,Integer,0,,Recommended,"Reads at least 10 words silently or aloud","0; 1; 2; N; DK",,"","",""
vine_com_read2nd,Integer,0,,Recommended,"Reads books of at least second-grade level","0; 1; 2; N; DK",,"","",""
vine_com_readown,Integer,0,,Recommended,"Reads on own initiative","0; 1; 2; N; DK",,"","",""
vine_com_relexpde,Integer,0,,Recommended,"Relates experiences in detail when asked","0; 1; 2; N; DK",,"","",""
vine_com_reports,Integer,0,,Recommended,"Writes reports or compositions","0; 1; 2; N; DK",,"","",""
vine_com_sflname,Integer,0,,Recommended,"States own first and last name when asked","0; 1; 2; N; DK",,"","",""
vine_com_simmes,Integer,0,,Recommended,"Delivers a simple message","0; 1; 2; N; DK",,"","",""
vine_com_simsent,Integer,0,,Recommended,"Prints or writes simple sentences of three or four words","0; 1; 2; N; DK",,"","",""
vine_com_smilec,Integer,0,,Recommended,"Smiles in response to presence of caregiver","0; 1; 2; N; DK",,"","",""
vine_com_smileoc,Integer,0,,Recommended,"Smiles in response to presence of familiar person other than caregiver","0; 1; 2; N; DK",,"","",""
vine_com_sprelexp,Integer,0,,Recommended,"Spontaneously relates experiences in simple terms","0; 1; 2; N; DK",,"","",""
vine_com_ss,Float,0,,Recommended,"Standard Score","20 - 160",,"","",""
vine_com_stan,Integer,0,,Recommended,"Stanine","",,"","",""
vine_com_story,Integer,0,,Recommended,"Tells popular story, fairy tale, length joke, or television show plot","0; 1; 2; N; DK",,"","",""
vine_com_tblcont,Integer,0,,Recommended,"Uses the table of contents in reading materials","0; 1; 2; N; DK",,"","",""
vine_com_trneyes,Integer,0,,Recommended,"Turns eyes and head toward sound","0; 1; 2; N; DK",,"","",""
vine_com_w_ae,Float,0,,Recommended,"Written Age Equivalent","1 - 227",,"","",""
vine_com_w_al,String,15,,Recommended,"Written Adaptive Level","",,"Nulled value range of:   High;Moderately High;Adequate;Moderately Low;Low to accept outlier data","",""
vine_com_w_raw,Integer,0,,Recommended,"Written Raw Score","0 - 46",,"","",""
vine_com_waletters,Integer,0,,Recommended,"Writes advanced letters","0; 1; 2; N; DK",,"","",""
vine_com_wbletters,Integer,0,,Recommended,"Writes beginning letters","0; 1; 2; N; DK",,"","",""
vine_com_wflname,Integer,0,,Recommended,"Prints or writes own first and last name","0; 1; 2; N; DK",,"","",""
vine_com_yesnoi,Integer,0,,Recommended,"Gestures appropriately to indicate yes, no, and I want","0; 1; 2; N; DK",,"","",""
vine_com_yesokay,Integer,0,,Recommended,"Demonstrates understanding of the meaning of yes or okay","0; 1; 2; N; DK",,"","",""
vine_date,Integer,0,,Recommended,"Vineland Date","",,"","",""
vine_mal_rocks_i,Integer,0,,Recommended,"Vineland: Maladaptive Behavior Domain: Rocks back and forth when sitting or standing - Intensity","",,"","",""
vine_dls_ae,Float,0,,Recommended,"Age Equivalent","1 - 227",,"","",""
vine_dls_al,String,15,,Recommended,"Adaptive Level","",,"Nulled value range of:   High;Moderately High;Adequate;Moderately Low;Low to accept outlier data","",""
vine_dls_alltoilet,Integer,0,,Recommended,"Cares for all toileting needs, without being reminded and without assistance","0; 1; 2; N; DK",,"","",""
vine_dls_anticfeed,Integer,0,,Recommended,"Indicates anticipation of feeding on seeing bottle, breast, or food","0; 1; 2; N; DK",,"","",""
vine_dls_arrives,Integer,0,,Recommended,"Arrives at work on time","0; 1; 2; N; DK",,"","",""
vine_dls_asktoilet,Integer,0,,Recommended,"Asks to use toilet","0; 1; 2; N; DK",,"","",""
vine_dls_avoidsill,Integer,0,,Recommended,"Avoids person with contagious illnesses, without being reminded.","0; 1; 2; N; DK",,"","",""
vine_dls_bathwa,Integer,0,,Recommended,"Bathes self with assistance","0; 1; 2; N; DK",,"","",""
vine_dls_brshteeth,Integer,0,,Recommended,"Brushes teeth without assistance","0; 1; 2; N; DK",,"","",""
vine_dls_budgets,Integer,0,,Recommended,"Budgets for weekly expenses.","0; 1; 2; N; DK",,"","",""
vine_dls_c_ae,Float,0,,Recommended,"Community Age Equivalent","1 - 227",,"","",""
vine_dls_c_al,String,15,,Recommended,"Community Adaptive Level","",,"Nulled value range of:   High;Moderately High;Adequate;Moderately Low;Low to accept outlier data","",""
vine_dls_c_raw,Integer,0,,Recommended,"Community Raw Score","0 - 64",,"","",""
vine_dls_calls,Integer,0,,Recommended,"Uses the telephone for all kinds of calls, without assistance.","0; 1; 2; N; DK",,"","",""
vine_dls_checking,Integer,0,,Recommended,"Has checking account and uses it responsibly","0; 1; 2; N; DK",,"","",""
vine_dls_chngbed,Integer,0,,Recommended,"Makes own bed and changes bedding","0; 1; 2; N; DK",,"","",""
vine_dls_cleanprod,Integer,0,,Recommended,"Uses household cleaning products appropriately and correctly.","0; 1; 2; N; DK",,"","",""
vine_dls_clnclth,Integer,0,,Recommended,"Puts clean clothes away without assistance when asked","0; 1; 2; N; DK",,"","",""
vine_dls_clnroom,Integer,0,,Recommended,"Cleans room other than own regularly, without being asked.","0; 1; 2; N; DK",,"","",""
vine_dls_clock,Integer,0,,Recommended,"Demonstrates understanding of the function of a clock, either standard or digital","0; 1; 2; N; DK",,"","",""
vine_dls_clothes,Integer,0,,Recommended,"Takes complete care of own clothes without being reminded.","0; 1; 2; N; DK",,"","",""
vine_dls_clrbrk,Integer,0,,Recommended,"Clears table for breakable items.","0; 1; 2; N; DK",,"","",""
vine_dls_coin,Integer,0,,Recommended,"States value of penny, nickel, dime, and quarter","0; 1; 2; N; DK",,"","",""
vine_dls_count,Integer,0,,Recommended,"Correctly counts change from a purchase costing more than a dollar","0; 1; 2; N; DK",,"","",""
vine_dls_covers,Integer,0,,Recommended,"Covers mouth and nose when coughing and sneezing.","0; 1; 2; N; DK",,"","",""
vine_dls_crackers,Integer,0,,Recommended,"Sucks or chews on crackers","0; 1; 2; N; DK",,"","",""
vine_dls_d_ae,Float,0,,Recommended,"Domestic Age Equivalent","1 - 227",,"","",""
vine_dls_d_al,String,15,,Recommended,"Domestic Adaptive Level","",,"Nulled value range of:   High;Moderately High;Adequate;Moderately Low;Low to accept outlier data","",""
vine_dls_d_raw,Integer,0,,Recommended,"Domestic Raw Score","0 - 42",,"","",""
vine_dls_date,Integer,0,,Recommended,"States current date when asked","0; 1; 2; N; DK",,"","",""
vine_dls_deftoilet,Integer,0,,Recommended,"Defecates in toilet or potty-chair","0; 1; 2; N; DK",,"","",""
vine_dls_delayed,Integer,0,,Recommended,"Notifies supervisor if arrival at work will be delayed.","0; 1; 2; N; DK",,"","",""
vine_dls_dress,Integer,0,,Recommended,"Dresses self completely, except for tying shoelaces","0; 1; 2; N; DK",,"","",""
vine_dls_dresscom,Integer,0,,Recommended,"Dresses self completely, including tying shoelaces and fastening all fasteners","0; 1; 2; N; DK",,"","",""
vine_dls_drinks,Integer,0,,Recommended,"Drinks from cup or glass unassisted","0; 1; 2; N; DK",,"","",""
vine_dls_earns,Integer,0,,Recommended,"Earns spending money on a regular basis.","0; 1; 2; N; DK",,"","",""
vine_dls_emerge,Integer,0,,Recommended,"Uses emergency telephone number in emergency.","0; 1; 2; N; DK",,"","",""
vine_dls_err,Integer,0,,Recommended,"Band of Error","",,"","",""
vine_dls_errhigh,Integer,0,,Recommended,"Band of Error High","",,"","",""
vine_dls_errlow,Integer,0,,Recommended,"Band of Error Low","",,"","",""
vine_dls_expenses,Integer,0,,Recommended,"Budgets for monthly expenses.","0; 1; 2; N; DK",,"","",""
vine_dls_fasten,Integer,0,,Recommended,"Fastens all fasteners","0; 1; 2; N; DK",,"","",""
vine_dls_feedfork,Integer,0,,Recommended,"Feeds self with fork","0; 1; 2; N; DK",,"","",""
vine_dls_feedspn,Integer,0,,Recommended,"Feeds self with spoon","0; 1; 2; N; DK",,"","",""
vine_dls_fingernail,Integer,0,,Recommended,"Cares for own fingernails without being reminded and without assistance.","0; 1; 2; N; DK",,"","",""
vine_dls_foodprep,Integer,0,,Recommended,"Assists in food preparation requiring mixing and cooking","0; 1; 2; N; DK",,"","",""
vine_dls_frntopen,Integer,0,,Recommended,"Removes front-opening coat, sweater, or shirt without assistance","0; 1; 2; N; DK",,"","",""
vine_dls_fulltime,Integer,0,,Recommended,"Holds full-time job responsibly","0; 1; 2; N; DK",,"","",""
vine_dls_haircare,Integer,0,,Recommended,"Cares for hair without being reminded and without assistance","0; 1; 2; N; DK",,"","",""
vine_dls_health,Integer,0,,Recommended,"Looks after own health.","0; 1; 2; N; DK",,"","",""
vine_dls_hlpchore,Integer,0,,Recommended,"Helps with extra chores when asked","0; 1; 2; N; DK",,"","",""
vine_dls_hot,Integer,0,,Recommended,"Demonstrates understanding that hot things are dangerous","0; 1; 2; N; DK",,"","",""
vine_dls_illness,Integer,0,,Recommended,"Notifies supervisor when absent because of illness.","0; 1; 2; N; DK",,"","",""
vine_dls_indwet,Integer,0,,Recommended,"Indicates wet or soiled pants or diaper by pointing, vocalizing or pulling at diaper","0; 1; 2; N; DK",,"","",""
vine_dls_initcalls,Integer,0,,Recommended,"Initiates telephone calls to others.","0; 1; 2; N; DK",,"","",""
vine_dls_leftright,Integer,0,,Recommended,"Identifies left and right on others.","0; 1; 2; N; DK",,"","",""
vine_dls_makesbed,Integer,0,,Recommended,"Makes own bed when asked.","0; 1; 2; N; DK",,"","",""
vine_dls_manages,Integer,0,,Recommended,"Manages own money without assistance.","0; 1; 2; N; DK",,"","",""
vine_dls_money,Integer,0,,Recommended,"Demonstrates understanding of the function of money","0; 1; 2; N; DK",,"","",""
vine_dls_muddy,Integer,0,,Recommended,"Demonstrates interest in changing clothes when very wet or muddy","0; 1; 2; N; DK",,"","",""
vine_dls_nighttt,Integer,0,,Recommended,"Is toilet-trained during the night","0; 1; 2; N; DK",,"","",""
vine_dls_nose,Integer,0,,Recommended,"Cares for nose without assistance.","0; 1; 2; N; DK",,"","",""
vine_dls_obeylight,Integer,0,,Recommended,"Obeys traffic lights and walk and don't walk signs.","0; 1; 2; N; DK",,"","",""
vine_dls_opnmouth,Integer,0,,Recommended,"Opens mouth when spoon with food is presented","0; 1; 2; N; DK",,"","",""
vine_dls_orders,Integer,0,,Recommended,"Orders own complete meal in restaurant.","0; 1; 2; N; DK",,"","",""
vine_dls_p_ae,Float,0,,Recommended,"Personal Age Equivalent","1 - 227",,"","",""
vine_dls_p_al,String,15,,Recommended,"Personal Adaptive Level","",,"Nulled value range of:   High;Moderately High;Adequate;Moderately Low;Low to accept outlier data","",""
vine_dls_p_raw,Integer,0,,Recommended,"Personal Raw Score","0 - 78",,"","",""
vine_dls_payphone,Integer,0,,Recommended,"Uses a pay telephone.","0; 1; 2; N; DK",,"","",""
vine_dls_phone,Integer,0,,Recommended,"Answers the telephone appropriately","0; 1; 2; N; DK",,"","",""
vine_dls_plansmeal,Integer,0,,Recommended,"Plans and prepares main meal of the day without assistance.","0; 1; 2; N; DK",,"","",""
vine_dls_prank,Float,0,,Recommended,"Percentile Rank","0 - 100",,"","",""
vine_dls_prepwoa,Integer,0,,Recommended,"Prepares foods that require mixing and cooking, without assistance.","0; 1; 2; N; DK",,"","",""
vine_dls_pullup,Integer,0,,Recommended,"Puts on pull-up garment with elastic waistbands","0; 1; 2; N; DK",,"","",""
vine_dls_putsaway,Integer,0,,Recommended,"Puts possessions away when asked","0; 1; 2; N; DK",,"","",""
vine_dls_raw,Integer,0,,Recommended,"Raw Score","0 - 184",,"","",""
vine_dls_recrea,Integer,0,,Recommended,"Saves for and has purchases at least one major recreational item","0; 1; 2; N; DK",,"","",""
vine_dls_repairs,Integer,0,,Recommended,"Performs routine household repairs and maintenances tasks without being asked.","0; 1; 2; N; DK",,"","",""
vine_dls_seatbelt,Integer,0,,Recommended,"Fastens seat belt in automobile independently","0; 1; 2; N; DK",,"","",""
vine_dls_setstblwa,Integer,0,,Recommended,"Sets table with assistance","0; 1; 2; N; DK",,"","",""
vine_dls_setstblwoa,Integer,0,,Recommended,"Sets table without assistance when asked.","0; 1; 2; N; DK",,"","",""
vine_dls_sewsask,Integer,0,,Recommended,"Sews buttons, snaps, or hooks on clothes when asked.","0; 1; 2; N; DK",,"","",""
vine_dls_sewwoa,Integer,0,,Recommended,"Sews own hems or makes other alterations without being asked and without assistance.","0; 1; 2; N; DK",,"","",""
vine_dls_shoes,Integer,0,,Recommended,"Puts shoes on correct feet without assistance","0; 1; 2; N; DK",,"","",""
vine_dls_showers,Integer,0,,Recommended,"Bathes or showers without assistance","0; 1; 2; N; DK",,"","",""
vine_dls_solidfood,Integer,0,,Recommended,"Eats solid food","0; 1; 2; N; DK",,"","",""
vine_dls_spnfrkknf,Integer,0,,Recommended,"Uses spoon, fork, and knife competently.","0; 1; 2; N; DK",,"","",""
vine_dls_spnmouth,Integer,0,,Recommended,"Removes food from spoon with mouth","0; 1; 2; N; DK",,"","",""
vine_dls_ss,Float,0,,Recommended,"Standard Score","20 - 160",,"","",""
vine_dls_stan,Integer,0,,Recommended,"Stanine","",,"","",""
vine_dls_statesday,Integer,0,,Recommended,"States current day of the week when asked","0; 1; 2; N; DK",,"","",""
vine_dls_stove,Integer,0,,Recommended,"Uses stove or microwave oven for cooking","0; 1; 2; N; DK",,"","",""
vine_dls_straight,Integer,0,,Recommended,"Straightens own room without being reminded.","0; 1; 2; N; DK",,"","",""
vine_dls_strangers,Integer,0,,Recommended,"Demonstrates understanding that it is unsafe to accept rides, food, or money from strangers.","0; 1; 2; N; DK",,"","",""
vine_dls_straw,Integer,0,,Recommended,"Sucks from straw","0; 1; 2; N; DK",,"","",""
vine_dls_sweeps,Integer,0,,Recommended,"Sweeps, mops, or vacuums floor carefully, without assistance when asked.","0; 1; 2; N; DK",,"","",""
vine_dls_tapwater,Integer,0,,Recommended,"Gets drink of water from tap unassisted","0; 1; 2; N; DK",,"","",""
vine_dls_tellstime,Integer,0,,Recommended,"Tells time by five-minute segments","0; 1; 2; N; DK",,"","",""
vine_dls_tieslaces,Integer,0,,Recommended,"Ties shoelaces into a bow without assistance","0; 1; 2; N; DK",,"","",""
vine_dls_timelimits,Integer,0,,Recommended,"Obeys time limits for coffee breaks and lunch at work.","0; 1; 2; N; DK",,"","",""
vine_dls_tools,Integer,0,,Recommended,"Uses basic tools.","0; 1; 2; N; DK",,"","",""
vine_dls_tophone,Integer,0,,Recommended,"Summons to the telephone the person receiving a call, or indicates that the person is not available","0; 1; 2; N; DK",,"","",""
vine_dls_towel,Integer,0,,Recommended,"Dries self with towel without assistance","0; 1; 2; N; DK",,"","",""
vine_dls_urintoilet,Integer,0,,Recommended,"Urinates in toilet or potty-chair","0; 1; 2; N; DK",,"","",""
vine_dls_wash,Integer,0,,Recommended,"Washes and dries face without assistance","0; 1; 2; N; DK",,"","",""
vine_dls_weather,Integer,0,,Recommended,"Dresses in anticipation of changes in weather without being reminded","0; 1; 2; N; DK",,"","",""
vine_dls_wipenose,Integer,0,,Recommended,"Willingly allows caregiver to wipe nose","0; 1; 2; N; DK",,"","",""
vine_dls_wospill,Integer,0,,Recommended,"Feeds self with spoon without spilling","0; 1; 2; N; DK",,"","",""
vine_dls_xstreet,Integer,0,,Recommended,"Looks both ways before crossing the street","0; 1; 2; N; DK",,"","",""
vine_dls_xstreeta,Integer,0,,Recommended,"Looks both ways and crosses street or road alone.","0; 1; 2; N; DK",,"","",""
vine_mal_1_raw,Integer,0,,Recommended,"Part 1 Raw Score","0 - 54",,"","",""
vine_mal_2_raw,Integer,0,,Recommended,"Part 2 Raw Score","0 - 18",,"","",""
vine_mal_active,Integer,0,,Recommended,"Is overly active.","0; 1; 2",,"","",""
vine_mal_anxiety,Integer,0,,Recommended,"Exhibits extreme anxiety.","0; 1; 2",,"","",""
vine_mal_avoids,Integer,0,,Recommended,"Avoids school or work.","0; 1; 2",,"","",""
vine_mal_bitesfngr,Integer,0,,Recommended,"Bites fingernails.","0; 1; 2",,"","",""
vine_mal_bizarre,Integer,0,,Recommended,"Uses bizarre speech.","0; 1; 2",,"","",""
vine_mal_bizarre_i,Integer,0,,Recommended,"Uses bizarre speech.-Intensity","0; 1; 2",,"","",""
vine_mal_consider,Integer,0,,Recommended,"Shows lack of consideration.","0; 1; 2",,"","",""
vine_mal_cries,Integer,0,,Recommended,"Cries or laughs too easily.","0; 1; 2",,"","",""
vine_mal_depend,Integer,0,,Recommended,"Is overly dependent.","0; 1; 2",,"","",""
vine_mal_destroy,Integer,0,,Recommended,"Intentionally destroys own or another's property.","0; 1; 2",,"","",""
vine_mal_destroy_i,Integer,0,,Recommended,"Intentionally destroys own or another's property.-Intensity","0; 1; 2",,"","",""
vine_mal_eatdist,Integer,0,,Recommended,"Exhibits an eating disturbance.","0; 1; 2",,"","",""
vine_mal_exunhap,Integer,0,,Recommended,"Exhibits excessive unhappiness.","0; 1; 2",,"","",""
vine_mal_grndteeth,Integer,0,,Recommended,"Grinds teeth during day or night.","0; 1; 2",,"","",""
vine_mal_impulsive,Integer,0,,Recommended,"Is too impulsive.","0; 1; 2",,"","",""
vine_mal_level,String,15,,Recommended,"Maladaptive Level","",,"Nulled value range of:   Nonspecific;Intermediate;Significant to accept outlier data","",""
vine_mal_lies,Integer,0,,Recommended,"Lies, cheats, or steals.","0; 1; 2",,"","",""
vine_mal_manner,Integer,0,,Recommended,"Exhibits extremely peculiar mannerisms or habits.","0; 1; 2",,"","",""
vine_mal_manner_i,Integer,0,,Recommended,"Exhibits extremely peculiar mannerisms or habits.-Intensity","0; 1; 2",,"","",""
vine_mal_negativ,Integer,0,,Recommended,"Is negativistic or defiant.","0; 1; 2",,"","",""
vine_mal_phyagg,Integer,0,,Recommended,"Is too physically aggressive.","0; 1; 2",,"","",""
vine_mal_pooreye,Integer,0,,Recommended,"Has poor eye contact.","0; 1; 2",,"","",""
vine_mal_prconcen,Integer,0,,Recommended,"Has poor concentration and attention.","0; 1; 2",,"","",""
vine_mal_preocc,Integer,0,,Recommended,"Has excessive or peculiar preoccupations with objects or activities.","0; 1; 2",,"","",""
vine_mal_preocc_i,Integer,0,,Recommended,"Has excessive or peculiar preoccupations with objects or activities-Intensity","0; 1; 2",,"","",""
vine_mal_raw,Integer,0,,Recommended,"Part 1 and 2 Raw Score","0 - 75",,"","",""
vine_mal_rhmbfngr,Integer,0,,Recommended,"Sucks thumb or fingers.","0; 1; 2",,"","",""
vine_mal_rocks,Integer,0,,Recommended,"Rocks back and forth when sitting or standing.","0; 1; 2",,"","",""
vine_version,String,35,,Recommended,"Vineland Version","",,"","",""
vine_mal_runsaway,Integer,0,,Recommended,"Runs away.","0; 1; 2",,"","",""
vine_mal_selfinjur,Integer,0,,Recommended,"Displays behaviors that are self-injurious.","0; 1; 2",,"","",""
vine_mal_selfinjur_i,Integer,0,,Recommended,"Displays behaviors that are self-injurious.-Intensity","0; 1; 2",,"","",""
vine_mal_sexbehav,Integer,0,,Recommended,"Engages in inappropriate sexual behavior.","0; 1; 2",,"","",""
vine_mal_sexbehav_i,Integer,0,,Recommended,"Engages in inappropriate sexual behavior-Intensity","0; 1; 2",,"","",""
vine_mal_sleepdis,Integer,0,,Recommended,"Exhibits a sleep disturbance.","0; 1; 2",,"","",""
vine_mal_stubborn,Integer,0,,Recommended,"Is stubborn or sullen","0; 1; 2",,"","",""
vine_mal_swears,Integer,0,,Recommended,"Swears in inappropriate situations.","0; 1; 2",,"","",""
vine_mal_teases,Integer,0,,Recommended,"Teases or bullies.","0; 1; 2",,"","",""
vine_mal_temper,Integer,0,,Recommended,"Has temper tantrums.","0; 1; 2",,"","",""
vine_mal_thoughts,Integer,0,,Recommended,"Expresses thoughts that are not sensible.","0; 1; 2",,"","",""
vine_mal_thoughts_i,Integer,0,,Recommended,"Expresses thoughts that are not sensible.-Intensity","0; 1; 2",,"","",""
vine_mal_tics,Integer,0,,Recommended,"Exhibits tics.","0; 1; 2",,"","",""
vine_mal_truant,Integer,0,,Recommended,"Is truant from school or work.","0; 1; 2",,"","",""
vine_mal_unaware,Integer,0,,Recommended,"Is unaware of what is happening in immediate surroundings.","0; 1; 2",,"","",""
vine_mal_unaware_i,Integer,0,,Recommended,"Is unaware of what is happening in immediate surroundings.-Intensity","0; 1; 2",,"","",""
vine_mal_wetsbed,Integer,0,,Recommended,"Wets bed.","0; 1; 2",,"","",""
vine_mal_withdraw,Integer,0,,Recommended,"Withdraws.","0; 1; 2",,"","",""
vine_mot_ae,Float,0,,Recommended,"Age Equivalent","1 - 227",,"","",""
vine_mot_al,String,15,,Recommended,"Adaptive Level","",,"Nulled value range of:   High;Moderately High;Adequate;Moderately Low;Low to accept outlier data","",""
vine_mot_builds,Integer,0,,Recommended,"Builds three-dimensional structures, with at least five blocks.","0; 1; 2; N; DK",,"","",""
vine_mot_catches,Integer,0,,Recommended,"Catches small ball thrown from a distance of 10 feet, even if moving is necessary to catch it.","0; 1; 2; N; DK",,"","",""
vine_mot_climbs,Integer,0,,Recommended,"Climbs both in and out of bed or steady adult chair.","0; 1; 2; N; DK",,"","",""
vine_mot_crawls,Integer,0,,Recommended,"Crawls across floor on hands and knees, without stomach touching floor.","0; 1; 2; N; DK",,"","",""
vine_mot_cutcomp,Integer,0,,Recommended,"Cuts out complex items with scissors.","0; 1; 2; N; DK",,"","",""
vine_mot_cuts,Integer,0,,Recommended,"Cuts across a piece of paper with scissors","0; 1; 2; N; DK",,"","",""
vine_mot_cutsline,Integer,0,,Recommended,"Cuts paper along a line with scissors.","0; 1; 2; N; DK",,"","",""
vine_mot_door,Integer,0,,Recommended,"Opens doors that require only pushing or pulling.","0; 1; 2; N; DK",,"","",""
vine_mot_downstrs,Integer,0,,Recommended,"Walks down stairs, forward, putting both feet on each step.","0; 1; 2; N; DK",,"","",""
vine_mot_draws,Integer,0,,Recommended,"Draws more than one recognizable form with pencils or crayons.","0; 1; 2; N; DK",,"","",""
vine_mot_drknobs,Integer,0,,Recommended,"Opens doors by turning and pulling doorknobs.","0; 1; 2; N; DK",,"","",""
vine_mot_dstairsaf,Integer,0,,Recommended,"Walks down stairs with alternating feet, without assistance.","0; 1; 2; N; DK",,"","",""
vine_mot_eraser,Integer,0,,Recommended,"Uses eraser without tearing paper.","0; 1; 2; N; DK",,"","",""
vine_mot_err,Integer,0,,Recommended,"Band of Error","",,"","",""
vine_mot_errhigh,Integer,0,,Recommended,"Band of Error High","",,"","",""
vine_mot_errlow,Integer,0,,Recommended,"Band of Error Low","",,"","",""
vine_mot_f_ae,Float,0,,Recommended,"Fine Age Equivalent","1 - 227",,"","",""
vine_mot_f_al,String,15,,Recommended,"Fine Adaptive Level","",,"Nulled value range of:   High;Moderately High;Adequate;Moderately Low;Low to accept outlier data","",""
vine_mot_f_raw,Integer,0,,Recommended,"Fine Raw Score","0 - 32",,"","",""
vine_mot_g_ae,Float,0,,Recommended,"Gross Age Equivalent","1 - 227",,"","",""
vine_mot_g_al,String,15,,Recommended,"Gross Adaptive Level","",,"Nulled value range of:   High;Moderately High;Adequate;Moderately Low;Low to accept outlier data","",""
vine_mot_g_raw,Integer,0,,Recommended,"Gross Raw Score","0 - 40",,"","",""
vine_mot_head,Integer,0,,Recommended,"Holds head erect for at least 15 seconds without assistance when held vertically in caregiver's arms.","0; 1; 2; N; DK",,"","",""
vine_mot_hopfrwrd,Integer,0,,Recommended,"Hops forward on one foot with ease.","0; 1; 2; N; DK",,"","",""
vine_mot_hops,Integer,0,,Recommended,"Hops on one foot at least once, while holding on to another person or stable object, without falling.","0; 1; 2; N; DK",,"","",""
vine_mot_hops3x,Integer,0,,Recommended,"Hops forward on one foot at least three times without losing balance.","0; 1; 2; N; DK",,"","",""
vine_mot_hplayeq,Integer,0,,Recommended,"Climbs on high play equipment.","0; 1; 2; N; DK",,"","",""
vine_mot_jumps,Integer,0,,Recommended,"Jumps over small object.","0; 1; 2; N; DK",,"","",""
vine_mot_marks,Integer,0,,Recommended,"Marks with pencil, crayon, or chalk on appropriate writing surface.","0; 1; 2; N; DK",,"","",""
vine_mot_opens,Integer,0,,Recommended,"Opens and closes scissors with one hand.","0; 1; 2; N; DK",,"","",""
vine_mot_pckup,Integer,0,,Recommended,"Picks up small object with hands, in any way.","0; 1; 2; N; DK",,"","",""
vine_mot_pedals,Integer,0,,Recommended,"Pedals tricycle or other three-wheeled vehicle for at least six feet.","0; 1; 2; N; DK",,"","",""
vine_mot_playeq,Integer,0,,Recommended,"Climbs on low play equipment.","0; 1; 2; N; DK",,"","",""
vine_mot_prank,Float,0,,Recommended,"Percentile Rank","1 - 100",,"","",""
vine_mot_puzzle,Integer,0,,Recommended,"Completes non-inset puzzle of at least six pieces","0; 1; 2; N; DK",,"","",""
vine_mot_raises,Integer,0,,Recommended,"Raises self to sitting position and maintains position unsupported for at east one minute.","0; 1; 2; N; DK",,"","",""
vine_mot_raw,Integer,0,,Recommended,"Raw Score","0 - 72",,"","",""
vine_mot_rides,Integer,0,,Recommended,"Rides bicycle without training wheels, without falling.","0; 1; 2; N; DK",,"","",""
vine_mot_rollsball,Integer,0,,Recommended,"Rolls ball while sitting.","0; 1; 2; N; DK",,"","",""
vine_mot_screws,Integer,0,,Recommended,"Screws and unscrews lid of jar.","0; 1; 2; N; DK",,"","",""
vine_mot_sits,Integer,0,,Recommended,"Sits supported for at least one minute.","0; 1; 2; N; DK",,"","",""
vine_mot_ss,Float,0,,Recommended,"Standard Score","20 - 160",,"","",""
vine_mot_stan,Integer,0,,Recommended,"Stanine","",,"","",""
vine_mot_thmbfngr,Integer,0,,Recommended,"Picks up small object with thumb and fingers.","0; 1; 2; N; DK",,"","",""
vine_mot_transobj,Integer,0,,Recommended,"Transfers object from one hand to the other.","0; 1; 2; N; DK",,"","",""
vine_mot_turns,Integer,0,,Recommended,"Turns smoothly, with changes in speed and direction.","0; 1; 2; N; DK",,"","",""
vine_mot_unlocks,Integer,0,,Recommended,"Unlocks key locks","0; 1; 2; N; DK",,"","",""
vine_mot_upstrs,Integer,0,,Recommended,"Walks up stairs, putting both feet on each step.","0; 1; 2; N; DK",,"","",""
vine_mot_walks,Integer,0,,Recommended,"Walk as primary means of getting around.","0; 1; 2; N; DK",,"","",""
vine_soc_addname,Integer,0,,Recommended,"Addresses at least two familiar people by name.","0; 1; 2; N; DK",,"","",""
vine_soc_ae,Float,0,,Recommended,"Age Equivalent","1 - 227",,"","",""
vine_soc_affection,Integer,0,,Recommended,"Shows affection toward familiar people.","0; 1; 2; N; DK",,"","",""
vine_soc_al,String,15,,Recommended,"Adaptive Level","",,"Value range was removed as data did not consistently follow appropriate value range formats - DJH 10-05-2010","",""
vine_soc_anticip,Integer,0,,Recommended,"Shows anticipation of being picked up by caregiver.","0; 1; 2; N; DK",,"","",""
vine_soc_apologize,Integer,0,,Recommended,"Apologizes for unintentional mistakes.","0; 1; 2; N; DK",,"","",""
vine_soc_appoint,Integer,0,,Recommended,"Makes or keeps appointments.","0; 1; 2; N; DK",,"","",""
vine_soc_bfss,Integer,0,,Recommended,"Has a best friend of the same sex.","0; 1; 2; N; DK",,"","",""
vine_soc_birthday,Integer,0,,Recommended,"Remembers birthdays or anniversaries of immediate family members and special friends.","0; 1; 2; N; DK",,"","",""
vine_soc_c_ae,Float,0,,Recommended,"Coping Skills Age Equivalent","1 - 227",,"","",""
vine_soc_c_al,String,15,,Recommended,"Coping Skills Adaptive Level","",,"High;Moderately High;Adequate;Moderately Low;Low","",""
vine_soc_c_raw,Integer,0,,Recommended,"Coping Skills Raw Score","0 - 36",,"","",""
vine_soc_charac,Integer,0,,Recommended,"Identifies people by characteristics other then name, when asked.","0; 1; 2; N; DK",,"","",""
vine_soc_commrls,Integer,0,,Recommended,"Follows community rules.","0; 1; 2; N; DK",,"","",""
vine_soc_conseq,Integer,0,,Recommended,"Independently weighs consequences of actions before making decisions.","0; 1; 2; N; DK",,"","",""
vine_soc_controls,Integer,0,,Recommended,"Controls anger or hurt feelings when denied own way.","0; 1; 2; N; DK",,"","",""
vine_soc_desire,Integer,0,,Recommended,"Shows desire to please caregiver.","0; 1; 2; N; DK",,"","",""
vine_soc_disting,Integer,0,,Recommended,"Distinguishes caregiver from others.","0; 1; 2; N; DK",,"","",""
vine_soc_dtdates,Integer,0,,Recommended,"Goes on double or triple dates.","0; 1; 2; N; DK",,"","",""
vine_soc_emotion,Integer,0,,Recommended,"Expresses two or more recognizable emotions such as pleasure, sadness, fear or distress.","0; 1; 2; N; DK",,"","",""
vine_soc_endconv,Integer,0,,Recommended,"Ends conversations appropriately.","0; 1; 2; N; DK",,"","",""
vine_soc_err,Integer,0,,Recommended,"Band of Error","",,"","",""
vine_soc_errhigh,Integer,0,,Recommended,"Band of Error High","",,"","",""
vine_soc_errlow,Integer,0,,Recommended,"Band of Error Low","",,"","",""
vine_soc_fdmouth,Integer,0,,Recommended,"Does not talk with food in mouth.","0; 1; 2; N; DK",,"","",""
vine_soc_fortune,Integer,0,,Recommended,"Responds verbally and positively to good fortune of others.","0; 1; 2; N; DK",,"","",""
vine_soc_gamerls,Integer,0,,Recommended,"Follows rules in simple games without being reminded.","0; 1; 2; N; DK",,"","",""
vine_soc_gifts,Integer,0,,Recommended,"Makes or buys small gifts for caregiver or family member on major holidays, on own initiative.","0; 1; 2; N; DK",,"","",""
vine_soc_grpfrnds,Integer,0,,Recommended,"Has a group of friends.","0; 1; 2; N; DK",,"","",""
vine_soc_hints,Integer,0,,Recommended,"Responds to hints or indirect cues in conversation.","0; 1; 2; N; DK",,"","",""
vine_soc_hobby,Integer,0,,Recommended,"Has a hobby.","0; 1; 2; N; DK",,"","",""
vine_soc_i_ae,Float,0,,Recommended,"Interpersonal Relationships Age Equivalent","1 - 227",,"","",""
vine_soc_i_al,String,15,,Recommended,"Interpersonal Relationships Adaptive Level","",,"Value range was removed as data did not consistently follow value range format 
DJH 10-05-201","",""
vine_soc_i_raw,Integer,0,,Recommended,"Interpersonal Relationships Raw Score","0 - 56",,"","",""
vine_soc_imitcompl,Integer,0,,Recommended,"Imitates a relatively complex task several hours after it was performed by another.","0; 1; 2; N; DK",,"","",""
vine_soc_imitphrs,Integer,0,,Recommended,"Imitates adult phrases heard on previous occasions","0; 1; 2; N; DK",,"","",""
vine_soc_initconv,Integer,0,,Recommended,"Initiates conversations on topics of particular interest to others.","0; 1; 2; N; DK",,"","",""
vine_soc_internov,Integer,0,,Recommended,"Shows interests in novel objects or new people.","0; 1; 2; N; DK",,"","",""
vine_soc_interoth,Integer,0,,Recommended,"Shows interest in activities of others","0; 1; 2; N; DK",,"","",""
vine_soc_interpeer,Integer,0,,Recommended,"Shows interest in children or peers other than siblings.","0; 1; 2; N; DK",,"","",""
vine_soc_judge,Integer,0,,Recommended,"Apologizes for mistakes or errors in judgment.","0; 1; 2; N; DK",,"","",""
vine_soc_kpsecret,Integer,0,,Recommended,"Keeps secrets or confidence as long as appropriate.","0; 1; 2; N; DK",,"","",""
vine_soc_labels,Integer,0,,Recommended,"Labels happiness, sadness, fear, and anger in self.","0; 1; 2; N; DK",,"","",""
vine_soc_laugh,Integer,0,,Recommended,"Laughs or smiles appropriately in response to positive statements.","0; 1; 2; N; DK",,"","",""
vine_soc_lkfacecg,Integer,0,,Recommended,"Looks at face of caregiver.","0; 1; 2; N; DK",,"","",""
vine_soc_mkblv,Integer,0,,Recommended,"Engaged in elaborate make-believe activities, alone or with others.","0; 1; 2; N; DK",,"","",""
vine_soc_nevntwoa,Integer,0,,Recommended,"Goes to evening nonschool or nonfacility events with friends, without adult supervision.","0; 1; 2; N; DK",,"","",""
vine_soc_oppsex,Integer,0,,Recommended,"Goes with one person of opposite sex to party or public event where many people are present.","0; 1; 2; N; DK",,"","",""
vine_soc_organ,Integer,0,,Recommended,"Belongs to older adolescent organized club, interest group, or social or service organization.","0; 1; 2; N; DK",,"","",""
vine_soc_p_ae,Float,0,,Recommended,"Play and Leisure Time Age Equivalent","1 - 227",,"","",""
vine_soc_p_al,String,15,,Recommended,"Play and Leisure Time Adaptive Level","",,"High;Moderately High;Adequate;Moderately Low;Low","",""
vine_soc_p_raw,Integer,0,,Recommended,"Play and Leisure Time Raw Score","0 - 40",,"","",""
vine_soc_partic,Integer,0,,Recommended,"Participates in at least one game or activity with others.","0; 1; 2; N; DK",,"","",""
vine_soc_playgm,Integer,0,,Recommended,"Plays more than one board or card game requiring skill and decision making.","0; 1; 2; N; DK",,"","",""
vine_soc_playinter,Integer,0,,Recommended,"Plays very simple interaction games with others.","0; 1; 2; N; DK",,"","",""
vine_soc_playwtoy,Integer,0,,Recommended,"Plays with toy or other object alone or with others.","0; 1; 2; N; DK",,"","",""
vine_soc_please,Integer,0,,Recommended,"Says "please" when asking for something","0; 1; 2; N; DK",,"","",""
vine_soc_prank,Float,0,,Recommended,"Percentile Rank","0 - 100",,"","",""
vine_soc_pref,Integer,0,,Recommended,"Shows a preference for some friends over others.","0; 1; 2; N; DK",,"","",""
vine_soc_preffrnd,Integer,0,,Recommended,"Has a preferred friend of either sex.","0; 1; 2; N; DK",,"","",""
vine_soc_raw,Integer,0,,Recommended,"Raw Score","0 - 132",,"","",""
vine_soc_reach,Integer,0,,Recommended,"Reaches for familiar person.","0; 1; 2; N; DK",,"","",""
vine_soc_refrains,Integer,0,,Recommended,"Refrains from asking questions or making statements that might embarrass or hurt others.","0; 1; 2; N; DK",,"","",""
vine_soc_repaym,Integer,0,,Recommended,"Repays money borrowed from caregiver.","0; 1; 2; N; DK",,"","",""
vine_soc_rtrnpeers,Integer,0,,Recommended,"Returns borrowed toys, possessions, or money to peers, or returns borrowed books to library.","0; 1; 2; N; DK",,"","",""
vine_soc_schlrls,Integer,0,,Recommended,"Follows school or facility rules.","0; 1; 2; N; DK",,"","",""
vine_soc_sdates,Integer,0,,Recommended,"Goes on single dates.","0; 1; 2; N; DK",,"","",""
vine_soc_secrets1,Integer,0,,Recommended,"Keeps secrets or confidence for more than one day.","0; 1; 2; N; DK",,"","",""
vine_soc_sevntaa,Integer,0,,Recommended,"Goes to evening school or facility events with friends, when accompanied by an adult.","0; 1; 2; N; DK",,"","",""
vine_soc_sevntwoa,Integer,0,,Recommended,"Goes to evening school or facility events with friends, without adult supervision.","0; 1; 2; N; DK",,"","",""
vine_soc_shares,Integer,0,,Recommended,"Shares toys or possessions without being told to do so.","0; 1; 2; N; DK",,"","",""
vine_soc_smove,Integer,0,,Recommended,"Imitates simple adult movements, such as clapping hands or waving good-bye in response to a model.","0; 1; 2; N; DK",,"","",""
vine_soc_sports,Integer,0,,Recommended,"Participates in nonschool sports.","0; 1; 2; N; DK",,"","",""
vine_soc_ss,Float,0,,Recommended,"Standard Score","20 - 160",,"","",""
vine_soc_stan,Integer,0,,Recommended,"Stanine","",,"","",""
vine_soc_strangers,Integer,0,,Recommended,"Responds appropriately when introduced to strangers.","0; 1; 2; N; DK",,"","",""
vine_soc_tblmann,Integer,0,,Recommended,"Uses appropriate table manners without being told.","0; 1; 2; N; DK",,"","",""
vine_soc_timelimit,Integer,0,,Recommended,"Follows time limits set by caregiver.","0; 1; 2; N; DK",,"","",""
vine_soc_tv,Integer,0,,Recommended,"Names one or more favorite television programs when asked, and tells on what days and channels the programs are shown.","0; 1; 2; N; DK",,"","",""
vine_soc_tvday,Integer,0,,Recommended,"Watches television or listens to radio for practical, day-to-day information.","0; 1; 2; N; DK",,"","",""
vine_soc_tvinterest,Integer,0,,Recommended,"Watches television or listens to radio for information about a particular area of interest","0; 1; 2; N; DK",,"","",""
vine_soc_tvnews,Integer,0,,Recommended,"Watches television or listens to radio for news independently.","0; 1; 2; N; DK",,"","",""
vine_soc_usecom,Integer,0,,Recommended,"Uses common household objects for play","0; 1; 2; N; DK",,"","",""
vine_soc_voice,Integer,0,,Recommended,"Responds to voice of caregiver or another person.","0; 1; 2; N; DK",,"","",""
vine_sum_ss,Integer,0,,Recommended,"Sum of Domain Standard Scores","80 - 640",,"","",""
