ElementName,DataType,Size,Unit,Required,ElementDescription,ValueRange,Keywords,Notes,Section,Aliases
waterjar_item_1,Integer,0,,Recommended,"Difference in degrees from correct answer","0 to 180",,"","Water Jar Task",""
waterjar_item_2,Integer,0,,Recommended,"Difference in degrees from correct answer","0 to 180",,"","Water Jar Task",""
waterjar_item_3,Integer,0,,Recommended,"Difference in degrees from correct answer","0 to 180",,"","Water Jar Task",""
waterjar_item_4,Integer,0,,Recommended,"Difference in degrees from correct answer","0 to 180",,"","Water Jar Task",""
waterjar_item_5,Integer,0,,Recommended,"Difference in degrees from correct answer","0 to 180",,"","Water Jar Task",""
waterjar_item_6,Integer,0,,Recommended,"Difference in degrees from correct answer","0 to 180",,"","Water Jar Task",""
waterjar_item_7,Integer,0,,Recommended,"Difference in degrees from correct answer","0 to 180",,"","Water Jar Task",""
waterjar_item_8,Integer,0,,Recommended,"Difference in degrees from correct answer","0 to 180",,"","Water Jar Task",""
waterjar_item_9,Integer,0,,Recommended,"Difference in degrees from correct answer","0 to 180",,"","Water Jar Task",""
waterjar_item_10,Integer,0,,Recommended,"Difference in degrees from correct answer","0 to 180",,"","Water Jar Task",""
subjectkey,GUID,0,,Required,"The NDAR Global Unique Identifier (GUID) for subjects which identifies a subject in NDAR","NDAR*",,"","Header",""
src_subject_id,String,20,,Required,"The site's subject identification","",,"","Header",""
interview_date,Date,0,,Required,"Date on which the interview/genetic test/sampling/imaging was completed","MM/yyyy;MM/dd/yyyy",,"* '01/01/1900' indicates that a date associated with retrospective data is not known.","Header",""
interview_age,Integer,0,,Required,"Age in months at the time of the interview/test/sampling/imaging.","0 to 1200",,"Age is rounded to chronological month If the research participant is 13 days old at time of interview  the appropriate value would be 0 months if the participant is 19 days old the value would be 1 month","Header",""
comments_misc,String,255,,Optional,"Miscellaneous comments on study, interview, methodology relevant to this form data","",,"","Header",""
