ElementName,DataType,Size,Unit,Required,ElementDescription,ValueRange,Keywords,Notes,Section,Aliases
subjectkey,GUID,0,,Required,"","NDAR*",,"","Header",""
assess_join_var,Integer,0,,Required,"","",,"","",""
src_subject_id,String,20,,Required,"","",,"","Header","Wisc_iv_SRC_Subject_ID"
interview_date,Date,0,,Required,"","MM/yyyy;MM/dd/yyyy",,"* '01/01/1900' indicates that a date associated with retrospective data is not known.","Header","Wisc_iv_interview_date"
interview_age,Integer,0,,Required,"","0 to 1200",,"Age is rounded to chronological month If the research participant is 13 days old at time of interview  the appropriate value would be 0 months if the participant is 19 days old the value would be 1 month","Header","Wisc_iv_interview_age"
gender,String,50,,Required,"","M;F",,"","",""
comments_misc,String,255,,Optional,"","",,"","Header","Wisc_iv_comments_misc"
arithpa_parta_book_ct,String,50,,Recommended,"","",,"","Arithmetic Process Approach","Wisc_iv_ArithPA_partA_Book_ct"
arithpa_parta_book_resp,String,50,,Recommended,"","",,"","Arithmetic Process Approach","Wisc_iv_ArithPA_partA_Book_resp"
arithpa_parta_book_score,Integer,0,,Recommended,"","0;1",,"","Arithmetic Process Approach","Wisc_iv_ArithPA_partA_Book_score"
arithpa_parta_book_ps,Integer,0,,Recommended,"","0;1;2;3",,"","Arithmetic Process Approach","Wisc_iv_ArithPA_partA_Book_ps"
arithpa_parta_cray_ct,String,50,,Recommended,"","",,"","Arithmetic Process Approach","Wisc_iv_ArithPA_partA_cray_ct"
arithpa_parta_cray_resp,String,50,,Recommended,"","",,"","Arithmetic Process Approach","Wisc_iv_ArithPA_partA_cray_resp"
arithpa_parta_cray_score,Integer,0,,Recommended,"","0;1",,"","Arithmetic Process Approach","Wisc_iv_ArithPA_partA_cray_score"
arithpa_parta_cray_ps,Integer,0,,Recommended,"","0;1;2;3",,"","Arithmetic Process Approach","Wisc_iv_ArithPA_partA_cray_ps"
arithpa_parta_cookie_ct,String,50,,Recommended,"","",,"","Arithmetic Process Approach","Wisc_iv_ArithPA_partA_cookie_ct"
arithpa_parta_cookie_resp,String,50,,Recommended,"","",,"","Arithmetic Process Approach","Wisc_iv_ArithPA_partA_cookie_resp"
arithpa_parta_cookie_score,Integer,0,,Recommended,"","0;1",,"","Arithmetic Process Approach","Wisc_iv_ArithPA_partA_cookie_score"
arithpa_parta_cookie_ps,Integer,0,,Recommended,"","0;1;2;3",,"","Arithmetic Process Approach","Wisc_iv_ArithPA_partA_cookie_ps"
arithpa_parta_piece_ct,String,50,,Recommended,"","",,"","Arithmetic Process Approach","Wisc_iv_ArithPA_partA_piece_ct"
arithpa_parta_piece_resp,String,50,,Recommended,"","",,"","Arithmetic Process Approach","Wisc_iv_ArithPA_partA_piece_resp"
arithpa_parta_piece_score,Integer,0,,Recommended,"","0;1",,"","Arithmetic Process Approach","Wisc_iv_ArithPA_partA_piece_score"
arithpa_parta_piece_ps,Integer,0,,Recommended,"","0;1;2;3",,"","Arithmetic Process Approach","Wisc_iv_ArithPA_partA_piece_ps"
arithpa_parta_penny_ct,String,50,,Recommended,"","",,"","Arithmetic Process Approach","Wisc_iv_ArithPA_partA_penny_ct"
arithpa_parta_penny_resp,String,50,,Recommended,"","",,"","Arithmetic Process Approach","Wisc_iv_ArithPA_partA_penny_resp"
arithpa_parta_penny_score,Integer,0,,Recommended,"","0;1",,"","Arithmetic Process Approach","Wisc_iv_ArithPA_partA_penny_score"
arithpa_parta_penny_ps,Integer,0,,Recommended,"","0;1;2;3",,"","Arithmetic Process Approach","Wisc_iv_ArithPA_partA_penny_ps"
arithpa_parta_pencil_ct,String,50,,Recommended,"","",,"","Arithmetic Process Approach","Wisc_iv_ArithPA_partA_pencil_ct"
arithpa_parta_pencil_resp,String,50,,Recommended,"","",,"","Arithmetic Process Approach","Wisc_iv_ArithPA_partA_pencil_resp"
arithpa_parta_pencil_score,Integer,0,,Recommended,"","0;1",,"","Arithmetic Process Approach","Wisc_iv_ArithPA_partA_pencil_score"
arithpa_parta_pencil_ps,Integer,0,,Recommended,"","0;1;2;3",,"","Arithmetic Process Approach","Wisc_iv_ArithPA_partA_pencil_ps"
arithpa_parta_candy_ct,String,50,,Recommended,"","",,"","Arithmetic Process Approach","Wisc_iv_ArithPA_partA_candy_ct"
arithpa_parta_candy_resp,String,50,,Recommended,"","",,"","Arithmetic Process Approach","Wisc_iv_ArithPA_partA_candy_resp"
arithpa_parta_candy_score,Integer,0,,Recommended,"","0;1",,"","Arithmetic Process Approach","Wisc_iv_ArithPA_partA_candy_score"
arithpa_parta_candy_ps,Integer,0,,Recommended,"","0;1;2;3",,"","Arithmetic Process Approach","Wisc_iv_ArithPA_partA_candy_ps"
arithpa_parta_car_ct,String,50,,Recommended,"","",,"","Arithmetic Process Approach","Wisc_iv_ArithPA_partA_car_ct"
arithpa_parta_car_resp,String,50,,Recommended,"","",,"","Arithmetic Process Approach","Wisc_iv_ArithPA_partA_car_resp"
arithpa_parta_car_score,Integer,0,,Recommended,"","0;1",,"","Arithmetic Process Approach","Wisc_iv_ArithPA_partA_car_score"
arithpa_parta_car_ps,Integer,0,,Recommended,"","0;1;2;3",,"","Arithmetic Process Approach","Wisc_iv_ArithPA_partA_car_ps"
arithpa_parta_marker_ct,String,50,,Recommended,"","",,"","Arithmetic Process Approach","Wisc_iv_ArithPA_partA_marker_ct"
arithpa_parta_marker_resp,String,50,,Recommended,"","",,"","Arithmetic Process Approach","Wisc_iv_ArithPA_partA_marker_resp"
arithpa_parta_marker_score,Integer,0,,Recommended,"","0;1",,"","Arithmetic Process Approach","Wisc_iv_ArithPA_partA_marker_score"
arithpa_parta_marker_ps,Integer,0,,Recommended,"","0;1;2;3",,"","Arithmetic Process Approach","Wisc_iv_ArithPA_partA_marker_ps"
arithpa_parta_apple_ct,String,50,,Recommended,"","",,"","Arithmetic Process Approach","Wisc_iv_ArithPA_partA_apple_ct"
arithpa_parta_apple_resp,String,50,,Recommended,"","",,"","Arithmetic Process Approach","Wisc_iv_ArithPA_partA_apple_resp"
arithpa_parta_apple_score,Integer,0,,Recommended,"","0;1",,"","Arithmetic Process Approach","Wisc_iv_ArithPA_partA_apple_score"
arithpa_parta_apple_ps,Integer,0,,Recommended,"","0;1;2;3",,"","Arithmetic Process Approach","Wisc_iv_ArithPA_partA_apple_ps"
arithpa_parta_cow_ct,String,50,,Recommended,"","",,"","Arithmetic Process Approach","Wisc_iv_ArithPA_partA_cow_ct"
arithpa_parta_cow_resp,String,50,,Recommended,"","",,"","Arithmetic Process Approach","Wisc_iv_ArithPA_partA_cow_resp"
arithpa_parta_cow_score,Integer,0,,Recommended,"","0;1",,"","Arithmetic Process Approach","Wisc_iv_ArithPA_partA_cow_score"
arithpa_parta_cow_ps,Integer,0,,Recommended,"","0;1;2;3",,"","Arithmetic Process Approach","Wisc_iv_ArithPA_partA_cow_ps"
arithpa_parta_sticker_ct,String,50,,Recommended,"","",,"","Arithmetic Process Approach","Wisc_iv_ArithPA_partA_sticker_ct"
arithpa_parta_sticker_resp,String,50,,Recommended,"","",,"","Arithmetic Process Approach","Wisc_iv_ArithPA_partA_sticker_resp"
arithpa_parta_sticker_score,Integer,0,,Recommended,"","0;1",,"","Arithmetic Process Approach","Wisc_iv_ArithPA_partA_sticker_score"
arithpa_parta_sticker_ps,Integer,0,,Recommended,"","0;1;2;3",,"","Arithmetic Process Approach","Wisc_iv_ArithPA_partA_sticker_ps"
arithpa_parta_balloon_ct,String,50,,Recommended,"","",,"","Arithmetic Process Approach","Wisc_iv_ArithPA_partA_balloon_ct"
arithpa_parta_balloon_resp,String,50,,Recommended,"","",,"","Arithmetic Process Approach","Wisc_iv_ArithPA_partA_balloon_resp"
arithpa_parta_balloon_score,Integer,0,,Recommended,"","0;1",,"","Arithmetic Process Approach","Wisc_iv_ArithPA_partA_balloon_score"
arithpa_parta_balloon_ps,Integer,0,,Recommended,"","0;1;2;3",,"","Arithmetic Process Approach","Wisc_iv_ArithPA_partA_balloon_ps"
arithpa_parta_watch_ct,String,50,,Recommended,"","",,"","Arithmetic Process Approach","Wisc_iv_ArithPA_partA_watch_ct"
arithpa_parta_watch_resp,String,50,,Recommended,"","",,"","Arithmetic Process Approach","Wisc_iv_ArithPA_partA_watch_resp"
arithpa_parta_watch_score,Integer,0,,Recommended,"","0;1",,"","Arithmetic Process Approach","Wisc_iv_ArithPA_partA_watch_score"
arithpa_parta_watch_ps,Integer,0,,Recommended,"","0;1;2;3",,"","Arithmetic Process Approach","Wisc_iv_ArithPA_partA_watch_ps"
arithpa_parta_point_ct,String,50,,Recommended,"","",,"","Arithmetic Process Approach","Wisc_iv_ArithPA_partA_point_ct"
arithpa_parta_point_resp,String,50,,Recommended,"","",,"","Arithmetic Process Approach","Wisc_iv_ArithPA_partA_point_resp"
arithpa_parta_point_score,Integer,0,,Recommended,"","0;1",,"","Arithmetic Process Approach","Wisc_iv_ArithPA_partA_point_score"
arithpa_parta_point_ps,Integer,0,,Recommended,"","0;1;2;3",,"","Arithmetic Process Approach","Wisc_iv_ArithPA_partA_point_ps"
arithpa_parta_ribbon_ct,String,50,,Recommended,"","",,"","Arithmetic Process Approach","Wisc_iv_ArithPA_partA_ribbon_ct"
arithpa_parta_ribbon_resp,String,50,,Recommended,"","",,"","Arithmetic Process Approach","Wisc_iv_ArithPA_partA_ribbon_resp"
arithpa_parta_ribbon_score,Integer,0,,Recommended,"","0;1",,"","Arithmetic Process Approach","Wisc_iv_ArithPA_partA_ribbon_score"
arithpa_parta_ribbon_ps,Integer,0,,Recommended,"","0;1;2;3",,"","Arithmetic Process Approach","Wisc_iv_ArithPA_partA_ribbon_ps"
arithpa_parta_pen_ct,String,50,,Recommended,"","",,"","Arithmetic Process Approach","Wisc_iv_ArithPA_partA_pen_ct"
arithpa_parta_pen_resp,String,50,,Recommended,"","",,"","Arithmetic Process Approach","Wisc_iv_ArithPA_partA_pen_resp"
arithpa_parta_pen_score,Integer,0,,Recommended,"","0;1",,"","Arithmetic Process Approach","Wisc_iv_ArithPA_partA_pen_score"
arithpa_parta_pen_ps,Integer,0,,Recommended,"","0;1;2;3",,"","Arithmetic Process Approach","Wisc_iv_ArithPA_partA_pen_ps"
arithpa_parta_student_ct,String,50,,Recommended,"","",,"","Arithmetic Process Approach","Wisc_iv_ArithPA_partA_student_ct"
arithpa_parta_student_resp,String,50,,Recommended,"","",,"","Arithmetic Process Approach","Wisc_iv_ArithPA_partA_student_resp"
arithpa_parta_student_score,Integer,0,,Recommended,"","0;1",,"","Arithmetic Process Approach","Wisc_iv_ArithPA_partA_student_score"
arithpa_parta_student_ps,Integer,0,,Recommended,"","0;1;2;3",,"","Arithmetic Process Approach","Wisc_iv_ArithPA_partA_student_ps"
arithpa_parta_mag_ct,String,50,,Recommended,"","",,"","Arithmetic Process Approach","Wisc_iv_ArithPA_partA_mag_ct"
arithpa_parta_mag_resp,String,50,,Recommended,"","",,"","Arithmetic Process Approach","Wisc_iv_ArithPA_partA_mag_resp"
arithpa_parta_mag_score,Integer,0,,Recommended,"","0;1",,"","Arithmetic Process Approach","Wisc_iv_ArithPA_partA_mag_score"
arithpa_parta_mag_ps,Integer,0,,Recommended,"","0;1;2;3",,"","Arithmetic Process Approach","Wisc_iv_ArithPA_partA_mag_ps"
arithpa_parta_change_ct,String,50,,Recommended,"","",,"","Arithmetic Process Approach","Wisc_iv_ArithPA_partA_change_ct"
arithpa_parta_change_resp,String,50,,Recommended,"","",,"","Arithmetic Process Approach","Wisc_iv_ArithPA_partA_change_resp"
arithpa_parta_change_score,Integer,0,,Recommended,"","0;1",,"","Arithmetic Process Approach","Wisc_iv_ArithPA_partA_change_score"
arithpa_parta_change_ps,Integer,0,,Recommended,"","0;1;2;3",,"","Arithmetic Process Approach","Wisc_iv_ArithPA_partA_change_ps"
arithpa_parta_class_ct,String,50,,Recommended,"","",,"","Arithmetic Process Approach","Wisc_iv_ArithPA_partA_class_ct"
arithpa_parta_class_resp,String,50,,Recommended,"","",,"","Arithmetic Process Approach","Wisc_iv_ArithPA_partA_class_resp"
arithpa_parta_class_score,Integer,0,,Recommended,"","0;1",,"","Arithmetic Process Approach","Wisc_iv_ArithPA_partA_class_score"
arithpa_parta_class_ps,Integer,0,,Recommended,"","0;1;2;3",,"","Arithmetic Process Approach","Wisc_iv_ArithPA_partA_class_ps"
arithpa_parta_money_ct,String,50,,Recommended,"","",,"","Arithmetic Process Approach","Wisc_iv_ArithPA_partA_money_ct"
arithpa_parta_money_resp,String,50,,Recommended,"","",,"","Arithmetic Process Approach","Wisc_iv_ArithPA_partA_money_resp"
arithpa_parta_money_score,Integer,0,,Recommended,"","0;1",,"","Arithmetic Process Approach","Wisc_iv_ArithPA_partA_money_score"
arithpa_parta_money_ps,Integer,0,,Recommended,"","0;1;2;3",,"","Arithmetic Process Approach","Wisc_iv_ArithPA_partA_money_ps"
arithpa_parta_drive_ct,String,50,,Recommended,"","",,"","Arithmetic Process Approach","Wisc_iv_ArithPA_partA_drive_ct"
arithpa_parta_drive_resp,String,50,,Recommended,"","",,"","Arithmetic Process Approach","Wisc_iv_ArithPA_partA_drive_resp"
arithpa_parta_drive_score,Integer,0,,Recommended,"","0;1",,"","Arithmetic Process Approach","Wisc_iv_ArithPA_partA_drive_score"
arithpa_parta_drive_ps,Integer,0,,Recommended,"","0;1;2;3",,"","Arithmetic Process Approach","Wisc_iv_ArithPA_partA_drive_ps"
arithpa_parta_bicycle_ct,String,50,,Recommended,"","",,"","Arithmetic Process Approach","Wisc_iv_ArithPA_partA_bicycle_ct"
arithpa_parta_bicycle_resp,String,50,,Recommended,"","",,"","Arithmetic Process Approach","Wisc_iv_ArithPA_partA_bicycle_resp"
arithpa_parta_bicycle_score,Integer,0,,Recommended,"","0;1",,"","Arithmetic Process Approach","Wisc_iv_ArithPA_partA_bicycle_score"
arithpa_parta_bicycle_ps,Integer,0,,Recommended,"","0;1;2;3",,"","Arithmetic Process Approach","Wisc_iv_ArithPA_partA_bicycle_ps"
arithpa_parta_temp_ct,String,50,,Recommended,"","",,"","Arithmetic Process Approach","Wisc_iv_ArithPA_partA_temp_ct"
arithpa_parta_temp_resp,String,50,,Recommended,"","",,"","Arithmetic Process Approach","Wisc_iv_ArithPA_partA_temp_resp"
arithpa_parta_temp_score,Integer,0,,Recommended,"","0;1",,"","Arithmetic Process Approach","Wisc_iv_ArithPA_partA_temp_score"
arithpa_parta_temp_ps,Integer,0,,Recommended,"","0;1;2;3",,"","Arithmetic Process Approach","Wisc_iv_ArithPA_partA_temp_ps"
arithpa_parta_game_ct,String,50,,Recommended,"","",,"","Arithmetic Process Approach","Wisc_iv_ArithPA_partA_game_ct"
arithpa_parta_game_resp,String,50,,Recommended,"","",,"","Arithmetic Process Approach","Wisc_iv_ArithPA_partA_game_resp"
arithpa_parta_game_score,Integer,0,,Recommended,"","0;1",,"","Arithmetic Process Approach","Wisc_iv_ArithPA_partA_game_score"
arithpa_parta_game_ps,Integer,0,,Recommended,"","0;1;2;3",,"","Arithmetic Process Approach","Wisc_iv_ArithPA_partA_game_ps"
arithpa_parta_carwash_ct,String,50,,Recommended,"","",,"","Arithmetic Process Approach","Wisc_iv_ArithPA_partA_carwash_ct"
arithpa_parta_carwash_resp,String,50,,Recommended,"","",,"","Arithmetic Process Approach","Wisc_iv_ArithPA_partA_carwash_resp"
arithpa_parta_carwash_score,Integer,0,,Recommended,"","0;1",,"","Arithmetic Process Approach","Wisc_iv_ArithPA_partA_carwash_score"
arithpa_parta_carwash_ps,Integer,0,,Recommended,"","0;1;2;3",,"","Arithmetic Process Approach","Wisc_iv_ArithPA_partA_carwash_ps"
arithpa_parta_flight_ct,String,50,,Recommended,"","",,"","Arithmetic Process Approach","Wisc_iv_ArithPA_partA_flight_ct"
arithpa_parta_flight_resp,String,50,,Recommended,"","",,"","Arithmetic Process Approach","Wisc_iv_ArithPA_partA_flight_resp"
arithpa_parta_flight_score,Integer,0,,Recommended,"","0;1",,"","Arithmetic Process Approach","Wisc_iv_ArithPA_partA_flight_score"
arithpa_parta_flight_ps,Integer,0,,Recommended,"","0;1;2;3",,"","Arithmetic Process Approach","Wisc_iv_ArithPA_partA_flight_ps"
arithpa_parta_work_ct,String,50,,Recommended,"","",,"","Arithmetic Process Approach","Wisc_iv_ArithPA_partA_work_ct"
arithpa_parta_work_resp,String,50,,Recommended,"","",,"","Arithmetic Process Approach","Wisc_iv_ArithPA_partA_work_resp"
arithpa_parta_work_score,Integer,0,,Recommended,"","0;1",,"","Arithmetic Process Approach","Wisc_iv_ArithPA_partA_work_score"
arithpa_parta_work_ps,Integer,0,,Recommended,"","0;1;2;3",,"","Arithmetic Process Approach","Wisc_iv_ArithPA_partA_work_ps"
arithpa_parta_rawscore,Integer,0,,Recommended,"","",,"","Arithmetic Process Approach","Wisc_iv_ArithPA_partA_rawscore"
arithpa_parta_apra_atscore,Integer,0,,Recommended,"","",,"","Arithmetic Process Approach","Wisc_iv_ArithPA_partA_apra_atscore"
arithpa_partb_book_ct,String,50,,Recommended,"","",,"","Arithmetic Process Approach","Wisc_iv_ArithPA_partB_Book_ct"
arithpa_partb_book_resp,String,50,,Recommended,"","",,"","Arithmetic Process Approach","Wisc_iv_ArithPA_partB_Book_resp"
arithpa_partb_book_score,Integer,0,,Recommended,"","0;1",,"","Arithmetic Process Approach","Wisc_iv_ArithPA_partB_Book_score"
arithpa_partb_cray_ct,String,50,,Recommended,"","",,"","Arithmetic Process Approach","Wisc_iv_ArithPA_partB_cray_ct"
arithpa_partb_cray_resp,String,50,,Recommended,"","",,"","Arithmetic Process Approach","Wisc_iv_ArithPA_partB_cray_resp"
arithpa_partb_cray_score,Integer,0,,Recommended,"","0;1",,"","Arithmetic Process Approach","Wisc_iv_ArithPA_partB_cray_score"
arithpa_partb_cookie_ct,String,50,,Recommended,"","",,"","Arithmetic Process Approach","Wisc_iv_ArithPA_partB_cookie_ct"
arithpa_partb_cookie_resp,String,50,,Recommended,"","",,"","Arithmetic Process Approach","Wisc_iv_ArithPA_partB_cookie_resp"
arithpa_partb_cookie_score,Integer,0,,Recommended,"","0;1",,"","Arithmetic Process Approach","Wisc_iv_ArithPA_partB_cookie_score"
arithpa_partb_piece_ct,String,50,,Recommended,"","",,"","Arithmetic Process Approach","Wisc_iv_ArithPA_partB_piece_ct"
arithpa_partb_piece_resp,String,50,,Recommended,"","",,"","Arithmetic Process Approach","Wisc_iv_ArithPA_partB_piece_resp"
arithpa_partb_piece_score,Integer,0,,Recommended,"","0;1",,"","Arithmetic Process Approach","Wisc_iv_ArithPA_partB_piece_score"
arithpa_partb_penny_ct,String,50,,Recommended,"","",,"","Arithmetic Process Approach","Wisc_iv_ArithPA_partB_penny_ct"
arithpa_partb_penny_resp,String,50,,Recommended,"","",,"","Arithmetic Process Approach","Wisc_iv_ArithPA_partB_penny_resp"
arithpa_partb_penny_score,Integer,0,,Recommended,"","0;1",,"","Arithmetic Process Approach","Wisc_iv_ArithPA_partB_penny_score"
arithpa_partb_pencil_ct,String,50,,Recommended,"","",,"","Arithmetic Process Approach","Wisc_iv_ArithPA_partB_pencil_ct"
arithpa_partb_pencil_resp,String,50,,Recommended,"","",,"","Arithmetic Process Approach","Wisc_iv_ArithPA_partB_pencil_resp"
arithpa_partb_pencil_score,Integer,0,,Recommended,"","0;1",,"","Arithmetic Process Approach","Wisc_iv_ArithPA_partB_pencil_score"
arithpa_partb_candy_ct,String,50,,Recommended,"","",,"","Arithmetic Process Approach","Wisc_iv_ArithPA_partB_candy_ct"
arithpa_partb_candy_resp,String,50,,Recommended,"","",,"","Arithmetic Process Approach","Wisc_iv_ArithPA_partB_candy_resp"
arithpa_partb_candy_score,Integer,0,,Recommended,"","0;1",,"","Arithmetic Process Approach","Wisc_iv_ArithPA_partB_candy_score"
arithpa_partb_car_ct,String,50,,Recommended,"","",,"","Arithmetic Process Approach","Wisc_iv_ArithPA_partB_car_ct"
arithpa_partb_car_resp,String,50,,Recommended,"","",,"","Arithmetic Process Approach","Wisc_iv_ArithPA_partB_car_resp"
arithpa_partb_car_score,Integer,0,,Recommended,"","0;1",,"","Arithmetic Process Approach","Wisc_iv_ArithPA_partB_car_score"
arithpa_partb_marker_ct,String,50,,Recommended,"","",,"","Arithmetic Process Approach","Wisc_iv_ArithPA_partB_marker_ct"
arithpa_partb_marker_resp,String,50,,Recommended,"","",,"","Arithmetic Process Approach","Wisc_iv_ArithPA_partB_marker_resp"
arithpa_partb_marker_score,Integer,0,,Recommended,"","0;1",,"","Arithmetic Process Approach","Wisc_iv_ArithPA_partB_marker_score"
arithpa_partb_apple_ct,String,50,,Recommended,"","",,"","Arithmetic Process Approach","Wisc_iv_ArithPA_partB_apple_ct"
arithpa_partb_apple_resp,String,50,,Recommended,"","",,"","Arithmetic Process Approach","Wisc_iv_ArithPA_partB_apple_resp"
arithpa_partb_apple_score,Integer,0,,Recommended,"","0;1",,"","Arithmetic Process Approach","Wisc_iv_ArithPA_partB_apple_score"
arithpa_partb_cow_ct,String,50,,Recommended,"","",,"","Arithmetic Process Approach","Wisc_iv_ArithPA_partB_cow_ct"
arithpa_partb_cow_resp,String,50,,Recommended,"","",,"","Arithmetic Process Approach","Wisc_iv_ArithPA_partB_cow_resp"
arithpa_partb_cow_score,Integer,0,,Recommended,"","0;1",,"","Arithmetic Process Approach","Wisc_iv_ArithPA_partB_cow_score"
arithpa_partb_sticker_ct,String,50,,Recommended,"","",,"","Arithmetic Process Approach","Wisc_iv_ArithPA_partB_sticker_ct"
arithpa_partb_sticker_resp,String,50,,Recommended,"","",,"","Arithmetic Process Approach","Wisc_iv_ArithPA_partB_sticker_resp"
arithpa_partb_sticker_score,Integer,0,,Recommended,"","0;1",,"","Arithmetic Process Approach","Wisc_iv_ArithPA_partB_sticker_score"
arithpa_partb_balloon_ct,String,50,,Recommended,"","",,"","Arithmetic Process Approach","Wisc_iv_ArithPA_partB_balloon_ct"
arithpa_partb_balloon_resp,String,50,,Recommended,"","",,"","Arithmetic Process Approach","Wisc_iv_ArithPA_partB_balloon_resp"
arithpa_partb_balloon_score,Integer,0,,Recommended,"","0;1",,"","Arithmetic Process Approach","Wisc_iv_ArithPA_partB_balloon_score"
arithpa_partb_watch_ct,String,50,,Recommended,"","",,"","Arithmetic Process Approach","Wisc_iv_ArithPA_partB_watch_ct"
arithpa_partb_watch_resp,String,50,,Recommended,"","",,"","Arithmetic Process Approach","Wisc_iv_ArithPA_partB_watch_resp"
arithpa_partb_watch_score,Integer,0,,Recommended,"","0;1",,"","Arithmetic Process Approach","Wisc_iv_ArithPA_partB_watch_score"
arithpa_partb_point_ct,String,50,,Recommended,"","",,"","Arithmetic Process Approach","Wisc_iv_ArithPA_partB_point_ct"
arithpa_partb_point_resp,String,50,,Recommended,"","",,"","Arithmetic Process Approach","Wisc_iv_ArithPA_partB_point_resp"
arithpa_partb_point_score,Integer,0,,Recommended,"","0;1",,"","Arithmetic Process Approach","Wisc_iv_ArithPA_partB_point_score"
arithpa_partb_ribbon_ct,String,50,,Recommended,"","",,"","Arithmetic Process Approach","Wisc_iv_ArithPA_partB_ribbon_ct"
arithpa_partb_ribbon_resp,String,50,,Recommended,"","",,"","Arithmetic Process Approach","Wisc_iv_ArithPA_partB_ribbon_resp"
arithpa_partb_ribbon_score,Integer,0,,Recommended,"","0;1",,"","Arithmetic Process Approach","Wisc_iv_ArithPA_partB_ribbon_score"
arithpa_partb_pen_ct,String,50,,Recommended,"","",,"","Arithmetic Process Approach","Wisc_iv_ArithPA_partB_pen_ct"
arithpa_partb_pen_resp,String,50,,Recommended,"","",,"","Arithmetic Process Approach","Wisc_iv_ArithPA_partB_pen_resp"
arithpa_partb_pen_score,Integer,0,,Recommended,"","0;1",,"","Arithmetic Process Approach","Wisc_iv_ArithPA_partB_pen_score"
arithpa_partb_student_ct,String,50,,Recommended,"","",,"","Arithmetic Process Approach","Wisc_iv_ArithPA_partB_student_ct"
arithpa_partb_student_resp,String,50,,Recommended,"","",,"","Arithmetic Process Approach","Wisc_iv_ArithPA_partB_student_resp"
arithpa_partb_student_score,Integer,0,,Recommended,"","0;1",,"","Arithmetic Process Approach","Wisc_iv_ArithPA_partB_student_score"
arithpa_partb_mag_ct,String,50,,Recommended,"","",,"","Arithmetic Process Approach","Wisc_iv_ArithPA_partB_mag_ct"
arithpa_partb_mag_resp,String,50,,Recommended,"","",,"","Arithmetic Process Approach","Wisc_iv_ArithPA_partB_mag_resp"
arithpa_partb_mag_score,Integer,0,,Recommended,"","0;1",,"","Arithmetic Process Approach","Wisc_iv_ArithPA_partB_mag_score"
arithpa_partb_change_ct,String,50,,Recommended,"","",,"","Arithmetic Process Approach","Wisc_iv_ArithPA_partB_change_ct"
arithpa_partb_change_resp,String,50,,Recommended,"","",,"","Arithmetic Process Approach","Wisc_iv_ArithPA_partB_change_resp"
arithpa_partb_change_score,Integer,0,,Recommended,"","0;1",,"","Arithmetic Process Approach","Wisc_iv_ArithPA_partB_change_score"
arithpa_partb_class_ct,String,50,,Recommended,"","",,"","Arithmetic Process Approach","Wisc_iv_ArithPA_partB_class_ct"
arithpa_partb_class_resp,String,50,,Recommended,"","",,"","Arithmetic Process Approach","Wisc_iv_ArithPA_partB_class_resp"
arithpa_partb_class_score,Integer,0,,Recommended,"","0;1",,"","Arithmetic Process Approach","Wisc_iv_ArithPA_partB_class_score"
arithpa_partb_money_ct,String,50,,Recommended,"","",,"","Arithmetic Process Approach","Wisc_iv_ArithPA_partB_money_ct"
arithpa_partb_money_resp,String,50,,Recommended,"","",,"","Arithmetic Process Approach","Wisc_iv_ArithPA_partB_money_resp"
arithpa_partb_money_score,Integer,0,,Recommended,"","0;1",,"","Arithmetic Process Approach","Wisc_iv_ArithPA_partB_money_score"
arithpa_partb_drive_ct,String,50,,Recommended,"","",,"","Arithmetic Process Approach","Wisc_iv_ArithPA_partB_drive_ct"
arithpa_partb_drive_resp,String,50,,Recommended,"","",,"","Arithmetic Process Approach","Wisc_iv_ArithPA_partB_drive_resp"
arithpa_partb_drive_score,Integer,0,,Recommended,"","0;1",,"","Arithmetic Process Approach","Wisc_iv_ArithPA_partB_drive_score"
arithpa_partb_bicycle_ct,String,50,,Recommended,"","",,"","Arithmetic Process Approach","Wisc_iv_ArithPA_partB_bicycle_ct"
arithpa_partb_bicycle_resp,String,50,,Recommended,"","",,"","Arithmetic Process Approach","Wisc_iv_ArithPA_partB_bicycle_resp"
arithpa_partb_bicycle_score,Integer,0,,Recommended,"","0;1",,"","Arithmetic Process Approach","Wisc_iv_ArithPA_partB_bicycle_score"
arithpa_partb_temp_ct,String,50,,Recommended,"","",,"","Arithmetic Process Approach","Wisc_iv_ArithPA_partB_temp_ct"
arithpa_partb_temp_resp,String,50,,Recommended,"","",,"","Arithmetic Process Approach","Wisc_iv_ArithPA_partB_temp_resp"
arithpa_partb_temp_score,Integer,0,,Recommended,"","0;1",,"","Arithmetic Process Approach","Wisc_iv_ArithPA_partB_temp_score"
arithpa_partb_game_ct,String,50,,Recommended,"","",,"","Arithmetic Process Approach","Wisc_iv_ArithPA_partB_game_ct"
arithpa_partb_game_resp,String,50,,Recommended,"","",,"","Arithmetic Process Approach","Wisc_iv_ArithPA_partB_game_resp"
arithpa_partb_game_score,Integer,0,,Recommended,"","0;1",,"","Arithmetic Process Approach","Wisc_iv_ArithPA_partB_game_score"
arithpa_partb_carwash_ct,String,50,,Recommended,"","",,"","Arithmetic Process Approach","Wisc_iv_ArithPA_partB_carwash_ct"
arithpa_partb_carwash_resp,String,50,,Recommended,"","",,"","Arithmetic Process Approach","Wisc_iv_ArithPA_partB_carwash_resp"
arithpa_partb_carwash_score,Integer,0,,Recommended,"","0;1",,"","Arithmetic Process Approach","Wisc_iv_ArithPA_partB_carwash_score"
arithpa_partb_flight_ct,String,50,,Recommended,"","",,"","Arithmetic Process Approach","Wisc_iv_ArithPA_partB_flight_ct"
arithpa_partb_flight_resp,String,50,,Recommended,"","",,"","Arithmetic Process Approach","Wisc_iv_ArithPA_partB_flight_resp"
arithpa_partb_flight_score,Integer,0,,Recommended,"","0;1",,"","Arithmetic Process Approach","Wisc_iv_ArithPA_partB_flight_score"
arithpa_partb_work_ct,String,50,,Recommended,"","",,"","Arithmetic Process Approach","Wisc_iv_ArithPA_partB_work_ct"
arithpa_partb_work_resp,String,50,,Recommended,"","",,"","Arithmetic Process Approach","Wisc_iv_ArithPA_partB_work_resp"
arithpa_partb_work_score,Integer,0,,Recommended,"","0;1",,"","Arithmetic Process Approach","Wisc_iv_ArithPA_partB_work_score"
arithpa_partb_rawscore,Integer,0,,Recommended,"","",,"","Arithmetic Process Approach","Wisc_iv_ArithPA_partB_rawscore"
writtenarithmetic_006,Integer,0,,Recommended,"","0;1",,"","Written Arithmetic","Wisc_iv_WrittenArithmetic_006"
writtenarithmetic_007,Integer,0,,Recommended,"","0;1",,"","Written Arithmetic","Wisc_iv_WrittenArithmetic_007"
writtenarithmetic_008,Integer,0,,Recommended,"","0;1",,"","Written Arithmetic","Wisc_iv_WrittenArithmetic_008"
writtenarithmetic_009,Integer,0,,Recommended,"","0;1",,"","Written Arithmetic","Wisc_iv_WrittenArithmetic_009"
writtenarithmetic_010,Integer,0,,Recommended,"","0;1",,"","Written Arithmetic","Wisc_iv_WrittenArithmetic_010"
writtenarithmetic_011,Integer,0,,Recommended,"","0;1",,"","Written Arithmetic","Wisc_iv_WrittenArithmetic_011"
writtenarithmetic_012,Integer,0,,Recommended,"","0;1",,"","Written Arithmetic","Wisc_iv_WrittenArithmetic_012"
writtenarithmetic_013,Integer,0,,Recommended,"","0;1",,"","Written Arithmetic","Wisc_iv_WrittenArithmetic_013"
writtenarithmetic_014,Integer,0,,Recommended,"","0;1",,"","Written Arithmetic","Wisc_iv_WrittenArithmetic_014"
writtenarithmetic_015,Integer,0,,Recommended,"","0;1",,"","Written Arithmetic","Wisc_iv_WrittenArithmetic_015"
writtenarithmetic_016,Integer,0,,Recommended,"","0;1",,"","Written Arithmetic","Wisc_iv_WrittenArithmetic_016"
writtenarithmetic_017,Integer,0,,Recommended,"","0;1",,"","Written Arithmetic","Wisc_iv_WrittenArithmetic_017"
writtenarithmetic_018,Integer,0,,Recommended,"","0;1",,"","Written Arithmetic","Wisc_iv_WrittenArithmetic_018"
writtenarithmetic_019,Integer,0,,Recommended,"","0;1",,"","Written Arithmetic","Wisc_iv_WrittenArithmetic_019"
writtenarithmetic_020,Integer,0,,Recommended,"","0;1",,"","Written Arithmetic","Wisc_iv_WrittenArithmetic_020"
writtenarithmetic_021,Integer,0,,Recommended,"","0;1",,"","Written Arithmetic","Wisc_iv_WrittenArithmetic_021"
writtenarithmetic_022,Integer,0,,Recommended,"","0;1",,"","Written Arithmetic","Wisc_iv_WrittenArithmetic_022"
writtenarithmetic_023,Integer,0,,Recommended,"","0;1",,"","Written Arithmetic","Wisc_iv_WrittenArithmetic_023"
writtenarithmetic_024,Integer,0,,Recommended,"","0;1",,"","Written Arithmetic","Wisc_iv_WrittenArithmetic_024"
writtenarithmetic_025,Integer,0,,Recommended,"","0;1",,"","Written Arithmetic","Wisc_iv_WrittenArithmetic_025"
writtenarithmetic_026,Integer,0,,Recommended,"","0;1",,"","Written Arithmetic","Wisc_iv_WrittenArithmetic_026"
writtenarithmetic_027,Integer,0,,Recommended,"","0;1",,"","Written Arithmetic","Wisc_iv_WrittenArithmetic_027"
writtenarithmetic_028,Integer,0,,Recommended,"","0;1",,"","Written Arithmetic","Wisc_iv_WrittenArithmetic_028"
writtenarithmetic_029,Integer,0,,Recommended,"","0;1",,"","Written Arithmetic","Wisc_iv_WrittenArithmetic_029"
writtenarithmetic_030,Integer,0,,Recommended,"","0;1",,"","Written Arithmetic","Wisc_iv_WrittenArithmetic_030"
writtenarithmetic_031,Integer,0,,Recommended,"","0;1",,"","Written Arithmetic","Wisc_iv_WrittenArithmetic_031"
writtenarithmetic_032,Integer,0,,Recommended,"","0;1",,"","Written Arithmetic","Wisc_iv_WrittenArithmetic_032"
writtenarithmetic_033,Integer,0,,Recommended,"","0;1",,"","Written Arithmetic","Wisc_iv_WrittenArithmetic_033"
writtenarithmetic_034,Integer,0,,Recommended,"","0;1",,"","Written Arithmetic","Wisc_iv_WrittenArithmetic_034"
writtenarithmetic_comptime,String,50,,Recommended,"","",,"","Written Arithmetic","Wisc_iv_WrittenArithmetic_comptime"
writtenarithmetic_rawscore,Integer,0,,Recommended,"","0 to 29",,"","Written Arithmetic","Wisc_iv_WrittenArithmetic_rawscore"
