ElementName,DataType,Size,Unit,Required,ElementDescription,ValueRange,Keywords,Notes,Section,Aliases
wppsi_viq_pr_string,String,10,,Recommended,"","",,"","",""
wppsi_piq_pr_string,String,10,,Recommended,"","",,"","",""
wppsi_psd_pr_string,String,10,,Recommended,"","",,"","",""
wppsi_fiq_pr_string,String,10,,Recommended,"","",,"","",""
wppsi_vcb_pr,Integer,0,,Recommended,"","",,"","",""
wppsi_piq_pr,Integer,0,,Recommended,"","",,"","",""
wppsi_psd_pr,Integer,0,,Recommended,"","",,"","",""
wppsi_fiq_composite,Integer,0,,Recommended,"","",,"","",""
wppsi_fiq_pr,Integer,15,,Recommended,"","",,"","",""
subjectkey,GUID,0,,Required,"","NDAR*",,"","Header",""
src_subject_id,String,20,,Required,"","",,"","Header",""
interview_date,Date,0,,Required,"","MM/yyyy;MM/dd/yyyy",,"* '01/01/1900' indicates that a date associated with retrospective data is not known.","Header",""
interview_age,Integer,0,,Required,"","0 to 1200",,"Age is rounded to chronological month If the research participant is 13 days old at time of interview  the appropriate value would be 0 months if the participant is 19 days old the value would be 1 month","",""
wppsi_bld_ae,Integer,0,,Recommended,"","",,"","",""
wppsi_bld_rawscre,Integer,0,,Recommended,"","0  40",,"","",""
ppsi_bld_rawscre,Integer,0,,Recommended,"","0  40",,"","",""wppsi_bld_scldscre,Integer,0,,Recommended,"","0  20",,"","",""
ppsi_bld_scldscre,Integer,0,,Recommended,"","0  20",,"","",""wppsi_inf_rawscre,Integer,0,,Recommended,"","0  34",,"","",""
ppsi_inf_rawscre,Integer,0,,Recommended,"","0  34",,"","",""wppsi_inf_scldscre,Integer,0,,Recommended,"","0  20",,"","",""
ppsi_inf_scldscre,Integer,0,,Recommended,"","0  20",,"","",""wppsi_mxr_rawscre,Integer,0,,Recommended,"","0  29",,"","",""
ppsi_mxr_rawscre,Integer,0,,Recommended,"","0  29",,"","",""wppsi_mxr_scldscre,Integer,0,,Recommended,"","0  20",,"","",""
ppsi_mxr_scldscre,Integer,0,,Recommended,"","0  20",,"","",""wppsi_vcb_rawscre,Integer,0,,Recommended,"","0  43",,"","",""
ppsi_vcb_rawscre,Integer,0,,Recommended,"","0  43",,"","",""wppsi_vcb_scldscre,Integer,0,,Recommended,"","0  20",,"","",""
ppsi_vcb_scldscre,Integer,0,,Recommended,"","0  20",,"","",""wppsi_pcn_rawscre,Integer,0,,Recommended,"","0  28",,"","",""
ppsi_pcn_rawscre,Integer,0,,Recommended,"","0  28",,"","",""wppsi_pcn_scldscre,Integer,0,,Recommended,"","0  20",,"","",""
ppsi_pcn_scldscre,Integer,0,,Recommended,"","0  20",,"","",""wppsi_sbs_rawscre,Integer,0,,Recommended,"","0  50",,"","",""
ppsi_sbs_rawscre,Integer,0,,Recommended,"","0  50",,"","",""wppsi_sbs_scldscre,Integer,0,,Recommended,"","0  20",,"","",""
ppsi_sbs_scldscre,Integer,0,,Recommended,"","0  20",,"","",""wppsi_wrs_rawscre,Integer,0,,Recommended,"","0  28",,"","",""
ppsi_wrs_rawscre,Integer,0,,Recommended,"","0  28",,"","",""wppsi_wrs_scldscre,Integer,0,,Recommended,"","0  20",,"","",""
ppsi_wrs_scldscre,Integer,0,,Recommended,"","0  20",,"","",""wppsi_cdg_rawscre,Integer,0,,Recommended,"","0  65",,"","",""
ppsi_cdg_rawscre,Integer,0,,Recommended,"","0  65",,"","",""wppsi_cdg_scldscre,Integer,0,,Recommended,"","0  20",,"","",""
ppsi_cdg_scldscre,Integer,0,,Recommended,"","0  20",,"","",""wppsi_cmp_rawscre,Integer,0,,Recommended,"","0  38",,"","",""
ppsi_cmp_rawscre,Integer,0,,Recommended,"","0  38",,"","",""wppsi_cmp_scldscre,Integer,0,,Recommended,"","0  20",,"","",""
ppsi_cmp_scldscre,Integer,0,,Recommended,"","0  20",,"","",""wppsi_pcc_rawscre,Integer,0,,Recommended,"","0  32",,"","",""
ppsi_pcc_rawscre,Integer,0,,Recommended,"","0  32",,"","",""wppsi_pcc_scldscre,Integer,0,,Recommended,"","0  20",,"","",""
ppsi_pcc_scldscre,Integer,0,,Recommended,"","0  20",,"","",""wppsi_sml_rawscre,Integer,0,,Recommended,"","0  46",,"","",""
ppsi_sml_rawscre,Integer,0,,Recommended,"","0  46",,"","",""wppsi_sml_scldscre,Integer,0,,Recommended,"","0  20",,"","",""
ppsi_sml_scldscre,Integer,0,,Recommended,"","0  20",,"","",""wppsi_rcv_rawscre,Integer,0,,Recommended,"","0  38",,"","",""
ppsi_rcv_rawscre,Integer,0,,Recommended,"","0  38",,"","",""wppsi_rcv_scldscre,String,255,,Recommended,"","",,"","",""
wppsi_oba_rawscre,Integer,0,,Recommended,"","0  37",,"","",""
ppsi_oba_rawscre,Integer,0,,Recommended,"","0  37",,"","",""wppsi_oba_scldscre,Integer,0,,Recommended,"","0  20",,"","",""
ppsi_oba_scldscre,Integer,0,,Recommended,"","0  20",,"","",""wppsi_pnm_rawscre,Integer,0,,Recommended,"","0  30",,"","",""
ppsi_pnm_rawscre,Integer,0,,Recommended,"","0  30",,"","",""wppsi_pnm_scldscre,Integer,0,,Recommended,"","0  20",,"","",""
ppsi_pnm_scldscre,Integer,0,,Recommended,"","0  20",,"","",""wppsi_viq_scldscre,Integer,0,,Recommended,"","2  58",,"","",""
ppsi_viq_scldscre,Integer,0,,Recommended,"","2  58",,"","",""wppsi_viq_compscre,Integer,0,,Recommended,"","46  155",,"","",""
ppsi_viq_compscre,Integer,0,,Recommended,"","46  155",,"","",""wppsi_piq_sumscld,Integer,0,,Recommended,"","2  58",,"","",""
ppsi_piq_sumscld,Integer,0,,Recommended,"","2  58",,"","",""wppsi_piq_compscre,Integer,0,,Recommended,"","45  155",,"","",""
ppsi_piq_compscre,Integer,0,,Recommended,"","45  155",,"","",""wppsi_psd_sumscld,Integer,0,,Recommended,"","2  38",,"","",""
ppsi_psd_sumscld,Integer,0,,Recommended,"","2  38",,"","",""wppsi_psd_compscre,Integer,0,,Recommended,"","46  150",,"","",""
ppsi_psd_compscre,Integer,0,,Recommended,"","46  150",,"","",""wppsi_fiq_sumscld,Integer,0,,Recommended,"","5  86",,"","",""
ppsi_fiq_sumscld,Integer,0,,Recommended,"","5  86",,"","",""