ElementName,DataType,Size,Unit,Required,ElementDescription,ValueRange,Keywords,Notes,Section,Aliases
subjectkey,GUID,0,,Required,"The NDAR Global Unique Identifier (GUID) for subjects which identifies a subject in NDAR","NDAR*",,"","Header",""
src_subject_id,String,20,,Required,"The site's subject identification","",,"","Header",""
src_record_id,Integer,0,,Optional,"Research site ID for record","",,"","Header",""
interview_date,Date,0,,Required,"Date on which the interview/genetic test/sampling/imaging was completed","MM/yyyy;MM/dd/yyyy",,"* '01/01/1900' indicates that a date associated with retrospective data is not known.","Header",""
interview_age,Integer,0,,Required,"Age in months at the time of the interview/test/sampling/imaging.","0 to 1200",,"Age is rounded to chronological month If the research participant is 13 days old at time of interview  the appropriate value would be 0 months if the participant is 19 days old the value would be 1 month","Header",""
gender,String,50,,Optional,"Gender","M;F",,"","Header",""
untestable,String,50,,Optional,"Was the patient untestable?","Yes;No;N/A",,"","Ability to Perform Test",""
untestable_reason,String,255,,Optional,"what was the reason he/she was untestable?","",,"","Ability to Perform Test",""
olang,Integer,0,,Optional,"Overall Level of Non-echoed Language","0;1;2;3;8",,"0=regular use of utterances with two or more words.;1=occasional phrases only; mostly single words.;2=recognizable single words only; must use at least five different words during session.;3=at least one word or word approximation, but fewer than five words used during session.;8=no words or word approximations.","A. Language and Communication",""
asov,Integer,0,,Optional,"Amount of Social Overtures/Maintenance of Attention","0;1;2;7",,"0=frequent attempts to get or maintain the examiner's attention AND/OR to direct the examiner's attention to objects or actions of interest to the participant. May include repeated questions or nonverbal behaviors, if they are not related to preoccupations nor aimed at getting objects, but seem to function primarily as a method of social contact.;1=some attempts at getting, maintaining or directing the examiner's attention as in ""0"" but reduced in frequency or the number of contexts used (e.g., only seeks attention to direct examiner's behavior);2=child shows relatively little concern as to whether the examiner is paying attention to him unless he needs help AND/OR makes few attempts to get, maintain or direct the examiner's attention.;7=unusually frequent, intense or excessive demands for attention outside structured tasks or questions within ADOS-G. Code regardless of social appropriateness of individual behaviors.","A. Language and Communication",""
spabn,Integer,0,,Optional,"Speech Abnormalities Associated with Autism (Intonation/Volume/Rhythm/Rate)","0;1;2;7;8",,"0=appropriately varying intonaton, reasonable volume and normal rate of speech with regular rhythm coordinated with breathing.;1=little variation in pitch and tone; rather flat or exaggerated, but not obviously peculiar intonation OR slightly unusual volume AND/OR speech that tends to be somewhat unusually slow or fast or jerky.;2=speech that is clearly abnormal in terms of being slow and halting AND/OR inappropriately rapid AND/OR jerky and irregular in rhythm (other than ordinary stutter/ stammer) AND/OR odd intonation or inappropriate pitch and stress AND/OR markedly flat and toneless 'mechanical' speech AND/OR consistently abnormal volume.;7=stutter or stammer or other fluency disorder.;8=N/A, phrase speech inadequate in frequency or complexity for assessment of intonaton/rhythm/rate.","A. Language and Communication",""
iecho,Integer,0,,Optional,"Immediate Echolalia","0;1;2;3;8",,"0=rarely or never repeats the adult's speech.;1=occasional echoing.;2=echoing words and phrases regularly, but some spontaneous language (it can be stereotyped).;3=speech largely consists of immediate echolalia.;8=language too limited to judge.","A. Language and Communication",""
stereo,Integer,0,,Optional,"Stereotyped/Idiosyncratic Use of Words or Phrases","0;1;2;3;8",,"0=rarely or never uses stereotyped or idiosyncratic words or phrases.;1=use of words or phrases tends to be more repetitive than most children at the same level of complexity, but not obviously odd.  OR occasional stereotyped utterances or use of odd words or use of phrases in an unusual way, with other flexible spontaneous language as well.;2=often uses stereotyped utterances or odd words or phrases with some other language.;3=phrases almost exclusively odd or stereotyped utterances.;8=N/A, no phrase speech.","A. Language and Communication",""
convs,Integer,0,,Optional,"Conversation","0;1;2;3;8",,"0=conversation flows building on the examiner's dialogue. This rating requires that much of the child's speech provides both a response to the examiner's speech and a piece of talk that builds on what has just been said and which allows a response from the examiner (ie., at least 4-element sequences);1=some of the child's speech includes either some spontaneous elaboration of own responses for the examiner's benefit or giving leads for the examiner to follow, but either this is less in amount than expected for expressive language level, or it is limited in flexibility.;2=little reciprocal conversation sustained by the child; may follow own train of thought rather than participate in an interchange; may have some spontaneous offering of information or comments but little sense of reciprocity.;3=little spontaneous communicative speech (although there may be much echoed or noncommunicative speech). Includes children who make some limited responses but very few.;8=insufficient language to code","A. Language and Communication",""
point,Integer,0,,Optional,"Pointing","0;1;2;3",,"0=points with index finger to show visually-directed referencing (coordinated gaze to object and person) of distal objects in at least two contexts.;1=uses a point to reference objects, but without sufficient flexibility or frequency to meet criteria for a ""0"" (e.g., only one point as described in ""0"" or absence of coordinated eye gaze with distal point, though may vocalize.) Or produces an approximation of a point rather than an index finger point.  Or coordinates only a point to a picture or other nearby objects including touching points, with gaze or vocalization.  Or points to a person or self only.;2=points only when close to or actually touching an object and without coordinated eye gaze or vocalization.;3=does not point to objects in any way.","A. Language and Communication",""
dgest,Integer,0,,Optional,"Descriptive, Conventional, Instrumental or Informational Gestures","0;1;2;3;8",,"0=spontaneous use of several descriptive gestures. These gestures may be typical or idiosyncratic, but must be communicative. May also use conventional or instrumental gestures.;1=some spontaneous use of descriptive gestures but exaggerated,limited in range and/or contexts OR frequent use of conventional or instrumental gestures but not descriptive.;2=some spontaneous use of informational, conventional or instrumental gestures but not descriptive.;3=no or very limited spontaneous use of conventional, instrumental, informatonal or descriptive gestures.;8=N/A (e.g., limited by physical disability)","A. Language and Communication",""
ueye,Integer,0,,Optional,"Unusual Eye Contact","0;2",,"0=appropriate gaze with subtle changes meshed with other communication.;2=uses poorly socially modulated eye contact to initiate, terminate or regulate social interaction.","B. Reciprocal Social Interaction",""
csa5,Float,0,,Optional,"Stereotyped/Idiosyncratic Words or Phrases","0 to 2",,"0 to 2","Communication",""
csa6,Float,0,,Optional,"Use of Other's Body to Communicate","0 to 2",,"0 to 2","Communication",""
csa8,Float,0,,Optional,"Gestures","0 to 2",,"0 to 2","Communication",""
csa9,Float,0,,Optional,"Descriptive, Conventional, Instrumental Gestures","0 to 2",,"0 to 2","Communication",""
cssatotal,Float,0,,Optional,"Communication Total","0 to 10",,"0 to 10","Communication",""
faceo,Integer,0,,Optional,"Facial Expressions Directed to Others","0;1;2",,"0=directs a range of appropriate facial expressions toward parent/caregiver or examiner in order to communicate affect.;1=some direction of facial expressions to examiner and/or parent/caregiver (e.g., directs only expressions indicating emotional extremes to others, or occasionally directs wider range of expressions). A child who has a limited range of facial expressions or who only has slightly unusual facial expressions but directs most of his facial expressions to another person may be scored here.;2=rarely or never directs appropriate facial expressions to adults.","B. Reciprocal Social Interaction",""
shrnj,Integer,0,,Optional,"Shared Enjoyment in Interaction","0;1;2",,"0=shows definite appropriate pleasure with the examiner during more than one activity. Must include pleasure in at least one activity that is not purely physical (e.g., tickling) in nature.;1=shows some appropriate pleasure in the examiner's actions during more than one activity or shows definite pleasure directed to the examiner during one interaction (may be physical in nature).;2=shows little or no expressed pleasure in interaction with the examiner. May show pleasure in own actions, interaction with a parent, or in the available toys.","B. Reciprocal Social Interaction",""
rname,Integer,0,,Optional,"Response to Name","0;1;2;3",,"0=looks toward the examiner and makes eye contact immediately on at least one of the first two clear presses made by the examiner (ie., name only is called);1=looks toward the parent/caregiver and makes eye contact immediately for first or second press or responds to either the third or fourth press of name only by the examiner.;2=does not make eye contact with an adult after his name is called in six attempts, but shifts gaze briefly (no eye contact) in six attempts OR looks at least once when an interesting or familiar vocalization or verbalization is made (e.g., tongue clucking; ""I'm gonna get you"").;3=does not look toward adult after any purely verbaly or vocal attempt to get attention.","B. Reciprocal Social Interaction",""
show,Integer,0,,Optional,"Showing","0;1;2",,"0=spontaneously shows toys or objects throughout the ADOS-G by holding them up or placing them in front of adults and using eye contact with or without vocalization.;1=shows toys or objects in a partial or inconsistent manner, (e.g., holds them up and/or places them in front of adults without coordinated eye contact, looks from an object in his hands to an adult without clearly orienting it toward the adult, or shows objects as in ""0"" on one occasion only).;2=does not show objects to another person.","B. Reciprocal Social Interaction",""
sijnt,Integer,0,,Optional,"Spontaneous Initiation of Joint Attention","0;1;2",,"0=uses clearly integrated eye contact to reference an object that is out of reach by looking at the object, at an adult and back to the object. Eye contact my be coordinated with pointing and/or vocalization. One clear example of an attempt to draw an adult's attention to an object (ie., more than just referencing) is sufficient for a ""0"".;1=partially references an object that is clearly out of reach. May spontaneously look and point to the object and/or vocalize, but does not coordinate either of these with looking at an adult, or may look at an object and then an adult or point to an adult but not look back at the object.;2=no approximation of spontaneous initiation of joint attention in order to reference an object that is out of reach.","B. Reciprocal Social Interaction",""
rjnt,Integer,0,,Optional,"Response to Joint Attention","0;1;2;3",,"0=uses the orientation of the examiner's eyes and face as a cue to look toward the target, without a point. The child must follow the examiner's gaze and turn his face or eyes in the direction of the target after watching the examiner do so: he may or may not actually catch sight of the target.;1=responds to a point by looking at or toward the target.;2=looks at the target when it is activated or placed directly in front of him, but does not make use of the gaze or point in order to locate the target from a distance.;3=no interest or awarenness of the target; if it is not possible to get the child's attention in order to direct it in five attempts, code here.","B. Reciprocal Social Interaction",""
qsov,Integer,0,,Optional,"Quality of Social Overtures","0;1;2;3",,"0=effectively uses nonverbal and verbal/vocal means to made clear social overtures to the parents or exminer that are appropriate to immediate contexts.;1=slightly unusual quality of social overtures. Code here if overtures are restricted to personal demands or related to strong interests, but with some attempt to involve the parents or examiner in the interest.;2=overtures often lack integration into context AND/OR social quality AND/OR some clearly inappropriate overtures.;3=negligible social overtures of any kind.","B. Reciprocal Social Interaction",""
qsres,Integer,0,,Optional,"Quality of Social Response","0;1;2;3",,"0=range of appropriate responses that are varied according to immediate social situations and presses.;1=shows responsiveness to most social situations, but somewhat limited, socially awkward, inappropriate, inconsistent, or consistently negative.;2=odd, stereotyped responses or responses that are restricted in range or inappropriate to the context.;3=minimal or no response to the examiner's attempts to engage the child.","B. Reciprocal Social Interaction",""
arsoc,Integer,0,,Optional,"Amount of Reciprocal Social Communication","0;1;2;3",,"0=extensive use of verbal or nonverbal behaviors (at whatever level attained) for social interchange (ie., chat, comments and remarks or nonverbal that appear to have reciprocal intent).;1=some reciprocal social communication (as in ""0"") but reduced in frequency or amount or in the number of contexts in which used (regardless of amount of nonsocial talk).;2=most communication is either object-oriented (ie, to ask for things OR response to questions, OR echolalic, OR concerned with particular preoccupations; little or no social chat or give and take.;3=little or no reciprocal social communication.","B. Reciprocal Social Interaction",""
oqrap,Integer,0,,Optional,"Overall Quality of Rapport","0;1;2;3",,"0=comfortable interaction with the examiner that is appropriate to context.;1=interaction sometimes comfortable but not sustained (e.g., sometimes feels awkward, stilted or the child seems mechanical or inappropriate).;2=one-sided or unusual interaction giving a consistently mildly uncomfortable interview or an interview that would have been difficult if the examiner had not been frequently structuring the situation beyond that provided by the standard activites in the ADOS-G.;3=the child shows minimal regard for the examiner or the interview is markedly uncomfortable for a significant proportion of time.","B. Reciprocal Social Interaction",""
fplay,Integer,0,,Optional,"Functional Play with Objects","0;1;2;3",,"0=spontaneously plays with a variety of toys in a conventional manner, including construction with manipulatives (e.g., blocks) and/or appropriate play with miniatures (e.g., telephone, truck, dishes).  Do not code imitations or pushing the car here.;1=some spontaneus functional play with at least one miniature. Does not include pushing the car or using a construction toy.;2=plays appropriately with cars and effect toys and/or construction toys only and/or pushing the car may include imitating a demonstration or imitating more representational play with other toys.;3=no play with toys or only stereotyped play with toys.","C. Play",""
imgcr,Integer,0,,Optional,"Imagination","0;1;2;3",,"0=spontaneous use of a doll or other object as an independent agent or uses objects to represent objects (e.g., using a block to give the doll a drink).;1=spontaneous pretend play with a doll (e.g., feeding, hugging or giving a drink) or other object but no use of a doll or other toy as an independent agent or placeholder.;2=imitates pretend play as described in ""1"" or imitation with a placeholder; no spontaneous pretend play.;3=no pretend play.","C. Play",""
usens,Integer,0,,Optional,"Unusual Sensory Interest In Play Material/Person","0;1;2",,"0=no sniffing, repetitive touching, feeling of texture, licking or biting (not mouthing), interest in the repetition of or unusually strong reactions to certain to certain sounds, or unusual or prolonged visual examination.;1=occasional unusual sensory interests or responses, OR not as clear as specified for a rating of ""2"".;2=definite interest in nonfunctional elements of play materials or sensory examination of self or others on more than one occasion or persistent unusual sensory response to several materials or events.","D. Stereotyped Behavior and Restricted Interests",""
oman,Integer,0,,Optional,"Hand and Finger and Other Complex Mannerisms","0;1;2",,"0=none;1=very brief or rare hand and finger mannerisms or complex mannerisms or mannerisms not as clear as specified for a rating of ""2"".;2=definite finger flicking/twisting and/or hand or other mannerisms or stereorypies.","D. Stereotyped Behavior and Restricted Interests",""
selfinj,Integer,0,,Optional,"Self-Injurious Behavior","0;1;2",,"0=no attempts to harm self.;1=rare and/or dubious self-injury (e.g., at least once bites at own hand or arm, pulls own hair, slaps own face or bangs head).;2=self-injury definitely present (e.g., more than one example of head-banging, face slapping, hair pulling or self biting.)","D. Stereotyped Behavior and Restricted Interests",""
urbeh,Integer,0,,Optional,"Unusually Repetitive Interest or Stereotyped Behaviors","0;1;2;3",,"0=no repetitive or stereotyped behaviors during the ADOS-G.;1=an interest or behavior that is repetitive or stereotyped to an unusual degree, including an intense interest in a particular toy or object, a definite interest in an unusual object or activity (odd for the child's level of motor skill), an unusually routinized activity, frequent repetitive use of objects, or a clear interest in a part of an object.;2=repetitive or stereotyped interests and/or behaviors, as described above, form a substantial minority of the child's interests and spontaneous behaviors. These interests and behaviors may interfere with the child's ability to complete the ADOS-G activities, but it is possible for the child's attention to be directed to other objects or activities at least momentarily.;3=repetitive or stereotyped interests and/or behaviors, as described above form the majority of the child's interests, OR attempts to directs the child to other objects or activities are met with resistance and/or distress.","D. Stereotyped Behavior and Restricted Interests",""
actve,Integer,0,,Optional,"Overactivity","0;1;2;7",,"0=sits or stands still appropriately when expected to do so during the assessment.;1=sits briefly or stands still when expected to do (e.g., during the symbolic imitation task, the birthday party) for activities besides snack. Often fidgets or moves about or gets up out of his seat but is not obviously restless or unusually fidgety.  Difficulties in the assessment are not principally due to overactivity.;2=hardly remains still at all (not counting the snack).  May move around the room in a way that is difficult to interrupt; the level of activity disrupts the assessment.;7=underactive","E. Other Abnormal Behaviors",""
agg,Integer,0,,Optional,"Tantrums, Aggression, Negative or Disruptive Behavior","0;1;2",,"0=not upset, disruptive, negative, destructive or aggressive during ADOS-G.;1=occasional display of mild upset, anger, aggerssion, negativism or disruptive behavior to parent/caregiver or examiner.;2=shows marked or repeated negativism, temper tantrums or more significant aggression; e.g., hitting, tantrumming, biting others.  Loud screaming is included here.","E. Other Abnormal Behaviors",""
anxty,Integer,0,,Optional,"Anxiety","0;1;2",,"0=no obvious anxiety (such as trembling or jumpiness).;1=mild signs of anxiety especially at the beginning of the interview or marked anxiety only in response to a specific request or to one particular toy or task.;2=marked anxiety in response to more than one toy or task or several times during the session.","E. Other Abnormal Behaviors",""
sa2,Float,0,,Optional,"Frequence of Vocalization Directed to Others","0 to 2",,"0 to 2","Communication",""
sa5,Float,0,,Optional,"Stereotyped/Idiosyncratic Words or Phrases","0 to 2",,"0 to 2","Communication",""
sa6,Float,0,,Optional,"Use of Other's Body to Communicate","0 to 2",,"0 to 2","Communication",""
spoint,Float,0,,Optional,"Pointing to Express Interest","0 to 2",,"0 to 2","Communication",""
sgestr,Float,0,,Optional,"Descriptive, Conventional, Instrumental Gestures","0 to 2",,"0 to 2","Communication",""
satotal,Float,0,,Optional,"Communication Total","0 to 10",,"0 to 10","Communication",""
sb1,Float,0,,Optional,"Unusual Eye Contact","0 to 2",,"0 to 2","Qualitative Impairments in Reciprocal Social Interaction",""
sb2,Float,0,,Optional,"Facial Expressions Directed to Others","0 to 2",,"0 to 2","Qualitative Impairments in Reciprocal Social Interaction",""
sb6,Float,0,,Optional,"Spontaneous  Initiation of Joint Attention","0 to 2",,"0 to 2","Qualitative Impairments in Reciprocal Social Interaction",""
ssocovt,Float,0,,Optional,"Quality of Social Overtures","0 to 2",,"0 to 2","Qualitative Impairments in Reciprocal Social Interaction",""
ssocrsp,Float,0,,Optional,"Quality of Social Response","0 to 2",,"0 to 2","Qualitative Impairments in Reciprocal Social Interaction",""
ssoccom,Float,0,,Optional,"Amount of Reciprocal Social Communication","0 to 2",,"0 to 2","Qualitative Impairments in Reciprocal Social Interaction",""
ssqualrp,Float,0,,Optional,"Overall Quality of Rapport","0 to 2",,"0 to 2","Qualitative Impairments in Reciprocal Social Interaction",""
sbtotal,Float,0,,Optional,"Social Total","0 to 14",,"0 to 14","Qualitative Impairments in Reciprocal Social Interaction",""
sabtotal,Float,0,,Optional,"Communication+Social Total","0 to 24",,"0 to 24","Qualitative Impairments in Reciprocal Social Interaction",""
sc2,Float,0,,Optional,"Imagination/Creativity","0 to 2",,"0 to 2","Imagination/Creativity",""
sd1,Float,0,,Optional,"Unusual Sensory Interest in Play Material/Person","0 to 2",,"0 to 2","Stereotyped Behaviors and Restricted Interests",""
sd2,Float,0,,Optional,"Hand and Finger and Other Complex Mannerisms","0 to 2",,"0 to 2","Stereotyped Behaviors and Restricted Interests",""
sd4,Float,0,,Optional,"Unusually Repetitive Interests or Stereotyped Behaviors","0 to 2",,"0 to 2","Stereotyped Behaviors and Restricted Interests",""
sdtotal,Float,0,,Optional,"Stereotyped Behaviors and Restricted Interests Total","0 to 6",,"0 to 6","Stereotyped Behaviors and Restricted Interests",""
adosgdiag,Integer,0,,Optional,"ADOS Diagnosis Classification:","-2;0;1;2",,"-2=Other;0=Not Autistic;1=Autistic Spectrum;2=Autistic","Diagnosis",""
overalldiag,String,250,,Optional,"Overall Diagnosis:","",,"","Diagnosis",""
csa2,Float,0,,Optional,"Frequence of Vocalization Directed to Others","0 to 2",,"0 to 2","Communication",""
csb1,Float,0,,Optional,"Unusual Eye Contact","0 to 2",,"0 to 2","Qualitative Impairments in Reciprocal Social Interaction",""
csb2,Float,0,,Optional,"Facial Expressions Directed to Others","0 to 2",,"0 to 2","Qualitative Impairments in Reciprocal Social Interaction",""
csb5,Float,0,,Optional,"Shared Enjoyment in Interaction","0 to 2",,"0 to 2","Qualitative Impairments in Reciprocal Social Interaction",""
csb7,Float,0,,Optional,"Quality of Social Overtures","0 to 2",,"0 to 2","Qualitative Impairments in Reciprocal Social Interaction",""
csb8,Float,0,,Optional,"Quality of Social Response","0 to 2",,"0 to 2","Qualitative Impairments in Reciprocal Social Interaction",""
csb9,Float,0,,Optional,"Showing","0 to 2",,"0 to 2","Qualitative Impairments in Reciprocal Social Interaction",""
csb10,Float,0,,Optional,"Spontaneous Initiation of Joint Attention","0 to 2",,"0 to 2","Qualitative Impairments in Reciprocal Social Interaction",""
cssbtotal,Float,0,,Optional,"Social Total","0 to 14",,"0 to 14","Qualitative Impairments in Reciprocal Social Interaction",""
cssabtotal,Float,0,,Optional,"Communication+Social Total","0 to 24",,"0 to 24","Qualitative Impairments in Reciprocal Social Interaction",""
csc2,Float,0,,Optional,"Imagination/Creativity","0 to 2",,"0 to 2","Imagination/Creativity",""
csd1,Float,0,,Optional,"Unusual Sensory Interest in Play Material/Person","0 to 2",,"0 to 2","Stereotyped Behaviors and Restricted Interests",""
csd2,Float,0,,Optional,"Hand and Finger and Other Complex Mannerisms","0 to 2",,"0 to 2","Stereotyped Behaviors and Restricted Interests",""
csd4,Float,0,,Optional,"Unusually Repetitive Interests or Stereotyped Behaviors","0 to 2",,"0 to 2","Stereotyped Behaviors and Restricted Interests",""
cssdtotal,Float,0,,Optional,"Stereotyped Behaviors and Restricted Interests Total","0 to 6",,"0 to 6","Stereotyped Behaviors and Restricted Interests",""
csadosgdiag,Integer,0,,Optional,"ADOS Diagnosis Classification:","0;1;2",,"0=Not Spectrum or Autism;1=Spectrum;2=Autism","Diagnosis",""
csacommunication,Integer,0,,Optional,"Communication Autism Cutoff","0;1;9",,"0=No;1=Yes;9=N/A","Diagnosis",""
csascommunication,Integer,0,,Optional,"Communication Autism Spectrum Cutoff","0;1;9",,"0=No;1=Yes;9=N/A","Diagnosis",""
csasocial,Integer,0,,Optional,"Social Autism Cutoff","0;1;9",,"0=No;1=Yes;9=N/A","Diagnosis",""
csassocial,Integer,0,,Optional,"Social Autism Spectrum Cutoff","0;1;9",,"0=No;1=Yes;9=N/A","Diagnosis",""
csacomsoc,Integer,0,,Optional,"Commmunication + Social Autism Cutoff","0;1;9",,"0=No;1=Yes;9=N/A","Diagnosis",""
csascomsoc,Integer,0,,Optional,"Commmunication + Social Autism Spectrum Cutoff","0;1;9",,"0=No;1=Yes;9=N/A","Diagnosis",""
csa8_2010,Float,0,,Optional,"Gestures","0 to 2",,"0 to 2","Language and Communication - 2010 Revised Algorithm",""
csa9_2010,Float,0,,Optional,"Descriptive, Conventional, Instrumental Gestures","0 to 2",,"0 to 2","Language and Communication - 2010 Revised Algorithm",""
csb1_2010,Float,0,,Optional,"Unusual Eye Contact","0 to 2",,"0 to 2","Reciprocal Social Interaction - 2010 Revised Algorithm",""
csb2_2010,Float,0,,Optional,"Facial Expressions Directed to Others","0 to 2",,"0 to 2","Reciprocal Social Interaction - 2010 Revised Algorithm",""
csb3_2010,Float,0,,Optional,"Facial Expressions Directed to Others","0 to 2",,"0 to 2","Reciprocal Social Interaction - 2010 Revised Algorithm",""
csb4_2010,Float,0,,Optional,"Integration of Gaze and Other Behaviors During Social Overtures","0 to 2",,"0 to 2","Reciprocal Social Interaction - 2010 Revised Algorithm",""
csb5_2010,Float,0,,Optional,"Shared Enjoyment in Interaction","0 to 2",,"0 to 2","Reciprocal Social Interaction - 2010 Revised Algorithm",""
csb7_2010,Float,0,,Optional,"Quality of Social Overtures","0 to 2",,"0 to 2","Reciprocal Social Interaction - 2010 Revised Algorithm",""
csb9_2010,Float,0,,Optional,"Showing","0 to 2",,"0 to 2","Reciprocal Social Interaction - 2010 Revised Algorithm",""
csb10_2010,Float,0,,Optional,"Spontaneous Initiation of Joint Attention","0 to 2",,"0 to 2","Reciprocal Social Interaction - 2010 Revised Algorithm",""
cssocaff2010_total,Float,0,,Optional,"Social Affect Total","0 to 20",,"0 to 20","Reciprocal Social Interaction - 2010 Revised Algorithm",""
csa5_2010,Float,0,,Optional,"Stereotyped/Idiosyncratic Words or Phrases","0 to 2",,"0 to 2","Restricted and Repetitive Behaviors - 2010 Revised Algorithm",""
csd1_2010,Float,0,,Optional,"Unusual Sensory Interest in Play Material/Person","0 to 2",,"0 to 2","Restricted and Repetitive Behaviors - 2010 Revised Algorithm",""
csd2_2010,Float,0,,Optional,"Hand and Finger and Other Complex Mannerisms","0 to 2",,"0 to 2","Restricted and Repetitive Behaviors - 2010 Revised Algorithm",""
csd4_2010,Float,0,,Optional,"Unusually Repetitive Interests or Stereotyped Behaviors","0 to 2",,"0 to 2","Restricted and Repetitive Behaviors - 2010 Revised Algorithm",""
csrrb_2010_total,Float,0,,Optional,"Restricted and Repetitive Behavior Total","0 to 8",,"0 to 8","Restricted and Repetitive Behaviors - 2010 Revised Algorithm",""
cssocaff_rrb_2010_total,Float,0,,Optional,"Social Affect + Restricted and Repetitive Behavior Total","0 to 28",,"0 to 28","Restricted and Repetitive Behaviors - 2010 Revised Algorithm",""
csadosdiag_2010,Integer,0,,Optional,"Overall ADOS Diagnosis 2010 algorithm","0;1;2",,"0=Not Spectrum or Autism;1=Spectrum;2=Autism","Diagnosis - 2010 Revised Algorithm",""
csasocaff_rrb_2010,Integer,0,,Optional,"Social Affect and Restricted and Repetitive Behavior Autism cuttoff","0;1;9",,"0=No;1=Yes;9=N/A","Diagnosis - 2010 Revised Algorithm",""
csassocaff_rrb_2010,Integer,0,,Optional,"Social Affect and Restricted and Repetitive Behavior Autism Spectrum cutoff","0;1;9",,"0=No;1=Yes;9=N/A","Diagnosis - 2010 Revised Algorithm",""
