ElementName,DataType,Size,Unit,Required,ElementDescription,ValueRange,Keywords,Notes,Section,Aliases
subjectkey,GUID,0,,Required,"The NDAR Global Unique Identifier (GUID) for subjects which identifies a subject in NDAR","NDAR*",,"","",""
src_subject_id,String,20,,Required,"The site's subject identification","",,"","",""
immunization,String,200,,Required,"type of immunization","",,"","",""
immunization_age_months,Integer,0,,Required,"Age, in months, when immunization was administered","",,"","",""
immunization_notes,String,1000,,Required,"detailed information, if available, related to the immunization","",,"","",""
date_updated,Date,0,,Required,"Date record updated","",,"","",""
