ElementName,DataType,Size,Unit,Required,ElementDescription,ValueRange,Keywords,Notes,Section,Aliases
subjectkey,GUID,0,,Required,"The NDAR Global Unique Identifier (GUID) for subjects which identifies a subject in NDAR","NDAR*",,"","",""
ethnicity,String,30,,Required,"Ethnicity of participant","Hispanic or Latino; Not Hispanic or Latino; Unknown",,"","",""
medical_disorder,String,1000,,Required,"Medical disorder of individual","",,"","",""
diagnosis_notes,String,1000,,Required,"Notes regarding diagnosis","",,"","",""
date_updated,Date,0,,Required,"Date record updated","",,"","",""
age_at_death_months,Integer,0,,Required,"Age at death in months","",,"","",""
src_subject_id,String,20,,Required,"The site's subject identification","",,"","",""
gender,String,50,,Required,"Gender","M;F",,"","",""
