ElementName,DataType,Size,Unit,Required,ElementDescription,ValueRange,Keywords,Notes,Section,Aliases
subjectkey,GUID,0,,Required,"The NDAR Global Unique Identifier (GUID) for subjects which identifies a subject in NDAR","NDAR*",,"","",""
src_subject_id,String,20,,Required,"The site's subject identification","",,"","",""
tissue_quality,String,300,,Required,"Descriptive information on tissue quality.","",,"","",""
brain_weight,Float,0,,Required,"Mass of brain in grams","",,"","",""
doc_educational_exists,String,2,,Required,"Flag - availability of subject educational documents","",,"","",""
doc_neuropath_exists,String,2,,Required,"Flat - availability of neuropath document","",,"","",""
handedness,String,29,,Required,"handedness","R;L;B",,"","",""
doc_ot_pt_exists,String,2,,Required,"Flag - availability occupational and physical therapy documents","",,"","",""
primary_cause_death,String,200,,Required,"Primary cause of death","",,"","",""
brain_rin,Float,0,,Required,"RNA integrity number","",,"","",""
doc_adir_summary_exists,String,2,,Required,"Flag","",,"","",""
left_fixation,String,200,,Required,"Fixation method of left hemisphere","",,"","",""
secondary_cause_death,String,200,,Required,"Secondary cause of death","",,"","",""
doc_eeg_exists,String,2,,Required,"Flag - availability of EEG report","",,"","",""
doc_data_exists,String,2,,Required,"Flag - subject data document available","Y;N",,"","",""
doc_psych_exists,String,2,,Required,"Flag - availability of psychological report","",,"","",""
doc_autopsy_exists,String,2,,Required,"Flag - availability of autopsy document","",,"","",""
doc_genetic_exists,String,2,,Required,"Flag - availability of genetic report","",,"","",""
doc_neurology_exists,String,2,,Required,"Flag - availability of neurology report","",,"","",""
post_mortem_interval,Float,0,,Required,"Time interval from time of death until processing of the tissue by the brain bank.  The value is in hours.","",,"","",""
right_fixation,String,200,,Required,"Fixation method for right hemisphere","",,"","",""
doc_mri_exists,String,2,,Required,"Flag - availability of of MRI","",,"","",""
doc_vision_exists,String,2,,Required,"Flag - availability of vision reports","",,"","",""
doc_aud_speech_exists,String,2,,Required,"Flag - availability of audiology or speech documents","",,"","",""
comments,String,4000,,Required,"generic field for comments on a particular record","",,"","",""
doc_medical_reports_exists,String,2,,Required,"Flag - availability of medical reports","",,"","",""
primary_diagnosis,String,200,,Required,"Primary diagnosis of subject","",,"","",""
age_at_death_months,Integer,0,,Required,"Age at death in months","",,"","",""
subject_control,String,1,,Required,"Control flag for subject","",,"","",""
ethnicity,String,30,,Required,"Ethnicity of participant","Hispanic or Latino; Not Hispanic or Latino; Unknown",,"","",""
date_updated,Date,0,,Required,"Date record updated","",,"","",""
gender,String,50,,Required,"Gender","M;F",,"","",""
