ElementName,DataType,Size,Unit,Required,ElementDescription,ValueRange,Keywords,Notes,Section,Aliases
src_subject_id,String,20,,Required,"The site's subject identification","",,"","",""
periodname,String,10,,Required,"Time Period for Exposure","",,"","",""
roadtype1_nox,String,20,,Required,"NOx estimate from Interstate Highways","",,"estimated in parts per billion (ppb)","",""
roadtype2_nox,String,20,,Required,"NOx estimate for US and State Highways","",,"estimated in parts per billion (ppb)","",""
roadtype3_nox,String,20,,Required,"NOx estimated for secondary state or county highways","",,"estimated in parts per billion (ppb)","",""
roadtype4_nox,String,20,,Required,"NOx estimated for local, neighborhood, rural road, or city street","",,"estimated in parts per billion (ppb)","",""
total_nox_allroads,String,20,,Required,"NOx estimated from all road types","",,"estimated in parts per billion (ppb)","",""
subjectkey,GUID,0,,Required,"The NDAR Global Unique Identifier (GUID) for subjects which identifies a subject in NDAR","NDAR*",,"","",""
