ElementName,DataType,Size,Unit,Required,ElementDescription,ValueRange,Keywords,Notes,Section,Aliases
subjectkey,GUID,0,,Required,"The NDAR Global Unique Identifier (GUID) for subjects which identifies a subject in NDAR","NDAR*",,"","NDAR Required","CELF4_Unique_ID"
src_subject_id,String,20,,Required,"The site's subject identification","",,"","NDAR Required","CELF4_Subject_ID"
interview_date,Date,0,,Required,"Date on which the interview/genetic test/sampling/imaging was completed","MM/yyyy;MM/dd/yyyy",,"* '01/01/1900' indicates that a date associated with retrospective data is not known.","NDAR Required","CELF4_DOE"
interview_age,Integer,0,,Required,"Age in months at the time of the interview/test/sampling/imaging.","0 to 1200",,"Age is rounded to chronological month If the research participant is 13 days old at time of interview  the appropriate value would be 0 months if the participant is 19 days old the value would be 1 month","NDAR Required","CELF4_CA_DOE"
celf4_measure,String,20,,Recommended,"Measure Used","CELF-4",,"","Measure",""
celf4_form,String,20,,Recommended,"CELF-4 Record Form Used [1=Form 1 (Ages 5-8); 2=Form 2 (Ages 9-21)]","1;2",,"Value must be either 1=Form 1 (Ages 5-8 or 2=Form 2 (Ages 9-21)","Measure",""
celf4_year,String,20,,Recommended,"CELF-4: year from published/most recent copywrite","2003",,"","Measure",""
celf4_cfd_raw,Integer,0,,Recommended,"CELF-4: Concepts & Following Directions Raw Score","0 to 54",,"Value must be between 0 and 54","Concepts and Following Directions",""
celf4_cfd_scld_scr,Integer,0,,Recommended,"CELF-4: Concepts & Following Directions Scaled Score","1 to 19",,"Value must be between 1 and 19","Concepts and Following Directions",""
celf4_cfd_scld_scrpts,Integer,0,,Optional,"CELF-4: Concepts & Following Directions Scaled Score Poiints","1 to 3",,"Value must be between 1 and 3","Concepts and Following Directions",""
celf4_cfd_ci_rng,String,20,,Optional,"CELF-4: Concepts & Following Directions CI range","",,"??? to ??? (ex: 099 to 110)","Concepts and Following Directions",""
celf4_cfd_percent_rnk,String,20,,Optional,"CELF-4: Concepts & Following Directions %ile Rank","",,"Value must be between <0.1 and >99.9","Concepts and Following Directions",""
celf4_cfd_percent_rnk_ci_rng,String,20,,Optional,"CELF-4: Concepts & Following Directions %ile Rank CI range","",,"??? to ??? (ex: 099 to 110)","Concepts and Following Directions",""
celf4_cfd_ae,String,20,,Recommended,"CELF-4: Concepts & Following Directions Age Equivalent (in months)","",,"Age Equivalent (in months)","Concepts and Following Directions",""
celf4_ws_raw,Integer,0,,Recommended,"CELF-4: Word Structure Raw Score","0 to 32",,"Value must be between 0 and 32","Word Structure","celf_ws_raw"
celf4_ws_scld_scr,Integer,0,,Recommended,"CELF-4: Word Structure Scaled Score","1 to 19",,"Value must be between 1 and 19","Word Structure","celf_ws_scld_scr"
celf4_ws_scld_scrpts,Integer,0,,Optional,"CELF-4: Word Structure Scaled Score Poiints","1 to 3",,"Value must be between 1 and 3","Word Structure",""
celf4_ws_ci_rng,String,20,,Optional,"CELF-4: Word Structure CI range","",,"??? to ??? (ex: 099 to 110)","Word Structure",""
celf4_ws_percent_rnk,String,20,,Optional,"CELF-4: Word Structure %ile Rank","",,"Value must be between <0.1 and >99.9","Word Structure",""
celf4_ws_percent_rnk_ci_rng,String,20,,Optional,"CELF-4: Word Structure %ile Rank CI range","",,"??? to ??? (ex: 099 to 110)","Word Structure",""
celf4_ws_ae,String,20,,Recommended,"CELF-4: Word Structure Age Equivalent (in months)","",,"Age Equivalent (in months)","Word Structure","celf_ws_ae"
celf4_rs_raw,Integer,0,,Recommended,"CELF-4: Recalling Sentences Raw Score","0 to 96",,"Value must be between 0 and 96","Recalling Sentences",""
celf4_rs_scld_scr,Integer,0,,Recommended,"CELF-4: Recalling Sentences Scaled Score","1 to 19",,"Value must be between 1 and 19","Recalling Sentences",""
celf4_rs_scld_scrpts,Integer,0,,Optional,"CELF-4: Recalling Sentences Scaled Score Poiints","1 to 3",,"Value must be between 1 and 3","Recalling Sentences",""
celf4_rs_ci_rng,String,20,,Optional,"CELF-4: Recalling Sentences CI range","",,"??? to ??? (ex: 099 to 110)","Recalling Sentences",""
celf4_rs_percent_rnk,String,20,,Optional,"CELF-4: Recalling Sentences %ile Rank","",,"Value must be between <0.1 and >99.9","Recalling Sentences",""
celf4_rs_percent_rnk_ci_rng,String,20,,Optional,"CELF-4: Recalling Sentences %ile Rank CI range","",,"??? to ??? (ex: 099 to 110)","Recalling Sentences",""
celf4_rs_ae,String,20,,Recommended,"CELF-4: Recalling Sentences Age Equivalent (in months)","",,"Age Equivalent (in months)","Recalling Sentences",""
celf4_fs_raw,Integer,0,,Recommended,"CELF-4: Formulated Sentences Raw Score","0 to 85",,"Value must be between 0 and 85","Formulating Sentences",""
celf4_fs_scld_scr,Integer,0,,Recommended,"CELF-4: Formulated Sentences Scaled Score","1 to 19",,"Value must be between 1 and 19","Formulating Sentences",""
celf4_fs_scld_scrpts,Integer,0,,Optional,"CELF-4: Formulated Sentences Scaled Score Poiints","1 to 3",,"Value must be between 1 and 3","Formulating Sentences",""
celf4_fs_ci_rng,String,20,,Optional,"CELF-4: Formulated Sentences CI range","",,"??? to ??? (ex: 099 to 110)","Formulating Sentences",""
celf4_fs_percent_rnk,String,20,,Optional,"CELF-4: Formulated Sentences %ile Rank","",,"Value must be between <0.1 and >99.9","Formulating Sentences",""
celf4_fs_percent_rnk_ci_rng,String,20,,Optional,"CELF-4: Formulated Sentences %ile Rank CI range","",,"??? to ??? (ex: 099 to 110)","Formulating Sentences",""
celf4_fs_ae,String,20,,Recommended,"CELF-4: Formulated Sentences Age Equivalent (in months)","",,"Age Equivalent (in months)","Formulating Sentences",""
celf4_wc1r_raw,Integer,0,,Recommended,"CELF-4: Word Classes 1 - Receptive Raw Score","0 to 21",,"Value must be between 0 and 21","Word Classes 1 - Receptive",""
celf4_wc1r_scld_scr,Integer,0,,Recommended,"CELF-4: Word Classes 1 - Receptive Scaled Score","1 to 19",,"Value must be between 1 and 19","Word Classes 1 - Receptive",""
celf4_wc1r_scld_scrpts,Integer,0,,Optional,"CELF-4: Word Classes 1 - Receptive Scaled Score Poiints","1 to 3",,"Value must be between 1 and 3","Word Classes 1 - Receptive",""
celf4_wc1r_ci_rng,String,20,,Optional,"CELF-4: Word Classes 1 - Receptive CI range","",,"??? to ??? (ex: 099 to 110)","Word Classes 1 - Receptive",""
celf4_wc1r_percent_rnk,String,20,,Optional,"CELF-4: Word Classes 1 - Receptive %ile Rank","",,"Value must be between <0.1 and >99.9","Word Classes 1 - Receptive",""
celf4_wc1r_percent_rnk_ci_rng,String,20,,Optional,"CELF-4: Word Classes 1 - Receptive %ile Rank CI range","",,"??? to ??? (ex: 099 to 110)","Word Classes 1 - Receptive",""
celf4_wc1r_ae,String,20,,Recommended,"CELF-4: Word Classes 1 - Receptive Age Equivalent (in months)","",,"Age Equivalent (in months)","Word Classes 1 - Receptive",""
celf4_wc1e_raw,Integer,0,,Recommended,"CELF-4: Word Classes 1 - Expressive Raw Score","0 to 21",,"Value must be between 0 and 21","Word Classes 1 - Expressive",""
celf4_wc1e_scld_scr,Integer,0,,Recommended,"CELF-4: Word Classes 1 - Expressive Scaled Score","1 to 19",,"Value must be between 1 and 19","Word Classes 1 - Expressive",""
celf4_wc1e_scld_scrpts,Integer,0,,Optional,"CELF-4: Word Classes 1 - Expressive Scaled Score Poiints","1 to 3",,"Value must be between 1 and 3","Word Classes 1 - Expressive",""
celf4_wc1e_ci_rng,String,20,,Optional,"CELF-4: Word Classes 1 - Expressive CI range","",,"??? to ??? (ex: 099 to 110)","Word Classes 1 - Expressive",""
celf4_wc1e_percent_rnk,String,20,,Optional,"CELF-4: Word Classes 1 - Expressive %ile Rank","",,"Value must be between <0.1 and >99.9","Word Classes 1 - Expressive",""
celf4_wc1e_percent_rnk_ci_rng,String,20,,Optional,"CELF-4: Word Classes 1 - Expressive %ile Rank CI range","",,"??? to ??? (ex: 099 to 110)","Word Classes 1 - Expressive",""
celf4_wc1e_ae,String,20,,Recommended,"CELF-4: Word Classes 1 - Expressive Age Equivalent (in months)","",,"Age Equivalent (in months)","Word Classes 1 - Expressive",""
celf4_wc1t_rplse_scld_scr_sum,Integer,0,,Recommended,"CELF-4: Word Classes 1 - Total Receptive and Expressive Scaled Score sum","0 to 42",,"Value must be between 0 And 42","Word Classes 1 - Total",""
celf4_wc1t_scld_scr,Integer,0,,Recommended,"CELF-4: Word Classes 1 - Total Scaled Score","1 to 19",,"Value must be between 1 and 19","Word Classes 1 - Total",""
celf4_wc1t_scld_scrpts,Integer,0,,Optional,"CELF-4: Word Classes 1 - Total Scaled Score Poiints","1 to 3",,"Value must be between 1 and 3","Word Classes 1 - Total",""
celf4_wc1t_ci_rng,String,20,,Optional,"CELF-4: Word Classes 1 - Total CI range","",,"??? to ??? (ex: 099 to 110)","Word Classes 1 - Total",""
celf4_wc1t_percent_rnk,String,20,,Optional,"CELF-4: Word Classes 1 - Total %ile Rank","",,"Value must be between <0.1 and >99.9","Word Classes 1 - Total",""
celf4_wc1t_percent_rnk_ci_rng,String,20,,Optional,"CELF-4: Word Classes 1 - Total %ile Rank CI range","",,"??? to ??? (ex: 099 to 110)","Word Classes 1 - Total",""
celf4_wc1t_ae,String,20,,Recommended,"CELF-4: Word Classes 1 - Total Age Equivalent (in months)","",,"Age Equivalent (in months)","Word Classes 1 - Total",""
celf4_wc2r_raw,Integer,0,,Recommended,"CELF-4: Word Classes 2 - Receptive Raw Score","0 to 24",,"Value must be between 0 and 24","Word Classes 2 - Receptive",""
celf4_wc2r_scld_scr,Integer,0,,Recommended,"CELF-4: Word Classes 2 - Receptive Scaled Score","1 to 19",,"Value must be between 1 and 19","Word Classes 2 - Receptive",""
celf4_wc2r_scld_scrpts,Integer,0,,Optional,"CELF-4: Word Classes 2 - Receptive Scaled Score Poiints","1 to 3",,"Value must be between 1 and 3","Word Classes 2 - Receptive",""
celf4_wc2r_ci_rng,String,20,,Optional,"CELF-4: Word Classes 2 - Receptive CI range","",,"??? to ??? (ex: 099 to 110)","Word Classes 2 - Receptive",""
celf4_wc2r_percent_rnk,String,20,,Optional,"CELF-4: Word Classes 2 - Receptive %ile Rank","",,"Value must be between <0.1 and >99.9","Word Classes 2 - Receptive",""
celf4_wc2r_percent_rnk_ci_rng,String,20,,Optional,"CELF-4: Word Classes 2 - Receptive %ile Rank CI range","",,"??? to ??? (ex: 099 to 110)","Word Classes 2 - Receptive",""
celf4_wc2r_ae,String,20,,Recommended,"CELF-4: Word Classes 2 - Receptive Age Equivalent (in months)","",,"Age Equivalent (in months)","Word Classes 2 - Receptive",""
celf4_wc2e_raw,Integer,0,,Recommended,"CELF-4: Word Classes 2 - Expressive Raw Score","0 to 24",,"Value must be between 0 and 24","Word Classes 2 - Expressive",""
celf4_wc2e_scld_scr,Integer,0,,Recommended,"CELF-4: Word Classes 2 -Expressive Scaled Score","1 to 19",,"Value must be between 1 and 19","Word Classes 2 - Expressive",""
celf4_wc2e_scld_scrpts,Integer,0,,Optional,"CELF-4: Word Classes 2 - Expressive Scaled Score Poiints","1 to 3",,"Value must be between 1 and 3","Word Classes 2 - Expressive",""
celf4_wc2e_ci_rng,String,20,,Optional,"CELF-4: Word Classes 2 - Expressive CI range","",,"??? to ??? (ex: 099 to 110)","Word Classes 2 - Expressive",""
celf4_wc2e_percent_rnk,String,20,,Optional,"CELF-4: Word Classes 2 - Expressive %ile Rank","",,"Value must be between <0.1 and >99.9","Word Classes 2 - Expressive",""
celf4_wc2e_percent_rnk_ci_rng,String,20,,Optional,"CELF-4: Word Classes 2 - Expressive %ile Rank CI range","",,"??? to ??? (ex: 099 to 110)","Word Classes 2 - Expressive",""
celf4_wc2e_ae,String,20,,Recommended,"CELF-4: Word Classes 2 - Expressive Age Equivalent (in months)","",,"Age Equivalent (in months)","Word Classes 2 - Expressive",""
celf4_wc2t_rplse_scld_scr_sum,Integer,0,,Recommended,"CELF-4: Word Classes 2 - Total Receptive and Expressive Scaled Score sum","0 to 48",,"Value must be between 0 And 48","Word Classes 2 - Total",""
celf4_wc2t_scld_scr,Integer,0,,Recommended,"CELF-4: Word Classes 2 - Total Scaled Score","1 to 19",,"Value must be between 1 and 19","Word Classes 2 - Total",""
celf4_wc2t_scld_scrpts,Integer,0,,Optional,"CELF-4: Word Classes 2 - Total Scaled Score Poiints","1 to 3",,"Value must be between 1 and 3","Word Classes 2 - Total",""
celf4_wc2t_ci_rng,String,20,,Optional,"CELF-4: Word Classes 2 - Total CI range","",,"??? to ??? (ex: 099 to 110)","Word Classes 2 - Total",""
celf4_wc2t_percent_rnk,String,20,,Optional,"CELF-4: Word Classes 2 - Total %ile Rank","",,"Value must be between <0.1 and >99.9","Word Classes 2 - Total",""
celf4_wc2t_percent_rnk_ci_rng,String,20,,Optional,"CELF-4: Word Classes 2 - Total %ile Rank CI range","",,"??? to ??? (ex: 099 to 110)","Word Classes 2 - Total",""
celf4_wc2t_ae,String,20,,Recommended,"CELF-4: Word Classes 2 - Total Age Equivalent  (in months)","",,"Age Equivalent (in months)","Word Classes 2 - Total",""
celf4_wd_raw,Integer,0,,Recommended,"CELF-4: Word Definitions Raw Score","0 to 48",,"Value must be between 0 and 48","Word Definitions",""
celf4_wd_scld_scr,Integer,0,,Recommended,"CELF-4: Word Definitions Scaled Score","1 to 19",,"Value must be between 1 and 19","Word Definitions",""
celf4_wd_scld_scrpts,Integer,0,,Optional,"CELF-4: Word Definitions  Scaled Score Poiints","1 to 3",,"Value must be between 1 and 3","Word Definitions",""
celf4_wd_ci_rng,String,20,,Optional,"CELF-4: Word Definitions CI range","",,"??? to ??? (ex: 099 to 110)","Word Definitions",""
celf4_wd_percent_rnk,String,20,,Optional,"CELF-4: Word Definitions %ile Rank","",,"Value must be between <0.1 and >99.9","Word Definitions",""
celf4_wd_percent_rnk_ci_rng,String,20,,Optional,"CELF-4: Word Definitions  %ile Rank CI range","",,"??? to ??? (ex: 099 to 110)","Word Definitions",""
celf4_wd_ae,String,20,,Recommended,"CELF-4: Word Definitions  Age Equivalent (in months)","",,"Age Equivalent (in months)","Word Definitions",""
celf4_ci_percent_level,Integer,0,,Recommended,"CELF-4: Confidence Interval %ile Level Used","68;90;95",,"Value must be 68, 90, 95, ","Confidence Interval Percentile",""
celf4_cl_ssss_form_1,Integer,0,,Recommended,"CELF-4: Form 1 Core Language Sum of Subtest Scaled Scores","",,"","Core Language - Form 1",""
celf4_cl_ss_form_1,Integer,0,,Recommended,"CELF-4: Form 1 Core Language Standard Score","",,"","Core Language - Form 1",""
celf4_cl_ssss_form_2,Integer,0,,Recommended,"CELF-4: Form 2 Core Language Sum of Subtest Scaled Scores","",,"","Core Language - Form 2",""
celf4_cl_ss_form_2,Integer,0,,Recommended,"CELF-4: Form 2 Core Language Standard Score","",,"","Core Language - Form 2",""
