ElementName,DataType,Size,Unit,Required,ElementDescription,ValueRange,Keywords,Notes,Section,Aliases
subjectkey,GUID,0,,Required,"The NDAR Global Unique Identifier (GUID) for subjects which identifies a subject in NDAR","NDAR*",,"","NDAR Required","Unique_ID"
src_subject_id,String,20,,Required,"The site's subject identification","",,"","NDAR Required","Subject_ID"
interview_date,Date,0,,Required,"Date on which the interview/genetic test/sampling/imaging was completed","MM/yyyy;MM/dd/yyyy",,"* '01/01/1900' indicates that a date associated with retrospective data is not known.","NDAR Required","CELFP2_DOE"
interview_age,Integer,0,,Required,"Age in months at the time of the interview/test/sampling/imaging.","0 to 1200",,"Age is rounded to chronological month If the research participant is 13 days old at time of interview  the appropriate value would be 0 months if the participant is 19 days old the value would be 1 month","NDAR Required","CELFP2_CA"
celfp2_measure,String,20,,Recommended,"Measure Used","CELF-P2",,"","Measure",""
celfp2_year,String,20,,Recommended,"CELF-P2: year from published/most recent copywrite","2004",,"","Measure",""
celfp2_sents_raw,Integer,0,,Recommended,"CELF-P2 Sentence Structure Raw Score","0 to 22",,"","Sentence Structure",""
celfp2_sents_scld,Integer,0,,Recommended,"CELF-P2 Sentence Structure Scaled Score","1 to 19",,"","Sentence Structure",""
celfp2_sents_percent_rk,String,20,,Optional,"CELF-P2 Sentence Structure Scaled Score Percentile Rank (<0.1 to >99.9)","",,"","Sentence Structure",""
celfp2_sents_ae,Integer,0,,Recommended,"CELF-P2 Sentence Structure Age Equivalent (in months)","",,"","Sentence Structure",""
celfp2_ws_raw,Integer,0,,Recommended,"CELF-P2 Word Structure Raw Score","0 to 24",,"","Word Structure","celf_ws_raw"
celfp2_ws_scld,Integer,0,,Recommended,"CELF-P2 Word Structure Scaled Score","1 to 19",,"","Word Structure","celf_ws_scld_scr"
celfp2_ws_percent_rk,String,20,,Optional,"CELF-P2 Word Structure Scaled Score Percentile Rank (<0.1 to >99.9)","",,"","Word Structure",""
celfp2_ws_ae,Integer,0,,Recommended,"CELF-P2 Word Structure Age Equivalent (in months)","",,"","Word Structure","celf_ws_ae"
celfp2_ev_raw,Integer,0,,Recommended,"CELF-P2 Expressive Vocabulary Raw Score","0 to 40",,"","Expressive Vocabulary",""
celfp2_ev_scld,Integer,0,,Recommended,"CELF-P2 Expressive Vocabulary Scaled Score","1 to 19",,"","Expressive Vocabulary",""
celfp2_ev_percent_rk,String,20,,Optional,"CELF-P2 Expressive Vocabulary Scaled Score Percentile Rank (<0.1 to >99.9)","",,"","Expressive Vocabulary",""
celfp2_ev_ae,Integer,0,,Recommended,"CELF-P2 Expressive Vocabulary Age Equivalent (in months)","",,"","Expressive Vocabulary",""
celfp2_cfd_raw,Integer,0,,Recommended,"CELF-P2 Concepts & Following Directions Raw Score","0 to 22",,"","Concepts & Following Directions",""
celfp2_cfd_scld,Integer,0,,Recommended,"CELF-P2 Concepts & Following Directions Scaled Score","1 to 19",,"","Concepts & Following Directions",""
celfp2_cfd_percent_rk,String,20,,Optional,"CELF-P2 Concepts & Following Directions Scaled Score Percentile Rank (<0.1 to >99.9)","",,"","Concepts & Following Directions",""
celfp2_cfd_ae,Integer,0,,Recommended,"CELF-P2 Concepts & Following Directions Age Equivalent (in months)","",,"","Concepts & Following Directions",""
celfp2_rs_raw,Integer,0,,Recommended,"CELF-P2 Recalling Sentences Raw Score","0 to 39",,"","Recalling Sentences",""
celfp2_rs_scld,Integer,0,,Recommended,"CELF-P2 Recalling Sentences Scaled Score","1 to 19",,"","Recalling Sentences",""
celfp2_rs_percent_rk,String,20,,Optional,"CELF-P2 Recalling Sentences Scaled Score Percentile Rank (<0.1 to >99.9)","",,"","Recalling Sentences",""
celfp2_rs_ae,Integer,0,,Recommended,"CELF-P2 Recalling Sentences Age Equivalent (in months)","",,"","Recalling Sentences",""
celfp2_bc_raw,Integer,0,,Recommended,"CELF-P2 Basic Concepts Raw Score","0 to 18",,"","Basic Concepts",""
celfp2_bc_scld,Integer,0,,Recommended,"CELF-P2 Basic Concepts Scaled Score","1 to 19",,"","Basic Concepts",""
celfp2_bc_percent_rk,String,20,,Optional,"CELF-P2 Basic Concepts Scaled Score Percentile Rank (<0.1 to >99.9)","",,"","Basic Concepts",""
celfp2_bc_ae,Integer,0,,Recommended,"CELF-P2 Basic Concepts Age Equivalent (in months)","",,"","Basic Concepts",""
celfp2_wc_r_raw,Integer,0,,Recommended,"CELF-P2 Word Classes Receptive Raw Score","0 to 20",,"","Word Classes Receptive",""
celfp2_wc_r_scld,Integer,0,,Recommended,"CELF-P2 Word Classes Receptive Scaled Score","1 to 19",,"","Word Classes Receptive",""
celfp2_wc_r_percent_rk,String,20,,Optional,"CELF-P2 Word Classes Receptive Scaled Score Percentile Rank (<0.1 to >99.9)","",,"","Word Classes Receptive",""
celfp2_wc_r_ae,Integer,0,,Recommended,"CELF-P2 Word Classes Receptive Age Equivalent (in months)","",,"","Word Classes Receptive",""
celfp2_wc_e_raw,Integer,0,,Recommended,"CELF-P2 Word Classes Expressive Raw Score","0 to 20",,"","Word Classes Expressive",""
celfp2_wc_e_scld,Integer,0,,Recommended,"CELF-P2 Word Classes Expressive Scaled Score","1 to 19",,"","Word Classes Expressive",""
celfp2_wc_e_percent_rk,String,20,,Optional,"CELF-P2 Word Classes Expressive Scaled Score Percentile Rank (<0.1 to >99.9)","",,"","Word Classes Expressive",""
celfp2_wc_e_ae,Integer,0,,Recommended,"CELF-P2 Word Classes Expressive Age Equivalent (in months)","",,"","Word Classes Expressive",""
celfp2_wc_t_raw,Integer,0,,Recommended,"CELF-P2 Word Classes Total Raw Score (Ages 4-6)","0 to 40",,"","Word Classes Total",""
celfp2_wc_rplswc_e_scld_sum,Integer,0,,Recommended,"CELF-P2 Word Classes Sum of WC-R and WC-E Scaled Scores","2 to 38",,"","Word Classes Total",""
celfp2_wc_t_scld,Integer,0,,Recommended,"CELF-P2 Word Classes Total Scaled Score","1 to 19",,"","Word Classes Total",""
celfp2_wc_t_percent_rk,String,20,,Optional,"CELF-P2 Word Classes Total Scaled Score Percentile Rank (<0.1 to >99.9)","",,"","Word Classes Total",""
celfp2_wc_t_ae,Integer,0,,Recommended,"CELF-P2 Word Classes Total Age Equivalent (in months)","",,"","Word Classes Total",""
celfp2_cl_sum,Integer,0,,Recommended,"CELF-P2 Core Language Sum of Scaled Scores","3 to 57",,"","Core Language","celf_cl_Sum_scld_scr"
celfp2_cl_ss,Integer,0,,Recommended,"CELF-P2 Core Language Standard Score","45 to 155",,"","Core Language","celf_cl_ss"
celfp2_cl_percent_rk,String,20,,Optional,"CELF-P2 Core Language Percentile Rank  (<0.1 to >99.9)","",,"","Core Language",""
celfp2_rli_sum,Integer,0,,Optional,"CELF-P2 Receptive Language Index Sum of Scaled Scores","3 to 57",,"","Receptive Language Index",""
celfp2_rli_ss,Integer,0,,Optional,"CELF-P2 Receptive Language Index Standard Score","45 to 155",,"","Receptive Language Index",""
celfp2_rli_percent_rk,String,20,,Optional,"CELF-P2 Receptive Language Index Percentile Rank  (<0.1 to >99.9)","",,"","Receptive Language Index",""
celfp2_eli_sum,Integer,0,,Optional,"CELF-P2 Expressive Language Index Sum of Scaled Scores","3 to 57",,"","Expressive Language Index",""
celfp2_eli_ss,Integer,0,,Optional,"CELF-P2 Expressive Language Index Standard Score","45 to 155",,"","Expressive Language Index",""
celfp2_eli_percent_rk,String,20,,Optional,"CELF-P2 Expressive Language Index Percentile Rank  (<0.1 to >99.9)","",,"","Expressive Language Index",""
celfp2_lci_sum,Integer,0,,Optional,"CELF-P2 Language Content Index Sum of Scaled Scores","3 to 57",,"","Language Content Index",""
celfp2_lci_ss,Integer,0,,Optional,"CELF-P2 Language Content Index Standard Score","45 to 155",,"","Language Content Index",""
celfp2_lci_percent_rk,String,20,,Optional,"CELF-P2 Language Content Index Percentile Rank  (<0.1 to >99.9)","",,"","Language Content Index",""
celfp2_lsi_sum,Integer,0,,Optional,"CELF-P2 Language Structure Index Sum of Scaled Scores","3 to 57",,"","Language Structure Index",""
celfp2_lsi_ss,Integer,0,,Optional,"CELF-P2 Language Structure Index Standard Score","45 to 155",,"","Language Structure Index",""
celfp2_lsi_percent_rk,String,20,,Optional,"CELF-P2 Language Structure Index Percentile Rank  (<0.1 to >99.9)","",,"","Language Structure Index",""
