ElementName,DataType,Size,Unit,Required,ElementDescription,ValueRange,Keywords,Notes,Section,Aliases
subjectkey,GUID,0,,Required,"The NDAR Global Unique Identifier (GUID) for subjects which identifies a subject in NDAR","NDAR*",,"","Header","GUIDID"
src_subject_id,String,20,,Required,"The site's subject identification","",,"","0","SubjectID,Charge_familychar_SRC_Subject_ID"
interview_date,Date,0,,Required,"Date on which the interview/genetic test/sampling/imaging was completed","MM/yyyy;MM/dd/yyyy",,"* '01/01/1900' indicates that a date associated with retrospective data is not known.","0","VISITDT,Charge_familychar_interview_date"
comments_misc,String,255,,Optional,"Miscellaneous comments on study, interview, methodology relevant to this form data","",,"","0","Charge_familychar_comments_misc"
ques_childa,String,50,,Recommended,"Subject ID(NDAR ID) -Child with Autism","",,"","Questions","Charge_familychar_ques_childA"
ques_agea,Integer,0,,Required,"Age -Child with Autism/Study Participant (in months)","0 to 1200",,"","Questions","CHAGE,Charge_familychar_ques_ageA"
ques_gendera,String,50,,Required,"Gender -Child with Autism/Study Participant","M;F",,"","Questions","CHGEND,Charge_familychar_ques_genderA"
ques_rlaa,String,50,,Recommended,"Right handed(R), left handed (L) or ambidextrous (A) -Child with Autism/Study Participant","R;L;A;NA",,"","Questions","CHRLA,Charge_familychar_ques_rlaA"
ques_edua,String,50,,Recommended,"Eligible for special education - Child with Autism/Study Participant","Y;N;NA",,"","Questions","CHEDU,Charge_familychar_ques_eduA"
ques_eduagea,Integer,0,,Recommended,"Age when identified as eligible for special education -Child with Autism/Study Participant(in months)","0 to 1200",,"","Questions","CHEAGE,Charge_familychar_ques_eduageA"
ques_gradera,String,50,,Recommended,"Repeated a grade in school -Child with Autism/Study Participant","Y;N;NA",,"","Questions","CHGRADE,Charge_familychar_ques_graderA"
ques_gradeappa,String,50,,Recommended,"What grade if applicable -Child with Autism/Study Participant","",,"","Questions","CHGAPP,Charge_familychar_ques_gradeappA"
ques_gradala,String,50,,Recommended,"Last grade completed -Child with Autism/Study Participant","",,"","Questions","CHGLAST,Charge_familychar_ques_gradalA"
ques_readdifa,String,50,,Recommended,"Had difficulty learning to read -Child with Autism/Study Participant","Y;N;NA",,"","Questions","CHRDIF,Charge_familychar_ques_readdifA"
ques_mathdifa,String,50,,Recommended,"Had or has difficulty learning arithmetic or math -Child with Autism/Study Participant","Y;N;NA",,"","Questions","CHMDIF,Charge_familychar_ques_mathdifA"
ques_therapya,String,50,,Recommended,"Received speech therapy in school -Child with Autism/Study Participant","Y;N;NA",,"","Questions","CHTHRPY,Charge_familychar_ques_therapyA"
ques_therapyagea,Integer,0,,Recommended,"What age -Child with Autism/Study Participant(in months)","0 to 1200",,"","Questions","CHTAGE,Charge_familychar_ques_therapyageA"
ques_therapygradea,String,50,,Recommended,"What grade -Child with Autism/Study Participant","",,"","Questions","CHTGRAD,Charge_familychar_ques_therapygradeA"
ques_learndisa,String,50,,Recommended,"Had or has a learning disability -Child with Autism/Study Participant","Y;N;NA",,"","Questions","CHLDIS,Charge_familychar_ques_learndisA"
ques_langdelaya,String,50,,Recommended,"Had or has a speech or language delay or impairment -Child with Autism/Study Participant","Y;N;NA",,"","Questions","CHSPDL,Charge_familychar_ques_langdelayA"
ques_devdelaya,String,50,,Recommended,"Had or has a developmental delay -Child with Autism/Study Participant","Y;N;NA",,"","Questions","CHDEVDL,Charge_familychar_ques_devdelayA"
ques_subrel1,String,50,,Recommended,"Relationship to child with autism? (Full, Half-Maternal, Half-Paternal)? -Sibling 1","Full;Half-Maternal;Half-Paternal",,"","Questions","S1RELAT,Charge_familychar_ques_subrel1"
ques_sub1,String,50,,Conditional,"Subject ID(NDAR ID) -Sibling 1","",,"","Questions","Charge_familychar_ques_sub1"
ques_age1,Integer,0,,Conditional,"Age -Sibling 1(in months)","0 to 1200",,"","Questions","S1AGE,Charge_familychar_ques_age1"
ques_gender1,String,50,,Conditional,"Gender -Sibling 1","M;F",,"","Questions","S1GEND,Charge_familychar_ques_gender1"
ques_rla1,String,50,,Recommended,"Right handed(R), left handed (L) or ambidextrous (A) -Sibling 1","R;L;A;NA",,"","Questions","S1RLA,Charge_familychar_ques_rla1"
ques_edu1,String,50,,Recommended,"Eligible for special education - Sibling 1","Y;N;NA",,"","Questions","S1EDU,Charge_familychar_ques_edu1"
ques_eduage1,Integer,0,,Recommended,"Age when identified as eligible for special education -Sibling 1(in months)","0 to 1200",,"","Questions","S1EAGE,Charge_familychar_ques_eduage1"
ques_grader1,String,50,,Recommended,"Repeated a grade in school -Sibling 1","Y;N;NA",,"","Questions","S1GRADE,Charge_familychar_ques_grader1"
ques_gradeapp1,String,50,,Recommended,"What grade if applicable -Sibling 1","",,"","Questions","S1GAPP,Charge_familychar_ques_gradeapp1"
ques_gradal1,String,50,,Recommended,"Last grade completed -Sibling 1","",,"","Questions","S1GLAST,Charge_familychar_ques_gradal1"
ques_readdif1,String,50,,Recommended,"Had difficulty learning to read -Sibling 1","Y;N;NA",,"","Questions","S1RDIF,Charge_familychar_ques_readdif1"
ques_mathdif1,String,50,,Recommended,"Had or has difficulty learning arithmetic or math -Sibling 1","Y;N;NA",,"","Questions","S1MDIF,Charge_familychar_ques_mathdif1"
ques_therapy1,String,50,,Recommended,"Received speech therapy in school -Sibling 1","Y;N;NA",,"","Questions","S1THRPY,Charge_familychar_ques_therapy1"
ques_therapyage1,Integer,0,,Recommended,"What age -Sibling 1(in months)","0 to 1200",,"","Questions","S1TAGE,Charge_familychar_ques_therapyage1"
ques_therapygrade1,String,50,,Recommended,"What grade -Sibling 1","",,"","Questions","S1TGRAD,Charge_familychar_ques_therapygrade1"
ques_learndis1,String,50,,Recommended,"Had or has a learning disability -Sibling 1","Y;N;NA",,"","Questions","S1LDIS,Charge_familychar_ques_learndis1"
ques_langdelay1,String,50,,Recommended,"Had or has a speech or language delay or impairment -Sibling 1","Y;N;NA",,"","Questions","S1SPDL,Charge_familychar_ques_langdelay1"
ques_devdelay1,String,50,,Recommended,"Had or has a developmental delay -Sibling 1","Y;N;NA",,"","Questions","S1DEVDL,Charge_familychar_ques_devdelay1"
ques_subrel2,String,50,,Recommended,"Relationship to child with autism? (Full, Half-Maternal, Half-Paternal)? -Sibling 2","Full;Half-Maternal;Half-Paternal",,"","Questions","S2RELAT,Charge_familychar_ques_subrel2"
ques_sub2,String,50,,Recommended,"Subject ID(NDAR ID) -Sibling 2","",,"","Questions","Charge_familychar_ques_sub2"
ques_age2,Integer,0,,Recommended,"Age -Sibling 2(in months)","0 to 1200",,"","Questions","S2AGE,Charge_familychar_ques_age2"
ques_gender2,String,50,,Recommended,"Gender -Sibling 2","M;F",,"","Questions","S2GEND,Charge_familychar_ques_gender2"
ques_rla2,String,50,,Recommended,"Right handed(R), left handed (L) or ambidextrous (A) -Sibling 2","R;L;A;NA",,"","Questions","S2RLA,Charge_familychar_ques_rla2"
ques_edu2,String,50,,Recommended,"Eligible for special education - Sibling 2","Y;N;NA",,"","Questions","S2EDU,Charge_familychar_ques_edu2"
ques_eduage2,Integer,0,,Recommended,"Age when identified as eligible for special education -Sibling 2(in months)","0 to 1200",,"","Questions","S2EAGE,Charge_familychar_ques_eduage2"
ques_grader2,String,50,,Recommended,"Repeated a grade in school -Sibling 2","Y;N;NA",,"","Questions","S2GRADE,Charge_familychar_ques_grader2"
ques_gradeapp2,String,50,,Recommended,"What grade if applicable -Sibling 2","",,"","Questions","S2GAPP,Charge_familychar_ques_gradeapp2"
ques_gradal2,String,50,,Recommended,"Last grade completed -Sibling 2","",,"","Questions","S2GLAST,Charge_familychar_ques_gradal2"
ques_readdif2,String,50,,Recommended,"Had difficulty learning to read -Sibling 2","Y;N;NA",,"","Questions","S2RDIF,Charge_familychar_ques_readdif2"
ques_mathdif2,String,50,,Recommended,"Had or has difficulty learning arithmetic or math -Sibling 2","Y;N;NA",,"","Questions","S2MDIF,Charge_familychar_ques_mathdif2"
ques_therapy2,String,50,,Recommended,"Received speech therapy in school -Sibling 2","Y;N;NA",,"","Questions","S2THRPY,Charge_familychar_ques_therapy2"
ques_therapyage2,Integer,0,,Recommended,"What age-Sibling 2(in months)","0 to 1200",,"","Questions","S2TAGE,Charge_familychar_ques_therapyage2"
ques_therapygrade2,String,50,,Recommended,"What grade -Sibling 2","",,"","Questions","S2TGRAD,Charge_familychar_ques_therapygrade2"
ques_learndis2,String,50,,Recommended,"Had or has a learning disability -Sibling 2","Y;N;NA",,"","Questions","S2LDIS,Charge_familychar_ques_learndis2"
ques_langdelay2,String,50,,Recommended,"Had or has a speech or language delay or impairment -Sibling 2","Y;N;NA",,"","Questions","S2SPDL,Charge_familychar_ques_langdelay2"
ques_devdelay2,String,50,,Recommended,"Had or has a developmental delay -Sibling 2","Y;N;NA",,"","Questions","S2DEVDL,Charge_familychar_ques_devdelay2"
ques_subrel3,String,50,,Recommended,"Relationship to child with autism? (Full, Half-Maternal, Half-Paternal)? -Sibling 3","Full;Half-Maternal;Half-Paternal",,"","Questions","S3RELAT,Charge_familychar_ques_subrel3"
ques_sub3,String,50,,Recommended,"Subject ID(NDAR ID) -Sibling 3","",,"","Questions","Charge_familychar_ques_sub3"
ques_age3,Integer,0,,Recommended,"Age -Sibling 3(in months)","0 to 1200",,"","Questions","S3AGE,Charge_familychar_ques_age3"
ques_gender3,String,50,,Recommended,"Gender -Sibling 3","M;F",,"","Questions","S3GEND,Charge_familychar_ques_gender3"
ques_rla3,String,50,,Recommended,"Right handed(R), left handed (L) or ambidextrous (A) -Sibling 3","R;L;A;NA",,"","Questions","S3RLA,Charge_familychar_ques_rla3"
ques_edu3,String,50,,Recommended,"Eligible for special education - Sibling 3","Y;N;NA",,"","Questions","S3EDU,Charge_familychar_ques_edu3"
ques_eduage3,Integer,0,,Recommended,"Age when identified as eligible for special education -Sibling 3(in months)","0 to 1200",,"","Questions","S3EAGE,Charge_familychar_ques_eduage3"
ques_grader3,String,50,,Recommended,"Repeated a grade in school -Sibling 3","Y;N;NA",,"","Questions","S3GRADE,Charge_familychar_ques_grader3"
ques_gradeapp3,String,50,,Recommended,"What grade if applicable -Sibling 3","",,"","Questions","S3GAPP,Charge_familychar_ques_gradeapp3"
ques_gradal3,String,50,,Recommended,"Last grade completed -Sibling 3","",,"","Questions","S3GLAST,Charge_familychar_ques_gradal3"
ques_readdif3,String,50,,Recommended,"Had difficulty learning to read -Sibling 3","Y;N;NA",,"","Questions","S3RDIF,Charge_familychar_ques_readdif3"
ques_mathdif3,String,50,,Recommended,"Had or has difficulty learning arithmetic or math -Sibling 3","Y;N;NA",,"","Questions","S3MDIF,Charge_familychar_ques_mathdif3"
ques_therapy3,String,50,,Recommended,"Received speech therapy in school -Sibling 3","Y;N;NA",,"","Questions","S3THRPY,Charge_familychar_ques_therapy3"
ques_therapyage3,Integer,0,,Recommended,"What age -Sibling 3(in months)","0 to 1200",,"","Questions","S3TAGE,Charge_familychar_ques_therapyage3"
ques_therapygrade3,String,50,,Recommended,"What grade -Sibling 3","",,"","Questions","S3TGRAD,Charge_familychar_ques_therapygrade3"
ques_learndis3,String,50,,Recommended,"Had or has a learning disability -Sibling 3","Y;N;NA",,"","Questions","S3LDIS,Charge_familychar_ques_learndis3"
ques_langdelay3,String,50,,Recommended,"Had or has a speech or language delay or impairment -Sibling 3","Y;N;NA",,"","Questions","S3SPDL,Charge_familychar_ques_langdelay3"
ques_devdelay3,String,50,,Recommended,"Had or has a developmental delay -Sibling 3","Y;N;NA",,"","Questions","S3DEVDL,Charge_familychar_ques_devdelay3"
ques_subrel4,String,50,,Recommended,"Relationship to child with autism? (Full, Half-Maternal, Half-Paternal)? -Sibling 4","Full;Half-Maternal;Half-Paternal",,"","Questions","S4RELAT,Charge_familychar_ques_subrel4"
ques_sub4,String,50,,Recommended,"Subject ID(NDAR ID) -Sibling 4","",,"","Questions","Charge_familychar_ques_sub4"
ques_age4,Integer,0,,Recommended,"Age -Sibling 4(in months)","0 to 1200",,"","Questions","S4AGE,Charge_familychar_ques_age4"
ques_gender4,String,50,,Recommended,"Gender -Sibling 4","M;F",,"","Questions","S4GEND,Charge_familychar_ques_gender4"
ques_rla4,String,50,,Recommended,"Right handed(R), left handed (L) or ambidextrous (A) -Sibling 4","R;L;A;NA",,"","Questions","S4RLA,Charge_familychar_ques_rla4"
ques_edu4,String,50,,Recommended,"Eligible for special education - Sibling 4","Y;N;NA",,"","Questions","S4EDU,Charge_familychar_ques_edu4"
ques_eduage4,Integer,0,,Recommended,"Age when identified as eligible for special education -Sibling 4(in months)","0 to 1200",,"","Questions","S4EAGE,Charge_familychar_ques_eduage4"
ques_grader4,String,50,,Recommended,"Repeated a grade in school -Sibling 4","Y;N;NA",,"","Questions","S4GRADE,Charge_familychar_ques_grader4"
ques_gradeapp4,String,50,,Recommended,"What grade if applicable -Sibling 4","",,"","Questions","S4GAPP,Charge_familychar_ques_gradeapp4"
ques_gradal4,String,50,,Recommended,"Last grade completed -Sibling 4","",,"","Questions","S4GLAST,Charge_familychar_ques_gradal4"
ques_readdif4,String,50,,Recommended,"Had difficulty learning to read -Sibling 4","Y;N;NA",,"","Questions","S4RDIF,Charge_familychar_ques_readdif4"
ques_mathdif4,String,50,,Recommended,"Had or has difficulty learning arithmetic or math -Sibling 4","Y;N;NA",,"","Questions","S4MDIF,Charge_familychar_ques_mathdif4"
ques_therapy4,String,50,,Recommended,"Received speech therapy in school -Sibling 4","Y;N;NA",,"","Questions","S4THRPY,Charge_familychar_ques_therapy4"
ques_therapyage4,Integer,0,,Recommended,"What age -Sibling 4(in months)","0 to 1200",,"","Questions","S4TAGE,Charge_familychar_ques_therapyage4"
ques_therapygrade4,String,50,,Recommended,"What grade -Sibling 4","",,"","Questions","S4TGRAD,Charge_familychar_ques_therapygrade4"
ques_learndis4,String,50,,Recommended,"Had or has a learning disability -Sibling 4","Y;N;NA",,"","Questions","S4LDIS,Charge_familychar_ques_learndis4"
ques_langdelay4,String,50,,Recommended,"Had or has a speech or language delay or impairment -Sibling 4","Y;N;NA",,"","Questions","S4SPDL,Charge_familychar_ques_langdelay4"
ques_devdelay4,String,50,,Recommended,"Had or has a developmental delay -Sibling 4","Y;N;NA",,"","Questions","S4DEVDL,Charge_familychar_ques_devdelay4"
ques_subrel5,String,50,,Recommended,"Relationship to child with autism? (Full, Half-Maternal, Half-Paternal)? -Sibling 5","Full;Half-Maternal;Half-Paternal",,"","Questions","S5RELAT,Charge_familychar_ques_subrel5"
ques_sub5,String,50,,Recommended,"Subject ID(NDAR ID) -Sibling 5","",,"","Questions","Charge_familychar_ques_sub5"
ques_age5,Integer,0,,Recommended,"Age -Sibling 5(in months)","0 to 1200",,"","Questions","S5AGE,Charge_familychar_ques_age5"
ques_gender5,String,50,,Recommended,"Gender -Sibling 5","M;F",,"","Questions","S5GEND,Charge_familychar_ques_gender5"
ques_rla5,String,50,,Recommended,"Right handed(R), left handed (L) or ambidextrous (A) -Sibling 5","R;L;A;NA",,"","Questions","S5RLA,Charge_familychar_ques_rla5"
ques_edu5,String,50,,Recommended,"Eligible for special education - Sibling 5","Y;N;NA",,"","Questions","S5EDU,Charge_familychar_ques_edu5"
ques_eduage5,Integer,0,,Recommended,"Age when identified as eligible for special education -Sibling 5(in months)","0 to 1200",,"","Questions","S5EAGE,Charge_familychar_ques_eduage5"
ques_grader5,String,50,,Recommended,"Repeated a grade in school -Sibling 5","Y;N;NA",,"","Questions","S5GRADE,Charge_familychar_ques_grader5"
ques_gradeapp5,String,50,,Recommended,"What grade if applicable -Sibling 5","",,"","Questions","S5GAPP,Charge_familychar_ques_gradeapp5"
ques_gradal5,String,50,,Recommended,"Last grade completed -Sibling 5","",,"","Questions","S5GLAST,Charge_familychar_ques_gradal5"
ques_readdif5,String,50,,Recommended,"Had difficulty learning to read -Sibling 5","Y;N;NA",,"","Questions","S5RDIF,Charge_familychar_ques_readdif5"
ques_mathdif5,String,50,,Recommended,"Had or has difficulty learning arithmetic or math -Sibling 5","Y;N;NA",,"","Questions","S5MDIF,Charge_familychar_ques_mathdif5"
ques_therapy5,String,50,,Recommended,"Received speech therapy in school -Sibling 5","Y;N;NA",,"","Questions","S5THRPY,Charge_familychar_ques_therapy5"
ques_therapyage5,Integer,0,,Recommended,"What age -Sibling 5(in months)","0 to 1200",,"","Questions","S5TAGE,Charge_familychar_ques_therapyage5"
ques_therapygrade5,String,50,,Recommended,"What grade -Sibling 5","",,"","Questions","S5TGRAD,Charge_familychar_ques_therapygrade5"
ques_learndis5,String,50,,Recommended,"Had or has a learning disability -Sibling 5","Y;N;NA",,"","Questions","S5LDIS,Charge_familychar_ques_learndis5"
ques_langdelay5,String,50,,Recommended,"Had or has a speech or language delay or impairment -Sibling 5","Y;N;NA",,"","Questions","S5SPDL,Charge_familychar_ques_langdelay5"
ques_devdelay5,String,50,,Recommended,"Had or has a developmental delay -Sibling 5","Y;N;NA",,"","Questions","S5DEVDL,Charge_familychar_ques_devdelay5"
ques_bm,String,50,,Required,"Subject ID(NDAR ID) -Biological Mother","",,"","Questions","Charge_familychar_ques_bm"
ques_agebm,Integer,0,,Required,"Age -Biological Mother(in months)","0 to 1200",,"","Questions","BMAGE,Charge_familychar_ques_agebm"
ques_genderbm,String,50,,Required,"Gender -Biological Mother","M;F",,"","Questions","BMGEND,Charge_familychar_ques_genderbm"
ques_rlabm,String,50,,Recommended,"Right handed(R), left handed (L) or ambidextrous (A) -Biological Mother","R;L;A;NA",,"","Questions","BMRLA,Charge_familychar_ques_rlabm"
ques_edubm,String,50,,Recommended,"Eligible for special education - Biological Mother","Y;N;NA",,"","Questions","BMEDU,Charge_familychar_ques_edubm"
ques_eduagebm,Integer,0,,Recommended,"Age when identified as eligible for special education -Biological Mother(in months)","0 to 1200",,"","Questions","BMEAGE,Charge_familychar_ques_eduagebm"
ques_graderbm,String,50,,Recommended,"Repeated a grade in school -Biological Mother","Y;N;NA",,"","Questions","BMGRADE,Charge_familychar_ques_graderbm"
ques_gradeappbm,String,50,,Recommended,"What grade if applicable -Biological Mother","",,"","Questions","BMGAPP,Charge_familychar_ques_gradeappbm"
ques_gradalbm,String,50,,Recommended,"Last grade completed -Biological Mother","",,"","Questions","BMGLAST,Charge_familychar_ques_gradalbm"
ques_readdifbm,String,50,,Recommended,"Had difficulty learning to read -Biological Mother","Y;N;NA",,"","Questions","BMRDIF,Charge_familychar_ques_readdifbm"
ques_mathdifbm,String,50,,Recommended,"Had or has difficulty learning arithmetic or math -Biological Mother","Y;N;NA",,"","Questions","BMMDIF,Charge_familychar_ques_mathdifbm"
ques_therapybm,String,50,,Recommended,"Received speech therapy in school -Biological Mother","Y;N;NA",,"","Questions","BMTHRPY,Charge_familychar_ques_therapybm"
ques_therapyagebm,Integer,0,,Recommended,"What age -Biological Mother(in months)","0 to 1200",,"","Questions","BMTAGE,Charge_familychar_ques_therapyagebm"
ques_therapygradebm,String,50,,Recommended,"What grade -Biological Mother","",,"","Questions","BMTGRAD,Charge_familychar_ques_therapygradebm"
ques_learndisbm,String,50,,Recommended,"Had or has a learning disability -Biological Mother","Y;N;NA",,"","Questions","BMLDIS,Charge_familychar_ques_learndisbm"
ques_langdelaybm,String,50,,Recommended,"Had or has a speech or language delay or impairment -Biological Mother","Y;N;NA",,"","Questions","BMSPDL,Charge_familychar_ques_langdelaybm"
ques_devdelaybm,String,50,,Recommended,"Had or has a developmental delay -Biological Mother","Y;N;NA",,"","Questions","BMDEVDL,Charge_familychar_ques_devdelaybm"
ques_bf,String,50,,Required,"Subject ID(NDAR ID) -Biological Father","",,"","Questions","Charge_familychar_ques_bf"
ques_agebf,Integer,0,,Required,"Age -Biological Father(in months)","0 to 1200",,"","Questions","BFAGE,Charge_familychar_ques_agebf"
ques_genderbf,String,50,,Required,"Gender -Biological Father","M;F",,"","Questions","BFGEND,Charge_familychar_ques_genderbf"
ques_rlabf,String,50,,Recommended,"Right handed(R), left handed (L) or ambidextrous (A) -Biological Father","R;L;A;NA",,"","Questions","BFRLA,Charge_familychar_ques_rlabf"
ques_edubf,String,50,,Recommended,"Eligible for special education - Biological Father","Y;N;NA",,"","Questions","BFEDU,Charge_familychar_ques_edubf"
ques_eduagebf,Integer,0,,Recommended,"Age when identified as eligible for special education -Biological Father(in months)","0 to 1200",,"","Questions","BFEAGE,Charge_familychar_ques_eduagebf"
ques_graderbf,String,50,,Recommended,"Repeated a grade in school -Biological Father","Y;N;NA",,"","Questions","BFGRADE,Charge_familychar_ques_graderbf"
ques_gradeappbf,String,50,,Recommended,"What grade if applicable -Biological Father","",,"","Questions","BFGAPP,Charge_familychar_ques_gradeappbf"
ques_gradalbf,String,50,,Recommended,"Last grade completed -Biological Father","",,"","Questions","BFGLAST,Charge_familychar_ques_gradalbf"
ques_readdifbf,String,50,,Recommended,"Had difficulty learning to read -Biological Father","Y;N;NA",,"","Questions","BFRDIF,Charge_familychar_ques_readdifbf"
ques_mathdifbf,String,50,,Recommended,"Had or has difficulty learning arithmetic or math -Biological Father","Y;N;NA",,"","Questions","BFMDIF,Charge_familychar_ques_mathdifbf"
ques_therapybf,String,50,,Recommended,"Received speech therapy in school -Biological Father","Y;N;NA",,"","Questions","BFTHRPY,Charge_familychar_ques_therapybf"
ques_therapyagebf,Integer,0,,Recommended,"What age -Biological Father(in months)","0 to 1200",,"","Questions","BFTAGE,Charge_familychar_ques_therapyagebf"
ques_therapygradebf,String,50,,Recommended,"What grade -Biological Father","",,"","Questions","BFTGRAD,Charge_familychar_ques_therapygradebf"
ques_learndisbf,String,50,,Recommended,"Had or has a learning disability -Biological Father","Y;N;NA",,"","Questions","BFLDIS,Charge_familychar_ques_learndisbf"
ques_langdelaybf,String,50,,Recommended,"Had or has a speech or language delay or impairment -Biological Father","Y;N;NA",,"","Questions","BFSPDL,Charge_familychar_ques_langdelaybf"
ques_devdelaybf,String,50,,Recommended,"Had or has a developmental delay -Biological Father","Y;N;NA",,"","Questions","BFDEVDL,Charge_familychar_ques_devdelaybf"
ques_subnotes,String,255,,Optional,"Subject -Notes","",,"","Questions","Charge_familychar_ques_subnotes"
ques_agenotes,String,255,,Optional,"Age -Notes","",,"","Questions","Charge_familychar_ques_agenotes"
ques_gendernotes,String,255,,Optional,"Gender -Notes","",,"","Questions","Charge_familychar_ques_gendernotes"
ques_rlanotes,String,255,,Optional,"Right handed(R), left handed (L) or ambidextrous (A) -Notes","",,"","Questions","Charge_familychar_ques_rlanotes"
ques_edunotes,String,255,,Optional,"Eligible for special education - Notes","",,"","Questions","Charge_familychar_ques_edunotes"
ques_eduagenotes,String,255,,Optional,"Age when identified as eligible for special education -Notes","",,"","Questions","Charge_familychar_ques_eduagenotes"
ques_gradernotes,String,255,,Optional,"Repeated a grade in school -Notes","",,"","Questions","Charge_familychar_ques_gradernotes"
ques_gradeappnotes,String,255,,Optional,"What grade if applicable -Notes","",,"","Questions","Charge_familychar_ques_gradeappnotes"
ques_gradalnotes,String,255,,Optional,"Last grade completed -Notes","",,"","Questions","Charge_familychar_ques_gradalnotes"
ques_readdifnotes,String,255,,Optional,"Had difficulty learning to read -Notes","",,"","Questions","Charge_familychar_ques_readdifnotes"
ques_mathdifnotes,String,255,,Optional,"Had or has difficulty learning arithmetic or math -Notes","",,"","Questions","Charge_familychar_ques_mathdifnotes"
ques_therapynotes,String,255,,Optional,"Received speech therapy in school -Notes","",,"","Questions","Charge_familychar_ques_therapynotes"
ques_therapyagenotes,String,255,,Optional,"What age -Notes","",,"","Questions","Charge_familychar_ques_therapyagenotes"
ques_therapygradenotes,String,255,,Optional,"What grade -Notes","",,"","Questions","Charge_familychar_ques_therapygradenotes"
ques_learndisnotes,String,255,,Optional,"Had or has a learning disability -Notes","",,"","Questions","Charge_familychar_ques_learndisnotes"
ques_langdelaynotes,String,255,,Optional,"Had or has a speech or language delay or impairment -Notes","",,"","Questions","Charge_familychar_ques_langdelaynotes"
ques_devdelaynotes,String,255,,Optional,"Had or has a developmental delay - Notes","",,"","Questions","Charge_familychar_ques_devdelaynotes"
ques_subrel6,String,50,,Recommended,"Relationship to child with autism? (Full, Half-Maternal, Half-Paternal)? -Sibling 6","Full;Half-Maternal;Half-Paternal",,"","Questions","S6RELAT,Charge_familychar_ques_subrel6"
ques_sub6,String,50,,Recommended,"Subject ID(NDAR ID) -Sibling 6","",,"","Questions","Charge_familychar_ques_sub6"
ques_age6,Integer,0,,Recommended,"Age -Sibling 6(in months)","0 to 1200",,"","Questions","S6AGE,Charge_familychar_ques_age6"
ques_gender6,String,50,,Recommended,"Gender -Sibling 6","M;F",,"","Questions","S6GEND,Charge_familychar_ques_gender6"
ques_rla6,String,50,,Recommended,"Right handed(R), left handed (L) or ambidextrous (A) -Sibling 6","R;L;A;NA",,"","Questions","S6RLA,Charge_familychar_ques_rla6"
ques_edu6,String,50,,Recommended,"Eligible for special education - Sibling 6","Y;N;NA",,"","Questions","S6EDU,Charge_familychar_ques_edu6"
ques_eduage6,Integer,0,,Recommended,"Age when identified as eligible for special education -Sibling 6(in months)","0 to 1200",,"","Questions","S6EAGE,Charge_familychar_ques_eduage6"
ques_grader6,String,50,,Recommended,"Repeated a grade in school -Sibling 6","Y;N;NA",,"","Questions","S6GRADE,Charge_familychar_ques_grader6"
ques_gradeapp6,String,50,,Recommended,"What grade if applicable -Sibling 6","",,"","Questions","S6GAPP,Charge_familychar_ques_gradeapp6"
ques_gradal6,String,50,,Recommended,"Last grade completed -Sibling 6","",,"","Questions","S6GLAST,Charge_familychar_ques_gradal6"
ques_readdif6,String,50,,Recommended,"Had difficulty learning to read -Sibling 6","Y;N;NA",,"","Questions","S6RDIF,Charge_familychar_ques_readdif6"
ques_mathdif6,String,50,,Recommended,"Had or has difficulty learning arithmetic or math -Sibling 6","Y;N;NA",,"","Questions","S6MDIF,Charge_familychar_ques_mathdif6"
ques_therapy6,String,50,,Recommended,"Received speech therapy in school -Sibling 6","Y;N;NA",,"","Questions","S6THRPY,Charge_familychar_ques_therapy6"
ques_therapyage6,Integer,0,,Recommended,"What age -Sibling 6(in months)","0 to 1200",,"","Questions","S6TAGE,Charge_familychar_ques_therapyage6"
ques_therapygrade6,String,50,,Recommended,"What grade -Sibling 6","",,"","Questions","S6TGRAD,Charge_familychar_ques_therapygrade6"
ques_learndis6,String,50,,Recommended,"Had or has a learning disability -Sibling 6","Y;N;NA",,"","Questions","S6LDIS,Charge_familychar_ques_learndis6"
ques_langdelay6,String,50,,Recommended,"Had or has a speech or language delay or impairment -Sibling 6","Y;N;NA",,"","Questions","S6SPDL,Charge_familychar_ques_langdelay6"
ques_devdelay6,String,50,,Recommended,"Had or has a developmental delay -Sibling 6","Y;N;NA",,"","Questions","S6DEVDL,Charge_familychar_ques_devdelay6"
ques_subrel7,String,50,,Recommended,"Relationship to child with autism? (Full, Half-Maternal, Half-Paternal)? -Sibling 7","Full;Half-Maternal;Half-Paternal",,"","Questions","S7RELAT,Charge_familychar_ques_subrel7"
ques_sub7,String,50,,Recommended,"Subject ID(NDAR ID) -Sibling 7","",,"","Questions","Charge_familychar_ques_sub7"
ques_age7,Integer,0,,Recommended,"Age -Sibling 7(in months)","0 to 1200",,"","Questions","S7AGE,Charge_familychar_ques_age7"
ques_gender7,String,50,,Recommended,"Gender -Sibling 7","M;F",,"","Questions","S7GEND,Charge_familychar_ques_gender7"
ques_rla7,String,50,,Recommended,"Right handed(R), left handed (L) or ambidextrous (A) -Sibling 7","R;L;A;NA",,"","Questions","S7RLA,Charge_familychar_ques_rla7"
ques_edu7,String,50,,Recommended,"Eligible for special education - Sibling 7","Y;N;NA",,"","Questions","S7EDU,Charge_familychar_ques_edu7"
ques_eduage7,Integer,0,,Recommended,"Age when identified as eligible for special education -Sibling 7(in months)","0 to 1200",,"","Questions","S7EAGE,Charge_familychar_ques_eduage7"
ques_grader7,String,50,,Recommended,"Repeated a grade in school -Sibling 7","Y;N;NA",,"","Questions","S7GRADE,Charge_familychar_ques_grader7"
ques_gradeapp7,String,50,,Recommended,"What grade if applicable -Sibling 7","",,"","Questions","S7GAPP,Charge_familychar_ques_gradeapp7"
ques_gradal7,String,50,,Recommended,"Last grade completed -Sibling 7","",,"","Questions","S7GLAST,Charge_familychar_ques_gradal7"
ques_readdif7,String,50,,Recommended,"Had difficulty learning to read -Sibling 7","Y;N;NA",,"","Questions","S7RDIF,Charge_familychar_ques_readdif7"
ques_mathdif7,String,50,,Recommended,"Had or has difficulty learning arithmetic or math -Sibling 7","Y;N;NA",,"","Questions","S7MDIF,Charge_familychar_ques_mathdif7"
ques_therapy7,String,50,,Recommended,"Received speech therapy in school -Sibling 7","Y;N;NA",,"","Questions","S7THRPY,Charge_familychar_ques_therapy7"
ques_therapyage7,Integer,0,,Recommended,"What age -Sibling 7(in months)","0 to 1200",,"","Questions","S7TAGE,Charge_familychar_ques_therapyage7"
ques_therapygrade7,String,50,,Recommended,"What grade -Sibling 7","",,"","Questions","S7TGRAD,Charge_familychar_ques_therapygrade7"
ques_learndis7,String,50,,Recommended,"Had or has a learning disability -Sibling 7","Y;N;NA",,"","Questions","S7LDIS,Charge_familychar_ques_learndis7"
ques_langdelay7,String,50,,Recommended,"Had or has a speech or language delay or impairment -Sibling 7","Y;N;NA",,"","Questions","S7SPDL,Charge_familychar_ques_langdelay7"
ques_devdelay7,String,50,,Recommended,"Had or has a developmental delay -Sibling 7","Y;N;NA",,"","Questions","S7DEVDL,Charge_familychar_ques_devdelay7"
ques_subrel8,String,50,,Recommended,"Relationship to child with autism? (Full, Half-Maternal, Half-Paternal)? -Sibling 8","Full;Half-Maternal;Half-Paternal",,"","Questions","S8RELAT,Charge_familychar_ques_subrel8"
ques_sub8,String,50,,Recommended,"Subject ID(NDAR ID) -Sibling 8","",,"","Questions","Charge_familychar_ques_sub8"
ques_age8,Integer,0,,Recommended,"Age -Sibling 8(in months)","0 to 1200",,"","Questions","S8AGE,Charge_familychar_ques_age8"
ques_gender8,String,50,,Recommended,"Gender -Sibling 8","M;F",,"","Questions","S8GEND,Charge_familychar_ques_gender8"
ques_rla8,String,50,,Recommended,"Right handed(R), left handed (L) or ambidextrous (A) -Sibling 8","R;L;A;NA",,"","Questions","S8RLA,Charge_familychar_ques_rla8"
ques_edu8,String,50,,Recommended,"Eligible for special education - Sibling 8","Y;N;NA",,"","Questions","S8EDU,Charge_familychar_ques_edu8"
ques_eduage8,Integer,0,,Recommended,"Age when identified as eligible for special education -Sibling 8(in months)","0 to 1200",,"","Questions","S8EAGE,Charge_familychar_ques_eduage8"
ques_grader8,String,50,,Recommended,"Repeated a grade in school -Sibling 8","Y;N;NA",,"","Questions","S8GRADE,Charge_familychar_ques_grader8"
ques_gradeapp8,String,50,,Recommended,"What grade if applicable -Sibling 8","",,"","Questions","S8GAPP,Charge_familychar_ques_gradeapp8"
ques_gradal8,String,50,,Recommended,"Last grade completed -Sibling 8","",,"","Questions","S8GLAST,Charge_familychar_ques_gradal8"
ques_readdif8,String,50,,Recommended,"Had difficulty learning to read -Sibling 8","Y;N;NA",,"","Questions","S8RDIF,Charge_familychar_ques_readdif8"
ques_mathdif8,String,50,,Recommended,"Had or has difficulty learning arithmetic or math -Sibling 8","Y;N;NA",,"","Questions","S8MDIF,Charge_familychar_ques_mathdif8"
ques_therapy8,String,50,,Recommended,"Received speech therapy in school -Sibling 8","Y;N;NA",,"","Questions","S8THRPY,Charge_familychar_ques_therapy8"
ques_therapyage8,Integer,0,,Recommended,"What age -Sibling 8(in months)","0 to 1200",,"","Questions","S8TAGE,Charge_familychar_ques_therapyage8"
ques_therapygrade8,String,50,,Recommended,"What grade -Sibling 8","",,"","Questions","S8TGRAD,Charge_familychar_ques_therapygrade8"
ques_learndis8,String,50,,Recommended,"Had or has a learning disability -Sibling 8","Y;N;NA",,"","Questions","S8LDIS,Charge_familychar_ques_learndis8"
ques_langdelay8,String,50,,Recommended,"Had or has a speech or language delay or impairment -Sibling 8","Y;N;NA",,"","Questions","S8SPDL,Charge_familychar_ques_langdelay8"
ques_devdelay8,String,50,,Recommended,"Had or has a developmental delay -Sibling 8","Y;N;NA",,"","Questions","S8DEVDL,Charge_familychar_ques_devdelay8"
ques_subrel9,String,50,,Recommended,"Relationship to child with autism? (Full, Half-Maternal, Half-Paternal)? -Sibling 9","Full;Half-Maternal;Half-Paternal",,"","Questions","S9RELAT,Charge_familychar_ques_subrel9"
ques_sub9,String,50,,Recommended,"Subject ID(NDAR ID) -Sibling 9","",,"","Questions","Charge_familychar_ques_sub9"
ques_age9,Integer,0,,Recommended,"Age -Sibling 9(in months)","0 to 1200",,"","Questions","S9AGE,Charge_familychar_ques_age9"
ques_gender9,String,50,,Recommended,"Gender -Sibling 9","M;F",,"","Questions","S9GEND,Charge_familychar_ques_gender9"
ques_rla9,String,50,,Recommended,"Right handed(R), left handed (L) or ambidextrous (A) -Sibling 9","R;L;A;NA",,"","Questions","S9RLA,Charge_familychar_ques_rla9"
ques_edu9,String,50,,Recommended,"Eligible for special education - Sibling 9","Y;N;NA",,"","Questions","S9EDU,Charge_familychar_ques_edu9"
ques_eduage9,Integer,0,,Recommended,"Age when identified as eligible for special education -Sibling 9(in months)","0 to 1200",,"","Questions","S9EAGE,Charge_familychar_ques_eduage9"
ques_grader9,String,50,,Recommended,"Repeated a grade in school -Sibling 9","Y;N;NA",,"","Questions","S9GRADE,Charge_familychar_ques_grader9"
ques_gradeapp9,String,50,,Recommended,"What grade if applicable -Sibling 9","",,"","Questions","S9GAPP,Charge_familychar_ques_gradeapp9"
ques_gradal9,String,50,,Recommended,"Last grade completed -Sibling 9","",,"","Questions","S9GLAST,Charge_familychar_ques_gradal9"
ques_readdif9,String,50,,Recommended,"Had difficulty learning to read -Sibling 9","Y;N;NA",,"","Questions","S9RDIF,Charge_familychar_ques_readdif9"
ques_mathdif9,String,50,,Recommended,"Had or has difficulty learning arithmetic or math -Sibling 9","Y;N;NA",,"","Questions","S9MDIF,Charge_familychar_ques_mathdif9"
ques_therapy9,String,50,,Recommended,"Received speech therapy in school -Sibling 9","Y;N;NA",,"","Questions","S9THRPY,Charge_familychar_ques_therapy9"
ques_therapyage9,Integer,0,,Recommended,"What age -Sibling 9(in months)","0 to 1200",,"","Questions","S9TAGE,Charge_familychar_ques_therapyage9"
ques_therapygrade9,String,50,,Recommended,"What grade -Sibling 9","",,"","Questions","S9TGRAD,Charge_familychar_ques_therapygrade9"
ques_learndis9,String,50,,Recommended,"Had or has a learning disability -Sibling 9","Y;N;NA",,"","Questions","S9LDIS,Charge_familychar_ques_learndis9"
ques_langdelay9,String,50,,Recommended,"Had or has a speech or language delay or impairment -Sibling 9","Y;N;NA",,"","Questions","S9SPDLY,Charge_familychar_ques_langdelay9"
ques_devdelay9,String,50,,Recommended,"Had or has a developmental delay -Sibling 9","Y;N;NA",,"","Questions","S9DEVDL,Charge_familychar_ques_devdelay9"
ques_subrel10,String,50,,Recommended,"Relationship to child with autism? (Full, Half-Maternal, Half-Paternal)? -Sibling 10","Full;Half-Maternal;Half-Paternal",,"","Questions","S10RELAT,Charge_familychar_ques_subrel10"
ques_sub10,String,50,,Recommended,"Subject ID(NDAR ID) -Sibling 10","",,"","Questions","Charge_familychar_ques_sub10"
ques_age10,Integer,0,,Recommended,"Age -Sibling 10(in months)","0 to 1200",,"","Questions","S10AGE,Charge_familychar_ques_age10"
ques_gender10,String,50,,Recommended,"Gender -Sibling 10","M;F",,"","Questions","S10GEND,Charge_familychar_ques_gender10"
ques_rla10,String,50,,Recommended,"Right handed(R), left handed (L) or ambidextrous (A) -Sibling 10","R;L;A;NA",,"","Questions","S10RLA,Charge_familychar_ques_rla10"
ques_edu10,String,50,,Recommended,"Eligible for special education - Sibling 10","Y;N;NA",,"","Questions","S10EDU,Charge_familychar_ques_edu10"
ques_eduage10,Integer,0,,Recommended,"Age when identified as eligible for special education -Sibling 10(in months)","0 to 1200",,"","Questions","S10EAGE,Charge_familychar_ques_eduage10"
ques_grader10,String,50,,Recommended,"Repeated a grade in school -Sibling 10","Y;N;NA",,"","Questions","S10GRADE,Charge_familychar_ques_grader10"
ques_gradeapp10,String,50,,Recommended,"What grade if applicable -Sibling 10","",,"","Questions","S10GAPP,Charge_familychar_ques_gradeapp10"
ques_gradal10,String,50,,Recommended,"Last grade completed -Sibling 10","",,"","Questions","S10GLAST,Charge_familychar_ques_gradal10"
ques_readdif10,String,50,,Recommended,"Had difficulty learning to read -Sibling 10","Y;N;NA",,"","Questions","S10RDIF,Charge_familychar_ques_readdif10"
ques_mathdif10,String,50,,Recommended,"Had or has difficulty learning arithmetic or math -Sibling 10","Y;N;NA",,"","Questions","S10MDIF,Charge_familychar_ques_mathdif10"
ques_therapy10,String,50,,Recommended,"Received speech therapy in school -Sibling 10","Y;N;NA",,"","Questions","S10THRPY,Charge_familychar_ques_therapy10"
ques_therapyage10,Integer,0,,Recommended,"What age -Sibling 10(in months)","0 to 1200",,"","Questions","S10TAGE,Charge_familychar_ques_therapyage10"
ques_therapygrade10,String,50,,Recommended,"What grade -Sibling 10","",,"","Questions","S10TGRAD,Charge_familychar_ques_therapygrade10"
ques_learndis10,String,50,,Recommended,"Had or has a learning disability -Sibling 10","Y;N;NA",,"","Questions","S10LDIS,Charge_familychar_ques_learndis10"
ques_langdelay10,String,50,,Recommended,"Had or has a speech or language delay or impairment -Sibling 10","Y;N;NA",,"","Questions","S10SPDL,Charge_familychar_ques_langdelay10"
ques_devdelay10,String,50,,Recommended,"Had or has a developmental delay -Sibling 10","Y;N;NA",,"","Questions","S10DEVDL,Charge_familychar_ques_devdelay10"
