ElementName,DataType,Size,Unit,Required,ElementDescription,ValueRange,Keywords,Notes,Section,Aliases
subjectkey,GUID,0,,Required,"The NDAR Global Unique Identifier (GUID) for subjects which identifies a subject in NDAR","NDAR*",,"","Header",""
src_subject_id,String,20,,Required,"The site's subject identification","",,"","Header",""
interview_date,Date,0,,Required,"Date on which the interview/genetic test/sampling/imaging was completed","MM/yyyy;MM/dd/yyyy",,"* '01/01/1900' indicates that a date associated with retrospective data is not known.","Header",""
interview_age,Integer,0,,Required,"Age in months at the time of the interview/test/sampling/imaging.","0 to 1200",,"Age is rounded to chronological month If the research participant is 13 days old at time of interview  the appropriate value would be 0 months if the participant is 19 days old the value would be 1 month","",""
comments_misc,String,255,,Optional,"Miscellaneous comments on study, interview, methodology relevant to this form data","",,"","Header",""
diag_aofc,Integer,0,,Recommended,"Age of First Concern(in months)","0 to 1200",,"","Diagnostic History","Charge_medicalhist_diag_aofc"
diag_aofcnk,String,50,,Recommended,"Age of First Concern - NK","",,"","Diagnostic History","Charge_medicalhist_diag_aofcnk"
diag_fconcern,String,255,,Recommended,"First Concerns","",,"","Diagnostic History","Charge_medicalhist_diag_fconcern"
diag_diagnosis,String,255,,Required,"Diagnosis","",,"","Diagnostic History","Charge_medicalhist_diag_diagnosis"
diag_ageatdiag,Integer,0,,Recommended,"Age at diagnosis(in months)","0 to 1200",,"","Diagnostic History","Charge_medicalhist_diag_ageatdiag"
diag_ageatdiagnk,String,50,,Recommended,"Age at diagnosis - NK","",,"","Diagnostic History","Charge_medicalhist_diag_ageatdiagnk"
diag_diagnosismadeby,String,50,,Required,"Diagnosis made by","Physician;Psychologist;Other;NK",,"","Diagnostic History","Charge_medicalhist_diag_diagnosismadeby"
postnatal_temp,String,50,,Recommended,"Temperament","Easy;Difficult/Irregular;Passive;NK",,"","Early Postnatal History","Charge_medicalhist_postnatal_temp"
postnatal_eyecontact,String,50,,Recommended,"Eye Contact:","Normal;Difficult to Engage;NK",,"","Early Postnatal History","Charge_medicalhist_postnatal_eyecontact"
postnatal_sleeppattern,String,50,,Recommended,"Sleep Pattern:","Regular/Predictable;Irregular/Unpredictable;NK;",,"","Early Postnatal History","Charge_medicalhist_postnatal_sleeppattern"
postnatal_feedbottle,String,50,,Recommended,"Feeding: Bottle","Yes;No",,"","Early Postnatal History","Charge_medicalhist_postnatal_feedbottle"
postnatal_feedbottleform,String,255,,Recommended,"Feeding: Formula","",,"","Early Postnatal History","Charge_medicalhist_postnatal_feedbottleform"
postnatal_feedbr,String,50,,Recommended,"Feeding: Breast","Yes;No",,"","Early Postnatal History","Charge_medicalhist_postnatal_feedbr"
postnatal_feedbrlngth,Integer,0,,Recommended,"Feeding: Length","",,"","Early Postnatal History","Charge_medicalhist_postnatal_feedbrlngth"
postnatal_wtgainpoor,String,50,,Recommended,"Poor Weight Gain","Yes;No;NK",,"","Early Postnatal History","Charge_medicalhist_postnatal_wtgainpoor"
postnatal_colic,String,50,,Recommended,"Colic/Difficult to Soothe","Yes;No;NK",,"","Early Postnatal History","Charge_medicalhist_postnatal_colic"
develop_grossm,String,50,,Recommended,"Gross Motor:","Early;Average;Late;NK",,"","Developmental History","Charge_medicalhist_develop_grossm"
develop_finem,String,50,,Recommended,"Fine Motor:","Early;Average;Late;NK",,"","Developmental History","Charge_medicalhist_develop_finem"
develop_lang,String,50,,Recommended,"Language","Early;Average;Late;NK",,"","Developmental History","Charge_medicalhist_develop_lang"
develop_social,String,50,,Recommended,"Social","Early;Average;Late;NK",,"","Developmental History","Charge_medicalhist_develop_social"
develop_selfhelp,String,50,,Recommended,"Self-Help","Early;Average;Late;NK",,"","Developmental History","Charge_medicalhist_develop_selfhelp"
develop_regression,String,50,,Recommended,"Developmental Regression:","Yes;No;NK",,"","Developmental History","Charge_medicalhist_develop_regression"
develop_regressionage,Integer,0,,Recommended,"Age(In mnths)","0 to 1200",,"","Developmental History","Charge_medicalhist_develop_regressionage"
develop_regressionskillloss,String,255,,Recommended,"Skills Lost","",,"","Developmental History","Charge_medicalhist_develop_regressionskillloss"
currmed_prescription,String,255,,Recommended,"Prescription (Medication, Dose, Frequency, Reason)","",,"","Current Medications","Charge_medicalhist_currmed_prescription"
currmed_overcounter,String,255,,Recommended,"Over the Counter (Medication, Dose, Frequency, Reason)","",,"","Current Medications","Charge_medicalhist_currmed_overcounter"
currmed_supplement,String,255,,Recommended,"Supplements (Herbal, Vitamin, etc.) (Supplement, Dose, Frequency, Reason)","",,"","Current Medications","Charge_medicalhist_currmed_supplement"
rev_headmicroph,String,50,,Recommended,"Microcephaly","Yes;No;NK",,"","Review of Systems - Head/Brain","Charge_medicalhist_rev_headmicroph"
rev_headmacroph,String,50,,Recommended,"Macrocephaly","Yes;No;NK",,"","Review of Systems - Head/Brain","Charge_medicalhist_rev_headmacroph"
rev_headstructab,String,50,,Recommended,"Structural abnormalities","Yes;No;NK",,"","Review of Systems - Head/Brain","Charge_medicalhist_rev_headstructab"
rev_headstructabdesc,String,255,,Recommended,"Structural abnormalities: Describe","",,"","Review of Systems - Head/Brain","Charge_medicalhist_rev_headstructabdesc"
rev_headmeningitis,String,50,,Recommended,"Meningitis","Yes;No;NK",,"","Review of Systems - Head/Brain","Charge_medicalhist_rev_headmeningitis"
rev_headmeningitisage,Integer,0,,Recommended,"Meningitis: Age(in months)","0 to 1200",,"","Review of Systems - Head/Brain","Charge_medicalhist_rev_headmeningitisage"
rev_headmeningitisorg,String,255,,Recommended,"Meningitis: Organism","",,"","Review of Systems - Head/Brain","Charge_medicalhist_rev_headmeningitisorg"
rev_headencephalitis,String,50,,Recommended,"Encephalitis","Yes;No;NK",,"","Review of Systems - Head/Brain","Charge_medicalhist_rev_headencephalitis"
rev_headencephalitisage,Integer,0,,Recommended,"Encephalitis: Age(in months)","0 to 1200",,"","Review of Systems - Head/Brain","Charge_medicalhist_rev_headencephalitisage"
rev_headencephalitisorg,String,255,,Recommended,"Encephalitis: Organism","",,"","Review of Systems - Head/Brain","Charge_medicalhist_rev_headencephalitisorg"
rev_headfebseiz,String,50,,Recommended,"Febrile Seizures","Yes;No;NK",,"","Review of Systems - Head/Brain","Charge_medicalhist_rev_headfebseiz"
rev_headfebseizages,String,255,,Recommended,"Febrile Seizures: Age(S)","",,"","Review of Systems - Head/Brain","Charge_medicalhist_rev_headfebseizages"
rev_headseizure,String,50,,Recommended,"Seizures","Yes;No;NK",,"","Review of Systems - Head/Brain","Charge_medicalhist_rev_headseizure"
rev_headseizureonset,String,255,,Recommended,"Seizures: Onset","",,"","Review of Systems - Head/Brain","Charge_medicalhist_rev_headseizureonset"
rev_headseizurecontrol,String,50,,Recommended,"Seizures: Controlled","Yes;No;NK",,"","Review of Systems - Head/Brain","Charge_medicalhist_rev_headseizurecontrol"
rev_headeeg,String,50,,Recommended,"EEG","Yes;No;NK",,"","Review of Systems - Head/Brain","Charge_medicalhist_rev_headeeg"
rev_headeegresult,String,255,,Recommended,"EEG: Results","",,"","Review of Systems - Head/Brain","Charge_medicalhist_rev_headeegresult"
rev_headimagestudy,String,50,,Recommended,"Imaging Studies","Yes;No;NK",,"","Review of Systems - Head/Brain","Charge_medicalhist_rev_headimagestudy"
rev_headimagestudytype,String,50,,Recommended,"Imaging Studies: Type","US;CT;MR;PET",,"","Review of Systems - Head/Brain","Charge_medicalhist_rev_headimagestudytype"
rev_headimagestudyresult,String,255,,Recommended,"Imaging Studies: Results","",,"","Review of Systems - Head/Brain","Charge_medicalhist_rev_headimagestudyresult"
rev_headother,String,255,,Optional,"Other/Comments","",,"","Review of Systems - Head/Brain","Charge_medicalhist_rev_headother"
rev_eyeimpair,String,50,,Recommended,"Visual impairments","Yes;No;NK",,"","Review - Eyes","Charge_medicalhist_rev_eyeimpair"
rev_eyestrabismus,String,50,,Recommended,"Strabismus","Yes;No;NK",,"","Review - Eyes","Charge_medicalhist_rev_eyestrabismus"
rev_eyeoter,String,255,,Optional,"Other/Comments:","",,"","Review - Eyes","Charge_medicalhist_rev_eyeoter"
rev_eartest,String,50,,Recommended,"Hearing Testing:","Yes;No;NK",,"","Review of Systems - Ears","Charge_medicalhist_rev_eartest"
rev_eartestages,String,255,,Recommended,"Hearing Testing: Age(S)","",,"","Review of Systems - Ears","Charge_medicalhist_rev_eartestages"
rev_eartestresult,String,50,,Recommended,"Hearing Testing: Result","Normal;Abnormal",,"","Review of Systems - Ears","Charge_medicalhist_rev_eartestresult"
rev_eartestfinding,String,255,,Recommended,"Hearing Testing: Findings","",,"","Review of Systems - Ears","Charge_medicalhist_rev_eartestfinding"
rev_earab,String,50,,Recommended,"Ext. Ear Abnormalities","Yes;No;NK",,"","Review of Systems - Ears","Charge_medicalhist_rev_earab"
rev_earabdesc,String,255,,Recommended,"Ext. Ear Abnormalities: Abnormalities","",,"","Review of Systems - Ears","Charge_medicalhist_rev_earabdesc"
rev_earrecuotitis,String,50,,Recommended,"Recurrent Otitis Media","Yes;No;NK",,"","Review of Systems - Ears","Charge_medicalhist_rev_earrecuotitis"
rev_earrecuotitisyear,Integer,0,,Recommended,"Recurrent Otitis Media: #Year","",,"","Review of Systems - Ears","Charge_medicalhist_rev_earrecuotitisyear"
rev_earrecuotitisage,Integer,0,,Recommended,"Recurrent Otitis Media: Age of Onset(in months)","0 to 1200",,"","Review of Systems - Ears","Charge_medicalhist_rev_earrecuotitisage"
rev_earpetube,String,50,,Recommended,"PE Tubes","Yes;No;NK",,"","Review of Systems - Ears","Charge_medicalhist_rev_earpetube"
rev_earpetubeset,String,255,,Recommended,"PE Tubes: Sets","",,"","Review of Systems - Ears","Charge_medicalhist_rev_earpetubeset"
rev_earother,String,255,,Optional,"Other/Comments","",,"","Review of Systems - Ears","Charge_medicalhist_rev_earother"
rev_nosesmellprob,String,50,,Recommended,"Problems with Smell","Yes;No;NK",,"","Nose","Charge_medicalhist_rev_nosesmellprob"
rev_noseother,String,255,,Optional,"Other/Comments","",,"","Nose","Charge_medicalhist_rev_noseother"
rev_mouthcleftlip,String,50,,Recommended,"Cleft Lip","Yes;No;NK",,"","Review - Mouth","Charge_medicalhist_rev_mouthcleftlip"
rev_mouthcleftpalate,String,50,,Recommended,"Cleft Palate","Yes;No;NK",,"","Review - Mouth","Charge_medicalhist_rev_mouthcleftpalate"
rev_mouthspeechdiff,String,50,,Recommended,"Speech Difficulties","Yes;No;NK",,"","Review - Mouth","Charge_medicalhist_rev_mouthspeechdiff"
rev_mouthnasalreg,String,50,,Recommended,"Nasal Regurgitation","Yes;No;NK",,"","Review - Mouth","Charge_medicalhist_rev_mouthnasalreg"
rev_mouthother,String,255,,Optional,"Other/Comments","",,"","Review - Mouth","Charge_medicalhist_rev_mouthother"
rev_teethneonatal,String,50,,Recommended,"Neonatal Teeth","Yes;No;NK",,"","Review - Teeth","Charge_medicalhist_rev_teethneonatal"
rev_teethdentalab,String,50,,Recommended,"Dental abnormalities","Yes;No;NK",,"","Review - Teeth","Charge_medicalhist_rev_teethdentalab"
rev_teethdentalabdesc,String,255,,Recommended,"Dental abnormalities: Describe","",,"","Review - Teeth","Charge_medicalhist_rev_teethdentalabdesc"
rev_teethdentalabother,String,255,,Optional,"Other/Comments","",,"","Review - Teeth","Charge_medicalhist_rev_teethdentalabother"
rev_neckspinalab,String,50,,Recommended,"Spinal abnormalities","Yes;No;NK",,"","Neck Back","Charge_medicalhist_rev_neckspinalab"
rev_neckother,String,255,,Optional,"Other/Comments","",,"","Neck Back","Charge_medicalhist_rev_neckother"
rev_orthofracture,String,50,,Recommended,"Fractures","Yes;No;NK",,"","Review - Orthopedic","Charge_medicalhist_rev_orthofracture"
rev_orthofractureno,Integer,0,,Recommended,"Fractures: Number","",,"","Review - Orthopedic","Charge_medicalhist_rev_orthofractureno"
rev_orthofractureloc,String,255,,Recommended,"Fractures: Location","",,"","Review - Orthopedic","Charge_medicalhist_rev_orthofractureloc"
rev_orthojointdislocate,String,50,,Recommended,"Joint Dislocation","Yes;No;NK",,"","Review - Orthopedic","Charge_medicalhist_rev_orthojointdislocate"
rev_orthojointdislocatelist,String,255,,Recommended,"Joint Dislocation: Joints","",,"","Review - Orthopedic","Charge_medicalhist_rev_orthojointdislocatelist"
rev_orthoosteomylitis,String,50,,Recommended,"Osteomylitis","Yes;No;NK",,"","Review - Orthopedic","Charge_medicalhist_rev_orthoosteomylitis"
rev_orthoother,String,255,,Optional,"Other/Comments","",,"","Review - Orthopedic","Charge_medicalhist_rev_orthoother"
rev_skinbirthmark,String,50,,Recommended,"Birth Marks","Yes;No;NK",,"","Review - Skin","Charge_medicalhist_rev_skinbirthmark"
rev_skineczema,String,50,,Recommended,"Eczema","Yes;No;NK",,"","Review - Skin","Charge_medicalhist_rev_skineczema"
rev_skinabcesses,String,50,,Recommended,"Skin Infections/Abcesses","Yes;No;NK",,"","Review - Skin","Charge_medicalhist_rev_skinabcesses"
rev_skinabcessesnumtreat,String,255,,Recommended,"Skin Infections/Abcesses: Number/Treatment","",,"","Review - Skin","Charge_medicalhist_rev_skinabcessesnumtreat"
rev_skinother,String,255,,Optional,"Other/Comments","",,"","Review - Skin","Charge_medicalhist_rev_skinother"
rev_pulbreathab,String,50,,Recommended,"Abnormal Breathing","Yes;No;NK",,"","Review - Pulmonary","Charge_medicalhist_rev_pulbreathab"
rev_pulasthma,String,50,,Recommended,"Asthma","Yes;No;NK",,"","Review - Pulmonary","Charge_medicalhist_rev_pulasthma"
rev_pulasthmatrigg,String,255,,Recommended,"Asthma: Triggers","",,"","Review - Pulmonary","Charge_medicalhist_rev_pulasthmatrigg"
rev_pullungmalfunc,String,50,,Recommended,"Lung Malformations","Yes;No;NK",,"","Review - Pulmonary","Charge_medicalhist_rev_pullungmalfunc"
rev_pulpneumoniafreq,String,50,,Recommended,"Frequent Pneumonia","Yes;No;NK",,"","Review - Pulmonary","Charge_medicalhist_rev_pulpneumoniafreq"
rev_pulpneumoniafreqages,String,255,,Recommended,"Frequent Pneumonia: Ages(S)","",,"","Review - Pulmonary","Charge_medicalhist_rev_pulpneumoniafreqages"
rev_pulaspiration,String,50,,Recommended,"Aspiration","Yes;No;NK",,"","Review - Pulmonary","Charge_medicalhist_rev_pulaspiration"
rev_pulother,String,255,,Optional,"Other/Comments","",,"","Review - Pulmonary","Charge_medicalhist_rev_pulother"
rev_cardiomalfunc,String,50,,Recommended,"Cardiac Malformation","Yes;No;NK",,"","Review - Cardiovascular","Charge_medicalhist_rev_cardiomalfunc"
rev_cardiomalfunclesion,String,255,,Recommended,"Cardiac Malformation: Lesion","",,"","Review - Cardiovascular","Charge_medicalhist_rev_cardiomalfunclesion"
rev_cardiocyanosis,String,50,,Recommended,"Cyanosis","Yes;No;NK",,"","Review - Cardiovascular","Charge_medicalhist_rev_cardiocyanosis"
rev_cardioother,String,255,,Optional,"Other/Comments","",,"","Review - Cardiovascular","Charge_medicalhist_rev_cardioother"
rev_gastrodysphagia,String,50,,Recommended,"Dysphagia","Yes;No;NK",,"","Review - Gastrointestinal","Charge_medicalhist_rev_gastrodysphagia"
rev_gastroreflux,String,50,,Recommended,"Reflux","Yes;No;NK",,"","Review - Gastrointestinal","Charge_medicalhist_rev_gastroreflux"
rev_gastrorefluxmed,String,50,,Recommended,"Reflux: Medication Required","Yes;No;NK",,"","Review - Gastrointestinal","Charge_medicalhist_rev_gastrorefluxmed"
rev_gastroother,String,50,,Recommended,"Other feeding difficulties","Yes;No;NK",,"","Review - Gastrointestinal","Charge_medicalhist_rev_gastroother"
rev_gastrohernia,String,50,,Recommended,"Hernia","Yes;No;NK",,"","Review - Gastrointestinal","Charge_medicalhist_rev_gastrohernia"
rev_gastroherniatype,String,255,,Recommended,"Hernia: Type","",,"","Review - Gastrointestinal","Charge_medicalhist_rev_gastroherniatype"
rev_gastroothercom,String,255,,Optional,"Other/comments","",,"","Review - Gastrointestinal","Charge_medicalhist_rev_gastroothercom"
rev_genitorenalmalfunc,String,50,,Recommended,"Renal Malformation","Yes;No;NK",,"","Review - Genito-Urinary","Charge_medicalhist_rev_genitorenalmalfunc"
rev_genitorenalmalfunctype,String,255,,Recommended,"Renal Malformation: Type","",,"","Review - Genito-Urinary","Charge_medicalhist_rev_genitorenalmalfunctype"
rev_genitouti,String,50,,Recommended,"UTI","Yes;No;NK",,"","Review - Genito-Urinary","Charge_medicalhist_rev_genitouti"
rev_genitoutinum,Integer,0,,Recommended,"UTI: Number","",,"","Review - Genito-Urinary","Charge_medicalhist_rev_genitoutinum"
rev_genitourinediscolor,String,50,,Recommended,"Discolored Urine","Yes;No;NK",,"","Review - Genito-Urinary","Charge_medicalhist_rev_genitourinediscolor"
rev_genitourinediscolorage,Integer,0,,Recommended,"Discolored Urine: Age(in months)","0 to 1200",,"","Review - Genito-Urinary","Charge_medicalhist_rev_genitourinediscolorage"
rev_genitourinecolor,String,50,,Recommended,"Discolored Urine: Color","",,"","Review - Genito-Urinary","Charge_medicalhist_rev_genitourinecolor"
rev_genitocryptorchidism,String,50,,Recommended,"Cryptorchidism","Yes;No;NK",,"","Review - Genito-Urinary","Charge_medicalhist_rev_genitocryptorchidism"
rev_genitocryptorchidismtype,String,50,,Recommended,"Cryptorchidism: Type","Left;Right;Bilateral",,"","Review - Genito-Urinary","Charge_medicalhist_rev_genitocryptorchidismtype"
rev_genitoother,String,255,,Optional,"Other/comments","",,"","Review - Genito-Urinary","Charge_medicalhist_rev_genitoother"
rev_endoprecocious,String,50,,Recommended,"Precocious Puberty","Yes;No;NK",,"","Review - Endocrine/Metabolic","Charge_medicalhist_rev_endoprecocious"
rev_endoprecociousage,Integer,0,,Recommended,"Precocious Puberty: Age(in months)","0 to 1200",,"","Review - Endocrine/Metabolic","Charge_medicalhist_rev_endoprecociousage"
rev_endohypothyroidism,String,50,,Recommended,"Hypothyroidism","Yes;No;NK",,"","Review - Endocrine/Metabolic","Charge_medicalhist_rev_endohypothyroidism"
rev_endohyperthyroidism,String,50,,Recommended,"Hyperthyroidism","Yes;No;NK",,"","Review - Endocrine/Metabolic","Charge_medicalhist_rev_endohyperthyroidism"
rev_endoobesity,String,50,,Recommended,"Obesity","Yes;No;NK",,"","Review - Endocrine/Metabolic","Charge_medicalhist_rev_endoobesity"
rev_endodiabetes,String,50,,Recommended,"Diabetes","Yes;No;NK",,"","Review - Endocrine/Metabolic","Charge_medicalhist_rev_endodiabetes"
rev_endodiabetestype,String,50,,Recommended,"Diabetes: Type","I;II",,"","Review - Endocrine/Metabolic","Charge_medicalhist_rev_endodiabetestype"
rev_endodiabetesage,Integer,0,,Recommended,"Diabetes: Age(in months)","0 to 1200",,"","Review - Endocrine/Metabolic","Charge_medicalhist_rev_endodiabetesage"
rev_endopancreasinsuff,String,50,,Recommended,"Pancreatic Insufficiency","Yes;No;NK",,"","Review - Endocrine/Metabolic","Charge_medicalhist_rev_endopancreasinsuff"
rev_endohypoglycemia,String,50,,Recommended,"Hypoglycemia","Yes;No;NK",,"","Review - Endocrine/Metabolic","Charge_medicalhist_rev_endohypoglycemia"
rev_endoother,String,255,,Optional,"Other/comments","",,"","Review - Endocrine/Metabolic","Charge_medicalhist_rev_endoother"
rev_hemanemia,String,50,,Recommended,"Anemia","Yes;No;NK",,"","Review - Hematalogic","Charge_medicalhist_rev_hemanemia"
rev_hemanemiatype,String,255,,Recommended,"Anemia: Type","",,"","Review - Hematalogic","Charge_medicalhist_rev_hemanemiatype"
rev_hembleeddisorder,String,50,,Recommended,"Bleeding disorder","Yes;No;NK",,"","Review - Hematalogic","Charge_medicalhist_rev_hembleeddisorder"
rev_hembleeddisordertype,String,255,,Recommended,"Bleeding disorder: Type","",,"","Review - Hematalogic","Charge_medicalhist_rev_hembleeddisordertype"
rev_immunorecurinfection,String,50,,Recommended,"Recurrent Infections((>2 pneum or sinus infect/yr, >8 OM /yr, absesses))","Yes;No;NK",,"","Review of Systems - Immunologic","Charge_medicalhist_rev_immunorecurinfection"
rev_immunosepsis,String,50,,Recommended,"Sepsis","Yes;No;NK",,"","Review of Systems - Immunologic","Charge_medicalhist_rev_immunosepsis"
rev_immunosepsisage,Integer,0,,Recommended,"Sepsis: Age(in months)","0 to 1200",,"","Review of Systems - Immunologic","Charge_medicalhist_rev_immunosepsisage"
rev_immunosepsisorg,String,255,,Recommended,"Sepsis: Organism","",,"","Review of Systems - Immunologic","Charge_medicalhist_rev_immunosepsisorg"
rev_immunoosteo,String,50,,Recommended,"Osteomyelitis","Yes;No;NK",,"","Review of Systems - Immunologic","Charge_medicalhist_rev_immunoosteo"
rev_immunoosteoage,Integer,0,,Recommended,"Osteomyelitis: Age(in months)","0 to 1200",,"","Review of Systems - Immunologic","Charge_medicalhist_rev_immunoosteoage"
rev_immunoosteoloc,String,255,,Recommended,"Osteomyelitis: Location","",,"","Review of Systems - Immunologic","Charge_medicalhist_rev_immunoosteoloc"
rev_immunoosteolocorg,String,255,,Recommended,"Osteomyelitis: Organism","",,"","Review of Systems - Immunologic","Charge_medicalhist_rev_immunoosteolocorg"
rev_immunoigdeficiency,String,50,,Recommended,"Ig Deficiency","Yes;No;NK",,"","Review of Systems - Immunologic","Charge_medicalhist_rev_immunoigdeficiency"
rev_immunocellimmunedef,String,50,,Recommended,"Cell Mediated Immune Def.","Yes;No;NK",,"","Review of Systems - Immunologic","Charge_medicalhist_rev_immunocellimmunedef"
rev_immunoenvallergy,String,50,,Recommended,"Environmental Allergies","Yes;No;NK",,"","Review of Systems - Immunologic","Charge_medicalhist_rev_immunoenvallergy"
rev_immunoenvallergytype,String,255,,Recommended,"Environmental Allergies: Type","",,"","Review of Systems - Immunologic","Charge_medicalhist_rev_immunoenvallergytype"
rev_immunomedallergy,String,50,,Recommended,"Medication Allergies","Yes;No;NK",,"","Review of Systems - Immunologic","Charge_medicalhist_rev_immunomedallergy"
rev_immunomedallergymed,String,255,,Recommended,"Medication Allergies: Medications","",,"","Review of Systems - Immunologic","Charge_medicalhist_rev_immunomedallergymed"
rev_immunoimmunization,String,50,,Recommended,"Immunizations","Up to date;Behind;None;NK",,"","Review of Systems - Immunologic","Charge_medicalhist_rev_immunoimmunization"
rev_immunoimmunizdtap,String,255,,Recommended,"Neonatal Teeth","Up to date;Behind;None;NK",,"","Review of Systems - Immunologic","Charge_medicalhist_rev_immunoimmunizdtap"
rev_immunoimmunizipv,String,255,,Recommended,"Immunizations: IPV","Up to date;Behind;None;NK",,"","Review of Systems - Immunologic","Charge_medicalhist_rev_immunoimmunizipv"
rev_immunoimmunizhib,String,255,,Recommended,"Immunizations: HIB","Up to date;Behind;None;NK",,"","Review of Systems - Immunologic","Charge_medicalhist_rev_immunoimmunizhib"
rev_immunoimmunizmmr,String,255,,Recommended,"Immunizations: MMR","Up to date;Behind;None;NK",,"","Review of Systems - Immunologic","Charge_medicalhist_rev_immunoimmunizmmr"
rev_immunoimmunizhepb,String,255,,Recommended,"Immunizations: HepB","Up to date;Behind;None;NK",,"","Review of Systems - Immunologic","Charge_medicalhist_rev_immunoimmunizhepb"
rev_immunoimmunizhepa,String,255,,Recommended,"Immunizations: HepA","Up to date;Behind;None;NK",,"","Review of Systems - Immunologic","Charge_medicalhist_rev_immunoimmunizhepa"
rev_immunoimmunizvari,String,255,,Recommended,"Immunizations: Varicella","Up to date;Behind;None;NK",,"","Review of Systems - Immunologic","Charge_medicalhist_rev_immunoimmunizvari"
rev_immunoimmunizprev,String,255,,Recommended,"Immunizations: Prevnar","Up to date;Behind;None;NK",,"","Review of Systems - Immunologic","Charge_medicalhist_rev_immunoimmunizprev"
rev_immunoinfluenzvacc,String,255,,Recommended,"Influenza Vaccines","Yes;No;NK;None",,"","Review of Systems - Immunologic","Charge_medicalhist_rev_immunoinfluenzvacc"
rev_immunoinfluenzvacc1d,Integer,0,,Recommended,"Influenza Vaccine 1 Day","",,"","Review of Systems - Immunologic","Charge_medicalhist_rev_immunoinfluenzvacc1d"
rev_immunoinfluenzvacc1m,Integer,0,,Recommended,"Influenza Vaccine 1 Month","",,"","Review of Systems - Immunologic","Charge_medicalhist_rev_immunoinfluenzvacc1m"
rev_immunoinfluenzvacc1y,Integer,0,,Recommended,"Influenza Vaccine 1 Year","",,"","Review of Systems - Immunologic","Charge_medicalhist_rev_immunoinfluenzvacc1y"
rev_immunoinfluenzvacc2d,Integer,0,,Recommended,"Influenza Vaccine 2 Day","",,"","Review of Systems - Immunologic","Charge_medicalhist_rev_immunoinfluenzvacc2d"
rev_immunoinfluenzvacc2m,Integer,0,,Recommended,"Influenza Vaccine 2 Month","",,"","Review of Systems - Immunologic","Charge_medicalhist_rev_immunoinfluenzvacc2m"
rev_immunoinfluenzvacc2y,Integer,0,,Recommended,"Influenza Vaccine 2 Year","",,"","Review of Systems - Immunologic","Charge_medicalhist_rev_immunoinfluenzvacc2y"
rev_immunoinfluenzvacc3d,Integer,0,,Recommended,"Influenza Vaccine 3 Day","",,"","Review of Systems - Immunologic","Charge_medicalhist_rev_immunoinfluenzvacc3d"
rev_immunoinfluenzvacc3m,Integer,0,,Recommended,"Influenza Vaccine 3 Month","",,"","Review of Systems - Immunologic","Charge_medicalhist_rev_immunoinfluenzvacc3m"
rev_immunoinfluenzvacc3y,Integer,0,,Recommended,"Influenza Vaccine 3 Year","",,"","Review of Systems - Immunologic","Charge_medicalhist_rev_immunoinfluenzvacc3y"
rev_immunoinfluenzvacc4d,Integer,0,,Recommended,"Influenza Vaccine 4 Day","",,"","Review of Systems - Immunologic","Charge_medicalhist_rev_immunoinfluenzvacc4d"
rev_immunoinfluenzvacc4m,Integer,0,,Recommended,"Influenza Vaccine 4 Month","",,"","Review of Systems - Immunologic","Charge_medicalhist_rev_immunoinfluenzvacc4m"
rev_immunoinfluenzvacc4y,Integer,0,,Recommended,"Influenza Vaccine 4 Year","",,"","Review of Systems - Immunologic","Charge_medicalhist_rev_immunoinfluenzvacc4y"
rev_immunoinfluenzvacc5d,Integer,0,,Recommended,"Influenza Vaccine 5 Day","",,"","Review of Systems - Immunologic","Charge_medicalhist_rev_immunoinfluenzvacc5d"
rev_immunoinfluenzvacc5m,Integer,0,,Recommended,"Influenza Vaccine 5 Month","",,"","Review of Systems - Immunologic","Charge_medicalhist_rev_immunoinfluenzvacc5m"
rev_immunoinfluenzvacc5y,Integer,0,,Recommended,"Influenza Vaccine 5 Year","",,"","Review of Systems - Immunologic","Charge_medicalhist_rev_immunoinfluenzvacc5y"
rev_immunoinfluenzvacc1_h1n1,String,15,,Recommended,"Indicate the whether the vaccine given was the H1N1 vaccine","Yes;No",,"","","Charge_medicalhist_rev_immunoinfluenzvacc1_h1n1"
rev_immunoinfluenzvacc2_h1n1,String,15,,Recommended,"indicate whether the vaccine given was the H1N1 vaccine","Yes;No",,"","","Charge_medicalhist_rev_immunoinfluenzvacc2_h1n1"
rev_immunoinfluenzvacc3_h1n1,String,15,,Recommended,"Indicate whether the vaccine given was the H1N1 vaccine","Yes;No",,"","","Charge_medicalhist_rev_immunoinfluenzvacc3_h1n1"
rev_immunoinfluenzvacc4_h1n1,String,15,,Recommended,"Indicate whether the vaccine given was the H1N1 vaccine","Yes;No",,"","","Charge_medicalhist_rev_immunoinfluenzvacc4_h1n1"
rev_immunoinfluenzvacc5_h1n1,String,15,,Recommended,"Indicate whether the vaccine given was the H1N1 vaccine","Yes;No",,"","","Charge_medicalhist_rev_immunoinfluenzvacc5_h1n1"
