ElementName,DataType,Size,Unit,Required,ElementDescription,ValueRange,Keywords,Notes,Section,Aliases
subjectkey,GUID,0,,Required,"The NDAR Global Unique Identifier (GUID) for subjects which identifies a subject in NDAR","NDAR*",,"","NDAR Required",""
src_subject_id,String,20,,Required,"The site's subject identification","",,"","NDAR Required",""
interview_date,Date,0,,Required,"Date on which the interview/genetic test/sampling/imaging was completed","MM/yyyy;MM/dd/yyyy",,"* '01/01/1900' indicates that a date associated with retrospective data is not known.","NDAR Required",""
interview_age,Integer,0,,Required,"Age in months at the time of the interview/test/sampling/imaging.","0 to 1200",,"Age is rounded to chronological month If the research participant is 13 days old at time of interview  the appropriate value would be 0 months if the participant is 19 days old the value would be 1 month","NDAR Required",""
angry,Integer,0,,Recommended,"Parents rating of subjects behaviour","0 to 3",,"","",""
difficulty_homework,Integer,0,,Recommended,"Parents rating of subjects behaviour","0 to 3",,"","",""
on_the_go,Integer,0,,Recommended,"Parents rating of subjects behaviour","0 to 3",,"","",""
timid,Integer,0,,Recommended,"Parents rating of subjects behaviour","0 to 3",,"","",""
just_so,Integer,0,,Recommended,"Parents rating of subjects behaviour","0 to 3",,"","",""
no_friends,Integer,0,,Recommended,"Parents rating of subjects behaviour","0 to 3",,"","",""
stomach_ache,Integer,0,,Recommended,"Parents rating of subjects behaviour","0 to 3",,"","",""
fights,Integer,0,,Recommended,"Parents rating of subjects behaviour","0 to 3",,"","",""
avoids_effort,Integer,0,,Recommended,"Parents rating of subjects behaviour","0 to 3",,"","",""
sustaining_attention,Integer,0,,Recommended,"Parents rating of subjects behaviour","0 to 3",,"","",""
argues,Integer,0,,Recommended,"Parents rating of subjects behaviour","0 to 3",,"","",""
fails_complete,Integer,0,,Recommended,"Parents rating of subjects behaviour","0 to 3",,"","",""
hard_to_control,Integer,0,,Recommended,"Parents rating of subjects behaviour","0 to 3",,"","",""
afraid_people,Integer,0,,Recommended,"Parents rating of subjects behaviour","0 to 3",,"","",""
checking_things,Integer,0,,Recommended,"Parents rating of subjects behaviour","0 to 3",,"","",""
loses_friends,Integer,0,,Recommended,"Parents rating of subjects behaviour","0 to 3",,"","",""
aches_pains,Integer,0,,Recommended,"Parents rating of subjects behaviour","0 to 3",,"","",""
restless,Integer,0,,Recommended,"Parents rating of subjects behaviour","0 to 3",,"","",""
trouble_concentrating,Integer,0,,Recommended,"Parents rating of subjects behaviour","0 to 3",,"","",""
does_not_listen,Integer,0,,Recommended,"Parents rating of subjects behaviour","0 to 3",,"","",""
loses_temper,Integer,0,,Recommended,"Parents rating of subjects behaviour","0 to 3",,"","",""
close_supervision,Integer,0,,Recommended,"Parents rating of subjects behaviour","0 to 3",,"","",""
runs_climbs,Integer,0,,Recommended,"Parents rating of subjects behaviour","0 to 3",,"","",""
afraid_new,Integer,0,,Recommended,"Parents rating of subjects behaviour","0 to 3",,"","",""
fussy,Integer,0,,Recommended,"Parents rating of subjects behaviour","0 to 3",,"","",""
make_friends,Integer,0,,Recommended,"Parents rating of subjects behaviour","0 to 3",,"","",""
aches_before_school,Integer,0,,Recommended,"Parents rating of subjects behaviour","0 to 3",,"","",""
excitable,Integer,0,,Recommended,"Parents rating of subjects behaviour","0 to 3",,"","",""
fails_finish,Integer,0,,Recommended,"Parents rating of subjects behaviour","0 to 3",,"","",""
difficulty_organizing,Integer,0,,Recommended,"Parents rating of subjects behaviour","0 to 3",,"","",""
irritable,Integer,0,,Recommended,"Parents rating of subjects behaviour","0 to 3",,"","",""
squirmy,Integer,0,,Recommended,"Parents rating of subjects behaviour","0 to 3",,"","",""
afraid_alone,Integer,0,,Recommended,"Parents rating of subjects behaviour","0 to 3",,"","",""
same_way,Integer,0,,Recommended,"Parents rating of subjects behaviour","0 to 3",,"","",""
not_invited,Integer,0,,Recommended,"Parents rating of subjects behaviour","0 to 3",,"","",""
headaches,Integer,0,,Recommended,"Parents rating of subjects behaviour","0 to 3",,"","",""
fails_to_finish,Integer,0,,Recommended,"Parents rating of subjects behaviour","0 to 3",,"","",""
inattentive,Integer,0,,Recommended,"Parents rating of subjects behaviour","0 to 3",,"","",""
talks_excessively,Integer,0,,Recommended,"Parents rating of subjects behaviour","0 to 3",,"","",""
defies,Integer,0,,Recommended,"Parents rating of subjects behaviour","0 to 3",,"","",""
careless_mistakes,Integer,0,,Recommended,"Parents rating of subjects behaviour","0 to 3",,"","",""
difficulty_waiting,Integer,0,,Recommended,"Parents rating of subjects behaviour","0 to 3",,"","",""
fears,Integer,0,,Recommended,"Parents rating of subjects behaviour","0 to 3",,"","",""
rituals,Integer,0,,Recommended,"Parents rating of subjects behaviour","0 to 3",,"","",""
distractibility,Integer,0,,Recommended,"Parents rating of subjects behaviour","0 to 3",,"","",""
complains_sick,Integer,0,,Recommended,"Parents rating of subjects behaviour","0 to 3",,"","",""
temper,Integer,0,,Recommended,"Parents rating of subjects behaviour","0 to 3",,"","",""
distracted_instructions,Integer,0,,Recommended,"Parents rating of subjects behaviour","0 to 3",,"","",""
interrupts,Integer,0,,Recommended,"Parents rating of subjects behaviour","0 to 3",,"","",""
forgetful,Integer,0,,Recommended,"Parents rating of subjects behaviour","0 to 3",,"","",""
arithmetic,Integer,0,,Recommended,"Parents rating of subjects behaviour","0 to 3",,"","",""
run_meals,Integer,0,,Recommended,"Parents rating of subjects behaviour","0 to 3",,"","",""
afraid_dark,Integer,0,,Recommended,"Parents rating of subjects behaviour","0 to 3",,"","",""
high_goals,Integer,0,,Recommended,"Parents rating of subjects behaviour","0 to 3",,"","",""
fidgets,Integer,0,,Recommended,"Parents rating of subjects behaviour","0 to 3",,"","",""
short_attention,Integer,0,,Recommended,"Parents rating of subjects behaviour","0 to 3",,"","",""
touchy,Integer,0,,Recommended,"Parents rating of subjects behaviour","0 to 3",,"","",""
sloppy,Integer,0,,Recommended,"Parents rating of subjects behaviour","0 to 3",,"","",""
difficulty_leisure_quiet,Integer,0,,Recommended,"Parents rating of subjects behaviour","0 to 3",,"","",""
shy,Integer,0,,Recommended,"Parents rating of subjects behaviour","0 to 3",,"","",""
blames,Integer,0,,Recommended,"Parents rating of subjects behaviour","0 to 3",,"","",""
fidgeting,Integer,0,,Recommended,"Parents rating of subjects behaviour","0 to 3",,"","",""
messy,Integer,0,,Recommended,"Parents rating of subjects behaviour","0 to 3",,"","",""
upset_rearrange,Integer,0,,Recommended,"Parents rating of subjects behaviour","0 to 3",,"","",""
clings,Integer,0,,Recommended,"Parents rating of subjects behaviour","0 to 3",,"","",""
disturbs,Integer,0,,Recommended,"Parents rating of subjects behaviour","0 to 3",,"","",""
deliberately_annoys,Integer,0,,Recommended,"Parents rating of subjects behaviour","0 to 3",,"","",""
demands_immediate,Integer,0,,Recommended,"Parents rating of subjects behaviour","0 to 3",,"","",""
attends_interest,Integer,0,,Recommended,"Parents rating of subjects behaviour","0 to 3",,"","",""
spiteful,Integer,0,,Recommended,"Parents rating of subjects behaviour","0 to 3",,"","",""
loses_things,Integer,0,,Recommended,"Parents rating of subjects behaviour","0 to 3",,"","",""
inferior,Integer,0,,Recommended,"Parents rating of subjects behaviour","0 to 3",,"","",""
tired,Integer,0,,Recommended,"Parents rating of subjects behaviour","0 to 3",,"","",""
spelling,Integer,0,,Recommended,"Parents rating of subjects behaviour","0 to 3",,"","",""
cries,Integer,0,,Recommended,"Parents rating of subjects behaviour","0 to 3",,"","",""
leaves_seat,Integer,0,,Recommended,"Parents rating of subjects behaviour","0 to 3",,"","",""
mood_change,Integer,0,,Recommended,"Parents rating of subjects behaviour","0 to 3",,"","",""
easily_frustrated,Integer,0,,Recommended,"Parents rating of subjects behaviour","0 to 3",,"","",""
distracted,Integer,0,,Recommended,"Parents rating of subjects behaviour","0 to 3",,"","",""
blurts_answers,Integer,0,,Recommended,"Parents rating of subjects behaviour","0 to 3",,"","",""
oppositional_raw,Integer,0,,Recommended,"Profile of child computed from parents responses","0 to 40",,"","",""
oppositional_t,Integer,0,,Recommended,"Childs profile score standardised","38 to 90",,"","",""
cognitive_problems_raw,Integer,0,,Recommended,"Profile of child computed from parents responses","0 to 36",,"","",""
cognitive_problems_t,Integer,0,,Recommended,"Childs profile score standardised","38 to 90",,"","",""
hyperactivity_raw,Integer,0,,Recommended,"Profile of child computed from parents responses","0 to 30",,"","",""
hyperactivity_t,Integer,0,,Recommended,"Childs profile score standardised","38 to 90",,"","",""
anxious_raw,Integer,0,,Recommended,"Profile of child computed from parents responses","0 to 30",,"","",""
anxious_t,Integer,0,,Recommended,"Childs profile score standardised","38 to 90",,"","",""
perfectionism_raw,Integer,0,,Recommended,"Profile of child computed from parents responses","0 to 21",,"","",""
perfectionism_t,Integer,0,,Recommended,"Childs profile score standardised","38 to 90",,"","",""
social_problems_raw,Integer,0,,Recommended,"Profile of child computed from parents responses","0 to 15",,"","",""
social_problems_t,Integer,0,,Recommended,"Childs profile score standardised","38 to 90",,"","",""
psychosomatic_raw,Integer,0,,Recommended,"Profile of child computed from parents responses","0 to 20",,"","",""
psychosomatic_t,Integer,0,,Recommended,"Childs profile score standardised","38 to 90",,"","",""
conners_adhd_raw,Integer,0,,Recommended,"Profile of child computed from parents responses","0 to 36",,"","",""
conners_adhd_t,Integer,0,,Recommended,"Childs profile score standardised","38 to 90",,"","",""
conners_gi_restless_raw,Integer,0,,Recommended,"Profile of child computed from parents responses","0 to 21",,"","",""
conners_gi_restless_t,Integer,0,,Recommended,"Childs profile score standardised","38 to 90",,"","",""
conners_gi_emotional_raw,Integer,0,,Recommended,"Profile of child computed from parents responses","0 to 12",,"","",""
conners_gi_emotional_t,Integer,0,,Recommended,"Childs profile score standardised","38 to 90",,"","",""
conners_gi_total_raw,Integer,0,,Recommended,"Profile of child computed from parents responses","0 to 30",,"","",""
conners_gi_total_t,Integer,0,,Recommended,"Childs profile score standardised","38 to 90",,"","",""
dsm_inattentive_raw,Integer,0,,Recommended,"Profile of child computed from parents responses","0 to 30",,"","",""
dsm_inattentive_t,Integer,0,,Recommended,"Childs profile score standardised","38 to 90",,"","",""
dsm_hyper_impulse_raw,Integer,0,,Recommended,"Profile of child computed from parents responses","0 to 27",,"","",""
dsm_hyper_impulse_t,Integer,0,,Recommended,"Childs profile score standardised","38 to 90",,"","",""
dsm_total_raw,Integer,0,,Recommended,"Profile of child computed from parents responses","0 to 54",,"","",""
dsm_total_t,Integer,0,,Recommended,"Childs profile score standardised","38 to 90",,"","",""
hypimp_sympts,Integer,0,,Recommended,"Hyperactive-Impulsive Symptoms Score","0 to 9",,"","",""
innat_sympts,Integer,0,,Recommended,"Inattentive Symptoms Score","0 to 9",,"","",""
