ElementName,DataType,Size,Unit,Required,ElementDescription,ValueRange,Keywords,Notes,Section,Aliases
subjectkey,GUID,0,,Required,"The NDAR Global Unique Identifier (GUID) for subjects which identifies a subject in NDAR","NDAR*",,"","",""
src_subject_id,String,20,,Required,"The site's subject identification","",,"","",""
interview_age,Integer,0,,Required,"Age in months at the time of the interview/test/sampling/imaging.","0 to 1200",,"Age is rounded to chronological month If the research participant is 13 days old at time of interview  the appropriate value would be 0 months if the participant is 19 days old the value would be 1 month","",""
gender,String,50,,Required,"Gender","M;F",,"","",""
informant,String,20,,Recommended,"Informant completing test","Mother;Father;Both Parents;Other;Self",,"","",""
comments_misc,String,255,,Optional,"Miscellaneous comments on study, interview, methodology relevant to this form data","",,"","",""
cri_q1,Integer,0,,Recommended,"CRI Q1: Prefers to have things done in a particular order or in a certain way","0 to 5;999",,"","",""
interview_date,Date,0,,Required,"Date on which the interview/genetic test/sampling/imaging was completed","MM/yyyy;MM/dd/yyyy",,"* '01/01/1900' indicates that a date associated with retrospective data is not known.","",""
cri_q2,Integer,0,,Recommended,"CRI Q2: Seems very attached to one favorite object","0 to 5;999",,"","",""
cri_q3,Integer,0,,Recommended,"CRI Q3: Seems very concerned with dirt, cleanliness or neatness","0 to 5;999",,"","",""
cri_q4,Integer,0,,Recommended,"CRI Q4: Arranges objects, or performs certain behaviors until they seem: Just Right'","0 to 5;999",,"","",""
cri_q5,Integer,0,,Recommended,"CRI Q5: Has persistent habits","0 to 5;999",,"","",""
cri_q6,Integer,0,,Recommended,"CRI Q6: Lines up objects in straight lines or symmetrical patterns","0 to 5;999",,"","",""
cri_q7,Integer,0,,Recommended,"CRI Q7: Prefers the same household schedule or routine everyday","0 to 5;999",,"","",""
cri_q8,Integer,0,,Recommended,"CRI Q8: Acts out the same thing over and over in pretend play","0 to 5;999",,"","",""
cri_q9,Integer,0,,Recommended,"CRI Q9: Insists on having certain belongings around the house: in their place'","0 to 5;999",,"","",""
cri_q10,Integer,0,,Recommended,"CRI Q10: Repeats certain actions over and over","0 to 5;999",,"","",""
cri_q11,Integer,0,,Recommended,"CRI Q11: Has strong preferences for certain foods","0 to 5;999",,"","",""
cri_q12,Integer,0,,Recommended,"CRI Q12: Likes to eat food in a particular way","0 to 5;999",,"","",""
cri_q13,Integer,0,,Recommended,"CRI Q13: Seems very aware of, or sensitive to, how certain clothes feel","0 to 5;999",,"","",""
cri_q14,Integer,0,,Recommended,"CRI Q14: Has a strong preference for wearing (or not wearinig) certain articles of clothing","0 to 5;999",,"","",""
cri_q15,Integer,0,,Recommended,"CRI Q15: Collects or stores objects","0 to 5;999",,"","",""
cri_q16,Integer,0,,Recommended,"CRI Q16: Seems very aware of certain details at home (such as flecks of dirt on the floor, imperfections in toys or clothes)","0 to 5;999",,"","",""
cri_q17,Integer,0,,Recommended,"CRI Q17: Strongly prefers to stick to one game or activity rather than change to a new one","0 to 5;999",,"","",""
cri_q18,Integer,0,,Recommended,"CRI Q18: Makes requests or excuses that would enable him/her to postpone going to bed","0 to 5;999",,"","",""
cri_q19,Integer,0,,Recommended,"CRI Q19: Prepares for bedtime by engaging in a special activity or routine by doing or saying things in a certain order or certain way","0 to 5;999",,"","",""
cri_total,Integer,0,,Recommended,"CRI Total","0 to 95;999",,"","Summary",""
cri_q1_age,Integer,0,,Optional,"Age in months Q1 began","0 to 1200",,"","",""
cri_q2_age,Integer,0,,Optional,"Age in months Q2 began","0 to 1200",,"","",""
cri_q3_age,Integer,0,,Optional,"Age in months Q3 began","0 to 1200",,"","",""
cri_q4_age,Integer,0,,Optional,"Age in months Q4 began","0 to 1200",,"","",""
cri_q5_age,Integer,0,,Optional,"Age in months Q5 began","0 to 1200",,"","",""
cri_q6_age,Integer,0,,Optional,"Age in months Q6 began","0 to 1200",,"","",""
cri_q7_age,Integer,0,,Optional,"Age in months Q7 began","0 to 1200",,"","",""
cri_q8_age,Integer,0,,Optional,"Age in months Q8 began","0 to 1200",,"","",""
cri_q9_age,Integer,0,,Optional,"Age in months Q9 began","0 to 1200",,"","",""
cri_q10_age,Integer,0,,Optional,"Age in months Q10 began","0 to 1200",,"","",""
cri_q11_age,Integer,0,,Optional,"Age in months Q11 began","0 to 1200",,"","",""
cri_q12_age,Integer,0,,Optional,"Age in months Q12 began","0 to 1200",,"","",""
cri_q13_age,Integer,0,,Optional,"Age in months Q13 began","0 to 1200",,"","",""
cri_q14_age,Integer,0,,Optional,"Age in months Q14 began","0 to 1200",,"","",""
cri_q15_age,Integer,0,,Optional,"Age in months Q15 began","0 to 1200",,"","",""
cri_q16_age,Integer,0,,Optional,"Age in months Q16 began","0 to 1200",,"","",""
cri_q17_age,Integer,0,,Optional,"Age in months Q17 began","0 to 1200",,"","",""
cri_q18_age,Integer,0,,Optional,"Age in months Q18 began","0 to 1200",,"","",""
cri_q19_age,Integer,0,,Optional,"Age in months Q19 began","0 to 1200",,"","",""
cri_q1_beh,String,20,,Optional,"Currently engages Q1 behavior","Yes;No;Unknown",,"","",""
cri_q2_beh,String,20,,Optional,"Currently engages Q2 behavior","Yes;No;Unknown",,"","",""
cri_q3_beh,String,20,,Optional,"Currently engages Q3 behavior","Yes;No;Unknown",,"","",""
cri_q4_beh,String,20,,Optional,"Currently engages Q4 behavior","Yes;No;Unknown",,"","",""
cri_q5_beh,String,20,,Optional,"Currently engages Q5 behavior","Yes;No;Unknown",,"","",""
cri_q6_beh,String,20,,Optional,"Currently engages Q6 behavior","Yes;No;Unknown",,"","",""
cri_q7_beh,String,20,,Optional,"Currently engages Q7 behavior","Yes;No;Unknown",,"","",""
cri_q8_beh,String,20,,Optional,"Currently engages Q8 behavior","Yes;No;Unknown",,"","",""
cri_q9_beh,String,20,,Optional,"Currently engages Q9 behavior","Yes;No;Unknown",,"","",""
cri_q10_beh,String,20,,Optional,"Currently engages Q10 behavior","Yes;No;Unknown",,"","",""
cri_q11_beh,String,20,,Optional,"Currently engages Q11 behavior","Yes;No;Unknown",,"","",""
cri_q12_beh,String,20,,Optional,"Currently engages Q12 behavior","Yes;No;Unknown",,"","",""
cri_q13_beh,String,20,,Optional,"Currently engages Q13 behavior","Yes;No;Unknown",,"","",""
cri_q14_beh,String,20,,Optional,"Currently engages Q14 behavior","Yes;No;Unknown",,"","",""
cri_q15_beh,String,20,,Optional,"Currently engages Q15 behavior","Yes;No;Unknown",,"","",""
cri_q16_beh,String,20,,Optional,"Currently engages Q16 behavior","Yes;No;Unknown",,"","",""
cri_q17_beh,String,20,,Optional,"Currently engages Q17 behavior","Yes;No;Unknown",,"","",""
cri_q18_beh,String,20,,Optional,"Currently engages Q18 behavior","Yes;No;Unknown",,"","",""
cri_q19_beh,String,20,,Optional,"Currently engages Q19 behavior","Yes;No;Unknown",,"","",""
