ElementName,DataType,Size,Unit,Required,ElementDescription,ValueRange,Keywords,Notes,Section,Aliases
subjectkey,GUID,0,,Required,"The NDAR Global Unique Identifier (GUID) for subjects which identifies a subject in NDAR","NDAR*",,"","",""
interview_date,Date,0,,Recommended,"Date on which the interview/genetic test/sampling/imaging was completed","MM/yyyy;MM/dd/yyyy",,"* '01/01/1900' indicates that a date associated with retrospective data is not known.","","ADOS_DATE_STD"
cycle,Integer,0,,Recommended,"Timepoint information","",,"","",""
patid,String,20,,Recommended,"src_Subject_id","",,"Patient IDs were assigned at the research site for CPEA and STAART","",""
network,String,20,,Recommended,"Network","",,"CPEA or STAART Network","",""
site,String,20,,Recommended,"Site","",,"CPEA or STAART Site","",""
study,String,100,,Recommended,"Study","",,"CPEA or STAART Study","",""
ados_alg_cmsit,Integer,0,,Recommended,"Communication  Social Interaction Total","0 - 24",,"","",""
ados_alg_cmsits,Integer,0,,Recommended,"ADOS: Social-Communication Severity Score","",,"","",""
ados_alg_commt,Integer,0,,Recommended,"Communication Total","0 - 10",,"","",""
ados_alg_commts,Integer,0,,Recommended,"ADOS: Communication Severity Score","",,"","",""
ados_alg_imgcr,Integer,0,,Recommended,"Imagination Creativity","0 - 2",,"","",""
ados_alg_playt,Integer,0,,Recommended,"Play Total","0 - 4",,"","",""
ados_alg_playts,Integer,0,,Recommended,"ADOS: Play Severity Score","",,"","",""
ados_alg_sbrit,Integer,0,,Recommended,"Stereotyped Behaviors and Restricted Interests Total","0 - 6",,"","",""
ados_alg_sbrits,Integer,0,,Recommended,"ADOS: Stereotyped Behaviors-Restricted Interests Severity Score","",,"","",""
ados_alg_sclit,Integer,0,,Recommended,"Social Interaction Total","0 - 14",,"","",""
ados_alg_sclits,Integer,0,,Recommended,"ADOS: Social Severity Score","",,"","",""
ados_date,Integer,0,,Recommended,"ADOS Date","",,"","",""
ados_dx,String,15,,Recommended,"ADOS Diagnosis","",,"","",""
ados_dia_class,String,50,,Recommended,"ADOS Classification","",,"","",""
ados_dia_diag,String,75,,Recommended,"Overall Diagnosis","",,"","",""
ados_module,Integer,0,,Recommended,"ADOS Module","",,"","",""
ados_lac_fvdto,Integer,0,,Recommended,"Frequency of Vocalization Directed to Others","",,"Nulled value range of:   0;1;2;3 to accept outlier data","",""
ados_lac_gestr,Integer,0,,Recommended,"Gestures","",,"Nulled value range of:   0;1;2;8 to accept outlier data","",""
ados_lac_imech,Integer,0,,Recommended,"Immediate Echolalia","",,"Nulled value range of :0;1;2;3;8 to accept outlier data","",""
ados_lac_ivlvb,Float,0,,Recommended,"Intonation of Vocalization or Verbalization","",,"Nulled value range of:   0;1;2;8 to accept outlier data","",""
ados_lac_olnel1,Integer,0,,Recommended,"Overall Level of Non-Echoed Language","",,"Nulled value range of:   0;1;2;3;8 to accept outlier data","",""
ados_lac_point1,Integer,0,,Recommended,"Pointing_Pointing to Express Interest","",,"Nulled value range of:   0;1;2;3 to accept outlier data","",""
ados_lac_stidw1,Integer,0,,Recommended,"Stereotyped_Idiosyncratic Use of Words or Phrases","",,"Nulled value range of:   0;1;2;3;8 to accept outlier data","",""
ados_lac_uobtc,Integer,0,,Recommended,"Use of Other s Body to Communicate","",,"Nulled value range of:   0;1;2;8 to accept outlier data","",""
ados_sar_bhvir,Integer,0,,Recommended,"ADOS: Stereotyped Behaviors and Restricted Interests: Behavior When Interrupted","",,"","",""
ados_oab_anxty,Integer,0,,Recommended,"Anxiety","",,"Nulled value range of:   0;1;2 to accept outlier data","",""
ados_oab_ovrat,Integer,0,,Recommended,"Overactivity","",,"Nulled value range of:   0;1;2;7 to accept outlier data","",""
ados_oab_tandb,Integer,0,,Recommended,"Tantrums, Aggression, Negative or Disruptive Behavior","",,"Nulled value range of:   0;1;2 to accept outlier data","",""
ados_ply_fpwob,Integer,0,,Recommended,"Functional Play with Objects","",,"Nulled value range of:   0;1;2;3 to accept outlier data","",""
ados_ply_imgcr1,Integer,0,,Recommended,"Imagination Creativity","",,"Nulled value range of:   0;1;2;3 to accept outlier data","",""
ados_rsi_fedto,Integer,0,,Recommended,"Facial Expression Directed to Others","",,"Nulled value range of:   0;1;2 to accept outlier data","",""
ados_rsi_givng,Integer,0,,Recommended,"Giving","",,"Nulled value range of:   0;1;2 to accept outlier data","",""
ados_rsi_igobd,Integer,0,,Recommended,"Integration of Gaze and Other Behaviors During Social Overtures","",,"Nulled value range of:   0;1;2;3 to accept outlier data","",""
ados_rsi_qsclo,Integer,0,,Recommended,"Quality of Social Overtures","",,"Nulled value range of:   0;1;2;3 to accept outlier data","",""
ados_rsi_reqst,Integer,0,,Recommended,"Requesting","",,"Nulled value range of:   0;1;2;3 to accept outlier data","",""
ados_rsi_rspja,Integer,0,,Recommended,"Response to Joint Attention","",,"Nulled value range of:   0;1;2;3 to accept outlier data","",""
ados_rsi_rspsm,Integer,0,,Recommended,"Responsive Social Smile","",,"Nulled value range of:    to accept outlier data","",""
ados_rsi_rsptn1,Integer,0,,Recommended,"Response to Name","",,"Nulled value range of:   0;1;2;3 to accept outlier data","",""
ados_rsi_seiit1,Integer,0,,Recommended,"Shared Enjoyment in Interaction","",,"Nulled value range of:   0;1;2 to accept outlier data","",""
ados_rsi_showg,Integer,0,,Recommended,"Showing","",,"Nulled value range of:   0;1;2 to accept outlier data","",""
ados_rsi_spija,Integer,0,,Recommended,"Spontaneous Initiation of Joint Attention","",,"Nulled value range of:   0;1;2 to accept outlier data","",""
ados_rsi_uneyc,Integer,0,,Recommended,"Unusual Eye Contact","",,"Nulled value range of:    to accept outlier data","",""
ados_version,String,35,,Recommended,"ADOS Version","",,"","",""
ados_sar_hfocm,Integer,0,,Recommended,"Hand and Finger and Other Complex Mannerisms","",,"Nulled value range of:   0;1;2 to accept outlier data","",""
ados_sar_sfijb,Integer,0,,Recommended,"Self-Injurious Behavior","",,"Nulled value range of:   0;1;2 to accept outlier data","",""
ados_sar_urisb,Integer,0,,Recommended,"Unusually Repetitive Interests or Stereotyped Behaviors","",,"Nulled value range of:   0;1;2;3 to accept outlier data","",""
ados_sar_usipm,Integer,0,,Recommended,"Unusual Sensory Interest in Play Material Person","",,"Nulled value range of:   0;1;2 to accept outlier data","",""
