ElementName,DataType,Size,Unit,Required,ElementDescription,ValueRange,Keywords,Notes,Section,Aliases
subjectkey,GUID,0,,Required,"The NDAR Global Unique Identifier (GUID) for subjects which identifies a subject in NDAR","NDAR*",,"","",""
interview_date,Date,0,,Recommended,"Date on which the interview/genetic test/sampling/imaging was completed","MM/yyyy;MM/dd/yyyy",,"* '01/01/1900' indicates that a date associated with retrospective data is not known.","","adi_date_std"
cycle,Integer,0,,Recommended,"Timepoint information","",,"","",""
patid,String,20,,Recommended,"src_Subject_id","",,"Patient IDs were assigned at the research site for CPEA and STAART","",""
network,String,20,,Recommended,"Network","",,"CPEA or STAART Network","",""
site,String,20,,Recommended,"Site","",,"CPEA or STAART Site","",""
study,String,100,,Recommended,"Study","",,"CPEA or STAART Study","",""
adi_al_acvos_a,Integer,0,,Recommended,"Preacademic, academic or vocational skills:  Before age 5.0","",,"Nulled value range of:   0; 1; 2 to accept outlier data","",""
adi_al_acvos_b,Integer,0,,Recommended,"Preacademic, academic or vocational skills:  After age 5.0","",,"Nulled value range of:   0; 1; 2 to accept outlier data","",""
adi_al_adpsk_a,Integer,0,,Recommended,"Adaptive skills:  Before age 5.0","",,"Nulled value range of:   0; 1; 2 to accept outlier data","",""
adi_al_adpsk_b,Integer,0,,Recommended,"Adaptive skills:  After age 5.0","",,"Nulled value range of:   0; 1; 2 to accept outlier data","",""
adi_al_agfap,Float,0,,Recommended,"Age when main loss of skill first apparent","0 - 800;  998; 999",,"","",""
adi_al_agfpu,Float,0,,Recommended,"Age of first phrases","0 - 800;  993; 994; 996; 997; 999",,"","",""
adi_al_agfsw,Float,0,,Recommended,"Age of first single words","0 - 800;  993; 994; 996; 997; 999",,"","",""
adi_al_alspi_a,Integer,0,,Recommended,"Association of loss of skills with physical illness:  Before age 5.0","",,"Nulled value range of:   0; 1; 2; 8; 9 to accept outlier data","",""
adi_al_alspi_b,Integer,0,,Recommended,"Association of loss of skills with physical illness:  Ever","",,"Nulled value range of:   0; 1; 2; 8; 9 to accept outlier data","",""
adi_al_commu_a,Integer,0,,Recommended,"Communication:  Before age 5.0","",,"Nulled value range of:   0; 1; 2 to accept outlier data","",""
adi_al_commu_b,Integer,0,,Recommended,"Communication:  After age 5.0","",,"Nulled value range of:   0; 1; 2 to accept outlier data","",""
adi_al_ctimp_a,Integer,0,,Recommended,"Play and imagination:  Before age 5.0","",,"Nulled value range of:   0; 1; 2 to accept outlier data","",""
adi_al_ctimp_b,Integer,0,,Recommended,"Constructive or imaginative play:  Ever","",,"Nulled value range of:   0; 1; 2 to accept outlier data","",""
adi_al_lclbl,Integer,0,,Recommended,"Level of communicative language before loss","",,"Nulled value range of:   0; 1; 2; 3; 8; 9 to accept outlier data","",""
adi_al_lsosk_a,Integer,0,,Recommended,"Loss of skills (for at least 3 months):  Before age 5.0","",,"Nulled value range of:   0; 1; 2; 8; 9 to accept outlier data","",""
adi_al_lsosk_b,Integer,0,,Recommended,"Loss of skills (for at least 3 months):  Ever","",,"Nulled value range of:   0; 1; 2; 9 to accept outlier data","",""
adi_al_mtrsk_a,Integer,0,,Recommended,"Area of Loss:  Motor Skills:  Before age 5.0","",,"Nulled value range of:   0; 1; 2 to accept outlier data","",""
adi_al_mtrsk_b,Integer,0,,Recommended,"Area of Loss:  Motor Skills","",,"Nulled value range of:   0; 1; 2 to accept outlier data","",""
adi_al_phmvt_a,Integer,0,,Recommended,"Loss of purposive hand use:  Current","",,"Nulled value range of:   0; 1; 2; 3; 9 to accept outlier data","",""
adi_al_phmvt_b,Integer,0,,Recommended,"Purposive hand movements:  Ever","",,"Nulled value range of:   0; 1; 2 to accept outlier data","",""
adi_al_searp_a,Integer,0,,Recommended,"Social interest and responsiveness:  Before age 5.0","",,"Nulled value range of:   0; 1; 2 to accept outlier data","",""
adi_al_searp_b,Integer,0,,Recommended,"Social engagement and responsiveness:  Ever","",,"Nulled value range of:   0; 1; 2 to accept outlier data","",""
adi_cc_ctcnb_a,Integer,0,,Recommended,"Current Concerns","",,"","",""
adi_cc_ctcnb_b,Integer,0,,Recommended,"Current Concerns","",,"","",""
adi_cc_ctcnb_c,Integer,0,,Recommended,"Current Concerns","",,"","",""
adi_cc_ctcnb_d,Integer,0,,Recommended,"Current Concerns","",,"","",""
adi_cm_artcl,Integer,0,,Recommended,"Loss of language skills after acquisition:  Articulation","",,"Nulled value range of:   0; 1; 2; 8; 9 to accept outlier data","",""
adi_cm_cnahr,Integer,0,,Recommended,"Concerns about hearing","",,"Nulled value range of:   0; 1; 2; 8; 9 to accept outlier data","",""
adi_cm_cxneu_a,Integer,0,,Recommended,"Complexity of non-echoed utterances:  Current","",,"Nulled value range of:   0; 1; 2; 3; 4; 8; 9 to accept outlier data","",""
adi_cm_cxneu_b,Integer,0,,Recommended,"Complexity of non-echoed utterances:  At age 5.0","",,"Nulled value range of:   0; 1; 2; 3; 4; 8; 9 to accept outlier data","",""
adi_cm_imeha_a,Integer,0,,Recommended,"Immediate echolalia:  Current","",,"Nulled value range of:   0; 1; 2; 3; 8; 9 to accept outlier data","",""
adi_cm_imeha_b,Integer,0,,Recommended,"Immediate echolalia:  Ever","",,"Nulled value range of:   0; 1; 2; 3; 8; 9 to accept outlier data","",""
adi_cm_smcms,Integer,0,,Recommended,"Loss of language skills after acquisition:  Spontaneous, meaningful communicative speech","",,"Nulled value range of:   0; 1; 2; 8; 9 to accept outlier data","",""
adi_cm_spstx,Integer,0,,Recommended,"Loss of language skills after acquisition:  Simple syntax","",,"Nulled value range of:   0; 1; 2; 8; 9 to accept outlier data","",""
adi_cm_tkexo_a,Integer,0,,Recommended,"Talk expressing interest in others:  Current","",,"Nulled value range of:   0; 1; 2; 3; 8; 9 to accept outlier data","",""
adi_cm_tkexo_b,Integer,0,,Recommended,"Talk expressing interest in others:  Most abnormal 4.0 - 5.0","",,"Nulled value range of:   0; 1; 2; 3; 8; 9 to accept outlier data","",""
adi_cm_vclex_a,Integer,0,,Recommended,"Vocal expression:  Current","",,"Nulled value range of:   0; 1; 2; 3; 8; 9 to accept outlier data","",""
adi_cm_vclex_b,Integer,0,,Recommended,"Vocal expression:  Ever","",,"Nulled value range of:   0; 1; 2; 3; 8; 9 to accept outlier data","",""
adi_cm_wswoc,Integer,0,,Recommended,"Loss of language skills after acquisition:  Words used spontaneously w/out clear communicative intent","",,"Nulled value range of:   0; 1; 2; 8; 9 to accept outlier data","",""
adi_da_afp,Integer,0,,Recommended,"ADI: Age at first phrases","",,"","",""
adi_da_afsw,Integer,0,,Recommended,"ADI: Age at first single words - Interim step to calculate summary scores","",,"","",""
adi_date,Float,0,,Recommended,"ADI: Date","",,"","",""
adi_dx,String,15,,Recommended,"ADI: Diagnosis","",,"","",""
adi_ed_abcdt,Float,0,,Recommended,"Acquisition of bladder control: Daytime","0 - 800;  993; 994; 995; 996; 997; 998; 999",,"","",""
adi_ed_abcgl,Integer,0,,Recommended,"Acquisition of bowel control","0 - 800;  993; 994; 995; 996; 997; 998; 999",,"","",""
adi_ed_abcnt,Integer,0,,Recommended,"Acquisition of bladder control:  Nighttime","0 - 800;  993; 994; 995; 996; 997; 998; 999",,"","",""
adi_ed_agadv,Float,0,,Recommended,"Age in months when parents first sought advice","0 - 800; ; 991; 992; 996; 997; 998; 999",,"","",""
adi_ed_agnrl,Float,0,,Recommended,"Age when first noticed that something was not quite right in language, relationships, or behavior","0 - 800;  991; 992; 996; 997; 998; 999",,"","",""
adi_ed_fsapc_a,Integer,0,,Recommended,"First symptoms to arouse parental concern","",,"","",""
adi_ed_fsapc_b,Integer,0,,Recommended,"First symptoms to arouse parental concern","",,"","",""
adi_ed_fsapc_c,Integer,0,,Recommended,"First symptoms to arouse parental concern","",,"","",""
adi_ed_fsapc_d,Integer,0,,Recommended,"First symptoms to arouse parental concern","",,"","",""
adi_ed_fwuna,Float,0,,Recommended,"First walked unaided","0 - 800;  995; 996; 997; 998; 999",,"","",""
adi_ed_oapwh,Float,0,,Recommended,"Onset as perceived with hindsight","",,"Nulled value range of:   0; 1; 2; 3; 4; 5; 6; 7; 8; 9 to accept outlier data","",""
adi_ed_suofs,Float,0,,Recommended,"Sat unaided on flat surface","0 - 800; ; 995; 996; 997; 998; 999",,"","",""
adi_gb_agfab,Integer,0,,Recommended,"Age when abnormality first evident","",,"Nulled value range of:    to accept outlier data","",""
adi_gb_atcfm_a,Integer,0,,Recommended,"Aggression toward caregivers or family members:  Current","",,"Nulled value range of:   0; 1; 2; 3; 9 to accept outlier data","",""
adi_gb_atcfm_b,Integer,0,,Recommended,"Aggression toward caregivers or family members:  Ever","",,"Nulled value range of:   0; 1; 2; 3; 9 to accept outlier data","",""
adi_gb_atnfm_a,Integer,0,,Recommended,"Aggression toward noncaregivers or nonfamily members:  Current","",,"Nulled value range of:   0; 1; 2; 3; 9 to accept outlier data","",""
adi_gb_atnfm_b,Integer,0,,Recommended,"Aggression toward noncaregivers or nonfamily members:  Ever","",,"Nulled value range of:   0; 1; 2; 3; 9 to accept outlier data","",""
adi_gb_cmpab_a,Integer,0,,Recommended,"Computational ability:  Current","",,"Nulled value range of:   0; 1; 2; 7; 8; 9 to accept outlier data","",""
adi_gb_cmpab_b,Integer,0,,Recommended,"Computational ability:  Ever","",,"Nulled value range of:   0; 1; 2; 7; 8; 9 to accept outlier data","",""
adi_gb_dprgdt,Float,0,,Recommended,"Duration of period of deterioration","0 - 800; 995;996;999",,"","",""
adi_gb_drwsk_a,Integer,0,,Recommended,"Drawing skill:  Current","",,"Nulled value range of:   0; 1; 2; 7; 8; 9 to accept outlier data","",""
adi_gb_drwsk_b,Integer,0,,Recommended,"Drawing skill:  Ever","",,"Nulled value range of:   0; 1; 2; 7; 8; 9 to accept outlier data","",""
adi_gb_fmcrd_a,Integer,0,,Recommended,"Fine motor coordination:  Current","",,"Nulled value range of:   0; 1; 2; 8; 9 to accept outlier data","",""
adi_gb_fmcrd_b,Integer,0,,Recommended,"Fine motor coordination:  Most abnormal 4.0 - 5.0","",,"Nulled value range of:   0; 1; 2; 8; 9 to accept outlier data","",""
adi_gb_ftfbo_a,Integer,0,,Recommended,"Faints/fits/blackouts:  Current","",,"Nulled value range of:   0; 1; 2; 7; 9 to accept outlier data","",""
adi_gb_ftfbo_b,Integer,0,,Recommended,"Faints/fits/blackouts:  Ever","",,"Nulled value range of:   0; 1; 2; 7; 9 to accept outlier data","",""
adi_gb_gait_a,Integer,0,,Recommended,"Gait:  Current","",,"Nulled value range of:   0; 1; 2; 3; 7; 8; 9 to accept outlier data","",""
adi_gb_gait_b,Integer,0,,Recommended,"Gait:  Most abnormal 4.0 - 5.0","",,"Nulled value range of:   0; 1; 2; 3; 7; 8; 9 to accept outlier data","",""
adi_gb_gmcrd_a,Integer,0,,Recommended,"Gross motor coordination:  Current","",,"Nulled value range of:   0; 1; 2; 8; 9 to accept outlier data","",""
adi_gb_gmcrd_b,Integer,0,,Recommended,"Gross motor coordination:  Most abnormal 4.0 - 5.0","",,"Nulled value range of:   0; 1; 2; 8; 9 to accept outlier data","",""
adi_gb_hypvt_a,Integer,0,,Recommended,"Hyperventilation:  Current","",,"Nulled value range of:   0; 1; 2; 9 to accept outlier data","",""
adi_gb_hypvt_b,Integer,0,,Recommended,"Hyperventilation:  Ever","",,"Nulled value range of:   0; 1; 2; 9 to accept outlier data","",""
adi_gb_itvjd,Float,0,,Recommended,"Interviewers judgment on age when developmental abnormalities probably first manifest","0 - 800",,"","",""
adi_gb_memsk_a,Integer,0,,Recommended,"Memory skill:  Current","",,"Nulled value range of:   0; 1; 2; 7; 8; 9 to accept outlier data","",""
adi_gb_memsk_b,Integer,0,,Recommended,"Memory skill:  Ever","",,"Nulled value range of:   0; 1; 2; 7; 8; 9 to accept outlier data","",""
adi_gb_musab_a,Integer,0,,Recommended,"Musical ability:  Current","",,"Nulled value range of:   0; 1; 2; 7; 8; 9 to accept outlier data","",""
adi_gb_musab_b,Integer,0,,Recommended,"Musical ability:  Ever","",,"Nulled value range of:   0; 1; 2; 7; 8; 9 to accept outlier data","",""
adi_gb_ovrhm_a,Integer,0,,Recommended,"Overactivity at home and elsewhere:  Current","",,"Nulled value range of:   0; 1; 2; 3; 9 to accept outlier data","",""
adi_gb_ovrhm_b,Integer,0,,Recommended,"Overactivity at home and elsewhere:  Ever","",,"Nulled value range of:   0; 1; 2; 3; 9 to accept outlier data","",""
adi_gb_prgdt,Integer,0,,Recommended,"Progressive deterioration","",,"Nulled value range of:   0; 1; 2; 3; 8 to accept outlier data","",""
adi_gb_reada_a,Integer,0,,Recommended,"Reading ability:  Current","",,"Nulled value range of:   0; 1; 2; 7; 8; 9 to accept outlier data","",""
adi_gb_reada_b,Integer,0,,Recommended,"Reading ability:  Ever","",,"Nulled value range of:   0; 1; 2; 7; 8; 9 to accept outlier data","",""
adi_gb_sclio,Integer,0,,Recommended,"Scoliosis/weakness of back","",,"Nulled value range of:   0; 1; 2; 8; 9 to accept outlier data","",""
adi_gb_slfag,Integer,0,,Recommended,"Self-injury / age when first one started","0 - 800",,"","",""
adi_gb_slfin_a,Integer,0,,Recommended,"Self-injury:  Current","",,"Nulled value range of:   0; 1; 2; 3; 9 to accept outlier data","",""
adi_gb_slfin_b,Integer,0,,Recommended,"Self-injury:  Ever","",,"Nulled value range of:   0; 1; 2; 3; 9 to accept outlier data","",""
adi_gb_vspla_a,Integer,0,,Recommended,"Visuospatial ability:  Current","",,"Nulled value range of:   0; 1; 2; 7; 8; 9 to accept outlier data","",""
adi_gb_vspla_b,Integer,0,,Recommended,"Visuospatial ability:  Ever","",,"Nulled value range of:   0; 1; 2; 7; 8; 9 to accept outlier data","",""
adi_ib_ainrs_a,Integer,0,,Recommended,"Abnormal idiosyncratic negative response to specific sensory stimuli:  Current","",,"Nulled value range of:   0; 1; 2; 3; 9 to accept outlier data","",""
adi_ib_ainrs_b,Integer,0,,Recommended,"Abnormal idiosyncratic negative response to specific sensory stimuli:  Ever","",,"Nulled value range of:   0; 1; 2; 3; 9 to accept outlier data","",""
adi_ib_cmpag,Integer,0,,Recommended,"Compulsions/rituals age when first one started","0 - 800",,"","",""
adi_ib_cmprt_a,Integer,0,,Recommended,"Compulsions/rituals:  Current","0; 1; 2; 3; 9",,"","",""
adi_ib_cmprt_b,Integer,0,,Recommended,"Compulsions/rituals:  Ever","0; 1; 2; 3; 9",,"","",""
adi_ib_crcag,Integer,0,,Recommended,"Circumscribed interests/ age when first one started","0 - 800",,"","",""
adi_ib_crcit_a,Integer,0,,Recommended,"Circumscribed interests:  Current (3.0 or older)","0; 1; 2; 3; 8; 9",,"","",""
adi_ib_crcit_b,Integer,0,,Recommended,"Circumscribed interests:  Ever (3.0 or older)","0; 1; 2; 3; 8; 9",,"","",""
adi_ib_hdfag,Integer,0,,Recommended,"Hand and finger mannerisms/age when first one started","0 - 800",,"","",""
adi_ib_hdfgm_a,Integer,0,,Recommended,"Hand and finger mannerisms:  Current","0; 1; 2; 3; 8; 9",,"","",""
adi_ib_hdfgm_b,Integer,0,,Recommended,"Hand and finger mannerisms:  Ever","0; 1; 2; 3; 8; 9",,"","",""
adi_ib_mdhdm_a,Integer,0,,Recommended,"Midline hand movements:  Current","",,"Nulled value range of:   0; 1; 2; 8; 9 to accept outlier data","",""
adi_ib_mdhdm_b,Integer,0,,Recommended,"Midline hand movements:  Ever","",,"Nulled value range of:   0; 1; 2; 8; 9 to accept outlier data","",""
adi_ib_ocmag,Integer,0,,Recommended,"Other complex mannerisms or stereotyped body movements/age when first one started","0 - 800",,"","",""
adi_ib_ocmsb_a,Integer,0,,Recommended,"Other complex mannerisms or stereotyped body movements:  Current","0; 1; 2; 3; 8; 9",,"","",""
adi_ib_ocmsb_b,Integer,0,,Recommended,"Other complex mannerisms or stereotyped body movements:  Ever","0; 1; 2; 3; 8; 9",,"","",""
adi_ib_rocag,Integer,0,,Recommended,"Rocking/age when first one started","0 - 800",,"","",""
adi_ib_rock_a,Integer,0,,Recommended,"Rocking:  Current","",,"Nulled value range of:   0; 1; 2; 3; 9 to accept outlier data","",""
adi_ib_rock_b,Integer,0,,Recommended,"Rocking:  Ever","",,"Nulled value range of:   0; 1; 2; 3; 9 to accept outlier data","",""
adi_ib_rpuag,Integer,0,,Recommended,"Repetitive use of objects or interests in parts of objects / age when first one started","0 - 800",,"","",""
adi_ib_rpuob_a,Integer,0,,Recommended,"Repetitive use of objects or interests in parts of objects:  Current","0; 1; 2; 3; 7; 8; 9",,"","",""
adi_ib_rpuob_b,Integer,0,,Recommended,"Repetitive use of objects or interests in parts of objects:  Ever","0; 1; 2; 3; 7; 8; 9",,"","",""
adi_ib_rtcev_a,Integer,0,,Recommended,"Resistance to trivial changes in the environment:  Current","",,"Nulled value range of:   0; 1; 2; 3; 9 to accept outlier data","",""
adi_ib_rtcev_b,Integer,0,,Recommended,"Resistance to trivial changes in the environment:  Ever","",,"Nulled value range of:   0; 1; 2; 3; 9 to accept outlier data","",""
adi_ib_uatag,Integer,0,,Recommended,"Unusual attachment to objects/ age when first started","0 - 800",,"","",""
adi_ib_uatto_a,Integer,0,,Recommended,"Unusual attachment to objects:  Current","",,"Nulled value range of:   0; 1; 2; 3; 6; 7; 9 to accept outlier data","",""
adi_ib_uatto_b,Integer,0,,Recommended,"Unusual attachment to objects:  Ever","",,"Nulled value range of:   0; 1; 2; 3; 6; 7; 9 to accept outlier data","",""
adi_ib_ugstn_a,Integer,0,,Recommended,"Unduly sensitive to noise:  Current","",,"Nulled value range of:   0; 1; 2; 3; 9 to accept outlier data","",""
adi_ib_ugstn_b,Integer,0,,Recommended,"Unduly sensitive to noise:  Ever","",,"Nulled value range of:   0; 1; 2; 3; 9 to accept outlier data","",""
adi_ib_unpag,Integer,0,,Recommended,"Unusual preoccupations / age when first one started","0 - 800",,"","",""
adi_ib_unpro_a,Integer,0,,Recommended,"Unusual preoccupations:  Current","0; 1; 2; 3; 9",,"","",""
adi_ib_unpro_b,Integer,0,,Recommended,"Unusual preoccupations:  Ever","0; 1; 2; 3; 9",,"","",""
adi_ib_unsag,Integer,0,,Recommended,"Unusual sensory interests/ age when first one started","0 - 800",,"","",""
adi_ib_unsyi_a,Integer,0,,Recommended,"Unusual sensory interests:  Current","0; 1; 2; 9",,"","",""
adi_ib_unsyi_b,Integer,0,,Recommended,"Unusual sensory interests:  Ever","0; 1; 2; 9",,"","",""
adi_ib_uslfr_a,Integer,0,,Recommended,"Unusual fears:  Current","",,"Nulled value range of:   0; 1; 2; 3; 7; 9 to accept outlier data","",""
adi_ib_uslfr_b,Integer,0,,Recommended,"Unusual fears:  Ever","",,"Nulled value range of:   0; 1; 2; 3; 7; 9 to accept outlier data","",""
adi_lc_artpn_a,Integer,0,,Recommended,"Articulation and pronunciation:  Current (4.0 or older)","",,"Nulled value range of:   0; 1; 2; 3; 8; 9 to accept outlier data","",""
adi_lc_artpn_b,Integer,0,,Recommended,"Articulation and pronunciation:  At 5.0 years","",,"Nulled value range of:   0; 1; 2; 3; 8; 9 to accept outlier data","",""
adi_lc_attvc_a,Integer,0,,Recommended,"Attention to voice:  Current (under 5.0)","",,"Nulled value range of:   0; 1; 2; 3; 8; 9 to accept outlier data","",""
adi_lc_attvc_b,Integer,0,,Recommended,"Attention to voice:  Most abnormal 4.0 - 5.0","",,"Nulled value range of:   0; 1; 2; 3; 8; 9 to accept outlier data","",""
adi_lc_cistg_a,Integer,0,,Recommended,"Conventional/instrumental gestures:  Current","0; 1; 2; 3; 8; 9",,"","",""
adi_lc_cistg_b,Integer,0,,Recommended,"Conventional/instrumental gestures:  Most abnormal 4.0 - 5.0","0; 1; 2; 3; 8; 9",,"","",""
adi_lc_cpslg_a,Integer,0,,Recommended,"Comprehension of simple language:  Current","",,"Nulled value range of:   0; 1; 2; 3; 4; 8; 9 to accept outlier data","",""
adi_lc_cpslg_b,Integer,0,,Recommended,"Comprehension of simple language:  Most abnormal 4.0 - 5.0","",,"Nulled value range of:   0; 1; 2; 3; 4; 8; 9 to accept outlier data","",""
adi_lc_ctcms_a,Integer,0,,Recommended,"Current communicative speech:  Current","",,"Nulled value range of:   0; 1; 2; 3; 8; 9 to accept outlier data","",""
adi_lc_ctcms_b,Integer,0,,Recommended,"Current communicative speech: At 5.0 years","",,"Nulled value range of:   0; 1; 2; 3; 8; 9 to accept outlier data","",""
adi_lc_hdshk_a,Integer,0,,Recommended,"Head shaking:  Current","0; 1; 2; 8; 9",,"","",""
adi_lc_hdshk_b,Integer,0,,Recommended,"Head shaking:  Most abnormal 4.0  - 5.0","0; 1; 2; 8; 9",,"","",""
adi_lc_imgpl_a,Integer,0,,Recommended,"Imaginative play:  Current (under 10.0)","0; 1; 2; 3; 8; 9",,"","",""
adi_lc_imgpl_b,Integer,0,,Recommended,"Imaginative play:  Most abnormal 4.0 - 5.0","0; 1; 2; 3; 8; 9",,"","",""
adi_lc_impwp_a,Integer,0,,Recommended,"Imaginative play with peers:  Current (Over 4.0 and under 10.0)","0; 1; 2; 3; 8; 9",,"","",""
adi_lc_impwp_b,Integer,0,,Recommended,"Imaginative play with peers:  Most abnormal 4.0 - 5.0","0; 1; 2; 3; 8; 9",,"","",""
adi_lc_inqos_a,Integer,0,,Recommended,"Inappropriate questions or statements:  Current","0; 1; 2; 8; 9",,"","",""
adi_lc_inqos_b,Integer,0,,Recommended,"Inappropriate questions or statements:  Ever","0; 1; 2; 8; 9",,"","",""
adi_lc_ivrrt_a,Integer,0,,Recommended,"Intonation/volume/rhythm/rate:  Current","",,"Nulled value range of:   0; 1; 2; 3; 7; 8; 9 to accept outlier data","",""
adi_lc_ivrrt_b,Integer,0,,Recommended,"Intonation/volume/rhythm/rate:  Ever","",,"Nulled value range of:   0; 1; 2; 3; 7; 8; 9 to accept outlier data","",""
adi_lc_neidl_a,Integer,0,,Recommended,"Neologisms/idiosyncratic language:  Current","0; 1; 2; 8; 9",,"","",""
adi_lc_neidl_b,Integer,0,,Recommended,"Neologisms/idiosyncratic language:  Ever","0; 1; 2; 8; 9",,"","",""
adi_lc_noddg_a,Integer,0,,Recommended,"Nodding:  Current","0; 1; 2; 8; 9",,"","",""
adi_lc_noddg_b,Integer,0,,Recommended,"Nodding:  Most abnormal 4.0 - 5.0","0; 1; 2; 8; 9",,"","",""
adi_lc_ovlol,Integer,0,,Recommended,"Overall level of language","",,"Nulled value range of:   0; 1; 2 to accept outlier data","",""
adi_lc_pnmrv_a,Integer,0,,Recommended,"Pronominal reversal:  Current","0; 1; 2; 3; 7; 8; 9",,"","",""
adi_lc_pnmrv_b,Integer,0,,Recommended,"Pronominal reversal:  Ever","0; 1; 2; 3; 7; 8; 9",,"","",""
adi_lc_ptexp_a,Integer,0,,Recommended,"Pointing to express interest:  Current","0; 1; 2; 8; 9",,"","",""
adi_lc_ptexp_b,Integer,0,,Recommended,"Pointing to express interest:  Most abnormal","0; 1; 2; 8; 9",,"","",""
adi_lc_rcpcv_a,Integer,0,,Recommended,"Reciprocal Conversation:  Current","0; 1; 2; 3; 8; 9",,"","",""
adi_lc_rcpcv_b,Integer,0,,Recommended,"Reciprocal Conversation:  Ever (when verbal)","0; 1; 2; 3; 8; 9",,"","",""
adi_lc_scvbc_a,Integer,0,,Recommended,"Social verbalization/chat:  Current","0; 1; 2; 8; 9",,"","",""
adi_lc_scvbc_b,Integer,0,,Recommended,"Social verbalization/chat:  Ever (when verbal)","0; 1; 2; 8; 9",,"","",""
adi_lc_spioa_a,Integer,0,,Recommended,"Spontaneous imitation of actions:  Current (under 10.0)","0; 1; 2; 3; 8; 9",,"","",""
adi_lc_spioa_b,Integer,0,,Recommended,"Spontaneous imitation of actions:  Most abnormal 4.0 - 5.0","0; 1; 2; 3; 8; 9",,"","",""
adi_lc_suade_a,Integer,0,,Recommended,"Stereotyped utterances and delayed echolalia:  Current","0; 1; 2; 3; 8; 9",,"","",""
adi_lc_suade_b,Integer,0,,Recommended,"Stereotyped utterances and delayed echolalia:  Ever","0; 1; 2; 3; 8; 9",,"","",""
adi_lc_uobtc_a,Integer,0,,Recommended,"Use of others body to communicate:  Current","0; 1; 2; 3; 8; 9",,"","",""
adi_lc_uobtc_b,Integer,0,,Recommended,"Use of others body to communicate:  Ever","0; 1; 2; 3; 8; 9",,"","",""
adi_lc_usmcm_a,Integer,0,,Recommended,"Usual mode of communication","0; 1; 2; 3; 4; 7; 8; 9",,"","",""
adi_lc_vblag,Integer,0,,Recommended,"Verbal rituals/ age when first one started","0 - 800",,"","",""
adi_lc_vblrt_a,Integer,0,,Recommended,"Verbal rituals:  Current","0; 1; 2; 3; 8; 9",,"","",""
adi_lc_vblrt_b,Integer,0,,Recommended,"Verbal rituals:  Ever","0; 1; 2; 3; 8; 9",,"","",""
adi_sp_affect_a,Integer,0,,Recommended,"Affection:  Current","",,"Nulled value range of:   0; 1; 2; 3; 7; 8; 9 to accept outlier data","",""
adi_sp_affect_b,Integer,0,,Recommended,"Affection:  Most abnormal 4.0 - 5.0","",,"Nulled value range of:   0; 1; 2; 3; 7; 8; 9 to accept outlier data","",""
adi_sp_apscr_a,Integer,0,,Recommended,"Appropriateness of social responses:  Current","0; 1; 2; 3; 8; 9",,"","",""
adi_sp_apscr_b,Integer,0,,Recommended,"Appropriateness of social responses:  Most abnormal 4.0 - 5.0","0; 1; 2; 3; 8; 9",,"","",""
adi_sp_armsu_a,Integer,0,,Recommended,"Arms up to be lifted:  Current (under 4.0)","",,"Nulled value range of:   0; 1; 2; 3; 8; 9 to accept outlier data","",""
adi_sp_armsu_b,Integer,0,,Recommended,"Arms up to be lifted:  Most abnormal 4.0 - 5.0","",,"Nulled value range of:   0; 1; 2; 3; 8; 9 to accept outlier data","",""
adi_sp_ccmft_a,Integer,0,,Recommended,"Coming for comfort:  Current (under age 10 years)","",,"Nulled value range of:   0; 1; 2; 3; 8; 9 to accept outlier data","",""
adi_sp_ccmft_b,Integer,0,,Recommended,"Coming for comfort:  Most abnormal 4.0 - 5.0","",,"Nulled value range of:   0; 1; 2; 3; 8; 9 to accept outlier data","",""
adi_sp_crsty_a,Integer,0,,Recommended,"Curiosity:  Current","",,"Nulled value range of:   0; 1; 2; 3; 8; 9 to accept outlier data","",""
adi_sp_crsty_b,Integer,0,,Recommended,"Curiosity:  Most abnormal 4.0 - 5.0","",,"Nulled value range of:   0; 1; 2; 3; 8; 9 to accept outlier data","",""
adi_sp_dirgz_a,Integer,0,,Recommended,"Direct gaze:  Current (under 5.0)","0; 1; 2; 3; 8; 9",,"","",""
adi_sp_dirgz_b,Integer,0,,Recommended,"Direct gaze:  Most abnormal 4.0 - 5.0","0; 1; 2; 3; 8; 9",,"","",""
adi_sp_favat_1,String,50,,Recommended,"Favorite activities 1","",,"","",""
adi_sp_favat_2,String,50,,Recommended,"Favorite activities 2","",,"","",""
adi_sp_favat_3,String,50,,Recommended,"Favorite activities 3","",,"","",""
adi_sp_favat_4,String,50,,Recommended,"Favorite activities 4","",,"","",""
adi_sp_favty_1,String,50,,Recommended,"Favorite toys/objects","",,"","",""
adi_sp_favty_2,String,50,,Recommended,"Favorite toys/objects","",,"","",""
adi_sp_favty_3,String,50,,Recommended,"Favorite toys/objects","",,"","",""
adi_sp_favty_4,String,50,,Recommended,"Favorite toys/objects","",,"","",""
adi_sp_frdsp_a,Integer,0,,Recommended,"Friendships:  Current (5.0 or older)","0; 1; 2; 3; 8; 9",,"","",""
adi_sp_frdsp_b,Integer,0,,Recommended,"Friendships:  Most abnormal 10.0 - 15.0","0; 1; 2; 3; 8; 9",,"","",""
adi_sp_gpwpr_a,Integer,0,,Recommended,"Group play with peers:  Current (Over 4.0 and under 10.0)","0; 1; 2; 3; 8; 9",,"","",""
adi_sp_gpwpr_b,Integer,0,,Recommended,"Group play with peers:  Most abnormal 4.0 - 5.0","0; 1; 2; 3; 8; 9",,"","",""
adi_sp_greet_a,Integer,0,,Recommended,"Greeting:  Current","",,"Nulled value range of:   0; 1; 2; 3; 8; 9 to accept outlier data","",""
adi_sp_greet_b,Integer,0,,Recommended,"Greeting:  Most abnormal 4.0 - 5.0","",,"Nulled value range of:   0; 1; 2; 3; 8; 9 to accept outlier data","",""
adi_sp_imscp_a,Integer,0,,Recommended,"Imitative social play:  Current (under 10.0)","0; 1; 2; 3; 8; 9",,"","",""
adi_sp_imscp_b,Integer,0,,Recommended,"Imitative social play:  Most abnormal 4.0 - 5.0","0; 1; 2; 3; 8; 9",,"","",""
adi_sp_inapa_a,Integer,0,,Recommended,"Initiation of appropriate activities:  Current","",,"Nulled value range of:   0; 1; 2; 3; 8; 9 to accept outlier data","",""
adi_sp_inapa_b,Integer,0,,Recommended,"Initiation of appropriate activities:  Most abnormal 4.0 - 5.0","",,"Nulled value range of:   0; 1; 2; 3; 8; 9 to accept outlier data","",""
adi_sp_infex_a,Integer,0,,Recommended,"Inappropriate facial expression:  Current","0; 1; 2; 8; 9",,"","",""
adi_sp_infex_b,Integer,0,,Recommended,"Inappropriate facial expression:  Ever","0; 1; 2; 8; 9",,"","",""
adi_sp_intcd_a,Integer,0,,Recommended,"Interest in children:  Current (under 10.0)","0; 1; 2; 3; 8; 9",,"","",""
adi_sp_intcd_b,Integer,0,,Recommended,"Interest in children:  Most abnormal 4.0 - 5.0","0; 1; 2; 3; 8; 9",,"","",""
adi_sp_ofcmf_a,Integer,0,,Recommended,"Offers comfort:  Current","0; 1; 2; 3; 8; 9",,"","",""
adi_sp_ofcmf_b,Integer,0,,Recommended,"Offers comfort:  Most abnormal 4.0 - 5.0","0; 1; 2; 3; 8; 9",,"","",""
adi_sp_ofrsh_a,Integer,0,,Recommended,"Offering to share:  Current","0; 1; 2; 3; 8; 9",,"","",""
adi_sp_ofrsh_b,Integer,0,,Recommended,"Offering to share:  Most abnormal 4.0 - 5.0","0; 1; 2; 3; 8; 9",,"","",""
adi_sp_qlsco_a,Integer,0,,Recommended,"Quality of social overtures:  Current","0; 1; 2; 3; 8; 9",,"","",""
adi_sp_qlsco_b,Integer,0,,Recommended,"Quality of social overtures:  Most abnormal 4.0 - 5.0","0; 1; 2; 3; 8; 9",,"","",""
adi_sp_rgfce_a,Integer,0,,Recommended,"Range of facial expression:  Current","0; 1; 2; 3; 8; 9",,"","",""
adi_sp_rgfce_b,Integer,0,,Recommended,"Range of facial expression:  Most abnormal 4.0 - 5.0","0; 1; 2; 3; 8; 9",,"","",""
adi_sp_rspap_a,Integer,0,,Recommended,"Response to approaches of other children:  Current (under 10.0)","0; 1; 2; 3; 8; 9",,"","",""
adi_sp_rspap_b,Integer,0,,Recommended,"Response to approaches of other children:  Most abnormal 4.0 - 5.0","0; 1; 2; 3; 8; 9",,"","",""
adi_sp_scaxa_a,Integer,0,,Recommended,"Social anxiety/avoidance:  Current","",,"Nulled value range of:   0; 1; 2; 7; 8; 9 to accept outlier data","",""
adi_sp_scaxa_b,Integer,0,,Recommended,"Social anxiety/avoidance:  Most abnormal 4.0 - 5.0","",,"Nulled value range of:   0; 1; 2; 7; 8; 9 to accept outlier data","",""
adi_sp_sclds_a,Integer,0,,Recommended,"Social disinhibition:  Current (4.0 and above)","",,"Nulled value range of:   0; 1; 2; 3; 8; 9 to accept outlier data","",""
adi_sp_sclds_b,Integer,0,,Recommended,"Social disinhibition:  Most abnormal 4.0 - 5.0","",,"Nulled value range of:   0; 1; 2; 3; 8; 9 to accept outlier data","",""
adi_sp_sclsm_a,Integer,0,,Recommended,"Social smiling:  Current","0; 1; 2; 3; 8; 9",,"","",""
adi_sp_sclsm_b,Integer,0,,Recommended,"Social smiling:  Most abnormal 4.0 - 5.0","0; 1; 2; 3; 8; 9",,"","",""
adi_sp_scrbs_a,Integer,0,,Recommended,"Secure base:  Current (under 4.0)","",,"Nulled value range of:   0; 1; 2; 3; 7; 8; 9 to accept outlier data","",""
adi_sp_scrbs_b,Integer,0,,Recommended,"Secure base:  Most abnormal 4.0 - 5.0","",,"Nulled value range of:   0; 1; 2; 3; 7; 8; 9 to accept outlier data","",""
adi_sp_sepax_a,Integer,0,,Recommended,"Separation anxiety:  Current (under 4.0)","",,"Nulled value range of:   0; 1; 2; 7; 8; 9 to accept outlier data","",""
adi_sp_sepax_b,Integer,0,,Recommended,"Separation anxiety:  Most abnormal 4.0 - 5.0","",,"Nulled value range of:   0; 1; 2; 7; 8; 9 to accept outlier data","",""
adi_sp_soplx_a,Integer,0,,Recommended,"Sharing others pleasure and excitement:  Current","",,"Nulled value range of:   0; 1; 2; 3; 8; 9 to accept outlier data","",""
adi_sp_soplx_b,Integer,0,,Recommended,"Sharing others pleasure and excitement:  Most abnormal 4.0 - 5.0","",,"Nulled value range of:   0; 1; 2; 3; 8; 9 to accept outlier data","",""
adi_sp_ssenj_a,Integer,0,,Recommended,"Seeking to share her/his enjoyment with others:  Current","0; 1; 2; 8; 9",,"","",""
adi_sp_ssenj_b,Integer,0,,Recommended,"Seeking to share her/his enjoyment with others:  Most abnormal 4.0 - 5.0","0; 1; 2; 8; 9",,"","",""
adi_sp_swdra_a,Integer,0,,Recommended,"Showing and directing attention:  Current","0; 1; 2; 3; 8; 9",,"","",""
adi_sp_swdra_b,Integer,0,,Recommended,"Showing and directing attention:  Most abnormal 4-5","0; 1; 2; 3; 8; 9",,"","",""
adi_version,String,35,,Recommended,"ADI: Version","",,"","",""
