ElementName,DataType,Size,Unit,Required,ElementDescription,ValueRange,Keywords,Notes,Section,Aliases
subjectkey,GUID,0,,Required,"The NDAR Global Unique Identifier (GUID) for subjects which identifies a subject in NDAR","NDAR*",,"","",""
interview_date,Date,0,,Recommended,"Date on which the interview/genetic test/sampling/imaging was completed","MM/yyyy;MM/dd/yyyy",,"* '01/01/1900' indicates that a date associated with retrospective data is not known.","","abc_date_std"
cycle,Integer,0,,Recommended,"Timepoint information","",,"","",""
patid,String,20,,Recommended,"src_Subject_id","",,"Patient IDs were assigned at the research site for CPEA and STAART","",""
network,String,20,,Recommended,"Network","",,"CPEA or STAART Network","",""
site,String,20,,Recommended,"Site","",,"CPEA or STAART Site","",""
study,String,100,,Recommended,"Study","",,"CPEA or STAART Study","",""
abc_date,Integer,0,,Recommended,"ABC Date","",,"","","q12_date,q35_date"
abc_hy_active,Integer,0,,Recommended,"Excessively active at home, school, work or elsewhere","0; 1; 2; 3",,"","","q12_1,q35_1"
abc_hy_attn,Integer,0,,Recommended,"Does not pay attention to instructions","0; 1; 2; 3",,"","","q12_28,q35_28"
abc_hy_bstrs,Integer,0,,Recommended,"Boisterous (inappropriately noisy and rough)","0; 1; 2; 3",,"","","q12_7,q35_7"
abc_hy_directions,Integer,0,,Recommended,"Deliberately ignores directions","0; 1; 2; 3",,"","","q12_56,q35_56"
abc_hy_disob,Integer,0,,Recommended,"Disobedient; difficult to control","0; 1; 2; 3",,"","","q12_18,q35_18"
abc_hy_disrupt,Integer,0,,Recommended,"Disrupts group activities","0; 1; 2; 3",,"","","q12_31,q35_31"
abc_hy_disturb,Integer,0,,Recommended,"Disturbs others","0; 1; 2; 3",,"","","q12_21,q35_21"
abc_hy_easily,Integer,0,,Recommended,"Easily distractible","0; 1; 2; 3",,"","",""
abc_hy_exactive,Integer,0,,Recommended,"Tends to be excessively active","0; 1; 2; 3",,"","","q12_54,q35_54"
abc_hy_impulse,Integer,0,,Recommended,"Impulsive (acts without thinking)","0; 1; 2; 3",,"","","q12_13,q12_44,q35_44,q35_13"
abc_hy_noattn,Integer,0,,Recommended,"Pays no attention when spoken to","0; 1; 2; 3",,"","","q12_51,q35_51"
abc_hy_rest,Integer,0,,Recommended,"Restless, unable to sit still","0; 1; 2; 3",,"","","q12_15,q35_15"
abc_hy_run,Integer,0,,Recommended,"Constantly runs or jumps around the room","0; 1; 2; 3",,"","","q12_48,q35_48"
abc_hy_seat,Integer,0,,Recommended,"Does not stay in seat (e.g., during lesson or training periods, meals, etc.)","0; 1; 2; 3",,"","","q12_38,q35_38"
abc_hy_still,Integer,0,,Recommended,"Will not sit still for any length of time","0; 1; 2; 3",,"","","q12_39,q35_39"
abc_hy_uncoop,Integer,0,,Recommended,"Uncooperative","0; 1; 2; 3",,"","","q12_24,q35_24"
abc_in_repeat,Integer,0,,Recommended,"Repeats a word or phrase over and over","0; 1; 2; 3",,"","","q12_46,q35_46"
abc_in_repet,Integer,0,,Recommended,"Repetitive speech","0; 1; 2; 3",,"","","q12_22,q35_22"
abc_in_talkex,Integer,0,,Recommended,"Talks excessively","0; 1; 2; 3",,"","","q12_9,q35_9"
abc_in_talkld,Integer,0,,Recommended,"Talks to self loudly","0; 1; 2; 3",,"","","q12_33,q35_33"
abc_ir_aggr,Integer,0,,Recommended,"Aggressive to other children or adults (verbally or physically)","0; 1; 2; 3",,"","","q12_4,q35_4"
abc_ir_cries,Integer,0,,Recommended,"Cries over minor annoyances and hurts","0; 1; 2; 3",,"","","q12_34,q35_34"
abc_ir_cry,Integer,0,,Recommended,"Cries and screams inappropriately","0; 1; 2; 3",,"","","q12_41,q35_41"
abc_ir_demands,Integer,0,,Recommended,"Demands must be met immediately","0; 1; 2; 3",,"","","q12_29,q35_29"
abc_ir_depress,Integer,0,,Recommended,"Depressed mood","0; 1; 2; 3",,"","","q12_25,q35_25"
abc_ir_hurt,Integer,0,,Recommended,"Deliberately hurts himself/herself","0; 1; 2; 3",,"","","q12_50,q35_50"
abc_ir_injur,Integer,0,,Recommended,"Injures self on purpose","0; 1; 2; 3",,"","","q12_2,q35_2"
abc_ir_irrit,Integer,0,,Recommended,"Irritable and whiny","0; 1; 2; 3",,"","","q12_14,q35_14"
abc_ir_mood,Integer,0,,Recommended,"Mood changes quickly","0; 1; 2; 3",,"","","q12_36,q35_36"
abc_ir_ownway,Integer,0,,Recommended,"Has temper outbursts or tantrums when he/she does not get own way","0; 1; 2; 3",,"","","q12_57,q35_57"
abc_ir_scream,Integer,0,,Recommended,"Screams inappropriately","0; 1; 2; 3",,"","","q12_8,q35_8"
abc_ir_stamps,Integer,0,,Recommended,"Stamps feet or bangs objects or slams doors","0; 1; 2; 3",,"","","q12_47,q35_47"
abc_ir_temper,Integer,0,,Recommended,"Temper tantrums/outbursts","0; 1; 2; 3",,"","","q12_10,q35_10"
abc_ir_violence,Integer,0,,Recommended,"Does physical violence to self","0; 1; 2; 3",,"","","q12_52,q35_52"
abc_ir_yells,Integer,0,,Recommended,"Yells at inappropriate times","0; 1; 2; 3",,"","","q12_19,q35_19"
abc_lg_affection,Integer,0,,Recommended,"Responds negatively to affection","0; 1; 2; 3",,"","","q12_55,q35_55"
abc_lg_alone,Integer,0,,Recommended,"Prefers to be alone","0; 1; 2; 3",,"","","q12_42,q35_42"
abc_lg_comm,Integer,0,,Recommended,"Does not try to communicate by words or gestures","0; 1; 2; 3",,"","","q12_43,q35_43"
abc_lg_facial,Integer,0,,Recommended,"Fixed facial expression; lacks emotional responsiveness","0; 1; 2; 3",,"","","q12_20,q35_20"
abc_lg_inactive,Integer,0,,Recommended,"Inactive, never moves spontaneously","0; 1; 2; 3",,"","","q12_53,q35_53"
abc_lg_isolat,Integer,0,,Recommended,"Isolates himself/herself from other children or adults","0; 1; 2; 3",,"","","q12_30,q35_30"
abc_lg_list,Integer,0,,Recommended,"Listless, sluggish, inactive","0; 1; 2; 3",,"","","q12_3,q35_3"
abc_lg_position,Integer,0,,Recommended,"Sits or stands in one position for a long time","0; 1; 2; 3",,"","","q12_32,q35_32"
abc_lg_reach,Integer,0,,Recommended,"Is difficult to reach, contact, or get through to","0; 1; 2; 3",,"","","q12_40,q35_40"
abc_lg_react,Integer,0,,Recommended,"Unresponsive to structured activities (does not react)","0; 1; 2; 3",,"","","q12_37,q35_37"
abc_lg_reactions,Integer,0,,Recommended,"Shows few social reactions to others","0; 1; 2; 3",,"","","q12_58,q35_58"
abc_lg_resists,Integer,0,,Recommended,"Resists any form of physical contact","0; 1; 2; 3",,"","","q12_26,q35_26"
abc_lg_seek,Integer,0,,Recommended,"Seeks isolation from others","0; 1; 2; 3",,"","","q12_5,q35_5"
abc_lg_stares,Integer,0,,Recommended,"Preoccupied; stares into space","0; 1; 2; 3",,"","","q12_12,q35_12"
abc_lg_watch,Integer,0,,Recommended,"Does nothing but sit and watch others","0; 1; 2; 3",,"","","q12_23,q35_23"
abc_lg_withdrwn,Integer,0,,Recommended,"Withdrawn; prefers solitary activities","0; 1; 2; 3",,"","","q12_16,q35_16"
abc_st_body,Integer,0,,Recommended,"Meaningless, recurring body movements","0; 1; 2; 3",,"","","q12_6,q35_6"
abc_st_head,Integer,0,,Recommended,"Moves or rolls head back and forth repetitively","0; 1; 2; 3",,"","","q12_27,q35_27"
abc_st_odd,Integer,0,,Recommended,"Odd, bizarre in behavior","0; 1; 2; 3",,"","","q12_17,q35_17"
abc_st_rocks,Integer,0,,Recommended,"Rocks body back and forth repeatedly","0; 1; 2; 3",,"","","q12_49,q35_49"
abc_st_rphand,Integer,0,,Recommended,"Repetitive hand, body, or head movements","0; 1; 2; 3",,"","","q12_35,q35_35"
abc_st_stereo,Integer,0,,Recommended,"Stereotyped behavior; abnormal, repetitive movements","0; 1; 2; 3",,"","","q12_11,q35_11"
abc_st_waves,Integer,0,,Recommended,"Waves or shakes the extremities repeatedly","0; 1; 2; 3",,"","","q12_45,q35_45"
abc_tot_hy,Integer,0,,Recommended,"Subscale 4:  Hyperactivity","0-48",,"","","q12_tot4,q35_tot4"
abc_tot_in,Integer,0,,Recommended,"Subscale 5:  Inappropriate Speech","0-12",,"","","q12_tot5,q35_tot5"
abc_tot_ir,Integer,0,,Recommended,"Subscale 1:  Irritability","0-45",,"","","q12_tot1,q35_tot1"
abc_tot_lt,Integer,0,,Recommended,"Subscale 2:  Lethargy","0-48",,"","","q12_tot2,q35_tot2"
abc_tot_st,Integer,0,,Recommended,"Subscale 3:  Stereotypy","0-21",,"","","q12_tot3,q35_tot3"
abc_version,String,35,,Recommended,"ABC: Version","",,"","",""
site_cycle,String,6,,Recommended,"Site Assigned Timepoint","",,"","",""
tdi_version,String,35,,Recommended,"Form Specific Version","",,"","",""
