ElementName,DataType,Size,Unit,Required,ElementDescription,ValueRange,Keywords,Notes,Section,Aliases
subjectkey,GUID,0,,Required,"The NDAR Global Unique Identifier (GUID) for subjects which identifies a subject in NDAR","NDAR*",,"","",""
interview_date,Date,0,,Recommended,"Date on which the interview/genetic test/sampling/imaging was completed","MM/yyyy;MM/dd/yyyy",,"* '01/01/1900' indicates that a date associated with retrospective data is not known.","","ADI_DATE_STD"
cycle,Integer,0,,Recommended,"Timepoint information","",,"","",""
patid,String,20,,Recommended,"src_Subject_id","",,"Patient IDs were assigned at the research site for CPEA and STAART","",""
network,String,20,,Recommended,"Network","",,"CPEA or STAART Network","",""
site,String,20,,Recommended,"Site","",,"CPEA or STAART Site","",""
study,String,100,,Recommended,"Study","",,"CPEA or STAART Study","",""
adi_al_agfpu,Float,0,,Recommended,"Age of first phrases","0 - 800;  993; 994; 996; 997; 999",,"","",""
adi_al_agfsw,Float,0,,Recommended,"Age of first single words","0 - 800;  993; 994; 996; 997; 999",,"","",""
adi_cc_ctcnb_a,Integer,0,,Recommended,"Current Concerns","",,"","",""
adi_cc_ctcnb_b,Integer,0,,Recommended,"Current Concerns","",,"","",""
adi_cc_ctcnb_c,Integer,0,,Recommended,"Current Concerns","",,"","",""
adi_cc_ctcnb_d,Integer,0,,Recommended,"Current Concerns","",,"","",""
adi_cm_cnahr,Integer,0,,Recommended,"Concerns about hearing","",,"Nulled value range of:   0; 1; 2; 8; 9 to accept outlier data","",""
adi_cm_cxneu_a,Integer,0,,Recommended,"Complexity of non-echoed utterances:  Current","",,"Nulled value range of:   0; 1; 2; 3; 4; 8; 9 to accept outlier data","",""
adi_cm_imeha_a,Integer,0,,Recommended,"Immediate echolalia:  Current","",,"Nulled value range of:   0; 1; 2; 3; 8; 9 to accept outlier data","",""
adi_cm_imeha_b,Integer,0,,Recommended,"Immediate echolalia:  Ever","",,"Nulled value range of:   0; 1; 2; 3; 8; 9 to accept outlier data","",""
adi_date,Float,0,,Recommended,"ADI: Date","",,"","",""
adi_dx,String,15,,Recommended,"ADI: Diagnosis","",,"","",""
adi_ed_abcdt,Float,0,,Recommended,"Acquisition of bladder control: Daytime","0 - 800;  993; 994; 995; 996; 997; 998; 999",,"","",""
adi_ed_abcnt,Integer,0,,Recommended,"Acquisition of bladder control:  Nighttime","0 - 800;  993; 994; 995; 996; 997; 998; 999",,"","",""
adi_ed_agnrl,Float,0,,Recommended,"Age when first noticed that something was not quite right in language, relationships, or behavior","0 - 800;  991; 992; 996; 997; 998; 999",,"","",""
adi_ed_fsapc_a,Integer,0,,Recommended,"First symptoms to arouse parental concern","",,"","",""
adi_ed_fsapc_b,Integer,0,,Recommended,"First symptoms to arouse parental concern","",,"","",""
adi_ed_fsapc_c,Integer,0,,Recommended,"First symptoms to arouse parental concern","",,"","",""
adi_ed_fsapc_d,Integer,0,,Recommended,"First symptoms to arouse parental concern","",,"","",""
adi_ed_fwuna,Float,0,,Recommended,"First walked unaided","0 - 800;  995; 996; 997; 998; 999",,"","",""
adi_gb_agfab,Integer,0,,Recommended,"Age when abnormality first evident","",,"Nulled value range of:    to accept outlier data","",""
adi_gb_itvjd,Float,0,,Recommended,"Interviewers judgment on age when developmental abnormalities probably first manifest","0 - 800",,"","",""
adi_gb_slfin_a,Integer,0,,Recommended,"Self-injury:  Current","",,"Nulled value range of:   0; 1; 2; 3; 9 to accept outlier data","",""
adi_gb_slfin_b,Integer,0,,Recommended,"Self-injury:  Ever","",,"Nulled value range of:   0; 1; 2; 3; 9 to accept outlier data","",""
adi_ib_cmprt_a,Integer,0,,Recommended,"Compulsions/rituals:  Current","0; 1; 2; 3; 9",,"","",""
adi_ib_cmprt_b,Integer,0,,Recommended,"Compulsions/rituals:  Ever","0; 1; 2; 3; 9",,"","",""
adi_ib_crcit_a,Integer,0,,Recommended,"Circumscribed interests:  Current (3.0 or older)","0; 1; 2; 3; 8; 9",,"","",""
adi_ib_crcit_b,Integer,0,,Recommended,"Circumscribed interests:  Ever (3.0 or older)","0; 1; 2; 3; 8; 9",,"","",""
adi_ib_hdfgm_a,Integer,0,,Recommended,"Hand and finger mannerisms:  Current","0; 1; 2; 3; 8; 9",,"","",""
adi_ib_hdfgm_b,Integer,0,,Recommended,"Hand and finger mannerisms:  Ever","0; 1; 2; 3; 8; 9",,"","",""
adi_ib_ocmsb_a,Integer,0,,Recommended,"Other complex mannerisms or stereotyped body movements:  Current","0; 1; 2; 3; 8; 9",,"","",""
adi_ib_ocmsb_b,Integer,0,,Recommended,"Other complex mannerisms or stereotyped body movements:  Ever","0; 1; 2; 3; 8; 9",,"","",""
adi_ib_rpuob_a,Integer,0,,Recommended,"Repetitive use of objects or interests in parts of objects:  Current","0; 1; 2; 3; 7; 8; 9",,"","",""
adi_ib_rpuob_b,Integer,0,,Recommended,"Repetitive use of objects or interests in parts of objects:  Ever","0; 1; 2; 3; 7; 8; 9",,"","",""
adi_ib_unpro_a,Integer,0,,Recommended,"Unusual preoccupations:  Current","0; 1; 2; 3; 9",,"","",""
adi_ib_unpro_b,Integer,0,,Recommended,"Unusual preoccupations:  Ever","0; 1; 2; 3; 9",,"","",""
adi_ib_unsyi_a,Integer,0,,Recommended,"Unusual sensory interests:  Current","0; 1; 2; 9",,"","",""
adi_ib_unsyi_b,Integer,0,,Recommended,"Unusual sensory interests:  Ever","0; 1; 2; 9",,"","",""
adi_lc_artpn_a,Integer,0,,Recommended,"Articulation and pronunciation:  Current (4.0 or older)","",,"Nulled value range of:   0; 1; 2; 3; 8; 9 to accept outlier data","",""
adi_lc_attvc_a,Integer,0,,Recommended,"Attention to voice:  Current (under 5.0)","",,"Nulled value range of:   0; 1; 2; 3; 8; 9 to accept outlier data","",""
adi_lc_cistg_a,Integer,0,,Recommended,"Conventional/instrumental gestures:  Current","0; 1; 2; 3; 8; 9",,"","",""
adi_lc_cpslg_a,Integer,0,,Recommended,"Comprehension of simple language:  Current","",,"Nulled value range of:   0; 1; 2; 3; 4; 8; 9 to accept outlier data","",""
adi_lc_hdshk_a,Integer,0,,Recommended,"Head shaking:  Current","0; 1; 2; 8; 9",,"","",""
adi_lc_imgpl_a,Integer,0,,Recommended,"Imaginative play:  Current (under 10.0)","0; 1; 2; 3; 8; 9",,"","",""
adi_lc_impwp_a,Integer,0,,Recommended,"Imaginative play with peers:  Current (Over 4.0 and under 10.0)","0; 1; 2; 3; 8; 9",,"","",""
adi_lc_inqos_a,Integer,0,,Recommended,"Inappropriate questions or statements:  Current","0; 1; 2; 8; 9",,"","",""
adi_lc_inqos_b,Integer,0,,Recommended,"Inappropriate questions or statements:  Ever","0; 1; 2; 8; 9",,"","",""
adi_lc_neidl_a,Integer,0,,Recommended,"Neologisms/idiosyncratic language:  Current","0; 1; 2; 8; 9",,"","",""
adi_lc_neidl_b,Integer,0,,Recommended,"Neologisms/idiosyncratic language:  Ever","0; 1; 2; 8; 9",,"","",""
adi_lc_noddg_a,Integer,0,,Recommended,"Nodding:  Current","0; 1; 2; 8; 9",,"","",""
adi_lc_ovlol,Integer,0,,Recommended,"Overall level of language","",,"Nulled value range of:   0; 1; 2 to accept outlier data","",""
adi_lc_pnmrv_a,Integer,0,,Recommended,"Pronominal reversal:  Current","0; 1; 2; 3; 7; 8; 9",,"","",""
adi_lc_pnmrv_b,Integer,0,,Recommended,"Pronominal reversal:  Ever","0; 1; 2; 3; 7; 8; 9",,"","",""
adi_lc_ptexp_a,Integer,0,,Recommended,"Pointing to express interest:  Current","0; 1; 2; 8; 9",,"","",""
adi_lc_rcpcv_a,Integer,0,,Recommended,"Reciprocal Conversation:  Current","0; 1; 2; 3; 8; 9",,"","",""
adi_lc_scvbc_a,Integer,0,,Recommended,"Social verbalization/chat:  Current","0; 1; 2; 8; 9",,"","",""
adi_lc_spioa_a,Integer,0,,Recommended,"Spontaneous imitation of actions:  Current (under 10.0)","0; 1; 2; 3; 8; 9",,"","",""
adi_lc_suade_a,Integer,0,,Recommended,"Stereotyped utterances and delayed echolalia:  Current","0; 1; 2; 3; 8; 9",,"","",""
adi_lc_suade_b,Integer,0,,Recommended,"Stereotyped utterances and delayed echolalia:  Ever","0; 1; 2; 3; 8; 9",,"","",""
adi_lc_uobtc_a,Integer,0,,Recommended,"Use of others body to communicate:  Current","0; 1; 2; 3; 8; 9",,"","",""
adi_lc_uobtc_b,Integer,0,,Recommended,"Use of others body to communicate:  Ever","0; 1; 2; 3; 8; 9",,"","",""
adi_lc_vblrt_a,Integer,0,,Recommended,"Verbal rituals:  Current","0; 1; 2; 3; 8; 9",,"","",""
adi_lc_vblrt_b,Integer,0,,Recommended,"Verbal rituals:  Ever","0; 1; 2; 3; 8; 9",,"","",""
adi_sp_apscr_a,Integer,0,,Recommended,"Appropriateness of social responses:  Current","0; 1; 2; 3; 8; 9",,"","",""
adi_sp_dirgz_a,Integer,0,,Recommended,"Direct gaze:  Current (under 5.0)","0; 1; 2; 3; 8; 9",,"","",""
adi_sp_frdsp_a,Integer,0,,Recommended,"Friendships:  Current (5.0 or older)","0; 1; 2; 3; 8; 9",,"","",""
adi_sp_gpwpr_a,Integer,0,,Recommended,"Group play with peers:  Current (Over 4.0 and under 10.0)","0; 1; 2; 3; 8; 9",,"","",""
adi_sp_imscp_a,Integer,0,,Recommended,"Imitative social play:  Current (under 10.0)","0; 1; 2; 3; 8; 9",,"","",""
adi_sp_inapa_a,Integer,0,,Recommended,"Initiation of appropriate activities:  Current","",,"Nulled value range of:   0; 1; 2; 3; 8; 9 to accept outlier data","",""
adi_sp_infex_a,Integer,0,,Recommended,"Inappropriate facial expression:  Current","0; 1; 2; 8; 9",,"","",""
adi_sp_infex_b,Integer,0,,Recommended,"Inappropriate facial expression:  Ever","0; 1; 2; 8; 9",,"","",""
adi_sp_intcd_a,Integer,0,,Recommended,"Interest in children:  Current (under 10.0)","0; 1; 2; 3; 8; 9",,"","",""
adi_sp_ofcmf_a,Integer,0,,Recommended,"Offers comfort:  Current","0; 1; 2; 3; 8; 9",,"","",""
adi_sp_ofrsh_a,Integer,0,,Recommended,"Offering to share:  Current","0; 1; 2; 3; 8; 9",,"","",""
adi_sp_qlsco_a,Integer,0,,Recommended,"Quality of social overtures:  Current","0; 1; 2; 3; 8; 9",,"","",""
adi_sp_rgfce_a,Integer,0,,Recommended,"Range of facial expression:  Current","0; 1; 2; 3; 8; 9",,"","",""
adi_sp_rspap_a,Integer,0,,Recommended,"Response to approaches of other children:  Current (under 10.0)","0; 1; 2; 3; 8; 9",,"","",""
adi_sp_sclsm_a,Integer,0,,Recommended,"Social smiling:  Current","0; 1; 2; 3; 8; 9",,"","",""
adi_sp_ssenj_a,Integer,0,,Recommended,"Seeking to share her/his enjoyment with others:  Current","0; 1; 2; 8; 9",,"","",""
adi_sp_swdra_a,Integer,0,,Recommended,"Showing and directing attention:  Current","0; 1; 2; 3; 8; 9",,"","",""
adi_version,String,35,,Recommended,"ADI: Version","",,"","",""
