ElementName,DataType,Size,Unit,Required,ElementDescription,ValueRange,Keywords,Notes,Section,Aliases
subjectkey,GUID,0,,Required,"The NDAR Global Unique Identifier (GUID) for subjects which identifies a subject in NDAR","NDAR*",,"","",""
interview_date,Date,0,,Optional,"Date on which the interview/genetic test/sampling/imaging was completed","MM/yyyy;MM/dd/yyyy",,"* '01/01/1900' indicates that a date associated with retrospective data is not known.","","ADI_DATE_STD"
cycle,Integer,0,,Recommended,"Timepoint information","",,"","",""
patid,String,20,,Recommended,"src_Subject_id","",,"Patient IDs were assigned at the research site for CPEA and STAART","",""
network,String,20,,Recommended,"Network","",,"CPEA or STAART Network","",""
site,String,20,,Recommended,"Site","",,"CPEA or STAART Site","",""
study,String,100,,Recommended,"Study","",,"CPEA or STAART Study","",""
adi_al_agfap,Float,0,,Recommended,"Age when main loss of skill first apparent","0 - 800;  998; 999",,"","","q22_26"
adi_al_agfpu,Float,0,,Recommended,"Age of first phrases","0 - 800;  993; 994; 996; 997; 999",,"","",""
adi_al_agfsw,Float,0,,Recommended,"Age of first single words","0 - 800;  993; 994; 996; 997; 999",,"","","q22_9"
adi_al_agllg,Integer,0,,Recommended,"Age when main loss of language skills first apparent","0 - 800;  998; 999",,"","","q22_17"
adi_al_allpi,Integer,0,,Recommended,"Association of loss of language with physical illness:  Ever","",,"Nulled value range of:   0; 1; 2; 8; 9 to accept outlier data","","q22_18"
adi_al_alspi_b,Integer,0,,Recommended,"Association of loss of skills with physical illness:  Ever","",,"Nulled value range of:   0; 1; 2; 8; 9 to accept outlier data","","q22_27"
adi_al_ctimp_a,Integer,0,,Recommended,"Play and imagination:  Before age 5.0","",,"Nulled value range of:   0; 1; 2 to accept outlier data","",""
adi_al_ctimp_b,Integer,0,,Recommended,"Constructive or imaginative play:  Ever","",,"Nulled value range of:   0; 1; 2 to accept outlier data","","q22_24"
adi_al_dllsk,Integer,0,,Recommended,"Duration of loss of language skills","0 - 800;  993; 994; 998; 999",,"","","q22_19"
adi_al_gllsk,Integer,0,,Recommended,"Duration of loss of language skills","0 - 800;  993; 994; 998; 999",,"","","q22_28"
adi_al_lclbl,Integer,0,,Recommended,"Level of communicative language before loss","",,"Nulled value range of:   0; 1; 2; 3; 8; 9 to accept outlier data","","q22_12"
adi_al_lllsa,Integer,0,,Recommended,"Loss of language skills after acquisition:  Ever","",,"Nulled value range of:   0; 1 to accept outlier data","","q22_11"
adi_al_lsosk_a,Integer,0,,Recommended,"Loss of skills (for at least 3 months):  Before age 5.0","",,"Nulled value range of:   0; 1; 2; 8; 9 to accept outlier data","",""
adi_al_lsosk_b,Integer,0,,Recommended,"Loss of skills (for at least 3 months):  Ever","",,"Nulled value range of:   0; 1; 2; 9 to accept outlier data","",""
adi_al_mtrsk_a,Integer,0,,Recommended,"Area of Loss:  Motor Skills:  Before age 5.0","",,"Nulled value range of:   0; 1; 2 to accept outlier data","",""
adi_al_mtrsk_b,Integer,0,,Recommended,"Area of Loss:  Motor Skills","",,"Nulled value range of:   0; 1; 2 to accept outlier data","",""
adi_al_phmvt_a,Integer,0,,Recommended,"Loss of purposive hand use:  Current","",,"Nulled value range of:   0; 1; 2; 3; 9 to accept outlier data","",""
adi_al_phmvt_b,Integer,0,,Recommended,"Purposive hand movements:  Ever","",,"Nulled value range of:   0; 1; 2 to accept outlier data","",""
adi_al_searp_a,Integer,0,,Recommended,"Social interest and responsiveness:  Before age 5.0","",,"Nulled value range of:   0; 1; 2 to accept outlier data","",""
adi_al_searp_b,Integer,0,,Recommended,"Social engagement and responsiveness:  Ever","",,"Nulled value range of:   0; 1; 2 to accept outlier data","",""
adi_al_shpsk,Integer,0,,Recommended,"Self-help skills:  Ever","",,"Nulled value range of:   0; 1; 2 to accept outlier data","","q22_23"
adi_ca_alga1,Integer,0,,Recommended,"Failure to use nonverbal behaviors to regulate social interaction","",,"","",""
adi_cc_ovamt,String,1024,,Recommended,"ADI: Concluding Comments: Overall Assessment","",,"","",""
adi_cc_ctcnb,String,1024,,Recommended,"Current Concerns (specify)","",,"","",""
adi_cc_ctcnb_a,Integer,0,,Recommended,"Current Concerns","",,"","",""
adi_cc_ctcnb_b,Integer,0,,Recommended,"Current Concerns","",,"","",""
adi_cc_ctcnb_c,Integer,0,,Recommended,"Current Concerns","",,"","",""
adi_cc_ctcnb_d,Integer,0,,Recommended,"Current Concerns","",,"","",""
adi_cc_iiaci,String,255,,Recommended,"ADI: Concluding Comments: Interviewers Impressions and Circumstance of Interview","",,"","",""
adi_sp_favat_5,String,50,,Recommended,"ADI: Favorite activities 1","",,"","",""
adi_cm_artcl,Integer,0,,Recommended,"Loss of language skills after acquisition:  Articulation","",,"Nulled value range of:   0; 1; 2; 8; 9 to accept outlier data","","q22_16"
adi_cm_smcms,Integer,0,,Recommended,"Loss of language skills after acquisition:  Spontaneous, meaningful communicative speech","",,"Nulled value range of:   0; 1; 2; 8; 9 to accept outlier data","","q22_13"
adi_cm_spstx,Integer,0,,Recommended,"Loss of language skills after acquisition:  Simple syntax","",,"Nulled value range of:   0; 1; 2; 8; 9 to accept outlier data","","q22_15"
adi_cm_wswoc,Integer,0,,Recommended,"Loss of language skills after acquisition:  Words used spontaneously w/out clear communicative intent","",,"Nulled value range of:   0; 1; 2; 8; 9 to accept outlier data","","q22_14"
adi_da_aafe,Integer,0,,Recommended,"ADI: Age when abnormality first evident","",,"","",""
adi_da_afp,Integer,0,,Recommended,"ADI: Age at first phrases","",,"","",""
adi_da_afsw,Integer,0,,Recommended,"ADI: Age at first single words - Interim step to calculate summary scores","",,"","",""
adi_da_apfn,Integer,0,,Recommended,"ADI: Age when parents first noticed - Interim step to calculate summary score","",,"","",""
adi_da_ijam,Integer,0,,Recommended,"ADI: Interviewers judgment of age manifest - if less than 36 months, score 1","",,"","",""
adi_date,Float,0,,Recommended,"ADI: Date","",,"","","q22_date"
adi_sp_favty_5,String,50,,Recommended,"ADI: Favorite toys-objects 5","",,"","",""
adi_dx,String,15,,Recommended,"ADI: Diagnosis","",,"","",""
adi_ed_abcdt,Float,0,,Recommended,"Acquisition of bladder control: Daytime","0 - 800;  993; 994; 995; 996; 997; 998; 999",,"","","q22_6"
adi_ed_abcgl,Integer,0,,Recommended,"Acquisition of bowel control","0 - 800;  993; 994; 995; 996; 997; 998; 999",,"","","q22_8"
adi_ed_abcnt,Integer,0,,Recommended,"Acquisition of bladder control:  Nighttime","0 - 800;  993; 994; 995; 996; 997; 998; 999",,"","","q22_7"
adi_ed_agnrl,Float,0,,Recommended,"Age when first noticed that something was not quite right in language, relationships, or behavior","0 - 800;  991; 992; 996; 997; 998; 999",,"","","q22_2"
adi_ed_fsapc,String,1024,,Recommended,"First symptoms to arouse parental concern (specify)","",,"","",""
adi_ed_fsapc_a,Integer,0,,Recommended,"First symptoms to arouse parental concern","",,"","",""
adi_ed_fsapc_b,Integer,0,,Recommended,"First symptoms to arouse parental concern","",,"","",""
adi_ed_fsapc_c,Integer,0,,Recommended,"First symptoms to arouse parental concern","",,"","",""
adi_ed_fsapc_d,Integer,0,,Recommended,"First symptoms to arouse parental concern","",,"","",""
adi_ed_fwuna,Float,0,,Recommended,"First walked unaided","0 - 800;  995; 996; 997; 998; 999",,"","","q22_5"
adi_ed_oapwh,Float,0,,Recommended,"Onset as perceived with hindsight","",,"Nulled value range of:   0; 1; 2; 3; 4; 5; 6; 7; 8; 9 to accept outlier data","","q22_4"
adi_gb_agfab,Integer,0,,Recommended,"Age when abnormality first evident","",,"Nulled value range of:    to accept outlier data","","q22_86"
adi_gb_atcfm_a,Integer,0,,Recommended,"Aggression toward caregivers or family members:  Current","",,"Nulled value range of:   0; 1; 2; 3; 9 to accept outlier data","","q22_81a"
adi_gb_atcfm_b,Integer,0,,Recommended,"Aggression toward caregivers or family members:  Ever","",,"Nulled value range of:   0; 1; 2; 3; 9 to accept outlier data","","q22_81b"
adi_gb_atnfm_a,Integer,0,,Recommended,"Aggression toward noncaregivers or nonfamily members:  Current","",,"Nulled value range of:   0; 1; 2; 3; 9 to accept outlier data","","q22_82a"
adi_gb_atnfm_b,Integer,0,,Recommended,"Aggression toward noncaregivers or nonfamily members:  Ever","",,"Nulled value range of:   0; 1; 2; 3; 9 to accept outlier data","","q22_82b"
adi_gb_cmpab_a,Integer,0,,Recommended,"Computational ability:  Current","",,"Nulled value range of:   0; 1; 2; 7; 8; 9 to accept outlier data","","q22_93a"
adi_gb_cmpab_b,Integer,0,,Recommended,"Computational ability:  Ever","",,"Nulled value range of:   0; 1; 2; 7; 8; 9 to accept outlier data","","q22_93b"
adi_gb_drwsk_a,Integer,0,,Recommended,"Drawing skill:  Current","",,"Nulled value range of:   0; 1; 2; 7; 8; 9 to accept outlier data","","q22_91a"
adi_gb_drwsk_b,Integer,0,,Recommended,"Drawing skill:  Ever","",,"Nulled value range of:   0; 1; 2; 7; 8; 9 to accept outlier data","","q22_91b"
adi_gb_ftfbo_a,Integer,0,,Recommended,"Faints/fits/blackouts:  Current","",,"Nulled value range of:   0; 1; 2; 7; 9 to accept outlier data","","q22_85a"
adi_gb_ftfbo_b,Integer,0,,Recommended,"Faints/fits/blackouts:  Ever","",,"Nulled value range of:   0; 1; 2; 7; 9 to accept outlier data","","q22_85b"
adi_gb_gait_a,Integer,0,,Recommended,"Gait:  Current","",,"Nulled value range of:   0; 1; 2; 3; 7; 8; 9 to accept outlier data","","q22_80a"
adi_gb_gait_b,Integer,0,,Recommended,"Gait:  Most abnormal 4.0 - 5.0","",,"Nulled value range of:   0; 1; 2; 3; 7; 8; 9 to accept outlier data","","q22_80b"
adi_gb_hypvt_a,Integer,0,,Recommended,"Hyperventilation:  Current","",,"Nulled value range of:   0; 1; 2; 9 to accept outlier data","","q22_84a"
adi_gb_hypvt_b,Integer,0,,Recommended,"Hyperventilation:  Ever","",,"Nulled value range of:   0; 1; 2; 9 to accept outlier data","","q22_84b"
adi_gb_itvjd,Float,0,,Recommended,"Interviewers judgment on age when developmental abnormalities probably first manifest","0 - 800",,"","","q22_87"
adi_gb_memsk_a,Integer,0,,Recommended,"Memory skill:  Current","",,"Nulled value range of:   0; 1; 2; 7; 8; 9 to accept outlier data","","q22_89a"
adi_gb_memsk_b,Integer,0,,Recommended,"Memory skill:  Ever","",,"Nulled value range of:   0; 1; 2; 7; 8; 9 to accept outlier data","","q22_89b"
adi_gb_musab_a,Integer,0,,Recommended,"Musical ability:  Current","",,"Nulled value range of:   0; 1; 2; 7; 8; 9 to accept outlier data","","q22_90a"
adi_gb_musab_b,Integer,0,,Recommended,"Musical ability:  Ever","",,"Nulled value range of:   0; 1; 2; 7; 8; 9 to accept outlier data","","q22_90b"
adi_gb_reada_a,Integer,0,,Recommended,"Reading ability:  Current","",,"Nulled value range of:   0; 1; 2; 7; 8; 9 to accept outlier data","","q22_92a"
adi_gb_reada_b,Integer,0,,Recommended,"Reading ability:  Ever","",,"Nulled value range of:   0; 1; 2; 7; 8; 9 to accept outlier data","","q22_92b"
adi_gb_slfin_a,Integer,0,,Recommended,"Self-injury:  Current","",,"Nulled value range of:   0; 1; 2; 3; 9 to accept outlier data","","q22_83a"
adi_gb_slfin_b,Integer,0,,Recommended,"Self-injury:  Ever","",,"Nulled value range of:   0; 1; 2; 3; 9 to accept outlier data","","q22_83b"
adi_gb_vspla_a,Integer,0,,Recommended,"Visuospatial ability:  Current","",,"Nulled value range of:   0; 1; 2; 7; 8; 9 to accept outlier data","","q22_88a"
adi_gb_vspla_b,Integer,0,,Recommended,"Visuospatial ability:  Ever","",,"Nulled value range of:   0; 1; 2; 7; 8; 9 to accept outlier data","","q22_88b"
adi_ib_ainrs_a,Integer,0,,Recommended,"Abnormal idiosyncratic negative response to specific sensory stimuli:  Current","",,"Nulled value range of:   0; 1; 2; 3; 9 to accept outlier data","","q22_73a"
adi_ib_ainrs_b,Integer,0,,Recommended,"Abnormal idiosyncratic negative response to specific sensory stimuli:  Ever","",,"Nulled value range of:   0; 1; 2; 3; 9 to accept outlier data","","q22_73b"
adi_ib_cmprt_a,Integer,0,,Recommended,"Compulsions/rituals:  Current","0; 1; 2; 3; 9",,"","","q22_70a"
adi_ib_cmprt_b,Integer,0,,Recommended,"Compulsions/rituals:  Ever","0; 1; 2; 3; 9",,"","","q22_70b"
adi_ib_crcit_a,Integer,0,,Recommended,"Circumscribed interests:  Current (3.0 or older)","0; 1; 2; 3; 8; 9",,"","","q22_68a"
adi_ib_crcit_b,Integer,0,,Recommended,"Circumscribed interests:  Ever (3.0 or older)","0; 1; 2; 3; 8; 9",,"","","q22_68b"
adi_ib_dmcrp_a,Integer,0,,Recommended,"Difficulties with minor changes in subjects own routine or personal environment:  Current","",,"Nulled value range of:   0; 1; 2; 3; 9 to accept outlier data","","q22_74a"
adi_ib_dmcrp_b,Integer,0,,Recommended,"Difficulties with minor changes in subjects own routine or personal environment:  Ever","",,"Nulled value range of:   0; 1; 2; 3; 9 to accept outlier data","","q22_74b"
adi_ib_hdfgm_a,Integer,0,,Recommended,"Hand and finger mannerisms:  Current","0; 1; 2; 3; 8; 9",,"","","q22_77a"
adi_ib_hdfgm_b,Integer,0,,Recommended,"Hand and finger mannerisms:  Ever","0; 1; 2; 3; 8; 9",,"","","q22_77b"
adi_ib_mdhdm_a,Integer,0,,Recommended,"Midline hand movements:  Current","",,"Nulled value range of:   0; 1; 2; 8; 9 to accept outlier data","","q22_79a"
adi_ib_mdhdm_b,Integer,0,,Recommended,"Midline hand movements:  Ever","",,"Nulled value range of:   0; 1; 2; 8; 9 to accept outlier data","","q22_79b"
adi_ib_ocmsb_a,Integer,0,,Recommended,"Other complex mannerisms or stereotyped body movements:  Current","0; 1; 2; 3; 8; 9",,"","","q22_78a"
adi_ib_ocmsb_b,Integer,0,,Recommended,"Other complex mannerisms or stereotyped body movements:  Ever","0; 1; 2; 3; 8; 9",,"","","q22_78b"
adi_ib_rpuob_a,Integer,0,,Recommended,"Repetitive use of objects or interests in parts of objects:  Current","0; 1; 2; 3; 7; 8; 9",,"","","q22_69a"
adi_ib_rpuob_b,Integer,0,,Recommended,"Repetitive use of objects or interests in parts of objects:  Ever","0; 1; 2; 3; 7; 8; 9",,"","","q22_69b"
adi_ib_rtcev_a,Integer,0,,Recommended,"Resistance to trivial changes in the environment:  Current","",,"Nulled value range of:   0; 1; 2; 3; 9 to accept outlier data","","q22_75a"
adi_ib_rtcev_b,Integer,0,,Recommended,"Resistance to trivial changes in the environment:  Ever","",,"Nulled value range of:   0; 1; 2; 3; 9 to accept outlier data","","q22_75b"
adi_ib_uatto_a,Integer,0,,Recommended,"Unusual attachment to objects:  Current","",,"Nulled value range of:   0; 1; 2; 3; 6; 7; 9 to accept outlier data","","q22_76a"
adi_ib_uatto_b,Integer,0,,Recommended,"Unusual attachment to objects:  Ever","",,"Nulled value range of:   0; 1; 2; 3; 6; 7; 9 to accept outlier data","","q22_76b"
adi_ib_ugstn_a,Integer,0,,Recommended,"Unduly sensitive to noise:  Current","",,"Nulled value range of:   0; 1; 2; 3; 9 to accept outlier data","","q22_72a"
adi_ib_ugstn_b,Integer,0,,Recommended,"Unduly sensitive to noise:  Ever","",,"Nulled value range of:   0; 1; 2; 3; 9 to accept outlier data","","q22_72b"
adi_ib_unpro_a,Integer,0,,Recommended,"Unusual preoccupations:  Current","0; 1; 2; 3; 9",,"","","q22_67a"
adi_ib_unpro_b,Integer,0,,Recommended,"Unusual preoccupations:  Ever","0; 1; 2; 3; 9",,"","","q22_67b"
adi_ib_unsyi_a,Integer,0,,Recommended,"Unusual sensory interests:  Current","0; 1; 2; 9",,"","","q22_71a"
adi_ib_unsyi_b,Integer,0,,Recommended,"Unusual sensory interests:  Ever","0; 1; 2; 9",,"","","q22_71b"
adi_lc_artpn_a,Integer,0,,Recommended,"Articulation and pronunciation:  Current (4.0 or older)","",,"Nulled value range of:   0; 1; 2; 3; 8; 9 to accept outlier data","","q22_32a"
adi_lc_artpn_b,Integer,0,,Recommended,"Articulation and pronunciation:  At 5.0 years","",,"Nulled value range of:   0; 1; 2; 3; 8; 9 to accept outlier data","","q22_32b"
adi_lc_attvc_a,Integer,0,,Recommended,"Attention to voice:  Current (under 5.0)","",,"Nulled value range of:   0; 1; 2; 3; 8; 9 to accept outlier data","","q22_46a"
adi_lc_attvc_b,Integer,0,,Recommended,"Attention to voice:  Most abnormal 4.0 - 5.0","",,"Nulled value range of:   0; 1; 2; 3; 8; 9 to accept outlier data","","q22_46b"
adi_lc_cistg_a,Integer,0,,Recommended,"Conventional/instrumental gestures:  Current","0; 1; 2; 3; 8; 9",,"","","q22_45a"
adi_lc_cistg_b,Integer,0,,Recommended,"Conventional/instrumental gestures:  Most abnormal 4.0 - 5.0","0; 1; 2; 3; 8; 9",,"","","q22_45b"
adi_lc_cpslg_a,Integer,0,,Recommended,"Comprehension of simple language:  Current","",,"Nulled value range of:   0; 1; 2; 3; 4; 8; 9 to accept outlier data","","q22_29a"
adi_lc_cpslg_b,Integer,0,,Recommended,"Comprehension of simple language:  Most abnormal 4.0 - 5.0","",,"Nulled value range of:   0; 1; 2; 3; 4; 8; 9 to accept outlier data","","q22_29b"
adi_lc_ctcms_a,Integer,0,,Recommended,"Current communicative speech:  Current","",,"Nulled value range of:   0; 1; 2; 3; 8; 9 to accept outlier data","","q22_41a"
adi_lc_ctcms_b,Integer,0,,Recommended,"Current communicative speech: At 5.0 years","",,"Nulled value range of:   0; 1; 2; 3; 8; 9 to accept outlier data","","q22_41b"
adi_lc_hdshk_a,Integer,0,,Recommended,"Head shaking:  Current","0; 1; 2; 8; 9",,"","","q22_44a"
adi_lc_hdshk_b,Integer,0,,Recommended,"Head shaking:  Most abnormal 4.0  - 5.0","0; 1; 2; 8; 9",,"","","q22_44b"
adi_lc_imgpl_a,Integer,0,,Recommended,"Imaginative play:  Current (under 10.0)","0; 1; 2; 3; 8; 9",,"","","q22_48a"
adi_lc_imgpl_b,Integer,0,,Recommended,"Imaginative play:  Most abnormal 4.0 - 5.0","0; 1; 2; 3; 8; 9",,"","",""
adi_lc_impwp_a,Integer,0,,Recommended,"Imaginative play with peers:  Current (Over 4.0 and under 10.0)","0; 1; 2; 3; 8; 9",,"","","q22_49a"
adi_lc_impwp_b,Integer,0,,Recommended,"Imaginative play with peers:  Most abnormal 4.0 - 5.0","0; 1; 2; 3; 8; 9",,"","","q22_49b"
adi_lc_inqos_a,Integer,0,,Recommended,"Inappropriate questions or statements:  Current","0; 1; 2; 8; 9",,"","","q22_36a"
adi_lc_inqos_b,Integer,0,,Recommended,"Inappropriate questions or statements:  Ever","0; 1; 2; 8; 9",,"","","q22_36b"
adi_lc_ivrrt_a,Integer,0,,Recommended,"Intonation/volume/rhythm/rate:  Current","",,"Nulled value range of:   0; 1; 2; 3; 7; 8; 9 to accept outlier data","","q22_40a"
adi_lc_ivrrt_b,Integer,0,,Recommended,"Intonation/volume/rhythm/rate:  Ever","",,"Nulled value range of:   0; 1; 2; 3; 7; 8; 9 to accept outlier data","","q22_40b"
adi_lc_neidl_a,Integer,0,,Recommended,"Neologisms/idiosyncratic language:  Current","0; 1; 2; 8; 9",,"","","q22_38a"
adi_lc_neidl_b,Integer,0,,Recommended,"Neologisms/idiosyncratic language:  Ever","0; 1; 2; 8; 9",,"","","q22_38b"
adi_lc_noddg_a,Integer,0,,Recommended,"Nodding:  Current","0; 1; 2; 8; 9",,"","","q22_43a"
adi_lc_noddg_b,Integer,0,,Recommended,"Nodding:  Most abnormal 4.0 - 5.0","0; 1; 2; 8; 9",,"","","q22_43b"
adi_lc_ovlol,Integer,0,,Recommended,"Overall level of language","",,"Nulled value range of:   0; 1; 2 to accept outlier data","","q22_30"
adi_lc_pnmrv_a,Integer,0,,Recommended,"Pronominal reversal:  Current","0; 1; 2; 3; 7; 8; 9",,"","","q22_37a"
adi_lc_pnmrv_b,Integer,0,,Recommended,"Pronominal reversal:  Ever","0; 1; 2; 3; 7; 8; 9",,"","","q22_37b"
adi_lc_ptexp_a,Integer,0,,Recommended,"Pointing to express interest:  Current","0; 1; 2; 8; 9",,"","","q22_42a"
adi_lc_ptexp_b,Integer,0,,Recommended,"Pointing to express interest:  Most abnormal","0; 1; 2; 8; 9",,"","","q22_42b"
adi_lc_rcpcv_a,Integer,0,,Recommended,"Reciprocal Conversation:  Current","0; 1; 2; 3; 8; 9",,"","","q22_35a"
adi_lc_rcpcv_b,Integer,0,,Recommended,"Reciprocal Conversation:  Ever (when verbal)","0; 1; 2; 3; 8; 9",,"","","q22_35b"
adi_lc_scvbc_a,Integer,0,,Recommended,"Social verbalization/chat:  Current","0; 1; 2; 8; 9",,"","","q22_34a"
adi_lc_scvbc_b,Integer,0,,Recommended,"Social verbalization/chat:  Ever (when verbal)","0; 1; 2; 8; 9",,"","","q22_34b"
adi_lc_spioa_a,Integer,0,,Recommended,"Spontaneous imitation of actions:  Current (under 10.0)","0; 1; 2; 3; 8; 9",,"","","q22_47a"
adi_lc_spioa_b,Integer,0,,Recommended,"Spontaneous imitation of actions:  Most abnormal 4.0 - 5.0","0; 1; 2; 3; 8; 9",,"","","q22_47b"
adi_lc_suade_a,Integer,0,,Recommended,"Stereotyped utterances and delayed echolalia:  Current","0; 1; 2; 3; 8; 9",,"","","q22_33a"
adi_lc_suade_b,Integer,0,,Recommended,"Stereotyped utterances and delayed echolalia:  Ever","0; 1; 2; 3; 8; 9",,"","","q22_33b"
adi_lc_uobtc_a,Integer,0,,Recommended,"Use of others body to communicate:  Current","0; 1; 2; 3; 8; 9",,"","","q22_31a"
adi_lc_uobtc_b,Integer,0,,Recommended,"Use of others body to communicate:  Ever","0; 1; 2; 3; 8; 9",,"","","q22_31b"
adi_lc_vblrt_a,Integer,0,,Recommended,"Verbal rituals:  Current","0; 1; 2; 3; 8; 9",,"","","q22_39a"
adi_lc_vblrt_b,Integer,0,,Recommended,"Verbal rituals:  Ever","0; 1; 2; 3; 8; 9",,"","","q22_39b"
adi_sp_apscr_a,Integer,0,,Recommended,"Appropriateness of social responses:  Current","0; 1; 2; 3; 8; 9",,"","","q22_59a"
adi_sp_apscr_b,Integer,0,,Recommended,"Appropriateness of social responses:  Most abnormal 4.0 - 5.0","0; 1; 2; 3; 8; 9",,"","","q22_59b"
adi_sp_dirgz_a,Integer,0,,Recommended,"Direct gaze:  Current (under 5.0)","0; 1; 2; 3; 8; 9",,"","","q22_50a"
adi_sp_dirgz_b,Integer,0,,Recommended,"Direct gaze:  Most abnormal 4.0 - 5.0","0; 1; 2; 3; 8; 9",,"","","q22_50b"
adi_sp_favat_1,String,50,,Recommended,"Favorite activities 1","",,"","",""
adi_sp_favat_2,String,50,,Recommended,"Favorite activities 2","",,"","",""
adi_sp_favat_3,String,50,,Recommended,"Favorite activities 3","",,"","",""
adi_sp_favat_4,String,50,,Recommended,"Favorite activities 4","",,"","",""
adi_sp_favty_1,String,50,,Recommended,"Favorite toys/objects","",,"","",""
adi_sp_favty_2,String,50,,Recommended,"Favorite toys/objects","",,"","",""
adi_sp_favty_3,String,50,,Recommended,"Favorite toys/objects","",,"","",""
adi_sp_favty_4,String,50,,Recommended,"Favorite toys/objects","",,"","",""
adi_sp_frdsp_a,Integer,0,,Recommended,"Friendships:  Current (5.0 or older)","0; 1; 2; 3; 8; 9",,"","","q22_65a"
adi_sp_frdsp_b,Integer,0,,Recommended,"Friendships:  Most abnormal 10.0 - 15.0","0; 1; 2; 3; 8; 9",,"","","q22_65b"
adi_sp_gpwpr_a,Integer,0,,Recommended,"Group play with peers:  Current (Over 4.0 and under 10.0)","0; 1; 2; 3; 8; 9",,"","","q22_64a"
adi_sp_gpwpr_b,Integer,0,,Recommended,"Group play with peers:  Most abnormal 4.0 - 5.0","0; 1; 2; 3; 8; 9",,"","","q22_64b"
adi_sp_imscp_a,Integer,0,,Recommended,"Imitative social play:  Current (under 10.0)","0; 1; 2; 3; 8; 9",,"","","q22_61a"
adi_sp_imscp_b,Integer,0,,Recommended,"Imitative social play:  Most abnormal 4.0 - 5.0","0; 1; 2; 3; 8; 9",,"","","q22_61b"
adi_sp_inapa_a,Integer,0,,Recommended,"Initiation of appropriate activities:  Current","",,"Nulled value range of:   0; 1; 2; 3; 8; 9 to accept outlier data","","q22_60a"
adi_sp_inapa_b,Integer,0,,Recommended,"Initiation of appropriate activities:  Most abnormal 4.0 - 5.0","",,"Nulled value range of:   0; 1; 2; 3; 8; 9 to accept outlier data","","q22_60b"
adi_sp_infex_a,Integer,0,,Recommended,"Inappropriate facial expression:  Current","0; 1; 2; 8; 9",,"","","q22_58a"
adi_sp_infex_b,Integer,0,,Recommended,"Inappropriate facial expression:  Ever","0; 1; 2; 8; 9",,"","","q22_58b"
adi_sp_intcd_a,Integer,0,,Recommended,"Interest in children:  Current (under 10.0)","0; 1; 2; 3; 8; 9",,"","","q22_62a"
adi_sp_intcd_b,Integer,0,,Recommended,"Interest in children:  Most abnormal 4.0 - 5.0","0; 1; 2; 3; 8; 9",,"","","q22_62b"
adi_sp_ofcmf_a,Integer,0,,Recommended,"Offers comfort:  Current","0; 1; 2; 3; 8; 9",,"","","q22_55a"
adi_sp_ofcmf_b,Integer,0,,Recommended,"Offers comfort:  Most abnormal 4.0 - 5.0","0; 1; 2; 3; 8; 9",,"","","q22_55b"
adi_sp_ofrsh_a,Integer,0,,Recommended,"Offering to share:  Current","0; 1; 2; 3; 8; 9",,"","","q22_53a"
adi_sp_ofrsh_b,Integer,0,,Recommended,"Offering to share:  Most abnormal 4.0 - 5.0","0; 1; 2; 3; 8; 9",,"","","q22_53b"
adi_sp_qlsco_a,Integer,0,,Recommended,"Quality of social overtures:  Current","0; 1; 2; 3; 8; 9",,"","","q22_56a"
adi_sp_qlsco_b,Integer,0,,Recommended,"Quality of social overtures:  Most abnormal 4.0 - 5.0","0; 1; 2; 3; 8; 9",,"","","q22_56b"
adi_sp_rgfce_a,Integer,0,,Recommended,"Range of facial expression:  Current","0; 1; 2; 3; 8; 9",,"","","q22_57a"
adi_sp_rgfce_b,Integer,0,,Recommended,"Range of facial expression:  Most abnormal 4.0 - 5.0","0; 1; 2; 3; 8; 9",,"","","q22_57b"
adi_sp_rspap_a,Integer,0,,Recommended,"Response to approaches of other children:  Current (under 10.0)","0; 1; 2; 3; 8; 9",,"","","q22_63a"
adi_sp_rspap_b,Integer,0,,Recommended,"Response to approaches of other children:  Most abnormal 4.0 - 5.0","0; 1; 2; 3; 8; 9",,"","","q22_63b"
adi_sp_sclds_a,Integer,0,,Recommended,"Social disinhibition:  Current (4.0 and above)","",,"Nulled value range of:   0; 1; 2; 3; 8; 9 to accept outlier data","","q22_66a"
adi_sp_sclds_b,Integer,0,,Recommended,"Social disinhibition:  Most abnormal 4.0 - 5.0","",,"Nulled value range of:   0; 1; 2; 3; 8; 9 to accept outlier data","","q22_66b"
adi_sp_sclsm_a,Integer,0,,Recommended,"Social smiling:  Current","0; 1; 2; 3; 8; 9",,"","","q22_51a"
adi_sp_sclsm_b,Integer,0,,Recommended,"Social smiling:  Most abnormal 4.0 - 5.0","0; 1; 2; 3; 8; 9",,"","","q22_51b"
adi_sp_ssenj_a,Integer,0,,Recommended,"Seeking to share her/his enjoyment with others:  Current","0; 1; 2; 8; 9",,"","","q22_54a"
adi_sp_ssenj_b,Integer,0,,Recommended,"Seeking to share her/his enjoyment with others:  Most abnormal 4.0 - 5.0","0; 1; 2; 8; 9",,"","","q22_54b"
adi_sp_swdra_a,Integer,0,,Recommended,"Showing and directing attention:  Current","0; 1; 2; 3; 8; 9",,"","","q22_52a"
adi_sp_swdra_b,Integer,0,,Recommended,"Showing and directing attention:  Most abnormal 4-5","0; 1; 2; 3; 8; 9",,"","","q22_52b"
adi_version,String,35,,Recommended,"ADI: Version","",,"","",""
adi_bg_meds_r2,String,100,,Optional,"ADI: Background Information: Medication, This field was modified to allow large strings","",,"","","ADI_BG_MEDS"
adi_bg_prstm_r2,String,100,,Optional,"ADI: Background Information: Personalized Timing, expanded to 100 characters","",,"Expanded ADI_PRSTM to 100 bytes","","adi_bg_prstm_r2"
