ElementName,DataType,Size,Unit,Required,ElementDescription,ValueRange,Keywords,Notes,Section,Aliases
subjectkey,GUID,0,,Required,"The NDAR Global Unique Identifier (GUID) for subjects which identifies a subject in NDAR","NDAR*",,"","",""
interview_date,Date,0,,Recommended,"Date on which the interview/genetic test/sampling/imaging was completed","MM/yyyy;MM/dd/yyyy",,"* '01/01/1900' indicates that a date associated with retrospective data is not known.","","adi_date_std"
cycle,Integer,0,,Recommended,"Timepoint information","",,"","",""
patid,String,20,,Recommended,"src_Subject_id","",,"Patient IDs were assigned at the research site for CPEA and STAART","",""
network,String,20,,Recommended,"Network","",,"CPEA or STAART Network","",""
site,String,20,,Recommended,"Site","",,"CPEA or STAART Site","",""
study,String,100,,Recommended,"Study","",,"CPEA or STAART Study","",""
adi_da_afp,Integer,0,,Recommended,"ADI: Age at first phrases","",,"","",""
adi_al_agfpu,Float,0,,Recommended,"Age of first phrases","0 - 800;  993; 994; 996; 997; 999",,"","",""
adi_al_agfsw,Float,0,,Recommended,"Age of first single words","0 - 800;  993; 994; 996; 997; 999",,"","",""
adi_da_afsw,Integer,0,,Recommended,"ADI: Age at first single words - Interim step to calculate summary scores","",,"","",""
adi_dx,String,15,,Recommended,"ADI: Diagnosis","",,"","",""
adi_date,Float,0,,Required,"ADI: Date","",,"","",""
adi_version,String,35,,Recommended,"ADI: Version","",,"","",""
adi_gb_agfab,Integer,0,,Recommended,"Age when abnormality first evident","",,"Nulled value range of:    to accept outlier data","",""
