ElementName,DataType,Size,Unit,Required,ElementDescription,ValueRange,Keywords,Notes,Section,Aliases
subjectkey,GUID,0,,Required,"The NDAR Global Unique Identifier (GUID) for subjects which identifies a subject in NDAR","NDAR*",,"","",""
interview_date,Date,0,,Recommended,"Date on which the interview/genetic test/sampling/imaging was completed","MM/yyyy;MM/dd/yyyy",,"* '01/01/1900' indicates that a date associated with retrospective data is not known.","","ADOS_DATE_STD"
cycle,Integer,0,,Recommended,"Timepoint information","",,"","",""
patid,String,20,,Recommended,"src_Subject_id","",,"Patient IDs were assigned at the research site for CPEA and STAART","",""
network,String,20,,Recommended,"Network","",,"CPEA or STAART Network","",""
site,String,20,,Recommended,"Site","",,"CPEA or STAART Site","",""
study,String,100,,Recommended,"Study","",,"CPEA or STAART Study","",""
ados_alg_cmsit,Integer,0,,Recommended,"Communication  Social Interaction Total","0 - 24",,"","",""
ados_alg_commt,Integer,0,,Recommended,"Communication Total","0 - 10",,"","",""
ados_alg_imgcr,Integer,0,,Recommended,"Imagination Creativity","0 - 2",,"","",""
ados_alg_sbrit,Integer,0,,Recommended,"Stereotyped Behaviors and Restricted Interests Total","0 - 6",,"","",""
ados_alg_sbrits,Integer,0,,Recommended,"ADOS: Stereotyped Behaviors-Restricted Interests Severity Score","",,"","",""
ados_alg_sclit,Integer,0,,Recommended,"Social Interaction Total","0 - 14",,"","",""
ados_alg_sclits,Integer,0,,Recommended,"ADOS: Social Severity Score","",,"","",""
ados_date,Integer,0,,Recommended,"ADOS Date","",,"","",""
ados_dia_class,String,50,,Recommended,"ADOS Classification","",,"","",""
ados_dia_diag,String,75,,Recommended,"Overall Diagnosis","",,"","",""
ados_dx,String,15,,Recommended,"ADOS Diagnosis","",,"","",""
ados_lac_afinf,Integer,0,,Recommended,"Asks for Information","",,"Nulled value range of:   0;1;2;3 to accept outlier data","",""
ados_lac_cnvst,Integer,0,,Recommended,"Conversation","",,"Nulled value range of:   0;1;2;3 to accept outlier data","",""
ados_lac_dciig,Integer,0,,Recommended,"Descriptive, Conventional, Instrumental, or Informational Gestures","",,"Nulled value range of:   0;1;2;3;8 to accept outlier data","",""
ados_lac_eoegt,Integer,0,,Recommended,"Emphatic or Emotional Gestures","",,"Nulled value range of:   0;1;2;3;8 to accept outlier data","",""
ados_lac_imech,Integer,0,,Recommended,"Immediate Echolalia","",,"Nulled value range of :0;1;2;3;8 to accept outlier data","",""
ados_lac_offrs,Integer,0,,Recommended,"Offers Information","",,"Nulled value range of:   0;1;2 to accept outlier data","",""
ados_lac_olnel34,Integer,0,,Recommended,"Overall Level of Non-Echoed Language","",,"Nulled value range of:   0;1;2;3 to accept outlier data","",""
ados_lac_rptev,Integer,0,,Recommended,"Reporting of Events","",,"Nulled value range of:   0;1;2;3 to accept outlier data","",""
ados_lac_saawa,Integer,0,,Recommended,"Speech Abnormalities Associated with Autism (Intonation/Volumen/Rhythm/Rate)","",,"Nulled value range of:   0;1;2;7;8 to accept outlier data","",""
ados_lac_stidw234,Integer,0,,Recommended,"Stereotyped/Idiosyncratic Use of Words (or Phrases)","",,"Nulled value range of:   0;1;2;3 to accept outlier data","",""
ados_module,Integer,0,,Recommended,"ADOS Module","",,"","",""
ados_oab_anxty,Integer,0,,Recommended,"Anxiety","",,"Nulled value range of:   0;1;2 to accept outlier data","",""
ados_oab_ovrat,Integer,0,,Recommended,"Overactivity","",,"Nulled value range of:   0;1;2;7 to accept outlier data","",""
ados_oab_tandb,Integer,0,,Recommended,"Tantrums, Aggression, Negative or Disruptive Behavior","",,"Nulled value range of:   0;1;2 to accept outlier data","",""
ados_ply_imgcr34,Integer,0,,Recommended,"Imagination/Creativity","",,"Nulled value range of:   0;1;2;3 to accept outlier data","",""
ados_rsi_arscm,Integer,0,,Recommended,"Amount of Reciprocal Social Communication","",,"Nulled value range of:   0;1;2;3 to accept outlier data","",""
ados_rsi_cmooa,Integer,0,,Recommended,"Communication of Own Affect","",,"Nulled value range of:   0;1;2;3 to accept outlier data","",""
ados_rsi_ecooe,Integer,0,,Recommended,"Empathy/Comments on Others Emotions","",,"Nulled value range of:   0;1;2;3 to accept outlier data","",""
ados_rsi_fedto,Integer,0,,Recommended,"Facial Expression Directed to Others","",,"Nulled value range of:   0;1;2 to accept outlier data","",""
ados_rsi_insgt,Integer,0,,Recommended,"Insight","",,"Nulled value range of:   0;1;2;3 to accept outlier data","",""
ados_rsi_lplnc,Integer,0,,Recommended,"Language Production and Linked Nonverbal Communication","",,"Nulled value range of:   0;1;2;7;8 to accept outlier data","",""
ados_rsi_oqorp,Integer,0,,Recommended,"Overall Quality of Rapport","",,"Nulled value range of:   0;1;2;3 to accept outlier data","",""
ados_rsi_qsclo,Integer,0,,Recommended,"Quality of Social Overtures","",,"Nulled value range of:   0;1;2;3 to accept outlier data","",""
ados_rsi_qsclr,Integer,0,,Recommended,"Quality of Social Response","",,"Nulled value range of:   0;1;2;3 to accept outlier data","",""
ados_rsi_rspbt,Integer,0,,Recommended,"Responsibility","",,"Nulled value range of:   0;1;2 to accept outlier data","",""
ados_rsi_uneyc,Integer,0,,Recommended,"Unusual Eye Contact","",,"Nulled value range of:    to accept outlier data","",""
ados_sar_bhvir,Integer,0,,Recommended,"ADOS: Stereotyped Behaviors and Restricted Interests: Behavior When Interrupted","",,"","",""
ados_sar_cmrtl,Integer,0,,Recommended,"Compulsions or Rituals","",,"Nulled value range of:   0;1;2 to accept outlier data","",""
ados_sar_erust,Integer,0,,Recommended,"Excessive Interest in or References to Unusual or Highly Specific Topics or Objects or Repetitive Behaviors","",,"Nulled value range of:   0;1;2;3 to accept outlier data","",""
ados_sar_hfocm,Integer,0,,Recommended,"Hand and Finger and Other Complex Mannerisms","",,"Nulled value range of:   0;1;2 to accept outlier data","",""
ados_sar_sfijb,Integer,0,,Recommended,"Self-Injurious Behavior","",,"Nulled value range of:   0;1;2 to accept outlier data","",""
ados_sar_usipm,Integer,0,,Recommended,"Unusual Sensory Interest in Play Material Person","",,"Nulled value range of:   0;1;2 to accept outlier data","",""
ados_version,String,35,,Recommended,"ADOS Version","",,"","",""
