ElementName,DataType,Size,Unit,Required,ElementDescription,ValueRange,Keywords,Notes,Section,Aliases
subjectkey,GUID,0,,Recommended,"The NDAR Global Unique Identifier (GUID) for subjects which identifies a subject in NDAR","NDAR*",,"","",""
patid,String,20,,Required,"src_Subject_id","",,"Patient IDs were assigned at the research site for CPEA and STAART","HEADER",""
network,String,20,,Required,"Network","",,"CPEA or STAART Network","",""
site,String,20,,Required,"Site","",,"CPEA or STAART Site","",""
study,String,100,,Required,"Study","",,"CPEA or STAART Study","",""
cycle,Integer,0,,Required,"Timepoint information","",,"","HEADER",""
phase,Integer,0,,Recommended,"Phase","1; 2; 3; 4",,"","HEADER",""
q42_date,String,10,,Required,"Date","",,"SAS date","HEADER",""
interview_date,Date,0,,Required,"Date on which the interview/genetic test/sampling/imaging was completed","MM/yyyy;MM/dd/yyyy",,"* '01/01/1900' indicates that a date associated with retrospective data is not known.","",""
q42_prim,Integer,0,,Optional,"Primary Source Mother","0;1;-1",,"","HEADER",""
q42_prif,Integer,0,,Optional,"Primary Source Father","0;1;-1",,"","HEADER",""
q42_pric,Integer,0,,Optional,"Primary Source Child","0;1;-1",,"","HEADER",""
q42_prio,Integer,0,,Optional,"Primary Source Other","0;1;-1",,"","HEADER",""
q42_a1a,Integer,0,,Recommended,"Pretest black","0;1",,"","COLORS",""
q42_a2a,Integer,0,,Recommended,"Pretest green","0;1",,"","COLORS",""
q42_a3a,Integer,0,,Recommended,"Pretest pink","0;1",,"","COLORS",""
q42_a4a,Integer,0,,Recommended,"Pretest blue","0;1",,"","COLORS",""
q42_a5a,Integer,0,,Recommended,"Pretest white","0;1",,"","COLORS",""
q42_a6a,Integer,0,,Recommended,"Pretest orange","0;1",,"","COLORS",""
q42_a7a,Integer,0,,Recommended,"Pretest yellow","0;1",,"","COLORS",""
q42_a8a,Integer,0,,Recommended,"Pretest red","0;1",,"","COLORS",""
q42_a9a,Integer,0,,Recommended,"Pretest purple","0;1",,"","COLORS",""
q42_a10a,Integer,0,,Recommended,"Pretest brown","0;1",,"","COLORS",""
q42_a11a,Integer,0,,Recommended,"Pretest gray","0;1",,"","COLORS",""
q42_a1b,Integer,0,,Recommended,"Posttest black","0;1",,"","COLORS",""
q42_a2b,Integer,0,,Recommended,"Posttest green","0;1",,"","COLORS",""
q42_a3b,Integer,0,,Recommended,"Posttest pink","0;1",,"","COLORS",""
q42_a4b,Integer,0,,Recommended,"Posttest blue","0;1",,"","COLORS",""
q42_a5b,Integer,0,,Recommended,"Posttest white","0;1",,"","COLORS",""
q42_a6b,Integer,0,,Recommended,"Posttest orange","0;1",,"","COLORS",""
q42_a7b,Integer,0,,Recommended,"Posttest yellow","0;1",,"","COLORS",""
q42_a8b,Integer,0,,Recommended,"Posttest red","0;1",,"","COLORS",""
q42_a9b,Integer,0,,Recommended,"Posttest purple","0;1",,"","COLORS",""
q42_a10b,Integer,0,,Recommended,"Posttest brown","0;1",,"","COLORS",""
q42_a11b,Integer,0,,Recommended,"Posttest gray","0;1",,"","COLORS",""
q42_b1a,Integer,0,,Recommended,"Pretest the A","0;1",,"","LETTERS",""
q42_b2a,Integer,0,,Recommended,"Pretest the X","0;1",,"","LETTERS",""
q42_b3a,Integer,0,,Recommended,"Pretest the S","0;1",,"","LETTERS",""
q42_b4a,Integer,0,,Recommended,"Pretest the W","0;1",,"","LETTERS",""
q42_b5a,Integer,0,,Recommended,"Pretest the H","0;1",,"","LETTERS",""
q42_b6a,Integer,0,,Recommended,"Pretest the K","0;1",,"","LETTERS",""
q42_b7a,Integer,0,,Recommended,"Pretest the Q","0;1",,"","LETTERS",""
q42_b8a,Integer,0,,Recommended,"Pretest the D","0;1",,"","LETTERS",""
q42_b9a,Integer,0,,Recommended,"Pretest the z","0;1",,"","LETTERS",""
q42_b10a,Integer,0,,Recommended,"Pretest the m","0;1",,"","LETTERS",""
q42_b11a,Integer,0,,Recommended,"Pretest the i","0;1",,"","LETTERS",""
q42_b12a,Integer,0,,Recommended,"Pretest the h","0;1",,"","LETTERS",""
q42_b13a,Integer,0,,Recommended,"Pretest the e","0;1",,"","LETTERS",""
q42_b14a,Integer,0,,Recommended,"Pretest the t","0;1",,"","LETTERS",""
q42_b15a,Integer,0,,Recommended,"Pretest the g","0;1",,"","LETTERS",""
q42_b16a,Integer,0,,Recommended,"Pretestthe j","0;1",,"","LETTERS",""
q42_b1b,Integer,0,,Recommended,"Posttest the A","0;1",,"","LETTERS",""
q42_b2b,Integer,0,,Recommended,"Posttest the X","0;1",,"","LETTERS",""
q42_b3b,Integer,0,,Recommended,"Posttest the S","0;1",,"","LETTERS",""
q42_b4b,Integer,0,,Recommended,"Posttest the W","0;1",,"","LETTERS",""
q42_b5b,Integer,0,,Recommended,"Posttest the H","0;1",,"","LETTERS",""
q42_b6b,Integer,0,,Recommended,"Posttest the K","0;1",,"","LETTERS",""
q42_b7b,Integer,0,,Recommended,"Posttest the Q","0;1",,"","LETTERS",""
q42_b8b,Integer,0,,Recommended,"Posttest the D","0;1",,"","LETTERS",""
q42_b9b,Integer,0,,Recommended,"Posttest the z","0;1",,"","LETTERS",""
q42_b10b,Integer,0,,Recommended,"Posttest the m","0;1",,"","LETTERS",""
q42_b11b,Integer,0,,Recommended,"Posttest the i","0;1",,"","LETTERS",""
q42_b12b,Integer,0,,Recommended,"Posttest the h","0;1",,"","LETTERS",""
q42_b13b,Integer,0,,Recommended,"Posttest the e","0;1",,"","LETTERS",""
q42_b14b,Integer,0,,Recommended,"Posttest the t","0;1",,"","LETTERS",""
q42_b15b,Integer,0,,Recommended,"Posttest the g","0;1",,"","LETTERS",""
q42_b16b,Integer,0,,Recommended,"Posttestthe j","0;1",,"","LETTERS",""
q42_c1a,Integer,0,,Recommended,"Pretest one bear","0;1",,"","NUMBERS or COUNTING",""
q42_c2a,Integer,0,,Recommended,"Pretest nine bumblebees","0;1",,"","NUMBERS or COUNTING",""
q42_c3a,Integer,0,,Recommended,"Pretest the one","0;1",,"","NUMBERS or COUNTING",""
q42_c4a,Integer,0,,Recommended,"Pretest the three","0;1",,"","NUMBERS or COUNTING",""
q42_c5a,Integer,0,,Recommended,"Pretest the two","0;1",,"","NUMBERS or COUNTING",""
q42_c6a,Integer,0,,Recommended,"Pretest the four","0;1",,"","NUMBERS or COUNTING",""
q42_c7a,Integer,0,,Recommended,"Pretest the zero","0;1",,"","NUMBERS or COUNTING",""
q42_c8a,Integer,0,,Recommended,"Pretest six ducks","0;1",,"","NUMBERS or COUNTING",""
q42_c9a,Integer,0,,Recommended,"Pretest three flowers","0;1",,"","NUMBERS or COUNTING",""
q42_c10a,Integer,0,,Recommended,"Pretest the five","0;1",,"","NUMBERS or COUNTING",""
q42_c11a,Integer,0,,Recommended,"Pretest the seven","0;1",,"","NUMBERS or COUNTING",""
q42_c12a,Integer,0,,Recommended,"Pretest the eight","0;1",,"","NUMBERS or COUNTING",""
q42_c13a,Integer,0,,Recommended,"Pretest the nine","0;1",,"","NUMBERS or COUNTING",""
q42_c14a,Integer,0,,Recommended,"Pretest the six","0;1",,"","NUMBERS or COUNTING",""
q42_c15a,Integer,0,,Recommended,"Pretest the fortyone","0;1",,"","NUMBERS or COUNTING",""
q42_c16a,Integer,0,,Recommended,"Pretest the ninetyfive","0;1",,"","NUMBERS or COUNTING",""
q42_c17a,Integer,0,,Recommended,"Pretest the eleven","0;1",,"","NUMBERS or COUNTING",""
q42_c18a,Integer,0,,Recommended,"Pretest the fiftythree","0;1",,"","NUMBERS or COUNTING",""
q42_c19a,Integer,0,,Recommended,"Pretest the twentyseven","0;1",,"","NUMBERS or COUNTING",""
q42_c1b,Integer,0,,Recommended,"Posttest one bear","0;1",,"","NUMBERS or COUNTING",""
q42_c2b,Integer,0,,Recommended,"Posttest nine bumblebees","0;1",,"","NUMBERS or COUNTING",""
q42_c3b,Integer,0,,Recommended,"Posttest the one","0;1",,"","NUMBERS or COUNTING",""
q42_c4b,Integer,0,,Recommended,"Posttest the three","0;1",,"","NUMBERS or COUNTING",""
q42_c5b,Integer,0,,Recommended,"Posttest the two","0;1",,"","NUMBERS or COUNTING",""
q42_c6b,Integer,0,,Recommended,"Posttest the four","0;1",,"","NUMBERS or COUNTING",""
q42_c7b,Integer,0,,Recommended,"Posttest the zero","0;1",,"","NUMBERS or COUNTING",""
q42_c8b,Integer,0,,Recommended,"Posttest six ducks","0;1",,"","NUMBERS or COUNTING",""
q42_c9b,Integer,0,,Recommended,"Posttest three flowers","0;1",,"","NUMBERS or COUNTING",""
q42_c10b,Integer,0,,Recommended,"Posttest the five","0;1",,"","NUMBERS or COUNTING",""
q42_c11b,Integer,0,,Recommended,"Posttest the seven","0;1",,"","NUMBERS or COUNTING",""
q42_c12b,Integer,0,,Recommended,"Posttest the eight","0;1",,"","NUMBERS or COUNTING",""
q42_c13b,Integer,0,,Recommended,"Posttest the nine","0;1",,"","NUMBERS or COUNTING",""
q42_c14b,Integer,0,,Recommended,"Posttest the six","0;1",,"","NUMBERS or COUNTING",""
q42_c15b,Integer,0,,Recommended,"Posttest the fortyone","0;1",,"","NUMBERS or COUNTING",""
q42_c16b,Integer,0,,Recommended,"Posttest the ninetyfive","0;1",,"","NUMBERs or COUN",""
q42_c17b,Integer,0,,Recommended,"Posttest the eleven","0;1",,"","NUMBERS or COUNTING",""
q42_c18b,Integer,0,,Recommended,"Posttest the fiftythree","0;1",,"","NUMBERS or COUNTING",""
q42_c19b,Integer,0,,Recommended,"Posttest the twentyseven","0;1",,"","NUMBERS or COUNTING",""
q42_d1a,Integer,0,,Recommended,"Pretest which animal is big","0;1",,"","SIZES",""
q42_d2a,Integer,0,,Recommended,"Pretest which ball is little","0;1",,"","SIZES",""
q42_d3a,Integer,0,,Recommended,"Pretest which dog is small","0;1",,"","SIZES",""
q42_d4a,Integer,0,,Recommended,"Pretest which candle is tall","0;1",,"","SIZES",""
q42_d5a,Integer,0,,Recommended,"Pretest which water is deep","0;1",,"","SIZES",""
q42_d6a,Integer,0,,Recommended,"Pretest which rope is long","0;1",,"","SIZES",""
q42_d7a,Integer,0,,Recommended,"Pretest which rabbit has short ears","0;1",,"","SIZES",""
q42_d8a,Integer,0,,Recommended,"Pretest which vase is thin","0;1",,"","SIZES",""
q42_d9a,Integer,0,,Recommended,"Pretest which rope is short","0;1",,"","SIZES",""
q42_d10a,Integer,0,,Recommended,"Pretest which rock is large","0;1",,"","SIZES",""
q42_d11a,Integer,0,,Recommended,"Pretest which boat is wide","0;1",,"","SIZES",""
q42_d12a,Integer,0,,Recommended,"Pretest which water is shallow","0;1",,"","SIZES",""
q42_d1b,Integer,0,,Recommended,"Posttest which animal is big","0;1",,"","SIZES",""
q42_d2b,Integer,0,,Recommended,"Posttest which ball is little","0;1",,"","SIZES",""
q42_d3b,Integer,0,,Recommended,"Posttest which dog is small","0;1",,"","SIZES",""
q42_d4b,Integer,0,,Recommended,"Posttest which candle is tall","0;1",,"","SIZES",""
q42_d5b,Integer,0,,Recommended,"Posttest which water is deep","0;1",,"","SIZES",""
q42_d6b,Integer,0,,Recommended,"Posttest which rope is long","0;1",,"","SIZES",""
q42_d7b,Integer,0,,Recommended,"Posttest which rabbit has short ears","0;1",,"","SIZES",""
q42_d8b,Integer,0,,Recommended,"Posttest which vase is thin","0;1",,"","SIZES",""
q42_d9b,Integer,0,,Recommended,"Posttest which rope is short","0;1",,"","SIZES",""
q42_d10b,Integer,0,,Recommended,"Posttest which rock is large","0;1",,"","SIZES",""
q42_d11b,Integer,0,,Recommended,"Posttest which boat is wide","0;1",,"","SIZES",""
q42_d12b,Integer,0,,Recommended,"Posttest which water is shallow","0;1",,"","SIZES",""
q42_e1a,Integer,0,,Recommended,"Pretest which boxes are not the same","0;1",,"","COMPARISONS",""
q42_e2a,Integer,0,,Recommended,"Pretest which fruits are different","0;1",,"","COMPARISONS",""
q42_e3a,Integer,0,,Recommended,"Pretest which puzzle pieces fit exactly","0;1",,"","COMPARISONS",""
q42_e4a,Integer,0,,Recommended,"Pretest which shoes match","0;1",,"","COMPARISONS",""
q42_e5a,Integer,0,,Recommended,"Pretest which boats are alike","0;1",,"","COMPARISONS",""
q42_e6a,Integer,0,,Recommended,"Pretest which balloons are the same","0;1",,"","COMPARISONS",""
q42_e7a,Integer,0,,Recommended,"Pretest which person is reading something other than a book","0;1",,"","COMPARISONS",""
q42_e8a,Integer,0,,Recommended,"Pretest which animals are similar","0;1",,"","COMPARISONS",""
q42_e9a,Integer,0,,Recommended,"Pretest which cans are the same size","0;1",,"","COMPARISONS",""
q42_e10a,Integer,0,,Recommended,"Pretest which glasses have unequal amounts of juice","0;1",,"","COMPARISONS",""
q42_e1b,Integer,0,,Recommended,"Posttest which boxes are not the same","0;1",,"","COMPARISONS",""
q42_e2b,Integer,0,,Recommended,"Posttest which fruits are different","0;1",,"","COMPARISONS",""
q42_e3b,Integer,0,,Recommended,"Posttest which puzzle pieces fit exactly","0;1",,"","COMPARISONS",""
q42_e4b,Integer,0,,Recommended,"Posttest which shoes match","0;1",,"","COMPARISONS",""
q42_e5b,Integer,0,,Recommended,"Posttest which boats are alike","0;1",,"","COMPARISONS",""
q42_e6b,Integer,0,,Recommended,"Posttest which balloons are the same","0;1",,"","COMPARISONS",""
q42_e7b,Integer,0,,Recommended,"Posttest which person is reading something other than a book","0;1",,"","COMPARISONS",""
q42_e8b,Integer,0,,Recommended,"Posttest which animals are similar","0;1",,"","COMPARISONS",""
q42_e9b,Integer,0,,Recommended,"Posttest which cans are the same size","0;1",,"","COMPARISONS",""
q42_e10b,Integer,0,,Recommended,"Posttest which glasses have unequal amounts of juice","0;1",,"","COMPARISONS",""
q42_f1a,Integer,0,,Recommended,"Pretest the star","0;1",,"","SHAPES",""
q42_f2a,Integer,0,,Recommended,"Pretest the heart","0;1",,"","SHAPES",""
q42_f3a,Integer,0,,Recommended,"Pretest which children are in line","0;1",,"","SHAPES",""
q42_f4a,Integer,0,,Recommended,"Pretest the circle","0;1",,"","SHAPES",""
q42_f5a,Integer,0,,Recommended,"Pretest the cone","0;1",,"","SHAPES",""
q42_f6a,Integer,0,,Recommended,"Pretest which one is round","0;1",,"","SHAPES",""
q42_f7a,Integer,0,,Recommended,"Pretest the square","0;1",,"","SHAPES",""
q42_f8a,Integer,0,,Recommended,"Pretest the triangle","0;1",,"","SHAPES",""
q42_f9a,Integer,0,,Recommended,"Pretest which ducks are in a row","0;1",,"","SHAPES",""
q42_f10a,Integer,0,,Recommended,"Pretest the diamond","0;1",,"","SHAPES",""
q42_f11a,Integer,0,,Recommended,"Pretest the oval","0;1",,"","SHAPES",""
q42_f12a,Integer,0,,Recommended,"Pretest the rectangle","0;1",,"","SHAPES",""
q42_f13a,Integer,0,,Recommended,"Pretest the check mark","0;1",,"","SHAPES",""
q42_f14a,Integer,0,,Recommended,"Pretest the cylinder","0;1",,"","SHAPES",""
q42_f15a,Integer,0,,Recommended,"Pretest the curve","0;1",,"","SHAPES",""
q42_f16a,Integer,0,,Recommended,"Pretest the cube","0;1",,"","SHAPES",""
q42_f17a,Integer,0,,Recommended,"Pretest the pyramid","0;1",,"","SHAPES",""
q42_f18a,Integer,0,,Recommended,"Pretest the column","0;1",,"","SHAPES",""
q42_f19a,Integer,0,,Recommended,"Pretest the diagonal","0;1",,"","SHAPES",""
q42_f20a,Integer,0,,Recommended,"Pretest the angle","0;1",,"","SHAPES",""
q42_f1b,Integer,0,,Recommended,"Posttest the star","0;1",,"","SHAPES",""
q42_f2b,Integer,0,,Recommended,"Posttest the heart","0;1",,"","SHAPES",""
q42_f3b,Integer,0,,Recommended,"Posttest which children are in line","0;1",,"","SHAPES",""
q42_f4b,Integer,0,,Recommended,"Posttest the circle","0;1",,"","SHAPES",""
q42_f5b,Integer,0,,Recommended,"Posttest the cone","0;1",,"","SHAPES",""
q42_f6b,Integer,0,,Recommended,"Posttest which one is round","0;1",,"","SHAPES",""
q42_f7b,Integer,0,,Recommended,"Posttest the square","0;1",,"","SHAPES",""
q42_f8b,Integer,0,,Recommended,"Posttest the triangle","0;1",,"","SHAPES",""
q42_f9b,Integer,0,,Recommended,"Posttest which ducks are in a row","0;1",,"","SHAPES",""
q42_f10b,Integer,0,,Recommended,"Posttest the diamond","0;1",,"","SHAPES",""
q42_f11b,Integer,0,,Recommended,"Posttest the oval","0;1",,"","SHAPES",""
q42_f12b,Integer,0,,Recommended,"Posttest the rectangle","0;1",,"","SHAPES",""
q42_f13b,Integer,0,,Recommended,"Posttest the check mark","0;1",,"","SHAPES",""
q42_f14b,Integer,0,,Recommended,"Posttest the cylinder","0;1",,"","SHAPES",""
q42_f15b,Integer,0,,Recommended,"Posttest the curve","0;1",,"","SHAPES",""
q42_f16b,Integer,0,,Recommended,"Posttest the cube","0;1",,"","SHAPES",""
q42_f17b,Integer,0,,Recommended,"Posttest the pyramid","0;1",,"","SHAPES",""
q42_f18b,Integer,0,,Recommended,"Posttest the column","0;1",,"","SHAPES",""
q42_f19b,Integer,0,,Recommended,"Posttest the diagonal","0;1",,"","SHAPES",""
q42_f20b,Integer,0,,Recommended,"Posttest the angle","0;1",,"","SHAPES",""
q42_sc1,Integer,0,,Recommended,"Pretest Colors  Raw Score","",,"","System Calculated",""
q42_sc2,Integer,0,,Recommended,"Posttest Colors  Raw Score","",,"","System Calculated",""
q42_sc3,Integer,0,,Recommended,"Pretest Letters  Raw Score","",,"","System Calculated",""
q42_sc4,Integer,0,,Recommended,"Posttest Letters  Raw Score","",,"","System Calculated",""
q42_sc5,Integer,0,,Recommended,"Pretest NUMBERS or COUNTING  Raw Score","",,"","System Calculated",""
q42_sc6,Integer,0,,Recommended,"Posttest NUMBERS or COUNTING  Raw Score","",,"","System Calculated",""
q42_sc7,Integer,0,,Recommended,"Pretest Sizes  Raw Score","",,"","System Calculated",""
q42_sc8,Integer,0,,Recommended,"Posttest Sizes  Raw Score","",,"","System Calculated",""
q42_sc9,Integer,0,,Recommended,"Pretest Comparisons  Raw Score","",,"","System Calculated",""
q42_sc10,Integer,0,,Recommended,"Posttest Comparisons  Raw Score","",,"System Calculated","SCORING",""
q42_sc11,Integer,0,,Recommended,"Pretest Shapes  Raw Score","",,"System Calculated","SCORING",""
q42_sc12,Integer,0,,Recommended,"Posttest Shapes  Raw Score","",,"System Calculated","SCORING",""
q42_sc13,Integer,0,,Recommended,"Total Pretest Raw Score","",,"System Calculated","SCORING",""
q42_sc14,Integer,0,,Recommended,"Total Posttest Raw Score","",,"System Calculated","SCORING",""
q42_mas1,Integer,0,,Recommended,"Pretest Colors  percent Mastery Score","",,"System Calculated","SCORING",""
q42_mas2,Integer,0,,Recommended,"Posttest Colors  percent Mastery Score","",,"System Calculated","SCORING",""
q42_mas3,Integer,0,,Recommended,"Pretest Letters  percent Mastery Score","",,"System Calculated","SCORING",""
q42_mas4,Integer,0,,Recommended,"Posttest Letters  percent Mastery Score","",,"System Calculated","SCORING",""
q42_mas5,Integer,0,,Recommended,"Pretest NUMBERS or COUNTING  percent Mastery Score","",,"System Calculated","SCORING",""
q42_mas6,Integer,0,,Recommended,"Posttest NUMBERS or COUNTING  percent Mastery Score","",,"System Calculated","SCORING",""
q42_mas7,Integer,0,,Recommended,"Pretest Sizes  percent Mastery Score","",,"System Calculated","SCORING",""
q42_mas8,Integer,0,,Recommended,"Posttest Sizes  percent Mastery Score","",,"System Calculated","SCORING",""
q42_mas9,Integer,0,,Recommended,"Pretest Comparisons  percent Mastery Score","",,"System Calculated","SCORING",""
q42_mas10,Integer,0,,Recommended,"Posttest Comparisons  percent Mastery Score","",,"System Calculated","SCORING",""
q42_mas11,Integer,0,,Recommended,"Pretest Shapes  percent Mastery Score","",,"System Calculated","SCORING",""
q42_mas12,Integer,0,,Recommended,"Posttest Shapes  percent Mastery Score","",,"System Calculated","SCORING",""
q42_mas13,Integer,0,,Recommended,"Total Pretest percent Mastery Score","",,"System Calculated","SCORING",""
q42_mas14,Integer,0,,Recommended,"Total Posttest percent Mastery Score","",,"System Calculated","SCORING",""
q42_std1,Integer,0,,Recommended,"Total Pretest Standard Score","",,"System Calculated","SCORING",""
q42_std2,Integer,0,,Recommended,"Total Posttest Standard Score","",,"System Calculated","SCORING",""
q42_con1,Integer,0,,Recommended,"Total Pretest Confidence Interval Score","",,"System Calculated","SCORING",""
q42_con2,Integer,0,,Recommended,"Total Posttest Confidence Interval Score","",,"System Calculated","SCORING",""
q42_per1,Integer,0,,Recommended,"Total Pretest Percentile Rank","",,"System Calculated","SCORING",""
q42_per2,Integer,0,,Recommended,"Total Posttest Percentile Rank","",,"System Calculated","SCORING",""
q42_cla1,Integer,0,,Recommended,"Total Pretest Descriptive Classification","",,"System Calculated","SCORING",""
q42_cla2,Integer,0,,Recommended,"Total Posttest Descriptive Classification","",,"System Calculated","SCORING",""
