ElementName,DataType,Size,Unit,Required,ElementDescription,ValueRange,Keywords,Notes,Section,Aliases
subjectkey,GUID,0,,Optional,"The NDAR Global Unique Identifier (GUID) for subjects which identifies a subject in NDAR","NDAR*",,"","",""
patid,String,20,,Required,"src_Subject_id","",,"Patient IDs were assigned at the research site for CPEA and STAART","",""
cycle,Integer,0,,Required,"Timepoint information","",,"","",""
phase,Integer,0,,Required,"Phase","1; 2; 3; 4",,"","",""
q14_date,String,10,,Required,"Date","",,"Required Field. SAS Date","",""
q14_ratr,String,255,,Recommended,"Rater Name","",,"The name of the staff member who administered the form. If the form was filled out by the guardian or teacher, the CC¿s name should be entered as Rater.","",""
14_ratr,String,255,,Recommended,"Rater Name","",,"The name of the staff member who administered the form. If the form was filled out by the guardian or teacher, the CC¿s name should be entered as Rater.","",""q14_prim,Integer,0,,Recommended,"Primary Source: Mother","0; -1",,"Check if mother is primary source","",""
q14_prif,Integer,0,,Recommended,"Primary Source: Father","0; -1",,"Checl if father is primary source","",""
q14_pric,Integer,0,,Recommended,"Primary Source: Child","0; -1",,"Check if child is primary source","",""
q14_prio,Integer,0,,Recommended,"Primary Source: Other","0; -1",,"Check if primary source not mother, father, child or teacher.","",""
q14_pr_s,String,30,,Recommended,"Other Primary Source specified","",,"Complete if q14_prio is checked","",""
q14_parm,Integer,0,,Recommended,"Participants present: Mother","0; -1",,"Check if mother is present during assessment. If Teacher is primary source this item should be left blank","",""
q14_parf,Integer,0,,Recommended,"Participants present: Father","0; -1",,"Check if father is present during assessment. If Teacher is primary source this item should be left blank","",""
q14_parc,Integer,0,,Recommended,"Participants present: Child","0; -1",,"Check if chid is present during assessment. If Teacher is primary source this item should be left blank","",""
q14_paro,Integer,0,,Recommended,"Participants present: Other","0; -1",,"If Teacher is primary source, this item should be left blank. If administered by phone, q14_paro should be checked and PHONE should be written in q14_pa_s","",""
q14_pa_s,String,65,,Recommended,"Other Participants present specified","",,"Complete if q14_paro is checked","",""
q14_1,Integer,0,,Recommended,"Anything upsetting happened: Past 3 months","0; 1; -7; -8; -9",,"Field should not be left blank. If missing, please use -7,8, -9.","",""
q14_1_s1,String,250,,Recommended,"Anything upsetting happened: Past 3 months comments","",,"Complete if q14_1 = 1. Skip if answer is = 0, -7, -8, -9","",""
q14_1_s2,String,30,,Recommended,"Anything upsetting happened: Past 3 months time frame","",,"Complete if q14_1 = 1. Complete only at screener visit.","",""
q14_2,Integer,0,,Recommended,"Child's diet changed: Past 3 months","0; 1; -7; -8; -9",,"Field should not be left blank. If missing, please use -7,8, -9.","",""
q14_2_s1,String,250,,Recommended,"Child's diet changed: Past 3 months comments","",,"Complete if q14_2 = 1. Skip if answer = 0, -7, -8, -9","",""
q14_2_s2,String,30,,Recommended,"Child's diet changed: Past 3 months time frame","",,"Complete if q14_2 = 1. Complete only at screener visit","",""
q14_3,Integer,0,,Recommended,"Nutritional supplements: Past 3 months","0; 1; -7; -8; -9",,"Field should not be left blank. If missing, please use -7,8, -9.","",""
q14_3_s1,String,250,,Recommended,"Nutritional supplements: Past 3 months comments","",,"Complete if q14_3 = 1. Skip if answer = 0, -7, -8, -9","",""
q14_3_s2,String,100,,Recommended,"Nutritional supplements: Past 3 months time frame","",,"Complete if q14_3 = 1. Complete only at screener visit","",""
q14_4a,Integer,0,,Recommended,"Other service: ABA/LOVAAS","0; 1; -7; -8; -9",,"Field should not be left blank. If missing, please use -7,8, -9.","",""
q14_4a1,Float,0,,Recommended,"ABA/LOVAAS: # Hours per week","0.0 to 99.99; -7; -8; -9",,"Complete only at Screener visit. Complete if q14_4a = 1","",""
q14_4a2,Integer,0,,Recommended,"ABA/LOVAAS: Changed since last visit","0; 1; -7; -8; -9",,"Complete if q14_4a = 1. should only be completed at follow up visits only (not at screener)","",""
q14_4_s1,String,200,,Recommended,"ABA/LOVAAS: How have services changed","",,"Complete if q14_4a2 = 1. Complete only at follow up visits","",""
q14_4b,Integer,0,,Recommended,"Other service: After-school aide","0; 1; -7; -8; -9",,"Field should not be left blank. If missing, please use -7,8, -9.","",""
q14_4b1,Float,0,,Recommended,"After-school aide: # Hours per week","0.0 to 99.99; -7; -8; -9",,"Complete only at Screener visit. Complete if q14_4b = 1","",""
q14_4b2,Integer,0,,Recommended,"After-school aide: Changed since last visit","0; 1; -7; -8; -9",,"Complete if q14_4b = 1. should only be completed at follow up visits only (not at screener)","",""
q14_4_s2,String,200,,Recommended,"After-school aide: How have services changed","",,"Complete if q14_4b2 = 1. Complete only at follow up visits","",""
q14_4c,Integer,0,,Recommended,"Other service: Adaptive PE","0; 1; -7; -8; -9",,"Field should not be left blank. If missing, please use -7,8, -9.","",""
q14_4c1,Float,0,,Recommended,"Adaptive PE: # Hours per week","0.0 to 99.99; -7; -8; -9",,"Complete only at Screener visit. Complete if q14_4c = 1","",""
q14_4c2,Integer,0,,Recommended,"Adaptive PE: Changed since last visit","0; 1; -7; -8; -9",,"Complete if q14_4c = 1. should only be completed at follow up visits only (not at screener)","",""
q14_4_s3,String,200,,Recommended,"Adaptive PE: How have services changed","",,"Complete if q14_4c2 = 1. Complete only at follow up visits","",""
q14_4d,Integer,0,,Recommended,"Other service: Crisis management","0; 1; -7; -8; -9",,"Field should not be left blank. If missing, please use -7,8, -9.","",""
q14_4d2,Integer,0,,Recommended,"Crisis management: Changed since last visit","0; 1; -7; -8; -9",,"Complete if q14_4d = 1. should only be completed at follow up visits only (not at screener)","",""
q14_4_s4,String,200,,Recommended,"Crisis management: How have services changed","",,"Complete if q14_4d2 = 1. Complete only at follow up visits","",""
q14_4e,Integer,0,,Recommended,"Other service: IEP","0; 1; -7; -8; -9",,"Field should not be left blank. If missing, please use -7,8, -9.","",""
q14_4e2,Integer,0,,Recommended,"IEP: Changed since last visit","0; 1; -7; -8; -9",,"Complete if q14_4e = 1. should only be completed at follow up visits only (not at screener)","",""
q14_4_s5,String,200,,Recommended,"IEP: How have services changed","",,"Complete if q14_4e2 = 1. Complete only at follow up visits","",""
q14_4f,Integer,0,,Recommended,"Other service: Occupational therapy","0; 1; -7; -8; -9",,"Field should not be left blank. If missing, please use -7,8, -9.","",""
q14_4f1,Float,0,,Recommended,"Occupational therapy: # Hours per week","0.0 to 99.99; -7; -8; -9",,"Complete only at Screener visit. Complete if q14_4f = 1","",""
q14_4f2,Integer,0,,Recommended,"Occupational therapy: Changed since last visit","0; 1; -7; -8; -9",,"Complete if q14_4f = 1. should only be completed at follow up visits only (not at screener)","",""
q14_4_s6,String,200,,Recommended,"Occupational therapy: How have services changed","",,"Complete if q14_4f2 = 1. Complete only at follow up visits","",""
q14_4g,Integer,0,,Recommended,"Other service: Other behavior modification","0; 1; -7; -8; -9",,"Field should not be left blank. If missing, please use -7,8, -9.","",""
q14_4g1,Float,0,,Recommended,"Other behavior modification: # Hours per week","0.0 to 99.99; -7; -8; -9",,"Complete only at Screener visit. Complete if q14_4g = 1","",""
q14_4g2,Integer,0,,Recommended,"Other behavior modification: Change since last visit","0; 1; -7; -8; -9",,"Complete if q14_4g = 1. should only be completed at follow up visits only (not at screener)","",""
q14_4_s7,String,200,,Recommended,"Other behavior modification: How have services changed","",,"Complete if q14_4g2 = 1. Complete only at follow up visits","",""
q14_4h,Integer,0,,Recommended,"Other service: Physical therapy","0; 1; -7; -8; -9",,"Field should not be left blank. If missing, please use -7,8, -9.","",""
q14_4h1,Float,0,,Recommended,"Physical therapy: # Hours per week","0.0 to 99.99; -7; -8; -9",,"Complete only at Screener visit. Complete if q14_4h = 1","",""
q14_4h2,Integer,0,,Recommended,"Physical therapy: Changed since last visit","0; 1; -7; -8; -9",,"Complete if q14_4h = 1. should only be completed at follow up visits only (not at screener)","",""
q14_4_s8,String,200,,Recommended,"Physical therapy: How have services changed","",,"Complete if q14_4h2 = 1. Complete only at follow up visits","",""
q14_4i,Integer,0,,Recommended,"Other service: Sensory integration","0; 1; -7; -8; -9",,"Field should not be left blank. If missing, please use -7,8, -9.","",""
q14_4i1,Float,0,,Recommended,"Sensory integration: # Hours per week","0.0 to 99.99; -7; -8; -9",,"Complete only at Screener visit. Complete if q14_4i = 1","",""
q14_4i2,Integer,0,,Recommended,"Sensory integration: Changed since last visit","0; 1; -7; -8; -9",,"Complete if q14_4i = 1. should only be completed at follow up visits only (not at screener)","",""
q14_4_s9,String,200,,Recommended,"Sensory integration: How have services changed","",,"Complete if q14_4i2 = 1. Complete only at follow up visits","",""
q14_4j,Integer,0,,Recommended,"Other service: Social skills training","0; 1; -7; -8; -9",,"Field should not be left blank. If missing, please use -7,8, -9.","",""
q14_4j1,Float,0,,Recommended,"Social skills training: # Hours per week","0.0 to 99.99; -7; -8; -9",,"Complete only at Screener visit. Complete if q14_4j = 1","",""
q14_4j2,Integer,0,,Recommended,"Social skills training: Changed since last visit","0; 1; -7; -8; -9",,"Complete if q14_4j = 1. should only be completed at follow up visits only (not at screener)","",""
q14_4_s10,String,200,,Recommended,"Social skills training: How have services changed""","",,"Complete if q14_4j2 = 1. Complete only at follow up visits","",""
q14_4k,Integer,0,,Recommended,"Other service: Speech therapy","0; 1; -7; -8; -9",,"Field should not be left blank. If missing, please use -7,8, -9.","",""
q14_4k1,Float,0,,Recommended,"Speech therapy: # Hours per week""","0.0 to 99.99; -7; -8; -9",,"Complete only at Screener visit. Complete if q14_4k = 1","",""
q14_4k2,Integer,0,,Recommended,"Speech therapy: Changed since last visit""","0; 1; -7; -8; -9",,"Complete if q1_4k = 1. should only be completed at follow up visits only (not at screener)","",""
q14_4_s11,String,200,,Recommended,"Speech therapy: How have services changed","",,"Complete if q14_4k2 = 1. Complete only at follow up visits","",""
q14_4l,Integer,0,,Recommended,"Other service: TEACCH sessions","0; 1; -7; -8; -9",,"Field should not be left blank. If missing, please use -7,8, -9.","",""
q14_4l1,Float,0,,Recommended,"TEACCH sessions: # Hours per week","0.0 to 99.99; -7; -8; -9",,"Complete only at Screener visit. Complete if q14_4l =1","",""
q14_4l2,Integer,0,,Recommended,"TEACCH sessions: Changed since last visit","0; 1; -7; -8; -9",,"Complete if q14_4l = 1. should only be completed at follow up visits only (not at screener)","",""
q14_4_s12,String,200,,Recommended,"TEACCH sessions: How have services changed","",,"Complete if q14_4l2 = 1. Complete only at follow up visits","",""
q14_4m,Integer,0,,Recommended,"Other service: Other","0; 1; -7; -8; -9",,"Field should not be left blank. If missing, please use -7,8, -9.","",""
q14_4_s13,String,100,,Recommended,"Other service: Other Specify","",,"Complete if q14_4m = 1","",""
q14_4m1,Float,0,,Recommended,"Other: # Hours per week","0.0 to 99.99; -7; -8; -9",,"Complete only at Screener visit. Complete if q14_4m = 1","",""
q14_4m2,Integer,0,,Recommended,"Other: Changed since last visit","0; 1; -7; -8; -9",,"Complete if q14_4m = 1. should only be completed at follow up visits only (not at screener)","",""
q14_4_s14,String,200,,Recommended,"Other service: How have services changed","",,"Complete if q14_ml2 = 1. Complete only at follow up visits","",""
q14_5,Integer,0,,Recommended,"Has child taken any meds: Past 3 months","0; 1; -7; -8; -9",,"Field should not be left blank. If missing, please use -7,8, -9.","",""
q14_med_codeid,Integer,0,,Recommended,"Medication Code","101 to 2099",,"Use Medication Coding Document. ¿Other¿ codes (e.g., 199, 299, 399) may be used more than once if the participant is on more than one medication that is not listed in a classification group. If there is a change in the number of times per day (q14_time) or dose (q14_qty or q14_unit) of an existing medication, the original entry must be closed out and a new entry started. If an existing medication is no longer being taken, the original entry must be closed out.","",""
4_med_codeid,Integer,0,,Recommended,"Medication Code","101 to 2099",,"Use Medication Coding Document. ¿Other¿ codes (e.g., 199, 299, 399) may be used more than once if the participant is on more than one medication that is not listed in a classification group. If there is a change in the number of times per day (q14_time) or dose (q14_qty or q14_unit) of an existing medication, the original entry must be closed out and a new entry started. If an existing medication is no longer being taken, the original entry must be closed out.","","q14_cd_s,String,100,,Recommended,"Other medication: Specify","",,"Complete only if Medication Code ends with '99'","",""
q14_time,String,4,,Recommended,"Times per day","",,"Complete if q14_5 = 1","",""
q14_qty,Float,0,,Recommended,"Dose: Quantity","0.0 to 325; -7; -8; -9;",,"Complete if q14_5 = 1","",""
q14_unit,String,10,,Recommended,"Dose: Unit","",,"Complete if q14_5 = 1","",""
q14_tak,Integer,0,,Recommended,"Currently Taking","0; -1",,"Complete if q14_5 = 1","",""
q14_stop,String,10,,Recommended,"If no, Date Stopped","",,"Complete if q14_5 = 1.Do not complete if q14_tak is selected, SAS Date","",""
