ElementName,DataType,Size,Unit,Required,ElementDescription,ValueRange,Keywords,Notes,Section,Aliases
subjectkey,GUID,0,,Recommended,"The NDAR Global Unique Identifier (GUID) for subjects which identifies a subject in NDAR","NDAR*",,"","",""
patid,String,20,,Required,"src_Subject_id","",,"Patient IDs were assigned at the research site for CPEA and STAART","",""
cycle,Integer,0,,Required,"Timepoint information","",,"","",""
phase,Integer,0,,Required,"Phase","1; 2; 3; 4",,"","",""
q8_date,Integer,0,,Required,"Date","",,"Required field","",""
q8_ratr,String,225,,Recommended,"Rater Name","",,"The name of the staff member who administered the form. If the form was filled out by the guardian or teacher, the CC¿s name should be entered as Rater.","",""
8_ratr,String,225,,Recommended,"Rater Name","",,"The name of the staff member who administered the form. If the form was filled out by the guardian or teacher, the CC¿s name should be entered as Rater.","",""q8_prim,Integer,0,,Recommended,"Primary Source: Mother","0; -1",,"Check if mother is primary source. 0=no, -1=yes.","",""
q8_prif,Integer,0,,Recommended,"Primary Source: Father","0; -1",,"Check if father is primary source. 0=no, -1=yes.","",""
q8_pric,Integer,0,,Recommended,"Primary Source: Child","0; -1",,"Check if child is primary source. 0=no, -1=yes.","",""
q8_prit,Integer,0,,Recommended,"Primary Source: Teacher","0; -1",,"Check if teacher is primary source. 0=no, -1=yes.","",""
q8_prio,Integer,0,,Recommended,"Primary Source: Other","0; -1",,"Check if primary source not mother, father, child or teacher. 0=no, -1=yes.","",""
q8_pr_s,String,30,,Recommended,"Other Primary Source specified","",,"Complete if q8_prio is checked","",""
q8_parm,Integer,0,,Recommended,"Participants present: Mother","0; -1",,"Check if mother is present during assessment. If Teacher is primary source this item should be left blank. 0=no, -1=yes.","",""
q8_parf,Integer,0,,Recommended,"Participants present: Father","0; -1",,"Check if father is present during assessment. If Teacher is primary source this item should be left blank. 0=no, -1=yes.","",""
q8_parc,Integer,0,,Recommended,"Participants present: Child","0; -1",,"Check if chid is present during assessment. If Teacher is primary source this item should be left blank. 0=no, -1=yes.","",""
q8_part,Integer,0,,Recommended,"Participants present: Teacher","0; -1",,"If Teacher is primary source, this item should be left blank. 0=no, -1=yes.","",""
q8_paro,Integer,0,,Recommended,"Participants present: Other","0; -1",,"If Teacher is primary source, this item should be left blank. If administered by phone, q8_paro should be checked and PHONE should be written in q8_pa_s. 0=no, -1=yes.","",""
q8_pa_s,String,65,,Recommended,"Other Participants present specified","",,"Complete if q8_paro is checked","",""
q8_issue,String,225,,Recommended,"Issue","",,"","",""
q8_issueid,Integer,0,,Recommended,"Issue","1 to 9999999",,"Unique identifier for issue reported - not on CRF","",""
interview_date,Date,0,,Required,"Date on which the interview/genetic test/sampling/imaging was completed","MM/yyyy;MM/dd/yyyy",,"* '01/01/1900' indicates that a date associated with retrospective data is not known.","",""
