ElementName,DataType,Size,Unit,Required,ElementDescription,ValueRange,Keywords,Notes,Section,Aliases
subjectkey,GUID,0,,Required,"The NDAR Global Unique Identifier (GUID) for subjects which identifies a subject in NDAR","NDAR*",,"","",""
interview_date,Date,0,,Required,"Date on which the interview/genetic test/sampling/imaging was completed","MM/yyyy;MM/dd/yyyy",,"* '01/01/1900' indicates that a date associated with retrospective data is not known.","","cyb_date_std"
cycle,Integer,0,,Recommended,"Timepoint information","",,"","",""
patid,String,20,,Recommended,"src_Subject_id","",,"Patient IDs were assigned at the research site for CPEA and STAART","",""
network,String,20,,Recommended,"Network","",,"CPEA or STAART Network","",""
site,String,20,,Recommended,"Site","",,"CPEA or STAART Site","",""
study,String,100,,Recommended,"Study","",,"CPEA or STAART Study","",""
adi_da_afsw,Integer,0,,Recommended,"ADI: Age at first single words - Interim step to calculate summary scores","",,"","",""
cyb_be_cfri,Integer,0,,Recommended,"Compulsion - Free Interval","0; 1; 2; 3; 4",,"","",""
cyb_be_dacb,Integer,0,,Recommended,"Distress associated with compulsive behavior","0; 1; 2; 3; 4",,"","",""
cyb_be_dccb,Integer,0,,Recommended,"Degree of Control over Compulsive Behavior","0; 1; 2; 3; 4",,"","",""
cyb_be_idcb,Integer,0,,Recommended,"Interference Due to Compulsive Behaviors","0; 1; 2; 3; 4",,"","",""
cyb_be_pecb,Integer,0,,Recommended,"Peculiarity of Behavior","0; 1; 2; 3; 4",,"","",""
cyb_be_reli,Integer,0,,Recommended,"Reliability of Information","0; 1; 2; 3",,"","",""
cyb_be_resc,Integer,0,,Recommended,"Resistance against compulsions","0; 1; 2; 3; 4",,"","",""
cyb_be_totb,Integer,0,,Recommended,"Total","0 - 16",,"","",""
cyb_be_tpcb,Integer,0,,Recommended,"Time Spent Performing Compulsive Behavior","0; 1; 2; 3; 4",,"","",""
cyb_date,Integer,0,,Recommended,"Date","",,"","",""
cyb_version,String,35,,Recommended,"Version","",,"","",""
