ElementName,DataType,Size,Unit,Required,ElementDescription,ValueRange,Keywords,Notes,Section,Aliases
subjectkey,GUID,0,,Required,"The NDAR Global Unique Identifier (GUID) for subjects which identifies a subject in NDAR","NDAR*",,"","",""
interview_date,Date,0,,Optional,"Date on which the interview/genetic test/sampling/imaging was completed","MM/yyyy;MM/dd/yyyy",,"* '01/01/1900' indicates that a date associated with retrospective data is not known.","","ctopp_date_std"
cycle,Integer,0,,Recommended,"Timepoint information","",,"","",""
patid,String,20,,Recommended,"src_Subject_id","",,"Patient IDs were assigned at the research site for CPEA and STAART","",""
network,String,20,,Recommended,"Network","",,"CPEA or STAART Network","",""
site,String,20,,Recommended,"Site","",,"CPEA or STAART Site","",""
study,String,100,,Recommended,"Study","",,"CPEA or STAART Study","",""
ctopp_date,Integer,0,,Recommended,"Date","",,"","",""
ctopp_nr_bielee,Integer,0,,Recommended,"bieleedoge","0; 1",,"","",""
ctopp_nr_burloo,Integer,0,,Recommended,"burloogugendaplo","0; 1",,"","",""
ctopp_nr_chasee,Integer,0,,Recommended,"chaseedoolid","0; 1",,"","",""
ctopp_nr_dooker,Integer,0,,Recommended,"dookershatupietazawm","0; 1",,"","",""
ctopp_nr_gekiez,Integer,0,,Recommended,"gekieziesaekad","0; 1",,"","",""
ctopp_nr_jup,Integer,0,,Recommended,"jup","0; 1",,"","",""
ctopp_nr_lisash,Integer,0,,Recommended,"lisashrul","0; 1",,"","",""
ctopp_nr_mawgee,Integer,0,,Recommended,"mawgeebooshernooshiek","0; 1",,"","",""
ctopp_nr_meb,Integer,0,,Recommended,"meb","0; 1",,"","",""
ctopp_nr_nigong,Integer,0,,Recommended,"nigong","0; 1",,"","",""
ctopp_nr_pate,Integer,0,,Recommended,"pate","0; 1",,"","",""
ctopp_nr_shabur,Integer,0,,Recommended,"shaburiehuvoimush","0; 1",,"","",""
ctopp_nr_teebud,Integer,0,,Recommended,"teebudieshawlt","0; 1",,"","",""
ctopp_nr_vivers,Integer,0,,Recommended,"viversoomouj","0; 1",,"","",""
ctopp_nr_voesut,Integer,0,,Recommended,"voesutoov","0; 1",,"","",""
ctopp_nr_wudoip,Integer,0,,Recommended,"wudoip","0; 1",,"","",""
ctopp_nr_wulanu,Integer,0,,Recommended,"wulanuwup","0; 1",,"","",""
ctopp_nr_zid,Integer,0,,Recommended,"zid","0; 1",,"","",""
ctopp_ros_bwraw,Integer,0,,Recommended,"Blending Words Raw Score","",,"","",""
ctopp_ros_bwstd,Integer,0,,Recommended,"Blending Words Standard Score","",,"","",""
ctopp_ros_elraw,Integer,0,,Recommended,"Elision Raw Score","",,"","",""
ctopp_ros_elstd,Integer,0,,Recommended,"Elision Standard Score","",,"","",""
ctopp_ros_mdage,Integer,0,,Recommended,"Memory for Digits Age Equivalent","",,"","",""
ctopp_ros_mdptl,Integer,0,,Recommended,"Memory for Digits Percentile","",,"","",""
ctopp_ros_mdraw,Integer,0,,Recommended,"Memory for Digits Raw Score","",,"","",""
ctopp_ros_mdstd,Integer,0,,Recommended,"Memory for Digits Standard Score","",,"","",""
ctopp_ros_nrage,Float,0,,Recommended,"Nonword Repetition: Age Equivalent","",,"","",""
ctopp_ros_nrgre,Integer,0,,Recommended,"Nonword Repetition: Grade Equivalent","",,"","",""
ctopp_ros_nrptl,Integer,0,,Recommended,"Nonword Repetition: Percentile","",,"","",""
ctopp_ros_nrraw,Integer,0,,Recommended,"Nonword Repetition: Raw Score","",,"","",""
ctopp_ros_nrstd,Integer,0,,Recommended,"Nonword Repetition: Standard Score","",,"","",""
ctopp_ros_pacps,Integer,0,,Recommended,"Phonological Awareness: Composite Scores","",,"","",""
ctopp_ros_pmcps,Integer,0,,Recommended,"Phonological Memory: Composite Scores","",,"","",""
ctopp_ros_pmptl,Integer,0,,Recommended,"Phonological Memory: Percentile","",,"","",""
ctopp_ros_pmsss,Integer,0,,Recommended,"Phonological Memory: Sums of SS","",,"","",""
ctopp_ros_rdraw,Integer,0,,Recommended,"Rapid Digit Naming Raw Score","",,"","",""
ctopp_ros_rdstd,Integer,0,,Recommended,"Rapid Digit Naming Standard Score","",,"","",""
ctopp_ros_rlraw,Integer,0,,Recommended,"Rapid Letter Naming Raw Score","",,"","",""
ctopp_ros_rlstd,Integer,0,,Recommended,"Rapid Letter Naming Standard Score","",,"","",""
ctopp_ros_rncps,Integer,0,,Recommended,"Rapid Naming: Composite Scores","",,"","",""
ctopp_version,String,35,,Recommended,"CTOPP Version","",,"","",""
