ElementName,DataType,Size,Unit,Required,ElementDescription,ValueRange,Keywords,Notes,Section,Aliases
subjectkey,GUID,0,,Required,"","NDAR*",,"","",""
interview_date,Date,0,,Required,"","MM/yyyy;MM/dd/yyyy",,"* '01/01/1900' indicates that a date associated with retrospective data is not known.","","leit_date_std"
cycle,Integer,0,,Recommended,"","",,"","",""
patid,String,20,,Recommended,"","",,"Patient IDs were assigned at the research site for CPEA and STAART","",""
network,String,20,,Recommended,"","",,"CPEA or STAART Network","",""
site,String,20,,Recommended,"","",,"CPEA or STAART Site","",""
study,String,100,,Recommended,"","",,"CPEA or STAART Study","",""
leit_age,Integer,0,,Recommended,"","",,"","",""
leit_brief_ae,Integer,0,,Recommended,"","",,"","",""
leit_brief_gs,Integer,0,,Recommended,"","",,"","",""
leit_brief_iq,Integer,0,,Recommended,"","",,"","",""
leit_brief_lci,Integer,0,,Recommended,"","",,"","",""
leit_brief_per,Float,0,,Recommended,"","",,"","",""
leit_brief_sss,Integer,0,,Recommended,"","",,"","",""
leit_brief_uci,Integer,0,,Recommended,"","",,"","",""
leit_c_4dots,Integer,0,,Recommended,"","0; 1; 2",,"","",""
leit_c_4dots1,Integer,0,,Recommended,"","",,"","",""
leit_c_4dots6,Integer,0,,Recommended,"","",,"","",""
leit_c_ae,Integer,0,,Recommended,"","",,"","",""
leit_c_apple,Integer,0,,Recommended,"","0; 1",,"","",""
leit_c_apple5,Integer,0,,Recommended,"","",,"","",""
leit_c_bas,Integer,0,,Recommended,"","",,"","",""
leit_c_bed,Integer,0,,Recommended,"","0; 1",,"","",""
leit_c_bed6,Integer,0,,Recommended,"","",,"","",""
leit_c_bottleshoe,Integer,0,,Recommended,"","0; 1; 2",,"","",""
leit_c_bottleshoe4,Integer,0,,Recommended,"","",,"","",""
leit_c_bottleshoe5,Integer,0,,Recommended,"","",,"","",""
leit_c_ceil,Integer,0,,Recommended,"","",,"","",""
leit_c_color,Integer,0,,Recommended,"","0; 1; 2; 3",,"","",""
leit_c_color1,Integer,0,,Recommended,"","",,"","",""
leit_c_color4,Integer,0,,Recommended,"","",,"","",""
leit_c_color7,Integer,0,,Recommended,"","",,"","",""
leit_c_dog,Integer,0,,Recommended,"","0; 1",,"","",""
leit_c_dog7,Integer,0,,Recommended,"","",,"","",""
leit_c_dot,Integer,0,,Recommended,"","0; 1; 2",,"","",""
leit_c_dot5,Integer,0,,Recommended,"","",,"","",""
leit_c_dot6,Integer,0,,Recommended,"","",,"","",""
leit_c_pitcherbulb,Integer,0,,Recommended,"","0; 1; 2",,"","",""
leit_c_pitcherbulb4,Integer,0,,Recommended,"","",,"","",""
leit_c_pitcherbulb7,Integer,0,,Recommended,"","",,"","",""
leit_c_raw,Integer,0,,Recommended,"","0 - 20",,"","",""
leit_c_size,Integer,0,,Recommended,"","0; 1; 2",,"","",""
leit_c_size4,Integer,0,,Recommended,"","",,"","",""
leit_c_size7,Integer,0,,Recommended,"","",,"","",""
leit_c_sovalj,Integer,0,,Recommended,"","0; 1; 2",,"","",""
leit_c_sovalj5,Integer,0,,Recommended,"","",,"","",""
leit_c_sovalj6,Integer,0,,Recommended,"","",,"","",""
leit_c_squarex,Integer,0,,Recommended,"","0; 1; 2",,"","",""
leit_c_squarex3,Integer,0,,Recommended,"","",,"","",""
leit_c_squarex4,Integer,0,,Recommended,"","",,"","",""
leit_c_ss,Integer,0,,Recommended,"","",,"","",""
leit_da_ae,Integer,0,,Recommended,"","",,"","",""
leit_da_banana,Integer,0,,Recommended,"","0; 1",,"","",""
leit_da_barrow,Integer,0,,Recommended,"","0; 1",,"","",""
leit_da_bas,Integer,0,,Recommended,"","",,"","",""
leit_da_bdiamond,Integer,0,,Recommended,"","0; 1",,"","",""
leit_da_bsquare,Integer,0,,Recommended,"","0; 1",,"","",""
leit_da_ceil,Integer,0,,Recommended,"","",,"","",""
leit_da_circlex,Integer,0,,Recommended,"","0; 1",,"","",""
leit_da_csides,Integer,0,,Recommended,"","0; 1; 2; 3",,"","",""
leit_da_csidestime,Integer,0,,Recommended,"","0; 1; 2",,"","",""
leit_da_csquare,Integer,0,,Recommended,"","0; 1",,"","",""
leit_da_mshape,Integer,0,,Recommended,"","0; 1; 2; 3",,"","",""
leit_da_mshapetime,Integer,0,,Recommended,"","0; 1; 2",,"","",""
leit_da_oval,Integer,0,,Recommended,"","0; 1",,"","",""
leit_da_r3d,Integer,0,,Recommended,"","0; 1; 2; 3",,"","",""
leit_da_raw,Integer,0,,Recommended,"","0 - 38",,"","",""
leit_da_rcircle2,Integer,0,,Recommended,"","0; 1; 2; 3",,"","",""
leit_da_rcircle4,Integer,0,,Recommended,"","0; 1; 2; 3",,"","",""
leit_da_rcircle4time,Integer,0,,Recommended,"","0; 1; 2",,"","",""
leit_da_rsquare,Integer,0,,Recommended,"","0; 1; 2; 3",,"","",""
leit_da_rtrapezoid,Integer,0,,Recommended,"","0; 1",,"","",""
leit_da_rwedge,Integer,0,,Recommended,"","0; 1; 2; 3",,"","",""
leit_da_square,Integer,0,,Recommended,"","0; 1",,"","",""
leit_da_ss,Integer,0,,Recommended,"","",,"","",""
leit_da_striangle,Integer,0,,Recommended,"","0; 1",,"","",""
leit_da_tristick,Integer,0,,Recommended,"","0; 1",,"","",""
leit_date,Integer,0,,Recommended,"","",,"","",""
leit_exal_raw,Integer,0,,Recommended,"","",,"","",""
leit_exanx_raw,Integer,0,,Recommended,"","",,"","",""
leit_exat_raw,Integer,0,,Recommended,"","",,"","",""
leit_excs_raw,Integer,0,,Recommended,"","",,"","",""
leit_excs_ss,Integer,0,,Recommended,"","",,"","",""
leit_exef_raw,Integer,0,,Recommended,"","",,"","",""
leit_exer_raw,Integer,0,,Recommended,"","",,"","",""
leit_exer_ss,Integer,0,,Recommended,"","",,"","",""
leit_exoi_raw,Integer,0,,Recommended,"","",,"","",""
leit_exre_raw,Integer,0,,Recommended,"","",,"","",""
leit_exsen_raw,Integer,0,,Recommended,"","",,"","",""
leit_exso_raw,Integer,0,,Recommended,"","",,"","",""
leit_fc_ae,Integer,0,,Recommended,"","",,"","",""
leit_fc_apple,Integer,0,,Recommended,"","0; 1",,"","",""
leit_fc_arrow,Integer,0,,Recommended,"","0; 1; 2; 3",,"","",""
leit_fc_arrow5,Integer,0,,Recommended,"","",,"","",""
leit_fc_arrow6,Integer,0,,Recommended,"","",,"","",""
leit_fc_arrow7,Integer,0,,Recommended,"","",,"","",""
leit_fc_banana,Integer,0,,Recommended,"","0; 1",,"","",""
leit_fc_bas,Integer,0,,Recommended,"","",,"","",""
leit_fc_beach,Integer,0,,Recommended,"","0; 1",,"","",""
leit_fc_boxes,Integer,0,,Recommended,"","0; 1; 2; 3",,"","",""
leit_fc_boxes5,Integer,0,,Recommended,"","",,"","",""
leit_fc_boxes6,Integer,0,,Recommended,"","",,"","",""
leit_fc_boxes7,Integer,0,,Recommended,"","",,"","",""
leit_fc_bsquare,Integer,0,,Recommended,"","0; 1",,"","",""
leit_fc_catepillar,Integer,0,,Recommended,"","0; 1",,"","",""
leit_fc_ceil,Integer,0,,Recommended,"","",,"","",""
leit_fc_cow,Integer,0,,Recommended,"","0; 1",,"","",""
leit_fc_dog,Integer,0,,Recommended,"","0; 1",,"","",""
leit_fc_horse,Integer,0,,Recommended,"","0; 1",,"","",""
leit_fc_iq,Integer,0,,Recommended,"","",,"","",""
leit_fc_man,Integer,0,,Recommended,"","0; 1",,"","",""
leit_fc_pieces,Integer,0,,Recommended,"","0; 1; 2; 3",,"","",""
leit_fc_pieces4,Integer,0,,Recommended,"","",,"","",""
leit_fc_pieces6,Integer,0,,Recommended,"","",,"","",""
leit_fc_pieces7,Integer,0,,Recommended,"","",,"","",""
leit_fc_present,Integer,0,,Recommended,"","0; 1",,"","",""
leit_fc_raw,Integer,0,,Recommended,"","0 - 36",,"","",""
leit_fc_rsquare,Integer,0,,Recommended,"","0; 1",,"","",""
leit_fc_shapea,Integer,0,,Recommended,"","0; 1; 2; 3",,"","",""
leit_fc_shapea3,Integer,0,,Recommended,"","",,"","",""
leit_fc_shapea4,Integer,0,,Recommended,"","",,"","",""
leit_fc_shapea7,Integer,0,,Recommended,"","",,"","",""
leit_fc_shapeb,Integer,0,,Recommended,"","0; 1; 2; 3",,"","",""
leit_fc_shapeb3,Integer,0,,Recommended,"","",,"","",""
leit_fc_shapeb4,Integer,0,,Recommended,"","",,"","",""
leit_fc_shapeb5,Integer,0,,Recommended,"","",,"","",""
leit_fc_shapes,Integer,0,,Recommended,"","0; 1; 2; 3",,"","",""
leit_fc_shapes5,Integer,0,,Recommended,"","",,"","",""
leit_fc_shapes6,Integer,0,,Recommended,"","",,"","",""
leit_fc_shapes7,Integer,0,,Recommended,"","",,"","",""
leit_fc_sheep,Integer,0,,Recommended,"","0; 1",,"","",""
leit_fc_soccer,Integer,0,,Recommended,"","0; 1",,"","",""
leit_fc_ss,Integer,0,,Recommended,"","",,"","",""
leit_fc_starball,Integer,0,,Recommended,"","0; 1",,"","",""
leit_fc_sun,Integer,0,,Recommended,"","0; 1",,"","",""
leit_fc_worlds,Integer,0,,Recommended,"","0; 1; 2; 3",,"","",""
leit_fc_worlds4,Integer,0,,Recommended,"","",,"","",""
leit_fc_worlds6,Integer,0,,Recommended,"","",,"","",""
leit_fc_worlds7,Integer,0,,Recommended,"","",,"","",""
leit_fg_2lemon,Integer,0,,Recommended,"","0; 1",,"","",""
leit_fg_ae,Integer,0,,Recommended,"","",,"","",""
leit_fg_apron,Integer,0,,Recommended,"","0; 1",,"","",""
leit_fg_awning,Integer,0,,Recommended,"","0; 1",,"","",""
leit_fg_bas,Integer,0,,Recommended,"","",,"","",""
leit_fg_book,Integer,0,,Recommended,"","0; 1",,"","",""
leit_fg_bow,Integer,0,,Recommended,"","0; 1",,"","",""
leit_fg_brush,Integer,0,,Recommended,"","0; 1",,"","",""
leit_fg_bsmile,Integer,0,,Recommended,"","0; 1",,"","",""
leit_fg_building,Integer,0,,Recommended,"","0; 1",,"","",""
leit_fg_bush,Integer,0,,Recommended,"","0; 1",,"","",""
leit_fg_ceil,Integer,0,,Recommended,"","",,"","",""
leit_fg_chairleg,Integer,0,,Recommended,"","0; 1",,"","",""
leit_fg_collar,Integer,0,,Recommended,"","0; 1",,"","",""
leit_fg_curtains,Integer,0,,Recommended,"","0; 1",,"","",""
leit_fg_dino,Integer,0,,Recommended,"","0; 1",,"","",""
leit_fg_dog,Integer,0,,Recommended,"","0; 1",,"","",""
leit_fg_dresser,Integer,0,,Recommended,"","0; 1",,"","",""
leit_fg_faucet,Integer,0,,Recommended,"","0; 1",,"","",""
leit_fg_hat,Integer,0,,Recommended,"","0; 1",,"","",""
leit_fg_house,Integer,0,,Recommended,"","0; 1",,"","",""
leit_fg_iq,Integer,0,,Recommended,"","",,"","",""
leit_fg_leaves,Integer,0,,Recommended,"","0; 1",,"","",""
leit_fg_lemon,Integer,0,,Recommended,"","0; 1",,"","",""
leit_fg_otruck,Integer,0,,Recommended,"","0; 1",,"","",""
leit_fg_plant,Integer,0,,Recommended,"","0; 1",,"","",""
leit_fg_raw,Integer,0,,Recommended,"","0 - 31",,"","",""
leit_fg_rwtruck,Integer,0,,Recommended,"","0; 1",,"","",""
leit_fg_shirt,Integer,0,,Recommended,"","0; 1",,"","",""
leit_fg_shoe,Integer,0,,Recommended,"","0; 1",,"","",""
leit_fg_ss,Integer,0,,Recommended,"","",,"","",""
leit_fg_strap,Integer,0,,Recommended,"","0; 1",,"","",""
leit_fg_swimsuit,Integer,0,,Recommended,"","0; 1",,"","",""
leit_fg_vest,Integer,0,,Recommended,"","0; 1",,"","",""
leit_fg_wagon,Integer,0,,Recommended,"","0; 1",,"","",""
leit_fg_wave,Integer,0,,Recommended,"","0; 1",,"","",""
leit_fg_wheel,Integer,0,,Recommended,"","0; 1",,"","",""
leit_flreas_ae,Integer,0,,Recommended,"","",,"","",""
leit_flreas_iq,Integer,0,,Recommended,"","",,"","",""
leit_flreas_lci,Integer,0,,Recommended,"","",,"","",""
leit_flreas_per,Float,0,,Recommended,"","",,"","",""
leit_flreas_sss,Integer,0,,Recommended,"","",,"","",""
leit_flreas_uci,Integer,0,,Recommended,"","",,"","",""
leit_fr_14blocksp,Integer,0,,Recommended,"","0; 1",,"","",""
leit_fr_2arrows,Integer,0,,Recommended,"","0; 1",,"","",""
leit_fr_31blockso,Integer,0,,Recommended,"","0; 1",,"","",""
leit_fr_34blocksb,Integer,0,,Recommended,"","0; 1",,"","",""
leit_fr_3dblockt,Integer,0,,Recommended,"","0; 1",,"","",""
leit_fr_67blockg,Integer,0,,Recommended,"","0; 1",,"","",""
leit_fr_67blockgtime,Integer,0,,Recommended,"","0; 1; 2",,"","",""
leit_fr_ae,Integer,0,,Recommended,"","",,"","",""
leit_fr_bas,Integer,0,,Recommended,"","",,"","",""
leit_fr_blocksp,Integer,0,,Recommended,"","0; 1",,"","",""
leit_fr_blocksptime,Integer,0,,Recommended,"","0; 1; 2",,"","",""
leit_fr_boxlines,Integer,0,,Recommended,"","0; 1",,"","",""
leit_fr_ceil,Integer,0,,Recommended,"","",,"","",""
leit_fr_envelope,Integer,0,,Recommended,"","0; 1",,"","",""
leit_fr_hand,Integer,0,,Recommended,"","0; 1",,"","",""
leit_fr_line,Integer,0,,Recommended,"","0; 1",,"","",""
leit_fr_pinwheel,Integer,0,,Recommended,"","0; 1",,"","",""
leit_fr_raw,Integer,0,,Recommended,"","",,"","",""
leit_fr_rwbblocks,Integer,0,,Recommended,"","0; 1",,"","",""
leit_fr_rwbblockstime,Integer,0,,Recommended,"","0; 1; 2",,"","",""
leit_fr_ss,Integer,0,,Recommended,"","",,"","",""
leit_fr_xmarks,Integer,0,,Recommended,"","0; 1",,"","",""
leit_full_ae,Integer,0,,Recommended,"","",,"","",""
leit_full_iq,Integer,0,,Recommended,"","",,"","",""
leit_full_lci,Integer,0,,Recommended,"","",,"","",""
leit_full_per,Float,0,,Recommended,"","",,"","",""
leit_full_sss,Integer,0,,Recommended,"","",,"","",""
leit_full_uci,Integer,0,,Recommended,"","",,"","",""
leit_funvis_ae,Integer,0,,Recommended,"","",,"","",""
leit_funvis_iq,Integer,0,,Recommended,"","",,"","",""
leit_funvis_lci,Integer,0,,Recommended,"","",,"","",""
leit_funvis_per,Float,0,,Recommended,"","",,"","",""
leit_funvis_sss,Integer,0,,Recommended,"","",,"","",""
leit_funvis_uci,Integer,0,,Recommended,"","",,"","",""
leit_m_3squares,Integer,0,,Recommended,"","0; 1; 2; 3",,"","",""
leit_m_3squares5,Integer,0,,Recommended,"","",,"","",""
leit_m_3squares6,Integer,0,,Recommended,"","",,"","",""
leit_m_3squares7,Integer,0,,Recommended,"","",,"","",""
leit_m_6shapes,Integer,0,,Recommended,"","0; 1; 2; 3",,"","",""
leit_m_6shapes3,Integer,0,,Recommended,"","",,"","",""
leit_m_6shapes5,Integer,0,,Recommended,"","",,"","",""
leit_m_6shapes6,Integer,0,,Recommended,"","",,"","",""
leit_m_ae,Integer,0,,Recommended,"","",,"","",""
leit_m_antenna,Integer,0,,Recommended,"","0; 1; 2; 3",,"","",""
leit_m_antenna2,Integer,0,,Recommended,"","",,"","",""
leit_m_antenna4,Integer,0,,Recommended,"","",,"","",""
leit_m_antenna7,Integer,0,,Recommended,"","",,"","",""
leit_m_atoms,Integer,0,,Recommended,"","0; 1; 2; 3",,"","",""
leit_m_atoms2,Integer,0,,Recommended,"","",,"","",""
leit_m_atoms4,Integer,0,,Recommended,"","",,"","",""
leit_m_atoms5,Integer,0,,Recommended,"","",,"","",""
leit_m_bas,Integer,0,,Recommended,"","",,"","",""
leit_m_ced,Integer,0,,Recommended,"","0; 1; 2; 3",,"","",""
leit_m_ced4,Integer,0,,Recommended,"","",,"","",""
leit_m_ced5,Integer,0,,Recommended,"","",,"","",""
leit_m_ced7,Integer,0,,Recommended,"","",,"","",""
leit_m_ceil,Integer,0,,Recommended,"","",,"","",""
leit_m_colshape,Integer,0,,Recommended,"","0; 1; 2; 3",,"","",""
leit_m_colshape5,Integer,0,,Recommended,"","",,"","",""
leit_m_colshape6,Integer,0,,Recommended,"","",,"","",""
leit_m_colshape7,Integer,0,,Recommended,"","",,"","",""
leit_m_csquare,Integer,0,,Recommended,"","0; 1; 2; 3",,"","",""
leit_m_csquare5,Integer,0,,Recommended,"","",,"","",""
leit_m_csquare6,Integer,0,,Recommended,"","",,"","",""
leit_m_csquare7,Integer,0,,Recommended,"","",,"","",""
leit_m_ocs,Integer,0,,Recommended,"","0; 1; 2; 3",,"","",""
leit_m_ocs3,Integer,0,,Recommended,"","",,"","",""
leit_m_ocs5,Integer,0,,Recommended,"","",,"","",""
leit_m_ocs6,Integer,0,,Recommended,"","",,"","",""
leit_m_raw,Integer,0,,Recommended,"","0 - 35",,"","",""
leit_m_ss,Integer,0,,Recommended,"","",,"","",""
leit_m_tsc,Integer,0,,Recommended,"","0; 1; 2; 3",,"","",""
leit_m_tsc5,Integer,0,,Recommended,"","",,"","",""
leit_m_tsc6,Integer,0,,Recommended,"","",,"","",""
leit_m_tsc7,Integer,0,,Recommended,"","",,"","",""
leit_m_vertdiag,Integer,0,,Recommended,"","0; 1; 2; 3",,"","",""
leit_m_vertdiag2,Integer,0,,Recommended,"","",,"","",""
leit_m_vertdiag4,Integer,0,,Recommended,"","",,"","",""
leit_m_vertdiag6,Integer,0,,Recommended,"","",,"","",""
leit_m_ycircle,Integer,0,,Recommended,"","0; 1; 2",,"","",""
leit_m_ycircle6,Integer,0,,Recommended,"","",,"","",""
leit_m_ycircle7,Integer,0,,Recommended,"","",,"","",""
leit_m_ydots,Integer,0,,Recommended,"","0; 1; 2; 3",,"","",""
leit_m_ydots3,Integer,0,,Recommended,"","",,"","",""
leit_m_ydots4,Integer,0,,Recommended,"","",,"","",""
leit_m_ydots6,Integer,0,,Recommended,"","",,"","",""
leit_nvr_ae,Integer,0,,Recommended,"","",,"","",""
leit_nvr_iq,Integer,0,,Recommended,"","",,"","",""
leit_pc_1,Integer,0,,Recommended,"","0; 1",,"","",""
leit_pc_2,Integer,0,,Recommended,"","0; 1; 2",,"","",""
leit_pc_3,Integer,0,,Recommended,"","0; 1; 2",,"","",""
leit_pc_4,Integer,0,,Recommended,"","0; 1; 2; 3; 4",,"","",""
leit_pc_5,Integer,0,,Recommended,"","0; 1; 2; 3; 4",,"","",""
leit_pc_6,Integer,0,,Recommended,"","0; 1; 2; 3; 4",,"","",""
leit_pc_7,Integer,0,,Recommended,"","0; 1; 2; 3; 4",,"","",""
leit_pc_8,Integer,0,,Recommended,"","0; 1; 2; 3; 4",,"","",""
leit_pc_ae,Integer,0,,Recommended,"","",,"","",""
leit_pc_bas,Integer,0,,Recommended,"","",,"","",""
leit_pc_ceil,Integer,0,,Recommended,"","",,"","",""
leit_pc_raw,Integer,0,,Recommended,"","",,"","",""
leit_pc_ss,Integer,0,,Recommended,"","",,"","",""
leit_pf_ae,Integer,0,,Recommended,"","",,"","",""
leit_pf_bas,Integer,0,,Recommended,"","",,"","",""
leit_pf_bwbox,Integer,0,,Recommended,"","0; 1",,"","",""
leit_pf_ceil,Integer,0,,Recommended,"","",,"","",""
leit_pf_cube,Integer,0,,Recommended,"","0; 1; 2",,"","",""
leit_pf_gbars,Integer,0,,Recommended,"","0; 1; 2",,"","",""
leit_pf_gwtriangles,Integer,0,,Recommended,"","0; 1",,"","",""
leit_pf_hcircle,Integer,0,,Recommended,"","0; 1",,"","",""
leit_pf_hdiamond,Integer,0,,Recommended,"","0; 1; 2",,"","",""
leit_pf_hplate,Integer,0,,Recommended,"","0; 1; 2",,"","",""
leit_pf_pyraminds,Integer,0,,Recommended,"","0; 1; 2",,"","",""
leit_pf_raw,Integer,0,,Recommended,"","0 - 26",,"","",""
leit_pf_rdboxes,Integer,0,,Recommended,"","0; 1; 2",,"","",""
leit_pf_rdboxestime,Integer,0,,Recommended,"","0; 1; 2",,"","",""
leit_pf_solidsdots,Integer,0,,Recommended,"","0; 1",,"","",""
leit_pf_ss,Integer,0,,Recommended,"","",,"","",""
leit_pf_tricubes1,Integer,0,,Recommended,"","0; 1; 2",,"","",""
leit_pf_tricubes1time,Integer,0,,Recommended,"","0; 1; 2",,"","",""
leit_pf_tricubes2,Integer,0,,Recommended,"","0; 1; 2",,"","",""
leit_pf_tricubes2time,Integer,0,,Recommended,"","0; 1; 2",,"","",""
leit_rp_00patterns,Integer,0,,Recommended,"","0; 1; 2",,"","",""
leit_rp_00patterns4,Integer,0,,Recommended,"","",,"","",""
leit_rp_00patterns6,Integer,0,,Recommended,"","",,"","",""
leit_rp_0pattern1,Integer,0,,Recommended,"","",,"","",""
leit_rp_0pattern2,Integer,0,,Recommended,"","",,"","",""
leit_rp_0tpattern,Integer,0,,Recommended,"","0; 1; 2",,"","",""
leit_rp_2col2shape,Integer,0,,Recommended,"","0; 1; 2",,"","",""
leit_rp_2col2shape2,Integer,0,,Recommended,"","",,"","",""
leit_rp_2col2shape3,Integer,0,,Recommended,"","",,"","",""
leit_rp_2color,Integer,0,,Recommended,"","0; 1; 2",,"","",""
leit_rp_2colors2,Integer,0,,Recommended,"","",,"","",""
leit_rp_2colors3,Integer,0,,Recommended,"","",,"","",""
leit_rp_2size2shape,Integer,0,,Recommended,"","0; 1; 2",,"","",""
leit_rp_2size2shape2,Integer,0,,Recommended,"","",,"","",""
leit_rp_2size2shape3,Integer,0,,Recommended,"","",,"","",""
leit_rp_3col3shape,Integer,0,,Recommended,"","0; 1; 2",,"","",""
leit_rp_3col3shape1,Integer,0,,Recommended,"","",,"","",""
leit_rp_3col3shape2,Integer,0,,Recommended,"","",,"","",""
leit_rp_ae,Integer,0,,Recommended,"","",,"","",""
leit_rp_appbana,Integer,0,,Recommended,"","0; 1; 2",,"","",""
leit_rp_appbana1,Integer,0,,Recommended,"","",,"","",""
leit_rp_appbana2,Integer,0,,Recommended,"","",,"","",""
leit_rp_carboat,Integer,0,,Recommended,"","0; 1; 2",,"","",""
leit_rp_carboat1,Integer,0,,Recommended,"","",,"","",""
leit_rp_carboat2,Integer,0,,Recommended,"","",,"","",""
leit_rp_ceil,Integer,0,,Recommended,"","",,"","",""
leit_rp_clockdiam,Integer,0,,Recommended,"","0; 1; 2; 3",,"","",""
leit_rp_clockdiam3,Integer,0,,Recommended,"","",,"","",""
leit_rp_clockdiam4,Integer,0,,Recommended,"","",,"","",""
leit_rp_clockdiam5,Integer,0,,Recommended,"","",,"","",""
leit_rp_iq,Integer,0,,Recommended,"","",,"","",""
leit_rp_raw,Integer,0,,Recommended,"","0 - 27",,"","",""
leit_rp_spattern,Integer,0,,Recommended,"","0; 1; 2",,"","",""
leit_rp_spattern4,Integer,0,,Recommended,"","",,"","",""
leit_rp_spattern6,Integer,0,,Recommended,"","",,"","",""
leit_rp_ss,Integer,0,,Recommended,"","",,"","",""
leit_rp_staraster,Integer,0,,Recommended,"","0; 1; 2; 3; 4",,"","",""
leit_rp_staraster3,Integer,0,,Recommended,"","",,"","",""
leit_rp_staraster4,Integer,0,,Recommended,"","",,"","",""
leit_rp_staraster5,Integer,0,,Recommended,"","",,"","",""
leit_rp_staraster6,Integer,0,,Recommended,"","",,"","",""
leit_rp_xopattern,Integer,0,,Recommended,"","0; 1; 2",,"","",""
leit_rp_xopattern1,Integer,0,,Recommended,"","",,"","",""
leit_rp_xopattern2,Integer,0,,Recommended,"","",,"","",""
leit_so_2linesm,Integer,0,,Recommended,"","0; 1; 2; 3; 4; 5",,"","",""
leit_so_2linesm1,Integer,0,,Recommended,"","",,"","",""
leit_so_2linesm2,Integer,0,,Recommended,"","",,"","",""
leit_so_2linesm3,Integer,0,,Recommended,"","",,"","",""
leit_so_2linesm4,Integer,0,,Recommended,"","",,"","",""
leit_so_2linesm5,Integer,0,,Recommended,"","",,"","",""
leit_so_3bsquare,Integer,0,,Recommended,"","0; 1",,"","",""
leit_so_3bsquare5,Integer,0,,Recommended,"","",,"","",""
leit_so_3rtri,Integer,0,,Recommended,"","0; 1; 2; 3",,"","",""
leit_so_3rtriangles2,Integer,0,,Recommended,"","",,"","",""
leit_so_3rtriangles4,Integer,0,,Recommended,"","",,"","",""
leit_so_3rtriangles6,Integer,0,,Recommended,"","",,"","",""
leit_so_ae,Integer,0,,Recommended,"","",,"","",""
leit_so_bas,Integer,0,,Recommended,"","",,"","",""
leit_so_ccircles,Integer,0,,Recommended,"","0; 1; 2; 3; 4; 5",,"","",""
leit_so_ccircles2,Integer,0,,Recommended,"","",,"","",""
leit_so_ccircles3,Integer,0,,Recommended,"","",,"","",""
leit_so_ccircles4,Integer,0,,Recommended,"","",,"","",""
leit_so_ccircles5,Integer,0,,Recommended,"","",,"","",""
leit_so_ccircles6,Integer,0,,Recommended,"","",,"","",""
leit_so_ceil,Integer,0,,Recommended,"","",,"","",""
leit_so_circles,Integer,0,,Recommended,"","0; 1; 2",,"","",""
leit_so_circles4,Integer,0,,Recommended,"","",,"","",""
leit_so_circles5,Integer,0,,Recommended,"","",,"","",""
leit_so_csegments,Integer,0,,Recommended,"","0; 1; 2; 3; 4; 5",,"","",""
leit_so_csegments2,Integer,0,,Recommended,"","",,"","",""
leit_so_csegments3,Integer,0,,Recommended,"","",,"","",""
leit_so_csegments4,Integer,0,,Recommended,"","",,"","",""
leit_so_csegments5,Integer,0,,Recommended,"","",,"","",""
leit_so_csegments6,Integer,0,,Recommended,"","",,"","",""
leit_so_idesspaces3,Integer,0,,Recommended,"","",,"","",""
leit_so_iq,Integer,0,,Recommended,"","",,"","",""
leit_so_maze,Integer,0,,Recommended,"","0; 1; 2; 3; 4; 5",,"","",""
leit_so_maze1,Integer,0,,Recommended,"","",,"","",""
leit_so_maze2,Integer,0,,Recommended,"","",,"","",""
leit_so_maze3,Integer,0,,Recommended,"","",,"","",""
leit_so_maze4,Integer,0,,Recommended,"","",,"","",""
leit_so_maze5,Integer,0,,Recommended,"","",,"","",""
leit_so_raw,Integer,0,,Recommended,"","0 - 47",,"","",""
leit_so_scat,Integer,0,,Recommended,"","0; 1",,"","",""
leit_so_scat5,Integer,0,,Recommended,"","",,"","",""
leit_so_sidesspaces,Integer,0,,Recommended,"","0; 1; 2; 3; 4; 5",,"","",""
leit_so_sidesspaces1,Integer,0,,Recommended,"","",,"","",""
leit_so_sidesspaces2,Integer,0,,Recommended,"","",,"","",""
leit_so_sidesspaces3,Integer,0,,Recommended,"","",,"","",""
leit_so_sidesspaces4,Integer,0,,Recommended,"","",,"","",""
leit_so_sidesspaces5,Integer,0,,Recommended,"","",,"","",""
leit_so_sncircles,Integer,0,,Recommended,"","0; 1; 2; 3; 4; 5",,"","",""
leit_so_sncircles1,Integer,0,,Recommended,"","",,"","",""
leit_so_sncircles2,Integer,0,,Recommended,"","",,"","",""
leit_so_sncircles3,Integer,0,,Recommended,"","",,"","",""
leit_so_sncircles4,Integer,0,,Recommended,"","",,"","",""
leit_so_sncircles5,Integer,0,,Recommended,"","",,"","",""
leit_so_ss,Integer,0,,Recommended,"","",,"","",""
leit_so_ssquare,Integer,0,,Recommended,"","0; 1; 2",,"","",""
leit_so_ssquare3,Integer,0,,Recommended,"","",,"","",""
leit_so_ssquare4,Integer,0,,Recommended,"","",,"","",""
leit_so_sunbursts,Integer,0,,Recommended,"","0; 1; 2; 3; 4; 5",,"","",""
leit_so_sunbursts2,Integer,0,,Recommended,"","",,"","",""
leit_so_sunbursts3,Integer,0,,Recommended,"","",,"","",""
leit_so_sunbursts4,Integer,0,,Recommended,"","",,"","",""
leit_so_sunbursts5,Integer,0,,Recommended,"","",,"","",""
leit_so_sunbursts6,Integer,0,,Recommended,"","",,"","",""
leit_so_suncloud,Integer,0,,Recommended,"","0; 1; 2; 3",,"","",""
leit_so_suncloud2,Integer,0,,Recommended,"","",,"","",""
leit_so_suncloud3,Integer,0,,Recommended,"","",,"","",""
leit_so_suncloud4,Integer,0,,Recommended,"","",,"","",""
leit_spvis_ae,Integer,0,,Recommended,"","",,"","",""
leit_spvis_iq,Integer,0,,Recommended,"","",,"","",""
leit_spvis_lci,Integer,0,,Recommended,"","",,"","",""
leit_spvis_per,Float,0,,Recommended,"","",,"","",""
leit_spvis_sss,Integer,0,,Recommended,"","",,"","",""
leit_spvis_uci,Integer,0,,Recommended,"","",,"","",""
leit_tot_raw,Integer,0,,Recommended,"","",,"","",""
leit_version,String,35,,Recommended,"","",,"","",""
