ElementName,DataType,Size,Unit,Required,ElementDescription,ValueRange,Keywords,Notes,Section,Aliases
subjectkey,GUID,0,,Optional,"The NDAR Global Unique Identifier (GUID) for subjects which identifies a subject in NDAR","NDAR*",,"","",""
patid,String,20,,Required,"src_Subject_id","",,"Patient IDs were assigned at the research site for CPEA and STAART","",""
cycle,Integer,0,,Required,"Timepoint information","",,"","",""
phase,Integer,0,,Required,"Phase","1; 2; 3; 4",,"","",""
q21_date,Integer,0,,Required,"Date","",,"Required field","",""
q21_ratr,String,225,,Recommended,"Rater Name","",,"The name of the staff member who administered the form. If the form was filled out by the guardian or teacher, the CC¿s name should be entered as Rater.","",""
21_ratr,String,225,,Recommended,"Rater Name","",,"The name of the staff member who administered the form. If the form was filled out by the guardian or teacher, the CC¿s name should be entered as Rater.","",""q21_prim,Integer,0,,Recommended,"Primary Source: Mother","0; -1",,"Check if mother is primary source. 0=no, -1=yes.","",""
q21_prif,Integer,0,,Recommended,"Primary Source: Father","0; -1",,"Check if father is primary source. 0=no, -1=yes.","",""
q21_pric,Integer,0,,Recommended,"Primary Source: Child","0; -1",,"Check if child is primary source. 0=no, -1=yes.","",""
q21_pris,Integer,0,,Recommended,"Primary Source: Staff","0; -1",,"Check if staff is primary source. 0=no, -1=yes.","",""
q21_prio,Integer,0,,Recommended,"Primary Source: Other","0; -1",,"Check if primary source not mother, father, child or teacher. 0=no, -1=yes.","",""
q21_pr_s,String,30,,Recommended,"Other Primary Source specified","",,"Complete if q21_prio is checked","",""
q21_1a1,String,225,,Recommended,"What was the outcome of this pregnancy: First Pregnancy","",,"Select pregnancy outcome","",""
q21_1a2,String,225,,Recommended,"What was the outcome of this pregnancy: Secong Pregnancy","",,"Select pregnancy outcome","",""
q21_1a3,String,225,,Recommended,"What was the outcome of this pregnancy: Third Pregnancy","",,"Select pregnancy outcome","",""
q21_1a4,String,225,,Recommended,"What was the outcome of this pregnancy: Fourth Pregnancy","",,"Select pregnancy outcome","",""
q21_1a5,String,225,,Recommended,"What was the outcome of this pregnancy: Fifth Pregnancy","",,"Select pregnancy outcome","",""
q21_1a1a1,Integer,0,,Recommended,"If live birth, child still living: First Pregnancy","0; 1; -7; -8; -9",,"Complete only if live birth pregnancy outcome for First Pregnancy","",""
q21_1a1a2,Integer,0,,Recommended,"If live birth, child still living: Secong Pregnancy","0; 1; -7; -8; -9",,"Complete only if live birth pregnancy outcome for second Pregnancy","",""
q21_1a1a3,Integer,0,,Recommended,"If live birth, child still living: Third Pregnancy","0; 1; -7; -8; -9",,"Complete only if live birth pregnancy outcome for Third Pregnancy","",""
q21_1a1a4,Integer,0,,Recommended,"If live birth, child still living: Fourth Pregnancy","0; 1; -7; -8; -9",,"Complete only if live birth pregnancy outcome for Fourth Pregnancy","",""
q21_1a1a5,Integer,0,,Recommended,"If live birth, child still living: Fifth Pregnancy","0; 1; -7; -8; -9",,"Complete only if live birth pregnancy outcome for Fifth Pregnancy","",""
q21_1b1,Date,0,,Recommended,"Date of birth: First Pregnancy","mm/dd/yyyy; mm/yyyy",,"Complete only if live birth or still birth pregnancy outcome for First Pregnancy","",""
q21_1b2,Date,0,,Recommended,"Date of birth: Second Pregnancy","mm/dd/yyyy; mm/yyyy",,"Complete only if live birth or still birth pregnancy outcome for Second Pregnancy","",""
q21_1b3,Date,0,,Recommended,"Date of birth: Third Pregnancy","mm/dd/yyyy; mm/yyyy",,"Complete only if live birth or still birth pregnancy outcome for Third Pregnancy","",""
q21_1b4,Date,0,,Recommended,"Date of birth: Fourth Pregnancy","mm/dd/yyyy; mm/yyyy",,"Complete only if live birth or still birth pregnancy outcome for Fourth Pregnancy","",""
q21_1b5,Date,0,,Recommended,"Date of birth: Fifth Pregnancy","mm/dd/yyyy; mm/yyyy",,"Complete only if live birth or still birth pregnancy outcome for Fifth Pregnancy","",""
q21_1c1,String,225,,Recommended,"At what week did you deliver in this pregnancy: First Pregnancy","",,"Complete only if live birth or still birth pregnancy outcome for First Pregnancy","",""
q21_1c2,String,225,,Recommended,"At what week did you deliver in this pregnancy: SecondPregnancy","",,"Complete only if live birth or still birth pregnancy outcome for Second Pregnancy","",""
q21_1c3,String,225,,Recommended,"At what week did you deliver in this pregnancy: Third Pregnancy","",,"Complete only if live birth or still birth pregnancy outcome for Third Pregnancy","",""
q21_1c4,String,225,,Recommended,"At what week did you deliver in this pregnancy: Fourth Pregnancy","",,"Complete only if live birth or still birth pregnancy outcome for Fourth Pregnancy","",""
q21_1c5,String,225,,Recommended,"At what week did you deliver in this pregnancy: Fifth Pregnancy","",,"Complete only if live birth or still birth pregnancy outcome for Fifth Pregnancy","",""
q21_2,Integer,0,,Recommended,"What pregnancy number corresponds to the child being evaluated for autism today","1; 2; 3; 4; 5; -7; -8; -9",,"Field should not be left blank. If missing, please use -7,8, -9.","",""
q21_2a,Integer,0,,Recommended,"Was this child part of a multiple pregnancy","0; 1; -7; -8; -9",,"Field should not be left blank. If missing, please use -7,8, -9.","",""
q21_2a1,Integer,0,,Recommended,"Were they identical?","0; 1; -7; -8; -9",,"Complete only if child was part of a multiple pregnancy","",""
q21_3a,Integer,0,,Recommended,"Autism Spectrum Disorder","0; 1; -7; -8; -9",,"Field should not be left blank. If missing, please use -7, 8, -9.","",""
q21_3a_c,Integer,0,,Recommended,"Autism Spectrum Disorder: Child","0; -1",,"Detail should be filled out if YES or NOT SURE.","",""
q21_3a_p_m,Integer,0,,Recommended,"Autism Spectrum Disorder: Parents of Child-Mom","0; -1",,"Detail should be filled out if YES or NOT SURE.","",""
q21_3a_p_d,Integer,0,,Recommended,"Autism Spectrum Disorder: Parents of Child-Dad","0; -1",,"Detail should be filled out if YES or NOT SURE.","",""
q21_3a_s,Integer,0,,Recommended,"Autism Spectrum Disorder: Siblings","0; -1",,"Detail should be filled out if YES or NOT SURE.","",""
q21_3a_hs_m,Integer,0,,Recommended,"Autism Spectrum Disorder: Half Siblings-Mat","0; -1",,"Detail should be filled out if YES or NOT SURE.","",""
q21_3a_hs_p,Integer,0,,Recommended,"Autism Spectrum Disorder: Half Siblings-Pat","0; -1",,"Detail should be filled out if YES or NOT SURE.","",""
q21_3a_fc_m,Integer,0,,Recommended,"Autism Spectrum Disorder: First Cousins-Mat","0; -1",,"Detail should be filled out if YES or NOT SURE.","",""
q21_3a_fc_p,Integer,0,,Recommended,"Autism Spectrum Disorder: First Cousins-Pat","0; -1",,"Detail should be filled out if YES or NOT SURE.","",""
q21_3a_au_m,Integer,0,,Recommended,"Autism Spectrum Disorder: Aunts and Uncles-Mat","0; -1",,"Detail should be filled out if YES or NOT SURE.","",""
q21_3a_au_p,Integer,0,,Recommended,"Autism Spectrum Disorder: Aunts and Uncles-Pat","0; -1",,"Detail should be filled out if YES or NOT SURE.","",""
q21_3a_g_m,Integer,0,,Recommended,"Autism Spectrum Disorder: Grandparents-Mat","0; -1",,"Detail should be filled out if YES or NOT SURE.","",""
q21_3a_g_p,Integer,0,,Recommended,"Autism Spectrum Disorder: Grandparents-Pat","0; -1",,"Detail should be filled out if YES or NOT SURE.","",""
q21_3a_s1,String,100,,Recommended,"Autism Spectrum Disorder: Other-Specify","",,"Detail should be filled out if YES or NOT SURE.","",""
q21_3b,Integer,0,,Recommended,"Fragile X","0; 1; 2; -7; -8; -9",,"Field should not be left blank. If missing, please use -7, 8, -9.","",""
q21_3b_c,Integer,0,,Recommended,"Fragile X: Child","0; -1",,"Detail should be filled out if YES or NOT SURE.","",""
q21_3b_p_m,Integer,0,,Recommended,"Fragile X: Parents of Child-Mom","0; -1",,"Detail should be filled out if YES or NOT SURE.","",""
q21_3b_p_d,Integer,0,,Recommended,"Fragile X: Parents of Child-Dad","0; -1",,"Detail should be filled out if YES or NOT SURE.","",""
q21_3b_s,Integer,0,,Recommended,"Fragile X: Siblings","0; -1",,"Detail should be filled out if YES or NOT SURE.","",""
q21_3b_hs_m,Integer,0,,Recommended,"Fragile X: Half Siblings-Mat","0; -1",,"Detail should be filled out if YES or NOT SURE.","",""
q21_3b_hs_p,Integer,0,,Recommended,"Fragile X: Half Siblings-Pat","0; -1",,"Detail should be filled out if YES or NOT SURE.","",""
q21_3b_fc_m,Integer,0,,Recommended,"Fragile X: First Cousins-Mat","0; -1",,"Detail should be filled out if YES or NOT SURE.","",""
q21_3b_fc_p,Integer,0,,Recommended,"Fragile X: First Cousins-Pat","0; -1",,"Detail should be filled out if YES or NOT SURE.","",""
q21_3b_au_m,Integer,0,,Recommended,"Fragile X: Aunts and Uncles-Mat","0; -1",,"Detail should be filled out if YES or NOT SURE.","",""
q21_3b_au_p,Integer,0,,Recommended,"Fragile X: Aunts and Uncles-Pat","0; -1",,"Detail should be filled out if YES or NOT SURE.","",""
q21_3b_g_m,Integer,0,,Recommended,"Fragile X: Grandparents-Mat","0; -1",,"Detail should be filled out if YES or NOT SURE.","",""
q21_3b_g_p,Integer,0,,Recommended,"Fragile X: Grandparents-Pat","0; -1",,"Detail should be filled out if YES or NOT SURE.","",""
q21_3b_s1,String,100,,Recommended,"Fragile X: Other-Specify","",,"Detail should be filled out if YES or NOT SURE.","",""
q21_3c,Integer,0,,Recommended,"Tuberous Sclerosis","0; 1; 2; -7; -8; -9",,"Field should not be left blank. If missing, please use -7, 8, -9.","",""
q21_3c_c,Integer,0,,Recommended,"Tuberous Sclerosis: Child","0; -1",,"Detail should be filled out if YES or NOT SURE.","",""
q21_3c_p_m,Integer,0,,Recommended,"Tuberous Sclerosis: Parent of Child-Mom","0; -1",,"Detail should be filled out if YES or NOT SURE.","",""
q21_3c_p_d,Integer,0,,Recommended,"Tuberous Sclerosis: Parents of Child-Dad","0; -1",,"Detail should be filled out if YES or NOT SURE.","",""
q21_3c_s,Integer,0,,Recommended,"Tuberous Sclerosis: Siblings","0; -1",,"Detail should be filled out if YES or NOT SURE.","",""
q21_3c_hs_m,Integer,0,,Recommended,"Tuberous Sclerosis: Half Siblings-Mat","0; -1",,"Detail should be filled out if YES or NOT SURE.","",""
q21_3c_hs_p,Integer,0,,Recommended,"Tuberous Sclerosis: Half Siblings-Pat","0; -1",,"Detail should be filled out if YES or NOT SURE.","",""
q21_3c_fc_m,Integer,0,,Recommended,"Tuberous Sclerosis: First Cousins-Mat","0; -1",,"Detail should be filled out if YES or NOT SURE.","",""
q21_3c_fc_p,Integer,0,,Recommended,"Tuberous Sclerosis: First Cousins-Pat","0; -1",,"Detail should be filled out if YES or NOT SURE.","",""
q21_3c_au_m,Integer,0,,Recommended,"Tuberous Sclerosis: Aunts and Uncles-Mat","0; -1",,"Detail should be filled out if YES or NOT SURE.","",""
q21_3c_au_p,Integer,0,,Recommended,"Tuberous Sclerosis: Aunts and Uncles-Pat","0; -1",,"Detail should be filled out if YES or NOT SURE.","",""
q21_3c_g_m,Integer,0,,Recommended,"Tuberous Sclerosis: Grandparents-Mat","0; -1",,"Detail should be filled out if YES or NOT SURE.","",""
q21_3c_g_p,Integer,0,,Recommended,"Tuberous Sclerosis: Grandparents-Pat","0; -1",,"Detail should be filled out if YES or NOT SURE.","",""
q21_3c_s1,String,100,,Recommended,"Tuberous Sclerosis: Other-Specify","",,"Detail should be filled out if YES or NOT SURE.","",""
q21_3d,Integer,0,,Recommended,"Neurofibromatosis","0; 1; 2; -7; -8; -9",,"Field should not be left blank. If missing, please use -7, 8, -9.","",""
q21_3d_c,Integer,0,,Recommended,"Neurofibromatosis: Child","0; -1",,"Detail should be filled out if YES or NOT SURE.","",""
q21_3d_p_m,Integer,0,,Recommended,"Neurofibromatosis: Parents of Child-Mom","0; -1",,"Detail should be filled out if YES or NOT SURE.","",""
q21_3d_p_d,Integer,0,,Recommended,"Neurofibromatosis: Parent of Child-Dad","0; -1",,"Detail should be filled out if YES or NOT SURE.","",""
q21_3d_s,Integer,0,,Recommended,"Neurofibromatosis: Siblings","0; -1",,"Detail should be filled out if YES or NOT SURE.","",""
q21_3d_hs_m,Integer,0,,Recommended,"Neurofibromatosis: Half Siblings-Mat","0; -1",,"Detail should be filled out if YES or NOT SURE.","",""
q21_3d_hs_p,Integer,0,,Recommended,"Neurofibromatosis: Half Siblings-Pat","0; -1",,"Detail should be filled out if YES or NOT SURE.","",""
q21_3d_fc_m,Integer,0,,Recommended,"Neurofibromatosis: First Cousins-Mat","0; -1",,"Detail should be filled out if YES or NOT SURE.","",""
q21_3d_fc_p,Integer,0,,Recommended,"Neurofibromatosis: First Cousins-Pat","0; -1",,"Detail should be filled out if YES or NOT SURE.","",""
q21_3d_au_m,Integer,0,,Recommended,"Neurofibromatosis: Aunts and Uncles-Mat","0; -1",,"Detail should be filled out if YES or NOT SURE.","",""
q21_3d_au_p,Integer,0,,Recommended,"Neurofibromatosis: Aunts and Uncles-Pat","0; -1",,"Detail should be filled out if YES or NOT SURE.","",""
q21_3d_g_m,Integer,0,,Recommended,"Neurofibromatosis: Grandparents-Mat","0; -1",,"Detail should be filled out if YES or NOT SURE.","",""
q21_3d_g_p,Integer,0,,Recommended,"Neurofibromatosis: Grandparents-Pat","0; -1",,"Detail should be filled out if YES or NOT SURE.","",""
q21_3d_s1,String,100,,Recommended,"Neurofibromatosis: Other-Specify","",,"Detail should be filled out if YES or NOT SURE.","",""
q21_3e,Integer,0,,Recommended,"Rett Syndrome","0; 1; 2; -7; -8; -9",,"Field should not be left blank. If missing, please use -7, 8, -9.","",""
q21_3e_c,Integer,0,,Recommended,"Rett Syndrome: Child","0; -1",,"Detail should be filled out if YES or NOT SURE.","",""
q21_3e_p_m,Integer,0,,Recommended,"Rett Syndrome: Parents of Child-Mom","0; -1",,"Detail should be filled out if YES or NOT SURE.","",""
q21_3e_p_d,Integer,0,,Recommended,"Rett Syndrome: Parents of Child-Dad","0; -1",,"Detail should be filled out if YES or NOT SURE.","",""
q21_3e_s,Integer,0,,Recommended,"Rett Syndrome: Siblings","0; -1",,"Detail should be filled out if YES or NOT SURE.","",""
q21_3e_hs_m,Integer,0,,Recommended,"Rett Syndrome: Half Siblings-Mat","0; -1",,"Detail should be filled out if YES or NOT SURE.","",""
q21_3e_hs_p,Integer,0,,Recommended,"Rett Syndrome: Half Siblings-Pat","0; -1",,"Detail should be filled out if YES or NOT SURE.","",""
q21_3e_fc_m,Integer,0,,Recommended,"Rett Syndrome: First Cousins-Mat","0; -1",,"Detail should be filled out if YES or NOT SURE.","",""
q21_3e_fc_p,Integer,0,,Recommended,"Rett Syndrome: First Cousins-Pat","0; -1",,"Detail should be filled out if YES or NOT SURE.","",""
q21_3e_au_m,Integer,0,,Recommended,"Rett Syndrome: Aunts and Uncles-Mat","0; -1",,"Detail should be filled out if YES or NOT SURE.","",""
q21_3e_au_p,Integer,0,,Recommended,"Rett Syndrome: Aunts and Uncles-Pat","0; -1",,"Detail should be filled out if YES or NOT SURE.","",""
q21_3e_g_m,Integer,0,,Recommended,"Rett Syndrome: Grandparents-Mat","0; -1",,"Detail should be filled out if YES or NOT SURE.","",""
q21_3e_g_p,Integer,0,,Recommended,"Rett Syndrome: Grandparents-Pat","0; -1",,"Detail should be filled out if YES or NOT SURE.","",""
q21_3e_s1,String,100,,Recommended,"Rett Syndrome: Other-Specify","",,"Detail should be filled out if YES or NOT SURE.","",""
q21_3f,Integer,0,,Recommended,"Childhood Disintegration Disorder","0; 1; 2; -7; -8; -9",,"Field should not be left blank. If missing, please use -7, 8, -9.","",""
q21_3f_c,Integer,0,,Recommended,"Childhood Disintegration Disorder: Child","0; -1",,"Detail should be filled out if YES or NOT SURE.","",""
q21_3f_p_m,Integer,0,,Recommended,"Childhood Disintegration Disorder: Parents of Child-Mom","0; -1",,"Detail should be filled out if YES or NOT SURE.","",""
q21_3f_p_d,Integer,0,,Recommended,"Childhood Disintegration Disorder: Parents of Child-Dad","0; -1",,"Detail should be filled out if YES or NOT SURE.","",""
q21_3f_s,Integer,0,,Recommended,"Childhood Disintegration Disorder: Siblings","0; -1",,"Detail should be filled out if YES or NOT SURE.","",""
q21_3f_hs_m,Integer,0,,Recommended,"Childhood Disintegration Disorder: Half Siblings-Mat","0; -1",,"Detail should be filled out if YES or NOT SURE.","",""
q21_3f_hs_p,Integer,0,,Recommended,"Childhood Disintegration Disorder: Half Siblings-Pat","0; -1",,"Detail should be filled out if YES or NOT SURE.","",""
q21_3f_fc_m,Integer,0,,Recommended,"Childhood Disintegration Disorder: First Cousins-Mat","0; -1",,"Detail should be filled out if YES or NOT SURE.","",""
q21_3f_fc_p,Integer,0,,Recommended,"Childhood Disintegration Disorder: First Cousins-Pat","0; -1",,"Detail should be filled out if YES or NOT SURE.","",""
q21_3f_au_m,Integer,0,,Recommended,"Childhood Disintegration Disorder: Aunts and Uncles-Mat","0; -1",,"Detail should be filled out if YES or NOT SURE.","",""
q21_3f_au_p,Integer,0,,Recommended,"Childhood Disintegration Disorder: Aunts and Uncles-Pat","0; -1",,"Detail should be filled out if YES or NOT SURE.","",""
q21_3f_g_m,Integer,0,,Recommended,"Childhood Disintegration Disorder: Grandparents-Mat","0; -1",,"Detail should be filled out if YES or NOT SURE.","",""
q21_3f_g_p,Integer,0,,Recommended,"Childhood Disintegration Disorder: Grandparents-Pat","0; -1",,"Detail should be filled out if YES or NOT SURE.","",""
q21_3f_s1,String,100,,Recommended,"Childhood Disintegration Disorder: Other-Specify","",,"Detail should be filled out if YES or NOT SURE.","",""
q21_3g,Integer,0,,Recommended,"Prader Willi Syndrome","0; 1; 2; -7; -8; -9",,"Field should not be left blank. If missing, please use -7, 8, -9.","",""
q21_3g_c,Integer,0,,Recommended,"Prader Willi Syndrome: Child","0; -1",,"Detail should be filled out if YES or NOT SURE.","",""
q21_3g_p_m,Integer,0,,Recommended,"Prader Willi Syndrome: Parents of Child-Mom","0; -1",,"Detail should be filled out if YES or NOT SURE.","",""
q21_3g_p_d,Integer,0,,Recommended,"Prader Willi Syndrome: Parents of Child-Dad","0; -1",,"Detail should be filled out if YES or NOT SURE.","",""
q21_3g_s,Integer,0,,Recommended,"Prader Willi Syndrome: Siblings","0; -1",,"Detail should be filled out if YES or NOT SURE.","",""
q21_3g_hs_m,Integer,0,,Recommended,"Prader Willi Syndrome: Half Siblings-Mat","0; -1",,"Detail should be filled out if YES or NOT SURE.","",""
q21_3g_hs_p,Integer,0,,Recommended,"Prader Willi Syndrome: Half Siblings-Pat","0; -1",,"Detail should be filled out if YES or NOT SURE.","",""
q21_3g_fc_m,Integer,0,,Recommended,"Prader Willi Syndrome: First Cousins-Mat","0; -1",,"Detail should be filled out if YES or NOT SURE.","",""
q21_3g_fc_p,Integer,0,,Recommended,"Prader Willi Syndrome: First Cousins-Pat","0; -1",,"Detail should be filled out if YES or NOT SURE.","",""
q21_3g_au_m,Integer,0,,Recommended,"Prader Willi Syndrome: Aunts and Uncles-Mat","0; -1",,"Detail should be filled out if YES or NOT SURE.","",""
q21_3g_au_p,Integer,0,,Recommended,"Prader Willi Syndrome: Aunts and Uncles-Pat","0; -1",,"Detail should be filled out if YES or NOT SURE.","",""
q21_3g_g_m,Integer,0,,Recommended,"Prader Willi Syndrome: Grandparents-Mat","0; -1",,"Detail should be filled out if YES or NOT SURE.","",""
q21_3g_g_p,Integer,0,,Recommended,"Prader Willi Syndrome: Grandparents-Pat","0; -1",,"Detail should be filled out if YES or NOT SURE.","",""
q21_3g_s1,String,100,,Recommended,"Prader Willi Syndrome: Other-Specify","",,"Detail should be filled out if YES or NOT SURE.","",""
q21_3h,Integer,0,,Recommended,"Angelman Syndrome","0; 1; 2; -7; -8; -9",,"Field should not be left blank. If missing, please use -7, 8, -9.","",""
q21_3h_c,Integer,0,,Recommended,"Angelman Syndrome: Child","0; -1",,"Detail should be filled out if YES or NOT SURE.","",""
q21_3h_p_m,Integer,0,,Recommended,"Angelman Syndrome: Parents of Child-Mom","0; -1",,"Detail should be filled out if YES or NOT SURE.","",""
q21_3h_p_d,Integer,0,,Recommended,"Angelman Syndrome: Parents of Child-Dad","0; -1",,"Detail should be filled out if YES or NOT SURE.","",""
q21_3h_s,Integer,0,,Recommended,"Angelman Syndrome: Siblings","0; -1",,"Detail should be filled out if YES or NOT SURE.","",""
q21_3h_hs_m,Integer,0,,Recommended,"Angelman Syndrome: Half Siblings-Mat","0; -1",,"Detail should be filled out if YES or NOT SURE.","",""
q21_3h_hs_p,Integer,0,,Recommended,"Angelman Syndrome: Half Siblings-Pat","0; -1",,"Detail should be filled out if YES or NOT SURE.","",""
q21_3h_fc_m,Integer,0,,Recommended,"Angelman Syndrome: First Cousins-Mat","0; -1",,"Detail should be filled out if YES or NOT SURE.","",""
q21_3h_fc_p,Integer,0,,Recommended,"Angelman Syndrome: First Cousins-Pat","0; -1",,"Detail should be filled out if YES or NOT SURE.","",""
q21_3h_au_m,Integer,0,,Recommended,"Angelman Syndrome: Aunts and Uncles-Mat","0; -1",,"Detail should be filled out if YES or NOT SURE.","",""
q21_3h_au_p,Integer,0,,Recommended,"Angelman Syndrome: Aunts and Uncles-Pat","0; -1",,"Detail should be filled out if YES or NOT SURE.","",""
q21_3h_g_m,Integer,0,,Recommended,"Angelman Syndrome: Grandparents-Mat","0; -1",,"Detail should be filled out if YES or NOT SURE.","",""
q21_3h_g_p,Integer,0,,Recommended,"Angelman Syndrome: Grandparents-Pat","0; -1",,"Detail should be filled out if YES or NOT SURE.","",""
q21_3h_s1,String,100,,Recommended,"Angelman Syndrome: Other-Specify","",,"Detail should be filled out if YES or NOT SURE.","",""
q21_3i,Integer,0,,Recommended,"Other chromosomal abnormality, disorder or syndrome","0; 1; 2; -7; -8; -9",,"Field should not be left blank. If missing, please use -7, 8, -9.","",""
q21_3i_s2,String,30,,Recommended,"Other chromosomal abnormality, disorder or syndrome: Specify","",,"Detail should be filled out if YES or NOT SURE.","",""
q21_3i_c,Integer,0,,Recommended,"Other chromosomal abnormality, disorder or syndrome: Child","0; -1",,"Detail should be filled out if YES or NOT SURE.","",""
q21_3i_p_m,Integer,0,,Recommended,"Other chromosomal abnormality, disorder or syndrome: Parents of Child-Mom","0; -1",,"Detail should be filled out if YES or NOT SURE.","",""
q21_3i_p_d,Integer,0,,Recommended,"Other chromosomal abnormality, disorder or syndrome: Parents of Child-Dad","0; -1",,"Detail should be filled out if YES or NOT SURE.","",""
q21_3i_s,Integer,0,,Recommended,"Other chromosomal abnormality, disorder or syndrome: Siblings","0; -1",,"Detail should be filled out if YES or NOT SURE.","",""
q21_3i_hs_m,Integer,0,,Recommended,"Other chromosomal abnormality, disorder or syndrome: Half Siblings-Mat","0; -1",,"Detail should be filled out if YES or NOT SURE.","",""
q21_3i_hs_p,Integer,0,,Recommended,"Other chromosomal abnormality, disorder or syndrome: Half Siblings-Pat","0; -1",,"Detail should be filled out if YES or NOT SURE.","",""
q21_3i_fc_m,Integer,0,,Recommended,"Other chromosomal abnormality, disorder or syndrome: First Cousins-Mat","0; -1",,"Detail should be filled out if YES or NOT SURE.","",""
q21_3i_fc_p,Integer,0,,Recommended,"Other chromosomal abnormality, disorder or syndrome: First Cousins-Pat","0; -1",,"Detail should be filled out if YES or NOT SURE.","",""
q21_3i_au_m,Integer,0,,Recommended,"Other chromosomal abnormality, disorder or syndrome: Aunts and Uncles-Mat","0; -1",,"Detail should be filled out if YES or NOT SURE.","",""
q21_3i_au_p,Integer,0,,Recommended,"Other chromosomal abnormality, disorder or syndrome: Aunts and Uncles-Pat","0; -1",,"Detail should be filled out if YES or NOT SURE.","",""
q21_3i_g_m,Integer,0,,Recommended,"Other chromosomal abnormality, disorder or syndrome: Grandparents-Mat","0; -1",,"Detail should be filled out if YES or NOT SURE.","",""
q21_3i_g_p,Integer,0,,Recommended,"Other chromosomal abnormality, disorder or syndrome: Grandparents-Pat","0; -1",,"Detail should be filled out if YES or NOT SURE.","",""
q21_3i_s1,String,100,,Recommended,"Other chromosomal abnormality, disorder or syndrome: Other-Specify","",,"Detail should be filled out if YES or NOT SURE.","",""
q21_3j,Integer,0,,Recommended,"Congential rubella","0; 1; 2; -7; -8; -9",,"Field should not be left blank. If missing, please use -7, 8, -9.","",""
q21_3j_c,Integer,0,,Recommended,"Congential rubella: Child","0; -1",,"Detail should be filled out if YES or NOT SURE.","",""
q21_3j_p_m,Integer,0,,Recommended,"Congential rubella: Parents of Child-Mom","0; -1",,"Detail should be filled out if YES or NOT SURE.","",""
q21_3j_p_d,Integer,0,,Recommended,"Congential rubella: Parents of Child-Dad","0; -1",,"Detail should be filled out if YES or NOT SURE.","",""
q21_3j_s,Integer,0,,Recommended,"Congential rubella: Siblings","0; -1",,"Detail should be filled out if YES or NOT SURE.","",""
q21_3j_hs_m,Integer,0,,Recommended,"Congential rubella: Half Siblings-Mat","0; -1",,"Detail should be filled out if YES or NOT SURE.","",""
q21_3j_hs_p,Integer,0,,Recommended,"Congential rubella: Half Siblings-Pat","0; -1",,"Detail should be filled out if YES or NOT SURE.","",""
q21_3j_fc_m,Integer,0,,Recommended,"Congential rubella: First Cousins-Mat","0; -1",,"Detail should be filled out if YES or NOT SURE.","",""
q21_3j_fc_p,Integer,0,,Recommended,"Congential rubella: First Cousins-Pat","0; -1",,"Detail should be filled out if YES or NOT SURE.","",""
q21_3j_au_m,Integer,0,,Recommended,"Congential rubella: Aunts and Uncles-Mat","0; -1",,"Detail should be filled out if YES or NOT SURE.","",""
q21_3j_au_p,Integer,0,,Recommended,"Congential rubella: Aunts and Uncles-Pat","0; -1",,"Detail should be filled out if YES or NOT SURE.","",""
q21_3j_g_m,Integer,0,,Recommended,"Congential rubella: Grandparents-Mat","0; -1",,"Detail should be filled out if YES or NOT SURE.","",""
q21_3j_g_p,Integer,0,,Recommended,"Congential rubella: Grandparents-Pat","0; -1",,"Detail should be filled out if YES or NOT SURE.","",""
q21_3j_s1,String,100,,Recommended,"Congential rubella: Other-Specify","",,"Detail should be filled out if YES or NOT SURE.","",""
q21_3k,Integer,0,,Recommended,"PKU","0; 1; 2; -7; -8; -9",,"Field should not be left blank. If missing, please use -7, 8, -9.","",""
q21_3k_c,Integer,0,,Recommended,"PKU: Child","0; -1",,"Detail should be filled out if YES or NOT SURE.","",""
q21_3k_p_m,Integer,0,,Recommended,"PKU: Parents of Child-Mom","0; -1",,"Detail should be filled out if YES or NOT SURE.","",""
q21_3k_p_d,Integer,0,,Recommended,"PKU: Parents of Child-Dad","0; -1",,"Detail should be filled out if YES or NOT SURE.","",""
q21_3k_s,Integer,0,,Recommended,"PKU: Siblings","0; -1",,"Detail should be filled out if YES or NOT SURE.","",""
q21_3k_hs_m,Integer,0,,Recommended,"PKU: Half Siblings-Mat","0; -1",,"Detail should be filled out if YES or NOT SURE.","",""
q21_3k_hs_p,Integer,0,,Recommended,"PKU: Half Siblings-Pat","0; -1",,"Detail should be filled out if YES or NOT SURE.","",""
q21_3k_fc_m,Integer,0,,Recommended,"PKU: First Cousins-Mat","0; -1",,"Detail should be filled out if YES or NOT SURE.","",""
q21_3k_fc_p,Integer,0,,Recommended,"PKU: First Cousins-Pat","0; -1",,"Detail should be filled out if YES or NOT SURE.","",""
q21_3k_au_m,Integer,0,,Recommended,"PKU: Aunts and Uncles-Mat","0; -1",,"Detail should be filled out if YES or NOT SURE.","",""
q21_3k_au_p,Integer,0,,Recommended,"PKU: Aunts and Uncles-Pat","0; -1",,"Detail should be filled out if YES or NOT SURE.","",""
q21_3k_g_m,Integer,0,,Recommended,"PKU: Grandparents-Mat","0; -1",,"Detail should be filled out if YES or NOT SURE.","",""
q21_3k_g_p,Integer,0,,Recommended,"PKU: Grandparents-Pat","0; -1",,"Detail should be filled out if YES or NOT SURE.","",""
q21_3k_s1,String,100,,Recommended,"PKU: Other-Specify","",,"Detail should be filled out if YES or NOT SURE.","",""
q21_3l,Integer,0,,Recommended,"Hydrocephalus (water on the brain)","0; 1; 2; -7; -8; -9",,"Field should not be left blank. If missing, please use -7, 8, -9.","",""
q21_3l_c,Integer,0,,Recommended,"Hydrocephalus (water on the brain): Child","0; -1",,"Detail should be filled out if YES or NOT SURE.","",""
q21_3l_p_m,Integer,0,,Recommended,"Hydrocephalus (water on the brain): Parents of Child-Mom","0; -1",,"Detail should be filled out if YES or NOT SURE.","",""
q21_3l_p_d,Integer,0,,Recommended,"Hydrocephalus (water on the brain): Parents of Child-Dad","0; -1",,"Detail should be filled out if YES or NOT SURE.","",""
q21_3l_s,Integer,0,,Recommended,"Hydrocephalus (water on the brain): Siblings","0; -1",,"Detail should be filled out if YES or NOT SURE.","",""
q21_3l_hs_m,Integer,0,,Recommended,"Hydrocephalus (water on the brain): Half Siblings-Mat","0; -1",,"Detail should be filled out if YES or NOT SURE.","",""
q21_3l_hs_p,Integer,0,,Recommended,"Hydrocephalus (water on the brain): Half Siblings-Pat","0; -1",,"Detail should be filled out if YES or NOT SURE.","",""
q21_3l_fc_m,Integer,0,,Recommended,"Hydrocephalus (water on the brain): First Cousins-Mat","0; -1",,"Detail should be filled out if YES or NOT SURE.","",""
q21_3l_fc_p,Integer,0,,Recommended,"Hydrocephalus (water on the brain): First Cousins-Pat","0; -1",,"Detail should be filled out if YES or NOT SURE.","",""
q21_3l_au_m,Integer,0,,Recommended,"Hydrocephalus (water on the brain): Aunts and Uncles-Mat","0; -1",,"Detail should be filled out if YES or NOT SURE.","",""
q21_3l_au_p,Integer,0,,Recommended,"Hydrocephalus (water on the brain): Aunts and Uncles-Pat","0; -1",,"Detail should be filled out if YES or NOT SURE.","",""
q21_3l_g_m,Integer,0,,Recommended,"Hydrocephalus (water on the brain): Grandparents-Mat","0; -1",,"Detail should be filled out if YES or NOT SURE.","",""
q21_3l_g_p,Integer,0,,Recommended,"Hydrocephalus (water on the brain): Grandparents-Pat","0; -1",,"Detail should be filled out if YES or NOT SURE.","",""
q21_3l_s1,String,100,,Recommended,"Hydrocephalus (water on the brain): Other-Specify","",,"Detail should be filled out if YES or NOT SURE.","",""
q21_3m,Integer,0,,Recommended,"Cerebral Palsy","0; 1; 2; -7; -8; -9",,"Field should not be left blank. If missing, please use -7, 8, -9.","",""
q21_3m_c,Integer,0,,Recommended,"Cerebral Palsy: Child","0; -1",,"Detail should be filled out if YES or NOT SURE.","",""
q21_3m_p_m,Integer,0,,Recommended,"Cerebral Palsy: Parents of Child-Mom","0; -1",,"Detail should be filled out if YES or NOT SURE.","",""
q21_3m_p_d,Integer,0,,Recommended,"Cerebral Palsy: Parents of Child-Dad","0; -1",,"Detail should be filled out if YES or NOT SURE.","",""
q21_3m_s,Integer,0,,Recommended,"Cerebral Palsy: Siblings","0; -1",,"Detail should be filled out if YES or NOT SURE.","",""
q21_3m_hs_m,Integer,0,,Recommended,"Cerebral Palsy: Half Siblings-Mat","0; -1",,"Detail should be filled out if YES or NOT SURE.","",""
q21_3m_hs_p,Integer,0,,Recommended,"Cerebral Palsy: Half SIblings-Pat","0; -1",,"Detail should be filled out if YES or NOT SURE.","",""
q21_3m_fc_m,Integer,0,,Recommended,"Cerebral Palsy: First Cousins-Mat","0; -1",,"Detail should be filled out if YES or NOT SURE.","",""
q21_3m_fc_p,Integer,0,,Recommended,"Cerebral Palsy: First Cousins-Pat","0; -1",,"Detail should be filled out if YES or NOT SURE.","",""
q21_3m_au_m,Integer,0,,Recommended,"Cerebral Palsy: Aunts and Uncles-Mat","0; -1",,"Detail should be filled out if YES or NOT SURE.","",""
q21_3m_au_p,Integer,0,,Recommended,"Cerebral Palsy: Aunts and Uncles-Pat","0; -1",,"Detail should be filled out if YES or NOT SURE.","",""
q21_3m_g_m,Integer,0,,Recommended,"Cerebral Palsy: Grandparents-Mat","0; -1",,"Detail should be filled out if YES or NOT SURE.","",""
q21_3m_g_p,Integer,0,,Recommended,"Cerebral Palsy: Grandparents-Pat","0; -1",,"Detail should be filled out if YES or NOT SURE.","",""
q21_3m_s1,String,100,,Recommended,"Cerebral Palsy: Other-Specify","",,"Detail should be filled out if YES or NOT SURE.","",""
q21_3n,Integer,0,,Recommended,"Mental retardation","0; 1; 2; -7; -8; -9",,"Field should not be left blank. If missing, please use -7, 8, -9.","",""
q21_3n_c,Integer,0,,Recommended,"Mental retardation: Child","0; -1",,"Detail should be filled out if YES or NOT SURE.","",""
q21_3n_p_m,Integer,0,,Recommended,"Mental retardation: Parents of Child-Mom","0; -1",,"Detail should be filled out if YES or NOT SURE.","",""
q21_3n_p_d,Integer,0,,Recommended,"Mental retardation: Parents of Child-Dad","0; -1",,"Detail should be filled out if YES or NOT SURE.","",""
q21_3n_s,Integer,0,,Recommended,"Mental retardation: Siblings","0; -1",,"Detail should be filled out if YES or NOT SURE.","",""
q21_3n_hs_m,Integer,0,,Recommended,"Mental retardation: Half Siblings-Mat","0; -1",,"Detail should be filled out if YES or NOT SURE.","",""
q21_3n_hs_p,Integer,0,,Recommended,"Mental retardation: Half Siblings-Pat","0; -1",,"Detail should be filled out if YES or NOT SURE.","",""
q21_3n_fc_m,Integer,0,,Recommended,"Mental retardation: First Cousins-Mat","0; -1",,"Detail should be filled out if YES or NOT SURE.","",""
q21_3n_fc_p,Integer,0,,Recommended,"Mental retardation: First Cousins-Pat","0; -1",,"Detail should be filled out if YES or NOT SURE.","",""
q21_3n_au_m,Integer,0,,Recommended,"Mental retardation: Aunts and Uncles-Mat","0; -1",,"Detail should be filled out if YES or NOT SURE.","",""
q21_3n_au_p,Integer,0,,Recommended,"Mental retardation: Aunts and Uncles-Pat","0; -1",,"Detail should be filled out if YES or NOT SURE.","",""
q21_3n_g_m,Integer,0,,Recommended,"Mental retardation: Grandparents-Mat","0; -1",,"Detail should be filled out if YES or NOT SURE.","",""
q21_3n_g_p,Integer,0,,Recommended,"Mental retardation: Grandparents-Pat","0; -1",,"Detail should be filled out if YES or NOT SURE.","",""
q21_3n_s1,String,100,,Recommended,"Mental retardation: Other-Specify","",,"Detail should be filled out if YES or NOT SURE.","",""
q21_3o,Integer,0,,Recommended,"Seizures","0; 1; 2; -7; -8; -9",,"Field should not be left blank. If missing, please use -7, 8, -9.","",""
q21_3o_c,Integer,0,,Recommended,"Seizures: Child","0; -1",,"Detail should be filled out if YES or NOT SURE.","",""
q21_3o_p_m,Integer,0,,Recommended,"Seizures: Parents of Child-Mom","0; -1",,"Detail should be filled out if YES or NOT SURE.","",""
q21_3o_p_d,Integer,0,,Recommended,"Seizures: Parents of Child-Dad","0; -1",,"Detail should be filled out if YES or NOT SURE.","",""
q21_3o_s,Integer,0,,Recommended,"Seizures: Siblings","0; -1",,"Detail should be filled out if YES or NOT SURE.","",""
q21_3o_hs_m,Integer,0,,Recommended,"Seizures: Half Siblings-Mat","0; -1",,"Detail should be filled out if YES or NOT SURE.","",""
q21_3o_hs_p,Integer,0,,Recommended,"Seizures: Half Siblings-Pat","0; -1",,"Detail should be filled out if YES or NOT SURE.","",""
q21_3o_fc_m,Integer,0,,Recommended,"Seizures: First Cousins-Mat","0; -1",,"Detail should be filled out if YES or NOT SURE.","",""
q21_3o_fc_p,Integer,0,,Recommended,"Seizures: First Cousins-Pat","0; -1",,"Detail should be filled out if YES or NOT SURE.","",""
q21_3o_au_m,Integer,0,,Recommended,"Seizures: Aunts and Uncles-Mat","0; -1",,"Detail should be filled out if YES or NOT SURE.","",""
q21_3o_au_p,Integer,0,,Recommended,"Seizures: Aunts and Uncles-Pat","0; -1",,"Detail should be filled out if YES or NOT SURE.","",""
q21_3o_g_m,Integer,0,,Recommended,"Seizures: Grandparents-Mat","0; -1",,"Detail should be filled out if YES or NOT SURE.","",""
q21_3o_g_p,Integer,0,,Recommended,"Seizures: Grandparents-Pat","0; -1",,"Detail should be filled out if YES or NOT SURE.","",""
q21_3o_s1,String,100,,Recommended,"Seizures: Other-Specify","",,"Detail should be filled out if YES or NOT SURE.","",""
q21_3p,Integer,0,,Recommended,"Speech delay requiring therapy","0; 1; 2; -7; -8; -9",,"Field should not be left blank. If missing, please use -7, 8, -9.","",""
q21_3p_c,Integer,0,,Recommended,"Speech delay requiring therapy: Child","0; -1",,"Detail should be filled out if YES or NOT SURE.","",""
q21_3p_p_m,Integer,0,,Recommended,"Speech delay requiring therapy: Parents of Child-Mom","0; -1",,"Detail should be filled out if YES or NOT SURE.","",""
q21_3p_p_d,Integer,0,,Recommended,"Speech delay requiring therapy: Parents of Child-Dad","0; -1",,"Detail should be filled out if YES or NOT SURE.","",""
q21_3p_s,Integer,0,,Recommended,"Speech delay requiring therapy: Siblings","0; -1",,"Detail should be filled out if YES or NOT SURE.","",""
q21_3p_hs_m,Integer,0,,Recommended,"Speech delay requiring therapy: Half Siblings-Mat","0; -1",,"Detail should be filled out if YES or NOT SURE.","",""
q21_3p_hs_p,Integer,0,,Recommended,"Speech delay requiring therapy: Half Siblings-Pat","0; -1",,"Detail should be filled out if YES or NOT SURE.","",""
q21_3p_fc_m,Integer,0,,Recommended,"Speech delay requiring therapy: First Cousins-Mat","0; -1",,"Detail should be filled out if YES or NOT SURE.","",""
q21_3p_fc_p,Integer,0,,Recommended,"Speech delay requiring therapy: First Cousins-Pat","0; -1",,"Detail should be filled out if YES or NOT SURE.","",""
q21_3p_au_m,Integer,0,,Recommended,"Speech delay requiring therapy: Aunts and Uncles-Mat","0; -1",,"Detail should be filled out if YES or NOT SURE.","",""
q21_3p_au_p,Integer,0,,Recommended,"Speech delay requiring therapy: Aunts and Uncles-Pat","0; -1",,"Detail should be filled out if YES or NOT SURE.","",""
q21_3p_g_m,Integer,0,,Recommended,"Speech delay requiring therapy: Grandparents-Mat","0; -1",,"Detail should be filled out if YES or NOT SURE.","",""
q21_3p_g_p,Integer,0,,Recommended,"Speech delay requiring therapy: Grandparents-Pat","0; -1",,"Detail should be filled out if YES or NOT SURE.","",""
q21_3p_s1,String,100,,Recommended,"Speech delay requiring therapy: Other-Specify","",,"Detail should be filled out if YES or NOT SURE.","",""
q21_3q,Integer,0,,Recommended,"Attention Deficit Disorder (ADD)","0; 1; 2; -7; -8; -9",,"Field should not be left blank. If missing, please use -7, 8, -9.","",""
q21_3q_c,Integer,0,,Recommended,"Attention Deficit Disorder (ADD): Child","0; -1",,"Detail should be filled out if YES or NOT SURE.","",""
q21_3q_p_m,Integer,0,,Recommended,"Attention Deficit Disorder (ADD): Parents of Child-Mom","0; -1",,"Detail should be filled out if YES or NOT SURE.","",""
q21_3q_p_d,Integer,0,,Recommended,"Attention Deficit Disorder (ADD): Parents of Child-Dad","0; -1",,"Detail should be filled out if YES or NOT SURE.","",""
q21_3q_s,Integer,0,,Recommended,"Attention Deficit Disorder (ADD): Siblings","0; -1",,"Detail should be filled out if YES or NOT SURE.","",""
q21_3q_hs_m,Integer,0,,Recommended,"Attention Deficit Disorder (ADD): Half Siblings-Mat","0; -1",,"Detail should be filled out if YES or NOT SURE.","",""
q21_3q_hs_p,Integer,0,,Recommended,"Attention Deficit Disorder (ADD): Half Siblings-Pat","0; -1",,"Detail should be filled out if YES or NOT SURE.","",""
q21_3q_fc_m,Integer,0,,Recommended,"Attention Deficit Disorder (ADD): First Cousins-Mat","0; -1",,"Detail should be filled out if YES or NOT SURE.","",""
q21_3q_fc_p,Integer,0,,Recommended,"Attention Deficit Disorder (ADD): First Cousins-Pat","0; -1",,"Detail should be filled out if YES or NOT SURE.","",""
q21_3q_au_m,Integer,0,,Recommended,"Attention Deficit Disorder (ADD): Aunts and Uncles-Mat","0; -1",,"Detail should be filled out if YES or NOT SURE.","",""
q21_3q_au_p,Integer,0,,Recommended,"Attention Deficit Disorder (ADD): Aunts and Uncles-Pat","0; -1",,"Detail should be filled out if YES or NOT SURE.","",""
q21_3q_g_m,Integer,0,,Recommended,"Attention Deficit Disorder (ADD): Grandparents-Mat","0; -1",,"Detail should be filled out if YES or NOT SURE.","",""
q21_3q_g_p,Integer,0,,Recommended,"Attention Deficit Disorder (ADD): Grandparents-Pat","0; -1",,"Detail should be filled out if YES or NOT SURE.","",""
q21_3q_s1,String,100,,Recommended,"Attention Deficit Disorder (ADD): Other-Specify","",,"Detail should be filled out if YES or NOT SURE.","",""
q21_3r,Integer,0,,Recommended,"Panic or anxiety disorder","0; 1; 2; -7; -8; -9",,"Field should not be left blank. If missing, please use -7, 8, -9.","",""
q21_3r_c,Integer,0,,Recommended,"Panic or anxiety disorder: Child","0; -1",,"Detail should be filled out if YES or NOT SURE.","",""
q21_3r_p_m,Integer,0,,Recommended,"Panic or anxiety disorder: Parents of Child-Mom","0; -1",,"Detail should be filled out if YES or NOT SURE.","",""
q21_3r_p_d,Integer,0,,Recommended,"Panic or anxiety disorder: Parents of Child-Dad","0; -1",,"Detail should be filled out if YES or NOT SURE.","",""
q21_3r_s,Integer,0,,Recommended,"Panic or anxiety disorder: Siblings","0; -1",,"Detail should be filled out if YES or NOT SURE.","",""
q21_3r_hs_m,Integer,0,,Recommended,"Panic or anxiety disorder: Half Siblings-Mat","0; -1",,"Detail should be filled out if YES or NOT SURE.","",""
q21_3r_hs_p,Integer,0,,Recommended,"Panic or anxiety disorder: Half Siblings-Pat","0; -1",,"Detail should be filled out if YES or NOT SURE.","",""
q21_3r_fc_m,Integer,0,,Recommended,"Panic or anxiety disorder: First Cousins-Mat","0; -1",,"Detail should be filled out if YES or NOT SURE.","",""
q21_3r_fc_p,Integer,0,,Recommended,"Panic or anxiety disorder: First Cousins-Pat","0; -1",,"Detail should be filled out if YES or NOT SURE.","",""
q21_3r_au_m,Integer,0,,Recommended,"Panic or anxiety disorder: Aunts and Uncles-Mat","0; -1",,"Detail should be filled out if YES or NOT SURE.","",""
q21_3r_au_p,Integer,0,,Recommended,"Panic or anxiety disorder: Aunts and Uncles-Pat","0; -1",,"Detail should be filled out if YES or NOT SURE.","",""
q21_3r_g_m,Integer,0,,Recommended,"Panic or anxiety disorder: Grandparents-Mat","0; -1",,"Detail should be filled out if YES or NOT SURE.","",""
q21_3r_g_p,Integer,0,,Recommended,"Panic or anxiety disorder: Grandparents-Pat","0; -1",,"Detail should be filled out if YES or NOT SURE.","",""
q21_3r_s1,String,100,,Recommended,"Panic or anxiety disorder: Other-Specify","",,"Detail should be filled out if YES or NOT SURE.","",""
q21_3s,Integer,0,,Recommended,"Depression","0; 1; 2; -7; -8; -9",,"Field should not be left blank. If missing, please use -7, 8, -9.","",""
q21_3s_c,Integer,0,,Recommended,"Depression: Child","0; -1",,"Detail should be filled out if YES or NOT SURE.","",""
q21_3s_p_m,Integer,0,,Recommended,"Depression: Parents of Child-Mom","0; -1",,"Detail should be filled out if YES or NOT SURE.","",""
q21_3s_p_d,Integer,0,,Recommended,"Depression: Parents of Child-Dad","0; -1",,"Detail should be filled out if YES or NOT SURE.","",""
q21_3s_s,Integer,0,,Recommended,"Depression: Siblings","0; -1",,"Detail should be filled out if YES or NOT SURE.","",""
q21_3s_hs_m,Integer,0,,Recommended,"Depression: Half Siblings-Mat","0; -1",,"Detail should be filled out if YES or NOT SURE.","",""
q21_3s_hs_p,Integer,0,,Recommended,"Depression: Half Siblings-Pat","0; -1",,"Detail should be filled out if YES or NOT SURE.","",""
q21_3s_fc_m,Integer,0,,Recommended,"Depression: First Cousins-Mat","0; -1",,"Detail should be filled out if YES or NOT SURE.","",""
q21_3s_fc_p,Integer,0,,Recommended,"Depression: First Cousins-Pat","0; -1",,"Detail should be filled out if YES or NOT SURE.","",""
q21_3s_au_m,Integer,0,,Recommended,"Depression: Aunts and Uncles-Mat","0; -1",,"Detail should be filled out if YES or NOT SURE.","",""
q21_3s_au_p,Integer,0,,Recommended,"Depression: Aunts and Uncles-Pat","0; -1",,"Detail should be filled out if YES or NOT SURE.","",""
q21_3s_g_m,Integer,0,,Recommended,"Depression: Grandparents-Mat","0; -1",,"Detail should be filled out if YES or NOT SURE.","",""
q21_3s_g_p,Integer,0,,Recommended,"Depression: Grandparents-Pat","0; -1",,"Detail should be filled out if YES or NOT SURE.","",""
q21_3s_s1,String,100,,Recommended,"Depression: Other-Specify","",,"Detail should be filled out if YES or NOT SURE.","",""
q21_3t,Integer,0,,Recommended,"Manic depression/Bipolar","0; 1; 2; -7; -8; -9",,"Field should not be left blank. If missing, please use -7, 8, -9.","",""
q21_3t_c,Integer,0,,Recommended,"Manic depression/Bipolar: Child","0; -1",,"Detail should be filled out if YES or NOT SURE.","",""
q21_3t_p_m,Integer,0,,Recommended,"Manic depression/Bipolar: Parents of Child-Mom","0; -1",,"Detail should be filled out if YES or NOT SURE.","",""
q21_3t_p_d,Integer,0,,Recommended,"Manic depression/Bipolar: Parents of the Child-Dad","0; -1",,"Detail should be filled out if YES or NOT SURE.","",""
q21_3t_s,Integer,0,,Recommended,"Manic depression/Bipolar: Siblings","0; -1",,"Detail should be filled out if YES or NOT SURE.","",""
q21_3t_hs_m,Integer,0,,Recommended,"Manic depression/Bipolar: Half Siblings-Mat","0; -1",,"Detail should be filled out if YES or NOT SURE.","",""
q21_3t_hs_p,Integer,0,,Recommended,"Manic depression/Bipolar: Half Siblings-Pat","0; -1",,"Detail should be filled out if YES or NOT SURE.","",""
q21_3t_fc_m,Integer,0,,Recommended,"Manic depression/Bipolar: First Cousins-Mat","0; -1",,"Detail should be filled out if YES or NOT SURE.","",""
q21_3t_fc_p,Integer,0,,Recommended,"Manic depression/Bipolar: First Cousins-Pat","0; -1",,"Detail should be filled out if YES or NOT SURE.","",""
q21_3t_au_m,Integer,0,,Recommended,"Manic depression/Bipolar: Aunts and Uncles-Mat","0; -1",,"Detail should be filled out if YES or NOT SURE.","",""
q21_3t_au_p,Integer,0,,Recommended,"Manic depression/Bipolar: Aunts and Uncles-Pat","0; -1",,"Detail should be filled out if YES or NOT SURE.","",""
q21_3t_g_m,Integer,0,,Recommended,"Manic depression/Bipolar: Grandparents-Mat","0; -1",,"Detail should be filled out if YES or NOT SURE.","",""
q21_3t_g_p,Integer,0,,Recommended,"Manic depression/Bipolar: Grandparents-Pat","0; -1",,"Detail should be filled out if YES or NOT SURE.","",""
q21_3t_s1,String,100,,Recommended,"Manic depression/Bipolar: Other-Specify","",,"Detail should be filled out if YES or NOT SURE.","",""
q21_3u,Integer,0,,Recommended,"Schizophrenia","0; 1; 2; -7; -8; -9",,"Field should not be left blank. If missing, please use -7, 8, -9.","",""
q21_3u_c,Integer,0,,Recommended,"Schizophrenia: Child","0; -1",,"Detail should be filled out if YES or NOT SURE.","",""
q21_3u_p_m,Integer,0,,Recommended,"Schizophrenia: Parents of Child-Mom","0; -1",,"Detail should be filled out if YES or NOT SURE.","",""
q21_3u_p_d,Integer,0,,Recommended,"Schizophrenia: Parents of Child-Dad","0; -1",,"Detail should be filled out if YES or NOT SURE.","",""
q21_3u_s,Integer,0,,Recommended,"Schizophrenia: Siblings","0; -1",,"Detail should be filled out if YES or NOT SURE.","",""
q21_3u_hs_m,Integer,0,,Recommended,"Schizophrenia: Half Siblings-Mat","0; -1",,"Detail should be filled out if YES or NOT SURE.","",""
q21_3u_hs_p,Integer,0,,Recommended,"Schizophrenia: Half Siblings-Pat","0; -1",,"Detail should be filled out if YES or NOT SURE.","",""
q21_3u_fc_m,Integer,0,,Recommended,"Schizophrenia: First Cousins-Mat","0; -1",,"Detail should be filled out if YES or NOT SURE.","",""
q21_3u_fc_p,Integer,0,,Recommended,"Schizophrenia: First Cousins-Pat","0; -1",,"Detail should be filled out if YES or NOT SURE.","",""
q21_3u_au_m,Integer,0,,Recommended,"Schizophrenia: Aunts and Uncles-Mat","0; -1",,"Detail should be filled out if YES or NOT SURE.","",""
q21_3u_au_p,Integer,0,,Recommended,"Schizophrenia: Aunts and Uncles-Pat","0; -1",,"Detail should be filled out if YES or NOT SURE.","",""
q21_3u_g_m,Integer,0,,Recommended,"Schizophrenia: Grandparents-Mat","0; -1",,"Detail should be filled out if YES or NOT SURE.","",""
q21_3u_g_p,Integer,0,,Recommended,"Schizophrenia: Grandparents-Pat","0; -1",,"Detail should be filled out if YES or NOT SURE.","",""
q21_3u_s1,String,100,,Recommended,"Schizophrenia: Other-Specify","",,"Detail should be filled out if YES or NOT SURE.","",""
q21_3v,Integer,0,,Recommended,"Been admitted to a hospital for psychiatric illness","0; 1; 2; -7; -8; -9",,"Field should not be left blank. If missing, please use -7, 8, -9.","",""
q21_3v_c,Integer,0,,Recommended,"Been admitted to a hospital for psychiatric illness: Child","0; -1",,"Detail should be filled out if YES or NOT SURE.","",""
q21_3v_p_m,Integer,0,,Recommended,"Been admitted to a hospital for psychiatric illness: Parents of Child-Mom","0; -1",,"Detail should be filled out if YES or NOT SURE.","",""
q21_3v_p_d,Integer,0,,Recommended,"Been admitted to a hospital for psychiatric illness: Parents of Child-Dad","0; -1",,"Detail should be filled out if YES or NOT SURE.","",""
q21_3v_s,Integer,0,,Recommended,"Been admitted to a hospital for psychiatric illness: Siblings","0; -1",,"Detail should be filled out if YES or NOT SURE.","",""
q21_3v_hs_m,Integer,0,,Recommended,"Been admitted to a hospital for psychiatric illness: Half Siblings-Mat","0; -1",,"Detail should be filled out if YES or NOT SURE.","",""
q21_3v_hs_p,Integer,0,,Recommended,"Been admitted to a hospital for psychiatric illness: Half Siblings-Pat","0; -1",,"Detail should be filled out if YES or NOT SURE.","",""
q21_3v_fc_m,Integer,0,,Recommended,"Been admitted to a hospital for psychiatric illness: First Cousins-Mat","0; -1",,"Detail should be filled out if YES or NOT SURE.","",""
q21_3v_fc_p,Integer,0,,Recommended,"Been admitted to a hospital for psychiatric illness: First Cousins-Pat","0; -1",,"Detail should be filled out if YES or NOT SURE.","",""
q21_3v_au_m,Integer,0,,Recommended,"Been admitted to a hospital for psychiatric illness: Aunts and Uncles-Mat","0; -1",,"Detail should be filled out if YES or NOT SURE.","",""
q21_3v_au_p,Integer,0,,Recommended,"Been admitted to a hospital for psychiatric illness: Aunts and Uncles-Pat","0; -1",,"Detail should be filled out if YES or NOT SURE.","",""
q21_3v_g_m,Integer,0,,Recommended,"Been admitted to a hospital for psychiatric illness: Grandparents-Mat","0; -1",,"Detail should be filled out if YES or NOT SURE.","",""
q21_3v_g_p,Integer,0,,Recommended,"Been admitted to a hospital for psychiatric illness: Grandparents-Pat","0; -1",,"Detail should be filled out if YES or NOT SURE.","",""
q21_3v_s1,String,100,,Recommended,"Been admitted to a hospital for psychiatric illness: Other-Specify","",,"Detail should be filled out if YES or NOT SURE.","",""
q21_3w,Integer,0,,Recommended,"Birth defects (e.g., cleft lip or palate, open spine)","0; 1; 2; -7; -8; -9",,"Field should not be left blank. If missing, please use -7, 8, -9.","",""
q21_3w_c,Integer,0,,Recommended,"Birth defects (e.g., cleft lip or palate, open spine): Child","0; -1",,"Detail should be filled out if YES or NOT SURE.","",""
q21_3w_p_m,Integer,0,,Recommended,"Birth defects (e.g., cleft lip or palate, open spine): Parents of Child-Mom","0; -1",,"Detail should be filled out if YES or NOT SURE.","",""
q21_3w_p_d,Integer,0,,Recommended,"Birth defects (e.g., cleft lip or palate, open spine): Parents of Child-Dad","0; -1",,"Detail should be filled out if YES or NOT SURE.","",""
q21_3w_s,Integer,0,,Recommended,"Birth defects (e.g., cleft lip or palate, open spine): Siblings","0; -1",,"Detail should be filled out if YES or NOT SURE.","",""
q21_3w_hs_m,Integer,0,,Recommended,"Birth defects (e.g., cleft lip or palate, open spine): Half Siblings-Mat","0; -1",,"Detail should be filled out if YES or NOT SURE.","",""
q21_3w_hs_p,Integer,0,,Recommended,"Birth defects (e.g., cleft lip or palate, open spine): Half Siblings-Pat","0; -1",,"Detail should be filled out if YES or NOT SURE.","",""
q21_3w_fc_m,Integer,0,,Recommended,"Birth defects (e.g., cleft lip or palate, open spine): First Cousins-Mat","0; -1",,"Detail should be filled out if YES or NOT SURE.","",""
q21_3w_fc_p,Integer,0,,Recommended,"Birth defects (e.g., cleft lip or palate, open spine): First Cousins-Pat","0; -1",,"Detail should be filled out if YES or NOT SURE.","",""
q21_3w_au_m,Integer,0,,Recommended,"Birth defects (e.g., cleft lip or palate, open spine): Aunts and Uncles-Mat","0; -1",,"Detail should be filled out if YES or NOT SURE.","",""
q21_3w_au_p,Integer,0,,Recommended,"Birth defects (e.g., cleft lip or palate, open spine): Aunts and Uncles-Pat","0; -1",,"Detail should be filled out if YES or NOT SURE.","",""
q21_3w_g_m,Integer,0,,Recommended,"Birth defects (e.g., cleft lip or palate, open spine): Grandparents-Mat","0; -1",,"Detail should be filled out if YES or NOT SURE.","",""
q21_3w_g_p,Integer,0,,Recommended,"Birth defects (e.g., cleft lip or palate, open spine): Grandparents-Pat","0; -1",,"Detail should be filled out if YES or NOT SURE.","",""
q21_3w_s1,String,100,,Recommended,"Birth defects (e.g., cleft lip or palate, open spine): Other-Specify","",,"Detail should be filled out if YES or NOT SURE.","",""
q21_4,Integer,0,,Recommended,"Was this pregnancy the result of Assisted Reproductive Technology (ART)","0; 1; -7; -8; -9",,"Field should not be left blank. If missing, please use -7, 8, -9.","",""
q21_4a,Integer,0,,Recommended,"Ovulation induction (e.g., took Clomid or Pergonal)","0; 1; -7; -8; -9",,"Field should not be left blank. If missing, please use -7, 8, -9.","",""
q21_4b,Integer,0,,Recommended,"In Vitro Fertilization (IVF)","0; 1; -7; -8; -9",,"Field should not be left blank. If missing, please use -7, 8, -9.","",""
q21_4c,Integer,0,,Recommended,"GIFT or ZIFT","0; 1; -7; -8; -9",,"Field should not be left blank. If missing, please use -7, 8, -9.","",""
q21_4d,Integer,0,,Recommended,"Intracytoplasmic sperm injection (ICSI)","0; 1; -7; -8; -9",,"Field should not be left blank. If missing, please use -7, 8, -9.","",""
q21_4e,Integer,0,,Recommended,"Sperm donor","0; 1; -7; -8; -9",,"Field should not be left blank. If missing, please use -7, 8, -9.","",""
q21_4f,Integer,0,,Recommended,"Egg donor","0; 1; -7; -8; -9",,"Field should not be left blank. If missing, please use -7, 8, -9.","",""
q21_4g,Integer,0,,Recommended,"Eggs or embryos frozen","0; 1; -7; -8; -9",,"Field should not be left blank. If missing, please use -7, 8, -9.","",""
q21_4h,Integer,0,,Recommended,"Other","0; 1; -7; -8; -9",,"Field should not be left blank. If missing, please use -7, 8, -9.","",""
q21_4_s,String,30,,Recommended,"Other: Specify","",,"Complete only if q21_4h = 1","",""
q21_5a,Integer,0,,Recommended,"Fever over 101 degrees or infection (e.g., Strep Throat or Urinary Tract) requiring antibiotics","0; 1; -7; -8; -9",,"Field should not be left blank. If missing, please use -7, 8, -9.","",""
q21_5b,Integer,0,,Recommended,"Seizures","0; 1; -7; -8; -9",,"Field should not be left blank. If missing, please use -7, 8, -9.","",""
q21_5c,Integer,0,,Recommended,"Viral illness (e.g., flu or cold) with a rash","0; 1; -7; -8; -9",,"Field should not be left blank. If missing, please use -7, 8, -9.","",""
q21_5d,Integer,0,,Recommended,"Diabetes (including gestational diabetes)","0; 1; -7; -8; -9",,"Field should not be left blank. If missing, please use -7, 8, -9.","",""
q21_5e,Integer,0,,Recommended,"Preterm labor requiring treatment such as bed rest or medication","0; 1; -7; -8; -9",,"Field should not be left blank. If missing, please use -7, 8, -9.","",""
q21_5f,Integer,0,,Recommended,"Other major illness or injury","0; 1; -7; -8; -9",,"Field should not be left blank. If missing, please use -7, 8, -9.","",""
q21_5_s1,Integer,0,,Recommended,"Other major illness or injury: Specify","0; 1; -7; -8; -9",,"Field should not be left blank. If missing, please use -7, 8, -9.","",""
q21_6a,Integer,0,,Recommended,"Screen positive on a blood test (e.g., AFP test, triple screen)","0; 1; -7; -8; -9",,"Field should not be left blank. If missing, please use -7, 8, -9.","",""
q21_6b,Integer,0,,Recommended,"Abnormal ultrasound or sonogram","0; 1; -7; -8; -9",,"Field should not be left blank. If missing, please use -7, 8, -9.","",""
q21_6_s1,String,30,,Recommended,"Abnormal ultrasound or sonogram: Specify","",,"Complete only if q21_6b = 1","",""
q21_6c,Integer,0,,Recommended,"Abnormality based on results from an amniocentesis or Chorionic Villus Sampling (CVS)","0; 1; -7; -8; -9",,"Field should not be left blank. If missing, please use -7, 8, -9.","",""
q21_6_s2,String,30,,Recommended,"Abnormality based on results from an amniocentesis or Chorionic Villus Sampling (CVS): Specify","",,"Complete only if q21_6c = 1","",""
q21_6d,Integer,0,,Recommended,"Other","0; 1; -7; -8; -9",,"Field should not be left blank. If missing, please use -7, 8, -9.","",""
q21_6_s3,String,100,,Recommended,"Other: Specify","",,"Complete only if q21_6d = 1","",""
q21_7a,Integer,0,,Recommended,"Antibiotics for infection","0; 1; -7; -8; -9",,"Field should not be left blank. If missing, please use -7, 8, -9.","",""
q21_7a1,Integer,0,,Recommended,"Antibiotics for infection: When was medication taken","0; 1; 2; -7; -8; -9",,"Field should not be left blank. If missing, please use -7, 8, -9.","",""
q21_7b,Integer,0,,Recommended,"Medications for acne","0; 1; -7; -8; -9",,"Field should not be left blank. If missing, please use -7, 8, -9.","",""
q21_7b1,Integer,0,,Recommended,"Medications for acne: When was medication taken","0; 1; 2; -7; -8; -9",,"Field should not be left blank. If missing, please use -7, 8, -9.","",""
q21_7c,Integer,0,,Recommended,"Medications for birth control","0; 1; -7; -8; -9",,"Field should not be left blank. If missing, please use -7, 8, -9.","",""
q21_7c1,Integer,0,,Recommended,"Medications for birth control: When was medication taken","0; 1; 2; -7; -8; -9",,"Field should not be left blank. If missing, please use -7, 8, -9.","",""
q21_7d,Integer,0,,Recommended,"Antihypertensives for high blood pressure","0; 1; -7; -8; -9",,"Field should not be left blank. If missing, please use -7, 8, -9.","",""
q21_7d1,Integer,0,,Recommended,"Antihypertensives for high blood pressure: When was medicatin taken","0; 1; 2; -7; -8; -9",,"Field should not be left blank. If missing, please use -7, 8, -9.","",""
q21_7e,Integer,0,,Recommended,"Medications for heart or cardiac problems","0; 1; -7; -8; -9",,"Field should not be left blank. If missing, please use -7, 8, -9.","",""
q21_7e1,Integer,0,,Recommended,"Medications for heart or cardiac problems: When was medication taken","0; 1; 2; -7; -8; -9",,"Field should not be left blank. If missing, please use -7, 8, -9.","",""
q21_7f,Integer,0,,Recommended,"Medications for Attention Deficit Disorder","0; 1; -7; -8; -9",,"Field should not be left blank. If missing, please use -7, 8, -9.","",""
q21_7f1,Integer,0,,Recommended,"Medications for Attention Deficit Disorder: When was medication taken","0; 1; 2; -7; -8; -9",,"Field should not be left blank. If missing, please use -7, 8, -9.","",""
q21_7g,Integer,0,,Recommended,"Antiepileptics or anti-seizure medication","0; 1; -7; -8; -9",,"Field should not be left blank. If missing, please use -7, 8, -9.","",""
q21_7g1,Integer,0,,Recommended,"Antiepileptics or anti-seizure medication: When was medication taken","0; 1; 2; -7; -8; -9",,"Field should not be left blank. If missing, please use -7, 8, -9.","",""
q21_7h,Integer,0,,Recommended,"Medications to control diabetes","0; 1; -7; -8; -9",,"Field should not be left blank. If missing, please use -7, 8, -9.","",""
q21_7h1,Integer,0,,Recommended,"Medications to control diabetes: When was medication taken","0; 1; 2; -7; -8; -9",,"Field should not be left blank. If missing, please use -7, 8, -9.","",""
q21_7i,Integer,0,,Recommended,"Medications to regulate thyroid","0; 1; -7; -8; -9",,"Field should not be left blank. If missing, please use -7, 8, -9.","",""
q21_7i1,Integer,0,,Recommended,"Medications to regulate thyroid: When was medication taken","0; 1; 2; -7; -8; -9",,"Field should not be left blank. If missing, please use -7, 8, -9.","",""
q21_7j,Integer,0,,Recommended,"Antidepressants","0; 1; -7; -8; -9",,"Field should not be left blank. If missing, please use -7, 8, -9.","",""
q21_7j1,Integer,0,,Recommended,"Antidepressants: When was medication taken","0; 1; 2; -7; -8; -9",,"Field should not be left blank. If missing, please use -7, 8, -9.","",""
q21_7k,Integer,0,,Recommended,"Mood stabilizers or anti-psychotics","0; 1; -7; -8; -9",,"Field should not be left blank. If missing, please use -7, 8, -9.","",""
q21_7k1,Integer,0,,Recommended,"Mood stabilizers or anti-psychotics: When was medication taken","0; 1; 2; -7; -8; -9",,"Field should not be left blank. If missing, please use -7, 8, -9.","",""
q21_7l,Integer,0,,Recommended,"Tranquilizers or nerve pills","0; 1; -7; -8; -9",,"Field should not be left blank. If missing, please use -7, 8, -9.","",""
q21_7l1,Integer,0,,Recommended,"Tranquilizers or nerve pills: When was medicatin taken","0; 1; 2; -7; -8; -9",,"Field should not be left blank. If missing, please use -7, 8, -9.","",""
q21_7m,Integer,0,,Recommended,"Pain killers or Migraine medications or Muscle relaxers","0; 1; -7; -8; -9",,"Field should not be left blank. If missing, please use -7, 8, -9.","",""
q21_7m1,Integer,0,,Recommended,"Pain killers or Migraine medications or Muscle relaxers: When was medicatin taken","0; 1; 2; -7; -8; -9",,"Field should not be left blank. If missing, please use -7, 8, -9.","",""
q21_7n,Integer,0,,Recommended,"Sedatives or sleeping pills","0; 1; -7; -8; -9",,"Field should not be left blank. If missing, please use -7, 8, -9.","",""
q21_7n1,Integer,0,,Recommended,"Sedatives or sleeping pills: When was medication taken","0; 1; 2; -7; -8; -9",,"Field should not be left blank. If missing, please use -7, 8, -9.","",""
q21_7o,Integer,0,,Recommended,"Anti-inflammatory or anti-immune drugs","0; 1; -7; -8; -9",,"Field should not be left blank. If missing, please use -7, 8, -9.","",""
q21_7o1,Integer,0,,Recommended,"Anti-inflammatory or anti-immune drugs: When was medication taken","0; 1; 2; -7; -8; -9",,"Field should not be left blank. If missing, please use -7, 8, -9.","",""
q21_7p,Integer,0,,Recommended,"Treatment for HIV","0; 1; -7; -8; -9",,"Field should not be left blank. If missing, please use -7, 8, -9.","",""
q21_7p1,Integer,0,,Recommended,"Treatment for HIV: When was medication taken","0; 1; 2; -7; -8; -9",,"Field should not be left blank. If missing, please use -7, 8, -9.","",""
q21_7q,Integer,0,,Recommended,"Thalidomide","0; 1; -7; -8; -9",,"Field should not be left blank. If missing, please use -7, 8, -9.","",""
q21_7_s1,String,100,,Recommended,"Thalidomide: Specify","",,"Complete if q21_7q = 1","",""
q21_7q1,Integer,0,,Recommended,"Thalidomide: When was medication taken","0; 1; 2; -7; -8; -9",,"Field should not be left blank. If missing, please use -7, 8, -9.","",""
q21_7r,Integer,0,,Recommended,"Misoprostol","0; 1; -7; -8; -9",,"Field should not be left blank. If missing, please use -7, 8, -9.","",""
q21_7_s2,String,100,,Recommended,"Misoprostol: Specify","",,"Complete if q21_7r = 1","",""
q21_7r1,Integer,0,,Recommended,"Misoprostol: When was medication taken","0; 1; 2; -7; -8; -9",,"Field should not be left blank. If missing, please use -7, 8, -9.","",""
q21_7s,Integer,0,,Recommended,"Other","0; 1; -7; -8; -9",,"Field should not be left blank. If missing, please use -7, 8, -9.","",""
q21_7_s3,String,100,,Recommended,"Other: Specify","",,"Complete if q21_7s = 1","",""
q21_7s1,Integer,0,,Recommended,"Other: When was medication taken","0; 1; 2; -7; -8; -9",,"Field should not be left blank. If missing, please use -7, 8, -9.","",""
q21_8a,Integer,0,,Recommended,"Drink alcohol","0; 1; -7; -8; -9",,"Field should not be left blank. If missing, please use -7, 8, -9.","",""
q21_8a1,Integer,0,,Recommended,"Drink alcohol: When was this taken","0; 1; 2; -7; -8; -9",,"Field should not be left blank. If missing, please use -7, 8, -9.","",""
q21_8b,Integer,0,,Recommended,"Smoke cigarettes or other tobacco products","0; 1; -7; -8; -9",,"Field should not be left blank. If missing, please use -7, 8, -9.","",""
q21_8b1,Integer,0,,Recommended,"Smoke cigarettes or other tobacco products: When was this taken","0; 1; 2; -7; -8; -9",,"Field should not be left blank. If missing, please use -7, 8, -9.","",""
q21_9a,Integer,0,,Recommended,"Smoke marijuana or hashish (THC)","0; 1; -7; -8; -9",,"Field should not be left blank. If missing, please use -7, 8, -9.","",""
q21_9a1,Integer,0,,Recommended,"Smoke marijuana or hashish (THC): When was this taken","0; 1; 2; -7; -8; -9",,"Field should not be left blank. If missing, please use -7, 8, -9.","",""
q21_9b,Integer,0,,Recommended,"Use Cocaine, Crack or Free base","0; 1; -7; -8; -9",,"Field should not be left blank. If missing, please use -7, 8, -9.","",""
q21_9b1,Integer,0,,Recommended,"Use Cocaine, Crack or Free base: When was this taken","0; 1; 2; -7; -8; -9",,"Field should not be left blank. If missing, please use -7, 8, -9.","",""
q21_9c,Integer,0,,Recommended,"Use Heroin (includes speed balling (heroin and cocaine injected together))","0; 1; -7; -8; -9",,"Field should not be left blank. If missing, please use -7, 8, -9.","",""
q21_9c1,Integer,0,,Recommended,"Use Heroin (includes speed balling (heroin and cocaine injected together)): When was this taken","0; 1; 2; -7; -8; -9",,"Field should not be left blank. If missing, please use -7, 8, -9.","",""
q21_9d,Integer,0,,Recommended,"Take Methadone","0; 1; -7; -8; -9",,"Field should not be left blank. If missing, please use -7, 8, -9.","",""
q21_9d1,Integer,0,,Recommended,"Take Methadone: When was this taken","0; 1; 2; -7; -8; -9",,"Field should not be left blank. If missing, please use -7, 8, -9.","",""
q21_9e,Integer,0,,Recommended,"Take Amphetamines or other stimulants (speed, crank, uppers, Ice, methamphetamine)","0; 1; -7; -8; -9",,"Field should not be left blank. If missing, please use -7, 8, -9.","",""
q21_9e1,Integer,0,,Recommended,"Take Amphetamines or other stimulants (speed, crank, uppers, Ice, methamphetamine): When was this taken","0; 1; 2; -7; -8; -9",,"Field should not be left blank. If missing, please use -7, 8, -9.","",""
q21_9f,Integer,0,,Recommended,"Take Ecstasy (ADAM, XTC)","0; 1; -7; -8; -9",,"Field should not be left blank. If missing, please use -7, 8, -9.","",""
q21_9f1,Integer,0,,Recommended,"Take Ecstasy (ADAM, XTC): When was this taken","0; 1; 2; -7; -8; -9",,"Field should not be left blank. If missing, please use -7, 8, -9.","",""
q21_9g,Integer,0,,Recommended,"Take Hallucinogens (LSD, PCP, Angel Dust, Peyote, Mescaline, Mushrooms, Green)","0; 1; -7; -8; -9",,"Field should not be left blank. If missing, please use -7, 8, -9.","",""
q21_9g1,Integer,0,,Recommended,"Take Hallucinogens (LSD, PCP, Angel Dust, Peyote, Mescaline, Mushrooms, Green): When was this taken","0; 1; 2; -7; -8; -9",,"Field should not be left blank. If missing, please use -7, 8, -9.","",""
q21_9h,Integer,0,,Recommended,"Take inhalants that you sniff or breathe (Amyl Nitrate, Freon, Nitrous Oxide, ('Whippets'), Gasoline, Spray Paint, 'Poppers', Glue or Solvents)","0; 1; -7; -8; -9",,"Field should not be left blank. If missing, please use -7, 8, -9.","",""
q21_9h1,Integer,0,,Recommended,"Take inhalants that you sniff or breathe (Amyl Nitrate, Freon, Nitrous Oxide, ('Whippets'), Gasoline, Spray Paint, 'Poppers', Glue or Solvents): WHen was this taken","0; 1; 2; -7; -8; -9",,"Field should not be left blank. If missing, please use -7, 8, -9.","",""
q21_9i,Integer,0,,Recommended,"Other","0; 1; -7; -8; -9",,"Field should not be left blank. If missing, please use -7, 8, -9.","",""
q21_9_s,String,30,,Recommended,"Other: Specify","",,"Complete if q21_9i = 1","",""
q21_9i1,Integer,0,,Recommended,"Other: When was this taken","0; 1; 2; -7; -8; -9",,"Field should not be left blank. If missing, please use -7, 8, -9.","",""
q21_10,Integer,0,,Recommended,"Were you given any medication (e.g., Pitocin) to induce or start labor","0; 1; -7; -8; -9",,"Field should not be left blank. If missing, please use -7, 8, -9.","",""
q21_11a,Integer,0,,Recommended,"How much did this child weigh at birth: pounds","0 to 20; -7, -8, -9",,"Field should not be left blank. If missing, please use -7, 8, -9.","",""
q21_11b,Float,0,,Recommended,"How much did this child weigh at birth: ounces","0.0 to 15.0; -7; -8; -9",,"Field should not be left blank. If missing, please use -7, 8, -9.","",""
q21_12,Integer,0,,Recommended,"Did this child need to have resuscitation such as having the nurses and doctors help him/her breathe or get his/her heart started in the delivery room","0; 1; -7; -8; -9",,"Field should not be left blank. If missing, please use -7, 8, -9.","",""
q21_13,Integer,0,,Recommended,"Did this child stay in the neonatal intensive care unit","0; 1; -7; -8; -9",,"Field should not be left blank. If missing, please use -7, 8, -9.","",""
q21_13a1,Integer,0,,Recommended,"Number of days","0 to 366; -7; -8; -9",,"Complete if q21_13 = 1","",""
q21_13a2,Integer,0,,Recommended,"Number of hours","0 to 48; -7; -8; -9",,"Complete if q21_13 = 1","",""
q21_14a,Integer,0,,Recommended,"Number of days","0 to 366; -7; -8; -9",,"Field should not be left blank. If missing, please use -7, 8, -9.","",""
q21_14b,Integer,0,,Recommended,"Number of hours","0 to 48; -7; -8; -9",,"Field should not be left blank. If missing, please use -7, 8, -9.","",""
q21_15,Integer,0,,Recommended,"Has this child ever had seizures or convulsions","0; 1; -7; -8; -9",,"Field should not be left blank. If missing, please use -7, 8, -9.","",""
q21_15a,Integer,0,,Recommended,"When was the first seizure","0; 1; 2; 3; 4; -7; -8; -9",,"Complete if q21_15 = 1","",""
q21_15b,Integer,0,,Recommended,"Does this child have seizures or convulsions now","0; 1; -7; -8; -9",,"Complete if q21_15 = 1","",""
q21_15c,Integer,0,,Recommended,"Did the seizures only occur when this child had a fever","0; 1; -7; -8; -9",,"Complete if q21_15 = 1","",""
q21_15d,Integer,0,,Recommended,"Does this child now take medications to help control seizures","0; 1; -7; -8; -9",,"Complete if q21_15 = 1","",""
q21_16a,Integer,0,,Recommended,"Had an abnormal picture of the brain (e.g., MRI or CT scan)","0; 1; -7; -8; -9",,"Field should not be left blank. If missing, please use -7, 8, -9.","",""
q21_16b,Integer,0,,Recommended,"Been hospitalized for meningitis or encephalitis (infection or inflammation of the brain)","0; 1; -7; -8; -9",,"Field should not be left blank. If missing, please use -7, 8, -9.","",""
q21_16c,Integer,0,,Recommended,"Lost consciousness due to a head injury","0; 1; -7; -8; -9",,"Field should not be left blank. If missing, please use -7, 8, -9.","",""
q21_16c_1a,Integer,0,,Recommended,"Years","0 to 18; -7; -8; -9",,"Complete if q21_16c = 1","",""
q21_16c_1b,Integer,0,,Recommended,"Months","0 to 36; -7; -8; -9",,"Complete if q21_16c = 1","",""
q21_16c_2a,Integer,0,,Recommended,"Years","0 to 18; -7; -8; -9",,"Complete if q21_16c = 1","",""
q21_16c_2b,Integer,0,,Recommended,"Months","0 to 36; -7; -8; -9",,"Complete if q21_16c = 1","",""
q21_16c_3a,Integer,0,,Recommended,"Years","0 to 18; -7; -8; -9",,"Complete if q21_16c = 1","",""
q21_16c_3b,Integer,0,,Recommended,"Months","0 to 36; -7; -8; -9",,"Complete if q21_16c = 1","",""
q21_17a,Integer,0,,Recommended,"Cleft lip or palate","0; 1; -7; -8; -9",,"Field should not be left blank. If missing, please use -7, 8, -9.","",""
q21_17b,Integer,0,,Recommended,"Abnormal shape of hands, feet, arms or legs including Polydactyly (extra fingers (digits) or toes)","0; 1; -7; -8; -9",,"Field should not be left blank. If missing, please use -7, 8, -9.","",""
q21_17c,Integer,0,,Recommended,"Open spine (Spina bifida or other neural tube defect)","0; 1; -7; -8; -9",,"Field should not be left blank. If missing, please use -7, 8, -9.","",""
q21_17d,Integer,0,,Recommended,"Heart defect","0; 1; -7; -8; -9",,"Field should not be left blank. If missing, please use -7, 8, -9.","",""
q21_17_s1,String,100,,Recommended,"Heart defect: Specify","",,"Complete if q21_17d = 1","",""
q21_17e,Integer,0,,Recommended,"Kidney defect","0; 1; -7; -8; -9",,"Field should not be left blank. If missing, please use -7, 8, -9.","",""
q21_17_s2,String,30,,Recommended,"Kidney defect: Specify","",,"Complete if q21_17e = 1","",""
q21_17f,Integer,0,,Recommended,"Other defect","0; 1; -7; -8; -9",,"Field should not be left blank. If missing, please use -7, 8, -9.","",""
q21_17_s3,String,30,,Recommended,"Other defect: Specify","",,"Complete if q21_17f = 1","",""
q21_18a,Integer,0,,Recommended,"Do they have a known uncorrected problem with hearing","0; 1; -7; -8; -9",,"Field should not be left blank. If missing, please use -7, 8, -9.","",""
q21_18b,Integer,0,,Recommended,"Are they color blind","0; 1; -7; -8; -9",,"Field should not be left blank. If missing, please use -7, 8, -9.","",""
q21_18c,Integer,0,,Recommended,"Do they have a known uncorrected vision problem","0; 1; -7; -8; -9",,"Field should not be left blank. If missing, please use -7, 8, -9.","",""
q21_18d,Integer,0,,Recommended,"Handedness","1; 2; 3; -7; -8; -9",,"Field should not be left blank. If missing, please use -7, 8, -9.","",""
q21_18d1a,Integer,0,,Recommended,"At what age was handedness established: Years","0 to 18; -7; -8; -9",,"Field should not be left blank. If missing, please use -7, 8, -9.","",""
q21_18d1b,Integer,0,,Recommended,"At what age was handedness established: Months","0 to 12; -7; -8; -9",,"Field should not be left blank. If missing, please use -7, 8, -9.","",""
q21_19,Integer,0,,Recommended,"Does this child being evaluated today for autism have any other chronic medical problems other than those listed above","0; 1; -7; -8; -9",,"Field should not be left blank. If missing, please use -7, 8, -9.","",""
q21_19_s1,String,100,,Recommended,"Medical problem 1","",,"Complete if q21_19 = 1","",""
q21_19a1,Integer,0,,Recommended,"Was the child hospitalized for medical problem 1","0; 1; -7; -8; -9",,"Complete if q21_19 = 1","",""
q21_19_s2,String,100,,Recommended,"Medical problem 2","",,"Complete if q21_19 = 1","",""
q21_19b1,Integer,0,,Recommended,"Was the child hospitalized for medical problem 2","0; 1; -7; -8; -9",,"Complete if q21_19 = 1","",""
q21_19_s3,String,100,,Recommended,"Medical problem 3","",,"Complete if q21_19 = 1","",""
q21_19c1,Integer,0,,Recommended,"Was the child hospitalized for medical problem 3","0; 1; -7; -8; -9",,"Complete if q21_19 = 1","",""
q21_20,Integer,0,,Recommended,"Maternal (Mother's) Date of Birth","",,"Field should not be left blank","",""
q21_rev,Integer,0,,Recommended,"Form reviewed (and corrected) by medical provider","0; -1",,"Field should not be left blank","",""
q21_1a6,String,225,,Recommended,"What was the outcome of this pregnancy: Sixth Pregnancy","",,"Select pregnancy outcome - in system only , not on CRF","",""
q21_1a1a6,Integer,0,,Recommended,"If live birth, child still living: Sixth Pregnancy","0; 1; -7; -8; -9",,"Complete only if live birth pregnancy outcome for Sixth Pregnancy - in system only , not on CRF","",""
q21_1b6,Date,0,,Recommended,"Date of birth: Sixth Pregnancy","mm/dd/yyyy; mm/yyyy",,"Complete only if live birth or still birth pregnancy outcome for Sixth Pregnancy - in system only , not on CRF","",""
q21_1c6,String,225,,Recommended,"At what week did you deliver in this pregnancy: Sixth Pregnancy","",,"Complete only if live birth or still birth pregnancy outcome for Sixth Pregnancy - in system only , not on CRF","",""
q21_1a7,String,225,,Recommended,"What was the outcome of this pregnancy: Seventh Pregnancy","",,"Select pregnancy outcome - in system only , not on CRF","",""
q21_1a1a7,Integer,0,,Recommended,"If live birth, child still living: Seventh Pregnancy","0; 1; -7; -8; -9",,"Complete only if live birth pregnancy outcome for Seventh Pregnancy - in system only , not on CRF","",""
q21_1b7,Date,0,,Recommended,"Date of birth: Seventh Pregnancy","mm/dd/yyyy; mm/yyyy",,"Complete only if live birth or still birth pregnancy outcome for Seventh Pregnancy - in system only , not on CRF","",""
q21_1c7,String,225,,Recommended,"At what week did you deliver in this pregnancy: Seventh Pregnancy","",,"Complete only if live birth or still birth pregnancy outcome for Seventh Pregnancy - in system only , not on CRF","",""
q21_1a8,String,225,,Recommended,"What was the outcome of this pregnancy: eighth Pregnancy","",,"Select pregnancy outcome - in system only , not on CRF","",""
q21_1a1a8,Integer,0,,Recommended,"If live birth, child still living: eighth Pregnancy","0; 1; -7; -8; -9",,"Complete only if live birth pregnancy outcome for eighth Pregnancy - in system only , not on CRF","",""
q21_1b8,Date,0,,Recommended,"Date of birth: eighth Pregnancy","mm/dd/yyyy; mm/yyyy",,"Complete only if live birth or still birth pregnancy outcome for eighth Pregnancy - in system only , not on CRF","",""
q21_1c8,String,225,,Recommended,"At what week did you deliver in this pregnancy: eighth Pregnancy","",,"Complete only if live birth or still birth pregnancy outcome for eighth Pregnancy - in system only , not on CRF","",""
q21_1a9,String,225,,Recommended,"What was the outcome of this pregnancy: ninth Pregnancy","",,"Select pregnancy outcome - in system only , not on CRF","",""
q21_1a1a9,Integer,0,,Recommended,"If live birth, child still living: ninth Pregnancy","0; 1; -7; -8; -9",,"Complete only if live birth pregnancy outcome for ninth Pregnancy - in system only , not on CRF","",""
q21_1b9,Date,0,,Recommended,"Date of birth: ninth Pregnancy","mm/dd/yyyy; mm/yyyy",,"Complete only if live birth or still birth pregnancy outcome for ninth Pregnancy - in system only , not on CRF","",""
q21_1c9,String,225,,Recommended,"At what week did you deliver in this pregnancy: ninth Pregnancy","",,"Complete only if live birth or still birth pregnancy outcome for ninth Pregnancy - in system only , not on CRF","",""
q21_1a10,String,225,,Recommended,"What was the outcome of this pregnancy: Tenth Pregnancy","",,"Select pregnancy outcome - in system only , not on CRF","",""
q21_1a1a10,Integer,0,,Recommended,"If live birth, child still living: Tenth Pregnancy","0; 1; -7; -8; -9",,"Complete only if live birth pregnancy outcome for Tenth Pregnancy - in system only , not on CRF","",""
q21_1b10,Date,0,,Recommended,"Date of birth: Tenth Pregnancy","mm/dd/yyyy; mm/yyyy",,"Complete only if live birth or still birth pregnancy outcome for Tenth Pregnancy - in system only , not on CRF","",""
q21_1c10,String,225,,Recommended,"At what week did you deliver in this pregnancy: Tenth Pregnancy","",,"Complete only if live birth or still birth pregnancy outcome for Tenth Pregnancy - in system only , not on CRF","",""
q21_1a11,String,225,,Recommended,"What was the outcome of this pregnancy: Eleventh Pregnancy","",,"Select pregnancy outcome - in system only , not on CRF","",""
q21_1a1a11,Integer,0,,Recommended,"If live birth, child still living: Eleventh Pregnancy","0; 1; -7; -8; -9",,"Complete only if live birth pregnancy outcome for Eleventh Pregnancy - in system only , not on CRF","",""
q21_1b11,Date,0,,Recommended,"Date of birth: Eleventh Pregnancy","mm/dd/yyyy; mm/yyyy",,"Complete only if live birth or still birth pregnancy outcome for Eleventh Pregnancy - in system only , not on CRF","",""
q21_1c11,String,225,,Recommended,"At what week did you deliver in this pregnancy: Eleventh Pregnancy","",,"Complete only if live birth or still birth pregnancy outcome for Eleventh Pregnancy - in system only , not on CRF","",""
q21_1a12,String,225,,Recommended,"What was the outcome of this pregnancy: Twelveth Pregnancy","",,"Select pregnancy outcome - in system only , not on CRF","",""
q21_1a1a12,Integer,0,,Recommended,"If live birth, child still living: Twelveth Pregnancy","0; 1; -7; -8; -9",,"Complete only if live birth pregnancy outcome for Twelveth Pregnancy - in system only , not on CRF","",""
q21_1b12,Date,0,,Recommended,"Date of birth: Twelveth Pregnancy","mm/dd/yyyy; mm/yyyy",,"Complete only if live birth or still birth pregnancy outcome for Twelveth Pregnancy - in system only , not on CRF","",""
q21_1c12,String,225,,Recommended,"At what week did you deliver in this pregnancy: Twelveth Pregnancy","",,"Complete only if live birth or still birth pregnancy outcome for Twelveth Pregnancy - in system only , not on CRF","",""
interview_date,Date,0,,Required,"Date on which the interview/genetic test/sampling/imaging was completed","MM/yyyy;MM/dd/yyyy",,"* '01/01/1900' indicates that a date associated with retrospective data is not known.","",""
