ElementName,DataType,Size,Unit,Required,ElementDescription,ValueRange,Keywords,Notes,Section,Aliases
subjectkey,GUID,0,,Required,"The NDAR Global Unique Identifier (GUID) for subjects which identifies a subject in NDAR","NDAR*",,"","",""
cycle,Integer,0,,Recommended,"Timepoint information","",,"","",""
patid,String,20,,Recommended,"src_Subject_id","",,"Patient IDs were assigned at the research site for CPEA and STAART","",""
network,String,20,,Recommended,"Network","",,"CPEA or STAART Network","",""
site,String,20,,Recommended,"Site","",,"CPEA or STAART Site","",""
study,String,100,,Recommended,"Study","",,"CPEA or STAART Study","",""
mp_fb_err1,Float,0,,Recommended,"# of errors Trial 1","",,"","",""
mp_fb_err2,Integer,0,,Recommended,"# of errors Trial 2","",,"","",""
mp_fb_err3,Integer,0,,Recommended,"# of errors Trial 3","",,"","",""
mp_fb_sc1,Float,0,,Recommended,"Seconds to completion Trial 1","",,"","",""
mp_fb_sc2,Float,0,,Recommended,"Seconds to completion Trial 2","",,"","",""
mp_fb_sc3,Float,0,,Recommended,"Seconds to completion Trial 3","",,"","",""
mp_pba_sc1,Float,0,,Recommended,"Seconds to completion Trial 1","",,"","",""
mp_pba_sc2,Float,0,,Recommended,"Seconds to completion Trial 2","",,"","",""
mp_pba_sc3,Float,0,,Recommended,"Seconds to completion Trial 3","",,"","",""
mp_pbb_sc1,Float,0,,Recommended,"Seconds to completion Trial 1","",,"","",""
mp_pbb_sc2,Float,0,,Recommended,"Seconds to completion Trial 2","",,"","",""
mp_pbb_sc3,Float,0,,Recommended,"Seconds to completion Trial 3","",,"","",""
mp_sb_bt,Float,0,,Recommended,"Best time","",,"","",""
mp_sb_err,Integer,0,,Recommended,"# errors","",,"","",""
mp_sb_ntc,Integer,0,,Recommended,"# trials completed","",,"","",""
mp_version,String,35,,Recommended,"MP Version","",,"","",""
mp_wpa_bt,Float,0,,Recommended,"Best time","",,"","",""
mp_wpb_bt,Float,0,,Recommended,"Best time","",,"","",""
