ElementName,DataType,Size,Unit,Required,ElementDescription,ValueRange,Keywords,Notes,Section,Aliases
subjectkey,GUID,0,,Recommended,"The NDAR Global Unique Identifier (GUID) for subjects which identifies a subject in NDAR","NDAR*",,"","",""
patid,String,20,,Required,"src_Subject_id","",,"Patient IDs were assigned at the research site for CPEA and STAART","",""
cycle,Integer,0,,Required,"Timepoint information","",,"","",""
phase,Integer,0,,Required,"Phase","1; 2; 3; 4",,"","",""
q11_date,Integer,0,,Required,"Date","",,"Required field","",""
q11_ratr,String,225,,Recommended,"Rater Name","",,"The name of the staff member who administered the form. If the form was filled out by the guardian or teacher, the CC¿s name should be entered as Rater.","",""
11_ratr,String,225,,Recommended,"Rater Name","",,"The name of the staff member who administered the form. If the form was filled out by the guardian or teacher, the CC¿s name should be entered as Rater.","",""q11_1,Integer,0,,Recommended,"Did patient remember to bring in medication","0; 1; -7; -8; -9",,"If no, subsequent information should not be completed. Field should not be left blank. If missing, please use -7,8, -9.","",""
q11_2,Integer,0,,Recommended,"Dosing change during visit interval","0; 1; -7; -8; -9",,"Answer Yes only if dosing change was not per medication titration schedule. Field should be left blank if q11_1 =0.","",""
q11_3_s,String,200,,Recommended,"Dosing change comments","",,"Field should be left blank if q11_1 =0.","",""
q11_4,Integer,0,,Recommended,"Was the medication spilled","0; 1; -7; -8; -9",,"Field should be left blank if q11_1 =0.","",""
q11_5,Float,0,,Recommended,"Volume returned","0 to 700.0; -7; -8; -9",,"Field should be left blank if q11_1 =0.","",""
interview_date,Date,0,,Required,"Date on which the interview/genetic test/sampling/imaging was completed","MM/yyyy;MM/dd/yyyy",,"* '01/01/1900' indicates that a date associated with retrospective data is not known.","",""
