ElementName,DataType,Size,Unit,Required,ElementDescription,ValueRange,Keywords,Notes,Section,Aliases
subjectkey,GUID,0,,Required,"The NDAR Global Unique Identifier (GUID) for subjects which identifies a subject in NDAR","NDAR*",,"","",""
interview_date,Date,0,,Required,"Date on which the interview/genetic test/sampling/imaging was completed","MM/yyyy;MM/dd/yyyy",,"* '01/01/1900' indicates that a date associated with retrospective data is not known.","","mcs_date_std"
cycle,Integer,0,,Recommended,"Timepoint information","",,"","",""
patid,String,20,,Recommended,"src_Subject_id","",,"Patient IDs were assigned at the research site for CPEA and STAART","",""
network,String,20,,Recommended,"Network","",,"CPEA or STAART Network","",""
site,String,20,,Recommended,"Site","",,"CPEA or STAART Site","",""
study,String,100,,Recommended,"Study","",,"CPEA or STAART Study","",""
mcg_vc10_house,Integer,0,,Recommended,"MacArthur Words and Gestures: Vocabulary Checklist: House","",,"","",""
mcg_vc2_do,Integer,0,,Recommended,"MacArthur Words and Gestures: Vocabulary Checklist: Dog","",,"","",""
mcs_cx_ageeq,Integer,0,,Recommended,"MacArthur Words and Sentences: Total Complexity Score: Age Equivalent","",,"","",""
mcs_cx_total,Integer,0,,Recommended,"MacArthur Words and Sentences: Total Complexity Score","",,"","",""
mcs_date,Integer,0,,Recommended,"MCI Date","",,"","",""
mcs_ex1_len,Integer,0,,Recommended,"MacArthur Words and Sentences: Example - list 3 longest sentences","",,"","",""
mcs_ex2_len,Integer,0,,Recommended,"MacArthur Words and Sentences: Example - list 3 longest sentences","",,"","",""
mcs_ex3_len,Integer,0,,Recommended,"MacArthur Words and Sentences: Example - list 3 longest sentences","",,"","",""
mcs_uw_absent,Integer,0,,Recommended,"MacArthur Words and Sentences: How Children Use Words: Does your child talk about objects that are not present such as asking about a missing or absent toy, referring to a pet out of view, or asking a","",,"","",""
mcs_uw_belong,Integer,0,,Recommended,"MacArthur Words and Sentences: How Children Use Words: Does your child ever pick up or point to an object and name an absent person to whom the object belongs? For example, a child might point to momm","",,"","",""
mcs_uw_future,Integer,0,,Recommended,"MacArthur Words and Sentences: How Children Use Words: Does your child ever talk about something thats going to happen in the future, for example, saying "choo choo" or "airplane" before you leave the","",,"","",""
mcs_uw_notin,Integer,0,,Recommended,"MacArthur Words and Sentences: How Children Use Words: Does you child understand if you ask for something that is not in the room, for example, by going to the bedroom to get a teddy bear when you say","",,"","",""
mcs_uw_past,Integer,0,,Recommended,"MacArthur Words and Sentences: How Children Use Words: Does your child ever talk about past events or people who are not present? For example a child who saw a parade last week might later say parade,","",,"","",""
mcs_vc_ageeq,Integer,0,,Recommended,"MacArthur Words and Sentences: Vocabulary Checklist Age Equivalent","",,"","",""
mcs_we_ing,Integer,0,,Recommended,"MacArthur Words and Sentences: Word endings-Part 3","",,"","",""
mcs_vc_total,Integer,0,,Recommended,"Total Score Parts 1- 22","0  680",,"","",""
cs_vc_total,Integer,0,,Recommended,"Total Score Parts 1- 22","0  680",,"","",""mcs_vc1_total,Integer,0,,Recommended,"Total Score Part 1","0  12",,"","",""
cs_vc1_total,Integer,0,,Recommended,"Total Score Part 1","0  12",,"","",""mcs_vc10_total,Integer,0,,Recommended,"Total Score Part 10","0  31",,"","",""
cs_vc10_total,Integer,0,,Recommended,"Total Score Part 10","0  31",,"","",""mcs_vc11_total,Integer,0,,Recommended,"Total Score Part 11","0  22",,"","",""
cs_vc11_total,Integer,0,,Recommended,"Total Score Part 11","0  22",,"","",""mcs_vc12_total,Integer,0,,Recommended,"Total Score Part 12","0  29",,"","",""
cs_vc12_total,Integer,0,,Recommended,"Total Score Part 12","0  29",,"","",""mcs_vc13_total,Integer,0,,Recommended,"Total Score Part 13","0  25",,"","",""
cs_vc13_total,Integer,0,,Recommended,"Total Score Part 13","0  25",,"","",""mcs_vc14_total,Integer,0,,Recommended,"Total Score Part 14","0  103",,"","",""
cs_vc14_total,Integer,0,,Recommended,"Total Score Part 14","0  103",,"","",""mcs_vc15_total,Integer,0,,Recommended,"Total Score Part 15","0  63",,"","",""
cs_vc15_total,Integer,0,,Recommended,"Total Score Part 15","0  63",,"","",""mcs_vc16_total,Integer,0,,Recommended,"Total Score Part 16","0  12",,"","",""
cs_vc16_total,Integer,0,,Recommended,"Total Score Part 16","0  12",,"","",""mcs_vc17_total,Integer,0,,Recommended,"Total Score Part 17","0  25",,"","",""
cs_vc17_total,Integer,0,,Recommended,"Total Score Part 17","0  25",,"","",""mcs_vc18_total,Integer,0,,Recommended,"Total Score Part 18","0  18",,"","",""
cs_vc18_total,Integer,0,,Recommended,"Total Score Part 18","0  18",,"","",""mcs_vc19_total,Integer,0,,Recommended,"Total Score Part 19","0  19",,"","",""
cs_vc19_total,Integer,0,,Recommended,"Total Score Part 19","0  19",,"","",""mcs_vc2_total,Integer,0,,Recommended,"Total Score Part 2","0  43",,"","",""
cs_vc2_total,Integer,0,,Recommended,"Total Score Part 2","0  43",,"","",""mcs_vc20_total,Integer,0,,Recommended,"Total Score Part 20","0  20",,"","",""
cs_vc20_total,Integer,0,,Recommended,"Total Score Part 20","0  20",,"","",""mcs_vc21_total,Integer,0,,Recommended,"Total Score Part 21","0  21",,"","",""
cs_vc21_total,Integer,0,,Recommended,"Total Score Part 21","0  21",,"","",""mcs_vc22_total,Integer,0,,Recommended,"Total Score Part 22","0  6",,"","",""
cs_vc22_total,Integer,0,,Recommended,"Total Score Part 22","0  6",,"","",""mcs_vc3_total,Integer,0,,Recommended,"Total Score Part 3","0  14",,"","",""
cs_vc3_total,Integer,0,,Recommended,"Total Score Part 3","0  14",,"","",""mcs_vc4_total,Integer,0,,Recommended,"Total Score Part 4","0  18",,"","",""
cs_vc4_total,Integer,0,,Recommended,"Total Score Part 4","0  18",,"","",""mcs_vc5_total,Integer,0,,Recommended,"Total Score Part 5","0  68",,"","",""
cs_vc5_total,Integer,0,,Recommended,"Total Score Part 5","0  68",,"","",""mcs_vc6_total,Integer,0,,Recommended,"Total Score Part 6","0  28",,"","",""
cs_vc6_total,Integer,0,,Recommended,"Total Score Part 6","0  28",,"","",""mcs_vc7_total,Integer,0,,Recommended,"Total Score Part 7","0  27",,"","",""
cs_vc7_total,Integer,0,,Recommended,"Total Score Part 7","0  27",,"","",""mcs_vc8_total,Integer,0,,Recommended,"Total Score Part 8","0  50",,"","",""
cs_vc8_total,Integer,0,,Recommended,"Total Score Part 8","0  50",,"","",""mcs_vc9_total,Integer,0,,Recommended,"Total Score Part 9","0  33",,"","",""
cs_vc9_total,Integer,0,,Recommended,"Total Score Part 9","0  33",,"","",""mcs_version,String,35,,Recommended,"MCI Version","",,"","",""
mcs_we_owner,Integer,0,,Recommended,"MacArthur Words and Sentences: Word endings-Part 2","",,"","",""
mcs_we_past,Integer,0,,Recommended,"MacArthur Words and Sentences: Word endings-Part 4","",,"","",""
mcs_we_pural,Integer,0,,Recommended,"MacArthur Words and Sentences: Word endings-Part 1","",,"","",""
mcs_wen_total,Integer,0,,Recommended,"MacArthur Words and Sentences: Total Word ending Mistakes","",,"","",""
mcs_wf_ageeq,Integer,0,,Recommended,"MacArthur Words and Sentences: Word Forms Total Irregular Word Usage  : Age Equivalent","",,"","",""
mcs_wf_total,Integer,0,,Recommended,"MacArthur Words and Sentences: Word Forms Total Irregular Word Usage","",,"","",""
sb_age,Integer,0,,Recommended,"Stanford Binet Age","",,"","",""
mcs_ex1_r2,String,150,,Optional,"MacArthur Words and Sentences: Example - list 3 longest sentences (sentence)","",,"increased size to 150 bytes","","MCS_EX1"
mcs_ex2_r2,String,150,,Optional,"MacArthur Words and Sentences: Example - list 3 longest sentences (sentence)","",,"Expanded to 150 bytes","","MCS_EX2"
mcs_ex3_r2,String,150,,Optional,"MacArthur Words and Sentences: Example - list 3 longest sentences (sentence)","",,"Expanded to 150 bytes","","MCS_EX3"
