ElementName,DataType,Size,Unit,Required,ElementDescription,ValueRange,Keywords,Notes,Section,Aliases
subjectkey,GUID,0,,Recommended,"The NDAR Global Unique Identifier (GUID) for subjects which identifies a subject in NDAR","NDAR*",,"","",""
patid,String,20,,Required,"src_Subject_id","",,"Patient IDs were assigned at the research site for CPEA and STAART","HEADER",""
network,String,20,,Required,"Network","",,"CPEA or STAART Network","",""
study,String,100,,Required,"Study","",,"CPEA or STAART Study","",""
site,String,20,,Required,"Site","",,"CPEA or STAART Site","",""
cycle,Integer,0,,Required,"Timepoint information","",,"","HEADER",""
phase,Integer,0,,Recommended,"Phase","1; 2; 3; 4",,"","HEADER",""
q45_date,String,10,,Required,"Date","",,"Required field. SAS date.","HEADER",""
interview_date,Date,0,,Required,"Date on which the interview/genetic test/sampling/imaging was completed","MM/yyyy;MM/dd/yyyy",,"* '01/01/1900' indicates that a date associated with retrospective data is not known.","",""
q45_prim,Integer,0,,Optional,"Primary Source Mother","0;-1",,"Check if mother is primary source","HEADER",""
q45_prif,Integer,0,,Optional,"Primary Source Father","0;-1",,"Check if father is primary source","HEADER",""
q45_prit,Integer,0,,Optional,"Primary Source Teacher","0;-1",,"Check if teacher is primary source","HEADER",""
q45_prio,Integer,0,,Optional,"Primary Source Other","0;-1",,"Check if primary source not mother, father or teacher","HEADER",""
q45_1,Integer,0,,Recommended,"ABA or discrete trial or Lovaas Change since last visit?","-7; -8; -9; 0 ; 1",,"Field should not be left blank. If missing, please use -7, 8, -9","HEADER",""
q45_1a,Integer,0,,Optional,"ABA or discrete trial or Lovaas Setting","-7; -8; -9; 01 ;02 ; 03; 04",,"Complete only if ""Type of Intervention Changed since last visit"" = 1","1",""
q45_1_s2,String,30,,Optional,"ABA or discrete trial or Lovaas Setting Other","",,"Complete only if setting = 04","1",""
q45_1b1,Integer,0,,Optional,"ABA or discrete trial or Lovaas Children","-7;-8;-9;0 to 30",,"Complete only if ""Type of Intervention Changed since last visit"" = 1","1",""
q45_1b2,Integer,0,,Optional,"ABA or discrete trial or Lovaas Adults","-7;-8;-9;0 to 30",,"Complete only if ""Type of Intervention Changed since last visit"" = 1","1",""
q45_1c,Float,0,,Optional,"ABA or discrete trial or Lovaas Hours or Week","-7;-8;-9;0.0 to 999.9",,"Complete only if ""Type of Intervention Changed since last visit"" = 1","1",""
q45_1d,String,10,,Optional,"ABA or discrete trial or Lovaas Date began","",,"Complete only if ""Type of Intervention Changed since last visit"" = 1","1",""
q45_1_s3,String,50,,Optional,"ABA or discrete trial or Lovaas Breaks or Interruptions from Treatment","",,"Complete only if ""Type of Intervention Changed since last visit"" = 1","1",""
q45_1f,Integer,0,,Optional,"ABA or discrete trial or Lovaas Ongoing","0;-1",,"Complete only if ""Type of Intervention Changed since last visit"" = 1 and Date Ended is Null","1",""
q45_1e,String,10,,Optional,"ABA or discrete trial or Lovaas Date ended","",,"Complete only if ""Type of Intervention Changed since last visit"" = 1 and Ongoing is unchecked","1",""
q45_2,Integer,0,,Recommended,"ABA 1st Change Change since last visit?","-7; -8; -9; 0 ; 1",,"Field should not be left blank. If missing, please use -7, 8, -9","1",""
q45_2a,Integer,0,,Optional,"ABA 1st Change Setting","-7; -8; -9; 01 ;02 ; 03; 04",,"Complete only if ""Type of Intervention Changed since last visit"" = 1","2",""
q45_2_s2,String,30,,Optional,"ABA 1st Change Setting Other","",,"Complete only if setting = 04","2",""
q45_2b1,Integer,0,,Optional,"ABA 1st Change Children","-7;-8;-9;0 to 30",,"Complete only if ""Type of Intervention Changed since last visit"" = 1","2",""
q45_2b2,Integer,0,,Optional,"ABA 1st Change Adults","-7;-8;-9;0 to 30",,"Complete only if ""Type of Intervention Changed since last visit"" = 1","2",""
q45_2c,Float,0,,Optional,"ABA 1st Change Hours or Week","-7;-8;-9;0.0 to 999.9",,"Complete only if ""Type of Intervention Changed since last visit"" = 1","2",""
q45_2d,String,10,,Optional,"ABA 1st Change Date began","",,"Complete only if ""Type of Intervention Changed since last visit"" = 1","2",""
q45_2_s3,String,50,,Optional,"ABA 1st Change Breaks or Interruptions from Treatment","",,"Complete only if ""Type of Intervention Changed since last visit"" = 1","2",""
q45_2f,Integer,0,,Optional,"ABA 1st Change Ongoing","0;-1",,"Complete only if ""Type of Intervention Changed since last visit"" = 1 and Date Ended is Null","2",""
q45_2e,String,10,,Optional,"ABA 1st Change Date ended","",,"Complete only if ""Type of Intervention Changed since last visit"" = 1 and Ongoing is unchecked","2",""
q45_3,Integer,0,,Recommended,"ABA 2nd Change Change since last visit?","-7; -8; -9; 0 ; 1",,"Field should not be left blank. If missing, please use -7, 8, -9","2",""
q45_3a,Integer,0,,Optional,"ABA 2nd Change Setting","-7; -8; -9; 01 ;02 ; 03; 04",,"Complete only if ""Type of Intervention Changed since last visit"" = 1","3",""
q45_3_s2,String,30,,Optional,"ABA 2nd Change Setting Other","",,"Complete only if setting = 04","3",""
q45_3b1,Integer,0,,Optional,"ABA 2nd Change Children","-7;-8;-9;0 to 30",,"Complete only if ""Type of Intervention Changed since last visit"" = 1","3",""
q45_3b2,Integer,0,,Optional,"ABA 2nd Change Adults","-7;-8;-9;0 to 30",,"Complete only if ""Type of Intervention Changed since last visit"" = 1","3",""
q45_3c,Float,0,,Optional,"ABA 2nd Change Hours or Week","-7;-8;-9;0.0 to 999.9",,"Complete only if ""Type of Intervention Changed since last visit"" = 1","3",""
q45_3d,String,10,,Optional,"ABA 2nd Change Date began","",,"Complete only if ""Type of Intervention Changed since last visit"" = 1","3",""
q45_3_s3,String,50,,Optional,"ABA 2nd Change Breaks or Interruptions from Treatment","",,"Complete only if ""Type of Intervention Changed since last visit"" = 1","3",""
q45_3f,Integer,0,,Optional,"ABA 2nd Change Ongoing","0;-1",,"Complete only if ""Type of Intervention Changed since last visit"" = 1 and Date Ended is Null","3",""
q45_3e,String,10,,Optional,"ABA 2nd Change Date ended","",,"Complete only if ""Type of Intervention Changed since last visit"" = 1 and Ongoing is unchecked","3",""
q45_4,Integer,0,,Recommended,"Occupational Therapy  OT  Change since last visit?","-7; -8; -9; 0 ; 1",,"Field should not be left blank. If missing, please use -7, 8, -9","3",""
q45_4a,Integer,0,,Optional,"Occupational Therapy  OT  Setting","-7; -8; -9; 01 ;02 ; 03; 04",,"Complete only if ""Type of Intervention Changed since last visit"" = 1","4",""
q45_4_s2,String,30,,Optional,"Occupational Therapy  OT  Setting Other","",,"Complete only if setting = 04","4",""
q45_4b1,Integer,0,,Optional,"Occupational Therapy  OT  Children","-7;-8;-9;0 to 30",,"Complete only if ""Type of Intervention Changed since last visit"" = 1","4",""
q45_4b2,Integer,0,,Optional,"Occupational Therapy  OT  Adults","-7;-8;-9;0 to 30",,"Complete only if ""Type of Intervention Changed since last visit"" = 1","4",""
q45_4c,Float,0,,Optional,"Occupational Therapy  OT  Hours or Week","-7;-8;-9;0.0 to 999.9",,"Complete only if ""Type of Intervention Changed since last visit"" = 1","4",""
q45_4d,String,10,,Optional,"Occupational Therapy  OT  Date began","",,"Complete only if ""Type of Intervention Changed since last visit"" = 1","4",""
q45_4_s3,String,50,,Optional,"Occupational Therapy  OT  Breaks or Interruptions from Treatment","",,"Complete only if ""Type of Intervention Changed since last visit"" = 1","4",""
q45_4f,Integer,0,,Optional,"Occupational Therapy  OT  Ongoing","0;-1",,"Complete only if ""Type of Intervention Changed since last visit"" = 1 and Date Ended is Null","4",""
q45_4e,String,10,,Optional,"Occupational Therapy  OT  Date ended","",,"Complete only if ""Type of Intervention Changed since last visit"" = 1 and Ongoing is unchecked","4",""
q45_5,Integer,0,,Recommended,"OT 1st Change Change since last visit?","-7; -8; -9; 0 ; 1",,"Field should not be left blank. If missing, please use -7, 8, -9","4",""
q45_5a,Integer,0,,Optional,"OT 1st Change Setting","-7; -8; -9; 01 ;02 ; 03; 04",,"Complete only if ""Type of Intervention Changed since last visit"" = 1","5",""
q45_5_s2,String,30,,Optional,"OT 1st Change Setting Other","",,"Complete only if setting = 04","5",""
q45_5b1,Integer,0,,Optional,"OT 1st Change Children","-7;-8;-9;0 to 30",,"Complete only if ""Type of Intervention Changed since last visit"" = 1","5",""
q45_5b2,Integer,0,,Optional,"OT 1st Change Adults","-7;-8;-9;0 to 30",,"Complete only if ""Type of Intervention Changed since last visit"" = 1","5",""
q45_5c,Float,0,,Optional,"OT 1st Change Hours or Week","-7;-8;-9;0.0 to 999.9",,"Complete only if ""Type of Intervention Changed since last visit"" = 1","5",""
q45_5d,String,10,,Optional,"OT 1st Change Date began","",,"Complete only if ""Type of Intervention Changed since last visit"" = 1","5",""
q45_5_s3,String,50,,Optional,"OT 1st Change Breaks or Interruptions from Treatment","",,"Complete only if ""Type of Intervention Changed since last visit"" = 1","5",""
q45_5f,Integer,0,,Optional,"OT 1st Change Ongoing","0;-1",,"Complete only if ""Type of Intervention Changed since last visit"" = 1 and Date Ended is Null","5",""
q45_5e,String,10,,Optional,"OT 1st Change Date ended","",,"Complete only if ""Type of Intervention Changed since last visit"" = 1 and Ongoing is unchecked","5",""
q45_6,Integer,0,,Recommended,"Physical Therapy  PT  Change since last visit?","-7; -8; -9; 0 ; 1",,"Field should not be left blank. If missing, please use -7, 8, -9","5",""
q45_6a,Integer,0,,Optional,"Physical Therapy  PT  Setting","-7; -8; -9; 01 ;02 ; 03; 04",,"Complete only if ""Type of Intervention Changed since last visit"" = 1","6",""
q45_6_s2,String,30,,Optional,"Physical Therapy  PT  Setting Other","",,"Complete only if setting = 04","6",""
q45_6b1,Integer,0,,Optional,"Physical Therapy  PT  Children","-7;-8;-9;0 to 30",,"Complete only if ""Type of Intervention Changed since last visit"" = 1","6",""
q45_6b2,Integer,0,,Optional,"Physical Therapy  PT  Adults","-7;-8;-9;0 to 30",,"Complete only if ""Type of Intervention Changed since last visit"" = 1","6",""
q45_6c,Integer,0,,Optional,"Physical Therapy  PT  Hours or Week","-7;-8;-9;0.0 to 999.9",,"Complete only if ""Type of Intervention Changed since last visit"" = 1","6",""
q45_6d,String,10,,Optional,"Physical Therapy  PT  Date began","",,"Complete only if ""Type of Intervention Changed since last visit"" = 1","6",""
q45_6_s3,String,50,,Optional,"Physical Therapy  PT  Breaks or Interruptions from Treatment","",,"Complete only if ""Type of Intervention Changed since last visit"" = 1","6",""
q45_6f,Integer,0,,Optional,"Physical Therapy  PT  Ongoing","0;1",,"Complete only if ""Type of Intervention Changed since last visit"" = 1 and Date Ended is Null","6",""
q45_6e,String,10,,Optional,"Physical Therapy  PT  Date ended","",,"Complete only if ""Type of Intervention Changed since last visit"" = 1 and Ongoing is unchecked","6",""
q45_7,Integer,0,,Recommended,"PT 1st Change Change since last visit?","-7; -8; -9; 0 ; 1",,"Field should not be left blank. If missing, please use -7, 8, -9","6",""
q45_7a,Integer,0,,Optional,"PT 1st Change Setting","-7; -8; -9; 01 ;02 ; 03; 04",,"Complete only if ""Type of Intervention Changed since last visit"" = 1","7",""
q45_7_s2,String,30,,Optional,"PT 1st Change Setting Other","",,"Complete only if setting = 04","7",""
q45_7b1,Integer,0,,Optional,"PT 1st Change Children","-7;-8;-9;0 to 30",,"Complete only if ""Type of Intervention Changed since last visit"" = 1","7",""
q45_7b2,Integer,0,,Optional,"PT 1st Change Adults","-7;-8;-9;0 to 30",,"Complete only if ""Type of Intervention Changed since last visit"" = 1","7",""
q45_7c,Float,0,,Optional,"PT 1st Change Hours or Week","-7;-8;-9;0.0 to 999.9",,"Complete only if ""Type of Intervention Changed since last visit"" = 1","7",""
q45_7d,String,10,,Optional,"PT 1st Change Date began","",,"Complete only if ""Type of Intervention Changed since last visit"" = 1","7",""
q45_7_s3,String,50,,Optional,"PT 1st Change Breaks or Interruptions from Treatment","",,"Complete only if ""Type of Intervention Changed since last visit"" = 1","7",""
q45_7f,Integer,0,,Optional,"PT 1st Change Ongoing","0;1",,"Complete only if ""Type of Intervention Changed since last visit"" = 1 and Date Ended is Null","7",""
q45_7e,String,10,,Optional,"PT 1st Change Date ended","",,"Complete only if ""Type of Intervention Changed since last visit"" = 1 and Ongoing is unchecked","7",""
q45_8,Integer,0,,Recommended,"Speech Therapy  ST  Change since last visit?","-7; -8; -9; 0 ; 1",,"Field should not be left blank. If missing, please use -7, 8, -9","7",""
q45_8a,Integer,0,,Optional,"Speech Therapy  ST  Setting","-7; -8; -9; 01 ;02 ; 03; 04",,"Complete only if ""Type of Intervention Changed since last visit"" = 1","8",""
q45_8_s2,String,30,,Optional,"Speech Therapy  ST  Setting Other","",,"Complete only if setting = 04","8",""
q45_8b1,Integer,0,,Optional,"Speech Therapy  ST  Children","-7;-8;-9;0 to 30",,"Complete only if ""Type of Intervention Changed since last visit"" = 1","8",""
q45_8b2,Integer,0,,Optional,"Speech Therapy  ST  Adults","-7;-8;-9;0 to 30",,"Complete only if ""Type of Intervention Changed since last visit"" = 1","8",""
q45_8c,Float,0,,Optional,"Speech Therapy  ST  Hours or Week","-7;-8;-9;0.0 to 999.9",,"Complete only if ""Type of Intervention Changed since last visit"" = 1","8",""
q45_8d,String,10,,Optional,"Speech Therapy  ST  Date began","",,"Complete only if ""Type of Intervention Changed since last visit"" = 1","8",""
q45_8_s3,String,50,,Optional,"Speech Therapy  ST  Breaks or Interruptions from Treatment","",,"Complete only if ""Type of Intervention Changed since last visit"" = 1","8",""
q45_8f,Integer,0,,Optional,"Speech Therapy  ST  Ongoing","0;-1",,"Complete only if ""Type of Intervention Changed since last visit"" = 1 and Date Ended is Null","8",""
q45_8e,String,10,,Optional,"Speech Therapy  ST  Date ended","",,"Complete only if ""Type of Intervention Changed since last visit"" = 1 and Ongoing is unchecked","8",""
q45_9,Integer,0,,Recommended,"ST 1st Change Change since last visit?","-7; -8; -9; 0 ; 1",,"Field should not be left blank. If missing, please use -7, 8, -9","8",""
q45_9a,Integer,0,,Optional,"ST 1st Change Setting","-7; -8; -9; 01 ;02 ; 03; 04",,"Complete only if ""Type of Intervention Changed since last visit"" = 1","9",""
q45_9_s2,String,30,,Optional,"ST 1st Change Setting Other","",,"Complete only if setting = 04","9",""
q45_9b1,Integer,0,,Optional,"ST 1st Change Children","-7;-8;-9;0 to 30",,"Complete only if ""Type of Intervention Changed since last visit"" = 1","9",""
q45_9b2,Integer,0,,Optional,"ST 1st Change Adults","-7;-8;-9;0 to 30",,"Complete only if ""Type of Intervention Changed since last visit"" = 1","9",""
q45_9c,Float,0,,Optional,"ST 1st Change Hours or Week","-7;-8;-9;0.0 to 999.9",,"Complete only if ""Type of Intervention Changed since last visit"" = 1","9",""
q45_9d,String,10,,Optional,"ST 1st Change Date began","",,"Complete only if ""Type of Intervention Changed since last visit"" = 1","9",""
q45_9_s3,String,50,,Optional,"ST 1st Change Breaks or Interruptions from Treatment","",,"Complete only if ""Type of Intervention Changed since last visit"" = 1","9",""
q45_9f,Integer,0,,Optional,"ST 1st Change Ongoing","0;-1",,"Complete only if ""Type of Intervention Changed since last visit"" = 1 and Date Ended is Null","9",""
q45_9e,String,10,,Optional,"ST 1st Change Date ended","",,"Complete only if ""Type of Intervention Changed since last visit"" = 1 and Ongoing is unchecked","9",""
q45_10,Integer,0,,Recommended,"Counseling or Psychological Services Change since last visit?","-7; -8; -9; 0 ; 1",,"Field should not be left blank. If missing, please use -7, 8, -9","9",""
q45_10a,Integer,0,,Optional,"Counseling or Psychological Services Setting","-7; -8; -9; 01 ;02 ; 03; 04",,"Complete only if ""Type of Intervention Changed since last visit"" = 1","10",""
q45_10_s2,String,30,,Optional,"Counseling or Psychological Services Setting Other","",,"Complete only if setting = 04","10",""
q45_10b1,Integer,0,,Optional,"Counseling or Psychological Services Children","-7;-8;-9;0 to 30",,"Complete only if ""Type of Intervention Changed since last visit"" = 1","10",""
q45_10b2,Integer,0,,Optional,"Counseling or Psychological Services Adults","-7;-8;-9;0 to 30",,"Complete only if ""Type of Intervention Changed since last visit"" = 1","10",""
q45_10c,Float,0,,Optional,"Counseling or Psychological Services Hours or Week","-7;-8;-9;0.0 to 999.9",,"Complete only if ""Type of Intervention Changed since last visit"" = 1","10",""
q45_10d,String,10,,Optional,"Counseling or Psychological Services Date began","",,"Complete only if ""Type of Intervention Changed since last visit"" = 1","10",""
q45_10_s3,String,50,,Optional,"Counseling or Psychological Services Breaks or Interruptions from Treatment","",,"Complete only if ""Type of Intervention Changed since last visit"" = 1","10",""
q45_10f,Integer,0,,Optional,"Counseling or Psychological Services Ongoing","0;1",,"Complete only if ""Type of Intervention Changed since last visit"" = 1 and Date Ended is Null","10",""
q45_10e,String,10,,Optional,"Counseling or Psychological Services Date ended","",,"Complete only if ""Type of Intervention Changed since last visit"" = 1 and Ongoing is unchecked","10",""
q45_11,Integer,0,,Recommended,"Counseling 1st Change Change since last visit?","-7; -8; -9; 0 ; 1",,"Field should not be left blank. If missing, please use -7, 8, -9","10",""
q45_11a,Integer,0,,Optional,"Counseling 1st Change Setting","-7; -8; -9; 01 ;02 ; 03; 04",,"Complete only if ""Type of Intervention Changed since last visit"" = 1","11",""
q45_11_s2,String,30,,Optional,"Counseling 1st Change Setting Other","",,"Complete only if setting = 04","11",""
q45_11b1,Integer,0,,Optional,"Counseling 1st Change Children","-7;-8;-9;0 to 30",,"Complete only if ""Type of Intervention Changed since last visit"" = 1","11",""
q45_11b2,Integer,0,,Optional,"Counseling 1st Change Adults","-7;-8;-9;0 to 30",,"Complete only if ""Type of Intervention Changed since last visit"" = 1","11",""
q45_11c,Float,0,,Optional,"Counseling 1st Change Hours or Week","-7;-8;-9;0.0 to 999.9",,"Complete only if ""Type of Intervention Changed since last visit"" = 1","11",""
q45_11d,String,10,,Optional,"Counseling 1st Change Date began","",,"Complete only if ""Type of Intervention Changed since last visit"" = 1","11",""
q45_11_s3,String,50,,Optional,"Counseling 1st Change Breaks or Interruptions from Treatment","",,"Complete only if ""Type of Intervention Changed since last visit"" = 1","11",""
q45_11f,Integer,0,,Optional,"Counseling 1st Change Ongoing","0;1",,"Complete only if ""Type of Intervention Changed since last visit"" = 1 and Date Ended is Null","11",""
q45_11e,String,10,,Optional,"Counseling 1st Change Date ended","",,"Complete only if ""Type of Intervention Changed since last visit"" = 1 and Ongoing is unchecked","11",""
q45_12,Integer,0,,Recommended,"Play Therapy Change since last visit?","-7; -8; -9; 0 ; 1",,"Field should not be left blank. If missing, please use -7, 8, -9","11",""
q45_12a,Integer,0,,Optional,"Play Therapy Setting","-7; -8; -9; 01 ;02 ; 03; 04",,"Complete only if ""Type of Intervention Changed since last visit"" = 1","12",""
q45_12_s2,String,30,,Optional,"Play Therapy Setting Other","",,"Complete only if setting = 04","12",""
q45_12b1,Integer,0,,Optional,"Play Therapy Children","-7;-8;-9;0 to 30",,"Complete only if ""Type of Intervention Changed since last visit"" = 1","12",""
q45_12b2,Integer,0,,Optional,"Play Therapy Adults","-7;-8;-9;0 to 30",,"Complete only if ""Type of Intervention Changed since last visit"" = 1","12",""
q45_12c,Float,0,,Optional,"Play Therapy Hours or Week","-7;-8;-9;0.0 to 999.9",,"Complete only if ""Type of Intervention Changed since last visit"" = 1","12",""
q45_12d,String,10,,Optional,"Play Therapy Date began","",,"Complete only if ""Type of Intervention Changed since last visit"" = 1","12",""
q45_12_s3,String,50,,Optional,"Play Therapy Breaks or Interruptions from Treatment","",,"Complete only if ""Type of Intervention Changed since last visit"" = 1","12",""
q45_12f,Integer,0,,Optional,"Play Therapy Ongoing","0;-1",,"Complete only if ""Type of Intervention Changed since last visit"" = 1 and Date Ended is Null","12",""
q45_12e,String,10,,Optional,"Play Therapy Date ended","",,"Complete only if ""Type of Intervention Changed since last visit"" = 1 and Ongoing is unchecked","12",""
q45_13,Integer,0,,Recommended,"Play 1st Change Change since last visit?","-7; -8; -9; 0 ; 1",,"Field should not be left blank. If missing, please use -7, 8, -9","12",""
q45_13a,Integer,0,,Optional,"Play 1st Change Setting","-7; -8; -9; 01 ;02 ; 03; 04",,"Complete only if ""Type of Intervention Changed since last visit"" = 1","13",""
q45_13_s2,String,30,,Optional,"Play 1st Change Setting Other","",,"Complete only if setting = 04","13",""
q45_13b1,Integer,0,,Optional,"Play 1st Change Children","-7;-8;-9;0 to 30",,"Complete only if ""Type of Intervention Changed since last visit"" = 1","13",""
q45_13b2,Integer,0,,Optional,"Play 1st Change Adults","-7;-8;-9;0 to 30",,"Complete only if ""Type of Intervention Changed since last visit"" = 1","13",""
q45_13c,Float,0,,Optional,"Play 1st Change Hours or Week","-7;-8;-9;0.0 to 999.9",,"Complete only if ""Type of Intervention Changed since last visit"" = 1","13",""
q45_13d,String,10,,Optional,"Play 1st Change Date began","",,"Complete only if ""Type of Intervention Changed since last visit"" = 1","13",""
q45_13_s3,String,50,,Optional,"Play 1st Change Breaks or Interruptions from Treatment","",,"Complete only if ""Type of Intervention Changed since last visit"" = 1","13",""
q45_13f,Integer,0,,Optional,"Play 1st Change Ongoing","0;1",,"Complete only if ""Type of Intervention Changed since last visit"" = 1 and Date Ended is Null","13",""
q45_13e,String,10,,Optional,"Play 1st Change Date ended","",,"Complete only if ""Type of Intervention Changed since last visit"" = 1 and Ongoing is unchecked","13",""
q45_14,Integer,0,,Recommended,"Music Therapy or Group Change since last visit?","-7; -8; -9; 0 ; 1",,"Field should not be left blank. If missing, please use -7, 8, -9","13",""
q45_14a,Integer,0,,Optional,"Music Therapy or Group Setting","-7; -8; -9; 01 ;02 ; 03; 04",,"Complete only if ""Type of Intervention Changed since last visit"" = 1","14",""
q45_14_s2,String,30,,Optional,"Music Therapy or Group Setting Other","",,"Complete only if setting = 04","14",""
q45_14b1,Integer,0,,Optional,"Music Therapy or Group Children","-7;-8;-9;0 to 30",,"Complete only if ""Type of Intervention Changed since last visit"" = 1","14",""
q45_14b2,Integer,0,,Optional,"Music Therapy or Group Adults","-7;-8;-9;0 to 30",,"Complete only if ""Type of Intervention Changed since last visit"" = 1","14",""
q45_14c,Float,0,,Optional,"Music Therapy or Group Hours or Week","-7;-8;-9;0.0 to 999.9",,"Complete only if ""Type of Intervention Changed since last visit"" = 1","14",""
q45_14d,String,10,,Optional,"Music Therapy or Group Date began","",,"Complete only if ""Type of Intervention Changed since last visit"" = 1","14",""
q45_14_s3,String,50,,Optional,"Music Therapy or Group Breaks or Interruptions from Treatment","",,"Complete only if ""Type of Intervention Changed since last visit"" = 1","14",""
q45_14f,Integer,0,,Optional,"Music Therapy or Group Ongoing","0;1",,"Complete only if ""Type of Intervention Changed since last visit"" = 1 and Date Ended is Null","14",""
q45_14e,String,10,,Optional,"Music Therapy or Group Date ended","",,"Complete only if ""Type of Intervention Changed since last visit"" = 1 and Ongoing is unchecked","14",""
q45_15,Integer,0,,Recommended,"Music Therapy 1st Change Change since last visit?","-7; -8; -9; 0 ; 1",,"Field should not be left blank. If missing, please use -7, 8, -9","14",""
q45_15a,Integer,0,,Optional,"Music Therapy 1st Change Setting","-7; -8; -9; 01 ;02 ; 03; 04",,"Complete only if ""Type of Intervention Changed since last visit"" = 1","15",""
q45_15_s2,String,30,,Optional,"Music Therapy 1st Change Setting Other","",,"Complete only if setting = 04","15",""
q45_15b1,Integer,0,,Optional,"Music Therapy 1st Change Children","-7;-8;-9;0 to 30",,"Complete only if ""Type of Intervention Changed since last visit"" = 1","15",""
q45_15b2,Integer,0,,Optional,"Music Therapy 1st Change Adults","-7;-8;-9;0 to 30",,"Complete only if ""Type of Intervention Changed since last visit"" = 1","15",""
q45_15c,Float,0,,Optional,"Music Therapy 1st Change Hours or Week","-7;-8;-9;0.0 to 999.9",,"Complete only if ""Type of Intervention Changed since last visit"" = 1","15",""
q45_15d,String,10,,Optional,"Music Therapy 1st Change Date began","",,"Complete only if ""Type of Intervention Changed since last visit"" = 1","15",""
q45_15_s3,String,50,,Optional,"Music Therapy 1st Change Breaks or Interruptions from Treatment","",,"Complete only if ""Type of Intervention Changed since last visit"" = 1","15",""
q45_15f,Integer,0,,Optional,"Music Therapy 1st Change Ongoing","0;1",,"Complete only if ""Type of Intervention Changed since last visit"" = 1 and Date Ended is Null","15",""
q45_15e,String,10,,Optional,"Music Therapy 1st Change Date ended","",,"Complete only if ""Type of Intervention Changed since last visit"" = 1 and Ongoing is unchecked","15",""
q45_16,Integer,0,,Recommended,"Auditory Integration Training  AIT  Change since last visit?","-7; -8; -9; 0 ; 1",,"Field should not be left blank. If missing, please use -7, 8, -9","15",""
q45_16a,Integer,0,,Optional,"Auditory Integration Training  AIT  Setting","-7; -8; -9; 01 ;02 ; 03; 04",,"Complete only if ""Type of Intervention Changed since last visit"" = 1","16",""
q45_16_s2,String,30,,Optional,"Auditory Integration Training  AIT  Setting Other","",,"Complete only if setting = 04","16",""
q45_16b1,Integer,0,,Optional,"Auditory Integration Training  AIT  Children","-7;-8;-9;0 to 30",,"Complete only if ""Type of Intervention Changed since last visit"" = 1","16",""
q45_16b2,Integer,0,,Optional,"Auditory Integration Training  AIT  Adults","-7;-8;-9;0 to 30",,"Complete only if ""Type of Intervention Changed since last visit"" = 1","16",""
q45_16c,Float,0,,Optional,"Auditory Integration Training  AIT  Hours or Week","-7;-8;-9;0.0 to 999.9",,"Complete only if ""Type of Intervention Changed since last visit"" = 1","16",""
q45_16d,String,10,,Optional,"Auditory Integration Training  AIT  Date began","",,"Complete only if ""Type of Intervention Changed since last visit"" = 1","16",""
q45_16_s3,String,50,,Optional,"Auditory Integration Training  AIT  Breaks or Interruptions from Treatment","",,"Complete only if ""Type of Intervention Changed since last visit"" = 1","16",""
q45_16f,Integer,0,,Optional,"Auditory Integration Training  AIT  Ongoing","0;-1",,"Complete only if ""Type of Intervention Changed since last visit"" = 1 and Date Ended is Null","16",""
q45_16e,String,10,,Optional,"Auditory Integration Training  AIT  Date ended","",,"Complete only if ""Type of Intervention Changed since last visit"" = 1 and Ongoing is unchecked","16",""
q45_17,Integer,0,,Recommended,"AIT 1st Change Change since last visit?","-7; -8; -9; 0 ; 1",,"Field should not be left blank. If missing, please use -7, 8, -9","16",""
q45_17a,Integer,0,,Optional,"AIT 1st Change Setting","-7; -8; -9; 01 ;02 ; 03; 04",,"Complete only if ""Type of Intervention Changed since last visit"" = 1","17",""
q45_17_s2,String,30,,Optional,"AIT 1st Change Setting Other","",,"Complete only if setting = 04","17",""
q45_17b1,Integer,0,,Optional,"AIT 1st Change Children","-7;-8;-9;0 to 30",,"Complete only if ""Type of Intervention Changed since last visit"" = 1","17",""
q45_17b2,Integer,0,,Optional,"AIT 1st Change Adults","-7;-8;-9;0 to 30",,"Complete only if ""Type of Intervention Changed since last visit"" = 1","17",""
q45_17c,Float,0,,Optional,"AIT 1st Change Hours or Week","-7;-8;-9;0.0 to 999.9",,"Complete only if ""Type of Intervention Changed since last visit"" = 1","17",""
q45_17d,String,10,,Optional,"AIT 1st Change Date began","",,"Complete only if ""Type of Intervention Changed since last visit"" = 1","17",""
q45_17_s3,String,50,,Optional,"AIT 1st Change Breaks or Interruptions from Treatment","",,"Complete only if ""Type of Intervention Changed since last visit"" = 1","17",""
q45_17f,Integer,0,,Optional,"AIT 1st Change Ongoing","0;1",,"Complete only if ""Type of Intervention Changed since last visit"" = 1 and Date Ended is Null","17",""
q45_17e,String,10,,Optional,"AIT 1st Change Date ended","",,"Complete only if ""Type of Intervention Changed since last visit"" = 1 and Ongoing is unchecked","17",""
q45_18,Integer,0,,Recommended,"TEACCH Change since last visit?","-7; -8; -9; 0 ; 1",,"Field should not be left blank. If missing, please use -7, 8, -9","17",""
q45_18a,Integer,0,,Optional,"TEACCH Setting","-7; -8; -9; 01 ;02 ; 03; 04",,"Complete only if ""Type of Intervention Changed since last visit"" = 1","18",""
q45_18_s2,String,30,,Optional,"TEACCH Setting Other","",,"Complete only if setting = 04","18",""
q45_18b1,Integer,0,,Optional,"TEACCH Children","-7;-8;-9;0 to 30",,"Complete only if ""Type of Intervention Changed since last visit"" = 1","18",""
q45_18b2,Integer,0,,Optional,"TEACCH Adults","-7;-8;-9;0 to 30",,"Complete only if ""Type of Intervention Changed since last visit"" = 1","18",""
q45_18c,Float,0,,Optional,"TEACCH Hours or Week","-7;-8;-9;0.0 to 999.9",,"Complete only if ""Type of Intervention Changed since last visit"" = 1","18",""
q45_18d,String,10,,Optional,"TEACCH Date began","",,"Complete only if ""Type of Intervention Changed since last visit"" = 1","18",""
q45_18_s3,String,50,,Optional,"TEACCH Breaks or Interruptions from Treatment","",,"Complete only if ""Type of Intervention Changed since last visit"" = 1","18",""
q45_18f,Integer,0,,Optional,"TEACCH Ongoing","0;1",,"Complete only if ""Type of Intervention Changed since last visit"" = 1 and Date Ended is Null","18",""
q45_18e,String,10,,Optional,"TEACCH Date ended","",,"Complete only if ""Type of Intervention Changed since last visit"" = 1 and Ongoing is unchecked","18",""
q45_19,Integer,0,,Recommended,"TEACCH 1st Change Change since last visit?","-7; -8; -9; 0 ; 1",,"Field should not be left blank. If missing, please use -7, 8, -9","18",""
q45_19a,Integer,0,,Optional,"TEACCH 1st Change Setting","-7; -8; -9; 01 ;02 ; 03; 04",,"Complete only if ""Type of Intervention Changed since last visit"" = 1","19",""
q45_19_s2,String,30,,Optional,"TEACCH 1st Change Setting Other","",,"Complete only if setting = 04","19",""
q45_19b1,Integer,0,,Optional,"TEACCH 1st Change Children","-7;-8;-9;0 to 30",,"Complete only if ""Type of Intervention Changed since last visit"" = 1","19",""
q45_19b2,Integer,0,,Optional,"TEACCH 1st Change Adults","-7;-8;-9;0 to 30",,"Complete only if ""Type of Intervention Changed since last visit"" = 1","19",""
q45_19c,Float,0,,Optional,"TEACCH 1st Change Hours or Week","-7;-8;-9;0.0 to 999.9",,"Complete only if ""Type of Intervention Changed since last visit"" = 1","19",""
q45_19d,String,10,,Optional,"TEACCH 1st Change Date began","",,"Complete only if ""Type of Intervention Changed since last visit"" = 1","19",""
q45_19_s3,String,50,,Optional,"TEACCH 1st Change Breaks or Interruptions from Treatment","",,"Complete only if ""Type of Intervention Changed since last visit"" = 1","19",""
q45_19f,Integer,0,,Optional,"TEACCH 1st Change Ongoing","0;1",,"Complete only if ""Type of Intervention Changed since last visit"" = 1 and Date Ended is Null","19",""
q45_19e,String,10,,Optional,"TEACCH 1st Change Date ended","",,"Complete only if ""Type of Intervention Changed since last visit"" = 1 and Ongoing is unchecked","19",""
q45_20,Integer,0,,Recommended,"Greenspan or Development Play Therapy Change since last visit?","-7; -8; -9; 0 ; 1",,"Field should not be left blank. If missing, please use -7, 8, -9","19",""
q45_20a,Integer,0,,Optional,"Greenspan or Development Play Therapy Setting","-7; -8; -9; 01 ;02 ; 03; 04",,"Complete only if ""Type of Intervention Changed since last visit"" = 1","20",""
q45_20_s2,String,30,,Optional,"Greenspan or Development Play Therapy Setting Other","",,"Complete only if setting = 04","20",""
q45_20b1,Integer,0,,Optional,"Greenspan or Development Play Therapy Children","-7;-8;-9;0 to 30",,"Complete only if ""Type of Intervention Changed since last visit"" = 1","20",""
q45_20b2,Integer,0,,Optional,"Greenspan or Development Play Therapy Adults","-7;-8;-9;0 to 30",,"Complete only if ""Type of Intervention Changed since last visit"" = 1","20",""
q45_20c,Float,0,,Optional,"Greenspan or Development Play Therapy Hours or Week","-7;-8;-9;0.0 to 999.9",,"Complete only if ""Type of Intervention Changed since last visit"" = 1","20",""
q45_20d,String,10,,Optional,"Greenspan or Development Play Therapy Date began","",,"Complete only if ""Type of Intervention Changed since last visit"" = 1","20",""
q45_20_s3,String,50,,Optional,"Greenspan or Development Play Therapy Breaks or Interruptions from Treatment","",,"Complete only if ""Type of Intervention Changed since last visit"" = 1","20",""
q45_20f,Integer,0,,Optional,"Greenspan or Development Play Therapy Ongoing","0;1",,"Complete only if ""Type of Intervention Changed since last visit"" = 1 and Date Ended is Null","20",""
q45_20e,String,10,,Optional,"Greenspan or Development Play Therapy Date ended","",,"Complete only if ""Type of Intervention Changed since last visit"" = 1 and Ongoing is unchecked","20",""
q45_21,Integer,0,,Recommended,"Greenspan 1st Change Change since last visit?","-7; -8; -9; 0 ; 1",,"Field should not be left blank. If missing, please use -7, 8, -9","20",""
q45_21a,Integer,0,,Optional,"Greenspan 1st Change Setting","-7; -8; -9; 01 ;02 ; 03; 04",,"Complete only if ""Type of Intervention Changed since last visit"" = 1","21",""
q45_21_s2,String,30,,Optional,"Greenspan 1st Change Setting Other","",,"Complete only if setting = 04","21",""
q45_21b1,Integer,0,,Optional,"Greenspan 1st Change Children","-7;-8;-9;0 to 30",,"Complete only if ""Type of Intervention Changed since last visit"" = 1","21",""
q45_21b2,Integer,0,,Optional,"Greenspan 1st Change Adults","-7;-8;-9;0 to 30",,"Complete only if ""Type of Intervention Changed since last visit"" = 1","21",""
q45_21c,Float,0,,Optional,"Greenspan 1st Change Hours or Week","-7;-8;-9;0.0 to 999.9",,"Complete only if ""Type of Intervention Changed since last visit"" = 1","21",""
q45_21d,String,10,,Optional,"Greenspan 1st Change Date began","",,"Complete only if ""Type of Intervention Changed since last visit"" = 1","21",""
q45_21_s3,String,50,,Optional,"Greenspan 1st Change Breaks or Interruptions from Treatment","",,"Complete only if ""Type of Intervention Changed since last visit"" = 1","21",""
q45_21f,Integer,0,,Optional,"Greenspan 1st Change Ongoing","0;1",,"Complete only if ""Type of Intervention Changed since last visit"" = 1 and Date Ended is Null","21",""
q45_21e,String,10,,Optional,"Greenspan 1st Change Date ended","",,"Complete only if ""Type of Intervention Changed since last visit"" = 1 and Ongoing is unchecked","21",""
q45_22,Integer,0,,Recommended,"Social Skills Training  SST  Change since last visit?","-7; -8; -9; 0 ; 1",,"Field should not be left blank. If missing, please use -7, 8, -9","21",""
q45_22a,Integer,0,,Optional,"Social Skills Training  SST  Setting","-7; -8; -9; 01 ;02 ; 03; 04",,"Complete only if ""Type of Intervention Changed since last visit"" = 1","22",""
q45_22_s2,String,30,,Optional,"Social Skills Training  SST  Setting Other","",,"Complete only if setting = 04","22",""
q45_22b1,Integer,0,,Optional,"Social Skills Training  SST  Children","-7;-8;-9;0 to 30",,"Complete only if ""Type of Intervention Changed since last visit"" = 1","22",""
q45_22b2,Integer,0,,Optional,"Social Skills Training  SST  Adults","-7;-8;-9;0 to 30",,"Complete only if ""Type of Intervention Changed since last visit"" = 1","22",""
q45_22c,Float,0,,Optional,"Social Skills Training  SST  Hours or Week","-7;-8;-9;0.0 to 999.9",,"Complete only if ""Type of Intervention Changed since last visit"" = 1","22",""
q45_22d,String,10,,Optional,"Social Skills Training  SST  Date began","",,"Complete only if ""Type of Intervention Changed since last visit"" = 1","22",""
q45_22_s3,String,50,,Optional,"Social Skills Training  SST  Breaks or Interruptions from Treatment","",,"Complete only if ""Type of Intervention Changed since last visit"" = 1","22",""
q45_22f,Integer,0,,Optional,"Social Skills Training  SST  Ongoing","0;-1",,"Complete only if ""Type of Intervention Changed since last visit"" = 1 and Date Ended is Null","22",""
q45_22e,String,10,,Optional,"Social Skills Training  SST  Date ended","",,"Complete only if ""Type of Intervention Changed since last visit"" = 1 and Ongoing is unchecked","22",""
q45_23,Integer,0,,Recommended,"SST 1st Change Change since last visit?","-7; -8; -9; 0 ; 1",,"Field should not be left blank. If missing, please use -7, 8, -9","22",""
q45_23a,Integer,0,,Optional,"SST 1st Change Setting","-7; -8; -9; 01 ;02 ; 03; 04",,"Complete only if ""Type of Intervention Changed since last visit"" = 1","23",""
q45_23_s2,String,30,,Optional,"SST 1st Change Setting Other","",,"Complete only if setting = 04","23",""
q45_23b1,Integer,0,,Optional,"SST 1st Change Children","-7;-8;-9;0 to 30",,"Complete only if ""Type of Intervention Changed since last visit"" = 1","23",""
q45_23b2,Integer,0,,Optional,"SST 1st Change Adults","-7;-8;-9;0 to 30",,"Complete only if ""Type of Intervention Changed since last visit"" = 1","23",""
q45_23c,Float,0,,Optional,"SST 1st Change Hours or Week","-7;-8;-9;0.0 to 999.9",,"Complete only if ""Type of Intervention Changed since last visit"" = 1","23",""
q45_23d,String,10,,Optional,"SST 1st Change Date began","",,"Complete only if ""Type of Intervention Changed since last visit"" = 1","23",""
q45_23_s3,String,50,,Optional,"SST 1st Change Breaks or Interruptions from Treatment","",,"Complete only if ""Type of Intervention Changed since last visit"" = 1","23",""
q45_23f,Integer,0,,Optional,"SST 1st Change Ongoing","0;1",,"Complete only if ""Type of Intervention Changed since last visit"" = 1 and Date Ended is Null","23",""
q45_23e,String,10,,Optional,"SST 1st Change Date ended","",,"Complete only if ""Type of Intervention Changed since last visit"" = 1 and Ongoing is unchecked","23",""
q45_24,Integer,0,,Recommended,"Special Education  SPED  Change since last visit?","-7; -8; -9; 0 ; 1",,"Field should not be left blank. If missing, please use -7, 8, -9","23",""
q45_24a,Integer,0,,Optional,"Special Education  SPED  Setting","-7; -8; -9; 01 ;02 ; 03; 04",,"Complete only if ""Type of Intervention Changed since last visit"" = 1","24",""
q45_24_s2,String,30,,Optional,"Special Education  SPED  Setting Other","",,"Complete only if setting = 04","24",""
q45_24b1,Integer,0,,Optional,"Special Education  SPED  Children","-7;-8;-9;0 to 30",,"Complete only if ""Type of Intervention Changed since last visit"" = 1","24",""
q45_24b2,Integer,0,,Optional,"Special Education  SPED  Adults","-7;-8;-9;0 to 30",,"Complete only if ""Type of Intervention Changed since last visit"" = 1","24",""
q45_24c,Float,0,,Optional,"Special Education  SPED  Hours or Week","-7;-8;-9;0.0 to 999.9",,"Complete only if ""Type of Intervention Changed since last visit"" = 1","24",""
q45_24d,String,10,,Optional,"Special Education  SPED  Date began","",,"Complete only if ""Type of Intervention Changed since last visit"" = 1","24",""
q45_24_s3,String,50,,Optional,"Special Education  SPED  Breaks or Interruptions from Treatment","",,"Complete only if ""Type of Intervention Changed since last visit"" = 1","24",""
q45_24f,Integer,0,,Optional,"Special Education  SPED  Ongoing","0;-1",,"Complete only if ""Type of Intervention Changed since last visit"" = 1 and Date Ended is Null","24",""
q45_24e,String,10,,Optional,"Special Education  SPED  Date ended","",,"Complete only if ""Type of Intervention Changed since last visit"" = 1 and Ongoing is unchecked","24",""
q45_25,Integer,0,,Recommended,"SPED 1st Change Change since last visit?","-7; -8; -9; 0 ; 1",,"Field should not be left blank. If missing, please use -7, 8, -9","24",""
q45_25a,Integer,0,,Optional,"SPED 1st Change Setting","-7; -8; -9; 01 ;02 ; 03; 04",,"Complete only if ""Type of Intervention Changed since last visit"" = 1","25",""
q45_25_s2,String,30,,Optional,"SPED 1st Change Setting Other","",,"Complete only if setting = 04","25",""
q45_25b1,Integer,0,,Optional,"SPED 1st Change Children","-7;-8;-9;0 to 30",,"Complete only if ""Type of Intervention Changed since last visit"" = 1","25",""
q45_25b2,Integer,0,,Optional,"SPED 1st Change Adults","-7;-8;-9;0 to 30",,"Complete only if ""Type of Intervention Changed since last visit"" = 1","25",""
q45_25c,Float,0,,Optional,"SPED 1st Change Hours or Week","-7;-8;-9;0.0 to 999.9",,"Complete only if ""Type of Intervention Changed since last visit"" = 1","25",""
q45_25d,String,10,,Optional,"SPED 1st Change Date began","",,"Complete only if ""Type of Intervention Changed since last visit"" = 1","25",""
q45_25_s3,String,50,,Optional,"SPED 1st Change Breaks or Interruptions from Treatment","",,"Complete only if ""Type of Intervention Changed since last visit"" = 1","25",""
q45_25f,Integer,0,,Optional,"SPED 1st Change Ongoing","0;1",,"Complete only if ""Type of Intervention Changed since last visit"" = 1 and Date Ended is Null","25",""
q45_25e,String,10,,Optional,"SPED 1st Change Date ended","",,"Complete only if ""Type of Intervention Changed since last visit"" = 1 and Ongoing is unchecked","25",""
q45_26,Integer,0,,Recommended,"Socialization Related Classes Change since last visit?","-7; -8; -9; 0 ; 1",,"Field should not be left blank. If missing, please use -7, 8, -9","25",""
q45_26a,Integer,0,,Optional,"Socialization Related Classes Setting","-7; -8; -9; 01 ;02 ; 03; 04",,"Complete only if ""Type of Intervention Changed since last visit"" = 1","26",""
q45_26_s2,String,30,,Optional,"Socialization Related Classes Setting Other","",,"Complete only if setting = 04","26",""
q45_26b1,Integer,0,,Optional,"Socialization Related Classes Children","-7;-8;-9;0 to 30",,"Complete only if ""Type of Intervention Changed since last visit"" = 1","26",""
q45_26b2,Integer,0,,Optional,"Socialization Related Classes Adults","-7;-8;-9;0 to 30",,"Complete only if ""Type of Intervention Changed since last visit"" = 1","26",""
q45_26c,Float,0,,Optional,"Socialization Related Classes Hours or Week","-7;-8;-9;0.0 to 999.9",,"Complete only if ""Type of Intervention Changed since last visit"" = 1","26",""
q45_26d,String,10,,Optional,"Socialization Related Classes Date began","",,"Complete only if ""Type of Intervention Changed since last visit"" = 1","26",""
q45_26_s3,String,50,,Optional,"Socialization Related Classes Breaks or Interruptions from Treatment","",,"Complete only if ""Type of Intervention Changed since last visit"" = 1","26",""
q45_26f,Integer,0,,Optional,"Socialization Related Classes Ongoing","0;1",,"Complete only if ""Type of Intervention Changed since last visit"" = 1 and Date Ended is Null","26",""
q45_26e,String,10,,Optional,"Socialization Related Classes Date ended","",,"Complete only if ""Type of Intervention Changed since last visit"" = 1 and Ongoing is unchecked","26",""
q45_27,Integer,0,,Recommended,"Social Class 1st Change Change since last visit?","-7; -8; -9; 0 ; 1",,"Field should not be left blank. If missing, please use -7, 8, -9","26",""
q45_27a,Integer,0,,Optional,"Social Class 1st Change Setting","-7; -8; -9; 01 ;02 ; 03; 04",,"Complete only if ""Type of Intervention Changed since last visit"" = 1","27",""
q45_27_s2,String,30,,Optional,"Social Class 1st Change Setting Other","",,"Complete only if setting = 04","27",""
q45_27b1,Integer,0,,Optional,"Social Class 1st Change Children","-7;-8;-9;0 to 30",,"Complete only if ""Type of Intervention Changed since last visit"" = 1","27",""
q45_27b2,Integer,0,,Optional,"Social Class 1st Change Adults","-7;-8;-9;0 to 30",,"Complete only if ""Type of Intervention Changed since last visit"" = 1","27",""
q45_27c,Float,0,,Optional,"Social Class 1st Change Hours or Week","-7;-8;-9;0.0 to 999.9",,"Complete only if ""Type of Intervention Changed since last visit"" = 1","27",""
q45_27d,String,10,,Optional,"Social Class 1st Change Date began","",,"Complete only if ""Type of Intervention Changed since last visit"" = 1","27",""
q45_27_s3,String,50,,Optional,"Social Class 1st Change Breaks or Interruptions from Treatment","",,"Complete only if ""Type of Intervention Changed since last visit"" = 1","27",""
q45_27f,Integer,0,,Optional,"Social Class 1st Change Ongoing","0;1",,"Complete only if ""Type of Intervention Changed since last visit"" = 1 and Date Ended is Null","27",""
q45_27e,String,10,,Optional,"Social Class 1st Change Date ended","",,"Complete only if ""Type of Intervention Changed since last visit"" = 1 and Ongoing is unchecked","27",""
q45_28,Integer,0,,Recommended,"Recreational Sports as Intervention Change since last visit?","-7; -8; -9; 0 ; 1",,"Field should not be left blank. If missing, please use -7, 8, -9","27",""
q45_28a,Integer,0,,Optional,"Recreational Sports as Intervention Setting","-7; -8; -9; 01 ;02 ; 03; 04",,"Complete only if ""Type of Intervention Changed since last visit"" = 1","28",""
q45_28_s2,String,30,,Optional,"Recreational Sports as Intervention Setting Other","",,"Complete only if setting = 04","28",""
q45_28b1,Integer,0,,Optional,"Recreational Sports as Intervention Children","-7;-8;-9;0 to 30",,"Complete only if ""Type of Intervention Changed since last visit"" = 1","28",""
q45_28b2,Integer,0,,Optional,"Recreational Sports as Intervention Adults","-7;-8;-9;0 to 30",,"Complete only if ""Type of Intervention Changed since last visit"" = 1","28",""
q45_28c,Float,0,,Optional,"Recreational Sports as Intervention Hours or Week","-7;-8;-9;0.0 to 999.9",,"Complete only if ""Type of Intervention Changed since last visit"" = 1","28",""
q45_28d,String,10,,Optional,"Recreational Sports as Intervention Date began","",,"Complete only if ""Type of Intervention Changed since last visit"" = 1","28",""
q45_28_s3,String,50,,Optional,"Recreational Sports as Intervention Breaks or Interruptions from Treatment","",,"Complete only if ""Type of Intervention Changed since last visit"" = 1","28",""
q45_28f,Integer,0,,Optional,"Recreational Sports as Intervention Ongoing","0;-1",,"Complete only if ""Type of Intervention Changed since last visit"" = 1 and Date Ended is Null","28",""
q45_28e,String,10,,Optional,"Recreational Sports as Intervention Date ended","",,"Complete only if ""Type of Intervention Changed since last visit"" = 1 and Ongoing is unchecked","28",""
q45_29,Integer,0,,Recommended,"Sports 1st Change Change since last visit?","-7; -8; -9; 0 ; 1",,"Field should not be left blank. If missing, please use -7, 8, -9","28",""
q45_29a,Integer,0,,Optional,"Sports 1st Change Setting","-7; -8; -9; 01 ;02 ; 03; 04",,"Complete only if ""Type of Intervention Changed since last visit"" = 1","29",""
q45_29_s2,String,30,,Optional,"Sports 1st Change Setting Other","",,"Complete only if setting = 04","29",""
q45_29b1,Integer,0,,Optional,"Sports 1st Change Children","-7;-8;-9;0 to 30",,"Complete only if ""Type of Intervention Changed since last visit"" = 1","29",""
q45_29b2,Integer,0,,Optional,"Sports 1st Change Adults","-7;-8;-9;0 to 30",,"Complete only if ""Type of Intervention Changed since last visit"" = 1","29",""
q45_29c,Float,0,,Optional,"Sports 1st Change Hours or Week","-7;-8;-9;0.0 to 999.9",,"Complete only if ""Type of Intervention Changed since last visit"" = 1","29",""
q45_29d,String,10,,Optional,"Sports 1st Change Date began","",,"Complete only if ""Type of Intervention Changed since last visit"" = 1","29",""
q45_29_s3,String,50,,Optional,"Sports 1st Change Breaks or Interruptions from Treatment","",,"Complete only if ""Type of Intervention Changed since last visit"" = 1","29",""
q45_29f,Integer,0,,Optional,"Sports 1st Change Ongoing","0;-1",,"Complete only if ""Type of Intervention Changed since last visit"" = 1 and Date Ended is Null","29",""
q45_29e,String,10,,Optional,"Sports 1st Change Date ended","",,"Complete only if ""Type of Intervention Changed since last visit"" = 1 and Ongoing is unchecked","29",""
q45_30,Integer,0,,Recommended,"Typical Class Change since last visit?","-7; -8; -9; 0 ; 1",,"Field should not be left blank. If missing, please use -7, 8, -9","29",""
q45_30a,Integer,0,,Optional,"Typical Class Setting","-7; -8; -9; 01 ;02 ; 03; 04",,"Complete only if ""Type of Intervention Changed since last visit"" = 1","30",""
q45_30_s2,String,30,,Optional,"Typical Class Setting Other","",,"Complete only if setting = 04","30",""
q45_30b1,Integer,0,,Optional,"Typical Class Children","-7;-8;-9;0 to 30",,"Complete only if ""Type of Intervention Changed since last visit"" = 1","30",""
q45_30b2,Integer,0,,Optional,"Typical Class Adults","-7;-8;-9;0 to 30",,"Complete only if ""Type of Intervention Changed since last visit"" = 1","30",""
q45_30c,Float,0,,Optional,"Typical Class Hours or Week","-7;-8;-9;0.0 to 999.9",,"Complete only if ""Type of Intervention Changed since last visit"" = 1","30",""
q45_30d,String,10,,Optional,"Typical Class Date began","",,"Complete only if ""Type of Intervention Changed since last visit"" = 1","30",""
q45_30_s3,String,100,,Optional,"Typical Class Breaks or Interruptions from Treatment","",,"Complete only if ""Type of Intervention Changed since last visit"" = 1","30",""
q45_30f,Integer,0,,Optional,"Typical Class Ongoing","0;-1",,"Complete only if ""Type of Intervention Changed since last visit"" = 1 and Date Ended is Null","30",""
q45_30e,String,10,,Optional,"Typical Class Date ended","",,"Complete only if ""Type of Intervention Changed since last visit"" = 1 and Ongoing is unchecked","30",""
q45_31,Integer,0,,Recommended,"Typical Class 1st Change Change since last visit?","-7; -8; -9; 0 ; 1",,"Field should not be left blank. If missing, please use -7, 8, -9","30",""
q45_31a,Integer,0,,Optional,"Typical Class 1st Change Setting","-7; -8; -9; 01 ;02 ; 03; 04",,"Complete only if ""Type of Intervention Changed since last visit"" = 1","31",""
q45_31_s2,String,30,,Optional,"Typical Class 1st Change Setting Other","",,"Complete only if setting = 04","31",""
q45_31b1,Integer,0,,Optional,"Typical Class 1st Change Children","-7;-8;-9;0 to 30",,"Complete only if ""Type of Intervention Changed since last visit"" = 1","31",""
q45_31b2,Integer,0,,Optional,"Typical Class 1st Change Adults","-7;-8;-9;0 to 30",,"Complete only if ""Type of Intervention Changed since last visit"" = 1","31",""
q45_31c,Float,0,,Optional,"Typical Class 1st Change Hours or Week","-7;-8;-9;0.0 to 999.9",,"Complete only if ""Type of Intervention Changed since last visit"" = 1","31",""
q45_31d,String,10,,Optional,"Typical Class 1st Change Date began","",,"Complete only if ""Type of Intervention Changed since last visit"" = 1","31",""
q45_31_s3,String,50,,Optional,"Typical Class 1st Change Breaks or Interruptions from Treatment","",,"Complete only if ""Type of Intervention Changed since last visit"" = 1","31",""
q45_31f,Integer,0,,Optional,"Typical Class 1st Change Ongoing","0;1",,"Complete only if ""Type of Intervention Changed since last visit"" = 1 and Date Ended is Null","31",""
q45_31e,String,10,,Optional,"Typical Class 1st Change Date ended","",,"Complete only if ""Type of Intervention Changed since last visit"" = 1 and Ongoing is unchecked","31",""
q45_32,Integer,0,,Recommended,"Sensory Integration Change since last visit?","-7; -8; -9; 0 ; 1",,"Field should not be left blank. If missing, please use -7, 8, -9","31",""
q45_32a,Integer,0,,Optional,"Sensory Integration Setting","-7; -8; -9; 01 ;02 ; 03; 04",,"Complete only if ""Type of Intervention Changed since last visit"" = 1","32",""
q45_32_s2,String,30,,Optional,"Sensory Integration Setting Other","",,"Complete only if setting = 04","32",""
q45_32b1,Integer,0,,Optional,"Sensory Integration Children","-7;-8;-9;0 to 30",,"Complete only if ""Type of Intervention Changed since last visit"" = 1","32",""
q45_32b2,Integer,0,,Optional,"Sensory Integration Adults","-7;-8;-9;0 to 30",,"Complete only if ""Type of Intervention Changed since last visit"" = 1","32",""
q45_32c,Float,0,,Optional,"Sensory Integration Hours or Week","-7;-8;-9;0.0 to 999.9",,"Complete only if ""Type of Intervention Changed since last visit"" = 1","32",""
q45_32d,String,10,,Optional,"Sensory Integration Date began","",,"Complete only if ""Type of Intervention Changed since last visit"" = 1","32",""
q45_32_s3,String,50,,Optional,"Sensory Integration Breaks or Interruptions from Treatment","",,"Complete only if ""Type of Intervention Changed since last visit"" = 1","32",""
q45_32f,Integer,0,,Optional,"Sensory Integration Ongoing","0;1",,"Complete only if ""Type of Intervention Changed since last visit"" = 1 and Date Ended is Null","32",""
q45_32e,String,10,,Optional,"Sensory Integration Date ended","",,"Complete only if ""Type of Intervention Changed since last visit"" = 1 and Ongoing is unchecked","32",""
q45_33,Integer,0,,Recommended,"Sensory Integration 1st Change Change since last visit?","-7; -8; -9; 0 ; 1",,"Field should not be left blank. If missing, please use -7, 8, -9","32",""
q45_33a,Integer,0,,Optional,"Sensory Integration 1st Change Setting","-7; -8; -9; 01 ;02 ; 03; 04",,"Complete only if ""Type of Intervention Changed since last visit"" = 1","33",""
q45_33_s2,String,30,,Optional,"Sensory Integration 1st Change Setting Other","",,"Complete only if setting = 04","33",""
q45_33b1,Integer,0,,Optional,"Sensory Integration 1st Change Children","-7;-8;-9;0 to 30",,"Complete only if ""Type of Intervention Changed since last visit"" = 1","33",""
q45_33b2,Integer,0,,Optional,"Sensory Integration 1st Change Adults","-7;-8;-9;0 to 30",,"Complete only if ""Type of Intervention Changed since last visit"" = 1","33",""
q45_33c,Float,0,,Optional,"Sensory Integration 1st Change Hours or Week","-7;-8;-9;0.0 to 999.9",,"Complete only if ""Type of Intervention Changed since last visit"" = 1","33",""
q45_33d,String,10,,Optional,"Sensory Integration 1st Change Date began","",,"Complete only if ""Type of Intervention Changed since last visit"" = 1","33",""
q45_33_s3,String,50,,Optional,"Sensory Integration 1st Change Breaks or Interruptions from Treatment","",,"Complete only if ""Type of Intervention Changed since last visit"" = 1","33",""
q45_33f,Integer,0,,Optional,"Sensory Integration 1st Change Ongoing","0;1",,"Complete only if ""Type of Intervention Changed since last visit"" = 1 and Date Ended is Null","33",""
q45_33e,String,10,,Optional,"Sensory Integration 1st Change Date ended","",,"Complete only if ""Type of Intervention Changed since last visit"" = 1 and Ongoing is unchecked","33",""
q45_34,Integer,0,,Recommended,"11 Aid Change since last visit?","-7; -8; -9; 0 ; 1",,"Field should not be left blank. If missing, please use -7, 8, -9","33",""
q45_34a,Integer,0,,Optional,"11 Aid Setting","-7; -8; -9; 01 ;02 ; 03; 04",,"Complete only if ""Type of Intervention Changed since last visit"" = 1","34",""
q45_34_s2,String,30,,Optional,"11 Aid Setting Other","",,"Complete only if setting = 04","34",""
q45_34b1,Integer,0,,Optional,"11 Aid Children","-7;-8;-9;0 to 30",,"Complete only if ""Type of Intervention Changed since last visit"" = 1","34",""
q45_34b2,Integer,0,,Optional,"11 Aid Adults","-7;-8;-9;0 to 30",,"Complete only if ""Type of Intervention Changed since last visit"" = 1","34",""
q45_34c,Float,0,,Optional,"11 Aid Hours or Week","-7;-8;-9;0.0 to 999.9",,"Complete only if ""Type of Intervention Changed since last visit"" = 1","34",""
q45_34d,String,10,,Optional,"11 Aid Date began","",,"Complete only if ""Type of Intervention Changed since last visit"" = 1","34",""
q45_34_s3,String,50,,Optional,"11 Aid Breaks or Interruptions from Treatment","",,"Complete only if ""Type of Intervention Changed since last visit"" = 1","34",""
q45_34f,Integer,0,,Optional,"11 Aid Ongoing","0;-1",,"Complete only if ""Type of Intervention Changed since last visit"" = 1 and Date Ended is Null","34",""
q45_34e,String,10,,Optional,"11 Aid Date ended","",,"Complete only if ""Type of Intervention Changed since last visit"" = 1 and Ongoing is unchecked","34",""
q45_35,Integer,0,,Recommended,"11 Aid 1st Change Change since last visit?","-7; -8; -9; 0 ; 1",,"Field should not be left blank. If missing, please use -7, 8, -9","34",""
q45_35a,Integer,0,,Optional,"11 Aid 1st Change Setting","-7; -8; -9; 01 ;02 ; 03; 04",,"Complete only if ""Type of Intervention Changed since last visit"" = 1","35",""
q45_35_s2,String,30,,Optional,"11 Aid 1st Change Setting Other","",,"Complete only if setting = 04","35",""
q45_35b1,Integer,0,,Optional,"11 Aid 1st Change Children","-7;-8;-9;0 to 30",,"Complete only if ""Type of Intervention Changed since last visit"" = 1","35",""
q45_35b2,Integer,0,,Optional,"11 Aid 1st Change Adults","-7;-8;-9;0 to 30",,"Complete only if ""Type of Intervention Changed since last visit"" = 1","35",""
q45_35c,Float,0,,Optional,"11 Aid 1st Change Hours or Week","-7;-8;-9;0.0 to 999.9",,"Complete only if ""Type of Intervention Changed since last visit"" = 1","35",""
q45_35d,String,10,,Optional,"11 Aid 1st Change Date began","",,"Complete only if ""Type of Intervention Changed since last visit"" = 1","35",""
q45_35_s3,String,50,,Optional,"11 Aid 1st Change Breaks or Interruptions from Treatment","",,"Complete only if ""Type of Intervention Changed since last visit"" = 1","35",""
q45_35f,Integer,0,,Optional,"11 Aid 1st Change Ongoing","0;1",,"Complete only if ""Type of Intervention Changed since last visit"" = 1 and Date Ended is Null","35",""
q45_35e,String,10,,Optional,"11 Aid 1st Change Date ended","",,"Complete only if ""Type of Intervention Changed since last visit"" = 1 and Ongoing is unchecked","35",""
q45_36,Integer,0,,Recommended,"Adaptive PE Change since last visit?","-7; -8; -9; 0 ; 1",,"Field should not be left blank. If missing, please use -7, 8, -9","35",""
q45_36a,Integer,0,,Optional,"Adaptive PE Setting","-7; -8; -9; 01 ;02 ; 03; 04",,"Complete only if ""Type of Intervention Changed since last visit"" = 1","36",""
q45_36_s2,String,30,,Optional,"Adaptive PE Setting Other","",,"Complete only if setting = 04","36",""
q45_36b1,Integer,0,,Optional,"Adaptive PE Children","-7;-8;-9;0 to 30",,"Complete only if ""Type of Intervention Changed since last visit"" = 1","36",""
q45_36b2,Integer,0,,Optional,"Adaptive PE Adults","-7;-8;-9;0 to 30",,"Complete only if ""Type of Intervention Changed since last visit"" = 1","36",""
q45_36c,Float,0,,Optional,"Adaptive PE Hours or Week","-7;-8;-9;0.0 to 999.9",,"Complete only if ""Type of Intervention Changed since last visit"" = 1","36",""
q45_36d,String,10,,Optional,"Adaptive PE Date began","",,"Complete only if ""Type of Intervention Changed since last visit"" = 1","36",""
q45_36_s3,String,50,,Optional,"Adaptive PE Breaks or Interruptions from Treatment","",,"Complete only if ""Type of Intervention Changed since last visit"" = 1","36",""
q45_36f,Integer,0,,Optional,"Adaptive PE Ongoing","0;1",,"Complete only if ""Type of Intervention Changed since last visit"" = 1 and Date Ended is Null","36",""
q45_36e,String,10,,Optional,"Adaptive PE Date ended","",,"Complete only if ""Type of Intervention Changed since last visit"" = 1 and Ongoing is unchecked","36",""
q45_37,Integer,0,,Recommended,"Adaptive PE 1st Change Change since last visit?","-7; -8; -9; 0 ; 1",,"Field should not be left blank. If missing, please use -7, 8, -9","36",""
q45_37a,Integer,0,,Optional,"Adaptive PE 1st Change Setting","-7; -8; -9; 01 ;02 ; 03; 04",,"Complete only if ""Type of Intervention Changed since last visit"" = 1","37",""
q45_37_s2,String,30,,Optional,"Adaptive PE 1st Change Setting Other","",,"Complete only if setting = 04","37",""
q45_37b1,Integer,0,,Optional,"Adaptive PE 1st Change Children","-7;-8;-9;0 to 30",,"Complete only if ""Type of Intervention Changed since last visit"" = 1","37",""
q45_37b2,Integer,0,,Optional,"Adaptive PE 1st Change Adults","-7;-8;-9;0 to 30",,"Complete only if ""Type of Intervention Changed since last visit"" = 1","37",""
q45_37c,Float,0,,Optional,"Adaptive PE 1st Change Hours or Week","-7;-8;-9;0.0 to 999.9",,"Complete only if ""Type of Intervention Changed since last visit"" = 1","37",""
q45_37d,String,10,,Optional,"Adaptive PE 1st Change Date began","",,"Complete only if ""Type of Intervention Changed since last visit"" = 1","37",""
q45_37_s3,String,50,,Optional,"Adaptive PE 1st Change Breaks or Interruptions from Treatment","",,"Complete only if ""Type of Intervention Changed since last visit"" = 1","37",""
q45_37f,Integer,0,,Optional,"Adaptive PE 1st Change Ongoing","0;1",,"Complete only if ""Type of Intervention Changed since last visit"" = 1 and Date Ended is Null","37",""
q45_37e,String,10,,Optional,"Adaptive PE 1st Change Date ended","",,"Complete only if ""Type of Intervention Changed since last visit"" = 1 and Ongoing is unchecked","37",""
q45_38,Integer,0,,Recommended,"Crisis Management Change since last visit?","-7; -8; -9; 0 ; 1",,"Field should not be left blank. If missing, please use -7, 8, -9","37",""
q45_38a,Integer,0,,Optional,"Crisis Management Setting","-7; -8; -9; 01 ;02 ; 03; 04",,"Complete only if ""Type of Intervention Changed since last visit"" = 1","38",""
q45_38_s2,String,30,,Optional,"Crisis Management Setting Other","",,"Complete only if setting = 04","38",""
q45_38b1,Integer,0,,Optional,"Crisis Management Children","-7;-8;-9;0 to 30",,"Complete only if ""Type of Intervention Changed since last visit"" = 1","38",""
q45_38b2,Integer,0,,Optional,"Crisis Management Adults","-7;-8;-9;0 to 30",,"Complete only if ""Type of Intervention Changed since last visit"" = 1","38",""
q45_38c,Float,0,,Optional,"Crisis Management Hours or Week","-7;-8;-9;0.0 to 999.9",,"Complete only if ""Type of Intervention Changed since last visit"" = 1","38",""
q45_38d,String,10,,Optional,"Crisis Management Date began","",,"Complete only if ""Type of Intervention Changed since last visit"" = 1","38",""
q45_38_s3,String,50,,Optional,"Crisis Management Breaks or Interruptions from Treatment","",,"Complete only if ""Type of Intervention Changed since last visit"" = 1","38",""
q45_38f,Integer,0,,Optional,"Crisis Management Ongoing","0;1",,"Complete only if ""Type of Intervention Changed since last visit"" = 1 and Date Ended is Null","38",""
q45_38e,String,10,,Optional,"Crisis Management Date ended","",,"Complete only if ""Type of Intervention Changed since last visit"" = 1 and Ongoing is unchecked","38",""
q45_39,Integer,0,,Recommended,"Crisis Management 1st Change Change since last visit?","-7; -8; -9; 0 ; 1",,"Field should not be left blank. If missing, please use -7, 8, -9","38",""
q45_39a,Integer,0,,Optional,"Crisis Management 1st Change Setting","-7; -8; -9; 01 ;02 ; 03; 04",,"Complete only if ""Type of Intervention Changed since last visit"" = 1","39",""
q45_39_s2,String,30,,Optional,"Crisis Management 1st Change Setting Other","",,"Complete only if setting = 04","39",""
q45_39b1,Integer,0,,Optional,"Crisis Management 1st Change Children","-7;-8;-9;0 to 30",,"Complete only if ""Type of Intervention Changed since last visit"" = 1","39",""
q45_39b2,Integer,0,,Optional,"Crisis Management 1st Change Adults","-7;-8;-9;0 to 30",,"Complete only if ""Type of Intervention Changed since last visit"" = 1","39",""
q45_39c,Float,0,,Optional,"Crisis Management 1st Change Hours or Week","-7;-8;-9;0.0 to 999.9",,"Complete only if ""Type of Intervention Changed since last visit"" = 1","39",""
q45_39d,String,10,,Optional,"Crisis Management 1st Change Date began","",,"Complete only if ""Type of Intervention Changed since last visit"" = 1","39",""
q45_39_s3,String,50,,Optional,"Crisis Management 1st Change Breaks or Interruptions from Treatment","",,"Complete only if ""Type of Intervention Changed since last visit"" = 1","39",""
q45_39f,Integer,0,,Optional,"Crisis Management 1st Change Ongoing","0;1",,"Complete only if ""Type of Intervention Changed since last visit"" = 1 and Date Ended is Null","39",""
q45_39e,String,10,,Optional,"Crisis Management 1st Change Date ended","",,"Complete only if ""Type of Intervention Changed since last visit"" = 1 and Ongoing is unchecked","39",""
q45_40,Integer,0,,Recommended,"Home Program  not ABA  Change since last visit?","-7; -8; -9; 0 ; 1",,"Field should not be left blank. If missing, please use -7, 8, -9","39",""
q45_40_s1,String,30,,Optional,"Specify Home Program  not ABA","",,"Complete only if ""Type of Intervention Changed since last visit"" = 1","40",""
q45_40a,Integer,0,,Optional,"Home Program  not ABA  Setting","-7; -8; -9; 01 ;02 ; 03; 04",,"Complete only if ""Type of Intervention Changed since last visit"" = 1","40",""
q45_40_s3,String,30,,Optional,"Home Program  not ABA  Setting Other","",,"Complete only if setting = 04","40",""
q45_40b1,Integer,0,,Optional,"Home Program  not ABA  Children","-7;-8;-9;0 to 30",,"Complete only if ""Type of Intervention Changed since last visit"" = 1","40",""
q45_40b2,Integer,0,,Optional,"Home Program  not ABA  Adults","-7;-8;-9;0 to 30",,"Complete only if ""Type of Intervention Changed since last visit"" = 1","40",""
q45_40c,Float,0,,Optional,"Home Program  not ABA  Hours or Week","-7;-8;-9;0.0 to 999.9",,"Complete only if ""Type of Intervention Changed since last visit"" = 1","40",""
q45_40d,String,10,,Optional,"Home Program  not ABA  Date began","",,"Complete only if ""Type of Intervention Changed since last visit"" = 1","40",""
q45_40_s4,String,50,,Optional,"Home Program  not ABA  Breaks or Interruptions from Treatment","",,"Complete only if ""Type of Intervention Changed since last visit"" = 1","40",""
q45_40f,Integer,0,,Optional,"Home Program  not ABA  Ongoing","0;1",,"Complete only if ""Type of Intervention Changed since last visit"" = 1 and Date Ended is Null","40",""
q45_40e,String,10,,Optional,"Home Program  not ABA  Date ended","",,"Complete only if ""Type of Intervention Changed since last visit"" = 1 and Ongoing is unchecked","40",""
q45_41,Integer,0,,Recommended,"Home Program 1st Change Change since last visit?","-7; -8; -9; 0 ; 1",,"Field should not be left blank. If missing, please use -7, 8, -9","40",""
q45_41_s1,String,30,,Optional,"Specify Home Program 1st Change","",,"Complete only if ""Type of Intervention Changed since last visit"" = 1","41",""
q45_41a,Integer,0,,Optional,"Home Program 1st Change Setting","-7; -8; -9; 01 ;02 ; 03; 04",,"Complete only if ""Type of Intervention Changed since last visit"" = 1","41",""
q45_41_s3,String,30,,Optional,"Home Program 1st Change Setting Other","",,"Complete only if setting = 04","41",""
q45_41b1,Integer,0,,Optional,"Home Program 1st Change Children","-7;-8;-9;0 to 30",,"Complete only if ""Type of Intervention Changed since last visit"" = 1","41",""
q45_41b2,Integer,0,,Optional,"Home Program 1st Change Adults","-7;-8;-9;0 to 30",,"Complete only if ""Type of Intervention Changed since last visit"" = 1","41",""
q45_41c,Float,0,,Optional,"Home Program 1st Change Hours or Week","-7;-8;-9;0.0 to 999.9",,"Complete only if ""Type of Intervention Changed since last visit"" = 1","41",""
q45_41d,String,10,,Optional,"Home Program 1st Change Date began","",,"Complete only if ""Type of Intervention Changed since last visit"" = 1","41",""
q45_41_s4,String,50,,Optional,"Home Program 1st Change Breaks or Interruptions from Treatment","",,"Complete only if ""Type of Intervention Changed since last visit"" = 1","41",""
q45_41f,Integer,0,,Optional,"Home Program 1st Change Ongoing","0;1",,"Complete only if ""Type of Intervention Changed since last visit"" = 1 and Date Ended is Null","41",""
q45_41e,String,10,,Optional,"Home Program 1st Change Date ended","",,"Complete only if ""Type of Intervention Changed since last visit"" = 1 and Ongoing is unchecked","41",""
q45_42,Integer,0,,Recommended,"Other Behavior Mod  not ABA  Change since last visit?","-7; -8; -9; 0 ; 1",,"Field should not be left blank. If missing, please use -7, 8, -9","41",""
q45_42_s1,String,30,,Optional,"Specify Other Behavior mod  not ABA","",,"Complete only if ""Type of Intervention Changed since last visit"" = 1","42",""
q45_42a,Integer,0,,Optional,"Other Behavior Mod  not ABA  Setting","-7; -8; -9; 01 ;02 ; 03; 04",,"Complete only if ""Type of Intervention Changed since last visit"" = 1","42",""
q45_42_s3,String,30,,Optional,"Other Behavior Mod  not ABA  Setting Other","",,"Complete only if setting = 04","42",""
q45_42b1,Integer,0,,Optional,"Other Behavior Mod  not ABA  Children","-7;-8;-9;0 to 30",,"Complete only if ""Type of Intervention Changed since last visit"" = 1","42",""
q45_42b2,Integer,0,,Optional,"Other Behavior Mod  not ABA  Adults","-7;-8;-9;0 to 30",,"Complete only if ""Type of Intervention Changed since last visit"" = 1","42",""
q45_42c,Float,0,,Optional,"Other Behavior Mod  not ABA  Hours or Week","-7;-8;-9;0.0 to 999.9",,"Complete only if ""Type of Intervention Changed since last visit"" = 1","42",""
q45_42d,String,10,,Optional,"Other Behavior Mod  not ABA  Date began","",,"Complete only if ""Type of Intervention Changed since last visit"" = 1","42",""
q45_42_s4,String,50,,Optional,"Other Behavior Mod  not ABA  Breaks or Interruptions from Treatment","",,"Complete only if ""Type of Intervention Changed since last visit"" = 1","42",""
q45_42f,Integer,0,,Optional,"Other Behavior Mod  not ABA  Ongoing","0;1",,"Complete only if ""Type of Intervention Changed since last visit"" = 1 and Date Ended is Null","42",""
q45_42e,String,10,,Optional,"Other Behavior Mod  not ABA  Date ended","",,"Complete only if ""Type of Intervention Changed since last visit"" = 1 and Ongoing is unchecked","42",""
q45_43,Integer,0,,Recommended,"Other Behavior Mod 1st Change  not ABA  Change since last visit?","-7; -8; -9; 0 ; 1",,"Field should not be left blank. If missing, please use -7, 8, -9","42",""
q45_43_s1,String,30,,Optional,"Specify Other Behavior Mod. 1st Change","",,"Complete only if ""Type of Intervention Changed since last visit"" = 1","43",""
q45_43a,Integer,0,,Optional,"Other Behavior Mod 1st Change  not ABA  Setting","-7; -8; -9; 01 ;02 ; 03; 04",,"Complete only if ""Type of Intervention Changed since last visit"" = 1","43",""
q45_43_s3,String,30,,Optional,"Other Behavior Mod 1st Change  not ABA  Setting Other","",,"Complete only if setting = 04","43",""
q45_43b1,Integer,0,,Optional,"Other Behavior Mod 1st Change  not ABA  Children","-7;-8;-9;0 to 30",,"Complete only if ""Type of Intervention Changed since last visit"" = 1","43",""
q45_43b2,Integer,0,,Optional,"Other Behavior Mod 1st Change  not ABA  Adults","-7;-8;-9;0 to 30",,"Complete only if ""Type of Intervention Changed since last visit"" = 1","43",""
q45_43c,Integer,0,,Optional,"Other Behavior Mod 1st Change  not ABA  Hours or Week","-7;-8;-9;0.0 to 999.9",,"Complete only if ""Type of Intervention Changed since last visit"" = 1","43",""
q45_43d,Float,0,,Optional,"Other Behavior Mod 1st Change  not ABA  Date began","mm/yyyy;mm/dd/yyyy",,"Complete only if ""Type of Intervention Changed since last visit"" = 1","43",""
q45_43_s4,String,50,,Optional,"Other Behavior Mod 1st Change  not ABA  Breaks or Interruptions from Treatment","",,"Complete only if ""Type of Intervention Changed since last visit"" = 1","43",""
q45_43f,Integer,0,,Optional,"Other Behavior Mod 1st Change  not ABA  Ongoing","0;1",,"Complete only if ""Type of Intervention Changed since last visit"" = 1 and Date Ended is Null","43",""
q45_43e,String,10,,Optional,"Other Behavior Mod 1st Change  not ABA  Date ended","",,"Complete only if ""Type of Intervention Changed since last visit"" = 1 and Ongoing is unchecked","43",""
q45_44,Integer,0,,Recommended,"Other Intervention Change since last visit?","-7; -8; -9; 0 ; 1",,"Field should not be left blank. If missing, please use -7, 8, -9","43",""
q45_44_s1,String,30,,Optional,"Specify Other Intervention","",,"Complete only if ""Type of Intervention Changed since last visit"" = 1","44",""
q45_44a,Integer,0,,Optional,"Other Intervention Setting","-7; -8; -9; 01 ;02 ; 03; 04",,"Complete only if ""Type of Intervention Changed since last visit"" = 1","44",""
q45_44_s3,String,30,,Optional,"Other Intervention Setting Other","",,"Complete only if setting = 04","44",""
q45_44b1,Integer,0,,Optional,"Other Intervention Children","-7;-8;-9;0 to 30",,"Complete only if ""Type of Intervention Changed since last visit"" = 1","44",""
q45_44b2,Integer,0,,Optional,"Other Intervention Adults","-7;-8;-9;0 to 30",,"Complete only if ""Type of Intervention Changed since last visit"" = 1","44",""
q45_44c,Float,0,,Optional,"Other Intervention Hours or Week","-7;-8;-9;0.0 to 999.9",,"Complete only if ""Type of Intervention Changed since last visit"" = 1","44",""
q45_44d,String,10,,Optional,"Other Intervention Date began","",,"Complete only if ""Type of Intervention Changed since last visit"" = 1","44",""
q45_44_s4,String,50,,Optional,"Other Intervention Breaks or Interruptions from Treatment","",,"Complete only if ""Type of Intervention Changed since last visit"" = 1","44",""
q45_44f,Integer,0,,Optional,"Other Intervention Ongoing","0;-1",,"Complete only if ""Type of Intervention Changed since last visit"" = 1 and Date Ended is Null","44",""
q45_44e,String,10,,Optional,"Other Intervention Date ended","",,"Complete only if ""Type of Intervention Changed since last visit"" = 1 and Ongoing is unchecked","44",""
q45_45,Integer,0,,Recommended,"Other Intervention 1st Change Change since last visit?","-7; -8; -9; 0 ; 1",,"Field should not be left blank. If missing, please use -7, 8, -9","44",""
q45_45_s1,String,30,,Optional,"Specify Other Intervention 1st Change","",,"Complete only if ""Type of Intervention Changed since last visit"" = 1","45",""
q45_45a,Integer,0,,Optional,"Other Intervention 1st Change Setting","-7; -8; -9; 01 ;02 ; 03; 04",,"Complete only if ""Type of Intervention Changed since last visit"" = 1","45",""
q45_45_s3,String,30,,Optional,"Other Intervention 1st Change Setting Other","",,"Complete only if setting = 04","45",""
q45_45b1,Integer,0,,Optional,"Other Intervention 1st Change Children","-7;-8;-9;0 to 30",,"Complete only if ""Type of Intervention Changed since last visit"" = 1","45",""
q45_45b2,Integer,0,,Optional,"Other Intervention 1st Change Adults","-7;-8;-9;0 to 30",,"Complete only if ""Type of Intervention Changed since last visit"" = 1","45",""
q45_45c,Float,0,,Optional,"Other Intervention 1st Change Hours or Week","-7;-8;-9;0.0 to 999.9",,"Complete only if ""Type of Intervention Changed since last visit"" = 1","45",""
q45_45d,String,10,,Optional,"Other Intervention 1st Change Date began","",,"Complete only if ""Type of Intervention Changed since last visit"" = 1","45",""
q45_45_s4,String,50,,Optional,"Other Intervention 1st Change Breaks or Interruptions from Treatment","",,"Complete only if ""Type of Intervention Changed since last visit"" = 1","45",""
q45_45f,Integer,0,,Optional,"Other Intervention 1st Change Ongoing","0;1",,"Complete only if ""Type of Intervention Changed since last visit"" = 1 and Date Ended is Null","45",""
q45_45e,String,10,,Optional,"Other Intervention 1st Change Date ended","",,"Complete only if ""Type of Intervention Changed since last visit"" = 1 and Ongoing is unchecked","45",""
