ElementName,DataType,Size,Unit,Required,ElementDescription,ValueRange,Keywords,Notes,Section,Aliases
subjectkey,GUID,0,,Required,"The NDAR Global Unique Identifier (GUID) for subjects which identifies a subject in NDAR","NDAR*",,"","",""
interview_date,Date,0,,Required,"Date on which the interview/genetic test/sampling/imaging was completed","MM/yyyy;MM/dd/yyyy",,"* '01/01/1900' indicates that a date associated with retrospective data is not known.","","pls_date_std"
cycle,Integer,0,,Recommended,"Timepoint information","",,"","",""
patid,String,20,,Recommended,"src_Subject_id","",,"Patient IDs were assigned at the research site for CPEA and STAART","",""
network,String,20,,Recommended,"Network","",,"CPEA or STAART Network","",""
site,String,20,,Recommended,"Site","",,"CPEA or STAART Site","",""
study,String,100,,Recommended,"Study","",,"CPEA or STAART Study","",""
pls_ac11_ae,Integer,0,,Recommended,"PLS: Auditory Comprehension 6-11 Months - Anticipates an event or signal","",,"","",""
pls_ac11_fl,Integer,0,,Recommended,"PLS: Auditory Comprehension 6-11 Months  Follows line of regard","",,"","",""
pls_ac11_uw,Integer,0,,Recommended,"PLS: Auditory Comprehension 6-11 Months - Understands a specific word or phrase","",,"","",""
pls_ac17_fd,Integer,0,,Recommended,"PLS: Auditory Comprehension 12-17 Months - Follows simple directions with gestural cues","",,"","",""
pls_ac17_io,Integer,0,,Recommended,"PLS: Auditory Comprehension 12-17 Months - Identifies familiar objects","",,"","",""
pls_ac17_ip,Integer,0,,Recommended,"PLS: Auditory Comprehension 12-17 Months - Identifies pictures","",,"","",""
pls_ac17_ma,Integer,0,,Recommended,"PLS: Auditory Comprehension 12-17 Months- Maintains attention for two minutes","",,"","",""
pls_ac23_fd,Integer,0,,Recommended,"PLS: Auditory Comprehension 18-23 Months- Follows simple directions without gestural cues","",,"","",""
pls_ac23_ibp,Integer,0,,Recommended,"PLS: Auditory Comprehension 18-23 Months- Indicates body parts on self","",,"","",""
pls_ac23_ip,Integer,0,,Recommended,"PLS: Auditory Comprehension 18-23 Months- Identifies pictures","",,"","",""
pls_ac23_uv,Integer,0,,Recommended,"PLS: Auditory Comprehension 18-23 Months - Understands verbs in context","",,"","",""
pls_ac29_ra,Integer,0,,Recommended,"PLS: Auditory Comprehension 24-29 Months - Recognizes action in pictures","",,"","",""
pls_ac29_up,Integer,0,,Recommended,"PLS: Auditory Comprehension 24-29 Months - Understands several pronouns","",,"","",""
pls_ac29_uq,Integer,0,,Recommended,"PLS: Auditory Comprehension 24-29 Months - Understands quantity concepts","",,"","",""
pls_ac29_usc,Integer,0,,Recommended,"PLS: Auditory Comprehension 24-29 Months - Understands spatial concepts","",,"","",""
pls_ac35_udc,Integer,0,,Recommended,"PLS: Auditory Comprehension 30-35 Months - Understands descriptive concepts","",,"","",""
pls_ac35_uo,Integer,0,,Recommended,"PLS: Auditory Comprehension 30-35 Months - Understands use of objects","",,"","",""
pls_ac35_up,Integer,0,,Recommended,"PLS: Auditory Comprehension 30-35 Months - Understands pronouns","",,"","",""
pls_ac35_ur,Integer,0,,Recommended,"PLS: Auditory Comprehension 30-35 Months - Understands part or whole relationships","",,"","",""
pls_ac41_go,Integer,0,,Recommended,"PLS: Auditory Comprehension 36-41 Months - Groups objects","",,"","",""
pls_ac41_ico,Integer,0,,Recommended,"PLS: Auditory Comprehension 36-41 Months - Identifies colors","",,"","",""
pls_ac41_udc,Integer,0,,Recommended,"PLS: Auditory Comprehension 36-41 Months - Understands descriptive concepts","",,"","",""
pls_ac41_un,Integer,0,,Recommended,"PLS: Auditory Comprehension 36-41 Months - Understands negatives","",,"","",""
pls_ac47_co,Integer,0,,Recommended,"PLS: Auditory Comprehension 42-47 Months - Compares Objects","",,"","",""
pls_ac47_ibp,Integer,0,,Recommended,"PLS: Auditory Comprehension 42-47 Months - Indicates body parts on self","",,"","",""
pls_ac47_ip,Integer,0,,Recommended,"PLS: Auditory Comprehension 42-47 Months - Identifies pictures","",,"","",""
pls_ac47_mi,Integer,0,,Recommended,"PLS: Auditory Comprehension 42-47 Months - Makes inferences","",,"","",""
pls_ac5_ds,Integer,0,,Recommended,"PLS: Auditory Comprehension 0-5 Months - Discriminates one sound from another","",,"","",""
pls_ac5_li,Integer,0,,Recommended,"PLS: Auditory Comprehension 0-5 Months - Looks intently at a speaker","",,"","",""
pls_ac5_rc,Integer,0,,Recommended,"PLS: Auditory Comprehension 0-5 Months - Reacts to the sound of cellophane","",,"","",""
pls_ac5_th,Integer,0,,Recommended,"PLS: Auditory Comprehension 0-5 Months - Turns head to locate source of sound","",,"","",""
pls_ac53_ca,Integer,0,,Recommended,"PLS: Auditory Comprehension 48-53 Months - Compares animals","",,"","",""
pls_ac53_ip,Integer,0,,Recommended,"PLS: Auditory Comprehension 48-53 Months - Identifies pictures","",,"","",""
pls_ac53_ucd,Integer,0,,Recommended,"PLS: Auditory Comprehension 48-53 Months - Understands complex directions","",,"","",""
pls_ac53_usc,Integer,0,,Recommended,"PLS: Auditory Comprehension 48-53 Months - Understands spatial concepts","",,"","",""
pls_ac59_udc,Integer,0,,Recommended,"PLS: Auditory Comprehension 54-59 Months - Understand descriptive concepts","",,"","",""
pls_ac59_upv,Integer,0,,Recommended,"PLS: Auditory Comprehension 54-59 Months - Understands passive voice sentences","",,"","",""
pls_ac59_uqc,Integer,0,,Recommended,"PLS: Auditory Comprehension 54-59 Months - Understands quantity concepts","",,"","",""
pls_ac59_utc,Integer,0,,Recommended,"PLS: Auditory Comprehension 54-59 Months - Understands time concepts","",,"","",""
pls_ac71_uer,Integer,0,,Recommended,"PLS: Auditory Comprehension 60-71 Months - Understands -er ending as "one who","",,"","",""
pls_ac71_un,Integer,0,,Recommended,"PLS: Auditory Comprehension 60-71 Months - Understands noun and modifying adjectives","",,"","",""
pls_ac71_uqc,Integer,0,,Recommended,"PLS: Auditory Comprehension 60-71 Months - Understands quantity concepts","",,"","",""
pls_ac71_uts,Integer,0,,Recommended,"PLS: Auditory Comprehension 60-71 Months - Understands time-sequence concepts","",,"","",""
pls_ac83_asn,Integer,0,,Recommended,"PLS: Auditory Comprehension 72-83 Months - Adds and subtracts numbers to five","",,"","",""
pls_ac83_ibp,Integer,0,,Recommended,"PLS: Auditory Comprehension 72-83 Months - Indicates body parts on self","",,"","",""
pls_ac83_ip,Integer,0,,Recommended,"PLS: Auditory Comprehension 72-83 Months - Identifies pictures","",,"","",""
pls_ac83_utc,Integer,0,,Recommended,"PLS: Auditory Comprehension 72-83 Months - Understands time concepts","",,"","",""
pls_date,Integer,0,,Recommended,"PLS Date","",,"","",""
pls_ec11_as,Integer,0,,Recommended,"PLS: Expressive Communication 6-11 Months - Approximates sounds made by another person","",,"","",""
pls_ec11_cn,Integer,0,,Recommended,"PLS: Expressive Communication 6-11 Months - Communicates nonverbally, using gestures or pushing and pulling behaviors","",,"","",""
pls_ec11_cs,Integer,0,,Recommended,"PLS: Expressive Communication 6-11 Months - Combines sounds to form syllables","",,"","",""
pls_ec11_p4c,Integer,0,,Recommended,"PLS: Expressive Communication 6-11 Months - Produces at least four different consonant-like sounds","",,"","",""
pls_ec17_hv,Integer,0,,Recommended,"PLS: Expressive Communication 12-17 Months - Has a vocabulary of at least one word","",,"","",""
pls_ec17_ig,Integer,0,,Recommended,"PLS: Expressive Communication 12-17 Months - Initiates a game or social routine","",,"","",""
pls_ec17_iw,Integer,0,,Recommended,"PLS: Expressive Communication 12-17 Months - Imitates a word","",,"","",""
pls_ec17_vs,Integer,0,,Recommended,"PLS: Expressive Communication 12-17 Months - Varies the sounds produced in syllable strings","",,"","",""
pls_ec23_hv,Integer,0,,Recommended,"PLS: Expressive Communication 19-23 Months -  Has a vocabulary of at least 10 words","",,"","",""
pls_ec23_no,Integer,0,,Recommended,"PLS: Expressive Communication 19-23 Months - Names objects","",,"","",""
pls_ec23_ps,Integer,0,,Recommended,"PLS: Expressive Communication 19-23 Months - Produces a succession of single word utterances","",,"","",""
pls_ec23_uop,Integer,0,,Recommended,"PLS: Expressive Communication 19-23 Months - Uses one pronoun","",,"","",""
pls_ec29_csp,Integer,0,,Recommended,"PLS: Expressive Communication 24-29 Months - Combines three or four words in spontaneous speech","",,"","",""
pls_ec29_np,Integer,0,,Recommended,"PLS: Expressive Communication 24-29 Months - Names pictures","",,"","",""
pls_ec29_up,Integer,0,,Recommended,"PLS: Expressive Communication 24-29 Months - Uses plurals","",,"","",""
pls_ec29_uq,Integer,0,,Recommended,"PLS: Expressive Communication 24-29 Months - Uses a question inflection","",,"","",""
pls_ec35_aq,Integer,0,,Recommended,"PLS: Expressive Communication 30-35 Months - Answers what, where and yes and no questions","",,"","",""
pls_ec35_ing,Integer,0,,Recommended,"Uses verb + '-ing'","0; 1",,"","",""
pls_ec35_pbs,Integer,0,,Recommended,"PLS: Expressive Communication 30-35 Months - Produces basic sentences","",,"","",""
pls_ec35_up,Integer,0,,Recommended,"PLS: Expressive Communication 30-35 Months - Uses possessives","",,"","",""
pls_ec41_aq,Integer,0,,Recommended,"PLS: Expressive Communication 36-41 Months - Answers questions logically","",,"","",""
pls_ec41_to,Integer,0,,Recommended,"PLS: Expressive Communication 36-41 Months - Tells how an object is used","",,"","",""
pls_ec41_tre,Integer,0,,Recommended,"PLS: Expressive Communication 36-41 Months - Tells about remote events","",,"","",""
pls_ec41_usp,Integer,0,,Recommended,"PLS: Expressive Communication 36-41 Months - Uses several pronouns spontaneously","",,"","",""
pls_ec47_awq,Integer,0,,Recommended,"PLS: Expressive Communication 42-47 Months - Answers when questions","",,"","",""
pls_ec47_ca,Integer,0,,Recommended,"PLS: Expressive Communication 42-47 Months - Completes analogies","",,"","",""
pls_ec47_rs,Integer,0,,Recommended,"PLS: Expressive Communication 42-47 Months - Repeats sentences","",,"","",""
pls_ec47_ua,Integer,0,,Recommended,"PLS: Expressive Communication 42-47 Months - Uses Auxiliaries","",,"","",""
pls_ec5_lg,Integer,0,,Recommended,"PLS: Expressive Communication 0-5 Months - Laughs","",,"","",""
pls_ec5_svp,Integer,0,,Recommended,"PLS: Expressive Communication 0-5 Months - Engages in solitary vocal play","",,"","",""
pls_ec5_vc,Integer,0,,Recommended,"PLS: Expressive Communication 0-5 Months - Vocalizes when talked to ("Vocal Cognition")","",,"","",""
pls_ec5_vp,Integer,0,,Recommended,"PLS: Expressive Communication 0-5 Months - Vocalizes a variety of pleasure and displeasure sounds","",,"","",""
pls_ec53_dp,Integer,0,,Recommended,"PLS: Expressive Communication 48-53 Months - Describes a procedure","",,"","",""
pls_ec53_na,Integer,0,,Recommended,"PLS: Expressive Communication 48-53 Months - Names animals","",,"","",""
pls_ec53_upr,Integer,0,,Recommended,"PLS: Expressive Communication 48-53 Months - Uses prepositions","",,"","",""
pls_ec53_urf,Integer,0,,Recommended,"PLS: Expressive Communication 48-53 Months - Uses irregular and regular forms of past tense","",,"","",""
pls_ec59_dw,Integer,0,,Recommended,"PLS: Expressive Communication 54-59 Months - Defines words","",,"","",""
pls_ec59_nc,Integer,0,,Recommended,"PLS: Expressive Communication 54-59 Months - Names categories","",,"","",""
pls_ec59_rs,Integer,0,,Recommended,"PLS: Expressive Communication 54-59 Months - Repeats sentences","",,"","",""
pls_ec59_rwq,Integer,0,,Recommended,"PLS: Expressive Communication 54-59 Months - Responds to why questions by giving a reason","",,"","",""
pls_ec71_bs,Integer,0,,Recommended,"PLS: Expressive Communication 60-71 Months - Builds sentences","",,"","",""
pls_ec71_dw,Integer,0,,Recommended,"PLS: Expressive Communication 60-71 Months - Defines words","",,"","",""
pls_ec71_ua,Integer,0,,Recommended,"PLS: Expressive Communication 60-71 Months - Uses adjectives to describe people and objects","",,"","",""
pls_ec71_uwq,Integer,0,,Recommended,"PLS: Expressive Communication 60-71 Months - Uses words that express quantity","",,"","",""
pls_ec83_er,Integer,0,,Recommended,"PLS: Expressive Communication 72-83 Months - Uses -er ending to indicate "one who","",,"","",""
pls_ec83_rsv,Integer,0,,Recommended,"PLS: Expressive Communication 72-83 Months - Retells a story with visual support","",,"","",""
pls_ec83_ucs,Integer,0,,Recommended,"PLS: Expressive Communication 72-83 Months - Uses comparative and superlative forms","",,"","",""
pls_ec83_uip,Integer,0,,Recommended,"PLS: Expressive Communication 72-83 Months - Uses irregular plurals","",,"","",""
pls_ms_dnt,Integer,0,,Recommended,"PLS: Supplemental Measure Morphology-Syntax - Did not talk spontaneously","",,"","",""
pls_ms_past,Integer,0,,Recommended,"PLS: Supplemental Measure Morphology-Syntax - Past tense (-ed)","",,"","",""
pls_ms_pres,Integer,0,,Recommended,"PLS: Supplemental Measure Morphology-Syntax - Present tense","",,"","",""
pls_ms_s3w,Integer,0,,Recommended,"PLS: Supplemental Measure Morphology-Syntax - Spoke in two- to three-word utterances","",,"","",""
pls_ms_s5w,Integer,0,,Recommended,"PLS: Supplemental Measure Morphology-Syntax - Spoke in four- to five-word sentences","",,"","",""
pls_ms_sp1w,Integer,0,,Recommended,"PLS: Supplemental Measure Morphology-Syntax - Spoke in one word utterances","",,"","",""
pls_ms_swu,Integer,0,,Recommended,"PLS: Supplemental Measure Morphology-Syntax - Spoke in successive single word utterances","",,"","",""
pls_ms_ucs,Integer,0,,Recommended,"PLS: Supplemental Measure Morphology-Syntax - Used complex sentences","",,"","",""
pls_ms_uexs,Integer,0,,Recommended,"PLS: Supplemental Measure Morphology-Syntax - Used expanded sentences","",,"","",""
pls_sc_acae,Integer,0,,Recommended,"Age Equivalent in Months","",,"","",""
pls_sc_aclta,Integer,0,,Recommended,"Last Task Administered","",,"","",""
pls_sc_acpr,Integer,0,,Recommended,"Percentile Rank","",,"","",""
pls_sc_acraw,Integer,0,,Recommended,"Raw Scores","",,"","",""
pls_sc_acss,Integer,0,,Recommended,"Standard Scores","",,"","",""
pls_sc_aczro,Integer,0,,Recommended,"Number of 0 scores","",,"","",""
pls_sc_ecae,Integer,0,,Recommended,"Age Equivalent in Months","",,"","",""
pls_sc_eclta,Integer,0,,Recommended,"Last Task Administered","",,"","",""
pls_sc_ecpr,Integer,0,,Recommended,"Percentile Rank","",,"","",""
pls_sc_ecraw,Integer,0,,Recommended,"Raw Scores","",,"","",""
pls_sc_ecss,Integer,0,,Recommended,"Standard Scores","",,"","",""
pls_sc_eczro,Integer,0,,Recommended,"Number of 0 scores","",,"","",""
pls_sc_tlae,Integer,0,,Recommended,"Age Equivalent in Months","",,"","",""
pls_sc_tlpr,Integer,0,,Recommended,"Percentile Rank","",,"","",""
pls_sc_tlrs,Integer,0,,Recommended,"AC Raw Score + EC Raw Score","",,"","",""
pls_sc_tlss,Integer,0,,Recommended,"Standard Score","",,"","",""
pls_sc_tlsst,Integer,0,,Recommended,"Standard Score Total","",,"","",""
pls_sl_aqn,Integer,0,,Recommended,"PLS: Supplemental Measure Social Language - Asked a question","",,"","",""
pls_sl_atten,Integer,0,,Recommended,"PLS: Supplemental Measure Social Language - Tried to get your attention","",,"","",""
pls_sl_da,Integer,0,,Recommended,"PLS: Supplemental Measure Social Language - Directed your attention to something","",,"","",""
pls_sl_indir,Integer,0,,Recommended,"PLS: Supplemental Measure Social Language - Used indirect requests or hints","",,"","",""
pls_sl_mcn,Integer,0,,Recommended,"PLS: Supplemental Measure Social Language - Maintained a conversation","",,"","",""
pls_sl_pro,Integer,0,,Recommended,"PLS: Supplemental Measure Social Language - Protested or complained","",,"","",""
pls_sl_prw,Integer,0,,Recommended,"PLS: Supplemental Measure Social Language - "Practiced" or repeated words","",,"","",""
pls_sl_rexp,Integer,0,,Recommended,"PLS: Supplemental Measure Social Language - Talked about recent experiences","",,"","",""
pls_sl_role,Integer,0,,Recommended,"PLS: Supplemental Measure Social Language - Role-played stereotypic themes","",,"","",""
pls_sl_rp,Integer,0,,Recommended,"PLS: Supplemental Measure Social Language - Repeated or reworded messages you didnt understand","",,"","",""
pls_sl_sttop,Integer,0,,Recommended,"PLS: Supplemental Measure Social Language - Stayed on topic","",,"","",""
pls_sl_talk,Integer,0,,Recommended,"PLS: Supplemental Measure Social Language - Talked about what he or she was doing","",,"","",""
pls_sl_teo,Integer,0,,Recommended,"PLS: Supplemental Measure Social Language - Told you about an event or object","",,"","",""
pls_sl_try,Integer,0,,Recommended,"PLS: Supplemental Measure Social Language - Tried to get you to do something","",,"","",""
pls_sl_usip,Integer,0,,Recommended,"PLS: Supplemental Measure Social Language - Used language to interact with another person","",,"","",""
pls_sl_usln,Integer,0,,Recommended,"PLS: Supplemental Measure Social Language - Used language to control others behavior","",,"","",""
pls_sm_aseq,Integer,0,,Recommended,"PLS: Supplemental Measure Semantics - Appropriately sequenced","",,"","",""
pls_sm_dis,Integer,0,,Recommended,"PLS: Supplemental Measure Semantics - Disorganized","",,"","",""
pls_sm_nop,Integer,0,,Recommended,"PLS: Supplemental Measure Semantics - Named objects-pictures","",,"","",""
pls_sm_org,Integer,0,,Recommended,"PLS: Supplemental Measure Semantics - Organized","",,"","",""
pls_sm_otop,Integer,0,,Recommended,"PLS: Supplemental Measure Semantics - On topic","",,"","",""
pls_sm_outsq,Integer,0,,Recommended,"PLS: Supplemental Measure Semantics - Out of sequence","",,"","",""
pls_sm_uaw,Integer,0,,Recommended,"PLS: Supplemental Measure Semantics - Used action words","",,"","",""
pls_sm_uwdo,Integer,0,,Recommended,"PLS: Supplemental Measure Semantics - Used words to describe objects or people","",,"","",""
pls_sm_uwp,Integer,0,,Recommended,"PLS: Supplemental Measure Semantics - Used words denoting possession","",,"","",""
pls_sm_uwpl,Integer,0,,Recommended,"PLS: Supplemental Measure Semantics - Used words denoting place","",,"","",""
pls_sm_uwq,Integer,0,,Recommended,"PLS: Supplemental Measure Semantics - Used words denoting quality","",,"","",""
pls_sm_uwrc,Integer,0,,Recommended,"PLS: Supplemental Measure Semantics - Used words denoting recurrence","",,"","",""
pls_sm_uwrn,Integer,0,,Recommended,"PLS: Supplemental Measure Semantics - Used words to give reasons","",,"","",""
pls_sm_uwtm,Integer,0,,Recommended,"PLS: Supplemental Measure Semantics - Used words denoting time","",,"","",""
pls_spch_int,Integer,0,,Recommended,"PLS: Supplemental Measure Speech Intelligibility","",,"","",""
pls_version,String,35,,Recommended,"PLS Version","",,"","",""
