ElementName,DataType,Size,Unit,Required,ElementDescription,ValueRange,Keywords,Notes,Section,Aliases
subjectkey,GUID,0,,Recommended,"The NDAR Global Unique Identifier (GUID) for subjects which identifies a subject in NDAR","NDAR*",,"","",""
patid,String,20,,Required,"src_Subject_id","",,"Patient IDs were assigned at the research site for CPEA and STAART","",""
cycle,Integer,0,,Required,"Timepoint information","",,"","",""
phase,Integer,0,,Required,"Phase","1; 2; 3; 4",,"","",""
q19_date,Integer,0,,Required,"Date","",,"Required field","",""
q19_ratr,String,225,,Recommended,"Rater Name","",,"The name of the staff member who administered the form. If the form was filled out by the guardian or teacher, the CC¿s name should be entered as Rater.","",""
19_ratr,String,225,,Recommended,"Rater Name","",,"The name of the staff member who administered the form. If the form was filled out by the guardian or teacher, the CC¿s name should be entered as Rater.","",""q19_prim,Integer,0,,Recommended,"Primary Source: Mother","0; -1",,"Check if mother is primary source. 0=no; -1=yes.","",""
q19_prif,Integer,0,,Recommended,"Primary Source: Father","0; -1",,"Check if father is primary source. 0=no; -1=yes.","",""
q19_pric,Integer,0,,Recommended,"Primary Source: Child","0; -1",,"Check if child is primary source. 0=no; -1=yes.","",""
q19_prio,Integer,0,,Recommended,"Primary Source: Other","0; -1",,"Check if primary source not mother, father, child or teacher. 0=no; -1=yes.","",""
q19_pr_s,String,30,,Recommended,"Other Primary Source specified","",,"Complete if q19_prio is checked","",""
q19_parm,Integer,0,,Recommended,"Participants present: Mother","0; -1",,"Check if mother is present during assessment. If Teacher is primary source this item should be left blank. 0=no; -1=yes.","",""
q19_parf,Integer,0,,Recommended,"Participants present: Father","0; -1",,"Check if father is present during assessment. If Teacher is primary source this item should be left blank. 0=no; -1=yes.","",""
q19_parc,Integer,0,,Recommended,"Participants present: Child","0; -1",,"Check if chid is present during assessment. If Teacher is primary source this item should be left blank. 0=no; -1=yes.","",""
q19_paro,Integer,0,,Recommended,"Participants present: Other","0; -1",,"If Teacher is primary source, this item should be left blank. If administered by phone, q19_paro should be checked and PHONE should be written in q19_pa_s. 0=no; -1=yes.","",""
q19_pa_s,String,65,,Recommended,"Other Participants present specified","",,"Complete if q19_paro is checked","",""
q19_a1a,Integer,0,,Recommended,"Height: Feet","2 to 6; -7; -8; -9",,"Field should not be left blank. If missing, please use -7,8, -9.","",""
q19_a1b,Integer,0,,Recommended,"Height: Inches","0 to 11; -7; -8; -9",,"Round to the nearest ¼ in. Field should not be left blank. If missing, please use -7,-8, -9.","",""
19_a1b,Integer,0,,Recommended,"Height: Inches","0 to 11; -7; -8; -9",,"Round to the nearest ¼ in. Field should not be left blank. If missing, please use -7,-8, -9.","",""q19_a1c,Integer,0,,Recommended,"Height: Fraction of Inch","0 to 3; -7; -8; -9",,"Field should not be left blank. If missing, please use -7,8, -9.","",""
q19_a1d,Integer,0,,Recommended,"Height: Centimeters","61 to 198; -7; -8; -9",,"Field should not be left blank. If missing, please use -7,8, -9.","",""
q19_a1e,Integer,0,,Recommended,"Height: Fraction of Centimeter","0; 1; -7; -8; -9",,"Round to the nearest ½ cm. Field should not be left blank. If missing, please use -7,-8, -9.","",""
19_a1e,Integer,0,,Recommended,"Height: Fraction of Centimeter","0; 1; -7; -8; -9",,"Round to the nearest ½ cm. Field should not be left blank. If missing, please use -7,-8, -9.","",""q19_a2a,Integer,0,,Recommended,"Head circumference: Inches","19 to 24; -7; -8; -9",,"If q19_a2a is completed, do not complete q19_a2c. Using a non-stretchable tape measure, measure widest part of head twice. Round to the nearest 1/8 in. If measurements are within 1/8 in, record the average of the two measurements, rounding to the nearest 1/8 in. If measurements do not meet the threshold, measure a third time and take the average of the two closest measurements, rounding to the nearest 1/8 in.","",""
q19_a2b,Integer,0,,Recommended,"Head circumference: Fraction of Inch","0 to 7; -7; -8; -9",,"Round to the nearest 1/8 cm. Field should not be left blank. If missing, please use -7,-8, -9.","",""
q19_a2c,Integer,0,,Recommended,"Head circumference: Centimeters","48 to 63; -7; -8; -9",,"if q19_a2c completed, q19_a2a and q19_a2b should be left blank. Using a non-stretchable tape measure, measure widest part of head twice. Round to the nearest 1/10 cm. If measurements are within 2/10 cm, record the average of the two measurements, rounding to the nearest 1/10 cm. If measurements do not meet the threshold, measure a third time and take the average of the two closest measurements, rounding to the nearest or 1/10 cm. Field should not be left blank. If missing, please use -7,-8, -9.","",""
q19_a2d,Integer,0,,Recommended,"Head circumference: Fraction of Centimeter","0 to 9; -7; -8; -9",,"Round to the nearest 1/10 cm. Field should not be left blank. If missing, please use -7,-8, -9.","",""
q19_a3,Integer,0,,Recommended,"Tanner Stage","1 to 5; -7; -8; -9",,"Field should not be left blank. If missing, please use -7,8, -9.","",""
q19_a4,Integer,0,,Recommended,"General appearance","0; 1; -7; -8; -9",,"Field should not be left blank. If missing, please use -7,8, -9.","",""
q19_a4_s,String,100,,Recommended,"General appearance: Abnormal Specify","",,"Complete if q19_a4 = 1","",""
q19_a5,Integer,0,,Recommended,"HEENT (includes thryroid)","0; 1; -7; -8; -9",,"Field should not be left blank. If missing, please use -7,8, -9.","",""
q19_a5_s,String,100,,Recommended,"HEENT (includes thryroid): Abnormal Specify","",,"Complete if q19_a5 = 1","",""
q19_a6,Integer,0,,Recommended,"Cardiovascular","0; 1; -7; -8; -9",,"Field should not be left blank. If missing, please use -7,8, -9.","",""
q19_a6_s,String,100,,Recommended,"Cardiovascular: Abnormal Specify","",,"Complete if q19_a6 = 1","",""
q19_a7,Integer,0,,Recommended,"Lungs","0; 1; -7; -8; -9",,"Field should not be left blank. If missing, please use -7,8, -9.","",""
q19_a7_s,String,100,,Recommended,"Lungs: Abnormal Specify","",,"Complete if q19_a7 = 1","",""
q19_a8,Integer,0,,Recommended,"Abdomen (includes liver, spleen)","0; 1; -7; -8; -9",,"Field should not be left blank. If missing, please use -7,8, -9.","",""
q19_a8_s,String,100,,Recommended,"Abdomen (includes liver, spleen): Abnormal Specify","",,"Complete if q19_a8 = 1","",""
q19_a9,Integer,0,,Recommended,"Skin","0; 1; -7; -8; -9",,"Field should not be left blank. If missing, please use -7,8, -9.","",""
q19_a9_s,String,150,,Recommended,"Skin: Abnormal Specify","",,"Complete if q19_a9 = 1","",""
q19_a10,Integer,0,,Recommended,"Other","0; 1; -7; -8; -9",,"Field should not be left blank. If missing, please use -7,8, -9.","",""
q19_a10_s1,String,100,,Recommended,"Other: Specify","",,"Complete if q19_a10 = 1","",""
q19_a10_s2,String,100,,Recommended,"Other: Abnormal Specify","",,"Complete if q19_a10 = 1","",""
q19_a11,Integer,0,,Recommended,"Tuberous sclerosis screen","0; 1; -7; -8; -9",,"Field should not be left blank. If missing, please use -7,8, -9.","",""
q19_a11a,Integer,0,,Recommended,"Number of ash leaf spots","0 to 99; -7; -8; -9",,"Complete only if q19_11 = 1","",""
q19_a11_b1,Integer,0,,Recommended,"Physical exam","0, -1",,"Complete only if q19_11 = 1. 0=no, -1=yes.","",""
q19_a11_b2,Integer,0,,Recommended,"Woods lamp","0, -1",,"Complete only if q19_11 = 1. 0=no, -1=yes.","",""
q19_a11_b3,Integer,0,,Recommended,"Genetic testing","0, -1",,"Complete only if q19_11 = 1. 0=no, -1=yes.","",""
q19_b1,Integer,0,,Recommended,"Cranial nerves (includes eye, face, tongue, palate, movement)","0; 1; -7; -8; -9",,"Field should not be left blank. If missing, please use -7,8, -9.","",""
q19_b1_s,String,100,,Recommended,"Cranial nerves (includes eye, face, tongue, palate, movement): Abnormal Specify","",,"Complete if q19_b1 = 1","",""
q19_b2,Integer,0,,Recommended,"Strength and tone (includes reflexes)","0; 1; -7; -8; -9",,"Field should not be left blank. If missing, please use -7,8, -9.","",""
q19_b2_s,String,100,,Recommended,"Strength and tone (includes reflexes): Abnormal Specify","",,"Complete if q19_b2 = 1","",""
q19_b3,Integer,0,,Recommended,"Balance and coordination","0; 1; -7; -8; -9",,"Field should not be left blank. If missing, please use -7,8, -9.","",""
q19_b3_s,String,100,,Recommended,"Balance and coordination: Abnormal Specify","",,"Complete if q19_b3 = 1","",""
q19_b4,Integer,0,,Recommended,"Tremor","0; 1; -7; -8; -9",,"Field should not be left blank. If missing, please use -7,8, -9.","",""
q19_b4_s,String,100,,Recommended,"Tremor: Abnormal Specify","",,"Complete if q19_b4 = 1","",""
q19_b5,Integer,0,,Recommended,"Gait","0; 1; -7; -8; -9",,"Field should not be left blank. If missing, please use -7,8, -9.","",""
q19_b5_s,String,100,,Recommended,"Gait: Abnormal Specify","",,"Complete if q19_b5 = 1","",""
q19_b6,Integer,0,,Recommended,"Abnormal movement (includes tics, dyskinesias)","0; 1; -7; -8; -9",,"Field should not be left blank. If missing, please use -7,8, -9.","",""
q19_b6_s,String,100,,Recommended,"Abnormal movement (includes tics, dyskinesias): Abnormal Specify","",,"Complete if q19_b6 = 1","",""
q19_b7,Integer,0,,Recommended,"Other","0; 1; -7; -8; -9",,"Field should not be left blank. If missing, please use -7,8, -9.","",""
q19_b7_s1,String,100,,Recommended,"Other Specify","",,"Complete if q19_b7 = 1","",""
q19_b7_s2,String,100,,Recommended,"Abnormal Other: Specify","",,"Complete if q19_b7 = 1","",""
interview_date,Date,0,,Required,"Date on which the interview/genetic test/sampling/imaging was completed","MM/yyyy;MM/dd/yyyy",,"* '01/01/1900' indicates that a date associated with retrospective data is not known.","",""
