ElementName,DataType,Size,Unit,Required,ElementDescription,ValueRange,Keywords,Notes,Section,Aliases
subjectkey,GUID,0,,Optional,"The NDAR Global Unique Identifier (GUID) for subjects which identifies a subject in NDAR","NDAR*",,"","",""
interview_date,Date,0,,Optional,"Date on which the interview/genetic test/sampling/imaging was completed","MM/yyyy;MM/dd/yyyy",,"* '01/01/1900' indicates that a date associated with retrospective data is not known.","","rynl_date_std"
cycle,Integer,0,,Recommended,"Timepoint information","",,"","",""
patid,String,20,,Recommended,"src_Subject_id","",,"Patient IDs were assigned at the research site for CPEA and STAART","",""
network,String,20,,Recommended,"Network","",,"CPEA or STAART Network","",""
site,String,20,,Recommended,"Site","",,"CPEA or STAART Site","",""
study,String,100,,Recommended,"Study","",,"CPEA or STAART Study","",""
rynl_age,Integer,0,,Recommended,"Age at Testing","",,"","",""
rynl_date,Integer,0,,Recommended,"Test Date","",,"","",""
rynl_el_ae,Integer,0,,Recommended,"Reynell: Expressive Language: Age Equivalent","",,"","",""
rynl_el_chron,Integer,0,,Recommended,"Chronological Level","",,"","",""
rynl_el_dvlp,Integer,0,,Recommended,"Developmental Level","",,"","",""
rynl_el_lagadv,Integer,0,,Recommended,"Lag (-) or Advance (+)","",,"","",""
rynl_el_pctl,Integer,0,,Recommended,"Percentile","",,"","",""
rynl_el_numcorr,Integer,0,,Recommended,"Total Correct Expressive Language","",,"","",""
rynl_elc_raw,Integer,0,,Recommended,"Total Correct Content","",,"","",""
rynl_el_stdscre,Integer,0,,Recommended,"Standard Score","",,"","",""
rynl_els_raw,Integer,0,,Recommended,"Total Correct Structure","",,"","",""
rynl_elv_raw,Integer,0,,Recommended,"Total Correct Vocabulary","",,"","",""
rynl_vc_ab,Integer,0,,Recommended,"Verbal Comprehension (Check one: A or B)  (1 or 2)","",,"","",""
rynl_vc_chron,Integer,0,,Recommended,"Chronological Level","",,"","",""
rynl_vc_ae,Integer,0,,Recommended,"Reynell: Verbal Comprehension: Age Equivalent","",,"","",""
rynl_vc_dvlp,Integer,0,,Recommended,"Developmental Level","",,"","",""
rynl_vc_lagadv,Integer,0,,Recommended,"Lag (-) or Advance (+)","",,"","",""
rynl_vc_numcorr,Integer,0,,Recommended,"Total Correct","",,"","",""
rynl_vc_pctl,Integer,0,,Recommended,"Percentile","",,"","",""
rynl_vc_stdscre,Integer,0,,Recommended,"Standard Score","",,"","",""
rynl_version,String,35,,Recommended,"Reynell Version","",,"","",""
