ElementName,DataType,Size,Unit,Required,ElementDescription,ValueRange,Keywords,Notes,Section,Aliases
subjectkey,GUID,0,,Required,"","NDAR*",,"","",""
interview_date,Date,0,,Recommended,"","MM/yyyy;MM/dd/yyyy",,"* '01/01/1900' indicates that a date associated with retrospective data is not known.","","sb_date_std"
cycle,Integer,0,,Recommended,"","",,"","",""
patid,String,20,,Recommended,"","",,"Patient IDs were assigned at the research site for CPEA and STAART","",""
network,String,20,,Recommended,"","",,"CPEA or STAART Network","",""
site,String,20,,Recommended,"","",,"CPEA or STAART Site","",""
study,String,100,,Recommended,"","",,"CPEA or STAART Study","",""
sb_age,Integer,0,,Recommended,"","",,"","",""
sb_ar_sas,Integer,0,,Recommended,"","",,"","",""
sb_arc_ae,Integer,0,,Recommended,"","",,"","",""
sb_arc_raw,Integer,0,,Recommended,"","",,"","",""
sb_arc_sas,Integer,0,,Recommended,"","",,"","",""
sb_arf_ae,Integer,0,,Recommended,"","",,"","",""
sb_arf_raw,Integer,0,,Recommended,"","",,"","",""
sb_arf_sas,Integer,0,,Recommended,"","",,"","",""
sb_arm_ae,Integer,0,,Recommended,"","",,"","",""
sb_arm_raw,Integer,0,,Recommended,"","",,"","",""
sb_arm_sas,Integer,0,,Recommended,"","",,"","",""
sb_arp_ae,Integer,0,,Recommended,"","",,"","",""
sb_arp_raw,Integer,0,,Recommended,"","",,"","",""
sb_arp_sas,Integer,0,,Recommended,"","",,"","",""
sb_date,Integer,0,,Recommended,"","",,"","",""
sb_version,String,35,,Recommended,"","",,"","",""
sb_fsiq_stdscore,Integer,0,,Recommended,"","",,"","",""
sb_qn_sas,Integer,0,,Recommended,"","",,"","",""
sb_qne_ae,Integer,0,,Recommended,"","",,"","",""
sb_qne_raw,Integer,0,,Recommended,"","",,"","",""
sb_qne_sas,Integer,0,,Recommended,"","",,"","",""
sb_qnn_ae,Integer,0,,Recommended,"","",,"","",""
sb_qnn_raw,Integer,0,,Recommended,"","",,"","",""
sb_qnn_sas,Integer,0,,Recommended,"","",,"","",""
sb_qnq_ae,Integer,0,,Recommended,"","",,"","",""
sb_qnq_raw,Integer,0,,Recommended,"","",,"","",""
sb_qnq_sas,Integer,0,,Recommended,"","",,"","",""
sb_sm_sas,Integer,0,,Recommended,"","",,"","",""
sb_smb_ae,Integer,0,,Recommended,"","",,"","",""
sb_smb_raw,Integer,0,,Recommended,"","",,"","",""
sb_smb_sas,Integer,0,,Recommended,"","",,"","",""
sb_smd_ae,Integer,0,,Recommended,"","",,"","",""
sb_smd_raw,Integer,0,,Recommended,"","",,"","",""
sb_smd_sas,Integer,0,,Recommended,"","",,"","",""
sb_smo_ae,Integer,0,,Recommended,"","",,"","",""
sb_smo_raw,Integer,0,,Recommended,"","",,"","",""
sb_smo_sas,Integer,0,,Recommended,"","",,"","",""
sb_sms_ae,Integer,0,,Recommended,"","",,"","",""
sb_sms_raw,Integer,0,,Recommended,"","",,"","",""
sb_sms_sas,Integer,0,,Recommended,"","",,"","",""
sb_tc_iq,Integer,0,,Recommended,"","",,"","",""
sb_vr_sas,Integer,0,,Recommended,"","",,"","",""
sb_vra_ae,Integer,0,,Recommended,"","",,"","",""
sb_vra_raw,Integer,0,,Recommended,"","",,"","",""
sb_vra_sas,Integer,0,,Recommended,"","",,"","",""
sb_vrc_ae,Integer,0,,Recommended,"","",,"","",""
sb_vrc_raw,Integer,0,,Recommended,"","",,"","",""
sb_vrc_sas,Integer,0,,Recommended,"","",,"","",""
sb_vrr_ae,Integer,0,,Recommended,"","",,"","",""
sb_vrr_raw,Integer,0,,Recommended,"","",,"","",""
sb_vrr_sas,Integer,0,,Recommended,"","",,"","",""
sb_vrv_ae,Integer,0,,Recommended,"","",,"","",""
sb_vrv_raw,Integer,0,,Recommended,"","",,"","",""
sb_vrv_sas,Integer,0,,Recommended,"","",,"","",""
