ElementName,DataType,Size,Unit,Required,ElementDescription,ValueRange,Keywords,Notes,Section,Aliases
subjectkey,GUID,0,,Required,"The NDAR Global Unique Identifier (GUID) for subjects which identifies a subject in NDAR","NDAR*",,"","",""
interview_date,Date,0,,Required,"Date on which the interview/genetic test/sampling/imaging was completed","MM/yyyy;MM/dd/yyyy",,"* '01/01/1900' indicates that a date associated with retrospective data is not known.","","srs_2005_interview_date_std"
cycle,Integer,0,,Recommended,"Timepoint information","",,"","",""
patid,String,20,,Recommended,"src_Subject_id","",,"Patient IDs were assigned at the research site for CPEA and STAART","",""
network,String,20,,Recommended,"Network","",,"CPEA or STAART Network","",""
site,String,20,,Recommended,"Site","",,"CPEA or STAART Site","",""
study,String,100,,Recommended,"Study","",,"CPEA or STAART Study","",""
srs,Integer,0,,Recommended,"SRS","",,"","",""
srs_2005_female_raw1,Integer,0,,Recommended,"Social Awareness Raw Score: Female","",,"","",""
srs_2005_female_raw2,Integer,0,,Recommended,"Social Cognition Raw Score: Female","",,"","",""
srs_2005_female_raw3,Integer,0,,Recommended,"Social Communication Raw Score: Female","",,"","",""
srs_2005_female_raw4,Integer,0,,Recommended,"Social Motivation Raw Score: Female","",,"","",""
srs_2005_female_raw5,Integer,0,,Recommended,"Autistic Mannerisms Raw Score: Female","",,"","",""
srs_2005_interview_date,Integer,0,,Recommended,"SRS Interview Date","",,"","",""
srs_2005_male_raw1,Integer,0,,Recommended,"Social Awareness Raw Score: Male","",,"","",""
srs_2005_male_raw2,Integer,0,,Recommended,"Social Cognition Raw Score: Male","",,"","",""
srs_2005_male_raw3,Integer,0,,Recommended,"Social Communication Raw Score: Male","",,"","",""
srs_2005_male_raw4,Integer,0,,Recommended,"Social Motivation Raw Score: Male","",,"","",""
srs_2005_male_raw5,Integer,0,,Recommended,"Autistic Mannerisms Raw Score: Male","",,"","",""
srs_2005_parentreport_1,Integer,0,,Recommended,"Seems much more fidgety in social situations than when along","1; 2; 3; 4; -7; -8; -9",,"","",""
srs_2005_parentreport_10,Integer,0,,Recommended,"Takes things too literally and doesnt get the real meaning of a conversation","1; 2; 3; 4; -7; -8; -9",,"","",""
srs_2005_parentreport_11,Integer,0,,Recommended,"Has good self confidence","1; 2; 3; 4; -7; -8; -9",,"","",""
srs_2005_parentreport_12,Integer,0,,Recommended,"Is able to communicate his or her feelings to others","1; 2; 3; 4; -7; -8; -9",,"","",""
srs_2005_parentreport_13,Integer,0,,Recommended,"Is awkward in turn-taking interactions with peers (for example, doesnt seem to understand the give and take of conversations)","1; 2; 3; 4; -7; -8; -9",,"","",""
srs_2005_parentreport_14,Integer,0,,Recommended,"Is not well coordinated in physical activities","1; 2; 3; 4; -7; -8; -9",,"","",""
srs_2005_parentreport_15,Integer,0,,Recommended,"Is able to understand the meaning of other peoples tone of voice and facial expressions","1; 2; 3; 4; -7; -8; -9",,"","",""
srs_2005_parentreport_16,Integer,0,,Recommended,"Avoids eye contact, or has unusual eye contact","1; 2; 3; 4; -7; -8; -9",,"","",""
srs_2005_parentreport_17,Integer,0,,Recommended,"Recognizes when something is unfair","1; 2; 3; 4; -7; -8; -9",,"","",""
srs_2005_parentreport_18,Integer,0,,Recommended,"Has difficulty making friends, even when trying his/her best","1; 2; 3; 4; -7; -8; -9",,"","",""
srs_2005_parentreport_19,Integer,0,,Recommended,"Gets frustrated trying to get ideas across in conversations","1; 2; 3; 4; -7; -8; -9",,"","",""
srs_2005_parentreport_2,Integer,0,,Recommended,"Expressions on his/her face dont match what he/she is saying","1; 2; 3; 4; -7; -8; -9",,"","",""
srs_2005_parentreport_20,Integer,0,,Recommended,"Shows unusual sensory interests (such as mouthing or spinning objects) or strange ways of playing with toys","1; 2; 3; 4; -7; -8; -9",,"","",""
srs_2005_parentreport_21,Integer,0,,Recommended,"Is able to imitate others actions","1; 2; 3; 4; -7; -8; -9",,"","",""
srs_2005_parentreport_22,Integer,0,,Recommended,"Plays appropriately with children his/her age","1; 2; 3; 4; -7; -8; -9",,"","",""
srs_2005_parentreport_23,Integer,0,,Recommended,"Does not join group activities unless told to do so","1; 2; 3; 4; -7; -8; -9",,"","",""
srs_2005_parentreport_24,Integer,0,,Recommended,"Has more difficulty than other children with changes in his/her routine","1; 2; 3; 4; -7; -8; -9",,"","",""
srs_2005_parentreport_25,Integer,0,,Recommended,"Doesnt seem to mind being out of step or not on the same wavelength with others","1; 2; 3; 4; -7; -8; -9",,"","",""
srs_2005_parentreport_26,Integer,0,,Recommended,"Offers comfort to others when they are sad","1; 2; 3; 4; -7; -8; -9",,"","",""
srs_2005_parentreport_27,Integer,0,,Recommended,"Avoids starting social interactions with peers or adults","1; 2; 3; 4; -7; -8; -9",,"","",""
srs_2005_parentreport_28,Integer,0,,Recommended,"Thinks or talks about the same thing over and over","1; 2; 3; 4; -7; -8; -9",,"","",""
srs_2005_parentreport_29,Integer,0,,Recommended,"Is regarded by other children as odd or weird","1; 2; 3; 4; -7; -8; -9",,"","",""
srs_2005_parentreport_3,Integer,0,,Recommended,"Seems self-confident when interacting with others","1; 2; 3; 4; -7; -8; -9",,"","",""
srs_2005_parentreport_30,Integer,0,,Recommended,"Becomes upset in a situation with lots of things going on","1; 2; 3; 4; -7; -8; -9",,"","",""
srs_2005_parentreport_31,Integer,0,,Recommended,"Cant get his/her mind off something once he/she starts thinking about it","1; 2; 3; 4; -7; -8; -9",,"","",""
srs_2005_parentreport_32,Integer,0,,Recommended,"Has good personal hygiene","1; 2; 3; 4; -7; -8; -9",,"","",""
srs_2005_parentreport_33,Integer,0,,Recommended,"Is socially awkward, even when he/she is trying to be polite","1; 2; 3; 4; -7; -8; -9",,"","",""
srs_2005_parentreport_34,Integer,0,,Recommended,"Avoids people who want to be emotionally close to him/her","1; 2; 3; 4; -7; -8; -9",,"","",""
srs_2005_parentreport_35,Integer,0,,Recommended,"Has trouble keeping up with the flow of a normal conversation","1; 2; 3; 4; -7; -8; -9",,"","",""
srs_2005_parentreport_36,Integer,0,,Recommended,"Has difficulty relating to adults","1; 2; 3; 4; -7; -8; -9",,"","",""
srs_2005_parentreport_37,Integer,0,,Recommended,"Has difficulty relating to peers","1; 2; 3; 4; -7; -8; -9",,"","",""
srs_2005_parentreport_38,Integer,0,,Recommended,"Responds appropriately to mood changes in others (for example, when a friends or playmates mood changes from happy to sad)","1; 2; 3; 4; -7; -8; -9",,"","",""
srs_2005_parentreport_39,Integer,0,,Recommended,"Has a restricted (or unusually narrow) range of interests","1; 2; 3; 4; -7; -8; -9",,"","",""
srs_2005_parentreport_4,Integer,0,,Recommended,"When under stress, child seems to go on auto-pilot (for example, shows rigid or inflexible patterns of behavior which seem odd)","1; 2; 3; 4; -7; -8; -9",,"","",""
srs_2005_parentreport_40,Integer,0,,Recommended,"Is imaginative, good at pretending (without losing touch with reality)","1; 2; 3; 4; -7; -8; -9",,"","",""
srs_2005_parentreport_41,Integer,0,,Recommended,"Wanders aimlessly from one activity to another","1; 2; 3; 4; -7; -8; -9",,"","",""
srs_2005_parentreport_42,Integer,0,,Recommended,"Seems overly sensitive to sounds, textures, or smells","1; 2; 3; 4; -7; -8; -9",,"","",""
srs_2005_parentreport_43,Integer,0,,Recommended,"Separates easily from caregivers","1; 2; 3; 4; -7; -8; -9",,"","",""
srs_2005_parentreport_44,Integer,0,,Recommended,"Doesnt understand how events are related to one another the way other children his/her age do (e.g., has problems with understanding cause and effect)","1; 2; 3; 4; -7; -8; -9",,"","",""
srs_2005_parentreport_45,Integer,0,,Recommended,"Focuses his/her attention to where others are looking or listening","1; 2; 3; 4; -7; -8; -9",,"","",""
srs_2005_parentreport_46,Integer,0,,Recommended,"Has overly serious facial expressions","1; 2; 3; 4; -7; -8; -9",,"","",""
srs_2005_parentreport_47,Integer,0,,Recommended,"Is too silly or laughs inappropriately","1; 2; 3; 4; -7; -8; -9",,"","",""
srs_2005_parentreport_48,Integer,0,,Recommended,"Has a sense of humor, understands jokes","1; 2; 3; 4; -7; -8; -9",,"","",""
srs_2005_parentreport_49,Integer,0,,Recommended,"Does extremely well at a few tasks, but does not do as well at most other tasks","1; 2; 3; 4; -7; -8; -9",,"","",""
srs_2005_parentreport_5,Integer,0,,Recommended,"Doesnt recognize when others are trying to take advantage of him/her","1; 2; 3; 4; -7; -8; -9",,"","",""
srs_2005_parentreport_50,Integer,0,,Recommended,"Has repetitive, odd behaviors such as hand flapping or rocking","1; 2; 3; 4; -7; -8; -9",,"","",""
srs_2005_parentreport_51,Integer,0,,Recommended,"Has difficulty answering questions directly and ends up talking around the subject","1; 2; 3; 4; -7; -8; -9",,"","",""
srs_2005_parentreport_52,Integer,0,,Recommended,"Knows when he/she is talking too loud or making too much noise","1; 2; 3; 4; -7; -8; -9",,"","",""
srs_2005_parentreport_53,Integer,0,,Recommended,"Talks to people with an unusual tone of voice (for example, talks like a robot or like he/she is giving a lecture)","1; 2; 3; 4; -7; -8; -9",,"","",""
srs_2005_parentreport_54,Integer,0,,Recommended,"Seems to react to people as if they are objects","1; 2; 3; 4; -7; -8; -9",,"","",""
srs_2005_parentreport_55,Integer,0,,Recommended,"Knows when he/she is too close to someone or is invading someones space","1; 2; 3; 4; -7; -8; -9",,"","",""
srs_2005_parentreport_56,Integer,0,,Recommended,"Walks in between two people who are talking","1; 2; 3; 4; -7; -8; -9",,"","",""
srs_2005_parentreport_57,Integer,0,,Recommended,"Gets teased a lot","1; 2; 3; 4; -7; -8; -9",,"","",""
srs_2005_parentreport_58,Integer,0,,Recommended,"Concentrates too much on parts of things rather than seeing the whole picture (for example, if asked to describe what happened in a story, child may talk only about the kind of clothes the character","1; 2; 3; 4; -7; -8; -9",,"","",""
srs_2005_parentreport_59,Integer,0,,Recommended,"Is overly suspicious","1; 2; 3; 4; -7; -8; -9",,"","",""
srs_2005_parentreport_6,Integer,0,,Recommended,"Would rather be alone than with others","1; 2; 3; 4; -7; -8; -9",,"","",""
srs_2005_parentreport_60,Integer,0,,Recommended,"Is emotionally distant, doesnt show his/her emotion","1; 2; 3; 4; -7; -8; -9",,"","",""
srs_2005_parentreport_61,Integer,0,,Recommended,"Is inflexible, has a hard time changing his/her mind","1; 2; 3; 4; -7; -8; -9",,"","",""
srs_2005_parentreport_62,Integer,0,,Recommended,"Gives unusual or illogical reasons for doing things","1; 2; 3; 4; -7; -8; -9",,"","",""
srs_2005_parentreport_63,Integer,0,,Recommended,"Touches others in an unusual way (for example, child may touch someone just to make contact and then walk away without saying anything)","1; 2; 3; 4; -7; -8; -9",,"","",""
srs_2005_parentreport_64,Integer,0,,Recommended,"Is too tense in social settings","1; 2; 3; 4; -7; -8; -9",,"","",""
srs_2005_parentreport_65,Integer,0,,Recommended,"Stares or gazes off into space","1; 2; 3; 4; -7; -8; -9",,"","",""
srs_2005_parentreport_7,Integer,0,,Recommended,"Is aware of what others are thinking or feeling","1; 2; 3; 4; -7; -8; -9",,"","",""
srs_2005_parentreport_8,Integer,0,,Recommended,"Behaves in ways which seem strange or bizarre","1; 2; 3; 4; -7; -8; -9",,"","",""
srs_2005_parentreport_9,Integer,0,,Recommended,"Clings to adults, seems too dependent on them","1; 2; 3; 4; -7; -8; -9",,"","",""
srs_version,String,35,,Recommended,"SRS Version","",,"","",""
