ElementName,DataType,Size,Unit,Required,ElementDescription,ValueRange,Keywords,Notes,Section,Aliases
subjectkey,GUID,0,,Required,"The NDAR Global Unique Identifier (GUID) for subjects which identifies a subject in NDAR","NDAR*",,"","",""
sens_age,Integer,0,,Recommended,"Sensory Profile Age","",,"","",""
cycle,Integer,0,,Recommended,"Timepoint information","",,"","",""
patid,String,20,,Recommended,"src_Subject_id","",,"Patient IDs were assigned at the research site for CPEA and STAART","",""
network,String,20,,Recommended,"Network","",,"CPEA or STAART Network","",""
site,String,20,,Recommended,"Site","",,"CPEA or STAART Site","",""
study,String,100,,Recommended,"Study","",,"CPEA or STAART Study","",""
sens_ap_ears,Integer,0,,Recommended,"Holds hands over ears to protect ears from sound","1; 2; 3; 4; 5",,"","",""
sens_ap_func,Integer,0,,Recommended,"Is distracted or has trouble functioning if there is a lot of noise around","1; 2; 3; 4; 5",,"","",""
sens_ap_negrs,Integer,0,,Recommended,"Responds negatively to unexpected or loud noises (for example, cries or hides at noise from vacuum cleaner, dog barking, hair dryer)","1; 2; 3; 4; 5",,"","",""
sens_ap_nohear,Integer,0,,Recommended,"Appears to not hear what you say (for example, does not 'tune-in' to what you say, appears to ignore you)","1; 2; 3; 4; 5",,"","",""
sens_ap_noname,Integer,0,,Recommended,"Doesn't respond when name is called but you know the child's hearing is OK","1; 2; 3; 4; 5",,"","",""
sens_ap_radio,Integer,0,,Recommended,"Has trouble completing tasks when the radio is on","1; 2; 3; 4; 5",,"","",""
sens_ap_strng,Integer,0,,Recommended,"Enjoys strange noises/seeks to make noise for noise's sake","1; 2; 3; 4; 5",,"","",""
sens_ap_work,Integer,0,,Recommended,"Can't work with background noise (for example, fan, refrigerator)","1; 2; 3; 4; 5",,"","",""
sens_bo_btwlin,Integer,0,,Recommended,"Has trouble staying between the lines when coloring or when writing","1; 2; 3; 4; 5",,"","",""
sens_bo_chgpln,Integer,0,,Recommended,"Has difficulty tolerating changes in plans and expectations","1; 2; 3; 4; 5",,"","",""
sens_bo_chgrot,Integer,0,,Recommended,"Has difficulty tolerating changes in routines","1; 2; 3; 4; 5",,"","",""
sens_bo_ineffc,Integer,0,,Recommended,"Uses inefficient ways of doing things (for example, wastes time, moves slowly, does things a harder way than is needed)","1; 2; 3; 4; 5",,"","",""
sens_bo_tlkslf,Integer,0,,Recommended,"Talks self through tasks","1; 2; 3; 4; 5",,"","",""
sens_bo_writ,Integer,0,,Recommended,"Writing is illegible","1; 2; 3; 4; 5",,"","",""
sens_bp_accdt,Integer,0,,Recommended,"Seems accident-prone","1; 2; 3; 4; 5",,"","",""
sens_bp_bnstr,Integer,0,,Recommended,"Holds onto walls or banisters (for example, clings)","1; 2; 3; 4; 5",,"","",""
sens_bp_curbs,Integer,0,,Recommended,"Hesitates going up or down curbs or steps (for example, is cautious, stops before moving)","1; 2; 3; 4; 5",,"","",""
sens_bp_enjfll,Integer,0,,Recommended,"Appears to enjoy falling","1; 2; 3; 4; 5",,"","",""
sens_bp_fall,Integer,0,,Recommended,"Fears falling or heights","1; 2; 3; 4; 5",,"","",""
sens_bp_movrsk,Integer,0,,Recommended,"Takes movement or climbing risks during play that compromise personal safety","1; 2; 3; 4; 5",,"","",""
sens_bp_noclmb,Integer,0,,Recommended,"Avoids climbing/jumping or avoids bumpy/uneven ground","1; 2; 3; 4; 5",,"","",""
sens_bp_plyrsk,Integer,0,,Recommended,"Takes excessive risks during play (for example, climbs high into a tree, jumps off tall furniture)","1; 2; 3; 4; 5",,"","",""
sens_bp_skfll,Integer,0,,Recommended,"Seeks opportunities to fall without regard to personal safety","1; 2; 3; 4; 5",,"","",""
sens_bp_turns,Integer,0,,Recommended,"Turns whole body to look at you","1; 2; 3; 4; 5",,"","",""
sens_et_cntlft,Integer,0,,Recommended,"Can't lift heavy objects (for example, weak in comparison to same age children)","1; 2; 3; 4; 5",,"","",""
sens_et_lckjnt,Integer,0,,Recommended,"Locks joins (for example, elbows, knees) for stability","1; 2; 3; 4; 5",,"","",""
sens_et_lethar,Integer,0,,Recommended,"Appears lethargic (for example, has no energy, is sluggish)","1; 2; 3; 4; 5",,"","",""
sens_et_prendr,Integer,0,,Recommended,"Poor endurance/tires easily","1; 2; 3; 4; 5",,"","",""
sens_et_prop,Integer,0,,Recommended,"Props to support self (even during activity)","1; 2; 3; 4; 5",,"","",""
sens_et_stiff,Integer,0,,Recommended,"Moves stiffly","1; 2; 3; 4; 5",,"","",""
sens_et_tires,Integer,0,,Recommended,"Tires easily, especially when standing or holding particular body position","1; 2; 3; 4; 5",,"","",""
sens_et_weakgp,Integer,0,,Recommended,"Has a weak grasp","1; 2; 3; 4; 5",,"","",""
sens_et_weakms,Integer,0,,Recommended,"Seems to have weak muscles","1; 2; 3; 4; 5",,"","",""
sens_it_dlbsml,Integer,0,,Recommended,"Deliberately smells objects","1; 2; 3; 4; 5",,"","",""
sens_it_jumps,Integer,0,,Recommended,"Jumps from one activity to another so that it interferes with play","1; 2; 3; 4; 5",,"","",""
sens_it_nosml,Integer,0,,Recommended,"Does not seem to smell strong odors","1; 2; 3; 4; 5",,"","",""
sens_mm_avdqut,Integer,0,,Recommended,"Avoids quiet play activities","1; 2; 3; 4; 5",,"","",""
sens_mm_mstsed,Integer,0,,Recommended,"Spends most of the day in sedentary play (for example, does quiet things)","1; 2; 3; 4; 5",,"","",""
sens_mm_ongo,Integer,0,,Recommended,"On the go","1; 2; 3; 4; 5",,"","",""
sens_mm_ovrexc,Integer,0,,Recommended,"Becomes overly excitable during movement activity","1; 2; 3; 4; 5",,"","",""
sens_mm_prseda,Integer,0,,Recommended,"Prefers sedentary activities","1; 2; 3; 4; 5",,"","",""
sens_mm_prsedp,Integer,0,,Recommended,"Prefers quiet, sedentary play (for example, watching TV, books, computer)","1; 2; 3; 4; 5",,"","",""
sens_mm_sksed,Integer,0,,Recommended,"Seeks sedentary play options","1; 2; 3; 4; 5",,"","",""
sens_mp_attnt,Integer,0,,Recommended,"Has difficulty paying attention","1; 2; 3; 4; 5",,"","",""
sens_mp_clths,Integer,0,,Recommended,"Leaves clothing twisted on body","1; 2; 3; 4; 5",,"","",""
sens_mp_hangs,Integer,0,,Recommended,"Hangs on people, furniture, or objects even in familiar situations","1; 2; 3; 4; 5",,"","",""
sens_mp_lkaway,Integer,0,,Recommended,"Looks away from tasks to notice all actions in the room","1; 2; 3; 4; 5",,"","",""
sens_mp_lost,Integer,0,,Recommended,"Gets lost easily (even in familiar places)","1; 2; 3; 4; 5",,"","",""
sens_mp_obliv,Integer,0,,Recommended,"Seems oblivious within an active environment (for example, unaware of activity)","1; 2; 3; 4; 5",,"","",""
sens_mp_toes,Integer,0,,Recommended,"Walks on toes","1; 2; 3; 4; 5",,"","",""
sens_ms_bdylng,Integer,0,,Recommended,"Doesn't perceive body language or facial expressions (for example, unable to interpret)","1; 2; 3; 4; 5",,"","",""
sens_ms_hygn,Integer,0,,Recommended,"Rigid rituals in personal hygiene","1; 2; 3; 4; 5",,"","",""
sens_ms_ovafct,Integer,0,,Recommended,"Is overly affectionate with others","1; 2; 3; 4; 5",,"","",""
sens_ms_prtct,Integer,0,,Recommended,"Needs more protection from life than other children (for example, defenseless physically or emotionally)","1; 2; 3; 4; 5",,"","",""
sens_mv_avdeye,Integer,0,,Recommended,"Avoids eye contact","1; 2; 3; 4; 5",,"","",""
sens_mv_notice,Integer,0,,Recommended,"Doesn't notice when people come into the room","1; 2; 3; 4; 5",,"","",""
sens_mv_stare,Integer,0,,Recommended,"Stares intensively at objects or people","1; 2; 3; 4; 5",,"","",""
sens_mv_watch,Integer,0,,Recommended,"Watches everyone when they move around the room","1; 2; 3; 4; 5",,"","",""
sens_os_chwnfd,Integer,0,,Recommended,"Chews or licks on nonfood objects","1; 2; 3; 4; 5",,"","",""
sens_os_crave,Integer,0,,Recommended,"Craves certain foods","1; 2; 3; 4; 5",,"","",""
sens_os_gags,Integer,0,,Recommended,"Gags easily with food textures or food utensils in mouth","1; 2; 3; 4; 5",,"","",""
sens_os_lmtfd,Integer,0,,Recommended,"Limits self to particular food textures/temperatures","1; 2; 3; 4; 5",,"","",""
sens_os_mouths,Integer,0,,Recommended,"Mouths objects (for example, pencil, hands)","1; 2; 3; 4; 5",,"","",""
sens_os_onltst,Integer,0,,Recommended,"Will only eat certain tastes","1; 2; 3; 4; 5",,"","",""
sens_os_picky,Integer,0,,Recommended,"Picky eater, especially regarding food textures","1; 2; 3; 4; 5",,"","",""
sens_os_prfsml,Integer,0,,Recommended,"Shows strong preference for certain smells","1; 2; 3; 4; 5",,"","",""
sens_os_prftst,Integer,0,,Recommended,"Shows strong preference for certain tastes","1; 2; 3; 4; 5",,"","",""
sens_os_sktst,Integer,0,,Recommended,"Seeks out certain tastes or smells","1; 2; 3; 4; 5",,"","",""
sens_os_smlnfd,Integer,0,,Recommended,"Routinely smells nonfood objects","1; 2; 3; 4; 5",,"","",""
sens_os_tstsml,Integer,0,,Recommended,"Avoids certain tastes or food smells that are typically part of children's diets","1; 2; 3; 4; 5",,"","",""
sens_sr_anxs,Integer,0,,Recommended,"Seems anxious","1; 2; 3; 4; 5",,"","",""
sens_sr_cryesy,Integer,0,,Recommended,"Cries easily","1; 2; 3; 4; 5",,"","",""
sens_sr_dffrs,Integer,0,,Recommended,"Has definite fears (for example, fears are predictable)","1; 2; 3; 4; 5",,"","",""
sens_sr_exemot,Integer,0,,Recommended,"Displays excessive emotional outbursts when unsuccessful at a task","1; 2; 3; 4; 5",,"","",""
sens_sr_flfail,Integer,0,,Recommended,"Expresses feeling like a failure","1; 2; 3; 4; 5",,"","",""
sens_sr_frnds,Integer,0,,Recommended,"Has difficulty making friends (for example, does not interact or participate in group play)","1; 2; 3; 4; 5",,"","",""
sens_sr_frstol,Integer,0,,Recommended,"Poor frustration tolerance","1; 2; 3; 4; 5",,"","",""
sens_sr_grwup,Integer,0,,Recommended,"Has trouble 'growing up' (for example, reacts immaturely to situations)","1; 2; 3; 4; 5",,"","",""
sens_sr_intfrs,Integer,0,,Recommended,"Has fears that interfere with daily routine","1; 2; 3; 4; 5",,"","",""
sens_sr_lkslf,Integer,0,,Recommended,"Seems to have difficulty liking self (for example, low self-esteem)","1; 2; 3; 4; 5",,"","",""
sens_sr_noemot,Integer,0,,Recommended,"Doesn't express emotions","1; 2; 3; 4; 5",,"","",""
sens_sr_nohmr,Integer,0,,Recommended,"Doesn't have a sense of humor","1; 2; 3; 4; 5",,"","",""
sens_sr_ntmrs,Integer,0,,Recommended,"Has nightmares","1; 2; 3; 4; 5",,"","",""
sens_sr_ovrser,Integer,0,,Recommended,"Overly serious","1; 2; 3; 4; 5",,"","",""
sens_sr_snscrt,Integer,0,,Recommended,"Is sensitive to criticisms","1; 2; 3; 4; 5",,"","",""
sens_sr_stbrn,Integer,0,,Recommended,"Is stubborn or uncooperative","1; 2; 3; 4; 5",,"","",""
sens_sr_tntrm,Integer,0,,Recommended,"Has temper tantrums","1; 2; 3; 4; 5",,"","",""
sens_tp_aggres,Integer,0,,Recommended,"Reacts emotionally or agressively to touch","1; 2; 3; 4; 5",,"","",""
sens_tp_armbck,Integer,0,,Recommended,"Doesn't seem to notice when someone touches arm or back (for example, unaware)","1; 2; 3; 4; 5",,"","",""
sens_tp_brfoot,Integer,0,,Recommended,"Avoids going barefoot, especially in sand or grass","1; 2; 3; 4; 5",,"","",""
sens_tp_dental,Integer,0,,Recommended,"Expresses discomfort at dental work or toothbrushing (for example, cries or fights)","1; 2; 3; 4; 5",,"","",""
sens_tp_fabric,Integer,0,,Recommended,"Is sensitive to certain fabrics (for example, is particular about certain clothes or bedsheets)","1; 2; 3; 4; 5",,"","",""
sens_tp_fcemss,Integer,0,,Recommended,"Doesn't seem to notice when face or hands are messy","1; 2; 3; 4; 5",,"","",""
sens_tp_groom,Integer,0,,Recommended,"Expresses distress during grooming (for example, fights or cries during haircutting, face washing, fingernail cutting)","1; 2; 3; 4; 5",,"","",""
sens_tp_lngslv,Integer,0,,Recommended,"Prefers long-sleeved clothing when it is warm or short sleeves when it is cold","1; 2; 3; 4; 5",,"","",""
sens_tp_need,Integer,0,,Recommended,"Displays unusual need for touching certain toys, surfaces, or textures (for example, constantly touching objects)","1; 2; 3; 4; 5",,"","",""
sens_tp_nomess,Integer,0,,Recommended,"Avoids getting 'messy' (for example, in paste, sand, finger paint, glue , tape)","1; 2; 3; 4; 5",,"","",""
sens_tp_nopain,Integer,0,,Recommended,"Decreased awareness of pain and temperature","1; 2; 3; 4; 5",,"","",""
sens_tp_noshoe,Integer,0,,Recommended,"Avoids wearing shoes; loves to be barefoot","1; 2; 3; 4; 5",,"","",""
sens_tp_nosplh,Integer,0,,Recommended,"Withdraws from splashing water","1; 2; 3; 4; 5",,"","",""
sens_tp_rubs,Integer,0,,Recommended,"Rubs or scratches out a spot that has been touched","1; 2; 3; 4; 5",,"","",""
sens_tp_socks,Integer,0,,Recommended,"Becomes irritated by shoes or socks","1; 2; 3; 4; 5",,"","",""
sens_tp_stand,Integer,0,,Recommended,"Has difficulty standing in line or close to other people","1; 2; 3; 4; 5",,"","",""
sens_tp_tchlot,Integer,0,,Recommended,"Touches people and ojects to the point of irritating others","1; 2; 3; 4; 5",,"","",""
sens_tp_tchppl,Integer,0,,Recommended,"Touches people and objects","1; 2; 3; 4; 5",,"","",""
sens_version,String,35,,Recommended,"Sensory Profile Version","",,"","",""
sens_vp_blite,Integer,0,,Recommended,"Expressed discomfort with or avoids bright lights (for example, hides from sunlight through window in car)","1; 2; 3; 4; 5",,"","",""
sens_vp_darkh,Integer,0,,Recommended,"Happy to be in the dark","1; 2; 3; 4; 5",,"","",""
sens_vp_darkp,Integer,0,,Recommended,"Prefers to be in the dark","1; 2; 3; 4; 5",,"","",""
sens_vp_frusob,Integer,0,,Recommended,"Becomes frustrated when trying to find objects in competing backgrounds (for example, a cluttered drawer)","1; 2; 3; 4; 5",,"","",""
sens_vp_hrdob,Integer,0,,Recommended,"Has a hard time finding objects in competing backgrounds (for example, shoes in a messy room, favorite toy in the 'junk drawer')","1; 2; 3; 4; 5",,"","",""
sens_vp_ltbthr,Integer,0,,Recommended,"Is bothered by bright lights after others have adapted to the light","1; 2; 3; 4; 5",,"","",""
sens_vp_puzz,Integer,0,,Recommended,"Has difficulty putting puzzles together (as compared to same age children)","1; 2; 3; 4; 5",,"","",""
sens_vp_sqnt,Integer,0,,Recommended,"Covers eyes or squints to protect eyes from light","1; 2; 3; 4; 5",,"","",""
sens_vp_stare,Integer,0,,Recommended,"Looks carefully or intensely at objects/people (for example, stares)","1; 2; 3; 4; 5",,"","",""
sens_vt_acts,Integer,0,,Recommended,"Seeks out all kinds of movement activities (for example, being whirled by adult, merry-go-rounds, playground equipment, moving toys)","1; 2; 3; 4; 5",,"","",""
sens_vt_bndov,Integer,0,,Recommended,"Becomes disoriented after bending over sink or table (for example, falls or gets dizzy)","1; 2; 3; 4; 5",,"","",""
sens_vt_car,Integer,0,,Recommended,"Dislikes riding in a car","1; 2; 3; 4; 5",,"","",""
sens_vt_feet,Integer,0,,Recommended,"Becomes anxious or distressed when feet leave ground","1; 2; 3; 4; 5",,"","",""
sens_vt_hdupd,Integer,0,,Recommended,"Dislikes activities where head is upside down (for example, somersaults, roughhousing)","1; 2; 3; 4; 5",,"","",""
sens_vt_headup,Integer,0,,Recommended,"Holds head upright, even when bending over or leaning (for example, maintains a rigid position/posture during activity)","1; 2; 3; 4; 5",,"","",""
sens_vt_move,Integer,0,,Recommended,"Seeks all kinds of movement and this interferes with daily routines (for example, can't sit still, fidgets)","1; 2; 3; 4; 5",,"","",""
sens_vt_plgrd,Integer,0,,Recommended,"Avoids playground equipment or moving toys (for example, swing set, merry-go-round)","1; 2; 3; 4; 5",,"","",""
sens_vt_rckchr,Integer,0,,Recommended,"Rocks in desk/chair/on floor","1; 2; 3; 4; 5",,"","",""
sens_vt_rckun,Integer,0,,Recommended,"Rocks unconsciously (for example, while watching TV)","1; 2; 3; 4; 5",,"","",""
sens_vt_spin,Integer,0,,Recommended,"Twirls/spins self frequently throughout the day (for example, likes dizzy feeling)","1; 2; 3; 4; 5",,"","",""
