ElementName,DataType,Size,Unit,Required,ElementDescription,ValueRange,Keywords,Notes,Section,Aliases
subjectkey,GUID,0,,Recommended,"The NDAR Global Unique Identifier (GUID) for subjects which identifies a subject in NDAR","NDAR*",,"","",""
patid,String,20,,Required,"src_Subject_id","",,"Patient IDs were assigned at the research site for CPEA and STAART","",""
cycle,Integer,0,,Required,"Timepoint information","",,"","",""
phase,Integer,0,,Required,"Phase","1; 2; 3; 4",,"","",""
q16_date,Integer,0,,Required,"Date","",,"Required field","",""
q16_ratr,String,225,,Recommended,"Rater Name","",,"The name of the staff member who administered the form. If the form was filled out by the guardian or teacher, the CC¿s name should be entered as Rater.","",""
16_ratr,String,225,,Recommended,"Rater Name","",,"The name of the staff member who administered the form. If the form was filled out by the guardian or teacher, the CC¿s name should be entered as Rater.","",""q16_prim,Integer,0,,Recommended,"Primary Source: Mother","0; -1",,"Check if mother is primary source","",""
q16_prif,Integer,0,,Recommended,"Primary Source: Father","0; -1",,"Checl if father is primary source","",""
q16_pric,Integer,0,,Recommended,"Primary Source: Child","0; -1",,"Check if child is primary source","",""
q16_prit,Integer,0,,Recommended,"Primary Source: Teacher","0; -1",,"Check if teacher is primary source","",""
q16_prio,Integer,0,,Recommended,"Primary Source: Other","0; -1",,"Check if primary source not mother, father, child or teacher.","",""
q16_pr_s,String,30,,Recommended,"Other Primary Source specified","",,"Complete if q16_prio is checked","",""
q16_parm,Integer,0,,Recommended,"Participants present: Mother","0; -1",,"Check if mother is present during assessment. If Teacher is primary source this item should be left blank","",""
q16_parf,Integer,0,,Recommended,"Participants present: Father","0; -1",,"Check if father is present during assessment. If Teacher is primary source this item should be left blank","",""
q16_parc,Integer,0,,Recommended,"Participants present: Child","0; -1",,"Check if chid is present during assessment. If Teacher is primary source this item should be left blank","",""
q16_part,Integer,0,,Recommended,"Participants present: Teacher","0; -1",,"If Teacher is primary source, this item should be left blank.","",""
q16_paro,Integer,0,,Recommended,"Participants present: Other","0; -1",,"If Teacher is primary source, this item should be left blank. If administered by phone, q16_paro should be checked and PHONE should be written in q16_pa_s","",""
q16_pa_s,String,30,,Recommended,"Other Participants present specified","",,"Complete if q16_paro is checked","",""
q16_1,Integer,0,,Recommended,"In what type of classroom is this student based","1 to 10; -7; -8; -9",,"Field should not be left blank. If missing, please use -7,8, -9.","",""
q16_1_s,String,100,,Recommended,"In what type of classroom is this student based: Specify","",,"Complete if q16_1 = 10","",""
q16_2a,Integer,0,,Recommended,"% Special Education","0 to 100; -7; -8; -9",,"Field should not be left blank. If missing, please use -7,8, -9. A-C should add up to 100%","",""
q16_2b,Integer,0,,Recommended,"% Mainstream without Aide","0 to 100; -7; -8; -9",,"Field should not be left blank. If missing, please use -7,8, -9. A-C should add up to 100%","",""
q16_2c,Integer,0,,Recommended,"% Mainstream with Aide","0 to 100; -7; -8; -9",,"Field should not be left blank. If missing, please use -7,8, -9. A-C should add up to 100%","",""
q16_3a,Integer,0,,Recommended,"Number of children in classroom","1 to 33; -7; -8; -9",,"Field should not be left blank. If missing, please use -7,8, -9.","",""
q16_3b,Integer,0,,Recommended,"Number of adults in classroom","1 to 30; -7; -8; -9",,"Field should not be left blank. If missing, please use -7,8, -9.","",""
q16_4a,Integer,0,,Recommended,"ABA/LOVAAS","0; 1; -7; -8; -9",,"Only completed if form filled out by Teacher","",""
q16_4a1,Float,0,,Recommended,"ABA/LOVAAS: # Hours Per Week","0 to 99.99; -7; -8; -9",,"Complete if q16_4a = 1","",""
q16_4b,Integer,0,,Recommended,"After-school aide","0; 1; -7; -8; -9",,"Only completed if form filled out by Teacher","",""
q16_4b1,Float,0,,Recommended,"After-school aide: # Hours Per Week","0 to 99.99; -7; -8; -9",,"Complete if q16_4b = 1","",""
q16_4c,Integer,0,,Recommended,"Adaptive PE","0; 1; -7; -8; -9",,"Only completed if form filled out by Teacher","",""
q16_4c1,Float,0,,Recommended,"Adaptive PE: # Hours Per Week","0 to 99.99; -7; -8; -9",,"Complete if q16_4c = 1","",""
q16_4d,Integer,0,,Recommended,"Crisis management","0; 1; -7; -8; -9",,"Only completed if form filled out by Teacher","",""
q16_4e,Integer,0,,Recommended,"IEP","0; 1; -7; -8; -9",,"Only completed if form filled out by Teacher","",""
q16_4f,Integer,0,,Recommended,"Occupational therapy","0; 1; -7; -8; -9",,"Only completed if form filled out by Teacher","",""
q16_4f1,Float,0,,Recommended,"Occupational therapy: # Hours Per Week","0 to 99.99; -7; -8; -9",,"Complete if q16_4f = 1","",""
q16_4g,Integer,0,,Recommended,"Other behavior modification","0; 1; -7; -8; -9",,"Only completed if form filled out by Teacher","",""
q16_4g1,Float,0,,Recommended,"Other behavior modification: # Hours Per Week","0 to 99.99; -7; -8; -9",,"Complete if q16_4g = 1","",""
q16_4h,Integer,0,,Recommended,"Physical therapy","0; 1; -7; -8; -9",,"Only completed if form filled out by Teacher","",""
q16_4h1,Float,0,,Recommended,"Physical therapy: # Hours Per Week","0 to 99.99; -7; -8; -9",,"Complete if q16_4h = 1","",""
q16_4i,Integer,0,,Recommended,"Sensory integration","0; 1; -7; -8; -9",,"Only completed if form filled out by Teacher","",""
q16_4i1,Float,0,,Recommended,"Sensory integration: # Hours Per Week","0 to 99.99; -7; -8; -9",,"Complete if q16_4i = 1","",""
q16_4j,Integer,0,,Recommended,"Social skills training","0; 1; -7; -8; -9",,"Only completed if form filled out by Teacher","",""
q16_4j1,Float,0,,Recommended,"Social skills training: # Hours Per Week","0 to 99.99; -7; -8; -9",,"Complete if q16_4j = 1","",""
q16_4k,Integer,0,,Recommended,"Speech therapy","0; 1; -7; -8; -9",,"Only completed if form filled out by Teacher","",""
q16_4k1,Float,0,,Recommended,"Speech therapy: # Hours Per Week","0 to 99.99; -7; -8; -9",,"Complete if q16_4k = 1","",""
q16_4l,Integer,0,,Recommended,"TEACCH sessions (individualized structured teaching)","0; 1; -7; -8; -9",,"Only completed if form filled out by Teacher","",""
q16_4l1,Float,0,,Recommended,"TEACCH sessions (individualized structured teaching): # Hours Per Week","0 to 99.99; -7; -8; -9",,"Complete if q16_4l = 1","",""
q16_4m,Integer,0,,Recommended,"Other","0; 1; -7; -8; -9",,"Only completed if form filled out by Teacher","",""
q16_4_s,String,30,,Recommended,"Other: Specify","",,"Complete if q16_4m = 1","",""
q16_4m1,Float,0,,Recommended,"Other: # Hours Per Week","0 to 99.99; -7; -8; -9",,"Complete if q16_4m = 1","",""
