ElementName,DataType,Size,Unit,Required,ElementDescription,ValueRange,Keywords,Notes,Section,Aliases
subjectkey,GUID,0,,Required,"The NDAR Global Unique Identifier (GUID) for subjects which identifies a subject in NDAR","NDAR*",,"","",""
patid,String,20,,Required,"src_Subject_id","",,"Patient IDs were assigned at the research site for CPEA and STAART","HEADER",""
network,String,20,,Required,"Network","",,"CPEA or STAART Network","",""
study,String,100,,Required,"Study","",,"CPEA or STAART Study","",""
site,String,20,,Required,"Site","",,"CPEA or STAART Site","",""
cycle,Integer,0,,Required,"Timepoint information","",,"","HEADER",""
phase,Integer,0,,Required,"Phase","1; 2; 3; 4",,"","HEADER",""
q53_date,Date,0,,Required,"Date","mm/yyyy; mm/dd/yyyy",,"Required field","HEADER",""
q53_int,Integer,0,,Required,"Type of Report Initial","0; -1",,"Required field","HEADER",""
q53_fup,Integer,0,,Recommended,"Type of Report Follow-up","0; -1",,"Check if this a follow - up SAE being completed","HEADER",""
q53_prim,Integer,0,,Recommended,"Primary Source Mother","0; -1",,"Check if mother is primary source","HEADER",""
q53_prif,Integer,0,,Recommended,"Primary Source Father","0; -1",,"Check if father is primary source","HEADER",""
q53_prit,Integer,0,,Recommended,"Primary Source Teacher","0; -1",,"Check if teacher is primary source","HEADER",""
q53_prio,Integer,0,,Recommended,"Primary Source Other","0; -1",,"Check if primary source not mother, father, child or teacher.","HEADER",""
q53_a1,Date,0,,Recommended,"Date of Birth","mm/yyyy; mm/dd/yyyy",,"Field should not be left blank. If missing, please use -7,8, -9.","A",""
q53_a2,Integer,0,,Required,"Gender","1;2",,"Field should not be left blank. If missing, please use -7,8, -9.","A",""
q53_a3a,Integer,0,,Required,"Weight lbs",".-7;-8;-9; 20 to 250",,"Field should not be left blank. If missing, please use -7,8, -9.","A",""
q53_a3b,Integer,0,,Required,"Weight Fraction","-7; -8; -9; 0 to 9",,"Field should not be left blank. If missing, please use -7,8, -9. Round to the nearest ½ lbs","A",""
53_a3b,Integer,0,,Required,"Weight Fraction","-7; -8; -9; 0 to 9",,"Field should not be left blank. If missing, please use -7,8, -9. Round to the nearest ½ lbs","A",""q53_a3c,Integer,0,,Required,"Weight kgs",".-7;-8;-9; 9 to 113",,"Field should not be left blank. If missing, please use -7,8, -9.","A",""
q53_a3d,Integer,0,,Required,"Weight Fraction","-7; -8; -9; 0 to 9",,"Field should not be left blank. If missing, please use -7,8, -9. Round to the nearest ¼ kg","A",""
53_a3d,Integer,0,,Required,"Weight Fraction","-7; -8; -9; 0 to 9",,"Field should not be left blank. If missing, please use -7,8, -9. Round to the nearest ¼ kg","A",""q53_b1a,Date,0,,Required,"Date of onset","mm/yyyy; mm/dd/yyyy",,"Required field","B",""
q53_b1b,Integer,0,,Required,"Time of onset","0000 to 2359",,"Required field","B",""
q53_b2,Integer,0,,Required,"SAE Resolved","-7; -8; -9; 0; 1",,"Required field","B",""
q53_b2a1,Date,0,,Required,"Date of resolution","mm/yyyy; mm/dd/yyyy",,"Required field if SAE Resolved is = 1","B",""
q53_b2a2,String,50,,Required,"Time of resolution","",,"Required field if SAE Resolved is = 1","B",""
q53_b3,Integer,0,,Required,"Outcome","-7; -8; -9; 1 to 4",,"Required field","B",""
q53_b4_s,String,255,,Required,"Description of Event","",,"Required field","B",""
q53_b5,String,11,,Required,"Action Taken","",,"Required field","B",""
q53_b5_s,String,50,,Required,"Action Taken Other Specify","",,"Required if field is Action Taken = 6","B",""
q53_b6a1,String,50,,Recommended,"Medication 1","",,"Complete if there are concomitant medication","B",""
q53_b6a2,String,100,,Recommended,"Medication 1 Indication","",,"Indicate use of medication","B",""
q53_b6b1,String,50,,Recommended,"Medication 2","",,"Complete if there are concomitant medication","B",""
q53_b6b2,String,100,,Recommended,"Medication 2 Indication","",,"Indicate use of medication","B",""
q53_b6c1,String,50,,Recommended,"Medication 3","",,"Complete if there are concomitant medication","B",""
q53_b6c2,String,100,,Recommended,"Medication 3 Indication","",,"Indicate use of medication","B",""
q53_b6d1,String,50,,Recommended,"Medication 4","",,"Complete if there are concomitant medication","B",""
q53_b6d2,String,100,,Recommended,"Medication 4 Indication","",,"Indicate use of medication","B",""
q53_b6e1,String,50,,Recommended,"Medication 5","",,"Complete if there are concomitant medication","B",""
q53_b6e2,String,100,,Recommended,"Medication 5 Indication","",,"Indicate use of medication","B",""
q53_b6f1,String,50,,Recommended,"Medication 6","",,"Complete if there are concomitant medication","B",""
q53_b6f2,String,100,,Recommended,"Medication 6 Indication","",,"Indicate use of medication","B",""
q53_c1a,Date,0,,Required,"Date of Previous contact","mm/yyyy; mm/dd/yyyy",,"Required field","C",""
q53_c1a1,Integer,0,,Required,"Dose at previous contact mL","-7; -8; -9; 0.0 to 40.0",,"Required field","C",""
q53_c1a2,Integer,0,,Required,"Number of times per day","-7; -8; -9; 1; 2",,"Required field","C",""
q53_c1b,Integer,0,,Required,"Current dose mL","-7; -8; -9; 0.0 to 40.0",,"Required field","C",""
q53_c1b1,Integer,0,,Required,"Number of times per day","-7; -8; -9; 1; 2",,"Required field","C",""
q53_c1c,Date,0,,Required,"Last date study drug taken","mm/yyyy; mm/dd/yyyy",,"Required field","C",""
q53_c2,Integer,0,,Required,"Dose discontinued or changed","-7; -8; -9; 0 to 2",,"Required field","C",""
q53_c3,Integer,0,,Recommended,"Event abate after drug stopped/changed?","-7; -8; -9; 0; 1",,"Complete if q53_c2 = 1 or 2","C",""
q53_c3_s,Date,0,,Recommended,"If yes, comments","mm/yyyy; mm/dd/yyyy",,"Completed if q53_c3 = 1","C",""
q53_c4,Integer,0,,Recommended,"Event reappear after drug discontinued/changed?","-7; -8; -9; 0; 1",,"Complete if q53_c2 = 1 or 2","C",""
q53_c4_s,Date,0,,Recommended,"If yes, comments","mm/yyyy; mm/dd/yyyy",,"Complete if q53_c4 = 1","C",""
q53_c5,Integer,0,,Required,"Was blind broken?","-7; -8; -9; 0; 1",,"Field should not be left blank for Follow up SAE. If missing, please use -7,-8, -9.","C",""
q53_c6,Integer,0,,Required,"Did participant exit study?","-7; -8; -9; 0; 1",,"Field should not be left blank for Follow up SAE. If missing, please use -7,-8, -9.","C",""
q53_c7,Integer,0,,Required,"Event related to study drug?","-7; -8; -9; 1 to 5",,"Field should not be left blank for Follow up SAE. If missing, please use -7,-8, -9.","C",""
q53_c8,Integer,0,,Required,"Event expected?","-7; -8; -9; 0; 1",,"Field should not be left blank for Follow up SAE. If missing, please use -7,-8, -9.","C",""
q53_comm,String,255,,Optional,"Comments","",,"","COMMENTS",""
q53_saeid,String,32,,Optional,"Assigned SAE ID Number","",,"SAEID is assigned by DM-STAT","SAE ID",""
