ElementName,DataType,Size,Unit,Required,ElementDescription,ValueRange,Keywords,Notes,Section,Aliases
subjectkey,GUID,0,,Recommended,"The NDAR Global Unique Identifier (GUID) for subjects which identifies a subject in NDAR","NDAR*",,"","",""
patid,String,20,,Required,"src_Subject_id","",,"Patient IDs were assigned at the research site for CPEA and STAART","HEADER",""
network,String,20,,Recommended,"Network","",,"CPEA or STAART Network","",""
study,String,100,,Recommended,"Study","",,"CPEA or STAART Study","",""
site,String,20,,Recommended,"Site","",,"CPEA or STAART Site","",""
phase,Integer,0,,Recommended,"Phase","1; 2; 3; 4",,"","HEADER",""
cycle,Integer,0,,Required,"Timepoint information","",,"","HEADER",""
q48_date,Date,0,,Required,"Date","MM/yyyy;MM/dd/yyyy",,"","HEADER","interview_date"
q48_prim,Integer,0,,Recommended,"Primary Source: Mother","0;-1",,"","HEADER","Source_prim"
q48_prif,Integer,0,,Recommended,"Primary Source: Father","0;-1",,"","HEADER","Source_prif"
q48_pric,Integer,0,,Recommended,"Primary Source: Child","0;-1",,"","HEADER","Source_pric"
q48_prio,Integer,0,,Recommended,"Primary Source: Other","0;-1",,"","HEADER","Source_prio"
q48_a1,Integer,0,,Optional,"Yellow","0;-1",,"","A",""
q48_a2,Integer,0,,Optional,"Red","0;-1",,"","A",""
q48_a3,Integer,0,,Optional,"Blue","0;-1",,"","A",""
q48_a4,Integer,0,,Optional,"Yellow","0;-1",,"","A",""
q48_a5,Integer,0,,Optional,"Blue","0;-1",,"","A",""
q48_a6,Integer,0,,Optional,"Blue","0;-1",,"","A",""
q48_a7,Integer,0,,Optional,"Yellow","0;-1",,"","A",""
q48_a8,Integer,0,,Optional,"Red","0;-1",,"","A",""
q48_a9,Integer,0,,Optional,"Blue","0;-1",,"","A",""
q48_a10,Integer,0,,Optional,"Red","0;-1",,"","A",""
q48_a11,Integer,0,,Optional,"Yellow","0;-1",,"","A",""
q48_a12,Integer,0,,Optional,"Red","0;-1",,"","A",""
q48_a13,Integer,0,,Optional,"Blue","0;-1",,"","A",""
q48_a14,Integer,0,,Optional,"Yellow","0;-1",,"","A",""
q48_a15,Integer,0,,Optional,"Red","0;-1",,"","A",""
q48_time1,String,10,,Optional,"Time(seconds)","",,"","A",""
q48_b1,Integer,0,,Optional,"Red","0;-1",,"","B",""
q48_b2,Integer,0,,Optional,"No Response","0;-1",,"","B",""
q48_b3,Integer,0,,Optional,"Yellow","0;-1",,"","B",""
q48_b4,Integer,0,,Optional,"Red","0;-1",,"","B",""
q48_b5,Integer,0,,Optional,"No Response","0;-1",,"","B",""
q48_b6,Integer,0,,Optional,"Blue","0;-1",,"","B",""
q48_b7,Integer,0,,Optional,"Yellow","0;-1",,"","B",""
q48_b8,Integer,0,,Optional,"No Response","0;-1",,"","B",""
q48_b9,Integer,0,,Optional,"Blue","0;-1",,"","B",""
q48_b10,Integer,0,,Optional,"No Response","0;-1",,"","B",""
q48_b11,Integer,0,,Optional,"No Response","0;-1",,"","B",""
q48_b12,Integer,0,,Optional,"No Response","0;-1",,"","B",""
q48_b13,Integer,0,,Optional,"Blue","0;-1",,"","B",""
q48_b14,Integer,0,,Optional,"No Response","0;-1",,"","B",""
q48_b15,Integer,0,,Optional,"Red","0;-1",,"","B",""
q48_time2,String,10,,Optional,"Time(seconds)","",,"","B",""
q48_c1,Integer,0,,Optional,"Blue","0;-1",,"","C",""
q48_c2,Integer,0,,Optional,"Yellow","0;-1",,"","C",""
q48_c3,Integer,0,,Optional,"Circle","0;-1",,"","C",""
q48_c4,Integer,0,,Optional,"Blue","0;-1",,"","C",""
q48_c5,Integer,0,,Optional,"Circle","0;-1",,"","C",""
q48_c6,Integer,0,,Optional,"Square","0;-1",,"","C",""
q48_c7,Integer,0,,Optional,"Red","0;-1",,"","C",""
q48_c8,Integer,0,,Optional,"Yellow","0;-1",,"","C",""
q48_c9,Integer,0,,Optional,"Square","0;-1",,"","C",""
q48_c10,Integer,0,,Optional,"Blue","0;-1",,"","C",""
q48_c11,Integer,0,,Optional,"Red","0;-1",,"","C",""
q48_c12,Integer,0,,Optional,"Circle","0;-1",,"","C",""
q48_c13,Integer,0,,Optional,"Red","0;-1",,"","C",""
q48_c14,Integer,0,,Optional,"Square","0;-1",,"","C",""
q48_c15,Integer,0,,Optional,"Yellow","0;-1",,"","C",""
q48_time3,String,10,,Optional,"Time(seconds)","",,"","C",""
q48_d1,Integer,0,,Optional,"Blue","0;-1",,"","D",""
q48_d2,Integer,0,,Optional,"No Response","0;-1",,"","D",""
q48_d3,Integer,0,,Optional,"Square","0;-1",,"","D",""
q48_d4,Integer,0,,Optional,"No Response","0;-1",,"","D",""
q48_d5,Integer,0,,Optional,"No Response","0;-1",,"","D",""
q48_d6,Integer,0,,Optional,"Yellow","0;-1",,"","D",""
q48_d7,Integer,0,,Optional,"Circle","0;-1",,"","D",""
q48_d8,Integer,0,,Optional,"Blue","0;-1",,"","D",""
q48_d9,Integer,0,,Optional,"No Response","0;-1",,"","D",""
q48_d10,Integer,0,,Optional,"Blue","0;-1",,"","D",""
q48_d11,Integer,0,,Optional,"No Response","0;-1",,"","D",""
q48_d12,Integer,0,,Optional,"No Response","0;-1",,"","D",""
q48_d13,Integer,0,,Optional,"No Response","0;-1",,"","D",""
q48_d14,Integer,0,,Optional,"Red","0;-1",,"","D",""
q48_d15,Integer,0,,Optional,"Square","0;-1",,"","D",""
q48_time4,String,10,,Optional,"Time(seconds)","",,"","D",""
