ElementName,DataType,Size,Unit,Required,ElementDescription,ValueRange,Keywords,Notes,Section,Aliases
subjectkey,GUID,0,,Required,"","NDAR*",,"","",""
interview_date,Date,0,,Optional,"","MM/yyyy;MM/dd/yyyy",,"* '01/01/1900' indicates that a date associated with retrospective data is not known.","","sdas_date_std"
cycle,Integer,0,,Recommended,"","",,"","",""
patid,String,20,,Recommended,"","",,"Patient IDs were assigned at the research site for CPEA and STAART","",""
network,String,20,,Recommended,"","",,"CPEA or STAART Network","",""
site,String,20,,Recommended,"","",,"CPEA or STAART Site","",""
study,String,100,,Recommended,"","",,"CPEA or STAART Study","",""
sdas_age,Integer,0,,Recommended,"","",,"","",""
sdas_ci_chbx,Integer,0,,Recommended,"","90; 95",,"","",""
sdas_date,Integer,0,,Recommended,"","",,"","",""
sdas_version,String,35,,Recommended,"","",,"","",""
sdas_full_iq,Integer,0,,Recommended,"","",,"","",""
sdas_gca_lci,Integer,0,,Recommended,"","",,"","",""
sdas_gca_pctl,Float,0,,Recommended,"","",,"","",""
sdas_gca_ss,Integer,0,,Recommended,"","",,"","",""
sdas_gca_sumt,Integer,0,,Recommended,"","",,"","",""
sdas_gca_uci,Integer,0,,Recommended,"","",,"","",""
sdas_lvl_out,Integer,0,,Recommended,"","0; 1",,"","",""
sdas_m_as,Integer,0,,Recommended,"","10  156",,"","",""
das_m_as,Integer,0,,Recommended,"","10  156",,"","",""sdas_m_iaf,Integer,0,,Recommended,"","",,"","",""
sdas_m_iat,Integer,0,,Recommended,"","",,"","",""
sdas_m_ma,Integer,0,,Recommended,"","",,"","",""
sdas_m_nvr,Integer,0,,Recommended,"","",,"","",""
sdas_m_oth,Integer,0,,Recommended,"","",,"","",""
sdas_m_rs,Integer,0,,Recommended,"","0 -33",,"","",""
sdas_m_snvc,Integer,0,,Recommended,"","",,"","",""
sdas_m_spat,Integer,0,,Recommended,"","",,"","",""
sdas_m_t,Integer,0,,Recommended,"","",,"","",""
sdas_ns_as,Integer,0,,Recommended,"","10  253",,"","",""
das_ns_as,Integer,0,,Recommended,"","10  253",,"","",""sdas_ns_iaf,Integer,0,,Recommended,"","",,"","",""
sdas_ns_iat,Integer,0,,Recommended,"","",,"","",""
sdas_ns_oth,Integer,0,,Recommended,"","",,"","",""
sdas_ns_pctl,Integer,0,,Recommended,"","",,"","",""
sdas_ns_rs,Integer,0,,Recommended,"","0  32",,"","",""
das_ns_rs,Integer,0,,Recommended,"","0  32",,"","",""sdas_ns_ss,Integer,0,,Recommended,"","",,"","",""
sdas_nvr_iq,Integer,0,,Recommended,"","",,"","",""
sdas_nvr_lci,Integer,0,,Recommended,"","",,"","",""
sdas_nvr_ma,Integer,0,,Recommended,"","",,"","",""
sdas_nvr_pctl,Float,0,,Recommended,"","",,"","",""
sdas_nvr_ratiq,Integer,0,,Recommended,"","",,"","",""
sdas_nvr_ss,Integer,0,,Recommended,"","",,"","",""
sdas_nvr_sumt,Integer,0,,Recommended,"","",,"","",""
sdas_nvr_uci,Integer,0,,Recommended,"","",,"","",""
sdas_pc_as,Integer,0,,Recommended,"","10  231",,"","",""
das_pc_as,Integer,0,,Recommended,"","10  231",,"","",""sdas_pc_as_alt,Integer,0,,Recommended,"","",,"","",""
sdas_pc_iaf,Integer,0,,Recommended,"","",,"","",""
sdas_pc_iaf_alt,Integer,0,,Recommended,"","",,"","",""
sdas_pc_iat,Integer,0,,Recommended,"","",,"","",""
sdas_pc_iat_alt,Integer,0,,Recommended,"","",,"","",""
sdas_pc_ma,Integer,0,,Recommended,"","",,"","",""
sdas_pc_oth,Integer,0,,Recommended,"","",,"","",""
sdas_pc_rs,Integer,0,,Recommended,"","0  74",,"","",""
das_pc_rs,Integer,0,,Recommended,"","0  74",,"","",""sdas_pc_rs_alt,Integer,0,,Recommended,"","",,"","",""
sdas_pc_snvc,Integer,0,,Recommended,"","",,"","",""
sdas_pc_spat,Integer,0,,Recommended,"","",,"","",""
sdas_pc_t,Integer,0,,Recommended,"","",,"","",""
sdas_pc_typ,Integer,0,,Recommended,"","",,"","",""
sdas_rde_as,Integer,0,,Recommended,"","10  169",,"","",""
das_rde_as,Integer,0,,Recommended,"","10  169",,"","",""sdas_rde_iaf,Integer,0,,Recommended,"","",,"","",""
sdas_rde_iat,Integer,0,,Recommended,"","",,"","",""
sdas_rde_ma,Integer,0,,Recommended,"","",,"","",""
sdas_rde_oth,Integer,0,,Recommended,"","",,"","",""
sdas_rde_rs,Integer,0,,Recommended,"","0  47",,"","",""
das_rde_rs,Integer,0,,Recommended,"","0  47",,"","",""sdas_rde_snvc,Integer,0,,Recommended,"","",,"","",""
sdas_rde_spat,Integer,0,,Recommended,"","",,"","",""
sdas_rde_t,Integer,0,,Recommended,"","",,"","",""
sdas_rdi_as,Integer,0,,Recommended,"","10  211",,"","",""
das_rdi_as,Integer,0,,Recommended,"","10  211",,"","",""sdas_rdi_ma,Integer,0,,Recommended,"","",,"","",""
sdas_rdi_oth,Integer,0,,Recommended,"","",,"","",""
sdas_rdi_rs,Integer,0,,Recommended,"","0  36",,"","",""
das_rdi_rs,Integer,0,,Recommended,"","0  36",,"","",""sdas_rdi_t,Integer,0,,Recommended,"","",,"","",""
sdas_rod_oth,Integer,0,,Recommended,"","",,"","",""
sdas_rod_rs,Integer,0,,Recommended,"","0  25",,"","",""
das_rod_rs,Integer,0,,Recommended,"","0  25",,"","",""sdas_rod_t,Integer,0,,Recommended,"","",,"","",""
sdas_roi_as,Integer,0,,Recommended,"","",,"","",""
sdas_roi_oth,Integer,0,,Recommended,"","",,"","",""
sdas_roi_rs,Integer,0,,Recommended,"","",,"","",""
sdas_roi_t,Integer,0,,Recommended,"","",,"","",""
sdas_roi1_rs,Integer,0,,Recommended,"","0  20",,"","",""
das_roi1_rs,Integer,0,,Recommended,"","0  20",,"","",""sdas_roi2_rs,Integer,0,,Recommended,"","0  20",,"","",""
das_roi2_rs,Integer,0,,Recommended,"","0  20",,"","",""sdas_roi3_rs,Integer,0,,Recommended,"","0  20",,"","",""
das_roi3_rs,Integer,0,,Recommended,"","0  20",,"","",""sdas_s_as,Integer,0,,Recommended,"","10  152",,"","",""
das_s_as,Integer,0,,Recommended,"","10  152",,"","",""sdas_s_iaf,Integer,0,,Recommended,"","",,"","",""
sdas_s_iat,Integer,0,,Recommended,"","",,"","",""
sdas_s_ma,Integer,0,,Recommended,"","",,"","",""
sdas_s_oth,Integer,0,,Recommended,"","",,"","",""
sdas_s_rs,Integer,0,,Recommended,"","0  34",,"","",""
das_s_rs,Integer,0,,Recommended,"","0  34",,"","",""sdas_s_spat,Integer,0,,Recommended,"","",,"","",""
sdas_s_t,Integer,0,,Recommended,"","",,"","",""
sdas_s_ver,Integer,0,,Recommended,"","",,"","",""
sdas_sip_as,Integer,0,,Recommended,"","10  325",,"","",""
das_sip_as,Integer,0,,Recommended,"","10  325",,"","",""sdas_sip_iaf,Integer,0,,Recommended,"","",,"","",""
sdas_sip_iat,Integer,0,,Recommended,"","",,"","",""
sdas_sip_oth,Integer,0,,Recommended,"","",,"","",""
sdas_sip_t,Integer,0,,Recommended,"","",,"","",""
sdas_snvc,Integer,0,,Recommended,"","",,"","",""
sdas_snvc_iq,Integer,0,,Recommended,"","",,"","",""
sdas_snvc_lci,Integer,0,,Recommended,"","",,"","",""
sdas_snvc_pctl,Float,0,,Recommended,"","",,"","",""
sdas_snvc_ss,Integer,0,,Recommended,"","",,"","",""
sdas_snvc_sumt,Integer,0,,Recommended,"","",,"","",""
sdas_snvc_uci,Integer,0,,Recommended,"","",,"","",""
sdas_sp_as,Integer,0,,Recommended,"","10  260",,"","",""
das_sp_as,Integer,0,,Recommended,"","10  260",,"","",""sdas_sp_iaf,Integer,0,,Recommended,"","",,"","",""
sdas_sp_iat,Integer,0,,Recommended,"","",,"","",""
sdas_sp_oth,Integer,0,,Recommended,"","",,"","",""
sdas_sp_pctl,Integer,0,,Recommended,"","",,"","",""
sdas_sp_rs,Integer,0,,Recommended,"","0  35",,"","",""
das_sp_rs,Integer,0,,Recommended,"","0  35",,"","",""sdas_sp_ss,Integer,0,,Recommended,"","",,"","",""
sdas_spat_iq,Integer,0,,Recommended,"","",,"","",""
sdas_spat_lci,Integer,0,,Recommended,"","",,"","",""
sdas_spat_pctl,Float,0,,Recommended,"","",,"","",""
sdas_spat_ss,Integer,0,,Recommended,"","",,"","",""
sdas_spat_sumt,Integer,0,,Recommended,"","",,"","",""
sdas_spat_uci,Integer,0,,Recommended,"","",,"","",""
sdas_sqr_as,Integer,0,,Recommended,"","10  152",,"","",""
das_sqr_as,Integer,0,,Recommended,"","10  152",,"","",""sdas_sqr_iaf,Integer,0,,Recommended,"","",,"","",""
sdas_sqr_iat,Integer,0,,Recommended,"","",,"","",""
sdas_sqr_ma,Integer,0,,Recommended,"","",,"","",""
sdas_sqr_nvr,Integer,0,,Recommended,"","",,"","",""
sdas_sqr_oth,Integer,0,,Recommended,"","",,"","",""
sdas_sqr_rs,Integer,0,,Recommended,"","0 - 39",,"","",""
sdas_sqr_snvc,Integer,0,,Recommended,"","",,"","",""
sdas_sqr_spat,Integer,0,,Recommended,"","",,"","",""
sdas_sqr_t,Integer,0,,Recommended,"","",,"","",""
sdas_ver_iq,Integer,0,,Recommended,"","",,"","",""
sdas_ver_lci,Integer,0,,Recommended,"","",,"","",""
sdas_ver_ma,Integer,0,,Recommended,"","",,"","",""
sdas_ver_pctl,Float,0,,Recommended,"","",,"","",""
sdas_ver_ratiq,Integer,0,,Recommended,"","",,"","",""
sdas_ver_ss,Integer,0,,Recommended,"","",,"","",""
sdas_ver_sumt,Integer,0,,Recommended,"","",,"","",""
sdas_ver_uci,Integer,0,,Recommended,"","",,"","",""
sdas_wd_as,Integer,0,,Recommended,"","10 - 185",,"","",""
sdas_wd_iaf,Integer,0,,Recommended,"","",,"","",""
sdas_wd_iat,Integer,0,,Recommended,"","",,"","",""
sdas_wd_ma,Integer,0,,Recommended,"","",,"","",""
sdas_wd_oth,Integer,0,,Recommended,"","",,"","",""
sdas_wd_rs,Integer,0,,Recommended,"","0  42",,"","",""
das_wd_rs,Integer,0,,Recommended,"","0  42",,"","",""sdas_wd_spat,Integer,0,,Recommended,"","",,"","",""
sdas_wd_t,Integer,0,,Recommended,"","",,"","",""
sdas_wd_ver,Integer,0,,Recommended,"","",,"","",""
sdas_wr_as,Integer,0,,Recommended,"","10  212",,"","",""
das_wr_as,Integer,0,,Recommended,"","10  212",,"","",""sdas_wr_iaf,Integer,0,,Recommended,"","",,"","",""
sdas_wr_iat,Integer,0,,Recommended,"","",,"","",""
sdas_wr_oth,Integer,0,,Recommended,"","",,"","",""
sdas_wr_pctl,Integer,0,,Recommended,"","",,"","",""
sdas_wr_rs,Integer,0,,Recommended,"","0  90",,"","",""
das_wr_rs,Integer,0,,Recommended,"","0  90",,"","",""sdas_wr_ss,Integer,0,,Recommended,"","",,"","",""
