ElementName,DataType,Size,Unit,Required,ElementDescription,ValueRange,Keywords,Notes,Section,Aliases
subjectkey,GUID,0,,Required,"The NDAR Global Unique Identifier (GUID) for subjects which identifies a subject in NDAR","NDAR*",,"","",""
teld_version,String,35,,Recommended,"TELD Version","",,"","",""
cycle,Integer,0,,Recommended,"Timepoint information","",,"","",""
patid,String,20,,Recommended,"src_Subject_id","",,"Patient IDs were assigned at the research site for CPEA and STAART","",""
network,String,20,,Recommended,"Network","",,"CPEA or STAART Network","",""
site,String,20,,Recommended,"Site","",,"CPEA or STAART Site","",""
study,String,100,,Recommended,"Study","",,"CPEA or STAART Study","",""
teld_ae_el,Integer,0,,Recommended,"Expressive Language","",,"","",""
teld_ae_rl,Integer,0,,Recommended,"Receptive Language","",,"","",""
teld_pc_el,Integer,0,,Recommended,"Expressive Language","0 - 100",,"","",""
teld_pc_rl,Integer,0,,Recommended,"Receptive Language","0 - 100",,"","",""
teld_pc_slq,Integer,0,,Recommended,"Spoken Language Quotient","0 - 100",,"","",""
teld_qt_el,Integer,0,,Recommended,"Expressive Language","55 - 150",,"","",""
teld_qt_rl,Integer,0,,Recommended,"Receptive Language","55 - 150",,"","",""
teld_qt_slq,Integer,0,,Recommended,"Spoken Language Quotient","55 - 150",,"","",""
teld_qt_sq,Integer,0,,Recommended,"Sum of Quotients","110 - 300",,"","",""
teld_rs_el,Integer,0,,Recommended,"Expressive Language","0 - 37",,"","",""
teld_rs_rl,Integer,0,,Recommended,"Receptive Language","0 - 37",,"","",""
