ElementName,DataType,Size,Unit,Required,ElementDescription,ValueRange,Keywords,Notes,Section,Aliases
subjectkey,GUID,0,,Required,"The NDAR Global Unique Identifier (GUID) for subjects which identifies a subject in NDAR","NDAR*",,"","",""
cycle,Integer,0,,Recommended,"Timepoint information","",,"","",""
patid,String,20,,Recommended,"src_Subject_id","",,"Patient IDs were assigned at the research site for CPEA and STAART","",""
network,String,20,,Recommended,"Network","",,"CPEA or STAART Network","",""
site,String,20,,Recommended,"Site","",,"CPEA or STAART Site","",""
study,String,100,,Recommended,"Study","",,"CPEA or STAART Study","",""
tdp_gc_ae,Integer,0,,Recommended,"Age Equivalent","",,"","",""
tdp_gc_rs,Integer,0,,Recommended,"Raw Scores","0 - 30",,"","",""
tdp_gc_std,Integer,0,,Recommended,"Standard Scores","0 - 20",,"","",""
tdp_gu_ae,Integer,0,,Recommended,"Age Equivalent","",,"","",""
tdp_gu_rs,Integer,0,,Recommended,"Raw Scores","0 - 25",,"","",""
tdp_gu_std,Integer,0,,Recommended,"Standard Scores","0 - 20",,"","",""
tdp_lt_q,Integer,0,,Recommended,"Quotients","55 - 150",,"","",""
tdp_or_q,Integer,0,,Recommended,"Quotients","55 - 150",,"","",""
tdp_ov_ae,Integer,0,,Recommended,"Age Equivalent","",,"","",""
tdp_ov_rs,Integer,0,,Recommended,"Raw Scores","0 - 30",,"","",""
tdp_ov_std,Integer,0,,Recommended,"Standard Scores","0 - 20",,"","",""
tdp_pv_ae,Integer,0,,Recommended,"Age Equivalent","",,"","",""
tdp_pv_rs,Integer,0,,Recommended,"Raw Scores","0 - 35",,"","",""
tdp_pv_std,Integer,0,,Recommended,"Standard Scores","0 - 20",,"","",""
tdp_rv_ae,Integer,0,,Recommended,"Age Equivalent","",,"","",""
tdp_rv_rs,Integer,0,,Recommended,"Raw Scores","0  35",,"","",""
dp_rv_rs,Integer,0,,Recommended,"Raw Scores","0  35",,"","",""tdp_rv_std,Integer,0,,Recommended,"Standard Scores","0 - 20",,"","",""
tdp_si_ae,Integer,0,,Recommended,"Age Equivalent","",,"","",""
tdp_si_rs,Integer,0,,Recommended,"Raw Scores","0 - 30",,"","",""
tdp_si_std,Integer,0,,Recommended,"Standard Scores","0 - 20",,"","",""
tdp_sl_q,Integer,0,,Recommended,"Quotients","55 - 150",,"","",""
tdp_sm_q,Integer,0,,Recommended,"Quotients","55 - 150",,"","",""
tdp_sp_q,Integer,0,,Recommended,"Quotients","55 - 150",,"","",""
tdp_sy_q,Integer,0,,Recommended,"Quotients","55 - 150",,"","",""
tdp_version,String,35,,Recommended,"Version","",,"","",""
