ElementName,DataType,Size,Unit,Required,ElementDescription,ValueRange,Keywords,Notes,Section,Aliases
subjectkey,GUID,0,,Recommended,"The NDAR Global Unique Identifier (GUID) for subjects which identifies a subject in NDAR","NDAR*",,"","",""
patid,String,20,,Required,"src_Subject_id","",,"Patient IDs were assigned at the research site for CPEA and STAART","HEADER",""
network,String,20,,Recommended,"Network","",,"CPEA or STAART Network","",""
site,String,20,,Recommended,"Site","",,"CPEA or STAART Site","",""
study,String,100,,Recommended,"Study","",,"CPEA or STAART Study","",""
cycle,Integer,0,,Required,"Timepoint information","",,"","HEADER",""
phase,Integer,0,,Recommended,"Phase","1; 2; 3; 4",,"","HEADER",""
q20_date,String,10,,Required,"Date","",,"Required field, SAS Date","HEADER",""
interview_date,Date,0,,Required,"Date on which the interview/genetic test/sampling/imaging was completed","MM/yyyy;MM/dd/yyyy",,"* '01/01/1900' indicates that a date associated with retrospective data is not known.","",""
q20_1a,Float,0,,Recommended,"Weight lbs","-7;-8;-9;19.8 to 98",,"Weight change greater than 30 percent from baseline will be flagged as an adverse event. Field should not be left blank. If missing, please use -7,-8, -9.","1",""
q20_1b,Integer,0,,Recommended,"Weight lbs : Fraction","-7;-8;-9;1 to 9",,"Round to the nearest .10 lbs.","1",""
q20_1c,Integer,0,,Recommended,"Weight kg","-7;-8;-9;9 to 45",,"Weight change greater than 30 percent from baseline will be flagged as an adverse event. Field should not be left blank. If missing, please use -7,-8, -9.","1",""
q20_1d,Integer,0,,Recommended,"Weight kg :Fraction","-7,-8,-9,1 to 9",,"Round to the nearest .10 kg.","1",""
q20_2a,Integer,0,,Recommended,"Blood Pressure","-7;-8;-9;70 to 125",,"Systolic Blood Pressure safety range is 80 to  160. Levels outside of this range will be flagged as an adverse event. Field should not be left blank. If missing, please use -7,-8, -9.","2",""
q20_2b,Integer,0,,Recommended,"Blood Pressure","-7;-8;-9;31 to 90",,"Diastolic Blood Pressure upper safety range is 100; there is no lower safety range. Levels above the safety range will be flagged as an adverse event. Field should not be left blank. If missing, please use -7,-8, -9.","2",""
q20_3,Integer,0,,Recommended,"Pulse Rate","-7;-8;-9;55 to 130",,"Safety range is 45 to 130. Levels outside of this range will be flagged as an adverse event. Field should not be left blank. If missing, please use -7,-8, -9.","3",""
