ElementName,DataType,Size,Unit,Required,ElementDescription,ValueRange,Keywords,Notes,Section,Aliases
subjectkey,GUID,0,,Required,"","NDAR*",,"","",""
interview_date,Date,0,,Optional,"","MM/yyyy;MM/dd/yyyy",,"* '01/01/1900' indicates that a date associated with retrospective data is not known.","","vine_date_std"
cycle,Integer,0,,Recommended,"","",,"","",""
patid,String,20,,Recommended,"","",,"Patient IDs were assigned at the research site for CPEA and STAART","",""
network,String,20,,Recommended,"","",,"CPEA or STAART Network","",""
site,String,20,,Recommended,"","",,"CPEA or STAART Site","",""
study,String,100,,Recommended,"","",,"CPEA or STAART Study","",""
vine_abc_ae,Float,0,,Recommended,"","1 - 227",,"","",""
vine_abc_al,String,15,,Recommended,"","",,"Nulled value range of:   High;Moderately High;Adequate;Moderately Low;Low to accept outlier data","",""
vine_abc_err,Integer,0,,Recommended,"","",,"","",""
vine_abc_errhigh,Integer,0,,Recommended,"","",,"","",""
vine_abc_errlow,Integer,0,,Recommended,"","",,"","",""
vine_abc_prank,Float,0,,Recommended,"","0 - 100",,"","",""
vine_abc_ss,Float,0,,Recommended,"","",,"","",""
vine_abc_stan,Integer,0,,Recommended,"","",,"","",""
vine_age,Integer,0,,Recommended,"","",,"","",""
vine_basal_method,String,30,,Recommended,"","",,"","",""
vine_com_100wrd,Integer,0,,Recommended,"","0; 1; 2; N; DK",,"","",""
vine_com_10wrd,Integer,0,,Recommended,"","0; 1; 2; N; DK",,"","",""
vine_com_20object,Integer,0,,Recommended,"","0; 1; 2; N; DK",,"","",""
vine_com_2bigger,Integer,0,,Recommended,"","0; 1; 2; N; DK",,"","",""
vine_com_3signs,Integer,0,,Recommended,"","0; 1; 2; N; DK",,"","",""
vine_com_4wrdsen,Integer,0,,Recommended,"","0; 1; 2; N; DK",,"","",""
vine_com_50wrd,Integer,0,,Recommended,"","0; 1; 2; N; DK",,"","",""
vine_com_a15min,Integer,0,,Recommended,"","0; 1; 2; N; DK",,"","",""
vine_com_abc,Integer,0,,Recommended,"","0; 1; 2; N; DK",,"","",""
vine_com_address,Integer,0,,Recommended,"","0; 1; 2; N; DK",,"","",""
vine_com_ae,Float,0,,Recommended,"","1 - 227",,"","",""
vine_com_al,String,15,,Recommended,"","",,"Nulled value range of:   High;Moderately High;Adequate;Moderately Low;Low to accept outlier data","",""
vine_com_allbodyp,Integer,0,,Recommended,"","0; 1; 2; N; DK",,"","",""
vine_com_around,Integer,0,,Recommended,"","0; 1; 2; N; DK",,"","",""
vine_com_arritems,Integer,0,,Recommended,"","0; 1; 2; N; DK",,"","",""
vine_com_artclear,Integer,0,,Recommended,"","0; 1; 2; N; DK",,"","",""
vine_com_athe,Integer,0,,Recommended,"","0; 1; 2; N; DK",,"","",""
vine_com_behind,Integer,0,,Recommended,"","0; 1; 2; N; DK",,"","",""
vine_com_busletter,Integer,0,,Recommended,"","0; 1; 2; N; DK",,"","",""
vine_com_butor,Integer,0,,Recommended,"","0; 1; 2; N; DK",,"","",""
vine_com_choice,Integer,0,,Recommended,"","0; 1; 2; N; DK",,"","",""
vine_com_comdir,Integer,0,,Recommended,"","0; 1; 2; N; DK",,"","",""
vine_com_cursive,Integer,0,,Recommended,"","0; 1; 2; N; DK",,"","",""
vine_com_dictionry,Integer,0,,Recommended,"","0; 1; 2; N; DK",,"","",""
vine_com_e_ae,Float,0,,Recommended,"","1 - 227",,"","",""
vine_com_e_al,String,15,,Recommended,"","",,"Nulled value range of:   High;Moderately High;Adequate;Moderately Low;Low to accept outlier data","",""
vine_com_e_raw,Integer,0,,Recommended,"","0 - 62",,"","",""
vine_com_envelop,Integer,0,,Recommended,"","0; 1; 2; N; DK",,"","",""
vine_com_err,Integer,0,,Recommended,"","",,"","",""
vine_com_errhigh,Integer,0,,Recommended,"","",,"","",""
vine_com_errlow,Integer,0,,Recommended,"","",,"","",""
vine_com_express,Integer,0,,Recommended,"","0; 1; 2; N; DK",,"","",""
vine_com_fllwinstr,Integer,0,,Recommended,"","0; 1; 2; N; DK",,"","",""
vine_com_fullsent,Integer,0,,Recommended,"","0; 1; 2; N; DK",,"","",""
vine_com_goals,Integer,0,,Recommended,"","0; 1; 2; N; DK",,"","",""
vine_com_hereup,Integer,0,,Recommended,"","0; 1; 2; N; DK",,"","",""
vine_com_ifthen,Integer,0,,Recommended,"","0; 1; 2; N; DK",,"","",""
vine_com_imitates,Integer,0,,Recommended,"","0; 1; 2; N; DK",,"","",""
vine_com_index,Integer,0,,Recommended,"","0; 1; 2; N; DK",,"","",""
vine_com_irrplur,Integer,0,,Recommended,"","0; 1; 2; N; DK",,"","",""
vine_com_lst5min,Integer,0,,Recommended,"","0; 1; 2; N; DK",,"","",""
vine_com_lstatten,Integer,0,,Recommended,"","0; 1; 2; N; DK",,"","",""
vine_com_lstmom,Integer,0,,Recommended,"","0; 1; 2; N; DK",,"","",""
vine_com_monday,Integer,0,,Recommended,"","0; 1; 2; N; DK",,"","",""
vine_com_names,Integer,0,,Recommended,"","0; 1; 2; N; DK",,"","",""
vine_com_news,Integer,0,,Recommended,"","0; 1; 2; N; DK",,"","",""
vine_com_newswk,Integer,0,,Recommended,"","0; 1; 2; N; DK",,"","",""
vine_com_no,Integer,0,,Recommended,"","0; 1; 2; N; DK",,"","",""
vine_com_notes,Integer,0,,Recommended,"","0; 1; 2; N; DK",,"","",""
vine_com_nounver,Integer,0,,Recommended,"","0; 1; 2; N; DK",,"","",""
vine_com_p1bodyp,Integer,0,,Recommended,"","0; 1; 2; N; DK",,"","",""
vine_com_phnum,Integer,0,,Recommended,"","0; 1; 2; N; DK",,"","",""
vine_com_prank,Float,0,,Recommended,"","0 - 100",,"","",""
vine_com_prt10m,Integer,0,,Recommended,"","0; 1; 2; N; DK",,"","",""
vine_com_quesw,Integer,0,,Recommended,"","0; 1; 2; N; DK",,"","",""
vine_com_r_ae,Float,0,,Recommended,"","1 - 227",,"","",""
vine_com_r_al,String,15,,Recommended,"","",,"Nulled value range of:   High;Moderately High;Adequate;Moderately Low;Low to accept outlier data","",""
vine_com_r_raw,Integer,0,,Recommended,"","0 - 26",,"","",""
vine_com_raw,Integer,0,,Recommended,"","0 - 134",,"","",""
vine_com_rbk4th,Integer,0,,Recommended,"","0; 1; 2; N; DK",,"","",""
vine_com_rdsimp,Integer,0,,Recommended,"","0; 1; 2; N; DK",,"","",""
vine_com_read10,Integer,0,,Recommended,"","0; 1; 2; N; DK",,"","",""
vine_com_read2nd,Integer,0,,Recommended,"","0; 1; 2; N; DK",,"","",""
vine_com_readown,Integer,0,,Recommended,"","0; 1; 2; N; DK",,"","",""
vine_com_relexpde,Integer,0,,Recommended,"","0; 1; 2; N; DK",,"","",""
vine_com_reports,Integer,0,,Recommended,"","0; 1; 2; N; DK",,"","",""
vine_com_sflname,Integer,0,,Recommended,"","0; 1; 2; N; DK",,"","",""
vine_com_simmes,Integer,0,,Recommended,"","0; 1; 2; N; DK",,"","",""
vine_com_simsent,Integer,0,,Recommended,"","0; 1; 2; N; DK",,"","",""
vine_com_smilec,Integer,0,,Recommended,"","0; 1; 2; N; DK",,"","",""
vine_com_smileoc,Integer,0,,Recommended,"","0; 1; 2; N; DK",,"","",""
vine_com_sprelexp,Integer,0,,Recommended,"","0; 1; 2; N; DK",,"","",""
vine_com_ss,Float,0,,Recommended,"","20 - 160",,"","",""
vine_com_stan,Integer,0,,Recommended,"","",,"","",""
vine_com_story,Integer,0,,Recommended,"","0; 1; 2; N; DK",,"","",""
vine_com_tblcont,Integer,0,,Recommended,"","0; 1; 2; N; DK",,"","",""
vine_com_trneyes,Integer,0,,Recommended,"","0; 1; 2; N; DK",,"","",""
vine_com_w_ae,Float,0,,Recommended,"","1 - 227",,"","",""
vine_com_w_al,String,15,,Recommended,"","",,"Nulled value range of:   High;Moderately High;Adequate;Moderately Low;Low to accept outlier data","",""
vine_com_w_raw,Integer,0,,Recommended,"","0 - 46",,"","",""
vine_com_waletters,Integer,0,,Recommended,"","0; 1; 2; N; DK",,"","",""
vine_com_wbletters,Integer,0,,Recommended,"","0; 1; 2; N; DK",,"","",""
vine_com_wflname,Integer,0,,Recommended,"","0; 1; 2; N; DK",,"","",""
vine_com_yesnoi,Integer,0,,Recommended,"","0; 1; 2; N; DK",,"","",""
vine_com_yesokay,Integer,0,,Recommended,"","0; 1; 2; N; DK",,"","",""
vine_date,Integer,0,,Recommended,"","",,"","",""
vine_dls_ae,Float,0,,Recommended,"","1 - 227",,"","",""
vine_dls_al,String,15,,Recommended,"","",,"Nulled value range of:   High;Moderately High;Adequate;Moderately Low;Low to accept outlier data","",""
vine_dls_alltoilet,Integer,0,,Recommended,"","0; 1; 2; N; DK",,"","",""
vine_dls_anticfeed,Integer,0,,Recommended,"","0; 1; 2; N; DK",,"","",""
vine_dls_arrives,Integer,0,,Recommended,"","0; 1; 2; N; DK",,"","",""
vine_dls_asktoilet,Integer,0,,Recommended,"","0; 1; 2; N; DK",,"","",""
vine_dls_avoidsill,Integer,0,,Recommended,"","0; 1; 2; N; DK",,"","",""
vine_dls_bathwa,Integer,0,,Recommended,"","0; 1; 2; N; DK",,"","",""
vine_dls_brshteeth,Integer,0,,Recommended,"","0; 1; 2; N; DK",,"","",""
vine_dls_budgets,Integer,0,,Recommended,"","0; 1; 2; N; DK",,"","",""
vine_dls_c_ae,Float,0,,Recommended,"","1 - 227",,"","",""
vine_dls_c_al,String,15,,Recommended,"","",,"Nulled value range of:   High;Moderately High;Adequate;Moderately Low;Low to accept outlier data","",""
vine_dls_c_raw,Integer,0,,Recommended,"","0 - 64",,"","",""
vine_dls_calls,Integer,0,,Recommended,"","0; 1; 2; N; DK",,"","",""
vine_dls_checking,Integer,0,,Recommended,"","0; 1; 2; N; DK",,"","",""
vine_dls_chngbed,Integer,0,,Recommended,"","0; 1; 2; N; DK",,"","",""
vine_dls_cleanprod,Integer,0,,Recommended,"","0; 1; 2; N; DK",,"","",""
vine_dls_clnclth,Integer,0,,Recommended,"","0; 1; 2; N; DK",,"","",""
vine_dls_clnroom,Integer,0,,Recommended,"","0; 1; 2; N; DK",,"","",""
vine_dls_clock,Integer,0,,Recommended,"","0; 1; 2; N; DK",,"","",""
vine_dls_clothes,Integer,0,,Recommended,"","0; 1; 2; N; DK",,"","",""
vine_dls_clrbrk,Integer,0,,Recommended,"","0; 1; 2; N; DK",,"","",""
vine_dls_coin,Integer,0,,Recommended,"","0; 1; 2; N; DK",,"","",""
vine_dls_count,Integer,0,,Recommended,"","0; 1; 2; N; DK",,"","",""
vine_dls_covers,Integer,0,,Recommended,"","0; 1; 2; N; DK",,"","",""
vine_dls_crackers,Integer,0,,Recommended,"","0; 1; 2; N; DK",,"","",""
vine_dls_d_ae,Float,0,,Recommended,"","1 - 227",,"","",""
vine_dls_d_al,String,15,,Recommended,"","",,"Nulled value range of:   High;Moderately High;Adequate;Moderately Low;Low to accept outlier data","",""
vine_dls_d_raw,Integer,0,,Recommended,"","0 - 42",,"","",""
vine_dls_date,Integer,0,,Recommended,"","0; 1; 2; N; DK",,"","",""
vine_dls_deftoilet,Integer,0,,Recommended,"","0; 1; 2; N; DK",,"","",""
vine_dls_delayed,Integer,0,,Recommended,"","0; 1; 2; N; DK",,"","",""
vine_dls_dress,Integer,0,,Recommended,"","0; 1; 2; N; DK",,"","",""
vine_dls_dresscom,Integer,0,,Recommended,"","0; 1; 2; N; DK",,"","",""
vine_dls_drinks,Integer,0,,Recommended,"","0; 1; 2; N; DK",,"","",""
vine_dls_earns,Integer,0,,Recommended,"","0; 1; 2; N; DK",,"","",""
vine_dls_emerge,Integer,0,,Recommended,"","0; 1; 2; N; DK",,"","",""
vine_dls_err,Integer,0,,Recommended,"","",,"","",""
vine_dls_errhigh,Integer,0,,Recommended,"","",,"","",""
vine_dls_errlow,Integer,0,,Recommended,"","",,"","",""
vine_dls_expenses,Integer,0,,Recommended,"","0; 1; 2; N; DK",,"","",""
vine_dls_fasten,Integer,0,,Recommended,"","0; 1; 2; N; DK",,"","",""
vine_dls_feedfork,Integer,0,,Recommended,"","0; 1; 2; N; DK",,"","",""
vine_dls_feedspn,Integer,0,,Recommended,"","0; 1; 2; N; DK",,"","",""
vine_dls_fingernail,Integer,0,,Recommended,"","0; 1; 2; N; DK",,"","",""
vine_dls_foodprep,Integer,0,,Recommended,"","0; 1; 2; N; DK",,"","",""
vine_dls_frntopen,Integer,0,,Recommended,"","0; 1; 2; N; DK",,"","",""
vine_dls_fulltime,Integer,0,,Recommended,"","0; 1; 2; N; DK",,"","",""
vine_dls_haircare,Integer,0,,Recommended,"","0; 1; 2; N; DK",,"","",""
vine_dls_health,Integer,0,,Recommended,"","0; 1; 2; N; DK",,"","",""
vine_dls_hlpchore,Integer,0,,Recommended,"","0; 1; 2; N; DK",,"","",""
vine_dls_hot,Integer,0,,Recommended,"","0; 1; 2; N; DK",,"","",""
vine_dls_illness,Integer,0,,Recommended,"","0; 1; 2; N; DK",,"","",""
vine_dls_indwet,Integer,0,,Recommended,"","0; 1; 2; N; DK",,"","",""
vine_dls_initcalls,Integer,0,,Recommended,"","0; 1; 2; N; DK",,"","",""
vine_dls_leftright,Integer,0,,Recommended,"","0; 1; 2; N; DK",,"","",""
vine_dls_makesbed,Integer,0,,Recommended,"","0; 1; 2; N; DK",,"","",""
vine_dls_manages,Integer,0,,Recommended,"","0; 1; 2; N; DK",,"","",""
vine_dls_money,Integer,0,,Recommended,"","0; 1; 2; N; DK",,"","",""
vine_dls_muddy,Integer,0,,Recommended,"","0; 1; 2; N; DK",,"","",""
vine_dls_nighttt,Integer,0,,Recommended,"","0; 1; 2; N; DK",,"","",""
vine_dls_nose,Integer,0,,Recommended,"","0; 1; 2; N; DK",,"","",""
vine_dls_obeylight,Integer,0,,Recommended,"","0; 1; 2; N; DK",,"","",""
vine_dls_opnmouth,Integer,0,,Recommended,"","0; 1; 2; N; DK",,"","",""
vine_dls_orders,Integer,0,,Recommended,"","0; 1; 2; N; DK",,"","",""
vine_dls_p_ae,Float,0,,Recommended,"","1 - 227",,"","",""
vine_dls_p_al,String,15,,Recommended,"","",,"Nulled value range of:   High;Moderately High;Adequate;Moderately Low;Low to accept outlier data","",""
vine_dls_p_raw,Integer,0,,Recommended,"","0 - 78",,"","",""
vine_dls_payphone,Integer,0,,Recommended,"","0; 1; 2; N; DK",,"","",""
vine_dls_phone,Integer,0,,Recommended,"","0; 1; 2; N; DK",,"","",""
vine_dls_plansmeal,Integer,0,,Recommended,"","0; 1; 2; N; DK",,"","",""
vine_dls_prank,Float,0,,Recommended,"","0 - 100",,"","",""
vine_dls_prepwoa,Integer,0,,Recommended,"","0; 1; 2; N; DK",,"","",""
vine_dls_pullup,Integer,0,,Recommended,"","0; 1; 2; N; DK",,"","",""
vine_dls_putsaway,Integer,0,,Recommended,"","0; 1; 2; N; DK",,"","",""
vine_dls_raw,Integer,0,,Recommended,"","0 - 184",,"","",""
vine_dls_recrea,Integer,0,,Recommended,"","0; 1; 2; N; DK",,"","",""
vine_dls_repairs,Integer,0,,Recommended,"","0; 1; 2; N; DK",,"","",""
vine_dls_seatbelt,Integer,0,,Recommended,"","0; 1; 2; N; DK",,"","",""
vine_dls_setstblwa,Integer,0,,Recommended,"","0; 1; 2; N; DK",,"","",""
vine_dls_setstblwoa,Integer,0,,Recommended,"","0; 1; 2; N; DK",,"","",""
vine_dls_sewsask,Integer,0,,Recommended,"","0; 1; 2; N; DK",,"","",""
vine_dls_sewwoa,Integer,0,,Recommended,"","0; 1; 2; N; DK",,"","",""
vine_dls_shoes,Integer,0,,Recommended,"","0; 1; 2; N; DK",,"","",""
vine_dls_showers,Integer,0,,Recommended,"","0; 1; 2; N; DK",,"","",""
vine_dls_solidfood,Integer,0,,Recommended,"","0; 1; 2; N; DK",,"","",""
vine_dls_spnfrkknf,Integer,0,,Recommended,"","0; 1; 2; N; DK",,"","",""
vine_dls_spnmouth,Integer,0,,Recommended,"","0; 1; 2; N; DK",,"","",""
vine_dls_ss,Float,0,,Recommended,"","20 - 160",,"","",""
vine_dls_stan,Integer,0,,Recommended,"","",,"","",""
vine_dls_statesday,Integer,0,,Recommended,"","0; 1; 2; N; DK",,"","",""
vine_dls_stove,Integer,0,,Recommended,"","0; 1; 2; N; DK",,"","",""
vine_dls_straight,Integer,0,,Recommended,"","0; 1; 2; N; DK",,"","",""
vine_dls_strangers,Integer,0,,Recommended,"","0; 1; 2; N; DK",,"","",""
vine_dls_straw,Integer,0,,Recommended,"","0; 1; 2; N; DK",,"","",""
vine_dls_sweeps,Integer,0,,Recommended,"","0; 1; 2; N; DK",,"","",""
vine_dls_tapwater,Integer,0,,Recommended,"","0; 1; 2; N; DK",,"","",""
vine_dls_tellstime,Integer,0,,Recommended,"","0; 1; 2; N; DK",,"","",""
vine_dls_tieslaces,Integer,0,,Recommended,"","0; 1; 2; N; DK",,"","",""
vine_dls_timelimits,Integer,0,,Recommended,"","0; 1; 2; N; DK",,"","",""
vine_dls_tools,Integer,0,,Recommended,"","0; 1; 2; N; DK",,"","",""
vine_dls_tophone,Integer,0,,Recommended,"","0; 1; 2; N; DK",,"","",""
vine_dls_towel,Integer,0,,Recommended,"","0; 1; 2; N; DK",,"","",""
vine_dls_urintoilet,Integer,0,,Recommended,"","0; 1; 2; N; DK",,"","",""
vine_dls_wash,Integer,0,,Recommended,"","0; 1; 2; N; DK",,"","",""
vine_dls_weather,Integer,0,,Recommended,"","0; 1; 2; N; DK",,"","",""
vine_dls_wipenose,Integer,0,,Recommended,"","0; 1; 2; N; DK",,"","",""
vine_dls_wospill,Integer,0,,Recommended,"","0; 1; 2; N; DK",,"","",""
vine_dls_xstreet,Integer,0,,Recommended,"","0; 1; 2; N; DK",,"","",""
vine_dls_xstreeta,Integer,0,,Recommended,"","0; 1; 2; N; DK",,"","",""
vine_mal_1_raw,Integer,0,,Recommended,"","0 - 54",,"","",""
vine_mal_2_raw,Integer,0,,Recommended,"","0 - 18",,"","",""
vine_mal_active,Integer,0,,Recommended,"","0; 1; 2",,"","",""
vine_mal_anxiety,Integer,0,,Recommended,"","0; 1; 2",,"","",""
vine_mal_avoids,Integer,0,,Recommended,"","0; 1; 2",,"","",""
vine_mal_bitesfngr,Integer,0,,Recommended,"","0; 1; 2",,"","",""
vine_mal_bizarre,Integer,0,,Recommended,"","0; 1; 2",,"","",""
vine_mal_bizarre_i,Integer,0,,Recommended,"","0; 1; 2",,"","",""
vine_mal_consider,Integer,0,,Recommended,"","0; 1; 2",,"","",""
vine_mal_cries,Integer,0,,Recommended,"","0; 1; 2",,"","",""
vine_mal_depend,Integer,0,,Recommended,"","0; 1; 2",,"","",""
vine_mal_destroy,Integer,0,,Recommended,"","0; 1; 2",,"","",""
vine_mal_destroy_i,Integer,0,,Recommended,"","0; 1; 2",,"","",""
vine_mal_eatdist,Integer,0,,Recommended,"","0; 1; 2",,"","",""
vine_mal_exunhap,Integer,0,,Recommended,"","0; 1; 2",,"","",""
vine_mal_grndteeth,Integer,0,,Recommended,"","0; 1; 2",,"","",""
vine_mal_impulsive,Integer,0,,Recommended,"","0; 1; 2",,"","",""
vine_mal_level,String,15,,Recommended,"","",,"Nulled value range of:   Nonspecific;Intermediate;Significant to accept outlier data","",""
vine_mal_lies,Integer,0,,Recommended,"","0; 1; 2",,"","",""
vine_mal_manner,Integer,0,,Recommended,"","0; 1; 2",,"","",""
vine_mal_manner_i,Integer,0,,Recommended,"","0; 1; 2",,"","",""
vine_mal_negativ,Integer,0,,Recommended,"","0; 1; 2",,"","",""
vine_mal_phyagg,Integer,0,,Recommended,"","0; 1; 2",,"","",""
vine_mal_pooreye,Integer,0,,Recommended,"","0; 1; 2",,"","",""
vine_mal_prconcen,Integer,0,,Recommended,"","0; 1; 2",,"","",""
vine_mal_preocc,Integer,0,,Recommended,"","0; 1; 2",,"","",""
vine_mal_preocc_i,Integer,0,,Recommended,"","0; 1; 2",,"","",""
vine_mal_raw,Integer,0,,Recommended,"","0 - 75",,"","",""
vine_mal_rhmbfngr,Integer,0,,Recommended,"","0; 1; 2",,"","",""
vine_mal_rocks,Integer,0,,Recommended,"","0; 1; 2",,"","",""
vine_mal_rocks_i,Integer,0,,Recommended,"","",,"","",""
vine_mal_runsaway,Integer,0,,Recommended,"","0; 1; 2",,"","",""
vine_mal_selfinjur,Integer,0,,Recommended,"","0; 1; 2",,"","",""
vine_mal_selfinjur_i,Integer,0,,Recommended,"","0; 1; 2",,"","",""
vine_mal_sexbehav,Integer,0,,Recommended,"","0; 1; 2",,"","",""
vine_mal_sexbehav_i,Integer,0,,Recommended,"","0; 1; 2",,"","",""
vine_mal_sleepdis,Integer,0,,Recommended,"","0; 1; 2",,"","",""
vine_mal_stubborn,Integer,0,,Recommended,"","0; 1; 2",,"","",""
vine_mal_swears,Integer,0,,Recommended,"","0; 1; 2",,"","",""
vine_mal_teases,Integer,0,,Recommended,"","0; 1; 2",,"","",""
vine_mal_temper,Integer,0,,Recommended,"","0; 1; 2",,"","",""
vine_mal_thoughts,Integer,0,,Recommended,"","0; 1; 2",,"","",""
vine_mal_thoughts_i,Integer,0,,Recommended,"","0; 1; 2",,"","",""
vine_mal_tics,Integer,0,,Recommended,"","0; 1; 2",,"","",""
vine_mal_truant,Integer,0,,Recommended,"","0; 1; 2",,"","",""
vine_mal_unaware,Integer,0,,Recommended,"","0; 1; 2",,"","",""
vine_mal_unaware_i,Integer,0,,Recommended,"","0; 1; 2",,"","",""
vine_mal_wetsbed,Integer,0,,Recommended,"","0; 1; 2",,"","",""
vine_mal_withdraw,Integer,0,,Recommended,"","0; 1; 2",,"","",""
vine_mot_ae,Float,0,,Recommended,"","1 - 227",,"","",""
vine_mot_al,String,15,,Recommended,"","",,"Nulled value range of:   High;Moderately High;Adequate;Moderately Low;Low to accept outlier data","",""
vine_mot_builds,Integer,0,,Recommended,"","0; 1; 2; N; DK",,"","",""
vine_mot_catches,Integer,0,,Recommended,"","0; 1; 2; N; DK",,"","",""
vine_mot_climbs,Integer,0,,Recommended,"","0; 1; 2; N; DK",,"","",""
vine_mot_crawls,Integer,0,,Recommended,"","0; 1; 2; N; DK",,"","",""
vine_mot_cutcomp,Integer,0,,Recommended,"","0; 1; 2; N; DK",,"","",""
vine_mot_cuts,Integer,0,,Recommended,"","0; 1; 2; N; DK",,"","",""
vine_mot_cutsline,Integer,0,,Recommended,"","0; 1; 2; N; DK",,"","",""
vine_mot_door,Integer,0,,Recommended,"","0; 1; 2; N; DK",,"","",""
vine_mot_downstrs,Integer,0,,Recommended,"","0; 1; 2; N; DK",,"","",""
vine_mot_draws,Integer,0,,Recommended,"","0; 1; 2; N; DK",,"","",""
vine_mot_drknobs,Integer,0,,Recommended,"","0; 1; 2; N; DK",,"","",""
vine_mot_dstairsaf,Integer,0,,Recommended,"","0; 1; 2; N; DK",,"","",""
vine_mot_eraser,Integer,0,,Recommended,"","0; 1; 2; N; DK",,"","",""
vine_mot_err,Integer,0,,Recommended,"","",,"","",""
vine_mot_errhigh,Integer,0,,Recommended,"","",,"","",""
vine_mot_errlow,Integer,0,,Recommended,"","",,"","",""
vine_mot_f_ae,Float,0,,Recommended,"","1 - 227",,"","",""
vine_mot_f_al,String,15,,Recommended,"","",,"Nulled value range of:   High;Moderately High;Adequate;Moderately Low;Low to accept outlier data","",""
vine_mot_f_raw,Integer,0,,Recommended,"","0 - 32",,"","",""
vine_mot_g_ae,Float,0,,Recommended,"","1 - 227",,"","",""
vine_mot_g_al,String,15,,Recommended,"","",,"Nulled value range of:   High;Moderately High;Adequate;Moderately Low;Low to accept outlier data","",""
vine_mot_g_raw,Integer,0,,Recommended,"","0 - 40",,"","",""
vine_mot_head,Integer,0,,Recommended,"","0; 1; 2; N; DK",,"","",""
vine_mot_hopfrwrd,Integer,0,,Recommended,"","0; 1; 2; N; DK",,"","",""
vine_mot_hops,Integer,0,,Recommended,"","0; 1; 2; N; DK",,"","",""
vine_mot_hops3x,Integer,0,,Recommended,"","0; 1; 2; N; DK",,"","",""
vine_mot_hplayeq,Integer,0,,Recommended,"","0; 1; 2; N; DK",,"","",""
vine_mot_jumps,Integer,0,,Recommended,"","0; 1; 2; N; DK",,"","",""
vine_mot_marks,Integer,0,,Recommended,"","0; 1; 2; N; DK",,"","",""
vine_mot_opens,Integer,0,,Recommended,"","0; 1; 2; N; DK",,"","",""
vine_mot_pckup,Integer,0,,Recommended,"","0; 1; 2; N; DK",,"","",""
vine_mot_pedals,Integer,0,,Recommended,"","0; 1; 2; N; DK",,"","",""
vine_mot_playeq,Integer,0,,Recommended,"","0; 1; 2; N; DK",,"","",""
vine_mot_prank,Float,0,,Recommended,"","1 - 100",,"","",""
vine_mot_puzzle,Integer,0,,Recommended,"","0; 1; 2; N; DK",,"","",""
vine_mot_raises,Integer,0,,Recommended,"","0; 1; 2; N; DK",,"","",""
vine_mot_raw,Integer,0,,Recommended,"","0 - 72",,"","",""
vine_mot_rides,Integer,0,,Recommended,"","0; 1; 2; N; DK",,"","",""
vine_mot_rollsball,Integer,0,,Recommended,"","0; 1; 2; N; DK",,"","",""
vine_mot_screws,Integer,0,,Recommended,"","0; 1; 2; N; DK",,"","",""
vine_mot_sits,Integer,0,,Recommended,"","0; 1; 2; N; DK",,"","",""
vine_mot_ss,Float,0,,Recommended,"","20 - 160",,"","",""
vine_mot_stan,Integer,0,,Recommended,"","",,"","",""
vine_mot_thmbfngr,Integer,0,,Recommended,"","0; 1; 2; N; DK",,"","",""
vine_mot_transobj,Integer,0,,Recommended,"","0; 1; 2; N; DK",,"","",""
vine_mot_turns,Integer,0,,Recommended,"","0; 1; 2; N; DK",,"","",""
vine_mot_unlocks,Integer,0,,Recommended,"","0; 1; 2; N; DK",,"","",""
vine_mot_upstrs,Integer,0,,Recommended,"","0; 1; 2; N; DK",,"","",""
vine_mot_walks,Integer,0,,Recommended,"","0; 1; 2; N; DK",,"","",""
vine_soc_addname,Integer,0,,Recommended,"","0; 1; 2; N; DK",,"","",""
vine_soc_ae,Float,0,,Recommended,"","1 - 227",,"","",""
vine_soc_affection,Integer,0,,Recommended,"","0; 1; 2; N; DK",,"","",""
vine_soc_al,String,15,,Recommended,"","",,"Value range was removed as data did not consistently follow appropriate value range formats - DJH 10-05-2010","",""
vine_soc_anticip,Integer,0,,Recommended,"","0; 1; 2; N; DK",,"","",""
vine_soc_apologize,Integer,0,,Recommended,"","0; 1; 2; N; DK",,"","",""
vine_soc_appoint,Integer,0,,Recommended,"","0; 1; 2; N; DK",,"","",""
vine_soc_bfss,Integer,0,,Recommended,"","0; 1; 2; N; DK",,"","",""
vine_soc_birthday,Integer,0,,Recommended,"","0; 1; 2; N; DK",,"","",""
vine_soc_c_ae,Float,0,,Recommended,"","1 - 227",,"","",""
vine_soc_c_al,String,15,,Recommended,"","",,"High;Moderately High;Adequate;Moderately Low;Low","",""
vine_soc_c_raw,Integer,0,,Recommended,"","0 - 36",,"","",""
vine_soc_charac,Integer,0,,Recommended,"","0; 1; 2; N; DK",,"","",""
vine_soc_commrls,Integer,0,,Recommended,"","0; 1; 2; N; DK",,"","",""
vine_soc_conseq,Integer,0,,Recommended,"","0; 1; 2; N; DK",,"","",""
vine_soc_controls,Integer,0,,Recommended,"","0; 1; 2; N; DK",,"","",""
vine_soc_desire,Integer,0,,Recommended,"","0; 1; 2; N; DK",,"","",""
vine_soc_disting,Integer,0,,Recommended,"","0; 1; 2; N; DK",,"","",""
vine_soc_dtdates,Integer,0,,Recommended,"","0; 1; 2; N; DK",,"","",""
vine_soc_emotion,Integer,0,,Recommended,"","0; 1; 2; N; DK",,"","",""
vine_soc_endconv,Integer,0,,Recommended,"","0; 1; 2; N; DK",,"","",""
vine_soc_err,Integer,0,,Recommended,"","",,"","",""
vine_soc_errhigh,Integer,0,,Recommended,"","",,"","",""
vine_soc_errlow,Integer,0,,Recommended,"","",,"","",""
vine_soc_fdmouth,Integer,0,,Recommended,"","0; 1; 2; N; DK",,"","",""
vine_soc_fortune,Integer,0,,Recommended,"","0; 1; 2; N; DK",,"","",""
vine_soc_gamerls,Integer,0,,Recommended,"","0; 1; 2; N; DK",,"","",""
vine_soc_gifts,Integer,0,,Recommended,"","0; 1; 2; N; DK",,"","",""
vine_soc_grpfrnds,Integer,0,,Recommended,"","0; 1; 2; N; DK",,"","",""
vine_soc_hints,Integer,0,,Recommended,"","0; 1; 2; N; DK",,"","",""
vine_soc_hobby,Integer,0,,Recommended,"","0; 1; 2; N; DK",,"","",""
vine_soc_i_ae,Float,0,,Recommended,"","1 - 227",,"","",""
vine_soc_i_al,String,15,,Recommended,"","",,"Value range was removed as data did not consistently follow value range format 
DJH 10-05-201","",""
vine_soc_i_raw,Integer,0,,Recommended,"","0 - 56",,"","",""
vine_soc_imitcompl,Integer,0,,Recommended,"","0; 1; 2; N; DK",,"","",""
vine_soc_imitphrs,Integer,0,,Recommended,"","0; 1; 2; N; DK",,"","",""
vine_soc_initconv,Integer,0,,Recommended,"","0; 1; 2; N; DK",,"","",""
vine_soc_internov,Integer,0,,Recommended,"","0; 1; 2; N; DK",,"","",""
vine_soc_interoth,Integer,0,,Recommended,"","0; 1; 2; N; DK",,"","",""
vine_soc_interpeer,Integer,0,,Recommended,"","0; 1; 2; N; DK",,"","",""
vine_soc_judge,Integer,0,,Recommended,"","0; 1; 2; N; DK",,"","",""
vine_soc_kpsecret,Integer,0,,Recommended,"","0; 1; 2; N; DK",,"","",""
vine_soc_labels,Integer,0,,Recommended,"","0; 1; 2; N; DK",,"","",""
vine_soc_laugh,Integer,0,,Recommended,"","0; 1; 2; N; DK",,"","",""
vine_soc_lkfacecg,Integer,0,,Recommended,"","0; 1; 2; N; DK",,"","",""
vine_soc_mkblv,Integer,0,,Recommended,"","0; 1; 2; N; DK",,"","",""
vine_soc_nevntwoa,Integer,0,,Recommended,"","0; 1; 2; N; DK",,"","",""
vine_soc_oppsex,Integer,0,,Recommended,"","0; 1; 2; N; DK",,"","",""
vine_soc_organ,Integer,0,,Recommended,"","0; 1; 2; N; DK",,"","",""
vine_soc_p_ae,Float,0,,Recommended,"","1 - 227",,"","",""
vine_soc_p_al,String,15,,Recommended,"","",,"High;Moderately High;Adequate;Moderately Low;Low","",""
vine_soc_p_raw,Integer,0,,Recommended,"","0 - 40",,"","",""
vine_soc_partic,Integer,0,,Recommended,"","0; 1; 2; N; DK",,"","",""
vine_soc_playgm,Integer,0,,Recommended,"","0; 1; 2; N; DK",,"","",""
vine_soc_playinter,Integer,0,,Recommended,"","0; 1; 2; N; DK",,"","",""
vine_soc_playwtoy,Integer,0,,Recommended,"","0; 1; 2; N; DK",,"","",""
vine_soc_please,Integer,0,,Recommended,"","0; 1; 2; N; DK",,"","",""
vine_soc_prank,Float,0,,Recommended,"","0 - 100",,"","",""
vine_soc_pref,Integer,0,,Recommended,"","0; 1; 2; N; DK",,"","",""
vine_soc_preffrnd,Integer,0,,Recommended,"","0; 1; 2; N; DK",,"","",""
vine_soc_raw,Integer,0,,Recommended,"","0 - 132",,"","",""
vine_soc_reach,Integer,0,,Recommended,"","0; 1; 2; N; DK",,"","",""
vine_soc_refrains,Integer,0,,Recommended,"","0; 1; 2; N; DK",,"","",""
vine_soc_repaym,Integer,0,,Recommended,"","0; 1; 2; N; DK",,"","",""
vine_soc_rtrnpeers,Integer,0,,Recommended,"","0; 1; 2; N; DK",,"","",""
vine_soc_schlrls,Integer,0,,Recommended,"","0; 1; 2; N; DK",,"","",""
vine_soc_sdates,Integer,0,,Recommended,"","0; 1; 2; N; DK",,"","",""
vine_soc_secrets1,Integer,0,,Recommended,"","0; 1; 2; N; DK",,"","",""
vine_soc_sevntaa,Integer,0,,Recommended,"","0; 1; 2; N; DK",,"","",""
vine_soc_sevntwoa,Integer,0,,Recommended,"","0; 1; 2; N; DK",,"","",""
vine_soc_shares,Integer,0,,Recommended,"","0; 1; 2; N; DK",,"","",""
vine_soc_smove,Integer,0,,Recommended,"","0; 1; 2; N; DK",,"","",""
vine_soc_sports,Integer,0,,Recommended,"","0; 1; 2; N; DK",,"","",""
vine_soc_ss,Float,0,,Recommended,"","20 - 160",,"","",""
vine_soc_stan,Integer,0,,Recommended,"","",,"","",""
vine_soc_strangers,Integer,0,,Recommended,"","0; 1; 2; N; DK",,"","",""
vine_soc_tblmann,Integer,0,,Recommended,"","0; 1; 2; N; DK",,"","",""
vine_soc_timelimit,Integer,0,,Recommended,"","0; 1; 2; N; DK",,"","",""
vine_soc_tv,Integer,0,,Recommended,"","0; 1; 2; N; DK",,"","",""
vine_soc_tvday,Integer,0,,Recommended,"","0; 1; 2; N; DK",,"","",""
vine_soc_tvinterest,Integer,0,,Recommended,"","0; 1; 2; N; DK",,"","",""
vine_soc_tvnews,Integer,0,,Recommended,"","0; 1; 2; N; DK",,"","",""
vine_soc_usecom,Integer,0,,Recommended,"","0; 1; 2; N; DK",,"","",""
vine_soc_voice,Integer,0,,Recommended,"","0; 1; 2; N; DK",,"","",""
vine_sum_ss,Integer,0,,Recommended,"","80 - 640",,"","",""
vine_version,String,35,,Recommended,"","",,"","",""
