ElementName,DataType,Size,Unit,Required,ElementDescription,ValueRange,Keywords,Notes,Section,Aliases
subjectkey,GUID,0,,Required,"","NDAR*",,"","",""
interview_date,Date,0,,Recommended,"","MM/yyyy;MM/dd/yyyy",,"* '01/01/1900' indicates that a date associated with retrospective data is not known.","","wisc_date"
cycle,Integer,0,,Recommended,"","",,"","",""
patid,String,20,,Recommended,"","",,"Patient IDs were assigned at the research site for CPEA and STAART","",""
network,String,20,,Recommended,"","",,"CPEA or STAART Network","",""
site,String,20,,Recommended,"","",,"CPEA or STAART Site","",""
study,String,100,,Recommended,"","",,"CPEA or STAART Study","",""
wisc_age,Integer,0,,Recommended,"","",,"","",""
wisc_ar_apples,Integer,0,,Recommended,"","0;1",,"","",""
wisc_ar_balloons,Integer,0,,Recommended,"","0; 1",,"","",""
wisc_ar_bicycle,Integer,0,,Recommended,"","0; 1; 2",,"","",""
wisc_ar_birds,Integer,0,,Recommended,"","0;1",,"","",""
wisc_ar_books,Integer,0,,Recommended,"","0;1",,"","",""
wisc_ar_butterfly,Integer,0,,Recommended,"","0; 1",,"","",""
wisc_ar_candy,Integer,0,,Recommended,"","0;1",,"","",""
wisc_ar_cars,Integer,0,,Recommended,"","0; 1; 2",,"","",""
wisc_ar_change,Integer,0,,Recommended,"","0; 1",,"","",""
wisc_ar_chicks,Integer,0,,Recommended,"","0; 1",,"","",""
wisc_ar_class,Integer,0,,Recommended,"","0; 1",,"","",""
wisc_ar_cookies,Integer,0,,Recommended,"","0;1",,"","",""
wisc_ar_cows,Integer,0,,Recommended,"","0; 1",,"","",""
wisc_ar_crayons,Integer,0,,Recommended,"","0;1",,"","",""
wisc_ar_drive,Integer,0,,Recommended,"","0; 1",,"","",""
wisc_ar_flight,Integer,0,,Recommended,"","0; 1",,"","",""
wisc_ar_fs,Integer,0,,Recommended,"","",,"","",""
wisc_ar_game,Integer,0,,Recommended,"","0; 1",,"","",""
wisc_ar_magaz,Integer,0,,Recommended,"","0; 1",,"","",""
wisc_ar_markers,Integer,0,,Recommended,"","0; 1",,"","",""
wisc_ar_money,Integer,0,,Recommended,"","0; 1; 2",,"","",""
wisc_ar_nuts,Integer,0,,Recommended,"","0; 1",,"","",""
wisc_ar_pencils,Integer,0,,Recommended,"","0;1",,"","",""
wisc_ar_pennies,Integer,0,,Recommended,"","0;1",,"","",""
wisc_ar_pens,Integer,0,,Recommended,"","0; 1; 2",,"","",""
wisc_ar_pieces,Integer,0,,Recommended,"","0; 1",,"","",""
wisc_ar_points,Integer,0,,Recommended,"","0; 1",,"","",""
wisc_ar_rawscre,Integer,0,,Recommended,"","",,"","",""
wisc_ar_ribbons,Integer,0,,Recommended,"","0; 1",,"","",""
wisc_ar_ss,Integer,0,,Recommended,"","",,"","",""
wisc_ar_stickers,Integer,0,,Recommended,"","0; 1",,"","",""
wisc_ar_students,Integer,0,,Recommended,"","0; 1",,"","",""
wisc_ar_temp,Integer,0,,Recommended,"","0; 1",,"","",""
wisc_ar_trees,Integer,0,,Recommended,"","0;1",,"","",""
wisc_ar_wash,Integer,0,,Recommended,"","0; 1",,"","",""
wisc_ar_watching,Integer,0,,Recommended,"","0; 1",,"","",""
wisc_ar_work,Integer,0,,Recommended,"","0; 1",,"","",""
wisc_bd_1,Integer,0,,Recommended,"","0; 1; 2",,"","",""
wisc_bd_10,Integer,0,,Recommended,"","0; 4; 5; 6; 7",,"","",""
wisc_bd_11,Integer,0,,Recommended,"","0; 4; 5; 6; 7",,"","",""
wisc_bd_12,Integer,0,,Recommended,"","0; 4; 5; 6; 7",,"","",""
wisc_bd_13,Integer,0,,Recommended,"","0;4;5;6;7",,"","",""
wisc_bd_14,Integer,0,,Recommended,"","0;4;5;6;7",,"","",""
wisc_bd_2,Integer,0,,Recommended,"","0; 1; 2",,"","",""
wisc_bd_3,Integer,0,,Recommended,"","0; 1; 2",,"","",""
wisc_bd_4,Integer,0,,Recommended,"","0; 4; 5; 6; 7",,"","",""
wisc_bd_5,Integer,0,,Recommended,"","0; 4; 5; 6; 7",,"","",""
wisc_bd_6,Integer,0,,Recommended,"","0; 4; 5; 6; 7",,"","",""
wisc_bd_7,Integer,0,,Recommended,"","0; 4; 5; 6; 7",,"","",""
wisc_bd_8,Integer,0,,Recommended,"","0; 4; 5; 6; 7",,"","",""
wisc_bd_9,Integer,0,,Recommended,"","0; 4; 5; 6; 7",,"","",""
wisc_bd_ae,Integer,0,,Recommended,"","",,"","",""
wisc_bd_bdn,Integer,0,,Recommended,"","0  50",,"","",""
isc_bd_bdn,Integer,0,,Recommended,"","0  50",,"","",""wisc_bd_fs,Integer,0,,Recommended,"","",,"","",""
wisc_bd_rawscre,Integer,0,,Recommended,"","",,"","",""
wisc_bd_ss,Integer,0,,Recommended,"","",,"","",""
wisc_ca_rawscre,Integer,0,,Recommended,"","0  136",,"","",""
isc_ca_rawscre,Integer,0,,Recommended,"","0  136",,"","",""wisc_ca_rdm_raw,Integer,0,,Recommended,"","0  68",,"","",""
isc_ca_rdm_raw,Integer,0,,Recommended,"","0  68",,"","",""wisc_ca_ss,Integer,0,,Recommended,"","",,"","",""
wisc_ca_str_raw,Integer,0,,Recommended,"","0  68",,"","",""
isc_ca_str_raw,Integer,0,,Recommended,"","0  68",,"","",""wisc_cd,Integer,0,,Recommended,"","",,"","",""
wisc_cd_fs,Integer,0,,Recommended,"","",,"","",""
wisc_cd_rawscre,Integer,0,,Recommended,"","",,"","",""
wisc_cd_ss,Integer,0,,Recommended,"","",,"","",""
wisc_ci_per,Integer,0,,Recommended,"","",,"Nulled value range of:   90; 95 to accept outlier data","",""
wisc_co_apolo,Integer,0,,Recommended,"","0; 1; 2",,"","",""
wisc_co_comm,Integer,0,,Recommended,"","0; 1; 2",,"","",""
wisc_co_copy,Integer,0,,Recommended,"","0; 1; 2",,"","",""
wisc_co_demo,Integer,0,,Recommended,"","0; 1; 2",,"","",""
wisc_co_doct,Integer,0,,Recommended,"","0; 1; 2",,"","",""
wisc_co_exer,Integer,0,,Recommended,"","0; 1; 2",,"","",""
wisc_co_fight,Integer,0,,Recommended,"","0; 1; 2",,"","",""
wisc_co_fs,Integer,0,,Recommended,"","",,"","",""
wisc_co_inspect,Integer,0,,Recommended,"","0; 1; 2",,"","",""
wisc_co_librar,Integer,0,,Recommended,"","0; 1; 2",,"","",""
wisc_co_lights,Integer,0,,Recommended,"","0; 1; 2",,"","",""
wisc_co_news,Integer,0,,Recommended,"","0; 1; 2",,"","",""
wisc_co_owning,Integer,0,,Recommended,"","0; 1; 2",,"","",""
wisc_co_police,Integer,0,,Recommended,"","0; 1; 2",,"","",""
wisc_co_prom,Integer,0,,Recommended,"","0; 1; 2",,"","",""
wisc_co_rawscre,Integer,0,,Recommended,"","",,"","",""
wisc_co_seat,Integer,0,,Recommended,"","0; 1; 2",,"","",""
wisc_co_smoke,Integer,0,,Recommended,"","0; 1; 2",,"","",""
wisc_co_ss,Integer,0,,Recommended,"","",,"","",""
wisc_co_stamps,Integer,0,,Recommended,"","0; 1; 2",,"","",""
wisc_co_tech,Integer,0,,Recommended,"","0; 1; 2",,"","",""
wisc_co_teeth,Integer,0,,Recommended,"","0; 1; 2",,"","",""
wisc_co_veg,Integer,0,,Recommended,"","0; 1; 2",,"","",""
wisc_co_wallet,Integer,0,,Recommended,"","0; 1; 2",,"","",""
wisc_ss_1,Integer,0,,Recommended,"","",,"","",""
wisc_ds_b1,Integer,0,,Recommended,"","0; 1; 2",,"","",""
wisc_ds_b2,Integer,0,,Recommended,"","0; 1; 2",,"","",""
wisc_ds_b3,Integer,0,,Recommended,"","0; 1; 2",,"","",""
wisc_ds_b4,Integer,0,,Recommended,"","0; 1; 2",,"","",""
wisc_ds_b5,Integer,0,,Recommended,"","0; 1; 2",,"","",""
wisc_ds_b6,Integer,0,,Recommended,"","0; 1; 2",,"","",""
wisc_ds_b7,Integer,0,,Recommended,"","0; 1; 2",,"","",""
wisc_ds_b8,Integer,0,,Recommended,"","0; 1; 2",,"","",""
wisc_ds_f1,Integer,0,,Recommended,"","0; 1; 2",,"","",""
wisc_ds_f2,Integer,0,,Recommended,"","0; 1; 2",,"","",""
wisc_ds_f3,Integer,0,,Recommended,"","0; 1; 2",,"","",""
wisc_ds_f4,Integer,0,,Recommended,"","0; 1; 2",,"","",""
wisc_ds_f5,Integer,0,,Recommended,"","0; 1; 2",,"","",""
wisc_ds_f6,Integer,0,,Recommended,"","0; 1; 2",,"","",""
wisc_ds_f7,Integer,0,,Recommended,"","0; 1; 2",,"","",""
wisc_ds_f8,Integer,0,,Recommended,"","0; 1; 2",,"","",""
wisc_ds_fs,Integer,0,,Recommended,"","",,"","",""
wisc_ds_ldsb,Integer,0,,Recommended,"","0  8",,"","",""
isc_ds_ldsb,Integer,0,,Recommended,"","0  8",,"","",""wisc_ds_ldsf,Integer,0,,Recommended,"","0  9",,"","",""
isc_ds_ldsf,Integer,0,,Recommended,"","0  9",,"","",""wisc_ds_rawb,Integer,0,,Recommended,"","0  14",,"","",""
isc_ds_rawb,Integer,0,,Recommended,"","0  14",,"","",""wisc_ds_rawf,Integer,0,,Recommended,"","0  16",,"","",""
isc_ds_rawf,Integer,0,,Recommended,"","0  16",,"","",""wisc_ds_rawscre,Integer,0,,Recommended,"","",,"","",""
wisc_ds_ss,Integer,0,,Recommended,"","",,"","",""
wisc_fs_ci,Integer,0,,Recommended,"","",,"","",""
wisc_fs_cih,Integer,0,,Recommended,"","",,"","",""
wisc_fs_cil,Integer,0,,Recommended,"","",,"","",""
wisc_fs_cscore,Integer,0,,Recommended,"","",,"","",""
wisc_fs_percent,Float,0,,Recommended,"","",,"","",""
wisc_fs_sss,Integer,0,,Recommended,"","",,"","",""
wisc_in_baro,Integer,0,,Recommended,"","0;1",,"","",""
wisc_in_boil,Integer,0,,Recommended,"","0;1",,"","",""
wisc_in_coins,Integer,0,,Recommended,"","0;1",,"","",""
wisc_in_colum,Integer,0,,Recommended,"","0;1",,"","",""
wisc_in_confuc,Integer,0,,Recommended,"","0; 1",,"","",""
wisc_in_darwin,Integer,0,,Recommended,"","0;1",,"","",""
wisc_in_diam,Integer,0,,Recommended,"","0; 1",,"","",""
wisc_in_dozen,Integer,0,,Recommended,"","0;1",,"","",""
wisc_in_ears,Integer,0,,Recommended,"","0;1",,"","",""
wisc_in_eat,Integer,0,,Recommended,"","0; 1",,"","",""
wisc_in_fission,Integer,0,,Recommended,"","0; 1",,"","",""
wisc_in_foot,Integer,0,,Recommended,"","0; 1",,"","",""
wisc_in_foss,Integer,0,,Recommended,"","0; 1",,"","",""
wisc_in_fs,Integer,0,,Recommended,"","",,"","",""
wisc_in_greece,Integer,0,,Recommended,"","0;1",,"","",""
wisc_in_hiero,Integer,0,,Recommended,"","0;1",,"","",""
wisc_in_leaves,Integer,0,,Recommended,"","0; 1",,"","",""
wisc_in_legs,Integer,0,,Recommended,"","0;1",,"","",""
wisc_in_london,Integer,0,,Recommended,"","0;1",,"","",""
wisc_in_march,Integer,0,,Recommended,"","0;1",,"","",""
wisc_in_month,Integer,0,,Recommended,"","0; 1",,"","",""
wisc_in_nose,Integer,0,,Recommended,"","0;1",,"","",""
wisc_in_old,Integer,0,,Recommended,"","0; 1",,"","",""
wisc_in_oxygen,Integer,0,,Recommended,"","0;1",,"","",""
wisc_in_ozone,Integer,0,,Recommended,"","0; 1",,"","",""
wisc_in_pop,Integer,0,,Recommended,"","0;1",,"","",""
wisc_in_rawscre,Integer,0,,Recommended,"","",,"","",""
wisc_in_rust,Integer,0,,Recommended,"","0;1",,"","",""
wisc_in_seas,Integer,0,,Recommended,"","0;1",,"","",""
wisc_in_solst,Integer,0,,Recommended,"","0; 1",,"","",""
wisc_in_ss,Integer,0,,Recommended,"","",,"","",""
wisc_in_stom,Integer,0,,Recommended,"","0;1",,"","",""
wisc_in_thurs,Integer,0,,Recommended,"","0;1",,"","",""
wisc_in_turpen,Integer,0,,Recommended,"","0;1",,"","",""
wisc_in_week,Integer,0,,Recommended,"","0;1",,"","",""
wisc_in_year,Integer,0,,Recommended,"","0; 1",,"","",""
wisc_ln_1,Integer,0,,Recommended,"","0;1;2;3",,"","",""
wisc_ln_10,Integer,0,,Recommended,"","0;1;2;3",,"","",""
wisc_ln_2,Integer,0,,Recommended,"","0;1;2;3",,"","",""
wisc_ln_3,Integer,0,,Recommended,"","0;1;2;3",,"","",""
wisc_ln_4,Integer,0,,Recommended,"","0;1;2;3",,"","",""
wisc_ln_5,Integer,0,,Recommended,"","0;1;2;3",,"","",""
wisc_ln_6,Integer,0,,Recommended,"","0;1;2;3",,"","",""
wisc_ln_7,Integer,0,,Recommended,"","0;1;2;3",,"","",""
wisc_ln_8,Integer,0,,Recommended,"","0;1;2;3",,"","",""
wisc_ln_9,Integer,0,,Recommended,"","0;1;2;3",,"","",""
wisc_ln_rawscre,Integer,0,,Recommended,"","0  30",,"","",""
isc_ln_rawscre,Integer,0,,Recommended,"","0  30",,"","",""wisc_ln_ss,Integer,0,,Recommended,"","",,"","",""
wisc_mr_1,Integer,0,,Recommended,"","0; 1",,"","",""
wisc_mr_10,Integer,0,,Recommended,"","0; 1",,"","",""
wisc_mr_11,Integer,0,,Recommended,"","0; 1",,"","",""
wisc_mr_12,Integer,0,,Recommended,"","0; 1",,"","",""
wisc_mr_13,Integer,0,,Recommended,"","0; 1",,"","",""
wisc_mr_14,Integer,0,,Recommended,"","0; 1",,"","",""
wisc_mr_15,Integer,0,,Recommended,"","0; 1",,"","",""
wisc_mr_16,Integer,0,,Recommended,"","0; 1",,"","",""
wisc_mr_17,Integer,0,,Recommended,"","0; 1",,"","",""
wisc_mr_18,Integer,0,,Recommended,"","0; 1",,"","",""
wisc_mr_19,Integer,0,,Recommended,"","0; 1",,"","",""
wisc_mr_2,Integer,0,,Recommended,"","0; 1",,"","",""
wisc_mr_20,Integer,0,,Recommended,"","0; 1",,"","",""
wisc_mr_21,Integer,0,,Recommended,"","0; 1",,"","",""
wisc_mr_22,Integer,0,,Recommended,"","0; 1",,"","",""
wisc_mr_23,Integer,0,,Recommended,"","0; 1",,"","",""
wisc_mr_24,Integer,0,,Recommended,"","0; 1",,"","",""
wisc_mr_25,Integer,0,,Recommended,"","0; 1",,"","",""
wisc_mr_26,Integer,0,,Recommended,"","0; 1",,"","",""
wisc_mr_27,Integer,0,,Recommended,"","0; 1",,"","",""
wisc_mr_28,Integer,0,,Recommended,"","0; 1",,"","",""
wisc_mr_29,Integer,0,,Recommended,"","0; 1",,"","",""
wisc_mr_3,Integer,0,,Recommended,"","0; 1",,"","",""
wisc_mr_30,Integer,0,,Recommended,"","0; 1",,"","",""
wisc_mr_31,Integer,0,,Recommended,"","0; 1",,"","",""
wisc_mr_32,Integer,0,,Recommended,"","0; 1",,"","",""
wisc_mr_33,Integer,0,,Recommended,"","0; 1",,"","",""
wisc_mr_34,Integer,0,,Recommended,"","0; 1",,"","",""
wisc_mr_35,Integer,0,,Recommended,"","0; 1",,"","",""
wisc_mr_4,Integer,0,,Recommended,"","0; 1",,"","",""
wisc_mr_5,Integer,0,,Recommended,"","0; 1",,"","",""
wisc_mr_6,Integer,0,,Recommended,"","0; 1",,"","",""
wisc_mr_7,Integer,0,,Recommended,"","0; 1",,"","",""
wisc_mr_8,Integer,0,,Recommended,"","0; 1",,"","",""
wisc_mr_9,Integer,0,,Recommended,"","0; 1",,"","",""
wisc_mr_rawscre,Integer,0,,Recommended,"","0  35",,"","",""
isc_mr_rawscre,Integer,0,,Recommended,"","0  35",,"","",""wisc_mr_ss,Integer,0,,Recommended,"","",,"","",""
wisc_pcm_band,Integer,0,,Recommended,"","0;1",,"","",""
wisc_pcm_bath,Integer,0,,Recommended,"","0;1",,"","",""
wisc_pcm_bell,Integer,0,,Recommended,"","0;1",,"","",""
wisc_pcm_belt,Integer,0,,Recommended,"","0;1",,"","",""
wisc_pcm_bicy,Integer,0,,Recommended,"","0;1",,"","",""
wisc_pcm_bike,Integer,0,,Recommended,"","0;1",,"","",""
wisc_pcm_bridge,Integer,0,,Recommended,"","0;1",,"","",""
wisc_pcm_bulb,Integer,0,,Recommended,"","0;1",,"","",""
wisc_pcm_cat,Integer,0,,Recommended,"","0;1",,"","",""
wisc_pcm_clock,Integer,0,,Recommended,"","0;1",,"","",""
wisc_pcm_dice,Integer,0,,Recommended,"","0;1",,"","",""
wisc_pcm_door,Integer,0,,Recommended,"","0;1",,"","",""
wisc_pcm_dress,Integer,0,,Recommended,"","0;1",,"","",""
wisc_pcm_face,Integer,0,,Recommended,"","0;1",,"","",""
wisc_pcm_fami,Integer,0,,Recommended,"","0;1",,"","",""
wisc_pcm_fish,Integer,0,,Recommended,"","0;1",,"","",""
wisc_pcm_fox,Integer,0,,Recommended,"","0;1",,"","",""
wisc_pcm_fs,Integer,0,,Recommended,"","",,"","",""
wisc_pcm_hand,Integer,0,,Recommended,"","0;1",,"","",""
wisc_pcm_hous,Integer,0,,Recommended,"","0;1",,"","",""
wisc_pcm_jacket,Integer,0,,Recommended,"","0;1",,"","",""
wisc_pcm_jump,Integer,0,,Recommended,"","0;1",,"","",""
wisc_pcm_ladder,Integer,0,,Recommended,"","0;1",,"","",""
wisc_pcm_leaf,Integer,0,,Recommended,"","0;1",,"","",""
wisc_pcm_man,Integer,0,,Recommended,"","0;1",,"","",""
wisc_pcm_mark,Integer,0,,Recommended,"","0;1",,"","",""
wisc_pcm_mirror,Integer,0,,Recommended,"","0;1",,"","",""
wisc_pcm_oran,Integer,0,,Recommended,"","0;1",,"","",""
wisc_pcm_pig,Integer,0,,Recommended,"","0;1",,"","",""
wisc_pcm_prof,Integer,0,,Recommended,"","0;1",,"","",""
wisc_pcm_rawscre,Integer,0,,Recommended,"","",,"","",""
wisc_pcm_sciss,Integer,0,,Recommended,"","0;1",,"","",""
wisc_pcm_shoe,Integer,0,,Recommended,"","0;1",,"","",""
wisc_pcm_soccer,Integer,0,,Recommended,"","0;1",,"","",""
wisc_pcm_ss,Integer,0,,Recommended,"","",,"","",""
wisc_pcm_therm,Integer,0,,Recommended,"","0;1",,"","",""
wisc_pcm_tree,Integer,0,,Recommended,"","0;1",,"","",""
wisc_pcm_trell,Integer,0,,Recommended,"","0;1",,"","",""
wisc_pcm_umbr,Integer,0,,Recommended,"","0;1",,"","",""
wisc_pcm_water,Integer,0,,Recommended,"","0;1",,"","",""
wisc_pcm_whist,Integer,0,,Recommended,"","0;1",,"","",""
wisc_pcn_1,Integer,0,,Recommended,"","0;1",,"","",""
wisc_pcn_10,Integer,0,,Recommended,"","0;1",,"","",""
wisc_pcn_11,Integer,0,,Recommended,"","0;1",,"","",""
wisc_pcn_12,Integer,0,,Recommended,"","0;1",,"","",""
wisc_pcn_13,Integer,0,,Recommended,"","0;1",,"","",""
wisc_pcn_14,Integer,0,,Recommended,"","0;1",,"","",""
wisc_pcn_15,Integer,0,,Recommended,"","0;1",,"","",""
wisc_pcn_16,Integer,0,,Recommended,"","0;1",,"","",""
wisc_pcn_17,Integer,0,,Recommended,"","0;1",,"","",""
wisc_pcn_18,Integer,0,,Recommended,"","0;1",,"","",""
wisc_pcn_19,Integer,0,,Recommended,"","0;1",,"","",""
wisc_pcn_2,Integer,0,,Recommended,"","0;1",,"","",""
wisc_pcn_20,Integer,0,,Recommended,"","0;1",,"","",""
wisc_pcn_21,Integer,0,,Recommended,"","0;1",,"","",""
wisc_pcn_22,Integer,0,,Recommended,"","0;1",,"","",""
wisc_pcn_23,Integer,0,,Recommended,"","0;1",,"","",""
wisc_pcn_24,Integer,0,,Recommended,"","0;1",,"","",""
wisc_pcn_25,Integer,0,,Recommended,"","0;1",,"","",""
wisc_pcn_26,Integer,0,,Recommended,"","0;1",,"","",""
wisc_pcn_27,Integer,0,,Recommended,"","0;1",,"","",""
wisc_pcn_28,Integer,0,,Recommended,"","0;1",,"","",""
wisc_pcn_3,Integer,0,,Recommended,"","0;1",,"","",""
wisc_pcn_4,Integer,0,,Recommended,"","0;1",,"","",""
wisc_pcn_5,Integer,0,,Recommended,"","0;1",,"","",""
wisc_pcn_6,Integer,0,,Recommended,"","0;1",,"","",""
wisc_pcn_7,Integer,0,,Recommended,"","0;1",,"","",""
wisc_pcn_8,Integer,0,,Recommended,"","0;1",,"","",""
wisc_pcn_9,Integer,0,,Recommended,"","0;1",,"","",""
wisc_pcn_rawscre,Integer,0,,Recommended,"","0  28",,"","",""
isc_pcn_rawscre,Integer,0,,Recommended,"","0  28",,"","",""wisc_pcn_ss,Integer,0,,Recommended,"","",,"","",""
wisc_pr_ci,Integer,0,,Recommended,"","",,"","",""
wisc_pr_cih,Integer,0,,Recommended,"","",,"","",""
wisc_pr_cil,Integer,0,,Recommended,"","",,"","",""
wisc_pr_cscore,Integer,0,,Recommended,"","",,"","",""
wisc_pr_percent,Float,0,,Recommended,"","",,"","",""
wisc_pr_sss,Integer,0,,Recommended,"","",,"","",""
wisc_ps_ci,Integer,0,,Recommended,"","",,"","",""
wisc_ps_cih,Integer,0,,Recommended,"","",,"","",""
wisc_ps_cil,Integer,0,,Recommended,"","",,"","",""
wisc_ps_cscore,Integer,0,,Recommended,"","",,"","",""
wisc_ps_percent,Float,0,,Recommended,"","",,"","",""
wisc_ps_sss,Integer,0,,Recommended,"","",,"","",""
wisc_si_anger,Integer,0,,Recommended,"","",,"Nulled value range of:   0;1 to accept outlier data","",""
wisc_si_apple,Integer,0,,Recommended,"","0;1; 2",,"","",""
wisc_si_butterfly,Integer,0,,Recommended,"","0; 1; 2",,"","",""
wisc_si_cat,Integer,0,,Recommended,"","",,"Nulled value range of:   0;1 to accept outlier data","",""
wisc_si_elbow,Integer,0,,Recommended,"","",,"Nulled value range of:   0;1 to accept outlier data","",""
wisc_si_first,Integer,0,,Recommended,"","0;1",,"","",""
wisc_si_flood,Integer,0,,Recommended,"","0; 1; 2",,"","",""
wisc_si_frown,Integer,0,,Recommended,"","0; 1; 2",,"","",""
wisc_si_fs,Integer,0,,Recommended,"","",,"","",""
wisc_si_ice,Integer,0,,Recommended,"","",,"Nulled value range of:   0;1 to accept outlier data","",""
wisc_si_lumber,Integer,0,,Recommended,"","0; 1; 2",,"","",""
wisc_si_milk,Integer,0,,Recommended,"","0;1",,"","",""
wisc_si_mountain,Integer,0,,Recommended,"","",,"Nulled value range of:   0;1 to accept outlier data","",""
wisc_si_painting,Integer,0,,Recommended,"","",,"Nulled value range of:   0;1 to accept outlier data","",""
wisc_si_pen,Integer,0,,Recommended,"","0; 1",,"","",""
wisc_si_permiss,Integer,0,,Recommended,"","0; 1; 2",,"","",""
wisc_si_poet,Integer,0,,Recommended,"","0; 1; 2",,"","",""
wisc_si_rawscre,Integer,0,,Recommended,"","",,"","",""
wisc_si_reality,Integer,0,,Recommended,"","0; 1; 2",,"","",""
wisc_si_revenge,Integer,0,,Recommended,"","0; 1; 2",,"","",""
wisc_si_rubber,Integer,0,,Recommended,"","",,"Nulled value range of:   0;1 to accept outlier data","",""
wisc_si_salt,Integer,0,,Recommended,"","0;1",,"","",""
wisc_si_shirt,Integer,0,,Recommended,"","",,"Nulled value range of:   0;1 to accept outlier data","",""
wisc_si_space,Integer,0,,Recommended,"","0; 1; 2",,"","",""
wisc_si_ss,Integer,0,,Recommended,"","",,"","",""
wisc_si_winter,Integer,0,,Recommended,"","0; 1; 2",,"","",""
wisc_wm_cih,Integer,0,,Recommended,"","",,"","",""
wisc_ss_fs,Integer,0,,Recommended,"","",,"","",""
wisc_ss_rawscre,Integer,0,,Recommended,"","",,"","",""
wisc_ss_ss,Integer,0,,Recommended,"","",,"","",""
wisc_vbc_ci,Integer,0,,Recommended,"","",,"","",""
wisc_vbc_cih,Integer,0,,Recommended,"","",,"","",""
wisc_vbc_cil,Integer,0,,Recommended,"","",,"","",""
wisc_vbc_cscore,Integer,0,,Recommended,"","",,"","",""
wisc_vbc_percent,Float,0,,Recommended,"","",,"","",""
wisc_vbc_sss,Integer,0,,Recommended,"","",,"","",""
wisc_vc_aberra,Integer,0,,Recommended,"","0; 1; 2",,"","",""
wisc_vc_absorb,Integer,0,,Recommended,"","0; 1; 2",,"","",""
wisc_vc_ae,Integer,0,,Recommended,"","",,"","",""
wisc_vc_afflict,Integer,0,,Recommended,"","0; 1; 2",,"","",""
wisc_vc_alphabet,Integer,0,,Recommended,"","0; 1; 2",,"","",""
wisc_vc_amend,Integer,0,,Recommended,"","0; 1; 2",,"","",""
wisc_vc_ancient,Integer,0,,Recommended,"","0; 1; 2",,"","",""
wisc_vc_bicycle,Integer,0,,Recommended,"","0; 1; 2",,"","",""
wisc_vc_brave,Integer,0,,Recommended,"","0; 1; 2",,"","",""
wisc_vc_bucket,Integer,0,,Recommended,"","0;1",,"","",""
wisc_vc_car,Integer,0,,Recommended,"","0;1",,"","",""
wisc_vc_clock,Integer,0,,Recommended,"","0; 1; 2",,"","",""
wisc_vc_compel,Integer,0,,Recommended,"","0; 1; 2",,"","",""
wisc_vc_cow,Integer,0,,Recommended,"","0; 1; 2",,"","",""
wisc_vc_dilatory,Integer,0,,Recommended,"","0; 1; 2",,"","",""
wisc_vc_fable,Integer,0,,Recommended,"","0; 1; 2",,"","",""
wisc_vc_flower,Integer,0,,Recommended,"","0;1",,"","",""
wisc_vc_foresight,Integer,0,,Recommended,"","0;1;2",,"","",""
wisc_vc_fs,Integer,0,,Recommended,"","",,"","",""
wisc_vc_garrulous,Integer,0,,Recommended,"","0;1;2",,"","",""
wisc_vc_hat,Integer,0,,Recommended,"","0; 1; 2",,"","",""
wisc_vc_imminent,Integer,0,,Recommended,"","0; 1; 2",,"","",""
wisc_vc_island,Integer,0,,Recommended,"","0; 1; 2",,"","",""
wisc_vc_leave,Integer,0,,Recommended,"","0; 1; 2",,"","",""
wisc_vc_migrate,Integer,0,,Recommended,"","0; 1; 2",,"","",""
wisc_vc_mimic,Integer,0,,Recommended,"","0; 1; 2",,"","",""
wisc_vc_nonsen,Integer,0,,Recommended,"","0;1;2",,"","",""
wisc_vc_obey,Integer,0,,Recommended,"","0;1;2",,"","",""
wisc_vc_pest,Integer,0,,Recommended,"","0;1;2",,"","",""
wisc_vc_precise,Integer,0,,Recommended,"","0; 1; 2",,"","",""
wisc_vc_rawscre,Integer,0,,Recommended,"","",,"","",""
wisc_vc_rivalry,Integer,0,,Recommended,"","0;1;2",,"","",""
wisc_vc_seldom,Integer,0,,Recommended,"","0;1;2",,"","",""
wisc_vc_ss,Integer,0,,Recommended,"","",,"","",""
wisc_vc_strenu,Integer,0,,Recommended,"","0; 1; 2",,"","",""
wisc_vc_thief,Integer,0,,Recommended,"","0; 1; 2",,"","",""
wisc_vc_train,Integer,0,,Recommended,"","0;1",,"","",""
wisc_vc_transpar,Integer,0,,Recommended,"","0; 1; 2",,"","",""
wisc_vc_umbrella,Integer,0,,Recommended,"","0; 1; 2",,"","",""
wisc_vc_unanim,Integer,0,,Recommended,"","0; 1; 2",,"","",""
wisc_version,String,35,,Recommended,"","",,"","",""
wisc_wm_ci,Integer,0,,Recommended,"","",,"","",""
wisc_wm_cil,Integer,0,,Recommended,"","",,"","",""
wisc_wm_cscore,Integer,0,,Recommended,"","",,"","",""
wisc_wm_percent,Float,0,,Recommended,"","",,"","",""
wisc_wm_sss,Integer,0,,Recommended,"","",,"","",""
wisc_wr_allow,Integer,0,,Recommended,"","0; 1",,"","",""
wisc_wr_bath,Integer,0,,Recommended,"","0; 1",,"","",""
wisc_wr_change,Integer,0,,Recommended,"","0; 1",,"","",""
wisc_wr_colors,Integer,0,,Recommended,"","0; 1",,"","",""
wisc_wr_discover,Integer,0,,Recommended,"","0; 1",,"","",""
wisc_wr_ears,Integer,0,,Recommended,"","0; 1",,"","",""
wisc_wr_head,Integer,0,,Recommended,"","0; 1",,"","",""
wisc_wr_knob,Integer,0,,Recommended,"","0; 1",,"","",""
wisc_wr_made,Integer,0,,Recommended,"","0; 1",,"","",""
wisc_wr_mind,Integer,0,,Recommended,"","0; 1",,"","",""
wisc_wr_nature,Integer,0,,Recommended,"","0; 1",,"","",""
wisc_wr_new,Integer,0,,Recommended,"","0; 1",,"","",""
wisc_wr_ocean,Integer,0,,Recommended,"","0; 1",,"","",""
wisc_wr_past,Integer,0,,Recommended,"","0; 1",,"","",""
wisc_wr_place,Integer,0,,Recommended,"","0; 1",,"","",""
wisc_wr_protect,Integer,0,,Recommended,"","0; 1",,"","",""
wisc_wr_rain,Integer,0,,Recommended,"","0; 1",,"","",""
wisc_wr_rawscre,Integer,0,,Recommended,"","0  24",,"","",""
isc_wr_rawscre,Integer,0,,Recommended,"","0  24",,"","",""wisc_wr_river,Integer,0,,Recommended,"","0; 1",,"","",""
wisc_wr_skin,Integer,0,,Recommended,"","0; 1",,"","",""
wisc_wr_sky,Integer,0,,Recommended,"","0; 1",,"","",""
wisc_wr_sleep,Integer,0,,Recommended,"","0; 1",,"","",""
wisc_wr_smell,Integer,0,,Recommended,"","0; 1",,"","",""
wisc_wr_ss,Integer,0,,Recommended,"","",,"","",""
wisc_wr_touch,Integer,0,,Recommended,"","0; 1",,"","",""
wisc_wr_want,Integer,0,,Recommended,"","0; 1",,"","",""
