ElementName,DataType,Size,Unit,Required,ElementDescription,ValueRange,Keywords,Notes,Section,Aliases
subjectkey,GUID,0,,Required,"","NDAR*",,"","",""
interview_date,Date,0,,Recommended,"","MM/yyyy;MM/dd/yyyy",,"* '01/01/1900' indicates that a date associated with retrospective data is not known.","","wais_date"
cycle,Integer,0,,Recommended,"","",,"","",""
patid,String,20,,Recommended,"","",,"Patient IDs were assigned at the research site for CPEA and STAART","",""
network,String,20,,Recommended,"","",,"CPEA or STAART Network","",""
site,String,20,,Recommended,"","",,"CPEA or STAART Site","",""
study,String,100,,Recommended,"","",,"CPEA or STAART Study","",""
wais_age,Integer,0,,Recommended,"","",,"","",""
wais_arm_prblm1,Integer,0,,Recommended,"","0; 1",,"","",""
wais_arm_prblm10,Integer,0,,Recommended,"","0; 1",,"","",""
wais_arm_prblm11,Integer,0,,Recommended,"","0; 1",,"","",""
wais_arm_prblm12,Integer,0,,Recommended,"","0; 1",,"","",""
wais_arm_prblm13,Integer,0,,Recommended,"","0; 1",,"","",""
wais_arm_prblm14,Integer,0,,Recommended,"","0; 1",,"","",""
wais_arm_prblm15,Integer,0,,Recommended,"","0; 1",,"","",""
wais_arm_prblm16,Integer,0,,Recommended,"","0; 1",,"","",""
wais_arm_prblm17,Integer,0,,Recommended,"","0; 1",,"","",""
wais_arm_prblm18,Integer,0,,Recommended,"","0; 1",,"","",""
wais_arm_prblm19,Integer,0,,Recommended,"","0; 1; 2",,"","",""
wais_arm_prblm2,Integer,0,,Recommended,"","0; 1",,"","",""
wais_arm_prblm20,Integer,0,,Recommended,"","0; 1; 2",,"","",""
wais_arm_prblm3,Integer,0,,Recommended,"","0; 1",,"","",""
wais_arm_prblm4,Integer,0,,Recommended,"","0; 1",,"","",""
wais_arm_prblm5,Integer,0,,Recommended,"","0; 1",,"","",""
wais_arm_prblm6,Integer,0,,Recommended,"","0; 1",,"","",""
wais_arm_prblm7,Integer,0,,Recommended,"","0; 1",,"","",""
wais_arm_prblm8,Integer,0,,Recommended,"","0; 1",,"","",""
wais_arm_prblm9,Integer,0,,Recommended,"","0; 1",,"","",""
wais_arm_rawscre,Integer,0,,Recommended,"","0  22",,"","",""
ais_arm_rawscre,Integer,0,,Recommended,"","0  22",,"","",""wais_arm_rgss,Integer,0,,Recommended,"","",,"","",""
wais_arm_scldscre,Integer,0,,Recommended,"","",,"","",""
wais_bld_ae,Integer,0,,Recommended,"","",,"","",""
wais_bld_desgn1,Integer,0,,Recommended,"","0; 1; 2",,"","",""
wais_bld_desgn10,Integer,0,,Recommended,"","0; 4; 5; 6; 7",,"","",""
wais_bld_desgn11,Integer,0,,Recommended,"","0; 4; 5; 6; 7",,"","",""
wais_bld_desgn12,Integer,0,,Recommended,"","0; 4; 5; 6; 7",,"","",""
wais_bld_desgn13,Integer,0,,Recommended,"","0; 4; 5; 6; 7",,"","",""
wais_bld_desgn14,Integer,0,,Recommended,"","0; 4; 5; 6; 7",,"","",""
wais_bld_desgn2,Integer,0,,Recommended,"","0; 1; 2",,"","",""
wais_bld_desgn3,Integer,0,,Recommended,"","0; 1; 2",,"","",""
wais_bld_desgn4,Integer,0,,Recommended,"","0; 1; 2",,"","",""
wais_bld_desgn5,Integer,0,,Recommended,"","0; 1; 2",,"","",""
wais_bld_desgn6,Integer,0,,Recommended,"","0; 1; 2",,"","",""
wais_bld_desgn7,Integer,0,,Recommended,"","0; 4; 5; 6; 7",,"","",""
wais_bld_desgn8,Integer,0,,Recommended,"","0; 4; 5; 6; 7",,"","",""
wais_bld_desgn9,Integer,0,,Recommended,"","0; 4; 5; 6; 7",,"","",""
wais_bld_rawscre,Integer,0,,Recommended,"","",,"","",""
wais_bld_rgss,Integer,0,,Recommended,"","",,"","",""
wais_bld_scldscre,Integer,0,,Recommended,"","",,"","",""
wais_cmp_chldlbr,Integer,0,,Recommended,"","0; 1",,"","",""
wais_cmp_clothes,Integer,0,,Recommended,"","0; 1",,"","",""
wais_cmp_ctylnd,Integer,0,,Recommended,"","0; 1",,"","",""
wais_cmp_deaf,Integer,0,,Recommended,"","0; 1",,"","",""
wais_cmp_envlope,Integer,0,,Recommended,"","0; 1; 2",,"","",""
wais_cmp_food,Integer,0,,Recommended,"","0; 1",,"","",""
wais_cmp_forest,Integer,0,,Recommended,"","0; 1",,"","",""
wais_cmp_freeprs,Integer,0,,Recommended,"","0; 1",,"","",""
wais_cmp_history,Integer,0,,Recommended,"","0; 1",,"","",""
wais_cmp_jury,Integer,0,,Recommended,"","0; 1",,"","",""
wais_cmp_money,Integer,0,,Recommended,"","0; 1",,"","",""
wais_cmp_mrglcns,Integer,0,,Recommended,"","0; 1",,"","",""
wais_cmp_parole,Integer,0,,Recommended,"","0; 1",,"","",""
wais_cmp_prfsrvc,Integer,0,,Recommended,"","0; 1",,"","",""
wais_cmp_rawscre,Integer,0,,Recommended,"","0  33",,"","",""
ais_cmp_rawscre,Integer,0,,Recommended,"","0  33",,"","",""wais_cmp_rgss,Integer,0,,Recommended,"","",,"","",""
wais_cmp_scldscre,Integer,0,,Recommended,"","",,"","",""
wais_cmp_shlwbrk,Integer,0,,Recommended,"","0; 1",,"","",""
wais_cmp_swallow,Integer,0,,Recommended,"","0; 1",,"","",""
wais_cmp_taxes,Integer,0,,Recommended,"","0; 1",,"","",""
wais_cmp_watches,Integer,0,,Recommended,"","0; 1",,"","",""
wais_comp_siglevel,Float,0,,Recommended,"","",,"","",""
wais_nviq_iq,Integer,0,,Recommended,"","",,"","",""
wais_dgs_bw_trial1,Integer,0,,Recommended,"","0; 1; 2",,"","",""
wais_dgs_bw_trial2,Integer,0,,Recommended,"","0; 1; 2",,"","",""
wais_dgs_bw_trial3,Integer,0,,Recommended,"","0; 1; 2",,"","",""
wais_dgs_bw_trial4,Integer,0,,Recommended,"","0; 1; 2",,"","",""
wais_dgs_bw_trial5,Integer,0,,Recommended,"","0; 1; 2",,"","",""
wais_dgs_bw_trial6,Integer,0,,Recommended,"","0; 1; 2",,"","",""
wais_dgs_bw_trial7,Integer,0,,Recommended,"","0; 1; 2",,"","",""
wais_dgs_bw_ttlscore,Integer,0,,Recommended,"","0  14",,"","",""
ais_dgs_bw_ttlscore,Integer,0,,Recommended,"","0  14",,"","",""wais_dgs_fw_trial1,Integer,0,,Recommended,"","0; 1; 2",,"","",""
wais_dgs_fw_trial2,Integer,0,,Recommended,"","0; 1; 2",,"","",""
wais_dgs_fw_trial3,Integer,0,,Recommended,"","0; 1; 2",,"","",""
wais_dgs_fw_trial4,Integer,0,,Recommended,"","0; 1; 2",,"","",""
wais_dgs_fw_trial5,Integer,0,,Recommended,"","0; 1; 2",,"","",""
wais_dgs_fw_trial6,Integer,0,,Recommended,"","0; 1; 2",,"","",""
wais_dgs_fw_trial7,Integer,0,,Recommended,"","0; 1; 2",,"","",""
wais_dgs_fw_trial8,Integer,0,,Recommended,"","0; 1; 2",,"","",""
wais_dgs_fw_ttlscore,Integer,0,,Recommended,"","0  16",,"","",""
ais_dgs_fw_ttlscore,Integer,0,,Recommended,"","0  16",,"","",""wais_dgs_rawscre,Integer,0,,Recommended,"","0  30",,"","",""
ais_dgs_rawscre,Integer,0,,Recommended,"","0  30",,"","",""wais_dgs_rgss,Integer,0,,Recommended,"","",,"","",""
wais_dgs_scldscre,Integer,0,,Recommended,"","",,"","",""
wais_dsc_rawscre,Integer,0,,Recommended,"","0  133",,"","",""
ais_dsc_rawscre,Integer,0,,Recommended,"","0  133",,"","",""wais_dsc_rgss,Integer,0,,Recommended,"","",,"","",""
wais_dsc_scldscre,Integer,0,,Recommended,"","",,"","",""
wais_fsiq_indexscre,Integer,0,,Recommended,"","",,"","",""
wais_fsiq_lowci,Integer,0,,Recommended,"","",,"","",""
wais_fsiq_prcntile,Integer,0,,Recommended,"","",,"","",""
wais_fsiq_scldscre,Integer,0,,Recommended,"","",,"","",""
wais_fsiq_upci,Integer,0,,Recommended,"","",,"","",""
wais_index_prct,Integer,0,,Recommended,"","",,"","",""
wais_inf_age,Integer,0,,Recommended,"","0; 1",,"","",""
wais_inf_ballad,Integer,0,,Recommended,"","0; 1",,"","",""
wais_inf_brazil,Integer,0,,Recommended,"","0; 1",,"","",""
wais_inf_cleoptr,Integer,0,,Recommended,"","0; 1",,"","",""
wais_inf_contnts,Integer,0,,Recommended,"","0; 1",,"","",""
wais_inf_cthrine,Integer,0,,Recommended,"","0; 1",,"","",""
wais_inf_cuire,Integer,0,,Recommended,"","0; 1",,"","",""
wais_inf_cvlwprs,Integer,0,,Recommended,"","0; 1",,"","",""
wais_inf_faust,Integer,0,,Recommended,"","0; 1",,"","",""
wais_inf_gandhi,Integer,0,,Recommended,"","0; 1",,"","",""
wais_inf_genesis,Integer,0,,Recommended,"","0; 1",,"","",""
wais_inf_hamlet,Integer,0,,Recommended,"","0; 1",,"","",""
wais_inf_italy,Integer,0,,Recommended,"","0; 1",,"","",""
wais_inf_koran,Integer,0,,Recommended,"","0; 1",,"","",""
wais_inf_mlkjr,Integer,0,,Recommended,"","0; 1",,"","",""
wais_inf_months,Integer,0,,Recommended,"","0; 1",,"","",""
wais_inf_olympcs,Integer,0,,Recommended,"","0; 1",,"","",""
wais_inf_rawscre,Integer,0,,Recommended,"","0  28",,"","",""
ais_inf_rawscre,Integer,0,,Recommended,"","0  28",,"","",""wais_inf_rgss,Integer,0,,Recommended,"","",,"","",""
wais_inf_rltvty,Integer,0,,Recommended,"","0; 1",,"","",""
wais_inf_saturdy,Integer,0,,Recommended,"","0; 1",,"","",""
wais_inf_scldscre,Integer,0,,Recommended,"","",,"","",""
wais_inf_shrdsrt,Integer,0,,Recommended,"","0; 1",,"","",""
wais_inf_spdlght,Integer,0,,Recommended,"","0; 1",,"","",""
wais_inf_stnchpl,Integer,0,,Recommended,"","0; 1",,"","",""
wais_inf_sunrise,Integer,0,,Recommended,"","0; 1",,"","",""
wais_inf_thrmmtr,Integer,0,,Recommended,"","0; 1",,"","",""
wais_inf_vessels,Integer,0,,Recommended,"","0; 1",,"","",""
wais_inf_water,Integer,0,,Recommended,"","0; 1",,"","",""
wais_inf_weeks,Integer,0,,Recommended,"","0; 1",,"","",""
wais_inf_wrldpop,Integer,0,,Recommended,"","0; 1",,"","",""
wais_ldsb_score1,Integer,0,,Recommended,"","",,"","",""
wais_ldsf_score1,Integer,0,,Recommended,"","",,"","",""
wais_lns_rawscre,Integer,0,,Recommended,"","0  21",,"","",""
ais_lns_rawscre,Integer,0,,Recommended,"","0  21",,"","",""wais_lns_rgss,Integer,0,,Recommended,"","",,"","",""
wais_lns_scldscre,Integer,0,,Recommended,"","",,"","",""
wais_lns_squnc1,Integer,0,,Recommended,"","0; 1; 2; 3",,"","",""
wais_lns_squnc2,Integer,0,,Recommended,"","0; 1; 2; 3",,"","",""
wais_lns_squnc3,Integer,0,,Recommended,"","0; 1; 2; 3",,"","",""
wais_lns_squnc4,Integer,0,,Recommended,"","0; 1; 2; 3",,"","",""
wais_lns_squnc5,Integer,0,,Recommended,"","0; 1; 2; 3",,"","",""
wais_lns_squnc6,Integer,0,,Recommended,"","0; 1; 2; 3",,"","",""
wais_lns_squnc7,Integer,0,,Recommended,"","0; 1; 2; 3",,"","",""
wais_mxr_matrix1,Integer,0,,Recommended,"","0; 1",,"","",""
wais_mxr_matrix10,Integer,0,,Recommended,"","0; 1",,"","",""
wais_mxr_matrix11,Integer,0,,Recommended,"","0; 1",,"","",""
wais_mxr_matrix12,Integer,0,,Recommended,"","0; 1",,"","",""
wais_mxr_matrix13,Integer,0,,Recommended,"","0; 1",,"","",""
wais_mxr_matrix14,Integer,0,,Recommended,"","0; 1",,"","",""
wais_mxr_matrix15,Integer,0,,Recommended,"","0; 1",,"","",""
wais_mxr_matrix16,Integer,0,,Recommended,"","0; 1",,"","",""
wais_mxr_matrix17,Integer,0,,Recommended,"","0; 1",,"","",""
wais_mxr_matrix18,Integer,0,,Recommended,"","0; 1",,"","",""
wais_mxr_matrix19,Integer,0,,Recommended,"","0; 1",,"","",""
wais_mxr_matrix2,Integer,0,,Recommended,"","0; 1",,"","",""
wais_mxr_matrix20,Integer,0,,Recommended,"","0; 1",,"","",""
wais_mxr_matrix21,Integer,0,,Recommended,"","0; 1",,"","",""
wais_mxr_matrix22,Integer,0,,Recommended,"","0; 1",,"","",""
wais_mxr_matrix23,Integer,0,,Recommended,"","0; 1",,"","",""
wais_mxr_matrix24,Integer,0,,Recommended,"","0; 1",,"","",""
wais_mxr_matrix25,Integer,0,,Recommended,"","0; 1",,"","",""
wais_mxr_matrix26,Integer,0,,Recommended,"","0; 1",,"","",""
wais_mxr_matrix3,Integer,0,,Recommended,"","0; 1",,"","",""
wais_mxr_matrix4,Integer,0,,Recommended,"","0; 1",,"","",""
wais_mxr_matrix5,Integer,0,,Recommended,"","0; 1",,"","",""
wais_mxr_matrix6,Integer,0,,Recommended,"","0; 1",,"","",""
wais_mxr_matrix7,Integer,0,,Recommended,"","0; 1",,"","",""
wais_mxr_matrix8,Integer,0,,Recommended,"","0; 1",,"","",""
wais_mxr_matrix9,Integer,0,,Recommended,"","0; 1",,"","",""
wais_mxr_rawscre,Integer,0,,Recommended,"","0  26",,"","",""
ais_mxr_rawscre,Integer,0,,Recommended,"","0  26",,"","",""wais_mxr_rgss,Integer,0,,Recommended,"","",,"","",""
wais_mxr_scldscre,Integer,0,,Recommended,"","",,"","",""
wais_version,String,35,,Recommended,"","",,"","",""
wais_oba_ae,Integer,0,,Recommended,"","",,"","",""
wais_oba_bttrfly,Integer,0,,Recommended,"","8; 9; 10; 11",,"","",""
wais_oba_elephnt,Integer,0,,Recommended,"","8; 9; 10; 11",,"","",""
wais_oba_house,Integer,0,,Recommended,"","7; 8; 9; 10",,"","",""
wais_oba_man,Integer,0,,Recommended,"","5; 6; 7; 8",,"","",""
wais_oba_profile,Integer,0,,Recommended,"","9; 10; 11; 12",,"","",""
wais_oba_rawscre,Integer,0,,Recommended,"","0  52",,"","",""
ais_oba_rawscre,Integer,0,,Recommended,"","0  52",,"","",""wais_oba_rgss,Integer,0,,Recommended,"","",,"","",""
wais_oba_scldscre,Integer,0,,Recommended,"","",,"","",""
wais_par_bake,Integer,0,,Recommended,"","0; 2",,"","",""
wais_par_cap,Integer,0,,Recommended,"","0; 1; 2",,"","",""
wais_par_chase,Integer,0,,Recommended,"","0; 2",,"","",""
wais_par_choir,Integer,0,,Recommended,"","0; 1; 2",,"","",""
wais_par_clean,Integer,0,,Recommended,"","0; 1; 2",,"","",""
wais_par_dream,Integer,0,,Recommended,"","0; 2",,"","",""
wais_par_hunt,Integer,0,,Recommended,"","0; 1; 2",,"","",""
wais_par_lunch,Integer,0,,Recommended,"","0; 1; 2",,"","",""
wais_par_opens,Integer,0,,Recommended,"","0; 2",,"","",""
wais_par_rawscre,Integer,0,,Recommended,"","0  22",,"","",""
ais_par_rawscre,Integer,0,,Recommended,"","0  22",,"","",""wais_par_rgss,Integer,0,,Recommended,"","",,"","",""
wais_par_scldscre,Integer,0,,Recommended,"","",,"","",""
wais_par_shark,Integer,0,,Recommended,"","0; 2",,"","",""
wais_par_smlaml,Integer,0,,Recommended,"","0; 1; 2",,"","",""
wais_pcc_barn,Integer,0,,Recommended,"","0; 1",,"","",""
wais_pcc_basket,Integer,0,,Recommended,"","0; 1",,"","",""
wais_pcc_boat,Integer,0,,Recommended,"","0; 1",,"","",""
wais_pcc_brfcs,Integer,0,,Recommended,"","0; 1",,"","",""
wais_pcc_chair,Integer,0,,Recommended,"","0; 1",,"","",""
wais_pcc_clothng,Integer,0,,Recommended,"","0; 1",,"","",""
wais_pcc_comb,Integer,0,,Recommended,"","0; 1",,"","",""
wais_pcc_cow,Integer,0,,Recommended,"","0; 1",,"","",""
wais_pcc_door,Integer,0,,Recommended,"","0; 1",,"","",""
wais_pcc_face,Integer,0,,Recommended,"","0; 1",,"","",""
wais_pcc_fireplc,Integer,0,,Recommended,"","0; 1",,"","",""
wais_pcc_glasss,Integer,0,,Recommended,"","0; 1",,"","",""
wais_pcc_jogging,Integer,0,,Recommended,"","0; 1",,"","",""
wais_pcc_knife,Integer,0,,Recommended,"","0; 1",,"","",""
wais_pcc_leaf,Integer,0,,Recommended,"","0; 1",,"","",""
wais_pcc_lockers,Integer,0,,Recommended,"","0; 1",,"","",""
wais_pcc_mirror,Integer,0,,Recommended,"","0; 1",,"","",""
wais_pcc_pie,Integer,0,,Recommended,"","0; 1",,"","",""
wais_pcc_pliers,Integer,0,,Recommended,"","0; 1",,"","",""
wais_pcc_ptchr,Integer,0,,Recommended,"","0; 1",,"","",""
wais_pcc_rawscre,Integer,0,,Recommended,"","0  25",,"","",""
ais_pcc_rawscre,Integer,0,,Recommended,"","0  25",,"","",""wais_pcc_rgss,Integer,0,,Recommended,"","",,"","",""
wais_pcc_roses,Integer,0,,Recommended,"","0; 1",,"","",""
wais_pcc_scldscre,Integer,0,,Recommended,"","",,"","",""
wais_pcc_table,Integer,0,,Recommended,"","0; 1",,"","",""
wais_pcc_tnnshs,Integer,0,,Recommended,"","0; 1",,"","",""
wais_pcc_train,Integer,0,,Recommended,"","0; 1",,"","",""
wais_pcc_woman,Integer,0,,Recommended,"","0; 1",,"","",""
wais_piq_indexscre,Integer,0,,Recommended,"","",,"","",""
wais_piq_lowci,Integer,0,,Recommended,"","",,"","",""
wais_piq_prcntile,Integer,0,,Recommended,"","",,"","",""
wais_piq_scldscre,Integer,0,,Recommended,"","",,"","",""
wais_piq_upci,Integer,0,,Recommended,"","",,"","",""
wais_poi_indexscre,Integer,0,,Recommended,"","",,"","",""
wais_poi_lowci,Integer,0,,Recommended,"","",,"","",""
wais_poi_prcntile,Integer,0,,Recommended,"","",,"","",""
wais_poi_scldscre,Integer,0,,Recommended,"","",,"","",""
wais_poi_upci,Integer,0,,Recommended,"","",,"","",""
wais_pops_diff,Integer,0,,Recommended,"","",,"","",""
wais_pops_frqdiff,Float,0,,Recommended,"","",,"","",""
wais_pops_statsig,Float,0,,Recommended,"","",,"","",""
wais_powm_diff,Integer,0,,Recommended,"","",,"","",""
wais_powm_frqdiff,Float,0,,Recommended,"","",,"","",""
wais_powm_statsig,Float,0,,Recommended,"","",,"","",""
wais_psi_indexscre,Integer,0,,Recommended,"","",,"","",""
wais_psi_lowci,Integer,0,,Recommended,"","",,"","",""
wais_psi_prcntile,Integer,0,,Recommended,"","",,"","",""
wais_psi_scldscre,Integer,0,,Recommended,"","",,"","",""
wais_psi_upci,Integer,0,,Recommended,"","",,"","",""
wais_sbs_rawscre,Integer,0,,Recommended,"","-60  60",,"","",""
ais_sbs_rawscre,Integer,0,,Recommended,"","-60  60",,"","",""wais_sbs_rgss,Integer,0,,Recommended,"","",,"","",""
wais_sbs_scldscre,Integer,0,,Recommended,"","",,"","",""
wais_sml_boatato,Integer,0,,Recommended,"","0; 1",,"","",""
wais_sml_coatsut,Integer,0,,Recommended,"","0; 1",,"","",""
wais_sml_demcmon,Integer,0,,Recommended,"","0; 1",,"","",""
wais_sml_doglion,Integer,0,,Recommended,"","0; 1",,"","",""
wais_sml_eggseed,Integer,0,,Recommended,"","0; 1",,"","",""
wais_sml_enmyfrd,Integer,0,,Recommended,"","0; 1",,"","",""
wais_sml_eyeear,Integer,0,,Recommended,"","0; 1",,"","",""
wais_sml_flytree,Integer,0,,Recommended,"","0; 1",,"","",""
wais_sml_frkspn,Integer,0,,Recommended,"","0; 1",,"","",""
wais_sml_hbrntmg,Integer,0,,Recommended,"","0; 1",,"","",""
wais_sml_orngban,Integer,0,,Recommended,"","0; 1",,"","",""
wais_sml_pnodrum,Integer,0,,Recommended,"","0; 1; 2",,"","",""
wais_sml_poemstt,Integer,0,,Recommended,"","0; 1",,"","",""
wais_sml_prspnmt,Integer,0,,Recommended,"","0; 1",,"","",""
wais_sml_rawscre,Integer,0,,Recommended,"","0  33",,"","",""
ais_sml_rawscre,Integer,0,,Recommended,"","0  33",,"","",""wais_sml_rgss,Integer,0,,Recommended,"","",,"","",""
wais_sml_sckshoe,Integer,0,,Recommended,"","0; 1",,"","",""
wais_sml_scldscre,Integer,0,,Recommended,"","",,"","",""
wais_sml_stmfog,Integer,0,,Recommended,"","0; 1",,"","",""
wais_sml_tblchr,Integer,0,,Recommended,"","0; 1",,"","",""
wais_sml_wrkply,Integer,0,,Recommended,"","0; 1",,"","",""
wais_sml_ylwgrn,Integer,0,,Recommended,"","0; 1",,"","",""
wais_sub_mps,String,255,,Recommended,"","",,"","",""
wais_sub_mvs,String,255,,Recommended,"","",,"","",""
wais_sub_omean,String,255,,Recommended,"","",,"","",""
wais_sub_pst,Integer,0,,Recommended,"","",,"","",""
wais_sub_subtests,Integer,0,,Recommended,"","",,"","",""
wais_sub_vst,Integer,0,,Recommended,"","",,"","",""
wais_vcb_adcious,Integer,0,,Recommended,"","0; 1; 2",,"","",""
wais_vcb_ae,Integer,0,,Recommended,"","",,"","",""
wais_vcb_assmbl,Integer,0,,Recommended,"","0; 1; 2",,"","",""
wais_vcb_ballad,Integer,0,,Recommended,"","0; 1; 2",,"","",""
wais_vcb_bed,Integer,0,,Recommended,"","0; 1; 2",,"","",""
wais_vcb_brkfst,Integer,0,,Recommended,"","0; 1; 2",,"","",""
wais_vcb_cmpssn,Integer,0,,Recommended,"","0; 1; 2",,"","",""
wais_vcb_colony,Integer,0,,Recommended,"","0; 1; 2",,"","",""
wais_vcb_confide,Integer,0,,Recommended,"","0; 1; 2",,"","",""
wais_vcb_consume,Integer,0,,Recommended,"","0; 1; 2",,"","",""
wais_vcb_diverse,Integer,0,,Recommended,"","0; 1; 2",,"","",""
wais_vcb_dsgnte,Integer,0,,Recommended,"","0; 1; 2",,"","",""
wais_vcb_encmbr,Integer,0,,Recommended,"","0; 1; 2",,"","",""
wais_vcb_epic,Integer,0,,Recommended,"","0; 1; 2",,"","",""
wais_vcb_evolve,Integer,0,,Recommended,"","0; 1; 2",,"","",""
wais_vcb_frtitde,Integer,0,,Recommended,"","0; 1; 2",,"","",""
wais_vcb_gnrate,Integer,0,,Recommended,"","0; 1; 2",,"","",""
wais_vcb_ominous,Integer,0,,Recommended,"","0; 1; 2",,"","",""
wais_vcb_penny,Integer,0,,Recommended,"","0; 1; 2",,"","",""
wais_vcb_plgrize,Integer,0,,Recommended,"","0; 1; 2",,"","",""
wais_vcb_ponder,Integer,0,,Recommended,"","0; 1; 2",,"","",""
wais_vcb_pout,Integer,0,,Recommended,"","0; 1; 2",,"","",""
wais_vcb_rawscre,Integer,0,,Recommended,"","0  66",,"","",""
ais_vcb_rawscre,Integer,0,,Recommended,"","0  66",,"","",""wais_vcb_repair,Integer,0,,Recommended,"","0; 1; 2",,"","",""
wais_vcb_rgss,Integer,0,,Recommended,"","",,"","",""
wais_vcb_rlctnt,Integer,0,,Recommended,"","0; 1; 2",,"","",""
wais_vcb_rmrse,Integer,0,,Recommended,"","0; 1; 2",,"","",""
wais_vcb_scldscre,Integer,0,,Recommended,"","",,"","",""
wais_vcb_ship,Integer,0,,Recommended,"","0; 1; 2",,"","",""
wais_vcb_snctry,Integer,0,,Recommended,"","0; 1; 2",,"","",""
wais_vcb_sntnce,Integer,0,,Recommended,"","0; 1; 2",,"","",""
wais_vcb_tirade,Integer,0,,Recommended,"","0; 1; 2",,"","",""
wais_vcb_tngble,Integer,0,,Recommended,"","0; 1; 2",,"","",""
wais_vcb_trmnte,Integer,0,,Recommended,"","0; 1; 2",,"","",""
wais_vcb_trnquil,Integer,0,,Recommended,"","0; 1; 2",,"","",""
wais_vcb_winter,Integer,0,,Recommended,"","0; 1; 2",,"","",""
wais_vcb_ystrdy,Integer,0,,Recommended,"","0; 1; 2",,"","",""
wais_vci_indexscre,Integer,0,,Recommended,"","",,"","",""
wais_vci_lowci,Integer,0,,Recommended,"","",,"","",""
wais_vci_prcntile,Integer,0,,Recommended,"","",,"","",""
wais_vci_scldscre,Integer,0,,Recommended,"","",,"","",""
wais_vci_upci,Integer,0,,Recommended,"","",,"","",""
wais_vcpo_diff,Integer,0,,Recommended,"","",,"","",""
wais_vcpo_frqdiff,Float,0,,Recommended,"","",,"","",""
wais_vcpo_statsig,Float,0,,Recommended,"","",,"","",""
wais_vcps_diff,Integer,0,,Recommended,"","",,"","",""
wais_vcps_frqdiff,Float,0,,Recommended,"","",,"","",""
wais_vcps_statsig,Float,0,,Recommended,"","",,"","",""
wais_vcwm_diff,Integer,0,,Recommended,"","",,"","",""
wais_vcwm_frqdiff,Float,0,,Recommended,"","",,"","",""
wais_vcwm_statsig,Float,0,,Recommended,"","",,"","",""
wais_vipi_diff,Integer,0,,Recommended,"","",,"","",""
wais_vipi_frqdiff,Float,0,,Recommended,"","",,"","",""
wais_vipi_statsig,Float,0,,Recommended,"","",,"","",""
wais_viq_indexscre,Integer,0,,Recommended,"","",,"","",""
wais_viq_lowci,Integer,0,,Recommended,"","",,"","",""
wais_viq_prcntile,Integer,0,,Recommended,"","",,"","",""
wais_viq_scldscre,Integer,0,,Recommended,"","",,"","",""
wais_viq_upci,Integer,0,,Recommended,"","",,"","",""
wais_wmi_indexscre,Integer,0,,Recommended,"","",,"","",""
wais_wmi_lowci,Integer,0,,Recommended,"","",,"","",""
wais_wmi_prcntile,Float,0,,Recommended,"","",,"","",""
wais_wmi_scldscre,Integer,0,,Recommended,"","",,"","",""
wais_wmi_upci,Integer,0,,Recommended,"","",,"","",""
wais_wmps_diff,Integer,0,,Recommended,"","",,"","",""
wais_wmps_frqdiff,String,255,,Recommended,"","",,"","",""
wais_wmps_statsig,Float,0,,Recommended,"","",,"","",""
