ElementName,DataType,Size,Unit,Required,ElementDescription,ValueRange,Keywords,Notes,Section,Aliases
subjectkey,GUID,0,,Required,"","NDAR*",,"","",""
interview_date,Date,0,,Optional,"","MM/yyyy;MM/dd/yyyy",,"* '01/01/1900' indicates that a date associated with retrospective data is not known.","","wasi_date_std"
cycle,Integer,0,,Recommended,"","",,"","",""
patid,String,20,,Recommended,"","",,"Patient IDs were assigned at the research site for CPEA and STAART","",""
network,String,20,,Recommended,"","",,"CPEA or STAART Network","",""
site,String,20,,Recommended,"","",,"CPEA or STAART Site","",""
study,String,100,,Recommended,"","",,"CPEA or STAART Study","",""
wasi_age,Integer,0,,Recommended,"","",,"","",""
wasi_bd_1_30,Integer,0,,Recommended,"","0; 1; 2",,"","",""
wasi_bd_10_120,Integer,0,,Recommended,"","0; 4; 5; 6; 7",,"","",""
wasi_bd_11_120,Integer,0,,Recommended,"","0; 4; 5; 6; 7",,"","",""
wasi_bd_12_120,Integer,0,,Recommended,"","0; 4; 5; 6; 7",,"","",""
wasi_bd_13_120,Integer,0,,Recommended,"","0; 4; 5; 6; 7",,"","",""
wasi_bd_2_60,Integer,0,,Recommended,"","0; 1; 2",,"","",""
wasi_bd_3_60,Integer,0,,Recommended,"","0; 1; 2",,"","",""
wasi_bd_4_60,Integer,0,,Recommended,"","0; 1; 2",,"","",""
wasi_bd_5_60,Integer,0,,Recommended,"","0; 4; 5; 6; 7",,"","",""
wasi_bd_6_60,Integer,0,,Recommended,"","0; 4; 5; 6; 7",,"","",""
wasi_bd_7_60,Integer,0,,Recommended,"","0; 4; 5; 6; 7",,"","",""
wasi_bd_8_60,Integer,0,,Recommended,"","0; 4; 5; 6; 7",,"","",""
wasi_bd_9_60,Integer,0,,Recommended,"","0; 4; 5; 6; 7",,"","",""
wasi_bd_rsc,Integer,0,,Recommended,"","",,"","",""
wasi_bd_trs,Integer,0,,Recommended,"","0  71",,"","",""
asi_bd_trs,Integer,0,,Recommended,"","0  71",,"","",""wasi_date,Integer,0,,Recommended,"","",,"","",""
wasi_ss_v_t,Integer,0,,Recommended,"","",,"","",""
wasi_fl2_iq,Integer,0,,Recommended,"","",,"","",""
wasi_fl2_lci,Integer,0,,Recommended,"","",,"","",""
wasi_fl2_pct,Integer,0,,Recommended,"","",,"","",""
wasi_fl2_sts,Integer,0,,Recommended,"","",,"","",""
wasi_fl2_uci,Integer,0,,Recommended,"","",,"","",""
wasi_fl4_iq,Integer,0,,Recommended,"","",,"","",""
wasi_fl4_lci,Integer,0,,Recommended,"","",,"","",""
wasi_fl4_pct,Float,0,,Recommended,"","",,"","",""
wasi_fl4_sts,Integer,0,,Recommended,"","",,"","",""
wasi_fl4_uci,Integer,0,,Recommended,"","",,"","",""
wasi_mr_01,Integer,0,,Recommended,"","0; 1",,"","",""
wasi_mr_02,Integer,0,,Recommended,"","0; 1",,"","",""
wasi_mr_03,Integer,0,,Recommended,"","0; 1",,"","",""
wasi_mr_04,Integer,0,,Recommended,"","0; 1",,"","",""
wasi_mr_05,Integer,0,,Recommended,"","0; 1",,"","",""
wasi_mr_06,Integer,0,,Recommended,"","0; 1",,"","",""
wasi_mr_07,Integer,0,,Recommended,"","0; 1",,"","",""
wasi_mr_08,Integer,0,,Recommended,"","0; 1",,"","",""
wasi_mr_09,Integer,0,,Recommended,"","0; 1",,"","",""
wasi_mr_10,Integer,0,,Recommended,"","0; 1",,"","",""
wasi_mr_11,Integer,0,,Recommended,"","0; 1",,"","",""
wasi_mr_12,Integer,0,,Recommended,"","0; 1",,"","",""
wasi_mr_13,Integer,0,,Recommended,"","0; 1",,"","",""
wasi_mr_14,Integer,0,,Recommended,"","0; 1",,"","",""
wasi_mr_15,Integer,0,,Recommended,"","0; 1",,"","",""
wasi_mr_16,Integer,0,,Recommended,"","0; 1",,"","",""
wasi_mr_17,Integer,0,,Recommended,"","0; 1",,"","",""
wasi_mr_18,Integer,0,,Recommended,"","0; 1",,"","",""
wasi_mr_19,Integer,0,,Recommended,"","0; 1",,"","",""
wasi_mr_20,Integer,0,,Recommended,"","0; 1",,"","",""
wasi_mr_21,Integer,0,,Recommended,"","0; 1",,"","",""
wasi_mr_22,Integer,0,,Recommended,"","0; 1",,"","",""
wasi_mr_23,Integer,0,,Recommended,"","0; 1",,"","",""
wasi_mr_24,Integer,0,,Recommended,"","0; 1",,"","",""
wasi_mr_25,Integer,0,,Recommended,"","0; 1",,"","",""
wasi_mr_26,Integer,0,,Recommended,"","0; 1",,"","",""
wasi_mr_27,Integer,0,,Recommended,"","0; 1",,"","",""
wasi_mr_28,Integer,0,,Recommended,"","0; 1",,"","",""
wasi_mr_29,Integer,0,,Recommended,"","0; 1",,"","",""
wasi_mr_30,Integer,0,,Recommended,"","0; 1",,"","",""
wasi_mr_31,Integer,0,,Recommended,"","0; 1",,"","",""
wasi_mr_32,Integer,0,,Recommended,"","0; 1",,"","",""
wasi_mr_33,Integer,0,,Recommended,"","0; 1",,"","",""
wasi_mr_34,Integer,0,,Recommended,"","0; 1",,"","",""
wasi_mr_35,Integer,0,,Recommended,"","0; 1",,"","",""
wasi_mr_rsc,Integer,0,,Recommended,"","",,"","",""
wasi_mr_trs,Integer,0,,Recommended,"","0  28",,"","",""
asi_mr_trs,Integer,0,,Recommended,"","0  28",,"","",""wasi_pr_iq,Integer,0,,Recommended,"","",,"","",""
wasi_pr_lci,Integer,0,,Recommended,"","",,"","",""
wasi_pr_pct,Float,0,,Recommended,"","",,"","",""
wasi_pr_sts,Integer,0,,Recommended,"","",,"","",""
wasi_pr_uci,Integer,0,,Recommended,"","",,"","",""
wasi_s_bd_fl,Integer,0,,Recommended,"","0; 1; 2",,"","",""
wasi_s_bw_pl,Integer,0,,Recommended,"","0; 1; 2",,"","",""
wasi_s_ch_ad,Integer,0,,Recommended,"","0; 1; 2",,"","",""
wasi_s_ci_sq,Integer,0,,Recommended,"","0; 1; 2",,"","",""
wasi_s_cloth,Integer,0,,Recommended,"","0; 1",,"","",""
wasi_s_cp_sc,Integer,0,,Recommended,"","0; 1; 2",,"","",""
wasi_s_cw_br,Integer,0,,Recommended,"","0; 1; 2",,"","",""
wasi_s_ditems,Integer,0,,Recommended,"","0; 1",,"","",""
wasi_s_four,Integer,0,,Recommended,"","0; 1",,"","",""
wasi_s_fr_lw,Integer,0,,Recommended,"","0; 1; 2",,"","",""
wasi_s_fruits,Integer,0,,Recommended,"","0; 1",,"","",""
wasi_s_gr_st,Integer,0,,Recommended,"","0; 1; 2",,"","",""
wasi_s_lv_ht,Integer,0,,Recommended,"","0; 1; 2",,"","",""
wasi_s_mr_ls,Integer,0,,Recommended,"","0; 1; 2",,"","",""
wasi_s_pc_wr,Integer,0,,Recommended,"","0; 1; 2",,"","",""
wasi_s_pen_pec,Integer,0,,Recommended,"","0; 1; 2",,"","",""
wasi_s_ph_sn,Integer,0,,Recommended,"","0; 1; 2",,"","",""
wasi_s_pl_bus,Integer,0,,Recommended,"","0; 1; 2",,"","",""
wasi_s_redbl,Integer,0,,Recommended,"","0; 1; 2",,"","",""
wasi_s_rsc,Integer,0,,Recommended,"","",,"","",""
wasi_s_sh_ank,Integer,0,,Recommended,"","0; 1; 2",,"","",""
wasi_s_sh_jk,Integer,0,,Recommended,"","0; 1; 2",,"","",""
wasi_s_sm_rg,Integer,0,,Recommended,"","0; 1; 2",,"","",""
wasi_s_st_cl,Integer,0,,Recommended,"","0; 1; 2",,"","",""
wasi_s_st_rn,Integer,0,,Recommended,"","0; 1; 2",,"","",""
wasi_s_tr_hb,Integer,0,,Recommended,"","0; 1; 2",,"","",""
wasi_s_trs,Integer,0,,Recommended,"","0  48",,"","",""
asi_s_trs,Integer,0,,Recommended,"","0  48",,"","",""wasi_s_tv_nws,Integer,0,,Recommended,"","0; 1; 2",,"","",""
wasi_ss_bd_t,Integer,0,,Recommended,"","",,"","",""
wasi_ss_mr_t,Integer,0,,Recommended,"","",,"","",""
wasi_ss_s_t,Integer,0,,Recommended,"","",,"","",""
wasi_version,String,35,,Recommended,"","",,"","",""
wasi_ss_voc_t,Integer,0,,Recommended,"","",,"","",""
wasi_v_algtr,Integer,0,,Recommended,"","0; 1; 2",,"","",""
wasi_v_balln,Integer,0,,Recommended,"","0; 1; 2",,"","",""
wasi_v_bell,Integer,0,,Recommended,"","0; 1; 2",,"","",""
wasi_v_bird,Integer,0,,Recommended,"","0; 1; 2",,"","",""
wasi_v_blame,Integer,0,,Recommended,"","0; 1; 2",,"","",""
wasi_v_car,Integer,0,,Recommended,"","0; 1; 2",,"","",""
wasi_v_cart,Integer,0,,Recommended,"","0; 1; 2",,"","",""
wasi_v_clndr,Integer,0,,Recommended,"","0; 1; 2",,"","",""
wasi_v_dance,Integer,0,,Recommended,"","0; 1; 2",,"","",""
wasi_v_decade,Integer,0,,Recommended,"","0; 1; 2",,"","",""
wasi_v_devout,Integer,0,,Recommended,"","0; 1; 2",,"","",""
wasi_v_enth,Integer,0,,Recommended,"","0; 1; 2",,"","",""
wasi_v_entn,Integer,0,,Recommended,"","0; 1; 2",,"","",""
wasi_v_famous,Integer,0,,Recommended,"","0; 1; 2",,"","",""
wasi_v_fish,Integer,0,,Recommended,"","0; 1",,"","",""
wasi_v_fmdb,Integer,0,,Recommended,"","0; 1; 2",,"","",""
wasi_v_fshlgt,Integer,0,,Recommended,"","0; 1; 2",,"","",""
wasi_v_haste,Integer,0,,Recommended,"","0; 1; 2",,"","",""
wasi_v_impls,Integer,0,,Recommended,"","0; 1; 2",,"","",""
wasi_v_imprt,Integer,0,,Recommended,"","0; 1; 2",,"","",""
wasi_v_imprv,Integer,0,,Recommended,"","0; 1; 2",,"","",""
wasi_v_interm,Integer,0,,Recommended,"","0; 1; 2",,"","",""
wasi_v_iq,Integer,0,,Recommended,"","",,"","",""
wasi_v_lci,Integer,0,,Recommended,"","",,"","",""
wasi_v_lunch,Integer,0,,Recommended,"","0; 1; 2",,"","",""
wasi_v_map,Integer,0,,Recommended,"","0; 1",,"","",""
wasi_v_niche,Integer,0,,Recommended,"","0; 1; 2",,"","",""
wasi_v_nmbr,Integer,0,,Recommended,"","0; 1; 2",,"","",""
wasi_v_pct,Float,0,,Recommended,"","",,"","",""
wasi_v_pet,Integer,0,,Recommended,"","0; 1; 2",,"","",""
wasi_v_pmpt,Integer,0,,Recommended,"","0; 1; 2",,"","",""
wasi_v_pnce,Integer,0,,Recommended,"","0; 1; 2",,"","",""
wasi_v_police,Integer,0,,Recommended,"","0; 1; 2",,"","",""
wasi_v_prpse,Integer,0,,Recommended,"","0; 1; 2",,"","",""
wasi_v_reveal,Integer,0,,Recommended,"","0; 1; 2",,"","",""
wasi_v_rjoice,Integer,0,,Recommended,"","0; 1; 2",,"","",""
wasi_v_rmnt,Integer,0,,Recommended,"","0; 1; 2",,"","",""
wasi_v_rsc,Integer,0,,Recommended,"","",,"","",""
wasi_v_shell,Integer,0,,Recommended,"","0; 1",,"","",""
wasi_v_shirt,Integer,0,,Recommended,"","0; 1; 2",,"","",""
wasi_v_shoe,Integer,0,,Recommended,"","0; 1; 2",,"","",""
wasi_v_shovel,Integer,0,,Recommended,"","0; 1",,"","",""
wasi_v_sts,Integer,0,,Recommended,"","",,"","",""
wasi_v_trdtn,Integer,0,,Recommended,"","0; 1; 2",,"","",""
wasi_v_trend,Integer,0,,Recommended,"","0; 1; 2",,"","",""
wasi_v_trnsf,Integer,0,,Recommended,"","0; 1; 2",,"","",""
wasi_v_trs,Integer,0,,Recommended,"","0  80",,"","",""
asi_v_trs,Integer,0,,Recommended,"","0  80",,"","",""wasi_v_uci,Integer,0,,Recommended,"","",,"","",""
wasi_v_vaca,Integer,0,,Recommended,"","0; 1; 2",,"","",""
