ElementName,DataType,Size,Unit,Required,ElementDescription,ValueRange,Keywords,Notes,Section,Aliases
week_sleeptime,Integer,0,,Recommended,"During the week what time does the Child usually go to sleep?","0 to 23",,"0-23 hour time","",""
week_wakeuptime,Integer,0,,Recommended,"During the week what time does the Child usually wake up?","0 to 23",,"0-23 hour time","",""
weekend_sleeptime,Integer,0,,Recommended,"During the weekend what time does the Child usually go to sleep?","0 to 23",,"0-23 hour time","",""
weekend_wakeuptime,Integer,0,,Recommended,"During the weekend what time does the Child usually wake up?","0 to 23",,"0-23 hour time","",""
gotobedsametimeatnight,Integer,0,,Recommended,"How often does the Child go to bed at the same time at night?","1;2;3",,"Rarely (0-1);Sometimes (2-4);Usually (5-7)","",""
gotobedsametime_problem,String,6,,Recommended,"Is ""go to bed time"" a problem?","TRUE;FALSE",,"","",""
fallasleepin20min,Integer,0,,Recommended,"How often does the Child fall asleep within 20 minutes?","1;2;3",,"Rarely (0-1);Sometimes (2-4);Usually (5-7)","",""
fallasleeptime_problem,String,6,,Recommended,"Is ""fall a sleep time"" a problem?","TRUE;FALSE",,"","",""
fallasleepaloneinownbed,Integer,0,,Recommended,"How often does the Child fall asleep alone in own bed?","1;2;3",,"Rarely (0-1);Sometimes (2-4);Usually (5-7)","",""
sleepinownbed_problem,String,6,,Recommended,"Is ""sleep along in own bed"" a problem?","TRUE;FALSE",,"","",""
sleepinparentsiblingbed,Integer,0,,Recommended,"How often does the Child fall asleep in parent's or sibling's bed?","1;2;3",,"Rarely (0-1);Sometimes (2-4);Usually (5-7)","",""
sleepinparentsiblingbed_prob,String,6,,Recommended,"Is ""sleep in parent's bed"" a problem?","TRUE;FALSE",,"","",""
needaparentpresence,Integer,0,,Recommended,"How often does the Child need a parent in the room to fall asleep?","1;2;3",,"Rarely (0-1);Sometimes (2-4);Usually (5-7)","",""
needaparentpresence_problem,String,6,,Recommended,"Is ""need a parent presence"" a problem?","TRUE;FALSE",,"","",""
struggleatbedtime,Integer,0,,Recommended,"How often does the Child struggle at bedtime (cries, refuses to stay in bed, etc.)?","1;2;3",,"Rarely (0-1);Sometimes (2-4);Usually (5-7)","",""
struggleatbedtime_problem,String,6,,Recommended,"Is ""struggle at bedtime"" a problem?","TRUE;FALSE",,"","",""
afraidofsleepingindark,Integer,0,,Recommended,"How often is the Child afraid of sleeping in the dark?","1;2;3",,"Rarely (0-1);Sometimes (2-4);Usually (5-7)","",""
afraidofsleepingindark_problem,String,6,,Recommended,"Is ""afraid of sleeping in dark"" a problem?","TRUE;FALSE",,"","",""
afraidofsleepalone,Integer,0,,Recommended,"How often is the Child afraid of sleeping alone?","1;2;3",,"Rarely (0-1);Sometimes (2-4);Usually (5-7)","",""
afraidofsleepalone_problem,String,6,,Recommended,"Is ""afraid of sleeping a alone"" a problem?","TRUE;FALSE",,"","",""
amountsleepaday,Integer,0,,Recommended,"Usual amount of sleep each day (combining night time & naps)","2 to 20",,"","",""
sleeptoolittle,Integer,0,,Recommended,"How often does the Child sleep too little?","1;2;3",,"Rarely (0-1);Sometimes (2-4);Usually (5-7)","",""
sleeptoolittle_problem,String,6,,Recommended,"Is ""sleep too little"" a problem?","TRUE;FALSE",,"","",""
sleeprightamount,Integer,0,,Recommended,"How often does the Child sleep the right amount?","1;2;3",,"Rarely (0-1);Sometimes (2-4);Usually (5-7)","",""
sleeprightamount_problem,String,6,,Recommended,"Is ""sleep the right amount"" a problem?","TRUE;FALSE",,"","",""
sleepsameamount,Integer,0,,Recommended,"How often does the Child sleep about the same amount each day?","1;2;3",,"Rarely (0-1);Sometimes (2-4);Usually (5-7)","",""
sleepsameamount_problem,String,6,,Recommended,"Is ""sleep the same amount"" a problem?","TRUE;FALSE",,"","",""
wetbednight,Integer,0,,Recommended,"How often does the Child wet the bed at night?","1;2;3",,"Rarely (0-1);Sometimes (2-4);Usually (5-7)","",""
wetbednight_problem,String,6,,Recommended,"Is ""Wet the bed at night"" a problem?","TRUE;FALSE",,"","",""
talkinsleep,Integer,0,,Recommended,"How often does the Child talk during sleep?","1;2;3",,"Rarely (0-1);Sometimes (2-4);Usually (5-7)","",""
talkinsleep_problem,String,6,,Recommended,"Is ""talk during sleep"" a problem?","TRUE;FALSE",,"","",""
restlessinsleep,Integer,0,,Recommended,"How often is the Child restless and moves a lot during sleep?","1;2;3",,"Rarely (0-1);Sometimes (2-4);Usually (5-7)","",""
restlessinsleep_problem,String,6,,Recommended,"Is ""restless during sleep"" a problem?","TRUE;FALSE",,"","",""
sleepwalkinnight,Integer,0,,Recommended,"How often does the Child sleepwalk during the night?","1;2;3",,"Rarely (0-1);Sometimes (2-4);Usually (5-7)","",""
sleepwalkinnight_problem,String,6,,Recommended,"Is ""sleepwalk during night"" a problem?","TRUE;FALSE",,"","",""
movetootherbed,Integer,0,,Recommended,"How often does the Child moves to someone else's bed in the night ?","1;2;3",,"Rarely (0-1);Sometimes (2-4);Usually (5-7)","",""
movetootherbed_problem,String,6,,Recommended,"Is ""move to someone else's bed"" a problem?","TRUE;FALSE",,"","",""
grindteethinsleep,Integer,0,,Recommended,"How often does the Child grinds teeth during sleep?","1;2;3",,"Rarely (0-1);Sometimes (2-4);Usually (5-7)","",""
grindteethinsleep_problem,String,6,,Recommended,"Is ""grind teeth during sleep"" a problem?","TRUE;FALSE",,"","",""
snoreloud,Integer,0,,Recommended,"How often does the Child snore loudly?","1;2;3",,"Rarely (0-1);Sometimes (2-4);Usually (5-7)","",""
snoreloud_problem,String,6,,Recommended,"Is ""snore loudly"" a problem?","TRUE;FALSE",,"","",""
stopbreathinsleep,Integer,0,,Recommended,"How often does the Child seem to stop breathing during sleep?","1;2;3",,"Rarely (0-1);Sometimes (2-4);Usually (5-7)","",""
stopbreathinsleep_problem,String,6,,Recommended,"Is ""stop breathing during sleep"" a problem?","TRUE;FALSE",,"","",""
snortgaspinsleep,Integer,0,,Recommended,"How often does the Child snort and/or gasp during sleep?","1;2;3",,"Rarely (0-1);Sometimes (2-4);Usually (5-7)","",""
snortgaspinsleep_problem,String,6,,Recommended,"Is ""gasp during sleep"" a problem?","TRUE;FALSE",,"","",""
troublesleepawayhome,Integer,0,,Recommended,"How often does the Child have trouble sleeping away from home?","1;2;3",,"Rarely (0-1);Sometimes (2-4);Usually (5-7)","",""
troublesleepawayhome_problem,String,6,,Recommended,"Is ""trouble sleeping away from home"" a problem?","TRUE;FALSE",,"","",""
awakeninconsolable,Integer,0,,Recommended,"How often does the Child awaken during the night screaming, sweating, & inconsolable?","1;2;3",,"Rarely (0-1);Sometimes (2-4);Usually (5-7)","",""
awakeninconsolable_problem,String,6,,Recommended,"Is ""awaken inconsolable"" a problem?","TRUE;FALSE",,"","",""
awakenbydream,Integer,0,,Recommended,"How often does the Child awaken alarmed by a frightening dream?","1;2;3",,"Rarely (0-1);Sometimes (2-4);Usually (5-7)","",""
awakenbydream_problem,String,6,,Recommended,"Is ""awaken by dream"" a problem?","TRUE;FALSE",,"","",""
awakenonce,Integer,0,,Recommended,"How often does the Child awaken once during the night?","1;2;3",,"Rarely (0-1);Sometimes (2-4);Usually (5-7)","",""
awakenonce_problem,String,6,,Recommended,"Is ""awaken once"" a problem?","TRUE;FALSE",,"","",""
awakenmorethanonce,Integer,0,,Recommended,"How often does the Child awaken more than once during the night?","1;2;3",,"Rarely (0-1);Sometimes (2-4);Usually (5-7)","",""
awakenmorethanonce_problem,String,6,,Recommended,"Is ""awaken more than once"" a problem?","TRUE;FALSE",,"","",""
minswakinglast,Integer,0,,Recommended,"Number of minutes waking usually last during the night","0 to 65",,"0-60minutes; >60 minutes","",""
wakeself,Integer,0,,Recommended,"How often does the Child wake up by him/herself?","1;2;3",,"Rarely (0-1);Sometimes (2-4);Usually (5-7)","",""
wakeself_problem,String,6,,Recommended,"Is ""wake up by self"" a problem?","TRUE;FALSE",,"","",""
wakebadmode,Integer,0,,Recommended,"How often does the Child wake up in negative mood?","1;2;3",,"Rarely (0-1);Sometimes (2-4);Usually (5-7)","",""
wakebadmode_problem,String,6,,Recommended,"Is ""wake up in bad mode"" a problem?","TRUE;FALSE",,"","",""
wakebyothers,Integer,0,,Recommended,"How often do the adults or siblings wake up the Child?","1;2;3",,"Rarely (0-1);Sometimes (2-4);Usually (5-7)","",""
wakebyothers_problem,String,6,,Recommended,"Is ""wake up by others"" a problem?","TRUE;FALSE",,"","",""
difficultgetoutbed,Integer,0,,Recommended,"How often does the Child have difficulty getting out of bed in the morning?","1;2;3",,"Rarely (0-1);Sometimes (2-4);Usually (5-7)","",""
difficultgetoutbed_problem,String,6,,Recommended,"Is ""trouble getting out of bed"" a problem?","TRUE;FALSE",,"","",""
takelongbealert,Integer,0,,Recommended,"How often does the Child take a long time to become alert in morning?","1;2;3",,"Rarely (0-1);Sometimes (2-4);Usually (5-7)","",""
takelongbealert_problem,String,6,,Recommended,"Is ""take long time to be alert"" a problem?","TRUE;FALSE",,"","",""
tiredwakeinmorning,Integer,0,,Recommended,"How often does the Child seem tired when wakes in the morning?","1;2;3",,"Rarely (0-1);Sometimes (2-4);Usually (5-7)","",""
tiredwakeinmorning_problem,String,6,,Recommended,"Is ""wake tired"" a problem?","TRUE;FALSE",,"","",""
tiredduringday,Integer,0,,Recommended,"How often does the Child seem tired during the day?","1;2;3",,"Rarely (0-1);Sometimes (2-4);Usually (5-7)","",""
tiredduringday_problem,String,6,,Recommended,"Is ""tired during the day"" a problem?","TRUE;FALSE",,"","",""
sleepwatchtv,Integer,0,,Recommended,"Has the Child appeared very sleepy or fallen asleep during watching TV?","1;2;3;4",,"Not sleepy;Very sleepy;Falls asleep;Not applicable","",""
sleepincar,Integer,0,,Recommended,"Has the Child appeared very sleepy or fallen asleep during riding in car?","1;2;3;4",,"Not sleepy;Very sleepy;Falls asleep;Not applicable","",""
subjectkey,GUID,0,,Required,"The NDAR Global Unique Identifier (GUID) for subjects which identifies a subject in NDAR","NDAR*",,"","NDAR Required",""
src_subject_id,String,20,,Required,"The site's subject identification","",,"","NDAR Required",""
interview_date,Date,0,,Required,"Date on which the interview/genetic test/sampling/imaging was completed","MM/yyyy;MM/dd/yyyy",,"* '01/01/1900' indicates that a date associated with retrospective data is not known.","NDAR Required",""
interview_age,Integer,0,,Required,"Age in months at the time of the interview/test/sampling/imaging.","0 to 1200",,"Age is rounded to chronological month If the research participant is 13 days old at time of interview  the appropriate value would be 0 months if the participant is 19 days old the value would be 1 month","NDAR Required",""
