ElementName,DataType,Size,Unit,Required,ElementDescription,ValueRange,Keywords,Notes,Section,Aliases
subjectkey,GUID,0,,Required,"The NDAR Global Unique Identifier (GUID) for subjects which identifies a subject in NDAR","NDAR*",,"","Header",""
src_subject_id,String,20,,Required,"The site's subject identification","",,"","Header",""
interview_date,Date,0,,Required,"Date on which the interview/genetic test/sampling/imaging was completed","MM/yyyy;MM/dd/yyyy",,"* '01/01/1900' indicates that a date associated with retrospective data is not known.","Header",""
interview_age,Integer,0,,Required,"Age in months at the time of the interview/test/sampling/imaging.","0 to 1200",,"Age is rounded to chronological month If the research participant is 13 days old at time of interview  the appropriate value would be 0 months if the participant is 19 days old the value would be 1 month","Header",""
mrs_raw_data_localizer,File,255,,Recommended,"MPCSI localizer: six axial, T1 weighted images, showing the placement of the multi-slice CSI acquisition.","",,"","MRS Raw Data File",""
mrs_raw_data_ovs,File,255,,Recommended,"OVS images: 54 images in DICOM format, Axial acquisition, T1 weighted, showing the results of the MPCSI fat suppression routine for each coil element individually and combined for each slice.","",,"","MRS Raw Data File",""
mrs_raw_data_pfile,File,255,,Recommended,"MPCSI P-file: GE file format containing the raw digitalization of the FID data for the MRS series, as well as scan-acquisition parameter header information and data structure for the file.","",,"","MRS Raw Data File",""
