ElementName,DataType,Size,Unit,Required,ElementDescription,ValueRange,Keywords,Notes,Section,Aliases
subjectkey,GUID,0,,Required,"The NDAR Global Unique Identifier (GUID) for subjects which identifies a subject in NDAR","NDAR*",,"","NDAR Required",""
src_subject_id,String,20,,Required,"The site's subject identification","",,"","NDAR Required",""
interview_date,Date,0,,Required,"Date on which the interview/genetic test/sampling/imaging was completed","MM/yyyy;MM/dd/yyyy",,"* '01/01/1900' indicates that a date associated with retrospective data is not known.","NDAR Required",""
interview_age,Integer,0,,Required,"Age in months at the time of the interview/test/sampling/imaging.","0 to 1200",,"Age is rounded to chronological month If the research participant is 13 days old at time of interview  the appropriate value would be 0 months if the participant is 19 days old the value would be 1 month","NDAR Required",""
dasii_measure,String,20,,Recommended,"Measure Used","DAS-II",,"","Measure Information",""
dasii_form,String,20,,Recommended,"Form Used","SAR;EYR",,"","Measure Information",""
dasii_year,String,20,,Optional,"Year Published","2007",,"","Measure Information",""
dasii_eyr_level,String,20,,Recommended,"EYR-Level Used: LL = Lower Level; UL = Upper Level; OL = Out-of-Level; OOL = Over OL (CA over 109 months)","LL;UL;OL;OOL",,"EYR-Level Used: LL = Lower Level; UL = Upper Level; OL = Out-of-Level; OOL = Over OL (CA over 109 months)","Level Used","dasii_level"
dasii_eyr_vcom_raw,Integer,0,,Recommended,"EYR-Verbal Comprehension: Raw Score (DAS-II)","0 to 24",,"","Verbal Comprehension","dasii_vcom_raw"
dasii_eyr_vcom_isa,String,20,,Optional,"EYR-Verbal Comprehension: Item Set Administered (DAS-II)","",,"??? To ??? (ex: 099 to 110)","Verbal Comprehension",""
dasii_eyr_vcom_as,Integer,0,,Recommended,"EYR-Verbal Comprehension: Ability Score","10 to 187",,"","Verbal Comprehension","dasii_vcom_as"
dasii_eyr_psim_raw,Integer,0,,Recommended,"EYR-Picture Similarities: Raw Score","0 to 24",,"","Picture Similarities","dasii_psim_raw"
dasii_eyr_psim_isa,String,20,,Optional,"EYR-Picture Similarities: Item Set Administered (DAS-II)","",,"??? To ??? (ex: 099 to 110)","Picture Similarities",""
dasii_eyr_psim_as,Integer,0,,Recommended,"EYR-Picture Similarities: Ability Score","10 to 152",,"","Picture Similarities","dasii_psim_as"
dasii_eyr_nvoc_raw,Integer,0,,Recommended,"EYR-Naming Vocabulary: Raw Score","0 to 29",,"","Naming Vocabulary","dasii_nvoc_raw"
dasii_eyr_nvoc_isa,String,20,,Optional,"EYR-Naming Vocabulary: Item Set Administered (DAS-II)","",,"??? To ??? (ex: 099 to 110)","Naming Vocabulary",""
dasii_eyr_nvoc_as,Integer,0,,Recommended,"EYR-Naming Vocabulary: Ability Score","10 to 214",,"","Naming Vocabulary","dasii_nvoc_as"
dasii_eyr_sar_pcon_raw,Integer,0,,Recommended,"Pattern Construction: Raw Score","0 to 74",,"","Pattern Construction","dasii_pcon_raw"
dasii_eyr_sar_pcon_isa,String,20,,Optional,"Pattern Construction: Item Set Administered","",,"??? To ??? (ex: 099 to 110)","Pattern Construction",""
dasii_eyr_sar_pcon_as,Integer,0,,Recommended,"Pattern Construction: Ability Score","10 to 350",,"","Pattern Construction","dasii_pcon_as"
dasii_eyr_sar_pcon_alt,String,5,,Recommended,"Pattern Construction: Alternative Procedure Used? (Yes/No)","Yes;No",,"Pattern Construction Alternative scoring method used (Yes or No)","Pattern Construction","dasii_pcon_alt"
dasii_eyr_sar_pcon_alt_raw,Integer,0,,Recommended,"Pattern Construction: Alternative Raw Score","0 to 32",,"","Pattern Construction","dasii_pcon_alt_raw"
dasii_eyr_sar_pcon_alt_isa,String,20,,Optional,"Pattern Construction: Alternative Item Set Administered","",,"??? To ??? (ex: 099 to 110)","Pattern Construction",""
dasii_eyr_sar_pcon_alt_as,Integer,0,,Recommended,"Pattern Construction: Alternative Ability Score","10 to 323",,"","Pattern Construction","dasii_pcon_alt_as"
dasii_eyr_sar_mat_raw,Integer,0,,Recommended,"Matrices: Raw Score","0 to 34",,"","Matrices","dasii_mat_raw"
dasii_eyr_sar_mat_isa,String,20,,Optional,"Matrices: Item Set Administered","",,"??? To ??? (ex: 099 to 110)","Matrices",""
dasii_eyr_sar_mat_as,Integer,0,,Recommended,"Matrices: Ability Score","10 to 155",,"","Matrices","dasii_mat_as"
dasii_eyr_copy_raw,Integer,0,,Recommended,"EYR-Copying: Raw Score","0 to 36",,"","Copying","dasii_copy_raw"
dasii_eyr_copy_isa,String,20,,Optional,"EYR-Copying: Item Set Administered","",,"??? To ??? (ex: 099 to 110)","Copying",""
dasii_eyr_copy_as,Integer,0,,Recommended,"EYR-Copying: Ability Score","10 to 181",,"","Copying","dasii_copy_as"
dasii_eyr_vcom_tscr,Integer,0,,Recommended,"EYR-Verbal Comprehension: T-Score","10 to 90",,"","Verbal Comprehension","dasii_vcom_tscr"
dasii_eyr_psim_tscr,Integer,0,,Recommended,"EYR-Picture Similarities: T-Score","10 to 90",,"","Picture Similarities","dasii_psim_tscr"
dasii_eyr_nvoc_tscr,Integer,0,,Recommended,"EYR-Naming Vocabulary: T-Score","10 to 90",,"","Naming Vocabulary","dasii_nvoc_tscr"
dasii_eyr_sar_pcon_tscr,Integer,0,,Recommended,"Pattern Construction: T-Score","10 to 90",,"","Pattern Construction","dasii_pcon_tscr"
dasii_eyr_sar_mat_tscr,Integer,0,,Recommended,"Matrices: T-Score","10 to 90",,"","Matrices","dasii_mat_tscr"
dasii_eyr_copy_tscr,Integer,0,,Recommended,"EYR-Copying: T-Score","10 to 90",,"","Copying","dasii_copy_tscr"
dasii_eyr_ci_percent_lvl_used,Integer,0,,Optional,"EYR-Confidence Interval Percentile Used (90 or 95)","90;95",,"","Confidence Interval Percentile Used",""
dasii_eyr_verbal_sum_tscr,Integer,0,,Recommended,"EYR-Sum of Verbal Subtest T-Scores","20 to 180",,"","Verbal Cluster","dasii_verbal_tscr_sum,dasii_verbal_sum_tscr"
dasii_eyr_verbal_ss,Integer,0,,Recommended,"EYR-Verbal Standard Score","30 to 170",,"","Verbal Cluster","dasii_verbal_ss"
dasii_eyr_verbal_percent,Integer,0,,Optional,"EYR-Verbal SS Percentile","0.1 to 99.9",,"","Verbal Cluster","dasii_verbal_percent"
dasii_eyr_verbal_ci,String,20,,Optional,"EYR-Verbal CI range (??? to ???)","",,"??? To ??? (ex: 099 to 110)","Verbal Cluster",""
dasii_eyr_nonverb_sum_tscr,Integer,0,,Recommended,"EYR-Sum of Nonverbal Subtest T-Scores","20 to 180",,"","Nonverbal Cluster","dasii_nvr_sum_tscr,dasii_nonverb_sum_tscr"
dasii_eyr_nonverb_ss,Integer,0,,Recommended,"EYR-Nonverbal Standard Score","32 to 170",,"","Nonverbal Cluster","dasii_nonverb_ss"
dasii_eyr_nonverb_percent,Integer,0,,Optional,"EYR-Nonverbal SS Percentile","0.1 to 99.9",,"","Nonverbal Cluster","dasii_nonverb_percent"
dasii_eyr_nonverb_ci,String,20,,Optional,"EYR-Nonverbal CI range (??? to ???)","",,"??? To ??? (ex: 099 to 110)","Nonverbal Cluster",""
dasii_eyr_nonverb_r_sum_tscr,Integer,0,,Recommended,"EYR-Sum of Nonverbal Reasoning Subtest T-Scores","20 to 180",,"","Nonverbal Reasoning Cluster","dasii_nonvrbreasn_tscr_sum"
dasii_eyr_nonverb_r_ss,Integer,0,,Recommended,"EYR-Nonverbal Reasoning Standard Score","32 to 170",,"","Nonverbal Reasoning Cluster","dasii_nvr_ss"
dasii_eyr_nonverb_r_percent,Integer,0,,Optional,"EYR-Nonverbal Reasoning SS Percentile","0.1 to 99.9",,"","Nonverbal Reasoning Cluster","dasii_nvr_percent"
dasii_eyr_nonverb_r_ci,String,20,,Optional,"EYR-Nonverbal Reasoning CI range (??? to ???)","",,"??? To ??? (ex: 099 to 110)","Nonverbal Reasoning Cluster",""
dasii_eyr_spatial_sum_tscr,Integer,0,,Recommended,"EYR-Sum of Spatial Subtest T-Scores","20 to 180",,"","Spatial Cluster","dasii_spatial_sum_tscr,dasii_spatial_tscr_sum"
dasii_eyr_spatial_ss,Integer,0,,Recommended,"EYR-Spatial Standard Score","34 to 170",,"","Spatial Cluster","dasii_spatial_ss"
dasii_eyr_spatial_percent,Integer,0,,Optional,"EYR-Spatial SS Percentile","0.1 to 99.9",,"","Spatial Cluster","dasii_spatial_percent"
dasii_eyr_spatial_ci,String,20,,Optional,"EYR-Spatial CI range (??? to ???)","",,"??? To ??? (ex: 099 to 110)","Spatial Cluster",""
dasii_eyr_gca_sum_tscr,Integer,0,,Recommended,"EYR-Sum of General Conceptual Ability (GCA) Subtest T-Scores","40 to 540",,"","General Conceptual Ability","dasii_gca_tscr_sum,dasii_gca_sum_tscr"
dasii_eyr_gca_ss,Integer,0,,Recommended,"EYR-General Conceptual Ability (GCA) Standard Score","30 to 170",,"","General Conceptual Ability","dasii_gca_ss"
dasii_eyr_gca_percent,Integer,0,,Optional,"EYR-General Conceptual Ability (GCA) SS Percentile","0.1 to 99.9",,"","General Conceptual Ability","dasii_gca_percent"
dasii_eyr_gca_ci,String,20,,Optional,"EYR-General Conceptual Ability (GCA) CI range (??? to ???)","",,"??? To ??? (ex: 099 to 110)","General Conceptual Ability",""
dasii_eyr_gca_mean_tscr,Integer,0,,Optional,"EYR-General Conceptual Ability (GCA) Mean T-Score","10 to 90",,"","General Conceptual Ability","dasii_gca_mean_tscr"
dasii_eyr_snc_sum_tscr,Integer,0,,Recommended,"EYR-Sum of Special Nonverbal Composite (SNC) Subtest T-Scores","40 to 360",,"","Special Nonverbal Composite","dasii_snc_tscr_sum,dasii_snc_sum_tscr"
dasii_eyr_snc_ss,Integer,0,,Recommended,"EYR-Special Nonverbal Composite (SNC) Standard Score","30 to 170",,"","Special Nonverbal Composite","dasii_snc_ss"
dasii_eyr_snc_percent,Integer,0,,Optional,"EYR-Special Nonverbal Composite (SNC) SS Percentile","0.1 to 99.9",,"","Special Nonverbal Composite","dasii_snc_percent"
dasii_eyr_snc_ci,String,20,,Optional,"EYR-Special Nonverbal Composite (SNC) CI range (??? to ???)","",,"??? To ??? (ex: 099 to 110)","Special Nonverbal Composite",""
dasii_eyr_snc_mean_tscr,Integer,0,,Optional,"EYR-Special Nonverbal Composite (SNC) Mean T-Score","10 to 90",,"","Special Nonverbal Composite","dasii_snc_mean_tscr,dasi_snc_mean_tscr"
dasii_eyr_vcom_percent,Integer,0,,Optional,"EYR-Verbal Comprehension: Percentile","0.1 to 99.9",,"","Verbal Comprehension","dasii_vcom_percent"
dasii_eyr_vcom_ae,Integer,0,,Recommended,"EYR-Verbal Comprehension: Age Equivalent (in months) [Note: if AE<2:7 enter 28 months; if AE>17:9 enter 216 months]","28 to 216",,"Age Equivalent in Months","Verbal Comprehension","dasii_vcom_ae"
dasii_eyr_vcom_ae_notes,String,150,,Recommended,"EYR-Verbal Comprehension: Age Equivalent (in months) [Note: if AE<2:7 enter 28 months; if AE>17:9 enter 216 months]:  Notes to explain the usage of either the floor of 28 or the ceiling of 216","",,"","",""
dasii_eyr_psim_percent,Integer,0,,Optional,"EYR-Picture Similarities: Percentile","0.1 to 99.9",,"","Picture Similarities","dasii_psim_percent"
dasii_eyr_psim_ae,Integer,0,,Recommended,"EYR-Picture Similarities: Age Equivalent (in months) [Note: if AE<2:7 enter 28 months; if AE>17:9 enter 216 months]","28 to 216",,"Age Equivalent in Months","Picture Similarities","dasii_psim_ae"
dasii_eyr_psim_ae_notes,String,150,,Recommended,"EYR-Picture Similarities: Age Equivalent (in months) [Note: if AE<2:7 enter 28 months; if AE>17:9 enter 216 months]:  Notes to explain the usage of either the floor of 28 or the ceiling of 216","",,"","",""
dasii_eyr_nvoc_percent,Integer,0,,Optional,"EYR-Naming Vocabulary: Percentile","0.1 to 99.9",,"","Naming Vocabulary","dasii_nvoc_percent"
dasii_eyr_nvoc_ae,Integer,0,,Recommended,"EYR-Naming Vocabulary: Age Equivalent (in months) [Note: if AE<2:7 enter 28 months; if AE>17:9 enter 216 months]","28 to 216",,"Age Equivalent in Months","Naming Vocabulary","dasii_nvoc_ae"
dasii_eyr_nvoc_ae_notes,String,150,,Recommended,"EYR-Naming Vocabulary: Age Equivalent (in months) [Note: if AE<2:7 enter 28 months; if AE>17:9 enter 216 months]:  Notes to explain the usage of either the floor of 28 or the ceiling of 216","",,"","",""
dasii_eyr_sar_pcon_percent,Integer,0,,Optional,"Pattern Construction: Percentile","0.1 to 99.9",,"","Pattern Construction","dasii_pcon_percent"
dasii_eyr_sar_pcon_ae,Integer,0,,Recommended,"Pattern Construction: Age Equivalent (in months) [Note: if AE<2:7 enter 28 months; if AE>17:9 enter 216 months]","28 to 216",,"Age Equivalent in Months","Pattern Construction","dasii_pcon_ae"
dasii_eyr_sar_pcon_ae_notes,String,150,,Recommended,"Pattern Construction  Age Equivalent  in months  Note  if AE less than 2yrs 7 months then enter 28 months; if AE greater than 17yrs 9mos then enter 216 months   Notes to explain the usage of either the floor of 28 or the ceiling of 216","",,"","",""
dasii_eyr_sar_mat_percent,Integer,0,,Optional,"Matrices: Percentile","0.1 to 99.9",,"","Matrices","dasii_mat_percent"
dasii_eyr_sar_mat_ae,Integer,0,,Recommended,"Matrices: Age Equivalent (in months) [Note: if AE<2:7 enter 28 months; if AE>17:9 enter 216 months]","28 to 216",,"Age Equivalent in Months","Matrices","dasii_mat_ae"
dasii_eyr_sar_mat_ae_notes,String,150,,Recommended,"Matrices  Age Equivalent  in months  Note  if AE less than 2yrs 7 months then enter 28 months; if AE greater than 17yrs 9mos then enter 216 months   Notes to explain the usage of either the floor of 28 or the ceiling of 216","",,"","",""
dasii_eyr_copy_percent,Integer,0,,Optional,"EYR-Copying: Percentile","0.1 to 99.9",,"","Copying","dasii_copy_percent"
dasii_eyr_copy_ae,Integer,0,,Recommended,"EYR-Copying: Age Equivalent (in months) [Note: if AE<2:7 enter 28 months; if AE>17:9 enter 216 months]","28 to 216",,"Age Equivalent in Months","Copying","dasii_copy_ae"
dasii_eyr_copy_ae_notes,String,150,,Recommended,"EYR-Copying: Age Equivalent (in months) [Note: if AE<2:7 enter 28 months; if AE>17:9 enter 216 months]:  Notes to explain the usage of either the floor of 28 or the ceiling of 216","",,"","",""
dasii_eyr_vma,Integer,0,,Optional,"EYR-Verbal Mental Age (in months) [Note: if AE<2:7 enter 28 months; if AE>17:9 enter 216 months]","28 to 216",,"Age Equivalent in Months","Verbal Cluster",""
dasii_eyr_nvma,Integer,0,,Optional,"EYR-Nonverbal Mental Age (in months) [Note: if AE<2:7 enter 28 months; if AE>17:9 enter 216 months]","28 to 216",,"Age Equivalent in Months","Nonverbal Cluster",""
dasii_eyr_nvrma,Integer,0,,Optional,"EYR-Nonverbal Reasoning Mental Age (in months) [Note: if AE<2:7 enter 28 months; if AE>17:9 enter 216 months]","28 to 216",,"Age Equivalent in Months","Nonverbal Reasoning Cluster",""
dasii_eyr_sma,Integer,0,,Optional,"EYR-Spatial Mental Age (in months) [Note: if AE<2:7 enter 28 months; if AE>17:9 enter 216 months]","28 to 216",,"Age Equivalent in Months","Spatial Cluster",""
dasii_eyr_gca_ll_ma,Integer,0,,Optional,"EYR-General Conceptual Ability (GCA) Lower Level Mental Age (in months) [Note: if AE<2:7 enter 28 months; if AE>17:9 enter 216 months]","28 to 216",,"Age Equivalent in Months","General Conceptual Ability",""
dasii_eyr_gca_ul_ma,Integer,0,,Optional,"EYR-General Conceptual Ability (GCA) Upper Level Mental Age (in months) [Note: if AE<2:7 enter 28 months; if AE>17:9 enter 216 months]","28 to 216",,"Age Equivalent in Months","General Conceptual Ability",""
dasii_eyr_sncma,Integer,0,,Optional,"EYR-Special Nonverbal Composite (SNC) Mental Age (in months) [Note: if AE<2:7 enter 28 months; if AE>17:9 enter 216 months]","28 to 216",,"Age Equivalent in Months","Special Nonverbal Composite",""
comments_misc,String,255,,Recommended,"Miscellaneous comments on study, interview, methodology relevant to this form data","",,"","",""
