ElementName,DataType,Size,Unit,Required,ElementDescription,ValueRange,Keywords,Notes,Section,Aliases
bio_mother_education,String,30,,Recommended,"Biological Mother Highest level of education","Less than High School;High School Degree;GED;Some College;Associates Degree;Bachelors Degree;Some Graduate Work;Graduate Degree",,"","Mother",""
bio_mother_ethnicity,String,50,,Recommended,"Biological Mother ethnicity (Hispanic or Latino, Not Hispanic or Latino, No Answer)","Hispanic or Latino;Not Hispanic or Latino",,"","Mother",""
bio_mother_race,String,150,,Recommended," Biological Mother Race (American Indian or Alaska Native, African American or Black, Asian, Native Hawaiian or Other Pacific Islander, White)","American Indian or Alaska Native;African American or Black;Asian;Native Hawaiian or Other Pacific Islander;White;Mixed Race",,"","Mother",""
bio_mother_marital_status,String,50,,Recommended,"Biological Mother Marital Status","Single;Married;Divorced;Divorced and Remarried;Widowed;Seperated",,"","Mother",""
bio_mother_number_children,Integer,0,,Recommended,"Biological Mother Number of Children","",,"","Mother",""
bio_mother_employed,String,5,,Recommended,"Biological Mother Employed?","Yes;No",,"","Mother",""
bio_mother_type_employment,String,15,,Recommended,"Biological Mother Type of Employment","Full time;Part time",,"","Mother",""
bio_mother_occupation,String,100,,Recommended,"Biological Mother Occupation","",,"","Mother",""
bio_mother_income,Integer,0,,Recommended,"Biological Mother:  income (1=$0-$5,000; 2=$5,001-$10,000; 3=$10,001-$15,000; 4=$15,001-$25,000; 5=$25,001-$35,000; 6=$35,001-$50,000; 7=$50,001-$75,000; 8=$75,001-$100,000; 9=$100,001-$150,000; 10=over $150,000)","1 to 10",,"","Mother",""
bio_mother_writing_hand,String,5,,Recommended,"Biological Mother:  Hand used to write with","R;L;B",,"","Mother",""
bio_father_education,String,30,,Recommended,"Biological Father Highest level of education","Less than High School;High School Degree;GED;Some College;Associates Degree;Bachelors Degree;Some Graduate Work;Graduate Degree",,"","Father",""
bio_father_ethnicity,String,50,,Recommended,"Biological Father ethnicity (Hispanic or Latino, Not Hispanic or Latino, No Answer)","Hispanic or Latino;Not Hispanic or Latino",,"","Father",""
bio_father_race,String,150,,Recommended," Biological Father Race (American Indian or Alaska Native, African American or Black, Asian, Native Hawaiian or Other Pacific Islander, White)","American Indian or Alaska Native;African American or Black;Asian;Native Hawaiian or Other Pacific Islander;White;Mixed Race",,"","Father",""
bio_father_marital_status,String,50,,Recommended,"Biological Father Marital Status","Single;Married;Divorced;Divorced and Remarried;Widowed;Seperated",,"","Father",""
bio_father_number_children,Integer,0,,Recommended,"Biological Father Number of Children","",,"","Father",""
bio_father_employed,String,5,,Recommended,"Biological Father Employed?","Yes;No",,"","Father",""
bio_father_type_employment,String,15,,Recommended,"Biological Father Type of Employment","Full time;Part time",,"","Father",""
bio_father_occupation,String,100,,Recommended,"Biological Father Occupation","",,"","Father",""
bio_father_income,Integer,0,,Recommended,"Biological Father:  income (1=$0-$5,000; 2=$5,001-$10,000; 3=$10,001-$15,000; 4=$15,001-$25,000; 5=$25,001-$35,000; 6=$35,001-$50,000; 7=$50,001-$75,000; 8=$75,001-$100,000; 9=$100,001-$150,000; 10=over $150,000)","1 to 10",,"","Father",""
bio_father_writing_hand,String,5,,Recommended,"Biological Father:  Hand used to write with","R;L;B",,"","Father",""
household_where_child_lives,String,50,,Recommended,"Child (subject/proband) with ASD currently lives with","Both Parents;Biological Mother Only;Biological Father Only;Biological Mother and Step Father;Biological Father and Step Mother;Foster Parents;Other Relatives;Other;Adoptive Parents",,"","Household",""
household_physical_custody,String,50,,Recommended,"Physical Custody situation if mother and father are divorced or seperated","Joint;Mother has sole custody;Father has sole custody",,"","Household",""
household_visitation,String,5,,Recommended,"If either parent has sole custody based on the previous question, does the other parent have visitation?","Yes;No",,"","Household",""
household_number_in_house,Integer,0,,Recommended,"Number of people living in primary residence for subject (proband)","",,"","Household",""
household_dwelling_type,String,25,,Recommended,"Primary Residence Dwelling type","Apartment;Attached House;Detached House",,"","Household",""
subjectkey,GUID,0,,Optional,"The NDAR Global Unique Identifier (GUID) for subjects which identifies a subject in NDAR","NDAR*",,"","",""
src_subject_id,String,20,,Required,"The site's subject identification","",,"","NDAR Required",""
interview_date,Date,0,,Required,"Date on which the interview/genetic test/sampling/imaging was completed","MM/yyyy;MM/dd/yyyy",,"* '01/01/1900' indicates that a date associated with retrospective data is not known.","NDAR Required",""
interview_age,Integer,0,,Required,"Age in months at the time of the interview/test/sampling/imaging.","0 to 1200",,"Age is rounded to chronological month If the research participant is 13 days old at time of interview  the appropriate value would be 0 months if the participant is 19 days old the value would be 1 month","NDAR Required",""
gender,String,50,,Recommended,"Gender","M;F",,"","Header",""
respondent,String,20,,Recommended,"FIGS Y1: Respondent (mother or father)","Mother;Father;Other",,"","Header",""
household_income_level,Integer,0,,Recommended,"Full Screener (Visit 1): Q52 combined income all adults in home (1=$0-$5,000; 2=$5,001-$10,000; 3=$10,001-$15,000; 4=$15,001-$25,000; 5=$25,001-$35,000; 6=$35,001-$50,000; 7=$50,001-$75,000; 8=$75,001-$100,000; 9=$100,001-$150,000; 10=over $150,000)","",,"1=$0-$5,000; 
2=$5,001-$10,000; 
3=$10,001-$15,000; 
4=$15,001-$25,000; 
5=$25,001-$35,000; 
6=$35,001-$50,000; 
7=$50,001-$75,000; 
8=$75,001-$100,000; 
9=$100,001-$150,000; 
10=over $150,000;
11=less than $10,000;  
12=$15,000-$20,000 ;   
13=$20,000-$25,000 ; 
14=$25,000-$30,000  ;  
15=$30,000-$35,000 ; 
16=$35,000-$40,000 ; 	
17=$40,000-$45,000 ;	
18=$45,000-$50,000 ;	
19=$50,000-$55,000 ; 	
20=$55,000-$60,000;  
21= above $60,000;","Household",""
comments_misc,String,255,,Optional,"Miscellaneous comments on study, interview, methodology relevant to this form data","",,"","",""
