ElementName,DataType,Size,Unit,Required,ElementDescription,ValueRange,Keywords,Notes,Section,Aliases
asd_yes_no,String,6,,Recommended,"Has the child been diagnosed with Autism Spectrum Disorder?","TRUE;FALSE",,"","ASD",""
asd_when,String,32,,Recommended,"when was the ASD diagnosed?","",,"","ASD",""
asd_where,String,200,,Recommended,"where was the ASD diagnosed?","",,"","ASD",""
asd_diagnosis,Integer,0,,Recommended,"If yes, What was the previous diagnosis of Autism Spectrum Disorder?","1;2;3",,"Autism;Aspergers;PDD-NOS","ASD",""
asd_details,String,200,,Recommended,"Details of ASD diagnosis","",,"","ASD",""
dd_yes_no,String,6,,Recommended,"Has the child been diagnosed with Developmental Disorder?","TRUE;FALSE",,"","DD",""
dd_when,String,32,,Recommended,"when was the DD diagnosed?","",,"","DD",""
dd_where,String,200,,Recommended,"where was the DD diagnosed?","",,"","DD",""
dd_diagnosis,Integer,0,,Recommended,"If Yes, What was the previous diagnosis of Developmental Disorder?","1;2;3;4",,"Chromosome disorder;Syndrome;Learning disability;Other","DD",""
dd_details,String,200,,Recommended,"Details of DD diagnosis","",,"","DD",""
wechslertest,Integer,0,,Recommended,"Has Wechsler (WISC, WPPSI) test been done?","0;1;2",,"No;Yes;UK","IQ",""
leitertest,Integer,0,,Recommended,"Has Leiter test been done?","0;1;2",,"No;Yes;UK","IQ",""
denvertest,Integer,0,,Recommended,"Has Denver Developmental test been done?","0;1;2",,"No;Yes;UK","IQ",""
vinelandtest,Integer,0,,Recommended,"Has Vineland test been done?","0;1;2",,"No;Yes;UK","IQ",""
otherdevelopmentaltest,Integer,0,,Recommended,"Has other test been done?","0;1;2",,"No;Yes;UK","IQ",""
developmentaltestdetails,String,200,,Recommended,"Details of developmental evaluations or specific neurodevelopmental tests.","",,"","IQ",""
iq_assessment,Integer,0,,Recommended,"the IQ score","1 to 10",,"Superior - >130+;Hi Average - 116-130;Average - 85-115;Borderline - 71-84;Mild MR - 55-70;Moderate MR - 40-54;Severe MR - 20-39;Profound MR - <20;Unspecified MR;Unknown","IQ",""
motherhandedness,Integer,0,,Recommended,"Handedness of the Child's Mother","1;2;3",,"Left;Right","General neurology",""
fatherhandedness,Integer,0,,Recommended,"Handedness of the Child's Father","1;2;3",,"Left;Right","General neurology",""
tics,Integer,0,,Recommended,"Does (did) the Child have Tics?","0;1;2",,"No;Yes;Unknown","General neurology",""
tremors,Integer,0,,Recommended,"Does (did) the Child have Tremors?","0;1;2",,"No;Yes;Unknown","General neurology",""
hypotonia,Integer,0,,Recommended,"Does (did) the Child have Hypotonia (low muscle tone)?","0;1;2",,"No;Yes;Unknown","General neurology",""
hypertonia,Integer,0,,Recommended,"Does (did) the Child have Hypertonia (tight muscle tone)?","0;1;2",,"No;Yes;Unknown","General neurology",""
attentiondisorder,Integer,0,,Recommended,"Does (did) the Child have Attention Deficit Disorder +/- Hyperactivity?","0;1;2",,"No;Yes;Unknown","General neurology",""
abnormalsedationresponse,Integer,0,,Recommended,"was there an abnormal sedation response?","0;1;2",,"No;Yes;Unknown","General neurology",""
toewalker,Integer,0,,Recommended,"Does (did) the Child have Toe walker?","0;1;2",,"No;Yes;Unknown","General neurology",""
toewalkerdetails,String,255,,Recommended,"If Yes, Describe at what ages, any treatments, etc.","",,"","General neurology",""
unusualwalkpattern,Integer,0,,Recommended,"Does (did) the Child have Unusual walking pattern?","0;1;2",,"No;Yes;Unknown","General neurology",""
balanceproblem,Integer,0,,Recommended,"Does (did) the Child have Balance problem?","0;1;2",,"No;Yes;Unknown","General neurology",""
coordinationproblem,Integer,0,,Recommended,"Does (did) the Child have Coordination problem/clumsy?","0;1;2",,"No;Yes;Unknown","General neurology",""
hearingloss,Integer,0,,Recommended,"Hearing Loss  Does (did) the Child have Hearing loss?","0;1;2",,"No;Yes;Unknown","General neurology",""
hearinglosstype,Integer,0,,Recommended,"Is the Child's Hearing loss Sensorineural or Conductive?","1;2",,"Sensorineural;Conductive","General neurology",""
hearinglosscorrectable,Integer,0,,Recommended,"If Yes, Is the Child's Hearing loss Correctable?","0;1;2",,"No;Yes;Unknown","General neurology",""
usehearingaid,Integer,0,,Recommended,"If Yes, Does the Child Uses hearing aid?","0;1;2",,"No;Yes;Unknown","General neurology",""
soundsensitive,Integer,0,,Recommended,"If Yes, Does the Child have Sound sensitivity?","0;1;2",,"No;Yes;Unknown","General neurology",""
visionproblems,Integer,0,,Recommended,"Vision  Does (did) the Child have Vision/eye problems?","0;1;2",,"No;Yes;Unknown","General neurology",""
visionproblemdetail,String,255,,Recommended,"If Yes, What were the Vision/eye problems?","",,"","General neurology",""
vsionproblemcorrectable,Integer,0,,Recommended,"If Yes, What the Vision/eye problems correctable?","0;1;2",,"No;Yes;Unknown","General neurology",""
weareyeglasses,Integer,0,,Recommended,"Does (did) the Child wear Glasses?","0;1;2",,"No;Yes;Unknown","General neurology",""
migraineheadache,Integer,0,,Recommended,"Does (did) the Child have Migraine headaches?","0;1;2",,"No;Yes;Unknown","General neurology",""
paintolerance,Integer,0,,Recommended,"How is the Child's Pain Tolerance?","1;2;3;4",,"Very Hight;High;Normal;Low","General neurology",""
seizures,Integer,0,,Recommended,"Does (did) the Child have Seizures?","0;1;2",,"No;Yes;Unknown","General neurology",""
seizuretype,Integer,0,,Recommended,"If Yes, What type of seizures does the Child have?","1;2;3;4;5;6",,"Febrile;Myoclonic;Grand mal;Complex partial;Petit mal;Other","General neurology",""
ctscanofbrain,String,6,,Recommended,"Did the Child take a CT scan of brain?","TRUE;FALSE",,"","General neurology",""
ctscanresult,Integer,0,,Recommended,"If Yes, What was the CT Results?","1;2;3",,"Normal;Abnormal;Unknown","General neurology",""
mribrainscan,String,6,,Recommended,"Did the Child take a MRI scan of brain?","TRUE;FALSE",,"","General neurology",""
mriscanresults,Integer,0,,Recommended,"If Yes, What was the MRI Results?","1;2;3",,"Normal;Abnormal;Unknown","General neurology",""
eegtest,String,6,,Recommended,"Did the Child take a EEG exam?","TRUE;FALSE",,"","General neurology",""
eegresults,Integer,0,,Recommended,"If Yes, What was the EEG Results?","1;2;3",,"Normal;Abnormal;Unknown","General neurology",""
neurologictestdetails,String,255,,Recommended,"Details/Examples","",,"","General neurology",""
sweatabnormally,String,6,,Recommended,"Sweat  Does (did) the Child Sweat abnormally?","TRUE;FALSE",,"","ANS",""
sweattoolittle,String,6,,Recommended,"Does (did) the Child Sweat too little and gets overheated in the summer?","TRUE;FALSE",,"","ANS",""
sweattoomuch,String,6,,Recommended,"Does (did) the Child Sweat too much?","TRUE;FALSE",,"","ANS",""
sweatmuchcold,String,6,,Recommended,"Does (did) the Child Sweat too much in cold weather?","TRUE;FALSE",,"","ANS",""
sweatmuchatnight,String,6,,Recommended,"Does (did) the Child Sweat too much at night?","TRUE;FALSE",,"","ANS",""
sweatmuchother,String,6,,Recommended,"Does (did) the Child Sweat too much at other conditions?","TRUE;FALSE",,"","ANS",""
abnormal_saliva,String,6,,Recommended,"Saliva  Does (did) the Child produce abnormal amount of saliva?","TRUE;FALSE",,"","ANS",""
saliva_dry_mouth,String,6,,Recommended,"Is (was) the abnormality Dry mouth?","TRUE;FALSE",,"","ANS",""
saliva_too_much,String,6,,Recommended,"Is (was) the abnormality too much saliva?","TRUE;FALSE",,"","ANS",""
saliva_drools,String,6,,Recommended,"Is (was) the abnormality Drools a lot?","TRUE;FALSE",,"","ANS",""
abnormalurination,String,6,,Recommended,"Does (did) the Child have trouble with Urination?","TRUE;FALSE",,"","ANS",""
urination_toilet_trained,String,6,,Recommended,"Is the child toilet trained?","TRUE;FALSE",,"","ANS",""
urination_night_wetting,String,6,,Recommended,"Does the child have night-wetting issue?","TRUE;FALSE",,"","ANS",""
urination_retain,String,6,,Recommended,"Does the child have bladder retaining issue?","TRUE;FALSE",,"","ANS",""
red_handfeet,String,6,,Recommended,"Does (did) the Child have Red hands and/or heet?","TRUE;FALSE",,"","ANS",""
cold_handfeet,String,6,,Recommended,"Does (did) the Child have Cold or clammy hands and feet, even in normal ambient temperature?","TRUE;FALSE",,"","ANS",""
abnormal_vomit_swallow,String,6,,Recommended,"Does (did) the Child have trouble with Vomitting or Swallowing?","TRUE;FALSE",,"","ANS",""
vomitasbaby,String,6,,Recommended,"Did the child vomit as a baby?","TRUE;FALSE",,"","ANS",""
vomitgerd,String,6,,Recommended,"Is the child diagnosedwith GERD?","TRUE;FALSE",,"","ANS",""
troublewithsolid,String,6,,Recommended,"Does the child have trouble with solid?","TRUE;FALSE",,"","ANS",""
troublewithliquid,String,6,,Recommended,"Does the child have trouble with liquid?","TRUE;FALSE",,"","ANS",""
trouble_swallow_other,String,6,,Recommended,"Does the child have other swallow issues?","TRUE;FALSE",,"","ANS",""
hasfainted,String,6,,Recommended,"Has the Child ever fained?","TRUE;FALSE",,"","ANS",""
abnormal_blood_pressure,String,6,,Recommended,"Was the Child diagnosed with Low Blood Pressure or ""Orthostatic Hypotension""?","TRUE;FALSE",,"","ANS",""
decrease_heartrate,String,6,,Recommended,"Was the Child diagnosed with a Hyperactive or Decreased Heart Rate?","TRUE;FALSE",,"","ANS",""
abnormal_breath,String,6,,Recommended,"Does (did) the Child have an Abnormal Breathing Pattern?","TRUE;FALSE",,"","ANS",""
ans_details,String,255,,Recommended,"Details/Examples","",,"","ANS",""
gi_bellypain,String,6,,Recommended,"In the last 3 months, has the Child had Abdominal (belly) Pain?","TRUE;FALSE",,"","GI",""
gi_bellypain_duration,Integer,0,,Recommended,"Duration of the belly pain?","1;2;3;4;5",,"<3 MOs;3-5 MOs;6-11 MOs;1 Yr or Longer;Unsure","GI",""
gi_constipation,String,6,,Recommended,"In the last 3 months, has the Child had Constipation?","TRUE;FALSE",,"","GI",""
gi_constipation_duration,Integer,0,,Recommended,"Duration of the constipation?","1;2;3;4;5",,"<3 MOs;3-5 MOs;6-11 MOs;1 Yr or Longer;Unsure","GI",""
gi_diarrhea,String,6,,Recommended,"In the last 3 months, has the Child had Diarrhea (loose or watery stools)?","TRUE;FALSE",,"","GI",""
gi_diarrhea_duration,Integer,0,,Recommended,"Duration of the diarrhea?","1;2;3;4;5",,"<3 MOs;3-5 MOs;6-11 MOs;1 Yr or Longer;Unsure","GI",""
gi_nausea,String,6,,Recommended,"In the last 3 months, has the Child had Nausea?","TRUE;FALSE",,"","GI",""
gi_nausea_duration,Integer,0,,Recommended,"Duration of the nausea problem?","1;2;3;4;5",,"<3 MOs;3-5 MOs;6-11 MOs;1 Yr or Longer;Unsure","GI",""
gi_bloating,String,6,,Recommended,"In the last 3 months, has the Child had Bloating?","TRUE;FALSE",,"","GI",""
gi_bloating_duration,Integer,0,,Recommended,"Duration of the bloating problem?","1;2;3;4;5",,"<3 MOs;3-5 MOs;6-11 MOs;1 Yr or Longer;Unsure","GI",""
gi_nothungry,String,6,,Recommended,"In the last 3 months, has the Child been not hungry after eating very little?","TRUE;FALSE",,"","GI",""
gi_nothungry_duration,Integer,0,,Recommended,"Duration of the ""not hungry"" problem?","1;2;3;4;5",,"<3 MOs;3-5 MOs;6-11 MOs;1 Yr or Longer;Unsure","GI",""
gi_othersymptom,String,6,,Recommended,"In the last 3 months, has the Child had Other gastrointestinal (tummy) symptoms not listed?","TRUE;FALSE",,"","GI",""
gi_other_duratioin,Integer,0,,Recommended,"Duration of the other GI symptoms?","1;2;3;4;5",,"<3 MOs;3-5 MOs;6-11 MOs;1 Yr or Longer;Unsure","GI",""
other_gi_symptom_detail,String,255,,Recommended,"Desribe other GI symptoms","",,"","GI",""
subjectkey,GUID,0,,Required,"The NDAR Global Unique Identifier (GUID) for subjects which identifies a subject in NDAR","NDAR*",,"","NDAR Required",""
src_subject_id,String,20,,Required,"The site's subject identification","",,"","NDAR Required",""
interview_date,Date,0,,Required,"Date on which the interview/genetic test/sampling/imaging was completed","MM/yyyy;MM/dd/yyyy",,"* '01/01/1900' indicates that a date associated with retrospective data is not known.","NDAR Required",""
interview_age,Integer,0,,Required,"Age in months at the time of the interview/test/sampling/imaging.","0 to 1200",,"Age is rounded to chronological month If the research participant is 13 days old at time of interview  the appropriate value would be 0 months if the participant is 19 days old the value would be 1 month","NDAR Required",""
handedness,String,29,,Recommended,"handedness","R;L;B",,"","General neurology",""
