ElementName,DataType,Size,Unit,Required,ElementDescription,ValueRange,Keywords,Notes,Section,Aliases
subjectkey,GUID,0,,Required,"The NDAR Global Unique Identifier (GUID) for subjects which identifies a subject in NDAR","NDAR*",,"","NDAR Required",""
src_subject_id,String,20,,Required,"The site's subject identification","",,"","NDAR Required",""
interview_date,Date,0,,Required,"Date on which the interview/genetic test/sampling/imaging was completed","MM/yyyy;MM/dd/yyyy",,"* '01/01/1900' indicates that a date associated with retrospective data is not known.","NDAR Required",""
interview_age,Integer,0,,Required,"Age in months at the time of the interview/test/sampling/imaging.","0 to 1200",,"Age is rounded to chronological month If the research participant is 13 days old at time of interview  the appropriate value would be 0 months if the participant is 19 days old the value would be 1 month","NDAR Required",""
gender,String,50,,Required,"Gender","M;F",,"","",""
cgas,Integer,0,,Recommended,"score on children's global assessment scale","0 to 100",,"","",""
control,Integer,0,,Recommended,"Is the participant a control?  0 = no; 1 = yes","0;1",,"","",""
control_proband,Integer,0,,Recommended,"if the participant is a control, does he/she have a relative diagnosed with ASD?  0 = no; 1 = yes","0;1",,"","",""
control_proband_relation,Integer,0,,Recommended,"if the participant has a relative diagnosed with ASD, specify the relationship to the affected person 0=mother; 1=father; 2=sister; 3=brother; 4=uncle; 5=aunt; 6=cousin; 7=grandmother; 8=grandfather","0 to 8",,"","",""
subthreshold_other,Integer,0,,Recommended,"does participant have a subthreshold disorder other than adhd?
True=1;False=0","0;1",,"","",""
subthreshold_adhd,Integer,0,,Recommended,"does participant have subthreshold adhd?
True=1;False=0","0;1",,"","",""
adhd,Integer,0,,Recommended,"does participant have adhd? 1 = does participant have adhd? 1 = ADHD-Innatentive; 2=ADHD-Hyperactive/Impulsive; 3=ADHD-Combined; 4=ADHD-NOS; 5=rule out ADHD","0 to 5",,"","",""
adhd_hyperimp2s,Integer,0,,Recommended,"Number of hyperactive/impulsive symptoms endorsed at 2 in summary on KSADS","0 to 9",,"","",""
adhd_hyperimp3s,Integer,0,,Recommended,"Number of hyperactive/impulsive symptoms endorsed at 3 in summary on KSADS","0 to 9",,"","",""
adhd_inattent2s,Integer,0,,Recommended,"Number of inattentive symptoms endorsed at 2 in summary on KSADS","0 to 9",,"","",""
adhd_inattent3s,Integer,0,,Recommended,"Number of inattentive symptoms endorsed at 3 in summary on KSADS","0 to 9",,"","",""
pdd,Integer,0,,Recommended,"does participant have pdd? 1=PDD; 2=Aspergers; 3=Autism; 5=rule out PDD","0 to 5",,"","",""
pdd_adhd_comborbidity,Integer,0,,Recommended,"is there adhd/pdd comorbidity? i.e. participant meets DSM-IV PDD criteria and all DSM-IV ADHD criteria except for criterion E? 1 - yes; 2 - no","0;1",,"","",""
pdd_adhd,Integer,0,,Recommended,"if pdd does participant meet for any DSM-IV ADHD diagnosis ignoring criterion E?  1 = ADHD-Innatentive; 2=ADHD-Hyperactive/Impulsive; 3=ADHD-Combined; 4=ADHD-NOS","0 to 4",,"","",""
anxiety_nos,Integer,0,,Recommended,"does participant meet for Anxiety NOS? 1 = no; 1 = yes","0;1",,"","",""
social_phobia,Integer,0,,Recommended,"current diagnosis of social phobia.","0 to 4",,"","",""
gad,Integer,0,,Recommended,"does participant meet for generalized anxiety disorder? 0 = no; 1 = yes","0;1",,"","",""
seperation_anxiety,Integer,0,,Recommended,"does participant meet for separation anxiety? 0 = no; 1 = yes","0;1",,"","",""
dysthymia,Integer,0,,Recommended,"current diagnosis of dysthymia.","0 to 4",,"","",""
mdd,Integer,0,,Recommended,"does participant meet for major depressive disorder? 0 = no; 1 = yes","0;1",,"","",""
spec_lang_dis,Integer,0,,Recommended,"does participant meet for specific language disorder? 0 = no; 1 = yes","0;1",,"","",""
spec_learn_dis,Integer,0,,Recommended,"does participant meet for specific learning disorder? 0 = no; 1 = yes","0;1",,"","",""
mania,Integer,0,,Recommended,"current diagnosis of mania.","0 to 4",,"","",""
psychosis,Integer,0,,Recommended,"does participant have psychosis? 0 = no; 1 = yes","0;1",,"","",""
panic,Integer,0,,Recommended,"does participant meet for panic disorder? 0 = no; 1 = yes","0;1",,"","",""
avoidant_dis,Integer,0,,Recommended,"does participant meet for avoidant disorder? 0 = no; 1 = yes","0;1",,"","",""
agoraphobia,Integer,0,,Recommended,"current diagnosis of agoraphobia.","0 to 4",,"","",""
ocd,Integer,0,,Recommended,"does participant have obsessive compulsive disorder? 0 = no; 1 = yes","0;1",,"","",""
enuresis,Integer,0,,Recommended,"current diagnosis of enuresis.","0 to 4",,"","",""
encopresis,Integer,0,,Recommended,"current diagnosis of encopresis.","0 to 4",,"","",""
anorexia,Integer,0,,Recommended,"does participant have anorexia? 0 = no; 1 = yes","0;1",,"","",""
bulimia,Integer,0,,Recommended,"current diagnosis of bulimia.","0 to 4",,"","",""
odd,Integer,0,,Recommended,"does participant have oppositional defiant disorder? 0 = no; 1 = yes","0;1",,"","",""
cd,Integer,0,,Recommended,"does participant have conduct disorder? 0 = no; 1 = yes","0;1",,"","",""
tic_dis,Integer,0,,Recommended,"does participant have tic disorder? 0 = no; 1 = yes","0;1",,"","",""
substance_abuse,Integer,0,,Recommended,"current diagnosis of substance abuse.","0 to 4",,"","",""
cigarette_use,Integer,0,,Recommended,"does participant use cigarettes? 0 = no; 1 = yes","0;1",,"","",""
cigarette_number_packs,Integer,0,,Recommended,"indicate the average number of packs of cigarettes smoked daily","",,"","",""
cigaretteuse_time_yrs,Integer,0,,Recommended,"indicate the number of years that the participant has smoked cigarettes","",,"","",""
alcohol_abuse,Integer,0,,Recommended,"current diagnosis of alcohol abuse.","0 to 4",,"","",""
alcohol_daily,Integer,0,,Recommended,"indicate the average number of alcohol drinks consumed daily","",,"","",""
substance_abuse_time_yrs,Integer,0,,Recommended,"indicate the number of years that the participant has abused a substance","",,"","",""
ptsd,Integer,0,,Recommended,"does participant have post-traumatic stress disorder? 0 = no; 1 = yes","0;1",,"","",""
ptsd_time_yrs,Integer,0,,Recommended,"indicate the number of years that the participant has suffered from PTSD","",,"","",""
ptsd_event,String,255,,Recommended,"provide information about the event which prompted PTSD","",,"","",""
notes,String,200,,Recommended,"any additional notes","",,"","",""
substance_abused,String,100,,Recommended,"indicate the substance or substances used or abused by the participant","",,"","",""
