ElementName,DataType,Size,Unit,Required,ElementDescription,ValueRange,Keywords,Notes,Section,Aliases
handedness_score,Float,0,,Recommended,"Total Handedness computed by totalling number of responses where right hand is used and those where left hand is used and inputting to the formula right minus left dvided by right plus left","",,"computed by the formula (r-l)/(r+l) where r = total number of responses on the form where the participant indicated they use their right hand (even if they also use their left hand to do that action, i.e. use both hands) and l = total number of responses participant indicated left hand for (including actions participant also uses right hand for, i.e. both hands).","",""
subjectkey,GUID,0,,Required,"The NDAR Global Unique Identifier (GUID) for subjects which identifies a subject in NDAR","NDAR*",,"","NDAR Required",""
src_subject_id,String,20,,Required,"The site's subject identification","",,"","NDAR Required",""
interview_date,Date,0,,Required,"Date on which the interview/genetic test/sampling/imaging was completed","MM/yyyy;MM/dd/yyyy",,"* '01/01/1900' indicates that a date associated with retrospective data is not known.","NDAR Required",""
interview_age,Integer,0,,Required,"Age in months at the time of the interview/test/sampling/imaging.","0 to 1200",,"Age is rounded to chronological month If the research participant is 13 days old at time of interview  the appropriate value would be 0 months if the participant is 19 days old the value would be 1 month","NDAR Required",""
writing,String,5,,Recommended,"Hand subject uses to do named action","right;left;both",,"","",""
drawing,String,5,,Recommended,"Hand subject uses to do named action","right;left;both",,"","",""
throwing,String,5,,Recommended,"Hand subject uses to do named action","right;left;both",,"","",""
scissors,String,5,,Recommended,"Hand subject uses to do named action","right;left;both",,"","",""
comb,String,5,,Recommended,"Hand subject uses to do named action","right;left;both",,"","",""
toothbrush,String,5,,Recommended,"Hand subject uses to do named action","right;left;both",,"","",""
knife_no_fork,String,5,,Recommended,"Hand subject uses to do named action","right;left;both",,"","",""
spoon,String,5,,Recommended,"Hand subject uses to do named action","right;left;both",,"","",""
hammer,String,5,,Recommended,"Hand subject uses to do named action","right;left;both",,"","",""
screwdriver,String,5,,Recommended,"Hand subject uses to do named action","right;left;both",,"","",""
tennis,String,5,,Recommended,"Hand subject uses to do named action","right;left;both",,"","",""
knife_with_fork,String,5,,Recommended,"Hand subject uses to do named action","right;left;both",,"","",""
baseball_bat,String,5,,Recommended,"Hand subject uses to do named action","right;left;both",,"","",""
golf_club,String,5,,Recommended,"Hand subject uses to do named action","right;left;both",,"","",""
broom,String,5,,Recommended,"Hand subject uses to do named action","right;left;both",,"","",""
rake,String,5,,Recommended,"Hand subject uses to do named action","right;left;both",,"","",""
match,String,5,,Recommended,"Hand subject uses to do named action","right;left;both",,"","",""
box,String,5,,Recommended,"Hand subject uses to do named action","right;left;both",,"","",""
cards,String,5,,Recommended,"Hand subject uses to do named action","right;left;both",,"","",""
needle,String,5,,Recommended,"Hand subject uses to do named action","right;left;both",,"","",""
foot,String,5,,Recommended,"Hand subject uses to do named action","right;left;both",,"","",""
eye,String,5,,Recommended,"Hand subject uses to do named action","right;left;both",,"","",""
