ElementName,DataType,Size,Unit,Required,ElementDescription,ValueRange,Keywords,Notes,Section,Aliases
subjectkey,GUID,0,,Required,"The NDAR Global Unique Identifier (GUID) for subjects which identifies a subject in NDAR","NDAR*",,"","NDAR Required","NDAR_GUID"
src_subject_id,String,20,,Required,"The site's subject identification","",,"","NDAR Required","Subject_ID"
interview_date,Date,0,,Required,"Date on which the interview/genetic test/sampling/imaging was completed","MM/yyyy;MM/dd/yyyy",,"* '01/01/1900' indicates that a date associated with retrospective data is not known.","NDAR Required","EOWPVT_DOE"
interview_age,Integer,0,,Required,"Age in months at the time of the interview/test/sampling/imaging.","0 to 1200",,"Age is rounded to chronological month If the research participant is 13 days old at time of interview  the appropriate value would be 0 months if the participant is 19 days old the value would be 1 month","NDAR Required","EOWPVT_CA_mths"
eowpvt_measure,String,20,,Recommended,"Measure Used","EOWPVT",,"","Measure",""
eowpvt_year,String,20,,Recommended,"EOWPVT_: year from published/most recent copywrite","2000",,"","Measure",""
eowpvt_ceiling_item,Integer,0,,Recommended,"EOWPVT Ceiling Item","1 to 170",,"","Summary Scores",""
eowpvt_number_of_errors,Integer,0,,Recommended,"EOWPVT Number of Errors","1 to 170",,"","Summary Scores",""
eowpvt_raw_scr,Integer,0,,Recommended,"EOWPVT Raw Score","1 to 170",,"","Summary Scores",""
eowpvt_ss,Integer,0,,Recommended,"EOWPVT Standard Score","54 to 146",,"","Summary Scores",""
eowpvt_percent,Integer,0,,Optional,"EOWPVT Percentile Rank","1 to 99",,"","Summary Scores",""
eowpvt_ae,Integer,0,,Recommended,"EOWPVT Age Equivalent (in months)","12 to 231",,"","Summary Scores",""
