ElementName,DataType,Size,Unit,Required,ElementDescription,ValueRange,Keywords,Notes,Section,Aliases
subjectkey,GUID,0,,Required,"The NDAR Global Unique Identifier (GUID) for subjects which identifies a subject in NDAR","NDAR*",,"","",""
src_subject_id,String,20,,Required,"The site's subject identification","",,"","",""
gender,String,50,,Required,"Gender","M;F",,"","",""
fmr1_status,String,20,,Required,"FMR1 DNA group","Full mutation; mosaic",,"","",""
iqtestname,String,30,,Recommended,"Name of IQ test given to participant","",,"","",""
race,String,30,,Recommended,"Race of participant","American Indian/Alaska Native; Asian; Hawaiian or Pacific Islander; Black or African American; White; More than one race; Unknown or not reported",,"","",""
ethnicity,String,30,,Recommended,"Ethnicity of participant","Hispanic or Latino; Not Hispanic or Latino; Unknown",,"","",""
iq,Integer,0,,Recommended,"IQ as defined from the completion of an appropriate assessement","",,"","","fsiq"
iq_date,Date,0,,Recommended,"Date that IQ test was given","MM/yyyy;MM/dd/yyyy",,"","",""
fxs_site_id,Integer,0,,Required,"Fragile X project site
1=UC Davis, 2=Stanford, 3=Rush, 4=Duke, 5=UNC, 6=Colorado, 7=Johns Hopkins, 8=Wisconsin, 9=Indiana, 10=Other","1 to 10",,"","",""
fxs_site_name_other,String,50,,Optional,"Enter the site name if the code of 10 is used for the fxs_site_id data element to indicate a site that is not described with an id number","",,"","",""
