ElementName,DataType,Size,Unit,Required,ElementDescription,ValueRange,Keywords,Notes,Section,Aliases
ianraceaian,Integer,2,,Recommended,"race_ai_an, see IAN CodeBook for details.","",,"http://dashboard.ianexchange.org/DataExplorer.aspx?FDID=100#race_ai_an","Section",""
ianraceasian,Integer,2,,Recommended,"race_asian, see IAN CodeBook for details.","",,"http://dashboard.ianexchange.org/DataExplorer.aspx?FDID=100#race_asian","Section",""
ianraceblackaa,Integer,2,,Recommended,"race_black_aa, see IAN CodeBook for details.","",,"http://dashboard.ianexchange.org/DataExplorer.aspx?FDID=100#race_black_aa","Section",""
ianracenhpi,Integer,2,,Recommended,"race_nh_pi, see IAN CodeBook for details.","",,"http://dashboard.ianexchange.org/DataExplorer.aspx?FDID=100#race_nh_pi","Section",""
ianraceother,Integer,2,,Recommended,"race_other, see IAN CodeBook for details.","",,"http://dashboard.ianexchange.org/DataExplorer.aspx?FDID=100#race_other","Section",""
ianraceunknown,Integer,2,,Recommended,"race_unknown, see IAN CodeBook for details.","",,"http://dashboard.ianexchange.org/DataExplorer.aspx?FDID=100#race_unknown","Section",""
ianracewhite,Integer,2,,Recommended,"race_white, see IAN CodeBook for details.","",,"http://dashboard.ianexchange.org/DataExplorer.aspx?FDID=100#race_white","Section",""
ianfirstasddiagnosis,Float,9,,Recommended,"first_asd_diagnosis, see IAN CodeBook for details.","",,"http://dashboard.ianexchange.org/DataExplorer.aspx?FDID=100#first_asd_diagnosis","Section",""
ianageatlisting,Float,9,,Recommended,"age_at_listing, see IAN CodeBook for details.","",,"http://dashboard.ianexchange.org/DataExplorer.aspx?FDID=100#age_at_listing","Section",""
ianyearoflisting,Float,9,,Recommended,"year_of_listing, see IAN CodeBook for details.","",,"http://dashboard.ianexchange.org/DataExplorer.aspx?FDID=100#year_of_listing","Section",""
iancurrentage,Float,9,,Recommended,"current_age, see IAN CodeBook for details.","",,"http://dashboard.ianexchange.org/DataExplorer.aspx?FDID=100#current_age","Section",""
ianyearofbirth,Float,9,,Recommended,"year_of_birth, see IAN CodeBook for details.","",,"http://dashboard.ianexchange.org/DataExplorer.aspx?FDID=100#year_of_birth","Section",""
ianbiofamilyid,String,21,,Recommended,"bio_family_id, see IAN CodeBook for details.","",,"http://dashboard.ianexchange.org/DataExplorer.aspx?FDID=100#bio_family_id","Section",""
ianmotherianresearchid,String,10,,Recommended,"mother_ian_research_id, see IAN CodeBook for details.","",,"http://dashboard.ianexchange.org/DataExplorer.aspx?FDID=100#mother_ian_research_id","Section",""
ianfatherianresearchid,String,10,,Recommended,"father_ian_research_id, see IAN CodeBook for details.","",,"http://dashboard.ianexchange.org/DataExplorer.aspx?FDID=100#father_ian_research_id","Section",""
iangender,String,1,,Recommended,"gender, see IAN CodeBook for details.","",,"http://dashboard.ianexchange.org/DataExplorer.aspx?FDID=100#gender","Section",""
iandonotdelete,Float,0,,Recommended,"DO_NOT_DELETE, see IAN CodeBook for details.","",,"http://dashboard.ianexchange.org/DataExplorer.aspx?FDID=101#DO_NOT_DELETE","Section",""
ianianresearchid,String,10,,Recommended,"IAN_Research_id, see IAN CodeBook for details.","",,"http://dashboard.ianexchange.org/DataExplorer.aspx?FDID=101#IAN_Research_id","Section",""
subjectkey,GUID,0,,Required,"The NDAR Global Unique Identifier (GUID) for subjects which identifies a subject in NDAR","NDAR*",,"","",""
