ElementName,DataType,Size,Unit,Required,ElementDescription,ValueRange,Keywords,Notes,Section,Aliases
iancurrentweight,Float,8,,Recommended,"current_weight, see IAN CodeBook for details.","",,"http://dashboard.ianexchange.org/DataExplorer.aspx?FDID=69#current_weight","Section",""
iancurrentheight,Float,8,,Recommended,"current_height, see IAN CodeBook for details.","",,"http://dashboard.ianexchange.org/DataExplorer.aspx?FDID=69#current_height","Section",""
ianmeasurementdate,String,10,,Recommended,"measurement_date, see IAN CodeBook for details.","",,"http://dashboard.ianexchange.org/DataExplorer.aspx?FDID=69#measurement_date","Section",""
ianmeasurementlocation,Integer,2,,Recommended,"measurement_location, see IAN CodeBook for details.","",,"http://dashboard.ianexchange.org/DataExplorer.aspx?FDID=69#measurement_location","Section",""
ianactivitylevel,Integer,2,,Recommended,"activity_level, see IAN CodeBook for details.","",,"http://dashboard.ianexchange.org/DataExplorer.aspx?FDID=69#activity_level","Section",""
ianamountfood,Integer,2,,Recommended,"amount_food, see IAN CodeBook for details.","",,"http://dashboard.ianexchange.org/DataExplorer.aspx?FDID=69#amount_food","Section",""
iandescribefood,Integer,2,,Recommended,"describe_food, see IAN CodeBook for details.","",,"http://dashboard.ianexchange.org/DataExplorer.aspx?FDID=69#describe_food","Section",""
ianconcernsweight,Integer,2,,Recommended,"concerns_weight, see IAN CodeBook for details.","",,"http://dashboard.ianexchange.org/DataExplorer.aspx?FDID=69#concerns_weight","Section",""
ianhealthcareproviderweightco,Integer,2,,Recommended,"health_care_provider_weight_co, see IAN CodeBook for details.","",,"http://dashboard.ianexchange.org/DataExplorer.aspx?FDID=69#health_care_provider_weight_co","Section",""
ianconcernheight,Integer,2,,Recommended,"concern_height, see IAN CodeBook for details.","",,"http://dashboard.ianexchange.org/DataExplorer.aspx?FDID=69#concern_height","Section",""
ianhealthcareproviderheightco,Integer,2,,Recommended,"health_care_provider_height_co, see IAN CodeBook for details.","",,"http://dashboard.ianexchange.org/DataExplorer.aspx?FDID=69#health_care_provider_height_co","Section",""
ianmedicationgrowtheffects,Integer,2,,Recommended,"medication_growth_effects, see IAN CodeBook for details.","",,"http://dashboard.ianexchange.org/DataExplorer.aspx?FDID=69#medication_growth_effects","Section",""
ianianresearchid,String,10,,Recommended,"IAN_Research_id, see IAN CodeBook for details.","",,"http://dashboard.ianexchange.org/DataExplorer.aspx?FDID=101#IAN_Research_id","Section",""
ianrecordnumber,Integer,0,,Recommended,"record_number, see IAN CodeBook for details.","",,"http://dashboard.ianexchange.org/DataExplorer.aspx?FDID=101#record_number","Section",""
iandonotdelete,Float,0,,Recommended,"DO_NOT_DELETE, see IAN CodeBook for details.","",,"http://dashboard.ianexchange.org/DataExplorer.aspx?FDID=101#DO_NOT_DELETE","Section",""
ianformcompleted,Integer,0,,Recommended,"form_completed, see IAN CodeBook for details.","",,"http://dashboard.ianexchange.org/DataExplorer.aspx?FDID=101#form_completed","Section",""
ianscientificversion,String,20,,Recommended,"scientific_version, see IAN CodeBook for details.","",,"http://dashboard.ianexchange.org/DataExplorer.aspx?FDID=101#scientific_version","Section",""
ianageinyears,Float,0,,Recommended,"age_in_years, see IAN CodeBook for details.","",,"http://dashboard.ianexchange.org/DataExplorer.aspx?FDID=101#age_in_years","Section",""
ianyearofassessment,Integer,0,,Recommended,"year_of_assessment, see IAN CodeBook for details.","",,"http://dashboard.ianexchange.org/DataExplorer.aspx?FDID=101#year_of_assessment","Section",""
ianinformantid,String,10,,Recommended,"informant_id, see IAN CodeBook for details.","",,"http://dashboard.ianexchange.org/DataExplorer.aspx?FDID=101#informant_id","Section",""
ianenrollmenttype,String,50,,Recommended,"enrollment_type, see IAN CodeBook for details.","",,"http://dashboard.ianexchange.org/DataExplorer.aspx?FDID=101#enrollment_type","Section",""
ianmeasurementdatecompleteness,String,10,,Required,"measurement_date_completeness, see IAN CodeBook for details.","",,"http://dashboard.ianexchange.org/DataExplorer.aspx?FDID=101#measurement_date_completeness","",""
subjectkey,GUID,0,,Required,"The NDAR Global Unique Identifier (GUID) for subjects which identifies a subject in NDAR","NDAR*",,"","",""
