ElementName,DataType,Size,Unit,Required,ElementDescription,ValueRange,Keywords,Notes,Section,Aliases
iantreatmentcomponentid,Integer,4,,Recommended,"treatment_component_id, see IAN CodeBook for details.","",,"http://dashboard.ianexchange.org/DataExplorer.aspx?FDID=59#treatment_component_id","Section",""
ianinfluenceddecision,Integer,2,,Recommended,"influenced_decision, see IAN CodeBook for details.","",,"http://dashboard.ianexchange.org/DataExplorer.aspx?FDID=59#influenced_decision","Section",""
ianrequireprescription,Integer,2,,Recommended,"require_prescription, see IAN CodeBook for details.","",,"http://dashboard.ianexchange.org/DataExplorer.aspx?FDID=59#require_prescription","Section",""
ianwhoprescribed,Integer,2,,Recommended,"who_prescribed, see IAN CodeBook for details.","",,"http://dashboard.ianexchange.org/DataExplorer.aspx?FDID=59#who_prescribed","Section",""
ianfundingsource,Integer,2,,Recommended,"funding_source, see IAN CodeBook for details.","",,"http://dashboard.ianexchange.org/DataExplorer.aspx?FDID=59#funding_source","Section",""
ianobtainingtherapies1,Integer,4,,Recommended,"obtaining_therapies_1, see IAN CodeBook for details.","",,"http://dashboard.ianexchange.org/DataExplorer.aspx?FDID=59#obtaining_therapies_1","Section",""
ianobtainingtherapies2,Integer,4,,Recommended,"obtaining_therapies_2, see IAN CodeBook for details.","",,"http://dashboard.ianexchange.org/DataExplorer.aspx?FDID=59#obtaining_therapies_2","Section",""
ianobtainingtherapies3,Integer,4,,Recommended,"obtaining_therapies_3, see IAN CodeBook for details.","",,"http://dashboard.ianexchange.org/DataExplorer.aspx?FDID=59#obtaining_therapies_3","Section",""
ianobtainingtherapies4,Integer,4,,Recommended,"obtaining_therapies_4, see IAN CodeBook for details.","",,"http://dashboard.ianexchange.org/DataExplorer.aspx?FDID=59#obtaining_therapies_4","Section",""
ianobtainingtherapies5,Integer,4,,Recommended,"obtaining_therapies_5, see IAN CodeBook for details.","",,"http://dashboard.ianexchange.org/DataExplorer.aspx?FDID=59#obtaining_therapies_5","Section",""
ianobtainingtherapies6,Integer,4,,Recommended,"obtaining_therapies_6, see IAN CodeBook for details.","",,"http://dashboard.ianexchange.org/DataExplorer.aspx?FDID=59#obtaining_therapies_6","Section",""
ianobtainingtherapies7,Integer,4,,Recommended,"obtaining_therapies_7, see IAN CodeBook for details.","",,"http://dashboard.ianexchange.org/DataExplorer.aspx?FDID=59#obtaining_therapies_7","Section",""
ianobtainingtherapies8,Integer,4,,Recommended,"obtaining_therapies_8, see IAN CodeBook for details.","",,"http://dashboard.ianexchange.org/DataExplorer.aspx?FDID=59#obtaining_therapies_8","Section",""
ianobtainingtherapiesother,Integer,4,,Recommended,"obtaining_therapies_other, see IAN CodeBook for details.","",,"http://dashboard.ianexchange.org/DataExplorer.aspx?FDID=59#obtaining_therapies_other","Section",""
ianworkupsatisfaction,Integer,2,,Recommended,"work_up_satisfaction, see IAN CodeBook for details.","",,"http://dashboard.ianexchange.org/DataExplorer.aspx?FDID=59#work_up_satisfaction","Section",""
iantargetsymptoms1,Integer,4,,Recommended,"target_symptoms_1, see IAN CodeBook for details.","",,"http://dashboard.ianexchange.org/DataExplorer.aspx?FDID=59#target_symptoms_1","Section",""
iantargetsymptoms2,Integer,4,,Recommended,"target_symptoms_2, see IAN CodeBook for details.","",,"http://dashboard.ianexchange.org/DataExplorer.aspx?FDID=59#target_symptoms_2","Section",""
iantargetsymptoms3,Integer,4,,Recommended,"target_symptoms_3, see IAN CodeBook for details.","",,"http://dashboard.ianexchange.org/DataExplorer.aspx?FDID=59#target_symptoms_3","Section",""
iantargetsymptoms4,Integer,4,,Recommended,"target_symptoms_4, see IAN CodeBook for details.","",,"http://dashboard.ianexchange.org/DataExplorer.aspx?FDID=59#target_symptoms_4","Section",""
iantargetsymptoms5,Integer,4,,Recommended,"target_symptoms_5, see IAN CodeBook for details.","",,"http://dashboard.ianexchange.org/DataExplorer.aspx?FDID=59#target_symptoms_5","Section",""
iantargetsymptoms6,Integer,4,,Recommended,"target_symptoms_6, see IAN CodeBook for details.","",,"http://dashboard.ianexchange.org/DataExplorer.aspx?FDID=59#target_symptoms_6","Section",""
iantargetsymptoms7,Integer,4,,Recommended,"target_symptoms_7, see IAN CodeBook for details.","",,"http://dashboard.ianexchange.org/DataExplorer.aspx?FDID=59#target_symptoms_7","Section",""
iantargetsymptoms8,Integer,4,,Recommended,"target_symptoms_8, see IAN CodeBook for details.","",,"http://dashboard.ianexchange.org/DataExplorer.aspx?FDID=59#target_symptoms_8","Section",""
iantargetsymptomsother,Integer,4,,Recommended,"target_symptoms_other, see IAN CodeBook for details.","",,"http://dashboard.ianexchange.org/DataExplorer.aspx?FDID=59#target_symptoms_other","Section",""
ianexpectedimprovement,Integer,2,,Recommended,"expected_improvement, see IAN CodeBook for details.","",,"http://dashboard.ianexchange.org/DataExplorer.aspx?FDID=59#expected_improvement","Section",""
ianpotentialrisk,Integer,2,,Recommended,"potential_risk, see IAN CodeBook for details.","",,"http://dashboard.ianexchange.org/DataExplorer.aspx?FDID=59#potential_risk","Section",""
ianexpectedburden,Integer,2,,Recommended,"expected_burden, see IAN CodeBook for details.","",,"http://dashboard.ianexchange.org/DataExplorer.aspx?FDID=59#expected_burden","Section",""
ianexperiencetodate,Integer,2,,Recommended,"experience_to_date, see IAN CodeBook for details.","",,"http://dashboard.ianexchange.org/DataExplorer.aspx?FDID=59#experience_to_date","Section",""
ianimprovement,Integer,2,,Recommended,"improvement, see IAN CodeBook for details.","",,"http://dashboard.ianexchange.org/DataExplorer.aspx?FDID=59#improvement","Section",""
ianworsening,Integer,2,,Recommended,"worsening, see IAN CodeBook for details.","",,"http://dashboard.ianexchange.org/DataExplorer.aspx?FDID=59#worsening","Section",""
ianinsurancecoverage,Integer,2,,Recommended,"insurance_coverage, see IAN CodeBook for details.","",,"http://dashboard.ianexchange.org/DataExplorer.aspx?FDID=59#insurance_coverage","Section",""
iancostpermonth,Float,8,,Recommended,"cost_per_month, see IAN CodeBook for details.","",,"http://dashboard.ianexchange.org/DataExplorer.aspx?FDID=59#cost_per_month","Section",""
ianianresearchid,String,10,,Recommended,"IAN_Research_id, see IAN CodeBook for details.","",,"http://dashboard.ianexchange.org/DataExplorer.aspx?FDID=101#IAN_Research_id","Section",""
ianrecordnumber,Integer,0,,Recommended,"record_number, see IAN CodeBook for details.","",,"http://dashboard.ianexchange.org/DataExplorer.aspx?FDID=101#record_number","Section",""
iandonotdelete,Float,0,,Recommended,"DO_NOT_DELETE, see IAN CodeBook for details.","",,"http://dashboard.ianexchange.org/DataExplorer.aspx?FDID=101#DO_NOT_DELETE","Section",""
ianformcompleted,Integer,0,,Recommended,"form_completed, see IAN CodeBook for details.","",,"http://dashboard.ianexchange.org/DataExplorer.aspx?FDID=101#form_completed","Section",""
ianscientificversion,String,20,,Recommended,"scientific_version, see IAN CodeBook for details.","",,"http://dashboard.ianexchange.org/DataExplorer.aspx?FDID=101#scientific_version","Section",""
ianageinyears,Float,0,,Recommended,"age_in_years, see IAN CodeBook for details.","",,"http://dashboard.ianexchange.org/DataExplorer.aspx?FDID=101#age_in_years","Section",""
ianyearofassessment,Integer,0,,Recommended,"year_of_assessment, see IAN CodeBook for details.","",,"http://dashboard.ianexchange.org/DataExplorer.aspx?FDID=101#year_of_assessment","Section",""
ianinformantid,String,10,,Recommended,"informant_id, see IAN CodeBook for details.","",,"http://dashboard.ianexchange.org/DataExplorer.aspx?FDID=101#informant_id","Section",""
subjectkey,GUID,0,,Required,"The NDAR Global Unique Identifier (GUID) for subjects which identifies a subject in NDAR","NDAR*",,"","",""
