ElementName,DataType,Size,Unit,Required,ElementDescription,ValueRange,Keywords,Notes,Section,Aliases
ianianresearchid,String,10,,Recommended,"IAN_Research_id, see IAN CodeBook for details.","",,"http://dashboard.ianexchange.org/DataExplorer.aspx?FDID=101#IAN_Research_id","Section","IAN_Research_id"
ianrecordnumber,Integer,0,,Recommended,"record_number, see IAN CodeBook for details.","",,"http://dashboard.ianexchange.org/DataExplorer.aspx?FDID=101#record_number","Section","record_number"
iandonotdelete,Float,0,,Recommended,"DO_NOT_DELETE, see IAN CodeBook for details.","",,"http://dashboard.ianexchange.org/DataExplorer.aspx?FDID=101#DO_NOT_DELETE","Section","DO_NOT_DELETE"
ianformcompleted,Integer,0,,Recommended,"form_completed, see IAN CodeBook for details.","",,"http://dashboard.ianexchange.org/DataExplorer.aspx?FDID=101#form_completed","Section","form_completed"
ianscientificversion,String,20,,Recommended,"scientific_version, see IAN CodeBook for details.","",,"http://dashboard.ianexchange.org/DataExplorer.aspx?FDID=101#scientific_version","Section","scientific_version"
ianageinyears,Float,0,,Recommended,"age_in_years, see IAN CodeBook for details.","",,"http://dashboard.ianexchange.org/DataExplorer.aspx?FDID=101#age_in_years","Section","age_in_years"
ianyearofassessment,Integer,0,,Recommended,"year_of_assessment, see IAN CodeBook for details.","",,"http://dashboard.ianexchange.org/DataExplorer.aspx?FDID=101#year_of_assessment","Section","year_of_assessment"
ianinformantid,String,10,,Recommended,"informant_id, see IAN CodeBook for details.","",,"http://dashboard.ianexchange.org/DataExplorer.aspx?FDID=101#informant_id","Section","informant_id"
ianreceivedallvaccines,Integer,0,,Recommended,"received_all_vaccines, see IAN CodeBook for details.","",,"http://dashboard.ianexchange.org/DataExplorer.aspx?FDID=74#received_all_vaccines","Section","received_all_vaccines"
iananyvaccinesomitted,Integer,0,,Recommended,"any_vaccines_omitted, see IAN CodeBook for details.","",,"http://dashboard.ianexchange.org/DataExplorer.aspx?FDID=74#any_vaccines_omitted","Section","any_vaccines_omitted"
ianhowmanyvaccinesomitted,Integer,0,,Recommended,"how_many_vaccines_omitted, see IAN CodeBook for details.","",,"http://dashboard.ianexchange.org/DataExplorer.aspx?FDID=74#how_many_vaccines_omitted","Section","how_many_vaccines_omitted"
ianspecificimmomitted9,Integer,0,,Recommended,"specific_imm_omitted, see IAN CodeBook for details.","",,"http://dashboard.ianexchange.org/DataExplorer.aspx?FDID=74#specific_imm_omitted","Section","specific_imm_omitted_9"
ianspecificimmomitted1,Integer,0,,Recommended,"specific_imm_omitted, see IAN CodeBook for details.","",,"http://dashboard.ianexchange.org/DataExplorer.aspx?FDID=74#specific_imm_omitted","Section","specific_imm_omitted_1"
ianspecificimmomitted2,Integer,0,,Recommended,"specific_imm_omitted, see IAN CodeBook for details.","",,"http://dashboard.ianexchange.org/DataExplorer.aspx?FDID=74#specific_imm_omitted","Section","specific_imm_omitted_2"
ianspecificimmomitted3,Integer,0,,Recommended,"specific_imm_omitted, see IAN CodeBook for details.","",,"http://dashboard.ianexchange.org/DataExplorer.aspx?FDID=74#specific_imm_omitted","Section","specific_imm_omitted_3"
ianspecificimmomitted4,Integer,0,,Recommended,"specific_imm_omitted, see IAN CodeBook for details.","",,"http://dashboard.ianexchange.org/DataExplorer.aspx?FDID=74#specific_imm_omitted","Section","specific_imm_omitted_4"
ianspecificimmomitted5,Integer,0,,Recommended,"specific_imm_omitted, see IAN CodeBook for details.","",,"http://dashboard.ianexchange.org/DataExplorer.aspx?FDID=74#specific_imm_omitted","Section","specific_imm_omitted_5"
ianspecificimmomitted6,Integer,0,,Recommended,"specific_imm_omitted, see IAN CodeBook for details.","",,"http://dashboard.ianexchange.org/DataExplorer.aspx?FDID=74#specific_imm_omitted","Section","specific_imm_omitted_6"
ianspecificimmomitted7,Integer,0,,Recommended,"specific_imm_omitted, see IAN CodeBook for details.","",,"http://dashboard.ianexchange.org/DataExplorer.aspx?FDID=74#specific_imm_omitted","Section","specific_imm_omitted_7"
ianspecificimmomitted8,Integer,0,,Recommended,"specific_imm_omitted, see IAN CodeBook for details.","",,"http://dashboard.ianexchange.org/DataExplorer.aspx?FDID=74#specific_imm_omitted","Section","specific_imm_omitted_8"
ianboosterimmommitted8,Integer,0,,Recommended,"booster_imm_ommitted, see IAN CodeBook for details.","",,"http://dashboard.ianexchange.org/DataExplorer.aspx?FDID=74#booster_imm_ommitted","Section","booster_imm_ommitted_8"
ianboosterimmommitted7,Integer,0,,Recommended,"booster_imm_ommitted, see IAN CodeBook for details.","",,"http://dashboard.ianexchange.org/DataExplorer.aspx?FDID=74#booster_imm_ommitted","Section","booster_imm_ommitted_7"
ianboosterimmommitted6,Integer,0,,Recommended,"booster_imm_ommitted, see IAN CodeBook for details.","",,"http://dashboard.ianexchange.org/DataExplorer.aspx?FDID=74#booster_imm_ommitted","Section","booster_imm_ommitted_6"
ianboosterimmommitted5,Integer,0,,Recommended,"booster_imm_ommitted, see IAN CodeBook for details.","",,"http://dashboard.ianexchange.org/DataExplorer.aspx?FDID=74#booster_imm_ommitted","Section","booster_imm_ommitted_5"
ianboosterimmommitted4,Integer,0,,Recommended,"booster_imm_ommitted, see IAN CodeBook for details.","",,"http://dashboard.ianexchange.org/DataExplorer.aspx?FDID=74#booster_imm_ommitted","Section","booster_imm_ommitted_4"
ianboosterimmommitted3,Integer,0,,Recommended,"booster_imm_ommitted, see IAN CodeBook for details.","",,"http://dashboard.ianexchange.org/DataExplorer.aspx?FDID=74#booster_imm_ommitted","Section","booster_imm_ommitted_3"
ianboosterimmommitted2,Integer,0,,Recommended,"booster_imm_ommitted, see IAN CodeBook for details.","",,"http://dashboard.ianexchange.org/DataExplorer.aspx?FDID=74#booster_imm_ommitted","Section","booster_imm_ommitted_2"
ianboosterimmommitted1,Integer,0,,Recommended,"booster_imm_ommitted, see IAN CodeBook for details.","",,"http://dashboard.ianexchange.org/DataExplorer.aspx?FDID=74#booster_imm_ommitted","Section","booster_imm_ommitted_1"
ianboosterimmommitted9,Integer,0,,Recommended,"booster_imm_ommitted, see IAN CodeBook for details.","",,"http://dashboard.ianexchange.org/DataExplorer.aspx?FDID=74#booster_imm_ommitted","Section","booster_imm_ommitted_9"
ianvaccinesdelayedgreater3mon,Integer,0,,Recommended,"vaccines_delayed_greater_3_mon, see IAN CodeBook for details.","",,"http://dashboard.ianexchange.org/DataExplorer.aspx?FDID=74#vaccines_delayed_greater_3_mon","Section","vaccines_delayed_greater_3_mon"
iandelayedstartvaccine9,Integer,0,,Recommended,"delayed_start_vaccine, see IAN CodeBook for details.","",,"http://dashboard.ianexchange.org/DataExplorer.aspx?FDID=74#delayed_start_vaccine","Section","delayed_start_vaccine_9"
iandelayedstartvaccine1,Integer,0,,Recommended,"delayed_start_vaccine, see IAN CodeBook for details.","",,"http://dashboard.ianexchange.org/DataExplorer.aspx?FDID=74#delayed_start_vaccine","Section","delayed_start_vaccine_1"
iandelayedstartvaccine2,Integer,0,,Recommended,"delayed_start_vaccine, see IAN CodeBook for details.","",,"http://dashboard.ianexchange.org/DataExplorer.aspx?FDID=74#delayed_start_vaccine","Section","delayed_start_vaccine_2"
iandelayedstartvaccine3,Integer,0,,Recommended,"delayed_start_vaccine, see IAN CodeBook for details.","",,"http://dashboard.ianexchange.org/DataExplorer.aspx?FDID=74#delayed_start_vaccine","Section","delayed_start_vaccine_3"
iandelayedstartvaccine4,Integer,0,,Recommended,"delayed_start_vaccine, see IAN CodeBook for details.","",,"http://dashboard.ianexchange.org/DataExplorer.aspx?FDID=74#delayed_start_vaccine","Section","delayed_start_vaccine_4"
iandelayedstartvaccine5,Integer,0,,Recommended,"delayed_start_vaccine, see IAN CodeBook for details.","",,"http://dashboard.ianexchange.org/DataExplorer.aspx?FDID=74#delayed_start_vaccine","Section","delayed_start_vaccine_5"
iandelayedstartvaccine6,Integer,0,,Recommended,"delayed_start_vaccine, see IAN CodeBook for details.","",,"http://dashboard.ianexchange.org/DataExplorer.aspx?FDID=74#delayed_start_vaccine","Section","delayed_start_vaccine_6"
iandelayedstartvaccine7,Integer,0,,Recommended,"delayed_start_vaccine, see IAN CodeBook for details.","",,"http://dashboard.ianexchange.org/DataExplorer.aspx?FDID=74#delayed_start_vaccine","Section","delayed_start_vaccine_7"
iandelayedstartvaccine8,Integer,0,,Recommended,"delayed_start_vaccine, see IAN CodeBook for details.","",,"http://dashboard.ianexchange.org/DataExplorer.aspx?FDID=74#delayed_start_vaccine","Section","delayed_start_vaccine_8"
iandelayedboostervaccine8,Integer,0,,Recommended,"delayed_booster_vaccine, see IAN CodeBook for details.","",,"http://dashboard.ianexchange.org/DataExplorer.aspx?FDID=74#delayed_booster_vaccine","Section","delayed_booster_vaccine_8"
iandelayedboostervaccine7,Integer,0,,Recommended,"delayed_booster_vaccine, see IAN CodeBook for details.","",,"http://dashboard.ianexchange.org/DataExplorer.aspx?FDID=74#delayed_booster_vaccine","Section","delayed_booster_vaccine_7"
iandelayedboostervaccine6,Integer,0,,Recommended,"delayed_booster_vaccine, see IAN CodeBook for details.","",,"http://dashboard.ianexchange.org/DataExplorer.aspx?FDID=74#delayed_booster_vaccine","Section","delayed_booster_vaccine_6"
iandelayedboostervaccine5,Integer,0,,Recommended,"delayed_booster_vaccine, see IAN CodeBook for details.","",,"http://dashboard.ianexchange.org/DataExplorer.aspx?FDID=74#delayed_booster_vaccine","Section","delayed_booster_vaccine_5"
iandelayedboostervaccine4,Integer,0,,Recommended,"delayed_booster_vaccine, see IAN CodeBook for details.","",,"http://dashboard.ianexchange.org/DataExplorer.aspx?FDID=74#delayed_booster_vaccine","Section","delayed_booster_vaccine_4"
iandelayedboostervaccine3,Integer,0,,Recommended,"delayed_booster_vaccine, see IAN CodeBook for details.","",,"http://dashboard.ianexchange.org/DataExplorer.aspx?FDID=74#delayed_booster_vaccine","Section","delayed_booster_vaccine_3"
iandelayedboostervaccine2,Integer,0,,Recommended,"delayed_booster_vaccine, see IAN CodeBook for details.","",,"http://dashboard.ianexchange.org/DataExplorer.aspx?FDID=74#delayed_booster_vaccine","Section","delayed_booster_vaccine_2"
iandelayedboostervaccine1,Integer,0,,Recommended,"delayed_booster_vaccine, see IAN CodeBook for details.","",,"http://dashboard.ianexchange.org/DataExplorer.aspx?FDID=74#delayed_booster_vaccine","Section","delayed_booster_vaccine_1"
iandelayedboostervaccine9,Integer,0,,Recommended,"delayed_booster_vaccine, see IAN CodeBook for details.","",,"http://dashboard.ianexchange.org/DataExplorer.aspx?FDID=74#delayed_booster_vaccine","Section","delayed_booster_vaccine_9"
ianspecialformulationsgiven,Integer,0,,Recommended,"special_formulations_given, see IAN CodeBook for details.","",,"http://dashboard.ianexchange.org/DataExplorer.aspx?FDID=74#special_formulations_given","Section","special_formulations_given"
ianofferedflushot,Integer,0,,Recommended,"offered_flu_shot, see IAN CodeBook for details.","",,"http://dashboard.ianexchange.org/DataExplorer.aspx?FDID=74#offered_flu_shot","Section","offered_flu_shot"
ianreceivedflushot,Integer,0,,Recommended,"received_flu_shot, see IAN CodeBook for details.","",,"http://dashboard.ianexchange.org/DataExplorer.aspx?FDID=74#received_flu_shot","Section","received_flu_shot"
ianreceivedextravaccines,Integer,0,,Recommended,"received_extra_vaccines, see IAN CodeBook for details.","",,"http://dashboard.ianexchange.org/DataExplorer.aspx?FDID=74#received_extra_vaccines","Section","received_extra_vaccines"
ianreasonshealthproblems,Integer,0,,Recommended,"reasons_health_problems, see IAN CodeBook for details.","",,"http://dashboard.ianexchange.org/DataExplorer.aspx?FDID=74#reasons_health_problems","Section","reasons_health_problems"
ianreasonsaccessibility,Integer,0,,Recommended,"reasons_accessibility, see IAN CodeBook for details.","",,"http://dashboard.ianexchange.org/DataExplorer.aspx?FDID=74#reasons_accessibility","Section","reasons_accessibility"
ianreasonsreligious,Integer,0,,Recommended,"reasons_religious, see IAN CodeBook for details.","",,"http://dashboard.ianexchange.org/DataExplorer.aspx?FDID=74#reasons_religious","Section","reasons_religious"
ianreasonssafetyconcerns,Integer,0,,Recommended,"reasons_safety_concerns, see IAN CodeBook for details.","",,"http://dashboard.ianexchange.org/DataExplorer.aspx?FDID=74#reasons_safety_concerns","Section","reasons_safety_concerns"
ianreasonsautismsafety,Integer,0,,Recommended,"reasons_autism_safety, see IAN CodeBook for details.","",,"http://dashboard.ianexchange.org/DataExplorer.aspx?FDID=74#reasons_autism_safety","Section","reasons_autism_safety"
ianproviderrole,Integer,0,,Recommended,"provider_role, see IAN CodeBook for details.","",,"http://dashboard.ianexchange.org/DataExplorer.aspx?FDID=74#provider_role","Section","provider_role"
ianproviderchange,Integer,0,,Recommended,"provider_change, see IAN CodeBook for details.","",,"http://dashboard.ianexchange.org/DataExplorer.aspx?FDID=74#provider_change","Section","provider_change"
iancausationbeliefchild,Integer,0,,Recommended,"causation_belief_child, see IAN CodeBook for details.","",,"http://dashboard.ianexchange.org/DataExplorer.aspx?FDID=74#causation_belief_child","Section","causation_belief_child"
iandecisionanxiety,Integer,0,,Recommended,"decision_anxiety, see IAN CodeBook for details.","",,"http://dashboard.ianexchange.org/DataExplorer.aspx?FDID=74#decision_anxiety","Section","decision_anxiety"
subjectkey,GUID,0,,Required,"The NDAR Global Unique Identifier (GUID) for subjects which identifies a subject in NDAR","NDAR*",,"","",""
