ElementName,DataType,Size,Unit,Required,ElementDescription,ValueRange,Keywords,Notes,Section,Aliases
subjectkey,GUID,0,,Required,"The NDAR Global Unique Identifier (GUID) for subjects which identifies a subject in NDAR","NDAR*",,"","",""
src_subject_id,String,20,,Required,"The site's subject identification","",,"","Header",""
interview_date,Date,0,,Required,"Date on which the interview/genetic test/sampling/imaging was completed","MM/yyyy;MM/dd/yyyy",,"* '01/01/1900' indicates that a date associated with retrospective data is not known.","Header",""
interview_age,Integer,0,,Required,"Age in months at the time of the interview/test/sampling/imaging.","0 to 1200",,"Age is rounded to chronological month If the research participant is 13 days old at time of interview  the appropriate value would be 0 months if the participant is 19 days old the value would be 1 month","Header",""
comments_misc,String,255,,Optional,"Miscellaneous comments on study, interview, methodology relevant to this form data","",,"","Header",""
image_file,File,0,,Required,"Filename","",,"","",""
image_thumbnail_file,Thumbnail,0,,Recommended,"Thumbnail","",,"","",""
image_description,String,512,,Optional,"Description","",,"","",""
image_history,String,1024,,Optional,"Image history","",,"","",""
image_num_dimensions,Integer,0,,Required,"Number of dimensions","1 to 5",,"","",""
image_extent1,Integer,0,,Required,"Extent [1]","1+",,"","",""
image_extent2,Integer,0,,Recommended,"Extent [2]","1+",,"","",""
image_extent3,Integer,0,,Recommended,"Extent [3]","1+",,"","",""
image_extent4,Integer,0,,Optional,"Extent [4]","1+",,"","",""
image_extent5,Integer,0,,Optional,"Extent [5]","1+",,"","",""
image_unit1,String,20,,Recommended,"Units [1]","Unknown; Inches; Centimeters; Angstroms; Nanometers; Micrometers; Millimeters; Meters; Kilometers; Miles; Nanoseconds; Microseconds; Milliseconds; Seconds; Minutes; Hours; Hertz",,"","",""
image_unit2,String,20,,Recommended,"Units [2]","Unknown; Inches; Centimeters; Angstroms; Nanometers; Micrometers; Millimeters; Meters; Kilometers; Miles; Nanoseconds; Microseconds; Milliseconds; Seconds; Minutes; Hours; Hertz",,"","",""
image_unit3,String,20,,Recommended,"Units [3]","Unknown; Inches; Centimeters; Angstroms; Nanometers; Micrometers; Millimeters; Meters; Kilometers; Miles; Nanoseconds; Microseconds; Milliseconds; Seconds; Minutes; Hours; Hertz",,"","",""
image_unit4,String,20,,Recommended,"Units [4]","Unknown; Inches; Centimeters; Angstroms; Nanometers; Micrometers; Millimeters; Meters; Kilometers; Miles; Nanoseconds; Microseconds; Milliseconds; Seconds; Minutes; Hours; Hertz",,"","",""
image_unit5,String,20,,Recommended,"Units [5]","Unknown; Inches; Centimeters; Angstroms; Nanometers; Micrometers; Millimeters; Meters; Kilometers; Miles; Nanoseconds; Microseconds; Milliseconds; Seconds; Minutes; Hours; Hertz",,"","",""
image_resolution1,Float,0,,Recommended,"Resolution [1]","0+",,"","",""
image_resolution2,Float,0,,Recommended,"Resolution [2]","0+",,"","",""
image_resolution3,Float,0,,Recommended,"Resolution [3]","0+",,"","",""
image_resolution4,Float,0,,Recommended,"Resolution [4]","0+",,"","",""
image_resolution5,Float,0,,Recommended,"Resolution [5]","0+",,"","",""
image_slice_thickness,Float,0,,Recommended,"Slice thickness","0+",,"","",""
image_orientation,String,20,,Recommended,"Orientation","Axial; Coronal; Sagittal; Unknown",,"","",""
image_modality,String,20,,Recommended,"Image modality","Unknown Modality; Computed Radiography; Computed Tomography; External Camera Photography; FA; General Microscopy; Magnetic Resonance; Magnetic Resonance Spectroscopy; Nuclear Medicine; Other; Single Photon Emission Computed Tomography; Ultrasound",,"","",""
qc_outcome,String,25,,Recommended,"Provide information on the conclusion of the quality control methods regarding the quality of the image","pass;fail;questionable",,"","",""
qc_description,String,255,,Recommended,"Provide information on the methods used to perform quality control checks on the image","",,"","",""
qc_fail_quest_reason,String,255,,Recommended,"Provide a reason that the image was determined to fail a quality control check or if the quality control check determined that the image was questionable","",,"","",""
