ElementName,DataType,Size,Unit,Required,ElementDescription,ValueRange,Keywords,Notes,Section,Aliases
subjectkey,GUID,0,,Required,"The NDAR Global Unique Identifier (GUID) for subjects which identifies a subject in NDAR","NDAR*",,"","Header",""
src_subject_id,String,20,,Required,"The site's subject identification","",,"","Header","Karyotype_test_SRC_Subject_ID"
interview_date,Date,0,,Required,"Date on which the interview/genetic test/sampling/imaging was completed","MM/yyyy;MM/dd/yyyy",,"* '01/01/1900' indicates that a date associated with retrospective data is not known.","Header","Karyotype_test_interview_date"
interview_age,Integer,0,,Required,"Age in months at the time of the interview/test/sampling/imaging.","0 to 1200",,"Age is rounded to chronological month If the research participant is 13 days old at time of interview  the appropriate value would be 0 months if the participant is 19 days old the value would be 1 month","Header","Karyotype_test_interview_age"
comments_misc,String,255,,Optional,"Miscellaneous comments on study, interview, methodology relevant to this form data","",,"","Header","Karyotype_test_comments_misc"
genetic_test,String,50,,Recommended,"Genetic Testing Performed","No;Yes",,"","Genetics","Karyotype_test_genetic_test"
genetic_result,String,50,,Recommended,"Any abnormal result","No;Yes",,"","Genetics","Karyotype_test_genetic_result"
karyo_test,String,50,,Recommended,"KaryoType performed","No;Yes",,"","Karyotype","Karyotype_test_karyo_test"
karyo_result,String,50,,Recommended,"Karyotype result","Normal;Abnormal",,"","Karyotype","Karyotype_test_karyo_result"
karyo_comment,String,255,,Optional,"Comment","",,"","Karyotype","Karyotype_test_karyo_comment"
fragile_test,String,50,,Recommended,"Fragile X testing performed","No;Yes",,"","Fragile X","Karyotype_test_fragile_test"
fragile_result,String,50,,Recommended,"Fragile X result","Full Mut;Pre Mut;Normal",,"","Fragile X","Karyotype_test_fragile_result"
fragile_comment,String,255,,Optional,"Comment","",,"","Fragile X","Karyotype_test_fragile_comment"
dup_test,String,50,,Recommended,"15Q Duplication testing","No;Yes",,"","150 Q","Karyotype_test_dup_test"
dup_result,String,50,,Recommended,"15Q Duplication testing result","Normal;Abnormal",,"","150 Q","Karyotype_test_dup_result"
dup_comment,String,255,,Optional,"Comment","",,"","150 Q","Karyotype_test_dup_comment"
mecp_analysis,String,50,,Recommended,"MECP2 Mutation analysis","No;Yes",,"","MEPC2","Karyotype_test_mecp_analysis"
mecp_result,String,50,,Recommended,"MECP2 Result","Normal;Abnormal",,"","MEPC2","Karyotype_test_mecp_result"
other_test,String,50,,Recommended,"Other testing performed","No;Yes",,"","Other","Karyotype_test_other_test"
other_comment,String,255,,Optional,"Comment","",,"","Other","Karyotype_test_other_comment"
