ElementName,DataType,Size,Unit,Required,ElementDescription,ValueRange,Keywords,Notes,Section,Aliases
subjectkey,GUID,0,,Required,"The NDAR Global Unique Identifier (GUID) for subjects which identifies a subject in NDAR","NDAR*",,"","NDAR Required",""
src_subject_id,String,20,,Required,"The site's subject identification","",,"","NDAR Required",""
interview_age,Integer,0,,Required,"Age in months at the time of the interview/test/sampling/imaging.","0 to 1200",,"Age is rounded to chronological month If the research participant is 13 days old at time of interview  the appropriate value would be 0 months if the participant is 19 days old the value would be 1 month","NDAR Required",""
interview_date,Date,0,,Required,"Date on which the interview/genetic test/sampling/imaging was completed","MM/yyyy;MM/dd/yyyy",,"* '01/01/1900' indicates that a date associated with retrospective data is not known.","NDAR Required",""
agefirst,Integer,0,,Recommended,"age of first regular use","0 to 130",,"","Cigarette Use",""
agoraphobia_current,Integer,0,,Recommended,"does the parent think the subject has agoraphobia","0 to 3",,"","Agoraphobia",""
agoraphobia_past,Integer,0,,Recommended,"does the parent think the subject had agoraphobia","0 to 3",,"","Agoraphobia",""
anhedonia_current,Integer,0,,Recommended,"according to the parent is the subject anhedonic","0 to 3",,"","Depressive Disorders",""
anhedonia_past,Integer,0,,Recommended,"according to the parent was the subject anhedonic","0 to 3",,"","Depressive Disorders",""
argue_current,Integer,0,,Recommended,"does the parent think the subject argues a lot with adults","0 to 3",,"","Oppositional Defiant D",""
argue_past,Integer,0,,Recommended,"does the parent think the subject argued a lot with adults","0 to 3",,"","Oppositional Defiant D",""
attemptquit,Integer,0,,Recommended,"does the parent think the subject ever attemtpted to quit","0 to 2",,"","Cigarette Use",""
attention_current,Integer,0,,Recommended,"does the parent think the subject has difficulty sustaining attention on tasks","0 to 3",,"","ADHD",""
attention_past,Integer,0,,Recommended,"does the parent think the subject had difficulty sustaining attention on tasks","0 to 3",,"","ADHD",""
avoid_situations,Integer,0,,Recommended,"does the parent think the subject makes efforts to avoid activities that arose recollection of the trauma","0 to 2",,"","PostTraumatic Stress",""
avoid_thoughts,Integer,0,,Recommended,"does the parent think the subject makes efforts to avoid thoughts associated with the trauma","0 to 2",,"","PostTraumatic Stress",""
bullies_current,Integer,0,,Recommended,"does the parent think the subject bullies others","0 to 3",,"","Conduct Disorder",""
bullies_past,Integer,0,,Recommended,"does the parent think the subject bullied others","0 to 3",,"","Conduct Disorder",""
car_accident,Integer,0,,Recommended,"does the parent think the subject has ever been in a car accident","0 to 2",,"","PostTraumatic Stress",""
chewed,Integer,0,,Recommended,"does the parent think the subject ever chewed tobaccos","0 to 2",,"","Cigarette Use",""
compulsions_current,Integer,0,,Recommended,"does the parent think the subject has compulsions","0 to 3",,"","Obsessive Compulsive D",""
compulsions_past,Integer,0,,Recommended,"does the parent think the subject had compulsions","0 to 3",,"","Obsessive Compulsive D",""
concern,Integer,0,,Recommended,"does the parent think anyone has compalined about the subjects drinking","0 to 2",,"","Alcohol Abuse",""
decreasedsleep_current,Integer,0,,Recommended,"does the parent think the subject have decreased need for sleep","0 to 4",,"","Mania/Hypomania",""
decreasedsleep_past,Integer,0,,Recommended,"does the parent think the subject had a decreased need for sleep","0 to 4",,"","Mania/Hypomania",""
delusions_current,Integer,0,,Recommended,"does the parent think the subject has delusions","0 to 3",,"","Psychosis",""
delusions_past,Integer,0,,Recommended,"does the parent think the subject had delusions","0 to 3",,"","Psychosis",""
depressed_mood_current,Integer,0,,Recommended,"Does the parent think the subject currently has a depressed mood","0 to 4",,"","Depressive Disorders",""
depressed_mood_past,Integer,0,,Recommended,"does the parent think the subject had a depressed mood in the past","0 to 4",,"","Depressive Disorders",""
disobey_current,Integer,0,,Recommended,"does the parent think the subject disobeys rules a lot","0 to 3",,"","Oppositional Defiant D",""
disobey_past,Integer,0,,Recommended,"does the parent think the subject disobeyed rules a lot","0 to 3",,"","Oppositional Defiant D",""
distracted_current,Integer,0,,Recommended,"does the parent think the subject is easily distracted","0 to 3",,"","ADHD",""
distracted_past,Integer,0,,Recommended,"does the parent think the subject was easily distracted","0 to 3",,"","ADHD",""
distress_current,Integer,0,,Recommended,"does the parent think the subject is significantly distressed by feared stimuli","0 to 3",,"","Agoraphobia",""
distress_past,Integer,0,,Recommended,"does the parent think the subject was significantly distressed by feared stimuli","0 to 3",,"","Agoraphobia",""
eatingbinge_current,Integer,0,,Recommended,"does the parent think the subject has eating binges or attacks","0 to 3",,"","Bulimia Nervosa",""
eatingbinge_past,Integer,0,,Recommended,"does the parent think the subject has eating binges or attacks","0 to 3",,"","Bulimia Nervosa",""
elation_current,Integer,0,,Recommended,"does the parent think the subjects mood is elated","0 to 4",,"","Mania/Hypomania",""
elation_past,Integer,0,,Recommended,"did the parent think the subjects mood is elated","0 to 4",,"","Mania/Hypomania",""
emaciation_current,Integer,0,,Recommended,"does the parent think the subject is emaciated","0 to 3",,"","Anorexia Nervosa",""
emaciation_past,Integer,0,,Recommended,"does the parent think the subject was emaciated","0 to 3",,"","Anorexia Nervosa",""
encopresis_cur,String,3,,Recommended,"does the subect meet dsm criteria for encopresis current","yes;no",,"","Encopresis",""
encopresis_past,String,3,,Recommended,"does the subect meet dsm criteria for encopresis past","yes;no",,"","Encopresis",""
enuresis_c,String,3,,Recommended,"does the subect meet dsm criteria for enuresis current","yes;no",,"","Enuresis",""
enuresis_p,String,3,,Recommended,"does the subect meet dsm criteria for enuresis past","yes;no",,"","Enuresis",""
event_disaster,Integer,0,,Recommended,"does the parent think the subject has ever been a witness of a disaster","0 to 2",,"","PostTraumatic Stress",""
event_domestic_viol,Integer,0,,Recommended,"does the parent think the subject has ever witnessed domestic violence","0 to 2",,"","PostTraumatic Stress",""
event_fire,Integer,0,,Recommended,"does the parent think the subject has ever been in a fire","0 to 2",,"","PostTraumatic Stress",""
event_other,Integer,0,,Recommended,"does the parent think the subject has ever experienced other traumatic events","0 to 2",,"","PostTraumatic Stress",""
event_phys_abuse,Integer,0,,Recommended,"does the parent think the subject has ever experienced physical abuse","0 to 2",,"","PostTraumatic Stress",""
event_sexual_abuse,Integer,0,,Recommended,"does the parent think the subject has ever experienced sexual abuse","0 to 2",,"","PostTraumatic Stress",""
event_traumatic_news,Integer,0,,Recommended,"does the parent think the subject has ever been confronted with traumatic news","0 to 2",,"","PostTraumatic Stress",""
event_victim_crime,Integer,0,,Recommended,"does the parent think the subject has ever been a victim of a crime","0 to 2",,"","PostTraumatic Stress",""
event_witness_crime,Integer,0,,Recommended,"does the parent think the subject has ever been a witness of a crime","0 to 2",,"","PostTraumatic Stress",""
excessiveworry_current,Integer,0,,Recommended,"does the parent think the subject worries excessively","0 to 3",,"","Generalized Anxiety D",""
excessiveworry_past,Integer,0,,Recommended,"does the parent think the subject worried excessively","0 to 3",,"","Generalized Anxiety D",""
fearobese_current,Integer,0,,Recommended,"does the parent think the subject has fears of becoming obese","0 to 3",,"","Anorexia Nervosa",""
fearobese_past,Integer,0,,Recommended,"does the parent think the subject had fears of becoming obese","0 to 3",,"","Anorexia Nervosa",""
fearsalone_current,Integer,0,,Recommended,"does the parent think the subject has fears about being home alone","0 to 3",,"","Separation Anxiety Disorder",""
fearsalone_past,Integer,0,,Recommended,"does the parent think the subject had fears about being home alone","0 to 3",,"","Separation Anxiety Disorder",""
fearscalamitous_current,Integer,0,,Recommended,"does the parent think the subject has fears that a calamitous event will cause separation","0 to 3",,"","Separation Anxiety Disorder",""
fearscalamitous_past,Integer,0,,Recommended,"does the parent think the subject had fears that a calamitous event will cause separation","0 to 3",,"","Separation Anxiety Disorder",""
fearsharm_current,Integer,0,,Recommended,"does the parent think the subject has fears that harm will befall their attachment figure","0 to 3",,"","Separation Anxiety Disorder",""
fearsharm_past,Integer,0,,Recommended,"does the parent think the subject had fears that harm will befall their attachment figure","0 to 3",,"","Separation Anxiety Disorder",""
fearsocial_current,Integer,0,,Recommended,"does the parent think the subject has a fear of social situations","0 to 3",,"","Social Phobia",""
fearsocial_past,Integer,0,,Recommended,"does the parent think the subject had a fear of social situations","0 to 3",,"","Social Phobia",""
fearssleep_current,Integer,0,,Recommended,"does the parent think the subject has fears sleeping away from home","0 to 3",,"","Separation Anxiety Disorder",""
fearssleep_past,Integer,0,,Recommended,"does the parent think the subject had fears sleeping away from home","0 to 3",,"","Separation Anxiety Disorder",""
fights_current,Integer,0,,Recommended,"does the parent think the subject initiates physical fights","0 to 3",,"","Conduct Disorder",""
fights_past,Integer,0,,Recommended,"does the parent think the subject initiated physical fights","0 to 3",,"","Conduct Disorder",""
freq_drink,Integer,0,,Recommended,"what's the most number of days in a week the parent think the subject drinks","0 to 2",,"","Alcohol Abuse",""
freq_cannabis,Integer,0,,Recommended,"how often in the past 6 months does the parent think the subject has used cannabis","0 to 3",,"","Substance Abuse",""
freq_cocaine,Integer,0,,Recommended,"does the parent think the subject has ever used cocaine","0 to 3",,"","Substance Abuse",""
freq_halluc,Integer,0,,Recommended,"how often in the past 6 months does the parent think the subject has used hallucinogens","0 to 3",,"","Substance Abuse",""
freq_opiods,Integer,0,,Recommended,"how often in the past 6 months does the parent think the subject has used opiods","0 to 3",,"","Substance Abuse",""
freq_other,Integer,0,,Recommended,"how often in the past 6 months does the parent think the subject has used other","0 to 3",,"","Substance Abuse",""
freq_pcp,Integer,0,,Recommended,"how often in the past 6 months does the parent think the subject has used pcp","0 to 3",,"","Substance Abuse",""
freq_polysubstance,Integer,0,,Recommended,"how often in the past 6 months does the parent think the subject has used ploysubstance","0 to 3",,"","Substance Abuse",""
freq_sed_noinfo,Integer,0,,Recommended,"how often in the past 6 months does the parent think the subject has used sedatives","0 to 3",,"","Substance Abuse",""
freq_solvents,Integer,0,,Recommended,"how often in the past 6 months does the parent think the subject has used solvents","0 to 3",,"","Substance Abuse",""
freq_stimulants,Integer,0,,Recommended,"how often in the past 6 months does the parent think the subject has used stimulants","0 to 3",,"","Substance Abuse",""
grandiosity_current,Integer,0,,Recommended,"does the parent think the subject has grandiosity and inflated self esteem","0 to 4",,"","Mania/Hypomania",""
grandiosity_past,Integer,0,,Recommended,"does the parent think the subject had grandiosity and inflated self esteem","0 to 4",,"","Mania/Hypomania",""
hallucinations_current,Integer,0,,Recommended,"does the parent think the subject has hallucinations","0 to 3",,"","Psychosis",""
hallucinations_past,Integer,0,,Recommended,"does the parent think the subject had hallucinations","0 to 3",,"","Psychosis",""
impulsivity_current,Integer,0,,Recommended,"does the parent think the subject is impulsive","0 to 3",,"","ADHD",""
impulsivity_past,Integer,0,,Recommended,"does the parent think the subject was impulsive","0 to 3",,"","ADHD",""
inflexible_current,Integer,0,,Recommended,"does the parent think the subject has an inflexible adherence to specific routines","0 to 3",,"","Aspergers",""
inflexible_past,Integer,0,,Recommended,"does the parent think the subject had an inflexible adherence to specific routines","0 to 3",,"","Aspergers",""
irratblemood_past,Integer,0,,Recommended,"does the parent think the subject had irritable mood with manic symptomatolgy","0 to 4",,"","Mania/Hypomania",""
irritability_current,Integer,0,,Recommended,"According to the parent is the subject irratible","0 to 4",,"","Depressive Disorders",""
irritability_past,Integer,0,,Recommended,"according to the parent was the subject irritable","0 to 4",,"","Depressive Disorders",""
irritablemood_current,Integer,0,,Recommended,"does the parent think the subject has irritable mood with manic symptomatolgy","0 to 4",,"","Mania/Hypomania",""
laxatives_current,Integer,0,,Recommended,"does the parent think the subject uses laxatives","0 to 3",,"","Bulimia Nervosa",""
laxatives_past,Integer,0,,Recommended,"does the parent think the subject used laxatives","0 to 3",,"","Bulimia Nervosa",""
lies_current,Integer,0,,Recommended,"does the parent think the subject lies","0 to 3",,"","Conduct Disorder",""
lies_past,Integer,0,,Recommended,"does the parent think the subject lied","0 to 3",,"","Conduct Disorder",""
loose_temper_current,Integer,0,,Recommended,"does the parent think the subject loses their temper","0 to 3",,"","Oppositional Defiant D",""
loose_temper_past,Integer,0,,Recommended,"does the parent think the subject used to loose their temper","0 to 3",,"","Oppositional Defiant D",""
markedfeel_current,Integer,0,,Recommended,"does the parent think the subject has marked feeling of tension","0 to 3",,"","Generalized Anxiety D",""
markedfeel_past,Integer,0,,Recommended,"does the parent think the subject had marked feeling of tension","0 to 3",,"","Generalized Anxiety D",""
month_tobacco,Integer,0,,Recommended,"does the parent think the subject smoked or chewed tobacco daily for one month or more","0 to 2",,"","Cigarette Use",""
moodlability_current,Integer,0,,Recommended,"does the parent think the subject has mood lability","0 to 4",,"","Mania/Hypomania",""
moodlability_past,Integer,0,,Recommended,"does the parent think the subject had mood lability","0 to 4",,"","Mania/Hypomania",""
moto_current,Integer,0,,Recommended,"does the parent think the subject has motor tics","0 to 3",,"","Tic Disorders",""
motor_past,Integer,0,,Recommended,"does the parent think the subject had motor tics","0 to 3",,"","Tic Disorders",""
nightmares,Integer,0,,Recommended,"does the parent think the subject has nightmares","0 to 2",,"","PostTraumatic Stress",""
nonsuicidal_current,Integer,0,,Recommended,"does the parent think the subject partakes in non-suicidal physical self-damaging acts","0 to 3",,"","Depressive Disorders",""
nonsuicidal_past,Integer,0,,Recommended,"does the parent think the subject partook in non-suicidal physical self-damaging acts","0 to 3",,"","Depressive Disorders",""
obsessions_current,Integer,0,,Recommended,"does the parent think the subject has obsessions","0 to 3",,"","Obsessive Compulsive D",""
obsessions_past,Integer,0,,Recommended,"does the parent think the subject had obsessions","0 to 3",,"","Obsessive Compulsive D",""
oddbehav_current,Integer,0,,Recommended,"does the parent think the subject has odd behaviour","0 to 3",,"","Aspergers",""
oddbehav_past,Integer,0,,Recommended,"does the parent think the subject had odd behaviour","0 to 3",,"","Aspergers",""
other_accident,Integer,0,,Recommended,"does the parent think the subject has ever been in an other accident","0 to 2",,"","PostTraumatic Stress",""
panicattacks_current,Integer,0,,Recommended,"does the parent think the subject has panic attacks","0 to 3",,"","Panic Disorder",""
panicattacks_past,Integer,0,,Recommended,"does the parent think the subject had panic attacks","0 to 3",,"","Panic Disorder",""
phonic_tics_current,Integer,0,,Recommended,"does the parent think the subject has phonic tics","0 to 3",,"","Tic Disorders",""
phonic_tics_past,Integer,0,,Recommended,"does the parent think the subject had phonic tics","0 to 3",,"","Tic Disorders",""
problems_drink,Integer,0,,Recommended,"does the parent think the subjects drinking ever caused problems","0 to 2",,"","Alcohol",""
problems_substance_use,Integer,0,,Recommended,"does the parent think the subjects substance use has ever caused problems","0 to 2",,"","Substance Abuse",""
quant_day,Integer,0,,Recommended,"whats the most the parent thinks the subject has drunk in a single day","0 to 2",,"","Alcohol Abuse",""
quant_howmany,Integer,0,,Recommended,"how many drinks does the parent think the subject has","0 to 2",,"","Alcohol Abuse",""
quantity_currentuse,Integer,0,,Recommended,"Number of cigarettes smoked per day","0 to 500",,"","Cigarette Use",""
quantity_greatestuse,Integer,0,,Recommended,"Greatest number of cigarettes smoked per day","0 to 500",,"","Cigarette Use",""
quit,Integer,0,,Recommended,"does the parent think the subject ever quit","0 to 2",,"","Cigarette Use",""
quitmonths,Integer,0,,Recommended,"Longest number of months quit","0 to 1200",,"","Cigarette Use",""
repeatedpass_current_day,Integer,0,,Recommended,"does the parent think the subject has repeated passage of feces in the day","0 to 3",,"","Encopresis",""
repeatedpass_current_night,Integer,0,,Recommended,"does the parent think the subject has repeated passage of feces in the night","0 to 3",,"","Encopresis",""
repeatedpass_current_total,Integer,0,,Recommended,"does the parent think the subject has repeated passage of feces in total","0 to 3",,"","Encopresis",""
repeatedpass_past_day,Integer,0,,Recommended,"does the parent think the subject had repeated passage of feces in the day","0 to 3",,"","Encopresis",""
repeatedpass_past_night,Integer,0,,Recommended,"does the parent think the subject had repeated passage of feces in the night","0 to 3",,"","Encopresis",""
repeatedpass_past_total,Integer,0,,Recommended,"does the parent think the subject had repeated passage of feces in total","0 to 3",,"","Encopresis",""
repeatvoiding_current_day,Integer,0,,Recommended,"does the parent think the subject has repeated voiding in the day","0 to 3",,"","Enuresis",""
repeatvoiding_current_night,Integer,0,,Recommended,"does the parent think the subject has repeated voiding in the night","0 to 3",,"","Enuresis",""
repeatvoiding_current_total,Integer,0,,Recommended,"does the parent think the subject has repeated voiding in total","0 to 3",,"","Enuresis",""
repeatvoiding_past_day,Integer,0,,Recommended,"does the parent think the subject had repeated voiding in the day","0 to 3",,"","Enuresis",""
repeatvoiding_past_night,Integer,0,,Recommended,"does the parent think the subject had repeated voiding in the night","0 to 3",,"","Enuresis",""
repeatvoiding_past_total,Integer,0,,Recommended,"does the parent think the subject had repeated voiding in total","0 to 3",,"","Enuresis",""
repetitive_play,Integer,0,,Recommended,"does the parent think the subject partakes in repetitive play related to the event","0 to 2",,"","PostTraumatic Stress",""
schoolreluc_current,Integer,0,,Recommended,"does the parent think the subject is reluctant to go to school","0 to 3",,"","Separation Anxiety Disorder",""
schoolreluc_past,Integer,0,,Recommended,"does the parent think the subject was reluctant to go to school","0 to 3",,"","Separation Anxiety Disorder",""
seated_current,Integer,0,,Recommended,"does the parent think the subject has difficulty remaining seated","0 to 3",,"","ADHD",""
seated_past,Integer,0,,Recommended,"does the parent think the subject had difficulty remaining seated","0 to 3",,"","ADHD",""
smoked_ever,Integer,0,,Recommended,"does the parent think the subject ever smoked","0 to 2",,"","Cigarette Use",""
social_current,Integer,0,,Recommended,"does the parent think the subject has a lack of social reciprocity","0 to 3",,"","Aspergers",""
social_past,Integer,0,,Recommended,"does the parent think the subject had a lack of social reciprocity","0 to 3",,"","Aspergers",""
somatic_current,Integer,0,,Recommended,"does the parent think the subject has somatic complaints","0 to 3",,"","Generalized Anxiety D",""
somatic_past,Integer,0,,Recommended,"does the parent think the subject had somatic complaints","0 to 3",,"","Generalized Anxiety D",""
specific_current,Integer,0,,Recommended,"does the parent think the subject has specific phobias","0 to 3",,"","Specific Phobias",""
specific_past,Integer,0,,Recommended,"does the parent think the subject had specific phobias","0 to 3",,"","Specific Phobias",""
stealing_current,Integer,0,,Recommended,"does the parent think the subject partakes in nonaggressive stealing","0 to 3",,"","Conduct Disorder",""
stealing_past,Integer,0,,Recommended,"does the parent think the subject partook in nonaggressive stealing","0 to 3",,"","Conduct Disorder",""
suicidal_id_current,Integer,0,,Recommended,"does the parent think the subject has suicidal ideation","0 to 3",,"","Depressive Disorders",""
suicidal_id_past,Integer,0,,Recommended,"does the parent think the subject had suicidal ideation","0 to 3",,"","Depressive Disorders",""
suicidalacts_in_current,Integer,0,,Recommended,"does the parent think the subject has intent to perform suicidal acts","0 to 3",,"","Depressive Disorders",""
suicidalacts_in_past,Integer,0,,Recommended,"does the parent think the subject had intent to perform suicidal acts","0 to 3",,"","Depressive Disorders",""
suicidalacts_med_current,Integer,0,,Recommended,"how threatening does the parent think the most serious suicidal act was to subjects life or physical condition","0 to 3",,"","Depressive Disorders",""
suicidalacts_med_past,Integer,0,,Recommended,"how threatening does the parent think the most serious suicidal act was to subjects life or physical condition","0 to 3",,"","Depressive Disorders",""
supplement1_cur,String,3,,Recommended,"should supplement 1 current be completed","yes;no",,"","Depressive Disorders",""
supplement1_past,String,3,,Recommended,"should supplement 1 past be completed","yes;no",,"","Depressive Disorders",""
supplement2_cur,String,3,,Recommended,"should supplement 2 current be completed","yes;no",,"","Psychosis",""
supplement2_past,String,3,,Recommended,"should supplement 2 past be completed","yes;no",,"","Psychosis",""
supplement3_cur,String,3,,Recommended,"should supplement 3 current be completed","yes;no",,"","Panic Disorder",""
supplement3_past,String,3,,Recommended,"should supplement 3 past be completed","yes;no",,"","Panic Disorder",""
supplement4_cur,String,3,,Recommended,"should supplement 4 current be completed","yes;no",,"","ADHD",""
supplement4_past,String,3,,Recommended,"should supplement 4 past be completed","yes;no",,"","ADHD",""
supplement5_cur,String,3,,Recommended,"should supplement 5 current be completed","yes;no",,"","Anorexia Nervosa",""
supplement5_past,String,3,,Recommended,"should supplement 5 past be completed","yes;no",,"","Anorexia Nervosa",""
thoughts_death_ever,Integer,0,,Recommended,"does the parent think the subject has recurrent thoughts of the event","0 to 2",,"","PostTraumatic Stress",""
thoughts_death_current,Integer,0,,Recommended,"does the parent think the subject has thoughts of death","0 to 3",,"","Depressive Disorders",""
thoughts_death_past,Integer,0,,Recommended,"does the parent think the subject had thoughts of death","0 to 3",,"","Depressive Disorders",""
treatment_alcohol_ever,Integer,0,,Recommended,"does the parent think the subject ever received treatment for alcohol problems","0 to 2",,"","Alcohol",""
truant_current,Integer,0,,Recommended,"does the parent think the subject truants","0 to 3",,"","Conduct Disorder",""
truant_past,Integer,0,,Recommended,"does the parent think the subject truanted","0 to 3",,"","Conduct Disorder",""
use_2drinks,Integer,0,,Recommended,"does the parent think the subject drank two drinks in one week four or more times","0 to 2",,"","Alcohol",""
use_agefirst,Integer,0,,Recommended,"age above at first regular use","0 to 130",,"","Alcohol",""
use_cannabis,Integer,0,,Recommended,"does the parent think the subject has ever used cannabis","0 to 2",,"","Substance Abuse",""
use_cocaine,Integer,0,,Recommended,"does the parent think the subject has ever used cocaine","0 to 2",,"","Substance Abuse",""
use_currentfreq,Integer,0,,Recommended,"Number of drinks drank per week","0 to 2000",,"","Alcohol",""
use_halluc,Integer,0,,Recommended,"does the parent think the subject has ever used hallucinogens","0 to 2",,"","Substance Abuse",""
use_opiods,Integer,0,,Recommended,"does the parent think the subject has ever used opiods","0 to 2",,"","Substance Abuse",""
use_other,Integer,0,,Recommended,"does the parent think the subject has ever used other","0 to 2",,"","Substance Abuse",""
use_pcp,Integer,0,,Recommended,"does the parent think the subject has ever used pcp","0 to 2",,"","Substance Abuse",""
use_sed_noinfo,Integer,0,,Recommended,"does the parent think the subject has ever used sedatives","0 to 2",,"","Substance Abuse",""
use_solvents,Integer,0,,Recommended,"does the parent think the subject has ever used solvents","0 to 2",,"","Substance Abuse",""
use_stimulants,Integer,0,,Recommended,"does the parent think the subject has ever used stimulants","0 to 2",,"","Substance Abuse",""
weightloss_caloric_current,Integer,0,,Recommended,"does the parent think the subject uses non-caloric fluids","0 to 3",,"","Bulimia Nervosa",""
weightloss_caloric_past,Integer,0,,Recommended,"does the parent think the subject used non-caloric fluids","0 to 3",,"","Bulimia Nervosa",""
weightloss_combined_current,Integer,0,,Recommended,"does the parent think the subject uses combined frequency weight loss methods","0 to 3",,"","Bulimia Nervosa",""
weightloss_combined_past,Integer,0,,Recommended,"does the parent think the subject used combined frequency weight loss methods","0 to 3",,"","Bulimia Nervosa",""
weightloss_exercise_current,Integer,0,,Recommended,"does the parent think the subject does a lot of exercise","0 to 3",,"","Bulimia Nervosa",""
weightloss_exercise_past,Integer,0,,Recommended,"does the parent think the subject did a lot of exercise","0 to 3",,"","Bulimia Nervosa",""
weightloss_pills_current,Integer,0,,Recommended,"does the parent think the subject uses weightloss pills","0 to 3",,"","Bulimia Nervosa",""
weightloss_pills_past,Integer,0,,Recommended,"does the parent think the subject used weightloss pills","0 to 3",,"","Bulimia Nervosa",""
weightloss_throw_current,Integer,0,,Recommended,"does the parent think the subject throws up","0 to 3",,"","Bulimia Nervosa",""
weightloss_throw_past,Integer,0,,Recommended,"does the parent think the subject threw up","0 to 3",,"","Bulimia Nervosa",""
weightloss_water_current,Integer,0,,Recommended,"does the parent think the subject uses water pills","0 to 3",,"","Bulimia Nervosa",""
weightloss_water_past,Integer,0,,Recommended,"does the parent think the subject used water pills","0 to 3",,"","Bulimia Nervosa",""
