ElementName,DataType,Size,Unit,Required,ElementDescription,ValueRange,Keywords,Notes,Section,Aliases
subjectkey,GUID,0,,Required,"The NDAR Global Unique Identifier (GUID) for subjects which identifies a subject in NDAR","NDAR*",,"","",""
src_subject_id,String,20,,Required,"The site's subject identification","",,"","",""
interview_date,Date,0,,Required,"Date on which the interview/genetic test/sampling/imaging was completed","MM/yyyy;MM/dd/yyyy",,"* '01/01/1900' indicates that a date associated with retrospective data is not known.","",""
interview_age,Integer,0,,Required,"Age in months at the time of the interview/test/sampling/imaging.","0 to 1200",,"Age is rounded to chronological month If the research participant is 13 days old at time of interview  the appropriate value would be 0 months if the participant is 19 days old the value would be 1 month","",""
gender,String,50,,Recommended,"Gender","M;F",,"","",""
mcg_ph_total,Integer,0,,Recommended,"Total number of phrases","0 - 28",,"","01",""
mcg_ph_perc_below1,String,6,,Recommended,"Is the percentile rank for Phrases Understood scored at below 1?","Y;N",,"needs to be added","02a",""
mcg_ph_perc,Integer,0,,Recommended,"If the percentile rank for Phrases Understood was not scored as below 1, then record the percentile score.","1 to 99",,"needs to be added","02b",""
mcg_vc_totcom,Integer,0,,Recommended,"Total number of words understood (1-19)","0 - 396",,"","03",""
mcg_vc_under_perc_below1,String,6,,Recommended,"Is the percentile rank for Vocabulary Understood scored at below 1?","Y;N",,"needs to be added","04a",""
mcg_vc_under_perc,Integer,0,,Recommended,"If the percentile rank for Vocabulary Understood was not scored as below 1, then record the percentile score.","1 to 99",,"needs to be added","04b",""
mcg_vc_totpr,Integer,0,,Recommended,"Total number of words produced (1-19)","0 - 396",,"","05",""
mcg_vc_und_said_perc_below1,String,6,,Recommended,"Is the percentile rank for Vocabulary Understood and Said(vocab checklist sections 1-19)scored at below 1?","Y;N",,"needs to be added","06a",""
mcg_vc_und_said_perc,Integer,0,,Recommended,"If the percentile rank for Vocabulary Understood and Said(vocab checklist sections 1-19) was not scored as below 1, then record the percentile score.","1 to 99",,"needs to be added","06b",""
mcg_eg_total,Integer,0,,Recommended,"Total Early Gestures","0 - 18",,"","07",""
mcg_eg_perc_below1,String,6,,Recommended,"Is the percentile rank for Early gestures scored at below 1?","Y;N",,"needs to be added","08a",""
mcg_eg_perc,Integer,0,,Recommended,"If the percentile rank for Early Gestures was not scored as below 1, then record the percentile score.","1 to 99",,"needs to be added","08b",""
mcg_lg_total,Integer,0,,Recommended,"Total Later Gestures","0 - 45",,"","09",""
mcg_lg_perc_below1,String,6,,Recommended,"Is the percentile rank for Later Gestures scored at below 1?","Y;N",,"needs to be added","10a",""
mcg_lg_perc,Integer,0,,Recommended,"If the percentile rank for Later Gestures was not scored as below 1, then record the percentile score.","1 to 99",,"needs to be added","10b",""
mcg_tg_total,Integer,0,,Recommended,"Total Gestures","0 - 63",,"","11",""
mcg_tg_perc_below1,String,6,,Recommended,"Is the percentile rank for Total Gestures scored at below 1?","Y;N",,"needs to be added","12a",""
mcg_tg_perc,Integer,0,,Recommended,"If the percentile rank for Total Gestures was not scored as below 1, then record the percentile score.","1 to 99",,"needs to be added","12b",""
mcg_su_name,Integer,0,,Recommended,"Respond when name is called (e.g., by turning and looking as source)","0; 1",,"","IA01",""
mcg_su_no,Integer,0,,Recommended,"Respond to "no, no" (by stopping what he/she is doing at least for a moment)","0; 1",,"","IA02",""
mcg_su_md,Integer,0,,Recommended,"React to "there's mommy/daddy" by looking around for them","0; 1",,"","IA03",""
mcg_ph_hungry,Integer,0,,Recommended,"Are you hungry?","0; 1",,"","IB01",""
mcg_ph_tired,Integer,0,,Recommended,"Are you tired/sleepy?","0; 1",,"","IB02",""
mcg_ph_careful,Integer,0,,Recommended,"Be careful","0; 1",,"","IB03",""
mcg_ph_quiet,Integer,0,,Recommended,"Be quiet","0; 1",,"","IB04",""
mcg_ph_clap,Integer,0,,Recommended,"Clap your hands","0; 1",,"","IB05",""
mcg_ph_diaper,Integer,0,,Recommended,"Change diaper","0; 1",,"","IB06",""
mcg_ph_come,Integer,0,,Recommended,"Come here/come on","0; 1",,"","IB07",""
mcg_ph_home,Integer,0,,Recommended,"Daddy's/mommy's home","0; 1",,"","IB08",""
mcg_ph_more,Integer,0,,Recommended,"Do you want more?","0; 1",,"","IB09",""
mcg_ph_do,Integer,0,,Recommended,"Don't do that","0; 1",,"","IB10",""
mcg_ph_touch,Integer,0,,Recommended,"Don't' touch","0; 1",,"","IB11",""
mcg_ph_get,Integer,0,,Recommended,"Get up","0; 1",,"","IB12",""
mcg_ph_give,Integer,0,,Recommended,"Give it to mommy","0; 1",,"","IB13",""
mcg_ph_hug,Integer,0,,Recommended,"Give me a hug","0; 1",,"","IB14",""
mcg_ph_kiss,Integer,0,,Recommended,"Give me a kiss","0; 1",,"","IB15",""
mcg_ph_goget,Integer,0,,Recommended,"Go get","0; 1",,"","IB16",""
mcg_ph_good,Integer,0,,Recommended,"Good girl/boy","0; 1",,"","IB17",""
mcg_ph_hold,Integer,0,,Recommended,"Hold still","0; 1",,"","IB18",""
mcg_ph_bye,Integer,0,,Recommended,"Let's go bye bye","0; 1",,"","IB19",""
mcg_ph_look,Integer,0,,Recommended,"Look/look here","0; 1",,"","IB20",""
mcg_ph_open,Integer,0,,Recommended,"Open your mouth","0; 1",,"","IB21",""
mcg_ph_sit,Integer,0,,Recommended,"Sit down","0; 1",,"","IB22",""
mcg_ph_spit,Integer,0,,Recommended,"Spit it out","0; 1",,"","IB23",""
mcg_ph_stop,Integer,0,,Recommended,"Stop it","0; 1",,"","IB24",""
mcg_ph_time,Integer,0,,Recommended,"Time to go night night","0; 1",,"","IB25",""
mcg_ph_throw,Integer,0,,Recommended,"Throw the ball","0; 1",,"","IB26",""
mcg_ph_piggy,Integer,0,,Recommended,"This is little piggy","0; 1",,"","IB27",""
mcg_ph_ride,Integer,0,,Recommended,"Want to go for a ride?","0; 1",,"","IB28",""
mcg_st_imitate,Integer,0,,Recommended,"Some children like to "parrot" or imitate things that they've just heard","0; 1; 2",,"","IC01",""
mcg_st_naming,Integer,0,,Recommended,"Some children like to go around naming or labeling things, as though proud of knowing the names and wanting to show this. How often does your child do this?","0; 1; 2",,"","IC02",""
mcg_vc1_baa,Integer,0,,Recommended,"baa baa","0; 1;2",,"","ID0101",""
mcg_vc1_choo,Integer,0,,Recommended,"choo choo","0; 1;2",,"","ID0102",""
mcg_vc1_cck,Integer,0,,Recommended,"cockadoodledoo","0; 1;2",,"","ID0103",""
mcg_vc1_grr,Integer,0,,Recommended,"grrr","0; 1;2",,"","ID0104",""
mcg_vc1_mw,Integer,0,,Recommended,"meow","0; 1;2",,"","ID0105",""
mcg_vc1_moo,Integer,0,,Recommended,"moo","0; 1;2",,"","ID0106",""
mcg_vc1_ouch,Integer,0,,Recommended,"ouch","0; 1;2",,"","ID0107",""
mcg_vc1_qua,Integer,0,,Recommended,"quack quack","0; 1;2",,"","ID0108",""
mcg_vc1_uh,Integer,0,,Recommended,"uh oh","0; 1;2",,"","ID0109",""
mcg_vc1_vrm,Integer,0,,Recommended,"vroom","0; 1;2",,"","ID0110",""
mcg_vc1_woof,Integer,0,,Recommended,"woof woof","0; 1;2",,"","ID0111",""
mcg_vc1_yum,Integer,0,,Recommended,"yum yum","0; 1;2",,"","ID0112",""
mcg_vc2_anm,Integer,0,,Recommended,"animal","0; 1; 2",,"","ID0201",""
mcg_vc2_bear,Integer,0,,Recommended,"bear","0; 1; 2",,"","ID0202",""
mcg_vc2_bee,Integer,0,,Recommended,"bee","0; 1; 2",,"","ID0203",""
mcg_vc2_bird,Integer,0,,Recommended,"bird","0; 1; 2",,"","ID0204",""
mcg_vc2_bug,Integer,0,,Recommended,"bug","0; 1; 2",,"","ID0205",""
mcg_vc2_bunn,Integer,0,,Recommended,"bunny","0; 1; 2",,"","ID0206",""
mcg_vc2_bttrf,Integer,0,,Recommended,"butterfly","0; 1; 2",,"","ID0207",""
mcg_vc2_cat,Integer,0,,Recommended,"cat","0; 1; 2",,"","ID0208",""
mcg_vc2_chic,Integer,0,,Recommended,"chicken","0; 1; 2",,"","ID0209",""
mcg_vc2_cow,Integer,0,,Recommended,"cow","0; 1; 2",,"","ID0210",""
mcg_vc2_deer,Integer,0,,Recommended,"deer","0; 1; 2",,"","ID0211",""
mcg_v2_dog,Integer,0,,Recommended,"dog","0;1;2",,"needs to be added","ID0212",""
mcg_vc2_donk,Integer,0,,Recommended,"donkey","0; 1; 2",,"","ID0213",""
mcg_vc2_duck,Integer,0,,Recommended,"duck","0; 1; 2",,"","ID0214",""
mcg_vc2_elep,Integer,0,,Recommended,"elephant","0; 1; 2",,"","ID0215",""
mcg_vc2_fish,Integer,0,,Recommended,"fish","0; 1; 2",,"","ID0216",""
mcg_vc2_frog,Integer,0,,Recommended,"frog","0; 1; 2",,"","ID0217",""
mcg_vc2_grff,Integer,0,,Recommended,"giraffe","0; 1; 2",,"","ID0218",""
mcg_vc2_gse,Integer,0,,Recommended,"goose","0; 1; 2",,"","ID0219",""
mcg_vc2_hrse,Integer,0,,Recommended,"horse","0; 1; 2",,"","ID0220",""
mcg_vc2_kitt,Integer,0,,Recommended,"kitty","0; 1; 2",,"","ID0221",""
mcg_vc2_lamb,Integer,0,,Recommended,"lamb","0; 1; 2",,"","ID0222",""
mcg_vc2_lion,Integer,0,,Recommended,"lion","0; 1; 2",,"","ID0223",""
mcg_vc2_mky,Integer,0,,Recommended,"monkey","0; 1; 2",,"","ID0224",""
mcg_vc2_mous,Integer,0,,Recommended,"mouse","0; 1; 2",,"","ID0225",""
mcg_vc2_owl,Integer,0,,Recommended,"owl","0; 1; 2",,"","ID0226",""
mcg_vc2_peng,Integer,0,,Recommended,"penguin","0; 1; 2",,"","ID0227",""
mcg_vc2_pig,Integer,0,,Recommended,"pig","0; 1; 2",,"","ID0228",""
mcg_vc2_pony,Integer,0,,Recommended,"pony","0; 1; 2",,"","ID0229",""
mcg_vc2_pupp,Integer,0,,Recommended,"puppy","0; 1; 2",,"","ID0230",""
mcg_vc2_sheep,Integer,0,,Recommended,"sheep","0; 1; 2",,"","ID0231",""
mcg_vc2_sqrr,Integer,0,,Recommended,"squirrel","0; 1; 2",,"","ID0232",""
mcg_vc2_ted,Integer,0,,Recommended,"teddy bear","0; 1; 2",,"","ID0233",""
mcg_vc2_tigr,Integer,0,,Recommended,"tiger","0; 1; 2",,"","ID0234",""
mcg_vc2_turk,Integer,0,,Recommended,"turkey","0; 1; 2",,"","ID0235",""
mcg_vc2_turt,Integer,0,,Recommended,"turtle","0; 1; 2",,"","ID0236",""
mcg_vc3_air,Integer,0,,Recommended,"airplane","0; 1; 2",,"","ID0301",""
mcg_vc3_bicy,Integer,0,,Recommended,"bicycle","0; 1; 2",,"","ID0302",""
mcg_vc3_bus,Integer,0,,Recommended,"bus","0; 1; 2",,"","ID0303",""
mcg_vc3_car,Integer,0,,Recommended,"car","0; 1; 2",,"","ID0304",""
mcg_vc3_fire,Integer,0,,Recommended,"fire truck","0; 1; 2",,"","ID0305",""
mcg_vc3_motor,Integer,0,,Recommended,"motorcycle","0; 1; 2",,"","ID0306",""
mcg_vc3_strol,Integer,0,,Recommended,"stroller","0; 1; 2",,"","ID0307",""
mcg_vc3_train,Integer,0,,Recommended,"train","0; 1; 2",,"","ID0308",""
mcg_vc3_trck,Integer,0,,Recommended,"truck","0; 1; 2",,"","ID0309",""
mcg_vc4_ball,Integer,0,,Recommended,"ball","0; 1; 2",,"","ID0401",""
mcg_vc4_blln,Integer,0,,Recommended,"balloon","0; 1; 2",,"","ID0402",""
mcg_vc4_blck,Integer,0,,Recommended,"block","0; 1; 2",,"","ID0403",""
mcg_vc4_book,Integer,0,,Recommended,"book","0; 1; 2",,"","ID0404",""
mcg_vc4_bubb,Integer,0,,Recommended,"bubbles","0; 1; 2",,"","ID0405",""
mcg_vc4_doll,Integer,0,,Recommended,"doll","0; 1; 2",,"","ID0406",""
mcg_vc4_pen,Integer,0,,Recommended,"pen","0; 1; 2",,"","ID0407",""
mcg_vc4_toy,Integer,0,,Recommended,"toy","0; 1; 2",,"","ID0408",""
mcg_vc5_appl,Integer,0,,Recommended,"apple","0; 1; 2",,"","ID0501",""
mcg_vc5_bana,Integer,0,,Recommended,"banana","0; 1; 2",,"","ID0502",""
mcg_vc5_brd,Integer,0,,Recommended,"bread","0; 1; 2",,"","ID0503",""
mcg_vc5_bttr,Integer,0,,Recommended,"butter","0; 1; 2",,"","ID0504",""
mcg_vc5_cake,Integer,0,,Recommended,"cake","0; 1; 2",,"","ID0505",""
mcg_vc5_cndy,Integer,0,,Recommended,"candy","0; 1; 2",,"","ID0506",""
mcg_vc5_crrt,Integer,0,,Recommended,"carrots","0; 1; 2",,"","ID0507",""
mcg_vc5_cerl,Integer,0,,Recommended,"cereal","0; 1; 2",,"","ID0508",""
mcg_vc5_cheer,Integer,0,,Recommended,"cheerios","0; 1; 2",,"","ID0509",""
mcg_vc5_cheese,Integer,0,,Recommended,"cheese","0; 1; 2",,"","ID0510",""
mcg_vc5_chick,Integer,0,,Recommended,"chicken","0; 1; 2",,"","ID0511",""
mcg_vc5_coff,Integer,0,,Recommended,"coffee","0; 1; 2",,"","ID0512",""
mcg_vc5_ckie,Integer,0,,Recommended,"cookie","0; 1; 2",,"","ID0513",""
mcg_vc5_crckr,Integer,0,,Recommended,"cracker","0; 1; 2",,"","ID0514",""
mcg_vc5_drk,Integer,0,,Recommended,"drink","0; 1; 2",,"","ID0515",""
mcg_vc5_egg,Integer,0,,Recommended,"egg","0; 1; 2",,"","ID0516",""
mcg_vc5_fish,Integer,0,,Recommended,"fish","0; 1; 2",,"","ID0517",""
mcg_vc5_food,Integer,0,,Recommended,"food","0; 1; 2",,"","ID0518",""
mcg_vc5_icec,Integer,0,,Recommended,"ice cream","0; 1; 2",,"","ID0519",""
mcg_vc5_juice,Integer,0,,Recommended,"juice","0; 1; 2",,"","ID0520",""
mcg_vc5_meat,Integer,0,,Recommended,"meat","0; 1; 2",,"","ID0521",""
mcg_vc5_milk,Integer,0,,Recommended,"milk","0; 1; 2",,"","ID0522",""
mcg_vc5_noodl,Integer,0,,Recommended,"noodles","0; 1; 2",,"","ID0523",""
mcg_vc5_orng,Integer,0,,Recommended,"orange","0; 1; 2",,"","ID0524",""
mcg_vc5_peas,Integer,0,,Recommended,"peas","0; 1; 2",,"","ID0525",""
mcg_vc5_pzza,Integer,0,,Recommended,"pizza","0; 1; 2",,"","ID0526",""
mcg_vc5_rais,Integer,0,,Recommended,"raisin","0; 1; 2",,"","ID0527",""
mcg_vc5_spag,Integer,0,,Recommended,"spaghetti","0; 1; 2",,"","ID0528",""
mcg_vc5_toast,Integer,0,,Recommended,"toast","0; 1; 2",,"","ID0529",""
mcg_vc5_wtr,Integer,0,,Recommended,"water","0; 1; 2",,"","ID0530",""
mcg_vc6_bead,Integer,0,,Recommended,"beads","0; 1; 2",,"","ID0601",""
mcg_vc6_bib,Integer,0,,Recommended,"bib","0; 1; 2",,"","ID0602",""
mcg_vc6_boot,Integer,0,,Recommended,"boots","0; 1; 2",,"","ID0603",""
mcg_vc6_bttn,Integer,0,,Recommended,"button","0; 1; 2",,"","ID0604",""
mcg_vc6_coat,Integer,0,,Recommended,"coat","0; 1; 2",,"","ID0605",""
mcg_vc6_diap,Integer,0,,Recommended,"diaper","0; 1; 2",,"","ID0606",""
mcg_vc6_dress,Integer,0,,Recommended,"dress","0; 1; 2",,"","ID0607",""
mcg_vc6_hat,Integer,0,,Recommended,"hat","0; 1; 2",,"","ID0608",""
mcg_vc6_jackt,Integer,0,,Recommended,"jacket","0; 1; 2",,"","ID0609",""
mcg_vc6_jeans,Integer,0,,Recommended,"jeans","0; 1; 2",,"","ID0610",""
mcg_vc6_neck,Integer,0,,Recommended,"necklace","0; 1; 2",,"","ID0611",""
mcg_vc6_pjs,Integer,0,,Recommended,"pajamas","0; 1; 2",,"","ID0612",""
mcg_vc6_pants,Integer,0,,Recommended,"pants","0; 1; 2",,"","ID0613",""
mcg_vc6_shirt,Integer,0,,Recommended,"shirt","0; 1; 2",,"","ID0614",""
mcg_vc6_shoe,Integer,0,,Recommended,"shoe","0; 1; 2",,"","ID0615",""
mcg_vc6_short,Integer,0,,Recommended,"shorts","0; 1; 2",,"","ID0616",""
mcg_vc6_sock,Integer,0,,Recommended,"sock","0; 1; 2",,"","ID0617",""
mcg_vc6_swtr,Integer,0,,Recommended,"sweater","0; 1; 2",,"","ID0618",""
mcg_vc6_zippr,Integer,0,,Recommended,"zipper","0; 1; 2",,"","ID0619",""
mcg_vc7_arm,Integer,0,,Recommended,"arm","0; 1; 2",,"","ID0701",""
mcg_vc7_blybt,Integer,0,,Recommended,"belly button","0; 1; 2",,"","ID0702",""
mcg_vc7_cheek,Integer,0,,Recommended,"cheek","0; 1; 2",,"","ID0703",""
mcg_vc7_ear,Integer,0,,Recommended,"ear","0; 1; 2",,"","ID0704",""
mcg_vc7_eye,Integer,0,,Recommended,"eye","0; 1; 2",,"","ID0705",""
mcg_vc7_face,Integer,0,,Recommended,"face","0; 1; 2",,"","ID0706",""
mcg_vc7_foot,Integer,0,,Recommended,"foot","0; 1; 2",,"","ID0707",""
mcg_vc7_fing,Integer,0,,Recommended,"finger","0; 1; 2",,"","ID0708",""
mcg_vc7_hair,Integer,0,,Recommended,"hair","0; 1; 2",,"","ID0709",""
mcg_vc7_hand,Integer,0,,Recommended,"hand","0; 1; 2",,"","ID0710",""
mcg_vc7_head,Integer,0,,Recommended,"head","0; 1; 2",,"","ID0711",""
mcg_vc7_knee,Integer,0,,Recommended,"knee","0; 1; 2",,"","ID0712",""
mcg_vc7_leg,Integer,0,,Recommended,"leg","0; 1; 2",,"","ID0713",""
mcg_vc7_mouth,Integer,0,,Recommended,"mouth","0; 1; 2",,"","ID0714",""
mcg_vc7_nose,Integer,0,,Recommended,"nose","0; 1; 2",,"","ID0715",""
mcg_vc7_owie,Integer,0,,Recommended,"owie/ boo boo","0; 1; 2",,"","ID0716",""
mcg_vc7_tth,Integer,0,,Recommended,"tooth","0; 1; 2",,"","ID0717",""
mcg_vc7_toe,Integer,0,,Recommended,"toe","0; 1; 2",,"","ID0718",""
mcg_vc7_tong,Integer,0,,Recommended,"tongue","0; 1; 2",,"","ID0719",""
mcg_vc7_tum,Integer,0,,Recommended,"tummy","0; 1; 2",,"","ID0720",""
mcg_vc8_btrm,Integer,0,,Recommended,"bathroom","0; 1; 2",,"","ID0801",""
mcg_vc8_bttb,Integer,0,,Recommended,"bathtub","0; 1; 2",,"","ID0802",""
mcg_vc8_bed,Integer,0,,Recommended,"bed","0; 1; 2",,"","ID0803",""
mcg_vc8_bdrm,Integer,0,,Recommended,"bedroom","0; 1; 2",,"","ID0804",""
mcg_vc8_chr,Integer,0,,Recommended,"chair","0; 1; 2",,"","ID0805",""
mcg_vc8_couch,Integer,0,,Recommended,"couch","0; 1; 2",,"","ID0806",""
mcg_vc8_crib,Integer,0,,Recommended,"crib","0; 1; 2",,"","ID0807",""
mcg_vc8_door,Integer,0,,Recommended,"door","0; 1; 2",,"","ID0808",""
mcg_vc8_drwr,Integer,0,,Recommended,"drawer","0; 1; 2",,"","ID0809",""
mcg_vc8_grg,Integer,0,,Recommended,"garage","0; 1; 2",,"","ID0810",""
mcg_vc8_hchr,Integer,0,,Recommended,"high chair","0; 1; 2",,"","ID0811",""
mcg_vc8_ktchn,Integer,0,,Recommended,"kitchen","0; 1; 2",,"","ID0812",""
mcg_vc8_lvrm,Integer,0,,Recommended,"living room","0; 1; 2",,"","ID0813",""
mcg_vc8_oven,Integer,0,,Recommended,"oven","0; 1; 2",,"","ID0814",""
mcg_vc8_ppen,Integer,0,,Recommended,"play pen","0; 1; 2",,"","ID0815",""
mcg_vc8_ptty,Integer,0,,Recommended,"potty","0; 1; 2",,"","ID0816",""
mcg_vc8_refr,Integer,0,,Recommended,"refrigerator","0; 1; 2",,"","ID0817",""
mcg_vc8_rckch,Integer,0,,Recommended,"rocking chair","0; 1; 2",,"","ID0818",""
mcg_vc8_sink,Integer,0,,Recommended,"sink","0; 1; 2",,"","ID0819",""
mcg_vc8_strs,Integer,0,,Recommended,"stairs","0; 1; 2",,"","ID0820",""
mcg_vc8_stve,Integer,0,,Recommended,"stove","0; 1; 2",,"","ID0821",""
mcg_vc8_table,Integer,0,,Recommended,"table","0; 1; 2",,"","ID0822",""
mcg_vc8_tv,Integer,0,,Recommended,"TV","0; 1; 2",,"","ID0823",""
mcg_vc8_wndw,Integer,0,,Recommended,"window","0; 1; 2",,"","ID0824",""
mcg_vc9_blnkt,Integer,0,,Recommended,"blanket","0; 1; 2",,"","ID0901",""
mcg_vc9_bttl,Integer,0,,Recommended,"bottle","0; 1; 2",,"","ID0902",""
mcg_vc9_bowl,Integer,0,,Recommended,"bowl","0; 1; 2",,"","ID0903",""
mcg_vc9_box,Integer,0,,Recommended,"box","0; 1; 2",,"","ID0904",""
mcg_vc9_brm,Integer,0,,Recommended,"broom","0; 1; 2",,"","ID0905",""
mcg_vc9_brsh,Integer,0,,Recommended,"brush","0; 1; 2",,"","ID0906",""
mcg_vc9_clck,Integer,0,,Recommended,"clock","0; 1; 2",,"","ID0907",""
mcg_vc9_comb,Integer,0,,Recommended,"comb","0; 1; 2",,"","ID0908",""
mcg_vc9_cup,Integer,0,,Recommended,"cup","0; 1; 2",,"","ID0909",""
mcg_vc9_dish,Integer,0,,Recommended,"dish","0; 1; 2",,"","ID0910",""
mcg_vc9_fork,Integer,0,,Recommended,"fork","0; 1; 2",,"","ID0911",""
mcg_vc9_glss,Integer,0,,Recommended,"glass","0; 1; 2",,"","ID0912",""
mcg_vc9_glsss,Integer,0,,Recommended,"glasses","0; 1; 2",,"","ID0913",""
mcg_vc9_hammr,Integer,0,,Recommended,"hammer","0; 1; 2",,"","ID0914",""
mcg_vc9_key,Integer,0,,Recommended,"keys","0; 1; 2",,"","ID0915",""
mcg_vc9_lamp,Integer,0,,Recommended,"lamp","0; 1; 2",,"","ID0916",""
mcg_vc9_lght,Integer,0,,Recommended,"light","0; 1; 2",,"","ID0917",""
mcg_vc9_mdcn,Integer,0,,Recommended,"medicine","0; 1; 2",,"","ID0918",""
mcg_vc9_mney,Integer,0,,Recommended,"money","0; 1; 2",,"","ID0919",""
mcg_vc9_ppr,Integer,0,,Recommended,"paper","0; 1; 2",,"","ID0920",""
mcg_vc9_pnny,Integer,0,,Recommended,"penny","0; 1; 2",,"","ID0921",""
mcg_vc9_pctr,Integer,0,,Recommended,"picture","0; 1; 2",,"","ID0922",""
mcg_vc9_pllw,Integer,0,,Recommended,"pillow","0; 1; 2",,"","ID0923",""
mcg_vc9_plant,Integer,0,,Recommended,"plant","0; 1; 2",,"","ID0924",""
mcg_vc9_plate,Integer,0,,Recommended,"plate","0; 1; 2",,"","ID0925",""
mcg_vc9_purse,Integer,0,,Recommended,"purse","0; 1; 2",,"","ID0926",""
mcg_vc9_radio,Integer,0,,Recommended,"radio","0; 1; 2",,"","ID0927",""
mcg_vc9_scssr,Integer,0,,Recommended,"scissors","0; 1; 2",,"","ID0928",""
mcg_vc9_soap,Integer,0,,Recommended,"soap","0; 1; 2",,"","ID0929",""
mcg_vc9_spn,Integer,0,,Recommended,"spoon","0; 1; 2",,"","ID0930",""
mcg_vc9_tphn,Integer,0,,Recommended,"telephone","0; 1; 2",,"","ID0931",""
mcg_vc9_tbrsh,Integer,0,,Recommended,"toothbrush","0; 1; 2",,"","ID0932",""
mcg_vc9_twl,Integer,0,,Recommended,"towl","0; 1; 2",,"","ID0933",""
mcg_vc9_trsh,Integer,0,,Recommended,"trash","0; 1; 2",,"","ID0934",""
mcg_vc9_vccm,Integer,0,,Recommended,"vacuum","0; 1; 2",,"","ID0935",""
mcg_vc9_watch,Integer,0,,Recommended,"watch","0; 1; 2",,"","ID0936",""
mcg_vc10_bkyr,Integer,0,,Recommended,"backyard","0; 1; 2",,"","ID1001",""
mcg_vc10_beach,Integer,0,,Recommended,"beach","0; 1; 2",,"","ID1002",""
mcg_vc10_church,Integer,0,,Recommended,"church","0; 1; 2",,"","ID1003",""
mcg_vc10_flwr,Integer,0,,Recommended,"flower","0; 1; 2",,"","ID1004",""
mcg_vc10_grdn,Integer,0,,Recommended,"garden","0; 1; 2",,"","ID1005",""
mcg_vc10_home,Integer,0,,Recommended,"home","0; 1; 2",,"","ID1006",""
mcg_vc10_house,Integer,0,,Recommended,"MacArthur Words and Gestures: Vocabulary Checklist: House","",,"","ID1007",""
mcg_vc10_moon,Integer,0,,Recommended,"moon","0; 1; 2",,"","ID1008",""
mcg_vc10_outsd,Integer,0,,Recommended,"outside","0; 1; 2",,"","ID1009",""
mcg_vc10_park,Integer,0,,Recommended,"park","0; 1; 2",,"","ID1010",""
mcg_vc10_party,Integer,0,,Recommended,"party","0; 1; 2",,"","ID1011",""
mcg_vc10_pool,Integer,0,,Recommended,"pool","0; 1; 2",,"","ID1012",""
mcg_vc10_rain,Integer,0,,Recommended,"rain","0; 1; 2",,"","ID1013",""
mcg_vc10_rock,Integer,0,,Recommended,"rock","0; 1; 2",,"","ID1014",""
mcg_vc10_schl,Integer,0,,Recommended,"school","0; 1; 2",,"","ID1015",""
mcg_vc10_shvl,Integer,0,,Recommended,"shovel","0; 1; 2",,"","ID1016",""
mcg_vc10_sky,Integer,0,,Recommended,"sky","0; 1; 2",,"","ID1017",""
mcg_vc10_slide,Integer,0,,Recommended,"slide","0; 1; 2",,"","ID1018",""
mcg_vc10_snow,Integer,0,,Recommended,"snow","0; 1; 2",,"","ID1019",""
mcg_vc10_star,Integer,0,,Recommended,"star","0; 1; 2",,"","ID1020",""
mcg_vc10_store,Integer,0,,Recommended,"store","0; 1; 2",,"","ID1021",""
mcg_vc10_sun,Integer,0,,Recommended,"sun","0; 1; 2",,"","ID1022",""
mcg_vc10_swing,Integer,0,,Recommended,"swing","0; 1; 2",,"","ID1023",""
mcg_vc10_tree,Integer,0,,Recommended,"tree","0; 1; 2",,"","ID1024",""
mcg_vc10_water,Integer,0,,Recommended,"water","0; 1; 2",,"","ID1025",""
mcg_vc10_work,Integer,0,,Recommended,"work","0; 1; 2",,"","ID1026",""
mcg_vc10_zoo,Integer,0,,Recommended,"zoo","0; 1; 2",,"","ID1027",""
mcg_vc11_aunt,Integer,0,,Recommended,"aunt","0; 1; 2",,"","ID1101",""
mcg_vc11_baby,Integer,0,,Recommended,"baby","0; 1; 2",,"","ID1102",""
mcg_vc11_bbys,Integer,0,,Recommended,"babysitter","0; 1; 2",,"","ID1103",""
mcg_vc11_bsnm,Integer,0,,Recommended,"babysitter's name","0; 1; 2",,"","ID1104",""
mcg_vc11_boy,Integer,0,,Recommended,"boy","0; 1; 2",,"","ID1105",""
mcg_vc11_brthr,Integer,0,,Recommended,"brother","0; 1; 2",,"","ID1106",""
mcg_vc11_child,Integer,0,,Recommended,"child","0; 1; 2",,"","ID1107",""
mcg_vc11_dad,Integer,0,,Recommended,"daddy","0; 1; 2",,"","ID1108",""
mcg_vc11_girl,Integer,0,,Recommended,"girl","0; 1; 2",,"","ID1109",""
mcg_vc11_gma,Integer,0,,Recommended,"grandma","0; 1; 2",,"","ID1110",""
mcg_vc11_gpa,Integer,0,,Recommended,"grandpa","0; 1; 2",,"","ID1111",""
mcg_vc11_lady,Integer,0,,Recommended,"lady","0; 1; 2",,"","ID1112",""
mcg_vc11_man,Integer,0,,Recommended,"man","0; 1; 2",,"","ID1113",""
mcg_vc11_mom,Integer,0,,Recommended,"mommy","0; 1; 2",,"","ID1114",""
mcg_vc11_name,Integer,0,,Recommended,"child's own name","0; 1; 2",,"","ID1115",""
mcg_vc11_pple,Integer,0,,Recommended,"people","0; 1; 2",,"","ID1116",""
mcg_vc11_persn,Integer,0,,Recommended,"person","0; 1; 2",,"","ID1117",""
mcg_vc11_sister,Integer,0,,Recommended,"sister","0; 1; 2",,"","ID1118",""
mcg_vc11_tchr,Integer,0,,Recommended,"teacher","0; 1; 2",,"","ID1119",""
mcg_vc11_uncle,Integer,0,,Recommended,"uncle","0; 1; 2",,"","ID1120",""
mcg_vc12_bath,Integer,0,,Recommended,"bath","0; 1; 2",,"","ID1201",""
mcg_vc12_bkft,Integer,0,,Recommended,"breakfast","0; 1; 2",,"","ID1202",""
mcg_vc12_bye,Integer,0,,Recommended,"bye or bye bye","0; 1; 2",,"","ID1203",""
mcg_vc12_dnnr,Integer,0,,Recommended,"dinner","0; 1; 2",,"","ID1204",""
mcg_vc12_dont,Integer,0,,Recommended,"don't","0; 1; 2",,"","ID1205",""
mcg_vc12_hello,Integer,0,,Recommended,"hello","0; 1; 2",,"","ID1206",""
mcg_vc12_hi,Integer,0,,Recommended,"hi","0; 1; 2",,"","ID1207",""
mcg_vc12_lunch,Integer,0,,Recommended,"lunch","0; 1; 2",,"","ID1208",""
mcg_vc12_nap,Integer,0,,Recommended,"nap","0; 1; 2",,"","ID1209",""
mcg_vc12_night,Integer,0,,Recommended,"night night","0; 1; 2",,"","ID1210",""
mcg_vc12_no,Integer,0,,Recommended,"no","0; 1; 2",,"","ID1211",""
mcg_vc12_patty,Integer,0,,Recommended,"patty cake","0; 1; 2",,"","ID1212",""
mcg_vc12_peek,Integer,0,,Recommended,"peek-a-boo","0; 1; 2",,"","ID1213",""
mcg_vc12_plse,Integer,0,,Recommended,"please","0; 1; 2",,"","ID1214",""
mcg_vc12_shh,Integer,0,,Recommended,"shh/shush/hush","0; 1; 2",,"","ID1215",""
mcg_vc12_tkyou,Integer,0,,Recommended,"thank you","0; 1; 2",,"","ID1216",""
mcg_vc12_wait,Integer,0,,Recommended,"wait","0; 1; 2",,"","ID1217",""
mcg_vc12_want,Integer,0,,Recommended,"wanna/want to","0; 1; 2",,"","ID1218",""
mcg_vc12_yes,Integer,0,,Recommended,"yes","0; 1; 2",,"","ID1219",""
mcg_vc13_bite,Integer,0,,Recommended,"bite","0; 1; 2",,"","ID1301",""
mcg_vc13_blow,Integer,0,,Recommended,"blow","0; 1; 2",,"","ID1302",""
mcg_vc13_brk,Integer,0,,Recommended,"break","0; 1; 2",,"","ID1303",""
mcg_vc13_bring,Integer,0,,Recommended,"bring","0; 1; 2",,"","ID1304",""
mcg_vc13_bump,Integer,0,,Recommended,"bump","0; 1; 2",,"","ID1305",""
mcg_vc13_clean,Integer,0,,Recommended,"clean","0; 1; 2",,"","ID1306",""
mcg_vc13_close,Integer,0,,Recommended,"close","0; 1; 2",,"","ID1307",""
mcg_vc13_cry,Integer,0,,Recommended,"cry","0; 1; 2",,"","ID1308",""
mcg_vc13_dance,Integer,0,,Recommended,"dance","0; 1; 2",,"","ID1309",""
mcg_vc13_draw,Integer,0,,Recommended,"draw","0; 1; 2",,"","ID1310",""
mcg_vc13_drink,Integer,0,,Recommended,"drink","0; 1; 2",,"","ID1311",""
mcg_vc13_drive,Integer,0,,Recommended,"drive","0; 1; 2",,"","ID1312",""
mcg_vc13_eat,Integer,0,,Recommended,"eat","0; 1; 2",,"","ID1313",""
mcg_vc13_fall,Integer,0,,Recommended,"fall","0; 1; 2",,"","ID1314",""
mcg_vc13_feed,Integer,0,,Recommended,"feed","0; 1; 2",,"","ID1315",""
mcg_vc13_fnsh,Integer,0,,Recommended,"finish","0; 1; 2",,"","ID1316",""
mcg_vc13_get,Integer,0,,Recommended,"get","0; 1; 2",,"","ID1317",""
mcg_vc13_give,Integer,0,,Recommended,"give","0; 1; 2",,"","ID1318",""
mcg_vc13_go,Integer,0,,Recommended,"go","0; 1; 2",,"","ID1319",""
mcg_vc13_help,Integer,0,,Recommended,"help","0; 1; 2",,"","ID1320",""
mcg_vc13_hit,Integer,0,,Recommended,"hit","0; 1; 2",,"","ID1321",""
mcg_vc13_hug,Integer,0,,Recommended,"hug","0; 1; 2",,"","ID1322",""
mcg_vc13_hurry,Integer,0,,Recommended,"hurry","0; 1; 2",,"","ID1323",""
mcg_vc13_jump,Integer,0,,Recommended,"jump","0; 1; 2",,"","ID1324",""
mcg_vc13_kick,Integer,0,,Recommended,"kick","0; 1; 2",,"","ID1325",""
mcg_vc13_kiss,Integer,0,,Recommended,"kiss","0; 1; 2",,"","ID1326",""
mcg_vc13_look,Integer,0,,Recommended,"look","0; 1; 2",,"","ID1327",""
mcg_vc13_love,Integer,0,,Recommended,"love","0; 1; 2",,"","ID1328",""
mcg_vc13_open,Integer,0,,Recommended,"open","0; 1; 2",,"","ID1329",""
mcg_vc13_play,Integer,0,,Recommended,"play","0; 1; 2",,"","ID1330",""
mcg_vc13_pull,Integer,0,,Recommended,"pull","0; 1; 2",,"","ID1331",""
mcg_vc13_push,Integer,0,,Recommended,"push","0; 1; 2",,"","ID1332",""
mcg_vc13_put,Integer,0,,Recommended,"put","0; 1; 2",,"","ID1333",""
mcg_vc13_read,Integer,0,,Recommended,"read","0; 1; 2",,"","ID1334",""
mcg_vc13_ride,Integer,0,,Recommended,"ride","0; 1; 2",,"","ID1335",""
mcg_vc13_run,Integer,0,,Recommended,"run","0; 1; 2",,"","ID1336",""
mcg_vc13_say,Integer,0,,Recommended,"say","0; 1; 2",,"","ID1337",""
mcg_vc13_see,Integer,0,,Recommended,"see","0; 1; 2",,"","ID1338",""
mcg_vc13_show,Integer,0,,Recommended,"show","0; 1; 2",,"","ID1339",""
mcg_vc13_sing,Integer,0,,Recommended,"sing","0; 1; 2",,"","ID1340",""
mcg_vc13_sleep,Integer,0,,Recommended,"sleep","0; 1; 2",,"","ID1341",""
mcg_vc13_smile,Integer,0,,Recommended,"smile","0; 1; 2",,"","ID1342",""
mcg_vc13_splsh,Integer,0,,Recommended,"splash","0; 1; 2",,"","ID1343",""
mcg_vc13_stop,Integer,0,,Recommended,"stop","0; 1; 2",,"","ID1344",""
mcg_vc13_swim,Integer,0,,Recommended,"swim","0; 1; 2",,"","ID1345",""
mcg_vc13_swing,Integer,0,,Recommended,"swing","0; 1; 2",,"","ID1346",""
mcg_vc13_take,Integer,0,,Recommended,"take","0; 1; 2",,"","ID1347",""
mcg_vc13_tckle,Integer,0,,Recommended,"tickle","0; 1; 2",,"","ID1349",""
mcg_vc13_touch,Integer,0,,Recommended,"touch","0; 1; 2",,"","ID1350",""
mcg_vc13_watch,Integer,0,,Recommended,"watch","0; 1; 2",,"","ID1351",""
mcg_vc13_walk,Integer,0,,Recommended,"walk","0; 1; 2",,"","ID1352",""
mcg_vc13_wash,Integer,0,,Recommended,"wash","0; 1; 2",,"","ID1353",""
mcg_vc13_wipe,Integer,0,,Recommended,"wipe","0; 1; 2",,"","ID1354",""
mcg_vc13_write,Integer,0,,Recommended,"write","0; 1; 2",,"","ID1355",""
mcg_vc14_day,Integer,0,,Recommended,"day","0; 1; 2",,"","ID1401",""
mcg_vc14_later,Integer,0,,Recommended,"later","0; 1; 2",,"","ID1402",""
mcg_vc14_morn,Integer,0,,Recommended,"morning","0; 1; 2",,"","ID1403",""
mcg_vc14_night,Integer,0,,Recommended,"night","0; 1; 2",,"","ID1404",""
mcg_vc14_now,Integer,0,,Recommended,"now","0; 1; 2",,"","ID1405",""
mcg_vc14_today,Integer,0,,Recommended,"today","0; 1; 2",,"","ID1406",""
mcg_vc14_tomrr,Integer,0,,Recommended,"tomorrow","0; 1; 2",,"","ID1407",""
mcg_vc14_tnght,Integer,0,,Recommended,"tonight","0; 1; 2",,"","ID1408",""
mcg_vc15_allgn,Integer,0,,Recommended,"all gone","0; 1; 2",,"","ID1501",""
mcg_vc15_asleep,Integer,0,,Recommended,"asleep","0; 1; 2",,"","ID1502",""
mcg_vc15_bad,Integer,0,,Recommended,"bad","0; 1; 2",,"","ID1503",""
mcg_vc15_big,Integer,0,,Recommended,"big","0; 1; 2",,"","ID1504",""
mcg_vc15_blue,Integer,0,,Recommended,"blue","0; 1; 2",,"","ID1505",""
mcg_vc15_brkn,Integer,0,,Recommended,"broken","0; 1; 2",,"","ID1506",""
mcg_vc15_care,Integer,0,,Recommended,"careful","0; 1; 2",,"","ID1507",""
mcg_vc15_clean,Integer,0,,Recommended,"clean","0; 1; 2",,"","ID1508",""
mcg_vc15_cold,Integer,0,,Recommended,"cold","0; 1; 2",,"","ID1509",""
mcg_vc15_cute,Integer,0,,Recommended,"cute","0; 1; 2",,"","ID1510",""
mcg_vc15_dark,Integer,0,,Recommended,"dark","0; 1; 2",,"","ID1511",""
mcg_vc15_dirty,Integer,0,,Recommended,"dirty","0; 1; 2",,"","ID1512",""
mcg_vc15_dry,Integer,0,,Recommended,"dry","0; 1; 2",,"","ID1513",""
mcg_vc15_empty,Integer,0,,Recommended,"empty","0; 1; 2",,"","ID1514",""
mcg_vc15_fast,Integer,0,,Recommended,"fast","0; 1; 2",,"","ID1515",""
mcg_vc15_fine,Integer,0,,Recommended,"fine","0; 1; 2",,"","ID1516",""
mcg_vc15_gntle,Integer,0,,Recommended,"gentle","0; 1; 2",,"","ID1517",""
mcg_vc15_good,Integer,0,,Recommended,"good","0; 1; 2",,"","ID1518",""
mcg_vc15_happy,Integer,0,,Recommended,"happy","0; 1; 2",,"","ID1519",""
mcg_vc15_hard,Integer,0,,Recommended,"hard","0; 1; 2",,"","ID1520",""
mcg_vc15_hot,Integer,0,,Recommended,"hot","0; 1; 2",,"","ID1521",""
mcg_vc15_hungry,Integer,0,,Recommended,"hungry","0; 1; 2",,"","ID1522",""
mcg_vc15_hurt,Integer,0,,Recommended,"hurt","0; 1; 2",,"","ID1523",""
mcg_vc15_lttle,Integer,0,,Recommended,"little","0; 1; 2",,"","ID1524",""
mcg_vc15_nghty,Integer,0,,Recommended,"naughty","0; 1; 2",,"","ID1525",""
mcg_vc15_nice,Integer,0,,Recommended,"nice","0; 1; 2",,"","ID1526",""
mcg_vc15_old,Integer,0,,Recommended,"old","0; 1; 2",,"","ID1527",""
mcg_vc15_prtty,Integer,0,,Recommended,"pretty","0; 1; 2",,"","ID1528",""
mcg_vc15_red,Integer,0,,Recommended,"red","0; 1; 2",,"","ID1529",""
mcg_vc15_scared,Integer,0,,Recommended,"scared","0; 1; 2",,"","ID1530",""
mcg_vc15_sick,Integer,0,,Recommended,"sick","0; 1; 2",,"","ID1531",""
mcg_vc15_sleepy,Integer,0,,Recommended,"sleepy","0; 1; 2",,"","ID1532",""
mcg_vc15_soft,Integer,0,,Recommended,"soft","0; 1; 2",,"","ID1533",""
mcg_vc15_thirst,Integer,0,,Recommended,"thirsty","0; 1; 2",,"","ID1534",""
mcg_vc15_tired,Integer,0,,Recommended,"tired","0; 1; 2",,"","ID1535",""
mcg_vc15_wet,Integer,0,,Recommended,"wet","0; 1; 2",,"","ID1536",""
mcg_vc15_yuck,Integer,0,,Recommended,"yucky","0; 1; 2",,"","ID1537",""
mcg_vc16_his,Integer,0,,Recommended,"his","0; 1; 2",,"","ID1601",""
mcg_vc16_i,Integer,0,,Recommended,"I","0; 1; 2",,"","ID1601",""
mcg_vc16_her,Integer,0,,Recommended,"her","0; 1; 2",,"","ID1602",""
mcg_vc16_it,Integer,0,,Recommended,"it","0; 1; 2",,"","ID1604",""
mcg_vc16_me,Integer,0,,Recommended,"me","0; 1; 2",,"","ID1605",""
mcg_vc16_mine,Integer,0,,Recommended,"mine","0; 1; 2",,"","ID1606",""
mcg_vc16_my,Integer,0,,Recommended,"my","0; 1; 2",,"","ID1607",""
mcg_vc16_that,Integer,0,,Recommended,"that","0; 1; 2",,"","ID1608",""
mcg_vc16_this,Integer,0,,Recommended,"this","0; 1; 2",,"","ID1609",""
mcg_vc16_you,Integer,0,,Recommended,"you","0; 1; 2",,"","ID1610",""
mcg_vc16_your,Integer,0,,Recommended,"your","0; 1; 2",,"","ID1611",""
mcg_vc17_how,Integer,0,,Recommended,"how","0; 1; 2",,"","ID1701",""
mcg_vc17_what,Integer,0,,Recommended,"what","0; 1; 2",,"","ID1702",""
mcg_vc17_when,Integer,0,,Recommended,"when","0; 1; 2",,"","ID1703",""
mcg_vc17_where,Integer,0,,Recommended,"where","0; 1; 2",,"","ID1704",""
mcg_vc17_who,Integer,0,,Recommended,"who","0; 1; 2",,"","ID1705",""
mcg_vc17_why,Integer,0,,Recommended,"why","0; 1; 2",,"","ID1706",""
mcg_vc18_away,Integer,0,,Recommended,"away","0; 1; 2",,"","ID1801",""
mcg_vc18_back,Integer,0,,Recommended,"backyard","0; 1; 2",,"","ID1802",""
mcg_vc18_down,Integer,0,,Recommended,"down","0; 1; 2",,"","ID1803",""
mcg_vc18_in,Integer,0,,Recommended,"in","0; 1; 2",,"","ID1804",""
mcg_vc18_inside,Integer,0,,Recommended,"inside","0; 1; 2",,"","ID1805",""
mcg_vc18_off,Integer,0,,Recommended,"off","0; 1; 2",,"","ID1806",""
mcg_vc18_on,Integer,0,,Recommended,"on","0; 1; 2",,"","ID1807",""
mcg_vc18_out,Integer,0,,Recommended,"out","0; 1; 2",,"","ID1808",""
mcg_vc18_there,Integer,0,,Recommended,"there","0; 1; 2",,"","ID1809",""
mcg_vc18_under,Integer,0,,Recommended,"under","0; 1; 2",,"","ID1810",""
mcg_vc18_up,Integer,0,,Recommended,"up","0; 1; 2",,"","ID1811",""
mcg_vc19_all,Integer,0,,Recommended,"all","0; 1; 2",,"","ID1901",""
mcg_vc19_anoth,Integer,0,,Recommended,"another","0; 1; 2",,"","ID1902",""
mcg_vc19_more,Integer,0,,Recommended,"more","0; 1; 2",,"","ID1903",""
mcg_vc19_none,Integer,0,,Recommended,"none","0; 1; 2",,"","ID1904",""
mcg_vc19_not,Integer,0,,Recommended,"not","0; 1; 2",,"","ID1905",""
mcg_vc19_other,Integer,0,,Recommended,"other","0; 1; 2",,"","ID1906",""
mcg_vc19_same,Integer,0,,Recommended,"same","0; 1; 2",,"","ID1907",""
mcg_vc19_some,Integer,0,,Recommended,"some","0; 1; 2",,"","ID1908",""
mcg_cg_arms,Integer,0,,Recommended,"Extends arm to show you something he/she is holding","0 ; 1; 2",,"","IIA01",""
mcg_cg_reach,Integer,0,,Recommended,"Reaches out and gives you a toy or some object that he/she is holding","0 ; 1; 2",,"","IIA02",""
mcg_cg_point,Integer,0,,Recommended,"Points (with arm and index finger extended) at some interesting object or event","0 ; 1; 2",,"","IIA03",""
mcg_cg_waves,Integer,0,,Recommended,"Waves bye-bye on his/her own when someone leaves","0 ; 1; 2",,"","IIA04",""
mcg_cg_extends,Integer,0,,Recommended,"Extends his/her arm upward to signal a wish to be picked up","0 ; 1; 2",,"","IIA05",""
mcg_cg_shakes,Integer,0,,Recommended,"Shakes head "no","0 ; 1; 2",,"","IIA06",""
mcg_cg_nods,Integer,0,,Recommended,"Nods head "yes","0 ; 1; 2",,"","IIA07",""
mcg_cg_hush,Integer,0,,Recommended,"Gestures "hush" by pacing finger to lips","0 ; 1; 2",,"","IIA08",""
mcg_cg_request,Integer,0,,Recommended,"Requests something by extending arm and opening and closing hand","0 ; 1; 2",,"","IIA09",""
mcg_cg_kiss,Integer,0,,Recommended,"Blows kisses from a distance","0 ; 1; 2",,"","IIA10",""
mcg_cg_lips,Integer,0,,Recommended,"Smacks lips in "yum yum" gesture to indicate that something taste good","0 ; 1; 2",,"","IIA11",""
mcg_cg_shrugs,Integer,0,,Recommended,"Shrugs to indicate "all gone" or "where'd it go","0 ; 1; 2",,"","IIA12",""
mcg_gr_peek,Integer,0,,Recommended,"Play peek-a-boo","0; 1",,"","IIB01",""
mcg_gr_patty,Integer,0,,Recommended,"Play patty cake","0; 1",,"","IIB02",""
mcg_gr_big,Integer,0,,Recommended,"Play "so big","0; 1",,"","IIB03",""
mcg_gr_chase,Integer,0,,Recommended,"Play chasing games","0; 1",,"","IIB04",""
mcg_gr_sing,Integer,0,,Recommended,"Sing","0; 1",,"","IIB05",""
mcg_gr_dance,Integer,0,,Recommended,"Dance","0; 1",,"","IIB06",""
mcg_ao_eat,Integer,0,,Recommended,"Eat with a spoon or fork","0; 1",,"","IIC01",""
mcg_ao_drink,Integer,0,,Recommended,"Drink from a cup containing liquid","0; 1",,"","IIC02",""
mcg_ao_comb,Integer,0,,Recommended,"Comb or brush own hair","0; 1",,"","IIC03",""
mcg_ao_brush,Integer,0,,Recommended,"Brush teeth","0; 1",,"","IIC04",""
mcg_ao_wipe,Integer,0,,Recommended,"Wipe face or hands with a towel or cloth","0; 1",,"","IIC05",""
mcg_ao_hat,Integer,0,,Recommended,"Put on hat","0; 1",,"","IIC06",""
mcg_ao_shoe,Integer,0,,Recommended,"Put on a shoe or sock","0; 1",,"","IIC07",""
mcg_ao_neck,Integer,0,,Recommended,"Put on a necklace, bracelet, or watch","0; 1",,"","IIC08",""
mcg_ao_head,Integer,0,,Recommended,"Lay head on hands and squeeze eyes shut as if sleeping","0; 1",,"","IIC09",""
mcg_ao_blow,Integer,0,,Recommended,"Blow to indicate something is hot","0; 1",,"","IIC10",""
mcg_ao_plane,Integer,0,,Recommended,"Hold plane and make it "fly","0; 1",,"","IIC11",""
mcg_ao_phone,Integer,0,,Recommended,"Put telephone to ear","0; 1",,"","IIC12",""
mcg_ao_sniff,Integer,0,,Recommended,"Sniff flowers","0; 1",,"","IIC13",""
mcg_ao_push,Integer,0,,Recommended,"Push toy car or truck","0; 1",,"","IIC14",""
mcg_ao_ball,Integer,0,,Recommended,"Throw a ball","0; 1",,"","IIC15",""
mcg_ao_pour,Integer,0,,Recommended,"Pour pretend liquid from one container to another","0; 1",,"","IIC16",""
mcg_ao_stir,Integer,0,,Recommended,"Stir pretend liquid in a cup or pan with a spoon","0; 1",,"","IIC17",""
mcg_pp_bed,Integer,0,,Recommended,"Put to bed","0; 1",,"","IID01",""
mcg_pp_cover,Integer,0,,Recommended,"Cover with blanket","0; 1",,"","IID02",""
mcg_pp_bottle,Integer,0,,Recommended,"Feed with bottle","0; 1",,"","IID03",""
mcg_pp_spoon,Integer,0,,Recommended,"Feed with spoon","0; 1",,"","IID04",""
mcg_pp_brush,Integer,0,,Recommended,"Brush/comb its hair","0; 1",,"","IID05",""
mcg_pp_pat,Integer,0,,Recommended,"Pat or burp it","0; 1",,"","IID06",""
mcg_pp_push,Integer,0,,Recommended,"Push in stroller/buggy","0; 1",,"","IID07",""
mcg_pp_rock,Integer,0,,Recommended,"Rock it","0; 1",,"","IID08",""
mcg_pp_kiss,Integer,0,,Recommended,"Kiss or hug it","0; 1",,"","IID09",""
mcg_pp_put,Integer,0,,Recommended,"Try to put show or sock or hat on it","0; 1",,"","IID10",""
mcg_pp_wipe,Integer,0,,Recommended,"Wipe its face or hands","0; 1",,"","IID11",""
mcg_pp_talk,Integer,0,,Recommended,"Talk to it","0; 1",,"","IID12",""
mcg_pp_diaper,Integer,0,,Recommended,"Try to put diaper on it","0; 1",,"","IID13",""
mcg_ia_sweep,Integer,0,,Recommended,"Sweep with broom or mop","0; 1",,"","IIE01",""
mcg_ia_key,Integer,0,,Recommended,"Put key in door or lock","0; 1",,"","IIE02",""
mcg_ia_hammer,Integer,0,,Recommended,"Pound with hammer or mallet","0; 1",,"","IIE03",""
mcg_ia_saw,Integer,0,,Recommended,"Attempt to use saw","0; 1",,"","IIE04",""
mcg_ia_type,Integer,0,,Recommended,"Type at a typewriter or computer keyboard","0; 1",,"","IIE05",""
mcg_ia_read,Integer,0,,Recommended,"Read (opens book, turns page)","0; 1",,"","IIE06",""
mcg_ia_vacm,Integer,0,,Recommended,"Vacuum","0; 1",,"","IIE07",""
mcg_ia_water,Integer,0,,Recommended,"Water plants","0; 1",,"","IIE08",""
mcg_ia_play,Integer,0,,Recommended,"Play musical instrument (e.g., piano, trumpet)","0; 1",,"","IIE09",""
mcg_ia_drive,Integer,0,,Recommended,"Drive car by turning steering wheel","0; 1",,"","IIE10",""
mcg_ia_wash,Integer,0,,Recommended,"Wash dishes","0; 1",,"","IIE11",""
mcg_ia_clean,Integer,0,,Recommended,"Clean with cloth or duster","0; 1",,"","IIE12",""
mcg_ia_write,Integer,0,,Recommended,"Write with pen, pencil, or marker","0; 1",,"","IIE13",""
mcg_ia_dig,Integer,0,,Recommended,"Dig with a shovel","0; 1",,"","IIE14",""
mcg_ia_glass,Integer,0,,Recommended,"Put on glasses","0; 1",,"","IIE15",""
mcg_vc13_throw,Integer,0,,Recommended,"throw","0; 1; 2",,"","",""
