ElementName,DataType,Size,Unit,Required,ElementDescription,ValueRange,Keywords,Notes,Section,Aliases
iannumpregnancies,Integer,4,,Recommended,"num_pregnancies, see IAN CodeBook for details.","",,"http://dashboard.ianexchange.org/DataExplorer.aspx?FDID=43#num_pregnancies","Section",""
iannummiscarriage,Integer,4,,Recommended,"num_miscarriage, see IAN CodeBook for details.","",,"http://dashboard.ianexchange.org/DataExplorer.aspx?FDID=43#num_miscarriage","Section",""
iannumlivebirth,Integer,4,,Recommended,"num_livebirth, see IAN CodeBook for details.","",,"http://dashboard.ianexchange.org/DataExplorer.aspx?FDID=43#num_livebirth","Section",""
iannumliving,Integer,4,,Recommended,"num_living, see IAN CodeBook for details.","",,"http://dashboard.ianexchange.org/DataExplorer.aspx?FDID=43#num_living","Section",""
iannumnotliving,Integer,4,,Recommended,"num_notliving, see IAN CodeBook for details.","",,"http://dashboard.ianexchange.org/DataExplorer.aspx?FDID=43#num_notliving","Section",""
ianfragilexcarrier,Integer,2,,Recommended,"fragile_x_carrier, see IAN CodeBook for details.","",,"http://dashboard.ianexchange.org/DataExplorer.aspx?FDID=43#fragile_x_carrier","Section",""
ianianresearchid,String,10,,Recommended,"IAN_Research_id, see IAN CodeBook for details.","",,"http://dashboard.ianexchange.org/DataExplorer.aspx?FDID=101#IAN_Research_id","Section",""
ianrecordnumber,Integer,0,,Recommended,"record_number, see IAN CodeBook for details.","",,"http://dashboard.ianexchange.org/DataExplorer.aspx?FDID=101#record_number","Section",""
iandonotdelete,Float,0,,Recommended,"DO_NOT_DELETE, see IAN CodeBook for details.","",,"http://dashboard.ianexchange.org/DataExplorer.aspx?FDID=101#DO_NOT_DELETE","Section",""
ianformcompleted,Integer,0,,Recommended,"form_completed, see IAN CodeBook for details.","",,"http://dashboard.ianexchange.org/DataExplorer.aspx?FDID=101#form_completed","Section",""
ianscientificversion,String,20,,Recommended,"scientific_version, see IAN CodeBook for details.","",,"http://dashboard.ianexchange.org/DataExplorer.aspx?FDID=101#scientific_version","Section",""
ianageinyears,Float,0,,Recommended,"age_in_years, see IAN CodeBook for details.","",,"http://dashboard.ianexchange.org/DataExplorer.aspx?FDID=101#age_in_years","Section",""
ianyearofassessment,Integer,0,,Recommended,"year_of_assessment, see IAN CodeBook for details.","",,"http://dashboard.ianexchange.org/DataExplorer.aspx?FDID=101#year_of_assessment","Section",""
ianinformantid,String,10,,Recommended,"informant_id, see IAN CodeBook for details.","",,"http://dashboard.ianexchange.org/DataExplorer.aspx?FDID=101#informant_id","Section",""
ianeducationlevel,Integer,2,,Recommended,"education_level, see IAN CodeBook for details.","",,"http://dashboard.ianexchange.org/DataExplorer.aspx?FDID=45#education_level","Section",""
ianreqlearningdisability,Integer,2,,Recommended,"req_learning_disability, see IAN CodeBook for details.","",,"http://dashboard.ianexchange.org/DataExplorer.aspx?FDID=45#req_learning_disability","Section",""
ianlanguagedelaydx,Integer,2,,Recommended,"language_delay_Dx, see IAN CodeBook for details.","",,"http://dashboard.ianexchange.org/DataExplorer.aspx?FDID=45#language_delay_Dx","Section",""
ianreqspeechtherapy,Integer,2,,Recommended,"req_speech_therapy, see IAN CodeBook for details.","",,"http://dashboard.ianexchange.org/DataExplorer.aspx?FDID=45#req_speech_therapy","Section",""
ianreqspecedu,Integer,2,,Recommended,"req_spec_edu, see IAN CodeBook for details.","",,"http://dashboard.ianexchange.org/DataExplorer.aspx?FDID=45#req_spec_edu","Section",""
iantuberoussclerosisdx,Integer,2,,Recommended,"Tuberous_Sclerosis_dx, see IAN CodeBook for details.","",,"http://dashboard.ianexchange.org/DataExplorer.aspx?FDID=47#Tuberous_Sclerosis_dx","Section",""
ianseizuresepilepsydx,Integer,2,,Recommended,"Seizures_Epilepsy_dx, see IAN CodeBook for details.","",,"http://dashboard.ianexchange.org/DataExplorer.aspx?FDID=47#Seizures_Epilepsy_dx","Section",""
ianmentalretardation,Integer,2,,Recommended,"Mental_Retardation, see IAN CodeBook for details.","",,"http://dashboard.ianexchange.org/DataExplorer.aspx?FDID=45#Mental_Retardation","Section",""
iandepressiondx,Integer,2,,Recommended,"Depression_dx, see IAN CodeBook for details.","",,"http://dashboard.ianexchange.org/DataExplorer.aspx?FDID=47#Depression_dx","Section",""
ianbipolardisorder,Integer,2,,Recommended,"Bipolar_Disorder, see IAN CodeBook for details.","",,"http://dashboard.ianexchange.org/DataExplorer.aspx?FDID=47#Bipolar_Disorder","Section",""
ianadhddx,Integer,2,,Recommended,"ADHD_dx, see IAN CodeBook for details.","",,"http://dashboard.ianexchange.org/DataExplorer.aspx?FDID=47#ADHD_dx","Section",""
iananxietydisorder,Integer,2,,Recommended,"Anxiety_Disorder, see IAN CodeBook for details.","",,"http://dashboard.ianexchange.org/DataExplorer.aspx?FDID=47#Anxiety_Disorder","Section",""
ianschizophrenia,Integer,2,,Recommended,"Schizophrenia, see IAN CodeBook for details.","",,"http://dashboard.ianexchange.org/DataExplorer.aspx?FDID=47#Schizophrenia","Section",""
ianhashimotosthyroiditisdx,Integer,2,,Recommended,"Hashimotos_Thyroiditis_dx, see IAN CodeBook for details.","",,"http://dashboard.ianexchange.org/DataExplorer.aspx?FDID=45#Hashimotos_Thyroiditis_dx","Section",""
iangravesdiseasedx,Integer,2,,Recommended,"Graves_Disease_dx, see IAN CodeBook for details.","",,"http://dashboard.ianexchange.org/DataExplorer.aspx?FDID=45#Graves_Disease_dx","Section",""
ianlupusdx,Integer,2,,Recommended,"Lupus_dx, see IAN CodeBook for details.","",,"http://dashboard.ianexchange.org/DataExplorer.aspx?FDID=45#Lupus_dx","Section",""
ianmultiplesclerosis,Integer,2,,Recommended,"Multiple_Sclerosis, see IAN CodeBook for details.","",,"http://dashboard.ianexchange.org/DataExplorer.aspx?FDID=45#Multiple_Sclerosis","Section",""
ianrheumatoidarthritis,Integer,2,,Recommended,"Rheumatoid_Arthritis, see IAN CodeBook for details.","",,"http://dashboard.ianexchange.org/DataExplorer.aspx?FDID=45#Rheumatoid_Arthritis","Section",""
iantype1diabetesdx,Integer,2,,Recommended,"type1_diabetes_dx, see IAN CodeBook for details.","",,"http://dashboard.ianexchange.org/DataExplorer.aspx?FDID=45#type1_diabetes_dx","Section",""
ianibddx,Integer,2,,Recommended,"ibd_dx, see IAN CodeBook for details.","",,"http://dashboard.ianexchange.org/DataExplorer.aspx?FDID=45#ibd_dx","Section",""
iananyresearch,Integer,2,,Recommended,"any_research, see IAN CodeBook for details.","",,"http://dashboard.ianexchange.org/DataExplorer.aspx?FDID=45#any_research","Section",""
ianasdresearch,Integer,2,,Recommended,"ASD_research, see IAN CodeBook for details.","",,"http://dashboard.ianexchange.org/DataExplorer.aspx?FDID=45#ASD_research","Section",""
ianhowhearian1,Integer,4,,Recommended,"how_hear_IAN_1, see IAN CodeBook for details.","",,"http://dashboard.ianexchange.org/DataExplorer.aspx?FDID=45#how_hear_IAN","Section",""
ianhowhearian2,Integer,4,,Recommended,"how_hear_IAN_2, see IAN CodeBook for details.","",,"http://dashboard.ianexchange.org/DataExplorer.aspx?FDID=45#how_hear_IAN","Section",""
ianhowhearian3,Integer,4,,Recommended,"how_hear_IAN_3, see IAN CodeBook for details.","",,"http://dashboard.ianexchange.org/DataExplorer.aspx?FDID=45#how_hear_IAN","Section",""
ianhowhearian4,Integer,4,,Recommended,"how_hear_IAN_4, see IAN CodeBook for details.","",,"http://dashboard.ianexchange.org/DataExplorer.aspx?FDID=45#how_hear_IAN","Section",""
ianhowhearian5,Integer,4,,Recommended,"how_hear_IAN_5, see IAN CodeBook for details.","",,"http://dashboard.ianexchange.org/DataExplorer.aspx?FDID=45#how_hear_IAN","Section",""
ianhowhearian6,Integer,4,,Recommended,"how_hear_IAN_6, see IAN CodeBook for details.","",,"http://dashboard.ianexchange.org/DataExplorer.aspx?FDID=45#how_hear_IAN","Section",""
ianhowhearian13,Integer,4,,Recommended,"how_hear_IAN_13, see IAN CodeBook for details.","",,"http://dashboard.ianexchange.org/DataExplorer.aspx?FDID=45#how_hear_IAN","Section",""
ianhowhearian14,Integer,4,,Recommended,"how_hear_IAN_14, see IAN CodeBook for details.","",,"http://dashboard.ianexchange.org/DataExplorer.aspx?FDID=45#how_hear_IAN","Section",""
ianhowhearianother,Integer,4,,Recommended,"how_hear_IAN_other, see IAN CodeBook for details.","",,"http://dashboard.ianexchange.org/DataExplorer.aspx?FDID=45#how_hear_IAN","Section",""
ianhowhearian7,Integer,4,,Recommended,"how_hear_IAN_7, see IAN CodeBook for details.","",,"http://dashboard.ianexchange.org/DataExplorer.aspx?FDID=45#how_hear_IAN","Section",""
ianhowhearian8,Integer,4,,Recommended,"how_hear_IAN_8, see IAN CodeBook for details.","",,"http://dashboard.ianexchange.org/DataExplorer.aspx?FDID=45#how_hear_IAN","Section",""
ianhowhearian9,Integer,4,,Recommended,"how_hear_IAN_9, see IAN CodeBook for details.","",,"http://dashboard.ianexchange.org/DataExplorer.aspx?FDID=45#how_hear_IAN","Section",""
ianhowhearian10,Integer,4,,Recommended,"how_hear_IAN_10, see IAN CodeBook for details.","",,"http://dashboard.ianexchange.org/DataExplorer.aspx?FDID=45#how_hear_IAN","Section",""
ianhowhearian11,Integer,4,,Recommended,"how_hear_IAN_11, see IAN CodeBook for details.","",,"http://dashboard.ianexchange.org/DataExplorer.aspx?FDID=45#how_hear_IAN","Section",""
ianhowhearian12,Integer,4,,Recommended,"how_hear_IAN_12, see IAN CodeBook for details.","",,"http://dashboard.ianexchange.org/DataExplorer.aspx?FDID=45#how_hear_IAN","Section",""
subjectkey,GUID,0,,Required,"The NDAR Global Unique Identifier (GUID) for subjects which identifies a subject in NDAR","NDAR*",,"","",""
