ElementName,DataType,Size,Unit,Required,ElementDescription,ValueRange,Keywords,Notes,Section,Aliases
subjectkey,GUID,0,,Required,"","NDAR*",,"","Header","GUIDID,NDAR_guid,GUID"
src_subject_id,String,20,,Required,"","",,"","Header","SubjectID,Mullen_SEL_SRC_Subject_ID,sub_id"
interview_date,Date,0,,Required,"","MM/yyyy;MM/dd/yyyy",,"* '01/01/1900' indicates that a date associated with retrospective data is not known.","Header","Mullen_DOI,mu_date,Mullen_SEL_interview_date,VISITDT,Date_taken"
interview_age,Integer,0,,Required,"","0 to 1200",,"Age is rounded to chronological month If the research participant is 13 days old at time of interview  the appropriate value would be 0 months if the participant is 19 days old the value would be 1 month","Header","Subject_Age_in_Months,Mullen_SEL_interview_age,age_mos"
interview_chrono_age,Integer,0,,Recommended,"","0 to 1200",,"","Header","Mullen_SEL_interview_chrono_age"
interview_adj_age,Integer,0,,Recommended,"","0 to 1200",,"","Header","Mullen_SEL_interview_adj_age"
gender,String,50,,Required,"","M;F",,"","",""
comments_misc,String,255,,Optional,"","",,"","Header","other_comments,Mullen_SEL_comments_misc"
info_gest,String,50,,Recommended,"","",,"","Information","Mullen_SEL_info_gest"
info_birthwt,Float,0,,Recommended,"","",,"","Information","Mullen_SEL_info_birthwt"
info_apgar1,String,50,,Recommended,"","",,"","Information","Mullen_SEL_info_apgar1"
info_apgar5,String,50,,Recommended,"","",,"","Information","Mullen_SEL_info_apgar5"
info_visionprob,String,50,,Recommended,"","Yes;No",,"","Information","Mullen_SEL_info_visionprob"
info_hearprob,String,50,,Recommended,"","Yes;No",,"","Information","Mullen_SEL_info_hearprob"
info_phycharac,String,255,,Recommended,"","",,"","Information","Mullen_SEL_info_phycharac"
info_med,String,50,,Recommended,"","Yes;No",,"","Information","Mullen_SEL_info_med"
info_med_cmt,String,50,,Recommended,"","",,"","Information","Mullen_SEL_info_med_cmt"
info_refreason,String,255,,Recommended,"","",,"","Information","Mullen_SEL_info_refreason"
info_cmt,String,255,,Optional,"","",,"","Information","Mullen_SEL_info_cmt"
primary_language,String,255,,Recommended,"","",,"","Information","Mullen_SEL_primary_language"
scl1_held,Integer,0,,Recommended,"","1;0",,"","Scale 1: Gross Motor","Gross_Motor1,Mullen_SEL_scl1_held,gross_motor_1,mu_gm1"
scl1_headrotate,Integer,0,,Recommended,"","1;0",,"","Scale 1: Gross Motor","Gross_Motor2,gross_motor_2,mu_gm2,Mullen_SEL_scl1_headrotate"
scl1_movearm,Integer,0,,Recommended,"","1;0",,"","Scale 1: Gross Motor","Gross_Motor3,Mullen_SEL_scl1_movearm,gross_motor_3,mu_gm3"
scl1_holdshead,Integer,0,,Recommended,"","1;0",,"","Scale 1: Gross Motor","Gross_Motor4,gross_motor_4,mu_gm4,Mullen_SEL_scl1_holdshead"
scl1_supforearm,Integer,0,,Recommended,"","1;0",,"","Scale 1: Gross Motor","Gross_Motor5,gross_motor_5,mu_gm5,Mullen_SEL_scl1_supforearm"
scl1_headsteady,Integer,0,,Recommended,"","1;0",,"","Scale 1: Gross Motor","Gross_Motor6,Mullen_SEL_scl1_headsteady,mu_gm6,gross_motor_6"
scl1_rollover,Integer,0,,Recommended,"","1;0",,"","Scale 1: Gross Motor","Gross_Motor7,Mullen_SEL_scl1_rollover,gross_motor_7,mu_gm7"
scl1_holdfinger,Integer,0,,Recommended,"","1;0",,"","Scale 1: Gross Motor","Gross_Motor8,Mullen_SEL_scl1_holdfinger,mu_gm8,gross_motor_8"
scl1_siftwt,Integer,0,,Recommended,"","1;0",,"","Scale 1: Gross Motor","Gross_Motor9,gross_motor_9,mu_gm9,Mullen_SEL_scl1_siftwt"
scl1_standhandheld,Integer,0,,Recommended,"","1;0",,"","Scale 1: Gross Motor","Gross_Motor10,gross_motor_10,mu_gm10,Mullen_SEL_scl1_standhandheld"
scl1_sit_armfree,Integer,0,,Recommended,"","1;0",,"","Scale 1: Gross Motor","Gross_Motor11,gross_motor_11,mu_gm11,Mullen_SEL_scl1_sit_armfree"
scl1_pullself,Integer,0,,Recommended,"","1;0",,"","Scale 1: Gross Motor","Gross_Motor12,Mullen_SEL_scl1_pullself,mu_gm12,gross_motor_12"
scl1_sitting,Integer,0,,Recommended,"","1;0",,"","Scale 1: Gross Motor","Gross_Motor13,mu_gm13,Mullen_SEL_scl1_sitting,gross_motor_13"
scl1_walkhandheld,Integer,0,,Recommended,"","1;0",,"","Scale 1: Gross Motor","Gross_Motor14,gross_motor_14,Mullen_SEL_scl1_walkhandheld,mu_gm14"
scl1_standalone,Integer,0,,Recommended,"","1;0",,"","Scale 1: Gross Motor","Gross_Motor15,gross_motor_15,Mullen_SEL_scl1_standalone,mu_gm15"
scl1_walkalone,Integer,0,,Recommended,"","1;0",,"","Scale 1: Gross Motor","Gross_Motor16,gross_motor_16,Mullen_SEL_scl1_walkalone,mu_gm16"
scl1_throwball,Integer,0,,Recommended,"","1;0",,"","Scale 1: Gross Motor","Gross_Motor17,Mullen_SEL_scl1_throwball,gross_motor_17,mu_gm17"
scl1_stnadbyroll,Integer,0,,Recommended,"","1;0",,"","Scale 1: Gross Motor","Gross_Motor18,Mullen_SEL_scl1_stnadbyroll,mu_gm18,gross_motor_18"
scl1_stand,Integer,0,,Recommended,"","1;0",,"","Scale 1: Gross Motor","Gross_Motor19,mu_gm19,Mullen_SEL_scl1_stand,gross_motor_19"
scl1_walkstairshelp,Integer,0,,Recommended,"","1;0",,"","Scale 1: Gross Motor","Gross_Motor20,Mullen_SEL_scl1_walkstairshelp,gross_motor_20,mu_gm20"
scl1_runstiff,Integer,0,,Recommended,"","1;0",,"","Scale 1: Gross Motor","Gross_Motor21,mu_gm21,gross_motor_21,Mullen_SEL_scl1_runstiff"
scl1_kickball,Integer,0,,Recommended,"","1;0",,"","Scale 1: Gross Motor","Gross_Motor22,mu_gm22,gross_motor_22,Mullen_SEL_scl1_kickball"
scl1_standonefoot,Integer,0,,Recommended,"","1;0",,"","Scale 1: Gross Motor","Gross_Motor23,mu_gm23,gross_motor_23,Mullen_SEL_scl1_standonefoot"
scl1_walksteps,Integer,0,,Recommended,"","1;0",,"","Scale 1: Gross Motor","Gross_Motor24,mu_gm24,gross_motor_24,Mullen_SEL_scl1_walksteps"
scl1_walkstairsself,Integer,0,,Recommended,"","1;0",,"","Scale 1: Gross Motor","Gross_Motor25,Mullen_SEL_scl1_walkstairsself,gross_motor_25,mu_gm25"
scl1_jumpbenchtot,Integer,0,,Recommended,"","2;1;0",,"","Scale 1: Gross Motor","Gross_Motor26,gross_motor_26,Mullen_SEL_scl1_jumpbenchtot,mu_gm26"
scl1_jumpinplace,Integer,0,,Recommended,"","1;0",,"","Scale 1: Gross Motor","Gross_Motor27,gross_motor_27,Mullen_SEL_scl1_jumpinplace,mu_gm27"
scl1_tiptoe,Integer,0,,Recommended,"","1;0",,"","Scale 1: Gross Motor","Gross_Motor28,gross_motor_28,Mullen_SEL_scl1_tiptoe,mu_gm28"
scl1_armbalance,Integer,0,,Recommended,"","1;0",,"","Scale 1: Gross Motor","Gross_Motor29,Mullen_SEL_scl1_armbalance,mu_gm29,gross_motor_29"
scl1_walkdownstairs,Integer,0,,Recommended,"","1;0",,"","Scale 1: Gross Motor","Gross_Motor30,Mullen_SEL_scl1_walkdownstairs,mu_gm30,gross_motor_30"
scl1_gettostand,Integer,0,,Recommended,"","1;0",,"","Scale 1: Gross Motor","Gross_Motor31,mu_gm31,Mullen_SEL_scl1_gettostand,gross_motor_31"
scl1_balanceonefoot,Integer,0,,Recommended,"","1;0",,"","Scale 1: Gross Motor","Gross_Motor32,mu_gm32,Mullen_SEL_scl1_balanceonefoot,gross_motor_32"
scl1_turncorner,Integer,0,,Recommended,"","1;0",,"","Scale 1: Gross Motor","Gross_Motor33,mu_gm33,Mullen_SEL_scl1_turncorner,gross_motor_33"
scl1_hoptwotimes,Integer,0,,Recommended,"","1;0",,"","Scale 1: Gross Motor","Gross_Motor34,mu_gm34,Mullen_SEL_scl1_hoptwotimes,gross_motor_34"
scl1_armatside,Integer,0,,Recommended,"","1;0",,"","Scale 1: Gross Motor","Gross_Motor35,mu_gm35,Mullen_SEL_scl1_armatside,gross_motor_35"
scl1_gm_raw_score,Integer,0,,Required,"","",,"","Scale 1: Gross Motor","mu_gm_raw,Mullen_SEL_scl1_gm_raw_score"
scl2_fixtotal,Integer,0,,Recommended,"","2;1;0",,"","Scale 2: Visual Reception","Visual_Reception1,visual_recept_1,Mullen_SEL_scl2_fixtotal,mu_vr1"
scl2_trackface,Integer,0,,Recommended,"","1;0",,"","Scale 2: Visual Reception","Visual_Reception2,visual_recept_2,Mullen_SEL_scl2_trackface,mu_vr2"
scl2_trackbulleye,Integer,0,,Recommended,"","1;0",,"","Scale 2: Visual Reception","Visual_Reception3,Mullen_SEL_scl2_trackbulleye,mu_vr3,visual_recept_3"
scl2_localaltballface,Integer,0,,Recommended,"","1;0",,"","Scale 2: Visual Reception","Visual_Reception4,visual_recept_4,mu_vr4,Mullen_SEL_scl2_localaltballface"
scl2_stareownhand,Integer,0,,Recommended,"","1;0",,"","Scale 2: Visual Reception","Visual_Reception5,mu_vr5,visual_recept_5,Mullen_SEL_scl2_stareownhand"
scl2_localbulleye,Integer,0,,Recommended,"","1;0",,"","Scale 2: Visual Reception","Visual_Reception6,visual_recept_6,mu_vr6,Mullen_SEL_scl2_localbulleye"
scl2_lookdropspoon,Integer,0,,Recommended,"","1;0",,"","Scale 2: Visual Reception","Visual_Reception7,Mullen_SEL_scl2_lookdropspoon,mu_vr7,visual_recept_7"
scl2_pullcord,Integer,0,,Recommended,"","1;0",,"","Scale 2: Visual Reception","Visual_Reception8,mu_vr8,Mullen_SEL_scl2_pullcord,visual_recept_8"
scl2_hiddenring_total,Integer,0,,Recommended,"","2;1;0",,"","Scale 2: Visual Reception","Visual_Reception9,mu_vr9,Mullen_SEL_scl2_hiddenring_total,visual_recept_9"
scl2_turncup_sideup,Integer,0,,Recommended,"","1;0",,"","Scale 2: Visual Reception","Visual_Reception10,mu_vr10,visual_recept_10,Mullen_SEL_scl2_turncup_sideup"
scl2_assoc_brush,String,50,,Recommended,"","Yes;No",,"","Scale 2: Visual Reception","Mullen_SEL_scl2_assoc_brush"
scl2_assoc_spoon,String,50,,Recommended,"","Yes;No",,"","Scale 2: Visual Reception","Mullen_SEL_scl2_assoc_spoon"
scl2_assoc_cup,String,50,,Recommended,"","Yes;No",,"","Scale 2: Visual Reception","Mullen_SEL_scl2_assoc_cup"
scl2_assoc_ball,String,50,,Recommended,"","Yes;No",,"","Scale 2: Visual Reception","Mullen_SEL_scl2_assoc_ball"
scl2_assoc_total,Integer,0,,Recommended,"","1;0",,"","Scale 2: Visual Reception","Visual_Reception11,mu_vr11,visual_recept_11,Mullen_SEL_scl2_assoc_total"
scl2_car_underwashcloth,Integer,0,,Recommended,"","1;0",,"","Scale 2: Visual Reception","Visual_Reception12,mu_vr12,Mullen_SEL_scl2_car_underwashcloth,visual_recept_12"
scl2_showinterest,Integer,0,,Recommended,"","1;0",,"","Scale 2: Visual Reception","Visual_Reception13,Mullen_SEL_scl2_showinterest,mu_vr13,visual_recept_13"
scl2_attnd_pic,Integer,0,,Recommended,"","1;0",,"","Scale 2: Visual Reception","Visual_Reception14,mu_vr14,visual_recept_14,Mullen_SEL_scl2_attnd_pic"
scl2_toy_covered,Integer,0,,Recommended,"","1;0",,"","Scale 2: Visual Reception","Visual_Reception15,mu_vr15,visual_recept_15,Mullen_SEL_scl2_toy_covered"
scl2_dicformtotal,Integer,0,,Recommended,"","4;3;2;1;0",,"","Scale 2: Visual Reception","Visual_Reception16,mu_vr16,Mullen_SEL_scl2_dicformtotal,visual_recept_16"
scl2_objwithname17a,Integer,0,,Recommended,"","3;2;1;0",,"","Scale 2: Visual Reception","Visual_Reception17,Mullen_SEL_scl2_objwithname17a,mu_vr17,visual_recept_17"
scl2_match_shoes,String,50,,Recommended,"","Yes;No",,"","Scale 2: Visual Reception","Mullen_SEL_scl2_match_shoes"
scl2_match_cars,String,50,,Recommended,"","Yes;No",,"","Scale 2: Visual Reception","Mullen_SEL_scl2_match_cars"
scl2_match_keys,String,50,,Recommended,"","Yes;No",,"","Scale 2: Visual Reception","Mullen_SEL_scl2_match_keys"
scl2_match_sticks,String,50,,Recommended,"","Yes;No",,"","Scale 2: Visual Reception","Mullen_SEL_scl2_match_sticks"
scl2_nestcup_three,String,50,,Recommended,"","2;1;0",,"","Scale 2: Visual Reception","Visual_Reception18,Mullen_SEL_scl2_nestcup_three,mu_vr18,visual_recept_18"
scl2_sort_spoonsblock,Integer,0,,Recommended,"","1;0",,"","Scale 2: Visual Reception","Visual_Reception19,Mullen_SEL_scl2_sort_spoonsblock,mu_vr19,visual_recept_19"
scl2_mtchshape_circle,String,50,,Recommended,"","Yes;No",,"","Scale 2: Visual Reception","Mullen_SEL_scl2_mtchshape_circle"
scl2_mtchshape_sq,String,50,,Recommended,"","Yes;No",,"","Scale 2: Visual Reception","Mullen_SEL_scl2_mtchshape_sq"
scl2_mtchshape_triangle,String,50,,Recommended,"","Yes;No",,"","Scale 2: Visual Reception","Mullen_SEL_scl2_mtchshape_triangle"
scl2_mtchshape_total,Integer,0,,Recommended,"","1;0",,"","Scale 2: Visual Reception","Visual_Reception20,Mullen_SEL_scl2_mtchshape_total,mu_vr20,visual_recept_20"
scl2_mtchpic_shoe,String,50,,Recommended,"","Yes;No",,"","Scale 2: Visual Reception","Mullen_SEL_scl2_mtchpic_shoe"
scl2_mtchpic_cup,String,50,,Recommended,"","Yes;No",,"","Scale 2: Visual Reception","Mullen_SEL_scl2_mtchpic_cup"
scl2_mtchpic_plane,String,50,,Recommended,"","Yes;No",,"","Scale 2: Visual Reception","Mullen_SEL_scl2_mtchpic_plane"
scl2_mtchpic_total,Integer,0,,Recommended,"","1;0",,"","Scale 2: Visual Reception","Visual_Reception21,mu_vr21,visual_recept_21,Mullen_SEL_scl2_mtchpic_total"
scl2_mtchsize_largered,String,50,,Recommended,"","Yes;No",,"","Scale 2: Visual Reception","Mullen_SEL_scl2_mtchsize_largered"
scl2_mtchsize_smallred,String,50,,Recommended,"","Yes;No",,"","Scale 2: Visual Reception","Mullen_SEL_scl2_mtchsize_smallred"
scl2_mtchsize_largeyellow,String,50,,Recommended,"","Yes;No",,"","Scale 2: Visual Reception","Mullen_SEL_scl2_mtchsize_largeyellow"
scl2_mtchsize_smallyellow,String,50,,Recommended,"","Yes;No",,"","Scale 2: Visual Reception","Mullen_SEL_scl2_mtchsize_smallyellow"
scl2_mtchsize_total,Integer,0,,Recommended,"","1;0",,"","Scale 2: Visual Reception","Visual_Reception22,mu_vr22,visual_recept_22,Mullen_SEL_scl2_mtchsize_total"
scl2_onepic_memory,Integer,0,,Recommended,"","1;0",,"","Scale 2: Visual Reception","Visual_Reception23,Mullen_SEL_scl2_onepic_memory,mu_vr23,visual_recept_23"
scl2_spadet1,Integer,0,,Recommended,"","1;0",,"","Scale 2: Visual Reception","Visual_Reception24,Mullen_SEL_scl2_spadet1,mu_vr24,visual_recept_24"
scl2_spadet21,String,50,,Recommended,"","Yes;No",,"","Scale 2: Visual Reception","Mullen_SEL_scl2_spadet21"
scl2_spadet22,String,50,,Recommended,"","Yes;No",,"","Scale 2: Visual Reception","Mullen_SEL_scl2_spadet22"
scl2_spadet23,String,50,,Recommended,"","Yes;No",,"","Scale 2: Visual Reception","Mullen_SEL_scl2_spadet23"
scl2_spadet24,String,50,,Recommended,"","Yes;No",,"","Scale 2: Visual Reception","Mullen_SEL_scl2_spadet24"
scl2_spadet2total,Integer,0,,Recommended,"","2;1;0",,"","Scale 2: Visual Reception","Visual_Reception25,mu_vr25,Mullen_SEL_scl2_spadet2total,visual_recept_25"
scl2_objmem_key,String,50,,Recommended,"","Yes;No",,"","Scale 2: Visual Reception","Mullen_SEL_scl2_objmem_key"
scl2_objmem_ball,String,50,,Recommended,"","Yes;No",,"","Scale 2: Visual Reception","Mullen_SEL_scl2_objmem_ball"
scl2_objmem_car,String,50,,Recommended,"","Yes;No",,"","Scale 2: Visual Reception","Mullen_SEL_scl2_objmem_car"
scl2_objmem_total,Integer,0,,Recommended,"","1;0",,"","Scale 2: Visual Reception","Visual_Reception26,mu_vr26,Mullen_SEL_scl2_objmem_total,visual_recept_26"
scl2_spapos1,String,50,,Recommended,"","Yes;No",,"","Scale 2: Visual Reception","Mullen_SEL_scl2_spapos1"
scl2_spapos2,String,50,,Recommended,"","Yes;No",,"","Scale 2: Visual Reception","Mullen_SEL_scl2_spapos2"
scl2_spapos3,String,50,,Recommended,"","Yes;No",,"","Scale 2: Visual Reception","Mullen_SEL_scl2_spapos3"
scl2_spapos4,String,50,,Recommended,"","Yes;No",,"","Scale 2: Visual Reception","Mullen_SEL_scl2_spapos4"
scl2_spapos_total,Integer,0,,Recommended,"","1;0",,"","Scale 2: Visual Reception","Visual_Reception27,Mullen_SEL_scl2_spapos_total,mu_vr27,visual_recept_27"
scl2_letmtchl,String,50,,Recommended,"","Yes;No",,"","Scale 2: Visual Reception","Mullen_SEL_scl2_letmtchl"
scl2_letmtchc,String,50,,Recommended,"","Yes;No",,"","Scale 2: Visual Reception","Mullen_SEL_scl2_letmtchc"
scl2_letmtchn,String,50,,Recommended,"","Yes;No",,"","Scale 2: Visual Reception","Mullen_SEL_scl2_letmtchn"
scl2_letmtchb,String,50,,Recommended,"","Yes;No",,"","Scale 2: Visual Reception","Mullen_SEL_scl2_letmtchb"
scl2_letmtchh,String,50,,Recommended,"","Yes;No",,"","Scale 2: Visual Reception","Mullen_SEL_scl2_letmtchh"
scl2_letmtchp,String,50,,Recommended,"","Yes;No",,"","Scale 2: Visual Reception","Mullen_SEL_scl2_letmtchp"
scl2_letmtch_tot,Integer,0,,Recommended,"","1;0",,"","Scale 2: Visual Reception","Visual_Reception28,Mullen_SEL_scl2_letmtch_tot,mu_vr28,visual_recept_28"
scl2_disc_bunny,String,50,,Recommended,"","Yes;No",,"","Scale 2: Visual Reception","Mullen_SEL_scl2_disc_bunny"
scl2_disc_hammer,String,50,,Recommended,"","Yes;No",,"","Scale 2: Visual Reception","Mullen_SEL_scl2_disc_hammer"
scl2_disc_child,String,50,,Recommended,"","Yes;No",,"","Scale 2: Visual Reception","Mullen_SEL_scl2_disc_child"
scl2_disc_wagon,String,50,,Recommended,"","Yes;No",,"","Scale 2: Visual Reception","Mullen_SEL_scl2_disc_wagon"
scl2_disc_total,Integer,0,,Recommended,"","4;3;2;1;0",,"","Scale 2: Visual Reception","Visual_Reception29,Mullen_SEL_scl2_disc_total,mu_vr29,visual_recept_29"
scl2_mtchwordb,String,50,,Recommended,"","Yes;No",,"","Scale 2: Visual Reception","Mullen_SEL_scl2_mtchwordb"
scl2_mtchwordt,String,50,,Recommended,"","Yes;No",,"","Scale 2: Visual Reception","Mullen_SEL_scl2_mtchwordt"
scl2_mtchwordd,String,50,,Recommended,"","Yes;No",,"","Scale 2: Visual Reception","Mullen_SEL_scl2_mtchwordd"
scl2_mtchwordn,String,50,,Recommended,"","Yes;No",,"","Scale 2: Visual Reception","Mullen_SEL_scl2_mtchwordn"
scl2_mtchwordrt,String,50,,Recommended,"","Yes;No",,"","Scale 2: Visual Reception","Mullen_SEL_scl2_mtchwordrt"
scl2_mtchwordbe,String,50,,Recommended,"","Yes;No",,"","Scale 2: Visual Reception","Mullen_SEL_scl2_mtchwordbe"
scl2_mtchwordbat,String,50,,Recommended,"","Yes;No",,"","Scale 2: Visual Reception","Mullen_SEL_scl2_mtchwordbat"
scl2_mtchwordcoat,String,50,,Recommended,"","Yes;No",,"","Scale 2: Visual Reception","Mullen_SEL_scl2_mtchwordcoat"
scl2_mtchwordwill,String,50,,Recommended,"","Yes;No",,"","Scale 2: Visual Reception","Mullen_SEL_scl2_mtchwordwill"
scl2_mtchwordtot,Integer,0,,Recommended,"","4;3;2;1;0",,"","Scale 2: Visual Reception","Visual_Reception30,mu_vr30,visual_recept_30,Mullen_SEL_scl2_mtchwordtot"
scl2_threepic_mem_key,String,50,,Recommended,"","Yes;No",,"","Scale 2: Visual Reception","Mullen_SEL_scl2_threepic_mem_key"
scl2_threepic_mem_book,String,50,,Recommended,"","Yes;No",,"","Scale 2: Visual Reception","Mullen_SEL_scl2_threepic_mem_book"
scl2_threepic_mem_chair,String,50,,Recommended,"","Yes;No",,"","Scale 2: Visual Reception","Mullen_SEL_scl2_threepic_mem_chair"
scl2_threepic_mem_tot,Integer,0,,Recommended,"","1;0",,"","Scale 2: Visual Reception","Visual_Reception31,mu_vr31,Mullen_SEL_scl2_threepic_mem_tot,visual_recept_31"
scl2_spadet31,String,50,,Recommended,"","Yes;No",,"","Scale 2: Visual Reception","Mullen_SEL_scl2_spadet31"
scl2_spadet32,String,50,,Recommended,"","Yes;No",,"","Scale 2: Visual Reception","Mullen_SEL_scl2_spadet32"
scl2_spadet33,String,50,,Recommended,"","Yes;No",,"","Scale 2: Visual Reception","Mullen_SEL_scl2_spadet33"
scl2_spadet34,String,50,,Recommended,"","Yes;No",,"","Scale 2: Visual Reception","Mullen_SEL_scl2_spadet34"
scl2_spadet35,String,50,,Recommended,"","Yes;No",,"","Scale 2: Visual Reception","Mullen_SEL_scl2_spadet35"
scl2_spadettot,Integer,0,,Recommended,"","2;1;0",,"","Scale 2: Visual Reception","Visual_Reception32,Mullen_SEL_scl2_spadettot,mu_vr32,visual_recept_32"
scl2_formmem1,String,50,,Recommended,"","Yes;No",,"","Scale 2: Visual Reception","Mullen_SEL_scl2_formmem1"
scl2_formmem2,String,50,,Recommended,"","Yes;No",,"","Scale 2: Visual Reception","Mullen_SEL_scl2_formmem2"
scl2_formmem3,String,50,,Recommended,"","Yes;No",,"","Scale 2: Visual Reception","Mullen_SEL_scl2_formmem3"
scl2_formmem4,String,50,,Recommended,"","Yes;No",,"","Scale 2: Visual Reception","Mullen_SEL_scl2_formmem4"
scl2_formmemtot,Integer,0,,Recommended,"","2;1;0",,"","Scale 2: Visual Reception","Visual_Reception33,Mullen_SEL_scl2_formmemtot,mu_vr33,visual_recept_33"
scl2_vs_raw_score,Integer,0,,Required,"","",,"","Scale 2: Visual Reception","Mullen_SEL_scl2_vs_raw_score,mu_vr_raw"
scl3_arm_flexed,Integer,0,,Recommended,"","1;0",,"","Scale 3. Fine Motor","Fine_Motor1,mu_fm1,Mullen_SEL_scl3_arm_flexed,fine_motor_1"
scl3_ring_reflex,Integer,0,,Recommended,"","1;0",,"","Scale 3. Fine Motor","Fine_Motor2,fine_motor_2,mu_fm2,Mullen_SEL_scl3_ring_reflex"
scl3_fist_mouth,Integer,0,,Recommended,"","1;0",,"","Scale 3. Fine Motor","Fine_Motor3,fine_motor_3,Mullen_SEL_scl3_fist_mouth,mu_fm3"
scl3_boim,Integer,0,,Recommended,"","1;0",,"","Scale 3. Fine Motor","Fine_Motor4,fine_motor_4,mu_fm4,Mullen_SEL_scl3_boim"
scl3_grasp_reflex,Integer,0,,Recommended,"","1;0",,"","Scale 3. Fine Motor","Fine_Motor5,fine_motor_5,mu_fm5,Mullen_SEL_scl3_grasp_reflex"
scl3_grasp_peg,Integer,0,,Recommended,"","1;0",,"","Scale 3. Fine Motor","Fine_Motor6,fine_motor_6,Mullen_SEL_scl3_grasp_peg,mu_fm6"
scl3_grasp_block,Integer,0,,Recommended,"","1;0",,"","Scale 3. Fine Motor","Fine_Motor7,Mullen_SEL_scl3_grasp_block,mu_fm7,fine_motor_7"
scl3_bangs,Integer,0,,Recommended,"","1;0",,"","Scale 3. Fine Motor","Fine_Motor8,mu_fm8,Mullen_SEL_scl3_bangs,fine_motor_8"
scl3_grasp_opp,Integer,0,,Recommended,"","1;0",,"","Scale 3. Fine Motor","Fine_Motor9,Mullen_SEL_scl3_grasp_opp,mu_fm9,fine_motor_9"
scl3_pincer_total,Integer,0,,Recommended,"","2;1;0",,"","Scale 3. Fine Motor","Fine_Motor10,Mullen_SEL_scl3_pincer_total,mu_fm10,fine_motor_10"
scl3_bang_midline,Integer,0,,Recommended,"","1;0",,"","Scale 3. Fine Motor","Fine_Motor11,mu_fm11,fine_motor_11,Mullen_SEL_scl3_bang_midline"
scl3_task3_total,Integer,0,,Recommended,"","3;2;1;0",,"","Scale 3. Fine Motor","Fine_Motor12,fine_motor_12,mu_fm12,Mullen_SEL_scl3_task3_total"
scl3_twohand_tgthr,Integer,0,,Recommended,"","1;0",,"","Scale 3. Fine Motor","Fine_Motor13,fine_motor_13,Mullen_SEL_scl3_twohand_tgthr,mu_fm13"
scl3_turnpages_several,Integer,0,,Recommended,"","2;1;0",,"","Scale 3. Fine Motor","Fine_Motor14,mu_fm14,Mullen_SEL_scl3_turnpages_several"
scl3_crayon_anydirn,Integer,0,,Recommended,"","0;1;2",,"","Scale 3. Fine Motor","Mullen_SEL_scl3_crayon_anydirn"
scl3_crayon_vertical,Integer,0,,Recommended,"","0;1",,"","Scale 3. Fine Motor","Mullen_SEL_scl3_crayon_vertical"
scl3_crayon_total,Integer,0,,Recommended,"","3;2;1;0",,"","Scale 3. Fine Motor","Fine_Motor15,fine_motor_15,mu_fm15,Mullen_SEL_scl3_crayon_total"
scl3_putpenny_horizontal,Integer,0,,Recommended,"","0;1",,"","Scale 3. Fine Motor","Mullen_SEL_scl3_putpenny_horizontal"
scl3_putpenny_vertical,Integer,0,,Recommended,"","0;1",,"","Scale 3. Fine Motor","Mullen_SEL_scl3_putpenny_vertical"
scl3_putpenny_total,Integer,0,,Recommended,"","2;1;0",,"","Scale 3. Fine Motor","Fine_Motor16,Mullen_SEL_scl3_putpenny_total,mu_fm16,fine_motor_16"
scl3_stackblock_total,Integer,0,,Recommended,"","3;2;1;0",,"","Scale 3. Fine Motor","Fine_Motor17,mu_fm17,Mullen_SEL_scl3_stackblock_total,fine_motor_17"
scl3_fourblock_total,Integer,0,,Recommended,"","2;1;0",,"","Scale 3. Fine Motor","Fine_Motor18,Mullen_SEL_scl3_fourblock_total,mu_fm18,fine_motor_18"
scl3_screw_nutbolt,Integer,0,,Recommended,"","1;0",,"","Scale 3. Fine Motor","Fine_Motor19,mu_fm19,fine_motor_19,Mullen_SEL_scl3_screw_nutbolt"
scl3_stringbead,Integer,0,,Recommended,"","1;0",,"","Scale 3. Fine Motor","Fine_Motor20,Mullen_SEL_scl3_stringbead,mu_fm20,fine_motor_20"
scl3_fourblockdrawer,Integer,0,,Recommended,"","1;0",,"","Scale 3. Fine Motor","Fine_Motor21,Mullen_SEL_scl3_fourblockdrawer,mu_fm21,fine_motor_21"
scl3_copy_circle,Integer,0,,Recommended,"","0;1",,"","Scale 3. Fine Motor","Mullen_SEL_scl3_copy_circle"
scl3_copy_circleline,Integer,0,,Recommended,"","0;1",,"","Scale 3. Fine Motor","Mullen_SEL_scl3_copy_circleline"
scl3_copy_total,Integer,0,,Recommended,"","2;1;0",,"","Scale 3. Fine Motor","Fine_Motor22,mu_fm22,Mullen_SEL_scl3_copy_total,fine_motor_22"
scl3_drawpath_example,String,50,,Recommended,"","Yes;No",,"","Scale 3. Fine Motor","Mullen_SEL_scl3_drawpath_example"
scl3_drawpath_fig1,String,50,,Recommended,"","Yes;No",,"","Scale 3. Fine Motor","Mullen_SEL_scl3_drawpath_fig1"
scl3_drawpath_fig2,String,50,,Recommended,"","Yes;No",,"","Scale 3. Fine Motor","Mullen_SEL_scl3_drawpath_fig2"
scl3_drawpath_fig3,String,50,,Recommended,"","Yes;No",,"","Scale 3. Fine Motor","Mullen_SEL_scl3_drawpath_fig3"
scl3_drawpath_fig_total,Integer,0,,Recommended,"","2;1;0",,"","Scale 3. Fine Motor","Fine_Motor23,fine_motor_23,Mullen_SEL_scl3_drawpath_fig_total,mu_fm23"
scl3_scissor_total,Integer,0,,Recommended,"","2;1;0",,"","Scale 3. Fine Motor","Fine_Motor24,fine_motor_24,mu_fm24,Mullen_SEL_scl3_scissor_total"
scl3_fold_paper,Integer,0,,Recommended,"","2;1;0",,"","Scale 3. Fine Motor","Fine_Motor25,fine_motor_25,Mullen_SEL_scl3_fold_paper,mu_fm25"
scl3_draw_circle,Integer,0,,Recommended,"","0;1",,"","Scale 3. Fine Motor","Mullen_SEL_scl3_draw_circle"
scl3_draw_square,Integer,0,,Recommended,"","0;1",,"","Scale 3. Fine Motor","Mullen_SEL_scl3_draw_square"
scl3_draw_diagonal,Integer,0,,Recommended,"","0;1",,"","Scale 3. Fine Motor","Mullen_SEL_scl3_draw_diagonal"
scl3_draw_total,Integer,0,,Recommended,"","3;2;1;0",,"","Scale 3. Fine Motor","Fine_Motor26,fine_motor_26,mu_fm26,Mullen_SEL_scl3_draw_total"
scl3_tocufinger1,Integer,0,,Recommended,"","1;0",,"","Scale 3. Fine Motor","Fine_Motor27,fine_motor_27,mu_fm27,Mullen_SEL_scl3_tocufinger1"
scl3_tocufinger2,Integer,0,,Recommended,"","1;0",,"","Scale 3. Fine Motor","Fine_Motor28,fine_motor_28,mu_fm28,Mullen_SEL_scl3_tocufinger2"
scl3_foldpaper_sq,Integer,0,,Recommended,"","1;0",,"","Scale 3. Fine Motor","Fine_Motor29,Mullen_SEL_scl3_foldpaper_sq,fine_motor_29,mu_fm29"
scl3_copyshape_cross,Integer,0,,Recommended,"","1;0",,"","Scale 3. Fine Motor","Mullen_SEL_scl3_copyshape_cross"
scl3_copyshape_sq,Integer,0,,Recommended,"","1;0",,"","Scale 3. Fine Motor","Mullen_SEL_scl3_copyshape_sq"
scl3_copyshape_led,Integer,0,,Recommended,"","1;0",,"","Scale 3. Fine Motor","Mullen_SEL_scl3_copyshape_led"
scl3_copyshape_tri,Integer,0,,Recommended,"","1;0",,"","Scale 3. Fine Motor","Mullen_SEL_scl3_copyshape_tri"
scl3_copyshape_letx,Integer,0,,Recommended,"","1;0",,"","Scale 3. Fine Motor","Mullen_SEL_scl3_copyshape_letX"
scl3_copyshape_total,Integer,0,,Recommended,"","5;4;3;2;1;0",,"","Scale 3. Fine Motor","Fine_Motor30,mu_fm30,Mullen_SEL_scl3_copyshape_total,fine_motor_30"
scl3_fm_raw_score,Integer,0,,Required,"","",,"","Scale 3. Fine Motor","mu_fm_raw,Mullen_SEL_scl3_fm_raw_score"
scl4_react_loud_noise,Integer,0,,Recommended,"","1;0",,"","Scale 4. Receptive Language","Receptive_Language1,mu_rl1,Mullen_SEL_scl4_react_loud_noise,receptive_lang_1"
scl4_alter_sound,Integer,0,,Recommended,"","1;0",,"","Scale 4. Receptive Language","Receptive_Language2,mu_rl2,receptive_lang_2,Mullen_SEL_scl4_alter_sound"
scl4_respn_smile,Integer,0,,Recommended,"","1;0",,"","Scale 4. Receptive Language","Receptive_Language3,receptive_lang_3,mu_rl3,Mullen_SEL_scl4_respn_smile"
scl4_coord_turn,Integer,0,,Recommended,"","1;0",,"","Scale 4. Receptive Language","Receptive_Language4,Mullen_SEL_scl4_coord_turn,receptive_lang_4,mu_rl4"
scl4_respn_vocal,Integer,0,,Recommended,"","1;0",,"","Scale 4. Receptive Language","Receptive_Language5,Mullen_SEL_scl4_respn_vocal,mu_rl5,receptive_lang_5"
scl4_coor_look,Integer,0,,Recommended,"","1;0",,"","Scale 4. Receptive Language","Receptive_Language6,Mullen_SEL_scl4_coor_look,mu_rl6,receptive_lang_6"
scl4_mirronenjoy_self,Integer,0,,Recommended,"","1;0",,"","Scale 4. Receptive Language","Receptive_Language7,receptive_lang_7,Mullen_SEL_scl4_mirronenjoy_self,mu_rl7"
scl4_attnd_word,Integer,0,,Recommended,"","1;0",,"","Scale 4. Receptive Language","Receptive_Language8,Mullen_SEL_scl4_attnd_word,receptive_lang_8,mu_rl8"
scl4_recog_names,Integer,0,,Recommended,"","1;0",,"","Scale 4. Receptive Language","Receptive_Language9,mu_rl9,receptive_lang_9,Mullen_SEL_scl4_recog_names"
scl4_recog_ownname,Integer,0,,Recommended,"","1;0",,"","Scale 4. Receptive Language","Receptive_Language10,receptive_lang_10,Mullen_SEL_scl4_recog_ownname,mu_rl10"
scl4_inhib_word,Integer,0,,Recommended,"","1;0",,"","Scale 4. Receptive Language","Receptive_Language11,receptive_lang_11,Mullen_SEL_scl4_inhib_word,mu_rl11"
scl4_verbal_input,Integer,0,,Recommended,"","1;0",,"","Scale 4. Receptive Language","Receptive_Language12,receptive_lang_12,mu_rl12,Mullen_SEL_scl4_verbal_input"
scl4_gest_cmmd,Integer,0,,Recommended,"","1;0",,"","Scale 4. Receptive Language","Receptive_Language13,receptive_lang_13,mu_rl13,Mullen_SEL_scl4_gest_cmmd"
scl4_identify_obj,Integer,0,,Recommended,"","1;0",,"","Scale 4. Receptive Language","Receptive_Language14,Mullen_SEL_scl4_identify_obj,receptive_lang_14,mu_rl14"
scl4_givetoy_req,Integer,0,,Recommended,"","1;0",,"","Scale 4. Receptive Language","Receptive_Language15,receptive_lang_15,Mullen_SEL_scl4_givetoy_req,mu_rl15"
scl4_ques1_chair,String,50,,Recommended,"","Yes;No",,"","Scale 4. Receptive Language","Mullen_SEL_scl4_ques1_chair"
scl4_ques1_door,String,50,,Recommended,"","Yes;No",,"","Scale 4. Receptive Language","Mullen_SEL_scl4_ques1_door"
scl4_ques1_total,Integer,0,,Recommended,"","1;0",,"","Scale 4. Receptive Language","Receptive_Language16,receptive_lang_16,Mullen_SEL_scl4_ques1_total,mu_rl16"
scl4_dirn_block,String,50,,Recommended,"","Yes;No",,"","Scale 4. Receptive Language","Mullen_SEL_scl4_dirn_block"
scl4_dirn_car,String,50,,Recommended,"","Yes;No",,"","Scale 4. Receptive Language","Mullen_SEL_scl4_dirn_car"
scl4_dirn_total,Integer,0,,Recommended,"","1;0",,"","Scale 4. Receptive Language","Receptive_Language17,receptive_lang_17,Mullen_SEL_scl4_dirn_total,mu_rl17"
scl4_bodypart_eye,String,50,,Recommended,"","Yes;No",,"","Scale 4. Receptive Language","Mullen_SEL_scl4_bodypart_eye"
scl4_bodypart_nose,String,50,,Recommended,"","Yes;No",,"","Scale 4. Receptive Language","Mullen_SEL_scl4_bodypart_nose"
scl4_bodypart_mouth,String,50,,Recommended,"","Yes;No",,"","Scale 4. Receptive Language","Mullen_SEL_scl4_bodypart_mouth"
scl4_bodypart_ears,String,50,,Recommended,"","Yes;No",,"","Scale 4. Receptive Language","Mullen_SEL_scl4_bodypart_ears"
scl4_bodypart_hand,String,50,,Recommended,"","Yes;No",,"","Scale 4. Receptive Language","Mullen_SEL_scl4_bodypart_hand"
scl4_bodypart_feet,String,50,,Recommended,"","Yes;No",,"","Scale 4. Receptive Language","Mullen_SEL_scl4_bodypart_feet"
scl4_bodypart_hair,String,50,,Recommended,"","Yes;No",,"","Scale 4. Receptive Language","Mullen_SEL_scl4_bodypart_hair"
scl4_bodypart,Integer,0,,Recommended,"","3;2;1;0",,"","Scale 4. Receptive Language","Receptive_Language18,mu_rl18,Mullen_SEL_scl4_bodypart,receptive_lang_18"
scl4_ques2_cat,String,50,,Recommended,"","Yes;No",,"","Scale 4. Receptive Language","Mullen_SEL_scl4_ques2_cat"
scl4_ques2_cup,String,50,,Recommended,"","Yes;No",,"","Scale 4. Receptive Language","Mullen_SEL_scl4_ques2_cup"
scl4_ques2_car,String,50,,Recommended,"","Yes;No",,"","Scale 4. Receptive Language","Mullen_SEL_scl4_ques2_car"
scl4_ques2_total,Integer,0,,Recommended,"","1;0",,"","Scale 4. Receptive Language","Receptive_Language19,mu_rl19,receptive_lang_19,Mullen_SEL_scl4_ques2_total"
scl4_cmds_ball,String,50,,Recommended,"","Yes;No",,"","Scale 4. Receptive Language","Mullen_SEL_scl4_cmds_ball"
scl4_cmds_box,String,50,,Recommended,"","Yes;No",,"","Scale 4. Receptive Language","Mullen_SEL_scl4_cmds_box"
scl4_cmds_total,Integer,0,,Recommended,"","1;0",,"","Scale 4. Receptive Language","Receptive_Language20,Mullen_SEL_scl4_cmds_total,receptive_lang_20,mu_rl20"
scl4_pic_car,String,50,,Recommended,"","Yes;No",,"","Scale 4. Receptive Language","Mullen_SEL_scl4_pic_car"
scl4_pic_ball,String,50,,Recommended,"","Yes;No",,"","Scale 4. Receptive Language","Mullen_SEL_scl4_pic_ball"
scl4_pic_shoe,String,50,,Recommended,"","Yes;No",,"","Scale 4. Receptive Language","Mullen_SEL_scl4_pic_shoe"
scl4_pic_doll,String,50,,Recommended,"","Yes;No",,"","Scale 4. Receptive Language","Mullen_SEL_scl4_pic_doll"
scl4_pic_total,Integer,0,,Recommended,"","1;0",,"","Scale 4. Receptive Language","Receptive_Language21,Mullen_SEL_scl4_pic_total,mu_rl21,receptive_lang_21"
scl4_aware_in,String,50,,Recommended,"","Yes;No",,"","Scale 4. Receptive Language","Mullen_SEL_scl4_aware_in"
scl4_aware_under,String,50,,Recommended,"","Yes;No",,"","Scale 4. Receptive Language","Mullen_SEL_scl4_aware_under"
scl4_aware_behind,String,50,,Recommended,"","Yes;No",,"","Scale 4. Receptive Language","Mullen_SEL_scl4_aware_behind"
scl4_aware_infront,String,50,,Recommended,"","Yes;No",,"","Scale 4. Receptive Language","Mullen_SEL_scl4_aware_infront"
scl4_aware_beside,String,50,,Recommended,"","Yes;No",,"","Scale 4. Receptive Language","Mullen_SEL_scl4_aware_beside"
scl4_aware,Integer,0,,Recommended,"","4;3;2;1;0",,"","Scale 4. Receptive Language","Receptive_Language22,Mullen_SEL_scl4_aware,mu_rl22,receptive_lang_22"
scl4_actionword_eat,String,50,,Recommended,"","Yes;No",,"","Scale 4. Receptive Language","Mullen_SEL_scl4_actionword_eat"
scl4_actionword_sleep,String,50,,Recommended,"","Yes;No",,"","Scale 4. Receptive Language","Mullen_SEL_scl4_actionword_sleep"
scl4_actionword_wash,String,50,,Recommended,"","Yes;No",,"","Scale 4. Receptive Language","Mullen_SEL_scl4_actionword_wash"
scl4_actionword_total,Integer,0,,Recommended,"","2;1;0",,"","Scale 4. Receptive Language","Receptive_Language23,mu_rl23,receptive_lang_23,Mullen_SEL_scl4_actionword_total"
scl4_objfunc_car,String,50,,Recommended,"","Yes;No",,"","Scale 4. Receptive Language","Mullen_SEL_scl4_objfunc_car"
scl4_objfunc_sci,String,50,,Recommended,"","Yes;No",,"","Scale 4. Receptive Language","Mullen_SEL_scl4_objfunc_sci"
scl4_objfunc_spoon,String,50,,Recommended,"","Yes;No",,"","Scale 4. Receptive Language","Mullen_SEL_scl4_objfunc_spoon"
scl4_objfunc_chair,String,50,,Recommended,"","Yes;No",,"","Scale 4. Receptive Language","Mullen_SEL_scl4_objfunc_chair"
scl4_objfunc_total,Integer,0,,Recommended,"","1;0",,"","Scale 4. Receptive Language","Receptive_Language24,mu_rl24,Mullen_SEL_scl4_objfunc_total,receptive_lang_24"
scl4_urcmds_set1,String,50,,Recommended,"","Yes;No",,"","Scale 4. Receptive Language","Mullen_SEL_scl4_urcmds_set1"
scl4_urcmds_set2,String,50,,Recommended,"","Yes;No",,"","Scale 4. Receptive Language","Mullen_SEL_scl4_urcmds_set2"
scl4_urcmds_total,Integer,0,,Recommended,"","1;0",,"","Scale 4. Receptive Language","Receptive_Language25,Mullen_SEL_scl4_urcmds_total,receptive_lang_25,mu_rl25"
scl4_size_trial1,String,50,,Recommended,"","Yes;No",,"","Scale 4. Receptive Language","Mullen_SEL_scl4_size_trial1"
scl4_size_trial2,String,50,,Recommended,"","Yes;No",,"","Scale 4. Receptive Language","Mullen_SEL_scl4_size_trial2"
scl4_size_trial3,String,50,,Recommended,"","Yes;No",,"","Scale 4. Receptive Language","Mullen_SEL_scl4_size_trial3"
scl4_size_trial4,String,50,,Recommended,"","Yes;No",,"","Scale 4. Receptive Language","Mullen_SEL_scl4_size_trial4"
scl4_size_total,Integer,0,,Recommended,"","1;0",,"","Scale 4. Receptive Language","Receptive_Language26,receptive_lang_26,Mullen_SEL_scl4_size_total,mu_rl26"
scl4_color_red,String,50,,Recommended,"","Yes;No",,"","Scale 4. Receptive Language","Mullen_SEL_scl4_color_red"
scl4_color_green,String,50,,Recommended,"","Yes;No",,"","Scale 4. Receptive Language","Mullen_SEL_scl4_color_green"
scl4_color_yellow,String,50,,Recommended,"","Yes;No",,"","Scale 4. Receptive Language","Mullen_SEL_scl4_color_yellow"
scl4_color_blue,String,50,,Recommended,"","Yes;No",,"","Scale 4. Receptive Language","Mullen_SEL_scl4_color_blue"
scl4_color_orange,String,50,,Recommended,"","Yes;No",,"","Scale 4. Receptive Language","Mullen_SEL_scl4_color_orange"
scl4_color_black,String,50,,Recommended,"","Yes;No",,"","Scale 4. Receptive Language","Mullen_SEL_scl4_color_black"
scl4_color_brown,String,50,,Recommended,"","Yes;No",,"","Scale 4. Receptive Language","Mullen_SEL_scl4_color_brown"
scl4_color_purple,String,50,,Recommended,"","Yes;No",,"","Scale 4. Receptive Language","Mullen_SEL_scl4_color_purple"
scl4_color_total,Integer,0,,Recommended,"","1;0",,"","Scale 4. Receptive Language","Receptive_Language27,Mullen_SEL_scl4_color_total,receptive_lang_27,mu_rl27"
scl4_lngth_trial1,String,50,,Recommended,"","Yes;No",,"","Scale 4. Receptive Language","Mullen_SEL_scl4_lngth_trial1"
scl4_lngth_trial2,String,50,,Recommended,"","Yes;No",,"","Scale 4. Receptive Language","Mullen_SEL_scl4_lngth_trial2"
scl4_lngth_trial3,String,50,,Recommended,"","Yes;No",,"","Scale 4. Receptive Language","Mullen_SEL_scl4_lngth_trial3"
scl4_lngth_trial4,String,50,,Recommended,"","Yes;No",,"","Scale 4. Receptive Language","Mullen_SEL_scl4_lngth_trial4"
scl4_lngth_total,Integer,0,,Recommended,"","1;0",,"","Scale 4. Receptive Language","Receptive_Language28,Mullen_SEL_scl4_lngth_total,receptive_lang_28,mu_rl28"
scl4_comp_same,String,50,,Recommended,"","Yes;No",,"","Scale 4. Receptive Language","Mullen_SEL_scl4_comp_same"
scl4_comp_notsame,String,50,,Recommended,"","Yes;No",,"","Scale 4. Receptive Language","Mullen_SEL_scl4_comp_notsame"
scl4_comp_most,String,50,,Recommended,"","Yes;No",,"","Scale 4. Receptive Language","Mullen_SEL_scl4_comp_most"
scl4_comp_least,String,50,,Recommended,"","Yes;No",,"","Scale 4. Receptive Language","Mullen_SEL_scl4_comp_least"
scl4_comp_first,String,50,,Recommended,"","Yes;No",,"","Scale 4. Receptive Language","Mullen_SEL_scl4_comp_first"
scl4_comp_last,String,50,,Recommended,"","Yes;No",,"","Scale 4. Receptive Language","Mullen_SEL_scl4_comp_last"
scl4_comp_second,String,50,,Recommended,"","Yes;No",,"","Scale 4. Receptive Language","Mullen_SEL_scl4_comp_second"
scl4_comp_middle,String,50,,Recommended,"","Yes;No",,"","Scale 4. Receptive Language","Mullen_SEL_scl4_comp_middle"
scl4_comp_leftthree,String,50,,Recommended,"","Yes;No",,"","Scale 4. Receptive Language","Mullen_SEL_scl4_comp_leftthree"
scl4_comp_nearest,String,50,,Recommended,"","Yes;No",,"","Scale 4. Receptive Language","Mullen_SEL_scl4_comp_nearest"
scl4_comp_total,Integer,0,,Recommended,"","4;3;2;1;0",,"","Scale 4. Receptive Language","Receptive_Language29,mu_rl29,Mullen_SEL_scl4_comp_total,receptive_lang_29"
scl4_general_know,Integer,0,,Recommended,"","5;4;3;2;1;0",,"","Scale 4. Receptive Language","Receptive_Language30,receptive_lang_30,mu_rl30,Mullen_SEL_scl4_general_know"
scl4_general_name,String,50,,Recommended,"","",,"","Scale 4. Receptive Language","Mullen_SEL_scl4_general_name"
scl4_general_namepos,String,50,,Recommended,"","positive;negative",,"","Scale 4. Receptive Language","Mullen_SEL_scl4_general_namepos"
scl4_general_bog,String,50,,Recommended,"","",,"","Scale 4. Receptive Language","Mullen_SEL_scl4_general_bog"
scl4_general_bogpos,String,50,,Recommended,"","positive;negative",,"","Scale 4. Receptive Language","Mullen_SEL_scl4_general_bogpos"
scl4_general_age,String,50,,Recommended,"","",,"","Scale 4. Receptive Language","Mullen_SEL_scl4_general_age"
scl4_general_agepos,String,50,,Recommended,"","positive;negative",,"","Scale 4. Receptive Language","Mullen_SEL_scl4_general_agepos"
scl4_general_eye,String,50,,Recommended,"","",,"","Scale 4. Receptive Language","Mullen_SEL_scl4_general_eye"
scl4_general_eyepos,String,50,,Recommended,"","positive;negative",,"","Scale 4. Receptive Language","Mullen_SEL_scl4_general_eyepos"
scl4_general_wash,String,50,,Recommended,"","",,"","Scale 4. Receptive Language","Mullen_SEL_scl4_general_wash"
scl4_general_washpos,String,50,,Recommended,"","positive;negative",,"","Scale 4. Receptive Language","Mullen_SEL_scl4_general_washpos"
scl4_general_half,String,50,,Recommended,"","",,"","Scale 4. Receptive Language","Mullen_SEL_scl4_general_half"
scl4_general_halfpos,String,50,,Recommended,"","positive;negative",,"","Scale 4. Receptive Language","Mullen_SEL_scl4_general_halfpos"
scl4_general_time,String,50,,Recommended,"","",,"","Scale 4. Receptive Language","Mullen_SEL_scl4_general_time"
scl4_general_timepos,String,50,,Recommended,"","positive;negative",,"","Scale 4. Receptive Language","Mullen_SEL_scl4_general_timepos"
scl4_general_legs,String,50,,Recommended,"","",,"","Scale 4. Receptive Language","Mullen_SEL_scl4_general_legs"
scl4_general_legspos,String,50,,Recommended,"","positive;negative",,"","Scale 4. Receptive Language","Mullen_SEL_scl4_general_legspos"
scl4_general_money,String,50,,Recommended,"","",,"","Scale 4. Receptive Language","Mullen_SEL_scl4_general_money"
scl4_general_moneypos,String,50,,Recommended,"","positive;negative",,"","Scale 4. Receptive Language","Mullen_SEL_scl4_general_moneypos"
scl4_general_ref,String,50,,Recommended,"","",,"","Scale 4. Receptive Language","Mullen_SEL_scl4_general_ref"
scl4_general_refpos,String,50,,Recommended,"","positive;negative",,"","Scale 4. Receptive Language","Mullen_SEL_scl4_general_refpos"
scl4_general_finger,String,50,,Recommended,"","",,"","Scale 4. Receptive Language","Mullen_SEL_scl4_general_finger"
scl4_general_fingerpos,String,50,,Recommended,"","positive;negative",,"","Scale 4. Receptive Language","Mullen_SEL_scl4_general_fingerpos"
scl4_general_roof,String,50,,Recommended,"","",,"","Scale 4. Receptive Language","Mullen_SEL_scl4_general_roof"
scl4_general_roofpos,String,50,,Recommended,"","positive;negative",,"","Scale 4. Receptive Language","Mullen_SEL_scl4_general_roofpos"
scl4_follow_unrelatedcmd,Integer,0,,Recommended,"","1;0",,"","Scale 4. Receptive Language","Receptive_Language31,receptive_lang_31,mu_rl31,Mullen_SEL_scl4_follow_unrelatedcmd"
scl4_concept_six,Integer,0,,Recommended,"","1;0",,"","Scale 4. Receptive Language","Mullen_SEL_scl4_concept_six"
scl4_concept_eight,Integer,0,,Recommended,"","1;0",,"","Scale 4. Receptive Language","Mullen_SEL_scl4_concept_eight"
scl4_concept_total,Integer,0,,Recommended,"","2;1;0",,"","Scale 4. Receptive Language","Receptive_Language32,Mullen_SEL_scl4_concept_total,receptive_lang_32,mu_rl32"
scl4_identifyt,String,50,,Recommended,"","Yes;No",,"","Scale 4. Receptive Language","Mullen_SEL_scl4_identifyt"
scl4_identifyc,String,50,,Recommended,"","Yes;No",,"","Scale 4. Receptive Language","Mullen_SEL_scl4_identifyc"
scl4_identifyl,String,50,,Recommended,"","Yes;No",,"","Scale 4. Receptive Language","Mullen_SEL_scl4_identifyl"
scl4_identifyo,String,50,,Recommended,"","Yes;No",,"","Scale 4. Receptive Language","Mullen_SEL_scl4_identifyo"
scl4_identifyd,String,50,,Recommended,"","Yes;No",,"","Scale 4. Receptive Language","Mullen_SEL_scl4_identifyd"
scl4_identifyn,String,50,,Recommended,"","Yes;No",,"","Scale 4. Receptive Language","Mullen_SEL_scl4_identifyn"
scl4_identifys,String,50,,Recommended,"","Yes;No",,"","Scale 4. Receptive Language","Mullen_SEL_scl4_identifys"
scl4_identifyr,String,50,,Recommended,"","Yes;No",,"","Scale 4. Receptive Language","Mullen_SEL_scl4_identifyr"
scl4_identifyb,String,50,,Recommended,"","Yes;No",,"","Scale 4. Receptive Language","Mullen_SEL_scl4_identifyb"
scl4_identifyg,String,50,,Recommended,"","Yes;No",,"","Scale 4. Receptive Language","Mullen_SEL_scl4_identifyg"
scl4_identifym,String,50,,Recommended,"","Yes;No",,"","Scale 4. Receptive Language","Mullen_SEL_scl4_identifym"
scl4_identifyh,String,50,,Recommended,"","Yes;No",,"","Scale 4. Receptive Language","Mullen_SEL_scl4_identifyh"
scl4_identifyx,String,50,,Recommended,"","Yes;No",,"","Scale 4. Receptive Language","Mullen_SEL_scl4_identifyx"
scl4_identifyp,String,50,,Recommended,"","Yes;No",,"","Scale 4. Receptive Language","Mullen_SEL_scl4_identifyp"
scl4_total,Integer,0,,Recommended,"","2;1;0",,"","Scale 4. Receptive Language","Receptive_Language33,receptive_lang_33,mu_rl33,Mullen_SEL_scl4_total"
scl4_rl_raw_score,Integer,0,,Required,"","",,"","Scale 4. Receptive Language","mu_rl_raw,Mullen_SEL_scl4_rl_raw_score"
scl5_chew_move,Integer,0,,Recommended,"","1;0",,"","Scale 5. Expressive Language","Expressive_Language1,expressive_lang_1,Mullen_SEL_scl5_chew_move,mu_el1"
scl5_vocalizes,Integer,0,,Recommended,"","1;0",,"","Scale 5. Expressive Language","Expressive_Language2,Mullen_SEL_scl5_vocalizes,mu_el2,expressive_lang_2"
scl5_happy_sound,Integer,0,,Recommended,"","1;0",,"","Scale 5. Expressive Language","Expressive_Language3,Mullen_SEL_scl5_happy_sound,mu_el3,expressive_lang_3"
scl5_laughs,Integer,0,,Recommended,"","1;0",,"","Scale 5. Expressive Language","Expressive_Language4,expressive_lang_4,mu_el4,Mullen_SEL_scl5_laughs"
scl5_make_vocal,Integer,0,,Recommended,"","1;0",,"","Scale 5. Expressive Language","Expressive_Language5,expressive_lang_5,mu_el5,Mullen_SEL_scl5_make_vocal"
scl5_sound_play,Integer,0,,Recommended,"","1;0",,"","Scale 5. Expressive Language","Expressive_Language6,Mullen_SEL_scl5_sound_play,mu_el6,expressive_lang_6"
scl5_babbling,Integer,0,,Recommended,"","1;0",,"","Scale 5. Expressive Language","Expressive_Language7,Mullen_SEL_scl5_babbling,mu_el7,expressive_lang_7"
scl5_consonant_sound,Integer,0,,Recommended,"","1;0",,"","Scale 5. Expressive Language","Expressive_Language8,mu_el8,expressive_lang_8,Mullen_SEL_scl5_consonant_sound"
scl5_twosyll_sound,Integer,0,,Recommended,"","1;0",,"","Scale 5. Expressive Language","Expressive_Language9,mu_el9,Mullen_SEL_scl5_twosyll_sound,expressive_lang_9"
scl5_lang_game,Integer,0,,Recommended,"","1;0",,"","Scale 5. Expressive Language","Expressive_Language10,mu_el10,expressive_lang_10,Mullen_SEL_scl5_lang_game"
scl5_total,Integer,0,,Recommended,"","3;2;1;0",,"","Scale 5. Expressive Language","Expressive_Language11,mu_el11,Mullen_SEL_scl5_total,expressive_lang_11"
scl5_inflection,Integer,0,,Recommended,"","1;0",,"","Scale 5. Expressive Language","Expressive_Language12,Mullen_SEL_scl5_inflection,mu_el12,expressive_lang_12"
scl5_comb_jargon,Integer,0,,Recommended,"","1;0",,"","Scale 5. Expressive Language","Expressive_Language13,Mullen_SEL_scl5_comb_jargon,expressive_lang_13,mu_el13"
scl5_comb_word,Integer,0,,Recommended,"","1;0",,"","Scale 5. Expressive Language","Expressive_Language14,mu_el14,Mullen_SEL_scl5_comb_word,expressive_lang_14"
scl5_nameobj_ball,String,50,,Recommended,"","Yes;No",,"","Scale 5. Expressive Language","Mullen_SEL_scl5_nameobj_ball"
scl5_nameobj_book,String,50,,Recommended,"","Yes;No",,"","Scale 5. Expressive Language","Mullen_SEL_scl5_nameobj_book"
scl5_nameobj_car,String,50,,Recommended,"","Yes;No",,"","Scale 5. Expressive Language","Mullen_SEL_scl5_nameobj_car"
scl5_nameobj_cup,String,50,,Recommended,"","Yes;No",,"","Scale 5. Expressive Language","Mullen_SEL_scl5_nameobj_cup"
scl5_nameobj_key,String,50,,Recommended,"","Yes;No",,"","Scale 5. Expressive Language","Mullen_SEL_scl5_nameobj_key"
scl5_nameobj_knife,String,50,,Recommended,"","Yes;No",,"","Scale 5. Expressive Language","Mullen_SEL_scl5_nameobj_knife"
scl5_nameobj_total,Integer,0,,Recommended,"","3;2;1;0",,"","Scale 5. Expressive Language","Expressive_Language15,Mullen_SEL_scl5_nameobj_total,expressive_lang_15,mu_el15"
scl5_labelpic_ball,String,50,,Recommended,"","Yes;No",,"","Scale 5. Expressive Language","Mullen_SEL_scl5_labelpic_ball"
scl5_labelpic_dog,String,50,,Recommended,"","Yes;No",,"","Scale 5. Expressive Language","Mullen_SEL_scl5_labelpic_dog"
scl5_labelpic_baby,String,50,,Recommended,"","Yes;No",,"","Scale 5. Expressive Language","Mullen_SEL_scl5_labelpic_baby"
scl5_labelpic_total,Integer,0,,Recommended,"","1;0",,"","Scale 5. Expressive Language","Expressive_Language16,Mullen_SEL_scl5_labelpic_total,mu_el16,expressive_lang_16"
scl5_twoword_phrase,Integer,0,,Recommended,"","1;0",,"","Scale 5. Expressive Language","Expressive_Language17,expressive_lang_17,mu_el17,Mullen_SEL_scl5_twoword_phrase"
scl5_picname_tot,Integer,0,,Recommended,"","5;4;3;2;1;0",,"","Scale 5. Expressive Language","Expressive_Language18,expressive_lang_18,Mullen_SEL_scl5_picname_tot,mu_el18"
scl5_picname_phone,String,50,,Recommended,"","",,"","Scale 5. Expressive Language","Mullen_SEL_scl5_picname_phone"
scl5_picname_phonepos,String,50,,Recommended,"","positive;negative",,"","Scale 5. Expressive Language","Mullen_SEL_scl5_picname_phonepos"
scl5_picname_spoon,String,50,,Recommended,"","",,"","Scale 5. Expressive Language","Mullen_SEL_scl5_picname_spoon"
scl5_picname_spoonpos,String,50,,Recommended,"","positive;negative",,"","Scale 5. Expressive Language","Mullen_SEL_scl5_picname_spoonpos"
scl5_picname_bed,String,50,,Recommended,"","",,"","Scale 5. Expressive Language","Mullen_SEL_scl5_picname_bed"
scl5_picname_bedpos,String,50,,Recommended,"","positive;negative",,"","Scale 5. Expressive Language","Mullen_SEL_scl5_picname_bedpos"
scl5_picname_tele,String,50,,Recommended,"","",,"","Scale 5. Expressive Language","Mullen_SEL_scl5_picname_tele"
scl5_picname_telepos,String,50,,Recommended,"","positive;negative",,"","Scale 5. Expressive Language","Mullen_SEL_scl5_picname_telepos"
scl5_picname_comb,String,50,,Recommended,"","",,"","Scale 5. Expressive Language","Mullen_SEL_scl5_picname_comb"
scl5_picname_combpos,String,50,,Recommended,"","positive;negative",,"","Scale 5. Expressive Language","Mullen_SEL_scl5_picname_combpos"
scl5_picname_ball,String,50,,Recommended,"","",,"","Scale 5. Expressive Language","Mullen_SEL_scl5_picname_ball"
scl5_picname_ballpos,String,50,,Recommended,"","positive;negative",,"","Scale 5. Expressive Language","Mullen_SEL_scl5_picname_ballpos"
scl5_picname_bird,String,50,,Recommended,"","",,"","Scale 5. Expressive Language","Mullen_SEL_scl5_picname_bird"
scl5_picname_birdpos,String,50,,Recommended,"","positive;negative",,"","Scale 5. Expressive Language","Mullen_SEL_scl5_picname_birdpos"
scl5_picname_house,String,50,,Recommended,"","",,"","Scale 5. Expressive Language","Mullen_SEL_scl5_picname_house"
scl5_picname_housepos,String,50,,Recommended,"","positive;negative",,"","Scale 5. Expressive Language","Mullen_SEL_scl5_picname_housepos"
scl5_picname_hand,String,50,,Recommended,"","",,"","Scale 5. Expressive Language","Mullen_SEL_scl5_picname_hand"
scl5_picname_handpos,String,50,,Recommended,"","positive;negative",,"","Scale 5. Expressive Language","Mullen_SEL_scl5_picname_handpos"
scl5_picname_door,String,50,,Recommended,"","",,"","Scale 5. Expressive Language","Mullen_SEL_scl5_picname_door"
scl5_picname_doorpos,String,50,,Recommended,"","positive;negative",,"","Scale 5. Expressive Language","Mullen_SEL_scl5_picname_doorpos"
scl5_picname_umb,String,50,,Recommended,"","",,"","Scale 5. Expressive Language","Mullen_SEL_scl5_picname_umb"
scl5_picname_umbpos,String,50,,Recommended,"","positive;negative",,"","Scale 5. Expressive Language","Mullen_SEL_scl5_picname_umbpos"
scl5_picname_purse,String,50,,Recommended,"","",,"","Scale 5. Expressive Language","Mullen_SEL_scl5_picname_purse"
scl5_picname_pursepos,String,50,,Recommended,"","positive;negative",,"","Scale 5. Expressive Language","Mullen_SEL_scl5_picname_pursepos"
scl5_picname_clock,String,50,,Recommended,"","",,"","Scale 5. Expressive Language","Mullen_SEL_scl5_picname_clock"
scl5_picname_clockpos,String,50,,Recommended,"","positive;negative",,"","Scale 5. Expressive Language","Mullen_SEL_scl5_picname_clockpos"
scl5_picname_flower,String,50,,Recommended,"","",,"","Scale 5. Expressive Language","Mullen_SEL_scl5_picname_flower"
scl5_picname_flowerpos,String,50,,Recommended,"","positive;negative",,"","Scale 5. Expressive Language","Mullen_SEL_scl5_picname_flowerpos"
scl5_picname_leg,String,50,,Recommended,"","",,"","Scale 5. Expressive Language","Mullen_SEL_scl5_picname_leg"
scl5_picname_legpos,String,50,,Recommended,"","positive;negative",,"","Scale 5. Expressive Language","Mullen_SEL_scl5_picname_legpos"
scl5_picname_leaf,String,50,,Recommended,"","",,"","Scale 5. Expressive Language","Mullen_SEL_scl5_picname_leaf"
scl5_picname_leafpos,String,50,,Recommended,"","positive;negative",,"","Scale 5. Expressive Language","Mullen_SEL_scl5_picname_leafpos"
scl5_picname_chim,String,50,,Recommended,"","",,"","Scale 5. Expressive Language","Mullen_SEL_scl5_picname_chim"
scl5_picname_chimpos,String,50,,Recommended,"","positive;negative",,"","Scale 5. Expressive Language","Mullen_SEL_scl5_picname_chimpos"
scl5_picname_lad,String,50,,Recommended,"","",,"","Scale 5. Expressive Language","Mullen_SEL_scl5_picname_lad"
scl5_picname_ladpos,String,50,,Recommended,"","positive;negative",,"","Scale 5. Expressive Language","Mullen_SEL_scl5_picname_ladpos"
scl5_picname_lamp,String,50,,Recommended,"","",,"","Scale 5. Expressive Language","Mullen_SEL_scl5_picname_lamp"
scl5_picname_lamppos,String,50,,Recommended,"","positive;negative",,"","Scale 5. Expressive Language","Mullen_SEL_scl5_picname_lamppos"
scl5_picname_brush,String,50,,Recommended,"","",,"","Scale 5. Expressive Language","Mullen_SEL_scl5_picname_brush"
scl5_picname_brushpos,String,50,,Recommended,"","positive;negative",,"","Scale 5. Expressive Language","Mullen_SEL_scl5_picname_brushpos"
scl5_usepronoun,Integer,0,,Recommended,"","1;0",,"","Scale 5. Expressive Language","Expressive_Language19,expressive_lang_19,mu_el19,Mullen_SEL_scl5_usepronoun"
scl5_count_total,Integer,0,,Recommended,"","3;2;1;0",,"","Scale 5. Expressive Language","Expressive_Language20,mu_el20,Mullen_SEL_scl5_count_total,expressive_lang_20"
scl5_repeatnum1,String,50,,Recommended,"","Yes;No",,"","Scale 5. Expressive Language","Mullen_SEL_scl5_repeatnum1"
scl5_repeatnum2,String,50,,Recommended,"","Yes;No",,"","Scale 5. Expressive Language","Mullen_SEL_scl5_repeatnum2"
scl5_repeatnum_tot,Integer,0,,Recommended,"","1;0",,"","Scale 5. Expressive Language","Expressive_Language21,mu_el21,Mullen_SEL_scl5_repeatnum_tot,expressive_lang_21"
scl5_wordsentence,Integer,0,,Recommended,"","1;0",,"","Scale 5. Expressive Language","Expressive_Language22,mu_el22,Mullen_SEL_scl5_wordsentence,expressive_lang_22"
scl5_anstwoques,String,50,,Recommended,"","Yes;No",,"","Scale 5. Expressive Language","Mullen_SEL_scl5_anstwoques"
scl5_ansques_tot,Integer,0,,Recommended,"","2;1;0",,"","Scale 5. Expressive Language","Expressive_Language23,Mullen_SEL_scl5_ansques_tot,mu_el23,expressive_lang_23"
scl5_ansques_thirst,String,50,,Recommended,"","",,"","Scale 5. Expressive Language","Mullen_SEL_scl5_ansques_thirst"
scl5_ansques_thirstpos,String,50,,Recommended,"","positive;negative",,"","Scale 5. Expressive Language","Mullen_SEL_scl5_ansques_thirstpos"
scl5_ansques_hungry,String,50,,Recommended,"","",,"","Scale 5. Expressive Language","Mullen_SEL_scl5_ansques_hungry"
scl5_ansques_hungrypos,String,50,,Recommended,"","positive;negative",,"","Scale 5. Expressive Language","Mullen_SEL_scl5_ansques_hungrypos"
scl5_ansques_sleep,String,50,,Recommended,"","",,"","Scale 5. Expressive Language","Mullen_SEL_scl5_ansques_sleep"
scl5_ansques_sleeppos,String,50,,Recommended,"","positive;negative",,"","Scale 5. Expressive Language","Mullen_SEL_scl5_ansques_sleeppos"
scl5_verbal_analogy,Integer,0,,Recommended,"","5;4;3;2;1;0",,"","Scale 5. Expressive Language","Expressive_Language24,expressive_lang_24,Mullen_SEL_scl5_verbal_analogy,mu_el24"
scl5_verbal_big,String,50,,Recommended,"","",,"","Scale 5. Expressive Language","Mullen_SEL_scl5_verbal_big"
scl5_verbal_bigpos,String,50,,Recommended,"","positive;negative",,"","Scale 5. Expressive Language","Mullen_SEL_scl5_verbal_bigpos"
scl5_verbal_light,String,50,,Recommended,"","",,"","Scale 5. Expressive Language","Mullen_SEL_scl5_verbal_light"
scl5_verbal_lightpos,String,50,,Recommended,"","positive;negative",,"","Scale 5. Expressive Language","Mullen_SEL_scl5_verbal_lightpos"
scl5_verbal_hot,String,50,,Recommended,"","",,"","Scale 5. Expressive Language","Mullen_SEL_scl5_verbal_hot"
scl5_verbal_hotpos,String,50,,Recommended,"","positive;negative",,"","Scale 5. Expressive Language","Mullen_SEL_scl5_verbal_hotpos"
scl5_verbal_table,String,50,,Recommended,"","",,"","Scale 5. Expressive Language","Mullen_SEL_scl5_verbal_table"
scl5_verbal_tablepos,String,50,,Recommended,"","positive;negative",,"","Scale 5. Expressive Language","Mullen_SEL_scl5_verbal_tablepos"
scl5_verbal_brkfast,String,50,,Recommended,"","",,"","Scale 5. Expressive Language","Mullen_SEL_scl5_verbal_brkfast"
scl5_verbal_brkfastpos,String,50,,Recommended,"","positive;negative",,"","Scale 5. Expressive Language","Mullen_SEL_scl5_verbal_brkfastpos"
scl5_verbal_side,String,50,,Recommended,"","",,"","Scale 5. Expressive Language","Mullen_SEL_scl5_verbal_side"
scl5_verbal_sidepos,String,50,,Recommended,"","positive;negative",,"","Scale 5. Expressive Language","Mullen_SEL_scl5_verbal_sidepos"
scl5_verbal_awake,String,50,,Recommended,"","",,"","Scale 5. Expressive Language","Mullen_SEL_scl5_verbal_awake"
scl5_verbal_awakepos,String,50,,Recommended,"","positive;negative",,"","Scale 5. Expressive Language","Mullen_SEL_scl5_verbal_awakepos"
scl5_verbal_hard,String,50,,Recommended,"","",,"","Scale 5. Expressive Language","Mullen_SEL_scl5_verbal_hard"
scl5_verbal_hardpos,String,50,,Recommended,"","positive;negative",,"","Scale 5. Expressive Language","Mullen_SEL_scl5_verbal_hardpos"
scl5_verbal_ligh,String,50,,Recommended,"","",,"","Scale 5. Expressive Language","Mullen_SEL_scl5_verbal_ligh"
scl5_verbal_lighpos,String,50,,Recommended,"","positive;negative",,"","Scale 5. Expressive Language","Mullen_SEL_scl5_verbal_lighpos"
scl5_verbal_wood,String,50,,Recommended,"","",,"","Scale 5. Expressive Language","Mullen_SEL_scl5_verbal_wood"
scl5_verbal_woodpos,String,50,,Recommended,"","positive;negative",,"","Scale 5. Expressive Language","Mullen_SEL_scl5_verbal_woodpos"
scl5_sentrepeat11,String,50,,Recommended,"","Yes;No",,"","Scale 5. Expressive Language","Mullen_SEL_scl5_sentrepeat11"
scl5_sentrepeat12,String,50,,Recommended,"","Yes;No",,"","Scale 5. Expressive Language","Mullen_SEL_scl5_sentrepeat12"
scl5_sentrepeat_1tot,Integer,0,,Recommended,"","1;0",,"","Scale 5. Expressive Language","Expressive_Language25,Mullen_SEL_scl5_sentrepeat_1tot,expressive_lang_25,mu_el25"
scl5_oral_vocab,Integer,0,,Recommended,"","4;3;2;1;0",,"","Scale 5. Expressive Language","Expressive_Language26,expressive_lang_26,Mullen_SEL_scl5_oral_vocab,mu_el26"
scl5_oral_hat,String,50,,Recommended,"","",,"","Scale 5. Expressive Language","Mullen_SEL_scl5_oral_hat"
scl5_oral_hatpos,String,50,,Recommended,"","positive;negative",,"","Scale 5. Expressive Language","Mullen_SEL_scl5_oral_hatpos"
scl5_oral_car,String,50,,Recommended,"","",,"","Scale 5. Expressive Language","Mullen_SEL_scl5_oral_car"
scl5_oral_carpos,String,50,,Recommended,"","positive;negative",,"","Scale 5. Expressive Language","Mullen_SEL_scl5_oral_carpos"
scl5_oral_boot,String,50,,Recommended,"","",,"","Scale 5. Expressive Language","Mullen_SEL_scl5_oral_boot"
scl5_oral_bootpos,String,50,,Recommended,"","positive;negative",,"","Scale 5. Expressive Language","Mullen_SEL_scl5_oral_bootpos"
scl5_oral_umb,String,50,,Recommended,"","",,"","Scale 5. Expressive Language","Mullen_SEL_scl5_oral_umb"
scl5_oral_umbpos,String,50,,Recommended,"","positive;negative",,"","Scale 5. Expressive Language","Mullen_SEL_scl5_oral_umbpos"
scl5_oral_let,String,50,,Recommended,"","",,"","Scale 5. Expressive Language","Mullen_SEL_scl5_oral_let"
scl5_oral_letpos,String,50,,Recommended,"","positive;negative",,"","Scale 5. Expressive Language","Mullen_SEL_scl5_oral_letpos"
scl5_oral_ham,String,50,,Recommended,"","",,"","Scale 5. Expressive Language","Mullen_SEL_scl5_oral_ham"
scl5_oral_hampos,String,50,,Recommended,"","positive;negative",,"","Scale 5. Expressive Language","Mullen_SEL_scl5_oral_hampos"
scl5_oral_dime,String,50,,Recommended,"","",,"","Scale 5. Expressive Language","Mullen_SEL_scl5_oral_dime"
scl5_oral_dimepos,String,50,,Recommended,"","positive;negative",,"","Scale 5. Expressive Language","Mullen_SEL_scl5_oral_dimepos"
scl5_oral_bas,String,50,,Recommended,"","",,"","Scale 5. Expressive Language","Mullen_SEL_scl5_oral_bas"
scl5_oral_baspos,String,50,,Recommended,"","positive;negative",,"","Scale 5. Expressive Language","Mullen_SEL_scl5_oral_baspos"
scl5_oral_candle,String,50,,Recommended,"","",,"","Scale 5. Expressive Language","Mullen_SEL_scl5_oral_candle"
scl5_oral_candlepos,String,50,,Recommended,"","positive;negative",,"","Scale 5. Expressive Language","Mullen_SEL_scl5_oral_candlepos"
scl5_oral_tire,String,50,,Recommended,"","",,"","Scale 5. Expressive Language","Mullen_SEL_scl5_oral_tire"
scl5_oral_tirepos,String,50,,Recommended,"","positive;negative",,"","Scale 5. Expressive Language","Mullen_SEL_scl5_oral_tirepos"
scl5_oral_goat,String,50,,Recommended,"","",,"","Scale 5. Expressive Language","Mullen_SEL_scl5_oral_goat"
scl5_oral_goatpos,String,50,,Recommended,"","positive;negative",,"","Scale 5. Expressive Language","Mullen_SEL_scl5_oral_goatpos"
scl5_oral_glue,String,50,,Recommended,"","",,"","Scale 5. Expressive Language","Mullen_SEL_scl5_oral_glue"
scl5_oral_gluepos,String,50,,Recommended,"","positive;negative",,"","Scale 5. Expressive Language","Mullen_SEL_scl5_oral_gluepos"
scl5_oral_fau,String,50,,Recommended,"","",,"","Scale 5. Expressive Language","Mullen_SEL_scl5_oral_fau"
scl5_oral_faupos,String,50,,Recommended,"","positive;negative",,"","Scale 5. Expressive Language","Mullen_SEL_scl5_oral_faupos"
scl5_oral_canoe,String,50,,Recommended,"","",,"","Scale 5. Expressive Language","Mullen_SEL_scl5_oral_canoe"
scl5_oral_canoepos,String,50,,Recommended,"","positive;negative",,"","Scale 5. Expressive Language","Mullen_SEL_scl5_oral_canoepos"
scl5_prac_reason,Integer,0,,Recommended,"","4;3;2;1;0",,"","Scale 5. Expressive Language","Expressive_Language27,expressive_lang_27,Mullen_SEL_scl5_prac_reason,mu_el27"
scl5_prac_dirty,String,50,,Recommended,"","",,"","Scale 5. Expressive Language","Mullen_SEL_scl5_prac_dirty"
scl5_prac_dirtypos,String,50,,Recommended,"","positive;negative",,"","Scale 5. Expressive Language","Mullen_SEL_scl5_prac_dirtypos"
scl5_prac_rain,String,50,,Recommended,"","",,"","Scale 5. Expressive Language","Mullen_SEL_scl5_prac_rain"
scl5_prac_rainpos,String,50,,Recommended,"","positive;negative",,"","Scale 5. Expressive Language","Mullen_SEL_scl5_prac_rainpos"
scl5_prac_street,String,50,,Recommended,"","",,"","Scale 5. Expressive Language","Mullen_SEL_scl5_prac_street"
scl5_prac_streetpos,String,50,,Recommended,"","positive;negative",,"","Scale 5. Expressive Language","Mullen_SEL_scl5_prac_streetpos"
scl5_prac_cut,String,50,,Recommended,"","",,"","Scale 5. Expressive Language","Mullen_SEL_scl5_prac_cut"
scl5_prac_cutpos,String,50,,Recommended,"","positive;negative",,"","Scale 5. Expressive Language","Mullen_SEL_scl5_prac_cutpos"
scl5_prac_store,String,50,,Recommended,"","",,"","Scale 5. Expressive Language","Mullen_SEL_scl5_prac_store"
scl5_prac_storepos,String,50,,Recommended,"","positive;negative",,"","Scale 5. Expressive Language","Mullen_SEL_scl5_prac_storepos"
scl5_prac_fire,String,50,,Recommended,"","",,"","Scale 5. Expressive Language","Mullen_SEL_scl5_prac_fire"
scl5_prac_firepos,String,50,,Recommended,"","positive;negative",,"","Scale 5. Expressive Language","Mullen_SEL_scl5_prac_firepos"
scl5_prac_dark,String,50,,Recommended,"","",,"","Scale 5. Expressive Language","Mullen_SEL_scl5_prac_dark"
scl5_prac_darkpos,String,50,,Recommended,"","positive;negative",,"","Scale 5. Expressive Language","Mullen_SEL_scl5_prac_darkpos"
scl5_prac_swim,String,50,,Recommended,"","",,"","Scale 5. Expressive Language","Mullen_SEL_scl5_prac_swim"
scl5_prac_swimpos,String,50,,Recommended,"","positive;negative",,"","Scale 5. Expressive Language","Mullen_SEL_scl5_prac_swimpos"
scl5_sentrepeat21,String,50,,Recommended,"","Yes;No",,"","Scale 5. Expressive Language","Mullen_SEL_scl5_sentrepeat21"
scl5_sentrepeat22,String,50,,Recommended,"","Yes;No",,"","Scale 5. Expressive Language","Mullen_SEL_scl5_sentrepeat22"
scl5_sentrepeat23,String,50,,Recommended,"","Yes;No",,"","Scale 5. Expressive Language","Mullen_SEL_scl5_sentrepeat23"
scl5_sentrepeat2_tot,Integer,0,,Recommended,"","2;1;0",,"","Scale 5. Expressive Language","Expressive_Language28,expressive_lang_28,Mullen_SEL_scl5_sentrepeat2_tot,mu_el28"
scl5_el_raw_score,Integer,0,,Required,"","",,"","Scale 5. Expressive Language","mu_el_raw,Mullen_SEL_scl5_el_raw_score"
scoresumm_gm_raw_score,Integer,0,,Required,"","",,"","Score Summary","Gross_Motor_Raw,Mullen_SEL_scoresumm_gm_raw_score,GMRWSCR,gross_motor_raw,MSEL_GM_RS"
scoresumm_gm_t_score,Integer,0,,Required,"","",,"","Score Summary","Gross_Motor_t,gross_motor_t,mu_gm_t,MSEL_GM_TS,GMTSCR,Mullen_SEL_scoresumm_gm_t_score"
scoresumm_gm_error_band,Integer,0,,Recommended,"","",,"","Score Summary","Mullen_SEL_scoresumm_gm_error_band"
scoresumm_gm_percent_rank,Integer,0,,Recommended,"","",,"","Score Summary","Mullen_SEL_scoresumm_gm_percent_rank,gross_motor_percentile,MSEL_GM_PR"
scoresumm_gm_desc_cat,Integer,0,,Recommended,"","",,"","Score Summary","Mullen_SEL_scoresumm_gm_desc_cat,MSEL_GM_DC,gross_motor_description"
scoresumm_gm_age_equiv,Integer,0,,Recommended,"","",,"","Score Summary","Gross_Motor_AE,GMAGEEQV,Mullen_SEL_scoresumm_gm_age_equiv,mu_gm_ae,gross_motor_age_equivalent,MSEL_GM_AE"
scoresumm_vr_raw_score,Integer,0,,Required,"","",,"","Score Summary","Visual_Reception_Raw,MSEL_VS_RS,VRRWSCR,Mullen_SEL_scoresumm_vr_raw_score,visual_reception_raw"
scoresumm_vr_t_score,Integer,0,,Required,"","",,"","Score Summary","Visual_Reception_t,VRTSCR,Mullen_SEL_scoresumm_vr_t_score,MSEL_VS_TS,visual_reception_t,mu_vr_t"
scoresumm_vr_error_band,Integer,0,,Recommended,"","",,"","Score Summary","Mullen_SEL_scoresumm_vr_error_band"
scoresumm_vr_percent_rank,Integer,0,,Recommended,"","",,"","Score Summary","visual_reception_percentile,Mullen_SEL_scoresumm_vr_percent_rank,MSEL_VS_PR"
scoresumm_vr_desc_cat,Integer,0,,Recommended,"","",,"","Score Summary","MSEL_VS_DC,visual_reception_description,Mullen_SEL_scoresumm_vr_desc_cat"
scoresumm_vr_age_equiv,Integer,0,,Recommended,"","",,"","Score Summary","Visual_Reception_AE,Mullen_SEL_scoresumm_vr_age_equiv,MSEL_VS_AE,mu_vr_ae,visual_reception_age_equivalent,VRAGEEQV"
scoresumm_fm_raw_score,Integer,0,,Required,"","",,"","Score Summary","Fine_Motor_Raw,MSEL_FM_RS,Mullen_SEL_scoresumm_fm_raw_score,fine_motor_raw,FMRWSCR"
scoresumm_fm_t_score,Integer,0,,Required,"","",,"","Score Summary","Fine_Motor_t,FMTSCR,fine_motor_t,mu_fm_t,Mullen_SEL_scoresumm_fm_t_score,MSEL_FM_TS"
scoresumm_fm_error_band,Integer,0,,Recommended,"","",,"","Score Summary","Mullen_SEL_scoresumm_fm_error_band"
scoresumm_fm_percent_rank,Integer,0,,Recommended,"","",,"","Score Summary","fine_motor_percentile,Mullen_SEL_scoresumm_fm_percent_rank,MSEL_FM_PR"
scoresumm_fm_desc_cat,Integer,0,,Recommended,"","",,"","Score Summary","Mullen_SEL_scoresumm_fm_desc_cat,MSEL_FM_DC,fine_motor_description"
scoresumm_fm_age_equiv,Integer,0,,Recommended,"","",,"","Score Summary","Fine_Motor_AE,Mullen_SEL_scoresumm_fm_age_equiv,MSEL_FM_AE,mu_fm_ae,FMAGEEQV,fine_motor_age_equivalent"
scoresumm_rl_raw_score,Integer,0,,Required,"","",,"","Score Summary","Receptive_Language_Raw,Mullen_SEL_scoresumm_rl_raw_score,MSEL_RL_RS,RLRWSCR,receptive_language_raw"
scoresumm_rl_t_score,Integer,0,,Required,"","",,"","Score Summary","Receptive_Language_t,MSEL_RL_TS,RLTSCR,mu_rl_t,receptive_language_t,Mullen_SEL_scoresumm_rl_t_score"
scoresumm_rl_error_band,Integer,0,,Recommended,"","",,"","Score Summary","Mullen_SEL_scoresumm_rl_error_band"
scoresumm_rl_percent_rank,Integer,0,,Recommended,"","",,"","Score Summary","Mullen_SEL_scoresumm_rl_percent_rank,receptive_language_percentile,MSEL_RL_PR"
scoresumm_rl_desc_cat,Integer,0,,Recommended,"","",,"","Score Summary","receptive_language_description,Mullen_SEL_scoresumm_rl_desc_cat,MSEL_RL_DC"
scoresumm_rl_age_equiv,Integer,0,,Recommended,"","",,"","Score Summary","Receptive_Language_AE,receptive_language_age_equivalent,Mullen_SEL_scoresumm_rl_age_equiv,MSEL_RL_AE,RLAGEEQV,mu_rl_ae"
scoresumm_el_raw_score,Integer,0,,Required,"","",,"","Score Summary","Expressive_Language_Raw,MSEL_EL_RS,ELRAWSCR,Mullen_SEL_scoresumm_el_raw_score,expressive_language_raw"
scoresumm_el_t_score,Integer,0,,Required,"","",,"","Score Summary","Expressive_Language_t,Mullen_SEL_scoresumm_el_t_score,expressive_language_t,mu_el_t,ELTSCR,MSEL_EL_TS"
scoresumm_el_error_band,Integer,0,,Recommended,"","",,"","Score Summary","Mullen_SEL_scoresumm_el_error_band"
scoresumm_el_percent_rank,Integer,0,,Recommended,"","",,"","Score Summary","expressive_language_percentile,Mullen_SEL_scoresumm_el_percent_rank,MSEL_EL_PR"
scoresumm_el_desc_cat,Integer,0,,Recommended,"","",,"","Score Summary","Mullen_SEL_scoresumm_el_desc_cat,expressive_language_description,MSEL_EL_DC"
scoresumm_el_age_equiv,Integer,0,,Recommended,"","",,"","Score Summary","Expressive_Language_AE,Mullen_SEL_scoresumm_el_age_equiv,expressive_language_age_equivalent,mu_el_ae,ELAGEEQV,MSEL_EL_AE"
scoresumm_cog_tscore,Integer,0,,Required,"","",,"","Score Summary","cognitive_t_score_sum,Mullen_SEL_scoresumm_cog_tscore"
scoresumm_elc_std_score,Integer,0,,Required,"","",,"","Score Summary","mu_elc,Mullen_SEL_scoresumm_elc_std_score,MSEL_C_SS,STANDSCR,composite_standard_score"
scoresumm_elc_error_band,Integer,0,,Recommended,"","",,"","Score Summary","Mullen_SEL_scoresumm_elc_error_band"
scoresumm_elc_percent_rank,Integer,0,,Recommended,"","",,"","Score Summary","MSEL_C_PR,composite_percentile,Mullen_SEL_scoresumm_elc_percent_rank"
scoresumm_elc_desc_cat,Integer,0,,Recommended,"","",,"","Score Summary","composite_description,Mullen_SEL_scoresumm_elc_desc_cat,MSEL_C_DC"
scoresumm_error_band,Integer,0,,Recommended,"","",,"","Score Summary","Mullen_SEL_scoresumm_error_band"
scoresumm_cmt,String,1024,,Recommended,"","",,"","Score Summary","Mullen_SEL_scoresumm_cmt"
