ElementName,DataType,Size,Unit,Required,ElementDescription,ValueRange,Keywords,Notes,Section,Aliases
subjectkey,GUID,0,,Required,"The NDAR Global Unique Identifier (GUID) for subjects which identifies a subject in NDAR","NDAR*",,"","",""
src_subject_id,String,20,,Required,"The site's subject identification","",,"","",""
interview_date,Date,0,,Required,"Date on which the interview/genetic test/sampling/imaging was completed","MM/yyyy;MM/dd/yyyy",,"* '01/01/1900' indicates that a date associated with retrospective data is not known.","",""
interview_age,Integer,0,,Required,"Age in months at the time of the interview/test/sampling/imaging.","0 to 1200",,"Age is rounded to chronological month If the research participant is 13 days old at time of interview  the appropriate value would be 0 months if the participant is 19 days old the value would be 1 month","",""
gender,String,50,,Required,"Gender","M;F",,"","",""
race,String,30,,Required,"Race of participant","American Indian/Alaska Native; Asian; Hawaiian or Pacific Islander; Black or African American; White; More than one race; Unknown or not reported",,"","",""
ethnic_group,String,255,,Required,"Ethnic group","",,"","",""
phenotype,String,200,,Required,"Description of the affection phenotype for the subject","",,"","",""
phenotype_description,String,4000,,Required,"Description of the phenotype for the subject","",,"","",""
twins_study,String,100,,Required,"Is this study of twins?","Yes;No",,"","",""
sibling_study,String,50,,Required,"Was it sibling study? Study of sibling(s) of autistic child.","Yes;No",,"","",""
family_study,String,100,,Required,"Was it family study? Study of biological mother, biological father and/or sibling of autistic child.","Yes;No",,"","",""
family_user_def_id,String,20,,Conditional,"Family Pedigree User-Defined ID","",,"","",""
subjectkey_mother,GUID,0,,Conditional,"The NDAR Global Unique Identifier (GUID) for subject's biological mother","NDAR*",,"","","mother_guid"
subjectkey_father,GUID,0,,Conditional,"The NDAR Global Unique Identifier (GUID) for subject's biological father","NDAR*",,"","","father_guid"
subjectkey_sibling1,GUID,0,,Conditional,"The NDAR Global Unique Identifier (GUID) for subject's sibling","NDAR*",,"","","sibling_guid1"
sibling_type1,String,255,,Optional,"Type of Sibling","Full Brother FB; Half Mother Brother HMB; Half Father Brother HFB; Full Sister FS; Half Mother Sister HMS; Half Father Sister HFS",,"","",""
subjectkey_sibling2,GUID,0,,Optional,"The NDAR Global Unique Identifier (GUID) for subject's sibling","NDAR*",,"","","sibling_guid2"
sibling_type2,String,255,,Optional,"sibling type","Full Brother FB; Half Mother Brother HMB; Half Father Brother HFB; Full Sister FS; Half Mother Sister HMS; Half Father Sister HFS",,"","",""
subjectkey_sibling3,GUID,0,,Optional,"The NDAR Global Unique Identifier (GUID) for subject's sibling","NDAR*",,"","","sibling_guid3"
sibling_type3,String,255,,Optional,"sibling type","Full Brother FB; Half Mother Brother HMB; Half Father Brother HFB; Full Sister FS; Half Mother Sister HMS; Half Father Sister HFS",,"","",""
subjectkey_sibling4,GUID,0,,Optional,"The NDAR Global Unique Identifier (GUID) for subject's sibling","NDAR*",,"","",""
sibling_type4,String,255,,Optional,"sibling type","Full Brother FB; Half Mother Brother HMB; Half Father Brother HFB; Full Sister FS; Half Mother Sister HMS; Half Father Sister HFS",,"","",""
zygosity,String,255,,Conditional,"Zygosity","monozygous; dizygous",,"","",""
sample_taken,String,50,,Required,"Was a sample taken at this interview?","Yes;No",,"","",""
sample_id_original,String,100,,Conditional,"Original, user-defined Sample ID","",,"","",""
sample_description,String,3500,,Conditional,"Sample description: tissue type, i.e. blood, saliva, brain etc.","whole blood; saliva; brain; urine; serum; plasma; CSF; IPS; Fibroblast; Neuronal Progenitor",,"","",""
