ElementName,DataType,Size,Unit,Required,ElementDescription,ValueRange,Keywords,Notes,Section,Aliases
subjectkey,GUID,0,,Required,"The NDAR Global Unique Identifier (GUID) for subjects which identifies a subject in NDAR","NDAR*",,"","NDAR Required",""
src_subject_id,String,20,,Required,"The site's subject identification","",,"","NDAR Required",""
interview_date,Date,0,,Required,"Date on which the interview/genetic test/sampling/imaging was completed","MM/yyyy;MM/dd/yyyy",,"* '01/01/1900' indicates that a date associated with retrospective data is not known.","NDAR Required",""
interview_age,Integer,0,,Required,"Age in months at the time of the interview/test/sampling/imaging.","0 to 1200",,"Age is rounded to chronological month If the research participant is 13 days old at time of interview  the appropriate value would be 0 months if the participant is 19 days old the value would be 1 month","NDAR Required",""
depression_familymember,String,200,,Recommended,"Subject family member who has depression","",,"","",""
depression_maternal_paternal,String,8,,Recommended,"maternal or paternal family member with disorder","maternal;paternal",,"","",""
depression_age_onset,Integer,0,,Recommended,"Age of family member at onset of disorder","",,"","",""
depression_notes,String,200,,Recommended,"Notes","",,"","",""
bipolar_familymember,String,200,,Recommended,"Subject family member who has bipolar disorder","",,"","",""
bipolar_maternal_paternal,String,8,,Recommended,"maternal or paternal family member with disorder","maternal;paternal",,"","",""
bipolar_age_onset,Integer,0,,Recommended,"Age of family member at onset of disorder","",,"","",""
bipolar_notes,String,200,,Recommended,"Notes","",,"","",""
anxiety_familymember,String,200,,Recommended,"Subject family member who has anxiety","",,"","",""
anxiety_maternal_paternal,String,8,,Recommended,"maternal or paternal family member with disorder","maternal;paternal",,"","",""
anxiety_age_onset,Integer,0,,Recommended,"Age of family member at onset of disorder","",,"","",""
anxiety_notes,String,200,,Recommended,"Notes","",,"","",""
ocd_familymember,String,200,,Recommended,"Subject family member who has ocd","",,"","",""
ocd_maternal_paternal,String,8,,Recommended,"maternal or paternal family member with disorder","maternal;paternal",,"","",""
ocd_age_onset,Integer,0,,Recommended,"Age of family member at onset of disorder","",,"","",""
ocd_notes,String,200,,Recommended,"Notes","",,"","",""
adhd_familymember,String,200,,Recommended,"Subject family member who has adhd","",,"","",""
adhd_maternal_paternal,String,8,,Recommended,"maternal or paternal family member with disorder","maternal;paternal",,"","",""
adhd_age_onset,Integer,0,,Recommended,"Age of family member at onset of disorder","",,"","",""
adhd_notes,String,200,,Recommended,"Notes","",,"","",""
eatingdisorder_familymember,String,200,,Recommended,"Subject family member who has an eating disorder","",,"","",""
eatdisorder_maternal_paternal,String,8,,Recommended,"maternal or paternal family member with disorder","maternal;paternal",,"","",""
eatingdisorder_age_onset,Integer,0,,Recommended,"Age of family member at onset of disorder","",,"","",""
eatingdisorder_notes,String,200,,Recommended,"Notes","",,"","",""
eccentric_familymember,String,200,,Recommended,"Subject family member who is considered eccentric","",,"","",""
eccentric_maternal_paternal,String,8,,Recommended,"maternal or paternal family member with disorder","maternal;paternal",,"","",""
eccentric_age_onset,Integer,0,,Recommended,"Age of family member at onset of eccentricity","",,"","",""
eccentric_notes,String,200,,Recommended,"Notes","",,"","",""
other_familymember,String,200,,Recommended,"Subject family member who has other disorder","",,"","",""
other_maternal_paternal,String,8,,Recommended,"maternal or paternal family member with disorder","maternal;paternal",,"","",""
other_familymember_age_onset,Integer,0,,Recommended,"Age of family member at onset of disorder","",,"","",""
other_notes,String,200,,Recommended,"notes on other","",,"","",""
