ElementName,DataType,Size,Unit,Required,ElementDescription,ValueRange,Keywords,Notes,Section,Aliases
subjectkey,GUID,0,,Required,"The NDAR Global Unique Identifier (GUID) for subjects which identifies a subject in NDAR","NDAR*",,"","NDAR Required",""
src_subject_id,String,20,,Required,"The site's subject identification","",,"","NDAR Required",""
interview_date,Date,0,,Required,"Date on which the interview/genetic test/sampling/imaging was completed","MM/yyyy;MM/dd/yyyy",,"* '01/01/1900' indicates that a date associated with retrospective data is not known.","NDAR Required",""
interview_age,Integer,0,,Required,"Age in months at the time of the interview/test/sampling/imaging.","0 to 1200",,"Age is rounded to chronological month If the research participant is 13 days old at time of interview  the appropriate value would be 0 months if the participant is 19 days old the value would be 1 month","NDAR Required",""
where_healthcare,String,200,,Recommended,"where does the subject receive regular healthcare","",,"","",""
last_doctor_visit,Date,0,,Recommended,"when was last visit to doctor","MM/yyyy;MM/dd/yyyy",,"","",""
last_physical_exam,Date,0,,Recommended,"when was date of last physical","MM/yyyy;MM/dd/yyyy",,"","",""
illnesses_conditions,String,200,,Recommended,"does subject have any illnesses","",,"","",""
illnesses_described,String,200,,Recommended,"describe the illness","",,"","",""
hospitalizations,String,200,,Recommended,"has the subject had any hospitalisations","",,"","",""
hospitalizations_described,String,200,,Recommended,"describe the hospitalisations","",,"","",""
when_hospitalized,Date,0,,Recommended,"when was the subject hospitalized","MM/yyyy;MM/dd/yyyy",,"","",""
current_medication,String,200,,Recommended,"what are subjects current medications","",,"","",""
current_meds_described,String,200,,Recommended,"describe subjects current medications","",,"","",""
past_medication,String,200,,Recommended,"what are subjects past medications","",,"","",""
rev_immunoimmunization,String,50,,Recommended,"Immunizations","Up to date;Behind;None;NK",,"","",""
past_meds_described,String,200,,Recommended,"describe subjects past medications","",,"","",""
sensitivities_allergies_drugs,String,200,,Recommended,"does the subject have any sensitivites or allergies to any drugs","",,"","",""
sens_allergies_drugs_described,String,200,,Recommended,"describe subjects sensitivities or allergies to any drugs","",,"","",""
fertilitydrugs_at_contracep,String,200,,Recommended,"were fertility drugs used to help conceive subject","",,"","",""
any_medication_preg,String,200,,Recommended,"was the mother given any medication during pregnancy","",,"","",""
illness_pregnancy,String,200,,Recommended,"did the mother experience any illnesses during pregnancy","",,"","",""
presmed_alcohol,String,50,,Recommended,"In this pregnancy, did the birth mother do any of the following activities - Drink alcohol","Yes;No",,"","",""
medication_for_illness,String,200,,Recommended,"was the mother given any medication for that illness during pregnancy","",,"","",""
presmed_drugs,String,50,,Recommended,"In this pregnancy, did the birth mother do any of the following activities - Use recreational drugs (e.g. marijuana, cocaine, etc)","Yes;No",,"","",""
presmed_smoke,String,50,,Recommended,"In this pregnancy, did the birth mother do any of the following activities - Smoke cigarettes or other tobacco products","Yes;No",,"","",""
ldnb_wtbirthp,Float,0,,Recommended,"How much did this baby weigh at birth (pounds)","",,"","",""
fullterm_preg,String,3,,Recommended,"was the pregnancy carried to fullterm","yes;no",,"","",""
ldnb_babydeliver,String,50,,Recommended,"How was the baby delivered","Vaginal;C-Section",,"","",""
forceps_vacuum,String,3,,Recommended,"were forceps or a vacuum used to aid delivery","yes;no",,"","",""
ldnb_wtbirtho,Float,0,,Recommended,"How much did this baby weigh at birth (ounces)","",,"","",""
ldnb_fapgar,String,50,,Recommended,"What were the babys APGAR scores - first APGAR (at 1 minute)","",,"","",""
light_exposure_therapy,String,200,,Recommended,"was the subject exposed to light therapy during pregnancy or following birth","",,"","",""
ldnb_sapgar,String,50,,Recommended,"What were the babys APGAR scores - second APGAR (at 5 minutes)","",,"","",""
natural_artificial_light,String,8,,Recommended,"was the light exposure natural or artificial","natural;artificial",,"","",""
ldnb_hosptotalbabyday,Float,0,,Recommended,"How many days total did this baby stay in the hospital (after delivery up until discharge, including the neonatal ICU) (days)","0 to 365",,"","",""
notes,String,200,,Recommended,"any additional notes","",,"","",""
