ElementName,DataType,Size,Unit,Required,ElementDescription,ValueRange,Keywords,Notes,Section,Aliases
subjectkey,GUID,0,,Required,"The NDAR Global Unique Identifier (GUID) for subjects which identifies a subject in NDAR","NDAR*",,"","",""
src_subject_id,String,20,,Required,"The site's subject identification","",,"","",""
interview_date,Date,0,,Required,"Date on which the interview/genetic test/sampling/imaging was completed","MM/yyyy;MM/dd/yyyy",,"* '01/01/1900' indicates that a date associated with retrospective data is not known.","",""
interview_age,Integer,0,,Required,"Age in months at the time of the interview/test/sampling/imaging.","0 to 1200",,"Age is rounded to chronological month If the research participant is 13 days old at time of interview  the appropriate value would be 0 months if the participant is 19 days old the value would be 1 month","",""
gender,String,50,,Required,"Gender","M;F",,"","",""
informant,String,20,,Recommended,"Informant completing test","Mother;Father;Both Parents;Other;Self",,"","",""
comments_misc,String,255,,Optional,"Miscellaneous comments on study, interview, methodology relevant to this form data","",,"","",""
oci_r_q1,Integer,0,,Recommended,"I have saved up so many things taht they get in the way","0 to 4;999",,"","",""
oci_r_q2,Integer,0,,Recommended,"I check things more often than necessary","0 to 4;999",,"","",""
oci_r_q3,Integer,0,,Recommended,"I get upset if objects are not arranged properly","0 to 4;999",,"","",""
oci_r_q4,Integer,0,,Recommended,"I feel compelled to count while I am doing things","0 to 4;999",,"","",""
oci_r_q5,Integer,0,,Recommended,"I find it difficult to touch an object when I know it has been touched by strangers or certain people","0 to 4;999",,"","",""
oci_r_q6,Integer,0,,Recommended,"I find it difficult to control my own thoughts","0 to 4;999",,"","",""
oci_r_q7,Integer,0,,Recommended,"I collect things I don't need","0 to 4;999",,"","",""
oci_r_q8,Integer,0,,Recommended,"I repeatedly check doors, windows, drawers, etc.","0 to 4;999",,"","",""
oci_r_q9,Integer,0,,Recommended,"I get upset if others change the way I have arranged things","0 to 4;999",,"","",""
oci_r_q10,Integer,0,,Recommended,"I feel I have to repeat certain numbers","0 to 4;999",,"","",""
oci_r_q11,Integer,0,,Recommended,"I sometimes have to wash or clean myself simply because I feel contaminated","0 to 4;999",,"","",""
oci_r_q12,Integer,0,,Recommended,"I am upset by unpleasant thoughts that come into my mind against my will","0 to 4;999",,"","",""
oci_r_q13,Integer,0,,Recommended,"I avoid throwing things away because I am afraid I might need them later","0 to 4;999",,"","",""
oci_r_q14,Integer,0,,Recommended,"I repeatedly check gas and water taps and light switches after turning them off","0 to 4;999",,"","",""
oci_r_q15,Integer,0,,Recommended,"I need things to be arranged in a particular order","0 to 4;999",,"","",""
oci_r_q16,Integer,0,,Recommended,"I feel that there are good and bad numbers","0 to 4;999",,"","",""
oci_r_q17,Integer,0,,Recommended,"I wash my hands more ofgen and longer than necessary","0 to 4;999",,"","",""
oci_r_q18,Integer,0,,Recommended,"I frequently get nasty thoughts and have difficulty in getting rid of them","0 to 4;999",,"","",""
oci_r_total,Integer,0,,Recommended,"OCI-R Total","0 to 72;999",,"","",""
oci_r_washing,Integer,0,,Recommended,"OCI-R Washing subscale","",,"OCI_R_Washing = sum(OCI_R_Q5,OCI_R_Q11,OCI_R_Q17)","",""
oci_r_hoarding,Integer,0,,Recommended,"OCI-R Hoarding subscale.","",,"OCI_R_Hoarding = sum(OCI_R_Q1,OCI_R_Q7,OCI_R_Q13)","",""
oci_r_ordering,Integer,0,,Recommended,"OCI-R Ordering subscale","",,"OCI_R_Ordering = sum(OCI_R_Q3,OCI_R_Q9,OCI_R_Q15).","",""
oci_r_checking,Integer,0,,Recommended,"OCI-R Checking subscale","",,"OCI_R_Checking= sum(OCI_R_Q2,OCI_R_Q8,OCI_R_Q14).","",""
oci_r_neutralizing,Integer,0,,Recommended,"OCI-R Neutralizing subscale.","",,"OCI_R_Neutralizing = sum(OCI_R_Q4,OCI_R_Q10,OCI_R_Q16).","",""
