ElementName,DataType,Size,Unit,Required,ElementDescription,ValueRange,Keywords,Notes,Section,Aliases
subjectkey,GUID,0,,Optional,"The NDAR Global Unique Identifier (GUID) for subjects which identifies a subject in NDAR","NDAR*",,"","",""
src_subject_id,String,20,,Optional,"The site's subject identification","",,"","","subject_id"
timepoint_label,String,5,,Required,"User-defined timepoint/visit label - a label selected by the site at the time of registration of a new timepoint into the database.  This label is used to group all the instruments administered to a subject at a given timepoint.","",,"","",""
age_days_date_of_visit_to_dob,Integer,0,,Required,"Age in days at Visit (DoV-DoB), same as age of scan if obtained","",,"","",""
mrs_avg_cr_pcr_l_fwm,Float,0,,Optional,"Creatine and Phosphocreatine (NOT normalized to voxel tissue fraction by volume)(Left frontal white matter)","",,"","",""
mrs_avg_cr_pcr_l_pwm,Float,0,,Optional,"Creatine and Phosphocreatine (NOT normalized to voxel tissue fraction by volume)(Left parietal white matter)","",,"","",""
mrs_avg_cr_pcr_l_th,Float,0,,Optional,"Creatine and Phosphocreatine (NOT normalized to voxel tissue fraction by volume) (Left thalamus)","",,"","",""
mrs_avg_cr_pcr_ogm,Float,0,,Optional,"Creatine and Phosphocreatine (NOT normalized to voxel tissue fraction by volume)(Occipital gray matter)","",,"","",""
mrs_avg_fwhm_l_fwm,Float,0,,Optional,"Spectral linewidth: full width half maximum of peak at 2.01 ppm (Left frontal white matter)","",,"","",""
mrs_avg_fwhm_l_pwm,Float,0,,Optional,"Spectral linewidth: full width half maximum of peak at 2.01 ppm (Left parietal white matter)","",,"","",""
mrs_avg_fwhm_l_th,Float,0,,Optional,"Spectral linewidth: full width half maximum of peak at 2.01 ppm (Left thalamus)","",,"","",""
mrs_avg_fwhm_ogm,Float,0,,Optional,"Spectral linewidth: full width half maximum of peak at 2.01 ppm (Occipital gray matter)","",,"","",""
mrs_avg_gpc_pch_cr_pcr_l_fwm,Float,0,,Optional,"Ratio of choline containing compounds to creatine+phosphocreatine(Left frontal white matter)","",,"","",""
mrs_avg_gpc_pch_cr_pcr_l_pwm,Float,0,,Optional,"Ratio of choline containing compounds to creatine+phosphocreatine(Left parietal white matter)","",,"","",""
mrs_avg_gpc_pch_cr_pcr_l_th,Float,0,,Optional,"Ratio of choline containing compounds to creatine+phosphocreatine (Left thalamus)","",,"","",""
mrs_avg_gpc_pch_cr_pcr_ogm,Float,0,,Optional,"Ratio of choline containing compounds to creatine+phosphocreatine(Occipital gray matter)","",,"","",""
mrs_avg_gpc_pch_l_fwm,Integer,0,,Optional,"Choline containing compounds normalized to voxel tissue fraction by volume (NOT CSF corrected)(Left frontal white matter)","",,"","",""
mrs_avg_gpc_pch_l_pwm,Integer,0,,Optional,"Choline containing compounds normalized to voxel tissue fraction by volume (NOT CSF corrected)(Left parietal white matter)","",,"","",""
mrs_avg_gpc_pch_l_th,Integer,0,,Optional,"Choline containing compounds normalized to voxel tissue fraction by volume (NOT CSF corrected) (Left thalamus)","",,"","",""
mrs_avg_gpc_pch_ogm,Integer,0,,Optional,"Choline containing compounds normalized to voxel tissue fraction by volume (NOT CSF corrected)(Occipital gray matter)","",,"","",""
mrs_avg_naa_naag_cr_pcr_l_fwm,Float,0,,Optional,"Ratio of N-acetyl compounds to creatine+phosphocreatine (NOT CSF corrected)(Left frontal white matter)","",,"","",""
mrs_avg_naa_naag_cr_pcr_l_pwm,Float,0,,Optional,"Ratio of N-acetyl compounds to creatine+phosphocreatine (NOT CSF corrected)(Left parietal white matter)","",,"","",""
mrs_avg_naa_naag_cr_pcr_l_th,Float,0,,Optional,"Ratio of N-acetyl compounds to creatine+phosphocreatine (NOT CSF corrected) (Left thalamus)","",,"","",""
mrs_avg_naa_naag_cr_pcr_ogm,Float,0,,Optional,"Ratio of N-acetyl compounds to creatine+phosphocreatine (NOT CSF corrected)(Occipital gray matter)","",,"","",""
mrs_avg_naa_naag_l_fwm,Float,0,,Optional,"N-acetyl compounds normalized to voxel tissue fraction by volume(Left frontal white matter)","",,"","",""
mrs_avg_naa_naag_l_pwm,Float,0,,Optional,"N-acetyl compounds normalized to voxel tissue fraction by volume","",,"","",""
mrs_avg_naa_naag_l_th,Float,0,,Optional,"N-acetyl compounds normalized to voxel tissue fraction by volume (Left thalamus)","",,"","",""
mrs_avg_naa_naag_ogm,Float,0,,Optional,"N-acetyl compounds normalized to voxel tissue fraction by volume(Occipital gray matter)","",,"","",""
mrs_avg_sn_l_fwm,Integer,0,,Optional,"Spectral signal-to-noise ratio(Left frontal white matter)","",,"","",""
mrs_avg_sn_l_pwm,Integer,0,,Optional,"Spectral signal-to-noise ratio(Left parietal white matter)","",,"","",""
mrs_avg_sn_l_th,Integer,0,,Optional,"Spectral signal-to-noise ratio (Left thalamus)","",,"","",""
mrs_avg_sn_ogm,Integer,0,,Optional,"Spectral signal-to-noise ratio(Occipital gray matter)","",,"","",""
mrs_lcm_file_l_fwm,String,1024,,Optional,"Png image of MRS spectrum(Left frontal white matter)","",,"convert to file","",""
mrs_lcm_file_l_pwm,String,1024,,Optional,"Png image of MRS spectrum(Left parietal white matter)","",,"convert to file","",""
mrs_lcm_file_l_th,String,1024,,Optional,"Png image of MRS spectrum(Left thalamus)","",,"convert to file","",""
mrs_lcm_file_ogm,String,1024,,Optional,"Png image of MRS spectrum (Occipital gray matter)","",,"convert to file","",""
mrs_raw_data_file_l_fwm,String,1024,,Optional,"Original raw data file that was produced by the scanner (GE P-files & Siemens RDA Files)(Left frontal white matter)","",,"convert to file","",""
mrs_raw_data_file_l_pwm,String,1024,,Optional,"Original raw data file that was produced by the scanner (GE P-files & Siemens RDA Files)(Left parietal white matter)","",,"convert to file","",""
mrs_raw_data_file_l_th,String,1024,,Optional,"Original raw data file that was produced by the scanner (GE P-files & Siemens RDA Files)(Left thalamus)","",,"convert to file","",""
mrs_raw_data_file_ogm,String,1024,,Optional,"Original raw data file that was produced by the scanner (GE P-files & Siemens RDA Files)(Occipital gray matter)","",,"convert to file","",""
