ElementName,DataType,Size,Unit,Required,ElementDescription,ValueRange,Keywords,Notes,Section,Aliases
subjectkey,GUID,0,,Optional,"The NDAR Global Unique Identifier (GUID) for subjects which identifies a subject in NDAR","NDAR*",,"","",""
src_subject_id,String,20,,Recommended,"The site's subject identification","",,"","","Subject_ID"
brief_adult_self_bri_low_ci_90,Integer,0,,Recommended,"BRIEF Adult Version - Self Report: Behavior regulation index (BRI) lower confidence interval 90th percentile","",,"","","BRIEF_Adult_Self_Report_BRI_Lower_CI_90"
brief_adult_self_bri_pct,Integer,0,,Recommended,"BRIEF Adult Version - Self Report: Behavior regulation index (BRI) percentile","",,"","","BRIEF_Adult_Self_Report_BRI_Percentile"
brief_adult_self_bri_raw,Integer,0,,Recommended,"BRIEF Adult Version - Self Report: Behavior regulation index (BRI) raw score","",,"","","BRIEF_Adult_Self_Report_BRI_Raw"
brief_adult_self_bri_t,Integer,0,,Recommended,"BRIEF Adult Version - Self Report: Behavior regulation index (BRI) T score","",,"","","BRIEF_Adult_Self_Report_BRI_T"
brief_adult_self_bri_up_ci_90,Integer,0,,Recommended,"BRIEF Adult Version - Self Report: Behavior regulation index (BRI) upper confidence interval 90th percentile","",,"","","BRIEF_Adult_Self_Report_BRI_Upper_CI_90"
brief_adult_self_ec_low_ci_90,Integer,0,,Recommended,"BRIEF Adult Version - Self Report: Emotional Control Scale lower confidence interval 90th percentile","",,"","","BRIEF_Adult_Self_Report_Emotional_Control_Lower_CI_90"
brief_adult_self_ec_percentile,Integer,0,,Recommended,"BRIEF Adult Version - Self Report: Emotional Control Scale percentile","",,"","","BRIEF_Adult_Self_Report_Emotional_Control_Percentile"
brief_adult_self_ec_raw,Integer,0,,Recommended,"BRIEF Adult Version - Self Report: Emotional Control Scale raw score","",,"","","BRIEF_Adult_Self_Report_Emotional_Control_Raw"
brief_adult_self_ec_t,Integer,0,,Recommended,"BRIEF Adult Version - Self Report: Emotional Control Scale T score","",,"","","BRIEF_Adult_Self_Report_Emotional_Control_T"
brief_adult_self_ec_up_ci_90,Integer,0,,Recommended,"BRIEF Adult Version - Self Report: Emotional Control Scale upper confidence interval 90th percentile","",,"","","BRIEF_Adult_Self_Report_Emotional_Control_Upper_CI_90"
brief_adult_self_gec_low_ci_90,Integer,0,,Recommended,"BRIEF Adult Version - Self Report:  Global Executive Composite (GEC) lower confidence interval 90th percentile","",,"","","BRIEF_Adult_Self_Report_GEC_Lower_CI_90"
brief_adult_self_gec_pct,Integer,0,,Recommended,"BRIEF Adult Version - Self Report:  Global Executive Composite (GEC) percentile","",,"","","BRIEF_Adult_Self_Report_GEC_Percentile"
brief_adult_self_gec_raw,Integer,0,,Recommended,"BRIEF Adult Version - Self Report: Global Executive Composite (GEC) raw score","",,"","","BRIEF_Adult_Self_Report_GEC_Raw"
brief_adult_self_gec_t,Integer,0,,Recommended,"BRIEF Adult Version - Self Report:  Global Executive Composite (GEC) T score","",,"","","BRIEF_Adult_Self_Report_GEC_T"
brief_adult_self_gec_up_ci_90,Integer,0,,Recommended,"BRIEF Adult Version - Self Report:  Global Executive Composite (GEC) upper confidence interval 90th percentile","",,"","","BRIEF_Adult_Self_Report_GEC_Upper_CI_90"
brief_adult_self_inconsis_cl,String,20,,Recommended,"BRIEF Adult Version - Self Report: Inconsistency protocol classification","",,"","","BRIEF_Adult_Self_Report_Inconsistency_Classification"
brief_adult_self_inconsis_pct,String,20,,Recommended,"BRIEF Adult Version - Self Report: Inconsistency cumulative percentile","",,"","","BRIEF_Adult_Self_Report_Inconsistency_Percentile"
brief_adult_self_inconsis_sc,Integer,0,,Recommended,"BRIEF Adult Version - Self Report: Inconsistency score","",,"","","BRIEF_Adult_Self_Report_Inconsistency_Score"
brief_adult_self_infreq_class,String,20,,Recommended,"BRIEF Adult Version - Self Report: Infrequency protocol classification","",,"","","BRIEF_Adult_Self_Report_Infrequency_Classification"
brief_adult_self_infreq_pct,String,20,,Recommended,"BRIEF Adult Version - Self Report: Infrequency cumulative percentile","",,"","","BRIEF_Adult_Self_Report_Infrequency_Percentile"
brief_adult_self_infreq_score,Integer,0,,Recommended,"BRIEF Adult Version - Self Report: Infrequency score","",,"","","BRIEF_Adult_Self_Report_Infrequency_Score"
brief_adult_self_inhib_low_90,Integer,0,,Recommended,"BRIEF Adult Version - Self Report: Inhibition Scale lower confidence interval 90th percentile","",,"","","BRIEF_Adult_Self_Report_Inhibition_Lower_CI_90"
brief_adult_self_inhib_pct,Integer,0,,Recommended,"BRIEF Adult Version - Self Report: Inhibition Scale percentile","",,"","","BRIEF_Adult_Self_Report_Inhibition_Percentile"
brief_adult_self_inhib_raw,Integer,0,,Recommended,"BRIEF Adult Version - Self Report: Inhibition Scale raw score","",,"","","BRIEF_Adult_Self_Report_Inhibition_Raw"
brief_adult_self_inhib_t,Integer,0,,Recommended,"BRIEF Adult Version - Self Report: Inhibition Scale T score","",,"","","BRIEF_Adult_Self_Report_Inhibition_T"
brief_adult_self_inhib_up_90,Integer,0,,Recommended,"BRIEF Adult Version - Self Report: Inhibition Scale upper confidence interval 90th percentile","",,"","","BRIEF_Adult_Self_Report_Inhibition_Upper_CI_90"
brief_adult_self_init_low_90,Integer,0,,Recommended,"BRIEF Adult Version - Self Report: Initiate Scale lower confidence interval 90th percentile","",,"","","BRIEF_Adult_Self_Report_Initiate_Lower_CI_90"
brief_adult_self_initiate_pct,Integer,0,,Recommended,"BRIEF Adult Version - Self Report: Initiate Scale percentile","",,"","","BRIEF_Adult_Self_Report_Initiate_Percentile"
brief_adult_self_initiate_raw,Integer,0,,Recommended,"BRIEF Adult Version - Self Report: Initiate Scale raw score","",,"","","BRIEF_Adult_Self_Report_Initiate_Raw"
brief_adult_self_initiate_t,Integer,0,,Recommended,"BRIEF Adult Version - Self Report: Initiate Scale T score","",,"","","BRIEF_Adult_Self_Report_Initiate_T"
brief_adult_self_init_up_ci_90,Integer,0,,Recommended,"BRIEF Adult Version - Self Report: Initiate Scale upper confidence interval 90th percentile","",,"","","BRIEF_Adult_Self_Report_Initiate_Upper_CI_90"
brief_adult_self_mi_low_ci_90,Integer,0,,Recommended,"BRIEF Adult Version - Self Report: Metacognition index (MI) lower confidence interval 90th percentile","",,"","","BRIEF_Adult_Self_Report_MI_Lower_CI_90"
brief_adult_self_mi_percentile,Integer,0,,Recommended,"BRIEF Adult Version - Self Report: Metacognition index (MI) percentile","",,"","","BRIEF_Adult_Self_Report_MI_Percentile"
brief_adult_self_mi_raw,Integer,0,,Recommended,"BRIEF Adult Version - Self Report: Metacognition index (MI) raw score","",,"","","BRIEF_Adult_Self_Report_MI_Raw"
brief_adult_self_mi_t,Integer,0,,Recommended,"BRIEF Adult Version - Self Report: Metacognition index (MI) T score","",,"","","BRIEF_Adult_Self_Report_MI_T"
brief_adult_self_mi_up_ci_90,Integer,0,,Recommended,"BRIEF Adult Version - Self Report: Metacognition index (MI) upper confidence interval 90th percentile","",,"","","BRIEF_Adult_Self_Report_MI_Upper_CI_90"
brief_adult_self_neg_class,String,20,,Recommended,"BRIEF Adult Version - Self Report: Negativity protocol classification","",,"","","BRIEF_Adult_Self_Report_Negativity_Classification"
brief_adult_self_neg_pct,String,20,,Recommended,"BRIEF Adult Version - Self Report: Negativity cumulative percentile","",,"","","BRIEF_Adult_Self_Report_Negativity_Percentile"
brief_adult_self_neg_score,Integer,0,,Recommended,"BRIEF Adult Version - Self Report: Negativity score","",,"","","BRIEF_Adult_Self_Report_Negativity_Score"
brief_adult_self_om_low_ci_90,Integer,0,,Recommended,"BRIEF Adult Version - Self Report: Material Organization Scale lower confidence interval 90th percentile","",,"","","BRIEF_Adult_Self_Report_Organization_of_Materials_Lower_CI_90,BRIEF_Adult_Self_Report_Organization_of_Materials_Lower"
brief_adult_self_om_percentile,Integer,0,,Recommended,"BRIEF Adult Version - Self Report: Material Organization Scale percentile","",,"","","BRIEF_Adult_Self_Report_Organization_of_Materials_Perce,BRIEF_Adult_Self_Report_Organization_of_Materials_Percentile"
brief_adult_self_om_raw,Integer,0,,Recommended,"BRIEF Adult Version - Self Report: Material Organization Scale raw score","",,"","","BRIEF_Adult_Self_Report_Organization_of_Materials_Raw"
brief_adult_self_om_t,Integer,0,,Recommended,"BRIEF Adult Version - Self Report: Material Organization Scale T score","",,"","","BRIEF_Adult_Self_Report_Organization_of_Materials_T"
brief_adult_self_om_up_ci_90,Integer,0,,Recommended,"BRIEF Adult Version - Self Report: Material Organization Scale upper confidence interval 90th percentile","",,"","","BRIEF_Adult_Self_Report_Organization_of_Materials_Upper_CI_90,BRIEF_Adult_Self_Report_Organization_of_Materials_Upper"
brief_adult_self_po_low_ci_90,Integer,0,,Recommended,"BRIEF Adult Version - Self Report: Plan Organize Scale lower confidence interval 90th percentile","",,"","","BRIEF_Adult_Self_Report_Plan_Organize_Lower_CI_90"
brief_adult_self_po_percentile,Integer,0,,Recommended,"BRIEF Adult Version - Self Report: Plan Organize Scale percentile","",,"","","BRIEF_Adult_Self_Report_Plan_Organize_Percentile"
brief_adult_self_po_raw,Integer,0,,Recommended,"BRIEF Adult Version - Self Report: Plan Organize Scale raw score","",,"","","BRIEF_Adult_Self_Report_Plan_Organize_Raw"
brief_adult_self_po_t,Integer,0,,Recommended,"BRIEF Adult Version - Self Report: Plan Organize Scale T score","",,"","","BRIEF_Adult_Self_Report_Plan_Organize_T"
brief_adult_self_po_up_ci_90,Integer,0,,Recommended,"BRIEF Adult Version - Self Report: Plan Organize Scale upper confidence interval 90th percentile","",,"","","BRIEF_Adult_Self_Report_Plan_Organize_Upper_CI_90"
brief_adult_self_q1,String,2,,Recommended,"BRIEF Adult Version - Self Report: Q1 (N=Never; S=Sometimes; O=Often; NA=Not Answered)","N;S;O;NA",,"","","BRIEF_Adult_Self_Report_Q1"
brief_adult_self_q10,String,2,,Recommended,"BRIEF Adult Version - Self Report: Q10 (N=Never; S=Sometimes; O=Often; NA=Not Answered)","N;S;O;NA",,"","","BRIEF_Adult_Self_Report_Q10"
brief_adult_self_q11,String,2,,Recommended,"BRIEF Adult Version - Self Report: Q11 (N=Never; S=Sometimes; O=Often; NA=Not Answered)","N;S;O;NA",,"","","BRIEF_Adult_Self_Report_Q11"
brief_adult_self_q12,String,2,,Recommended,"BRIEF Adult Version - Self Report: Q12 (N=Never; S=Sometimes; O=Often; NA=Not Answered)","N;S;O;NA",,"","","BRIEF_Adult_Self_Report_Q12"
brief_adult_self_q13,String,2,,Recommended,"BRIEF Adult Version - Self Report: Q13 (N=Never; S=Sometimes; O=Often; NA=Not Answered)","N;S;O;NA",,"","","BRIEF_Adult_Self_Report_Q13"
brief_adult_self_q14,String,2,,Recommended,"BRIEF Adult Version - Self Report: Q14 (N=Never; S=Sometimes; O=Often; NA=Not Answered)","N;S;O;NA",,"","","BRIEF_Adult_Self_Report_Q14"
brief_adult_self_q15,String,2,,Recommended,"BRIEF Adult Version - Self Report: Q15 (N=Never; S=Sometimes; O=Often; NA=Not Answered)","N;S;O;NA",,"","","BRIEF_Adult_Self_Report_Q15"
timepoint_label,String,5,,Recommended,"User-defined timepoint/visit label - a label selected by the site at the time of registration of a new timepoint into the database.  This label is used to group all the instruments administered to a subject at a given timepoint.","",,"","","Timepoint_Label"
brief_adult_self_q17,String,2,,Recommended,"BRIEF Adult Version - Self Report: Q17 (N=Never; S=Sometimes; O=Often; NA=Not Answered)","N;S;O;NA",,"","","BRIEF_Adult_Self_Report_Q17"
brief_adult_self_q19,String,2,,Recommended,"BRIEF Adult Version - Self Report: Q19 (N=Never; S=Sometimes; O=Often; NA=Not Answered)","N;S;O;NA",,"","","BRIEF_Adult_Self_Report_Q19"
brief_adult_self_q21,String,2,,Recommended,"BRIEF Adult Version - Self Report: Q21 (N=Never; S=Sometimes; O=Often; NA=Not Answered)","N;S;O;NA",,"","","BRIEF_Adult_Self_Report_Q21"
brief_adult_self_q22,String,2,,Recommended,"BRIEF Adult Version - Self Report: Q22 (N=Never; S=Sometimes; O=Often; NA=Not Answered)","N;S;O;NA",,"","","BRIEF_Adult_Self_Report_Q22"
brief_adult_self_q23,String,2,,Recommended,"BRIEF Adult Version - Self Report: Q23 (N=Never; S=Sometimes; O=Often; NA=Not Answered)","N;S;O;NA",,"","","BRIEF_Adult_Self_Report_Q23"
brief_adult_self_q24,String,2,,Recommended,"BRIEF Adult Version - Self Report: Q24 (N=Never; S=Sometimes; O=Often; NA=Not Answered)","N;S;O;NA",,"","","BRIEF_Adult_Self_Report_Q24"
brief_adult_self_q25,String,2,,Recommended,"BRIEF Adult Version - Self Report: Q25 (N=Never; S=Sometimes; O=Often; NA=Not Answered)","N;S;O;NA",,"","","BRIEF_Adult_Self_Report_Q25"
brief_adult_self_q26,String,2,,Recommended,"BRIEF Adult Version - Self Report: Q26 (N=Never; S=Sometimes; O=Often; NA=Not Answered)","N;S;O;NA",,"","","BRIEF_Adult_Self_Report_Q26"
brief_adult_self_q27,String,2,,Recommended,"BRIEF Adult Version - Self Report: Q27 (N=Never; S=Sometimes; O=Often; NA=Not Answered)","N;S;O;NA",,"","","BRIEF_Adult_Self_Report_Q27"
brief_adult_self_q28,String,2,,Recommended,"BRIEF Adult Version - Self Report: Q28 (N=Never; S=Sometimes; O=Often; NA=Not Answered)","N;S;O;NA",,"","","BRIEF_Adult_Self_Report_Q28"
brief_adult_self_q29,String,2,,Recommended,"BRIEF Adult Version - Self Report: Q29 (N=Never; S=Sometimes; O=Often; NA=Not Answered)","N;S;O;NA",,"","","BRIEF_Adult_Self_Report_Q29"
brief_adult_self_q3,String,2,,Recommended,"BRIEF Adult Version - Self Report: Q3 (N=Never; S=Sometimes; O=Often; NA=Not Answered)","N;S;O;NA",,"","","BRIEF_Adult_Self_Report_Q3"
brief_adult_self_q30,String,2,,Recommended,"BRIEF Adult Version - Self Report: Q30 (N=Never; S=Sometimes; O=Often; NA=Not Answered)","N;S;O;NA",,"","","BRIEF_Adult_Self_Report_Q30"
brief_adult_self_q31,String,2,,Recommended,"BRIEF Adult Version - Self Report: Q31 (N=Never; S=Sometimes; O=Often; NA=Not Answered)","N;S;O;NA",,"","","BRIEF_Adult_Self_Report_Q31"
brief_adult_self_q32,String,2,,Recommended,"BRIEF Adult Version - Self Report: Q32 (N=Never; S=Sometimes; O=Often; NA=Not Answered)","N;S;O;NA",,"","","BRIEF_Adult_Self_Report_Q32"
brief_adult_self_q33,String,2,,Recommended,"BRIEF Adult Version - Self Report: Q33 (N=Never; S=Sometimes; O=Often; NA=Not Answered)","N;S;O;NA",,"","","BRIEF_Adult_Self_Report_Q33"
brief_adult_self_q34,String,2,,Recommended,"BRIEF Adult Version - Self Report: Q34 (N=Never; S=Sometimes; O=Often; NA=Not Answered)","N;S;O;NA",,"","","BRIEF_Adult_Self_Report_Q34"
brief_adult_self_q35,String,2,,Recommended,"BRIEF Adult Version - Self Report: Q35 (N=Never; S=Sometimes; O=Often; NA=Not Answered)","N;S;O;NA",,"","","BRIEF_Adult_Self_Report_Q35"
brief_adult_self_q36,String,2,,Recommended,"BRIEF Adult Version - Self Report: Q36 (N=Never; S=Sometimes; O=Often; NA=Not Answered)","N;S;O;NA",,"","","BRIEF_Adult_Self_Report_Q36"
brief_adult_self_q37,String,2,,Recommended,"BRIEF Adult Version - Self Report: Q37 (N=Never; S=Sometimes; O=Often; NA=Not Answered)","N;S;O;NA",,"","","BRIEF_Adult_Self_Report_Q37"
brief_adult_self_q38,String,2,,Recommended,"BRIEF Adult Version - Self Report: Q38 (N=Never; S=Sometimes; O=Often; NA=Not Answered)","N;S;O;NA",,"","","BRIEF_Adult_Self_Report_Q38"
brief_adult_self_q39,String,2,,Recommended,"BRIEF Adult Version - Self Report: Q39 (N=Never; S=Sometimes; O=Often; NA=Not Answered)","N;S;O;NA",,"","","BRIEF_Adult_Self_Report_Q39"
brief_adult_self_q4,String,2,,Recommended,"BRIEF Adult Version - Self Report: Q4 (N=Never; S=Sometimes; O=Often; NA=Not Answered)","N;S;O;NA",,"","","BRIEF_Adult_Self_Report_Q4"
brief_adult_self_q40,String,2,,Recommended,"BRIEF Adult Version - Self Report: Q40 (N=Never; S=Sometimes; O=Often; NA=Not Answered)","N;S;O;NA",,"","","BRIEF_Adult_Self_Report_Q40"
brief_adult_self_q41,String,2,,Recommended,"BRIEF Adult Version - Self Report: Q41 (N=Never; S=Sometimes; O=Often; NA=Not Answered)","N;S;O;NA",,"","","BRIEF_Adult_Self_Report_Q41"
brief_adult_self_q42,String,2,,Recommended,"BRIEF Adult Version - Self Report: Q42 (N=Never; S=Sometimes; O=Often; NA=Not Answered)","N;S;O;NA",,"","","BRIEF_Adult_Self_Report_Q42"
brief_adult_self_q43,String,2,,Recommended,"BRIEF Adult Version - Self Report: Q43 (N=Never; S=Sometimes; O=Often; NA=Not Answered)","N;S;O;NA",,"","","BRIEF_Adult_Self_Report_Q43"
brief_adult_self_q44,String,2,,Recommended,"BRIEF Adult Version - Self Report: Q44 (N=Never; S=Sometimes; O=Often; NA=Not Answered)","N;S;O;NA",,"","","BRIEF_Adult_Self_Report_Q44"
brief_adult_self_q45,String,2,,Recommended,"BRIEF Adult Version - Self Report: Q45 (N=Never; S=Sometimes; O=Often; NA=Not Answered)","N;S;O;NA",,"","","BRIEF_Adult_Self_Report_Q45"
brief_adult_self_q46,String,2,,Recommended,"BRIEF Adult Version - Self Report: Q46 (N=Never; S=Sometimes; O=Often; NA=Not Answered)","N;S;O;NA",,"","","BRIEF_Adult_Self_Report_Q46"
brief_adult_self_q47,String,2,,Recommended,"BRIEF Adult Version - Self Report: Q47 (N=Never; S=Sometimes; O=Often; NA=Not Answered)","N;S;O;NA",,"","","BRIEF_Adult_Self_Report_Q47"
brief_adult_self_q48,String,2,,Recommended,"BRIEF Adult Version - Self Report: Q48 (N=Never; S=Sometimes; O=Often; NA=Not Answered)","N;S;O;NA",,"","","BRIEF_Adult_Self_Report_Q48"
brief_adult_self_q49,String,2,,Recommended,"BRIEF Adult Version - Self Report: Q49 (N=Never; S=Sometimes; O=Often; NA=Not Answered)","N;S;O;NA",,"","","BRIEF_Adult_Self_Report_Q49"
brief_adult_self_q5,String,2,,Recommended,"BRIEF Adult Version - Self Report: Q5 (N=Never; S=Sometimes; O=Often; NA=Not Answered)","N;S;O;NA",,"","","BRIEF_Adult_Self_Report_Q5"
brief_adult_self_q50,String,2,,Recommended,"BRIEF Adult Version - Self Report: Q50 (N=Never; S=Sometimes; O=Often; NA=Not Answered)","N;S;O;NA",,"","","BRIEF_Adult_Self_Report_Q50"
brief_adult_self_q51,String,2,,Recommended,"BRIEF Adult Version - Self Report: Q51 (N=Never; S=Sometimes; O=Often; NA=Not Answered)","N;S;O;NA",,"","","BRIEF_Adult_Self_Report_Q51"
brief_adult_self_q52,String,2,,Recommended,"BRIEF Adult Version - Self Report: Q52 (N=Never; S=Sometimes; O=Often; NA=Not Answered)","N;S;O;NA",,"","","BRIEF_Adult_Self_Report_Q52"
brief_adult_self_q53,String,2,,Recommended,"BRIEF Adult Version - Self Report: Q53 (N=Never; S=Sometimes; O=Often; NA=Not Answered)","N;S;O;NA",,"","","BRIEF_Adult_Self_Report_Q53"
brief_adult_self_q54,String,2,,Recommended,"BRIEF Adult Version - Self Report: Q54 (N=Never; S=Sometimes; O=Often; NA=Not Answered)","N;S;O;NA",,"","","BRIEF_Adult_Self_Report_Q54"
brief_adult_self_q55,String,2,,Recommended,"BRIEF Adult Version - Self Report: Q55 (N=Never; S=Sometimes; O=Often; NA=Not Answered)","N;S;O;NA",,"","","BRIEF_Adult_Self_Report_Q55"
brief_adult_self_q56,String,2,,Recommended,"BRIEF Adult Version - Self Report: Q56 (N=Never; S=Sometimes; O=Often; NA=Not Answered)","N;S;O;NA",,"","","BRIEF_Adult_Self_Report_Q56"
brief_adult_self_q57,String,2,,Recommended,"BRIEF Adult Version - Self Report: Q57  (N=Never; S=Sometimes; O=Often; NA=Not Answered)","N;S;O;NA",,"","","BRIEF_Adult_Self_Report_Q57"
brief_adult_self_q58,String,2,,Recommended,"BRIEF Adult Version - Self Report: Q58 (N=Never; S=Sometimes; O=Often; NA=Not Answered)","N;S;O;NA",,"","","BRIEF_Adult_Self_Report_Q58"
brief_adult_self_q59,String,2,,Recommended,"BRIEF Adult Version - Self Report: Q59 (N=Never; S=Sometimes; O=Often; NA=Not Answered)","N;S;O;NA",,"","","BRIEF_Adult_Self_Report_Q59"
brief_adult_self_q6,String,2,,Recommended,"BRIEF Adult Version - Self Report: Q6 (N=Never; S=Sometimes; O=Often; NA=Not Answered)","N;S;O;NA",,"","","BRIEF_Adult_Self_Report_Q6"
brief_adult_self_q60,String,2,,Recommended,"BRIEF Adult Version - Self Report: Q60 (N=Never; S=Sometimes; O=Often; NA=Not Answered)","N;S;O;NA",,"","","BRIEF_Adult_Self_Report_Q60"
brief_adult_self_q16,String,2,,Recommended,"BRIEF Adult Version - Self Report: Q16 (N=Never; S=Sometimes; O=Often; NA=Not Answered)","N;S;O;NA",,"","","BRIEF_Adult_Self_Report_Q16"
brief_adult_self_q18,String,2,,Recommended,"BRIEF Adult Version - Self Report: Q18 (N=Never; S=Sometimes; O=Often; NA=Not Answered)","N;S;O;NA",,"","","BRIEF_Adult_Self_Report_Q18"
brief_adult_self_q2,String,2,,Recommended,"BRIEF Adult Version - Self Report: Q2 (N=Never; S=Sometimes; O=Often; NA=Not Answered)","N;S;O;NA",,"","","BRIEF_Adult_Self_Report_Q2"
brief_adult_self_q20,String,2,,Recommended,"BRIEF Adult Version - Self Report: Q20 (N=Never; S=Sometimes; O=Often; NA=Not Answered)","N;S;O;NA",,"","","BRIEF_Adult_Self_Report_Q20"
brief_adult_self_q7,String,2,,Recommended,"BRIEF Adult Version - Self Report: Q7 (N=Never; S=Sometimes; O=Often; NA=Not Answered)","N;S;O;NA",,"","","BRIEF_Adult_Self_Report_Q7"
brief_adult_self_q72,String,2,,Recommended,"BRIEF Adult Version - Self Report: Q72 (N=Never; S=Sometimes; O=Often; NA=Not Answered)","N;S;O;NA",,"","","BRIEF_Adult_Self_Report_Q72"
brief_adult_self_q74,String,2,,Recommended,"BRIEF Adult Version - Self Report: Q74 (N=Never; S=Sometimes; O=Often; NA=Not Answered)","N;S;O;NA",,"","","BRIEF_Adult_Self_Report_Q74"
brief_adult_self_q8,String,2,,Recommended,"BRIEF Adult Version - Self Report: Q8 (N=Never; S=Sometimes; O=Often; NA=Not Answered)","N;S;O;NA",,"","","BRIEF_Adult_Self_Report_Q8"
brief_adult_self_q9,String,2,,Recommended,"BRIEF Adult Version - Self Report: Q9 (N=Never; S=Sometimes; O=Often; NA=Not Answered)","N;S;O;NA",,"","","BRIEF_Adult_Self_Report_Q9"
brief_adult_self_sm_percentile,Integer,0,,Recommended,"BRIEF Adult Version - Self Report: Self Monitoring Scale percentile","",,"","","BRIEF_Adult_Self_Report_Self_Monitor_Percentile"
brief_adult_self_sm_raw,Integer,0,,Recommended,"BRIEF Adult Version - Self Report: Self Monitoring Scale raw score","",,"","","BRIEF_Adult_Self_Report_Self_Monitor_Raw"
brief_adult_self_sm_t,Integer,0,,Recommended,"BRIEF Adult Version - Self Report: Self Monitoring Scale T score","",,"","","BRIEF_Adult_Self_Report_Self_Monitor_T"
brief_adult_self_sm_up_ci_90,Integer,0,,Recommended,"BRIEF Adult Version - Self Report: Self Monitoring Scale upper confidence interval 90th percentile","",,"","","BRIEF_Adult_Self_Report_Self_Monitor_Upper_CI_90"
brief_adult_self_shift_low_90,Integer,0,,Recommended,"BRIEF Adult Version - Self Report: Shift Scale lower confidence interval 90th percentile","",,"","","BRIEF_Adult_Self_Report_Shift_Lower_CI_90"
brief_adult_self_shift_pct,Integer,0,,Recommended,"BRIEF Adult Version - Self Report: Shift Scale percentile","",,"","","BRIEF_Adult_Self_Report_Shift_Percentile"
brief_adult_self_shift_raw,Integer,0,,Recommended,"BRIEF Adult Version - Self Report: Shift Scale raw score","",,"","","BRIEF_Adult_Self_Report_Shift_Raw"
brief_adult_self_shift_t,Integer,0,,Recommended,"BRIEF Adult Version - Self Report: Shift Scale T score","",,"","","BRIEF_Adult_Self_Report_Shift_T"
brief_adult_self_shift_up_90,Integer,0,,Recommended,"BRIEF Adult Version - Self Report: Shift Scale upper confidence interval 90th percentile","",,"","","BRIEF_Adult_Self_Report_Shift_Upper_CI_90"
brief_adult_self_tm_low_ci_90,Integer,0,,Recommended,"BRIEF Adult Version - Self Report: Task Monitoring Scale lower confidence interval 90th percentile","",,"","","BRIEF_Adult_Self_Report_Task_Monitor_Lower_CI_90"
brief_adult_self_tm_raw,Integer,0,,Recommended,"BRIEF Adult Version - Self Report: Task Monitoring Scale raw score","",,"","","BRIEF_Adult_Self_Report_Task_Monitor_Raw"
brief_adult_self_tm_up_ci_90,Integer,0,,Recommended,"BRIEF Adult Version - Self Report: Task Monitoring Scale upper confidence interval 90th percentile","",,"","","BRIEF_Adult_Self_Report_Task_Monitor_Upper_CI_90"
brief_adult_self_wm_percentile,Integer,0,,Recommended,"BRIEF Adult Version - Self Report: Memory Scale percentile","",,"","","BRIEF_Adult_Self_Report_Working_Memory_Percentile"
brief_adult_self_q61,String,2,,Recommended,"BRIEF Adult Version - Self Report: Q61 (N=Never; S=Sometimes; O=Often; NA=Not Answered)","N;S;O;NA",,"","","BRIEF_Adult_Self_Report_Q61"
brief_adult_self_q62,String,2,,Recommended,"BRIEF Adult Version - Self Report: Q62 (N=Never; S=Sometimes; O=Often; NA=Not Answered)","N;S;O;NA",,"","","BRIEF_Adult_Self_Report_Q62"
brief_adult_self_q63,String,2,,Recommended,"BRIEF Adult Version - Self Report: Q63 (N=Never; S=Sometimes; O=Often; NA=Not Answered)","N;S;O;NA",,"","","BRIEF_Adult_Self_Report_Q63"
brief_adult_self_q64,String,2,,Recommended,"BRIEF Adult Version - Self Report: Q64 (N=Never; S=Sometimes; O=Often; NA=Not Answered)","N;S;O;NA",,"","","BRIEF_Adult_Self_Report_Q64"
brief_adult_self_q65,String,2,,Recommended,"BRIEF Adult Version - Self Report: Q65 (N=Never; S=Sometimes; O=Often; NA=Not Answered)","N;S;O;NA",,"","","BRIEF_Adult_Self_Report_Q65"
brief_adult_self_q66,String,2,,Recommended,"BRIEF Adult Version - Self Report: Q66 (N=Never; S=Sometimes; O=Often; NA=Not Answered)","N;S;O;NA",,"","","BRIEF_Adult_Self_Report_Q66"
brief_adult_self_q67,String,2,,Recommended,"BRIEF Adult Version - Self Report: Q67 (N=Never; S=Sometimes; O=Often; NA=Not Answered)","N;S;O;NA",,"","","BRIEF_Adult_Self_Report_Q67"
brief_adult_self_q68,String,2,,Recommended,"BRIEF Adult Version - Self Report: Q68 (N=Never; S=Sometimes; O=Often; NA=Not Answered)","N;S;O;NA",,"","","BRIEF_Adult_Self_Report_Q68"
brief_adult_self_q69,String,2,,Recommended,"BRIEF Adult Version - Self Report: Q69 (N=Never; S=Sometimes; O=Often; NA=Not Answered)","N;S;O;NA",,"","","BRIEF_Adult_Self_Report_Q69"
brief_adult_self_q70,String,2,,Recommended,"BRIEF Adult Version - Self Report: Q70 (N=Never; S=Sometimes; O=Often; NA=Not Answered)","N;S;O;NA",,"","","BRIEF_Adult_Self_Report_Q70"
brief_adult_self_q71,String,2,,Recommended,"BRIEF Adult Version - Self Report: Q71 (N=Never; S=Sometimes; O=Often; NA=Not Answered)","N;S;O;NA",,"","","BRIEF_Adult_Self_Report_Q71"
brief_adult_self_q73,String,2,,Recommended,"BRIEF Adult Version - Self Report: Q73 (N=Never; S=Sometimes; O=Often; NA=Not Answered)","N;S;O;NA",,"","","BRIEF_Adult_Self_Report_Q73"
brief_adult_self_q75,String,2,,Recommended,"BRIEF Adult Version - Self Report: Q75 (N=Never; S=Sometimes; O=Often; NA=Not Answered)","N;S;O;NA",,"","","BRIEF_Adult_Self_Report_Q75"
brief_adult_self_sm_low_ci_90,Integer,0,,Recommended,"BRIEF Adult Version - Self Report: Self Monitoring Scale lower confidence interval 90th percentile","",,"","","BRIEF_Adult_Self_Report_Self_Monitor_Lower_CI_90"
brief_adult_self_tm_percentile,Integer,0,,Recommended,"BRIEF Adult Version - Self Report: Task Monitoring Scale percentile","",,"","","BRIEF_Adult_Self_Report_Task_Monitor_Percentile"
brief_adult_self_tm_t,Integer,0,,Recommended,"BRIEF Adult Version - Self Report: Task Monitoring Scale T score","",,"","","BRIEF_Adult_Self_Report_Task_Monitor_T"
brief_adult_self_wm_low_ci_90,Integer,0,,Recommended,"BRIEF Adult Version - Self Report: Memory Scale lower confidence interval 90th percentile","",,"","","BRIEF_Adult_Self_Report_Working_Memory_Lower_CI_90"
brief_adult_self_wm_raw,Integer,0,,Recommended,"BRIEF Adult Version - Self Report: Memory Scale raw score","",,"","","BRIEF_Adult_Self_Report_Working_Memory_Raw"
brief_adult_self_wm_t,Integer,0,,Recommended,"BRIEF Adult Version - Self Report: Memory Scale T score","",,"","","BRIEF_Adult_Self_Report_Working_Memory_T"
brief_adult_self_wm_up_ci_90,Integer,0,,Recommended,"BRIEF Adult Version - Self Report: Memory Scale upper confidence interval 90th percentile","",,"","","BRIEF_Adult_Self_Report_Working_Memory_Upper_CI_90"
