ElementName,DataType,Size,Unit,Required,ElementDescription,ValueRange,Keywords,Notes,Section,Aliases
subjectkey,GUID,0,,Optional,"The NDAR Global Unique Identifier (GUID) for subjects which identifies a subject in NDAR","NDAR*",,"","",""
admin_status,String,20,,Recommended,"Instrument administration status","Complete;Partial;Not Administered;Not Applicable",,"","","BSID_II_Motor_Scale_Administration_Status"
src_subject_id,String,20,,Recommended,"The site's subject identification","",,"","","Subject_ID"
bsid_ii_motor_scale_age_group,Integer,0,,Recommended,"Bayley Scales of Infant Development II Motor Scale: Age Group - Indicator of age appropriate item set","",,"","","BSID_II_Motor_Scale_Age_Group"
bsid_ii_motor_scale_item_1,String,5,,Recommended,"Bayley Scales of Infant Development II Motor Scale: Item 1 Score (C=Credit, NC=No Credit, RF=Refused, RPT=Caregiver Report, O=Omit)","C;NC;RF;RPT;O",,"","","BSID_II_Motor_Scale_Item_1"
bsid_ii_motor_scale_item_10,String,5,,Recommended,"Bayley Scales of Infant Development II Motor Scale: Item 10 Score (C=Credit, NC=No Credit, RF=Refused, RPT=Caregiver Report, O=Omit)","C;NC;RF;RPT;O",,"","","BSID_II_Motor_Scale_Item_10"
bsid_ii_motor_scale_item_100,String,5,,Recommended,"Bayley Scales of Infant Development II Motor Scale: Item 100 Score (C=Credit, NC=No Credit, RF=Refused, RPT=Caregiver Report, O=Omit)","C;NC;RF;RPT;O",,"","","BSID_II_Motor_Scale_Item_100"
bsid_ii_motor_scale_item_101,String,5,,Recommended,"Bayley Scales of Infant Development II Motor Scale: Item 101 Score (C=Credit, NC=No Credit, RF=Refused, RPT=Caregiver Report, O=Omit)","C;NC;RF;RPT;O",,"","","BSID_II_Motor_Scale_Item_101"
bsid_ii_motor_scale_item_102,String,5,,Recommended,"Bayley Scales of Infant Development II Motor Scale: Item 102 Score (C=Credit, NC=No Credit, RF=Refused, RPT=Caregiver Report, O=Omit)","C;NC;RF;RPT;O",,"","","BSID_II_Motor_Scale_Item_102"
bsid_ii_motor_scale_item_103,String,5,,Recommended,"Bayley Scales of Infant Development II Motor Scale: Item 103 Score (C=Credit, NC=No Credit, RF=Refused, RPT=Caregiver Report, O=Omit)","C;NC;RF;RPT;O",,"","","BSID_II_Motor_Scale_Item_103"
bsid_ii_motor_scale_item_104,String,5,,Recommended,"Bayley Scales of Infant Development II Motor Scale: Item 104 Score (C=Credit, NC=No Credit, RF=Refused, RPT=Caregiver Report, O=Omit)","C;NC;RF;RPT;O",,"","","BSID_II_Motor_Scale_Item_104"
bsid_ii_motor_scale_item_105,String,5,,Recommended,"Bayley Scales of Infant Development II Motor Scale: Item 105 Score (C=Credit, NC=No Credit, RF=Refused, RPT=Caregiver Report, O=Omit)","C;NC;RF;RPT;O",,"","","BSID_II_Motor_Scale_Item_105"
bsid_ii_motor_scale_item_106,String,5,,Recommended,"Bayley Scales of Infant Development II Motor Scale: Item 106 Score (C=Credit, NC=No Credit, RF=Refused, RPT=Caregiver Report, O=Omit)","C;NC;RF;RPT;O",,"","","BSID_II_Motor_Scale_Item_106"
bsid_ii_motor_scale_item_107,String,5,,Recommended,"Bayley Scales of Infant Development II Motor Scale: Item 107 Score (C=Credit, NC=No Credit, RF=Refused, RPT=Caregiver Report, O=Omit)","C;NC;RF;RPT;O",,"","","BSID_II_Motor_Scale_Item_107"
bsid_ii_motor_scale_item_108,String,5,,Recommended,"Bayley Scales of Infant Development II Motor Scale: Item 108 Score (C=Credit, NC=No Credit, RF=Refused, RPT=Caregiver Report, O=Omit)","C;NC;RF;RPT;O",,"","","BSID_II_Motor_Scale_Item_108"
bsid_ii_motor_scale_item_109,String,5,,Recommended,"Bayley Scales of Infant Development II Motor Scale: Item 109 Score (C=Credit, NC=No Credit, RF=Refused, RPT=Caregiver Report, O=Omit)","C;NC;RF;RPT;O",,"","","BSID_II_Motor_Scale_Item_109"
bsid_ii_motor_scale_item_11,String,5,,Recommended,"Bayley Scales of Infant Development II Motor Scale: Item 11 Score (C=Credit, NC=No Credit, RF=Refused, RPT=Caregiver Report, O=Omit)","C;NC;RF;RPT;O",,"","","BSID_II_Motor_Scale_Item_11"
bsid_ii_motor_scale_item_110,String,5,,Recommended,"Bayley Scales of Infant Development II Motor Scale: Item 110 Score (C=Credit, NC=No Credit, RF=Refused, RPT=Caregiver Report, O=Omit)","C;NC;RF;RPT;O",,"","","BSID_II_Motor_Scale_Item_110"
bsid_ii_motor_scale_item_111,String,5,,Recommended,"Bayley Scales of Infant Development II Motor Scale: Item 111 Score (C=Credit, NC=No Credit, RF=Refused, RPT=Caregiver Report, O=Omit)","C;NC;RF;RPT;O",,"","","BSID_II_Motor_Scale_Item_111"
bsid_ii_motor_scale_item_12,String,5,,Recommended,"Bayley Scales of Infant Development II Motor Scale: Item 12 Score (C=Credit, NC=No Credit, RF=Refused, RPT=Caregiver Report, O=Omit)","C;NC;RF;RPT;O",,"","","BSID_II_Motor_Scale_Item_12"
bsid_ii_motor_scale_item_13,String,5,,Recommended,"Bayley Scales of Infant Development II Motor Scale: Item 13 Score (C=Credit, NC=No Credit, RF=Refused, RPT=Caregiver Report, O=Omit)","C;NC;RF;RPT;O",,"","","BSID_II_Motor_Scale_Item_13"
bsid_ii_motor_scale_item_14,String,5,,Recommended,"Bayley Scales of Infant Development II Motor Scale: Item 14 Score (C=Credit, NC=No Credit, RF=Refused, RPT=Caregiver Report, O=Omit)","C;NC;RF;RPT;O",,"","","BSID_II_Motor_Scale_Item_14"
bsid_ii_motor_scale_item_15,String,5,,Recommended,"Bayley Scales of Infant Development II Motor Scale: Item 15 Score (C=Credit, NC=No Credit, RF=Refused, RPT=Caregiver Report, O=Omit)","C;NC;RF;RPT;O",,"","","BSID_II_Motor_Scale_Item_15"
bsid_ii_motor_scale_item_16,String,5,,Recommended,"Bayley Scales of Infant Development II Motor Scale: Item 16 Score (C=Credit, NC=No Credit, RF=Refused, RPT=Caregiver Report, O=Omit)","C;NC;RF;RPT;O",,"","","BSID_II_Motor_Scale_Item_16"
bsid_ii_motor_scale_item_17,String,5,,Recommended,"Bayley Scales of Infant Development II Motor Scale: Item 17 Score (C=Credit, NC=No Credit, RF=Refused, RPT=Caregiver Report, O=Omit)","C;NC;RF;RPT;O",,"","","BSID_II_Motor_Scale_Item_17"
bsid_ii_motor_scale_item_18,String,5,,Recommended,"Bayley Scales of Infant Development II Motor Scale: Item 18 Score (C=Credit, NC=No Credit, RF=Refused, RPT=Caregiver Report, O=Omit)","C;NC;RF;RPT;O",,"","","BSID_II_Motor_Scale_Item_18"
bsid_ii_motor_scale_item_19,String,5,,Recommended,"Bayley Scales of Infant Development II Motor Scale: Item 19 Score (C=Credit, NC=No Credit, RF=Refused, RPT=Caregiver Report, O=Omit)","C;NC;RF;RPT;O",,"","","BSID_II_Motor_Scale_Item_19"
bsid_ii_motor_scale_item_2,String,5,,Recommended,"Bayley Scales of Infant Development II Motor Scale: Item 2 Score (C=Credit, NC=No Credit, RF=Refused, RPT=Caregiver Report, O=Omit)","C;NC;RF;RPT;O",,"","","BSID_II_Motor_Scale_Item_2"
bsid_ii_motor_scale_item_20,String,5,,Recommended,"Bayley Scales of Infant Development II Motor Scale: Item 20 Score (C=Credit, NC=No Credit, RF=Refused, RPT=Caregiver Report, O=Omit)","C;NC;RF;RPT;O",,"","","BSID_II_Motor_Scale_Item_20"
bsid_ii_motor_scale_item_21,String,5,,Recommended,"Bayley Scales of Infant Development II Motor Scale: Item 21 Score (C=Credit, NC=No Credit, RF=Refused, RPT=Caregiver Report, O=Omit)","C;NC;RF;RPT;O",,"","","BSID_II_Motor_Scale_Item_21"
bsid_ii_motor_scale_item_22,String,5,,Recommended,"Bayley Scales of Infant Development II Motor Scale: Item 22 Score (C=Credit, NC=No Credit, RF=Refused, RPT=Caregiver Report, O=Omit)","C;NC;RF;RPT;O",,"","","BSID_II_Motor_Scale_Item_22"
bsid_ii_motor_scale_item_23,String,5,,Recommended,"Bayley Scales of Infant Development II Motor Scale: Item 23 Score (C=Credit, NC=No Credit, RF=Refused, RPT=Caregiver Report, O=Omit)","C;NC;RF;RPT;O",,"","","BSID_II_Motor_Scale_Item_23"
bsid_ii_motor_scale_item_24,String,5,,Recommended,"Bayley Scales of Infant Development II Motor Scale: Item 24 Score (C=Credit, NC=No Credit, RF=Refused, RPT=Caregiver Report, O=Omit)","C;NC;RF;RPT;O",,"","","BSID_II_Motor_Scale_Item_24"
bsid_ii_motor_scale_item_25,String,5,,Recommended,"Bayley Scales of Infant Development II Motor Scale: Item 25 Score (C=Credit, NC=No Credit, RF=Refused, RPT=Caregiver Report, O=Omit)","C;NC;RF;RPT;O",,"","","BSID_II_Motor_Scale_Item_25"
bsid_ii_motor_scale_item_26,String,5,,Recommended,"Bayley Scales of Infant Development II Motor Scale: Item 26 Score (C=Credit, NC=No Credit, RF=Refused, RPT=Caregiver Report, O=Omit)","C;NC;RF;RPT;O",,"","","BSID_II_Motor_Scale_Item_26"
bsid_ii_motor_scale_item_27,String,5,,Recommended,"Bayley Scales of Infant Development II Motor Scale: Item 27 Score (C=Credit, NC=No Credit, RF=Refused, RPT=Caregiver Report, O=Omit)","C;NC;RF;RPT;O",,"","","BSID_II_Motor_Scale_Item_27"
bsid_ii_motor_scale_item_28,String,5,,Recommended,"Bayley Scales of Infant Development II Motor Scale: Item 28 Score (C=Credit, NC=No Credit, RF=Refused, RPT=Caregiver Report, O=Omit)","C;NC;RF;RPT;O",,"","","BSID_II_Motor_Scale_Item_28"
bsid_ii_motor_scale_item_29,String,5,,Recommended,"Bayley Scales of Infant Development II Motor Scale: Item 29 Score (C=Credit, NC=No Credit, RF=Refused, RPT=Caregiver Report, O=Omit)","C;NC;RF;RPT;O",,"","","BSID_II_Motor_Scale_Item_29"
bsid_ii_motor_scale_item_3,String,5,,Recommended,"Bayley Scales of Infant Development II Motor Scale: Item 3 Score (C=Credit, NC=No Credit, RF=Refused, RPT=Caregiver Report, O=Omit)","C;NC;RF;RPT;O",,"","","BSID_II_Motor_Scale_Item_3"
bsid_ii_motor_scale_item_30,String,5,,Recommended,"Bayley Scales of Infant Development II Motor Scale: Item 30 Score (C=Credit, NC=No Credit, RF=Refused, RPT=Caregiver Report, O=Omit)","C;NC;RF;RPT;O",,"","","BSID_II_Motor_Scale_Item_30"
bsid_ii_motor_scale_item_31,String,5,,Recommended,"Bayley Scales of Infant Development II Motor Scale: Item 31 Score (C=Credit, NC=No Credit, RF=Refused, RPT=Caregiver Report, O=Omit)","C;NC;RF;RPT;O",,"","","BSID_II_Motor_Scale_Item_31"
bsid_ii_motor_scale_item_32,String,5,,Recommended,"Bayley Scales of Infant Development II Motor Scale: Item 32 Score (C=Credit, NC=No Credit, RF=Refused, RPT=Caregiver Report, O=Omit)","C;NC;RF;RPT;O",,"","","BSID_II_Motor_Scale_Item_32"
bsid_ii_motor_scale_item_33,String,5,,Recommended,"Bayley Scales of Infant Development II Motor Scale: Item 33 Score (C=Credit, NC=No Credit, RF=Refused, RPT=Caregiver Report, O=Omit)","C;NC;RF;RPT;O",,"","","BSID_II_Motor_Scale_Item_33"
bsid_ii_motor_scale_item_50,String,5,,Recommended,"Bayley Scales of Infant Development II Motor Scale: Item 50 Score (C=Credit, NC=No Credit, RF=Refused, RPT=Caregiver Report, O=Omit)","C;NC;RF;RPT;O",,"","","BSID_II_Motor_Scale_Item_50"
bsid_ii_motor_scale_item_51,String,5,,Recommended,"Bayley Scales of Infant Development II Motor Scale: Item 51 Score (C=Credit, NC=No Credit, RF=Refused, RPT=Caregiver Report, O=Omit)","C;NC;RF;RPT;O",,"","","BSID_II_Motor_Scale_Item_51"
bsid_ii_motor_scale_item_52,String,5,,Recommended,"Bayley Scales of Infant Development II Motor Scale: Item 52 Score (C=Credit, NC=No Credit, RF=Refused, RPT=Caregiver Report, O=Omit)","C;NC;RF;RPT;O",,"","","BSID_II_Motor_Scale_Item_52"
bsid_ii_motor_scale_item_53,String,5,,Recommended,"Bayley Scales of Infant Development II Motor Scale: Item 53 Score (C=Credit, NC=No Credit, RF=Refused, RPT=Caregiver Report, O=Omit)","C;NC;RF;RPT;O",,"","","BSID_II_Motor_Scale_Item_53"
bsid_ii_motor_scale_item_54,String,5,,Recommended,"Bayley Scales of Infant Development II Motor Scale: Item 54 Score (C=Credit, NC=No Credit, RF=Refused, RPT=Caregiver Report, O=Omit)","C;NC;RF;RPT;O",,"","","BSID_II_Motor_Scale_Item_54"
bsid_ii_motor_scale_item_56,String,5,,Recommended,"Bayley Scales of Infant Development II Motor Scale: Item 56 Score (C=Credit, NC=No Credit, RF=Refused, RPT=Caregiver Report, O=Omit)","C;NC;RF;RPT;O",,"","","BSID_II_Motor_Scale_Item_56"
bsid_ii_motor_scale_item_59,String,5,,Recommended,"Bayley Scales of Infant Development II Motor Scale: Item 59 Score (C=Credit, NC=No Credit, RF=Refused, RPT=Caregiver Report, O=Omit)","C;NC;RF;RPT;O",,"","","BSID_II_Motor_Scale_Item_59"
bsid_ii_motor_scale_item_60,String,5,,Recommended,"Bayley Scales of Infant Development II Motor Scale: Item 60 Score (C=Credit, NC=No Credit, RF=Refused, RPT=Caregiver Report, O=Omit)","C;NC;RF;RPT;O",,"","","BSID_II_Motor_Scale_Item_60"
bsid_ii_motor_scale_item_66,String,5,,Recommended,"Bayley Scales of Infant Development II Motor Scale: Item 66 Score (C=Credit, NC=No Credit, RF=Refused, RPT=Caregiver Report, O=Omit)","C;NC;RF;RPT;O",,"","","BSID_II_Motor_Scale_Item_66"
bsid_ii_motor_scale_item_67,String,5,,Recommended,"Bayley Scales of Infant Development II Motor Scale: Item 67 Score (C=Credit, NC=No Credit, RF=Refused, RPT=Caregiver Report, O=Omit)","C;NC;RF;RPT;O",,"","","BSID_II_Motor_Scale_Item_67"
bsid_ii_motor_scale_item_69,String,5,,Recommended,"Bayley Scales of Infant Development II Motor Scale: Item 69 Score (C=Credit, NC=No Credit, RF=Refused, RPT=Caregiver Report, O=Omit)","C;NC;RF;RPT;O",,"","","BSID_II_Motor_Scale_Item_69"
bsid_ii_motor_scale_item_70,String,5,,Recommended,"Bayley Scales of Infant Development II Motor Scale: Item 70 Score (C=Credit, NC=No Credit, RF=Refused, RPT=Caregiver Report, O=Omit)","C;NC;RF;RPT;O",,"","","BSID_II_Motor_Scale_Item_70"
bsid_ii_motor_scale_item_72,String,5,,Recommended,"Bayley Scales of Infant Development II Motor Scale: Item 72 Score (C=Credit, NC=No Credit, RF=Refused, RPT=Caregiver Report, O=Omit)","C;NC;RF;RPT;O",,"","","BSID_II_Motor_Scale_Item_72"
bsid_ii_motor_scale_item_73,String,5,,Recommended,"Bayley Scales of Infant Development II Motor Scale: Item 73 Score (C=Credit, NC=No Credit, RF=Refused, RPT=Caregiver Report, O=Omit)","C;NC;RF;RPT;O",,"","","BSID_II_Motor_Scale_Item_73"
bsid_ii_motor_scale_item_74,String,5,,Recommended,"Bayley Scales of Infant Development II Motor Scale: Item 74 Score (C=Credit, NC=No Credit, RF=Refused, RPT=Caregiver Report, O=Omit)","C;NC;RF;RPT;O",,"","","BSID_II_Motor_Scale_Item_74"
bsid_ii_motor_scale_item_75,String,5,,Recommended,"Bayley Scales of Infant Development II Motor Scale: Item 75 Score (C=Credit, NC=No Credit, RF=Refused, RPT=Caregiver Report, O=Omit)","C;NC;RF;RPT;O",,"","","BSID_II_Motor_Scale_Item_75"
bsid_ii_motor_scale_item_76,String,5,,Recommended,"Bayley Scales of Infant Development II Motor Scale: Item 76 Score (C=Credit, NC=No Credit, RF=Refused, RPT=Caregiver Report, O=Omit)","C;NC;RF;RPT;O",,"","","BSID_II_Motor_Scale_Item_76"
bsid_ii_motor_scale_item_77,String,5,,Recommended,"Bayley Scales of Infant Development II Motor Scale: Item 77 Score (C=Credit, NC=No Credit, RF=Refused, RPT=Caregiver Report, O=Omit)","C;NC;RF;RPT;O",,"","","BSID_II_Motor_Scale_Item_77"
bsid_ii_motor_scale_item_78,String,5,,Recommended,"Bayley Scales of Infant Development II Motor Scale: Item 78 Score (C=Credit, NC=No Credit, RF=Refused, RPT=Caregiver Report, O=Omit)","C;NC;RF;RPT;O",,"","","BSID_II_Motor_Scale_Item_78"
bsid_ii_motor_scale_item_79,String,5,,Recommended,"Bayley Scales of Infant Development II Motor Scale: Item 79 Score (C=Credit, NC=No Credit, RF=Refused, RPT=Caregiver Report, O=Omit)","C;NC;RF;RPT;O",,"","","BSID_II_Motor_Scale_Item_79"
bsid_ii_motor_scale_item_8,String,5,,Recommended,"Bayley Scales of Infant Development II Motor Scale: Item 8 Score (C=Credit, NC=No Credit, RF=Refused, RPT=Caregiver Report, O=Omit)","C;NC;RF;RPT;O",,"","","BSID_II_Motor_Scale_Item_8"
bsid_ii_motor_scale_item_80,String,5,,Recommended,"Bayley Scales of Infant Development II Motor Scale: Item 80 Score (C=Credit, NC=No Credit, RF=Refused, RPT=Caregiver Report, O=Omit)","C;NC;RF;RPT;O",,"","","BSID_II_Motor_Scale_Item_80"
bsid_ii_motor_scale_item_81,String,5,,Recommended,"Bayley Scales of Infant Development II Motor Scale: Item 81 Score (C=Credit, NC=No Credit, RF=Refused, RPT=Caregiver Report, O=Omit)","C;NC;RF;RPT;O",,"","","BSID_II_Motor_Scale_Item_81"
bsid_ii_motor_scale_item_82,String,5,,Recommended,"Bayley Scales of Infant Development II Motor Scale: Item 82 Score (C=Credit, NC=No Credit, RF=Refused, RPT=Caregiver Report, O=Omit)","C;NC;RF;RPT;O",,"","","BSID_II_Motor_Scale_Item_82"
bsid_ii_motor_scale_item_83,String,5,,Recommended,"Bayley Scales of Infant Development II Motor Scale: Item 83 Score (C=Credit, NC=No Credit, RF=Refused, RPT=Caregiver Report, O=Omit)","C;NC;RF;RPT;O",,"","","BSID_II_Motor_Scale_Item_83"
bsid_ii_motor_scale_item_84,String,5,,Recommended,"Bayley Scales of Infant Development II Motor Scale: Item 84 Score (C=Credit, NC=No Credit, RF=Refused, RPT=Caregiver Report, O=Omit)","C;NC;RF;RPT;O",,"","","BSID_II_Motor_Scale_Item_84"
bsid_ii_motor_scale_item_85,String,5,,Recommended,"Bayley Scales of Infant Development II Motor Scale: Item 85 Score (C=Credit, NC=No Credit, RF=Refused, RPT=Caregiver Report, O=Omit)","C;NC;RF;RPT;O",,"","","BSID_II_Motor_Scale_Item_85"
bsid_ii_motor_scale_item_86,String,5,,Recommended,"Bayley Scales of Infant Development II Motor Scale: Item 86 Score (C=Credit, NC=No Credit, RF=Refused, RPT=Caregiver Report, O=Omit)","C;NC;RF;RPT;O",,"","","BSID_II_Motor_Scale_Item_86"
bsid_ii_motor_scale_item_87,String,5,,Recommended,"Bayley Scales of Infant Development II Motor Scale: Item 87 Score (C=Credit, NC=No Credit, RF=Refused, RPT=Caregiver Report, O=Omit)","C;NC;RF;RPT;O",,"","","BSID_II_Motor_Scale_Item_87"
bsid_ii_motor_scale_item_88,String,5,,Recommended,"Bayley Scales of Infant Development II Motor Scale: Item 88 Score (C=Credit, NC=No Credit, RF=Refused, RPT=Caregiver Report, O=Omit)","C;NC;RF;RPT;O",,"","","BSID_II_Motor_Scale_Item_88"
bsid_ii_motor_scale_item_89,String,5,,Recommended,"Bayley Scales of Infant Development II Motor Scale: Item 89 Score (C=Credit, NC=No Credit, RF=Refused, RPT=Caregiver Report, O=Omit)","C;NC;RF;RPT;O",,"","","BSID_II_Motor_Scale_Item_89"
bsid_ii_motor_scale_item_9,String,5,,Recommended,"Bayley Scales of Infant Development II Motor Scale: Item 9 Score (C=Credit, NC=No Credit, RF=Refused, RPT=Caregiver Report, O=Omit)","C;NC;RF;RPT;O",,"","","BSID_II_Motor_Scale_Item_9"
bsid_ii_motor_scale_item_90,String,5,,Recommended,"Bayley Scales of Infant Development II Motor Scale: Item 90 Score (C=Credit, NC=No Credit, RF=Refused, RPT=Caregiver Report, O=Omit)","C;NC;RF;RPT;O",,"","","BSID_II_Motor_Scale_Item_90"
bsid_ii_motor_scale_item_91,String,5,,Recommended,"Bayley Scales of Infant Development II Motor Scale: Item 91 Score (C=Credit, NC=No Credit, RF=Refused, RPT=Caregiver Report, O=Omit)","C;NC;RF;RPT;O",,"","","BSID_II_Motor_Scale_Item_91"
bsid_ii_motor_scale_item_94,String,5,,Recommended,"Bayley Scales of Infant Development II Motor Scale: Item 94 Score (C=Credit, NC=No Credit, RF=Refused, RPT=Caregiver Report, O=Omit)","C;NC;RF;RPT;O",,"","","BSID_II_Motor_Scale_Item_94"
bsid_ii_motor_scale_item_95,String,5,,Recommended,"Bayley Scales of Infant Development II Motor Scale: Item 95 Score (C=Credit, NC=No Credit, RF=Refused, RPT=Caregiver Report, O=Omit)","C;NC;RF;RPT;O",,"","","BSID_II_Motor_Scale_Item_95"
bsid_ii_motor_scale_item_96,String,5,,Recommended,"Bayley Scales of Infant Development II Motor Scale: Item 96 Score (C=Credit, NC=No Credit, RF=Refused, RPT=Caregiver Report, O=Omit)","C;NC;RF;RPT;O",,"","","BSID_II_Motor_Scale_Item_96"
bsid_ii_motor_scale_item_99,String,5,,Recommended,"Bayley Scales of Infant Development II Motor Scale: Item 99 Score (C=Credit, NC=No Credit, RF=Refused, RPT=Caregiver Report, O=Omit)","C;NC;RF;RPT;O",,"","","BSID_II_Motor_Scale_Item_99"
bsid_ii_motor_pdi_90_pct_conf,String,10,,Recommended,"Bayley Scales of Infant Development II Motor Scale: 90th Percentile Confidence Interval","",,"","","BSID_II_Motor_Scale_PDI_90th_Percentile_Confidence_Inte,BSID_II_Motor_Scale_PDI_90th_Percentile_Confidence_Interval"
bsid_ii_motor_pdi_dev_age_mos,Integer,0,,Recommended,"Bayley Scales of Infant Development II Motor Scale: Developmental Age In Months (i.e., Age Equivalent)","",,"","","BSID_II_Motor_Scale_PDI_Developmental_Age_In_Months"
bsid_ii_motor_scale_raw_score,Integer,0,,Recommended,"Bayley Scales of Infant Development II Motor Scale: Raw Score","",,"","","BSID_II_Motor_Scale_Raw_Score"
bsid_ii_motor_scale_item_92,String,5,,Recommended,"Bayley Scales of Infant Development II Motor Scale: Item 92 Score (C=Credit, NC=No Credit, RF=Refused, RPT=Caregiver Report, O=Omit)","C;NC;RF;RPT;O",,"","","BSID_II_Motor_Scale_Item_92"
bsid_ii_motor_scale_item_93,String,5,,Recommended,"Bayley Scales of Infant Development II Motor Scale: Item 93 Score (C=Credit, NC=No Credit, RF=Refused, RPT=Caregiver Report, O=Omit)","C;NC;RF;RPT;O",,"","","BSID_II_Motor_Scale_Item_93"
bsid_ii_motor_scale_item_97,String,5,,Recommended,"Bayley Scales of Infant Development II Motor Scale: Item 97 Score (C=Credit, NC=No Credit, RF=Refused, RPT=Caregiver Report, O=Omit)","C;NC;RF;RPT;O",,"","","BSID_II_Motor_Scale_Item_97"
bsid_ii_motor_scale_item_98,String,5,,Recommended,"Bayley Scales of Infant Development II Motor Scale: Item 98 Score (C=Credit, NC=No Credit, RF=Refused, RPT=Caregiver Report, O=Omit)","C;NC;RF;RPT;O",,"","","BSID_II_Motor_Scale_Item_98"
bsid_ii_motor_scale_pdi,Integer,0,,Recommended,"Bayley Scales of Infant Development II Motor Scale: Psychomotor Development Index (PDI)","",,"","","BSID_II_Motor_Scale_PDI"
bsid_ii_motor_pdi_95_pct_conf,String,10,,Recommended,"Bayley Scales of Infant Development II Motor Scale: 95th Percentile Confidence Interval","",,"","","BSID_II_Motor_Scale_PDI_95th_Percentile_Confidence_Inte,BSID_II_Motor_Scale_PDI_95th_Percentile_Confidence_Interval"
age_in_days_dot_to_edc,Integer,0,,Recommended,"Age in days obtained by subtracting the Expected Date of Confinement (EDC/Due Date) from the date of test","",,"","","BSID_II_Motor_Scale_Age_in_Days_DOT_to_EDC"
timepoint_label,String,5,,Recommended,"User-defined timepoint/visit label - a label selected by the site at the time of registration of a new timepoint into the database.  This label is used to group all the instruments administered to a subject at a given timepoint.","",,"","","Timepoint_Label"
bsid_ii_motor_scale_item_34,String,5,,Recommended,"Bayley Scales of Infant Development II Motor Scale: Item 34 Score (C=Credit, NC=No Credit, RF=Refused, RPT=Caregiver Report, O=Omit)","C;NC;RF;RPT;O",,"","","BSID_II_Motor_Scale_Item_34"
bsid_ii_motor_scale_item_35,String,5,,Recommended,"Bayley Scales of Infant Development II Motor Scale: Item 35 Score (C=Credit, NC=No Credit, RF=Refused, RPT=Caregiver Report, O=Omit)","C;NC;RF;RPT;O",,"","","BSID_II_Motor_Scale_Item_35"
bsid_ii_motor_scale_item_36,String,5,,Recommended,"Bayley Scales of Infant Development II Motor Scale: Item 36 Score (C=Credit, NC=No Credit, RF=Refused, RPT=Caregiver Report, O=Omit)","C;NC;RF;RPT;O",,"","","BSID_II_Motor_Scale_Item_36"
bsid_ii_motor_scale_item_37,String,5,,Recommended,"Bayley Scales of Infant Development II Motor Scale: Item 37 Score (C=Credit, NC=No Credit, RF=Refused, RPT=Caregiver Report, O=Omit)","C;NC;RF;RPT;O",,"","","BSID_II_Motor_Scale_Item_37"
bsid_ii_motor_scale_item_38,String,5,,Recommended,"Bayley Scales of Infant Development II Motor Scale: Item 38 Score (C=Credit, NC=No Credit, RF=Refused, RPT=Caregiver Report, O=Omit)","C;NC;RF;RPT;O",,"","","BSID_II_Motor_Scale_Item_38"
bsid_ii_motor_scale_item_39,String,5,,Recommended,"Bayley Scales of Infant Development II Motor Scale: Item 39 Score (C=Credit, NC=No Credit, RF=Refused, RPT=Caregiver Report, O=Omit)","C;NC;RF;RPT;O",,"","","BSID_II_Motor_Scale_Item_39"
bsid_ii_motor_scale_item_4,String,5,,Recommended,"Bayley Scales of Infant Development II Motor Scale: Item 4 Score (C=Credit, NC=No Credit, RF=Refused, RPT=Caregiver Report, O=Omit)","C;NC;RF;RPT;O",,"","","BSID_II_Motor_Scale_Item_4"
bsid_ii_motor_scale_item_40,String,5,,Recommended,"Bayley Scales of Infant Development II Motor Scale: Item 40 Score (C=Credit, NC=No Credit, RF=Refused, RPT=Caregiver Report, O=Omit)","C;NC;RF;RPT;O",,"","","BSID_II_Motor_Scale_Item_40"
bsid_ii_motor_scale_item_41,String,5,,Recommended,"Bayley Scales of Infant Development II Motor Scale: Item 41 Score (C=Credit, NC=No Credit, RF=Refused, RPT=Caregiver Report, O=Omit)","C;NC;RF;RPT;O",,"","","BSID_II_Motor_Scale_Item_41"
bsid_ii_motor_scale_item_42,String,5,,Recommended,"Bayley Scales of Infant Development II Motor Scale: Item 42 Score (C=Credit, NC=No Credit, RF=Refused, RPT=Caregiver Report, O=Omit)","C;NC;RF;RPT;O",,"","","BSID_II_Motor_Scale_Item_42"
bsid_ii_motor_scale_item_43,String,5,,Recommended,"Bayley Scales of Infant Development II Motor Scale: Item 43 Score (C=Credit, NC=No Credit, RF=Refused, RPT=Caregiver Report, O=Omit)","C;NC;RF;RPT;O",,"","","BSID_II_Motor_Scale_Item_43"
bsid_ii_motor_scale_item_44,String,5,,Recommended,"Bayley Scales of Infant Development II Motor Scale: Item 44 Score (C=Credit, NC=No Credit, RF=Refused, RPT=Caregiver Report, O=Omit)","C;NC;RF;RPT;O",,"","","BSID_II_Motor_Scale_Item_44"
bsid_ii_motor_scale_item_45,String,5,,Recommended,"Bayley Scales of Infant Development II Motor Scale: Item 45 Score (C=Credit, NC=No Credit, RF=Refused, RPT=Caregiver Report, O=Omit)","C;NC;RF;RPT;O",,"","","BSID_II_Motor_Scale_Item_45"
bsid_ii_motor_scale_item_46,String,5,,Recommended,"Bayley Scales of Infant Development II Motor Scale: Item 46 Score (C=Credit, NC=No Credit, RF=Refused, RPT=Caregiver Report, O=Omit)","C;NC;RF;RPT;O",,"","","BSID_II_Motor_Scale_Item_46"
bsid_ii_motor_scale_item_47,String,5,,Recommended,"Bayley Scales of Infant Development II Motor Scale: Item 47 Score (C=Credit, NC=No Credit, RF=Refused, RPT=Caregiver Report, O=Omit)","C;NC;RF;RPT;O",,"","","BSID_II_Motor_Scale_Item_47"
bsid_ii_motor_scale_item_48,String,5,,Recommended,"Bayley Scales of Infant Development II Motor Scale: Item 48 Score (C=Credit, NC=No Credit, RF=Refused, RPT=Caregiver Report, O=Omit)","C;NC;RF;RPT;O",,"","","BSID_II_Motor_Scale_Item_48"
bsid_ii_motor_scale_item_49,String,5,,Recommended,"Bayley Scales of Infant Development II Motor Scale: Item 49 Score (C=Credit, NC=No Credit, RF=Refused, RPT=Caregiver Report, O=Omit)","C;NC;RF;RPT;O",,"","","BSID_II_Motor_Scale_Item_49"
bsid_ii_motor_scale_item_5,String,5,,Recommended,"Bayley Scales of Infant Development II Motor Scale: Item 5 Score (C=Credit, NC=No Credit, RF=Refused, RPT=Caregiver Report, O=Omit)","C;NC;RF;RPT;O",,"","","BSID_II_Motor_Scale_Item_5"
bsid_ii_motor_scale_item_55,String,5,,Recommended,"Bayley Scales of Infant Development II Motor Scale: Item 55 Score (C=Credit, NC=No Credit, RF=Refused, RPT=Caregiver Report, O=Omit)","C;NC;RF;RPT;O",,"","","BSID_II_Motor_Scale_Item_55"
bsid_ii_motor_scale_item_57,String,5,,Recommended,"Bayley Scales of Infant Development II Motor Scale: Item 57 Score (C=Credit, NC=No Credit, RF=Refused, RPT=Caregiver Report, O=Omit)","C;NC;RF;RPT;O",,"","","BSID_II_Motor_Scale_Item_57"
bsid_ii_motor_scale_item_58,String,5,,Recommended,"Bayley Scales of Infant Development II Motor Scale: Item 58 Score (C=Credit, NC=No Credit, RF=Refused, RPT=Caregiver Report, O=Omit)","C;NC;RF;RPT;O",,"","","BSID_II_Motor_Scale_Item_58"
bsid_ii_motor_scale_item_6,String,5,,Recommended,"Bayley Scales of Infant Development II Motor Scale: Item 6 Score (C=Credit, NC=No Credit, RF=Refused, RPT=Caregiver Report, O=Omit)","C;NC;RF;RPT;O",,"","","BSID_II_Motor_Scale_Item_6"
bsid_ii_motor_scale_item_61,String,5,,Recommended,"Bayley Scales of Infant Development II Motor Scale: Item 61 Score (C=Credit, NC=No Credit, RF=Refused, RPT=Caregiver Report, O=Omit)","C;NC;RF;RPT;O",,"","","BSID_II_Motor_Scale_Item_61"
bsid_ii_motor_scale_item_62,String,5,,Recommended,"Bayley Scales of Infant Development II Motor Scale: Item 62 Score (C=Credit, NC=No Credit, RF=Refused, RPT=Caregiver Report, O=Omit)","C;NC;RF;RPT;O",,"","","BSID_II_Motor_Scale_Item_62"
bsid_ii_motor_scale_item_63,String,5,,Recommended,"Bayley Scales of Infant Development II Motor Scale: Item 63 Score (C=Credit, NC=No Credit, RF=Refused, RPT=Caregiver Report, O=Omit)","C;NC;RF;RPT;O",,"","","BSID_II_Motor_Scale_Item_63"
bsid_ii_motor_scale_item_64,String,5,,Recommended,"Bayley Scales of Infant Development II Motor Scale: Item 64 Score (C=Credit, NC=No Credit, RF=Refused, RPT=Caregiver Report, O=Omit)","C;NC;RF;RPT;O",,"","","BSID_II_Motor_Scale_Item_64"
bsid_ii_motor_scale_item_65,String,5,,Recommended,"Bayley Scales of Infant Development II Motor Scale: Item 65 Score (C=Credit, NC=No Credit, RF=Refused, RPT=Caregiver Report, O=Omit)","C;NC;RF;RPT;O",,"","","BSID_II_Motor_Scale_Item_65"
bsid_ii_motor_scale_item_68,String,5,,Recommended,"Bayley Scales of Infant Development II Motor Scale: Item 68 Score (C=Credit, NC=No Credit, RF=Refused, RPT=Caregiver Report, O=Omit)","C;NC;RF;RPT;O",,"","","BSID_II_Motor_Scale_Item_68"
bsid_ii_motor_scale_item_7,String,5,,Recommended,"Bayley Scales of Infant Development II Motor Scale: Item 7 Score (C=Credit, NC=No Credit, RF=Refused, RPT=Caregiver Report, O=Omit)","C;NC;RF;RPT;O",,"","","BSID_II_Motor_Scale_Item_7"
bsid_ii_motor_scale_item_71,String,5,,Recommended,"Bayley Scales of Infant Development II Motor Scale: Item 71 Score (C=Credit, NC=No Credit, RF=Refused, RPT=Caregiver Report, O=Omit)","C;NC;RF;RPT;O",,"","","BSID_II_Motor_Scale_Item_71"
