ElementName,DataType,Size,Unit,Required,ElementDescription,ValueRange,Keywords,Notes,Section,Aliases
subjectkey,GUID,0,,Optional,"The NDAR Global Unique Identifier (GUID) for subjects which identifies a subject in NDAR","NDAR*",,"","",""
admin_status,String,20,,Recommended,"Instrument administration status","Complete;Partial;Not Administered;Not Applicable",,"","","PLS3_Administration_Status"
src_subject_id,String,20,,Recommended,"The site's subject identification","",,"","","Subject_ID"
timepoint_label,String,5,,Recommended,"User-defined timepoint/visit label - a label selected by the site at the time of registration of a new timepoint into the database.  This label is used to group all the instruments administered to a subject at a given timepoint.","",,"","","Timepoint_Label"
pls3_auditory_comp_age_equiv,String,10,,Recommended,"Preschool Language Scale-3: Auditory Comprehension Age Equivalent in months","",,"","","PLS3_Auditory_Comprehension_Age_Equivalent"
pls3_auditory_comp_pct_rank,Integer,0,,Recommended,"Preschool Language Scale-3: Auditory Comprehension Percentile Rank","",,"","","PLS3_Auditory_Comprehension_Percentile_Rank"
pls3_auditory_comp_q_1,String,2,,Recommended,"Preschool Language Scale-3: Auditory Comprehension subtest item 1 (0, 1, NA= Not Provided) ","0;1;NA",,"","","PLS3_Auditory_Comprehension_Q_1"
pls3_auditory_comp_q_10,String,2,,Recommended,"Preschool Language Scale-3: Auditory Comprehension subtest item 10 (0, 1, NA= Not Provided) ","0;1;NA",,"","","PLS3_Auditory_Comprehension_Q_10"
pls3_auditory_comp_q_12,String,2,,Recommended,"Preschool Language Scale-3: Auditory Comprehension subtest item 12 (0, 1, NA= Not Provided) ","0;1;NA",,"","","PLS3_Auditory_Comprehension_Q_12"
pls3_auditory_comp_q_13,String,2,,Recommended,"Preschool Language Scale-3: Auditory Comprehension subtest item 13 (0, 1, NA= Not Provided) ","0;1;NA",,"","","PLS3_Auditory_Comprehension_Q_13"
pls3_auditory_comp_q_17,String,2,,Recommended,"Preschool Language Scale-3: Auditory Comprehension subtest item 17 (0, 1, NA= Not Provided) ","0;1;NA",,"","","PLS3_Auditory_Comprehension_Q_17"
pls3_auditory_comp_q_18,String,2,,Recommended,"Preschool Language Scale-3: Auditory Comprehension subtest item 18 (0, 1, NA= Not Provided) ","0;1;NA",,"","","PLS3_Auditory_Comprehension_Q_18"
pls3_auditory_comp_q_19,String,2,,Recommended,"Preschool Language Scale-3: Auditory Comprehension subtest item 19 (0, 1, NA= Not Provided) ","0;1;NA",,"","","PLS3_Auditory_Comprehension_Q_19"
pls3_auditory_comp_q_22,String,2,,Recommended,"Preschool Language Scale-3: Auditory Comprehension subtest item 22 (0, 1, NA= Not Provided) ","0;1;NA",,"","","PLS3_Auditory_Comprehension_Q_22"
pls3_auditory_comp_q_23,String,2,,Recommended,"Preschool Language Scale-3: Auditory Comprehension subtest item 23 (0, 1, NA= Not Provided) ","0;1;NA",,"","","PLS3_Auditory_Comprehension_Q_23"
pls3_auditory_comp_q_31,String,2,,Recommended,"Preschool Language Scale-3: Auditory Comprehension subtest item 31 (0, 1, NA= Not Provided) ","0;1;NA",,"","","PLS3_Auditory_Comprehension_Q_31"
pls3_auditory_comp_q_34,String,2,,Recommended,"Preschool Language Scale-3: Auditory Comprehension subtest item 34 (0, 1, NA= Not Provided) ","0;1;NA",,"","","PLS3_Auditory_Comprehension_Q_34"
pls3_auditory_comp_q_35,String,2,,Recommended,"Preschool Language Scale-3: Auditory Comprehension subtest item 35 (0, 1, NA= Not Provided) ","0;1;NA",,"","","PLS3_Auditory_Comprehension_Q_35"
pls3_auditory_comp_q_36,String,2,,Recommended,"Preschool Language Scale-3: Auditory Comprehension subtest item 36 (0, 1, NA= Not Provided) ","0;1;NA",,"","","PLS3_Auditory_Comprehension_Q_36"
pls3_auditory_comp_q_39,String,2,,Recommended,"Preschool Language Scale-3: Auditory Comprehension subtest item 39 (0, 1, NA= Not Provided) ","0;1;NA",,"","","PLS3_Auditory_Comprehension_Q_39"
pls3_auditory_comp_q_4,String,2,,Recommended,"Preschool Language Scale-3: Auditory Comprehension subtest item 4 (0, 1, NA= Not Provided) ","0;1;NA",,"","","PLS3_Auditory_Comprehension_Q_4"
pls3_auditory_comp_q_40,String,2,,Recommended,"Preschool Language Scale-3: Auditory Comprehension subtest item 40 (0, 1, NA= Not Provided) ","0;1;NA",,"","","PLS3_Auditory_Comprehension_Q_40"
pls3_auditory_comp_q_41,String,2,,Recommended,"Preschool Language Scale-3: Auditory Comprehension subtest item 41 (0, 1, NA= Not Provided) ","0;1;NA",,"","","PLS3_Auditory_Comprehension_Q_41"
pls3_auditory_comp_q_42,String,2,,Recommended,"Preschool Language Scale-3: Auditory Comprehension subtest item 42 (0, 1, NA= Not Provided) ","0;1;NA",,"","","PLS3_Auditory_Comprehension_Q_42"
pls3_auditory_comp_q_44,String,2,,Recommended,"Preschool Language Scale-3: Auditory Comprehension subtest item 44 (0, 1, NA= Not Provided) ","0;1;NA",,"","","PLS3_Auditory_Comprehension_Q_44"
pls3_auditory_comp_q_45,String,2,,Recommended,"Preschool Language Scale-3: Auditory Comprehension subtest item 45 (0, 1, NA= Not Provided) ","0;1;NA",,"","","PLS3_Auditory_Comprehension_Q_45"
pls3_auditory_comp_q_46,String,2,,Recommended,"Preschool Language Scale-3: Auditory Comprehension subtest item 46 (0, 1, NA= Not Provided) ","0;1;NA",,"","","PLS3_Auditory_Comprehension_Q_46"
pls3_auditory_comp_q_6,String,2,,Recommended,"Preschool Language Scale-3: Auditory Comprehension subtest item 6 (0, 1, NA= Not Provided) ","0;1;NA",,"","","PLS3_Auditory_Comprehension_Q_6"
pls3_auditory_comp_q_9,String,2,,Recommended,"Preschool Language Scale-3: Auditory Comprehension subtest item 9 (0, 1, NA= Not Provided) ","0;1;NA",,"","","PLS3_Auditory_Comprehension_Q_9"
pls3_expressive_comm_age_equiv,String,10,,Recommended,"Preschool Language Scale-3: Expressive Communication Age Equivalent in months","",,"","","PLS3_Expressive_Communication_Age_Equivalent"
pls3_expressive_comm_pct_rank,Integer,0,,Recommended,"Preschool Language Scale-3: Expressive Communication Percentile Rank","",,"","","PLS3_Expressive_Communication_Percentile_Rank"
pls3_expressive_comm_q_11,String,2,,Recommended,"Preschool Language Scale-3: Expressive Communication subtest item 11 (0, 1, NA= Not Provided) ","0;1;NA",,"","","PLS3_Expressive_Communication_Q_11"
pls3_expressive_comm_q_12,String,2,,Recommended,"Preschool Language Scale-3: Expressive Communication subtest item 12 (0, 1, NA= Not Provided) ","0;1;NA",,"","","PLS3_Expressive_Communication_Q_12"
pls3_expressive_comm_q_13,String,2,,Recommended,"Preschool Language Scale-3: Expressive Communication subtest item 13 (0, 1, NA= Not Provided) ","0;1;NA",,"","","PLS3_Expressive_Communication_Q_13"
pls3_expressive_comm_q_24,String,2,,Recommended,"Preschool Language Scale-3: Expressive Communication subtest item 24 (0, 1, NA= Not Provided) ","0;1;NA",,"","","PLS3_Expressive_Communication_Q_24"
pls3_expressive_comm_q_25,String,2,,Recommended,"Preschool Language Scale-3: Expressive Communication subtest item 25 (0, 1, NA= Not Provided) ","0;1;NA",,"","","PLS3_Expressive_Communication_Q_25"
pls3_expressive_comm_q_26,String,2,,Recommended,"Preschool Language Scale-3: Expressive Communication subtest item 26 (0, 1, NA= Not Provided) ","0;1;NA",,"","","PLS3_Expressive_Communication_Q_26"
pls3_expressive_comm_q_27,String,2,,Recommended,"Preschool Language Scale-3: Expressive Communication subtest item 27 (0, 1, NA= Not Provided) ","0;1;NA",,"","","PLS3_Expressive_Communication_Q_27"
pls3_expressive_comm_q_29,String,2,,Recommended,"Preschool Language Scale-3: Expressive Communication subtest item 29 (0, 1, NA= Not Provided) ","0;1;NA",,"","","PLS3_Expressive_Communication_Q_29"
pls3_expressive_comm_q_30,String,2,,Recommended,"Preschool Language Scale-3: Expressive Communication subtest item 30 (0, 1, NA= Not Provided) ","0;1;NA",,"","","PLS3_Expressive_Communication_Q_30"
pls3_expressive_comm_q_32,String,2,,Recommended,"Preschool Language Scale-3: Expressive Communication subtest item 32 (0, 1, NA= Not Provided) ","0;1;NA",,"","","PLS3_Expressive_Communication_Q_32"
age_days_dot_to_edc,Integer,0,,Recommended,"Age in days obtained by subtracting the Estimated Date of Confinement (Due Date) from the date of test","",,"","","PLS3_Age_Days_DOT_to_EDC"
pls3_auditory_comp_q_11,String,2,,Recommended,"Preschool Language Scale-3: Auditory Comprehension subtest item 11 (0, 1, NA= Not Provided) ","0;1;NA",,"","","PLS3_Auditory_Comprehension_Q_11"
pls3_auditory_comp_q_14,String,2,,Recommended,"Preschool Language Scale-3: Auditory Comprehension subtest item 14 (0, 1, NA= Not Provided) ","0;1;NA",,"","","PLS3_Auditory_Comprehension_Q_14"
pls3_auditory_comp_q_15,String,2,,Recommended,"Preschool Language Scale-3: Auditory Comprehension subtest item 15 (0, 1, NA= Not Provided) ","0;1;NA",,"","","PLS3_Auditory_Comprehension_Q_15"
pls3_auditory_comp_q_16,String,2,,Recommended,"Preschool Language Scale-3: Auditory Comprehension subtest item 16 (0, 1, NA= Not Provided) ","0;1;NA",,"","","PLS3_Auditory_Comprehension_Q_16"
pls3_auditory_comp_q_2,String,2,,Recommended,"Preschool Language Scale-3: Auditory Comprehension subtest item 2 (0, 1, NA= Not Provided) ","0;1;NA",,"","","PLS3_Auditory_Comprehension_Q_2"
pls3_auditory_comp_q_20,String,2,,Recommended,"Preschool Language Scale-3: Auditory Comprehension subtest item 20 (0, 1, NA= Not Provided) ","0;1;NA",,"","","PLS3_Auditory_Comprehension_Q_20"
pls3_auditory_comp_q_21,String,2,,Recommended,"Preschool Language Scale-3: Auditory Comprehension subtest item 21 (0, 1, NA= Not Provided) ","0;1;NA",,"","","PLS3_Auditory_Comprehension_Q_21"
pls3_auditory_comp_q_24,String,2,,Recommended,"Preschool Language Scale-3: Auditory Comprehension subtest item 24 (0, 1, NA= Not Provided) ","0;1;NA",,"","","PLS3_Auditory_Comprehension_Q_24"
pls3_auditory_comp_q_25,String,2,,Recommended,"Preschool Language Scale-3: Auditory Comprehension subtest item 25 (0, 1, NA= Not Provided) ","0;1;NA",,"","","PLS3_Auditory_Comprehension_Q_25"
pls3_auditory_comp_q_26,String,2,,Recommended,"Preschool Language Scale-3: Auditory Comprehension subtest item 26 (0, 1, NA= Not Provided) ","0;1;NA",,"","","PLS3_Auditory_Comprehension_Q_26"
pls3_auditory_comp_q_27,String,2,,Recommended,"Preschool Language Scale-3: Auditory Comprehension subtest item 27 (0, 1, NA= Not Provided) ","0;1;NA",,"","","PLS3_Auditory_Comprehension_Q_27"
pls3_auditory_comp_q_28,String,2,,Recommended,"Preschool Language Scale-3: Auditory Comprehension subtest item 28 (0, 1, NA= Not Provided) ","0;1;NA",,"","","PLS3_Auditory_Comprehension_Q_28"
pls3_auditory_comp_q_29,String,2,,Recommended,"Preschool Language Scale-3: Auditory Comprehension subtest item 29 (0, 1, NA= Not Provided) ","0;1;NA",,"","","PLS3_Auditory_Comprehension_Q_29"
pls3_auditory_comp_q_3,String,2,,Recommended,"Preschool Language Scale-3: Auditory Comprehension subtest item 3 (0, 1, NA= Not Provided) ","0;1;NA",,"","","PLS3_Auditory_Comprehension_Q_3"
pls3_auditory_comp_q_30,String,2,,Recommended,"Preschool Language Scale-3: Auditory Comprehension subtest item 30 (0, 1, NA= Not Provided) ","0;1;NA",,"","","PLS3_Auditory_Comprehension_Q_30"
pls3_auditory_comp_q_32,String,2,,Recommended,"Preschool Language Scale-3: Auditory Comprehension subtest item 32 (0, 1, NA= Not Provided) ","0;1;NA",,"","","PLS3_Auditory_Comprehension_Q_32"
pls3_auditory_comp_q_33,String,2,,Recommended,"Preschool Language Scale-3: Auditory Comprehension subtest item 33 (0, 1, NA= Not Provided) ","0;1;NA",,"","","PLS3_Auditory_Comprehension_Q_33"
pls3_auditory_comp_q_37,String,2,,Recommended,"Preschool Language Scale-3: Auditory Comprehension subtest item 37 (0, 1, NA= Not Provided) ","0;1;NA",,"","","PLS3_Auditory_Comprehension_Q_37"
pls3_auditory_comp_q_38,String,2,,Recommended,"Preschool Language Scale-3: Auditory Comprehension subtest item 38 (0, 1, NA= Not Provided) ","0;1;NA",,"","","PLS3_Auditory_Comprehension_Q_38"
pls3_auditory_comp_q_43,String,2,,Recommended,"Preschool Language Scale-3: Auditory Comprehension subtest item 43 (0, 1, NA= Not Provided) ","0;1;NA",,"","","PLS3_Auditory_Comprehension_Q_43"
pls3_auditory_comp_q_47,String,2,,Recommended,"Preschool Language Scale-3: Auditory Comprehension subtest item 47 (0, 1, NA= Not Provided) ","0;1;NA",,"","","PLS3_Auditory_Comprehension_Q_47"
pls3_auditory_comp_q_48,String,2,,Recommended,"Preschool Language Scale-3: Auditory Comprehension subtest item 48 (0, 1, NA= Not Provided) ","0;1;NA",,"","","PLS3_Auditory_Comprehension_Q_48"
pls3_auditory_comp_q_5,String,2,,Recommended,"Preschool Language Scale-3: Auditory Comprehension subtest item 5 (0, 1, NA= Not Provided) ","0;1;NA",,"","","PLS3_Auditory_Comprehension_Q_5"
pls3_auditory_comp_q_7,String,2,,Recommended,"Preschool Language Scale-3: Auditory Comprehension subtest item 7 (0, 1, NA= Not Provided) ","0;1;NA",,"","","PLS3_Auditory_Comprehension_Q_7"
pls3_auditory_comp_q_8,String,2,,Recommended,"Preschool Language Scale-3: Auditory Comprehension subtest item 8 (0, 1, NA= Not Provided) ","0;1;NA",,"","","PLS3_Auditory_Comprehension_Q_8"
pls3_auditory_comp_raw_score,Integer,0,,Recommended,"Preschool Language Scale-3: Auditory Comprehension Raw Score (Last Item Administered minus Number 0 Scores)","",,"","","PLS3_Auditory_Comprehension_Raw_Score"
pls3_auditory_comp_standard_sc,Integer,0,,Recommended,"Preschool Language Scale-3: Auditory Comprehension Standard Score","",,"","","PLS3_Auditory_Comprehension_Standard_Score"
pls3_expressive_comm_q_1,String,2,,Recommended,"Preschool Language Scale-3: Expressive Communication subtest item 1 (0, 1, NA= Not Provided) ","0;1;NA",,"","","PLS3_Expressive_Communication_Q_1"
pls3_expressive_comm_q_10,String,2,,Recommended,"Preschool Language Scale-3: Expressive Communication subtest item 10 (0, 1, NA= Not Provided) ","0;1;NA",,"","","PLS3_Expressive_Communication_Q_10"
pls3_expressive_comm_q_14,String,2,,Recommended,"Preschool Language Scale-3: Expressive Communication subtest item 14 (0, 1, NA= Not Provided) ","0;1;NA",,"","","PLS3_Expressive_Communication_Q_14"
pls3_expressive_comm_q_15,String,2,,Recommended,"Preschool Language Scale-3: Expressive Communication subtest item 15 (0, 1, NA= Not Provided) ","0;1;NA",,"","","PLS3_Expressive_Communication_Q_15"
pls3_expressive_comm_q_16,String,2,,Recommended,"Preschool Language Scale-3: Expressive Communication subtest item 16 (0, 1, NA= Not Provided) ","0;1;NA",,"","","PLS3_Expressive_Communication_Q_16"
pls3_expressive_comm_q_17,String,2,,Recommended,"Preschool Language Scale-3: Expressive Communication subtest item 17 (0, 1, NA= Not Provided) ","0;1;NA",,"","","PLS3_Expressive_Communication_Q_17"
pls3_expressive_comm_q_18,String,2,,Recommended,"Preschool Language Scale-3: Expressive Communication subtest item 18 (0, 1, NA= Not Provided) ","0;1;NA",,"","","PLS3_Expressive_Communication_Q_18"
pls3_expressive_comm_q_19,String,2,,Recommended,"Preschool Language Scale-3: Expressive Communication subtest item 19 (0, 1, NA= Not Provided) ","0;1;NA",,"","","PLS3_Expressive_Communication_Q_19"
pls3_expressive_comm_q_2,String,2,,Recommended,"Preschool Language Scale-3: Expressive Communication subtest item 2 (0, 1, NA= Not Provided) ","0;1;NA",,"","","PLS3_Expressive_Communication_Q_2"
pls3_expressive_comm_q_20,String,2,,Recommended,"Preschool Language Scale-3: Expressive Communication subtest item 20 (0, 1, NA= Not Provided) ","0;1;NA",,"","","PLS3_Expressive_Communication_Q_20"
pls3_expressive_comm_q_21,String,2,,Recommended,"Preschool Language Scale-3: Expressive Communication subtest item 21 (0, 1, NA= Not Provided) ","0;1;NA",,"","","PLS3_Expressive_Communication_Q_21"
pls3_expressive_comm_q_22,String,2,,Recommended,"Preschool Language Scale-3: Expressive Communication subtest item 22 (0, 1, NA= Not Provided) ","0;1;NA",,"","","PLS3_Expressive_Communication_Q_22"
pls3_expressive_comm_q_23,String,2,,Recommended,"Preschool Language Scale-3: Expressive Communication subtest item 23 (0, 1, NA= Not Provided) ","0;1;NA",,"","","PLS3_Expressive_Communication_Q_23"
pls3_expressive_comm_q_28,String,2,,Recommended,"Preschool Language Scale-3: Expressive Communication subtest item 28 (0, 1, NA= Not Provided) ","0;1;NA",,"","","PLS3_Expressive_Communication_Q_28"
pls3_expressive_comm_q_3,String,2,,Recommended,"Preschool Language Scale-3: Expressive Communication subtest item 3 (0, 1, NA= Not Provided) ","0;1;NA",,"","","PLS3_Expressive_Communication_Q_3"
pls3_expressive_comm_q_31,String,2,,Recommended,"Preschool Language Scale-3: Expressive Communication subtest item 31 (0, 1, NA= Not Provided) ","0;1;NA",,"","","PLS3_Expressive_Communication_Q_31"
pls3_expressive_comm_q_33,String,2,,Recommended,"Preschool Language Scale-3: Expressive Communication subtest item 33 (0, 1, NA= Not Provided) ","0;1;NA",,"","","PLS3_Expressive_Communication_Q_33"
pls3_expressive_comm_q_34,String,2,,Recommended,"Preschool Language Scale-3: Expressive Communication subtest item 34 (0, 1, NA= Not Provided) ","0;1;NA",,"","","PLS3_Expressive_Communication_Q_34"
pls3_expressive_comm_q_35,String,2,,Recommended,"Preschool Language Scale-3: Expressive Communication subtest item 35 (0, 1, NA= Not Provided) ","0;1;NA",,"","","PLS3_Expressive_Communication_Q_35"
pls3_expressive_comm_q_36,String,2,,Recommended,"Preschool Language Scale-3: Expressive Communication subtest item 36 (0, 1, NA= Not Provided) ","0;1;NA",,"","","PLS3_Expressive_Communication_Q_36"
pls3_expressive_comm_q_37,String,2,,Recommended,"Preschool Language Scale-3: Expressive Communication subtest item 37 (0, 1, NA= Not Provided) ","0;1;NA",,"","","PLS3_Expressive_Communication_Q_37"
pls3_expressive_comm_q_38,String,2,,Recommended,"Preschool Language Scale-3: Expressive Communication subtest item 38 (0, 1, NA= Not Provided) ","0;1;NA",,"","","PLS3_Expressive_Communication_Q_38"
pls3_expressive_comm_q_39,String,2,,Recommended,"Preschool Language Scale-3: Expressive Communication subtest item 39 (0, 1, NA= Not Provided) ","0;1;NA",,"","","PLS3_Expressive_Communication_Q_39"
pls3_expressive_comm_q_4,String,2,,Recommended,"Preschool Language Scale-3: Expressive Communication subtest item 4 (0, 1, NA= Not Provided) ","0;1;NA",,"","","PLS3_Expressive_Communication_Q_4"
pls3_expressive_comm_q_40,String,2,,Recommended,"Preschool Language Scale-3: Expressive Communication subtest item 40 (0, 1, NA= Not Provided) ","0;1;NA",,"","","PLS3_Expressive_Communication_Q_40"
pls3_expressive_comm_q_41,String,2,,Recommended,"Preschool Language Scale-3: Expressive Communication subtest item 41 (0, 1, NA= Not Provided) ","0;1;NA",,"","","PLS3_Expressive_Communication_Q_41"
pls3_expressive_comm_q_42,String,2,,Recommended,"Preschool Language Scale-3: Expressive Communication subtest item 42 (0, 1, NA= Not Provided) ","0;1;NA",,"","","PLS3_Expressive_Communication_Q_42"
pls3_expressive_comm_q_43,String,2,,Recommended,"Preschool Language Scale-3: Expressive Communication subtest item 43 (0, 1, NA= Not Provided) ","0;1;NA",,"","","PLS3_Expressive_Communication_Q_43"
pls3_expressive_comm_q_44,String,2,,Recommended,"Preschool Language Scale-3: Expressive Communication subtest item 44 (0, 1, NA= Not Provided) ","0;1;NA",,"","","PLS3_Expressive_Communication_Q_44"
pls3_expressive_comm_q_45,String,2,,Recommended,"Preschool Language Scale-3: Expressive Communication subtest item 45 (0, 1, NA= Not Provided) ","0;1;NA",,"","","PLS3_Expressive_Communication_Q_45"
pls3_expressive_comm_q_46,String,2,,Recommended,"Preschool Language Scale-3: Expressive Communication subtest item 46 (0, 1, NA= Not Provided) ","0;1;NA",,"","","PLS3_Expressive_Communication_Q_46"
pls3_expressive_comm_q_47,String,2,,Recommended,"Preschool Language Scale-3: Expressive Communication subtest item 47 (0, 1, NA= Not Provided) ","0;1;NA",,"","","PLS3_Expressive_Communication_Q_47"
pls3_expressive_comm_q_48,String,2,,Recommended,"Preschool Language Scale-3: Expressive Communication subtest item 48 (0, 1, NA= Not Provided) ","0;1;NA",,"","","PLS3_Expressive_Communication_Q_48"
pls3_expressive_comm_q_5,String,2,,Recommended,"Preschool Language Scale-3: Expressive Communication subtest item 5 (0, 1, NA= Not Provided) ","0;1;NA",,"","","PLS3_Expressive_Communication_Q_5"
pls3_expressive_comm_q_6,String,2,,Recommended,"Preschool Language Scale-3: Expressive Communication subtest item 6 (0, 1, NA= Not Provided) ","0;1;NA",,"","","PLS3_Expressive_Communication_Q_6"
pls3_expressive_comm_q_7,String,2,,Recommended,"Preschool Language Scale-3: Expressive Communication subtest item 7 (0, 1, NA= Not Provided) ","0;1;NA",,"","","PLS3_Expressive_Communication_Q_7"
pls3_expressive_comm_q_8,String,2,,Recommended,"Preschool Language Scale-3: Expressive Communication subtest item 8 (0, 1, NA= Not Provided) ","0;1;NA",,"","","PLS3_Expressive_Communication_Q_8"
pls3_expressive_comm_q_9,String,2,,Recommended,"Preschool Language Scale-3: Expressive Communication subtest item 9 (0, 1, NA= Not Provided) ","0;1;NA",,"","","PLS3_Expressive_Communication_Q_9"
pls3_expressive_comm_raw_score,Integer,0,,Recommended,"Preschool Language Scale-3: Expressive Commuication Raw Score (Last Item Administered minus Number 0 Scores)","",,"","","PLS3_Expressive_Communication_Raw_Score"
pls3_expressive_comm_stand_sc,Integer,0,,Recommended,"Preschool Language Scale-3: Expressive Communication Standard Score (Population mean = 100, SD = 15)","",,"","","PLS3_Expressive_Communication_Standard_Score"
pls3_total_lang_sc_age_equiv,String,10,,Recommended,"Preschool Language Scale-3: Total Language Score Age Equivalent in months","",,"","","PLS3_Total_Langauge_Score_Age_Equivalent"
pls3_total_lang_score_pct_rank,Integer,0,,Recommended,"Preschool Language Scale-3: Total Language Score Percentile Rank","",,"","","PLS3_Total_Langauge_Score_Percentile_Rank"
pls3_total_lang_score_raw_sc,Integer,0,,Recommended,"Preschool Language Scale-3: Total Language Score Raw Score (Sum of Auditory Comprehension Raw Score and Expressive Communication Raw Score)","",,"","","PLS3_Total_Langauge_Score_Raw_Score"
pls3_total_lang_sc_standard_sc,Integer,0,,Recommended,"Preschool Language Scale-3: Total Language Score Standard Score","",,"","","PLS3_Total_Langauge_Score_Standard_Score"
