ElementName,DataType,Size,Unit,Required,ElementDescription,ValueRange,Keywords,Notes,Section,Aliases
timepoint_label,String,5,,Recommended,"User-defined timepoint/visit label - a label selected by the site at the time of registration of a new timepoint into the database.  This label is used to group all the instruments administered to a subject at a given timepoint.","",,"","","Timepoint_Label"
src_subject_id,String,20,,Recommended,"The site's subject identification","",,"","","Subject_ID"
jtci_pr_selftrans1_raw_score,Integer,0,,Recommended,"JTCI Parent-Report (4:6 to 14:11 y:m): Self transcendence 1 subscale raw score","",,"","","JTCI_ParentReport_4y6m_to_14y11m_SelfTranscendence1_Raw_Score"
dps4_sep_anxiety_number_items,Integer,0,,Recommended,"DPS-4 (Youth): Separation anxiety number of items endorsed","",,"","","DPS4_Separation_Anxiety_Number_of_Items_Endorsed"
dps4_panic_number_of_items,Integer,0,,Recommended,"DPS-4 (Youth): Panic number of items endorsed (2 or more of 2 is positive for possible diagnosis)","",,"","","DPS4_Panic_Number_of_Items_Endorsed"
dps4_opp_defiant_num_items,Integer,0,,Recommended,"DPS-4 (Youth): Oppositional defiant number of items endorsed (4 or more out of 7 is positive for possible diagnosis)","",,"","","DPS4_Oppositional_Defiant_Number_of_Items_Endorsed"
dps4_marijuana_depend_num_item,Integer,0,,Recommended,"DPS-4 (Youth): Marijuana dependence number of items endorsed (1 or more out of 3 is positive for possible diagnosis)","",,"","","DPS4_Marijuana_Dependence_Number_of_Items_Endorsed"
dps4_major_depress_num_items,Integer,0,,Recommended,"DPS-4 (Youth): Major depression number of items endorsed (5 or more out of 7 is positive for possible diagnosis)","",,"","","DPS4_Major_Depression_Number_of_Items_Endorsed"
dps4_eating_disorder_num_items,Integer,0,,Recommended,"DPS-4 (Youth): Eating disorder number of items endorsed (2 or more out of 4 is positive for possible diagnosis)","",,"","","DPS4_Eating_Disorder_Number_of_Items_Endorsed"
dps4_conduct_dis_num_items,Integer,0,,Recommended,"DPS-4 (Youth): Conduct disorder number of items endorsed (2 or more out of 8 is positive for possible diagnosis)","",,"","","DPS4_Conduct_Disorder_Number_of_Items_Endorsed"
dps4_alcohol_number_of_items,Integer,0,,Recommended,"DPS-4 (Youth): Alcohol number of items endorsed (1 or more out of 4 is positive for possible diagnosis)","",,"","","DPS4_Alcohol_Number_of_Items_Endorsed"
jtci_sr_selftranc1_raw_score,Integer,0,,Recommended,"JTCI Self-Report (10:0 to 14:11 y:m): Self transcendence 1 raw score","",,"","","JTCI_SelfReport_10y_to_14y11m_SelfTrancendence1_Raw_Score"
jtci_sr_selfdirect_raw_score,Integer,0,,Recommended,"JTCI Self-Report (10:0 to 14:11 y:m): Self directedness subscale raw score","",,"","","JTCI_SelfReport_10y_to_14y11m_SelfDirect_Raw_Score"
jtci_sr_rewarddepend_raw_score,Integer,0,,Recommended,"JTCI Self-Report (10:0 to 14:11 y:m): Reward dependence subscale raw score","",,"","","JTCI_SelfReport_10y_to_14y11m_RewardDepend_Raw_Score"
jtci_sr_noveltyseeking_raw_sc,Integer,0,,Recommended,"JTCI Self-Report (10:0 to 14:11 y:m): Novelty seeking subscale raw score","",,"","","JTCI_SelfReport_10y_to_14y11m_NoveltySeeking_Raw_Score"
jtci_sr_harmavoidance_raw_sc,Integer,0,,Recommended,"JTCI Self-Report (10:0 to 14:11 y:m): Harm avoidance subscale raw score","",,"","","JTCI_SelfReport_10y_to_14y11m_HarmAvoidance_Raw_Score"
jtci_sr_cooperativeness_raw_sc,Integer,0,,Recommended,"JTCI Self-Report (10:0 to 14:11 y:m): Cooperativeness subscale raw score","",,"","","JTCI_SelfReport_10y_to_14y11m_Cooperativeness_Raw_Score"
jtci_pr_selfdirect_raw_score,Integer,0,,Recommended,"JTCI Parent-Report (4:6 to 14:11 y:m): Self directedness subscale raw score","",,"","","JTCI_ParentReport_4y6m_to_14y11m_SelfDirect_Raw_Score"
jtci_pr_rewarddepend_raw_score,Integer,0,,Recommended,"JTCI Parent-Report (4:6 to 14:11 y:m): Reward dependence subscale raw score","",,"","","JTCI_ParentReport_4y6m_to_14y11m_RewardDepend_Raw_Score"
jtci_pr_noveltyseeking_raw_sc,Integer,0,,Recommended,"JTCI Parent-Report (4:6 to 14:11 y:m): Novelty seeking subscale raw score","",,"","","JTCI_ParentReport_4y6m_to_14y11m_NoveltySeeking_Raw_Score"
jtci_pr_harmavoidance_raw_sc,Integer,0,,Recommended,"JTCI Parent-Report (4:6 to 14:11 y:m): Harm avoidance subscale raw score","",,"","","JTCI_ParentReport_4y6m_to_14y11m_HarmAvoidance_Raw_Score"
jtci_pr_cooperativeness_raw_sc,Integer,0,,Recommended,"JTCI Parent-Report (4:6 to 14:11 y:m): Cooperativeness subscale raw score","",,"","","JTCI_ParentReport_4y6m_to_14y11m_Cooperativeness_Raw_Score"
dps4_specific_phobia_num_items,Integer,0,,Recommended,"DPS-4 (Youth): Specific phobia number of items endorsed (3 or more out of 7 is positive for possible diagnosis)","",,"","","DPS4_Specific_Phobia_Number_of_Items_Endorsed"
dps4_social_phobia_num_items,Integer,0,,Recommended,"DPS-4 (Youth): Social phobia number of items endorsed (2 out of 2 is positive for possible diagnosis)","",,"","","DPS4_Social_Phobia_Number_of_Items_Endorsed"
dps4_schizophrenia_num_items,Integer,0,,Recommended,"DPS-4 (Youth): Schizophrenia number of items endorsed (2 out of 2 is positive for possible diagnosis)","",,"","","DPS4_Schizophrenia_Number_of_Items_Endorsed"
dps4_othr_sub_abused_num_items,Integer,0,,Recommended,"DPS-4 (Youth): Other substances abused number of items endorsed (1 or more out of 8 is positive for possible diagnosis)","",,"","","DPS4_Other_Substances_Abused_Number_of_Items_Endorsed"
dps4_obsess_compul_num_items,Integer,0,,Recommended,"DPS-4 (Youth): Obsessive compulsive disorder number of items endorsed (3 or more out of 5 is positive for possible diagnosis)","",,"","","DPS4_Obsessive_Compulsive_Number_of_Items_Endorsed"
dps4_mania_number_of_items,Integer,0,,Recommended,"DPS-4 (Youth): Mania number of items endorsed (4 or more out of 5 is positive for possible diagnosis)","",,"","","DPS4_Mania_Number_of_Items_Endorsed"
dps4_gen_anxiety_number_items,Integer,0,,Recommended,"DPS-4 (Youth): Generalized anxiety number of items endorsed (3 or more out of 4 is positive for possible diagnosis)","",,"","","DPS4_Generalized_Anxiety_Number_of_Items_Endorsed"
dps4_elimination_dis_num_items,Integer,0,,Recommended,"DPS-4 (Youth): Elimination disorder number of items endorsed (1 or more out of 3 is positive for possible diagnosis)","",,"","","DPS4_Elimination_Disorder_Number_of_Items_Endorsed"
dps4_agoraphobia_num_of_items,Integer,0,,Recommended,"DPS-4 (Youth): Agoraphobia number of items endorsed (2 or more out of 4 is positive for possible diagnosis)","",,"","","DPS4_Agoraphobia_Number_of_Items_Endorsed"
dps4_adhd_number_of_items,Integer,0,,Recommended,"DPS-4 (Youth): Attention deficit hyperactivity disorder number of  items endorsed (4 or more out of 6 is positive for possible diagnosis)","",,"","","DPS4_ADHD_Number_of_Items_Endorsed"
cbcl_comp_totalcompetence_t_sc,Integer,0,,Recommended,"CBCL (4-18 or 6-18): Competence scale total competence T score","",,"","","CBCL_4to18_or_6to18_Competence_Scale_TotalCompetence_T_Score"
subjectkey,GUID,0,,Optional,"The NDAR Global Unique Identifier (GUID) for subjects which identifies a subject in NDAR","NDAR*",,"","",""
tci_self_reward_dependence_t,Float,0,,Recommended,"TCI Self-Report (15y+): Reward dependence subscale T score","",,"","","TCI_SelfReport_15y_and_Up_Reward_Dependence_T"
tci_self_persistence_t,Float,0,,Recommended,"TCI Self-Report (15y+): Persistence subscale T score","",,"","","TCI_SelfReport_15y_and_Up_Persistence_T"
tci_self_novelty_seeking_t,Float,0,,Recommended,"TCI Self-Report (15y+): Novelty seeking subscale T score","",,"","","TCI_SelfReport_15y_and_Up_Novelty_Seeking_T"
tci_self_cooperativeness_t,Float,0,,Recommended,"TCI Self-Report (15y+): Total cooperativeness subscale T score","",,"","","TCI_SelfReport_15y_and_Up_Cooperativeness_T"
tci_parent_reward_dependence_t,Float,0,,Recommended,"TCI Parent-Report (15y+): Reward dependence subscale T score","",,"","","TCI_ParentReport_15y_and_Up_Reward_Dependence_T"
tci_parent_harm_avoidance_t,Float,0,,Recommended,"TCI Parent-Report (15y+): Harm avoidance subscale T score","",,"","","TCI_ParentReport_15y_and_Up_Harm_Avoidance_T"
tci_self_self_transcend_t,Float,0,,Recommended,"TCI Self-Report (15y+): Self transcend subscale T score","",,"","","TCI_SelfReport_15y_and_Up_Self_Transcend_T"
tci_self_self_directedness_t,Float,0,,Recommended,"TCI Self-Report (15y+): Self directedness subscale T score","",,"","","TCI_SelfReport_15y_and_Up_Self_Directedness_T"
tci_self_harm_avoidance_t,Float,0,,Recommended,"TCI Self-Report (15y+): Harm avoidance subscale T score","",,"","","TCI_SelfReport_15y_and_Up_Harm_Avoidance_T"
tci_parent_self_transc_t,Float,0,,Recommended,"TCI Parent-Report (15y+): Self transcendence subscale T score","",,"","","TCI_ParentReport_15y_and_Up_Self_Transcendence_T"
tci_parent_self_directedness_t,Float,0,,Recommended,"TCI Parent-Report (15y+): Self directedness subscale T score","",,"","","TCI_ParentReport_15y_and_Up_Self_Directedness_T"
tci_parent_persistence_t,Float,0,,Recommended,"TCI Parent-Report (15y+): Persistence subscale T score","",,"","","TCI_ParentReport_15y_and_Up_Persistence_T"
tci_parent_novelty_seeking_t,Float,0,,Recommended,"TCI Parent-Report (15y+): Novelty seeking subscale T score","",,"","","TCI_ParentReport_15y_and_Up_Novelty_Seeking_T"
tci_parent_cooperativeness_t,Float,0,,Recommended,"TCI Parent-Report (15y+): Total cooperativeness subscale T score","",,"","","TCI_ParentReport_15y_and_Up_Cooperativeness_T"
