ElementName,DataType,Size,Unit,Required,ElementDescription,ValueRange,Keywords,Notes,Section,Aliases
subjectkey,GUID,0,,Optional,"The NDAR Global Unique Identifier (GUID) for subjects which identifies a subject in NDAR","NDAR*",,"","",""
admin_status,String,20,,Recommended,"Instrument administration status","Complete;Partial;Not Administered;Not Applicable",,"","","RITQ_Carey_4to11_months_Administration_Status"
src_subject_id,String,20,,Recommended,"The site's subject identification","",,"","","Subject_ID"
age_in_days_dot_to_edc,Integer,0,,Recommended,"Age in days obtained by subtracting the Expected Date of Confinement (EDC/Due Date) from the date of test","",,"","","RITQ_Carey_4to11_months_Age_in_Days_DOT_to_EDC"
timepoint_label,String,5,,Recommended,"User-defined timepoint/visit label - a label selected by the site at the time of registration of a new timepoint into the database.  This label is used to group all the instruments administered to a subject at a given timepoint.","",,"","","Timepoint_Label"
ritq_carey_activ_category_sc,Float,0,,Recommended,"RITQ Carey Temperament Scales, Revised Infant Temperament Questionnaire (4 to 11 Months), Activity Category Score","",,"","","RITQ_Carey_4to11_months_Activity_Category_Score"
ritq_carey_adapt_category_sc,Float,0,,Recommended,"RITQ Carey Temperament Scales, Revised Infant Temperament Questionnaire (4 to 11 Months), Adaptability Category Score","",,"","","RITQ_Carey_4to11_months_Adaptability_Category_Score"
ritq_carey_adapt_gen_impress,String,10,,Recommended,"RITQ Carey Temperament Scales, Revised Infant Temperament Questionnaire (4 to 11 Months), Parent General Impressions Rating of Child Adaptability (Quick, Gradual)","Quick;Gradual",,"","","RITQ_Carey_4to11_months_Adaptability_General_Impressions"
ritq_carey_adapt_z_score,Float,0,,Recommended,"RITQ Carey Temperament Scales, Revised Infant Temperament Questionnaire (4 to 11 Months), Adaptability Z Score","",,"","","RITQ_Carey_4to11_months_Adaptability_Z_Score"
ritq_carey_distrct_gen_impress,String,10,,Recommended,"RITQ Carey Temperament Scales, Revised Infant Temperament Questionnaire (4 to 11 Months), Parent General Impressions Rating of Child Distractibility (Rarely, Often)","Rarely;Often",,"","","RITQ_Carey_4to11_months_Distractibility_General_Impressions"
ritq_carey_distract_z_score,Float,0,,Recommended,"RITQ Carey Temperament Scales, Revised Infant Temperament Questionnaire (4 to 11 Months), Distractibility Z Score","",,"","","RITQ_Carey_4to11_months_Distractibility_Z_Score"
ritq_carey_gen_impress_q_1,String,2,,Recommended,"RITQ Carey Temperament Scales, Revised Infant Temperament Questionnaire (4 to 11 Months), General Impression Question 1 (1=Very Inactive, 2=Inactive, 3=Somewhat Inactive, 4=Somewhat Active, 5=Active, 6=Very Active, NA=Not Provided)","1;2;3;4;5;6;NA",,"","","RITQ_Carey_4to11_months_General_Impression_Question_1"
ritq_carey_gen_impress_q_2,String,2,,Recommended,"RITQ Carey Temperament Scales, Revised Infant Temperament Questionnaire (4 to 11 Months), General Impression Question 2 (1=Very Regular, 2=Regular, 3=Somewhat Regular, 4=Somewhat Irregular, 5=Irregular, 6=Very Irregular, NA=Not Provided)","1;2;3;4;5;6;NA",,"","","RITQ_Carey_4to11_months_General_Impression_Question_2"
ritq_carey_gen_impress_q_3,String,2,,Recommended,"RITQ Carey Temperament Scales, Revised Infant Temperament Questionnaire (4 to 11 Months), General Impression Question 3 (1=Not Hesitant, 2=Very Slightly Hesitant, 3=Somewhat Hesitant, 4=Moderately Hesitant, 5=Hesitant, 6=Very Hesitant, NA=Not Provided)","1;2;3;4;5;6;NA",,"","","RITQ_Carey_4to11_months_General_Impression_Question_3"
ritq_carey_gen_impress_q_4,String,2,,Recommended,"RITQ Carey Temperament Scales, Revised Infant Temperament Questionnaire (4 to 11 Months), General Impression Question 4 ","1;2;3;4;5;6;NA",,"","","RITQ_Carey_4to11_months_General_Impression_Question_4"
ritq_carey_gen_impress_q_5,String,2,,Recommended,"RITQ Carey Temperament Scales, Revised Infant Temperament Questionnaire (4 to 11 Months), General Impression Question 5 (1=Very Mild, 2=Mild, 3=Somewhat Mild, 4=Somewhat Intense, 5=Intense, 6=Very Intense, NA=Not Provided)","1;2;3;4;5;6;NA",,"","","RITQ_Carey_4to11_months_General_Impression_Question_5"
ritq_carey_gen_impress_q_6,String,2,,Recommended,"RITQ Carey Temperament Scales, Revised Infant Temperament Questionnaire (4 to 11 Months), General Impression Question 6 (1=Very Pleasant, 2=Pleasant, 3=Somewhat Pleasant, 4=Somewhat Unpleasant, 5=Unpleasant, 6=Very Unpleasant, NA=Not Provided)","1;2;3;4;5;6;NA",,"","","RITQ_Carey_4to11_months_General_Impression_Question_6"
ritq_carey_gen_impress_q_7,String,2,,Recommended,"RITQ Carey Temperament Scales, Revised Infant Temperament Questionnaire (4 to 11 Months), General Impression Question 7 ","1;2;3;4;5;6;NA",,"","","RITQ_Carey_4to11_months_General_Impression_Question_7"
ritq_carey_gen_impress_q_8,String,2,,Recommended,"RITQ Carey Temperament Scales, Revised Infant Temperament Questionnaire (4 to 11 Months), General Impression Question 8 ","1;2;3;4;5;6;NA",,"","","RITQ_Carey_4to11_months_General_Impression_Question_8"
ritq_carey_gen_impress_q_9,String,2,,Recommended,"RITQ Carey Temperament Scales, Revised Infant Temperament Questionnaire (4 to 11 Months), General Impression Question 9 (1=Very Nonreactive, 2=Nonreactive, 3=Somewhat Nonreactive, 4=Somewhat Sensitive, 5=Sensitive, 6=Very Sensitive, NA=Not Provided)","1;2;3;4;5;6;NA",,"","","RITQ_Carey_4to11_months_General_Impression_Question_9"
ritq_carey_intens_category_sc,Float,0,,Recommended,"RITQ Carey Temperament Scales, Revised Infant Temperament Questionnaire (4 to 11 Months), Intensity Category Score (Strength of Reaction)","",,"","","RITQ_Carey_4to11_months_Intensity_Category_Score"
ritq_carey_intens_gen_impress,String,10,,Recommended,"RITQ Carey Temperament Scales, Revised Infant Temperament Questionnaire (4 to 11 Months), Parent General Impressions Rating of Child Intensity (Strength of Reaction) (Mild, Intense)","Mild;Intense",,"","","RITQ_Carey_4to11_months_Intensity_General_Impressions"
ritq_carey_mood_category_score,Float,0,,Recommended,"RITQ Carey Temperament Scales, Revised Infant Temperament Questionnaire (4 to 11 Months), Mood Category Score","",,"","","RITQ_Carey_4to11_months_Mood_Category_Score"
ritq_carey_mood_gen_impress,String,10,,Recommended,"RITQ Carey Temperament Scales, Revised Infant Temperament Questionnaire (4 to 11 Months), Parent General Impressions Rating of Child Mood (Positive, Negative)","Positive;Negative",,"","","RITQ_Carey_4to11_months_Mood_General_Impressions"
ritq_carey_persistence_z_score,Float,0,,Recommended,"RITQ Carey Temperament Scales, Revised Infant Temperament Questionnaire (4 to 11 Months), Persistence Z Score","",,"","","RITQ_Carey_4to11_months_Persistence_Z_Score"
ritq_carey_question_1,String,2,,Recommended,"RITQ Carey Temperament Scales, Revised Infant Temperament Questionnaire (4 to 11 Months), Question 1 (1=Almost Never, 2=Rarely, 3=Variable, Usually Does Not, 4=Variable, Usually Does, 5=Frequently, 6=Almost Always, NA=Not Provided)","1;2;3;4;5;6;NA",,"","","RITQ_Carey_4to11_months_Question_1"
ritq_carey_question_10,String,2,,Recommended,"RITQ Carey Temperament Scales, Revised Infant Temperament Questionnaire (4 to 11 Months), Question 10 (1=Almost Never, 2=Rarely, 3=Variable, Usually Does Not, 4=Variable, Usually Does, 5=Frequently, 6=Almost Always, NA=Not Provided)","1;2;3;4;5;6;NA",,"","","RITQ_Carey_4to11_months_Question_10"
ritq_carey_question_11,String,2,,Recommended,"RITQ Carey Temperament Scales, Revised Infant Temperament Questionnaire (4 to 11 Months), Question 11 (1=Almost Never, 2=Rarely, 3=Variable, Usually Does Not, 4=Variable, Usually Does, 5=Frequently, 6=Almost Always, NA=Not Provided)","1;2;3;4;5;6;NA",,"","","RITQ_Carey_4to11_months_Question_11"
ritq_carey_question_12,String,2,,Recommended,"RITQ Carey Temperament Scales, Revised Infant Temperament Questionnaire (4 to 11 Months), Question 12 (1=Almost Never, 2=Rarely, 3=Variable, Usually Does Not, 4=Variable, Usually Does, 5=Frequently, 6=Almost Always, NA=Not Provided)","1;2;3;4;5;6;NA",,"","","RITQ_Carey_4to11_months_Question_12"
ritq_carey_question_14,String,2,,Recommended,"RITQ Carey Temperament Scales, Revised Infant Temperament Questionnaire (4 to 11 Months), Question 14 (1=Almost Never, 2=Rarely, 3=Variable, Usually Does Not, 4=Variable, Usually Does, 5=Frequently, 6=Almost Always, NA=Not Provided)","1;2;3;4;5;6;NA",,"","","RITQ_Carey_4to11_months_Question_14"
ritq_carey_question_15,String,2,,Recommended,"RITQ Carey Temperament Scales, Revised Infant Temperament Questionnaire (4 to 11 Months), Question 15 (1=Almost Never, 2=Rarely, 3=Variable, Usually Does Not, 4=Variable, Usually Does, 5=Frequently, 6=Almost Always, NA=Not Provided)","1;2;3;4;5;6;NA",,"","","RITQ_Carey_4to11_months_Question_15"
ritq_carey_question_20,String,2,,Recommended,"RITQ Carey Temperament Scales, Revised Infant Temperament Questionnaire (4 to 11 Months), Question 20 (1=Almost Never, 2=Rarely, 3=Variable, Usually Does Not, 4=Variable, Usually Does, 5=Frequently, 6=Almost Always, NA=Not Provided)","1;2;3;4;5;6;NA",,"","","RITQ_Carey_4to11_months_Question_20"
ritq_carey_question_21,String,2,,Recommended,"RITQ Carey Temperament Scales, Revised Infant Temperament Questionnaire (4 to 11 Months), Question 21 (1=Almost Never, 2=Rarely, 3=Variable, Usually Does Not, 4=Variable, Usually Does, 5=Frequently, 6=Almost Always, NA=Not Provided)","1;2;3;4;5;6;NA",,"","","RITQ_Carey_4to11_months_Question_21"
ritq_carey_question_22,String,2,,Recommended,"RITQ Carey Temperament Scales, Revised Infant Temperament Questionnaire (4 to 11 Months), Question 22 (1=Almost Never, 2=Rarely, 3=Variable, Usually Does Not, 4=Variable, Usually Does, 5=Frequently, 6=Almost Always, NA=Not Provided)","1;2;3;4;5;6;NA",,"","","RITQ_Carey_4to11_months_Question_22"
ritq_carey_question_24,String,2,,Recommended,"RITQ Carey Temperament Scales, Revised Infant Temperament Questionnaire (4 to 11 Months), Question 24 (1=Almost Never, 2=Rarely, 3=Variable, Usually Does Not, 4=Variable, Usually Does, 5=Frequently, 6=Almost Always, NA=Not Provided)","1;2;3;4;5;6;NA",,"","","RITQ_Carey_4to11_months_Question_24"
ritq_carey_question_25,String,2,,Recommended,"RITQ Carey Temperament Scales, Revised Infant Temperament Questionnaire (4 to 11 Months), Question 25 (1=Almost Never, 2=Rarely, 3=Variable, Usually Does Not, 4=Variable, Usually Does, 5=Frequently, 6=Almost Always, NA=Not Provided)","1;2;3;4;5;6;NA",,"","","RITQ_Carey_4to11_months_Question_25"
ritq_carey_question_26,String,2,,Recommended,"RITQ Carey Temperament Scales, Revised Infant Temperament Questionnaire (4 to 11 Months), Question 26 (1=Almost Never, 2=Rarely, 3=Variable, Usually Does Not, 4=Variable, Usually Does, 5=Frequently, 6=Almost Always, NA=Not Provided)","1;2;3;4;5;6;NA",,"","","RITQ_Carey_4to11_months_Question_26"
ritq_carey_question_27,String,2,,Recommended,"RITQ Carey Temperament Scales, Revised Infant Temperament Questionnaire (4 to 11 Months), Question 27 (1=Almost Never, 2=Rarely, 3=Variable, Usually Does Not, 4=Variable, Usually Does, 5=Frequently, 6=Almost Always, NA=Not Provided)","1;2;3;4;5;6;NA",,"","","RITQ_Carey_4to11_months_Question_27"
ritq_carey_question_28,String,2,,Recommended,"RITQ Carey Temperament Scales, Revised Infant Temperament Questionnaire (4 to 11 Months), Question 28 (1=Almost Never, 2=Rarely, 3=Variable, Usually Does Not, 4=Variable, Usually Does, 5=Frequently, 6=Almost Always, NA=Not Provided)","1;2;3;4;5;6;NA",,"","","RITQ_Carey_4to11_months_Question_28"
ritq_carey_question_29,String,2,,Recommended,"RITQ Carey Temperament Scales, Revised Infant Temperament Questionnaire (4 to 11 Months), Question 29 (1=Almost Never, 2=Rarely, 3=Variable, Usually Does Not, 4=Variable, Usually Does, 5=Frequently, 6=Almost Always, NA=Not Provided)","1;2;3;4;5;6;NA",,"","","RITQ_Carey_4to11_months_Question_29"
ritq_carey_question_3,String,2,,Recommended,"RITQ Carey Temperament Scales, Revised Infant Temperament Questionnaire (4 to 11 Months), Question 3 (1=Almost Never, 2=Rarely, 3=Variable, Usually Does Not, 4=Variable, Usually Does, 5=Frequently, 6=Almost Always, NA=Not Provided)","1;2;3;4;5;6;NA",,"","","RITQ_Carey_4to11_months_Question_3"
ritq_carey_question_43,String,2,,Recommended,"RITQ Carey Temperament Scales, Revised Infant Temperament Questionnaire (4 to 11 Months), Question 43 (1=Almost Never, 2=Rarely, 3=Variable, Usually Does Not, 4=Variable, Usually Does, 5=Frequently, 6=Almost Always, NA=Not Provided)","1;2;3;4;5;6;NA",,"","","RITQ_Carey_4to11_months_Question_43"
ritq_carey_question_44,String,2,,Recommended,"RITQ Carey Temperament Scales, Revised Infant Temperament Questionnaire (4 to 11 Months), Question 44 (1=Almost Never, 2=Rarely, 3=Variable, Usually Does Not, 4=Variable, Usually Does, 5=Frequently, 6=Almost Always, NA=Not Provided)","1;2;3;4;5;6;NA",,"","","RITQ_Carey_4to11_months_Question_44"
ritq_carey_question_45,String,2,,Recommended,"RITQ Carey Temperament Scales, Revised Infant Temperament Questionnaire (4 to 11 Months), Question 45 (1=Almost Never, 2=Rarely, 3=Variable, Usually Does Not, 4=Variable, Usually Does, 5=Frequently, 6=Almost Always, NA=Not Provided)","1;2;3;4;5;6;NA",,"","","RITQ_Carey_4to11_months_Question_45"
ritq_carey_question_46,String,2,,Recommended,"RITQ Carey Temperament Scales, Revised Infant Temperament Questionnaire (4 to 11 Months), Question 46 (1=Almost Never, 2=Rarely, 3=Variable, Usually Does Not, 4=Variable, Usually Does, 5=Frequently, 6=Almost Always, NA=Not Provided)","1;2;3;4;5;6;NA",,"","","RITQ_Carey_4to11_months_Question_46"
ritq_carey_question_47,String,2,,Recommended,"RITQ Carey Temperament Scales, Revised Infant Temperament Questionnaire (4 to 11 Months), Question 47 (1=Almost Never, 2=Rarely, 3=Variable, Usually Does Not, 4=Variable, Usually Does, 5=Frequently, 6=Almost Always, NA=Not Provided)","1;2;3;4;5;6;NA",,"","","RITQ_Carey_4to11_months_Question_47"
ritq_carey_question_48,String,2,,Recommended,"RITQ Carey Temperament Scales, Revised Infant Temperament Questionnaire (4 to 11 Months), Question 48 (1=Almost Never, 2=Rarely, 3=Variable, Usually Does Not, 4=Variable, Usually Does, 5=Frequently, 6=Almost Always, NA=Not Provided)","1;2;3;4;5;6;NA",,"","","RITQ_Carey_4to11_months_Question_48"
ritq_carey_question_55,String,2,,Recommended,"RITQ Carey Temperament Scales, Revised Infant Temperament Questionnaire (4 to 11 Months), Question 55 (1=Almost Never, 2=Rarely, 3=Variable, Usually Does Not, 4=Variable, Usually Does, 5=Frequently, 6=Almost Always, NA=Not Provided)","1;2;3;4;5;6;NA",,"","","RITQ_Carey_4to11_months_Question_55"
ritq_carey_question_56,String,2,,Recommended,"RITQ Carey Temperament Scales, Revised Infant Temperament Questionnaire (4 to 11 Months), Question 56 (1=Almost Never, 2=Rarely, 3=Variable, Usually Does Not, 4=Variable, Usually Does, 5=Frequently, 6=Almost Always, NA=Not Provided)","1;2;3;4;5;6;NA",,"","","RITQ_Carey_4to11_months_Question_56"
ritq_carey_question_57,String,2,,Recommended,"RITQ Carey Temperament Scales, Revised Infant Temperament Questionnaire (4 to 11 Months), Question 57 (1=Almost Never, 2=Rarely, 3=Variable, Usually Does Not, 4=Variable, Usually Does, 5=Frequently, 6=Almost Always, NA=Not Provided)","1;2;3;4;5;6;NA",,"","","RITQ_Carey_4to11_months_Question_57"
ritq_carey_question_58,String,2,,Recommended,"RITQ Carey Temperament Scales, Revised Infant Temperament Questionnaire (4 to 11 Months), Question 58 (1=Almost Never, 2=Rarely, 3=Variable, Usually Does Not, 4=Variable, Usually Does, 5=Frequently, 6=Almost Always, NA=Not Provided)","1;2;3;4;5;6;NA",,"","","RITQ_Carey_4to11_months_Question_58"
ritq_carey_question_81,String,2,,Recommended,"RITQ Carey Temperament Scales, Revised Infant Temperament Questionnaire (4 to 11 Months), Question 81 (1=Almost Never, 2=Rarely, 3=Variable, Usually Does Not, 4=Variable, Usually Does, 5=Frequently, 6=Almost Always, NA=Not Provided)","1;2;3;4;5;6;NA",,"","","RITQ_Carey_4to11_months_Question_81"
ritq_carey_question_82,String,2,,Recommended,"RITQ Carey Temperament Scales, Revised Infant Temperament Questionnaire (4 to 11 Months), Question 82 (1=Almost Never, 2=Rarely, 3=Variable, Usually Does Not, 4=Variable, Usually Does, 5=Frequently, 6=Almost Always, NA=Not Provided)","1;2;3;4;5;6;NA",,"","","RITQ_Carey_4to11_months_Question_82"
ritq_carey_question_83,String,2,,Recommended,"RITQ Carey Temperament Scales, Revised Infant Temperament Questionnaire (4 to 11 Months), Question 83 (1=Almost Never, 2=Rarely, 3=Variable, Usually Does Not, 4=Variable, Usually Does, 5=Frequently, 6=Almost Always, NA=Not Provided)","1;2;3;4;5;6;NA",,"","","RITQ_Carey_4to11_months_Question_83"
ritq_carey_question_84,String,2,,Recommended,"RITQ Carey Temperament Scales, Revised Infant Temperament Questionnaire (4 to 11 Months), Question 84 (1=Almost Never, 2=Rarely, 3=Variable, Usually Does Not, 4=Variable, Usually Does, 5=Frequently, 6=Almost Always, NA=Not Provided)","1;2;3;4;5;6;NA",,"","","RITQ_Carey_4to11_months_Question_84"
ritq_carey_question_85,String,2,,Recommended,"RITQ Carey Temperament Scales, Revised Infant Temperament Questionnaire (4 to 11 Months), Question 85 (1=Almost Never, 2=Rarely, 3=Variable, Usually Does Not, 4=Variable, Usually Does, 5=Frequently, 6=Almost Always, NA=Not Provided)","1;2;3;4;5;6;NA",,"","","RITQ_Carey_4to11_months_Question_85"
ritq_carey_question_86,String,2,,Recommended,"RITQ Carey Temperament Scales, Revised Infant Temperament Questionnaire (4 to 11 Months), Question 86 (1=Almost Never, 2=Rarely, 3=Variable, Usually Does Not, 4=Variable, Usually Does, 5=Frequently, 6=Almost Always, NA=Not Provided)","1;2;3;4;5;6;NA",,"","","RITQ_Carey_4to11_months_Question_86"
ritq_carey_question_87,String,2,,Recommended,"RITQ Carey Temperament Scales, Revised Infant Temperament Questionnaire (4 to 11 Months), Question 87 (1=Almost Never, 2=Rarely, 3=Variable, Usually Does Not, 4=Variable, Usually Does, 5=Frequently, 6=Almost Always, NA=Not Provided)","1;2;3;4;5;6;NA",,"","","RITQ_Carey_4to11_months_Question_87"
ritq_carey_question_88,String,2,,Recommended,"RITQ Carey Temperament Scales, Revised Infant Temperament Questionnaire (4 to 11 Months), Question 88 (1=Almost Never, 2=Rarely, 3=Variable, Usually Does Not, 4=Variable, Usually Does, 5=Frequently, 6=Almost Always, NA=Not Provided)","1;2;3;4;5;6;NA",,"","","RITQ_Carey_4to11_months_Question_88"
ritq_carey_question_89,String,2,,Recommended,"RITQ Carey Temperament Scales, Revised Infant Temperament Questionnaire (4 to 11 Months), Question 89 (1=Almost Never, 2=Rarely, 3=Variable, Usually Does Not, 4=Variable, Usually Does, 5=Frequently, 6=Almost Always, NA=Not Provided)","1;2;3;4;5;6;NA",,"","","RITQ_Carey_4to11_months_Question_89"
ritq_carey_question_9,String,2,,Recommended,"RITQ Carey Temperament Scales, Revised Infant Temperament Questionnaire (4 to 11 Months), Question 9 (1=Almost Never, 2=Rarely, 3=Variable, Usually Does Not, 4=Variable, Usually Does, 5=Frequently, 6=Almost Always, NA=Not Provided)","1;2;3;4;5;6;NA",,"","","RITQ_Carey_4to11_months_Question_9"
ritq_carey_question_90,String,2,,Recommended,"RITQ Carey Temperament Scales, Revised Infant Temperament Questionnaire (4 to 11 Months), Question 90 (1=Almost Never, 2=Rarely, 3=Variable, Usually Does Not, 4=Variable, Usually Does, 5=Frequently, 6=Almost Always, NA=Not Provided)","1;2;3;4;5;6;NA",,"","","RITQ_Carey_4to11_months_Question_90"
ritq_carey_question_91,String,2,,Recommended,"RITQ Carey Temperament Scales, Revised Infant Temperament Questionnaire (4 to 11 Months), Question 91 (1=Almost Never, 2=Rarely, 3=Variable, Usually Does Not, 4=Variable, Usually Does, 5=Frequently, 6=Almost Always, NA=Not Provided)","1;2;3;4;5;6;NA",,"","","RITQ_Carey_4to11_months_Question_91"
ritq_carey_question_92,String,2,,Recommended,"RITQ Carey Temperament Scales, Revised Infant Temperament Questionnaire (4 to 11 Months), Question 92 (1=Almost Never, 2=Rarely, 3=Variable, Usually Does Not, 4=Variable, Usually Does, 5=Frequently, 6=Almost Always, NA=Not Provided)","1;2;3;4;5;6;NA",,"","","RITQ_Carey_4to11_months_Question_92"
ritq_carey_question_93,String,2,,Recommended,"RITQ Carey Temperament Scales, Revised Infant Temperament Questionnaire (4 to 11 Months), Question 93 (1=Almost Never, 2=Rarely, 3=Variable, Usually Does Not, 4=Variable, Usually Does, 5=Frequently, 6=Almost Always, NA=Not Provided)","1;2;3;4;5;6;NA",,"","","RITQ_Carey_4to11_months_Question_93"
ritq_carey_question_94,String,2,,Recommended,"RITQ Carey Temperament Scales, Revised Infant Temperament Questionnaire (4 to 11 Months), Question 94 (1=Almost Never, 2=Rarely, 3=Variable, Usually Does Not, 4=Variable, Usually Does, 5=Frequently, 6=Almost Always, NA=Not Provided)","1;2;3;4;5;6;NA",,"","","RITQ_Carey_4to11_months_Question_94"
ritq_carey_question_95,String,2,,Recommended,"RITQ Carey Temperament Scales, Revised Infant Temperament Questionnaire (4 to 11 Months), Question 95 (1=Almost Never, 2=Rarely, 3=Variable, Usually Does Not, 4=Variable, Usually Does, 5=Frequently, 6=Almost Always, NA=Not Provided)","1;2;3;4;5;6;NA",,"","","RITQ_Carey_4to11_months_Question_95"
ritq_carey_rhythm_category_sc,Float,0,,Recommended,"RITQ Carey Temperament Scales, Revised Infant Temperament Questionnaire (4 to 11 Months), Rhythmicity Category Score (Daily Cycles)","",,"","","RITQ_Carey_4to11_months_Rhythmicity_Category_Score"
ritq_carey_rhythm_gen_impress,String,20,,Recommended,"RITQ Carey Temperament Scales, Revised Infant Temperament Questionnaire (4 to 11 Months), Parent General Impressions Rating of Child Rhythmicity (Daily Cycles) (Regular, Nonregular)","Regular;Not Regular",,"","","RITQ_Carey_4to11_months_Rhythmicity_General_Impressions"
ritq_carey_persist_gen_impress,String,10,,Recommended,"RITQ Carey Temperament Scales, Revised Infant Temperament Questionnaire (4 to 11 Months), Parent General Impressions Rating of Child Persistence (Often, Rarely)","Often;Rarely",,"","","RITQ_Carey_4to11_months_Persistence_General_Impressions"
ritq_carey_question_13,String,2,,Recommended,"RITQ Carey Temperament Scales, Revised Infant Temperament Questionnaire (4 to 11 Months), Question 13 (1=Almost Never, 2=Rarely, 3=Variable, Usually Does Not, 4=Variable, Usually Does, 5=Frequently, 6=Almost Always, NA=Not Provided)","1;2;3;4;5;6;NA",,"","","RITQ_Carey_4to11_months_Question_13"
ritq_carey_question_16,String,2,,Recommended,"RITQ Carey Temperament Scales, Revised Infant Temperament Questionnaire (4 to 11 Months), Question 16 (1=Almost Never, 2=Rarely, 3=Variable, Usually Does Not, 4=Variable, Usually Does, 5=Frequently, 6=Almost Always, NA=Not Provided)","1;2;3;4;5;6;NA",,"","","RITQ_Carey_4to11_months_Question_16"
ritq_carey_question_17,String,2,,Recommended,"RITQ Carey Temperament Scales, Revised Infant Temperament Questionnaire (4 to 11 Months), Question 17 (1=Almost Never, 2=Rarely, 3=Variable, Usually Does Not, 4=Variable, Usually Does, 5=Frequently, 6=Almost Always, NA=Not Provided)","1;2;3;4;5;6;NA",,"","","RITQ_Carey_4to11_months_Question_17"
ritq_carey_question_18,String,2,,Recommended,"RITQ Carey Temperament Scales, Revised Infant Temperament Questionnaire (4 to 11 Months), Question 18 (1=Almost Never, 2=Rarely, 3=Variable, Usually Does Not, 4=Variable, Usually Does, 5=Frequently, 6=Almost Always, NA=Not Provided)","1;2;3;4;5;6;NA",,"","","RITQ_Carey_4to11_months_Question_18"
ritq_carey_question_19,String,2,,Recommended,"RITQ Carey Temperament Scales, Revised Infant Temperament Questionnaire (4 to 11 Months), Question 19 (1=Almost Never, 2=Rarely, 3=Variable, Usually Does Not, 4=Variable, Usually Does, 5=Frequently, 6=Almost Always, NA=Not Provided)","1;2;3;4;5;6;NA",,"","","RITQ_Carey_4to11_months_Question_19"
ritq_carey_question_2,String,2,,Recommended,"RITQ Carey Temperament Scales, Revised Infant Temperament Questionnaire (4 to 11 Months), Question 2 (1=Almost Never, 2=Rarely, 3=Variable, Usually Does Not, 4=Variable, Usually Does, 5=Frequently, 6=Almost Always, NA=Not Provided)","1;2;3;4;5;6;NA",,"","","RITQ_Carey_4to11_months_Question_2"
ritq_carey_question_23,String,2,,Recommended,"RITQ Carey Temperament Scales, Revised Infant Temperament Questionnaire (4 to 11 Months), Question 23 (1=Almost Never, 2=Rarely, 3=Variable, Usually Does Not, 4=Variable, Usually Does, 5=Frequently, 6=Almost Always, NA=Not Provided)","1;2;3;4;5;6;NA",,"","","RITQ_Carey_4to11_months_Question_23"
ritq_carey_question_30,String,2,,Recommended,"RITQ Carey Temperament Scales, Revised Infant Temperament Questionnaire (4 to 11 Months), Question 30 (1=Almost Never, 2=Rarely, 3=Variable, Usually Does Not, 4=Variable, Usually Does, 5=Frequently, 6=Almost Always, NA=Not Provided)","1;2;3;4;5;6;NA",,"","","RITQ_Carey_4to11_months_Question_30"
ritq_carey_question_31,String,2,,Recommended,"RITQ Carey Temperament Scales, Revised Infant Temperament Questionnaire (4 to 11 Months), Question 31 (1=Almost Never, 2=Rarely, 3=Variable, Usually Does Not, 4=Variable, Usually Does, 5=Frequently, 6=Almost Always, NA=Not Provided)","1;2;3;4;5;6;NA",,"","","RITQ_Carey_4to11_months_Question_31"
ritq_carey_question_32,String,2,,Recommended,"RITQ Carey Temperament Scales, Revised Infant Temperament Questionnaire (4 to 11 Months), Question 32 (1=Almost Never, 2=Rarely, 3=Variable, Usually Does Not, 4=Variable, Usually Does, 5=Frequently, 6=Almost Always, NA=Not Provided)","1;2;3;4;5;6;NA",,"","","RITQ_Carey_4to11_months_Question_32"
ritq_carey_question_33,String,2,,Recommended,"RITQ Carey Temperament Scales, Revised Infant Temperament Questionnaire (4 to 11 Months), Question 33 (1=Almost Never, 2=Rarely, 3=Variable, Usually Does Not, 4=Variable, Usually Does, 5=Frequently, 6=Almost Always, NA=Not Provided)","1;2;3;4;5;6;NA",,"","","RITQ_Carey_4to11_months_Question_33"
ritq_carey_question_34,String,2,,Recommended,"RITQ Carey Temperament Scales, Revised Infant Temperament Questionnaire (4 to 11 Months), Question 34 (1=Almost Never, 2=Rarely, 3=Variable, Usually Does Not, 4=Variable, Usually Does, 5=Frequently, 6=Almost Always, NA=Not Provided)","1;2;3;4;5;6;NA",,"","","RITQ_Carey_4to11_months_Question_34"
ritq_carey_question_35,String,2,,Recommended,"RITQ Carey Temperament Scales, Revised Infant Temperament Questionnaire (4 to 11 Months), Question 35 (1=Almost Never, 2=Rarely, 3=Variable, Usually Does Not, 4=Variable, Usually Does, 5=Frequently, 6=Almost Always, NA=Not Provided)","1;2;3;4;5;6;NA",,"","","RITQ_Carey_4to11_months_Question_35"
ritq_carey_question_36,String,2,,Recommended,"RITQ Carey Temperament Scales, Revised Infant Temperament Questionnaire (4 to 11 Months), Question 36 (1=Almost Never, 2=Rarely, 3=Variable, Usually Does Not, 4=Variable, Usually Does, 5=Frequently, 6=Almost Always, NA=Not Provided)","1;2;3;4;5;6;NA",,"","","RITQ_Carey_4to11_months_Question_36"
ritq_carey_question_37,String,2,,Recommended,"RITQ Carey Temperament Scales, Revised Infant Temperament Questionnaire (4 to 11 Months), Question 37 (1=Almost Never, 2=Rarely, 3=Variable, Usually Does Not, 4=Variable, Usually Does, 5=Frequently, 6=Almost Always, NA=Not Provided)","1;2;3;4;5;6;NA",,"","","RITQ_Carey_4to11_months_Question_37"
ritq_carey_question_38,String,2,,Recommended,"RITQ Carey Temperament Scales, Revised Infant Temperament Questionnaire (4 to 11 Months), Question 38 (1=Almost Never, 2=Rarely, 3=Variable, Usually Does Not, 4=Variable, Usually Does, 5=Frequently, 6=Almost Always, NA=Not Provided)","1;2;3;4;5;6;NA",,"","","RITQ_Carey_4to11_months_Question_38"
ritq_carey_question_39,String,2,,Recommended,"RITQ Carey Temperament Scales, Revised Infant Temperament Questionnaire (4 to 11 Months), Question 39 (1=Almost Never, 2=Rarely, 3=Variable, Usually Does Not, 4=Variable, Usually Does, 5=Frequently, 6=Almost Always, NA=Not Provided)","1;2;3;4;5;6;NA",,"","","RITQ_Carey_4to11_months_Question_39"
ritq_carey_question_4,String,2,,Recommended,"RITQ Carey Temperament Scales, Revised Infant Temperament Questionnaire (4 to 11 Months), Question 4 (1=Almost Never, 2=Rarely, 3=Variable, Usually Does Not, 4=Variable, Usually Does, 5=Frequently, 6=Almost Always, NA=Not Provided)","1;2;3;4;5;6;NA",,"","","RITQ_Carey_4to11_months_Question_4"
ritq_carey_question_40,String,2,,Recommended,"RITQ Carey Temperament Scales, Revised Infant Temperament Questionnaire (4 to 11 Months), Question 40 (1=Almost Never, 2=Rarely, 3=Variable, Usually Does Not, 4=Variable, Usually Does, 5=Frequently, 6=Almost Always, NA=Not Provided)","1;2;3;4;5;6;NA",,"","","RITQ_Carey_4to11_months_Question_40"
ritq_carey_question_41,String,2,,Recommended,"RITQ Carey Temperament Scales, Revised Infant Temperament Questionnaire (4 to 11 Months), Question 41 (1=Almost Never, 2=Rarely, 3=Variable, Usually Does Not, 4=Variable, Usually Does, 5=Frequently, 6=Almost Always, NA=Not Provided)","1;2;3;4;5;6;NA",,"","","RITQ_Carey_4to11_months_Question_41"
ritq_carey_question_42,String,2,,Recommended,"RITQ Carey Temperament Scales, Revised Infant Temperament Questionnaire (4 to 11 Months), Question 42 (1=Almost Never, 2=Rarely, 3=Variable, Usually Does Not, 4=Variable, Usually Does, 5=Frequently, 6=Almost Always, NA=Not Provided)","1;2;3;4;5;6;NA",,"","","RITQ_Carey_4to11_months_Question_42"
ritq_carey_question_49,String,2,,Recommended,"RITQ Carey Temperament Scales, Revised Infant Temperament Questionnaire (4 to 11 Months), Question 49 (1=Almost Never, 2=Rarely, 3=Variable, Usually Does Not, 4=Variable, Usually Does, 5=Frequently, 6=Almost Always, NA=Not Provided)","1;2;3;4;5;6;NA",,"","","RITQ_Carey_4to11_months_Question_49"
ritq_carey_question_5,String,2,,Recommended,"RITQ Carey Temperament Scales, Revised Infant Temperament Questionnaire (4 to 11 Months), Question 5 (1=Almost Never, 2=Rarely, 3=Variable, Usually Does Not, 4=Variable, Usually Does, 5=Frequently, 6=Almost Always, NA=Not Provided)","1;2;3;4;5;6;NA",,"","","RITQ_Carey_4to11_months_Question_5"
ritq_carey_question_50,String,2,,Recommended,"RITQ Carey Temperament Scales, Revised Infant Temperament Questionnaire (4 to 11 Months), Question 50 (1=Almost Never, 2=Rarely, 3=Variable, Usually Does Not, 4=Variable, Usually Does, 5=Frequently, 6=Almost Always, NA=Not Provided)","1;2;3;4;5;6;NA",,"","","RITQ_Carey_4to11_months_Question_50"
ritq_carey_question_51,String,2,,Recommended,"RITQ Carey Temperament Scales, Revised Infant Temperament Questionnaire (4 to 11 Months), Question 51 (1=Almost Never, 2=Rarely, 3=Variable, Usually Does Not, 4=Variable, Usually Does, 5=Frequently, 6=Almost Always, NA=Not Provided)","1;2;3;4;5;6;NA",,"","","RITQ_Carey_4to11_months_Question_51"
ritq_carey_question_52,String,2,,Recommended,"RITQ Carey Temperament Scales, Revised Infant Temperament Questionnaire (4 to 11 Months), Question 52 (1=Almost Never, 2=Rarely, 3=Variable, Usually Does Not, 4=Variable, Usually Does, 5=Frequently, 6=Almost Always, NA=Not Provided)","1;2;3;4;5;6;NA",,"","","RITQ_Carey_4to11_months_Question_52"
ritq_carey_question_53,String,2,,Recommended,"RITQ Carey Temperament Scales, Revised Infant Temperament Questionnaire (4 to 11 Months), Question 53 (1=Almost Never, 2=Rarely, 3=Variable, Usually Does Not, 4=Variable, Usually Does, 5=Frequently, 6=Almost Always, NA=Not Provided)","1;2;3;4;5;6;NA",,"","","RITQ_Carey_4to11_months_Question_53"
ritq_carey_question_54,String,2,,Recommended,"RITQ Carey Temperament Scales, Revised Infant Temperament Questionnaire (4 to 11 Months), Question 54 (1=Almost Never, 2=Rarely, 3=Variable, Usually Does Not, 4=Variable, Usually Does, 5=Frequently, 6=Almost Always, NA=Not Provided)","1;2;3;4;5;6;NA",,"","","RITQ_Carey_4to11_months_Question_54"
ritq_carey_question_59,String,2,,Recommended,"RITQ Carey Temperament Scales, Revised Infant Temperament Questionnaire (4 to 11 Months), Question 59 (1=Almost Never, 2=Rarely, 3=Variable, Usually Does Not, 4=Variable, Usually Does, 5=Frequently, 6=Almost Always, NA=Not Provided)","1;2;3;4;5;6;NA",,"","","RITQ_Carey_4to11_months_Question_59"
ritq_carey_question_6,String,2,,Recommended,"RITQ Carey Temperament Scales, Revised Infant Temperament Questionnaire (4 to 11 Months), Question 6 (1=Almost Never, 2=Rarely, 3=Variable, Usually Does Not, 4=Variable, Usually Does, 5=Frequently, 6=Almost Always, NA=Not Provided)","1;2;3;4;5;6;NA",,"","","RITQ_Carey_4to11_months_Question_6"
ritq_carey_question_60,String,2,,Recommended,"RITQ Carey Temperament Scales, Revised Infant Temperament Questionnaire (4 to 11 Months), Question 60 (1=Almost Never, 2=Rarely, 3=Variable, Usually Does Not, 4=Variable, Usually Does, 5=Frequently, 6=Almost Always, NA=Not Provided)","1;2;3;4;5;6;NA",,"","","RITQ_Carey_4to11_months_Question_60"
ritq_carey_question_61,String,2,,Recommended,"RITQ Carey Temperament Scales, Revised Infant Temperament Questionnaire (4 to 11 Months), Question 61 (1=Almost Never, 2=Rarely, 3=Variable, Usually Does Not, 4=Variable, Usually Does, 5=Frequently, 6=Almost Always, NA=Not Provided)","1;2;3;4;5;6;NA",,"","","RITQ_Carey_4to11_months_Question_61"
ritq_carey_question_62,String,2,,Recommended,"RITQ Carey Temperament Scales, Revised Infant Temperament Questionnaire (4 to 11 Months), Question 62 (1=Almost Never, 2=Rarely, 3=Variable, Usually Does Not, 4=Variable, Usually Does, 5=Frequently, 6=Almost Always, NA=Not Provided)","1;2;3;4;5;6;NA",,"","","RITQ_Carey_4to11_months_Question_62"
ritq_carey_question_63,String,2,,Recommended,"RITQ Carey Temperament Scales, Revised Infant Temperament Questionnaire (4 to 11 Months), Question 63 (1=Almost Never, 2=Rarely, 3=Variable, Usually Does Not, 4=Variable, Usually Does, 5=Frequently, 6=Almost Always, NA=Not Provided)","1;2;3;4;5;6;NA",,"","","RITQ_Carey_4to11_months_Question_63"
ritq_carey_question_64,String,2,,Recommended,"RITQ Carey Temperament Scales, Revised Infant Temperament Questionnaire (4 to 11 Months), Question 64 (1=Almost Never, 2=Rarely, 3=Variable, Usually Does Not, 4=Variable, Usually Does, 5=Frequently, 6=Almost Always, NA=Not Provided)","1;2;3;4;5;6;NA",,"","","RITQ_Carey_4to11_months_Question_64"
ritq_carey_question_65,String,2,,Recommended,"RITQ Carey Temperament Scales, Revised Infant Temperament Questionnaire (4 to 11 Months), Question 65 (1=Almost Never, 2=Rarely, 3=Variable, Usually Does Not, 4=Variable, Usually Does, 5=Frequently, 6=Almost Always, NA=Not Provided)","1;2;3;4;5;6;NA",,"","","RITQ_Carey_4to11_months_Question_65"
ritq_carey_question_66,String,2,,Recommended,"RITQ Carey Temperament Scales, Revised Infant Temperament Questionnaire (4 to 11 Months), Question 66 (1=Almost Never, 2=Rarely, 3=Variable, Usually Does Not, 4=Variable, Usually Does, 5=Frequently, 6=Almost Always, NA=Not Provided)","1;2;3;4;5;6;NA",,"","","RITQ_Carey_4to11_months_Question_66"
ritq_carey_question_67,String,2,,Recommended,"RITQ Carey Temperament Scales, Revised Infant Temperament Questionnaire (4 to 11 Months), Question 67 (1=Almost Never, 2=Rarely, 3=Variable, Usually Does Not, 4=Variable, Usually Does, 5=Frequently, 6=Almost Always, NA=Not Provided)","1;2;3;4;5;6;NA",,"","","RITQ_Carey_4to11_months_Question_67"
ritq_carey_question_68,String,2,,Recommended,"RITQ Carey Temperament Scales, Revised Infant Temperament Questionnaire (4 to 11 Months), Question 68 (1=Almost Never, 2=Rarely, 3=Variable, Usually Does Not, 4=Variable, Usually Does, 5=Frequently, 6=Almost Always, NA=Not Provided)","1;2;3;4;5;6;NA",,"","","RITQ_Carey_4to11_months_Question_68"
ritq_carey_question_69,String,2,,Recommended,"RITQ Carey Temperament Scales, Revised Infant Temperament Questionnaire (4 to 11 Months), Question 69 (1=Almost Never, 2=Rarely, 3=Variable, Usually Does Not, 4=Variable, Usually Does, 5=Frequently, 6=Almost Always, NA=Not Provided)","1;2;3;4;5;6;NA",,"","","RITQ_Carey_4to11_months_Question_69"
ritq_carey_question_7,String,2,,Recommended,"RITQ Carey Temperament Scales, Revised Infant Temperament Questionnaire (4 to 11 Months), Question 7 (1=Almost Never, 2=Rarely, 3=Variable, Usually Does Not, 4=Variable, Usually Does, 5=Frequently, 6=Almost Always, NA=Not Provided)","1;2;3;4;5;6;NA",,"","","RITQ_Carey_4to11_months_Question_7"
ritq_carey_question_70,String,2,,Recommended,"RITQ Carey Temperament Scales, Revised Infant Temperament Questionnaire (4 to 11 Months), Question 70 (1=Almost Never, 2=Rarely, 3=Variable, Usually Does Not, 4=Variable, Usually Does, 5=Frequently, 6=Almost Always, NA=Not Provided)","1;2;3;4;5;6;NA",,"","","RITQ_Carey_4to11_months_Question_70"
ritq_carey_question_71,String,2,,Recommended,"RITQ Carey Temperament Scales, Revised Infant Temperament Questionnaire (4 to 11 Months), Question 71 (1=Almost Never, 2=Rarely, 3=Variable, Usually Does Not, 4=Variable, Usually Does, 5=Frequently, 6=Almost Always, NA=Not Provided)","1;2;3;4;5;6;NA",,"","","RITQ_Carey_4to11_months_Question_71"
ritq_carey_question_72,String,2,,Recommended,"RITQ Carey Temperament Scales, Revised Infant Temperament Questionnaire (4 to 11 Months), Question 72 (1=Almost Never, 2=Rarely, 3=Variable, Usually Does Not, 4=Variable, Usually Does, 5=Frequently, 6=Almost Always, NA=Not Provided)","1;2;3;4;5;6;NA",,"","","RITQ_Carey_4to11_months_Question_72"
ritq_carey_question_73,String,2,,Recommended,"RITQ Carey Temperament Scales, Revised Infant Temperament Questionnaire (4 to 11 Months), Question 73 (1=Almost Never, 2=Rarely, 3=Variable, Usually Does Not, 4=Variable, Usually Does, 5=Frequently, 6=Almost Always, NA=Not Provided)","1;2;3;4;5;6;NA",,"","","RITQ_Carey_4to11_months_Question_73"
ritq_carey_question_74,String,2,,Recommended,"RITQ Carey Temperament Scales, Revised Infant Temperament Questionnaire (4 to 11 Months), Question 74 (1=Almost Never, 2=Rarely, 3=Variable, Usually Does Not, 4=Variable, Usually Does, 5=Frequently, 6=Almost Always, NA=Not Provided)","1;2;3;4;5;6;NA",,"","","RITQ_Carey_4to11_months_Question_74"
ritq_carey_question_75,String,2,,Recommended,"RITQ Carey Temperament Scales, Revised Infant Temperament Questionnaire (4 to 11 Months), Question 75 (1=Almost Never, 2=Rarely, 3=Variable, Usually Does Not, 4=Variable, Usually Does, 5=Frequently, 6=Almost Always, NA=Not Provided)","1;2;3;4;5;6;NA",,"","","RITQ_Carey_4to11_months_Question_75"
ritq_carey_question_76,String,2,,Recommended,"RITQ Carey Temperament Scales, Revised Infant Temperament Questionnaire (4 to 11 Months), Question 76 (1=Almost Never, 2=Rarely, 3=Variable, Usually Does Not, 4=Variable, Usually Does, 5=Frequently, 6=Almost Always, NA=Not Provided)","1;2;3;4;5;6;NA",,"","","RITQ_Carey_4to11_months_Question_76"
ritq_carey_question_77,String,2,,Recommended,"RITQ Carey Temperament Scales, Revised Infant Temperament Questionnaire (4 to 11 Months), Question 77 (1=Almost Never, 2=Rarely, 3=Variable, Usually Does Not, 4=Variable, Usually Does, 5=Frequently, 6=Almost Always, NA=Not Provided)","1;2;3;4;5;6;NA",,"","","RITQ_Carey_4to11_months_Question_77"
ritq_carey_question_78,String,2,,Recommended,"RITQ Carey Temperament Scales, Revised Infant Temperament Questionnaire (4 to 11 Months), Question 78 (1=Almost Never, 2=Rarely, 3=Variable, Usually Does Not, 4=Variable, Usually Does, 5=Frequently, 6=Almost Always, NA=Not Provided)","1;2;3;4;5;6;NA",,"","","RITQ_Carey_4to11_months_Question_78"
ritq_carey_question_79,String,2,,Recommended,"RITQ Carey Temperament Scales, Revised Infant Temperament Questionnaire (4 to 11 Months), Question 79 (1=Almost Never, 2=Rarely, 3=Variable, Usually Does Not, 4=Variable, Usually Does, 5=Frequently, 6=Almost Always, NA=Not Provided)","1;2;3;4;5;6;NA",,"","","RITQ_Carey_4to11_months_Question_79"
ritq_carey_question_8,String,2,,Recommended,"RITQ Carey Temperament Scales, Revised Infant Temperament Questionnaire (4 to 11 Months), Question 8 (1=Almost Never, 2=Rarely, 3=Variable, Usually Does Not, 4=Variable, Usually Does, 5=Frequently, 6=Almost Always, NA=Not Provided)","1;2;3;4;5;6;NA",,"","","RITQ_Carey_4to11_months_Question_8"
ritq_carey_question_80,String,2,,Recommended,"RITQ Carey Temperament Scales, Revised Infant Temperament Questionnaire (4 to 11 Months), Question 80 (1=Almost Never, 2=Rarely, 3=Variable, Usually Does Not, 4=Variable, Usually Does, 5=Frequently, 6=Almost Always, NA=Not Provided)","1;2;3;4;5;6;NA",,"","","RITQ_Carey_4to11_months_Question_80"
ritq_carey_rhythmicity_z_score,Float,0,,Recommended,"RITQ Carey Temperament Scales, Revised Infant Temperament Questionnaire (4 to 11 Months), Rhythmicity Z Score (Daily Cycles)","",,"","","RITQ_Carey_4to11_months_Rhythmicity_Z_Score"
ritq_carey_thresh_category_sc,Float,0,,Recommended,"RITQ Carey Temperament Scales, Revised Infant Temperament Questionnaire (4 to 11 Months), Threshold Category Score (Sensory Reactivity)","",,"","","RITQ_Carey_4to11_months_Threshold_Category_Score"
ritq_carey_thresh_gen_impress,String,20,,Recommended,"RITQ Carey Temperament Scales, Revised Infant Temperament Questionnaire (4 to 11 Months), Parent General Impressions Rating of Child Threshold (Sensory Reactivity) (Nonreactive, Sensitive)","Nonreactive;Sensitive",,"","","RITQ_Carey_4to11_months_Threshold_General_Impressions"
ritq_carey_threshold_z_score,Float,0,,Recommended,"RITQ Carey Temperament Scales, Revised Infant Temperament Questionnaire (4 to 11 Months), Threshold Z Score (Sensory Reactivity)","",,"","","RITQ_Carey_4to11_months_Threshold_Z_Score"
ritq_carey_activ_gen_impress,String,10,,Recommended,"RITQ Carey Temperament Scales, Revised Infant Temperament Questionnaire (4 to 11 Months), Parent General Impressions Rating of Child Activity (Active, Inactive)","Active;Inactive",,"","","RITQ_Carey_4to11_months_Activity_General_Impressions"
ritq_carey_activity_z_score,Float,0,,Recommended,"RITQ Carey Temperament Scales, Revised Infant Temperament Questionnaire (4 to 11 Months), Activity Z Score","",,"","","RITQ_Carey_4to11_months_Activity_Z_Score"
ritq_carey_appr_category_sc,Float,0,,Recommended,"RITQ Carey Temperament Scales, Revised Infant Temperament Questionnaire (4 to 11 Months), Approach Category Score (First Reaction)","",,"","","RITQ_Carey_4to11_months_Approach_Category_Score"
ritq_carey_appr_gen_impress,String,20,,Recommended,"RITQ Carey Temperament Scales, Revised Infant Temperament Questionnaire (4 to 11 Months), Parent General Impressions Rating of Child Approach (First Reaction) (Approaching, Cautious)","Approaching;Cautious",,"","","RITQ_Carey_4to11_months_Approach_General_Impressions"
ritq_carey_approach_z_score,Float,0,,Recommended,"RITQ Carey Temperament Scales, Revised Infant Temperament Questionnaire (4 to 11 Months), Approach Z Score (First Reaction)","",,"","","RITQ_Carey_4to11_months_Approach_Z_Score"
ritq_carey_distrct_category_sc,Float,0,,Recommended,"RITQ Carey Temperament Scales, Revised Infant Temperament Questionnaire (4 to 11 Months), Distractibility Category Score","",,"","","RITQ_Carey_4to11_months_Distractibility_Category_Score"
ritq_carey_gen_impress_q_10,String,2,,Recommended,"RITQ Carey Temperament Scales, Revised Infant Temperament Questionnaire (4 to 11 Months), General Impression Question 10 (1=Very Easy, 2=Easy, 3=Somewhat Easy, 4=Somewhat Difficult, 5=Difficult, 6=Very Difficult, NA=Not Provided)","1;2;3;4;5;6;NA",,"","","RITQ_Carey_4to11_months_General_Impression_Question_10"
ritq_carey_intensity_z_score,Float,0,,Recommended,"RITQ Carey Temperament Scales, Revised Infant Temperament Questionnaire (4 to 11 Months), Intensity Z Score (Strength of Reaction)","",,"","","RITQ_Carey_4to11_months_Intensity_Z_Score"
ritq_carey_mood_z_score,Float,0,,Recommended,"RITQ Carey Temperament Scales, Revised Infant Temperament Questionnaire (4 to 11 Months), Mood Z Score","",,"","","RITQ_Carey_4to11_months_Mood_Z_Score"
ritq_carey_persist_category_sc,Float,0,,Recommended,"RITQ Carey Temperament Scales, Revised Infant Temperament Questionnaire (4 to 11 Months), Persistence Category Score","",,"","","RITQ_Carey_4to11_months_Persistence_Category_Score"
