ElementName,DataType,Size,Unit,Required,ElementDescription,ValueRange,Keywords,Notes,Section,Aliases
admin_status,String,20,,Recommended,"Instrument administration status","Complete;Partial;Not Administered;Not Applicable",,"","","VerbalFluency_7y_and_Up_Administration_Status"
timepoint_label,String,5,,Recommended,"User-defined timepoint/visit label - a label selected by the site at the time of registration of a new timepoint into the database.  This label is used to group all the instruments administered to a subject at a given timepoint.","",,"","","Timepoint_Label"
src_subject_id,String,20,,Recommended,"The site's subject identification","",,"","","Subject_ID"
vf_total_words_letter_f,Integer,0,,Recommended,"Verbal Fluency (7y+): Letter F total number of words","",,"","","VerbalFluency_7y_and_Up_Total_Words_Letter_F"
vf_total_words_food_or_drink,Integer,0,,Recommended,"Verbal Fluency: Food/Drink total number of words","",,"","","VerbalFluency_7y_and_Up_Total_Words_Food_or_Drink"
vf_tot_words_credited_letter_s,Integer,0,,Recommended,"Verbal Fluency (7y+): Letter S total number of words credited","",,"","","VerbalFluency_7y_and_Up_Total_Words_Credited_Letter_S"
vf_rule_breaking_er_animals,Integer,0,,Recommended,"Verbal Fluency: Animals rule breaking errors","",,"","","VerbalFluency_7y_and_Up_Rule_Breaking_Errors_Animals"
vf_perseverative_er_letter_s,Integer,0,,Recommended,"Verbal Fluency (7y+): Letter S perseverative errors","",,"","","VerbalFluency_7y_and_Up_Perseverative_Errors_Letter_S"
vf_food_drink_words_15to29_sec,Integer,0,,Recommended,"Verbal Fluency (7y+): Food/Drink number of correct words produced in the 16 to 30 seconds time period","",,"","","VerbalFluency_7y_and_Up_Food_or_Drink_Words_Credited_15to29_Sec"
vf_animal_word_cred_46to60_sec,Integer,0,,Recommended,"Verbal Fluency: Animals number of correct words produced in the 46 to 60 seconds time period","",,"","","VerbalFluency_7y_and_Up_Animals_Words_Credited_46to60_Sec"
vf_animal_word_cred_31to45_sec,Integer,0,,Recommended,"Verbal Fluency: Animals number of correct words produced in the 31 to 45 seconds time period","",,"","","VerbalFluency_7y_and_Up_Animals_Words_Credited_31to45_Sec"
vf_total_words_letter_s,Integer,0,,Recommended,"Verbal Fluency (7y+): Letter S total number of words","",,"","","VerbalFluency_7y_and_Up_Total_Words_Letter_S"
vf_total_words_letter_a,Integer,0,,Recommended,"Verbal Fluency (7y+): Letter A total number of words","",,"","","VerbalFluency_7y_and_Up_Total_Words_Letter_A"
vf_tot_words_credit_sem_categ,Integer,0,,Recommended,"Verbal Fluency (7y+): Semantic category comprised of animal and food/drink words total number of words credited","",,"","","VerbalFluency_7y_and_Up_Total_Words_Credited_Semantic_Category"
vf_tot_words_credit_phon_categ,Integer,0,,Recommended,"Verbal Fluency (7y+): Phonemic category comprised of letters A, F, and S total number of words credited","",,"","","VerbalFluency_7y_and_Up_Total_Words_Credited_Phonemic_Category"
vf_tot_words_credited_letter_f,Integer,0,,Recommended,"Verbal Fluency (7y+): Letter F total number of words credited","",,"","","VerbalFluency_7y_and_Up_Total_Words_Credited_Letter_F"
vf_tot_words_credit_food_drink,Integer,0,,Recommended,"Verbal Fluency: Food/Drink total number of words credited","",,"","","VerbalFluency_7y_and_Up_Total_Words_Credited_Food_or_Drink"
vf_tot_words_credited_animals,Integer,0,,Recommended,"Verbal Fluency: Animals total number of words credited","",,"","","VerbalFluency_7y_and_Up_Total_Words_Credited_Animals"
vf_tot_words_creditedletter_a,Integer,0,,Recommended,"Verbal Fluency (7y+): Letter A total number of words credited","",,"","","VerbalFluency_7y_and_Up_Total_Words_CreditedLetter_A"
vf_total_words_animals,Integer,0,,Recommended,"Verbal Fluency: Animals total number of words","",,"","","VerbalFluency_7y_and_Up_Total_Words_Animals"
vf_total_score,Integer,0,,Recommended,"Verbal Fluency (7y+): Total raw ccore represents the cum of credited words in response to letters F and S, animal words, and food/drink words","",,"","","VerbalFluency_7y_and_Up_Total_Score"
vf_total_raw_score,Integer,0,,Recommended,"Verbal Fluency: Total raw score represents the sum of credited words in response to letters A, F, S, animal words, and food/drink words","",,"","","VerbalFluency_7y_and_Up_Total_Raw_Score"
vf_scaled_score,Integer,0,,Recommended,"Verbal Fluency: Age-specific scaled score for ages 7 through 12:11 (Population mean = 10, SD = 3)","",,"","","VerbalFluency_7y_and_Up_Scaled_Score"
vf_rule_breaking_er_letter_s,Integer,0,,Recommended,"Verbal Fluency (7y+): Letter S rule breaking errors","",,"","","VerbalFluency_7y_and_Up_Rule_Breaking_Errors_Letter_S"
vf_rule_breaking_er_letter_f,Integer,0,,Recommended,"Verbal Fluency (7y+): Letter F rule breaking errors","",,"","","VerbalFluency_7y_and_Up_Rule_Breaking_Errors_Letter_F"
vf_rule_breaking_er_letter_a,Integer,0,,Recommended,"Verbal Fluency (7y+): Letter A rule breaking errors","",,"","","VerbalFluency_7y_and_Up_Rule_Breaking_Errors_Letter_A"
vf_rule_breaking_er_food_drink,Integer,0,,Recommended,"Verbal Fluency: Food/Drink rule breaking errors","",,"","","VerbalFluency_7y_and_Up_Rule_Breaking_Errors_Food_or_Drink"
vf_perseverative_er_letter_f,Integer,0,,Recommended,"Verbal Fluency (7y+): Letter F words perseverative errors","",,"","","VerbalFluency_7y_and_Up_Perseverative_Errors_Letter_F"
vf_perseverative_er_letter_a,Integer,0,,Recommended,"Verbal Fluency (7y+): Letter A perseverative errors","",,"","","VerbalFluency_7y_and_Up_Perseverative_Errors_Letter_A"
vf_perseverative_er_food_drink,Integer,0,,Recommended,"Verbal Fluency: Food/Drink perseverative errors","",,"","","VerbalFluency_7y_and_Up_Perseverative_Errors_Food_or_Drink"
vf_perseverative_er_animals,Integer,0,,Recommended,"Verbal Fluency: Animals perseverative errors","",,"","","VerbalFluency_7y_and_Up_Perseverative_Errors_Animals"
vf_let_s_words_46to60_sec,Integer,0,,Recommended,"Verbal Fluency (7y+): Letter S number of correct words produced in the 46 to 60 seconds time period","",,"","","VerbalFluency_7y_and_Up_Letter_S_Words_Credited_46to60_Sec"
vf_let_s_words_31to45_sec,Integer,0,,Recommended,"Verbal Fluency (7y+): Letter S number of correct words produced in the 31 to 45 seconds time period","",,"","","VerbalFluency_7y_and_Up_Letter_S_Words_Credited_31to45_Sec"
vf_let_s_words_1to15_sec,Integer,0,,Recommended,"Verbal Fluency (7y+): Letter S number of correct words produced in the 1 to 15 seconds time period","",,"","","VerbalFluency_7y_and_Up_Letter_S_Words_Credited_1to15_Sec"
vf_let_s_words_16to30_sec,Integer,0,,Recommended,"Verbal Fluency (7y+): Letter S number of correct words produced in the 16 to 30 seconds time period","",,"","","VerbalFluency_7y_and_Up_Letter_S_Words_Credited_16to30_Sec"
vf_let_f_words_46to60_sec,Integer,0,,Recommended,"Verbal Fluency (7y+): Letter F number of correct words produced in the 46 to 60 seconds time period","",,"","","VerbalFluency_7y_and_Up_Letter_F_Words_Credited_46to60_Sec"
vf_let_f_words_31to45_sec,Integer,0,,Recommended,"Verbal Fluency (7y+): Letter F number of correct words produced in the 31 to 45 seconds time period","",,"","","VerbalFluency_7y_and_Up_Letter_F_Words_Credited_31to45_Sec"
vf_let_f_words_1to15_sec,Integer,0,,Recommended,"Verbal Fluency (7y+): Letter F number of correct words produced in the 1 to 15 seconds time period","",,"","","VerbalFluency_7y_and_Up_Letter_F_Words_Credited_1to15_Sec"
vf_let_f_words_16to30_sec,Integer,0,,Recommended,"Verbal Fluency (7y+): Letter F number of correct words produced in the 16 to 30 seconds time period","",,"","","VerbalFluency_7y_and_Up_Letter_F_Words_Credited_16to30_Sec"
vf_let_a_words_46to60_sec,Integer,0,,Recommended,"Verbal Fluency (7y+): Letter A number of correct words produced in the 46 to 60 seconds time period","",,"","","VerbalFluency_7y_and_Up_Letter_A_Words_Credited_46to60_Sec"
vf_let_a_words_31to45_sec,Integer,0,,Recommended,"Verbal Fluency (7y+): Letter A number of correct words produced in the 31 to 45 seconds time period","",,"","","VerbalFluency_7y_and_Up_Letter_A_Words_Credited_31to45_Sec"
vf_let_a_words_1to15_sec,Integer,0,,Recommended,"Verbal Fluency (7y+): Letter A number of correct words produced in the 1 to 15 seconds time period","",,"","","VerbalFluency_7y_and_Up_Letter_A_Words_Credited_1to15_Sec"
vf_let_a_words_16to30_sec,Integer,0,,Recommended,"Verbal Fluency (7y+): Letter A number of correct words produced in the 16 to 30 seconds time period","",,"","","VerbalFluency_7y_and_Up_Letter_A_Words_Credited_16to30_Sec"
vf_food_drink_words_46to60_sec,Integer,0,,Recommended,"Verbal Fluency: Food/Drink number of correct words produced in the 46 to 60 seconds time period","",,"","","VerbalFluency_7y_and_Up_Food_or_Drink_Words_Credited_46to60_Sec"
vf_food_drink_words_31to45_sec,Integer,0,,Recommended,"Verbal Fluency: Food/Drink number of correct words produced in the 31 to 45 seconds time period","",,"","","VerbalFluency_7y_and_Up_Food_or_Drink_Words_Credited_31to45_Sec"
vf_food_drink_words_1to15_sec,Integer,0,,Recommended,"Verbal Fluency: Food/Drink number of correct words produced in the 1 to 15 seconds time period","",,"","","VerbalFluency_7y_and_Up_Food_or_Drink_Words_Credited_1to15_Sec"
vf_animal_word_cred_1to15_sec,Integer,0,,Recommended,"Verbal Fluency: Animals number of correct words produced in the 1 to 15 seconds time period","",,"","","VerbalFluency_7y_and_Up_Animals_Words_Credited_1to15_Sec"
vf_animal_word_cred_16to30_sec,Integer,0,,Recommended,"Verbal Fluency: Animals number of correct words produced in the 16 to 30 seconds time period","",,"","","VerbalFluency_7y_and_Up_Animals_Words_Credited_16to30_Sec"
age_days_dot_to_dob,Integer,0,,Recommended,"Age in days obtained by subtracting the date of birth from the date of test","",,"","","VerbalFluency_7y_and_Up_Age_Days_DOT_to_DOB"
subjectkey,GUID,0,,Optional,"The NDAR Global Unique Identifier (GUID) for subjects which identifies a subject in NDAR","NDAR*",,"","",""
