ElementName,DataType,Size,Unit,Required,ElementDescription,ValueRange,Keywords,Notes,Section,Aliases
brief_behavior_reg_index_t,Integer,0,,Recommended,"BRIEF: Behavior regulation index (BRI) T score","",,"","","BRIEF_Behavior_Regulation_Index_T"
brief_emotional_control_t,Integer,0,,Recommended,"BRIEF: Emotional control subscale T score","",,"","","BRIEF_Emotional_Control_T"
brief_global_exec_composite_t,Integer,0,,Recommended,"BRIEF: Global executive composite (GEC) T score","",,"","","BRIEF_Global_Executive_Composite_T"
brief_metacognition_index_t,Integer,0,,Recommended,"BRIEF: Metacognition index (MI) T score","",,"","","BRIEF_Metacognition_Index_T"
brief_monitor_t,Integer,0,,Recommended,"BRIEF: Monitor subscale T score","",,"","","BRIEF_Monitor_T"
brief_org_of_materials_t,Integer,0,,Recommended,"BRIEF: Organization of materials subscale T score","",,"","","BRIEF_Organization_of_Materials_T"
brief_shift_t,Integer,0,,Recommended,"BRIEF: Shift subscale T score","",,"","","BRIEF_Shift_T"
brief_working_memory_t,Integer,0,,Recommended,"BRIEF: Working memory subscale T score","",,"","","BRIEF_Working_Memory_T"
cantab_ied_stages_completed,Integer,0,,Recommended,"CANTAB: ID/ED set shift subtest total number of stages completed up to a maximum of 9","",,"","","CANTAB_IED_Stages_Completed"
cantab_ied_stage_all_error,Integer,0,,Recommended,"CANTAB: ID/ED set shift subtest total number of errors for all stages","",,"","","CANTAB_IED_Stage_All_Error"
cantab_ssp_spatial_span,Integer,0,,Recommended,"CANTAB: Spatial span subtest represents a summary variable indicating the subjectu2019s total spatial span score where the highest score possible is a spatial span of 9.","",,"","","CANTAB_SSP_Spatial_Span"
cantab_swm_strategy,Integer,0,,Recommended,"CANTAB: Spatial working memory subtest use of strategy","",,"","","CANTAB_SWM_Strategy"
cvlt2_raw_sd_cued_recall_nc,Integer,0,,Recommended,"CVLT II: Short-delay cued-recall number correct raw score","",,"","","CVLT2_Raw_Score_Short_Delay_Cued_Recall_Number_Correct"
cvlt2_raw_sd_fr_nc,Integer,0,,Recommended,"CVLT II: Short-delay free-recall number correct raw score","",,"","","CVLT2_Raw_Score_Short_Delay_Free_Recall_Number_Correct"
cvlt2_raw_trial1_nc,Integer,0,,Recommended,"CVLT II: Trial 1 number correct raw score","",,"","","CVLT2_Raw_Score_Trial1_Number_Correct"
cvlt2_raw_trial5_nc,Integer,0,,Recommended,"CVLT II: Trial 5 number correct raw score","",,"","","CVLT2_Raw_Score_Trial5_Number_Correct"
cvlt2_raw_trials1to5_nc,Integer,0,,Recommended,"CVLT II: Sum of trials 1 to 5 number correct raw score","",,"","","CVLT2_Raw_Score_Trials1to5_Number_Correct"
cvltc_raw_score_trial1,Integer,0,,Recommended,"CVLT-C: Trial 1 number of correct words recalled","",,"","","CVLTC_Raw_Score_Trial1"
cvltc_raw_score_trial5,Integer,0,,Recommended,"CVLT-C: Trial 5 number of correct words recalled","",,"","","CVLTC_Raw_Score_Trial5"
cvltc_raw_score_trials1to5,Integer,0,,Recommended,"CVLT-C: Trials 1 to 5 number of correct words recalled","",,"","","CVLTC_Raw_Score_Trials1to5"
das_standard_score_gca,Integer,0,,Recommended,"DAS: GCA standard score (Population mean=100, SD=15)","",,"","","DAS_Standard_Score_GCA"
das_t_score_copying,Integer,0,,Recommended,"DAS: Copying subtest T score","",,"","","DAS_T_Score_Copying"
das_t_score_early_num_concepts,Integer,0,,Recommended,"DAS: Early number concepts subtest T score","",,"","","DAS_T_Score_Early_Number_Concepts"
das_t_score_verbal_comp,Integer,0,,Recommended,"DAS: Verbal comprehension T score","",,"","","DAS_T_Score_Verbal_Comprehension"
vf_tot_words_credit_sem_categ,Integer,0,,Recommended,"Verbal Fluency (7y+): Semantic category comprised of animal and food/drink words total number of words credited","",,"","","VerbalFluency_7y_and_Up_Total_Words_Credited_Semantic_Category"
wasi_t_score_block,Integer,0,,Recommended,"WASI: Block design subtest T score","",,"","","WASI_T_Score_Block"
wasi_t_score_matrix,Integer,0,,Recommended,"WASI: Matrix reasoning subtest T score","",,"","","WASI_T_Score_Matrix"
wasi_t_score_similarities,Integer,0,,Recommended,"WASI: Similarities subtest T score","",,"","","WASI_T_Score_Similarities"
wasi_t_score_vocabulary,Integer,0,,Recommended,"WASI: Vocabulary subtest T score","",,"","","WASI_T_Score_Vocabulary"
wisc_iii_scaled_score_coding,Integer,0,,Recommended,"WISC-III: Coding subtest scaled score (Population mean=10, SD=3)","",,"","","WISC_III_Scaled_Score_Coding"
wj_iii_standard_score_calc,Integer,0,,Recommended,"WJ-III: Calculation subtest standard score (Population mean=100, SD=15)","",,"","","WJ_III_Standard_Score_Calculation"
wj_iii_stand_sc_letter_word_id,Integer,0,,Recommended,"WJ-III: Letter word identification subtest standard score (Population mean=100, SD=15)","",,"","","WJ_III_Standard_Score_Letter_Word_Identification"
wj_iii_stand_sc_passage_comp,Integer,0,,Recommended,"WJ-III: Passage comprehension subtest standard score (Population mean=100, SD=15","",,"","","WJ_III_Standard_Score_Passage_Comprehension"
subjectkey,GUID,0,,Optional,"The NDAR Global Unique Identifier (GUID) for subjects which identifies a subject in NDAR","NDAR*",,"","",""
src_subject_id,String,20,,Recommended,"The site's subject identification","",,"","","Subject_ID"
timepoint_label,String,5,,Recommended,"User-defined timepoint/visit label - a label selected by the site at the time of registration of a new timepoint into the database.  This label is used to group all the instruments administered to a subject at a given timepoint.","",,"","","Timepoint_Label"
brief_inhibition_t,Integer,0,,Recommended,"BRIEF: Inhibition subscale T score","",,"","","BRIEF_Inhibition_T"
brief_initiate_t,Integer,0,,Recommended,"BRIEF: Initiate subscale T score","",,"","","BRIEF_Initiate_T"
brief_plan_organize_percentile,Integer,0,,Recommended,"BRIEF: Plan/organize subscale percentile","",,"","","BRIEF_Plan_Organize_Percentile"
cantab_swm_within_trl_rtrn_er,String,10,,Recommended,"CANTAB: Spatial working memory subtest total number of within errors represents the number of times during a trial (within) that the subject revisits a box from which the token has already been found and removed (applies to levels 4, 6 and 8 only)","",,"","","CANTAB_SWM_Within_Trial_Return_Errors"
cvlt2_raw_ld_cued_recall_nc,Integer,0,,Recommended,"CVLT II: Long-delay cued-recall number correct raw score","",,"","","CVLT2_Raw_Score_Long_Delay_Cued_Recall_Number_Correct"
cvlt2_raw_ld_fr_nc,Integer,0,,Recommended,"CVLT II: Long-delay free-recall number correct raw score","",,"","","CVLT2_Raw_Score_Long_Delay_Free_Recall_Number_Correct"
cvltc_raw_ld_cr,Integer,0,,Recommended,"CVLT-C: Long-delay cued-recall number of correct words recalled","",,"","","CVLTC_Raw_Score_Long_Delay_Cued_Recall"
cvltc_raw_ld_fr,Integer,0,,Recommended,"CVLT-C: Long-delay free-recall number of correct words recalled","",,"","","CVLTC_Raw_Score_Long_Delay_Free_Recall"
cvltc_raw_short_delay_cr,Integer,0,,Recommended,"CVLT-C: Short-delay cued-recall number of correct words recalled","",,"","","CVLTC_Raw_Score_Short_Delay_Cued_Recall"
cvltc_raw_short_delay_fr,Integer,0,,Recommended,"CVLT-C: Short-delay free-recall number of correct words recalled","",,"","","CVLTC_Raw_Score_Short_Delay_Free_Recall"
cvltc_raw_total_recognition,Integer,0,,Recommended,"CVLT-C: Total number of correct words recalled on the recognition trial","",,"","","CVLTC_Raw_Score_Total_Recognition"
das_t_score_pattern_construct,Integer,0,,Recommended,"DAS: Pattern construction subtest T score","",,"","","DAS_T_Score_Pattern_Construction"
das_t_score_picture_similar,Integer,0,,Recommended,"DAS: Picture similarities subtest T score","",,"","","DAS_T_Score_Picture_Similarities"
hand_tested_hand_preference,String,10,,Recommended,"Handedness: Hand preference answers include Right, Left, Mixed","Right;Left;Mixed;Both/Biman",,"","","Hand_4y_6m_to_5y_11m_Tested_Hand_Preference"
hand_hand_preference,String,10,,Recommended,"Handedness: Hand preference answers include: Right = ULI Score ?+1; Left = ULI Score ?-1, Mixed = ULI score between -1 and +1","Right;Left;Mixed;Non-Right",,"","","Hand_6y_and_Up_Hand_Preference"
peg_full_num_placed_both_hands,Integer,0,,Recommended,"Purdue Pegboard (6y+): Number of pegs placed with both hands","",,"","","Pegboard_Full_6y_and_Up_Number_Pegs_Placed_Both_Hands"
peg_full_num_placed_left_hand,Integer,0,,Recommended,"Purdue Pegboard (6y+): Number of pegs placed with left hand","",,"","","Pegboard_Full_6y_and_Up_Number_Pegs_Placed_Left_Hand"
peg_full_num_placed_right_hand,Integer,0,,Recommended,"Purdue Pegboard (6y+): Number of pegs placed with the right hand","",,"","","Pegboard_Full_6y_and_Up_Number_Pegs_Placed_Right_Hand"
vf_total_score,Integer,0,,Recommended,"Verbal Fluency (7y+): Total raw ccore represents the cum of credited words in response to letters F and S, animal words, and food/drink words","",,"","","VerbalFluency_7y_and_Up_Total_Score"
vf_tot_words_credit_phon_categ,Integer,0,,Recommended,"Verbal Fluency (7y+): Phonemic category comprised of letters A, F, and S total number of words credited","",,"","","VerbalFluency_7y_and_Up_Total_Words_Credited_Phonemic_Category"
wais_r_scaled_score_digit_span,Integer,0,,Recommended,"WAIS-R: Digit span subtest scaled score (Population mean=10, SD=3)","",,"","","WAIS_R_Scaled_Score_Digit_Span"
wais_r_scaled_score_digit_symb,Integer,0,,Recommended,"WAIS-R: Digit symbol subtest scaled score (Population mean=10, SD=3)","",,"","","WAIS_R_Scaled_Score_Digit_Symbol"
wasi_full_scale_iq,Integer,0,,Recommended,"WASI: Full scale IQ (Population mean=100, SD=15)","",,"","","WASI_Full_Scale_IQ"
wasi_performance_iq,Integer,0,,Recommended,"WASI: Performance IQ (Population mean=100, SD=15)","",,"","","WASI_Performance_IQ"
wasi_verbal_iq,Integer,0,,Recommended,"WASI: Verbal IQ (Population mean=100, SD=15)","",,"","","WASI_Verbal_IQ"
wisc_iii_scaled_digit_span,Integer,0,,Recommended,"WISC-III: Digit span subtest scaled score (Population mean=10, SD=3)","",,"","","WISC_III_Scaled_Score_Digit_Span"
