ElementName,DataType,Size,Unit,Required,ElementDescription,ValueRange,Keywords,Notes,Section,Aliases
subjectkey,GUID,0,,Optional,"The NDAR Global Unique Identifier (GUID) for subjects which identifies a subject in NDAR","NDAR*",,"","",""
admin_status,String,20,,Recommended,"Instrument administration status","Complete;Partial;Not Administered;Not Applicable",,"","","CANTAB_Administration_Status"
src_subject_id,String,20,,Recommended,"The site's subject identification","",,"","","Subject_ID"
age_days_dot_to_dob,Integer,0,,Recommended,"Age in days obtained by subtracting the date of birth from the date of test","",,"","","CANTAB_Age_days_DOT_to_DOB"
timepoint_label,String,5,,Recommended,"User-defined timepoint/visit label - a label selected by the site at the time of registration of a new timepoint into the database.  This label is used to group all the instruments administered to a subject at a given timepoint.","",,"","","Timepoint_Label"
cantab_ied_initial_shift,String,10,,Recommended,"CANTAB: ID/ED set shift subtest indicates whether the initial set shift was intra or extradimensional","",,"","","CANTAB_IED_Initial_Shift"
cantab_ied_original_dimension,String,10,,Recommended,"CANTAB: ID/ED set shift subtest original dimension (i.e., shape)","",,"","","CANTAB_IED_Original_Dimension"
cantab_ied_outcome,String,30,,Recommended,"CANTAB: ID/ED set shift subtest outcome (Y=Complete; F=Fail; N=Not Complete; A=Aborted).","test completed;test ended due to system error;test not completed;test failed;test aborted",,"","","CANTAB_IED_Outcome"
cantab_ied_stage1_error,Integer,0,,Recommended,"CANTAB: ID/ED set shift subtest stage 1 total number of errors","",,"","","CANTAB_IED_Stage1_Error"
cantab_ied_stage1_latency,Integer,0,,Recommended,"CANTAB: ID/ED set shift subtest stage 1 average latency for all the trials","",,"","","CANTAB_IED_Stage1_Latency"
cantab_ied_stage1_trial,Integer,0,,Recommended,"CANTAB: ID/ED set shift subtest stage 1 total number of trials","",,"","","CANTAB_IED_Stage1_Trial"
cantab_ied_stage2_error,Integer,0,,Recommended,"CANTAB: ID/ED set shift subtest stage 2 total number of errors","",,"","","CANTAB_IED_Stage2_Error"
cantab_ied_stage2_latency,Integer,0,,Recommended,"CANTAB: ID/ED set shift subtest stage 2 average latency for all the trials for all the trials","",,"","","CANTAB_IED_Stage2_Latency"
cantab_ied_stage2_trial,Integer,0,,Recommended,"CANTAB: ID/ED set shift subtest stage 2 total number of trials","",,"","","CANTAB_IED_Stage2_Trial"
cantab_ied_stage3_error,Integer,0,,Recommended,"CANTAB: ID/ED set shift subtest stage 3 total number of errors","",,"","","CANTAB_IED_Stage3_Error"
cantab_ied_stage3_latency,Integer,0,,Recommended,"CANTAB: ID/ED set shift subtest stage 3 average latency for all the trials","",,"","","CANTAB_IED_Stage3_Latency"
cantab_ied_stage3_trial,Integer,0,,Recommended,"CANTAB: ID/ED set shift subtest stage 3 total number of trials","",,"","","CANTAB_IED_Stage3_Trial"
cantab_ied_stage4_error,Integer,0,,Recommended,"CANTAB: ID/ED set shift subtest stage 4 total number of errors","",,"","","CANTAB_IED_Stage4_Error"
cantab_ied_stage5_latency,Integer,0,,Recommended,"CANTAB: ID/ED set shift subtest stage 5 average latency for all the trials","",,"","","CANTAB_IED_Stage5_Latency"
cantab_ied_stage5_trial,Integer,0,,Recommended,"CANTAB: ID/ED set shift subtest stage 5 total number of trials","",,"","","CANTAB_IED_Stage5_Trial"
cantab_ied_stage6_error,Integer,0,,Recommended,"CANTAB: ID/ED set shift subtest stage 6 total number of errors","",,"","","CANTAB_IED_Stage6_Error"
cantab_ied_stage6_latency,Integer,0,,Recommended,"CANTAB: ID/ED set shift subtest stage 6 average latency for all the trials","",,"","","CANTAB_IED_Stage6_Latency"
cantab_ied_stage6_trial,Integer,0,,Recommended,"CANTAB: ID/ED set shift subtest stage 6 total number of trials","",,"","","CANTAB_IED_Stage6_Trial"
cantab_ied_stage7_error,Integer,0,,Recommended,"CANTAB: ID/ED set shift subtest stage 7 total number of errors","",,"","","CANTAB_IED_Stage7_Error"
cantab_ied_stage7_trial,Integer,0,,Recommended,"CANTAB: ID/ED set shift subtest stage 7 total number of trials","",,"","","CANTAB_IED_Stage7_Trial"
cantab_ied_stage8_error,Integer,0,,Recommended,"CANTAB: ID/ED set shift subtest stage 8 total number of errors","",,"","","CANTAB_IED_Stage8_Error"
cantab_ied_stage8_latency,Integer,0,,Recommended,"CANTAB: ID/ED set shift subtest stage 8 average latency for all the trials","",,"","","CANTAB_IED_Stage8_Latency"
cantab_ied_stage9_trial,Integer,0,,Recommended,"CANTAB: ID/ED set shift subtest stage 9 total number of trials","",,"","","CANTAB_IED_Stage9_Trial"
cantab_ied_stages_completed,Integer,0,,Recommended,"CANTAB: ID/ED set shift subtest total number of stages completed up to a maximum of 9","",,"","","CANTAB_IED_Stages_Completed"
cantab_ied_stage_all_error,Integer,0,,Recommended,"CANTAB: ID/ED set shift subtest total number of errors for all stages","",,"","","CANTAB_IED_Stage_All_Error"
cantab_ied_stage_all_latency,Integer,0,,Recommended,"CANTAB: ID/ED set shift subtest average latency for all trials across all stages","",,"","","CANTAB_IED_Stage_All_Latency"
cantab_ied_stage_all_trials,Integer,0,,Recommended,"CANTAB: ID/ED set shift subtest total number of trials completed across al stages","",,"","","CANTAB_IED_Stage_All_Trials"
cantab_ssp_box_errors,Integer,0,,Recommended,"CANTAB: Spatial span subtest box errors","",,"","","CANTAB_SSP_Box_Errors"
cantab_swm3_double_return_er,String,10,,Recommended,"CANTAB: Spatial working memory subtest represents the number of times that a subject commits a return error that can be simultaneously categorized as being both a ""within error"" and a ""between error"" (applies to levels 4, 6 and 8 only)","",,"","","CANTAB_SWM3_Double_Return_Errors"
cantab_swm3_within_trl_rtrn_er,String,10,,Recommended,"CANTAB: Spatial working memory subtest total number of within errors represents the number of times during a trial (within) that the subject revisits a box from which the token has already been found and removed (applies to levels 4, 6 and 8 only)","",,"","","CANTAB_SWM3_Within_Trial_Return_Errors"
cantab_swm4_double_return_er,String,10,,Recommended,"CANTAB: Spatial working memory subtest represents the number of times that a subject commits a return error that can be simultaneously categorized as being both a ""within error"" and a ""between error"" where the set length is 4","",,"","","CANTAB_SWM4_Double_Return_Errors"
cantab_swm4_optimal_responses,Integer,0,,Recommended,"CANTAB: Spatial working memory subtest optimal number of responses for all trials where the set length is 4","",,"","","CANTAB_SWM4_Optimal_Responses"
cantab_swm4_within_trl_rtrn_er,String,10,,Recommended,"CANTAB: Spatial working memory subtest total number of within errors represents the number of times during a trial (within) that the subject revisits a box from which the token has already been found and removed where the set length is 4","",,"","","CANTAB_SWM4_Within_Trial_Return_Errors"
cantab_swm6_within_trl_rtrn_er,String,10,,Recommended,"CANTAB: Spatial working memory subtest total number of within errors represents the number of times during a trial (within) that the subject revisits a box from which the token has already been found and removed where the set length is 6","",,"","","CANTAB_SWM6_Within_Trial_Return_Errors"
cantab_swm8_optimal_responses,Integer,0,,Recommended,"CANTAB: Spatial working memory subtest optimal number of responses for all trials where the set length is 8","",,"","","CANTAB_SWM8_Optimal_Responses"
cantab_swm8_within_trl_rtrn_er,String,10,,Recommended,"CANTAB: Spatial working memory subtest total number of within errors represents the number of times during a trial (within) that the subject revisits a box from which the token has already been found and removed where the set length is 8","",,"","","CANTAB_SWM8_Within_Trial_Return_Errors"
cantab_swm_actual_responses,Integer,0,,Recommended,"CANTAB: Spatial working memory subtest actual number of responses for all trials where the set length is >=4","",,"","","CANTAB_SWM_Actual_Responses"
cantab_swm_btwn_trl_return_er,String,10,,Recommended,"CANTAB: Spatial working memory subtest between trial return errors represents the number of times across trials (between) that a subject revisits a box from which the token has already been found and removed (applies to levels 4, 6 and 8 only)","",,"","","CANTAB_SWM_Between_Trial_Return_Errors"
cantab_swm_double_return_er,String,10,,Recommended,"CANTAB: Spatial working memory subtest represents the number of times that a subject commits a return error that can be simultaneously categorized as being both a ""within error"" and a ""between error"" (applies to levels 4, 6 and 8 only)","",,"","","CANTAB_SWM_Double_Return_Errors"
cantab_swm_optimal_responses,Integer,0,,Recommended,"CANTAB: Spatial working memory subtest optimal number of responses for all trials where the set length is >=4","",,"","","CANTAB_SWM_Optimal_Responses"
cantab_swm_outcome,String,30,,Recommended,"CANTAB: Spatial working memory subtest (Y=Complete; N=Not Complete; A=Aborted)","test completed;test ended due to system error;test not completed;test failed;test aborted",,"","","CANTAB_SWM_Outcome"
cantab_swm_strategy,Integer,0,,Recommended,"CANTAB: Spatial working memory subtest use of strategy","",,"","","CANTAB_SWM_Strategy"
cantab_swm_within_trl_rtrn_er,String,10,,Recommended,"CANTAB: Spatial working memory subtest total number of within errors represents the number of times during a trial (within) that the subject revisits a box from which the token has already been found and removed (applies to levels 4, 6 and 8 only)","",,"","","CANTAB_SWM_Within_Trial_Return_Errors"
cantab_ied_stage4_latency,Integer,0,,Recommended,"CANTAB: ID/ED set shift subtest stage 4 average latency for all the trials","",,"","","CANTAB_IED_Stage4_Latency"
cantab_ied_stage4_trial,Integer,0,,Recommended,"CANTAB: ID/ED set shift subtest stage 4 total number of trials","",,"","","CANTAB_IED_Stage4_Trial"
cantab_ied_stage5_error,Integer,0,,Recommended,"CANTAB: ID/ED set shift subtest stage 5 total number of errors","",,"","","CANTAB_IED_Stage5_Error"
cantab_ied_stage7_latency,Integer,0,,Recommended,"CANTAB: ID/ED set shift subtest stage 7 average latency for all the trials","",,"","","CANTAB_IED_Stage7_Latency"
cantab_ied_stage8_trial,Integer,0,,Recommended,"CANTAB: ID/ED set shift subtest stage 8 total number of trials","",,"","","CANTAB_IED_Stage8_Trial"
cantab_ied_stage9_error,Integer,0,,Recommended,"CANTAB: ID/ED set shift subtest stage 9 total number of errors","",,"","","CANTAB_IED_Stage9_Error"
cantab_ied_stage9_latency,Integer,0,,Recommended,"CANTAB: ID/ED set shift subtest stage 9 average latency for all the trials","",,"","","CANTAB_IED_Stage9_Latency"
cantab_ssp_placement_errors,Integer,0,,Recommended,"CANTAB: Spatial span subtest placement errors","",,"","","CANTAB_SSP_Placement_Errors"
cantab_ssp_spatial_span,Integer,0,,Recommended,"CANTAB: Spatial span subtest represents a summary variable indicating the subjectu2019s total spatial span score where the highest score possible is a spatial span of 9.","",,"","","CANTAB_SSP_Spatial_Span"
cantab_swm3_actual_responses,Integer,0,,Recommended,"CANTAB: Spatial working memory subtest actual number of responses for all trials where the set length is 3","",,"","","CANTAB_SWM3_Actual_Responses"
cantab_swm3_btwn_trl_return_er,String,10,,Recommended,"CANTAB: Spatial working memory subtest between trial return errors represents the number of times across trials (between) that a subject revisits a box from which the token has already been found and removed (applies to levels 4, 6 and 8 only)","",,"","","CANTAB_SWM3_Between_Trial_Return_Errors"
cantab_swm3_optimal_responses,Integer,0,,Recommended,"CANTAB: Spatial working memory subtest optimal number of responses for all trials where the set length is 3","",,"","","CANTAB_SWM3_Optimal_Responses"
cantab_swm4_actual_responses,Integer,0,,Recommended,"CANTAB: Spatial working memory subtest actual number of responses for all trials where the set length is 4","",,"","","CANTAB_SWM4_Actual_Responses"
cantab_swm4_btwn_trl_return_er,String,10,,Recommended,"CANTAB: Spatial working memory subtest between trial return errors represents the number of times across trials (between) that a subject revisits a box from which the token has already been found and removed where the set length is 4","",,"","","CANTAB_SWM4_Between_Trial_Return_Errors"
cantab_swm6_actual_responses,Integer,0,,Recommended,"CANTAB: Spatial working memory subtest actual number of responses for all trials where the set length is 6","",,"","","CANTAB_SWM6_Actual_Responses"
cantab_swm6_btwn_trl_return_er,String,10,,Recommended,"CANTAB: Spatial working memory subtest between trial return errors represents the number of times across trials (between) that a subject revisits a box from which the token has already been found and removed where the set length is 6","",,"","","CANTAB_SWM6_Between_Trial_Return_Errors"
cantab_swm6_double_return_er,String,10,,Recommended,"CANTAB: Spatial working memory subtest represents the number of times that a subject commits a return error that can be simultaneously categorized as being both a ""within error"" and a ""between error"" where the set length is 6","",,"","","CANTAB_SWM6_Double_Return_Errors"
cantab_swm6_optimal_responses,Integer,0,,Recommended,"CANTAB: Spatial working memory subtest optimal number of responses for all trials where the set length is 6","",,"","","CANTAB_SWM6_Optimal_Responses"
cantab_swm8_actual_responses,Integer,0,,Recommended,"CANTAB: Spatial working memory subtest actual number of responses for all trials where the set length is 8","",,"","","CANTAB_SWM8_Actual_Responses"
cantab_swm8_btwn_trl_return_er,String,10,,Recommended,"CANTAB: Spatial working memory subtest between trial return errors represents the number of times across trials (between) that a subject revisits a box from which the token has already been found and removed where the set length is 8","",,"","","CANTAB_SWM8_Between_Trial_Return_Errors"
cantab_swm8_double_return_er,String,10,,Recommended,"CANTAB: Spatial working memory subtest represents the number of times that a subject commits a return error that can be simultaneously categorized as being both a ""within error"" and a ""between error"" where the set length is 8","",,"","","CANTAB_SWM8_Double_Return_Errors"
