ElementName,DataType,Size,Unit,Required,ElementDescription,ValueRange,Keywords,Notes,Section,Aliases
subjectkey,GUID,0,,Optional,"The NDAR Global Unique Identifier (GUID) for subjects which identifies a subject in NDAR","NDAR*",,"","",""
timepoint_label,String,5,,Required,"User-defined timepoint/visit label - a label selected by the site at the time of registration of a new timepoint into the database.  This label is used to group all the instruments administered to a subject at a given timepoint.","",,"","",""
src_subject_id,String,20,,Required,"The site's subject identification","",,"","","subject_id"
age_days_date_of_visit_to_dob,Integer,0,,Optional,"Age in days at Visit (DoV-DoB), same as age of scan if obtained","",,"","",""
acr_age_days_arbitrary_of_t1,Integer,0,,Optional,"This variable provides an anonymized way to link individual subject data to data from ACR phantom scans. The ""ACR age"" is calculated for all the subjects by subtracting the date of the T1 scan from an arbitrarily selected date.","",,"","","ACR_Age_Days_Arbitrary_Date_to_Date_of_T1"
brainstem_volume,Float,0,,Optional,"MRI Variables: Brainstem volume (mm3)","",,"","",""
caudate_left_volume,Float,0,,Optional,"MRI Variables: Caudate left volume (mm3)","",,"","",""
caudate_right_volume,Float,0,,Optional,"MRI Variables: Caudate right volume (mm3)","",,"","",""
cerebellum_left_volume,Float,0,,Optional,"MRI Variables: Cerebellum left volume (mm3)","",,"","",""
cerebellum_right_volume,Float,0,,Optional,"MRI Variables: Cerebellum right volume (mm3)","",,"","",""
csf_volume,Float,0,,Optional,"MRI Variables: CSF volume (mm3)","",,"","",""
extracerebral_csf_volume,Float,0,,Optional,"MRI Variables: Extracerebral CSF volume (mm3)","",,"","",""
frontal_left_grey_matter,Float,0,,Optional,"MRI Variables: Frontal lobe left grey matter volume (mm3)","",,"","",""
frontal_left_white_matter,Float,0,,Optional,"MRI Variables: Frontal lobe left white matter volume (mm3)","",,"","",""
frontal_right_grey_matter,Float,0,,Optional,"MRI Variables: Frontal lobe right grey matter volume (mm3)","",,"","",""
frontal_right_white_matter,Float,0,,Optional,"MRI Variables: Frontal lobe right white matter volume (mm3)","",,"","",""
globus_pallidus_left_volume,Float,0,,Optional,"MRI Variables: Globus Pallidus left volume (mm3)","",,"","",""
globus_pallidus_right_volume,Float,0,,Optional,"MRI Variables: Globus Pallidus right volume (mm3)","",,"","",""
grey_matter_volume,Float,0,,Optional,"MRI Variables: Grey matter volume (mm3)","",,"","",""
intracranial_volume,Float,0,,Optional,"MRI Variables: Intracranial volume (mm3)","",,"","",""
lateral_ventricle_left_volume,Float,0,,Optional,"MRI Variables: Lateral Ventricle left volume (mm3)","",,"","",""
lateral_ventricle_right_volume,Float,0,,Optional,"MRI Variables: Lateral Ventricle right volume (mm3)","",,"","",""
mri_band_width_pd,Float,0,,Optional,"MRI PD Pixel Bandwidth","",,"","",""
mri_band_width_t1,Float,0,,Optional,"MRI T1 Pixel Bandwidth","",,"","",""
mri_band_width_t2,Float,0,,Optional,"MRI T2 Pixel Bandwidth","",,"","",""
mri_civet_gray_surface_left,String,255,,Optional,"MRI Variables: CIVET output for gray surface left","",,"","",""
mri_civet_gray_surface_right,String,255,,Optional,"MRI Variables: CIVET output for gray surface right","",,"","",""
mri_civet_gray_surf_rsl_left,String,255,,Optional,"MRI Variables: CIVET output for gray surface - resampled (surface registered) for group comparisonsleft","",,"","","mri_civet_gray_surface_rsl_left"
mri_civet_gray_surf_rsl_right,String,255,,Optional,"MRI Variables: CIVET output for gray surface - resampled (surface registered) for group comparisonsright","",,"","","mri_civet_gray_surface_rsl_right"
mri_civet_inner_cort_surf_left,String,255,,Optional,"MRI Variables: CIVET output for inner cortical surface left","",,"","","MRI_civet_inner_cortical_surface_left"
mri_civet_innr_cort_surf_right,String,255,,Optional,"MRI Variables: CIVET output for inner cortical surface right","",,"","","MRI_civet_inner_cortical_surface_right"
mri_civet_lobe_tlink_20mm_left,String,255,,Optional,"MRI Variables: CIVET output for lobe thickness tlink 20mm left","",,"","","MRI_civet_lobe_thickness_tlink_20mm_left"
mri_civet_lobe_tlink_20mm_rgt,String,255,,Optional,"MRI Variables: CIVET output for lobe thickness tlink 20mm right","",,"","","MRI_civet_lobe_thickness_tlink_20mm_right"
mri_civet_mc_gray_left,String,255,,Optional,"MRI Variables: CIVET output for mean curvature gray left","",,"","",""
mri_civet_mc_gray_right,String,255,,Optional,"MRI Variables: CIVET output for mean curvature gray right","",,"","",""
mri_civet_mc_mid_left,String,255,,Optional,"MRI Variables: CIVET output for mean curvature mid left","",,"","",""
mri_civet_mc_mid_right,String,255,,Optional,"MRI Variables: CIVET output for mean curvature mid right","",,"","",""
mri_civet_mc_rsl_gray_left,String,255,,Optional,"MRI Variables: CIVET output for mean curvature - resampled (surface registered) for group comparisonsgray left","",,"","",""
mri_civet_mc_rsl_gray_right,String,255,,Optional,"MRI Variables: CIVET output for mean curvature - resampled (surface registered) for group comparisonsgray right","",,"","",""
mri_civet_mc_rsl_mid_left,String,255,,Optional,"MRI Variables: CIVET output for mean curvature - resampled (surface registered) for group comparisonsmid left","",,"","",""
mri_civet_mc_rsl_mid_right,String,255,,Optional,"MRI Variables: CIVET output for mean curvature - resampled (surface registered) for group comparisonsmid right","",,"","",""
mri_civet_mc_rsl_white_left,String,255,,Optional,"MRI Variables: CIVET output for mean curvature - resampled (surface registered) for group comparisonswhite left","",,"","",""
mri_civet_mc_rsl_white_right,String,255,,Optional,"MRI Variables: CIVET output for mean curvature - resampled (surface registered) for group comparisonswhite right","",,"","",""
mri_civet_mc_white_left,String,255,,Optional,"MRI Variables: CIVET output for mean curvature white left","",,"","",""
mri_civet_mc_white_right,String,255,,Optional,"MRI Variables: CIVET output for mean curvature white right","",,"","",""
mri_civet_mid_surface_left,String,255,,Optional,"MRI Variables: CIVET output for mid surface left","",,"","",""
mri_civet_mid_surface_right,String,255,,Optional,"MRI Variables: CIVET output for mid surface right","",,"","",""
mri_civet_mid_surface_rsl_left,String,255,,Optional,"MRI Variables: CIVET output for mid surface - resampled (surface registered) for group comparisonsleft","",,"","",""
mri_civet_outer_cort_surf_left,String,255,,Optional,"MRI Variables: CIVET output for outer cortical surface left","",,"","","MRI_civet_outer_cortical_surface_left"
mri_civet_outer_cort_surf_rgt,String,255,,Optional,"MRI Variables: CIVET output for outer cortical surface right","",,"","","MRI_civet_outer_cortical_surface_right"
mri_civet_stx_xfm,String,255,,Optional,"MRI Variables: CIVET output for stx xfm","",,"","",""
mri_civet_tal_xfm,String,255,,Optional,"MRI Variables: CIVET output for tal xfm","",,"","",""
mri_civet_thickness_left,String,255,,Optional,"MRI Variables: CIVET output for thickness left","",,"","",""
mri_civet_thickness_right,String,255,,Optional,"MRI Variables: CIVET output for thickness right","",,"","",""
mri_civet_thickness_rsl_left,String,255,,Optional,"MRI Variables: CIVET output for thickness - resampled (surface registered) for group comparisonsleft","",,"","",""
mri_civet_thickness_rsl_right,String,255,,Optional,"MRI Variables: CIVET output for thickness - resampled (surface registered) for group comparisonsright","",,"","",""
mri_civet_white_surface_left,String,255,,Optional,"MRI Variables: CIVET output for white surface left","",,"","",""
mri_civet_white_surf_left_cal,String,255,,Optional,"MRI Variables: CIVET output for white surface left calibrated","",,"","","MRI_civet_white_surface_left_calibrated"
mri_civet_white_surface_right,String,255,,Optional,"MRI Variables: CIVET output for white surface right","",,"","",""
mri_civet_white_surf_right_cal,String,255,,Optional,"MRI Variables: CIVET output for white surface right calibrated","",,"","","MRI_civet_white_surface_right_calibrated"
mri_civet_white_surf_rsl_l_cal,String,255,,Optional,"MRI Variables: CIVET output for white surface - resampled (surface registered) for group comparisonsleft calibrated","",,"","","MRI_civet_white_surface_rsl_left_calibrated"
mri_civet_white_surf_rsl_r_cal,String,255,,Optional,"MRI Variables: CIVET output for white surface - resampled (surface registered)","",,"","","MRI_civet_white_surface_rsl_right_calibrated"
mri_echo_time_pd,Float,0,,Optional,"MRI PD Echo Time (seconds)","",,"","",""
mri_echo_time_t1,Float,0,,Optional,"MRI T1 Echo Time (seconds)","",,"","",""
mri_echo_time_t2,Float,0,,Optional,"MRI T2 Echo Time (seconds)","",,"","",""
mri_excitation_pulse_angle_pd,String,20,,Optional,"MRI PD Excitation Pulse Angle (degrees)","",,"","",""
mri_excitation_pulse_angle_t1,String,20,,Optional,"MRI T1 Excitation Pulse Angle (degrees)","",,"","",""
mri_excitation_pulse_angle_t2,String,20,,Optional,"MRI T2 Excitation Pulse Angle (degrees)","",,"","",""
mri_field_of_view_pd,String,50,,Optional,"MRI PD Field of View","",,"","",""
mri_field_of_view_t1,String,50,,Optional,"MRI T1 Field of View","",,"","",""
mri_field_of_view_t2,String,50,,Optional,"MRI T2 Field of View","",,"","",""
mri_frontal_left,Float,0,,Optional,"MRI Variables: Frontal Left Volume","",,"","",""
mri_frontal_right,Float,0,,Optional,"MRI Variables: Frontal Right Volume","",,"","",""
mri_gyrification_idx_gray_left,Float,0,,Optional,"MRI Variables: Gyrification Index Gray Left","",,"","","MRI_gyrification_index_gray_left"
mri_gyrification_idx_gray_rgt,Float,0,,Optional,"MRI Variables: Gyrification Index Gray Right","",,"","","MRI_gyrification_index_gray_right"
mri_gyrification_idx_mid_left,Float,0,,Optional,"MRI Variables: Gyrification Index Mid Left","",,"","","MRI_gyrification_index_mid_left"
mri_gyrification_idx_mid_right,Float,0,,Optional,"MRI Variables: Gyrification Index Mid Right","",,"","","MRI_gyrification_index_mid_right"
mri_gyrification_idx_white_lt,Float,0,,Optional,"MRI Variables: Gyrification Index White Left","",,"","","MRI_gyrification_index_white_left"
mri_gyrification_idx_white_rgt,Float,0,,Optional,"MRI Variables: Gyrification Index White Right","",,"","","MRI_gyrification_index_white_right"
mri_inversion_time_pd,Integer,0,,Optional,"MRI PD Inversion Time (seconds)","",,"","",""
mri_inversion_time_t1,Integer,0,,Optional,"MRI T1 Inversion Time (seconds)","",,"","",""
mri_inversion_time_t2,Integer,0,,Optional,"MRI T2 Inversion Time (seconds)","",,"","",""
mri_native_pd_file_mnc,String,255,,Optional,"MRI Variables: PD native minc2 file (file name)","",,"","","MRI_Native_PD_File"
mri_native_pd_file_nii,String,255,,Optional,"MRI Variables: PD native nifti file (file name)","",,"","",""
mri_native_t1_file_mnc,String,255,,Optional,"MRI Variables: T1 native minc2 file (file name)","",,"","","MRI_Native_T1_File"
mri_native_t1_file_nii,String,255,,Optional,"MRI Variables: T1 native nifti file (file name)","",,"","",""
mri_native_t2_file_mnc,String,255,,Optional,"MRI Variables: T2 native minc2 file (file name)","",,"","","mri_native_t2_file"
mri_native_t2_file_nii,String,255,,Optional,"MRI Variables: T2 native nifti file (file name)","",,"","",""
mri_nex_pd,Integer,0,,Optional,"MRI PD number of excitations","",,"","",""
mri_nex_t1,Integer,0,,Optional,"MRI T1 number of excitations","",,"","",""
mri_nex_t2,Integer,0,,Optional,"MRI T2 number of excitations","",,"","",""
mri_occipital_left,Float,0,,Optional,"MRI Variables: Occipital Left Volume","",,"","",""
mri_occipital_right,Float,0,,Optional,"MRI Variables: Occipital Right Volume","",,"","",""
mri_parenchyma_vol,Float,0,,Optional,"MRI Variables: Total Parenchyma Volume","",,"","",""
mri_parietal_left,Float,0,,Optional,"MRI Variables: Parietal Left Volume","",,"","",""
mri_parietal_right,Float,0,,Optional,"MRI Variables: Parietal Right Volume","",,"","",""
mri_pd_stx_linear_tf_mnc,String,255,,Optional,"MRI Variables: PD native to stereotaxic space linear transform (file name) Minc2","",,"","","mri_pd_to_stx_linear_transform_file"
mri_pd_stx_linear_tf_nii,String,255,,Optional,"MRI Variables: PD native to stereotaxic space linear transform (file name) Nifti","",,"","",""
mri_pipeline_version,Integer,0,,Optional,"Version of the pipeline used for processing of","",,"","",""
mri_relaxometry_0_file_mnc,String,255,,Optional,"MRI Variables: Relaxometry native file (file name) minc2","",,"","","mri_relaxometry_0_file"
mri_relaxometry_0_file_nii,String,255,,Optional,"MRI Variables: Relaxometry native file (file name) nifti","",,"","",""
mri_relaxometry_1_file_mnc,String,255,,Optional,"MRI Variables: Relaxometry native file (file name) minc2","",,"","","mri_relaxometry_1_file"
mri_relaxometry_1_file_nii,String,255,,Optional,"MRI Variables: Relaxometry native file (file name) nifti","",,"","",""
mri_repetition_time_pd,Float,0,,Optional,"MRI PD Repetition Time (seconds)","",,"","",""
mri_repetition_time_t1,Float,0,,Optional,"MRI T1 Repetition Time (seconds)","",,"","",""
mri_repetition_time_t2,Float,0,,Optional,"MRI T2 Repetition Time (seconds)","",,"","",""
mri_stx_brain_mask_file_mnc,String,255,,Optional,"MRI Variables: Brain mask in stereotaxic space (file name) minc2","",,"","","mri_stx_brain_mask_file"
mri_stx_brain_mask_file_nii,String,255,,Optional,"MRI Variables: Brain mask in stereotaxic space (file name) nifti","",,"","",""
mri_stx_lobar_seg_file_mnc,String,255,,Optional,"MRI Variables: Lobar segmentation in stereotaxic space (file name) minc2","",,"","","mri_stx_lobar_segmentation_file"
mri_stx_lobar_seg_file_nii,String,255,,Optional,"MRI Variables: Lobar segmentation in stereotaxic space (file name) nifti","",,"","",""
mri_stx_pd_file_mnc,String,255,,Optional,"MRI Variables: PD in stereotaxic space (file name) minc2","",,"","","mri_stx_pd_file"
mri_stx_pd_file_nii,String,255,,Optional,"MRI Variables: PD in stereotaxic space (file name) nifti","",,"","",""
mri_stx_t1_file_mnc,String,255,,Optional,"MRI Variables: T1 in stereotaxic space (file name) minc2","",,"","","mri_stx_t1_file"
mri_stx_t1_file_nii,String,255,,Optional,"MRI Variables: T1 in stereotaxic space (file name) nifti","",,"","",""
mri_stx_t2_file_mnc,String,255,,Optional,"MRI Variables: T2 in stereotaxic space (file name) minc2","",,"","","mri_stx_t2_file"
mri_stx_t2_file_nii,String,255,,Optional,"MRI Variables: T2 in stereotaxic space (file name) nifti","",,"","",""
mri_stx_tissue_class_file_mnc,String,255,,Optional,"MRI Variables: Tissue classification in stereotaxic space (file name) minc2","",,"","","mri_stx_tissue_class_file"
mri_stx_tissue_class_file_nii,String,255,,Optional,"MRI Variables: Tissue classification in stereotaxic space (file name) nifti","",,"","",""
mri_t1_fallback_used,String,1,,Optional,"T1 Fallback Protocol Applied","",,"","",""
mri_t1_stx_linear_tf_file_mnc,String,255,,Optional,"MRI Variables: T1 native to stereotaxic space linear transform (file name) minc2","",,"","","MRI_t1_to_stx_linear_transform_file"
mri_t1_stx_linear_tf_file_nii,String,255,,Optional,"MRI Variables: T1 native to stereotaxic space linear transform (file name) nifti","",,"","",""
mri_t2_fallback_used,String,1,,Optional,"T2 Fallback Protocol Applied","",,"","",""
mri_t2_stx_linear_tf_file_mnc,String,255,,Optional,"MRI Variables: T2 native to stereotaxic space linear transform (file name) minc2","",,"","","mri_t2_stx_linear_tf_file,MRI_T2_To_Stx_Linear_Transform_File"
mri_t2_stx_linear_tf_file_nii,String,255,,Optional,"MRI Variables: T2 native to stereotaxic space linear transform (file name) nifti","",,"","",""
mri_temporal_left,Float,0,,Optional,"MRI Variables: Temporal Left Volume","",,"","",""
mri_temporal_right,Float,0,,Optional,"MRI Variables: Temporal Right Volume","",,"","",""
mri_voxel_volume_pd,Float,0,,Optional,"MRI PD Voxel Volume (cubic mm)","",,"","",""
mri_voxel_volume_t1,Float,0,,Optional,"MRI T1 Voxel Volume (cubic mm)","",,"","",""
mri_voxel_volume_t2,Float,0,,Optional,"MRI T2 Voxel Volume (cubic mm)","",,"","",""
mri_voxel_width_ap_pd,Float,0,,Optional,"MRI Variables: MRI voxel width in anterior-posterior direction for PD (mm)","",,"","",""
mri_voxel_width_ap_t1,Float,0,,Optional,"MRI Variables: MRI voxel width in anterior-posterior direction for T1 (mm)","",,"","",""
mri_voxel_width_ap_t2,Float,0,,Optional,"MRI Variables: MRI voxel width in anterior-posterior direction for T2 (mm)","",,"","",""
mri_voxel_width_is_pd,Float,0,,Optional,"MRI Variables: MRI voxel width in inferior-superior direction for PD (mm)","",,"","",""
mri_voxel_width_is_t1,Float,0,,Optional,"MRI Variables: MRI voxel width in inferior-superior direction for T1 (mm)","",,"","",""
mri_voxel_width_is_t2,Float,0,,Optional,"MRI Variables: MRI voxel width in inferior-superior direction for T2 (mm)","",,"","",""
mri_voxel_width_lr_pd,Float,0,,Optional,"MRI Variables: MRI voxel width in left-right direction for PD (mm)","",,"","",""
mri_voxel_width_lr_t1,Float,0,,Optional,"MRI Variables: MRI voxel width in left-right direction for T1 (mm)","",,"","",""
mri_voxel_width_lr_t2,Float,0,,Optional,"MRI Variables: MRI voxel width in left-right direction for T2 (mm)","",,"","",""
occipital_left_grey_matter,Float,0,,Optional,"MRI Variables: Occipital lobe left grey matter volume (mm3)","",,"","",""
occipital_left_white_matter,Float,0,,Optional,"MRI Variables: Occipital lobe left white matter volume (mm3)","",,"","",""
occipital_right_grey_matter,Float,0,,Optional,"MRI Variables: Occipital lobe right grey matter volume (mm3)","",,"","",""
occipital_right_white_matter,Float,0,,Optional,"MRI Variables: Occipital lobe right white matter volume (mm3)","",,"","",""
parietal_left_grey_matter,Float,0,,Optional,"MRI Variables: Parietal lobe left grey matter volume (mm3)","",,"","",""
parietal_left_white_matter,Float,0,,Optional,"MRI Variables: Parietal lobe left white matter volume (mm3)","",,"","",""
parietal_right_grey_matter,Float,0,,Optional,"MRI Variables: Parietal lobe right grey matter volume (mm3)","",,"","",""
parietal_right_white_matter,Float,0,,Optional,"MRI Variables: Parietal lobe right white matter volume (mm3)","",,"","",""
putamen_left_volume,Float,0,,Optional,"MRI Variables: Putamen left volume (mm3)","",,"","",""
putamen_right_volume,Float,0,,Optional,"MRI Variables: Putamen right volume (mm3)","",,"","",""
scalefactor,Float,0,,Optional,"T1 Native to Talairach Scale Factor","",,"","",""
scanner_manufacturer_pd,String,30,,Optional,"MRI PD Scanner Manufacturer","",,"","",""
scanner_manufacturer_t1,String,30,,Optional,"MRI T1 Scanner Manufacturer","",,"","",""
scanner_manufacturer_t2,String,30,,Optional,"MRI T2 Scanner Manufacturer","",,"","",""
scanner_serial_pd,String,30,,Optional,"MRI PD Scanner Anonymised Serial Number","",,"","",""
scanner_serial_t1,String,30,,Optional,"MRI T1 Scanner Anonymised Serial Number","",,"","",""
scanner_serial_t2,String,30,,Optional,"MRI T2 Scanner Anonymised Serial Number","",,"","",""
scanner_software_versions_pd,String,30,,Optional,"MRI PD Scanner Software Versions","",,"","",""
scanner_software_versions_t1,String,30,,Optional,"MRI T1 Scanner Software Versions","",,"","",""
scanner_software_versions_t2,String,30,,Optional,"MRI T2 Scanner Software Versions","",,"","",""
scanner_type_pd,String,30,,Optional,"MRI PD Scanner Type","",,"","",""
scanner_type_t1,String,30,,Optional,"MRI T1 Scanner Type","",,"","",""
scanner_type_t2,String,30,,Optional,"MRI T2 Scanner Type","",,"","",""
temporal_left_grey_matter,Float,0,,Optional,"MRI Variables: Temporal lobe left grey matter volume (mm3)","",,"","",""
temporal_left_white_matter,Float,0,,Optional,"MRI Variables: Temporal lobe left white matter volume (mm3)","",,"","",""
temporal_right_grey_matter,Float,0,,Optional,"MRI Variables: Temporal lobe right grey matter volume (mm3)","",,"","",""
temporal_right_white_matter,Float,0,,Optional,"MRI Variables: Temporal lobe right white matter volume (mm3)","",,"","",""
thalamus_left_volume,Float,0,,Optional,"MRI Variables: Thalamus left volume (mm3)","",,"","",""
thalamus_right_volume,Float,0,,Optional,"MRI Variables: Thalamus right volume (mm3)","",,"","",""
white_matter_volume,Float,0,,Optional,"MRI Variables: White matter volume (mm3)","",,"","",""
civet_cortical_thickness_left,String,255,,Optional,"MRI Variables: CIVET output for cortical thickness left","",,"","","MRI_civet_cortical_thickness_left"
civet_cortical_thickness_right,String,255,,Optional,"MRI Variables: CIVET output for cortical thickness right","",,"","","MRI_civet_cortical_thickness_right"
civet_gyrification_index_left,String,255,,Optional,"MRI Variables: CIVET output for gyrification index left","",,"","","MRI_civet_gyrification_index_left"
civet_gyrification_index_right,String,255,,Optional,"MRI Variables: CIVET output for gyrification index right","",,"","","MRI_civet_gyrification_index_right"
civet_mean_curvature_left,String,255,,Optional,"MRI Variables: CIVET output for mean curvature left","",,"","","MRI_civet_mean_curvature_left"
civet_mean_curvature_right,String,255,,Optional,"MRI Variables: CIVET output for mean curvature right","",,"","","MRI_civet_mean_curvature_right"
