ElementName,DataType,Size,Unit,Required,ElementDescription,ValueRange,Keywords,Notes,Section,Aliases
subjectkey,GUID,0,,Required,"The NDAR Global Unique Identifier (GUID) for subjects which identifies a subject in NDAR","NDAR*",,"","NDAR Required","NDAR_GUID"
src_subject_id,String,20,,Required,"The site's subject identification","",,"","NDAR Required","Subject_ID"
interview_date,Date,0,,Required,"Date on which the interview/genetic test/sampling/imaging was completed","MM/yyyy;MM/dd/yyyy",,"* '01/01/1900' indicates that a date associated with retrospective data is not known.","NDAR Required","PLS4_DOE"
interview_age,Integer,0,,Required,"Age in months at the time of the interview/test/sampling/imaging.","0 to 1200",,"Age is rounded to chronological month If the research participant is 13 days old at time of interview  the appropriate value would be 0 months if the participant is 19 days old the value would be 1 month","NDAR Required","PLS4_CA_mths"
pls4_measure,String,20,,Recommended,"Measure Used","PLS-4",,"","Measure",""
pls4_year,String,20,,Recommended,"PLS-4: year from published/most recent copywrite","2002",,"","Measure",""
pls4_ci_percent,Integer,0,,Optional,"SS Confidence Band (____% Level):","90;95",,"","",""
pls4_ac_last_task,Integer,0,,Recommended,"Auditory Comprehension: Item Number of Last Task administered","",,"","Auditory Comprehension",""
pls4_ac_errors,Integer,0,,Recommended,"Auditory Comprehension: Number of Errors","",,"","Auditory Comprehension",""
pls4_ac_raw_scr,Integer,0,,Recommended,"Auditory Comprehension: Raw Score","",,"","Auditory Comprehension",""
pls4_ac_ss,Integer,0,,Recommended,"Auditory Comprehension: Standard Score (SS)","",,"","Auditory Comprehension",""
pls4_ac_ss_cb_rng,String,20,,Optional,"Auditory Comprehension: SS Confidence Band Range (??? to ???)","",,"??? to ??? (ex: 099 to 110)","Auditory Comprehension",""
pls4_ac_pr,Integer,0,,Optional,"Auditory Comprehension: Percentile Rank (PR)","",,"","Auditory Comprehension",""
pls4_ac_pr_ss_cb_rng,String,20,,Optional,"Auditory Comprehension: PRs for SS Confidence Band Values (??? to ???)","",,"??? to ??? (ex: 099 to 110)","Auditory Comprehension",""
pls4_ac_ae_mths,Integer,0,,Recommended,"Auditory Comprehension: Age Equivalent (in months)","",,"Age Equivalent (in months)","Auditory Comprehension",""
pls4_ec_last_task,Integer,0,,Recommended,"Expressive Communication: Item Number of Last Task administered","",,"","Expressive Communication",""
pls4_ec_errors,Integer,0,,Recommended,"Expressive Communication: Number of Errors","",,"","Expressive Communication",""
pls4_ec_raw_scr,Integer,0,,Recommended,"Expressive Communication: Raw Score","",,"","Expressive Communication",""
pls4_ec_ss,Integer,0,,Recommended,"Expressive Communication: Standard Score (SS)","",,"","Expressive Communication",""
pls4_ec_ss_cb_rng,String,20,,Optional,"Expressive Communication: SS Confidence Band Range (??? to ???)","",,"??? to ??? (ex: 099 to 110)","Expressive Communication",""
pls4_ec_pr,Integer,0,,Optional,"Expressive Communication: Percentile Rank (PR)","",,"","Expressive Communication",""
pls4_ec_pr_ss_cb_rng,String,20,,Optional,"Expressive Communication: PRs for SS Confidence Band Values (??? to ???)","",,"??? to ??? (ex: 099 to 110)","Expressive Communication",""
pls4_ec_ae_mths,Integer,0,,Recommended,"Expressive Communication: Age Equivalent (in months)","",,"Age Equivalent (in months)","Expressive Communication",""
pls4_tls_acplsec_ss_tot,Integer,0,,Recommended,"Total Language Score: AC + EC Standard Score Total","",,"","Total Language Score",""
pls4_tls_ss,Integer,0,,Recommended,"Total Language Score: Standard Score (SS)","",,"","Total Language Score",""
pls4_tls_ss_cb_rng,String,20,,Optional,"Total Language Score: SS Confidence Band Range (??? to ???)","",,"??? to ??? (ex: 099 to 110)","Total Language Score",""
pls4_tls_pr,Integer,0,,Optional,"Total Language Score: Percentile Rank (PR)","",,"","Total Language Score",""
pls4_tls_pr_ss_cb_rng,String,20,,Optional,"Total Language Score: PRs for SS Confidence Band Values (??? to ???)","",,"??? to ??? (ex: 099 to 110)","Total Language Score",""
pls4_tls_acplsec_raw_sum,Integer,0,,Recommended,"Total Language Score: AC Raw + EC Raw scores Total","",,"","Total Language Score",""
pls4_tls_ae_mths,Integer,0,,Recommended,"Total Language Score: Age Equivalent (in months)","",,"Age Equivalent (in months)","Total Language Score",""
