ElementName,DataType,Size,Unit,Required,ElementDescription,ValueRange,Keywords,Notes,Section,Aliases
subjectkey,GUID,0,,Required,"The NDAR Global Unique Identifier (GUID) for subjects which identifies a subject in NDAR","NDAR*",,"","Header",""
src_subject_id,String,20,,Required,"The site's subject identification","",,"","Header","PPVT4_FormB_SRC_Subject_ID"
interview_date,Date,0,,Required,"Date on which the interview/genetic test/sampling/imaging was completed","MM/yyyy;MM/dd/yyyy",,"* '01/01/1900' indicates that a date associated with retrospective data is not known.","Header","PPVT4_FormB_INTERVIEW_DATE"
interview_age,Integer,0,,Required,"Age in months at the time of the interview/test/sampling/imaging.","0 to 1200",,"Age is rounded to chronological month If the research participant is 13 days old at time of interview  the appropriate value would be 0 months if the participant is 19 days old the value would be 1 month","Header","PPVT4_FormB_INTERVIEW_AGE"
comments_misc,String,255,,Optional,"Miscellaneous comments on study, interview, methodology relevant to this form data","",,"","Header","PPVT4_FormB_COMMENTS_MISC"
sex,String,50,,Recommended,"Gender -Child","M;F",,"","Header","Gender,PPVT4_FormB_Sex"
currgradelevel,String,50,,Recommended,"Current grade level","",,"","Header","PPVT4_FormB_CurrGradeLevel"
curreduccompleted,String,50,,Optional,"Current grade education level completed","",,"","Header","PPVT4_FormB_CurrEducCompleted"
language,String,50,,Recommended,"Language Spoken at Home","",,"","Header","PPVT4_FormB_Language"
testreason,String,255,,Recommended,"Reason for Testing","",,"","Header","PPVT4_FormB_TestReason"
norms_age,String,50,,Recommended,"Age in Norms Used","Yes; No",,"","Norms","PPVT4_FormB_Norms_Age"
norms_gradefall,String,50,,Recommended,"Grade in Fall","Yes; No",,"","Norms","PPVT4_FormB_Norms_GradeFall"
norms_gradespring,String,50,,Recommended,"Grade in Spring","Yes; No",,"","Norms","PPVT4_FormB_Norms_GradeSpring"
ss_rawscore,Float,0,,Recommended,"Raw score","",,"","Score Summary","PPVT4_FormB_SS_RawScore"
ss_standardscore,Float,0,,Recommended,"Standard score, use Table B1, B2, and B3","",,"","Score Summary","PPVT4_FormB_SS_StandardScore"
ss_confidenceinterv90,String,50,,Recommended,"Confidence interval 90%","Yes; No",,"","Score Summary","PPVT4_FormB_SS_ConfidenceInterv90"
ss_confidenceinterv95,String,50,,Recommended,"Confidence interval 95%","Yes; No",,"","Score Summary","PPVT4_FormB_SS_ConfidenceInterv95"
ss_confidenceintervfrom,Float,0,,Recommended,"Confidence interval lower limit value (left)","",,"","Score Summary","PPVT4_FormB_SS_ConfidenceIntervFrom"
ss_confidenceintervto,Float,0,,Recommended,"Confidence interval upper limit value (right)","",,"","Score Summary","PPVT4_FormB_SS_ConfidenceIntervTo"
ss_percentile,Float,0,,Recommended,"Percentile","",,"","Score Summary","PPVT4_FormB_SS_Percentile"
ss_nce,Float,0,,Recommended,"Normal Curve Equivalent (NCE)","",,"","Score Summary","PPVT4_FormB_SS_NCE"
ss_stanine,Float,0,,Recommended,"Stanine (a method of scaling test scores on a nine-point standard scale with a mean of five (5) and a standard deviation of two (2))","",,"","Score Summary","PPVT4_FormB_SS_Stanine"
ss_gsv,Float,0,,Recommended,"Growth Scale Value (GSV)","",,"","Score Summary","PPVT4_FormB_SS_GSV"
ss_ageequiv,Integer,0,,Recommended,"Age equivalent","0 to 1200",,"","Score Summary","PPVT4_FormB_SS_AgeEquiv"
ss_ageequivyn,String,50,,Recommended,"Age equivalent used","Yes; No",,"","Score Summary","PPVT4_FormB_SS_AgeEquivYN"
ss_gradeequiv,Integer,0,,Recommended,"Grade equivalent","1+",,"","Score Summary","PPVT4_FormB_SS_GradeEquiv"
ss_gradeequivyn,String,50,,Recommended,"Grade equivalent used","Yes; No",,"","Score Summary","PPVT4_FormB_SS_GradeEquivYN"
set1_cat,Integer,0,,Recommended,"1. cat","1;2;3;4",,"","Set 1","PPVT4_FormB_Set1_cat"
set1_cat_err,String,50,,Recommended,"1. cat (error)","Yes;No",,"","Set 1","PPVT4_FormB_Set1_cat_err"
set1_apple,Integer,0,,Recommended,"2. apple","1;2;3;4",,"","Set 1","PPVT4_FormB_Set1_apple"
set1_apple_err,String,50,,Recommended,"2. apple (error)","Yes;No",,"","Set 1","PPVT4_FormB_Set1_apple_err"
set1_balloon,Integer,0,,Recommended,"3. balloon","1;2;3;4",,"","Set 1","PPVT4_FormB_Set1_balloon"
set1_balloon_err,String,50,,Recommended,"3. balloon (error)","Yes;No",,"","Set 1","PPVT4_FormB_Set1_balloon_err"
set1_hand,Integer,0,,Recommended,"4.hand","1;2;3;4",,"","Set 1","PPVT4_FormB_Set1_hand"
set1_hand_err,String,50,,Recommended,"4.hand (error)","Yes;No",,"","Set 1","PPVT4_FormB_Set1_hand_err"
set1_airplane,Integer,0,,Recommended,"5. airplane","1;2;3;4",,"","Set 1","PPVT4_FormB_Set1_airplane"
set1_airplane_err,String,50,,Recommended,"5. airplane (error)","Yes;No",,"","Set 1","PPVT4_FormB_Set1_airplane_err"
set1_bird,Integer,0,,Recommended,"6. bird","1;2;3;4",,"","Set 1","PPVT4_FormB_Set1_bird"
set1_bird_err,String,50,,Recommended,"6. bird (error)","Yes;No",,"","Set 1","PPVT4_FormB_Set1_bird_err"
set1_tree,Integer,0,,Recommended,"7. tree","1;2;3;4",,"","Set 1","PPVT4_FormB_Set1_tree"
set1_tree_err,String,50,,Recommended,"7. tree (error)","Yes;No",,"","Set 1","PPVT4_FormB_Set1_tree_err"
set1_table,Integer,0,,Recommended,"8. table","1;2;3;4",,"","Set 1","PPVT4_FormB_Set1_table"
set1_table_err,String,50,,Recommended,"8. table (error)","Yes;No",,"","Set 1","PPVT4_FormB_Set1_table_err"
set1_drinking,Integer,0,,Recommended,"9. drinking","1;2;3;4",,"","Set 1","PPVT4_FormB_Set1_drinking"
set1_drinking_err,String,50,,Recommended,"9. drinking (error)","Yes;No",,"","Set 1","PPVT4_FormB_Set1_drinking_err"
set1_frog,Integer,0,,Recommended,"10. frog","1;2;3;4",,"","Set 1","PPVT4_FormB_Set1_frog"
set1_frog_err,String,50,,Recommended,"10. frog (error)","Yes;No",,"","Set 1","PPVT4_FormB_Set1_frog_err"
set1_money,Integer,0,,Recommended,"11. money","1;2;3;4",,"","Set 1","PPVT4_FormB_Set1_money"
set1_money_err,String,50,,Recommended,"11. money (error)","Yes;No",,"","Set 1","PPVT4_FormB_Set1_money_err"
set1_umbrella,Integer,0,,Recommended,"12. umbrella","1;2;3;4",,"","Set 1","PPVT4_FormB_Set1_umbrella"
set1_umbrella_err,String,50,,Recommended,"12. umbrella (error)","Yes;No",,"","Set 1","PPVT4_FormB_Set1_umbrella_err"
set1_numerrorset1,Integer,0,,Recommended,"Number of errors","0+",,"","Set 1","PPVT4_FormB_Set1_NumErrorSet1"
set2_running,Integer,0,,Recommended,"13. running","1;2;3;4",,"","Set 2","PPVT4_FormB_Set2_running"
set2_running_err,String,50,,Recommended,"13. running (error)","Yes;No",,"","Set 2","PPVT4_FormB_Set2_running_err"
set2_window,Integer,0,,Recommended,"14. window","1;2;3;4",,"","Set 2","PPVT4_FormB_Set2_window"
set2_window_err,String,50,,Recommended,"14. window (error)","Yes;No",,"","Set 2","PPVT4_FormB_Set2_window_err"
set2_neck,Integer,0,,Recommended,"15. neck","1;2;3;4",,"","Set 2","PPVT4_FormB_Set2_neck"
set2_neck_err,String,50,,Recommended,"15. neck (error)","Yes;No",,"","Set 2","PPVT4_FormB_Set2_neck_err"
set2_talking,Integer,0,,Recommended,"16. talking","1;2;3;4",,"","Set 2","PPVT4_FormB_Set2_talking"
set2_talking_err,String,50,,Recommended,"16. talking (error)","Yes;No",,"","Set 2","PPVT4_FormB_Set2_talking_err"
set2_blue,Integer,0,,Recommended,"17. blue","1;2;3;4",,"","Set 2","PPVT4_FormB_Set2_blue"
set2_blue_err,String,50,,Recommended,"17. blue (error)","Yes;No",,"","Set 2","PPVT4_FormB_Set2_blue_err"
set2_thumb,Integer,0,,Recommended,"18. thumb","1;2;3;4",,"","Set 2","PPVT4_FormB_Set2_thumb"
set2_thumb_err,String,50,,Recommended,"18. thumb (error)","Yes;No",,"","Set 2","PPVT4_FormB_Set2_thumb_err"
set2_grapes,Integer,0,,Recommended,"19. grapes","1;2;3;4",,"","Set 2","PPVT4_FormB_Set2_grapes"
set2_grapes_err,String,50,,Recommended,"19. grapes (error)","Yes;No",,"","Set 2","PPVT4_FormB_Set2_grapes_err"
set2_swimmimg,Integer,0,,Recommended,"20. swimmimg","1;2;3;4",,"","Set 2","PPVT4_FormB_Set2_swimmimg"
set2_swimmimg_err,String,50,,Recommended,"20. swimmimg (error)","Yes;No",,"","Set 2","PPVT4_FormB_Set2_swimmimg_err"
set2_circle,Integer,0,,Recommended,"21. circle","1;2;3;4",,"","Set 2","PPVT4_FormB_Set2_circle"
set2_circle_err,String,50,,Recommended,"21. circle (error)","Yes;No",,"","Set 2","PPVT4_FormB_Set2_circle_err"
set2_mail,Integer,0,,Recommended,"22. mail","1;2;3;4",,"","Set 2","PPVT4_FormB_Set2_mail"
set2_mail_err,String,50,,Recommended,"22. mail (error)","Yes;No",,"","Set 2","PPVT4_FormB_Set2_mail_err"
set2_hammer,Integer,0,,Recommended,"23. hammer","1;2;3;4",,"","Set 2","PPVT4_FormB_Set2_hammer"
set2_hammer_err,String,50,,Recommended,"23. hammer (error)","Yes;No",,"","Set 2","PPVT4_FormB_Set2_hammer_err"
set2_candle,Integer,0,,Recommended,"24. candle","1;2;3;4",,"","Set 2","PPVT4_FormB_Set2_candle"
set2_candle_err,String,50,,Recommended,"24. candle (error)","Yes;No",,"","Set 2","PPVT4_FormB_Set2_candle_err"
set2_numerrorset2,Integer,0,,Recommended,"Number of errors","0+",,"","Set 2","PPVT4_FormB_Set2_NumErrorSet2"
set3_flag,Integer,0,,Recommended,"25. flag","1;2;3;4",,"","Set 3","PPVT4_FormB_Set3_flag"
set3_flag_err,String,50,,Recommended,"25. flag (error)","Yes;No",,"","Set 3","PPVT4_FormB_Set3_flag_err"
set3_gates,Integer,0,,Recommended,"26. gate","1;2;3;4",,"","Set 3","PPVT4_FormB_Set3_gates"
set3_gates_err,String,50,,Recommended,"26. gate (error)","Yes;No",,"","Set 3","PPVT4_FormB_Set3_gates_err"
set3_sad,Integer,0,,Recommended,"27. sad","1;2;3;4",,"","Set 3","PPVT4_FormB_Set3_sad"
set3_sad_err,String,50,,Recommended,"27. sad (error)","Yes;No",,"","Set 3","PPVT4_FormB_Set3_sad_err"
set3_hopping,Integer,0,,Recommended,"28. hopping","1;2;3;4",,"","Set 3","PPVT4_FormB_Set3_hopping"
set3_hopping_err,String,50,,Recommended,"28. hopping (error)","Yes;No",,"","Set 3","PPVT4_FormB_Set3_hopping_err"
set3_plant,Integer,0,,Recommended,"29. plant","1;2;3;4",,"","Set 3","PPVT4_FormB_Set3_plant"
set3_plant_err,String,50,,Recommended,"29. plant (error)","Yes;No",,"","Set 3","PPVT4_FormB_Set3_plant_err"
set3_kangaroo,Integer,0,,Recommended,"30.kangaroo","1;2;3;4",,"","Set 3","PPVT4_FormB_Set3_kangaroo"
set3_kangaroo_err,String,50,,Recommended,"30.kangaroo (error)","Yes;No",,"","Set 3","PPVT4_FormB_Set3_kangaroo_err"
set3_muffin,Integer,0,,Recommended,"31. muffin","1;2;3;4",,"","Set 3","PPVT4_FormB_Set3_muffin"
set3_muffin_err,String,50,,Recommended,"31. muffin (error)","Yes;No",,"","Set 3","PPVT4_FormB_Set3_muffin_err"
set3_game,Integer,0,,Recommended,"32. game","1;2;3;4",,"","Set 3","PPVT4_FormB_Set3_game"
set3_game_err,String,50,,Recommended,"32. game (error)","Yes;No",,"","Set 3","PPVT4_FormB_Set3_game_err"
set3_barn,Integer,0,,Recommended,"33. barn","1;2;3;4",,"","Set 3","PPVT4_FormB_Set3_barn"
set3_barn_err,String,50,,Recommended,"33. barn (error)","Yes;No",,"","Set 3","PPVT4_FormB_Set3_barn_err"
set3_writing,Integer,0,,Recommended,"34. writing","1;2;3;4",,"","Set 3","PPVT4_FormB_Set3_writing"
set3_writing_err,String,50,,Recommended,"34. writing (error)","Yes;No",,"","Set 3","PPVT4_FormB_Set3_writing_err"
set3_ring,Integer,0,,Recommended,"35. ring","1;2;3;4",,"","Set 3","PPVT4_FormB_Set3_ring"
set3_ring_err,String,50,,Recommended,"35. ring (error)","Yes;No",,"","Set 3","PPVT4_FormB_Set3_ring_err"
set3_farmer,Integer,0,,Recommended,"36. farmer","1;2;3;4",,"","Set 3","PPVT4_FormB_Set3_farmer"
set3_farmer_err,String,50,,Recommended,"36. farmer (error)","Yes;No",,"","Set 3","PPVT4_FormB_Set3_farmer_err"
set3_numerrorset3,Integer,0,,Recommended,"Number of errors","0+",,"","Set 3","PPVT4_FormB_Set3_NumErrorSet3"
set4_zipper,Integer,0,,Recommended,"37. zipper","1;2;3;4",,"","Set 4","PPVT4_FormB_Set4_zipper"
set4_zipper_err,String,50,,Recommended,"37. zipper (error)","Yes;No",,"","Set 4","PPVT4_FormB_Set4_zipper_err"
set4_nest,Integer,0,,Recommended,"38. nest","1;2;3;4",,"","Set 4","PPVT4_FormB_Set4_nest"
set4_nest_err,String,50,,Recommended,"38. nest (error)","Yes;No",,"","Set 4","PPVT4_FormB_Set4_nest_err"
set4_mountain,Integer,0,,Recommended,"39. mountain","1;2;3;4",,"","Set 4","PPVT4_FormB_Set4_mountain"
set4_mountain_err,String,50,,Recommended,"39. mountain (error)","Yes;No",,"","Set 4","PPVT4_FormB_Set4_mountain_err"
set4_horn,Integer,0,,Recommended,"40. horn","1;2;3;4",,"","Set 4","PPVT4_FormB_Set4_horn"
set4_horn_err,String,50,,Recommended,"40. horn (error)","Yes;No",,"","Set 4","PPVT4_FormB_Set4_horn_err"
set4_pear,Integer,0,,Recommended,"41. pear","1;2;3;4",,"","Set 4","PPVT4_FormB_Set4_pear"
set4_pear_err,String,50,,Recommended,"41. pear (error)","Yes;No",,"","Set 4","PPVT4_FormB_Set4_pear_err"
set4_yawning,Integer,0,,Recommended,"42. yawning","1;2;3;4",,"","Set 4","PPVT4_FormB_Set4_yawning"
set4_yawning_err,String,50,,Recommended,"42. yawning (error)","Yes;No",,"","Set 4","PPVT4_FormB_Set4_yawning_err"
set4_caterpillar,Integer,0,,Recommended,"43. caterpillar","1;2;3;4",,"","Set 4","PPVT4_FormB_Set4_caterpillar"
set4_caterpillar_err,String,50,,Recommended,"43. caterpillar (error)","Yes;No",,"","Set 4","PPVT4_FormB_Set4_caterpillar_err"
set4_chin,Integer,0,,Recommended,"44. chin","1;2;3;4",,"","Set 4","PPVT4_FormB_Set4_chin"
set4_chin_err,String,50,,Recommended,"44. chin (error)","Yes;No",,"","Set 4","PPVT4_FormB_Set4_chin_err"
set4_pouring,Integer,0,,Recommended,"45. pouring","1;2;3;4",,"","Set 4","PPVT4_FormB_Set4_pouring"
set4_pouring_err,String,50,,Recommended,"45. pouring (error)","Yes;No",,"","Set 4","PPVT4_FormB_Set4_pouring_err"
set4_decorated,Integer,0,,Recommended,"46. decorated","1;2;3;4",,"","Set 4","PPVT4_FormB_Set4_decorated"
set4_decorated_err,String,50,,Recommended,"46. decorated (error)","Yes;No",,"","Set 4","PPVT4_FormB_Set4_decorated_err"
set4_triangle,Integer,0,,Recommended,"47. triangle","1;2;3;4",,"","Set 4","PPVT4_FormB_Set4_triangle"
set4_triangle_err,String,50,,Recommended,"47. triangle (error)","Yes;No",,"","Set 4","PPVT4_FormB_Set4_triangle_err"
set4_desk,Integer,0,,Recommended,"48. desk","1;2;3;4",,"","Set 4","PPVT4_FormB_Set4_desk"
set4_desk_err,String,50,,Recommended,"48. desk (error)","Yes;No",,"","Set 4","PPVT4_FormB_Set4_desk_err"
set4_numerrorset4,Integer,0,,Recommended,"Number of errors","0+",,"","Set 4","PPVT4_FormB_Set4_NumErrorSet4"
set5_knee,Integer,0,,Recommended,"49. knee","1;2;3;4",,"","Set 5","PPVT4_FormB_Set5_knee"
set5_knee_err,String,50,,Recommended,"49. knee (error)","Yes;No",,"","Set 5","PPVT4_FormB_Set5_knee_err"
set5_donkey,Integer,0,,Recommended,"50. donkey","1;2;3;4",,"","Set 5","PPVT4_FormB_Set5_donkey"
set5_donkey_err,String,50,,Recommended,"50. donkey (error)","Yes;No",,"","Set 5","PPVT4_FormB_Set5_donkey_err"
set5_measuring,Integer,0,,Recommended,"51. measuring","1;2;3;4",,"","Set 5","PPVT4_FormB_Set5_measuring"
set5_measuring_err,String,50,,Recommended,"51. measuring (error)","Yes;No",,"","Set 5","PPVT4_FormB_Set5_measuring_err"
set5_huge,Integer,0,,Recommended,"52. huge","1;2;3;4",,"","Set 5","PPVT4_FormB_Set5_huge"
set5_huge_err,String,50,,Recommended,"52. huge (error)","Yes;No",,"","Set 5","PPVT4_FormB_Set5_huge_err"
set5_coin,Integer,0,,Recommended,"53. coin","1;2;3;4",,"","Set 5","PPVT4_FormB_Set5_coin"
set5_coin_err,String,50,,Recommended,"53. coin (error)","Yes;No",,"","Set 5","PPVT4_FormB_Set5_coin_err"
set5_porcupine,Integer,0,,Recommended,"54. porcupine","1;2;3;4",,"","Set 5","PPVT4_FormB_Set5_porcupine"
set5_porcupine_err,String,50,,Recommended,"54. porcupine (error)","Yes;No",,"","Set 5","PPVT4_FormB_Set5_porcupine_err"
set5_tearing,Integer,0,,Recommended,"55. tearing","1;2;3;4",,"","Set 5","PPVT4_FormB_Set5_tearing"
set5_tearing_err,String,50,,Recommended,"55. tearing (error)","Yes;No",,"","Set 5","PPVT4_FormB_Set5_tearing_err"
set5_rectangle,Integer,0,,Recommended,"56. rectangle","1;2;3;4",,"","Set 5","PPVT4_FormB_Set5_rectangle"
set5_rectangle_err,String,50,,Recommended,"56. rectangle (error)","Yes;No",,"","Set 5","PPVT4_FormB_Set5_rectangle_err"
set5_full,Integer,0,,Recommended,"57. full","1;2;3;4",,"","Set 5","PPVT4_FormB_Set5_full"
set5_full_err,String,50,,Recommended,"57. full (error)","Yes;No",,"","Set 5","PPVT4_FormB_Set5_full_err"
set5_astronaut,Integer,0,,Recommended,"58. astronaut","1;2;3;4",,"","Set 5","PPVT4_FormB_Set5_astronaut"
set5_astronaut_err,String,50,,Recommended,"58. astronaut (error)","Yes;No",,"","Set 5","PPVT4_FormB_Set5_astronaut_err"
set5_ship,Integer,0,,Recommended,"59. ship","1;2;3;4",,"","Set 5","PPVT4_FormB_Set5_ship"
set5_ship_err,String,50,,Recommended,"59. ship (error)","Yes;No",,"","Set 5","PPVT4_FormB_Set5_ship_err"
set5_hoop,Integer,0,,Recommended,"60. hoop","1;2;3;4",,"","Set 5","PPVT4_FormB_Set5_hoop"
set5_hoop_err,String,50,,Recommended,"60. hoop (error)","Yes;No",,"","Set 5","PPVT4_FormB_Set5_hoop_err"
set5_numerrorset5,Integer,0,,Recommended,"Number of errors","0+",,"","Set 5","PPVT4_FormB_Set5_NumErrorSet5"
set6_map,Integer,0,,Recommended,"61. map","1;2;3;4",,"","Set 6","PPVT4_FormB_Set6_map"
set6_map_err,String,50,,Recommended,"61. map (error)","Yes;No",,"","Set 6","PPVT4_FormB_Set6_map_err"
set6_lock,Integer,0,,Recommended,"62. lock","1;2;3;4",,"","Set 6","PPVT4_FormB_Set6_lock"
set6_lock_err,String,50,,Recommended,"62. lock (error)","Yes;No",,"","Set 6","PPVT4_FormB_Set6_lock_err"
set6_package,Integer,0,,Recommended,"63. package","1;2;3;4",,"","Set 6","PPVT4_FormB_Set6_package"
set6_package_err,String,50,,Recommended,"63. package (error)","Yes;No",,"","Set 6","PPVT4_FormB_Set6_package_err"
set6_fruit,Integer,0,,Recommended,"64. fruit","1;2;3;4",,"","Set 6","PPVT4_FormB_Set6_fruit"
set6_fruit_err,String,50,,Recommended,"64. fruit (error)","Yes;No",,"","Set 6","PPVT4_FormB_Set6_fruit_err"
set6_brain,Integer,0,,Recommended,"65. brain","1;2;3;4",,"","Set 6","PPVT4_FormB_Set6_brain"
set6_brain_err,String,50,,Recommended,"65. brain (error)","Yes;No",,"","Set 6","PPVT4_FormB_Set6_brain_err"
set6_goat,Integer,0,,Recommended,"66. goat","1;2;3;4",,"","Set 6","PPVT4_FormB_Set6_goat"
set6_goat_err,String,50,,Recommended,"66. goat (error)","Yes;No",,"","Set 6","PPVT4_FormB_Set6_goat_err"
set6_jewelry,Integer,0,,Recommended,"67. jewelry","1;2;3;4",,"","Set 6","PPVT4_FormB_Set6_jewelry"
set6_jewelry_err,String,50,,Recommended,"67. jewelry (error)","Yes;No",,"","Set 6","PPVT4_FormB_Set6_jewelry_err"
set6_statue,Integer,0,,Recommended,"68. statue","1;2;3;4",,"","Set 6","PPVT4_FormB_Set6_statue"
set6_statue_err,String,50,,Recommended,"68. statue (error)","Yes;No",,"","Set 6","PPVT4_FormB_Set6_statue_err"
set6_chain,Integer,0,,Recommended,"69. chain","1;2;3;4",,"","Set 6","PPVT4_FormB_Set6_chain"
set6_chain_err,String,50,,Recommended,"69. chain (error)","Yes;No",,"","Set 6","PPVT4_FormB_Set6_chain_err"
set6_leaking,Integer,0,,Recommended,"70. leaking","1;2;3;4",,"","Set 6","PPVT4_FormB_Set6_leaking"
set6_leaking_err,String,50,,Recommended,"70. leaking (error)","Yes;No",,"","Set 6","PPVT4_FormB_Set6_leaking_err"
set6_cashier,Integer,0,,Recommended,"71. cashier","1;2;3;4",,"","Set 6","PPVT4_FormB_Set6_cashier"
set6_cashier_err,String,50,,Recommended,"71. cashier (error)","Yes;No",,"","Set 6","PPVT4_FormB_Set6_cashier_err"
set6_binoculars,Integer,0,,Recommended,"72. binoculars","1;2;3;4",,"","Set 6","PPVT4_FormB_Set6_binoculars"
set6_binoculars_err,String,50,,Recommended,"72. binoculars (error)","Yes;No",,"","Set 6","PPVT4_FormB_Set6_binoculars_err"
set6_numerrorset6,Integer,0,,Recommended,"Number of errors","0+",,"","Set 6","PPVT4_FormB_Set6_NumErrorSet6"
set7_diving,Integer,0,,Recommended,"73. diving","1;2;3;4",,"","Set 7","PPVT4_FormB_Set7_diving"
set7_diving_err,String,50,,Recommended,"73. diving (error)","Yes;No",,"","Set 7","PPVT4_FormB_Set7_diving_err"
set7_raccoon,Integer,0,,Recommended,"74. raccoon","1;2;3;4",,"","Set 7","PPVT4_FormB_Set7_raccoon"
set7_raccoon_err,String,50,,Recommended,"74. raccoon (error)","Yes;No",,"","Set 7","PPVT4_FormB_Set7_raccoon_err"
set7_island,Integer,0,,Recommended,"75. island","1;2;3;4",,"","Set 7","PPVT4_FormB_Set7_island"
set7_island_err,String,50,,Recommended,"75. island (error)","Yes;No",,"","Set 7","PPVT4_FormB_Set7_island_err"
set7_drilling,Integer,0,,Recommended,"76. drilling","1;2;3;4",,"","Set 7","PPVT4_FormB_Set7_drilling"
set7_drilling_err,String,50,,Recommended,"76. drilling (error)","Yes;No",,"","Set 7","PPVT4_FormB_Set7_drilling_err"
set7_harmonica,Integer,0,,Recommended,"77.harmonica","1;2;3;4",,"","Set 7","PPVT4_FormB_Set7_harmonica"
set7_harmonica_err,String,50,,Recommended,"77.harmonica (error)","Yes;No",,"","Set 7","PPVT4_FormB_Set7_harmonica_err"
set7_time,Integer,0,,Recommended,"78. time","1;2;3;4",,"","Set 7","PPVT4_FormB_Set7_time"
set7_time_err,String,50,,Recommended,"78. time (error)","Yes;No",,"","Set 7","PPVT4_FormB_Set7_time_err"
set7_electrician,Integer,0,,Recommended,"79. electrician","1;2;3;4",,"","Set 7","PPVT4_FormB_Set7_electrician"
set7_electrician_err,String,50,,Recommended,"79. electrician (error)","Yes;No",,"","Set 7","PPVT4_FormB_Set7_electrician_err"
set7_frame,Integer,0,,Recommended,"80. frame","1;2;3;4",,"","Set 7","PPVT4_FormB_Set7_frame"
set7_frame_err,String,50,,Recommended,"80. frame (error)","Yes;No",,"","Set 7","PPVT4_FormB_Set7_frame_err"
set7_tornado,Integer,0,,Recommended,"81. tornado","1;2;3;4",,"","Set 7","PPVT4_FormB_Set7_tornado"
set7_tornado_err,String,50,,Recommended,"81. tornado (error)","Yes;No",,"","Set 7","PPVT4_FormB_Set7_tornado_err"
set7_peacock,Integer,0,,Recommended,"82. peacock","1;2;3;4",,"","Set 7","PPVT4_FormB_Set7_peacock"
set7_peacock_err,String,50,,Recommended,"82. peacock (error)","Yes;No",,"","Set 7","PPVT4_FormB_Set7_peacock_err"
set7_annoying,Integer,0,,Recommended,"83. annoying","1;2;3;4",,"","Set 7","PPVT4_FormB_Set7_annoying"
set7_annoying_err,String,50,,Recommended,"83. annoying (error)","Yes;No",,"","Set 7","PPVT4_FormB_Set7_annoying_err"
set7_parachute,Integer,0,,Recommended,"84. parachute","1;2;3;4",,"","Set 7","PPVT4_FormB_Set7_parachute"
set7_parachute_err,String,50,,Recommended,"84. parachute (error)","Yes;No",,"","Set 7","PPVT4_FormB_Set7_parachute_err"
set7_numerrorset7,Integer,0,,Recommended,"Number of errors","0+",,"","Set 7","PPVT4_FormB_Set7_NumErrorSet7"
set8_tugging,Integer,0,,Recommended,"85. tugging","1;2;3;4",,"","Set 8","PPVT4_FormB_Set8_tugging"
set8_tugging_err,String,50,,Recommended,"85. tugging (error)","Yes;No",,"","Set 8","PPVT4_FormB_Set8_tugging_err"
set8_root,Integer,0,,Recommended,"86. root","1;2;3;4",,"","Set 8","PPVT4_FormB_Set8_root"
set8_root_err,String,50,,Recommended,"86. root (error)","Yes;No",,"","Set 8","PPVT4_FormB_Set8_root_err"
set8_sharing,Integer,0,,Recommended,"87. sharing","1;2;3;4",,"","Set 8","PPVT4_FormB_Set8_sharing"
set8_sharing_err,String,50,,Recommended,"87. sharing (error)","Yes;No",,"","Set 8","PPVT4_FormB_Set8_sharing_err"
set8_hive,Integer,0,,Recommended,"88. hive","1;2;3;4",,"","Set 8","PPVT4_FormB_Set8_hive"
set8_hive_err,String,50,,Recommended,"88. hive (error)","Yes;No",,"","Set 8","PPVT4_FormB_Set8_hive_err"
set8_guitar,Integer,0,,Recommended,"89. guitar","1;2;3;4",,"","Set 8","PPVT4_FormB_Set8_guitar"
set8_guitar_err,String,50,,Recommended,"89. guitar (error)","Yes;No",,"","Set 8","PPVT4_FormB_Set8_guitar_err"
set8_terrified,Integer,0,,Recommended,"90. terrified","1;2;3;4",,"","Set 8","PPVT4_FormB_Set8_terrified"
set8_terrified_err,String,50,,Recommended,"90. terrified (error)","Yes;No",,"","Set 8","PPVT4_FormB_Set8_terrified_err"
set8_camper,Integer,0,,Recommended,"91. camper","1;2;3;4",,"","Set 8","PPVT4_FormB_Set8_camper"
set8_camper_err,String,50,,Recommended,"91. camper (error)","Yes;No",,"","Set 8","PPVT4_FormB_Set8_camper_err"
set8_liquid,Integer,0,,Recommended,"92. liquid","1;2;3;4",,"","Set 8","PPVT4_FormB_Set8_liquid"
set8_liquid_err,String,50,,Recommended,"92. liquid (error)","Yes;No",,"","Set 8","PPVT4_FormB_Set8_liquid_err"
set8_jogging,Integer,0,,Recommended,"93. jogging","1;2;3;4",,"","Set 8","PPVT4_FormB_Set8_jogging"
set8_jogging_err,String,50,,Recommended,"93. jogging (error)","Yes;No",,"","Set 8","PPVT4_FormB_Set8_jogging_err"
set8_tortoise,Integer,0,,Recommended,"94. tortoise","1;2;3;4",,"","Set 8","PPVT4_FormB_Set8_tortoise"
set8_tortoise_err,String,50,,Recommended,"94. tortoise (error)","Yes;No",,"","Set 8","PPVT4_FormB_Set8_tortoise_err"
set8_unhappy,Integer,0,,Recommended,"95. unhappy","1;2;3;4",,"","Set 8","PPVT4_FormB_Set8_unhappy"
set8_unhappy_err,String,50,,Recommended,"95. unhappy (error)","Yes;No",,"","Set 8","PPVT4_FormB_Set8_unhappy_err"
set8_racket,Integer,0,,Recommended,"96. racket","1;2;3;4",,"","Set 8","PPVT4_FormB_Set8_racket"
set8_racket_err,String,50,,Recommended,"96. racket (error)","Yes;No",,"","Set 8","PPVT4_FormB_Set8_racket_err"
numerrorset8,Integer,0,,Recommended,"Number of errors","0+",,"","Set 8","set8_numerrorset8,PPVT4_FormB_NumErrorSet8"
set9_antlers,Integer,0,,Recommended,"97. antlers","1;2;3;4",,"","Set 9","PPVT4_FormB_Set9_antlers"
set9_antlers_err,String,50,,Recommended,"97. antlers (error)","Yes;No",,"","Set 9","PPVT4_FormB_Set9_antlers_err"
set9_calculating,Integer,0,,Recommended,"98. calculating","1;2;3;4",,"","Set 9","PPVT4_FormB_Set9_calculating"
set9_calculating_err,String,50,,Recommended,"98. calculating (error)","Yes;No",,"","Set 9","PPVT4_FormB_Set9_calculating_err"
set9_pair,Integer,0,,Recommended,"99. pair","1;2;3;4",,"","Set 9","PPVT4_FormB_Set9_pair"
set9_pair_err,String,50,,Recommended,"99. pair (error)","Yes;No",,"","Set 9","PPVT4_FormB_Set9_pair_err"
set9_printing,Integer,0,,Recommended,"100. printing","1;2;3;4",,"","Set 9","PPVT4_FormB_Set9_printing"
set9_printing_err,String,50,,Recommended,"100. printing (error)","Yes;No",,"","Set 9","PPVT4_FormB_Set9_printing_err"
set9_missile,Integer,0,,Recommended,"101. missile","1;2;3;4",,"","Set 9","PPVT4_FormB_Set9_missile"
set9_missile_err,String,50,,Recommended,"101. missile (error)","Yes;No",,"","Set 9","PPVT4_FormB_Set9_missile_err"
set9_angle,Integer,0,,Recommended,"102. angle","1;2;3;4",,"","Set 9","PPVT4_FormB_Set9_angle"
set9_angle_err,String,50,,Recommended,"102. angle (error)","Yes;No",,"","Set 9","PPVT4_FormB_Set9_angle_err"
set9_jaw,Integer,0,,Recommended,"103. jaw","1;2;3;4",,"","Set 9","PPVT4_FormB_Set9_jaw"
set9_jaw_err,String,50,,Recommended,"103. jaw (error)","Yes;No",,"","Set 9","PPVT4_FormB_Set9_jaw_err"
set9_cliff,Integer,0,,Recommended,"104. cliff","1;2;3;4",,"","Set 9","PPVT4_FormB_Set9_cliff"
set9_cliff_err,String,50,,Recommended,"104. cliff (error)","Yes;No",,"","Set 9","PPVT4_FormB_Set9_cliff_err"
set9_rough,Integer,0,,Recommended,"105. rough","1;2;3;4",,"","Set 9","PPVT4_FormB_Set9_rough"
set9_rough_err,String,50,,Recommended,"105. rough (error)","Yes;No",,"","Set 9","PPVT4_FormB_Set9_rough_err"
set9_nostril,Integer,0,,Recommended,"106. nostril","1;2;3;4",,"","Set 9","PPVT4_FormB_Set9_nostril"
set9_nostril_err,String,50,,Recommended,"106. nostril (error)","Yes;No",,"","Set 9","PPVT4_FormB_Set9_nostril_err"
set9_walrus,Integer,0,,Recommended,"107. walrus","1;2;3;4",,"","Set 9","PPVT4_FormB_Set9_walrus"
set9_walrus_err,String,50,,Recommended,"107. walrus (error)","Yes;No",,"","Set 9","PPVT4_FormB_Set9_walrus_err"
set9_compass,Integer,0,,Recommended,"108. compass","1;2;3;4",,"","Set 9","PPVT4_FormB_Set9_compass"
set9_compass_err,String,50,,Recommended,"108. compass (error)","Yes;No",,"","Set 9","PPVT4_FormB_Set9_compass_err"
set9_numerrorset9,Integer,0,,Recommended,"Number of errors","0+",,"","Set 9","PPVT4_FormB_Set9_NumErrorSet9"
set10_pedal,Integer,0,,Recommended,"109. pedal","1;2;3;4",,"","Set 10","PPVT4_FormB_Set10_pedal"
set10_pedal_err,String,50,,Recommended,"109. pedal (error)","Yes;No",,"","Set 10","PPVT4_FormB_Set10_pedal_err"
set10_construction,Integer,0,,Recommended,"110. construction","1;2;3;4",,"","Set 10","PPVT4_FormB_Set10_construction"
set10_construction_err,String,50,,Recommended,"110. construction (error)","Yes;No",,"","Set 10","PPVT4_FormB_Set10_construction_err"
set10_arrivng,Integer,0,,Recommended,"111. arriving","1;2;3;4",,"","Set 10","PPVT4_FormB_Set10_arrivng"
set10_arrivng_err,String,50,,Recommended,"111. arriving (error)","Yes;No",,"","Set 10","PPVT4_FormB_Set10_arrivng_err"
set10_pyramid,Integer,0,,Recommended,"112. pyramid","1;2;3;4",,"","Set 10","PPVT4_FormB_Set10_pyramid"
set10_pyramid_err,String,50,,Recommended,"112. pyramid (error)","Yes;No",,"","Set 10","PPVT4_FormB_Set10_pyramid_err"
set10_arctic,Integer,0,,Recommended,"113. arctic","1;2;3;4",,"","Set 10","PPVT4_FormB_Set10_arctic"
set10_arctic_err,String,50,,Recommended,"113. arctic (error)","Yes;No",,"","Set 10","PPVT4_FormB_Set10_arctic_err"
set10_signal,Integer,0,,Recommended,"114. signal","1;2;3;4",,"","Set 10","PPVT4_FormB_Set10_signal"
set10_signal_err,String,50,,Recommended,"114. signal (error)","Yes;No",,"","Set 10","PPVT4_FormB_Set10_signal_err"
set10_fictional,Integer,0,,Recommended,"115. fictional","1;2;3;4",,"","Set 10","PPVT4_FormB_Set10_fictional"
set10_fictional_err,String,50,,Recommended,"115. fictional (error)","Yes;No",,"","Set 10","PPVT4_FormB_Set10_fictional_err"
set10_shore,Integer,0,,Recommended,"116. shore","1;2;3;4",,"","Set 10","PPVT4_FormB_Set10_shore"
set10_shore_err,String,50,,Recommended,"116. shore (error)","Yes;No",,"","Set 10","PPVT4_FormB_Set10_shore_err"
set10_deflated,Integer,0,,Recommended,"117. deflated","1;2;3;4",,"","Set 10","PPVT4_FormB_Set10_deflated"
set10_deflated_err,String,50,,Recommended,"117. deflated (error)","Yes;No",,"","Set 10","PPVT4_FormB_Set10_deflated_err"
set10_sanding,Integer,0,,Recommended,"118. sanding","1;2;3;4",,"","Set 10","PPVT4_FormB_Set10_sanding"
set10_sanding_err,String,50,,Recommended,"118. sanding (error)","Yes;No",,"","Set 10","PPVT4_FormB_Set10_sanding_err"
set10_greeting,Integer,0,,Recommended,"119. greeting","1;2;3;4",,"","Set 10","PPVT4_FormB_Set10_greeting"
set10_greeting_err,String,50,,Recommended,"119. greeting (error)","Yes;No",,"","Set 10","PPVT4_FormB_Set10_greeting_err"
set10_bouquet,Integer,0,,Recommended,"120. bouquet","1;2;3;4",,"","Set 10","PPVT4_FormB_Set10_bouquet"
set10_bouquet_err,String,50,,Recommended,"120. bouquet (error)","Yes;No",,"","Set 10","PPVT4_FormB_Set10_bouquet_err"
set10_numerrorset10,Integer,0,,Recommended,"Number of errors","0+",,"","Set 10","PPVT4_FormB_Set10_NumErrorSet10"
set11_tropical,Integer,0,,Recommended,"121. tropical","1;2;3;4",,"","Set 11","PPVT4_FormB_Set11_tropical"
set11_tropical_err,String,50,,Recommended,"121. tropical (error)","Yes;No",,"","Set 11","PPVT4_FormB_Set11_tropical_err"
set11_exhausted,Integer,0,,Recommended,"122. exhausted","1;2;3;4",,"","Set 11","PPVT4_FormB_Set11_exhausted"
set11_exhausted_err,String,50,,Recommended,"122. exhausted (error)","Yes;No",,"","Set 11","PPVT4_FormB_Set11_exhausted_err"
set11_funnel,Integer,0,,Recommended,"123. funnel","1;2;3;4",,"","Set 11","PPVT4_FormB_Set11_funnel"
set11_funnel_err,String,50,,Recommended,"123. funnel (error)","Yes;No",,"","Set 11","PPVT4_FormB_Set11_funnel_err"
set11_harvesting,Integer,0,,Recommended,"124. harvesting","1;2;3;4",,"","Set 11","PPVT4_FormB_Set11_harvesting"
set11_harvesting_err,String,50,,Recommended,"124. harvesting (error)","Yes;No",,"","Set 11","PPVT4_FormB_Set11_harvesting_err"
set11_adjustable,Integer,0,,Recommended,"125. adjustable","1;2;3;4",,"","Set 11","PPVT4_FormB_Set11_adjustable"
set11_adjustable_err,String,50,,Recommended,"125. adjustable (error)","Yes;No",,"","Set 11","PPVT4_FormB_Set11_adjustable_err"
set11_grain,Integer,0,,Recommended,"126. grain","1;2;3;4",,"","Set 11","PPVT4_FormB_Set11_grain"
set11_grain_err,String,50,,Recommended,"126. grain (error)","Yes;No",,"","Set 11","PPVT4_FormB_Set11_grain_err"
set11_pelican,Integer,0,,Recommended,"127. pelican","1;2;3;4",,"","Set 11","PPVT4_FormB_Set11_pelican"
set11_pelican_err,String,50,,Recommended,"127. pelican (error)","Yes;No",,"","Set 11","PPVT4_FormB_Set11_pelican_err"
set11_nutritious,Integer,0,,Recommended,"128. nutritious","1;2;3;4",,"","Set 11","PPVT4_FormB_Set11_nutritious"
set11_nutritious_err,String,50,,Recommended,"128. nutritious (error)","Yes;No",,"","Set 11","PPVT4_FormB_Set11_nutritious_err"
set11_hoof,Integer,0,,Recommended,"129. hoof","1;2;3;4",,"","Set 11","PPVT4_FormB_Set11_hoof"
set11_hoof_err,String,50,,Recommended,"129. hoof (error)","Yes;No",,"","Set 11","PPVT4_FormB_Set11_hoof_err"
set11_tubular,Integer,0,,Recommended,"130. tubular","1;2;3;4",,"","Set 11","PPVT4_FormB_Set11_tubular"
set11_tubular_err,String,50,,Recommended,"130. tubular (error)","Yes;No",,"","Set 11","PPVT4_FormB_Set11_tubular_err"
set11_disappointed,Integer,0,,Recommended,"131. disappointed","1;2;3;4",,"","Set 11","PPVT4_FormB_Set11_disappointed"
set11_disappointed_err,String,50,,Recommended,"131. disappointed (error)","Yes;No",,"","Set 11","PPVT4_FormB_Set11_disappointed_err"
set11_triplets,Integer,0,,Recommended,"132. triplets","1;2;3;4",,"","Set 11","PPVT4_FormB_Set11_triplets"
set11_triplets_err,String,50,,Recommended,"132. triplets (error)","Yes;No",,"","Set 11","PPVT4_FormB_Set11_triplets_err"
set11_numerrorset11,Integer,0,,Recommended,"Number of errors","0+",,"","Set 11","PPVT4_FormB_Set11_NumErrorSet11"
set12_avocado,Integer,0,,Recommended,"133. avocado","1;2;3;4",,"","Set 12","PPVT4_FormB_Set12_avocado"
set12_avocado_err,String,50,,Recommended,"133. avocado (error)","Yes;No",,"","Set 12","PPVT4_FormB_Set12_avocado_err"
set12_grooming,Integer,0,,Recommended,"134. grooming","1;2;3;4",,"","Set 12","PPVT4_FormB_Set12_grooming"
set12_grooming_err,String,50,,Recommended,"134. grooming (error)","Yes;No",,"","Set 12","PPVT4_FormB_Set12_grooming_err"
set12_canine,Integer,0,,Recommended,"135. canine","1;2;3;4",,"","Set 12","PPVT4_FormB_Set12_canine"
set12_canine_err,String,50,,Recommended,"135. canine (error)","Yes;No",,"","Set 12","PPVT4_FormB_Set12_canine_err"
set12_hinge,Integer,0,,Recommended,"136. hinge","1;2;3;4",,"","Set 12","PPVT4_FormB_Set12_hinge"
set12_hinge_err,String,50,,Recommended,"136. hinge (error)","Yes;No",,"","Set 12","PPVT4_FormB_Set12_hinge_err"
set12_colliding,Integer,0,,Recommended,"137. colliding","1;2;3;4",,"","Set 12","PPVT4_FormB_Set12_colliding"
set12_colliding_err,String,50,,Recommended,"137. colliding (error)","Yes;No",,"","Set 12","PPVT4_FormB_Set12_colliding_err"
set12_parallel,Integer,0,,Recommended,"138. parallel","1;2;3;4",,"","Set 12","PPVT4_FormB_Set12_parallel"
set12_parallel_err,String,50,,Recommended,"138. parallel (error)","Yes;No",,"","Set 12","PPVT4_FormB_Set12_parallel_err"
set12_thermos,Integer,0,,Recommended,"139. thermos","1;2;3;4",,"","Set 12","PPVT4_FormB_Set12_thermos"
set12_thermos_err,String,50,,Recommended,"139. thermos (error)","Yes;No",,"","Set 12","PPVT4_FormB_Set12_thermos_err"
set12_scholar,Integer,0,,Recommended,"140. scholar","1;2;3;4",,"","Set 12","PPVT4_FormB_Set12_scholar"
set12_scholar_err,String,50,,Recommended,"140. scholar (error)","Yes;No",,"","Set 12","PPVT4_FormB_Set12_scholar_err"
set12_pelvis,Integer,0,,Recommended,"141. pelvis","1;2;3;4",,"","Set 12","PPVT4_FormB_Set12_pelvis"
set12_pelvis_err,String,50,,Recommended,"141. pelvis (error)","Yes;No",,"","Set 12","PPVT4_FormB_Set12_pelvis_err"
set12_applauding,Integer,0,,Recommended,"142. applauding","1;2;3;4",,"","Set 12","PPVT4_FormB_Set12_applauding"
set12_applauding_err,String,50,,Recommended,"142. applauding (error)","Yes;No",,"","Set 12","PPVT4_FormB_Set12_applauding_err"
set12_amphibian,Integer,0,,Recommended,"143. amphibian","1;2;3;4",,"","Set 12","PPVT4_FormB_Set12_amphibian"
set12_amphibian_err,String,50,,Recommended,"143. amphibian (error)","Yes;No",,"","Set 12","PPVT4_FormB_Set12_amphibian_err"
set12_orchard,Integer,0,,Recommended,"144. orchard","1;2;3;4",,"","Set 12","PPVT4_FormB_Set12_orchard"
set12_orchard_err,String,50,,Recommended,"144. orchard (error)","Yes;No",,"","Set 12","PPVT4_FormB_Set12_orchard_err"
set12_numerrorset12,Integer,0,,Recommended,"Number of errors","0+",,"","Set 12","PPVT4_FormB_Set12_NumErrorSet12"
set13_assembling,Integer,0,,Recommended,"145. assembling","1;2;3;4",,"","Set 13","PPVT4_FormB_Set13_assembling"
set13_assembling_err,String,50,,Recommended,"145. assembling (error)","Yes;No",,"","Set 13","PPVT4_FormB_Set13_assembling_err"
set13_archery,Integer,0,,Recommended,"146. archery","1;2;3;4",,"","Set 13","PPVT4_FormB_Set13_archery"
set13_archery_err,String,50,,Recommended,"146. archery (error)","Yes;No",,"","Set 13","PPVT4_FormB_Set13_archery_err"
set13_tuba,Integer,0,,Recommended,"147. tuba","1;2;3;4",,"","Set 13","PPVT4_FormB_Set13_tuba"
set13_tuba_err,String,50,,Recommended,"147. tuba (error)","Yes;No",,"","Set 13","PPVT4_FormB_Set13_tuba_err"
set13_escorting,Integer,0,,Recommended,"148. escorting","1;2;3;4",,"","Set 13","PPVT4_FormB_Set13_escorting"
set13_escorting_err,String,50,,Recommended,"148. escorting (error)","Yes;No",,"","Set 13","PPVT4_FormB_Set13_escorting_err"
set13_fungus,Integer,0,,Recommended,"149. fungus","1;2;3;4",,"","Set 13","PPVT4_FormB_Set13_fungus"
set13_fungus_err,String,50,,Recommended,"149. fungus (error)","Yes;No",,"","Set 13","PPVT4_FormB_Set13_fungus_err"
set13_blazing,Integer,0,,Recommended,"150. blazing","1;2;3;4",,"","Set 13","PPVT4_FormB_Set13_blazing"
set13_blazing_err,String,50,,Recommended,"150. blazing (error)","Yes;No",,"","Set 13","PPVT4_FormB_Set13_blazing_err"
set13_infant,Integer,0,,Recommended,"151. infant","1;2;3;4",,"","Set 13","PPVT4_FormB_Set13_infant"
set13_infant_err,String,50,,Recommended,"151. infant (error)","Yes;No",,"","Set 13","PPVT4_FormB_Set13_infant_err"
set13_hurdling,Integer,0,,Recommended,"152. hurdling","1;2;3;4",,"","Set 13","PPVT4_FormB_Set13_hurdling"
set13_hurdling_err,String,50,,Recommended,"152. hurdling (error)","Yes;No",,"","Set 13","PPVT4_FormB_Set13_hurdling_err"
set13_foundation,Integer,0,,Recommended,"153. foundation","1;2;3;4",,"","Set 13","PPVT4_FormB_Set13_foundation"
set13_foundation_err,String,50,,Recommended,"153. foundation (error)","Yes;No",,"","Set 13","PPVT4_FormB_Set13_foundation_err"
set13_astonished,Integer,0,,Recommended,"154. astonished","1;2;3;4",,"","Set 13","PPVT4_FormB_Set13_astonished"
set13_astonished_err,String,50,,Recommended,"154. astonished (error)","Yes;No",,"","Set 13","PPVT4_FormB_Set13_astonished_err"
set13_capsules,Integer,0,,Recommended,"155. capsules","1;2;3;4",,"","Set 13","PPVT4_FormB_Set13_capsules"
set13_capsules_err,String,50,,Recommended,"155. capsules (error)","Yes;No",,"","Set 13","PPVT4_FormB_Set13_capsules_err"
set13_speedometer,Integer,0,,Recommended,"156. speedometer","1;2;3;4",,"","Set 13","PPVT4_FormB_Set13_speedometer"
set13_speedometer_err,String,50,,Recommended,"156. speedometer (error)","Yes;No",,"","Set 13","PPVT4_FormB_Set13_speedometer_err"
set13_numerrorset13,Integer,0,,Recommended,"Number of errors","0+",,"","Set 13","PPVT4_FormB_Set13_NumErrorSet13"
set14_steeple,Integer,0,,Recommended,"157. steeple","1;2;3;4",,"","Set 14","PPVT4_FormB_Set14_steeple"
set14_steeple_err,String,50,,Recommended,"157. steeple (error)","Yes;No",,"","Set 14","PPVT4_FormB_Set14_steeple_err"
set14_duet,Integer,0,,Recommended,"158. duet","1;2;3;4",,"","Set 14","PPVT4_FormB_Set14_duet"
set14_duet_err,String,50,,Recommended,"158. duet (error)","Yes;No",,"","Set 14","PPVT4_FormB_Set14_duet_err"
set14_salutation,Integer,0,,Recommended,"159. salutation","1;2;3;4",,"","Set 14","PPVT4_FormB_Set14_salutation"
set14_salutation_err,String,50,,Recommended,"159. salutation (error)","Yes;No",,"","Set 14","PPVT4_FormB_Set14_salutation_err"
set14_pod,Integer,0,,Recommended,"160. pod","1;2;3;4",,"","Set 14","PPVT4_FormB_Set14_pod"
set14_pod_err,String,50,,Recommended,"160. pod (error)","Yes;No",,"","Set 14","PPVT4_FormB_Set14_pod_err"
set14_liberated,Integer,0,,Recommended,"161. liberated","1;2;3;4",,"","Set 14","PPVT4_FormB_Set14_liberated"
set14_liberated_err,String,50,,Recommended,"161. liberated (error)","Yes;No",,"","Set 14","PPVT4_FormB_Set14_liberated_err"
set14_composing,Integer,0,,Recommended,"162. composing","1;2;3;4",,"","Set 14","PPVT4_FormB_Set14_composing"
set14_composing_err,String,50,,Recommended,"162. composing (error)","Yes;No",,"","Set 14","PPVT4_FormB_Set14_composing_err"
set14_exterior,Integer,0,,Recommended,"163. exterior","1;2;3;4",,"","Set 14","PPVT4_FormB_Set14_exterior"
set14_exterior_err,String,50,,Recommended,"163. exterior (error)","Yes;No",,"","Set 14","PPVT4_FormB_Set14_exterior_err"
set14_aviation,Integer,0,,Recommended,"164. aviation","1;2;3;4",,"","Set 14","PPVT4_FormB_Set14_aviation"
set14_aviation_err,String,50,,Recommended,"164. aviation (error)","Yes;No",,"","Set 14","PPVT4_FormB_Set14_aviation_err"
set14_irregular,Integer,0,,Recommended,"165. irregular","1;2;3;4",,"","Set 14","PPVT4_FormB_Set14_irregular"
set14_irregular_err,String,50,,Recommended,"165. irregular (error)","Yes;No",,"","Set 14","PPVT4_FormB_Set14_irregular_err"
set14_spherical,Integer,0,,Recommended,"166. spherical","1;2;3;4",,"","Set 14","PPVT4_FormB_Set14_spherical"
set14_spherical_err,String,50,,Recommended,"166. spherical (error)","Yes;No",,"","Set 14","PPVT4_FormB_Set14_spherical_err"
set14_easel,Integer,0,,Recommended,"167. easel","1;2;3;4",,"","Set 14","PPVT4_FormB_Set14_easel"
set14_easel_err,String,50,,Recommended,"167. easel (error)","Yes;No",,"","Set 14","PPVT4_FormB_Set14_easel_err"
set14_embracing,Integer,0,,Recommended,"168. embracing","1;2;3;4",,"","Set 14","PPVT4_FormB_Set14_embracing"
set14_embracing_err,String,50,,Recommended,"168. embracing (error)","Yes;No",,"","Set 14","PPVT4_FormB_Set14_embracing_err"
set14_numerrorset14,Integer,0,,Recommended,"Number of errors","0+",,"","Set 14","PPVT4_FormB_Set14_NumErrorSet14"
set15_colt,Integer,0,,Recommended,"169. colt","1;2;3;4",,"","Set 15","PPVT4_FormB_Set15_colt"
set15_colt_err,String,50,,Recommended,"169. colt (error)","Yes;No",,"","Set 15","PPVT4_FormB_Set15_colt_err"
set15_descending,Integer,0,,Recommended,"170. descending","1;2;3;4",,"","Set 15","PPVT4_FormB_Set15_descending"
set15_descending_err,String,50,,Recommended,"170. descending (error)","Yes;No",,"","Set 15","PPVT4_FormB_Set15_descending_err"
set15_attire,Integer,0,,Recommended,"171. attire","1;2;3;4",,"","Set 15","PPVT4_FormB_Set15_attire"
set15_attire_err,String,50,,Recommended,"171. attire (error)","Yes;No",,"","Set 15","PPVT4_FormB_Set15_attire_err"
set15_physician,Integer,0,,Recommended,"172. physician","1;2;3;4",,"","Set 15","PPVT4_FormB_Set15_physician"
set15_physician_err,String,50,,Recommended,"172. physician (error)","Yes;No",,"","Set 15","PPVT4_FormB_Set15_physician_err"
set15_agriculture,Integer,0,,Recommended,"173. agriculture","1;2;3;4",,"","Set 15","PPVT4_FormB_Set15_agriculture"
set15_agriculture_err,String,50,,Recommended,"173. agriculture (error)","Yes;No",,"","Set 15","PPVT4_FormB_Set15_agriculture_err"
set15_banister,Integer,0,,Recommended,"174. banister","1;2;3;4",,"","Set 15","PPVT4_FormB_Set15_banister"
set15_banister_err,String,50,,Recommended,"174. banister (error)","Yes;No",,"","Set 15","PPVT4_FormB_Set15_banister_err"
set15_lubricating,Integer,0,,Recommended,"175. lubricating","1;2;3;4",,"","Set 15","PPVT4_FormB_Set15_lubricating"
set15_lubricating_err,String,50,,Recommended,"175. lubricating (error)","Yes;No",,"","Set 15","PPVT4_FormB_Set15_lubricating_err"
set15_illumination,Integer,0,,Recommended,"176. illumination","1;2;3;4",,"","Set 15","PPVT4_FormB_Set15_illumination"
set15_illumination_err,String,50,,Recommended,"176. illumination (error)","Yes;No",,"","Set 15","PPVT4_FormB_Set15_illumination_err"
set15_gavel,Integer,0,,Recommended,"177. gavel","1;2;3;4",,"","Set 15","PPVT4_FormB_Set15_gavel"
set15_gavel_err,String,50,,Recommended,"177. gavel (error)","Yes;No",,"","Set 15","PPVT4_FormB_Set15_gavel_err"
set15_cascade,Integer,0,,Recommended,"178. cascade","1;2;3;4",,"","Set 15","PPVT4_FormB_Set15_cascade"
set15_cascade_err,String,50,,Recommended,"178. cascade (error)","Yes;No",,"","Set 15","PPVT4_FormB_Set15_cascade_err"
set15_goblet,Integer,0,,Recommended,"179. goblet","1;2;3;4",,"","Set 15","PPVT4_FormB_Set15_goblet"
set15_goblet_err,String,50,,Recommended,"179. goblet (error)","Yes;No",,"","Set 15","PPVT4_FormB_Set15_goblet_err"
set15_dwelling,Integer,0,,Recommended,"180. dwelling","1;2;3;4",,"","Set 15","PPVT4_FormB_Set15_dwelling"
set15_dwelling_err,String,50,,Recommended,"180. dwelling (error)","Yes;No",,"","Set 15","PPVT4_FormB_Set15_dwelling_err"
set15_numerrorset15,Integer,0,,Recommended,"Number of errors","0+",,"","Set 15","PPVT4_FormB_Set15_NumErrorSet15"
set16_perplexed,Integer,0,,Recommended,"181.perplexed","1;2;3;4",,"","Set 16","PPVT4_FormB_Set16_perplexed"
set16_perplexed_err,String,50,,Recommended,"181.perplexed (error)","Yes;No",,"","Set 16","PPVT4_FormB_Set16_perplexed_err"
set16_orating,Integer,0,,Recommended,"182. orating","1;2;3;4",,"","Set 16","PPVT4_FormB_Set16_orating"
set16_orating_err,String,50,,Recommended,"182. orating (error)","Yes;No",,"","Set 16","PPVT4_FormB_Set16_orating_err"
set16_marsupial,Integer,0,,Recommended,"183. marsupial","1;2;3;4",,"","Set 16","PPVT4_FormB_Set16_marsupial"
set16_marsupial_err,String,50,,Recommended,"183. marsupial (error)","Yes;No",,"","Set 16","PPVT4_FormB_Set16_marsupial_err"
set16_oasis,Integer,0,,Recommended,"184. oasis","1;2;3;4",,"","Set 16","PPVT4_FormB_Set16_oasis"
set16_oasis_err,String,50,,Recommended,"184. oasis (error)","Yes;No",,"","Set 16","PPVT4_FormB_Set16_oasis_err"
set16_enticing,Integer,0,,Recommended,"185. enticing","1;2;3;4",,"","Set 16","PPVT4_FormB_Set16_enticing"
set16_enticing_err,String,50,,Recommended,"185. enticing (error)","Yes;No",,"","Set 16","PPVT4_FormB_Set16_enticing_err"
set16_trowel,Integer,0,,Recommended,"186. trowel","1;2;3;4",,"","Set 16","PPVT4_FormB_Set16_trowel"
set16_trowel_err,String,50,,Recommended,"186. trowel (error)","Yes;No",,"","Set 16","PPVT4_FormB_Set16_trowel_err"
set16_hoisting,Integer,0,,Recommended,"187. hoisting","1;2;3;4",,"","Set 16","PPVT4_FormB_Set16_hoisting"
set16_hoisting_err,String,50,,Recommended,"187. hoisting (error)","Yes;No",,"","Set 16","PPVT4_FormB_Set16_hoisting_err"
set16_culinary,Integer,0,,Recommended,"188. culinary","1;2;3;4",,"","Set 16","PPVT4_FormB_Set16_culinary"
set16_culinary_err,String,50,,Recommended,"188. culinary (error)","Yes;No",,"","Set 16","PPVT4_FormB_Set16_culinary_err"
set16_receptacle,Integer,0,,Recommended,"189. receptacle","1;2;3;4",,"","Set 16","PPVT4_FormB_Set16_receptacle"
set16_receptacle_err,String,50,,Recommended,"189. receptacle (error)","Yes;No",,"","Set 16","PPVT4_FormB_Set16_receptacle_err"
set16_enumerating,Integer,0,,Recommended,"190. enumerating","1;2;3;4",,"","Set 16","PPVT4_FormB_Set16_enumerating"
set16_enumerating_err,String,50,,Recommended,"190. enumerating (error)","Yes;No",,"","Set 16","PPVT4_FormB_Set16_enumerating_err"
set16_concave,Integer,0,,Recommended,"191. concave","1;2;3;4",,"","Set 16","PPVT4_FormB_Set16_concave"
set16_concave_err,String,50,,Recommended,"191. concave (error)","Yes;No",,"","Set 16","PPVT4_FormB_Set16_concave_err"
set16_monetary,Integer,0,,Recommended,"192. monetary","1;2;3;4",,"","Set 16","PPVT4_FormB_Set16_monetary"
set16_monetary_err,String,50,,Recommended,"192. monetary (error)","Yes;No",,"","Set 16","PPVT4_FormB_Set16_monetary_err"
set16_numerrorset16,Integer,0,,Recommended,"Number of errors","0+",,"","Set 16","PPVT4_FormB_Set16_NumErrorSet16"
set17_nape,Integer,0,,Recommended,"193. nape [NAYP]","1;2;3;4",,"","Set 17","PPVT4_FormB_Set17_nape"
set17_nape_err,String,50,,Recommended,"193. nape [NAYP] (error)","Yes;No",,"","Set 17","PPVT4_FormB_Set17_nape_err"
set17_indigent,Integer,0,,Recommended,"194. indigent [IN di juhnt]","1;2;3;4",,"","Set 17","PPVT4_FormB_Set17_indigent"
set17_indigent_err,String,50,,Recommended,"194. indigent [IN di juhnt] (error)","Yes;No",,"","Set 17","PPVT4_FormB_Set17_indigent_err"
set17_entomologist,Integer,0,,Recommended,"195. entomologist [en tuh MOL uh gist]","1;2;3;4",,"","Set 17","PPVT4_FormB_Set17_entomologist"
set17_entomologist_err,String,50,,Recommended,"195. entomologist [en tuh MOL uh gist]  (error)","Yes;No",,"","Set 17","PPVT4_FormB_Set17_entomologist_err"
set17_grove,Integer,0,,Recommended,"196. grove [GROHV]","1;2;3;4",,"","Set 17","PPVT4_FormB_Set17_grove"
set17_grove_err,String,50,,Recommended,"196. grove [GROHV] (error)","Yes;No",,"","Set 17","PPVT4_FormB_Set17_grove_err"
set17_fowl,Integer,0,,Recommended,"197. fowl [FOWL]","1;2;3;4",,"","Set 17","PPVT4_FormB_Set17_fowl"
set17_fowl_err,String,50,,Recommended,"197. fowl [FOWL] (error)","Yes;No",,"","Set 17","PPVT4_FormB_Set17_fowl_err"
set17_incisor,Integer,0,,Recommended,"198. incisor [in SIY zuhr]","1;2;3;4",,"","Set 17","PPVT4_FormB_Set17_incisor"
set17_incisor_err,String,50,,Recommended,"198. incisor [in SIY zuhr]  (error)","Yes;No",,"","Set 17","PPVT4_FormB_Set17_incisor_err"
set17_siphoning,Integer,0,,Recommended,"199.siphoning [SIY fuhn ing]","1;2;3;4",,"","Set 17","PPVT4_FormB_Set17_siphoning"
set17_siphoning_err,String,50,,Recommended,"199.siphoning [SIY fuhn ing] (error)","Yes;No",,"","Set 17","PPVT4_FormB_Set17_siphoning_err"
set17_frond,Integer,0,,Recommended,"200. frond [FROND]","1;2;3;4",,"","Set 17","PPVT4_FormB_Set17_frond"
set17_frond_err,String,50,,Recommended,"200. frond [FROND] (error)","Yes;No",,"","Set 17","PPVT4_FormB_Set17_frond_err"
set17_objurgating,Integer,0,,Recommended,"201. objurgating [OB juhr gayt ing]","1;2;3;4",,"","Set 17","PPVT4_FormB_Set17_objurgating"
set17_objurgating_err,String,50,,Recommended,"201. objurgating [OB juhr gayt ing] (error)","Yes;No",,"","Set 17","PPVT4_FormB_Set17_objurgating_err"
set17_equestrian,Integer,0,,Recommended,"202. equestrian [i KWES tree uhn]","1;2;3;4",,"","Set 17","PPVT4_FormB_Set17_equestrian"
set17_equestrian_err,String,50,,Recommended,"202. equestrian [i KWES tree uhn] (error)","Yes;No",,"","Set 17","PPVT4_FormB_Set17_equestrian_err"
set17_deciduous,Integer,0,,Recommended,"203. deciduous [di SIJ uh wuhs]","1;2;3;4",,"","Set 17","PPVT4_FormB_Set17_deciduous"
set17_deciduous_err,String,50,,Recommended,"203. deciduous [di SIJ uh wuhs] (error)","Yes;No",,"","Set 17","PPVT4_FormB_Set17_deciduous_err"
set17_bovine,Integer,0,,Recommended,"204. bovine [BOH vine]","1;2;3;4",,"","Set 17","PPVT4_FormB_Set17_bovine"
set17_bovine_err,String,50,,Recommended,"204. bovine [BOH vine] (error)","Yes;No",,"","Set 17","PPVT4_FormB_Set17_bovine_err"
set17_numerrorset17,Integer,0,,Recommended,"Number of errors","0+",,"","Set 17","PPVT4_FormB_Set17_NumErrorSet17"
set18_beaker,Integer,0,,Recommended,"205. beaker [BEE kuhr]","1;2;3;4",,"","Set 18","PPVT4_FormB_Set18_beaker"
set18_beaker_err,String,50,,Recommended,"205. beaker [BEE kuhr] (error)","Yes;No",,"","Set 18","PPVT4_FormB_Set18_beaker_err"
set18_caliper,Integer,0,,Recommended,"206. caliper [KA luh puhr]","1;2;3;4",,"","Set 18","PPVT4_FormB_Set18_caliper"
set18_caliper_err,String,50,,Recommended,"206. caliper [KA luh puhr] (error)","Yes;No",,"","Set 18","PPVT4_FormB_Set18_caliper_err"
set18_inoculating,Integer,0,,Recommended,"207. inoculating [in OK yuh layt ing]","1;2;3;4",,"","Set 18","PPVT4_FormB_Set18_inoculating"
set18_inoculating_err,String,50,,Recommended,"207. inoculating [in OK yuh layt ing] (error)","Yes;No",,"","Set 18","PPVT4_FormB_Set18_inoculating_err"
set18_encumbered,Integer,0,,Recommended,"208. encumbered [in KUHM buhrd]","1;2;3;4",,"","Set 18","PPVT4_FormB_Set18_encumbered"
set18_encumbered_err,String,50,,Recommended,"208. encumbered [in KUHM buhrd] (error)","Yes;No",,"","Set 18","PPVT4_FormB_Set18_encumbered_err"
set18_expunging,Integer,0,,Recommended,"209. expunging  [ik SPUNJ ing]","1;2;3;4",,"","Set 18","PPVT4_FormB_Set18_expunging"
set18_expunging_err,String,50,,Recommended,"209. expunging  [ik SPUNJ ing] (error)","Yes;No",,"","Set 18","PPVT4_FormB_Set18_expunging_err"
set18_pachyderm,Integer,0,,Recommended,"210. pachyderm [PAK I duhrm]","1;2;3;4",,"","Set 18","PPVT4_FormB_Set18_pachyderm"
set18_pachyderm_err,String,50,,Recommended,"210. pachyderm [PAK I duhrm] (error)","Yes;No",,"","Set 18","PPVT4_FormB_Set18_pachyderm_err"
set18_diverging,Integer,0,,Recommended,"211. diverging [duh VUHRJ ing]","1;2;3;4",,"","Set 18","PPVT4_FormB_Set18_diverging"
set18_diverging_err,String,50,,Recommended,"211. diverging [duh VUHRJ ing] (error)","Yes;No",,"","Set 18","PPVT4_FormB_Set18_diverging_err"
set18_copious,Integer,0,,Recommended,"212. copious [KOH pee uhs]","1;2;3;4",,"","Set 18","PPVT4_FormB_Set18_copious"
set18_copious_err,String,50,,Recommended,"212. copious [KOH pee uhs] (error)","Yes;No",,"","Set 18","PPVT4_FormB_Set18_copious_err"
set18_edifice,Integer,0,,Recommended,"213. convex [ED uh fuhs]","1;2;3;4",,"","Set 18","PPVT4_FormB_Set18_edifice"
set18_edifice_err,String,50,,Recommended,"213. convex [ED uh fuhs] (error)","Yes;No",,"","Set 18","PPVT4_FormB_Set18_edifice_err"
set18_perilous,Integer,0,,Recommended,"214. perilous [PAYR uh luhs]","1;2;3;4",,"","Set 18","PPVT4_FormB_Set18_perilous"
set18_perilous_err,String,50,,Recommended,"214. perilous [PAYR uh luhs] (error)","Yes;No",,"","Set 18","PPVT4_FormB_Set18_perilous_err"
set18_isthmus,Integer,0,,Recommended,"215. isthmus [IS muhs]","1;2;3;4",,"","Set 18","PPVT4_FormB_Set18_isthmus"
set18_isthmus_err,String,50,,Recommended,"215. isthmus [IS muhs] (error)","Yes;No",,"","Set 18","PPVT4_FormB_Set18_isthmus_err"
set18_lamenting,Integer,0,,Recommended,"216. lamenting [lun MENT ing]","1;2;3;4",,"","Set 18","PPVT4_FormB_Set18_lamenting"
set18_lamenting_err,String,50,,Recommended,"216. lamenting [lun MENT ing] (error)","Yes;No",,"","Set 18","PPVT4_FormB_Set18_lamenting_err"
set18_numerrorset18,Integer,0,,Recommended,"Number of errors","0+",,"","Set 18","PPVT4_FormB_Set18_NumErrorSet18"
set19_precipice,Integer,0,,Recommended,"217. precipice [PRES uh puhs]","1;2;3;4",,"","Set 19","PPVT4_FormB_Set19_precipice"
set19_precipice_err,String,50,,Recommended,"217. precipice [PRES uh puhs] (error)","Yes;No",,"","Set 19","PPVT4_FormB_Set19_precipice_err"
set19_succulent,Integer,0,,Recommended,"218. succulent [SUHK yuh luhnt]","1;2;3;4",,"","Set 19","PPVT4_FormB_Set19_succulent"
set19_succulent_err,String,50,,Recommended,"218. succulent [SUHK yuh luhnt] (error)","Yes;No",,"","Set 19","PPVT4_FormB_Set19_succulent_err"
set19_quiescent,Integer,0,,Recommended,"219. quiescent [kwiy ES uhnt]","1;2;3;4",,"","Set 19","PPVT4_FormB_Set19_quiescent"
set19_quiescent_err,String,50,,Recommended,"219. quiescent [kwiy ES uhnt] (error)","Yes;No",,"","Set 19","PPVT4_FormB_Set19_quiescent_err"
set19_gable,Integer,0,,Recommended,"220. gable [GAY buhl]","1;2;3;4",,"","Set 19","PPVT4_FormB_Set19_gable"
set19_gable_err,String,50,,Recommended,"220. gable [GAY buhl] (error)","Yes;No",,"","Set 19","PPVT4_FormB_Set19_gable_err"
set19_perambulating,Integer,0,,Recommended,"221. perambulating [puh RAM byuh layt ing]","1;2;3;4",,"","Set 19","PPVT4_FormB_Set19_perambulating"
set19_perambulating_err,String,50,,Recommended,"221. perambulating [puh RAM byuh layt ing] (error)","Yes;No",,"","Set 19","PPVT4_FormB_Set19_perambulating_err"
set19_conflagration,Integer,0,,Recommended,"222. conflagration [con fluh GRAY shuhn]","1;2;3;4",,"","Set 19","PPVT4_FormB_Set19_conflagration"
set19_conflagration_err,String,50,,Recommended,"222. conflagration [con fluh GRAY shuhn] (error)","Yes;No",,"","Set 19","PPVT4_FormB_Set19_conflagration_err"
set19_lacrimation,Integer,0,,Recommended,"223. lacrimation [lak ruh MAY shuhn]","1;2;3;4",,"","Set 19","PPVT4_FormB_Set19_lacrimation"
set19_lacrimation_err,String,50,,Recommended,"223. lacrimation [lak ruh MAY shuhn] (error)","Yes;No",,"","Set 19","PPVT4_FormB_Set19_lacrimation_err"
set19_nidificating,Integer,0,,Recommended,"224. nidificating [NID uf fuh kayt ing]","1;2;3;4",,"","Set 19","PPVT4_FormB_Set19_nidificating"
set19_nidificating_err,String,50,,Recommended,"224. nidificating [NID uf fuh kayt ing] (error)","Yes;No",,"","Set 19","PPVT4_FormB_Set19_nidificating_err"
set19_creel,Integer,0,,Recommended,"225. creel [KREEL]","1;2;3;4",,"","Set 19","PPVT4_FormB_Set19_creel"
set19_creel_err,String,50,,Recommended,"225. creel [KREEL] (error)","Yes;No",,"","Set 19","PPVT4_FormB_Set19_creel_err"
set19_laciniated,Integer,0,,Recommended,"226. laciniated [luh SIN ee ayt ed]","1;2;3;4",,"","Set 19","PPVT4_FormB_Set19_laciniated"
set19_laciniated_err,String,50,,Recommended,"226. laciniated [luh SIN ee ayt ed] (error)","Yes;No",,"","Set 19","PPVT4_FormB_Set19_laciniated_err"
set19_spinet,Integer,0,,Recommended,"227. spinet [SPI nuht]","1;2;3;4",,"","Set 19","PPVT4_FormB_Set19_spinet"
set19_spinet_err,String,50,,Recommended,"227. spinet [SPI nuht] (error)","Yes;No",,"","Set 19","PPVT4_FormB_Set19_spinet_err"
set19_pedagogue,Integer,0,,Recommended,"228. pedagogue [PED uh gog]","1;2;3;4",,"","Set 19","PPVT4_FormB_Set19_pedagogue"
set19_pedagogue_err,String,50,,Recommended,"228. pedagogue [PED uh gog] (error)","Yes;No",,"","Set 19","PPVT4_FormB_Set19_pedagogue_err"
set19_numerrorset19,Integer,0,,Recommended,"Number of errors","0+",,"","Set 19","PPVT4_FormB_Set19_NumErrorSet19"
clas_lowestitem,Integer,0,,Recommended,"Lowest PPVT 4 Item Administered","1 to 228",,"","Classification","PPVT4_FormB_Clas_LowestItem"
clas_highestitem,Integer,0,,Recommended,"Highest PPVT 4 Item Administered","1 to 228",,"","Classification","PPVT4_FormB_Clas_HighestItem"
clas_numtaken1_38noun,Integer,0,,Recommended,"Number Taken - Noun (Items 1 to 38)","0 to 38",,"","Classification","PPVT4_FormB_Clas_NumTaken1_38Noun"
clas_numtaken1_38verb,Integer,0,,Recommended,"Number Taken - Verb (Items 1 to 38)","0 to 38",,"","Classification","PPVT4_FormB_Clas_NumTaken1_38Verb"
clas_numtaken1_38attr,Integer,0,,Recommended,"Number Taken - Attribute (Items 1 to 38)","0 to 38",,"","Classification","PPVT4_FormB_Clas_NumTaken1_38Attr"
clas_numerror1_38noun,Integer,0,,Recommended,"Number Incorrect - Noun (Items 1 to 38)","0 to 38",,"","Classification","PPVT4_FormB_Clas_NumError1_38Noun"
clas_numerror1_38verb,Integer,0,,Recommended,"Number Incorrect - Verb (Items 1 to 38)","0 to 38",,"","Classification","PPVT4_FormB_Clas_NumError1_38Verb"
clas_numerror1_38attr,Integer,0,,Recommended,"Number Incorrect - Attribute (Items 1 to 38)","0 to 38",,"","Classification","PPVT4_FormB_Clas_NumError1_38Attr"
clas_numtaken39_76noun,Integer,0,,Recommended,"Number Taken - Noun (Items 1 to 38)","0 to 38",,"","Classification","PPVT4_FormB_Clas_NumTaken39_76Noun"
clas_numtaken39_76verb,Integer,0,,Recommended,"Number Taken - Verb (Items 1 to 38)","0 to 38",,"","Classification","PPVT4_FormB_Clas_NumTaken39_76Verb"
clas_numtaken39_76attr,Integer,0,,Recommended,"Number Taken - Attribute (Items 1 to 38)","0 to 38",,"","Classification","PPVT4_FormB_Clas_NumTaken39_76Attr"
clas_numerror39_76noun,Integer,0,,Recommended,"Number Incorrect - Noun (Items 1 to 38)","0 to 38",,"","Classification","PPVT4_FormB_Clas_NumError39_76Noun"
clas_numerror39_76verb,Integer,0,,Recommended,"Number Incorrect - Verb (Items 1 to 38)","0 to 38",,"","Classification","PPVT4_FormB_Clas_NumError39_76Verb"
clas_numerror39_76attr,Integer,0,,Recommended,"Number Incorrect - Attribute (Items 1 to 38)","0 to 38",,"","Classification","PPVT4_FormB_Clas_NumError39_76Attr"
clas_numtaken77_114noun,Integer,0,,Recommended,"Number Taken - Noun (Items 77 to 114)","0 to 38",,"","Classification","PPVT4_FormB_Clas_NumTaken77_114Noun"
clas_numtaken77_114verb,Integer,0,,Recommended,"Number Taken - Verb (Items 77 to 114)","0 to 38",,"","Classification","PPVT4_FormB_Clas_NumTaken77_114Verb"
clas_numtaken77_114attr,Integer,0,,Recommended,"Number Taken - Attribute (Items 77 to 114)","0 to 38",,"","Classification","PPVT4_FormB_Clas_NumTaken77_114Attr"
clas_numerror77_114noun,Integer,0,,Recommended,"Number Incorrect - Noun (Items 77 to 114)","0 to 38",,"","Classification","PPVT4_FormB_Clas_NumError77_114Noun"
clas_numerror77_114verb,Integer,0,,Recommended,"Number Incorrect - Verb (Items 77 to 114)","0 to 38",,"","Classification","PPVT4_FormB_Clas_NumError77_114Verb"
clas_numerror77_114attr,Integer,0,,Recommended,"Number Incorrect - Attribute (Items 77 to 114)","0 to 38",,"","Classification","PPVT4_FormB_Clas_NumError77_114Attr"
clas_numtaken115_152noun,Integer,0,,Recommended,"Number Taken - Noun (Items 115 to 152)","0 to 38",,"","Classification","PPVT4_FormB_Clas_NumTaken115_152Noun"
clas_numtaken115_152verb,Integer,0,,Recommended,"Number Taken - Verb (Items 115 to 152)","0 to 38",,"","Classification","PPVT4_FormB_Clas_NumTaken115_152Verb"
clas_numtaken115_152attr,Integer,0,,Recommended,"Number Taken - Attribute (Items 115 to 152)","0 to 38",,"","Classification","PPVT4_FormB_Clas_NumTaken115_152Attr"
clas_numerror115_152noun,Integer,0,,Recommended,"Number Incorrect - Noun (Items 115 to 152)","0 to 38",,"","Classification","PPVT4_FormB_Clas_NumError115_152Noun"
clas_numerror115_152verb,Integer,0,,Recommended,"Number Incorrect - Verb (Items 115 to 152)","0 to 38",,"","Classification","PPVT4_FormB_Clas_NumError115_152Verb"
clas_numerror115_152attr,Integer,0,,Recommended,"Number Incorrect - Attribute (Items 115 to 152)","0 to 38",,"","Classification","PPVT4_FormB_Clas_NumError115_152Attr"
clas_numtaken153_190noun,Integer,0,,Recommended,"Number Taken - Noun (Items 153 to 190)","0 to 38",,"","Classification","PPVT4_FormB_Clas_NumTaken153_190Noun"
clas_numtaken153_190verb,Integer,0,,Recommended,"Number Taken - Verb (Items 153 to 190)","0 to 38",,"","Classification","PPVT4_FormB_Clas_NumTaken153_190Verb"
clas_numtaken153_190attr,Integer,0,,Recommended,"Number Taken - Attribute (Items 153 to 190)","0 to 38",,"","Classification","PPVT4_FormB_Clas_NumTaken153_190Attr"
clas_numerror153_190noun,Integer,0,,Recommended,"Number Incorrect - Noun (Items 153 to 190)","0 to 38",,"","Classification","PPVT4_FormB_Clas_NumError153_190Noun"
clas_numerror153_190verb,Integer,0,,Recommended,"Number Incorrect - Verb (Items 153 to 190)","0 to 38",,"","Classification","PPVT4_FormB_Clas_NumError153_190Verb"
clas_numerror153_190attr,Integer,0,,Recommended,"Number Incorrect - Attribute (Items 153 to 190)","0 to 38",,"","Classification","PPVT4_FormB_Clas_NumError153_190Attr"
clas_numtaken191_228noun,Integer,0,,Recommended,"Number Taken - Noun (Items 191 to 228)","0 to 38",,"","Classification","PPVT4_FormB_Clas_NumTaken191_228Noun"
clas_numtaken191_228verb,Integer,0,,Recommended,"Number Taken - Verb (Items 191 to 228)","0 to 38",,"","Classification","PPVT4_FormB_Clas_NumTaken191_228Verb"
clas_numtaken191_228attr,Integer,0,,Recommended,"Number Taken - Attribute (Items 191 to 228)","0 to 38",,"","Classification","PPVT4_FormB_Clas_NumTaken191_228Attr"
clas_numerror191_228noun,Integer,0,,Recommended,"Number Incorrect - Noun (Items 191 to 228)","0 to 38",,"","Classification","PPVT4_FormB_Clas_NumError191_228Noun"
clas_numerror191_228verb,Integer,0,,Recommended,"Number Incorrect - Verb (Items 191 to 228)","0 to 38",,"","Classification","PPVT4_FormB_Clas_NumError191_228Verb"
clas_numerror191_228attr,Integer,0,,Recommended,"Number Incorrect - Attribute (Items 191 to 228)","0 to 38",,"","Classification","PPVT4_FormB_Clas_NumError191_228Attr"
clas_numtakentotalnoun,Integer,0,,Recommended,"Number Taken - Noun (Total)","0 to 38",,"","Classification","PPVT4_FormB_Clas_NumTakenTotalNoun"
clas_numtakentotalverb,Integer,0,,Recommended,"Number Taken - Verb (Total)","0 to 38",,"","Classification","PPVT4_FormB_Clas_NumTakenTotalVerb"
clas_numtakentotalattr,Integer,0,,Recommended,"Number Taken - Attribute (Total)","0 to 38",,"","Classification","PPVT4_FormB_Clas_NumTakenTotalAttr"
clas_numerrortotalnoun,Integer,0,,Recommended,"Number Incorrect - Noun (Total)","0 to 38",,"","Classification","PPVT4_FormB_Clas_NumErrorTotalNoun"
clas_numerrortotalverb,Integer,0,,Recommended,"Number Incorrect - Verb (Total)","0 to 38",,"","Classification","PPVT4_FormB_Clas_NumErrorTotalVerb"
clas_numerrortotalattr,Integer,0,,Recommended,"Number Incorrect - Attribute (Total)","0 to 38",,"","Classification","PPVT4_FormB_Clas_NumErrorTotalAttr"
comp_admdate_1,Date,0,,Recommended,"Administration Date (1)","MM/yyyy;MM/dd/yyyy",,"","Comparison","PPVT4_FormB_Comp_AdmDate_1"
comp_ppvt3a_1,String,50,,Recommended,"Edition and form PPVT - III Form A (1)","",,"","Comparison","PPVT4_FormB_Comp_PPVT3A_1"
comp_ppvt3b_1,String,50,,Recommended,"Edition and form PPVT - III Form B (1)","",,"","Comparison","PPVT4_FormB_Comp_PPVT3B_1"
comp_ppvt4a_1,String,50,,Recommended,"Edition and form PPVT - 4 Form A (1)","",,"","Comparison","PPVT4_FormB_Comp_PPVT4A_1"
comp_ppvt4b_1,String,50,,Recommended,"Edition and form PPVT - 4 Form B (1)","",,"","Comparison","PPVT4_FormB_Comp_PPVT4B_1"
comp_normsage_1,String,50,,Recommended,"Norms Administration  Age (1)","",,"","Comparison","PPVT4_FormB_Comp_NormsAge_1"
comp_normsgradefall_1,String,50,,Recommended,"Norms Administration  Grade Fall (1)","",,"","Comparison","PPVT4_FormB_Comp_NormsGradeFall_1"
comp_normsgradespring_1,String,50,,Recommended,"Norms Administration  Grade Spring (1)","",,"","Comparison","PPVT4_FormB_Comp_NormsGradeSpring_1"
comp_score_1,Float,0,,Recommended,"Score (1)","",,"","Comparison","PPVT4_FormB_Comp_Score_1"
comp_rawscore_1,Float,0,,Recommended,"Raw Score  (1)","",,"","Comparison","PPVT4_FormB_Comp_RawScore_1"
comp_gsv_1,Float,0,,Recommended,"GSV  (1)","",,"","Comparison","PPVT4_FormB_Comp_GSV_1"
comp_admdate_2,Date,0,,Recommended,"Administration Date (2)","MM/yyyy;MM/dd/yyyy",,"","Comparison","PPVT4_FormB_Comp_AdmDate_2"
comp_ppvt3a_2,String,50,,Recommended,"Edition and form PPVT - III Form A (2)","",,"","Comparison","PPVT4_FormB_Comp_PPVT3A_2"
comp_ppvt3b_2,String,50,,Recommended,"Edition and form PPVT - III Form B (2)","",,"","Comparison","PPVT4_FormB_Comp_PPVT3B_2"
comp_ppvt4a_2,String,50,,Recommended,"Edition and form PPVT - 4 Form A (2)","",,"","Comparison","PPVT4_FormB_Comp_PPVT4A_2"
comp_ppvt4b_2,String,50,,Recommended,"Edition and form PPVT - 4 Form B (2)","",,"","Comparison","PPVT4_FormB_Comp_PPVT4B_2"
comp_normsage_2,String,50,,Recommended,"Norms Administration  Age (2)","",,"","Comparison","PPVT4_FormB_Comp_NormsAge_2"
comp_normsgradefall_2,String,50,,Recommended,"Norms Administration  Grade Fall (2)","",,"","Comparison","PPVT4_FormB_Comp_NormsGradeFall_2"
comp_normsgradespring_2,String,50,,Recommended,"Norms Administration  Grade Spring (2)","",,"","Comparison","PPVT4_FormB_Comp_NormsGradeSpring_2"
comp_score_2,Float,0,,Recommended,"Score (2)","",,"","Comparison","PPVT4_FormB_Comp_Score_2"
comp_rawscore_2,Float,0,,Recommended,"Raw Score  (2)","",,"","Comparison","PPVT4_FormB_Comp_RawScore_2"
comp_gsv_2,Float,0,,Recommended,"GSV  (2)","",,"","Comparison","PPVT4_FormB_Comp_GSV_2"
comp_admdate_3,Date,0,,Recommended,"Administration Date (3)","MM/yyyy;MM/dd/yyyy",,"","Comparison","PPVT4_FormB_Comp_AdmDate_3"
comp_ppvt3a_3,String,50,,Recommended,"Edition and form PPVT - III Form A (3)","",,"","Comparison","PPVT4_FormB_Comp_PPVT3A_3"
comp_ppvt3b_3,String,50,,Recommended,"Edition and form PPVT - III Form B (3)","",,"","Comparison","PPVT4_FormB_Comp_PPVT3B_3"
comp_ppvt4a_3,String,50,,Recommended,"Edition and form PPVT - 4 Form A (3)","",,"","Comparison","PPVT4_FormB_Comp_PPVT4A_3"
comp_ppvt4b_3,String,50,,Recommended,"Edition and form PPVT - 4 Form B (3)","",,"","Comparison","PPVT4_FormB_Comp_PPVT4B_3"
comp_normsage_3,String,50,,Recommended,"Norms Administration  Age (3)","",,"","Comparison","PPVT4_FormB_Comp_NormsAge_3"
comp_normsgradefall_3,String,50,,Recommended,"Norms Administration  Grade Fall (3)","",,"","Comparison","PPVT4_FormB_Comp_NormsGradeFall_3"
comp_normsgradespring_3,String,50,,Recommended,"Norms Administration  Grade Spring (3)","",,"","Comparison","PPVT4_FormB_Comp_NormsGradeSpring_3"
comp_score_3,Float,0,,Recommended,"Score (3)","",,"","Comparison","PPVT4_FormB_Comp_Score_3"
comp_rawscore_3,Float,0,,Recommended,"Raw Score  (3)","",,"","Comparison","PPVT4_FormB_Comp_RawScore_3"
comp_gsv_3,Float,0,,Recommended,"GSV  (3)","",,"","Comparison","PPVT4_FormB_Comp_GSV_3"
comp_admdate_4,Date,0,,Recommended,"Administration Date (4)","MM/yyyy;MM/dd/yyyy",,"","Comparison","PPVT4_FormB_Comp_AdmDate_4"
comp_ppvt3a_4,String,50,,Recommended,"Edition and form PPVT - III Form A (4)","",,"","Comparison","PPVT4_FormB_Comp_PPVT3A_4"
comp_ppvt3b_4,String,50,,Recommended,"Edition and form PPVT - III Form B (4)","",,"","Comparison","PPVT4_FormB_Comp_PPVT3B_4"
comp_ppvt4a_4,String,50,,Recommended,"Edition and form PPVT - 4 Form A (4)","",,"","Comparison","PPVT4_FormB_Comp_PPVT4A_4"
comp_ppvt4b_4,String,50,,Recommended,"Edition and form PPVT - 4 Form B (4)","",,"","Comparison","PPVT4_FormB_Comp_PPVT4B_4"
comp_normsage_4,String,50,,Recommended,"Norms Administration  Age (4)","",,"","Comparison","PPVT4_FormB_Comp_NormsAge_4"
comp_normsgradefall_4,String,50,,Recommended,"Norms Administration  Grade Fall (4)","",,"","Comparison","PPVT4_FormB_Comp_NormsGradeFall_4"
comp_normsgradespring_4,String,50,,Recommended,"Norms Administration  Grade Spring (4)","",,"","Comparison","PPVT4_FormB_Comp_NormsGradeSpring_4"
comp_score_4,Float,0,,Recommended,"Score (4)","",,"","Comparison","PPVT4_FormB_Comp_Score_4"
comp_rawscore_4,Float,0,,Recommended,"Raw Score  (4)","",,"","Comparison","PPVT4_FormB_Comp_RawScore_4"
comp_gsv_4,Float,0,,Recommended,"GSV  (4)","",,"","Comparison","PPVT4_FormB_Comp_GSV_4"
comp_admdate_5,Date,0,,Recommended,"Administration Date (5)","MM/yyyy;MM/dd/yyyy",,"","Comparison","PPVT4_FormB_Comp_AdmDate_5"
comp_ppvt3a_5,String,50,,Recommended,"Edition and form PPVT - III Form A (5)","",,"","Comparison","PPVT4_FormB_Comp_PPVT3A_5"
comp_ppvt3b_5,String,50,,Recommended,"Edition and form PPVT - III Form B (5)","",,"","Comparison","PPVT4_FormB_Comp_PPVT3B_5"
comp_ppvt4a_5,String,50,,Recommended,"Edition and form PPVT - 4 Form A (5)","",,"","Comparison","PPVT4_FormB_Comp_PPVT4A_5"
comp_ppvt4b_5,String,50,,Recommended,"Edition and form PPVT - 4 Form B (5)","",,"","Comparison","PPVT4_FormB_Comp_PPVT4B_5"
comp_normsage_5,String,50,,Recommended,"Norms Administration  Age (5)","",,"","Comparison","PPVT4_FormB_Comp_NormsAge_5"
comp_normsgradefall_5,String,50,,Recommended,"Norms Administration  Grade Fall (5)","",,"","Comparison","PPVT4_FormB_Comp_NormsGradeFall_5"
comp_normsgradespring_5,String,50,,Recommended,"Norms Administration  Grade Spring (5)","",,"","Comparison","PPVT4_FormB_Comp_NormsGradeSpring_5"
comp_score_5,Float,0,,Recommended,"Score (5)","",,"","Comparison","PPVT4_FormB_Comp_Score_5"
comp_rawscore_5,Float,0,,Recommended,"Raw Score  (5)","",,"","Comparison","PPVT4_FormB_Comp_RawScore_5"
comp_gsv_5,Float,0,,Recommended,"GSV  (5)","",,"","Comparison","PPVT4_FormB_Comp_GSV_5"
comp_admdate_6,Date,0,,Recommended,"Administration Date (6)","MM/yyyy;MM/dd/yyyy",,"","Comparison","PPVT4_FormB_Comp_AdmDate_6"
comp_ppvt3a_6,String,50,,Recommended,"Edition and form PPVT - III Form A (6)","",,"","Comparison","PPVT4_FormB_Comp_PPVT3A_6"
comp_ppvt3b_6,String,50,,Recommended,"Edition and form PPVT - III Form B (6)","",,"","Comparison","PPVT4_FormB_Comp_PPVT3B_6"
comp_ppvt4a_6,String,50,,Recommended,"Edition and form PPVT - 4 Form A (6)","",,"","Comparison","PPVT4_FormB_Comp_PPVT4A_6"
comp_ppvt4b_6,String,50,,Recommended,"Edition and form PPVT - 4 Form B (6)","",,"","Comparison","PPVT4_FormB_Comp_PPVT4B_6"
comp_normsage_6,String,50,,Recommended,"Norms Administration  Age (6)","",,"","Comparison","PPVT4_FormB_Comp_NormsAge_6"
comp_normsgradefall_6,String,50,,Recommended,"Norms Administration  Grade Fall (6)","",,"","Comparison","PPVT4_FormB_Comp_NormsGradeFall_6"
comp_normsgradespring_6,String,50,,Recommended,"Norms Administration  Grade Spring (6)","",,"","Comparison","PPVT4_FormB_Comp_NormsGradeSpring_6"
comp_score_6,Float,0,,Recommended,"Score (6)","",,"","Comparison","PPVT4_FormB_Comp_Score_6"
comp_rawscore_6,Float,0,,Recommended,"Raw Score  (6)","",,"","Comparison","PPVT4_FormB_Comp_RawScore_6"
comp_gsv_6,Float,0,,Recommended,"GSV  (6)","",,"","Comparison","PPVT4_FormB_Comp_GSV_6"
