ElementName,DataType,Size,Unit,Required,ElementDescription,ValueRange,Keywords,Notes,Section,Aliases
subjectkey,GUID,0,,Required,"The NDAR Global Unique Identifier (GUID) for subjects which identifies a subject in NDAR","NDAR*",,"","NDAR Required",""
src_subject_id,String,20,,Required,"The site's subject identification","",,"","NDAR Required",""
interview_date,Date,0,,Required,"Date on which the interview/genetic test/sampling/imaging was completed","MM/yyyy;MM/dd/yyyy",,"* '01/01/1900' indicates that a date associated with retrospective data is not known.","NDAR Required",""
interview_age,Integer,0,,Required,"Age in months at the time of the interview/test/sampling/imaging.","0 to 1200",,"Age is rounded to chronological month If the research participant is 13 days old at time of interview  the appropriate value would be 0 months if the participant is 19 days old the value would be 1 month","NDAR Required",""
mmat_ver,Float,0,,Recommended,"mmat version","",,"","",""
rprtgenver,Float,0,,Recommended,"Report Generater version","",,"","",""
reflectors,Integer,0,,Recommended,"number of reflectors","0 to 3",,"","",""
mmperuevent_szeref,Integer,0,,Recommended,"a new unique event begins when this amount of distance is moved.","0 to 1000",,"","",""
camrastr,String,200,,Recommended,"Camera version","",,"","",""
mtsmodel,String,200,,Recommended,"motion tracking system model","",,"","",""
resa,Integer,0,,Recommended,"motion trasking system version","0 to 100",,"","",""
resb,Integer,0,,Recommended,"dummy variable for future description of MTS version","0 to 100",,"","",""
framesa_percent,Float,0,,Recommended,"percentage of time reflector is detected within frame","0 to 100",,"","",""
reflectorsa_percent,Float,0,,Recommended,"percentage of time reflector is detected","0 to 100",,"","",""
cptacc_percent,Float,0,,Recommended,"Percentage of correct responses to both the targets and non-targets","0 to 100",,"","",""
cpterrom_percent,Float,0,,Recommended,"Percentage of time the patient failed to respond to the target. Omission errors measure the patient's level of distraction and/or degree of inattention","0 to 100",,"","",""
cpterrcom_percent,Float,0,,Recommended,"Percentage of incorrect responses made to the non-targets. Commission errors are a measure of the patient's impulsivity or inability to inhibit a response","0 to 100",,"","",""
cptlatmillisecond,Integer,0,,Recommended,"Mean reaction time to respond to a target","0 to 400",,"","",""
cptvar,Integer,0,,Recommended,"Variation (standard deviation) in response times to the correct target. High levels of variability indicate that the patient is inconsistent in the task performance","0 to 1000",,"","",""
cptcov,Integer,0,,Recommended,"Variability that is adjusted to take into account difference in response latency. (COV = (100 * Variability) / Latency). This is a more stringent measure of response consistency.","0 to 100",,"","",""
headimobdur,Float,0,,Recommended,"Average time not moving greater than 1 mm - based on head reflector","0 to 5000",,"","",""
headmovmnts,Integer,0,,Recommended,"Average number of position changes >1 mm - based on head relfector","0 to 10000",,"","",""
headdispl,Float,0,,Recommended,"Total distance traveled by the head reflector","0 to 50",,"","",""
headarea,Integer,0,,Recommended,"Two-dimensional space in which the head reflector moved","0 to 2000",,"","",""
headspccmplx,Float,0,,Recommended,"Describes the complexity of the movement path. Low spatial complexity values would indicate simple/back-and-forth movements","1 to 2",,"","",""
headtmpscl,Float,0,,Recommended,"Frequency of movement with values from 0 to 1. Infrequent movements with long periods of inactivity yield values close to 0. Incessant movement produces values close to 1.","0 to 1",,"","",""
lshinimobdur,Float,0,,Recommended,"Average time not moving greater than 1 mm - based on left shin reflector","0 to 5000",,"Not available for child data","",""
lshinmovmnts,Integer,0,,Recommended,"Average number of position changes >1 mm - based on left shin relfector","0 to 10000",,"Not available for child data","",""
lshindispl,Float,0,,Recommended,"Total distance traveled by the left shin reflector","0 to 50",,"Not available for child data","",""
lshinarea,Integer,0,,Recommended,"Two-dimensional space in which the left shin reflector moved","0 to 2000",,"Not available for child data","",""
lshinspccmplx,Float,0,,Recommended,"Describes the complexity of the movement path. Low spatial complexity values would indicate simple/back-and-forth movements","1 to 2",,"Not available for child data","",""
lshintmpscl,Float,0,,Recommended,"Frequency of movement with values from 0 to 1. Infrequent movements with long periods of inactivity yield values close to 0. Incessant movement produces values close to 1.","0 to 1",,"Not available for child data","",""
rshinimobdur,Float,0,,Recommended,"Average time not moving greater than 1 mm - based on right shin reflector","0 to 5000",,"Not available for child data","",""
rshinmovmnts,Integer,0,,Recommended,"Average number of position changes >1 mm - based on right shin relfector","0 to 10000",,"Not available for child data","",""
rshindispl,Float,0,,Recommended,"Total distance traveled by the right shin reflector","0 to 50",,"Not available for child data","",""
rshinarea,Integer,0,,Recommended,"Two-dimensional space in which the right shin reflector moved","0 to 2000",,"Not available for child data","",""
rshinspccmplx,Float,0,,Recommended,"Describes the complexity of the movement path. Low spatial complexity values would indicate simple/back-and-forth movements","1 to 2",,"Not available for child data","",""
rshintmpscl,Float,0,,Recommended,"Frequency of movement with values from 0 to 1. Infrequent movements with long periods of inactivity yield values close to 0. Incessant movement produces values close to 1.","0 to 1",,"Not available for child data","",""
attnstates,String,200,,Recommended,"Describes the attention states of the participant throughout the task.","",,"","",""
changes,Integer,0,,Recommended,"Count of the number of attention state shifts during the test.","0 to 200",,"","",""
att_ot,Float,0,,Recommended,"Percent of the time patient is attentive/on task, i.e., hits many targets and few non-targets","0 to 100",,"","",""
dist,Float,0,,Recommended,"Percent of the time patient is distracted - misses some targets and hits some non-targets with accuracy better than chance","0 to 100",,"","",""
impl,Float,0,,Recommended,"Percent of the time patient is impulsive hits many targets and some non-targets","0 to 100",,"","",""
rand,Float,0,,Recommended,"Percent of the time patient exhibits random behavior (hits most targets and non-targets with accuaracy about as good as chance.","0 to 100",,"","",""
min,Float,0,,Recommended,"Percent of time patient misses most targets and non-targets with accuracy about as good a chance","0 to 100",,"","",""
cont,Float,0,,Recommended,"Percent of time patient does significantly worse than chance","0 to 100",,"","",""
