ElementName,DataType,Size,Unit,Required,ElementDescription,ValueRange,Keywords,Notes,Section,Aliases
fcc3_distance,Integer,0,,Optional,"Distance (in meters) to nearest class 3 road to birth residence","0 to 4348",,"Secondary state or county highway distance","",""
fcc4_distance,Integer,0,,Optional,"Distance (in meters) to nearest class 4 road to birth residence","0 to 1038",,"Local, neighborhood, rural road, city street distance","",""
diagnosis,String,255,,Optional,"Subject Diagnosis","",,"Final Diagnostic Group Based on Ascertainment, ADOS, ADIR, and SCQ","",""
src_subject_id,String,20,,Required,"The site's subject identification","",,"","NDAR Required",""
gender,String,50,,Required,"Gender","M;F",,"","",""
fcc1_distance,Integer,0,,Required,"Distance (in meters) to nearest class 1 road to birth residence","0 to 84101",,"Interstate highway distance","",""
fcc2_distance,Integer,0,,Optional,"Distance (in meters) to nearest class 2 road to birth residence","0 to 38834",,"","",""
subjectkey,GUID,0,,Required,"The NDAR Global Unique Identifier (GUID) for subjects which identifies a subject in NDAR","NDAR*",,"","",""
