ElementName,DataType,Size,Unit,Required,ElementDescription,ValueRange,Keywords,Notes,Section,Aliases
subjectkey,GUID,0,,Required,"","NDAR*",,"","Header","SCQ_SubjectKey,GUID"
src_subject_id,String,20,,Required,"","",,"","Header","SubjectID,Scq_lifetime_SRC_Subject_ID"
interview_date,Date,0,,Required,"","MM/yyyy;MM/dd/yyyy",,"* '01/01/1900' indicates that a date associated with retrospective data is not known.","Header","DOE,Date_taken,Scq_lifetime_interview_date"
interview_age,Integer,0,,Required,"","0 to 1200",,"Age is rounded to chronological month If the research participant is 13 days old at time of interview  the appropriate value would be 0 months if the participant is 19 days old the value would be 1 month","","Agem,Proband_Age_in_Months,Scq_lifetime_interview_age,Age_proband_scq"
comments_misc,String,255,,Optional,"","",,"","Header","Scq_lifetime_comments_misc"
header_1,String,50,,Recommended,"","",,"","Header","Scq_lifetime_Header_1"
gender,String,50,,Required,"","M;F",,"","Header","Gender,Scq_lifetime_gender"
lifetime_shortphrases,String,50,,Recommended,"","Yes;No",,"","Questions","shortphrases,Scq_lifetime_lifetime_shortphrases,q1_talk_short_phrases"
lifetime_turns,String,50,,Recommended,"","Yes;No",,"","Questions","turns,Scq_lifetime_lifetime_turns,q2_to_and_fro"
lifetime_oddphrases,String,50,,Recommended,"","Yes;No",,"","Questions","oddphrases,Scq_lifetime_lifetime_oddphrases,q3_odd_phrases"
lifetime_askiappques,String,50,,Recommended,"","Yes;No",,"","Questions","askiappques,Scq_lifetime_lifetime_askiappques,q4_socially_inappropriate"
lifetime_pronounsmix,String,50,,Recommended,"","Yes;No",,"","Questions","pronounsmix,q5_pronouns_mixed,Scq_lifetime_lifetime_pronounsmix"
lifetime_madeup,String,50,,Recommended,"","Yes;No",,"","Questions","madeup,Scq_lifetime_lifetime_madeup,q6_words_invented"
lifetime_sayagain,String,50,,Recommended,"","Yes;No",,"","Questions","SCQ007L_AN,sayagain,q7_said_same_thing,Scq_lifetime_lifetime_sayagain"
lifetime_things,String,50,,Recommended,"","Yes;No",,"","Questions","SCQ008L_AN,things,Scq_lifetime_lifetime_things,q8_particular_way"
lifetime_facialex,String,50,,Recommended,"","Yes;No",,"","Questions","SCQ009L_AN,facialex,q9_facial_expressions,Scq_lifetime_lifetime_facialex"
lifetime_handtool,String,50,,Recommended,"","Yes;No",,"","Questions","SCQ010L_AN,handtool,q10_hand_like_tool,Scq_lifetime_lifetime_handtool"
lifetime_oddinterest,String,50,,Recommended,"","Yes;No",,"","Questions","SCQ011L_AN,oddinterest,q11_interests_that_preoccupy,Scq_lifetime_lifetime_oddinterest"
lifetime_interestobjpart,String,50,,Recommended,"","Yes;No",,"","Questions","SCQ012L_AN,interestobjpart,q12_interested_in_parts,Scq_lifetime_lifetime_interestobjpart"
lifetime_unusual,String,50,,Recommended,"","Yes;No",,"","Questions","SCQ013L_AN,unusual,q13_intense_interests,Scq_lifetime_lifetime_unusual"
lifetime_unusualint,String,50,,Recommended,"","Yes;No",,"","Questions","SCQ014L_AN,unusualint,q14_sight_feel_sound,Scq_lifetime_lifetime_unusualint"
lifetime_manner,String,50,,Recommended,"","Yes;No",,"","Questions","SCQ015L_AN,manner,Scq_lifetime_lifetime_manner,q15_mannerisms"
lifetime_movement,String,50,,Recommended,"","Yes;No",,"","Questions","SCQ016L_AN,movement,q16_complicated_movements,Scq_lifetime_lifetime_movement"
lifetime_injure,String,50,,Recommended,"","Yes;No",,"","Questions","SCQ017L_AN,injure,q17_deliberate_injury,Scq_lifetime_lifetime_injure"
lifetime_objcarry,String,50,,Recommended,"","Yes;No",,"","Questions","SCQ018L_AN,objcarry,Scq_lifetime_lifetime_objcarry,q18_carry_objects"
lifetime_bestfrnd,String,50,,Recommended,"","Yes;No",,"","Questions","SCQ019L_AN,bestfrnd,q19_particular_friends,Scq_lifetime_lifetime_bestfrnd"
lifetime_talkfrndly,String,50,,Recommended,"","Yes;No",,"","Questions","SCQ020L_AN,talkfrndly,q20_talk_friendly,Scq_lifetime_lifetime_talkfrndly"
lifetime_copyyou,String,50,,Recommended,"","Yes;No",,"","Questions","copyyou,SCQ021L_AN,q21_spontaneously_copy,Scq_lifetime_lifetime_copyyou"
lifetime_ptthings,String,50,,Recommended,"","Yes;No",,"","Questions","ptthings,SCQ022L_AN,Scq_lifetime_lifetime_ptthings,q22_spontaneously_point"
lifetime_gesture,String,50,,Recommended,"","Yes;No",,"","Questions","gesture,SCQ023L_AN,Scq_lifetime_lifetime_gesture,q23_gestures"
lifetime_nodheady,String,50,,Recommended,"","Yes;No",,"","Questions","nodheady,SCQ024L_AN,q24_nod_yes,Scq_lifetime_lifetime_nodheady"
lifetime_nodheadn,String,50,,Recommended,"","Yes;No",,"","Questions","nodheadn,SCQ025L_AN,Scq_lifetime_lifetime_nodheadn,q25_shake_no"
lifetime_facelook,String,50,,Recommended,"","Yes;No",,"","Questions","facelook,SCQ026L_AN,q26_look_directly,Scq_lifetime_lifetime_facelook"
lifetime_smileback,String,50,,Recommended,"","Yes;No",,"","Questions","smileback,SCQ027L_AN,Scq_lifetime_lifetime_smileback,q27_smile_back"
lifetime_attn,String,50,,Recommended,"","Yes;No",,"","Questions","attn,SCQ028L_AN,Scq_lifetime_lifetime_attn,q28_show_things"
lifetime_share,String,50,,Recommended,"","Yes;No",,"","Questions","share,SCQ029L_AN,Scq_lifetime_lifetime_share,q29_offer_share"
lifetime_joinenjoy,String,50,,Recommended,"","Yes;No",,"","Questions","joinenjoy,SCQ030L_AN,Scq_lifetime_lifetime_joinenjoy,q30_join_enjoyment"
lifetime_comfort,String,50,,Recommended,"","Yes;No",,"","Questions","comfort,SCQ031L_AN,q31_comfort,Scq_lifetime_lifetime_comfort"
lifetime_help,String,50,,Recommended,"","Yes;No",,"","Questions","help,SCQ032L_AN,Scq_lifetime_lifetime_help,q32_wanted_something"
lifetime_normalfacialexp,String,50,,Recommended,"","Yes;No",,"","Questions","normalfacialexp,SCQ033L_AN,q33_facial_expressions,Scq_lifetime_lifetime_normalfacialexp"
lifetime_copyaction,String,50,,Recommended,"","Yes;No",,"","Questions","copyaction,SCQ034L_AN,q34_spontaneously_join,Scq_lifetime_lifetime_copyaction"
lifetime_makebelievegame,String,50,,Recommended,"","Yes;No",,"","Questions","makebelievegame,SCQ035L_AN,Scq_lifetime_lifetime_makebelievegame,q35_play_pretend"
lifetime_childinterest,String,50,,Recommended,"","Yes;No",,"","Questions","childinterest,SCQ036L_AN,q36_seem_interested,Scq_lifetime_lifetime_childinterest"
lifetime_positiveapp,String,50,,Recommended,"","Yes;No",,"","Questions","positiveapp,postitiveapp,SCQ037L_AN,Scq_lifetime_lifetime_positiveapp,q37_respond_positively"
lifetime_talknoname,String,50,,Recommended,"","Yes;No",,"","Questions","talknoname,SCQ038L_AN,Scq_lifetime_lifetime_talknoname,q38_came_into_room"
lifetime_imaginegame,String,50,,Recommended,"","Yes;No",,"","Questions","imaginegame,SCQ039L_AN,q39_play_imaginative,Scq_lifetime_lifetime_imaginegame"
lifetime_playcoop,String,50,,Recommended,"","Yes;No",,"","Questions","playcoop,SCQ040L_AN,Scq_lifetime_lifetime_playcoop,q40_play_cooperatively"
scq_subtotal_1,Integer,0,,Required,"","",,"","","scq_lifetime_subtotal_1"
scq_subtotal_2,Integer,0,,Required,"","",,"","","scq_lifetime_subtotal_2"
scq_subtotal_3,Integer,0,,Required,"","",,"","","scq_lifetime_subtotal_3"
scq_subtotal_4,Integer,0,,Required,"","",,"","","scq_lifetime_subtotal_4"
scq_total_score,Integer,0,,Required,"","",,"","","ASQ_total,scq_lifetime_total_score,score"
