ElementName,DataType,Size,Unit,Required,ElementDescription,ValueRange,Keywords,Notes,Section,Aliases
subjectkey,GUID,0,,Required,"The NDAR Global Unique Identifier (GUID) for subjects which identifies a subject in NDAR","NDAR*",,"","Header",""
src_subject_id,String,20,,Required,"The site's subject identification","",,"","Header",""
interview_date,Date,0,,Required,"Date on which the interview/genetic test/sampling/imaging was completed","MM/yyyy;MM/dd/yyyy",,"* '01/01/1900' indicates that a date associated with retrospective data is not known.","Header",""
interview_age,Integer,0,,Required,"Age in months at the time of the interview/test/sampling/imaging.","0 to 1200",,"Age is rounded to chronological month If the research participant is 13 days old at time of interview  the appropriate value would be 0 months if the participant is 19 days old the value would be 1 month","Header",""
gender,String,50,,Required,"Gender","M;F",,"","",""
respond,Integer,0,,Required,"Respondent 1 = Parent; 2 = Teacher; 999 = Not Available","1;2;999",,"","",""
respond_detail,Integer,0,,Required,"Respondent detail (if available on form version) Options include "1 = Mother; 2 = Father; 3 = Other Relative or custodial adult; 4 = Teacher or caregiver; 5 = Other specialist; 6 = Other; 999 = Not Available; please specify","1;2;3;4;5;6;999",,"","",""
respond_detail_oth_spec,String,255,,Required,"Respondent detail, specify other","",,"","",""
comments_misc,String,255,,Optional,"Miscellaneous comments on study, interview, methodology relevant to this form data","",,"","Header",""
srs_2005_male_tscore1,String,50,,Recommended,"T-Score: Social Awareness","",,"","Male",""
srs_2005_male_tscore2,String,50,,Recommended,"T-Score: Social Cognition","",,"","Male",""
srs_2005_male_tscore3,String,50,,Recommended,"T-Score: Social Communitcation","",,"","Male",""
srs_2005_male_tscore4,String,50,,Recommended,"T-Score: Social Motivation","",,"","Male",""
srs_2005_male_tscore5,String,50,,Recommended,"T-Score: Autistic Mannerisms","",,"","Male",""
srs_2005_male_rawscoreall,String,50,,Conditional,"Total Raw Score","",,"","Male",""
srs_2005_male_tscoreall,String,50,,Conditional,"Total T-Score","",,"","Male",""
srs_2005_female_tscore1,String,50,,Recommended,"T-Score: Social Awareness","",,"","Female",""
srs_2005_female_tscore2,String,50,,Recommended,"T-Score: Social Cognition","",,"","Female",""
srs_2005_female_tscore3,String,50,,Recommended,"T-Score: Social Communitcation","",,"","Female",""
srs_2005_female_tscore4,String,50,,Recommended,"T-Score: Social Motivation","",,"","Female",""
srs_2005_female_tscore5,String,50,,Recommended,"T-Score: Autistic Mannerisms","",,"","Female",""
srs_2005_female_rawscoreall,String,50,,Conditional,"Total Raw Score","",,"","Female",""
srs_2005_female_tscoreall,String,50,,Conditional,"Total T-Score","",,"","Female",""
srs_2005_adultresearch_1,Integer,0,,Recommended,"1. Seems much more uncomfortable in social situations than when alone","1;2;3;4",,"","Adult Research",""
srs_2005_adultresearch_2,Integer,0,,Recommended,"2. Expressions on his or her face don't match what he or she is saying","1;2;3;4",,"","Adult Research",""
srs_2005_adultresearch_3,Integer,0,,Recommended,"3. Seems self-confident when interacting with others","1;2;3;4",,"","Adult Research",""
srs_2005_adultresearch_4,Integer,0,,Recommended,"4. When under stress, he or she shows rigid or inflexible patterns of behavior that seem odd.","1;2;3;4",,"","Adult Research",""
srs_2005_adultresearch_5,Integer,0,,Recommended,"5. Doesn't recognize when others are trying to take advantage of him or her","1;2;3;4",,"","Adult Research",""
srs_2005_adultresearch_6,Integer,0,,Recommended,"6. Would rather be alone than with others","1;2;3;4",,"","Adult Research",""
srs_2005_adultresearch_7,Integer,0,,Recommended,"7. Is aware of what others are thinking or feeling","1;2;3;4",,"","Adult Research",""
srs_2005_adultresearch_8,Integer,0,,Recommended,"8. Behaves in ways that seem strange or bizarre","1;2;3;4",,"","Adult Research",""
srs_2005_adultresearch_9,Integer,0,,Recommended,"9. Seems to dependent on other for help with meeting basic needs","1;2;3;4",,"","Adult Research",""
srs_2005_adultresearch_10,Integer,0,,Recommended,"10. Takes things too literally and doesn't get the real meaning of a conversation","1;2;3;4",,"","Adult Research",""
srs_2005_adultresearch_11,Integer,0,,Recommended,"11. Has good self-confidence","1;2;3;4",,"","Adult Research",""
srs_2005_adultresearch_12,Integer,0,,Recommended,"12. Is able to communicate his or her feelings to others","1;2;3;4",,"","Adult Research",""
srs_2005_adultresearch_13,Integer,0,,Recommended,"13. is awkward in turn-taking interactions with peers (e.g., doesn't seem to understand the give-and-take of conversations)","1;2;3;4",,"","Adult Research",""
srs_2005_adultresearch_14,Integer,0,,Recommended,"14. Is not well coordinated","1;2;3;4",,"","Adult Research",""
srs_2005_adultresearch_15,Integer,0,,Recommended,"15. is able to understand the meaning of other people's tone of voice and facial expressions","1;2;3;4",,"","Adult Research",""
srs_2005_adultresearch_16,Integer,0,,Recommended,"16. Avoids eye contact or has unusual eye contact","1;2;3;4",,"","Adult Research",""
srs_2005_adultresearch_17,Integer,0,,Recommended,"17. Recognizes when something is unfair","1;2;3;4",,"","Adult Research",""
srs_2005_adultresearch_18,Integer,0,,Recommended,"18. Has difficulty making friends, even when trying his or her best","1;2;3;4",,"","Adult Research",""
srs_2005_adultresearch_19,Integer,0,,Recommended,"19 Gets frustrated trying to get ideas across in conversations","1;2;3;4",,"","Adult Research",""
srs_2005_adultresearch_20,Integer,0,,Recommended,"20. Shows unusual sensory interests (e.g., smelling her or her fingers frequently) or strange, repetitive ways of handling or manipulation small items within reach","1;2;3;4",,"","Adult Research",""
srs_2005_adultresearch_21,Integer,0,,Recommended,"21. Is able to imitate others' actions and demeanor when it is socially appropriate to do so","1;2;3;4",,"","Adult Research",""
srs_2005_adultresearch_22,Integer,0,,Recommended,"22. Interacts appropriately with other adults","1;2;3;4",,"","Adult Research",""
srs_2005_adultresearch_23,Integer,0,,Recommended,"23 Does not join group activities or social events unless forced to do so","1;2;3;4",,"","Adult Research",""
srs_2005_adultresearch_24,Integer,0,,Recommended,"24. Has more difficulty than others with changes is his or her routine.","1;2;3;4",,"","Adult Research",""
srs_2005_adultresearch_25,Integer,0,,Recommended,"25. Doesnt seem to mind being out of step with or ""not on the came wavelenght"" as others.","1;2;3;4",,"","Adult Research",""
srs_2005_adultresearch_26,Integer,0,,Recommended,"26. Offers comfort to other when they are sad.","1;2;3;4",,"","Adult Research",""
srs_2005_adultresearch_27,Integer,0,,Recommended,"27. Avoids starting social interactions with peers or adults.","1;2;3;4",,"","Adult Research",""
srs_2005_adultresearch_28,Integer,0,,Recommended,"28. Thinks or talks about the same thing over and over.","1;2;3;4",,"","Adult Research",""
srs_2005_adultresearch_29,Integer,0,,Recommended,"29. Is regarded by the others as odd or weird.","1;2;3;4",,"","Adult Research",""
srs_2005_adultresearch_30,Integer,0,,Recommended,"30. Becomes upset in a situation with lots of things going on.","1;2;3;4",,"","Adult Research",""
srs_2005_adultresearch_31,Integer,0,,Recommended,"31. Can't get his or her mind off something once he or she starts thinking about it.","1;2;3;4",,"","Adult Research",""
srs_2005_adultresearch_32,Integer,0,,Recommended,"32. Has good personal hygiene.","1;2;3;4",,"","Adult Research",""
srs_2005_adultresearch_33,Integer,0,,Recommended,"33. Is socially awkward, even when  trying to be polite  ","1;2;3;4",,"","Adult Research",""
srs_2005_adultresearch_34,Integer,0,,Recommended,"34. Avoids people who want to be emotionally close to him or her","1;2;3;4",,"","Adult Research",""
srs_2005_adultresearch_35,Integer,0,,Recommended,"35. Has trouble keeping up with the flow of a normal conversation","1;2;3;4",,"","Adult Research",""
srs_2005_adultresearch_36,Integer,0,,Recommended,"36. Has difficulty relating to family members","1;2;3;4",,"","Adult Research",""
srs_2005_adultresearch_37,Integer,0,,Recommended,"37. Has difficulty relating to other adults","1;2;3;4",,"","Adult Research",""
srs_2005_adultresearch_38,Integer,0,,Recommended,"38. Responds appropriately to mood changes in others (e.g., when a friend's mood changes from happy to sad)  ","1;2;3;4",,"","Adult Research",""
srs_2005_adultresearch_39,Integer,0,,Recommended,"39. Has an unusually narrow range of interests","1;2;3;4",,"","Adult Research",""
srs_2005_adultresearch_40,Integer,0,,Recommended,"40. Is imaginative without losing touch with reality","1;2;3;4",,"","Adult Research",""
srs_2005_adultresearch_41,Integer,0,,Recommended,"41. Wanders aimlessly from one activity to another.","1;2;3;4",,"","Adult Research",""
srs_2005_adultresearch_42,Integer,0,,Recommended,"42. Seems overly sensitive to sounds, textures, or smells  ","1;2;3;4",,"","Adult Research",""
srs_2005_adultresearch_43,Integer,0,,Recommended,"43. Enjoys and is competent with small talk (casual conversation with others)","1;2;3;4",,"","Adult Research",""
srs_2005_adultresearch_44,Integer,0,,Recommended,"44. Doesn't understand how events relate to one another (cause and effect) the way other adults do","1;2;3;4",,"","Adult Research",""
srs_2005_adultresearch_45,Integer,0,,Recommended,"45. Generally gets interested in what others nearby are paying attention to","1;2;3;4",,"","Adult Research",""
srs_2005_adultresearch_46,Integer,0,,Recommended,"46. Has overly serious facial expressions","1;2;3;4",,"","Adult Research",""
srs_2005_adultresearch_47,Integer,0,,Recommended,"47. Laughs at inappropriate times","1;2;3;4",,"","Adult Research",""
srs_2005_adultresearch_48,Integer,0,,Recommended,"48. Has a sense of humor, understands jokes  ","1;2;3;4",,"","Adult Research",""
srs_2005_adultresearch_49,Integer,0,,Recommended,"49. Does extremely well at a few intellectual or computational tasks, but does not do as well at most other tasks","1;2;3;4",,"","Adult Research",""
srs_2005_adultresearch_50,Integer,0,,Recommended,"50. Has repetitive, odd behaviors ","1;2;3;4",,"","Adult Research",""
srs_2005_adultresearch_51,Integer,0,,Recommended,"51. Has difficulty answering questions directly and ends up talking around the subject","1;2;3;4",,"","Adult Research",""
srs_2005_adultresearch_52,Integer,0,,Recommended,"52. Knows when he or she is talking too loud or making too much noise","1;2;3;4",,"","Adult Research",""
srs_2005_adultresearch_53,Integer,0,,Recommended,"53. Talks to people with an unusual tone of voice (e.g., talks like a robot or like he or she is giving a lecture)  ","1;2;3;4",,"","Adult Research",""
srs_2005_adultresearch_54,Integer,0,,Recommended,"54. Seems to react to people as if they are objects","1;2;3;4",,"","Adult Research",""
srs_2005_adultresearch_55,Integer,0,,Recommended,"55. Knows when he or she is too close to someone or is invading someone's space","1;2;3;4",,"","Adult Research",""
srs_2005_adultresearch_56,Integer,0,,Recommended,"56. Walks in between two people who are talking","1;2;3;4",,"","Adult Research",""
srs_2005_adultresearch_57,Integer,0,,Recommended,"57. Isolative; tends  to not leave his or her home","1;2;3;4",,"","Adult Research",""
srs_2005_adultresearch_58,Integer,0,,Recommended,"58. Concentrates too much on parts of things rather than seeing the whole picture","1;2;3;4",,"","Adult Research",""
srs_2005_adultresearch_59,Integer,0,,Recommended,"59. Is overly suspicious","1;2;3;4",,"","Adult Research",""
srs_2005_adultresearch_60,Integer,0,,Recommended,"60. Is emotionally distant, doesn't show his or her feelings  ","1;2;3;4",,"","Adult Research",""
srs_2005_adultresearch_61,Integer,0,,Recommended,"61. Is inflexible, has a hard time changing his or her mind  ","1;2;3;4",,"","Adult Research",""
srs_2005_adultresearch_62,Integer,0,,Recommended,"62. Gives unusual or illogical reasons for doing things","1;2;3;4",,"","Adult Research",""
srs_2005_adultresearch_63,Integer,0,,Recommended,"63. Touches or greets others in an unusual way","1;2;3;4",,"","Adult Research",""
srs_2005_adultresearch_64,Integer,0,,Recommended,"64. Is too tense in social settings","1;2;3;4",,"","Adult Research",""
srs_2005_adultresearch_65,Integer,0,,Recommended,"65. Stares or gazes off into space","1;2;3;4",,"","Adult Research",""
srs_2005_male_raw1,Integer,0,,Recommended,"Social Awareness Raw Score: Male","",,"","Male",""
srs_2005_male_raw2,Integer,0,,Recommended,"Social Cognition Raw Score: Male","",,"","Male",""
srs_2005_male_raw3,Integer,0,,Recommended,"Social Communication Raw Score: Male","",,"","Male",""
srs_2005_male_raw4,Integer,0,,Recommended,"Social Motivation Raw Score: Male","",,"","Male",""
srs_2005_male_raw5,Integer,0,,Recommended,"Autistic Mannerisms Raw Score: Male","",,"","Male",""
srs_2005_female_raw1,Integer,0,,Recommended,"Social Awareness Raw Score: Female","",,"","Female",""
srs_2005_female_raw2,Integer,0,,Recommended,"Social Cognition Raw Score: Female","",,"","Female",""
srs_2005_female_raw3,Integer,0,,Recommended,"Social Communication Raw Score: Female","",,"","Female",""
srs_2005_female_raw4,Integer,0,,Recommended,"Social Motivation Raw Score: Female","",,"","Female",""
srs_2005_female_raw5,Integer,0,,Recommended,"Autistic Mannerisms Raw Score: Female","",,"","Female",""
