ElementName,DataType,Size,Unit,Required,ElementDescription,ValueRange,Keywords,Notes,Section,Aliases
subjectkey,GUID,0,,Required,"The NDAR Global Unique Identifier (GUID) for subjects which identifies a subject in NDAR","NDAR*",,"","NDAR Required",""
src_subject_id,String,20,,Required,"The site's subject identification","",,"","NDAR Required",""
interview_date,Date,0,,Required,"Date on which the interview/genetic test/sampling/imaging was completed","MM/yyyy;MM/dd/yyyy",,"* '01/01/1900' indicates that a date associated with retrospective data is not known.","NDAR Required",""
interview_age,Integer,0,,Recommended,"Age in months at the time of the interview/test/sampling/imaging.","0 to 1200",,"Age is rounded to chronological month If the research participant is 13 days old at time of interview  the appropriate value would be 0 months if the participant is 19 days old the value would be 1 month","NDAR Required",""
interviewmonth,Integer,0,,Recommended,"Interview Month","",,"","General System Fields",""
interviewday,Integer,0,,Recommended,"Interview Day","",,"","General System Fields",""
interviewyear,Integer,0,,Recommended,"Interview Year","",,"","General System Fields",""
cfmh_oth_condname1,String,100,,Recommended,"Name Other Condition - 1","",,"","Child","Charge_familymedhist_other_condname1"
cfmh_oth_condname2,String,100,,Recommended,"Name Other Condition - 2","",,"","Child","Charge_familymedhist_other_condname2"
cfmh_oth_condname3,String,100,,Recommended,"Name Other Condition - 3","",,"","Child","Charge_familymedhist_other_condname3"
cfmh_oth_condname4,String,100,,Recommended,"Name Other Condition - 4","",,"","Child","Charge_familymedhist_other_condname4"
cfmh_mom_fdalrgy,Integer,0,,Recommended,"Does the Child's Mother have a food allergy?","1;0",,"1=Yes, 0=No","Mother","Charge_familymedhist_mother_foodallergy"
cfmh_mom_fdalrgy_cmt,String,100,,Recommended,"Specific food items the Mother is allergic to","",,"","Mother","Charge_familymedhist_mother_foodallergy_cmt"
cfmh_mom_fdalrgy_age,Integer,0,,Recommended,"Age at which the mother's food allergy first appeared(in months)","",,"","Mother","Charge_familymedhist_mother_foodallergy_age"
cfmh_mom_fdalrgy_preg,Integer,0,,Recommended,"Did the mother have the food allergy while pregnant with the child?","1;0",,"1=Yes, 0=No","Mother","Charge_familymedhist_mother_foodallergy_preg"
cfmh_mom_skinalrgy,Integer,0,,Recommended,"Does the Child's Mother have a skin allergy?","1;0",,"1=Yes, 0=No","Mother","Charge_familymedhist_mother_skinallergy"
cfmh_mom_skinalrgy_cmt,String,100,,Recommended,"Specific skin items the Mother is allergic to","",,"","Mother","Charge_familymedhist_mother_skinallergy_cmt"
cfmh_mom_skinalrgy_age,Integer,0,,Recommended,"Age at which the mother's skin allergy first appeared(in months)","",,"","Mother","Charge_familymedhist_mother_skinallergy_age"
cfmh_mom_skinalrgy_preg,Integer,0,,Recommended,"Did the mother have the skin allergy while pregnant with the child?","1;0",,"1=Yes, 0=No","Mother","Charge_familymedhist_mother_skinallergy_preg"
cfmh_mom_eczema,Integer,0,,Recommended,"Does the Child's Mother have Eczema?","1;0",,"1=Yes, 0=No","Mother","Charge_familymedhist_mother_eczema"
cfmh_mom_eczema_age,Integer,0,,Recommended,"Age at which the mother's eczema first appeared(in months)","",,"","Mother","Charge_familymedhist_mother_eczema_age"
cfmh_mom_eczema_preg,Integer,0,,Recommended,"Did the mother have eczema while pregnant with the child?","1;0",,"1=Yes, 0=No","Mother","Charge_familymedhist_mother_eczema_preg"
cfmh_mom_envalrgy,Integer,0,,Recommended,"Does the Child's Mother have an environmental allergy?","1;0",,"1=Yes, 0=No","Mother","Charge_familymedhist_mother_envallergy"
cfmh_mom_envalrgy_cmt,String,100,,Recommended,"Specific environmental items the Mother is allergic to","",,"","Mother","Charge_familymedhist_mother_envallergy_cmt"
cfmh_mom_envalrgy_age,Integer,0,,Recommended,"Age at which the mother's environmental allergy first appeared(in months)","",,"","Mother","Charge_familymedhist_mother_envallergy_age"
cfmh_mom_envalrgy_preg,Integer,0,,Recommended,"Did the mother have the environmental allergy while pregnant with the child?","1;0",,"1=Yes, 0=No","Mother","Charge_familymedhist_mother_envallergy_preg"
cfmh_mom_medalrgy,Integer,0,,Recommended,"Does the Child's Mother have a medication allergy?","1;0",,"1=Yes, 0=No","Mother","Charge_familymedhist_mother_medallergy"
cfmh_mom_medalrgy_cmt,String,100,,Recommended,"Specific medication items the Mother is allergic to","",,"","Mother","Charge_familymedhist_mother_medallergy_cmt"
cfmh_mom_medalrgy_age,Integer,0,,Recommended,"Age at which the mother's medication allergy first appeared(in months)","",,"","Mother","Charge_familymedhist_mother_medallergy_age"
cfmh_mom_medalrgy_preg,Integer,0,,Recommended,"Did the mother have the medication allergy while pregnant with the child?","1;0",,"1=Yes, 0=No","Mother","Charge_familymedhist_mother_medallergy_preg"
cfmh_mom_othalrgy,Integer,0,,Recommended,"Does the Child's Mother have any other allergies?","1;0",,"1=Yes, 0=No","Mother","Charge_familymedhist_mother_otherallergy"
cfmh_mom_othalrgy_cmt,String,100,,Recommended,"Specific other items the Mother is allergic to","",,"","Mother","Charge_familymedhist_mother_otherallergy_cmt"
cfmh_mom_othalrgy_age,Integer,0,,Recommended,"Age at which the mother's other allergy first appeared(in months)","",,"","Mother","Charge_familymedhist_mother_otherallergy_age"
cfmh_mom_othalrgy_preg,Integer,0,,Recommended,"Did the mother have the other allergy while pregnant with the child?","1;0",,"1=Yes, 0=No","Mother","Charge_familymedhist_mother_otherallergy_preg"
cfmh_mom_autism,Integer,0,,Recommended,"Does the Child's Mother have Autism?","1;0",,"1=Yes, 0=No","Mother","Charge_familymedhist_mother_autism"
cfmh_mom_autism_age,Integer,0,,Recommended,"Age at which the mother's Autism first appeared(in months)","",,"","Mother","Charge_familymedhist_mother_autism_age"
cfmh_mom_autism_preg,Integer,0,,Recommended,"Did the mother have Autism while pregnant with the child?","1;0",,"1=Yes, 0=No","Mother","Charge_familymedhist_mother_autism_preg"
cfmh_mom_aspergers,Integer,0,,Recommended,"Does the Child's Mother have Asperger's Syndrome?","1;0",,"1=Yes, 0=No","Mother","Charge_familymedhist_mother_aspergers"
cfmh_mom_aspergers_age,Integer,0,,Recommended,"Age at which the mother's Asperger's Syndrome first appeared(in months)","",,"","Mother","Charge_familymedhist_mother_aspergers_age"
cfmh_mom_aspergers_preg,Integer,0,,Recommended,"Did the mother have Asperger's Syndrome while pregnant with the child?","1;0",,"1=Yes, 0=No","Mother","Charge_familymedhist_mother_aspergers_preg"
cfmh_mom_retts,Integer,0,,Recommended,"Does the Child's Mother have Rett's Syndrome?","1;0",,"1=Yes, 0=No","Mother","Charge_familymedhist_mother_retts"
cfmh_mom_retts_age,Integer,0,,Recommended,"Age at which the mother's Rett's Syndrome first appeared(in months)","",,"","Mother","Charge_familymedhist_mother_retts_age"
cfmh_mom_retts_preg,Integer,0,,Recommended,"Did the mother have Rett's Syndrome while pregnant with the child?","1;0",,"1=Yes, 0=No","Mother","Charge_familymedhist_mother_retts_preg"
cfmh_mom_pddnos,Integer,0,,Recommended,"Does the Child's Mother have Autism Spectrum Disorder?","1;0",,"1=Yes, 0=No","Mother","Charge_familymedhist_mother_pddnos"
cfmh_mom_pddnos_cmt,String,100,,Recommended,"Specify type","",,"","Mother","Charge_familymedhist_mother_pddnos_cmt"
cfmh_mom_pddnos_age,Integer,0,,Recommended,"Age at which Mother's Autism Spectrum Disorder first appeared (in months)","",,"","Mother","Charge_familymedhist_mother_pddnos_age"
cfmh_mom_pddnos_preg,Integer,0,,Recommended,"Did the Mother have Autism Spectrum Disorder while pregnant with the child?","1;0",,"1=Yes, 0=No","Mother","Charge_familymedhist_mother_pddnos_preg"
cfmh_mom_spchdelay,Integer,0,,Recommended,"Does (did) the Child's Mother have a spch/Language Delay?","1;0",,"1=Yes, 0=No","Mother","Charge_familymedhist_mother_speechdelay"
cfmh_mom_spchdelay_age,Integer,0,,Recommended,"Age at which the mother's spch/Language Delay first appeared(in months)","",,"","Mother","Charge_familymedhist_mother_speechdelay_age"
cfmh_mom_spchdelay_preg,Integer,0,,Recommended,"Did the mother have a spch/Language Delay while pregnant with the child?","1;0",,"1=Yes, 0=No","Mother","Charge_familymedhist_mother_speechdelay_preg"
cfmh_mom_devdelay,Integer,0,,Recommended,"Does (did) the Child's Mother have a Developmental Delay?","1;0",,"1=Yes, 0=No","Mother","Charge_familymedhist_mother_devdelay"
cfmh_mom_devdelay_age,Integer,0,,Recommended,"Age at which the mother's Developmental Delay first appeared(in months)","",,"","Mother","Charge_familymedhist_mother_devdelay_age"
cfmh_mom_devdelay_preg,Integer,0,,Recommended,"Did the mother have a Developmental Delay while pregnant with the child?","1;0",,"1=Yes, 0=No","Mother","Charge_familymedhist_mother_devdelay_preg"
cfmh_mom_learndis,Integer,0,,Recommended,"Does (did) the Child's Mother have a Learning Disability?","1;0",,"1=Yes, 0=No","Mother","Charge_familymedhist_mother_learndis"
cfmh_mom_learndis_age,Integer,0,,Recommended,"Age at which the mother's Learning Disability first appeared(in months)","",,"","Mother","Charge_familymedhist_mother_learndis_age"
cfmh_mom_learndis_preg,Integer,0,,Recommended,"Did the mother have a Learning Disability while pregnant with the child?","1;0",,"1=Yes, 0=No","Mother","Charge_familymedhist_mother_learndis_preg"
cfmh_mom_seizure,Integer,0,,Recommended,"Does (did) the Child's Mother have Seizure Disorder/Epilepsy?","1;0",,"1=Yes, 0=No","Mother","Charge_familymedhist_mother_seizure"
cfmh_mom_seizure_age,Integer,0,,Recommended,"Age at which the mother's Seizure Disorder/Epilepsy first appeared(in months)","",,"","Mother","Charge_familymedhist_mother_seizure_age"
cfmh_mom_seizure_preg,Integer,0,,Recommended,"Did the mother have Seizure Disorder/Epilepsy while pregnant with the child?","1;0",,"1=Yes, 0=No","Mother","Charge_familymedhist_mother_seizure_preg"
cfmh_mom_cerpalsy,Integer,0,,Recommended,"Does (did) the Child's Mother have Cerebral Palsy?","1;0",,"1=Yes, 0=No","Mother","Charge_familymedhist_mother_cerpalsy"
cfmh_mom_cerpalsy_age,Integer,0,,Recommended,"Age at which the mother's Cerebral Palsy first appeared(in months)","",,"","Mother","Charge_familymedhist_mother_cerpalsy_age"
cfmh_mom_cerpalsy_preg,Integer,0,,Recommended,"Did the mother have Cerebral Palsy while pregnant with the child?","1;0",,"1=Yes, 0=No","Mother","Charge_familymedhist_mother_cerpalsy_preg"
cfmh_mom_downssyn,Integer,0,,Recommended,"Does (did) the Child's Mother have Down's Syndrome?","1;0",,"1=Yes, 0=No","Mother","Charge_familymedhist_mother_downssynd"
cfmh_mom_downssyn_age,Integer,0,,Recommended,"Age at which the mother's Down's Syndrome first appeared(in months)","",,"","Mother","Charge_familymedhist_mother_downssynd_age"
cfmh_mom_downssyn_preg,Integer,0,,Recommended,"Did the mother have Down's Syndrome while pregnant with the child?","1;0",,"1=Yes, 0=No","Mother","Charge_familymedhist_mother_downssynd_preg"
cfmh_mom_mentalret,Integer,0,,Recommended,"Does (did) the Child's Mother have Mental Retardation?","1;0",,"1=Yes, 0=No","Mother","Charge_familymedhist_mother_mentalret"
cfmh_mom_mentalret_age,Integer,0,,Recommended,"Age at which the mother's Mental Retardation first appeared(in months)","",,"","Mother","Charge_familymedhist_mother_mentalret_age"
cfmh_mom_mentalret_preg,Integer,0,,Recommended,"Did the mother have Mental Retardation while pregnant with the child?","1;0",,"1=Yes, 0=No","Mother","Charge_familymedhist_mother_mentalret_preg"
cfmh_mom_tuberscl,Integer,0,,Recommended,"Does (did) the Child's Mother have Tuberous Sclerosis?","1;0",,"1=Yes, 0=No","Mother","Charge_familymedhist_mother_tuberscl"
cfmh_mom_tuberscl_age,Integer,0,,Recommended,"Age at which the mother's Tuberous Sclerosis first appeared(in months)","",,"","Mother","Charge_familymedhist_mother_tuberscl_age"
cfmh_mom_tuberscl_preg,Integer,0,,Recommended,"Did the mother have Tuberous Sclerosis while pregnant with the child?","1;0",,"1=Yes, 0=No","Mother","Charge_familymedhist_mother_tuberscl_preg"
cfmh_mom_fragilex,Integer,0,,Recommended,"Does (did) the Child's Mother have Fragile X?","1;0",,"1=Yes, 0=No","Mother","Charge_familymedhist_mother_fragilex"
cfmh_mom_fragilex_age,Integer,0,,Recommended,"Age at which the mother's Fragile X first appeared(in months)","",,"","Mother","Charge_familymedhist_mother_fragilex_age"
cfmh_mom_fragilex_preg,Integer,0,,Recommended,"Did the mother have Fragile X while pregnant with the child?","1;0",,"1=Yes, 0=No","Mother","Charge_familymedhist_mother_fragilex_preg"
cfmh_mom_neuromd,Integer,0,,Recommended,"Does (did) the Child's Mother have a Neuromuscular Disorder?","1;0",,"1=Yes, 0=No","Mother","Charge_familymedhist_mother_neuromuscdis"
cfmh_mom_neuromd_age,Integer,0,,Recommended,"Age at which the mother's Neuromuscular Disorder first appeared(in months)","",,"","Mother","Charge_familymedhist_mother_neuromuscdis_age"
cfmh_mom_neuromd_preg,Integer,0,,Recommended,"Did the mother have a Neuromuscular Disorder while pregnant with the child?","1;0",,"1=Yes, 0=No","Mother","Charge_familymedhist_mother_neuromuscdis_preg"
cfmh_mom_genedis,Integer,0,,Recommended,"Does (did) the Child's Mother have a Genetic Disorder?","1;0",,"1=Yes, 0=No","Mother","Charge_familymedhist_mother_geneticdis"
cfmh_mom_genedis_cmt,String,100,,Recommended,"Specify mother's Genetic Disorder","",,"","Mother","Charge_familymedhist_mother_geneticdis_cmt"
cfmh_mom_genedis_age,Integer,0,,Recommended,"Age at which the mother's Genetic Disorder first appeared(in months)","",,"","Mother","Charge_familymedhist_mother_geneticdis_age"
cfmh_mom_genedis_preg,Integer,0,,Recommended,"Did the mother have a Genetic Disorder while pregnant with the child?","1;0",,"1=Yes, 0=No","Mother","Charge_familymedhist_mother_geneticdis_preg"
cfmh_mom_genedistst,Integer,0,,Recommended,"Was testing done for the mother's Genetic Disorder?","1;0",,"1=Yes, 0=No","Mother","Charge_familymedhist_mother_geneticdistest"
cfmh_mom_genedistst_cmt,String,100,,Recommended,"Specify tests","",,"","Mother","Charge_familymedhist_mother_geneticdistest_cmt"
cfmh_mom_genedistst_age,Integer,0,,Recommended,"Age at which the mother's tests were done(in months)","",,"","Mother","Charge_familymedhist_mother_geneticdistest_age"
cfmh_mom_genedistst_preg,Integer,0,,Recommended,"Did the mother get tests done while pregnant with the child?","1;0",,"1=Yes, 0=No","Mother","Charge_familymedhist_mother_geneticdistest_preg"
cfmh_mom_visionimp,Integer,0,,Recommended,"Does the Child's Mother have a vision impairment?","1;0",,"1=Yes, 0=No","Mother","Charge_familymedhist_mother_visionimp"
cfmh_mom_visionimp_age,Integer,0,,Recommended,"Age at which the mother's Vision Impairment first appeared(in months)","",,"","Mother","Charge_familymedhist_mother_visionimp_age"
cfmh_mom_visionimp_preg,Integer,0,,Recommended,"Did the mother have a Vision Impairment while pregnant with the child?","1;0",,"1=Yes, 0=No","Mother","Charge_familymedhist_mother_visionimp_preg"
cfmh_mom_visioncor,Integer,0,,Recommended,"Has the mother's vision impairment been corrected?","1;0",,"1=Yes, 0=No","Mother","Charge_familymedhist_mother_visioncor"
cfmh_mom_visioncor_age,Integer,0,,Recommended,"Age at which the mother's Vision Correction done(in months)","",,"","Mother","Charge_familymedhist_mother_visioncor_age"
cfmh_mom_visioncor_preg,Integer,0,,Recommended,"Did the mother have a Vision Correction while pregnant with the child?","1;0",,"1=Yes, 0=No","Mother","Charge_familymedhist_mother_visioncor_preg"
cfmh_mom_hearingimp,Integer,0,,Recommended,"Does the Child's Mother have a hearing impairment?","1;0",,"1=Yes, 0=No","Mother","Charge_familymedhist_mother_hearingimp"
cfmh_mom_hearingimp_age,Integer,0,,Recommended,"Age at which the mother's Hearing Impairment first appeared(in months)","",,"","Mother","Charge_familymedhist_mother_hearingimp_age"
cfmh_mom_hearingimp_preg,Integer,0,,Recommended,"Did the mother have a Hearing Impairment while pregnant with the child?","1;0",,"1=Yes, 0=No","Mother","Charge_familymedhist_mother_hearingimp_preg"
cfmh_mom_hearingcor,Integer,0,,Recommended,"Has the mother's hearing impairment been corrected?","1;0",,"1=Yes, 0=No","Mother","Charge_familymedhist_mother_hearingcor"
cfmh_mom_hearingcor_age,Integer,0,,Recommended,"Age at which the mother's Hearing Correction done(in months)","",,"","Mother","Charge_familymedhist_mother_hearingcor_age"
cfmh_mom_hearingcor_preg,Integer,0,,Recommended,"Did the mother have a Hearing Correction while pregnant with the child?","1;0",,"1=Yes, 0=No","Mother","Charge_familymedhist_mother_hearingcor_preg"
cfmh_mom_bipolar,Integer,0,,Recommended,"Does (did) the Child's Mother have a Bipolar Disorder?","1;0",,"1=Yes, 0=No","Mother","Charge_familymedhist_mother_bipolar"
cfmh_mom_bipolar_age,Integer,0,,Recommended,"Age at which the mother's Bipolar Disorder first appeared(in months)","",,"","Mother","Charge_familymedhist_mother_bipolar_age"
cfmh_mom_bipolar_preg,Integer,0,,Recommended,"Did the mother have Bipolar Disorder while pregnant with the child?","1;0",,"1=Yes, 0=No","Mother","Charge_familymedhist_mother_bipolar_preg"
cfmh_mom_depression,Integer,0,,Recommended,"Does (did) the Child's Mother have Depression?","1;0",,"1=Yes, 0=No","Mother","Charge_familymedhist_mother_depression"
cfmh_mom_depression_age,Integer,0,,Recommended,"Age at which the mother's Depression first appeared(in months)","",,"","Mother","Charge_familymedhist_mother_depression_age"
cfmh_mom_depression_preg,Integer,0,,Recommended,"Did the mother have Depression while pregnant with the child?","1;0",,"1=Yes, 0=No","Mother","Charge_familymedhist_mother_depression_preg"
cfmh_mom_anxiety,Integer,0,,Recommended,"Does (did) the Child's Mother have an Anxiety Disorder?","1;0",,"1=Yes, 0=No","Mother","Charge_familymedhist_mother_anxiety"
cfmh_mom_anxiety_age,Integer,0,,Recommended,"Age at which the mother's Anxiety Disorder first appeared(in months)","",,"","Mother","Charge_familymedhist_mother_anxiety_age"
cfmh_mom_anxiety_preg,Integer,0,,Recommended,"Did the mother have an Anxiety Disorder while pregnant with the child?","1;0",,"1=Yes, 0=No","Mother","Charge_familymedhist_mother_anxiety_preg"
cfmh_mom_ocd,Integer,0,,Recommended,"Does (did) the Child's Mother have Obsessive Compulsive Disorder?","1;0",,"1=Yes, 0=No","Mother","Charge_familymedhist_mother_ocd"
cfmh_mom_ocd_age,Integer,0,,Recommended,"Age at which the mother's Obsessive Compulsive Disorder first appeared(in months)","",,"","Mother","Charge_familymedhist_mother_ocd_age"
cfmh_mom_ocd_preg,Integer,0,,Recommended,"Did the mother have Obsessive Compulsive Disorder while pregnant with the child?","1;0",,"1=Yes, 0=No","Mother","Charge_familymedhist_mother_ocd_preg"
cfmh_mom_schizo,Integer,0,,Recommended,"Does (did) the Child's Mother have Schizophrenia?","1;0",,"1=Yes, 0=No","Mother","Charge_familymedhist_mother_schizophrenia"
cfmh_mom_schizo_age,Integer,0,,Recommended,"Age at which the mother's Schizophrenia first appeared(in months)","",,"","Mother","Charge_familymedhist_mother_schizophrenia_age"
cfmh_mom_schizo_preg,Integer,0,,Recommended,"Did the mother have Schizophrenia while pregnant with the child?","1;0",,"1=Yes, 0=No","Mother","Charge_familymedhist_mother_schizophrenia_preg"
cfmh_mom_persondis,Integer,0,,Recommended,"Does (did) the Child's Mother have a Personality Disorder?","1;0",,"1=Yes, 0=No","Mother","Charge_familymedhist_mother_persondis"
cfmh_mom_persondis_cmt,String,100,,Recommended,"Specify mother's Personality Disorder","",,"","Mother","Charge_familymedhist_mother_persondis_cmt"
cfmh_mom_persondis_age,Integer,0,,Recommended,"Age at which the mother's Personality Disorder first appeared(in months)","",,"","Mother","Charge_familymedhist_mother_persondis_age"
cfmh_mom_persondis_preg,Integer,0,,Recommended,"Did the mother have a Personality Disorder while pregnant with the child?","1;0",,"1=Yes, 0=No","Mother","Charge_familymedhist_mother_persondis_preg"
cfmh_mom_selfinj,Integer,0,,Recommended,"Does (did) the Child's Mother have Self-Injuring Behavior?","1;0",,"1=Yes, 0=No","Mother","Charge_familymedhist_mother_selfinj"
cfmh_mom_selfinj_age,Integer,0,,Recommended,"Age at which the mother's Self-Injuring Behavior first appeared(in months)","",,"","Mother","Charge_familymedhist_mother_selfinj_age"
cfmh_mom_selfinj_preg,Integer,0,,Recommended,"Did the mother have Self-Injuring Behavior while pregnant with the child?","1;0",,"1=Yes, 0=No","Mother","Charge_familymedhist_mother_selfinj_preg"
cfmh_mom_suicideatt,Integer,0,,Recommended,"Has the Child's Mother Attempted Suicide?","1;0",,"1=Yes, 0=No","Mother","Charge_familymedhist_mother_suicideatt"
cfmh_mom_suicideatt_age,Integer,0,,Recommended,"Age at which the mother first attempted suicide(in months)","",,"","Mother","Charge_familymedhist_mother_suicideatt_age"
cfmh_mom_suicideatt_preg,Integer,0,,Recommended,"Did the mother attempt suicide while pregnant with the child?","1;0",,"1=Yes, 0=No","Mother","Charge_familymedhist_mother_suicideatt_preg"
cfmh_mom_psydis,Integer,0,,Recommended,"Does (did) the Child's Mother have a Psychiatric Disorder?","1;0",,"1=Yes, 0=No","Mother","Charge_familymedhist_mother_psychdis"
cfmh_mom_psydis_cmt,String,100,,Recommended,"Specify mother's Psychiatric Disorder","",,"","Mother","Charge_familymedhist_mother_psychdis_cmt"
cfmh_mom_psydis_age,Integer,0,,Recommended,"Age at which the mother's Psychiatric Disorder first appeared(in months)","",,"","Mother","Charge_familymedhist_mother_psychdis_age"
cfmh_mom_psydis_preg,Integer,0,,Recommended,"Did the mother have a Psychiatric Disorder while pregnant with the child?","1;0",,"1=Yes, 0=No","Mother","Charge_familymedhist_mother_psychdis_preg"
cfmh_mom_adhd,Integer,0,,Recommended,"Does (did) the Child's Mother have Attention Deficit Hyperactivity Disorder (ADHD)?","1;0",,"1=Yes, 0=No","Mother","Charge_familymedhist_mother_adhd"
cfmh_mom_adhd_age,Integer,0,,Recommended,"Age at which the mother's Attention Deficit Hyperactivity Disorder (ADHD) first appeared(in months)","",,"","Mother","Charge_familymedhist_mother_adhd_age"
cfmh_mom_adhd_preg,Integer,0,,Recommended,"Did the mother have Attention Deficit Hyperactivity Disorder (ADHD) while pregnant with the child?","1;0",,"1=Yes, 0=No","Mother","Charge_familymedhist_mother_adhd_preg"
cfmh_mom_eatingdis,Integer,0,,Recommended,"Does (did) the Child's Mother have an Eating Disorder?","1;0",,"1=Yes, 0=No","Mother","Charge_familymedhist_mother_eatingdis"
cfmh_mom_eatingdis_cmt,String,100,,Recommended,"Specify mother's Eating Disorder","",,"","Mother","Charge_familymedhist_mother_eatingdis_cmt"
cfmh_mom_eatingdis_age,Integer,0,,Recommended,"Age at which the mother's Eating Disorder first appeared(in months)","",,"","Mother","Charge_familymedhist_mother_eatingdis_age"
cfmh_mom_eatingdis_preg,Integer,0,,Recommended,"Did the mother have an Eating Disorder while pregnant with the child?","1;0",,"1=Yes, 0=No","Mother","Charge_familymedhist_mother_eatingdis_preg"
cfmh_mom_sleepdis,Integer,0,,Recommended,"Does (did) the Child's Mother have a Sleep Disorder?","1;0",,"1=Yes, 0=No","Mother","Charge_familymedhist_mother_sleepdis"
cfmh_mom_sleepdis_cmt,String,100,,Recommended,"Specify mother's Sleep Disorder","",,"","Mother","Charge_familymedhist_mother_sleepdis_cmt"
cfmh_mom_sleepdis_age,Integer,0,,Recommended,"Age at which the mother's Sleep Disorder first appeared(in months)","",,"","Mother","Charge_familymedhist_mother_sleepdis_age"
cfmh_mom_sleepdis_preg,Integer,0,,Recommended,"Did the mother have a Sleep Disorder while pregnant with the child?","1;0",,"1=Yes, 0=No","Mother","Charge_familymedhist_mother_sleepdis_preg"
cfmh_mom_abusevic,Integer,0,,Recommended,"Is the Child's Mother a Victim of Abuse?","1;0",,"1=Yes, 0=No","Mother","Charge_familymedhist_mother_abusevic"
cfmh_mom_abusevic_age,Integer,0,,Recommended,"Age at which the mother's Abuse first occurred(in months)","",,"","Mother","Charge_familymedhist_mother_abusevic_age"
cfmh_mom_abusevic_preg,Integer,0,,Recommended,"Was the mother being abused while pregnant with the child?","1;0",,"1=Yes, 0=No","Mother","Charge_familymedhist_mother_abusevic_preg"
cfmh_mom_subabuse,Integer,0,,Recommended,"Does the Child's Mother have a history of Substance Abuse?","1;0",,"1=Yes, 0=No","Mother","Charge_familymedhist_mother_subabuse"
cfmh_mom_subabuse_cmt,String,100,,Recommended,"Specify mother's Substance Abuse Type","",,"","Mother","Charge_familymedhist_mother_subabuse_cmt"
cfmh_mom_subabuse_age,Integer,0,,Recommended,"Age at which the mother's Substance Abuse first occurred(in months)","",,"","Mother","Charge_familymedhist_mother_subabuse_age"
cfmh_mom_subabuse_preg,Integer,0,,Recommended,"Did the mother have Substance Abuse events while pregnant with the child?","1;0",,"1=Yes, 0=No","Mother","Charge_familymedhist_mother_subabuse_preg"
cfmh_mom_migraine,Integer,0,,Recommended,"Does the Child's Mother have Migraine Headaches?","1;0",,"1=Yes, 0=No","Mother","Charge_familymedhist_mother_migraine"
cfmh_mom_migraine_age,Integer,0,,Recommended,"Age at which the mother's Migraine Headaches first appeared(in months)","",,"","Mother","Charge_familymedhist_mother_migraine_age"
cfmh_mom_migraine_preg,Integer,0,,Recommended,"Did the mother have Migraine Headaches while pregnant with the child?","1;0",,"1=Yes, 0=No","Mother","Charge_familymedhist_mother_migraine_preg"
cfmh_mom_ibs,Integer,0,,Recommended,"Does the Child's Mother have Irritable Bowel Syndrome?","1;0",,"1=Yes, 0=No","Mother","Charge_familymedhist_mother_ibs"
cfmh_mom_ibs_age,Integer,0,,Recommended,"Age at which the mother's Irritable Bowel Syndrome first appeared(in months)","",,"","Mother","Charge_familymedhist_mother_ibs_age"
cfmh_mom_ibs_preg,Integer,0,,Recommended,"Did the mother have Irritable Bowel Syndrome while pregnant with the child?","1;0",,"1=Yes, 0=No","Mother","Charge_familymedhist_mother_ibs_preg"
cfmh_mom_gidis,Integer,0,,Recommended,"Does the Child's Mother have any Other Gastrointestinal Disorders?","1;0",,"1=Yes, 0=No","Mother","Charge_familymedhist_mother_gidis"
cfmh_mom_gidiss_age,Integer,0,,Recommended,"Age at which the mother's Other Gastrointestinal Disorders first appeared(in months)","",,"","Mother","Charge_familymedhist_mother_gidiss_age"
cfmh_mom_gidiss_preg,Integer,0,,Recommended,"Did the mother have Other Gastrointestinal Disorders while pregnant with the child?","1;0",,"1=Yes, 0=No","Mother","Charge_familymedhist_mother_gidiss_preg"
cfmh_mom_cancer,Integer,0,,Recommended,"Does the Child's Mother have Cancer?","1;0",,"1=Yes, 0=No","Mother","Charge_familymedhist_mother_cancer"
cfmh_mom_cancer_cmt,String,100,,Recommended,"Specify mother's Cancer type","",,"","Mother","Charge_familymedhist_mother_cancer_cmt"
cfmh_mom_cancer_age,Integer,0,,Recommended,"Age at which the mother's Cancer first appeared(in months)","",,"","Mother","Charge_familymedhist_mother_cancer_age"
cfmh_mom_cancer_preg,Integer,0,,Recommended,"Did the mother have Cancer while pregnant with the child?","1;0",,"1=Yes, 0=No","Mother","Charge_familymedhist_mother_cancer_preg"
cfmh_mom_congendef,Integer,0,,Recommended,"Does the Child's Mother have a Congenital Defect (Cleft palate, cleft lip, other)?","1;0",,"1=Yes, 0=No","Mother","Charge_familymedhist_mother_congenitaldef"
cfmh_mom_congendef_cmt,String,100,,Recommended,"Specify mother's Congenital Defect type","",,"","Mother","Charge_familymedhist_mother_congenitaldef_cmt"
cfmh_mom_congendef_age,Integer,0,,Recommended,"Age at which the mother's Congenital Defect first appeared(in months)","",,"","Mother","Charge_familymedhist_mother_congenitaldef_age"
cfmh_mom_congendef_preg,Integer,0,,Recommended,"Did the mother have a Congenital Defect while pregnant with the child?","1;0",,"1=Yes, 0=No","Mother","Charge_familymedhist_mother_congenitaldef_preg"
cfmh_mom_obesity,Integer,0,,Recommended,"Does the Child's Mother have Obesity?","1;0",,"1=Yes, 0=No","Mother","Charge_familymedhist_mother_obesity"
cfmh_mom_obesity_age,Integer,0,,Recommended,"Age at which the mother's Obesity first appeared(in months)","",,"","Mother","Charge_familymedhist_mother_obesity_age"
cfmh_mom_obesity_preg,Integer,0,,Recommended,"Did the mother have Obesity while pregnant with the child?","1;0",,"1=Yes, 0=No","Mother","Charge_familymedhist_mother_obesity_preg"
cfmh_mom_sicklecell,Integer,0,,Recommended,"Does the Child's Mother have Sickle Cell Anemia?","1;0",,"1=Yes, 0=No","Mother","Charge_familymedhist_mother_sicklecell"
cfmh_mom_sicklecell_age,Integer,0,,Recommended,"Age at which the mother's Sickle Cell Anemia first appeared(in months)","",,"","Mother","Charge_familymedhist_mother_sicklecell_age"
cfmh_mom_sicklecell_preg,Integer,0,,Recommended,"Did the mother have Sickle Cell Anemia while pregnant with the child?","1;0",,"1=Yes, 0=No","Mother","Charge_familymedhist_mother_sicklecell_preg"
cfmh_mom_thyroiddis,Integer,0,,Recommended,"Does the Child's Mother have Thyroid Disease?","1;0",,"1=Yes, 0=No","Mother","Charge_familymedhist_mother_thyroiddis"
cfmh_mom_thyroiddis_age,Integer,0,,Recommended,"Age at which the mother's Thyroid Disease first appeared(in months)","",,"","Mother","Charge_familymedhist_mother_thyroiddis_age"
cfmh_mom_thyroiddis_preg,Integer,0,,Recommended,"Did the mother have Thyroid Disease while pregnant with the child?","1;0",,"1=Yes, 0=No","Mother","Charge_familymedhist_mother_thyroiddis_preg"
cfmh_mom_cond1,Integer,0,,Recommended,"Did the mother have Other condition-1","1;0",,"1=Yes, 0=No","Mother","Charge_familymedhist_mother_cond1"
cfmh_mom_cond1_age,Integer,0,,Recommended,"Age at which the Condition 1 appeared(in months)","",,"","Mother","Charge_familymedhist_mother_cond1_age"
cfmh_mom_cond1_preg,Integer,0,,Recommended,"Did the mother have Condition 1 while pregnant with the child?","1;0",,"1=Yes, 0=No","Mother","Charge_familymedhist_mother_cond1_preg"
cfmh_mom_cond2,Integer,0,,Recommended,"Did the mother have Other condition-2","1;0",,"1=Yes, 0=No","Mother","Charge_familymedhist_mother_cond2"
cfmh_mom_cond2_age,Integer,0,,Recommended,"Age at which the Condition 2 appeared(in months)","",,"","Mother","Charge_familymedhist_mother_cond2_age"
cfmh_mom_cond2_preg,Integer,0,,Recommended,"Did the mother have Condition 2 while pregnant with the child?","1;0",,"1=Yes, 0=No","Mother","Charge_familymedhist_mother_cond2_preg"
cfmh_mom_cond3,Integer,0,,Recommended,"Did the mother have Other condition-3","1;0",,"1=Yes, 0=No","Mother","Charge_familymedhist_mother_cond3"
cfmh_mom_cond3_age,Integer,0,,Recommended,"Age at which the Condition 3 appeared(in months)","",,"","Mother","Charge_familymedhist_mother_cond3_age"
cfmh_mom_cond3_preg,Integer,0,,Recommended,"Did the mother have Condition 3 while pregnant with the child?","1;0",,"1=Yes, 0=No","Mother","Charge_familymedhist_mother_cond3_preg"
cfmh_mom_cond4,Integer,0,,Recommended,"Did the mother have Other condition-4","1;0",,"1=Yes, 0=No","Mother","Charge_familymedhist_mother_cond4"
cfmh_mom_cond4_age,Integer,0,,Recommended,"Age at which the Condition 4 appeared(in months)","",,"","Mother","Charge_familymedhist_mother_cond4_age"
cfmh_mom_cond4_preg,Integer,0,,Recommended,"Did the mother have Condition 4 while pregnant with the child?","1;0",,"1=Yes, 0=No","Mother","Charge_familymedhist_mother_cond4_preg"
cfmh_dad_fdalrgy,Integer,0,,Recommended,"Does the Child's Father have a food allergy?","1;0",,"1=Yes, 0=No","Father","Charge_familymedhist_father_foodallergy"
cfmh_dad_fdalrgy_cmt,String,100,,Recommended,"Specific food items the Father is allergic to","",,"","Father","Charge_familymedhist_father_foodallergy_cmt"
cfmh_dad_skinalrgy,Integer,0,,Recommended,"Does the Child's Father have a skin allergy?","1;0",,"1=Yes, 0=No","Father","Charge_familymedhist_father_skinallergy"
cfmh_dad_skinalrgy_cmt,String,100,,Recommended,"Specific skin items the Father is allergic to","",,"","Father","Charge_familymedhist_father_skinallergy_cmt"
cfmh_dad_eczema,Integer,0,,Recommended,"Does the Child's Father have Eczema?","1;0",,"1=Yes, 0=No","Father","Charge_familymedhist_father_eczema"
cfmh_dad_envalrgy,Integer,0,,Recommended,"Does the Child's Father have an environmental allergy?","1;0",,"1=Yes, 0=No","Father","Charge_familymedhist_father_envallergy"
cfmh_dad_envalrgy_cmt,String,100,,Recommended,"Specific environmental items the Father is allergic to","",,"","Father","Charge_familymedhist_father_envallergy_cmt"
cfmh_dad_medalrgy,Integer,0,,Recommended,"Does the Child's Father have a medication allergy?","1;0",,"1=Yes, 0=No","Father","Charge_familymedhist_father_medallergy"
cfmh_dad_medalrgy_cmt,String,100,,Recommended,"Specific medication items the Father is allergic to","",,"","Father","Charge_familymedhist_father_medallergy_cmt"
cfmh_dad_othalrgy,Integer,0,,Recommended,"Does the Child's Father have any other allergies?","1;0",,"1=Yes, 0=No","Father","Charge_familymedhist_father_otherallergy"
cfmh_dad_othalrgy_cmt,String,100,,Recommended,"Specific other items the Father is allergic to","",,"","Father","Charge_familymedhist_father_otherallergy_cmt"
cfmh_dad_autism,Integer,0,,Recommended,"Does the Child's Father have Autism?","1;0",,"1=Yes, 0=No","Father","Charge_familymedhist_father_autism"
cfmh_dad_aspergers,Integer,0,,Recommended,"Does the Child's Father have Asperger's Syndrome?","1;0",,"1=Yes, 0=No","Father","Charge_familymedhist_father_aspergers"
cfmh_dad_retts,Integer,0,,Recommended,"Does the Child's Father have Rett's Syndrome?","1;0",,"1=Yes, 0=No","Father","Charge_familymedhist_father_retts"
cfmh_dad_pddnos,Integer,0,,Recommended,"Does the Child's Father have Autism Spectrum Disorder?","1;0",,"1=Yes, 0=No","Father","Charge_familymedhist_father_pddnos"
cfmh_dad_pddnos_cmt,String,100,,Recommended,"Specify type","",,"","Father","Charge_familymedhist_father_pddnos_cmt"
cfmh_dad_spchdelay,Integer,0,,Recommended,"Does (did) the Child's Father have a spch/Language Delay?","1;0",,"1=Yes, 0=No","Father","Charge_familymedhist_father_speechdelay"
cfmh_dad_devdelay,Integer,0,,Recommended,"Does (did) the Child's Father have a Developmental Delay?","1;0",,"1=Yes, 0=No","Father","Charge_familymedhist_father_devdelay"
cfmh_dad_learndis,Integer,0,,Recommended,"Does (did) the Child's Father have a Learning Disability?","1;0",,"1=Yes, 0=No","Father","Charge_familymedhist_father_learndis"
cfmh_dad_seizure,Integer,0,,Recommended,"Does (did) the Child's Father have Seizure Disorder/Epilepsy?","1;0",,"1=Yes, 0=No","Father","Charge_familymedhist_father_seizure"
cfmh_dad_cerpalsy,Integer,0,,Recommended,"Does (did) the Child's Father have Cerebral Palsy?","1;0",,"1=Yes, 0=No","Father","Charge_familymedhist_father_cerpalsy"
cfmh_dad_downssynd,Integer,0,,Recommended,"Does (did) the Child's Father have Down's Syndrome?","1;0",,"1=Yes, 0=No","Father","Charge_familymedhist_father_downssynd"
cfmh_dad_mentalret,Integer,0,,Recommended,"Does (did) the Child's Father have Mental Retardation?","1;0",,"1=Yes, 0=No","Father","Charge_familymedhist_father_mentalret"
cfmh_dad_tuberscl,Integer,0,,Recommended,"Does (did) the Child's Father have Tuberous Sclerosis?","1;0",,"1=Yes, 0=No","Father","Charge_familymedhist_father_tuberscl"
cfmh_dad_fragilex,Integer,0,,Recommended,"Does (did) the Child's Father have Fragile X?","1;0",,"1=Yes, 0=No","Father","Charge_familymedhist_father_fragilex"
cfmh_dad_neuromd,Integer,0,,Recommended,"Does (did) the Child's Father have a Neuromuscular Disorder?","1;0",,"1=Yes, 0=No","Father","Charge_familymedhist_father_neuromuscdis"
cfmh_dad_genedis,Integer,0,,Recommended,"Does (did) the Child's Father have a Genetic Disorder?","1;0",,"1=Yes, 0=No","Father","Charge_familymedhist_father_geneticdis"
cfmh_dad_genedis_cmt,String,100,,Recommended,"Specify Father's Genetic Disorder","",,"","Father","Charge_familymedhist_father_geneticdis_cmt"
cfmh_dad_genedistst,Integer,0,,Recommended,"Was testing done for the Father's Genetic Disorder?","1;0",,"1=Yes, 0=No","Father","Charge_familymedhist_father_geneticdistest"
cfmh_dad_genedistst_cmt,String,100,,Recommended,"Specify tests","",,"","Father","Charge_familymedhist_father_geneticdistest_cmt"
cfmh_dad_visionimp,Integer,0,,Recommended,"Does the Child's Father have a vision impairment?","1;0",,"1=Yes, 0=No","Father","Charge_familymedhist_father_visionimp"
cfmh_dad_visioncor,Integer,0,,Recommended,"Has the father's vision impairment been corrected?","1;0",,"1=Yes, 0=No","Father","Charge_familymedhist_father_visioncor"
cfmh_dad_hearingimp,Integer,0,,Recommended,"Does the Child's Father have a hearing impairment?","1;0",,"1=Yes, 0=No","Father","Charge_familymedhist_father_hearingimp"
cfmh_dad_hearingcor,Integer,0,,Recommended,"Has the father's hearing impairment been corrected?","1;0",,"1=Yes, 0=No","Father","Charge_familymedhist_father_hearingcor"
cfmh_dad_bipolar,Integer,0,,Recommended,"Does (did) the Child's Father have a Bipolar Disorder?","1;0",,"1=Yes, 0=No","Father","Charge_familymedhist_father_bipolar"
cfmh_dad_depression,Integer,0,,Recommended,"Does (did) the Child's Father have Depression?","1;0",,"1=Yes, 0=No","Father","Charge_familymedhist_father_depression"
cfmh_dad_anxiety,Integer,0,,Recommended,"Does (did) the Child's Father have an Anxiety Disorder?","1;0",,"1=Yes, 0=No","Father","Charge_familymedhist_father_anxiety"
cfmh_dad_ocd,Integer,0,,Recommended,"Does (did) the Child's Father have Obsessive Compulsive Disorder?","1;0",,"1=Yes, 0=No","Father","Charge_familymedhist_father_ocd"
cfmh_dad_schizo,Integer,0,,Recommended,"Does (did) the Child's Father have Schizophrenia?","1;0",,"1=Yes, 0=No","Father","Charge_familymedhist_father_schizophrenia"
cfmh_dad_persondis,Integer,0,,Recommended,"Does (did) the Child's Father have a Personality Disorder?","1;0",,"1=Yes, 0=No","Father","Charge_familymedhist_father_persondis"
cfmh_dad_persondis_cmt,String,100,,Recommended,"Specify father's Personality Disorder","",,"","Father","Charge_familymedhist_father_persondis_cmt"
cfmh_dad_selfinj,Integer,0,,Recommended,"Does (did) the Child's Father have Self-Injuring Behavior?","1;0",,"1=Yes, 0=No","Father","Charge_familymedhist_father_selfinj"
cfmh_dad_suicideatt,Integer,0,,Recommended,"Has the Child's Father Attempted Suicide?","1;0",,"1=Yes, 0=No","Father","Charge_familymedhist_father_suicideatt"
cfmh_dad_othpsydis,Integer,0,,Recommended,"Does (did) the Child's Father have a Psychiatric Disorder?","1;0",,"1=Yes, 0=No","Father","Charge_familymedhist_father_otherpsychdis"
cfmh_dad_othpsydis_cmt,String,100,,Recommended,"Specify father's Psychiatric Disorder","",,"","Father","Charge_familymedhist_father_otherpsychdis_cmt"
cfmh_dad_adhd,Integer,0,,Recommended,"Does (did) the Child's Father have Attention Deficit Hyperactivity Disorder (ADHD)?","1;0",,"1=Yes, 0=No","Father","Charge_familymedhist_father_adhd"
cfmh_dad_eatingdis,Integer,0,,Recommended,"Does (did) the Child's Father have an Eating Disorder?","1;0",,"1=Yes, 0=No","Father","Charge_familymedhist_father_eatingdis"
cfmh_dad_eatingdis_cmt,String,100,,Recommended,"Specify father's Eating Disorder","",,"","Father","Charge_familymedhist_father_eatingdis_cmt"
cfmh_dad_sleepdis,Integer,0,,Recommended,"Does (did) the Child's Father have a Sleep Disorder?","1;0",,"1=Yes, 0=No","Father","Charge_familymedhist_father_sleepdis"
cfmh_dad_sleepdis_cmt,String,100,,Recommended,"Specify type of Sleep Disorder the Child's Father has","",,"","Father","Charge_familymedhist_father_sleepdis_cmt"
cfmh_dad_abusevic,Integer,0,,Recommended,"Is the Child's Father a Victim of Abuse?","1;0",,"1=Yes, 0=No","Father","Charge_familymedhist_father_abusevic"
cfmh_dad_subabuse,Integer,0,,Recommended,"Does the Child's Father have a history of Substance Abuse?","1;0",,"1=Yes, 0=No","Father","Charge_familymedhist_father_subabuse"
cfmh_dad_subabuse_cmt,String,100,,Recommended,"Specify father's Substance Abuse Type","",,"","Father","Charge_familymedhist_father_subabuse_cmt"
cfmh_dad_migraine,Integer,0,,Recommended,"Does the Child's Father have Migraine Headaches?","1;0",,"1=Yes, 0=No","Father","Charge_familymedhist_father_migraine"
cfmh_dad_ibs,Integer,0,,Recommended,"Does the Child's Father have Irritable Bowel Syndrome?","1;0",,"1=Yes, 0=No","Father","Charge_familymedhist_father_ibs"
cfmh_dad_othgidis,Integer,0,,Recommended,"Does the Child's Father have any Other Gastrointestinal Disorders?","1;0",,"1=Yes, 0=No","Father","Charge_familymedhist_father_othergidis"
cfmh_dad_cancer,Integer,0,,Recommended,"Does the Child's Father have Cancer?","1;0",,"1=Yes, 0=No","Father","Charge_familymedhist_father_cancer"
cfmh_dad_cancer_cmt,String,100,,Recommended,"Specify father's Cancer type","",,"","Father","Charge_familymedhist_father_cancer_cmt"
cfmh_dad_congendef,Integer,0,,Recommended,"Does the Child's Father have a Congenital Defect?","1;0",,"1=Yes, 0=No","Father","Charge_familymedhist_father_congenitaldef"
cfmh_dad_congendef_cmt,String,100,,Recommended,"Specify father's Congenital Defect type","",,"","Father","Charge_familymedhist_father_congenitaldef_cmt"
cfmh_dad_obesity,Integer,0,,Recommended,"Does the Child's Father have Obesity?","1;0",,"1=Yes, 0=No","Father","Charge_familymedhist_father_obesity"
cfmh_dad_sicklecell,Integer,0,,Recommended,"Does the Child's Father have Sickle Cell Anemia?","1;0",,"1=Yes, 0=No","Father","Charge_familymedhist_father_sicklecell"
cfmh_dad_thyroiddis,Integer,0,,Recommended,"Does the Child's Father have Thyroid Disease?","1;0",,"1=Yes, 0=No","Father","Charge_familymedhist_father_thyroiddis"
cfmh_dad_othcond1,Integer,0,,Recommended,"Did the father have Other condition-1","1;0",,"1=Yes, 0=No","Father","Charge_familymedhist_father_othercond1"
cfmh_dad_othcond2,Integer,0,,Recommended,"Did the father have Other condition-2","1;0",,"1=Yes, 0=No","Father","Charge_familymedhist_father_othercond2"
cfmh_dad_othcond3,Integer,0,,Recommended,"Did the father have Other condition-3","1;0",,"1=Yes, 0=No","Father","Charge_familymedhist_father_othercond3"
cfmh_dad_othcond4,Integer,0,,Recommended,"Did the father have Other condition-4","1;0",,"1=Yes, 0=No","Father","Charge_familymedhist_father_othercond4"
cfmh_othr_fdalrgy,Integer,0,,Recommended,"Food Allergy","1;0",,"1=Yes, 0=No","Other Members","Charge_familymedhist_othmem_foodallergy"
cfmh_othr_fdalrgy_cmt,String,100,,Recommended,"Specific Type","",,"","Other Members","Charge_familymedhist_othmem_foodallergy_cmt"
cfmh_othr_fdalrgy_type,String,100,,Recommended,"List other relatives of the child (Siblings, Aunts, Uncles, Grandparents) that have a food allergy","",,"","Other Members","Charge_familymedhist_othmem_foodallergy_type"
cfmh_othr_skinalrgy,Integer,0,,Recommended,"Skin Allergy","1;0",,"1=Yes, 0=No","Other Members","Charge_familymedhist_othmem_skinallergy"
cfmh_othr_skinalrgy_cmt,String,100,,Recommended,"Specific Type","",,"","Other Members","Charge_familymedhist_othmem_skinallergy_cmt"
cfmh_othr_skinalrgy_type,String,100,,Recommended,"List other relatives of the child (Siblings, Aunts, Uncles, Grandparents) that have a skin allergy","",,"","Other Members","Charge_familymedhist_othmem_skinallergy_type"
cfmh_othr_eczema,Integer,0,,Recommended,"Eczema","1;0",,"1=Yes, 0=No","Other Members","Charge_familymedhist_othmem_eczema"
cfmh_othr_eczema_type,String,100,,Recommended,"List other relatives of the child (Siblings, Aunts, Uncles, Grandparents) that have eczema","",,"","Other Members","Charge_familymedhist_othmem_eczema_type"
cfmh_othr_envalrgy,Integer,0,,Recommended,"Environmental","1;0",,"1=Yes, 0=No","Other Members","Charge_familymedhist_othmem_envallergy"
cfmh_othr_envalrgy_cmt,String,100,,Recommended,"Specific Type","",,"","Other Members","Charge_familymedhist_othmem_envallergy_cmt"
cfmh_othr_envalrgy_type,String,100,,Recommended,"List other relatives of the child (Siblings, Aunts, Uncles, Grandparents) that have an environmental allergy","",,"","Other Members","Charge_familymedhist_othmem_envallergy_type"
cfmh_othr_medalrgy,Integer,0,,Recommended,"Medication","1;0",,"1=Yes, 0=No","Other Members","Charge_familymedhist_othmem_medallergy"
cfmh_othr_medalrgy_cmt,String,100,,Recommended,"Specific Type","",,"","Other Members","Charge_familymedhist_othmem_medallergy_cmt"
cfmh_othr_medalrgy_type,String,100,,Recommended,"List other relatives of the child (Siblings, Aunts, Uncles, Grandparents) that have a medication allergy","",,"","Other Members","Charge_familymedhist_othmem_medallergy_type"
cfmh_othr_othalrgy,Integer,0,,Recommended,"Other","1;0",,"1=Yes, 0=No","Other Members","Charge_familymedhist_othmem_otherallergy"
cfmh_othr_othalrgy_cmt,String,100,,Recommended,"Specific Type","",,"","Other Members","Charge_familymedhist_othmem_otherallergy_cmt"
cfmh_othr_othalrgy_type,String,100,,Recommended,"List other relatives of the child (Siblings, Aunts, Uncles, Grandparents) that have an other allergy","",,"","Other Members","Charge_familymedhist_othmem_otherallergy_type"
cfmh_othr_autism,Integer,0,,Recommended,"Autism","1;0",,"1=Yes, 0=No","Other Members","Charge_familymedhist_othmem_autism"
cfmh_othr_autism_type,String,100,,Recommended,"If yes, Indicate Family Member code","",,"","Other Members","Charge_familymedhist_othmem_autism_type"
cfmh_othr_aspergers,Integer,0,,Recommended,"Asperger's Syndrome","1;0",,"1=Yes, 0=No","Other Members","Charge_familymedhist_othmem_aspergers"
cfmh_othr_aspergers_type,String,100,,Recommended,"If yes, Indicate Family Member code","",,"","Other Members","Charge_familymedhist_othmem_aspergers_type"
cfmh_othr_retts,Integer,0,,Recommended,"Rett's Syndrome","1;0",,"1=Yes, 0=No","Other Members","Charge_familymedhist_othmem_retts"
cfmh_othr_retts_type,String,100,,Recommended,"If yes, Indicate Family Member code","",,"","Other Members","Charge_familymedhist_othmem_retts_type"
cfmh_othr_pddnos,Integer,0,,Recommended,"Autism Spectrum Disorder","1;0",,"1=Yes, 0=No","Other Members","Charge_familymedhist_othmem_pddnos"
cfmh_othr_pddnos_cmt,String,100,,Recommended,"Specify Type","",,"","Other Members","Charge_familymedhist_othmem_pddnos_cmt"
cfmh_othr_pddnos_type,String,100,,Recommended,"If yes, Indicate Family Member code","",,"","Other Members","Charge_familymedhist_othmem_pddnos_type"
cfmh_othr_spchdelay,Integer,0,,Recommended,"spch/Language Delay","1;0",,"1=Yes, 0=No","Other Members","Charge_familymedhist_othmem_speechdelay"
cfmh_othr_spchdelay_type,String,100,,Recommended,"If yes, Indicate Family Member code","",,"","Other Members","Charge_familymedhist_othmem_speechdelay_type"
cfmh_othr_devdelay,Integer,0,,Recommended,"Developmental Delay","1;0",,"1=Yes, 0=No","Other Members","Charge_familymedhist_othmem_devdelay"
cfmh_othr_devdelay_type,String,100,,Recommended,"If yes, Indicate Family Member code","",,"","Other Members","Charge_familymedhist_othmem_devdelay_type"
cfmh_othr_learndis,Integer,0,,Recommended,"Learning Disability","1;0",,"1=Yes, 0=No","Other Members","Charge_familymedhist_othmem_learndis"
cfmh_othr_learndis_type,String,100,,Recommended,"If yes, Indicate Family Member code","",,"","Other Members","Charge_familymedhist_othmem_learndis_type"
cfmh_othr_seizure,Integer,0,,Recommended,"Seizure disorder/Epilepsy","1;0",,"1=Yes, 0=No","Other Members","Charge_familymedhist_othmem_seizure"
cfmh_othr_seizure_type,String,100,,Recommended,"If yes, Indicate Family Member code","",,"","Other Members","Charge_familymedhist_othmem_seizure_type"
cfmh_othr_cerpalsy,Integer,0,,Recommended,"Cerebral Palsy","1;0",,"1=Yes, 0=No","Other Members","Charge_familymedhist_othmem_cerpalsy"
cfmh_othr_cerpalsy_type,String,100,,Recommended,"If yes, Indicate Family Member code","",,"","Other Members","Charge_familymedhist_othmem_cerpalsy_type"
cfmh_othr_downssynd,Integer,0,,Recommended,"Down's Syndrome","1;0",,"1=Yes, 0=No","Other Members","Charge_familymedhist_othmem_downssynd"
cfmh_othr_downssynd_type,String,100,,Recommended,"If yes, Indicate Family Member code","",,"","Other Members","Charge_familymedhist_othmem_downssynd_type"
cfmh_othr_mentalret,Integer,0,,Recommended,"Mental Retardation","1;0",,"1=Yes, 0=No","Other Members","Charge_familymedhist_othmem_mentalret"
cfmh_othr_mentalret_type,String,100,,Recommended,"If yes, Indicate Family Member code","",,"","Other Members","Charge_familymedhist_othmem_mentalret_type"
cfmh_othr_tuberscl,Integer,0,,Recommended,"Tuberous Sclerosis","1;0",,"1=Yes, 0=No","Other Members","Charge_familymedhist_othmem_tuberscl"
cfmh_othr_tuberscl_type,String,100,,Recommended,"If yes, Indicate Family Member code","",,"","Other Members","Charge_familymedhist_othmem_tuberscl_type"
cfmh_othr_fragilex,Integer,0,,Recommended,"Fragile X","1;0",,"1=Yes, 0=No","Other Members","Charge_familymedhist_othmem_fragilex"
cfmh_othr_fragilex_type,String,100,,Recommended,"If yes, Indicate Family Member code","",,"","Other Members","Charge_familymedhist_othmem_fragilex_type"
cfmh_othr_neuromd,Integer,0,,Recommended,"Neuromuscular disorder","1;0",,"1=Yes, 0=No","Other Members","Charge_familymedhist_othmem_neuromuscdis"
cfmh_othr_neuromd_type,String,100,,Recommended,"If yes, Indicate Family Member code","",,"","Other Members","Charge_familymedhist_othmem_neuromuscdis_type"
cfmh_othr_genedis,Integer,0,,Recommended,"Known Genetic Disorder","1;0",,"1=Yes, 0=No","Other Members","Charge_familymedhist_othmem_geneticdis"
cfmh_othr_genedis_cmt,String,100,,Recommended,"Specify Type:","",,"","Other Members","Charge_familymedhist_othmem_geneticdis_cmt"
cfmh_othr_genedis_type,String,100,,Recommended,"If yes, Indicate Family Member code","",,"","Other Members","Charge_familymedhist_othmem_geneticdis_type"
cfmh_othr_genedistst,Integer,0,,Recommended,"Testing Done","1;0",,"1=Yes, 0=No","Other Members","Charge_familymedhist_othmem_geneticdistest"
cfmh_othr_genedistst_cmt,String,100,,Recommended,"Specify Type:","",,"","Other Members","Charge_familymedhist_othmem_geneticdistest_cmt"
cfmh_othr_genedistst_type,String,100,,Recommended,"If yes, Indicate Family Member code","",,"","Other Members","Charge_familymedhist_othmem_geneticdistest_type"
cfmh_othr_visionimp,Integer,0,,Recommended,"Vision impairment","1;0",,"1=Yes, 0=No","Other Members","Charge_familymedhist_othmem_visionimp"
cfmh_othr_visionimp_type,String,100,,Recommended,"If yes, Indicate Family Member code","",,"","Other Members","Charge_familymedhist_othmem_visionimp_type"
cfmh_othr_visioncor,Integer,0,,Recommended,"Vision corrected?","1;0",,"1=Yes, 0=No","Other Members","Charge_familymedhist_othmem_visioncor"
cfmh_othr_visioncor_type,String,100,,Recommended,"If yes, Indicate Family Member code","",,"","Other Members","Charge_familymedhist_othmem_visioncor_type"
cfmh_othr_hearingimp,Integer,0,,Recommended,"Hearing impairment","1;0",,"1=Yes, 0=No","Other Members","Charge_familymedhist_othmem_hearingimp"
cfmh_othr_hearingimp_type,String,100,,Recommended,"If yes, Indicate Family Member code","",,"","Other Members","Charge_familymedhist_othmem_hearingimp_type"
cfmh_othr_hearingcor,Integer,0,,Recommended,"Hearing corrected?","1;0",,"1=Yes, 0=No","Other Members","Charge_familymedhist_othmem_hearingcor"
cfmh_othr_hearingcor_type,String,100,,Recommended,"If yes, Indicate Family Member code","",,"","Other Members","Charge_familymedhist_othmem_hearingcor_type"
cfmh_othr_bipolar,Integer,0,,Recommended,"Bipolar disorder (Manic/depression)","1;0",,"1=Yes, 0=No","Other Members","Charge_familymedhist_othmem_bipolar"
cfmh_othr_bipolar_type,String,100,,Recommended,"If yes, Indicate Family Member code","",,"","Other Members","Charge_familymedhist_othmem_bipolar_type"
cfmh_othr_depression,Integer,0,,Recommended,"Depression","1;0",,"1=Yes, 0=No","Other Members","Charge_familymedhist_othmem_depression"
cfmh_othr_depression_type,String,100,,Recommended,"If yes, Indicate Family Member code","",,"","Other Members","Charge_familymedhist_othmem_depression_type"
cfmh_othr_anxiety,Integer,0,,Recommended,"Anxiety disorder","1;0",,"1=Yes, 0=No","Other Members","Charge_familymedhist_othmem_anxiety"
cfmh_othr_anxiety_type,String,100,,Recommended,"If yes, Indicate Family Member code","",,"","Other Members","Charge_familymedhist_othmem_anxiety_type"
cfmh_othr_ocd,Integer,0,,Recommended,"Obsessive compulsive disorder","1;0",,"1=Yes, 0=No","Other Members","Charge_familymedhist_othmem_ocd"
cfmh_othr_ocd_type,String,100,,Recommended,"If yes, Indicate Family Member code","",,"","Other Members","Charge_familymedhist_othmem_ocd_type"
cfmh_othr_schizo,Integer,0,,Recommended,"Schizophrenia","1;0",,"1=Yes, 0=No","Other Members","Charge_familymedhist_othmem_schizophrenia"
cfmh_othr_schizo_type,String,100,,Recommended,"If yes, Indicate Family Member code","",,"","Other Members","Charge_familymedhist_othmem_schizophrenia_type"
cfmh_othr_persondis,Integer,0,,Recommended,"Personality disorder","1;0",,"1=Yes, 0=No","Other Members","Charge_familymedhist_othmem_persondis"
cfmh_othr_persondis_cmt,String,100,,Recommended,"Specify Type:","",,"","Other Members","Charge_familymedhist_othmem_persondis_cmt"
cfmh_othr_persondis_type,String,100,,Recommended,"If yes, Indicate Family Member code","",,"","Other Members","Charge_familymedhist_othmem_persondis_type"
cfmh_othr_selfinj,Integer,0,,Recommended,"Self-injuring behavior","1;0",,"1=Yes, 0=No","Other Members","Charge_familymedhist_othmem_selfinj"
cfmh_othr_selfinj_type,String,100,,Recommended,"If yes, Indicate Family Member code","",,"","Other Members","Charge_familymedhist_othmem_selfinj_type"
cfmh_othr_suicideatt,Integer,0,,Recommended,"Suicide attempt/suicide","1;0",,"1=Yes, 0=No","Other Members","Charge_familymedhist_othmem_suicideatt"
cfmh_othr_suicideatt_type,String,100,,Recommended,"If yes, Indicate Family Member code","",,"","Other Members","Charge_familymedhist_othmem_suicideatt_type"
cfmh_othr_othpsydis,Integer,0,,Recommended,"Other psychiatric disorder","1;0",,"1=Yes, 0=No","Other Members","Charge_familymedhist_othmem_otherpsychdis"
cfmh_othr_othpsydis_cmt,String,100,,Recommended,"Specify Type:","",,"","Other Members","Charge_familymedhist_othmem_otherpsychdis_cmt"
cfmh_othr_othpsydis_type,String,100,,Recommended,"If yes, Indicate Family Member code","",,"","Other Members","Charge_familymedhist_othmem_otherpsychdis_type"
cfmh_othr_adhd,Integer,0,,Recommended,"Attention deficit hyperactivity disorder (ADHD)","1;0",,"1=Yes, 0=No","Other Members","Charge_familymedhist_othmem_adhd"
cfmh_othr_adhd_type,String,100,,Recommended,"If yes, Indicate Family Member code","",,"","Other Members","Charge_familymedhist_othmem_adhd_type"
cfmh_othr_eatingdis,Integer,0,,Recommended,"Eating disorder. Bulimia, Anorexia","1;0",,"1=Yes, 0=No","Other Members","Charge_familymedhist_othmem_eatingdis"
cfmh_othr_eatingdis_cmt,String,100,,Recommended,"Specify Type:","",,"","Other Members","Charge_familymedhist_othmem_eatingdis_cmt"
cfmh_othr_eatingdis_type,String,100,,Recommended,"If yes, Indicate Family Member code","",,"","Other Members","Charge_familymedhist_othmem_eatingdis_type"
cfmh_othr_sleepdis,Integer,0,,Recommended,"Sleep disorder. Insomnia, Narcolepsy","1;0",,"1=Yes, 0=No","Other Members","Charge_familymedhist_othmem_sleepdis"
cfmh_othr_sleepdis_cmt,String,100,,Recommended,"Specify Type:","",,"","Other Members","Charge_familymedhist_othmem_sleepdis_cmt"
cfmh_othr_sleepdis_type,String,100,,Recommended,"If yes, Indicate Family Member code","",,"","Other Members","Charge_familymedhist_othmem_sleepdis_type"
cfmh_othr_abusevic,Integer,0,,Recommended,"Victim of abuse","1;0",,"1=Yes, 0=No","Other Members","Charge_familymedhist_othmem_abusevic"
cfmh_othr_abusevic_type,String,100,,Recommended,"If yes, Indicate Family Member code","",,"","Other Members","Charge_familymedhist_othmem_abusevic_type"
cfmh_othr_subabuse,Integer,0,,Recommended,"Substance abuse","1;0",,"1=Yes, 0=No","Other Members","Charge_familymedhist_othmem_subabuse"
cfmh_othr_subabuse_cmt,String,100,,Recommended,"Specify Type:","",,"","Other Members","Charge_familymedhist_othmem_subabuse_cmt"
cfmh_othr_subabuse_type,String,100,,Recommended,"If yes, Indicate Family Member code","",,"","Other Members","Charge_familymedhist_othmem_subabuse_type"
cfmh_othr_migraine,Integer,0,,Recommended,"Migraine headaches","1;0",,"1=Yes, 0=No","Other Members","Charge_familymedhist_othmem_migraine"
cfmh_othr_migraine_type,String,100,,Recommended,"If yes, Indicate Family Member code","",,"","Other Members","Charge_familymedhist_othmem_migraine_type"
cfmh_othr_ibs,Integer,0,,Recommended,"Irritable bowel syndrome","1;0",,"1=Yes, 0=No","Other Members","Charge_familymedhist_othmem_ibs"
cfmh_othr_ibstype,String,100,,Recommended,"If yes, Indicate Family Member code","",,"","Other Members","Charge_familymedhist_othmem_ibstype"
cfmh_othr_othgidis,Integer,0,,Recommended,"Other Gastrointestinal disorders","1;0",,"1=Yes, 0=No","Other Members","Charge_familymedhist_othmem_othergidis"
cfmh_othr_othgidis_type,String,100,,Recommended,"If yes, Indicate Family Member code","",,"","Other Members","Charge_familymedhist_othmem_othergidis_type"
cfmh_othr_cancer,Integer,0,,Recommended,"Cancer","1;0",,"1=Yes, 0=No","Other Members","Charge_familymedhist_othmem_cancer"
cfmh_othr_cancer_cmt,String,100,,Recommended,"Cancer. Specify Type","",,"","Other Members","Charge_familymedhist_othmem_cancer_cmt"
cfmh_othr_cancer_type,String,100,,Recommended,"If yes, Indicate Family Member code","",,"","Other Members","Charge_familymedhist_othmem_cancer_type"
cfmh_othr_congendef,Integer,0,,Recommended,"Congenital Defect (Cleft palate, Cleft lip)","1;0",,"1=Yes, 0=No","Other Members","Charge_familymedhist_othmem_congenitaldef"
cfmh_othr_congendef_cmt,String,100,,Recommended,"Congenital Defect :Other","",,"","Other Members","Charge_familymedhist_othmem_congenitaldef_cmt"
cfmh_othr_congendef_type,String,100,,Recommended,"If yes, Indicate Family Member code","",,"","Other Members","Charge_familymedhist_othmem_congenitaldef_type"
cfmh_othr_obesity,Integer,0,,Recommended,"Obesity","1;0",,"1=Yes, 0=No","Other Members","Charge_familymedhist_othmem_obesity"
cfmh_othr_obesity_type,String,100,,Recommended,"If yes, Indicate Family Member code","",,"","Other Members","Charge_familymedhist_othmem_obesity_type"
cfmh_othr_sicklecell,Integer,0,,Recommended,"Sickle cell anemia","1;0",,"1=Yes, 0=No","Other Members","Charge_familymedhist_othmem_sicklecell"
cfmh_othr_sicklecell_type,String,100,,Recommended,"If yes, Indicate Family Member code","",,"","Other Members","Charge_familymedhist_othmem_sicklecell_type"
cfmh_othr_thyroiddis,Integer,0,,Recommended,"Thyroid Disease","1;0",,"1=Yes, 0=No","Other Members","Charge_familymedhist_othmem_thyroiddis"
cfmh_othr_thyroiddis_type,String,100,,Recommended,"If yes, Indicate Family Member code","",,"","Other Members","Charge_familymedhist_othmem_thyroiddis_type"
cfmh_othr_othcond1,Integer,0,,Recommended,"Did the relatives have Other condition-1","1;0",,"1=Yes, 0=No","Other Members","Charge_familymedhist_othmem_othercond1"
cfmh_othr_othcondlist1,String,100,,Recommended,"List relatives having Other condition -1","",,"","Other Members","Charge_familymedhist_othmem_othercondlist1"
cfmh_othr_othcond2,Integer,0,,Recommended,"Did the relatives have Other condition-2","1;0",,"1=Yes, 0=No","Other Members","Charge_familymedhist_othmem_othercond2"
cfmh_othr_othcondlist2,String,100,,Recommended,"List relatives having Other condition -2","",,"","Other Members","Charge_familymedhist_othmem_othercondlist2"
cfmh_othr_othcond3,Integer,0,,Recommended,"Did the relatives have Other condition-3","1;0",,"1=Yes, 0=No","Other Members","Charge_familymedhist_othmem_othercond3"
cfmh_othr_othcondlist3,String,100,,Recommended,"List relatives having Other condition -3","",,"","Other Members","Charge_familymedhist_othmem_othercondlist3"
cfmh_othr_othcond4,Integer,0,,Recommended,"Did the relatives have Other condition-4","1;0",,"1=Yes, 0=No","Other Members","Charge_familymedhist_othmem_othercond4"
cfmh_othr_othcondlist4,String,100,,Recommended,"List relatives having Other condition -4","",,"","Other Members","Charge_familymedhist_othmem_othercondlist4"
cfmh_fmw_chd_sis1,Integer,0,,Recommended,"S1 - half","1;2",,"1=Paternal, 2=Maternal","Family Member Worksheet","Charge_familymedhist_fmw_child_sis1"
cfmh_fmw_chd_sis2,Integer,0,,Recommended,"S2 - half","1;2",,"1=Paternal, 2=Maternal","Family Member Worksheet","Charge_familymedhist_fmw_child_sis2"
cfmh_fmw_chd_sis3,Integer,0,,Recommended,"S3 - half","1;2",,"1=Paternal, 2=Maternal","Family Member Worksheet","Charge_familymedhist_fmw_child_sis3"
cfmh_fmw_chd_sis4,Integer,0,,Recommended,"S4 - half","1;2",,"1=Paternal, 2=Maternal","Family Member Worksheet","Charge_familymedhist_fmw_child_sis4"
cfmh_fmw_chd_sis5,Integer,0,,Recommended,"S5 - half","1;2",,"1=Paternal, 2=Maternal","Family Member Worksheet","Charge_familymedhist_fmw_child_sis5"
cfmh_fmw_chd_sis6,Integer,0,,Recommended,"S6 - half","1;2",,"1=Paternal, 2=Maternal","Family Member Worksheet","Charge_familymedhist_fmw_child_sis6"
cfmh_fmw_chd_sis7,Integer,0,,Recommended,"S7 - half","1;2",,"1=Paternal, 2=Maternal","Family Member Worksheet","Charge_familymedhist_fmw_child_sis7"
cfmh_fmw_chd_bro1,Integer,0,,Recommended,"B1 - half","1;2",,"1=Paternal, 2=Maternal","Family Member Worksheet","Charge_familymedhist_fmw_child_bro1"
cfmh_fmw_chd_bro2,Integer,0,,Recommended,"B2 - half","1;2",,"1=Paternal, 2=Maternal","Family Member Worksheet","Charge_familymedhist_fmw_child_bro2"
cfmh_fmw_chd_bro3,Integer,0,,Recommended,"B3 - half","1;2",,"1=Paternal, 2=Maternal","Family Member Worksheet","Charge_familymedhist_fmw_child_bro3"
cfmh_fmw_chd_bro4,Integer,0,,Recommended,"B4 - half","1;2",,"1=Paternal, 2=Maternal","Family Member Worksheet","Charge_familymedhist_fmw_child_bro4"
cfmh_fmw_chd_bro5,Integer,0,,Recommended,"B5 - half","1;2",,"1=Paternal, 2=Maternal","Family Member Worksheet","Charge_familymedhist_fmw_child_bro5"
cfmh_fmw_chd_bro6,Integer,0,,Recommended,"B6 - half","1;2",,"1=Paternal, 2=Maternal","Family Member Worksheet","Charge_familymedhist_fmw_child_bro6"
cfmh_fmw_chd_bro7,Integer,0,,Recommended,"B7 - half","1;2",,"1=Paternal, 2=Maternal","Family Member Worksheet","Charge_familymedhist_fmw_child_bro7"
cfmh_fmw_chd_ma1,Integer,0,,Recommended,"MA1 - half","1;2",,"1=Paternal, 2=Maternal","Family Member Worksheet","Charge_familymedhist_fmw_child_MA1"
cfmh_fmw_chd_ma2,Integer,0,,Recommended,"MA2 - half","1;2",,"1=Paternal, 2=Maternal","Family Member Worksheet","Charge_familymedhist_fmw_child_MA2"
cfmh_fmw_chd_ma3,Integer,0,,Recommended,"MA3 - half","1;2",,"1=Paternal, 2=Maternal","Family Member Worksheet","Charge_familymedhist_fmw_child_MA3"
cfmh_fmw_chd_ma4,Integer,0,,Recommended,"MA4 - half","1;2",,"1=Paternal, 2=Maternal","Family Member Worksheet","Charge_familymedhist_fmw_child_MA4"
cfmh_fmw_chd_ma5,Integer,0,,Recommended,"MA5 - half","1;2",,"1=Paternal, 2=Maternal","Family Member Worksheet","Charge_familymedhist_fmw_child_MA5"
cfmh_fmw_chd_ma6,Integer,0,,Recommended,"MA6 - half","1;2",,"1=Paternal, 2=Maternal","Family Member Worksheet","Charge_familymedhist_fmw_child_MA6"
cfmh_fmw_chd_ma7,Integer,0,,Recommended,"MA7 - half","1;2",,"1=Paternal, 2=Maternal","Family Member Worksheet","Charge_familymedhist_fmw_child_MA7"
cfmh_fmw_chd_mu1,Integer,0,,Recommended,"MU1 - half","1;2",,"1=Paternal, 2=Maternal","Family Member Worksheet","Charge_familymedhist_fmw_child_MU1"
cfmh_fmw_chd_mu2,Integer,0,,Recommended,"MU2 - half","1;2",,"1=Paternal, 2=Maternal","Family Member Worksheet","Charge_familymedhist_fmw_child_MU2"
cfmh_fmw_chd_mu3,Integer,0,,Recommended,"MU3 - half","1;2",,"1=Paternal, 2=Maternal","Family Member Worksheet","Charge_familymedhist_fmw_child_MU3"
cfmh_fmw_chd_mu4,Integer,0,,Recommended,"MU4 - half","1;2",,"1=Paternal, 2=Maternal","Family Member Worksheet","Charge_familymedhist_fmw_child_MU4"
cfmh_fmw_chd_mu5,Integer,0,,Recommended,"MU5 - half","1;2",,"1=Paternal, 2=Maternal","Family Member Worksheet","Charge_familymedhist_fmw_child_MU5"
cfmh_fmw_chd_mu6,Integer,0,,Recommended,"MU6 - half","1;2",,"1=Paternal, 2=Maternal","Family Member Worksheet","Charge_familymedhist_fmw_child_MU6"
cfmh_fmw_chd_mu7,Integer,0,,Recommended,"MU7 - half","1;2",,"1=Paternal, 2=Maternal","Family Member Worksheet","Charge_familymedhist_fmw_child_MU7"
cfmh_fmw_chd_pa1,Integer,0,,Recommended,"PA1 - half","1;2",,"1=Paternal, 2=Maternal","Family Member Worksheet","Charge_familymedhist_fmw_child_PA1"
cfmh_fmw_chd_pa2,Integer,0,,Recommended,"PA2 - half","1;2",,"1=Paternal, 2=Maternal","Family Member Worksheet","Charge_familymedhist_fmw_child_PA2"
cfmh_fmw_chd_pa3,Integer,0,,Recommended,"PA3 - half","1;2",,"1=Paternal, 2=Maternal","Family Member Worksheet","Charge_familymedhist_fmw_child_PA3"
cfmh_fmw_chd_pa4,Integer,0,,Recommended,"PA4 - half","1;2",,"1=Paternal, 2=Maternal","Family Member Worksheet","Charge_familymedhist_fmw_child_PA4"
cfmh_fmw_chd_pa5,Integer,0,,Recommended,"PA5 - half","1;2",,"1=Paternal, 2=Maternal","Family Member Worksheet","Charge_familymedhist_fmw_child_PA5"
cfmh_fmw_chd_pa6,Integer,0,,Recommended,"PA6 - half","1;2",,"1=Paternal, 2=Maternal","Family Member Worksheet","Charge_familymedhist_fmw_child_PA6"
cfmh_fmw_chd_pa7,Integer,0,,Recommended,"PA7 - half","1;2",,"1=Paternal, 2=Maternal","Family Member Worksheet","Charge_familymedhist_fmw_child_PA7"
cfmh_fmw_chd_pu1,Integer,0,,Recommended,"PU1 - half","1;2",,"1=Paternal, 2=Maternal","Family Member Worksheet","Charge_familymedhist_fmw_child_PU1"
cfmh_fmw_chd_pu2,Integer,0,,Recommended,"PU2 - half","1;2",,"1=Paternal, 2=Maternal","Family Member Worksheet","Charge_familymedhist_fmw_child_PU2"
cfmh_fmw_chd_pu3,Integer,0,,Recommended,"PU3 - half","1;2",,"1=Paternal, 2=Maternal","Family Member Worksheet","Charge_familymedhist_fmw_child_PU3"
cfmh_fmw_chd_pu4,Integer,0,,Recommended,"PU4 - half","1;2",,"1=Paternal, 2=Maternal","Family Member Worksheet","Charge_familymedhist_fmw_child_PU4"
cfmh_fmw_chd_pu5,Integer,0,,Recommended,"PU5 - half","1;2",,"1=Paternal, 2=Maternal","Family Member Worksheet","Charge_familymedhist_fmw_child_PU5"
cfmh_fmw_chd_pu6,Integer,0,,Recommended,"PU6 - half","1;2",,"1=Paternal, 2=Maternal","Family Member Worksheet","Charge_familymedhist_fmw_child_PU6"
cfmh_fmw_chd_pu7,Integer,0,,Recommended,"PU7 - half","1;2",,"1=Paternal, 2=Maternal","Family Member Worksheet","Charge_familymedhist_fmw_child_PU7"
cfmh_oth_condname1_mom,String,100,,Recommended,"Name Other Condition - 1","",,"","Mother","Charge_familymedhist_other_condname1_mother"
cfmh_oth_condname2_mom,String,100,,Recommended,"Name Other Condition - 2","",,"","Mother","Charge_familymedhist_other_condname2_mother"
cfmh_oth_condname3_mom,String,100,,Recommended,"Name Other Condition - 3","",,"","Mother","Charge_familymedhist_other_condname3_mother"
cfmh_oth_condname4_mom,String,100,,Recommended,"Name Other Condition - 4","",,"","Mother","Charge_familymedhist_other_condname4_mother"
cfmh_oth_condname1_dad,String,100,,Recommended,"Name Other Condition - 1","",,"","Father","Charge_familymedhist_other_condname1_father"
cfmh_oth_condname2_dad,String,100,,Recommended,"Name Other Condition - 2","",,"","Father","Charge_familymedhist_other_condname2_father"
cfmh_oth_condname3_dad,String,100,,Recommended,"Name Other Condition - 3","",,"","Father","Charge_familymedhist_other_condname3_father"
cfmh_oth_condname4_dad,String,100,,Recommended,"Name Other Condition - 4","",,"","Father","Charge_familymedhist_other_condname4_father"
cfmh_oth_condname1_othr,String,100,,Recommended,"Name Other Condition - 1","",,"","Other Members","Charge_familymedhist_other_condname1_othmem"
cfmh_oth_condname2_othr,String,100,,Recommended,"Name Other Condition - 2","",,"","Other Members","Charge_familymedhist_other_condname2_othmem"
cfmh_oth_condname3_othr,String,100,,Recommended,"Name Other Condition - 3","",,"","Other Members","Charge_familymedhist_other_condname3_othmem"
cfmh_oth_condname4_othr,String,100,,Recommended,"Name Other Condition - 4","",,"","Other Members","Charge_familymedhist_other_condname4_othmem"
cfmh_comments_misc,String,100,,Recommended,"Misc. comments on study, interview, etc.","",,"","Header","Charge_familymedhist_comments_misc"
cfmh_chd_fdalrgy,Integer,0,,Recommended,"Does the Child have a food allergy?","1;0",,"1=Yes, 0=No","Child","Charge_familymedhist_child_foodallergy"
cfmh_chd_fdalrgy_cmt,String,100,,Recommended,"Specific food items the Child is allergic to","",,"","Child","Charge_familymedhist_child_foodallergy_cmt"
cfmh_chd_skinalrgy,Integer,0,,Recommended,"Does the Child have a skin allergy?","1;0",,"1=Yes, 0=No","Child","Charge_familymedhist_child_skinallergy"
cfmh_chd_alrgy_skinalrgy_cmt,String,100,,Recommended,"Specific skin items the Child is allergic to","",,"","Child","Charge_familymedhist_child_allergy_skinallergy_cmt"
cfmh_chd_eczema,Integer,0,,Recommended,"Does the Child have Eczema?","1;0",,"1=Yes, 0=No","Child","Charge_familymedhist_child_eczema"
cfmh_chd_envalrgy,Integer,0,,Recommended,"Does the Child have an environmental allergy?","1;0",,"1=Yes, 0=No","Child","Charge_familymedhist_child_envallergy"
cfmh_chd_envalrgy_cmt,String,100,,Recommended,"Specific environmental items the Child is allergic to","",,"","Child","Charge_familymedhist_child_envallergy_cmt"
cfmh_chd_medalrgy,Integer,0,,Recommended,"Does the Child have a medication allergy?","1;0",,"1=Yes, 0=No","Child","Charge_familymedhist_child_medallergy"
cfmh_chd_medalrgy_cmt,String,100,,Recommended,"Specific medication items the Child is allergic to","",,"","Child","Charge_familymedhist_child_medallergy_cmt"
cfmh_chd_othalrgy,Integer,0,,Recommended,"Does the Child have any other allergies?","1;0",,"1=Yes, 0=No","Child","Charge_familymedhist_child_otherallergy"
cfmh_chd_othalrgy_cmt,String,100,,Recommended,"Specific other items the Child is allergic to","",,"","Child","Charge_familymedhist_child_otherallergy_cmt"
cfmh_chd_autism,Integer,0,,Recommended,"Does the Child have Autism?","1;0",,"1=Yes, 0=No","Child","Charge_familymedhist_child_autism"
cfmh_chd_aspergers,Integer,0,,Recommended,"Does the Child have Asperger's Syndrome?","1;0",,"1=Yes, 0=No","Child","Charge_familymedhist_child_aspergers"
cfmh_chd_retts,Integer,0,,Recommended,"Does the Child have Rett's Syndrome?","1;0",,"1=Yes, 0=No","Child","Charge_familymedhist_child_retts"
cfmh_chd_pddnos,Integer,0,,Recommended,"Does the child have Autism Spectrum Disorder?","1;0",,"1=Yes, 0=No","Child","Charge_familymedhist_child_pddnos"
cfmh_chd_pddnos_cmt,String,100,,Recommended,"Specify type","",,"","Child","Charge_familymedhist_child_pddnos_cmt"
cfmh_chd_spchdelay,Integer,0,,Recommended,"Does (did) the Child have a spch/Language Delay?","1;0",,"1=Yes, 0=No","Child","Charge_familymedhist_child_speechdelay"
cfmh_chd_devdelay,Integer,0,,Recommended,"Does (did) the Child have a Developmental Delay?","1;0",,"1=Yes, 0=No","Child","Charge_familymedhist_child_devdelay"
cfmh_chd_learndis,Integer,0,,Recommended,"Does (did) the Child have a Learning Disability?","1;0",,"1=Yes, 0=No","Child","Charge_familymedhist_child_learndis"
cfmh_chd_seizure,Integer,0,,Recommended,"Does (did) the Child have Seizure Disorder/Epilepsy?","1;0",,"1=Yes, 0=No","Child","Charge_familymedhist_child_seizure"
cfmh_chd_cerpalsy,Integer,0,,Recommended,"Does (did) the Child have Cerebral Palsy?","1;0",,"1=Yes, 0=No","Child","Charge_familymedhist_child_cerpalsy"
cfmh_chd_downssynd,Integer,0,,Recommended,"Does (did) the Child have Down's Syndrome?","1;0",,"1=Yes, 0=No","Child","Charge_familymedhist_child_downssynd"
cfmh_chd_mentalret,Integer,0,,Recommended,"Does (did) the Child have Mental Retardation?","1;0",,"1=Yes, 0=No","Child","Charge_familymedhist_child_mentalret"
cfmh_chd_tuberscl,Integer,0,,Recommended,"Does (did) the Child have Tuberous Sclerosis?","1;0",,"1=Yes, 0=No","Child","Charge_familymedhist_child_tuberscl"
cfmh_chd_fragilex,Integer,0,,Recommended,"Does (did) the Child have Fragile X?","1;0",,"1=Yes, 0=No","Child","Charge_familymedhist_child_fragilex"
cfmh_chd_neuromd,Integer,0,,Recommended,"Does (did) the Child have a Neuromuscular Disorder?","1;0",,"1=Yes, 0=No","Child","Charge_familymedhist_child_neuromuscdis"
cfmh_chd_genedis,Integer,0,,Recommended,"Does (did) the Child have a Genetic Disorder?","1;0",,"1=Yes, 0=No","Child","Charge_familymedhist_child_geneticdis"
cfmh_chd_genedis_cmt,String,100,,Recommended,"Specify Child's Genetic Disorder","",,"","Child","Charge_familymedhist_child_geneticdis_cmt"
cfmh_chd_genedistst,Integer,0,,Recommended,"Was testing done for the Child's Genetic Disorder?","1;0",,"1=Yes, 0=No","Child","Charge_familymedhist_child_geneticdistest"
cfmh_chd_genedistst_cmt,String,100,,Recommended,"Specify tests","",,"","Child","Charge_familymedhist_child_geneticdistest_cmt"
cfmh_chd_visionimp,Integer,0,,Recommended,"Does the Child have a vision impairment?","1;0",,"1=Yes, 0=No","Child","Charge_familymedhist_child_visionimp"
cfmh_chd_visioncor,Integer,0,,Recommended,"Has the child's vision impairment been corrected?","1;0",,"1=Yes, 0=No","Child","Charge_familymedhist_child_visioncor"
cfmh_chd_hearingimp,Integer,0,,Recommended,"Does the Child have a hearing impairment?","1;0",,"1=Yes, 0=No","Child","Charge_familymedhist_child_hearingimp"
cfmh_chd_hearingcor,Integer,0,,Recommended,"Has the child's hearing impairment been corrected?","1;0",,"1=Yes, 0=No","Child","Charge_familymedhist_child_hearingcor"
cfmh_chd_bipolar,Integer,0,,Recommended,"Does (did) the Child have a Bipolar Disorder?","1;0",,"1=Yes, 0=No","Child","Charge_familymedhist_child_bipolar"
cfmh_chd_depression,Integer,0,,Recommended,"Does (did) the Child have Depression?","1;0",,"1=Yes, 0=No","Child","Charge_familymedhist_child_depression"
cfmh_chd_anxiety,Integer,0,,Recommended,"Does (did) the Child have an Anxiety Disorder?","1;0",,"1=Yes, 0=No","Child","Charge_familymedhist_child_anxiety"
cfmh_chd_ocd,Integer,0,,Recommended,"Does (did) the Child have Obsessive Compulsive Disorder?","1;0",,"1=Yes, 0=No","Child","Charge_familymedhist_child_ocd"
cfmh_chd_schizo,Integer,0,,Recommended,"Does (did) the Child have Schizophrenia?","1;0",,"1=Yes, 0=No","Child","Charge_familymedhist_child_schizophrenia"
cfmh_chd_persondis,Integer,0,,Recommended,"Does (did) the Child have a Personality Disorder?","1;0",,"1=Yes, 0=No","Child","Charge_familymedhist_child_persondis"
cfmh_chd_persondis_cmt,String,100,,Recommended,"Specify Child's Personality Disorder","",,"","Child","Charge_familymedhist_child_persondis_cmt"
cfmh_chd_selfinj,Integer,0,,Recommended,"Does (did) the Child have Self-Injuring Behavior?","1;0",,"1=Yes, 0=No","Child","Charge_familymedhist_child_selfinj"
cfmh_chd_suicideatt,Integer,0,,Recommended,"Has the Child Attempted Suicide?","1;0",,"1=Yes, 0=No","Child","Charge_familymedhist_child_suicideatt"
cfmh_chd_othpsydis,Integer,0,,Recommended,"Does (did) the Child have a Psychiatric Disorder?","1;0",,"1=Yes, 0=No","Child","Charge_familymedhist_child_otherpsychdis"
cfmh_chd_othpsydis_cmt,String,100,,Recommended,"Specify Child's Psychiatric Disorder","",,"","Child","Charge_familymedhist_child_otherpsychdis_cmt"
cfmh_chd_adhd,Integer,0,,Recommended,"Does (did) the Child have Attention Deficit Hyperactivity Disorder (ADHD)?","1;0",,"1=Yes, 0=No","Child","Charge_familymedhist_child_adhd"
cfmh_chd_eatingdis,Integer,0,,Recommended,"Does (did) the Child have an Eating Disorder?","1;0",,"1=Yes, 0=No","Child","Charge_familymedhist_child_eatingdis"
cfmh_chd_eatingdis_cmt,String,100,,Recommended,"Specify Child's Eating Disorder","",,"","Child","Charge_familymedhist_child_eatingdis_cmt"
cfmh_chd_sleepdis,Integer,0,,Recommended,"Does (did) the Child have a Sleep Disorder?","1;0",,"1=Yes, 0=No","Child","Charge_familymedhist_child_sleepdis"
cfmh_chd_sleepdis_cmt,String,100,,Recommended,"Specify type of sleep disorder child has","",,"","Child","Charge_familymedhist_child_sleepdis_cmt"
cfmh_chd_abusevic,Integer,0,,Recommended,"Is the Child a Victim of Abuse?","1;0",,"1=Yes, 0=No","Child","Charge_familymedhist_child_abusevic"
cfmh_chd_subabuse,Integer,0,,Recommended,"Is the Child Substance of Abuse?","1;0",,"1=Yes, 0=No","Child","Charge_familymedhist_child_subabuse"
cfmh_chd_subabuse_cmt,String,100,,Recommended,"Specify Child's Substance Abuse","",,"","Child","Charge_familymedhist_child_subabuse_cmt"
cfmh_chd_migraine,Integer,0,,Recommended,"Does the Child have Migraine Headaches?","1;0",,"1=Yes, 0=No","Child","Charge_familymedhist_child_migraine"
cfmh_chd_ibs,Integer,0,,Recommended,"Does the Child have Irritable Bowel Syndrome?","1;0",,"1=Yes, 0=No","Child","Charge_familymedhist_child_ibs"
cfmh_chd_othgidis,Integer,0,,Recommended,"Does the Child have any Other Gastrointestinal Disorders?","1;0",,"1=Yes, 0=No","Child","Charge_familymedhist_child_othergidis"
cfmh_chd_cancer,Integer,0,,Recommended,"Does the Child have Cancer?","1;0",,"1=Yes, 0=No","Child","Charge_familymedhist_child_cancer"
cfmh_chd_cancer_cmt,String,100,,Recommended,"Specify Child's Cancer type","",,"","Child","Charge_familymedhist_child_cancer_cmt"
cfmh_chd_congendef,Integer,0,,Recommended,"Does the Child have a Congenital Defect (Cleft palate, cleft lip, other)?","1;0",,"1=Yes, 0=No","Child","Charge_familymedhist_child_congenitaldef"
cfmh_chd_congendef_cmt,String,100,,Recommended,"Specify Child's Congenital Defect type","",,"","Child","Charge_familymedhist_child_congenitaldef_cmt"
cfmh_chd_obesity,Integer,0,,Recommended,"Does the Child have Obesity?","1;0",,"1=Yes, 0=No","Child","Charge_familymedhist_child_obesity"
cfmh_chd_sicklecell,Integer,0,,Recommended,"Does the Child have Sickle Cell Anemia?","1;0",,"1=Yes, 0=No","Child","Charge_familymedhist_child_sicklecell"
cfmh_chd_thyroiddis,Integer,0,,Recommended,"Does the Child have Thyroid Disease?","1;0",,"1=Yes, 0=No","Child","Charge_familymedhist_child_thyroiddis"
cfmh_chd_othcond1,Integer,0,,Recommended,"Did the child have Other Condition - 1","1;0",,"1=Yes, 0=No","Child","Charge_familymedhist_child_othercond1"
cfmh_chd_othcond2,Integer,0,,Recommended,"Did the child have Other Condition - 2","1;0",,"1=Yes, 0=No","Child","Charge_familymedhist_child_othercond2"
cfmh_chd_othcond3,Integer,0,,Recommended,"Did the child have Other Condition - 3","1;0",,"1=Yes, 0=No","Child","Charge_familymedhist_child_othercond3"
cfmh_chd_othcond4,Integer,0,,Recommended,"Did the child have Other Condition - 4","1;0",,"1=Yes, 0=No","Child","Charge_familymedhist_child_othercond4"
