ElementName,DataType,Size,Unit,Required,ElementDescription,ValueRange,Keywords,Notes,Section,Aliases
subjectkey,GUID,0,,Required,"","NDAR*",,"","Header",""
assess_join_var,Integer,0,,Recommended,"","",,"","",""
src_subject_id,String,20,,Required,"","",,"","Header","WAIS_IV_SRC_Subject_ID"
interview_date,Date,0,,Required,"","MM/yyyy;MM/dd/yyyy",,"* '01/01/1900' indicates that a date associated with retrospective data is not known.","Header","WAIS_IV_interview_date"
interview_age,Integer,0,,Required,"","0 to 1200",,"Age is rounded to chronological month If the research participant is 13 days old at time of interview  the appropriate value would be 0 months if the participant is 19 days old the value would be 1 month","Header","WAIS_IV_interview_age"
comments_misc,String,255,,Optional,"","",,"","Header","WAIS_IV_comments_misc"
scoring_blockdesign_raw,Float,0,,Recommended,"","",,"","Scoring","WAIS_IV_Scoring_BlockDesign_Raw"
scoring_blockdesign_scaled,Float,0,,Recommended,"","",,"","Scoring","WAIS_IV_Scoring_BlockDesign_Scaled"
scoring_blockdesign_full,Float,0,,Recommended,"","",,"","Scoring","WAIS_IV_Scoring_BlockDesign_Full"
scoring_blockdesign_group,Float,0,,Recommended,"","",,"","Scoring","WAIS_IV_Scoring_BlockDesign_Group"
scoring_similarities_raw,Float,0,,Recommended,"","",,"","Scoring","WAIS_IV_Scoring_Similarities_Raw"
scoring_similarities_scaled,Float,0,,Recommended,"","",,"","Scoring","WAIS_IV_Scoring_Similarities_Scaled"
scoring_similarities_full,Float,0,,Recommended,"","",,"","Scoring","WAIS_IV_Scoring_Similarities_Full"
scoring_similarities_group,Float,0,,Recommended,"","",,"","Scoring","WAIS_IV_Scoring_Similarities_Group"
scoring_digitspan_raw,Float,0,,Recommended,"","",,"","Scoring","WAIS_IV_Scoring_DigitSpan_Raw"
scoring_digitspan_scaled,Float,0,,Recommended,"","",,"","Scoring","WAIS_IV_Scoring_DigitSpan_Scaled"
scoring_digitspan_full,Float,0,,Recommended,"","",,"","Scoring","WAIS_IV_Scoring_DigitSpan_Full"
scoring_digitspan_group,Float,0,,Recommended,"","",,"","Scoring","WAIS_IV_Scoring_DigitSpan_Group"
scoring_matrixreasoning_raw,Float,0,,Recommended,"","",,"","Scoring","WAIS_IV_Scoring_MatrixReasoning_Raw"
scoring_matrixreasoning_scaled,Float,0,,Recommended,"","",,"","Scoring","WAIS_IV_Scoring_MatrixReasoning_Scaled"
scoring_matrixreasoning_full,Float,0,,Recommended,"","",,"","Scoring","WAIS_IV_Scoring_MatrixReasoning_Full"
scoring_matrixreasoning_group,Float,0,,Recommended,"","",,"","Scoring","WAIS_IV_Scoring_MatrixReasoning_Group"
scoring_vocabulary_raw,Float,0,,Recommended,"","",,"","Scoring","WAIS_IV_Scoring_Vocabulary_Raw"
scoring_vocabulary_scaled,Float,0,,Recommended,"","",,"","Scoring","WAIS_IV_Scoring_Vocabulary_Scaled"
scoring_vocabulary_full,Float,0,,Recommended,"","",,"","Scoring","WAIS_IV_Scoring_Vocabulary_Full"
scoring_vocabulary_group,Float,0,,Recommended,"","",,"","Scoring","WAIS_IV_Scoring_Vocabulary_Group"
scoring_arithmetic_raw,Float,0,,Recommended,"","",,"","Scoring","WAIS_IV_Scoring_Arithmetic_Raw"
scoring_arithmetic_scaled,Float,0,,Recommended,"","",,"","Scoring","WAIS_IV_Scoring_Arithmetic_Scaled"
scoring_arithmetic_full,Float,0,,Recommended,"","",,"","Scoring","WAIS_IV_Scoring_Arithmetic_Full"
scoring_arithmetic_group,Float,0,,Recommended,"","",,"","Scoring","WAIS_IV_Scoring_Arithmetic_Group"
scoring_symbolsearch_raw,Float,0,,Recommended,"","",,"","Scoring","WAIS_IV_Scoring_SymbolSearch_Raw"
scoring_symbolsearch_scaled,Float,0,,Recommended,"","",,"","Scoring","WAIS_IV_Scoring_SymbolSearch_Scaled"
scoring_symbolsearch_full,Float,0,,Recommended,"","",,"","Scoring","WAIS_IV_Scoring_SymbolSearch_Full"
scoring_symbolsearch_group,Float,0,,Recommended,"","",,"","Scoring","WAIS_IV_Scoring_SymbolSearch_Group"
scoring_visualpuzzles_raw,Float,0,,Recommended,"","",,"","Scoring","WAIS_IV_Scoring_VisualPuzzles_Raw"
scoring_visualpuzzles_scaled,Float,0,,Recommended,"","",,"","Scoring","WAIS_IV_Scoring_VisualPuzzles_Scaled"
scoring_visualpuzzles_full,Float,0,,Recommended,"","",,"","Scoring","WAIS_IV_Scoring_VisualPuzzles_Full"
scoring_visualpuzzles_group,Float,0,,Recommended,"","",,"","Scoring","WAIS_IV_Scoring_VisualPuzzles_Group"
scoring_information_raw,Float,0,,Recommended,"","",,"","Scoring","WAIS_IV_Scoring_Information_Raw"
scoring_information_scaled,Float,0,,Recommended,"","",,"","Scoring","WAIS_IV_Scoring_Information_Scaled"
scoring_information_full,Float,0,,Recommended,"","",,"","Scoring","WAIS_IV_Scoring_Information_Full"
scoring_information_group,Float,0,,Recommended,"","",,"","Scoring","WAIS_IV_Scoring_Information_Group"
scoring_coding_raw,Float,0,,Recommended,"","",,"","Scoring","WAIS_IV_Scoring_Coding_Raw"
scoring_coding_scaled,Float,0,,Recommended,"","",,"","Scoring","WAIS_IV_Scoring_Coding_Scaled"
scoring_coding_full,Float,0,,Recommended,"","",,"","Scoring","WAIS_IV_Scoring_Coding_Full"
scoring_coding_group,Float,0,,Recommended,"","",,"","Scoring","WAIS_IV_Scoring_Coding_Group"
scoring_letnumseq_raw,Float,0,,Recommended,"","",,"","Scoring","WAIS_IV_Scoring_LetNumSeq_Raw"
scoring_letnumseq_scaled,Float,0,,Recommended,"","",,"","Scoring","WAIS_IV_Scoring_LetNumSeq_Scaled"
scoring_letnumseq_full,Float,0,,Recommended,"","",,"","Scoring","WAIS_IV_Scoring_LetNumSeq_Full"
scoring_letnumseq_group,Float,0,,Recommended,"","",,"","Scoring","WAIS_IV_Scoring_LetNumSeq_Group"
scoring_figureweights_raw,Float,0,,Recommended,"","",,"","Scoring","WAIS_IV_Scoring_FigureWeights_Raw"
scoring_figureweights_scaled,Float,0,,Recommended,"","",,"","Scoring","WAIS_IV_Scoring_FigureWeights_Scaled"
scoring_figureweights_full,Float,0,,Recommended,"","",,"","Scoring","WAIS_IV_Scoring_FigureWeights_Full"
scoring_figureweights_group,Float,0,,Recommended,"","",,"","Scoring","WAIS_IV_Scoring_FigureWeights_Group"
scoring_comprehension_raw,Float,0,,Recommended,"","",,"","Scoring","WAIS_IV_Scoring_Comprehension_Raw"
scoring_comprehension_scaled,Float,0,,Recommended,"","",,"","Scoring","WAIS_IV_Scoring_Comprehension_Scaled"
scoring_comprehension_full,Float,0,,Recommended,"","",,"","Scoring","WAIS_IV_Scoring_Comprehension_Full"
scoring_comprehension_group,Float,0,,Recommended,"","",,"","Scoring","WAIS_IV_Scoring_Comprehension_Group"
scoring_cancellation_raw,Float,0,,Recommended,"","",,"","Scoring","WAIS_IV_Scoring_Cancellation_Raw"
scoring_cancellation_scaled,Float,0,,Recommended,"","",,"","Scoring","WAIS_IV_Scoring_Cancellation_Scaled"
scoring_cancellation_full,Float,0,,Recommended,"","",,"","Scoring","WAIS_IV_Scoring_Cancellation_Full"
scoring_cancellation_group,Float,0,,Recommended,"","",,"","Scoring","WAIS_IV_Scoring_Cancellation_Group"
scoring_picturecomp_raw,Float,0,,Recommended,"","",,"","Scoring","WAIS_IV_Scoring_PictureComp_Raw"
scoring_picturecomp_scaled,Float,0,,Recommended,"","",,"","Scoring","WAIS_IV_Scoring_PictureComp_Scaled"
scoring_picturecomp_full,Float,0,,Recommended,"","",,"","Scoring","WAIS_IV_Scoring_PictureComp_Full"
scoring_picturecomp_group,Float,0,,Recommended,"","",,"","Scoring","WAIS_IV_Scoring_PictureComp_Group"
scoring_sum_verb,Float,0,,Recommended,"","",,"","Scoring","WAIS_IV_Scoring_Sum_Verb"
scoring_sum_perc_rsng,Float,0,,Recommended,"","",,"","Scoring","WAIS_IV_Scoring_Sum_Perc_Rsng"
scoring_sum_work_mem,Float,0,,Recommended,"","",,"","Scoring","WAIS_IV_Scoring_Sum_Work_Mem"
scoring_sum_proc_speed,Float,0,,Recommended,"","",,"","Scoring","WAIS_IV_Scoring_Sum_Proc_Speed"
scoring_sum_full_scale,Float,0,,Recommended,"","",,"","Scoring","WAIS_IV_Scoring_Sum_Full_Scale"
scoring_subtestverbsi,Float,0,,Recommended,"","",,"","Scoring","WAIS_IV_Scoring_SubtestVerbSI"
scoring_subtestverbvc,Float,0,,Recommended,"","",,"","Scoring","WAIS_IV_Scoring_SubtestVerbVC"
scoring_subtestverbin,Float,0,,Recommended,"","",,"","Scoring","WAIS_IV_Scoring_SubtestVerbIN"
scoring_subtestverbcd,Float,0,,Recommended,"","",,"","Scoring","WAIS_IV_Scoring_SubtestVerbCD"
scoring_subtestpercbd,Float,0,,Recommended,"","",,"","Scoring","WAIS_IV_Scoring_SubtestPercBD"
scoring_subtestpercmr,Float,0,,Recommended,"","",,"","Scoring","WAIS_IV_Scoring_SubtestPercMR"
scoring_subtestpercvp,Float,0,,Recommended,"","",,"","Scoring","WAIS_IV_Scoring_SubtestPercVP"
scoring_subtestpercfw,Float,0,,Recommended,"","",,"","Scoring","WAIS_IV_Scoring_SubtestPercFW"
scoring_subtestpercpcm,Float,0,,Recommended,"","",,"","Scoring","WAIS_IV_Scoring_SubtestPercPCm"
scoring_subtestmemds,Float,0,,Recommended,"","",,"","Scoring","WAIS_IV_Scoring_SubtestMemDS"
scoring_subtestmemar,Float,0,,Recommended,"","",,"","Scoring","WAIS_IV_Scoring_SubtestMemAR"
scoring_subtestmemln,Float,0,,Recommended,"","",,"","Scoring","WAIS_IV_Scoring_SubtestMemLN"
scoring_subtestspeedss,Float,0,,Recommended,"","",,"","Scoring","WAIS_IV_Scoring_SubtestSpeedSS"
scoring_subtestspeedcd,Float,0,,Recommended,"","",,"","Scoring","WAIS_IV_Scoring_SubtestSpeedCD"
scoring_subtestspeedca,Float,0,,Recommended,"","",,"","Scoring","WAIS_IV_Scoring_SubtestSpeedCA"
scoring_conv_sum_verb,Float,0,,Recommended,"","",,"","Scoring","WAIS_IV_Scoring_Conv_Sum_Verb"
scoring_conv_comp_verb,Float,0,,Recommended,"","",,"","Scoring","WAIS_IV_Scoring_Conv_Comp_Verb"
scoring_conv_perc_verb,Float,0,,Recommended,"","",,"","Scoring","WAIS_IV_Scoring_Conv_Perc_Verb"
scoring_conv_conf_verb,Integer,0,,Recommended,"","90;95",,"","Scoring","WAIS_IV_Scoring_Conv_Conf_Verb"
scoring_conv_sum_perc_rsng,Float,0,,Recommended,"","",,"","Scoring","WAIS_IV_Scoring_Conv_Sum_Perc_Rsng"
scoring_conv_comp_perc_rsng,Float,0,,Recommended,"","",,"","Scoring","WAIS_IV_Scoring_Conv_Comp_Perc_Rsng"
scoring_conv_perc_perc_rsng,Float,0,,Recommended,"","",,"","Scoring","WAIS_IV_Scoring_Conv_Perc_Perc_Rsng"
scoring_conv_conf_perc_rsng,Integer,0,,Recommended,"","90;95",,"","Scoring","WAIS_IV_Scoring_Conv_Conf_Perc_Rsng"
scoring_conv_sum_work_mem,Float,0,,Recommended,"","",,"","Scoring","WAIS_IV_Scoring_Conv_Sum_Work_Mem"
scoring_conv_comp_work_mem,Float,0,,Recommended,"","",,"","Scoring","WAIS_IV_Scoring_Conv_Comp_Work_Mem"
scoring_conv_perc_work_mem,Float,0,,Recommended,"","",,"","Scoring","WAIS_IV_Scoring_Conv_Perc_Work_Mem"
scoring_conv_conf_work_mem,Integer,0,,Recommended,"","90;95",,"","Scoring","WAIS_IV_Scoring_Conv_Conf_Work_Mem"
scoring_conv_sum_proc_speed,Float,0,,Recommended,"","",,"","Scoring","WAIS_IV_Scoring_Conv_Sum_Proc_Speed"
scoring_conv_comp_proc_speed,Float,0,,Recommended,"","",,"","Scoring","WAIS_IV_Scoring_Conv_Comp_Proc_Speed"
scoring_conv_perc_proc_speed,Float,0,,Recommended,"","",,"","Scoring","WAIS_IV_Scoring_Conv_Perc_Proc_Speed"
scoring_conv_conf_proc_speed,Integer,0,,Recommended,"","90;95",,"","Scoring","WAIS_IV_Scoring_Conv_Conf_Proc_Speed"
scoring_conv_sum_full_scale,Float,0,,Recommended,"","",,"","Scoring","WAIS_IV_Scoring_Conv_Sum_Full_Scale"
scoring_conv_comp_full_scale,Float,0,,Recommended,"","",,"","Scoring","WAIS_IV_Scoring_Conv_Comp_Full_Scale"
scoring_conv_perc_full_scale,Float,0,,Recommended,"","",,"","Scoring","WAIS_IV_Scoring_Conv_Perc_Full_Scale"
scoring_conv_conf_full_scale,Integer,0,,Recommended,"","90;95",,"","Scoring","WAIS_IV_Scoring_Conv_Conf_Full_Scale"
scoring_profillevci,Float,0,,Recommended,"","1+",,"","Scoring","WAIS_IV_Scoring_ProfilleVCI"
scoring_profilepri,Float,0,,Recommended,"","1+",,"","Scoring","WAIS_IV_Scoring_ProfilePRI"
scoring_profillewmi,Float,0,,Recommended,"","1+",,"","Scoring","WAIS_IV_Scoring_ProfilleWMI"
scoring_profillepsi,Float,0,,Recommended,"","1+",,"","Scoring","WAIS_IV_Scoring_ProfillePSI"
scoring_profilefsiq,Float,0,,Recommended,"","1+",,"","Scoring","WAIS_IV_Scoring_ProfileFSIQ"
analysis_vci_pri_vci,Float,0,,Recommended,"","",,"","Analysis","WAIS_IV_Analysis_VCI_PRI_VCI"
analysis_vci_pri_pri,Float,0,,Recommended,"","",,"","Analysis","WAIS_IV_Analysis_VCI_PRI_PRI"
analysis_vci_pri_diff,Float,0,,Recommended,"","",,"","Analysis","WAIS_IV_Analysis_VCI_PRI_Diff"
analysis_vci_pri_crit,Float,0,,Recommended,"","0.15;0.05",,"","Analysis","WAIS_IV_Analysis_VCI_PRI_Crit"
analysis_vci_pri_sigdif,String,50,,Recommended,"","Yes; No",,"","Analysis","WAIS_IV_Analysis_VCI_PRI_SigDif"
analysis_vci_pri_baserate,Float,0,,Recommended,"","",,"","Analysis","WAIS_IV_Analysis_VCI_PRI_BaseRate"
analysis_vci_wmi_vci,Float,0,,Recommended,"","",,"","Analysis","WAIS_IV_Analysis_VCI_WMI_VCI"
analysis_vci_wmi_wmi,Float,0,,Recommended,"","",,"","Analysis","WAIS_IV_Analysis_VCI_WMI_WMI"
analysis_vci_wmi_diff,Float,0,,Recommended,"","",,"","Analysis","WAIS_IV_Analysis_VCI_WMI_Diff"
analysis_vci_wmi_crit,Float,0,,Recommended,"","0.15;0.05",,"","Analysis","WAIS_IV_Analysis_VCI_WMI_Crit"
analysis_vci_wmi_sigdif,String,50,,Recommended,"","Yes; No",,"","Analysis","WAIS_IV_Analysis_VCI_WMI_SigDif"
analysis_vci_wmi_baserate,Float,0,,Recommended,"","",,"","Analysis","WAIS_IV_Analysis_VCI_WMI_BaseRate"
analysis_vci_psi_vci,Float,0,,Recommended,"","",,"","Analysis","WAIS_IV_Analysis_VCI_PSI_VCI"
analysis_vci_psi_psi,Float,0,,Recommended,"","",,"","Analysis","WAIS_IV_Analysis_VCI_PSI_PSI"
analysis_vci_psi_diff,Float,0,,Recommended,"","",,"","Analysis","WAIS_IV_Analysis_VCI_PSI_Diff"
analysis_vci_psi_crit,Float,0,,Recommended,"","0.15;0.05",,"","Analysis","WAIS_IV_Analysis_VCI_PSI_Crit"
analysis_vci_psi_sigdif,String,50,,Recommended,"","Yes; No",,"","Analysis","WAIS_IV_Analysis_VCI_PSI_SigDif"
analysis_vci_psi_baserate,Float,0,,Recommended,"","",,"","Analysis","WAIS_IV_Analysis_VCI_PSI_BaseRate"
analysis_pri_wmi_pri,Float,0,,Recommended,"","",,"","Analysis","WAIS_IV_Analysis_PRI_WMI_PRI"
analysis_pri_wmi_wmi,Float,0,,Recommended,"","",,"","Analysis","WAIS_IV_Analysis_PRI_WMI_WMI"
analysis_pri_wmi_diff,Float,0,,Recommended,"","",,"","Analysis","WAIS_IV_Analysis_PRI_WMI_Diff"
analysis_pri_wmi_crit,Float,0,,Recommended,"","0.15;0.05",,"","Analysis","WAIS_IV_Analysis_PRI_WMI_Crit"
analysis_pri_wmi_sigdif,String,50,,Recommended,"","Yes; No",,"","Analysis","WAIS_IV_Analysis_PRI_WMI_SigDif"
analysis_pri_wmi_baserate,Float,0,,Recommended,"","",,"","Analysis","WAIS_IV_Analysis_PRI_WMI_BaseRate"
analysis_pri_psi_pri,Float,0,,Recommended,"","",,"","Analysis","WAIS_IV_Analysis_PRI_PSI_PRI"
analysis_pri_psi_psi,Float,0,,Recommended,"","",,"","Analysis","WAIS_IV_Analysis_PRI_PSI_PSI"
analysis_pri_psi_diff,Float,0,,Recommended,"","",,"","Analysis","WAIS_IV_Analysis_PRI_PSI_Diff"
analysis_pri_psi_crit,Float,0,,Recommended,"","0.15;0.05",,"","Analysis","WAIS_IV_Analysis_PRI_PSI_Crit"
analysis_pri_psi_sigdif,String,50,,Recommended,"","Yes; No",,"","Analysis","WAIS_IV_Analysis_PRI_PSI_SigDif"
analysis_pri_psi_baserate,Float,0,,Recommended,"","",,"","Analysis","WAIS_IV_Analysis_PRI_PSI_BaseRate"
analysis_wmi_psi_wmi,Float,0,,Recommended,"","",,"","Analysis","WAIS_IV_Analysis_WMI_PSI_WMI"
analysis_wmi_psi_psi,Float,0,,Recommended,"","",,"","Analysis","WAIS_IV_Analysis_WMI_PSI_PSI"
analysis_wmi_psi_diff,Float,0,,Recommended,"","",,"","Analysis","WAIS_IV_Analysis_WMI_PSI_Diff"
analysis_wmi_psi_crit,Float,0,,Recommended,"","0.15;0.05",,"","Analysis","WAIS_IV_Analysis_WMI_PSI_Crit"
analysis_wmi_psi_sigdif,String,50,,Recommended,"","Yes; No",,"","Analysis","WAIS_IV_Analysis_WMI_PSI_SigDif"
analysis_wmi_psi_baserate,Float,0,,Recommended,"","",,"","Analysis","WAIS_IV_Analysis_WMI_PSI_BaseRate"
analysis_basis_overall_sample,String,50,,Recommended,"","Yes; No",,"","Analysis","WAIS_IV_Analysis_Basis_Overall_Sample"
analysis_basis_ability_level,String,50,,Recommended,"","Yes; No",,"","Analysis","WAIS_IV_Analysis_Basis_Ability_Level"
analysis_blockdesign_subtest,Float,0,,Recommended,"","",,"","Analysis","WAIS_IV_Analysis_BlockDesign_Subtest"
analysis_blockdesign_mean,Float,0,,Recommended,"","",,"","Analysis","WAIS_IV_Analysis_BlockDesign_Mean"
analysis_blockdesign_diff,Float,0,,Recommended,"","",,"","Analysis","WAIS_IV_Analysis_BlockDesign_Diff"
analysis_blockdesign_crit,Float,0,,Recommended,"","0.15;0.05",,"","Analysis","WAIS_IV_Analysis_BlockDesign_Crit"
analysis_blockdesign_sw,String,50,,Recommended,"","S;W",,"","Analysis","WAIS_IV_Analysis_BlockDesign_SW"
analysis_blockdesign_baserate,Float,0,,Recommended,"","",,"","Analysis","WAIS_IV_Analysis_BlockDesign_BaseRate"
analysis_similarities_subtest,Float,0,,Recommended,"","",,"","Analysis","WAIS_IV_Analysis_Similarities_Subtest"
analysis_similarities_mean,Float,0,,Recommended,"","",,"","Analysis","WAIS_IV_Analysis_Similarities_Mean"
analysis_similarities_diff,Float,0,,Recommended,"","",,"","Analysis","WAIS_IV_Analysis_Similarities_Diff"
analysis_similarities_crit,Float,0,,Recommended,"","0.15;0.05",,"","Analysis","WAIS_IV_Analysis_Similarities_Crit"
analysis_similarities_sw,String,50,,Recommended,"","S;W",,"","Analysis","WAIS_IV_Analysis_Similarities_SW"
analysis_similarities_baserate,Float,0,,Recommended,"","",,"","Analysis","WAIS_IV_Analysis_Similarities_BaseRate"
analysis_digitspan_subtest,Float,0,,Recommended,"","",,"","Analysis","WAIS_IV_Analysis_DigitSpan_Subtest"
analysis_digitspan_mean,Float,0,,Recommended,"","",,"","Analysis","WAIS_IV_Analysis_DigitSpan_Mean"
analysis_digitspan_diff,Float,0,,Recommended,"","",,"","Analysis","WAIS_IV_Analysis_DigitSpan_Diff"
analysis_digitspan_crit,Float,0,,Recommended,"","0.15;0.05",,"","Analysis","WAIS_IV_Analysis_DigitSpan_Crit"
analysis_digitspan_sw,String,50,,Recommended,"","S;W",,"","Analysis","WAIS_IV_Analysis_DigitSpan_SW"
analysis_digitspan_baserate,Float,0,,Recommended,"","",,"","Analysis","WAIS_IV_Analysis_DigitSpan_BaseRate"
analysis_matrixreason_subtest,Float,0,,Recommended,"","",,"","Analysis","WAIS_IV_Analysis_MatrixReason_Subtest"
analysis_matrixreason_mean,Float,0,,Recommended,"","",,"","Analysis","WAIS_IV_Analysis_MatrixReason_Mean"
analysis_matrixreason_diff,Float,0,,Recommended,"","",,"","Analysis","WAIS_IV_Analysis_MatrixReason_Diff"
analysis_matrixreason_crit,Float,0,,Recommended,"","0.15;0.05",,"","Analysis","WAIS_IV_Analysis_MatrixReason_Crit"
analysis_matrixreason_sw,String,50,,Recommended,"","S;W",,"","Analysis","WAIS_IV_Analysis_MatrixReason_SW"
analysis_matrixreason_baserate,Float,0,,Recommended,"","",,"","Analysis","WAIS_IV_Analysis_MatrixReason_BaseRate"
analysis_vocabulary_subtest,Float,0,,Recommended,"","",,"","Analysis","WAIS_IV_Analysis_Vocabulary_Subtest"
analysis_vocabulary_mean,Float,0,,Recommended,"","",,"","Analysis","WAIS_IV_Analysis_Vocabulary_Mean"
analysis_vocabulary_diff,Float,0,,Recommended,"","",,"","Analysis","WAIS_IV_Analysis_Vocabulary_Diff"
analysis_vocabulary_crit,Float,0,,Recommended,"","0.15;0.05",,"","Analysis","WAIS_IV_Analysis_Vocabulary_Crit"
analysis_vocabulary_sw,String,50,,Recommended,"","S;W",,"","Analysis","WAIS_IV_Analysis_Vocabulary_SW"
analysis_vocabulary_baserate,Float,0,,Recommended,"","",,"","Analysis","WAIS_IV_Analysis_Vocabulary_BaseRate"
analysis_arithmetic_subtest,Float,0,,Recommended,"","",,"","Analysis","WAIS_IV_Analysis_Arithmetic_Subtest"
analysis_arithmetic_mean,Float,0,,Recommended,"","",,"","Analysis","WAIS_IV_Analysis_Arithmetic_Mean"
analysis_arithmetic_diff,Float,0,,Recommended,"","",,"","Analysis","WAIS_IV_Analysis_Arithmetic_Diff"
analysis_arithmetic_crit,Float,0,,Recommended,"","0.15;0.05",,"","Analysis","WAIS_IV_Analysis_Arithmetic_Crit"
analysis_arithmetic_sw,String,50,,Recommended,"","S;W",,"","Analysis","WAIS_IV_Analysis_Arithmetic_SW"
analysis_arithmetic_baserate,Float,0,,Recommended,"","",,"","Analysis","WAIS_IV_Analysis_Arithmetic_BaseRate"
analysis_symbolsearch_subtest,Float,0,,Recommended,"","",,"","Analysis","WAIS_IV_Analysis_SymbolSearch_Subtest"
analysis_symbolsearch_mean,Float,0,,Recommended,"","",,"","Analysis","WAIS_IV_Analysis_SymbolSearch_Mean"
analysis_symbolsearch_diff,Float,0,,Recommended,"","",,"","Analysis","WAIS_IV_Analysis_SymbolSearch_Diff"
analysis_symbolsearch_crit,Float,0,,Recommended,"","0.15;0.05",,"","Analysis","WAIS_IV_Analysis_SymbolSearch_Crit"
analysis_symbolsearch_sw,String,50,,Recommended,"","S;W",,"","Analysis","WAIS_IV_Analysis_SymbolSearch_SW"
analysis_symbolsearch_baserate,Float,0,,Recommended,"","",,"","Analysis","WAIS_IV_Analysis_SymbolSearch_BaseRate"
analysis_vispuzzles_subtest,Float,0,,Recommended,"","",,"","Analysis","WAIS_IV_Analysis_VisPuzzles_Subtest"
analysis_vispuzzles_mean,Float,0,,Recommended,"","",,"","Analysis","WAIS_IV_Analysis_VisPuzzles_Mean"
analysis_vispuzzles_diff,Float,0,,Recommended,"","",,"","Analysis","WAIS_IV_Analysis_VisPuzzles_Diff"
analysis_vispuzzles_crit,Float,0,,Recommended,"","0.15;0.05",,"","Analysis","WAIS_IV_Analysis_VisPuzzles_Crit"
analysis_vispuzzles_sw,String,50,,Recommended,"","S;W",,"","Analysis","WAIS_IV_Analysis_VisPuzzles_SW"
analysis_vispuzzles_baserate,Float,0,,Recommended,"","",,"","Analysis","WAIS_IV_Analysis_VisPuzzles_BaseRate"
analysis_information_subtest,Float,0,,Recommended,"","",,"","Analysis","WAIS_IV_Analysis_Information_Subtest"
analysis_information_mean,Float,0,,Recommended,"","",,"","Analysis","WAIS_IV_Analysis_Information_Mean"
analysis_information_diff,Float,0,,Recommended,"","",,"","Analysis","WAIS_IV_Analysis_Information_Diff"
analysis_information_crit,Float,0,,Recommended,"","0.15;0.05",,"","Analysis","WAIS_IV_Analysis_Information_Crit"
analysis_information_sw,String,50,,Recommended,"","S;W",,"","Analysis","WAIS_IV_Analysis_Information_SW"
analysis_information_baserate,Float,0,,Recommended,"","",,"","Analysis","WAIS_IV_Analysis_Information_BaseRate"
analysis_coding_subtest,Float,0,,Recommended,"","",,"","Analysis","WAIS_IV_Analysis_Coding_Subtest"
analysis_coding_mean,Float,0,,Recommended,"","",,"","Analysis","WAIS_IV_Analysis_Coding_Mean"
analysis_coding_diff,Float,0,,Recommended,"","",,"","Analysis","WAIS_IV_Analysis_Coding_Diff"
analysis_coding_crit,Float,0,,Recommended,"","0.15;0.05",,"","Analysis","WAIS_IV_Analysis_Coding_Crit"
analysis_coding_sw,String,50,,Recommended,"","S;W",,"","Analysis","WAIS_IV_Analysis_Coding_SW"
analysis_coding_baserate,Float,0,,Recommended,"","",,"","Analysis","WAIS_IV_Analysis_Coding_BaseRate"
analysis_basis_overall_mean,String,50,,Recommended,"","Yes; No",,"","Analysis","WAIS_IV_Analysis_Basis_Overall_Mean"
analysis_basis_vcpr_means,String,50,,Recommended,"","Yes; No",,"","Analysis","WAIS_IV_Analysis_Basis_VCPR_Means"
analysis_sum_core,Float,0,,Recommended,"","",,"","Analysis","WAIS_IV_Analysis_Sum_Core"
analysis_sum_verb,Float,0,,Recommended,"","",,"","Analysis","WAIS_IV_Analysis_Sum_Verb"
analysis_sum_perc,Float,0,,Recommended,"","",,"","Analysis","WAIS_IV_Analysis_Sum_Perc"
analysis_mean_core,Float,0,,Recommended,"","",,"","Analysis","WAIS_IV_Analysis_Mean_Core"
analysis_mean_verb,Float,0,,Recommended,"","",,"","Analysis","WAIS_IV_Analysis_Mean_Verb"
analysis_mean_perc,Float,0,,Recommended,"","",,"","Analysis","WAIS_IV_Analysis_Mean_Perc"
analysis_blockdesign_raw,Float,0,,Recommended,"","",,"","Analysis","WAIS_IV_Analysis_BlockDesign_Raw"
analysis_blockdesign_scaled,Float,0,,Recommended,"","",,"","Analysis","WAIS_IV_Analysis_BlockDesign_Scaled"
analysis_digitspanfwd_raw,Float,0,,Recommended,"","",,"","Analysis","WAIS_IV_Analysis_DigitSpanFwd_Raw"
analysis_digitspanfwd_scaled,Float,0,,Recommended,"","",,"","Analysis","WAIS_IV_Analysis_DigitSpanFwd_Scaled"
analysis_digitspanbkw_raw,Float,0,,Recommended,"","",,"","Analysis","WAIS_IV_Analysis_DigitSpanBkw_Raw"
analysis_digitspanbkw_scaled,Float,0,,Recommended,"","",,"","Analysis","WAIS_IV_Analysis_DigitSpanBkw_Scaled"
analysis_digitspanseq_raw,Float,0,,Recommended,"","",,"","Analysis","WAIS_IV_Analysis_DigitSpanSeq_Raw"
analysis_digitspanseq_scaled,Float,0,,Recommended,"","",,"","Analysis","WAIS_IV_Analysis_DigitSpanSeq_Scaled"
analysis_disccomp_bd,Float,0,,Recommended,"","",,"","Analysis","WAIS_IV_Analysis_DiscComp_BD"
analysis_disccomp_bdn,Float,0,,Recommended,"","",,"","Analysis","WAIS_IV_Analysis_DiscComp_BDN"
analysis_disccomp_bd_bdn_diff,Float,0,,Recommended,"","",,"","Analysis","WAIS_IV_Analysis_DiscComp_BD_BDN_Diff"
analysis_disccomp_bd_bdn_crit,Float,0,,Recommended,"","0.15;0.05",,"","Analysis","WAIS_IV_Analysis_DiscComp_BD_BDN_Crit"
analysis_disccomp_bd_bdn_sig,String,50,,Recommended,"","Yes; No",,"","Analysis","WAIS_IV_Analysis_DiscComp_BD_BDN_Sig"
analysis_disccomp_bd_bdn_base,Float,0,,Recommended,"","",,"","Analysis","WAIS_IV_Analysis_DiscComp_BD_BDN_Base"
analysis_disccomp_dsf,Float,0,,Recommended,"","",,"","Analysis","WAIS_IV_Analysis_DiscComp_DSF"
analysis_disccomp_dsb,Float,0,,Recommended,"","",,"","Analysis","WAIS_IV_Analysis_DiscComp_DSB"
analysis_disccomp_dsf_dsb_diff,Float,0,,Recommended,"","",,"","Analysis","WAIS_IV_Analysis_DiscComp_DSF_DSB_Diff"
analysis_disccomp_dsf_dsb_crit,Float,0,,Recommended,"","0.15;0.05",,"","Analysis","WAIS_IV_Analysis_DiscComp_DSF_DSB_Crit"
analysis_disccomp_dsf_dsb_sig,String,50,,Recommended,"","Yes; No",,"","Analysis","WAIS_IV_Analysis_DiscComp_DSF_DSB_Sig"
analysis_disccomp_dsf_dsb_base,Float,0,,Recommended,"","",,"","Analysis","WAIS_IV_Analysis_DiscComp_DSF_DSB_Base"
analysis_disccomp_dsf_ss,Float,0,,Recommended,"","",,"","Analysis","WAIS_IV_Analysis_DiscComp_DSF_SS"
analysis_disccomp_dss_ss,Float,0,,Recommended,"","",,"","Analysis","WAIS_IV_Analysis_DiscComp_DSS_SS"
analysis_disccomp_dsf_dss_diff,Float,0,,Recommended,"","",,"","Analysis","WAIS_IV_Analysis_DiscComp_DSF_DSS_Diff"
analysis_disccomp_dsf_dss_crit,Float,0,,Recommended,"","0.15;0.05",,"","Analysis","WAIS_IV_Analysis_DiscComp_DSF_DSS_Crit"
analysis_disccomp_dsf_dss_sig,String,50,,Recommended,"","Yes; No",,"","Analysis","WAIS_IV_Analysis_DiscComp_DSF_DSS_Sig"
analysis_disccomp_dsf_dss_base,Float,0,,Recommended,"","",,"","Analysis","WAIS_IV_Analysis_DiscComp_DSF_DSS_Base"
analysis_disccomp_dsb_ss,Float,0,,Recommended,"","",,"","Analysis","WAIS_IV_Analysis_DiscComp_DSB_SS"
analysis_disccomp_dss,Float,0,,Recommended,"","",,"","Analysis","WAIS_IV_Analysis_DiscComp_DSS"
analysis_disccomp_dsb_dss_diff,Float,0,,Recommended,"","",,"","Analysis","WAIS_IV_Analysis_DiscComp_DSB_DSS_Diff"
analysis_disccomp_dsb_dss_crit,Float,0,,Recommended,"","0.15;0.05",,"","Analysis","WAIS_IV_Analysis_DiscComp_DSB_DSS_Crit"
analysis_disccomp_dsb_dss_sig,String,50,,Recommended,"","Yes; No",,"","Analysis","WAIS_IV_Analysis_DiscComp_DSB_DSS_Sig"
analysis_disccomp_dsb_dss_base,Float,0,,Recommended,"","",,"","Analysis","WAIS_IV_Analysis_DiscComp_DSB_DSS_Base"
analysis_rsbsconv_ldsf_raw,Float,0,,Recommended,"","",,"","Analysis","WAIS_IV_Analysis_RSBSConv_LDSF_Raw"
analysis_rsbsconv_ldsf_base,Float,0,,Recommended,"","",,"","Analysis","WAIS_IV_Analysis_RSBSConv_LDSF_Base"
analysis_rsbsconv_ldsb_raw,Float,0,,Recommended,"","",,"","Analysis","WAIS_IV_Analysis_RSBSConv_LDSB_Raw"
analysis_rsbsconv_ldsb_base,Float,0,,Recommended,"","",,"","Analysis","WAIS_IV_Analysis_RSBSConv_LDSB_Base"
analysis_rsbsconv_ldss_raw,Float,0,,Recommended,"","",,"","Analysis","WAIS_IV_Analysis_RSBSConv_LDSS_Raw"
analysis_rsbsconv_ldss_base,Float,0,,Recommended,"","",,"","Analysis","WAIS_IV_Analysis_RSBSConv_LDSS_Base"
analysis_rsbsconv_llns_raw,Float,0,,Recommended,"","",,"","Analysis","WAIS_IV_Analysis_RSBSConv_LLNS_Raw"
analysis_rsbsconv_llns_base,Float,0,,Recommended,"","",,"","Analysis","WAIS_IV_Analysis_RSBSConv_LLNS_Base"
analysis_rawdsc_ldsf_ldsb_1,Float,0,,Recommended,"","",,"","Analysis","WAIS_IV_Analysis_RawDsc_LDSF_LDSB_1"
analysis_rawdsc_ldsf_ldsb_2,Float,0,,Recommended,"","",,"","Analysis","WAIS_IV_Analysis_RawDsc_LDSF_LDSB_2"
analysis_rawdsc_ldsf_ldsb_diff,Float,0,,Recommended,"","",,"","Analysis","WAIS_IV_Analysis_RawDsc_LDSF_LDSB_Diff"
analysis_rawdsc_ldsf_ldsb_base,Float,0,,Recommended,"","",,"","Analysis","WAIS_IV_Analysis_RawDsc_LDSF_LDSB_Base"
analysis_rawdsc_ldsf_ldss_1,Float,0,,Recommended,"","",,"","Analysis","WAIS_IV_Analysis_RawDsc_LDSF_LDSS_1"
analysis_rawdsc_ldsf_ldss_2,Float,0,,Recommended,"","",,"","Analysis","WAIS_IV_Analysis_RawDsc_LDSF_LDSS_2"
analysis_rawdsc_ldsf_ldss_diff,Float,0,,Recommended,"","",,"","Analysis","WAIS_IV_Analysis_RawDsc_LDSF_LDSS_Diff"
analysis_rawdsc_ldsf_ldss_base,Float,0,,Recommended,"","",,"","Analysis","WAIS_IV_Analysis_RawDsc_LDSF_LDSS_Base"
analysis_rawdsc_ldsb_ldss_1,Float,0,,Recommended,"","",,"","Analysis","WAIS_IV_Analysis_RawDsc_LDSB_LDSS_1"
analysis_rawdsc_ldsb_ldss_2,Float,0,,Recommended,"","",,"","Analysis","WAIS_IV_Analysis_RawDsc_LDSB_LDSS_2"
analysis_rawdsc_ldsb_ldss_diff,Float,0,,Recommended,"","",,"","Analysis","WAIS_IV_Analysis_RawDsc_LDSB_LDSS_Diff"
analysis_rawdsc_ldsb_ldss_base,Float,0,,Recommended,"","",,"","Analysis","WAIS_IV_Analysis_RawDsc_LDSB_LDSS_Base"
blockdesign_1b,String,50,,Recommended,"","Yes; No",,"","Block Design","WAIS_IV_BlockDesign_1"
blockdesign_1b_constrdes1,String,50,,Recommended,"","Yes; No",,"","Block Design","WAIS_IV_BlockDesign_1_ConstrDes1"
blockdesign_1b_constrdes2,String,50,,Recommended,"","Yes; No",,"","Block Design","WAIS_IV_BlockDesign_1_ConstrDes2"
blockdesign_1b_comptime1,Integer,0,,Recommended,"","1+",,"","Block Design","WAIS_IV_BlockDesign_1_CompTime1"
blockdesign_1b_comptime2,Integer,0,,Recommended,"","1+",,"","Block Design","WAIS_IV_BlockDesign_1_CompTime2"
blockdesign_1b_correct,String,50,,Recommended,"","Yes; No",,"","Block Design","WAIS_IV_BlockDesign_1_Correct"
blockdesign_1b_score,Integer,0,,Recommended,"","0;1;2",,"","Block Design","WAIS_IV_BlockDesign_1_Score"
blockdesign_2b,String,50,,Recommended,"","Yes; No",,"","Block Design","WAIS_IV_BlockDesign_2"
blockdesign_2b_constrdes1,String,50,,Recommended,"","Yes; No",,"","Block Design","WAIS_IV_BlockDesign_2_ConstrDes1"
blockdesign_2b_constrdes2,String,50,,Recommended,"","Yes; No",,"","Block Design","WAIS_IV_BlockDesign_2_ConstrDes2"
blockdesign_2b_comptime1,Integer,0,,Recommended,"","1+",,"","Block Design","WAIS_IV_BlockDesign_2_CompTime1"
blockdesign_2b_comptime2,Integer,0,,Recommended,"","1+",,"","Block Design","WAIS_IV_BlockDesign_2_CompTime2"
blockdesign_2b_correct,String,50,,Recommended,"","Yes; No",,"","Block Design","WAIS_IV_BlockDesign_2_Correct"
blockdesign_2b_score,Integer,0,,Recommended,"","0;1;2",,"","Block Design","WAIS_IV_BlockDesign_2_Score"
blockdesign_3b,String,50,,Recommended,"","Yes; No",,"","Block Design","WAIS_IV_BlockDesign_3"
blockdesign_3b_constrdes1,String,50,,Recommended,"","Yes; No",,"","Block Design","WAIS_IV_BlockDesign_3_ConstrDes1"
blockdesign_3b_constrdes2,String,50,,Recommended,"","Yes; No",,"","Block Design","WAIS_IV_BlockDesign_3_ConstrDes2"
blockdesign_3b_comptime1,Integer,0,,Recommended,"","1+",,"","Block Design","WAIS_IV_BlockDesign_3_CompTime1"
blockdesign_3b_comptime2,Integer,0,,Recommended,"","1+",,"","Block Design","WAIS_IV_BlockDesign_3_CompTime2"
blockdesign_3b_correct,String,50,,Recommended,"","Yes; No",,"","Block Design","WAIS_IV_BlockDesign_3_Correct"
blockdesign_3b_score,Integer,0,,Recommended,"","0;1;2",,"","Block Design","WAIS_IV_BlockDesign_3_Score"
blockdesign_4b,String,50,,Recommended,"","Yes; No",,"","Block Design","WAIS_IV_BlockDesign_4"
blockdesign_4b_constrdes1,String,50,,Recommended,"","Yes; No",,"","Block Design","WAIS_IV_BlockDesign_4_ConstrDes1"
blockdesign_4b_constrdes2,String,50,,Recommended,"","Yes; No",,"","Block Design","WAIS_IV_BlockDesign_4_ConstrDes2"
blockdesign_4b_comptime1,Integer,0,,Recommended,"","1+",,"","Block Design","WAIS_IV_BlockDesign_4_CompTime1"
blockdesign_4b_comptime12,Integer,0,,Recommended,"","1+",,"","Block Design","WAIS_IV_BlockDesign_4_CompTime12"
blockdesign_4b_correct,String,50,,Recommended,"","Yes; No",,"","Block Design","WAIS_IV_BlockDesign_4_Correct"
blockdesign_4b_score,Integer,0,,Recommended,"","0;1;2",,"","Block Design","WAIS_IV_BlockDesign_4_Score"
blockdesign_5b,String,50,,Recommended,"","Yes; No",,"","Block Design","WAIS_IV_BlockDesign_5"
blockdesign_5b_constrdes,String,50,,Recommended,"","Yes; No",,"","Block Design","WAIS_IV_BlockDesign_5_ConstrDes"
blockdesign_5b_comptime,Integer,0,,Recommended,"","1+",,"","Block Design","WAIS_IV_BlockDesign_5_CompTime"
blockdesign_5b_correct,String,50,,Recommended,"","Yes; No",,"","Block Design","WAIS_IV_BlockDesign_5_Correct"
blockdesign_5b_score,Integer,0,,Recommended,"","0;4",,"","Block Design","WAIS_IV_BlockDesign_5_Score"
blockdesign_6b,String,50,,Recommended,"","Yes; No",,"","Block Design","WAIS_IV_BlockDesign_6"
blockdesign_6b_constrdes,String,50,,Recommended,"","Yes; No",,"","Block Design","WAIS_IV_BlockDesign_6_ConstrDes"
blockdesign_6b_comptime,Integer,0,,Recommended,"","1+",,"","Block Design","WAIS_IV_BlockDesign_6_CompTime"
blockdesign_6b_correct,String,50,,Recommended,"","Yes; No",,"","Block Design","WAIS_IV_BlockDesign_6_Correct"
blockdesign_6b_score,Integer,0,,Recommended,"","0;4",,"","Block Design","WAIS_IV_BlockDesign_6_Score"
blockdesign_7b,String,50,,Recommended,"","Yes; No",,"","Block Design","WAIS_IV_BlockDesign_7"
blockdesign_7b_constrdes,String,50,,Recommended,"","Yes; No",,"","Block Design","WAIS_IV_BlockDesign_7_ConstrDes"
blockdesign_7b_comptime,Integer,0,,Recommended,"","1+",,"","Block Design","WAIS_IV_BlockDesign_7_CompTime"
blockdesign_7b_correct,String,50,,Recommended,"","Yes; No",,"","Block Design","WAIS_IV_BlockDesign_7_Correct"
blockdesign_7b_score,Integer,0,,Recommended,"","0;4",,"","Block Design","WAIS_IV_BlockDesign_7_Score"
blockdesign_8b,String,50,,Recommended,"","Yes; No",,"","Block Design","WAIS_IV_BlockDesign_8"
blockdesign_8b_constrdes,String,50,,Recommended,"","Yes; No",,"","Block Design","WAIS_IV_BlockDesign_8_ConstrDes"
blockdesign_8b_comptime,Integer,0,,Recommended,"","1+",,"","Block Design","WAIS_IV_BlockDesign_8_CompTime"
blockdesign_8b_correct,String,50,,Recommended,"","Yes; No",,"","Block Design","WAIS_IV_BlockDesign_8_Correct"
blockdesign_8b_score,Integer,0,,Recommended,"","0;4",,"","Block Design","WAIS_IV_BlockDesign_8_Score"
blockdesign_9b,String,50,,Recommended,"","Yes; No",,"","Block Design","WAIS_IV_BlockDesign_9"
blockdesign_9b_constrdes,String,50,,Recommended,"","Yes; No",,"","Block Design","WAIS_IV_BlockDesign_9_ConstrDes"
blockdesign_9b_comptime,Integer,0,,Recommended,"","1+",,"","Block Design","WAIS_IV_BlockDesign_9_CompTime"
blockdesign_9b_correct,String,50,,Recommended,"","Yes; No",,"","Block Design","WAIS_IV_BlockDesign_9_Correct"
blockdesign_9b_score,Integer,0,,Recommended,"","0;4;5;6;7",,"","Block Design","WAIS_IV_BlockDesign_9_Score"
blockdesign_10b,String,50,,Recommended,"","Yes; No",,"","Block Design","WAIS_IV_BlockDesign_10"
blockdesign_10b_constrdes,String,50,,Recommended,"","Yes; No",,"","Block Design","WAIS_IV_BlockDesign_10_ConstrDes"
blockdesign_10b_comptime,Integer,0,,Recommended,"","1+",,"","Block Design","WAIS_IV_BlockDesign_10_CompTime"
blockdesign_10b_correct,String,50,,Recommended,"","Yes; No",,"","Block Design","WAIS_IV_BlockDesign_10_Correct"
blockdesign_10b_score,Integer,0,,Recommended,"","0;4;5;6;7",,"","Block Design","WAIS_IV_BlockDesign_10_Score"
blockdesign_11b,String,50,,Recommended,"","Yes; No",,"","Block Design","WAIS_IV_BlockDesign_11"
blockdesign_11b_constrdes,String,50,,Recommended,"","Yes; No",,"","Block Design","WAIS_IV_BlockDesign_11_ConstrDes"
blockdesign_11b_comptime,Integer,0,,Recommended,"","1+",,"","Block Design","WAIS_IV_BlockDesign_11_CompTime"
blockdesign_11b_correct,String,50,,Recommended,"","Yes; No",,"","Block Design","WAIS_IV_BlockDesign_11_Correct"
blockdesign_11b_score,Integer,0,,Recommended,"","0;4;5;6;7",,"","Block Design","WAIS_IV_BlockDesign_11_Score"
blockdesign_12b,String,50,,Recommended,"","Yes; No",,"","Block Design","WAIS_IV_BlockDesign_12"
blockdesign_12b_constrdes,String,50,,Recommended,"","Yes; No",,"","Block Design","WAIS_IV_BlockDesign_12_ConstrDes"
blockdesign_12b_comptime,Integer,0,,Recommended,"","1+",,"","Block Design","WAIS_IV_BlockDesign_12_CompTime"
blockdesign_12b_correct,String,50,,Recommended,"","Yes; No",,"","Block Design","WAIS_IV_BlockDesign_12_Correct"
blockdesign_12b_score,Integer,0,,Recommended,"","0;4;5;6;7",,"","Block Design","WAIS_IV_BlockDesign_12_Score"
blockdesign_13b,String,50,,Recommended,"","Yes; No",,"","Block Design","WAIS_IV_BlockDesign_13"
blockdesign_13b_constrdes,String,50,,Recommended,"","Yes; No",,"","Block Design","WAIS_IV_BlockDesign_13_ConstrDes"
blockdesign_13b_comptime,Integer,0,,Recommended,"","1+",,"","Block Design","WAIS_IV_BlockDesign_13_CompTime"
blockdesign_13b_correct,String,50,,Recommended,"","Yes; No",,"","Block Design","WAIS_IV_BlockDesign_13_Correct"
blockdesign_13b_score,Integer,0,,Recommended,"","0;4;5;6;7",,"","Block Design","WAIS_IV_BlockDesign_13_Score"
blockdesign_14b,String,50,,Recommended,"","Yes; No",,"","Block Design","WAIS_IV_BlockDesign_14"
blockdesign_14b_constrdes,String,50,,Recommended,"","Yes; No",,"","Block Design","WAIS_IV_BlockDesign_14_ConstrDes"
blockdesign_14b_comptime,Integer,0,,Recommended,"","1+",,"","Block Design","WAIS_IV_BlockDesign_14_CompTime"
blockdesign_14b_correct,String,50,,Recommended,"","Yes; No",,"","Block Design","WAIS_IV_BlockDesign_14_Correct"
blockdesign_14b_score,Integer,0,,Recommended,"","0;4;5;6;7",,"","Block Design","WAIS_IV_BlockDesign_14_Score"
blockdesign_nobonustimescore,Float,0,,Recommended,"","0 to 48",,"","Block Design","WAIS_IV_BlockDesign_NoBonusTimeScore"
blockdesign_totalrawscore_b,Float,0,,Recommended,"","0 to 66",,"","Block Design","WAIS_IV_BlockDesign_TotalRawScore"
similarities_s_resp,String,50,,Recommended,"","",,"","Similarities","WAIS_IV_Similarities_S_Resp"
similarities_s_score,Integer,0,,Recommended,"","0;1;2",,"","Similarities","WAIS_IV_Similarities_S_Score"
similarities_1_resp,String,50,,Recommended,"","",,"","Similarities","WAIS_IV_Similarities_1_Resp"
similarities_1_score,Integer,0,,Recommended,"","0;1;2",,"","Similarities","WAIS_IV_Similarities_1_Score"
similarities_2_resp,String,50,,Recommended,"","",,"","Similarities","WAIS_IV_Similarities_2_Resp"
similarities_2_score,Integer,0,,Recommended,"","0;1;2",,"","Similarities","WAIS_IV_Similarities_2_Score"
similarities_3_resp,String,50,,Recommended,"","",,"","Similarities","WAIS_IV_Similarities_3_Resp"
similarities_3_score,Integer,0,,Recommended,"","0;1;2",,"","Similarities","WAIS_IV_Similarities_3_Score"
similarities_4_resp,String,50,,Recommended,"","",,"","Similarities","WAIS_IV_Similarities_4_Resp"
similarities_4_score,Integer,0,,Recommended,"","0;1;2",,"","Similarities","WAIS_IV_Similarities_4_Score"
similarities_5_resp,String,50,,Recommended,"","",,"","Similarities","WAIS_IV_Similarities_5_Resp"
similarities_5_score,Integer,0,,Recommended,"","0;1;2",,"","Similarities","WAIS_IV_Similarities_5_Score"
similarities_6_resp,String,50,,Recommended,"","",,"","Similarities","WAIS_IV_Similarities_6_Resp"
similarities_6_score,Integer,0,,Recommended,"","0;1;2",,"","Similarities","WAIS_IV_Similarities_6_Score"
similarities_7_resp,String,50,,Recommended,"","",,"","Similarities","WAIS_IV_Similarities_7_Resp"
similarities_7_score,Integer,0,,Recommended,"","0;1;2",,"","Similarities","WAIS_IV_Similarities_7_Score"
similarities_8_resp,String,50,,Recommended,"","",,"","Similarities","WAIS_IV_Similarities_8_Resp"
similarities_8_score,Integer,0,,Recommended,"","0;1;2",,"","Similarities","WAIS_IV_Similarities_8_Score"
similarities_9_resp,String,50,,Recommended,"","",,"","Similarities","WAIS_IV_Similarities_9_Resp"
similarities_9_score,Integer,0,,Recommended,"","0;1;2",,"","Similarities","WAIS_IV_Similarities_9_Score"
similarities_10_resp,String,50,,Recommended,"","",,"","Similarities","WAIS_IV_Similarities_10_Resp"
similarities_10_score,Integer,0,,Recommended,"","0;1;2",,"","Similarities","WAIS_IV_Similarities_10_Score"
similarities_11_resp,String,50,,Recommended,"","",,"","Similarities","WAIS_IV_Similarities_11_Resp"
similarities_11_score,Integer,0,,Recommended,"","0;1;2",,"","Similarities","WAIS_IV_Similarities_11_Score"
similarities_12_resp,String,50,,Recommended,"","",,"","Similarities","WAIS_IV_Similarities_12_Resp"
similarities_12_score,Integer,0,,Recommended,"","0;1;2",,"","Similarities","WAIS_IV_Similarities_12_Score"
similarities_13_resp,String,50,,Recommended,"","",,"","Similarities","WAIS_IV_Similarities_13_Resp"
similarities_13_score,Integer,0,,Recommended,"","0;1;2",,"","Similarities","WAIS_IV_Similarities_13_Score"
similarities_14_resp,String,50,,Recommended,"","",,"","Similarities","WAIS_IV_Similarities_14_Resp"
similarities_14_score,Integer,0,,Recommended,"","0;1;2",,"","Similarities","WAIS_IV_Similarities_14_Score"
similarities_15_resp,String,50,,Recommended,"","",,"","Similarities","WAIS_IV_Similarities_15_Resp"
similarities_15_score,Integer,0,,Recommended,"","0;1;2",,"","Similarities","WAIS_IV_Similarities_15_Score"
similarities_16_resp,String,50,,Recommended,"","",,"","Similarities","WAIS_IV_Similarities_16_Resp"
similarities_16_score,Integer,0,,Recommended,"","0;1;2",,"","Similarities","WAIS_IV_Similarities_16_Score"
similarities_17_resp,String,50,,Recommended,"","",,"","Similarities","WAIS_IV_Similarities_17_Resp"
similarities_17_score,Integer,0,,Recommended,"","0;1;2",,"","Similarities","WAIS_IV_Similarities_17_Score"
similarities_18_resp,String,50,,Recommended,"","",,"","Similarities","WAIS_IV_Similarities_18_Resp"
similarities_18_score,Integer,0,,Recommended,"","0;1;2",,"","Similarities","WAIS_IV_Similarities_18_Score"
similarities_totalrawscore_b,Integer,0,,Recommended,"","0 to 36",,"","Similarities","WAIS_IV_Similarities_TotalRawScore"
digitspanfwd_1_1_resp,String,50,,Recommended,"","",,"","Digit Span - Forward","WAIS_IV_DigitSpanFwd_1_1_Resp"
digitspanfwd_1_1_score,Integer,0,,Recommended,"","0;1",,"","Digit Span - Forward","WAIS_IV_DigitSpanFwd_1_1_Score"
digitspanfwd_1_2_resp,String,50,,Recommended,"","",,"","Digit Span - Forward","WAIS_IV_DigitSpanFwd_1_2_Resp"
digitspanfwd_1_2_score,Integer,0,,Recommended,"","0;1",,"","Digit Span - Forward","WAIS_IV_DigitSpanFwd_1_2_Score"
digitspanfwd_1_score,Integer,0,,Recommended,"","0;1;2",,"","Digit Span - Forward","WAIS_IV_DigitSpanFwd_1_Score"
digitspanfwd_2_1_resp,String,50,,Recommended,"","",,"","Digit Span - Forward","WAIS_IV_DigitSpanFwd_2_1_Resp"
digitspanfwd_2_1_score,Integer,0,,Recommended,"","0;1",,"","Digit Span - Forward","WAIS_IV_DigitSpanFwd_2_1_Score"
digitspanfwd_2_2_resp,String,50,,Recommended,"","",,"","Digit Span - Forward","WAIS_IV_DigitSpanFwd_2_2_Resp"
digitspanfwd_2_2_score,Integer,0,,Recommended,"","0;1",,"","Digit Span - Forward","WAIS_IV_DigitSpanFwd_2_2_Score"
digitspanfwd_2_score,Integer,0,,Recommended,"","0;1;2",,"","Digit Span - Forward","WAIS_IV_DigitSpanFwd_2_Score"
digitspanfwd_3_1_resp,String,50,,Recommended,"","",,"","Digit Span - Forward","WAIS_IV_DigitSpanFwd_3_1_Resp"
digitspanfwd_3_1_score,Integer,0,,Recommended,"","0;1",,"","Digit Span - Forward","WAIS_IV_DigitSpanFwd_3_1_Score"
digitspanfwd_3_2_resp,String,50,,Recommended,"","",,"","Digit Span - Forward","WAIS_IV_DigitSpanFwd_3_2_Resp"
digitspanfwd_3_2_score,Integer,0,,Recommended,"","0;1",,"","Digit Span - Forward","WAIS_IV_DigitSpanFwd_3_2_Score"
digitspanfwd_3_score,Integer,0,,Recommended,"","0;1;2",,"","Digit Span - Forward","WAIS_IV_DigitSpanFwd_3_Score"
digitspanfwd_4_1_resp,String,50,,Recommended,"","",,"","Digit Span - Forward","WAIS_IV_DigitSpanFwd_4_1_Resp"
digitspanfwd_4_1_score,Integer,0,,Recommended,"","0;1",,"","Digit Span - Forward","WAIS_IV_DigitSpanFwd_4_1_Score"
digitspanfwd_4_2_resp,String,50,,Recommended,"","",,"","Digit Span - Forward","WAIS_IV_DigitSpanFwd_4_2_Resp"
digitspanfwd_4_2_score,Integer,0,,Recommended,"","0;1",,"","Digit Span - Forward","WAIS_IV_DigitSpanFwd_4_2_Score"
digitspanfwd_4_score,Integer,0,,Recommended,"","0;1;2",,"","Digit Span - Forward","WAIS_IV_DigitSpanFwd_4_Score"
digitspanfwd_5_1_resp,String,50,,Recommended,"","",,"","Digit Span - Forward","WAIS_IV_DigitSpanFwd_5_1_Resp"
digitspanfwd_5_1_score,Integer,0,,Recommended,"","0;1",,"","Digit Span - Forward","WAIS_IV_DigitSpanFwd_5_1_Score"
digitspanfwd_5_2_resp,String,50,,Recommended,"","",,"","Digit Span - Forward","WAIS_IV_DigitSpanFwd_5_2_Resp"
digitspanfwd_5_2_score,Integer,0,,Recommended,"","0;1",,"","Digit Span - Forward","WAIS_IV_DigitSpanFwd_5_2_Score"
digitspanfwd_5_score,Integer,0,,Recommended,"","0;1;2",,"","Digit Span - Forward","WAIS_IV_DigitSpanFwd_5_Score"
digitspanfwd_6_1_resp,String,50,,Recommended,"","",,"","Digit Span - Forward","WAIS_IV_DigitSpanFwd_6_1_Resp"
digitspanfwd_6_1_score,Integer,0,,Recommended,"","0;1",,"","Digit Span - Forward","WAIS_IV_DigitSpanFwd_6_1_Score"
digitspanfwd_6_2_resp,String,50,,Recommended,"","",,"","Digit Span - Forward","WAIS_IV_DigitSpanFwd_6_2_Resp"
digitspanfwd_6_2_score,Integer,0,,Recommended,"","0;1",,"","Digit Span - Forward","WAIS_IV_DigitSpanFwd_6_2_Score"
digitspanfwd_6_score,Integer,0,,Recommended,"","0;1;2",,"","Digit Span - Forward","WAIS_IV_DigitSpanFwd_6_Score"
digitspanfwd_7_1_resp,String,50,,Recommended,"","",,"","Digit Span - Forward","WAIS_IV_DigitSpanFwd_7_1_Resp"
digitspanfwd_7_1_score,Integer,0,,Recommended,"","0;1",,"","Digit Span - Forward","WAIS_IV_DigitSpanFwd_7_1_Score"
digitspanfwd_7_2_resp,String,50,,Recommended,"","",,"","Digit Span - Forward","WAIS_IV_DigitSpanFwd_7_2_Resp"
digitspanfwd_7_2_score,Integer,0,,Recommended,"","0;1",,"","Digit Span - Forward","WAIS_IV_DigitSpanFwd_7_2_Score"
digitspanfwd_7_score,Integer,0,,Recommended,"","0;1;2",,"","Digit Span - Forward","WAIS_IV_DigitSpanFwd_7_Score"
digitspanfwd_8_1_resp,String,50,,Recommended,"","",,"","Digit Span - Forward","WAIS_IV_DigitSpanFwd_8_1_Resp"
digitspanfwd_8_1_score,Integer,0,,Recommended,"","0;1",,"","Digit Span - Forward","WAIS_IV_DigitSpanFwd_8_1_Score"
digitspanfwd_8_2_resp,String,50,,Recommended,"","",,"","Digit Span - Forward","WAIS_IV_DigitSpanFwd_8_2_Resp"
digitspanfwd_8_2_score,Integer,0,,Recommended,"","0;1",,"","Digit Span - Forward","WAIS_IV_DigitSpanFwd_8_2_Score"
digitspanfwd_8_score,Integer,0,,Recommended,"","0;1;2",,"","Digit Span - Forward","WAIS_IV_DigitSpanFwd_8_Score"
digitspanfwd_ldsf_score,Float,0,,Recommended,"","0 to 9",,"","Digit Span - Forward","WAIS_IV_DigitSpanFwd_LDSF_Score"
digitspanfwd_totalrawscore,Float,0,,Recommended,"","0 to 16",,"","Digit Span - Forward","WAIS_IV_DigitSpanFwd_TotalRawScore"
digitspanbkw_s_1_resp,String,50,,Recommended,"","",,"","Digit Span - Backward","WAIS_IV_DigitSpanBkw_S_1_Resp"
digitspanbkw_s_2_resp,String,50,,Recommended,"","",,"","Digit Span - Backward","WAIS_IV_DigitSpanBkw_S_2_Resp"
digitspanbkw_1_1_resp,String,50,,Recommended,"","",,"","Digit Span - Backward","WAIS_IV_DigitSpanBkw_1_1_Resp"
digitspanbkw_1_1_score,Integer,0,,Recommended,"","0;1",,"","Digit Span - Backward","WAIS_IV_DigitSpanBkw_1_1_Score"
digitspanbkw_1_2_resp,String,50,,Recommended,"","",,"","Digit Span - Backward","WAIS_IV_DigitSpanBkw_1_2_Resp"
digitspanbkw_1_2_score,Integer,0,,Recommended,"","0;1",,"","Digit Span - Backward","WAIS_IV_DigitSpanBkw_1_2_Score"
digitspanbkw_1_score,Integer,0,,Recommended,"","0;1;2",,"","Digit Span - Backward","WAIS_IV_DigitSpanBkw_1_Score"
digitspanbkw_2_1_resp,String,50,,Recommended,"","",,"","Digit Span - Backward","WAIS_IV_DigitSpanBkw_2_1_Resp"
digitspanbkw_2_1_score,Integer,0,,Recommended,"","0;1",,"","Digit Span - Backward","WAIS_IV_DigitSpanBkw_2_1_Score"
digitspanbkw_2_2_resp,String,50,,Recommended,"","",,"","Digit Span - Backward","WAIS_IV_DigitSpanBkw_2_2_Resp"
digitspanbkw_2_2_score,Integer,0,,Recommended,"","0;1",,"","Digit Span - Backward","WAIS_IV_DigitSpanBkw_2_2_Score"
digitspanbkw_2_score,Integer,0,,Recommended,"","0;1;2",,"","Digit Span - Backward","WAIS_IV_DigitSpanBkw_2_Score"
digitspanbkw_3_1_resp,String,50,,Recommended,"","",,"","Digit Span - Backward","WAIS_IV_DigitSpanBkw_3_1_Resp"
digitspanbkw_3_1_score,Integer,0,,Recommended,"","0;1",,"","Digit Span - Backward","WAIS_IV_DigitSpanBkw_3_1_Score"
digitspanbkw_3_2_resp,String,50,,Recommended,"","",,"","Digit Span - Backward","WAIS_IV_DigitSpanBkw_3_2_Resp"
digitspanbkw_3_2_score,Integer,0,,Recommended,"","0;1",,"","Digit Span - Backward","WAIS_IV_DigitSpanBkw_3_2_Score"
digitspanbkw_3_score,Integer,0,,Recommended,"","0;1;2",,"","Digit Span - Backward","WAIS_IV_DigitSpanBkw_3_Score"
digitspanbkw_4_1_resp,String,50,,Recommended,"","",,"","Digit Span - Backward","WAIS_IV_DigitSpanBkw_4_1_Resp"
digitspanbkw_4_1_score,Integer,0,,Recommended,"","0;1",,"","Digit Span - Backward","WAIS_IV_DigitSpanBkw_4_1_Score"
digitspanbkw_4_2_resp,String,50,,Recommended,"","",,"","Digit Span - Backward","WAIS_IV_DigitSpanBkw_4_2_Resp"
digitspanbkw_4_2_score,Integer,0,,Recommended,"","0;1",,"","Digit Span - Backward","WAIS_IV_DigitSpanBkw_4_2_Score"
digitspanbkw_4_score,Integer,0,,Recommended,"","0;1;2",,"","Digit Span - Backward","WAIS_IV_DigitSpanBkw_4_Score"
digitspanbkw_5_1_resp,String,50,,Recommended,"","",,"","Digit Span - Backward","WAIS_IV_DigitSpanBkw_5_1_Resp"
digitspanbkw_5_1_score,Integer,0,,Recommended,"","0;1",,"","Digit Span - Backward","WAIS_IV_DigitSpanBkw_5_1_Score"
digitspanbkw_5_2_resp,String,50,,Recommended,"","",,"","Digit Span - Backward","WAIS_IV_DigitSpanBkw_5_2_Resp"
digitspanbkw_5_2_score,Integer,0,,Recommended,"","0;1",,"","Digit Span - Backward","WAIS_IV_DigitSpanBkw_5_2_Score"
digitspanbkw_5_score,Integer,0,,Recommended,"","0;1;2",,"","Digit Span - Backward","WAIS_IV_DigitSpanBkw_5_Score"
digitspanbkw_6_1_resp,String,50,,Recommended,"","",,"","Digit Span - Backward","WAIS_IV_DigitSpanBkw_6_1_Resp"
digitspanbkw_6_1_score,Integer,0,,Recommended,"","0;1",,"","Digit Span - Backward","WAIS_IV_DigitSpanBkw_6_1_Score"
digitspanbkw_6_2_resp,String,50,,Recommended,"","",,"","Digit Span - Backward","WAIS_IV_DigitSpanBkw_6_2_Resp"
digitspanbkw_6_2_score,Integer,0,,Recommended,"","0;1",,"","Digit Span - Backward","WAIS_IV_DigitSpanBkw_6_2_Score"
digitspanbkw_6_score,Integer,0,,Recommended,"","0;1;2",,"","Digit Span - Backward","WAIS_IV_DigitSpanBkw_6_Score"
digitspanbkw_7_1_resp,String,50,,Recommended,"","",,"","Digit Span - Backward","WAIS_IV_DigitSpanBkw_7_1_Resp"
digitspanbkw_7_1_score,Integer,0,,Recommended,"","0;1",,"","Digit Span - Backward","WAIS_IV_DigitSpanBkw_7_1_Score"
digitspanbkw_7_2_resp,String,50,,Recommended,"","",,"","Digit Span - Backward","WAIS_IV_DigitSpanBkw_7_2_Resp"
digitspanbkw_7_2_score,Integer,0,,Recommended,"","0;1",,"","Digit Span - Backward","WAIS_IV_DigitSpanBkw_7_2_Score"
digitspanbkw_7_score,Integer,0,,Recommended,"","0;1;2",,"","Digit Span - Backward","WAIS_IV_DigitSpanBkw_7_Score"
digitspanbkw_8_1_resp,String,50,,Recommended,"","",,"","Digit Span - Backward","WAIS_IV_DigitSpanBkw_8_1_Resp"
digitspanbkw_8_1_score,Integer,0,,Recommended,"","0;1",,"","Digit Span - Backward","WAIS_IV_DigitSpanBkw_8_1_Score"
digitspanbkw_8_2_resp,String,50,,Recommended,"","",,"","Digit Span - Backward","WAIS_IV_DigitSpanBkw_8_2_Resp"
digitspanbkw_8_2_score,Integer,0,,Recommended,"","0;1",,"","Digit Span - Backward","WAIS_IV_DigitSpanBkw_8_2_Score"
digitspanbkw_8_score,Integer,0,,Recommended,"","0;1;2",,"","Digit Span - Backward","WAIS_IV_DigitSpanBkw_8_Score"
digitspanbkw_ldsb_score,Float,0,,Recommended,"","0 to 8",,"","Digit Span - Backward","WAIS_IV_DigitSpanBkw_LDSB_Score"
digitspanbkw_totalrawscore,Float,0,,Recommended,"","0 to 16",,"","Digit Span - Backward","WAIS_IV_DigitSpanBkw_TotalRawScore"
digitspanseq_s_1_resp,String,50,,Recommended,"","",,"","Digit Span - Sequencing","WAIS_IV_DigitSpanSeq_S_1_Resp"
digitspanseq_s_2_resp,String,50,,Recommended,"","",,"","Digit Span - Sequencing","WAIS_IV_DigitSpanSeq_S_2_Resp"
digitspanseq_1_1_resp,String,50,,Recommended,"","",,"","Digit Span - Sequencing","WAIS_IV_DigitSpanSeq_1_1_Resp"
digitspanseq_1_1_score,Integer,0,,Recommended,"","0;1",,"","Digit Span - Sequencing","WAIS_IV_DigitSpanSeq_1_1_Score"
digitspanseq_1_2_resp,String,50,,Recommended,"","",,"","Digit Span - Sequencing","WAIS_IV_DigitSpanSeq_1_2_Resp"
digitspanseq_1_2_score,Integer,0,,Recommended,"","0;1",,"","Digit Span - Sequencing","WAIS_IV_DigitSpanSeq_1_2_Score"
digitspanseq_1_score,Integer,0,,Recommended,"","0;1;2",,"","Digit Span - Sequencing","WAIS_IV_DigitSpanSeq_1_Score"
digitspanseq_2_1_resp,String,50,,Recommended,"","",,"","Digit Span - Sequencing","WAIS_IV_DigitSpanSeq_2_1_Resp"
digitspanseq_2_1_score,Integer,0,,Recommended,"","0;1",,"","Digit Span - Sequencing","WAIS_IV_DigitSpanSeq_2_1_Score"
digitspanseq_2_2_resp,String,50,,Recommended,"","",,"","Digit Span - Sequencing","WAIS_IV_DigitSpanSeq_2_2_Resp"
digitspanseq_2_2_score,Integer,0,,Recommended,"","0;1",,"","Digit Span - Sequencing","WAIS_IV_DigitSpanSeq_2_2_Score"
digitspanseq_2_score,Integer,0,,Recommended,"","0;1;2",,"","Digit Span - Sequencing","WAIS_IV_DigitSpanSeq_2_Score"
digitspanseq_3_1_resp,String,50,,Recommended,"","",,"","Digit Span - Sequencing","WAIS_IV_DigitSpanSeq_3_1_Resp"
digitspanseq_3_1_score,Integer,0,,Recommended,"","0;1",,"","Digit Span - Sequencing","WAIS_IV_DigitSpanSeq_3_1_Score"
digitspanseq_3_2_resp,String,50,,Recommended,"","",,"","Digit Span - Sequencing","WAIS_IV_DigitSpanSeq_3_2_Resp"
digitspanseq_3_2_score,Integer,0,,Recommended,"","0;1",,"","Digit Span - Sequencing","WAIS_IV_DigitSpanSeq_3_2_Score"
digitspanseq_3_score,Integer,0,,Recommended,"","0;1;2",,"","Digit Span - Sequencing","WAIS_IV_DigitSpanSeq_3_Score"
digitspanseq_4_1_resp,String,50,,Recommended,"","",,"","Digit Span - Sequencing","WAIS_IV_DigitSpanSeq_4_1_Resp"
digitspanseq_4_1_score,Integer,0,,Recommended,"","0;1",,"","Digit Span - Sequencing","WAIS_IV_DigitSpanSeq_4_1_Score"
digitspanseq_4_2_resp,String,50,,Recommended,"","",,"","Digit Span - Sequencing","WAIS_IV_DigitSpanSeq_4_2_Resp"
digitspanseq_4_2_score,Integer,0,,Recommended,"","0;1",,"","Digit Span - Sequencing","WAIS_IV_DigitSpanSeq_4_2_Score"
digitspanseq_4_score,Integer,0,,Recommended,"","0;1;2",,"","Digit Span - Sequencing","WAIS_IV_DigitSpanSeq_4_Score"
digitspanseq_5_1_resp,String,50,,Recommended,"","",,"","Digit Span - Sequencing","WAIS_IV_DigitSpanSeq_5_1_Resp"
digitspanseq_5_1_score,Integer,0,,Recommended,"","0;1",,"","Digit Span - Sequencing","WAIS_IV_DigitSpanSeq_5_1_Score"
digitspanseq_5_2_resp,String,50,,Recommended,"","",,"","Digit Span - Sequencing","WAIS_IV_DigitSpanSeq_5_2_Resp"
digitspanseq_5_2_score,Integer,0,,Recommended,"","0;1",,"","Digit Span - Sequencing","WAIS_IV_DigitSpanSeq_5_2_Score"
digitspanseq_5_score,Integer,0,,Recommended,"","0;1;2",,"","Digit Span - Sequencing","WAIS_IV_DigitSpanSeq_5_Score"
digitspanseq_6_1_resp,String,50,,Recommended,"","",,"","Digit Span - Sequencing","WAIS_IV_DigitSpanSeq_6_1_Resp"
digitspanseq_6_1_score,Integer,0,,Recommended,"","0;1",,"","Digit Span - Sequencing","WAIS_IV_DigitSpanSeq_6_1_Score"
digitspanseq_6_2_resp,String,50,,Recommended,"","",,"","Digit Span - Sequencing","WAIS_IV_DigitSpanSeq_6_2_Resp"
digitspanseq_6_2_score,Integer,0,,Recommended,"","0;1",,"","Digit Span - Sequencing","WAIS_IV_DigitSpanSeq_6_2_Score"
digitspanseq_6_score,Integer,0,,Recommended,"","0;1;2",,"","Digit Span - Sequencing","WAIS_IV_DigitSpanSeq_6_Score"
digitspanseq_7_1_resp,String,50,,Recommended,"","",,"","Digit Span - Sequencing","WAIS_IV_DigitSpanSeq_7_1_Resp"
digitspanseq_7_1_score,Integer,0,,Recommended,"","0;1",,"","Digit Span - Sequencing","WAIS_IV_DigitSpanSeq_7_1_Score"
digitspanseq_7_2_resp,String,50,,Recommended,"","",,"","Digit Span - Sequencing","WAIS_IV_DigitSpanSeq_7_2_Resp"
digitspanseq_7_2_score,Integer,0,,Recommended,"","0;1",,"","Digit Span - Sequencing","WAIS_IV_DigitSpanSeq_7_2_Score"
digitspanseq_7_score,Integer,0,,Recommended,"","0;1;2",,"","Digit Span - Sequencing","WAIS_IV_DigitSpanSeq_7_Score"
digitspanseq_8_1_resp,String,50,,Recommended,"","",,"","Digit Span - Sequencing","WAIS_IV_DigitSpanSeq_8_1_Resp"
digitspanseq_8_1_score,Integer,0,,Recommended,"","0;1",,"","Digit Span - Sequencing","WAIS_IV_DigitSpanSeq_8_1_Score"
digitspanseq_8_2_resp,String,50,,Recommended,"","",,"","Digit Span - Sequencing","WAIS_IV_DigitSpanSeq_8_2_Resp"
digitspanseq_8_2_score,Integer,0,,Recommended,"","0;1",,"","Digit Span - Sequencing","WAIS_IV_DigitSpanSeq_8_2_Score"
digitspanseq_8_score,Integer,0,,Recommended,"","0;1;2",,"","Digit Span - Sequencing","WAIS_IV_DigitSpanSeq_8_Score"
digitspanseq_ldsb_score,Float,0,,Recommended,"","0 to 9",,"","Digit Span - Sequencing","WAIS_IV_DigitSpanSeq_LDSB_Score"
digitspanseq_totalrawscore,Float,0,,Recommended,"","0 to 16",,"","Digit Span - Sequencing","WAIS_IV_DigitSpanSeq_TotalRawScore"
digitspantotal_totalrawscore,Float,0,,Recommended,"","0 to 48",,"","Digit Span - Sequencing","WAIS_IV_DigitSpanTotal_TotalRawScore"
matrixreasoning_a_resp,Integer,0,,Recommended,"","1;2;3;4;5",,"","Matrix Reasoning","WAIS_IV_MatrixReasoning_A_Resp"
matrixreasoning_b_resp,Integer,0,,Recommended,"","1;2;3;4;5",,"","Matrix Reasoning","WAIS_IV_MatrixReasoning_B_Resp"
matrixreasoning_1_resp,Integer,0,,Recommended,"","1;2;3;4;5",,"","Matrix Reasoning","WAIS_IV_MatrixReasoning_1_Resp"
matrixreasoning_1_score,Integer,0,,Recommended,"","0;1",,"","Matrix Reasoning","WAIS_IV_MatrixReasoning_1_Score"
matrixreasoning_2_resp,Integer,0,,Recommended,"","1;2;3;4;5",,"","Matrix Reasoning","WAIS_IV_MatrixReasoning_2_Resp"
matrixreasoning_2_score,Integer,0,,Recommended,"","0;1",,"","Matrix Reasoning","WAIS_IV_MatrixReasoning_2_Score"
matrixreasoning_3_resp,Integer,0,,Recommended,"","1;2;3;4;5",,"","Matrix Reasoning","WAIS_IV_MatrixReasoning_3_Resp"
matrixreasoning_3_score,Integer,0,,Recommended,"","0;1",,"","Matrix Reasoning","WAIS_IV_MatrixReasoning_3_Score"
matrixreasoning_4_resp,Integer,0,,Recommended,"","1;2;3;4;5",,"","Matrix Reasoning","WAIS_IV_MatrixReasoning_4_Resp"
matrixreasoning_4_score,Integer,0,,Recommended,"","0;1",,"","Matrix Reasoning","WAIS_IV_MatrixReasoning_4_Score"
matrixreasoning_5_resp,Integer,0,,Recommended,"","1;2;3;4;5",,"","Matrix Reasoning","WAIS_IV_MatrixReasoning_5_Resp"
matrixreasoning_5_score,Integer,0,,Recommended,"","0;1",,"","Matrix Reasoning","WAIS_IV_MatrixReasoning_5_Score"
matrixreasoning_6_resp,Integer,0,,Recommended,"","1;2;3;4;5",,"","Matrix Reasoning","WAIS_IV_MatrixReasoning_6_Resp"
matrixreasoning_6_score,Integer,0,,Recommended,"","0;1",,"","Matrix Reasoning","WAIS_IV_MatrixReasoning_6_Score"
matrixreasoning_7_resp,Integer,0,,Recommended,"","1;2;3;4;5",,"","Matrix Reasoning","WAIS_IV_MatrixReasoning_7_Resp"
matrixreasoning_7_score,Integer,0,,Recommended,"","0;1",,"","Matrix Reasoning","WAIS_IV_MatrixReasoning_7_Score"
matrixreasoning_8_resp,Integer,0,,Recommended,"","1;2;3;4;5",,"","Matrix Reasoning","WAIS_IV_MatrixReasoning_8_Resp"
matrixreasoning_8_score,Integer,0,,Recommended,"","0;1",,"","Matrix Reasoning","WAIS_IV_MatrixReasoning_8_Score"
matrixreasoning_9_resp,Integer,0,,Recommended,"","1;2;3;4;5",,"","Matrix Reasoning","WAIS_IV_MatrixReasoning_9_Resp"
matrixreasoning_9_score,Integer,0,,Recommended,"","0;1",,"","Matrix Reasoning","WAIS_IV_MatrixReasoning_9_Score"
matrixreasoning_10_resp,Integer,0,,Recommended,"","1;2;3;4;5",,"","Matrix Reasoning","WAIS_IV_MatrixReasoning_10_Resp"
matrixreasoning_10_score,Integer,0,,Recommended,"","0;1",,"","Matrix Reasoning","WAIS_IV_MatrixReasoning_10_Score"
matrixreasoning_11_resp,Integer,0,,Recommended,"","1;2;3;4;5",,"","Matrix Reasoning","WAIS_IV_MatrixReasoning_11_Resp"
matrixreasoning_11_score,Integer,0,,Recommended,"","0;1",,"","Matrix Reasoning","WAIS_IV_MatrixReasoning_11_Score"
matrixreasoning_12_resp,Integer,0,,Recommended,"","1;2;3;4;5",,"","Matrix Reasoning","WAIS_IV_MatrixReasoning_12_Resp"
matrixreasoning_12_score,Integer,0,,Recommended,"","0;1",,"","Matrix Reasoning","WAIS_IV_MatrixReasoning_12_Score"
matrixreasoning_13_resp,Integer,0,,Recommended,"","1;2;3;4;5",,"","Matrix Reasoning","WAIS_IV_MatrixReasoning_13_Resp"
matrixreasoning_13_score,Integer,0,,Recommended,"","0;1",,"","Matrix Reasoning","WAIS_IV_MatrixReasoning_13_Score"
matrixreasoning_14_resp,Integer,0,,Recommended,"","1;2;3;4;5",,"","Matrix Reasoning","WAIS_IV_MatrixReasoning_14_Resp"
matrixreasoning_14_score,Integer,0,,Recommended,"","0;1",,"","Matrix Reasoning","WAIS_IV_MatrixReasoning_14_Score"
matrixreasoning_15_resp,Integer,0,,Recommended,"","1;2;3;4;5",,"","Matrix Reasoning","WAIS_IV_MatrixReasoning_15_Resp"
matrixreasoning_15_score,Integer,0,,Recommended,"","0;1",,"","Matrix Reasoning","WAIS_IV_MatrixReasoning_15_Score"
matrixreasoning_16_resp,Integer,0,,Recommended,"","1;2;3;4;5",,"","Matrix Reasoning","WAIS_IV_MatrixReasoning_16_Resp"
matrixreasoning_16_score,Integer,0,,Recommended,"","0;1",,"","Matrix Reasoning","WAIS_IV_MatrixReasoning_16_Score"
matrixreasoning_17_resp,Integer,0,,Recommended,"","1;2;3;4;5",,"","Matrix Reasoning","WAIS_IV_MatrixReasoning_17_Resp"
matrixreasoning_17_score,Integer,0,,Recommended,"","0;1",,"","Matrix Reasoning","WAIS_IV_MatrixReasoning_17_Score"
matrixreasoning_18_resp,Integer,0,,Recommended,"","1;2;3;4;5",,"","Matrix Reasoning","WAIS_IV_MatrixReasoning_18_Resp"
matrixreasoning_18_score,Integer,0,,Recommended,"","0;1",,"","Matrix Reasoning","WAIS_IV_MatrixReasoning_18_Score"
matrixreasoning_19_resp,Integer,0,,Recommended,"","1;2;3;4;5",,"","Matrix Reasoning","WAIS_IV_MatrixReasoning_19_Resp"
matrixreasoning_19_score,Integer,0,,Recommended,"","0;1",,"","Matrix Reasoning","WAIS_IV_MatrixReasoning_19_Score"
matrixreasoning_20_resp,Integer,0,,Recommended,"","1;2;3;4;5",,"","Matrix Reasoning","WAIS_IV_MatrixReasoning_20_Resp"
matrixreasoning_20_score,Integer,0,,Recommended,"","0;1",,"","Matrix Reasoning","WAIS_IV_MatrixReasoning_20_Score"
matrixreasoning_21_resp,Integer,0,,Recommended,"","1;2;3;4;5",,"","Matrix Reasoning","WAIS_IV_MatrixReasoning_21_Resp"
matrixreasoning_21_score,Integer,0,,Recommended,"","0;1",,"","Matrix Reasoning","WAIS_IV_MatrixReasoning_21_Score"
matrixreasoning_22_resp,Integer,0,,Recommended,"","1;2;3;4;5",,"","Matrix Reasoning","WAIS_IV_MatrixReasoning_22_Resp"
matrixreasoning_22_score,Integer,0,,Recommended,"","0;1",,"","Matrix Reasoning","WAIS_IV_MatrixReasoning_22_Score"
matrixreasoning_23_resp,Integer,0,,Recommended,"","1;2;3;4;5",,"","Matrix Reasoning","WAIS_IV_MatrixReasoning_23_Resp"
matrixreasoning_23_score,Integer,0,,Recommended,"","0;1",,"","Matrix Reasoning","WAIS_IV_MatrixReasoning_23_Score"
matrixreasoning_24_resp,Integer,0,,Recommended,"","1;2;3;4;5",,"","Matrix Reasoning","WAIS_IV_MatrixReasoning_24_Resp"
matrixreasoning_24_score,Integer,0,,Recommended,"","0;1",,"","Matrix Reasoning","WAIS_IV_MatrixReasoning_24_Score"
matrixreasoning_25_resp,Integer,0,,Recommended,"","1;2;3;4;5",,"","Matrix Reasoning","WAIS_IV_MatrixReasoning_25_Resp"
matrixreasoning_25_score,Integer,0,,Recommended,"","0;1",,"","Matrix Reasoning","WAIS_IV_MatrixReasoning_25_Score"
matrixreasoning_26_resp,Integer,0,,Recommended,"","1;2;3;4;5",,"","Matrix Reasoning","WAIS_IV_MatrixReasoning_26_Resp"
matrixreasoning_26_score,Integer,0,,Recommended,"","0;1",,"","Matrix Reasoning","WAIS_IV_MatrixReasoning_26_Score"
matrixreasoning_totalrawscore,Float,0,,Recommended,"","0 to 26",,"","Matrix Reasoning","WAIS_IV_MatrixReasoning_TotalRawScore"
vocabulary_1_resp,String,50,,Recommended,"","",,"","Vocabulary","WAIS_IV_Vocabulary_1_Resp"
vocabulary_1_score,Integer,0,,Recommended,"","0;1",,"","Vocabulary","WAIS_IV_Vocabulary_1_Score"
vocabulary_2_resp,String,50,,Recommended,"","",,"","Vocabulary","WAIS_IV_Vocabulary_2_Resp"
vocabulary_2_score,Integer,0,,Recommended,"","0;1",,"","Vocabulary","WAIS_IV_Vocabulary_2_Score"
vocabulary_3_resp,String,50,,Recommended,"","",,"","Vocabulary","WAIS_IV_Vocabulary_3_Resp"
vocabulary_3_score,Integer,0,,Recommended,"","0;1",,"","Vocabulary","WAIS_IV_Vocabulary_3_Score"
vocabulary_4_resp,String,50,,Recommended,"","",,"","Vocabulary","WAIS_IV_Vocabulary_4_Resp"
vocabulary_4_score,Integer,0,,Recommended,"","0;1;2",,"","Vocabulary","WAIS_IV_Vocabulary_4_Score"
vocabulary_5_resp,String,50,,Recommended,"","",,"","Vocabulary","WAIS_IV_Vocabulary_5_Resp"
vocabulary_5_score,Integer,0,,Recommended,"","0;1;2",,"","Vocabulary","WAIS_IV_Vocabulary_5_Score"
vocabulary_6_resp,String,50,,Recommended,"","",,"","Vocabulary","WAIS_IV_Vocabulary_6_Resp"
vocabulary_6_score,Integer,0,,Recommended,"","0;1;2",,"","Vocabulary","WAIS_IV_Vocabulary_6_Score"
vocabulary_7_resp,String,50,,Recommended,"","",,"","Vocabulary","WAIS_IV_Vocabulary_7_Resp"
vocabulary_7_score,Integer,0,,Recommended,"","0;1;2",,"","Vocabulary","WAIS_IV_Vocabulary_7_Score"
vocabulary_8_resp,String,50,,Recommended,"","",,"","Vocabulary","WAIS_IV_Vocabulary_8_Resp"
vocabulary_8_score,Integer,0,,Recommended,"","0;1;2",,"","Vocabulary","WAIS_IV_Vocabulary_8_Score"
vocabulary_9_resp,String,50,,Recommended,"","",,"","Vocabulary","WAIS_IV_Vocabulary_9_Resp"
vocabulary_9_score,Integer,0,,Recommended,"","0;1;2",,"","Vocabulary","WAIS_IV_Vocabulary_9_Score"
vocabulary_10_resp,String,50,,Recommended,"","",,"","Vocabulary","WAIS_IV_Vocabulary_10_Resp"
vocabulary_10_score,Integer,0,,Recommended,"","0;1;2",,"","Vocabulary","WAIS_IV_Vocabulary_10_Score"
vocabulary_11_resp,String,50,,Recommended,"","",,"","Vocabulary","WAIS_IV_Vocabulary_11_Resp"
vocabulary_11_score,Integer,0,,Recommended,"","0;1;2",,"","Vocabulary","WAIS_IV_Vocabulary_11_Score"
vocabulary_12_resp,String,50,,Recommended,"","",,"","Vocabulary","WAIS_IV_Vocabulary_12_Resp"
vocabulary_12_score,Integer,0,,Recommended,"","0;1;2",,"","Vocabulary","WAIS_IV_Vocabulary_12_Score"
vocabulary_13_resp,String,50,,Recommended,"","",,"","Vocabulary","WAIS_IV_Vocabulary_13_Resp"
vocabulary_13_score,Integer,0,,Recommended,"","0;1;2",,"","Vocabulary","WAIS_IV_Vocabulary_13_Score"
vocabulary_14_resp,String,50,,Recommended,"","",,"","Vocabulary","WAIS_IV_Vocabulary_14_Resp"
vocabulary_14_score,Integer,0,,Recommended,"","0;1;2",,"","Vocabulary","WAIS_IV_Vocabulary_14_Score"
vocabulary_15_resp,String,50,,Recommended,"","",,"","Vocabulary","WAIS_IV_Vocabulary_15_Resp"
vocabulary_15_score,Integer,0,,Recommended,"","0;1;2",,"","Vocabulary","WAIS_IV_Vocabulary_15_Score"
vocabulary_16_resp,String,50,,Recommended,"","",,"","Vocabulary","WAIS_IV_Vocabulary_16_Resp"
vocabulary_16_score,Integer,0,,Recommended,"","0;1;2",,"","Vocabulary","WAIS_IV_Vocabulary_16_Score"
vocabulary_17_resp,String,50,,Recommended,"","",,"","Vocabulary","WAIS_IV_Vocabulary_17_Resp"
vocabulary_17_score,Integer,0,,Recommended,"","0;1;2",,"","Vocabulary","WAIS_IV_Vocabulary_17_Score"
vocabulary_18_resp,String,50,,Recommended,"","",,"","Vocabulary","WAIS_IV_Vocabulary_18_Resp"
vocabulary_18_score,Integer,0,,Recommended,"","0;1;2",,"","Vocabulary","WAIS_IV_Vocabulary_18_Score"
vocabulary_19_resp,String,50,,Recommended,"","",,"","Vocabulary","WAIS_IV_Vocabulary_19_Resp"
vocabulary_19_score,Integer,0,,Recommended,"","0;1;2",,"","Vocabulary","WAIS_IV_Vocabulary_19_Score"
vocabulary_20_resp,String,50,,Recommended,"","",,"","Vocabulary","WAIS_IV_Vocabulary_20_Resp"
vocabulary_20_score,Integer,0,,Recommended,"","0;1;2",,"","Vocabulary","WAIS_IV_Vocabulary_20_Score"
vocabulary_21_resp,String,50,,Recommended,"","",,"","Vocabulary","WAIS_IV_Vocabulary_21_Resp"
vocabulary_21_score,Integer,0,,Recommended,"","0;1;2",,"","Vocabulary","WAIS_IV_Vocabulary_21_Score"
vocabulary_22_resp,String,50,,Recommended,"","",,"","Vocabulary","WAIS_IV_Vocabulary_22_Resp"
vocabulary_22_score,Integer,0,,Recommended,"","0;1;2",,"","Vocabulary","WAIS_IV_Vocabulary_22_Score"
vocabulary_23_resp,String,50,,Recommended,"","",,"","Vocabulary","WAIS_IV_Vocabulary_23_Resp"
vocabulary_23_score,Integer,0,,Recommended,"","0;1;2",,"","Vocabulary","WAIS_IV_Vocabulary_23_Score"
vocabulary_24_resp,String,50,,Recommended,"","",,"","Vocabulary","WAIS_IV_Vocabulary_24_Resp"
vocabulary_24_score,Integer,0,,Recommended,"","0;1;2",,"","Vocabulary","WAIS_IV_Vocabulary_24_Score"
vocabulary_25_resp,String,50,,Recommended,"","",,"","Vocabulary","WAIS_IV_Vocabulary_25_Resp"
vocabulary_25_score,Integer,0,,Recommended,"","0;1;2",,"","Vocabulary","WAIS_IV_Vocabulary_25_Score"
vocabulary_26_resp,String,50,,Recommended,"","",,"","Vocabulary","WAIS_IV_Vocabulary_26_Resp"
vocabulary_26_score,Integer,0,,Recommended,"","0;1;2",,"","Vocabulary","WAIS_IV_Vocabulary_26_Score"
vocabulary_27_resp,String,50,,Recommended,"","",,"","Vocabulary","WAIS_IV_Vocabulary_27_Resp"
vocabulary_27_score,Integer,0,,Recommended,"","0;1;2",,"","Vocabulary","WAIS_IV_Vocabulary_27_Score"
vocabulary_28_resp,String,50,,Recommended,"","",,"","Vocabulary","WAIS_IV_Vocabulary_28_Resp"
vocabulary_28_score,Integer,0,,Recommended,"","0;1;2",,"","Vocabulary","WAIS_IV_Vocabulary_28_Score"
vocabulary_29_resp,String,50,,Recommended,"","",,"","Vocabulary","WAIS_IV_Vocabulary_29_Resp"
vocabulary_29_score,Integer,0,,Recommended,"","0;1;2",,"","Vocabulary","WAIS_IV_Vocabulary_29_Score"
vocabulary_30_resp,String,50,,Recommended,"","",,"","Vocabulary","WAIS_IV_Vocabulary_30_Resp"
vocabulary_30_score,Integer,0,,Recommended,"","0;1;2",,"","Vocabulary","WAIS_IV_Vocabulary_30_Score"
vocabulary_totalrawscore,Float,0,,Recommended,"","0 to 57",,"","Vocabulary","WAIS_IV_Vocabulary_TotalRawScore"
