ElementName,DataType,Size,Unit,Required,ElementDescription,ValueRange,Keywords,Notes,Section,Aliases
subjectkey,GUID,0,,Required,"","NDAR*",,"","Header",""
assess_join_var,Integer,0,,Required,"","",,"","",""
src_subject_id,String,20,,Required,"","",,"","Header","WAIS_IV_SRC_Subject_ID"
interview_date,Date,0,,Required,"","MM/yyyy;MM/dd/yyyy",,"* '01/01/1900' indicates that a date associated with retrospective data is not known.","Header","WAIS_IV_interview_date"
interview_age,Integer,0,,Required,"","0 to 1200",,"Age is rounded to chronological month If the research participant is 13 days old at time of interview  the appropriate value would be 0 months if the participant is 19 days old the value would be 1 month","Header","WAIS_IV_interview_age"
behavobs_handedness,String,25,,Recommended,"","R;L",,"","Behavioral Observations","WAIS_IV_BehavObs_Handedness"
comments_misc,String,255,,Optional,"","",,"","Header","WAIS_IV_comments_misc"
arithmetic_s_comptime,Integer,0,,Recommended,"","1+",,"","Arithmetic","WAIS_IV_Arithmetic_S_CompTime"
arithmetic_s_resp,String,50,,Recommended,"","",,"","Arithmetic","WAIS_IV_Arithmetic_S_Resp"
arithmetic_1_comptime,Integer,0,,Recommended,"","1+",,"","Arithmetic","WAIS_IV_Arithmetic_1_CompTime"
arithmetic_1_resp,String,50,,Recommended,"","",,"","Arithmetic","WAIS_IV_Arithmetic_1_Resp"
arithmetic_1_score,Integer,0,,Recommended,"","0;1",,"","Arithmetic","WAIS_IV_Arithmetic_1_Score"
arithmetic_2_comptime,Integer,0,,Recommended,"","1+",,"","Arithmetic","WAIS_IV_Arithmetic_2_CompTime"
arithmetic_2_resp,String,50,,Recommended,"","",,"","Arithmetic","WAIS_IV_Arithmetic_2_Resp"
arithmetic_2_score,Integer,0,,Recommended,"","0;1",,"","Arithmetic","WAIS_IV_Arithmetic_2_Score"
arithmetic_3_comptime,Integer,0,,Recommended,"","1+",,"","Arithmetic","WAIS_IV_Arithmetic_3_CompTime"
arithmetic_3_resp,String,50,,Recommended,"","",,"","Arithmetic","WAIS_IV_Arithmetic_3_Resp"
arithmetic_3_score,Integer,0,,Recommended,"","0;1",,"","Arithmetic","WAIS_IV_Arithmetic_3_Score"
arithmetic_4_comptime,Integer,0,,Recommended,"","1+",,"","Arithmetic","WAIS_IV_Arithmetic_4_CompTime"
arithmetic_4_resp,String,50,,Recommended,"","",,"","Arithmetic","WAIS_IV_Arithmetic_4_Resp"
arithmetic_4_score,Integer,0,,Recommended,"","0;1",,"","Arithmetic","WAIS_IV_Arithmetic_4_Score"
arithmetic_5_comptime,Integer,0,,Recommended,"","1+",,"","Arithmetic","WAIS_IV_Arithmetic_5_CompTime"
arithmetic_5_resp,String,50,,Recommended,"","",,"","Arithmetic","WAIS_IV_Arithmetic_5_Resp"
arithmetic_5_score,Integer,0,,Recommended,"","0;1",,"","Arithmetic","WAIS_IV_Arithmetic_5_Score"
arithmetic_6_comptime,Integer,0,,Recommended,"","1+",,"","Arithmetic","WAIS_IV_Arithmetic_6_CompTime"
arithmetic_6_resp,String,50,,Recommended,"","",,"","Arithmetic","WAIS_IV_Arithmetic_6_Resp"
arithmetic_6_score,Integer,0,,Recommended,"","0;1",,"","Arithmetic","WAIS_IV_Arithmetic_6_Score"
arithmetic_7_comptime,Integer,0,,Recommended,"","1+",,"","Arithmetic","WAIS_IV_Arithmetic_7_CompTime"
arithmetic_7_resp,String,50,,Recommended,"","",,"","Arithmetic","WAIS_IV_Arithmetic_7_Resp"
arithmetic_7_score,Integer,0,,Recommended,"","0;1",,"","Arithmetic","WAIS_IV_Arithmetic_7_Score"
arithmetic_8_comptime,Integer,0,,Recommended,"","1+",,"","Arithmetic","WAIS_IV_Arithmetic_8_CompTime"
arithmetic_8_resp,String,50,,Recommended,"","",,"","Arithmetic","WAIS_IV_Arithmetic_8_Resp"
arithmetic_8_score,Integer,0,,Recommended,"","0;1",,"","Arithmetic","WAIS_IV_Arithmetic_8_Score"
arithmetic_9_comptime,Integer,0,,Recommended,"","1+",,"","Arithmetic","WAIS_IV_Arithmetic_9_CompTime"
arithmetic_9_resp,String,50,,Recommended,"","",,"","Arithmetic","WAIS_IV_Arithmetic_9_Resp"
arithmetic_9_score,Integer,0,,Recommended,"","0;1",,"","Arithmetic","WAIS_IV_Arithmetic_9_Score"
arithmetic_10_comptime,Integer,0,,Recommended,"","1+",,"","Arithmetic","WAIS_IV_Arithmetic_10_CompTime"
arithmetic_10_resp,String,50,,Recommended,"","",,"","Arithmetic","WAIS_IV_Arithmetic_10_Resp"
arithmetic_10_score,Integer,0,,Recommended,"","0;1",,"","Arithmetic","WAIS_IV_Arithmetic_10_Score"
arithmetic_11_comptime,Integer,0,,Recommended,"","1+",,"","Arithmetic","WAIS_IV_Arithmetic_11_CompTime"
arithmetic_11_resp,String,50,,Recommended,"","",,"","Arithmetic","WAIS_IV_Arithmetic_11_Resp"
arithmetic_11_score,Integer,0,,Recommended,"","0;1",,"","Arithmetic","WAIS_IV_Arithmetic_11_Score"
arithmetic_12_comptime,Integer,0,,Recommended,"","1+",,"","Arithmetic","WAIS_IV_Arithmetic_12_CompTime"
arithmetic_12_resp,String,50,,Recommended,"","",,"","Arithmetic","WAIS_IV_Arithmetic_12_Resp"
arithmetic_12_score,Integer,0,,Recommended,"","0;1",,"","Arithmetic","WAIS_IV_Arithmetic_12_Score"
arithmetic_13_comptime,Integer,0,,Recommended,"","1+",,"","Arithmetic","WAIS_IV_Arithmetic_13_CompTime"
arithmetic_13_resp,String,50,,Recommended,"","",,"","Arithmetic","WAIS_IV_Arithmetic_13_Resp"
arithmetic_13_score,Integer,0,,Recommended,"","0;1",,"","Arithmetic","WAIS_IV_Arithmetic_13_Score"
arithmetic_14_comptime,Integer,0,,Recommended,"","1+",,"","Arithmetic","WAIS_IV_Arithmetic_14_CompTime"
arithmetic_14_resp,String,50,,Recommended,"","",,"","Arithmetic","WAIS_IV_Arithmetic_14_Resp"
arithmetic_14_score,Integer,0,,Recommended,"","0;1",,"","Arithmetic","WAIS_IV_Arithmetic_14_Score"
arithmetic_15_comptime,Integer,0,,Recommended,"","1+",,"","Arithmetic","WAIS_IV_Arithmetic_15_CompTime"
arithmetic_15_resp,String,50,,Recommended,"","",,"","Arithmetic","WAIS_IV_Arithmetic_15_Resp"
arithmetic_15_score,Integer,0,,Recommended,"","0;1",,"","Arithmetic","WAIS_IV_Arithmetic_15_Score"
arithmetic_16_comptime,Integer,0,,Recommended,"","1+",,"","Arithmetic","WAIS_IV_Arithmetic_16_CompTime"
arithmetic_16_resp,String,50,,Recommended,"","",,"","Arithmetic","WAIS_IV_Arithmetic_16_Resp"
arithmetic_16_score,Integer,0,,Recommended,"","0;1",,"","Arithmetic","WAIS_IV_Arithmetic_16_Score"
arithmetic_17_comptime,Integer,0,,Recommended,"","1+",,"","Arithmetic","WAIS_IV_Arithmetic_17_CompTime"
arithmetic_17_resp,String,50,,Recommended,"","",,"","Arithmetic","WAIS_IV_Arithmetic_17_Resp"
arithmetic_17_score,Integer,0,,Recommended,"","0;1",,"","Arithmetic","WAIS_IV_Arithmetic_17_Score"
arithmetic_18_comptime,Integer,0,,Recommended,"","1+",,"","Arithmetic","WAIS_IV_Arithmetic_18_CompTime"
arithmetic_18_resp,String,50,,Recommended,"","",,"","Arithmetic","WAIS_IV_Arithmetic_18_Resp"
arithmetic_18_score,Integer,0,,Recommended,"","0;1",,"","Arithmetic","WAIS_IV_Arithmetic_18_Score"
arithmetic_19_comptime,Integer,0,,Recommended,"","1+",,"","Arithmetic","WAIS_IV_Arithmetic_19_CompTime"
arithmetic_19_resp,String,50,,Recommended,"","",,"","Arithmetic","WAIS_IV_Arithmetic_19_Resp"
arithmetic_19_score,Integer,0,,Recommended,"","0;1",,"","Arithmetic","WAIS_IV_Arithmetic_19_Score"
arithmetic_20_comptime,Integer,0,,Recommended,"","1+",,"","Arithmetic","WAIS_IV_Arithmetic_20_CompTime"
arithmetic_20_resp,String,50,,Recommended,"","",,"","Arithmetic","WAIS_IV_Arithmetic_20_Resp"
arithmetic_20_score,Integer,0,,Recommended,"","0;1",,"","Arithmetic","WAIS_IV_Arithmetic_20_Score"
arithmetic_21_comptime,Integer,0,,Recommended,"","1+",,"","Arithmetic","WAIS_IV_Arithmetic_21_CompTime"
arithmetic_21_resp,String,50,,Recommended,"","",,"","Arithmetic","WAIS_IV_Arithmetic_21_Resp"
arithmetic_21_score,Integer,0,,Recommended,"","0;1",,"","Arithmetic","WAIS_IV_Arithmetic_21_Score"
arithmetic_22_comptime,Integer,0,,Recommended,"","1+",,"","Arithmetic","WAIS_IV_Arithmetic_22_CompTime"
arithmetic_22_resp,String,50,,Recommended,"","",,"","Arithmetic","WAIS_IV_Arithmetic_22_Resp"
arithmetic_22_score,Integer,0,,Recommended,"","0;1",,"","Arithmetic","WAIS_IV_Arithmetic_22_Score"
arithmetic_totalrawscore,Float,0,,Required,"","0 to 22",,"","Arithmetic","WAIS_IV_Arithmetic_TotalRawScore"
symbolsearch_comptime,Integer,0,,Recommended,"","1+",,"","Symbol Search","WAIS_IV_SymbolSearch_CompTime"
symbolsearch_numcorrect,Integer,0,,Recommended,"","0+",,"","Symbol Search","WAIS_IV_SymbolSearch_NumCorrect"
symbolsearch_numincorrect,Integer,0,,Recommended,"","0+",,"","Symbol Search","WAIS_IV_SymbolSearch_NumIncorrect"
symbolsearch_totalrawscore,Float,0,,Required,"","0 to 60",,"","Symbol Search","WAIS_IV_SymbolSearch_TotalRawScore"
visualpuzzles_d_comptime,Integer,0,,Recommended,"","1+",,"","Visual Puzzles","WAIS_IV_VisualPuzzles_D_CompTime"
visualpuzzles_d_resp,Integer,0,,Recommended,"","1;2;3;4;5;6",,"","Visual Puzzles","WAIS_IV_VisualPuzzles_D_Resp"
visualpuzzles_s_comptime,Integer,0,,Recommended,"","1+",,"","Visual Puzzles","WAIS_IV_VisualPuzzles_S_CompTime"
visualpuzzles_s_resp,Integer,0,,Recommended,"","1;2;3;4;5;6",,"","Visual Puzzles","WAIS_IV_VisualPuzzles_S_Resp"
visualpuzzles_1_comptime,Integer,0,,Recommended,"","1+",,"","Visual Puzzles","WAIS_IV_VisualPuzzles_1_CompTime"
visualpuzzles_1_resp,Integer,0,,Recommended,"","1;2;3;4;5;6",,"","Visual Puzzles","WAIS_IV_VisualPuzzles_1_Resp"
visualpuzzles_1_score,Integer,0,,Recommended,"","0;1",,"","Visual Puzzles","WAIS_IV_VisualPuzzles_1_Score"
visualpuzzles_2_comptime,Integer,0,,Recommended,"","1+",,"","Visual Puzzles","WAIS_IV_VisualPuzzles_2_CompTime"
visualpuzzles_2_resp,Integer,0,,Recommended,"","1;2;3;4;5;6",,"","Visual Puzzles","WAIS_IV_VisualPuzzles_2_Resp"
visualpuzzles_2_score,Integer,0,,Recommended,"","0;1",,"","Visual Puzzles","WAIS_IV_VisualPuzzles_2_Score"
visualpuzzles_3_comptime,Integer,0,,Recommended,"","1+",,"","Visual Puzzles","WAIS_IV_VisualPuzzles_3_CompTime"
visualpuzzles_3_resp,Integer,0,,Recommended,"","1;2;3;4;5;6",,"","Visual Puzzles","WAIS_IV_VisualPuzzles_3_Resp"
visualpuzzles_3_score,Integer,0,,Recommended,"","0;1",,"","Visual Puzzles","WAIS_IV_VisualPuzzles_3_Score"
visualpuzzles_4_comptime,Integer,0,,Recommended,"","1+",,"","Visual Puzzles","WAIS_IV_VisualPuzzles_4_CompTime"
visualpuzzles_4_resp,Integer,0,,Recommended,"","1;2;3;4;5;6",,"","Visual Puzzles","WAIS_IV_VisualPuzzles_4_Resp"
visualpuzzles_4_score,Integer,0,,Recommended,"","0;1",,"","Visual Puzzles","WAIS_IV_VisualPuzzles_4_Score"
visualpuzzles_5_comptime,Integer,0,,Recommended,"","1+",,"","Visual Puzzles","WAIS_IV_VisualPuzzles_5_CompTime"
visualpuzzles_5_resp,Integer,0,,Recommended,"","1;2;3;4;5;6",,"","Visual Puzzles","WAIS_IV_VisualPuzzles_5_Resp"
visualpuzzles_5_score,Integer,0,,Recommended,"","0;1",,"","Visual Puzzles","WAIS_IV_VisualPuzzles_5_Score"
visualpuzzles_6_comptime,Integer,0,,Recommended,"","1+",,"","Visual Puzzles","WAIS_IV_VisualPuzzles_6_CompTime"
visualpuzzles_6_resp,Integer,0,,Recommended,"","1;2;3;4;5;6",,"","Visual Puzzles","WAIS_IV_VisualPuzzles_6_Resp"
visualpuzzles_6_score,Integer,0,,Recommended,"","0;1",,"","Visual Puzzles","WAIS_IV_VisualPuzzles_6_Score"
visualpuzzles_7_comptime,Integer,0,,Recommended,"","1+",,"","Visual Puzzles","WAIS_IV_VisualPuzzles_7_CompTime"
visualpuzzles_7_resp,Integer,0,,Recommended,"","1;2;3;4;5;6",,"","Visual Puzzles","WAIS_IV_VisualPuzzles_7_Resp"
visualpuzzles_7_score,Integer,0,,Recommended,"","0;1",,"","Visual Puzzles","WAIS_IV_VisualPuzzles_7_Score"
visualpuzzles_8_comptime,Integer,0,,Recommended,"","1+",,"","Visual Puzzles","WAIS_IV_VisualPuzzles_8_CompTime"
visualpuzzles_8_resp,Integer,0,,Recommended,"","1;2;3;4;5;6",,"","Visual Puzzles","WAIS_IV_VisualPuzzles_8_Resp"
visualpuzzles_8_score,Integer,0,,Recommended,"","0;1",,"","Visual Puzzles","WAIS_IV_VisualPuzzles_8_Score"
visualpuzzles_9_comptime,Integer,0,,Recommended,"","1+",,"","Visual Puzzles","WAIS_IV_VisualPuzzles_9_CompTime"
visualpuzzles_9_resp,Integer,0,,Recommended,"","1;2;3;4;5;6",,"","Visual Puzzles","WAIS_IV_VisualPuzzles_9_Resp"
visualpuzzles_9_score,Integer,0,,Recommended,"","0;1",,"","Visual Puzzles","WAIS_IV_VisualPuzzles_9_Score"
visualpuzzles_10_comptime,Integer,0,,Recommended,"","1+",,"","Visual Puzzles","WAIS_IV_VisualPuzzles_10_CompTime"
visualpuzzles_10_resp,Integer,0,,Recommended,"","1;2;3;4;5;6",,"","Visual Puzzles","WAIS_IV_VisualPuzzles_10_Resp"
visualpuzzles_10_score,Integer,0,,Recommended,"","0;1",,"","Visual Puzzles","WAIS_IV_VisualPuzzles_10_Score"
visualpuzzles_11_comptime,Integer,0,,Recommended,"","1+",,"","Visual Puzzles","WAIS_IV_VisualPuzzles_11_CompTime"
visualpuzzles_11_resp,Integer,0,,Recommended,"","1;2;3;4;5;6",,"","Visual Puzzles","WAIS_IV_VisualPuzzles_11_Resp"
visualpuzzles_11_score,Integer,0,,Recommended,"","0;1",,"","Visual Puzzles","WAIS_IV_VisualPuzzles_11_Score"
visualpuzzles_12_comptime,Integer,0,,Recommended,"","1+",,"","Visual Puzzles","WAIS_IV_VisualPuzzles_12_CompTime"
visualpuzzles_12_resp,Integer,0,,Recommended,"","1;2;3;4;5;6",,"","Visual Puzzles","WAIS_IV_VisualPuzzles_12_Resp"
visualpuzzles_12_score,Integer,0,,Recommended,"","0;1",,"","Visual Puzzles","WAIS_IV_VisualPuzzles_12_Score"
visualpuzzles_13_comptime,Integer,0,,Recommended,"","1+",,"","Visual Puzzles","WAIS_IV_VisualPuzzles_13_CompTime"
visualpuzzles_13_resp,Integer,0,,Recommended,"","1;2;3;4;5;6",,"","Visual Puzzles","WAIS_IV_VisualPuzzles_13_Resp"
visualpuzzles_13_score,Integer,0,,Recommended,"","0;1",,"","Visual Puzzles","WAIS_IV_VisualPuzzles_13_Score"
visualpuzzles_14_comptime,Integer,0,,Recommended,"","1+",,"","Visual Puzzles","WAIS_IV_VisualPuzzles_14_CompTime"
visualpuzzles_14_resp,Integer,0,,Recommended,"","1;2;3;4;5;6",,"","Visual Puzzles","WAIS_IV_VisualPuzzles_14_Resp"
visualpuzzles_14_score,Integer,0,,Recommended,"","0;1",,"","Visual Puzzles","WAIS_IV_VisualPuzzles_14_Score"
visualpuzzles_15_comptime,Integer,0,,Recommended,"","1+",,"","Visual Puzzles","WAIS_IV_VisualPuzzles_15_CompTime"
visualpuzzles_15_resp,Integer,0,,Recommended,"","1;2;3;4;5;6",,"","Visual Puzzles","WAIS_IV_VisualPuzzles_15_Resp"
visualpuzzles_15_score,Integer,0,,Recommended,"","0;1",,"","Visual Puzzles","WAIS_IV_VisualPuzzles_15_Score"
visualpuzzles_16_comptime,Integer,0,,Recommended,"","1+",,"","Visual Puzzles","WAIS_IV_VisualPuzzles_16_CompTime"
visualpuzzles_16_resp,Integer,0,,Recommended,"","1;2;3;4;5;6",,"","Visual Puzzles","WAIS_IV_VisualPuzzles_16_Resp"
visualpuzzles_16_score,Integer,0,,Recommended,"","0;1",,"","Visual Puzzles","WAIS_IV_VisualPuzzles_16_Score"
visualpuzzles_17_comptime,Integer,0,,Recommended,"","1+",,"","Visual Puzzles","WAIS_IV_VisualPuzzles_17_CompTime"
visualpuzzles_17_resp,Integer,0,,Recommended,"","1;2;3;4;5;6",,"","Visual Puzzles","WAIS_IV_VisualPuzzles_17_Resp"
visualpuzzles_17_score,Integer,0,,Recommended,"","0;1",,"","Visual Puzzles","WAIS_IV_VisualPuzzles_17_Score"
visualpuzzles_18_comptime,Integer,0,,Recommended,"","1+",,"","Visual Puzzles","WAIS_IV_VisualPuzzles_18_CompTime"
visualpuzzles_18_resp,Integer,0,,Recommended,"","1;2;3;4;5;6",,"","Visual Puzzles","WAIS_IV_VisualPuzzles_18_Resp"
visualpuzzles_18_score,Integer,0,,Recommended,"","0;1",,"","Visual Puzzles","WAIS_IV_VisualPuzzles_18_Score"
visualpuzzles_19_comptime,Integer,0,,Recommended,"","1+",,"","Visual Puzzles","WAIS_IV_VisualPuzzles_19_CompTime"
visualpuzzles_19_resp,Integer,0,,Recommended,"","1;2;3;4;5;6",,"","Visual Puzzles","WAIS_IV_VisualPuzzles_19_Resp"
visualpuzzles_19_score,Integer,0,,Recommended,"","0;1",,"","Visual Puzzles","WAIS_IV_VisualPuzzles_19_Score"
visualpuzzles_20_comptime,Integer,0,,Recommended,"","1+",,"","Visual Puzzles","WAIS_IV_VisualPuzzles_20_CompTime"
visualpuzzles_20_resp,Integer,0,,Recommended,"","1;2;3;4;5;6",,"","Visual Puzzles","WAIS_IV_VisualPuzzles_20_Resp"
visualpuzzles_20_score,Integer,0,,Recommended,"","0;1",,"","Visual Puzzles","WAIS_IV_VisualPuzzles_20_Score"
visualpuzzles_21_comptime,Integer,0,,Recommended,"","1+",,"","Visual Puzzles","WAIS_IV_VisualPuzzles_21_CompTime"
visualpuzzles_21_resp,Integer,0,,Recommended,"","1;2;3;4;5;6",,"","Visual Puzzles","WAIS_IV_VisualPuzzles_21_Resp"
visualpuzzles_21_score,Integer,0,,Recommended,"","0;1",,"","Visual Puzzles","WAIS_IV_VisualPuzzles_21_Score"
visualpuzzles_22_comptime,Integer,0,,Recommended,"","1+",,"","Visual Puzzles","WAIS_IV_VisualPuzzles_22_CompTime"
visualpuzzles_22_resp,Integer,0,,Recommended,"","1;2;3;4;5;6",,"","Visual Puzzles","WAIS_IV_VisualPuzzles_22_Resp"
visualpuzzles_22_score,Integer,0,,Recommended,"","0;1",,"","Visual Puzzles","WAIS_IV_VisualPuzzles_22_Score"
visualpuzzles_23_comptime,Integer,0,,Recommended,"","1+",,"","Visual Puzzles","WAIS_IV_VisualPuzzles_23_CompTime"
visualpuzzles_23_resp,Integer,0,,Recommended,"","1;2;3;4;5;6",,"","Visual Puzzles","WAIS_IV_VisualPuzzles_23_Resp"
visualpuzzles_23_score,Integer,0,,Recommended,"","0;1",,"","Visual Puzzles","WAIS_IV_VisualPuzzles_23_Score"
visualpuzzles_24_comptime,Integer,0,,Recommended,"","1+",,"","Visual Puzzles","WAIS_IV_VisualPuzzles_24_CompTime"
visualpuzzles_24_resp,Integer,0,,Recommended,"","1;2;3;4;5;6",,"","Visual Puzzles","WAIS_IV_VisualPuzzles_24_Resp"
visualpuzzles_24_score,Integer,0,,Recommended,"","0;1",,"","Visual Puzzles","WAIS_IV_VisualPuzzles_24_Score"
visualpuzzles_25_comptime,Integer,0,,Recommended,"","1+",,"","Visual Puzzles","WAIS_IV_VisualPuzzles_25_CompTime"
visualpuzzles_25_resp,Integer,0,,Recommended,"","1;2;3;4;5;6",,"","Visual Puzzles","WAIS_IV_VisualPuzzles_25_Resp"
visualpuzzles_25_score,Integer,0,,Recommended,"","0;1",,"","Visual Puzzles","WAIS_IV_VisualPuzzles_25_Score"
visualpuzzles_26_comptime,Integer,0,,Recommended,"","1+",,"","Visual Puzzles","WAIS_IV_VisualPuzzles_26_CompTime"
visualpuzzles_26_resp,Integer,0,,Recommended,"","1;2;3;4;5;6",,"","Visual Puzzles","WAIS_IV_VisualPuzzles_26_Resp"
visualpuzzles_26_score,Integer,0,,Recommended,"","0;1",,"","Visual Puzzles","WAIS_IV_VisualPuzzles_26_Score"
visualpuzzles_totalrawscore,Float,0,,Required,"","0 to 26",,"","Visual Puzzles","WAIS_IV_VisualPuzzles_TotalRawScore"
information_1_resp,String,50,,Recommended,"","",,"","Information","WAIS_IV_Information_1_Resp"
information_1_score,Integer,0,,Recommended,"","0;1",,"","Information","WAIS_IV_Information_1_Score"
information_2_resp,String,50,,Recommended,"","",,"","Information","WAIS_IV_Information_2_Resp"
information_2_score,Integer,0,,Recommended,"","0;1",,"","Information","WAIS_IV_Information_2_Score"
information_3_resp,String,50,,Recommended,"","",,"","Information","WAIS_IV_Information_3_Resp"
information_3_score,Integer,0,,Recommended,"","0;1",,"","Information","WAIS_IV_Information_3_Score"
information_4_resp,String,50,,Recommended,"","",,"","Information","WAIS_IV_Information_4_Resp"
information_4_score,Integer,0,,Recommended,"","0;1",,"","Information","WAIS_IV_Information_4_Score"
information_5_resp,String,50,,Recommended,"","",,"","Information","WAIS_IV_Information_5_Resp"
information_5_score,Integer,0,,Recommended,"","0;1",,"","Information","WAIS_IV_Information_5_Score"
information_6_resp,String,50,,Recommended,"","",,"","Information","WAIS_IV_Information_6_Resp"
information_6_score,Integer,0,,Recommended,"","0;1",,"","Information","WAIS_IV_Information_6_Score"
information_7_resp,String,50,,Recommended,"","",,"","Information","WAIS_IV_Information_7_Resp"
information_7_score,Integer,0,,Recommended,"","0;1",,"","Information","WAIS_IV_Information_7_Score"
information_8_resp,String,50,,Recommended,"","",,"","Information","WAIS_IV_Information_8_Resp"
information_8_score,Integer,0,,Recommended,"","0;1",,"","Information","WAIS_IV_Information_8_Score"
information_9_resp,String,50,,Recommended,"","",,"","Information","WAIS_IV_Information_9_Resp"
information_9_score,Integer,0,,Recommended,"","0;1",,"","Information","WAIS_IV_Information_9_Score"
information_10_resp,String,50,,Recommended,"","",,"","Information","WAIS_IV_Information_10_Resp"
information_10_score,Integer,0,,Recommended,"","0;1",,"","Information","WAIS_IV_Information_10_Score"
information_11_resp,String,50,,Recommended,"","",,"","Information","WAIS_IV_Information_11_Resp"
information_11_score,Integer,0,,Recommended,"","0;1",,"","Information","WAIS_IV_Information_11_Score"
information_12_resp,String,50,,Recommended,"","",,"","Information","WAIS_IV_Information_12_Resp"
information_12_score,Integer,0,,Recommended,"","0;1",,"","Information","WAIS_IV_Information_12_Score"
information_13_resp,String,50,,Recommended,"","",,"","Information","WAIS_IV_Information_13_Resp"
information_13_score,Integer,0,,Recommended,"","0;1",,"","Information","WAIS_IV_Information_13_Score"
information_14_resp,String,50,,Recommended,"","",,"","Information","WAIS_IV_Information_14_Resp"
information_14_score,Integer,0,,Recommended,"","0;1",,"","Information","WAIS_IV_Information_14_Score"
information_15_resp,String,50,,Recommended,"","",,"","Information","WAIS_IV_Information_15_Resp"
information_15_score,Integer,0,,Recommended,"","0;1",,"","Information","WAIS_IV_Information_15_Score"
information_16_resp,String,50,,Recommended,"","",,"","Information","WAIS_IV_Information_16_Resp"
information_16_score,Integer,0,,Recommended,"","0;1",,"","Information","WAIS_IV_Information_16_Score"
information_17_resp,String,50,,Recommended,"","",,"","Information","WAIS_IV_Information_17_Resp"
information_17_score,Integer,0,,Recommended,"","0;1",,"","Information","WAIS_IV_Information_17_Score"
information_18_resp,String,50,,Recommended,"","",,"","Information","WAIS_IV_Information_18_Resp"
information_18_score,Integer,0,,Recommended,"","0;1",,"","Information","WAIS_IV_Information_18_Score"
information_19_resp,String,50,,Recommended,"","",,"","Information","WAIS_IV_Information_19_Resp"
information_19_score,Integer,0,,Recommended,"","0;1",,"","Information","WAIS_IV_Information_19_Score"
information_20_resp,String,50,,Recommended,"","",,"","Information","WAIS_IV_Information_20_Resp"
information_20_score,Integer,0,,Recommended,"","0;1",,"","Information","WAIS_IV_Information_20_Score"
information_21_resp,String,50,,Recommended,"","",,"","Information","WAIS_IV_Information_21_Resp"
information_21_score,Integer,0,,Recommended,"","0;1",,"","Information","WAIS_IV_Information_21_Score"
information_22_resp,String,50,,Recommended,"","",,"","Information","WAIS_IV_Information_22_Resp"
information_22_score,Integer,0,,Recommended,"","0;1",,"","Information","WAIS_IV_Information_22_Score"
information_23_resp,String,50,,Recommended,"","",,"","Information","WAIS_IV_Information_23_Resp"
information_23_score,Integer,0,,Recommended,"","0;1",,"","Information","WAIS_IV_Information_23_Score"
information_24_resp,String,50,,Recommended,"","",,"","Information","WAIS_IV_Information_24_Resp"
information_24_score,Integer,0,,Recommended,"","0;1",,"","Information","WAIS_IV_Information_24_Score"
information_25_resp,String,50,,Recommended,"","",,"","Information","WAIS_IV_Information_25_Resp"
information_25_score,Integer,0,,Recommended,"","0;1",,"","Information","WAIS_IV_Information_25_Score"
information_26_resp,String,50,,Recommended,"","",,"","Information","WAIS_IV_Information_26_Resp"
information_26_score,Integer,0,,Recommended,"","0;1",,"","Information","WAIS_IV_Information_26_Score"
information_totalrawscore,Float,0,,Required,"","0 to 26",,"","Information","WAIS_IV_Information_TotalRawScore"
coding_comptime,Integer,0,,Recommended,"","",,"","Coding","WAIS_IV_Coding_CompTime"
coding_totalrawscore,Float,0,,Required,"","0 to 135",,"","Coding","WAIS_IV_Coding_TotalRawScore"
letnumseq_da_resp,String,50,,Recommended,"","",,"","Letter - Number Sequence","WAIS_IV_LetNumSeq_DA_Resp"
letnumseq_sa_resp,String,50,,Recommended,"","",,"","Letter - Number Sequence","WAIS_IV_LetNumSeq_SA_Resp"
letnumseq_1_1_resp,String,50,,Recommended,"","",,"","Letter - Number Sequence","WAIS_IV_LetNumSeq_1_1_Resp"
letnumseq_1_1_score,Integer,0,,Recommended,"","0;1",,"","Letter - Number Sequence","WAIS_IV_LetNumSeq_1_1_Score"
letnumseq_1_2_resp,String,50,,Recommended,"","",,"","Letter - Number Sequence","WAIS_IV_LetNumSeq_1_2_Resp"
letnumseq_1_2_score,Integer,0,,Recommended,"","0;1",,"","Letter - Number Sequence","WAIS_IV_LetNumSeq_1_2_Score"
letnumseq_1_3_resp,String,50,,Recommended,"","",,"","Letter - Number Sequence","WAIS_IV_LetNumSeq_1_3_Resp"
letnumseq_1_3_score,Integer,0,,Recommended,"","0;1",,"","Letter - Number Sequence","WAIS_IV_LetNumSeq_1_3_Score"
letnumseq_1_score,Integer,0,,Recommended,"","0;1;2;3",,"","Letter - Number Sequence","WAIS_IV_LetNumSeq_1_Score"
letnumseq_2_1_resp,String,50,,Recommended,"","",,"","Letter - Number Sequence","WAIS_IV_LetNumSeq_2_1_Resp"
letnumseq_2_1_score,Integer,0,,Recommended,"","0;1",,"","Letter - Number Sequence","WAIS_IV_LetNumSeq_2_1_Score"
letnumseq_2_2_resp,String,50,,Recommended,"","",,"","Letter - Number Sequence","WAIS_IV_LetNumSeq_2_2_Resp"
letnumseq_2_2_score,Integer,0,,Recommended,"","0;1",,"","Letter - Number Sequence","WAIS_IV_LetNumSeq_2_2_Score"
letnumseq_2_3_resp,String,50,,Recommended,"","",,"","Letter - Number Sequence","WAIS_IV_LetNumSeq_2_3_Resp"
letnumseq_2_3_score,Integer,0,,Recommended,"","0;1",,"","Letter - Number Sequence","WAIS_IV_LetNumSeq_2_3_Score"
letnumseq_2_score,Integer,0,,Recommended,"","0;1;2;3",,"","Letter - Number Sequence","WAIS_IV_LetNumSeq_2_Score"
letnumseq_db_resp,String,50,,Recommended,"","",,"","Letter - Number Sequence","WAIS_IV_LetNumSeq_DB_Resp"
letnumseq_sb_1_resp,String,50,,Recommended,"","",,"","Letter - Number Sequence","WAIS_IV_LetNumSeq_SB_1_Resp"
letnumseq_sb_2_resp,String,50,,Recommended,"","",,"","Letter - Number Sequence","WAIS_IV_LetNumSeq_SB_2_Resp"
letnumseq_3_1_resp,String,50,,Recommended,"","",,"","Letter - Number Sequence","WAIS_IV_LetNumSeq_3_1_Resp"
letnumseq_3_1_score,Integer,0,,Recommended,"","0;1",,"","Letter - Number Sequence","WAIS_IV_LetNumSeq_3_1_Score"
letnumseq_3_2_resp,String,50,,Recommended,"","",,"","Letter - Number Sequence","WAIS_IV_LetNumSeq_3_2_Resp"
letnumseq_3_2_score,Integer,0,,Recommended,"","0;1",,"","Letter - Number Sequence","WAIS_IV_LetNumSeq_3_2_Score"
letnumseq_3_3_resp,String,50,,Recommended,"","",,"","Letter - Number Sequence","WAIS_IV_LetNumSeq_3_3_Resp"
letnumseq_3_3_score,Integer,0,,Recommended,"","0;1",,"","Letter - Number Sequence","WAIS_IV_LetNumSeq_3_3_Score"
letnumseq_3_score,Integer,0,,Recommended,"","0;1;2;3",,"","Letter - Number Sequence","WAIS_IV_LetNumSeq_3_Score"
letnumseq_4_1_resp,String,50,,Recommended,"","",,"","Letter - Number Sequence","WAIS_IV_LetNumSeq_4_1_Resp"
letnumseq_4_1_score,Integer,0,,Recommended,"","0;1",,"","Letter - Number Sequence","WAIS_IV_LetNumSeq_4_1_Score"
letnumseq_4_2_resp,String,50,,Recommended,"","",,"","Letter - Number Sequence","WAIS_IV_LetNumSeq_4_2_Resp"
letnumseq_4_2_score,Integer,0,,Recommended,"","0;1",,"","Letter - Number Sequence","WAIS_IV_LetNumSeq_4_2_Score"
letnumseq_4_3_resp,String,50,,Recommended,"","",,"","Letter - Number Sequence","WAIS_IV_LetNumSeq_4_3_Resp"
letnumseq_4_3_score,Integer,0,,Recommended,"","0;1",,"","Letter - Number Sequence","WAIS_IV_LetNumSeq_4_3_Score"
letnumseq_4_score,Integer,0,,Recommended,"","0;1;2;3",,"","Letter - Number Sequence","WAIS_IV_LetNumSeq_4_Score"
letnumseq_5_1_resp,String,50,,Recommended,"","",,"","Letter - Number Sequence","WAIS_IV_LetNumSeq_5_1_Resp"
letnumseq_5_1_score,Integer,0,,Recommended,"","0;1",,"","Letter - Number Sequence","WAIS_IV_LetNumSeq_5_1_Score"
letnumseq_5_2_resp,String,50,,Recommended,"","",,"","Letter - Number Sequence","WAIS_IV_LetNumSeq_5_2_Resp"
letnumseq_5_2_score,Integer,0,,Recommended,"","0;1",,"","Letter - Number Sequence","WAIS_IV_LetNumSeq_5_2_Score"
letnumseq_5_3_resp,String,50,,Recommended,"","",,"","Letter - Number Sequence","WAIS_IV_LetNumSeq_5_3_Resp"
letnumseq_5_3_score,Integer,0,,Recommended,"","0;1",,"","Letter - Number Sequence","WAIS_IV_LetNumSeq_5_3_Score"
letnumseq_5_score,Integer,0,,Recommended,"","0;1;2;3",,"","Letter - Number Sequence","WAIS_IV_LetNumSeq_5_Score"
letnumseq_6_1_resp,String,50,,Recommended,"","",,"","Letter - Number Sequence","WAIS_IV_LetNumSeq_6_1_Resp"
letnumseq_6_1_score,Integer,0,,Recommended,"","0;1",,"","Letter - Number Sequence","WAIS_IV_LetNumSeq_6_1_Score"
letnumseq_6_2_resp,String,50,,Recommended,"","",,"","Letter - Number Sequence","WAIS_IV_LetNumSeq_6_2_Resp"
letnumseq_6_2_score,Integer,0,,Recommended,"","0;1",,"","Letter - Number Sequence","WAIS_IV_LetNumSeq_6_2_Score"
letnumseq_6_3_resp,String,50,,Recommended,"","",,"","Letter - Number Sequence","WAIS_IV_LetNumSeq_6_3_Resp"
letnumseq_6_3_score,Integer,0,,Recommended,"","0;1",,"","Letter - Number Sequence","WAIS_IV_LetNumSeq_6_3_Score"
letnumseq_6_score,Integer,0,,Recommended,"","0;1;2;3",,"","Letter - Number Sequence","WAIS_IV_LetNumSeq_6_Score"
letnumseq_7_1_resp,String,50,,Recommended,"","",,"","Letter - Number Sequence","WAIS_IV_LetNumSeq_7_1_Resp"
letnumseq_7_1_score,Integer,0,,Recommended,"","0;1",,"","Letter - Number Sequence","WAIS_IV_LetNumSeq_7_1_Score"
letnumseq_7_2_resp,String,50,,Recommended,"","",,"","Letter - Number Sequence","WAIS_IV_LetNumSeq_7_2_Resp"
letnumseq_7_2_score,Integer,0,,Recommended,"","0;1",,"","Letter - Number Sequence","WAIS_IV_LetNumSeq_7_2_Score"
letnumseq_7_3_resp,String,50,,Recommended,"","",,"","Letter - Number Sequence","WAIS_IV_LetNumSeq_7_3_Resp"
letnumseq_7_3_score,Integer,0,,Recommended,"","0;1",,"","Letter - Number Sequence","WAIS_IV_LetNumSeq_7_3_Score"
letnumseq_7_score,Integer,0,,Recommended,"","0;1;2;3",,"","Letter - Number Sequence","WAIS_IV_LetNumSeq_7_Score"
letnumseq_8_1_resp,String,50,,Recommended,"","",,"","Letter - Number Sequence","WAIS_IV_LetNumSeq_8_1_Resp"
letnumseq_8_1_score,Integer,0,,Recommended,"","0;1",,"","Letter - Number Sequence","WAIS_IV_LetNumSeq_8_1_Score"
letnumseq_8_2_resp,String,50,,Recommended,"","",,"","Letter - Number Sequence","WAIS_IV_LetNumSeq_8_2_Resp"
letnumseq_8_2_score,Integer,0,,Recommended,"","0;1",,"","Letter - Number Sequence","WAIS_IV_LetNumSeq_8_2_Score"
letnumseq_8_3_resp,String,50,,Recommended,"","",,"","Letter - Number Sequence","WAIS_IV_LetNumSeq_8_3_Resp"
letnumseq_8_3_score,Integer,0,,Recommended,"","0;1",,"","Letter - Number Sequence","WAIS_IV_LetNumSeq_8_3_Score"
letnumseq_8_score,Integer,0,,Recommended,"","0;1;2;3",,"","Letter - Number Sequence","WAIS_IV_LetNumSeq_8_Score"
letnumseq_9_1_resp,String,50,,Recommended,"","",,"","Letter - Number Sequence","WAIS_IV_LetNumSeq_9_1_Resp"
letnumseq_9_1_score,Integer,0,,Recommended,"","0;1",,"","Letter - Number Sequence","WAIS_IV_LetNumSeq_9_1_Score"
letnumseq_9_2_resp,String,50,,Recommended,"","",,"","Letter - Number Sequence","WAIS_IV_LetNumSeq_9_2_Resp"
letnumseq_9_2_score,Integer,0,,Recommended,"","0;1",,"","Letter - Number Sequence","WAIS_IV_LetNumSeq_9_2_Score"
letnumseq_9_3_resp,String,50,,Recommended,"","",,"","Letter - Number Sequence","WAIS_IV_LetNumSeq_9_3_Resp"
letnumseq_9_3_score,Integer,0,,Recommended,"","0;1",,"","Letter - Number Sequence","WAIS_IV_LetNumSeq_9_3_Score"
letnumseq_9_score,Integer,0,,Recommended,"","0;1;2;3",,"","Letter - Number Sequence","WAIS_IV_LetNumSeq_9_Score"
letnumseq_10_1_resp,String,50,,Recommended,"","",,"","Letter - Number Sequence","WAIS_IV_LetNumSeq_10_1_Resp"
letnumseq_10_1_score,Integer,0,,Recommended,"","0;1",,"","Letter - Number Sequence","WAIS_IV_LetNumSeq_10_1_Score"
letnumseq_10_2_resp,String,50,,Recommended,"","",,"","Letter - Number Sequence","WAIS_IV_LetNumSeq_10_2_Resp"
letnumseq_10_2_score,Integer,0,,Recommended,"","0;1",,"","Letter - Number Sequence","WAIS_IV_LetNumSeq_10_2_Score"
letnumseq_10_3_resp,String,50,,Recommended,"","",,"","Letter - Number Sequence","WAIS_IV_LetNumSeq_10_3_Resp"
letnumseq_10_3_score,Integer,0,,Recommended,"","0;1",,"","Letter - Number Sequence","WAIS_IV_LetNumSeq_10_3_Score"
letnumseq_10_score,Integer,0,,Recommended,"","0;1;2;3",,"","Letter - Number Sequence","WAIS_IV_LetNumSeq_10_Score"
letnumseq_llns_score,Float,0,,Recommended,"","0 to 8",,"","Letter - Number Sequence","WAIS_IV_LetNumSeq_LLNS_Score"
letnumseq_totalrawscore,Float,0,,Required,"","0 to 30",,"","Letter - Number Sequence","WAIS_IV_LetNumSeq_TotalRawScore"
figureweights_da_comptime,Integer,0,,Recommended,"","1+",,"","Figure Weights","WAIS_IV_FigureWeights_DA_CompTime"
figureweights_da_resp,Integer,0,,Recommended,"","1;2;3;4;5",,"","Figure Weights","WAIS_IV_FigureWeights_DA_Resp"
figureweights_db_comptime,Integer,0,,Recommended,"","1+",,"","Figure Weights","WAIS_IV_FigureWeights_DB_CompTime"
figureweights_db_resp,Integer,0,,Recommended,"","1;2;3;4;5",,"","Figure Weights","WAIS_IV_FigureWeights_DB_Resp"
figureweights_s_comptime,Integer,0,,Recommended,"","1+",,"","Figure Weights","WAIS_IV_FigureWeights_S_CompTime"
figureweights_s_resp,Integer,0,,Recommended,"","1;2;3;4;5",,"","Figure Weights","WAIS_IV_FigureWeights_S_Resp"
figureweights_1_comptime,Integer,0,,Recommended,"","1+",,"","Figure Weights","WAIS_IV_FigureWeights_1_CompTime"
figureweights_1_resp,Integer,0,,Recommended,"","1;2;3;4;5",,"","Figure Weights","WAIS_IV_FigureWeights_1_Resp"
figureweights_1_score,Integer,0,,Recommended,"","0;1",,"","Figure Weights","WAIS_IV_FigureWeights_1_Score"
figureweights_2_comptime,Integer,0,,Recommended,"","1+",,"","Figure Weights","WAIS_IV_FigureWeights_2_CompTime"
figureweights_2_resp,Integer,0,,Recommended,"","1;2;3;4;5",,"","Figure Weights","WAIS_IV_FigureWeights_2_Resp"
figureweights_2_score,Integer,0,,Recommended,"","0;1",,"","Figure Weights","WAIS_IV_FigureWeights_2_Score"
figureweights_3_comptime,Integer,0,,Recommended,"","1+",,"","Figure Weights","WAIS_IV_FigureWeights_3_CompTime"
figureweights_3_resp,Integer,0,,Recommended,"","1;2;3;4;5",,"","Figure Weights","WAIS_IV_FigureWeights_3_Resp"
figureweights_3_score,Integer,0,,Recommended,"","0;1",,"","Figure Weights","WAIS_IV_FigureWeights_3_Score"
figureweights_4_comptime,Integer,0,,Recommended,"","1+",,"","Figure Weights","WAIS_IV_FigureWeights_4_CompTime"
figureweights_4_resp,Integer,0,,Recommended,"","1;2;3;4;5",,"","Figure Weights","WAIS_IV_FigureWeights_4_Resp"
figureweights_4_score,Integer,0,,Recommended,"","0;1",,"","Figure Weights","WAIS_IV_FigureWeights_4_Score"
figureweights_5_comptime,Integer,0,,Recommended,"","1+",,"","Figure Weights","WAIS_IV_FigureWeights_5_CompTime"
figureweights_5_resp,Integer,0,,Recommended,"","1;2;3;4;5",,"","Figure Weights","WAIS_IV_FigureWeights_5_Resp"
figureweights_5_score,Integer,0,,Recommended,"","0;1",,"","Figure Weights","WAIS_IV_FigureWeights_5_Score"
figureweights_6_comptime,Integer,0,,Recommended,"","1+",,"","Figure Weights","WAIS_IV_FigureWeights_6_CompTime"
figureweights_6_resp,Integer,0,,Recommended,"","1;2;3;4;5",,"","Figure Weights","WAIS_IV_FigureWeights_6_Resp"
figureweights_6_score,Integer,0,,Recommended,"","0;1",,"","Figure Weights","WAIS_IV_FigureWeights_6_Score"
figureweights_7_comptime,Integer,0,,Recommended,"","1+",,"","Figure Weights","WAIS_IV_FigureWeights_7_CompTime"
figureweights_7_resp,Integer,0,,Recommended,"","1;2;3;4;5",,"","Figure Weights","WAIS_IV_FigureWeights_7_Resp"
figureweights_7_score,Integer,0,,Recommended,"","0;1",,"","Figure Weights","WAIS_IV_FigureWeights_7_Score"
figureweights_8_comptime,Integer,0,,Recommended,"","1+",,"","Figure Weights","WAIS_IV_FigureWeights_8_CompTime"
figureweights_8_resp,Integer,0,,Recommended,"","1;2;3;4;5",,"","Figure Weights","WAIS_IV_FigureWeights_8_Resp"
figureweights_8_score,Integer,0,,Recommended,"","0;1",,"","Figure Weights","WAIS_IV_FigureWeights_8_Score"
figureweights_9_comptime,Integer,0,,Recommended,"","1+",,"","Figure Weights","WAIS_IV_FigureWeights_9_CompTime"
figureweights_9_resp,Integer,0,,Recommended,"","1;2;3;4;5",,"","Figure Weights","WAIS_IV_FigureWeights_9_Resp"
figureweights_9_score,Integer,0,,Recommended,"","0;1",,"","Figure Weights","WAIS_IV_FigureWeights_9_Score"
figureweights_10_comptime,Integer,0,,Recommended,"","1+",,"","Figure Weights","WAIS_IV_FigureWeights_10_CompTime"
figureweights_10_resp,Integer,0,,Recommended,"","1;2;3;4;5",,"","Figure Weights","WAIS_IV_FigureWeights_10_Resp"
figureweights_10_score,Integer,0,,Recommended,"","0;1",,"","Figure Weights","WAIS_IV_FigureWeights_10_Score"
figureweights_11_comptime,Integer,0,,Recommended,"","1+",,"","Figure Weights","WAIS_IV_FigureWeights_11_CompTime"
figureweights_11_resp,Integer,0,,Recommended,"","1;2;3;4;5",,"","Figure Weights","WAIS_IV_FigureWeights_11_Resp"
figureweights_11_score,Integer,0,,Recommended,"","0;1",,"","Figure Weights","WAIS_IV_FigureWeights_11_Score"
figureweights_12_comptime,Integer,0,,Recommended,"","1+",,"","Figure Weights","WAIS_IV_FigureWeights_12_CompTime"
figureweights_12_resp,Integer,0,,Recommended,"","1;2;3;4;5",,"","Figure Weights","WAIS_IV_FigureWeights_12_Resp"
figureweights_12_score,Integer,0,,Recommended,"","0;1",,"","Figure Weights","WAIS_IV_FigureWeights_12_Score"
figureweights_13_comptime,Integer,0,,Recommended,"","1+",,"","Figure Weights","WAIS_IV_FigureWeights_13_CompTime"
figureweights_13_resp,Integer,0,,Recommended,"","1;2;3;4;5",,"","Figure Weights","WAIS_IV_FigureWeights_13_Resp"
figureweights_13_score,Integer,0,,Recommended,"","0;1",,"","Figure Weights","WAIS_IV_FigureWeights_13_Score"
figureweights_14_comptime,Integer,0,,Recommended,"","1+",,"","Figure Weights","WAIS_IV_FigureWeights_14_CompTime"
figureweights_14_resp,Integer,0,,Recommended,"","1;2;3;4;5",,"","Figure Weights","WAIS_IV_FigureWeights_14_Resp"
figureweights_14_score,Integer,0,,Recommended,"","0;1",,"","Figure Weights","WAIS_IV_FigureWeights_14_Score"
figureweights_15_comptime,Integer,0,,Recommended,"","1+",,"","Figure Weights","WAIS_IV_FigureWeights_15_CompTime"
figureweights_15_resp,Integer,0,,Recommended,"","1;2;3;4;5",,"","Figure Weights","WAIS_IV_FigureWeights_15_Resp"
figureweights_15_score,Integer,0,,Recommended,"","0;1",,"","Figure Weights","WAIS_IV_FigureWeights_15_Score"
figureweights_16_comptime,Integer,0,,Recommended,"","1+",,"","Figure Weights","WAIS_IV_FigureWeights_16_CompTime"
figureweights_16_resp,Integer,0,,Recommended,"","1;2;3;4;5",,"","Figure Weights","WAIS_IV_FigureWeights_16_Resp"
figureweights_16_score,Integer,0,,Recommended,"","0;1",,"","Figure Weights","WAIS_IV_FigureWeights_16_Score"
figureweights_17_comptime,Integer,0,,Recommended,"","1+",,"","Figure Weights","WAIS_IV_FigureWeights_17_CompTime"
figureweights_17_resp,Integer,0,,Recommended,"","1;2;3;4;5",,"","Figure Weights","WAIS_IV_FigureWeights_17_Resp"
figureweights_17_score,Integer,0,,Recommended,"","0;1",,"","Figure Weights","WAIS_IV_FigureWeights_17_Score"
figureweights_18_comptime,Integer,0,,Recommended,"","1+",,"","Figure Weights","WAIS_IV_FigureWeights_18_CompTime"
figureweights_18_resp,Integer,0,,Recommended,"","1;2;3;4;5",,"","Figure Weights","WAIS_IV_FigureWeights_18_Resp"
figureweights_18_score,Integer,0,,Recommended,"","0;1",,"","Figure Weights","WAIS_IV_FigureWeights_18_Score"
figureweights_19_comptime,Integer,0,,Recommended,"","1+",,"","Figure Weights","WAIS_IV_FigureWeights_19_CompTime"
figureweights_19_resp,Integer,0,,Recommended,"","1;2;3;4;5",,"","Figure Weights","WAIS_IV_FigureWeights_19_Resp"
figureweights_19_score,Integer,0,,Recommended,"","0;1",,"","Figure Weights","WAIS_IV_FigureWeights_19_Score"
figureweights_20_comptime,Integer,0,,Recommended,"","1+",,"","Figure Weights","WAIS_IV_FigureWeights_20_CompTime"
figureweights_20_resp,Integer,0,,Recommended,"","1;2;3;4;5",,"","Figure Weights","WAIS_IV_FigureWeights_20_Resp"
figureweights_20_score,Integer,0,,Recommended,"","0;1",,"","Figure Weights","WAIS_IV_FigureWeights_20_Score"
figureweights_21_comptime,Integer,0,,Recommended,"","1+",,"","Figure Weights","WAIS_IV_FigureWeights_21_CompTime"
figureweights_21_resp,Integer,0,,Recommended,"","1;2;3;4;5",,"","Figure Weights","WAIS_IV_FigureWeights_21_Resp"
figureweights_21_score,Integer,0,,Recommended,"","0;1",,"","Figure Weights","WAIS_IV_FigureWeights_21_Score"
figureweights_22_comptime,Integer,0,,Recommended,"","1+",,"","Figure Weights","WAIS_IV_FigureWeights_22_CompTime"
figureweights_22_resp,Integer,0,,Recommended,"","1;2;3;4;5",,"","Figure Weights","WAIS_IV_FigureWeights_22_Resp"
figureweights_22_score,Integer,0,,Recommended,"","0;1",,"","Figure Weights","WAIS_IV_FigureWeights_22_Score"
figureweights_23_comptime,Integer,0,,Recommended,"","1+",,"","Figure Weights","WAIS_IV_FigureWeights_23_CompTime"
figureweights_23_resp,Integer,0,,Recommended,"","1;2;3;4;5",,"","Figure Weights","WAIS_IV_FigureWeights_23_Resp"
figureweights_23_score,Integer,0,,Recommended,"","0;1",,"","Figure Weights","WAIS_IV_FigureWeights_23_Score"
figureweights_24_comptime,Integer,0,,Recommended,"","1+",,"","Figure Weights","WAIS_IV_FigureWeights_24_CompTime"
figureweights_24_resp,Integer,0,,Recommended,"","1;2;3;4;5",,"","Figure Weights","WAIS_IV_FigureWeights_24_Resp"
figureweights_24_score,Integer,0,,Recommended,"","0;1",,"","Figure Weights","WAIS_IV_FigureWeights_24_Score"
figureweights_25_comptime,Integer,0,,Recommended,"","1+",,"","Figure Weights","WAIS_IV_FigureWeights_25_CompTime"
figureweights_25_resp,Integer,0,,Recommended,"","1;2;3;4;5",,"","Figure Weights","WAIS_IV_FigureWeights_25_Resp"
figureweights_25_score,Integer,0,,Recommended,"","0;1",,"","Figure Weights","WAIS_IV_FigureWeights_25_Score"
figureweights_26_comptime,Integer,0,,Recommended,"","1+",,"","Figure Weights","WAIS_IV_FigureWeights_26_CompTime"
figureweights_26_resp,Integer,0,,Recommended,"","1;2;3;4;5",,"","Figure Weights","WAIS_IV_FigureWeights_26_Resp"
figureweights_26_score,Integer,0,,Recommended,"","0;1",,"","Figure Weights","WAIS_IV_FigureWeights_26_Score"
figureweights_27_comptime,Integer,0,,Recommended,"","1+",,"","Figure Weights","WAIS_IV_FigureWeights_27_CompTime"
figureweights_27_resp,Integer,0,,Recommended,"","1;2;3;4;5",,"","Figure Weights","WAIS_IV_FigureWeights_27_Resp"
figureweights_27_score,Integer,0,,Recommended,"","0;1",,"","Figure Weights","WAIS_IV_FigureWeights_27_Score"
figureweights_totalrawscore,Float,0,,Required,"","0 to 27",,"","Figure Weights","WAIS_IV_FigureWeights_TotalRawScore"
comprehension_1_resp,String,50,,Recommended,"","",,"","Comprehension","WAIS_IV_Comprehension_1_Resp"
comprehension_1_score,Integer,0,,Recommended,"","0;1;2",,"","Comprehension","WAIS_IV_Comprehension_1_Score"
comprehension_2_resp,String,50,,Recommended,"","",,"","Comprehension","WAIS_IV_Comprehension_2_Resp"
comprehension_2_score,Integer,0,,Recommended,"","0;1;2",,"","Comprehension","WAIS_IV_Comprehension_2_Score"
comprehension_3_resp,String,50,,Recommended,"","",,"","Comprehension","WAIS_IV_Comprehension_3_Resp"
comprehension_3_score,Integer,0,,Recommended,"","0;1;2",,"","Comprehension","WAIS_IV_Comprehension_3_Score"
comprehension_4_resp,String,50,,Recommended,"","",,"","Comprehension","WAIS_IV_Comprehension_4_Resp"
comprehension_4_score,Integer,0,,Recommended,"","0;1;2",,"","Comprehension","WAIS_IV_Comprehension_4_Score"
comprehension_5_resp,String,50,,Recommended,"","",,"","Comprehension","WAIS_IV_Comprehension_5_Resp"
comprehension_5_score,Integer,0,,Recommended,"","0;1;2",,"","Comprehension","WAIS_IV_Comprehension_5_Score"
comprehension_6_resp,String,50,,Recommended,"","",,"","Comprehension","WAIS_IV_Comprehension_6_Resp"
comprehension_6_score,Integer,0,,Recommended,"","0;1;2",,"","Comprehension","WAIS_IV_Comprehension_6_Score"
comprehension_7_resp,String,50,,Recommended,"","",,"","Comprehension","WAIS_IV_Comprehension_7_Resp"
comprehension_7_score,Integer,0,,Recommended,"","0;1;2",,"","Comprehension","WAIS_IV_Comprehension_7_Score"
comprehension_8_resp,String,50,,Recommended,"","",,"","Comprehension","WAIS_IV_Comprehension_8_Resp"
comprehension_8_score,Integer,0,,Recommended,"","0;1;2",,"","Comprehension","WAIS_IV_Comprehension_8_Score"
comprehension_9_resp,String,50,,Recommended,"","",,"","Comprehension","WAIS_IV_Comprehension_9_Resp"
comprehension_9_score,Integer,0,,Recommended,"","0;1;2",,"","Comprehension","WAIS_IV_Comprehension_9_Score"
comprehension_10_resp,String,50,,Recommended,"","",,"","Comprehension","WAIS_IV_Comprehension_10_Resp"
comprehension_10_score,Integer,0,,Recommended,"","0;1;2",,"","Comprehension","WAIS_IV_Comprehension_10_Score"
comprehension_11_resp,String,50,,Recommended,"","",,"","Comprehension","WAIS_IV_Comprehension_11_Resp"
comprehension_11_score,Integer,0,,Recommended,"","0;1;2",,"","Comprehension","WAIS_IV_Comprehension_11_Score"
comprehension_12_resp,String,50,,Recommended,"","",,"","Comprehension","WAIS_IV_Comprehension_12_Resp"
comprehension_12_score,Integer,0,,Recommended,"","0;1;2",,"","Comprehension","WAIS_IV_Comprehension_12_Score"
comprehension_13_resp,String,50,,Recommended,"","",,"","Comprehension","WAIS_IV_Comprehension_13_Resp"
comprehension_13_score,Integer,0,,Recommended,"","0;1;2",,"","Comprehension","WAIS_IV_Comprehension_13_Score"
comprehension_14_resp,String,50,,Recommended,"","",,"","Comprehension","WAIS_IV_Comprehension_14_Resp"
comprehension_14_score,Integer,0,,Recommended,"","0;1;2",,"","Comprehension","WAIS_IV_Comprehension_14_Score"
comprehension_15_resp,String,50,,Recommended,"","",,"","Comprehension","WAIS_IV_Comprehension_15_Resp"
comprehension_15_score,Integer,0,,Recommended,"","0;1;2",,"","Comprehension","WAIS_IV_Comprehension_15_Score"
comprehension_16_resp,String,50,,Recommended,"","",,"","Comprehension","WAIS_IV_Comprehension_16_Resp"
comprehension_16_score,Integer,0,,Recommended,"","0;1;2",,"","Comprehension","WAIS_IV_Comprehension_16_Score"
comprehension_17_resp,String,50,,Recommended,"","",,"","Comprehension","WAIS_IV_Comprehension_17_Resp"
comprehension_17_score,Integer,0,,Recommended,"","0;1;2",,"","Comprehension","WAIS_IV_Comprehension_17_Score"
comprehension_18_resp,String,50,,Recommended,"","",,"","Comprehension","WAIS_IV_Comprehension_18_Resp"
comprehension_18_score,Integer,0,,Recommended,"","0;1;2",,"","Comprehension","WAIS_IV_Comprehension_18_Score"
comprehension_totalrawscore,Float,0,,Required,"","0 to 36",,"","Comprehension","WAIS_IV_Comprehension_TotalRawScore"
cancellation_1_comptime,Integer,0,,Recommended,"","1+",,"","Cancellation","WAIS_IV_Cancellation_1_CompTime"
cancellation_1_numcorrect,Integer,0,,Recommended,"","0+",,"","Cancellation","WAIS_IV_Cancellation_1_NumCorrect"
cancellation_1_numincorrect,Integer,0,,Recommended,"","0+",,"","Cancellation","WAIS_IV_Cancellation_1_NumIncorrect"
cancellation_1_score,Integer,0,,Recommended,"","",,"","Cancellation","WAIS_IV_Cancellation_1_Score"
cancellation_2_comptime,Integer,0,,Recommended,"","1+",,"","Cancellation","WAIS_IV_Cancellation_2_CompTime"
cancellation_2_numcorrect,Integer,0,,Recommended,"","0+",,"","Cancellation","WAIS_IV_Cancellation_2_NumCorrect"
cancellation_2_numincorrect,Integer,0,,Recommended,"","0+",,"","Cancellation","WAIS_IV_Cancellation_2_NumIncorrect"
cancellation_2_score,Integer,0,,Recommended,"","",,"","Cancellation","WAIS_IV_Cancellation_2_Score"
cancellation_totalrawscore,Float,0,,Required,"","0 to 72",,"","Cancellation","WAIS_IV_Cancellation_TotalRawScore"
picturecomp_s_comptime,Integer,0,,Recommended,"","1+",,"","Picture Completion","WAIS_IV_PictureComp_S_CompTime"
picturecomp_s_vresp,String,50,,Recommended,"","",,"","Picture Completion","WAIS_IV_PictureComp_S_VResp"
picturecomp_s_presp,String,50,,Recommended,"","PC;PX",,"","Picture Completion","WAIS_IV_PictureComp_S_PResp"
picturecomp_1_comptime,Integer,0,,Recommended,"","1+",,"","Picture Completion","WAIS_IV_PictureComp_1_CompTime"
picturecomp_1_vresp,String,50,,Recommended,"","",,"","Picture Completion","WAIS_IV_PictureComp_1_VResp"
picturecomp_1_presp,String,50,,Recommended,"","PC;PX",,"","Picture Completion","WAIS_IV_PictureComp_1_PResp"
picturecomp_1_score,Integer,0,,Recommended,"","0;1",,"","Picture Completion","WAIS_IV_PictureComp_1_Score"
picturecomp_2_comptime,Integer,0,,Recommended,"","1+",,"","Picture Completion","WAIS_IV_PictureComp_2_CompTime"
picturecomp_2_vresp,String,50,,Recommended,"","",,"","Picture Completion","WAIS_IV_PictureComp_2_VResp"
picturecomp_2_presp,String,50,,Recommended,"","PC;PX",,"","Picture Completion","WAIS_IV_PictureComp_2_PResp"
picturecomp_2_score,Integer,0,,Recommended,"","0;1",,"","Picture Completion","WAIS_IV_PictureComp_2_Score"
picturecomp_3_comptime,Integer,0,,Recommended,"","1+",,"","Picture Completion","WAIS_IV_PictureComp_3_CompTime"
picturecomp_3_vresp,String,50,,Recommended,"","",,"","Picture Completion","WAIS_IV_PictureComp_3_VResp"
picturecomp_3_presp,String,50,,Recommended,"","PC;PX",,"","Picture Completion","WAIS_IV_PictureComp_3_PResp"
picturecomp_3_score,Integer,0,,Recommended,"","0;1",,"","Picture Completion","WAIS_IV_PictureComp_3_Score"
picturecomp_4_comptime,Integer,0,,Recommended,"","1+",,"","Picture Completion","WAIS_IV_PictureComp_4_CompTime"
picturecomp_4_vresp,String,50,,Recommended,"","",,"","Picture Completion","WAIS_IV_PictureComp_4_VResp"
picturecomp_4_presp,String,50,,Recommended,"","PC;PX",,"","Picture Completion","WAIS_IV_PictureComp_4_PResp"
picturecomp_4_score,Integer,0,,Recommended,"","0;1",,"","Picture Completion","WAIS_IV_PictureComp_4_Score"
picturecomp_5_comptime,Integer,0,,Recommended,"","1+",,"","Picture Completion","WAIS_IV_PictureComp_5_CompTime"
picturecomp_5_vresp,String,50,,Recommended,"","",,"","Picture Completion","WAIS_IV_PictureComp_5_VResp"
picturecomp_5_presp,String,50,,Recommended,"","PC;PX",,"","Picture Completion","WAIS_IV_PictureComp_5_PResp"
picturecomp_5_score,Integer,0,,Recommended,"","0;1",,"","Picture Completion","WAIS_IV_PictureComp_5_Score"
picturecomp_6_comptime,Integer,0,,Recommended,"","1+",,"","Picture Completion","WAIS_IV_PictureComp_6_CompTime"
picturecomp_6_vresp,String,50,,Recommended,"","",,"","Picture Completion","WAIS_IV_PictureComp_6_VResp"
picturecomp_6_presp,String,50,,Recommended,"","PC;PX",,"","Picture Completion","WAIS_IV_PictureComp_6_PResp"
picturecomp_6_score,Integer,0,,Recommended,"","0;1",,"","Picture Completion","WAIS_IV_PictureComp_6_Score"
picturecomp_7_comptime,Integer,0,,Recommended,"","1+",,"","Picture Completion","WAIS_IV_PictureComp_7_CompTime"
picturecomp_7_vresp,String,50,,Recommended,"","",,"","Picture Completion","WAIS_IV_PictureComp_7_VResp"
picturecomp_7_presp,String,50,,Recommended,"","PC;PX",,"","Picture Completion","WAIS_IV_PictureComp_7_PResp"
picturecomp_7_score,Integer,0,,Recommended,"","0;1",,"","Picture Completion","WAIS_IV_PictureComp_7_Score"
picturecomp_8_comptime,Integer,0,,Recommended,"","1+",,"","Picture Completion","WAIS_IV_PictureComp_8_CompTime"
picturecomp_8_vresp,String,50,,Recommended,"","",,"","Picture Completion","WAIS_IV_PictureComp_8_VResp"
picturecomp_8_presp,String,50,,Recommended,"","PC;PX",,"","Picture Completion","WAIS_IV_PictureComp_8_PResp"
picturecomp_8_score,Integer,0,,Recommended,"","0;1",,"","Picture Completion","WAIS_IV_PictureComp_8_Score"
picturecomp_9_comptime,Integer,0,,Recommended,"","1+",,"","Picture Completion","WAIS_IV_PictureComp_9_CompTime"
picturecomp_9_vresp,String,50,,Recommended,"","",,"","Picture Completion","WAIS_IV_PictureComp_9_VResp"
picturecomp_9_presp,String,50,,Recommended,"","PC;PX",,"","Picture Completion","WAIS_IV_PictureComp_9_PResp"
picturecomp_9_score,Integer,0,,Recommended,"","0;1",,"","Picture Completion","WAIS_IV_PictureComp_9_Score"
picturecomp_10_comptime,Integer,0,,Recommended,"","1+",,"","Picture Completion","WAIS_IV_PictureComp_10_CompTime"
picturecomp_10_vresp,String,50,,Recommended,"","",,"","Picture Completion","WAIS_IV_PictureComp_10_VResp"
picturecomp_10_presp,String,50,,Recommended,"","PC;PX",,"","Picture Completion","WAIS_IV_PictureComp_10_PResp"
picturecomp_10_score,Integer,0,,Recommended,"","0;1",,"","Picture Completion","WAIS_IV_PictureComp_10_Score"
picturecomp_11_comptime,Integer,0,,Recommended,"","1+",,"","Picture Completion","WAIS_IV_PictureComp_11_CompTime"
picturecomp_11_vresp,String,50,,Recommended,"","",,"","Picture Completion","WAIS_IV_PictureComp_11_VResp"
picturecomp_11_presp,String,50,,Recommended,"","PC;PX",,"","Picture Completion","WAIS_IV_PictureComp_11_PResp"
picturecomp_11_score,Integer,0,,Recommended,"","0;1",,"","Picture Completion","WAIS_IV_PictureComp_11_Score"
picturecomp_12_comptime,Integer,0,,Recommended,"","1+",,"","Picture Completion","WAIS_IV_PictureComp_12_CompTime"
picturecomp_12_vresp,String,50,,Recommended,"","",,"","Picture Completion","WAIS_IV_PictureComp_12_VResp"
picturecomp_12_presp,String,50,,Recommended,"","PC;PX",,"","Picture Completion","WAIS_IV_PictureComp_12_PResp"
picturecomp_12_score,Integer,0,,Recommended,"","0;1",,"","Picture Completion","WAIS_IV_PictureComp_12_Score"
picturecomp_13_comptime,Integer,0,,Recommended,"","1+",,"","Picture Completion","WAIS_IV_PictureComp_13_CompTime"
picturecomp_13_vresp,String,50,,Recommended,"","",,"","Picture Completion","WAIS_IV_PictureComp_13_VResp"
picturecomp_13_presp,String,50,,Recommended,"","PC;PX",,"","Picture Completion","WAIS_IV_PictureComp_13_PResp"
picturecomp_13_score,Integer,0,,Recommended,"","0;1",,"","Picture Completion","WAIS_IV_PictureComp_13_Score"
picturecomp_14_comptime,Integer,0,,Recommended,"","1+",,"","Picture Completion","WAIS_IV_PictureComp_14_CompTime"
picturecomp_14_vresp,String,50,,Recommended,"","",,"","Picture Completion","WAIS_IV_PictureComp_14_VResp"
picturecomp_14_presp,String,50,,Recommended,"","PC;PX",,"","Picture Completion","WAIS_IV_PictureComp_14_PResp"
picturecomp_14_score,Integer,0,,Recommended,"","0;1",,"","Picture Completion","WAIS_IV_PictureComp_14_Score"
picturecomp_15_comptime,Integer,0,,Recommended,"","1+",,"","Picture Completion","WAIS_IV_PictureComp_15_CompTime"
picturecomp_15_vresp,String,50,,Recommended,"","",,"","Picture Completion","WAIS_IV_PictureComp_15_VResp"
picturecomp_15_presp,String,50,,Recommended,"","PC;PX",,"","Picture Completion","WAIS_IV_PictureComp_15_PResp"
picturecomp_15_score,Integer,0,,Recommended,"","0;1",,"","Picture Completion","WAIS_IV_PictureComp_15_Score"
picturecomp_16_comptime,Integer,0,,Recommended,"","1+",,"","Picture Completion","WAIS_IV_PictureComp_16_CompTime"
picturecomp_16_vresp,String,50,,Recommended,"","",,"","Picture Completion","WAIS_IV_PictureComp_16_VResp"
picturecomp_16_presp,String,50,,Recommended,"","PC;PX",,"","Picture Completion","WAIS_IV_PictureComp_16_PResp"
picturecomp_16_score,Integer,0,,Recommended,"","0;1",,"","Picture Completion","WAIS_IV_PictureComp_16_Score"
picturecomp_17_comptime,Integer,0,,Recommended,"","1+",,"","Picture Completion","WAIS_IV_PictureComp_17_CompTime"
picturecomp_17_vresp,String,50,,Recommended,"","",,"","Picture Completion","WAIS_IV_PictureComp_17_VResp"
picturecomp_17_presp,String,50,,Recommended,"","PC;PX",,"","Picture Completion","WAIS_IV_PictureComp_17_PResp"
picturecomp_17_score,Integer,0,,Recommended,"","0;1",,"","Picture Completion","WAIS_IV_PictureComp_17_Score"
picturecomp_18_comptime,Integer,0,,Recommended,"","1+",,"","Picture Completion","WAIS_IV_PictureComp_18_CompTime"
picturecomp_18_vresp,String,50,,Recommended,"","",,"","Picture Completion","WAIS_IV_PictureComp_18_VResp"
picturecomp_18_presp,String,50,,Recommended,"","PC;PX",,"","Picture Completion","WAIS_IV_PictureComp_18_PResp"
picturecomp_18_score,Integer,0,,Recommended,"","0;1",,"","Picture Completion","WAIS_IV_PictureComp_18_Score"
picturecomp_19_comptime,Integer,0,,Recommended,"","1+",,"","Picture Completion","WAIS_IV_PictureComp_19_CompTime"
picturecomp_19_vresp,String,50,,Recommended,"","",,"","Picture Completion","WAIS_IV_PictureComp_19_VResp"
picturecomp_19_presp,String,50,,Recommended,"","PC;PX",,"","Picture Completion","WAIS_IV_PictureComp_19_PResp"
picturecomp_19_score,Integer,0,,Recommended,"","0;1",,"","Picture Completion","WAIS_IV_PictureComp_19_Score"
picturecomp_20_comptime,Integer,0,,Recommended,"","1+",,"","Picture Completion","WAIS_IV_PictureComp_20_CompTime"
picturecomp_20_vresp,String,50,,Recommended,"","",,"","Picture Completion","WAIS_IV_PictureComp_20_VResp"
picturecomp_20_presp,String,50,,Recommended,"","PC;PX",,"","Picture Completion","WAIS_IV_PictureComp_20_PResp"
picturecomp_20_score,Integer,0,,Recommended,"","0;1",,"","Picture Completion","WAIS_IV_PictureComp_20_Score"
picturecomp_21_comptime,Integer,0,,Recommended,"","1+",,"","Picture Completion","WAIS_IV_PictureComp_21_CompTime"
picturecomp_21_vresp,String,50,,Recommended,"","",,"","Picture Completion","WAIS_IV_PictureComp_21_VResp"
picturecomp_21_presp,String,50,,Recommended,"","PC;PX",,"","Picture Completion","WAIS_IV_PictureComp_21_PResp"
picturecomp_21_score,Integer,0,,Recommended,"","0;1",,"","Picture Completion","WAIS_IV_PictureComp_21_Score"
picturecomp_22_comptime,Integer,0,,Recommended,"","1+",,"","Picture Completion","WAIS_IV_PictureComp_22_CompTime"
picturecomp_22_vresp,String,50,,Recommended,"","",,"","Picture Completion","WAIS_IV_PictureComp_22_VResp"
picturecomp_22_presp,String,50,,Recommended,"","PC;PX",,"","Picture Completion","WAIS_IV_PictureComp_22_PResp"
picturecomp_22_score,Integer,0,,Recommended,"","0;1",,"","Picture Completion","WAIS_IV_PictureComp_22_Score"
picturecomp_23_comptime,Integer,0,,Recommended,"","1+",,"","Picture Completion","WAIS_IV_PictureComp_23_CompTime"
picturecomp_23_vresp,String,50,,Recommended,"","",,"","Picture Completion","WAIS_IV_PictureComp_23_VResp"
picturecomp_23_presp,String,50,,Recommended,"","PC;PX",,"","Picture Completion","WAIS_IV_PictureComp_23_PResp"
picturecomp_23_score,Integer,0,,Recommended,"","0;1",,"","Picture Completion","WAIS_IV_PictureComp_23_Score"
picturecomp_24_comptime,Integer,0,,Recommended,"","1+",,"","Picture Completion","WAIS_IV_PictureComp_24_CompTime"
picturecomp_24_vresp,String,50,,Recommended,"","",,"","Picture Completion","WAIS_IV_PictureComp_24_VResp"
picturecomp_24_presp,String,50,,Recommended,"","PC;PX",,"","Picture Completion","WAIS_IV_PictureComp_24_PResp"
picturecomp_24_score,Integer,0,,Recommended,"","0;1",,"","Picture Completion","WAIS_IV_PictureComp_24_Score"
picturecomp_totalrawscore,Float,0,,Required,"","0 to 24",,"","Picture Completion","WAIS_IV_PictureComp_TotalRawScore"
behavobs_referralreason,String,255,,Recommended,"","",,"","Behavioral Observations","WAIS_IV_BehavObs_ReferralReason"
behavobs_attitude,String,255,,Recommended,"","",,"","Behavioral Observations","WAIS_IV_BehavObs_Attitude"
behavobs_appearance,String,255,,Recommended,"","",,"","Behavioral Observations","WAIS_IV_BehavObs_Appearance"
behavobs_attention,String,255,,Recommended,"","",,"","Behavioral Observations","WAIS_IV_BehavObs_Attention"
behavobs_problems,String,255,,Recommended,"","",,"","Behavioral Observations","WAIS_IV_BehavObs_Problems"
behavobs_language,String,255,,Recommended,"","",,"","Behavioral Observations","WAIS_IV_BehavObs_Language"
behavobs_mood,String,255,,Recommended,"","",,"","Behavioral Observations","WAIS_IV_BehavObs_Mood"
behavobs_behaviors,String,255,,Recommended,"","",,"","Behavioral Observations","WAIS_IV_BehavObs_Behaviors"
behavobs_remarks,String,255,,Recommended,"","",,"","Behavioral Observations","WAIS_IV_BehavObs_Remarks"
behavobs_sex,String,25,,Recommended,"","M;F",,"","Behavioral Observations","WAIS_IV_BehavObs_Sex"
