ElementName,DataType,Size,Unit,Required,ElementDescription,ValueRange,Keywords,Notes,Section,Aliases
subjectkey,GUID,0,,Required,"","NDAR*",,"","Header",""
src_subject_id,String,20,,Required,"","",,"","Header","WASI_1999_SRC_Subject_ID"
interview_date,Date,0,,Required,"","MM/yyyy;MM/dd/yyyy",,"* '01/01/1900' indicates that a date associated with retrospective data is not known.","Header","WASI_1999_interview_date"
interview_age,Integer,0,,Required,"","0 to 1200",,"Age is rounded to chronological month If the research participant is 13 days old at time of interview  the appropriate value would be 0 months if the participant is 19 days old the value would be 1 month","Header","WASI_1999_interview_age"
gender,String,50,,Required,"","M;F",,"","",""
grade_highed,String,50,,Recommended,"","",,"","Header","WASI_1999_Grade_HighEd"
comments_misc,String,255,,Optional,"","",,"","Header","WASI_1999_comments_misc"
ss_vocabularyrawscore,Integer,0,,Recommended,"","0 to 80",,"","Subtest Scores","WASI_1999_SS_VocabularyRawScore"
ss_vocabularytscoreverbal4,Float,0,,Recommended,"","20 to 80",,"","Subtest Scores","WASI_1999_SS_VocabularyTScoreVerbal4"
ss_vocabularytscore2,Float,0,,Recommended,"","20 to 80",,"","Subtest Scores","WASI_1999_SS_VocabularyTScore2"
ss_blockdesignrawscore,Integer,0,,Recommended,"","0 to 71",,"","Subtest Scores","WASI_1999_SS_BlockDesignRawScore"
ss_blockdesigntscoreperf4,Float,0,,Recommended,"","20 to 80",,"","Subtest Scores","WASI_1999_SS_BlockDesignTScorePerf4"
ss_similaritiesrawscore,Integer,0,,Recommended,"","0 to 48",,"","Subtest Scores","WASI_1999_SS_SimilaritiesRawScore"
ss_similaritiestscoreverbal4,Float,0,,Recommended,"","20 to 80",,"","Subtest Scores","WASI_1999_SS_SimilaritiesTScoreVerbal4"
ss_matrixreasoningrawscore,Integer,0,,Recommended,"","0 to 35",,"","Subtest Scores","WASI_1999_SS_MatrixReasoningRawScore"
ss_matrixreasoningtscoreperf4,Float,0,,Recommended,"","20 to 80",,"","Subtest Scores","WASI_1999_SS_MatrixReasoningTScorePerf4"
ss_matrixreasoningtscore2,Float,0,,Recommended,"","20 to 80",,"","Subtest Scores","WASI_1999_SS_MatrixReasoningTScore2"
sumstscores_verbal4subtest,Float,0,,Recommended,"","",,"","Sums of T Scores","WASI_1999_SumsTScores_Verbal4Subtest"
sumstscores_perf4subtest,Float,0,,Recommended,"","",,"","Sums of T Scores","WASI_1999_SumsTScores_Perf4Subtest"
sumstscores_total4subtest,Float,0,,Recommended,"","",,"","Sums of T Scores","WASI_1999_SumsTScores_Total4Subtest"
sumstscores_total2subtest,Float,0,,Recommended,"","",,"","Sums of T Scores","WASI_1999_SumsTScores_Total2Subtest"
iqscores_verbsumtscores,Float,0,,Recommended,"","",,"","WASI IQ Scores","WASI_1999_IQScores_VerbSumTScores"
iqscores_verbiq,Float,0,,Required,"","",,"","WASI IQ Scores","WASI_1999_IQScores_VerbIQ"
iqscores_verbpercentile,Float,0,,Recommended,"","",,"","WASI IQ Scores","WASI_1999_IQScores_VerbPercentile"
iqscores_verbconfintervalfrom,Float,0,,Recommended,"","",,"","WASI IQ Scores","WASI_1999_IQScores_VerbConfIntervalFrom"
iqscores_verbconfintervalto,Float,0,,Recommended,"","",,"","WASI IQ Scores","WASI_1999_IQScores_VerbConfIntervalTo"
iqscores_perfsumtscores,Float,0,,Recommended,"","",,"","WASI IQ Scores","WASI_1999_IQScores_PerfSumTScores"
iqscores_perfiq,Float,0,,Required,"","",,"","WASI IQ Scores","WASI_1999_IQScores_PerfIQ"
iqscores_perfpercentile,Float,0,,Recommended,"","",,"","WASI IQ Scores","WASI_1999_IQScores_PerfPercentile"
iqscores_perfconfintervalfrom,Float,0,,Recommended,"","",,"","WASI IQ Scores","WASI_1999_IQScores_PerfConfIntervalFrom"
iqscores_perfconfintervalto,Float,0,,Recommended,"","",,"","WASI IQ Scores","WASI_1999_IQScores_PerfConfIntervalTo"
iqscores_full4sumtscores,Float,0,,Recommended,"","",,"","WASI IQ Scores","WASI_1999_IQScores_Full4SumTScores"
iqscores_full4iq,Float,0,,Recommended,"","",,"","WASI IQ Scores","WASI_1999_IQScores_Full4IQ"
iqscores_full4percentile,Float,0,,Recommended,"","",,"","WASI IQ Scores","WASI_1999_IQScores_Full4Percentile"
iqscores_full4confintervalfrom,Float,0,,Recommended,"","",,"","WASI IQ Scores","WASI_1999_IQScores_Full4ConfIntervalFrom"
iqscores_full4confintervalto,Float,0,,Recommended,"","",,"","WASI IQ Scores","WASI_1999_IQScores_Full4ConfIntervalTo"
iqscores_full4predintwisc90f,Float,0,,Recommended,"","",,"","WASI IQ Scores","WASI_1999_IQScores_Full4PredIntWisc90F"
iqscores_full4predintwisc90t,Float,0,,Recommended,"","",,"","WASI IQ Scores","WASI_1999_IQScores_Full4PredIntWisc90T"
iqscores_full4predintwisc68f,Float,0,,Recommended,"","",,"","WASI IQ Scores","WASI_1999_IQScores_Full4PredIntWisc68F"
iqscores_full4predintwisc68t,Float,0,,Recommended,"","",,"","WASI IQ Scores","WASI_1999_IQScores_Full4PredIntWisc68T"
iqscores_full4predintwais90f,Float,0,,Recommended,"","",,"","WASI IQ Scores","WASI_1999_IQScores_Full4PredIntWais90F"
iqscores_full4predintwais90t,Float,0,,Recommended,"","",,"","WASI IQ Scores","WASI_1999_IQScores_Full4PredIntWais90T"
iqscores_full4predintwais68f,Float,0,,Recommended,"","",,"","WASI IQ Scores","WASI_1999_IQScores_Full4PredIntWais68F"
iqscores_full4predintwais68t,Float,0,,Recommended,"","",,"","WASI IQ Scores","WASI_1999_IQScores_Full4PredIntWais68T"
iqscores_full2sumtscores,Float,0,,Recommended,"","",,"","WASI IQ Scores","WASI_1999_IQScores_Full2SumTScores"
iqscores_full2iq,Float,0,,Recommended,"","",,"","WASI IQ Scores","WASI_1999_IQScores_Full2IQ"
iqscores_full2percentile,Float,0,,Recommended,"","",,"","WASI IQ Scores","WASI_1999_IQScores_Full2Percentile"
iqscores_full2confintervalfrom,Float,0,,Recommended,"","",,"","WASI IQ Scores","WASI_1999_IQScores_Full2ConfIntervalFrom"
iqscores_full2confintervalto,Float,0,,Recommended,"","",,"","WASI IQ Scores","WASI_1999_IQScores_Full2ConfIntervalTo"
profilesubtest_verbalv,Integer,0,,Recommended,"","1+",,"","Profile of Subtest Scores","WASI_1999_ProfileSubtest_VerbalV"
profilesubtest_verbals,Integer,0,,Recommended,"","1+",,"","Profile of Subtest Scores","WASI_1999_ProfileSubtest_VerbalS"
profilesubtest_performancebd,Integer,0,,Recommended,"","1+",,"","Profile of Subtest Scores","WASI_1999_ProfileSubtest_PerformanceBD"
profilesubtest_performancemr,Integer,0,,Recommended,"","1+",,"","Profile of Subtest Scores","WASI_1999_ProfileSubtest_PerformanceMR"
profileiqscores_viq,Integer,0,,Recommended,"","1+",,"","Profile IQ Scores","WASI_1999_ProfileIQScores_VIQ"
profileiqscores_piq,Integer,0,,Recommended,"","1+",,"","Profile IQ Scores","WASI_1999_ProfileIQScores_PIQ"
profileiqscores_fsiq,Integer,0,,Recommended,"","1+",,"","Profile IQ Scores","WASI_1999_ProfileIQScores_FSIQ"
wasi_1999_vocab_1fishresponse,String,255,,Recommended,"","",,"","Vocabulary","vocab_1fishresponse"
vocab_1fishscore,Integer,0,,Recommended,"","0;1",,"","Vocabulary","WASI_1999_Vocab_1FishScore"
wasivoc_2shovelresponse,String,255,,Recommended,"","",,"","Vocabulary","vocab_2shovelresponse"
vocab_2shovelscore,Integer,0,,Recommended,"","0;1",,"","Vocabulary","WASI_1999_Vocab_2ShovelScore"
wasi_1999_vocab_3mapresponse,String,255,,Recommended,"","",,"","Vocabulary","vocab_3mapresponse"
vocab_3mapscore,Integer,0,,Recommended,"","0;1",,"","Vocabulary","WASI_1999_Vocab_3MapScore"
wasi_1999_vocab_4shellresponse,String,255,,Recommended,"","",,"","Vocabulary","vocab_4shellresponse"
vocab_4shellscore,Integer,0,,Recommended,"","0;1",,"","Vocabulary","WASI_1999_Vocab_4ShellScore"
wasi_1999_vocab_5shirtresponse,String,255,,Recommended,"","",,"","Vocabulary","vocab_5shirtresponse"
vocab_5shirtscores,Integer,0,,Recommended,"","0;1;2",,"","Vocabulary","WASI_1999_Vocab_5ShirtScores"
wasi_1999_vocab_6shoeresponse,String,255,,Recommended,"","",,"","Vocabulary","vocab_6shoeresponse"
vocab_6shoescores,Integer,0,,Recommended,"","0;1;2",,"","Vocabulary","WASI_1999_Vocab_6ShoeScores"
wasivoc_7flashlightresp,String,255,,Recommended,"","",,"","Vocabulary","vocab_7flashlightresponse,WASI_1999_Vocab_7FlashlightResponse"
vocab_7flashlightscore,Integer,0,,Recommended,"","0;1;2",,"","Vocabulary","WASI_1999_Vocab_7FlashlightScore"
wasi_1999_vocab_8carresponse,String,255,,Recommended,"","",,"","Vocabulary","vocab_8carresponse"
vocab_8carscore,Integer,0,,Recommended,"","0;1;2",,"","Vocabulary","WASI_1999_Vocab_8CarScore"
wasi_1999_vocab_9birdresponse,String,255,,Recommended,"","",,"","Vocabulary","vocab_9birdresponse"
vocab_9birdscore,Integer,0,,Recommended,"","0;1;2",,"","Vocabulary","WASI_1999_Vocab_9BirdScore"
wasivoc_10calendarresp,String,255,,Recommended,"","",,"","Vocabulary","vocab_10calendarresponse,WASI_1999_Vocab_10CalendarResponse"
vocab_10calendarscore,Integer,0,,Recommended,"","0;1;2",,"","Vocabulary","WASI_1999_Vocab_10CalendarScore"
wasivoc_11numberresp,String,255,,Recommended,"","",,"","Vocabulary","WASI_1999_Vocab_11NumberResponse,vocab_11numberresponse"
vocab_11numberscore,Integer,0,,Recommended,"","0;1;2",,"","Vocabulary","WASI_1999_Vocab_11NumberScore"
wasi_1999_vocab_12bellresponse,String,255,,Recommended,"","",,"","Vocabulary","vocab_12bellresponse"
vocab_12bellscore,Integer,0,,Recommended,"","0;1;2",,"","Vocabulary","WASI_1999_Vocab_12BellScore"
wasivoc_13lunchresponse,String,255,,Recommended,"","",,"","Vocabulary","WASI_1999_Vocab_13LunchResponse,vocab_13lunchresponse"
vocab_13lunchscore,Integer,0,,Recommended,"","0;1;2",,"","Vocabulary","WASI_1999_Vocab_13LunchScore"
wasivoc_14policeresponse,String,255,,Recommended,"","",,"","Vocabulary","vocab_14policeresponse,WASI_1999_Vocab_14PoliceResponse"
vocab_14policescore,Integer,0,,Recommended,"","0;1;2",,"","Vocabulary","WASI_1999_Vocab_14PoliceScore"
wasivoc_15vacationresp,String,255,,Recommended,"","",,"","Vocabulary","vocab_15vacationresponse,WASI_1999_Vocab_15VacationResponse"
vocab_15vacationscore,Integer,0,,Recommended,"","0;1;2",,"","Vocabulary","WASI_1999_Vocab_15VacationScore"
wasi_1999_vocab_16petresponse,String,255,,Recommended,"","",,"","Vocabulary","vocab_16petresponse"
vocab_16petscore,Integer,0,,Recommended,"","0;1;2",,"","Vocabulary","WASI_1999_Vocab_16PetScore"
wasivoc_17balloonresponse,String,255,,Recommended,"","",,"","Vocabulary","WASI_1999_Vocab_17BalloonResponse,vocab_17balloonresponse"
vocab_17balloonscore,Integer,0,,Recommended,"","0;1;2",,"","Vocabulary","WASI_1999_Vocab_17BalloonScore"
wasivoc_18transformresp,String,255,,Recommended,"","",,"","Vocabulary","vocab_18transformresponse,WASI_1999_Vocab_18TransformResponse"
vocab_18transformscore,Integer,0,,Recommended,"","0;1;2",,"","Vocabulary","WASI_1999_Vocab_18TransformScore"
wasivoc_19alligatorresponse,String,255,,Recommended,"","",,"","Vocabulary","WASI_1999_Vocab_19AlligatorResponse,vocab_19alligatorresponse"
vocab_19alligatorscore,Integer,0,,Recommended,"","0;1;2",,"","Vocabulary","WASI_1999_Vocab_19AlligatorScore"
wasi_1999_vocab_20cartresponse,String,255,,Recommended,"","",,"","Vocabulary","vocab_20cartresponse"
vocab_20cartscore,Integer,0,,Recommended,"","0;1;2",,"","Vocabulary","WASI_1999_Vocab_20CartScore"
wasivoc_21blameresponse,String,255,,Recommended,"","",,"","Vocabulary","WASI_1999_Vocab_21BlameResponse,vocab_21blameresponse"
vocab_21blamescore,Integer,0,,Recommended,"","0;1;2",,"","Vocabulary","WASI_1999_Vocab_21BlameScore"
wasivoc_22danceresponse,String,255,,Recommended,"","",,"","Vocabulary","vocab_22danceresponse,WASI_1999_Vocab_22DanceResponse"
vocab_22dancescore,Integer,0,,Recommended,"","0;1;2",,"","Vocabulary","WASI_1999_Vocab_22DanceScore"
wasivoc_23purposeresponse,String,255,,Recommended,"","",,"","Vocabulary","WASI_1999_Vocab_23PurposeResponse,vocab_23purposeresponse"
vocab_23purposescore,Integer,0,,Recommended,"","0;1;2",,"","Vocabulary","WASI_1999_Vocab_23PurposeScore"
wasivoc_24entertainresp,String,255,,Recommended,"","",,"","Vocabulary","WASI_1999_Vocab_24EntertainResponse,vocab_24entertainresponse"
vocab_24entertainscore,Integer,0,,Recommended,"","0;1;2",,"","Vocabulary","WASI_1999_Vocab_24EntertainScore"
wasivoc_25famousresponse,String,255,,Recommended,"","",,"","Vocabulary","vocab_25famousresponse,WASI_1999_Vocab_25FamousResponse"
vocab_25famousscore,Integer,0,,Recommended,"","0;1;2",,"","Vocabulary","WASI_1999_Vocab_25FamousScore"
wasivoc_26revealresponse,String,255,,Recommended,"","",,"","Vocabulary","vocab_26revealresponse,WASI_1999_Vocab_26RevealResponse"
vocab_26revealscore,Integer,0,,Recommended,"","0;1;2",,"","Vocabulary","WASI_1999_Vocab_26RevealScore"
wasivoc_27decaderesponse,String,255,,Recommended,"","",,"","Vocabulary","vocab_27decaderesponse,WASI_1999_Vocab_27DecadeResponse"
vocab_27decadescore,Integer,0,,Recommended,"","0;1;2",,"","Vocabulary","WASI_1999_Vocab_27DecadeScore"
wasivoc_28traditionresp,String,255,,Recommended,"","",,"","Vocabulary","WASI_1999_Vocab_28TraditionResponse,vocab_28traditionresponse"
vocab_28traditionscore,Integer,0,,Recommended,"","0;1;2",,"","Vocabulary","WASI_1999_Vocab_28TraditionScore"
wasivoc_29rejoiceresponse,String,255,,Recommended,"","",,"","Vocabulary","WASI_1999_Vocab_29RejoiceResponse,vocab_29rejoiceresponse"
vocab_29rejoicescore,Integer,0,,Recommended,"","0;1;2",,"","Vocabulary","WASI_1999_Vocab_29RejoiceScore"
wasivoc_30enthusiasticresp,String,255,,Recommended,"","",,"","Vocabulary","WASI_1999_Vocab_30EnthusiasticResponse,vocab_30enthusiasticresponse"
vocab_30enthusiasticscore,Integer,0,,Recommended,"","0;1;2",,"","Vocabulary","WASI_1999_Vocab_30EnthusiasticScore"
wasivoc_31improviseresp,String,255,,Recommended,"","",,"","Vocabulary","vocab_31improviseresponse,WASI_1999_Vocab_31ImproviseResponse"
vocab_31improvisescore,Integer,0,,Recommended,"","0;1;2",,"","Vocabulary","WASI_1999_Vocab_31ImproviseScore"
wasivoc_32impulseresp,String,255,,Recommended,"","",,"","Vocabulary","WASI_1999_Vocab_32ImpulseResponse,vocab_32impulseresponse"
vocab_32impulsescore,Integer,0,,Recommended,"","0;1;2",,"","Vocabulary","WASI_1999_Vocab_32ImpulseScore"
wasivoc_33hasteresponse,String,255,,Recommended,"","",,"","Vocabulary","vocab_33hasteresponse,WASI_1999_Vocab_33HasteResponse"
vocab_33hastescore,Integer,0,,Recommended,"","0;1;2",,"","Vocabulary","WASI_1999_Vocab_33HasteScore"
wasivoc_34trendresponse,String,255,,Recommended,"","",,"","Vocabulary","WASI_1999_Vocab_34TrendResponse,vocab_34trendresponse"
vocab_34trendscore,Integer,0,,Recommended,"","0;1;2",,"","Vocabulary","WASI_1999_Vocab_34TrendScore"
wasivoc_35intermittentresp,String,255,,Recommended,"","",,"","Vocabulary","WASI_1999_Vocab_35IntermittentResponse,vocab_35intermittentresponse"
vocab_35intermittentscore,Integer,0,,Recommended,"","0;1;2",,"","Vocabulary","WASI_1999_Vocab_35IntermittentScore"
wasivoc_36devoutresponse,String,255,,Recommended,"","",,"","Vocabulary","vocab_36devoutresponse,WASI_1999_Vocab_36DevoutResponse"
vocab_36devoutscore,Integer,0,,Recommended,"","0;1;2",,"","Vocabulary","WASI_1999_Vocab_36DevoutScore"
wasivoc_37impertinentresp,String,255,,Recommended,"","",,"","Vocabulary","vocab_37impertinentresponse,WASI_1999_Vocab_37ImpertinentResponse"
vocab_37impertinentscore,Integer,0,,Recommended,"","0;1;2",,"","Vocabulary","WASI_1999_Vocab_37ImpertinentScore"
wasivoc_38nicheresponse,String,255,,Recommended,"","",,"","Vocabulary","vocab_38nicheresponse,WASI_1999_Vocab_38NicheResponse"
vocab_38nichescore,Integer,0,,Recommended,"","0;1;2",,"","Vocabulary","WASI_1999_Vocab_38NicheScore"
wasivoc_39presumptuousresp,String,255,,Recommended,"","",,"","Vocabulary","vocab_39presumptuousresponse,WASI_1999_Vocab_39PresumptuousResponse"
vocab_39presumptuousscore,Integer,0,,Recommended,"","0;1;2",,"","Vocabulary","WASI_1999_Vocab_39PresumptuousScore"
wasivoc_40formidableresp,String,255,,Recommended,"","",,"","Vocabulary","WASI_1999_Vocab_40FormidableResponse,vocab_40formidableresponse"
vocab_40formidablescore,Integer,0,,Recommended,"","0;1;2",,"","Vocabulary","WASI_1999_Vocab_40FormidableScore"
wasivoc_41ruminateresp,String,255,,Recommended,"","",,"","Vocabulary","WASI_1999_Vocab_41RuminateResponse,vocab_41ruminateresponse"
vocab_41ruminatescore,Integer,0,,Recommended,"","0;1;2",,"","Vocabulary","WASI_1999_Vocab_41RuminateScore"
wasivoc_42panacearesp,String,255,,Recommended,"","",,"","Vocabulary","vocab_42panacearesponse,WASI_1999_Vocab_42PanaceaResponse"
vocab_42panaceascore,Integer,0,,Recommended,"","0;1;2",,"","Vocabulary","WASI_1999_Vocab_42PanaceaScore"
vocab_totalrawscore,Integer,0,,Recommended,"","0 to 80",,"","Vocabulary","WASI_1999_Vocab_TotalRawScore"
wasiblockdes_1_incorrect1,String,255,,Recommended,"","Yes;No",,"","Block Design","WASI_1999_BlockDesign_1_Incorrect1,blockdesign_1a_incorrect1"
wasiblockdes_1_incorrect1b,String,255,,Recommended,"","Yes;No",,"","Block Design","WASI_1999_BlockDesign_1_Incorrect1b,blockdesign_1a_incorrect1b"
blockdesign_1a_comp_time,Integer,0,,Recommended,"","1+",,"","Block Design","WASI_1999_BlockDesign_1_Completion_Time"
wasiblockdes_1_correct_des,String,255,,Recommended,"","Yes;No",,"","Block Design","blockdesign_1a_correct_design,WASI_1999_BlockDesign_1_Correct_Design"
blockdesign_1a_score,Integer,0,,Recommended,"","0;1;2",,"","Block Design","WASI_1999_BlockDesign_1_Score"
wasiblockdes_2_incorrect1,String,255,,Recommended,"","Yes;No",,"","Block Design","blockdesign_2a_incorrect1,WASI_1999_BlockDesign_2_Incorrect1"
wasiblockdes_2_incorrect1b,String,255,,Recommended,"","Yes;No",,"","Block Design","WASI_1999_BlockDesign_2_Incorrect1b,blockdesign_2a_incorrect1b"
blockdesign_2a_comp_time,Integer,0,,Recommended,"","1+",,"","Block Design","WASI_1999_BlockDesign_2_Completion_Time"
wasiblockdes_2_correct_des,String,255,,Recommended,"","Yes;No",,"","Block Design","blockdesign_2a_correct_design,WASI_1999_BlockDesign_2_Correct_Design"
blockdesign_2a_score,Integer,0,,Recommended,"","0;1;2",,"","Block Design","WASI_1999_BlockDesign_2_Score"
wasiblockdes_3_incorrect1,String,255,,Recommended,"","Yes;No",,"","Block Design","WASI_1999_BlockDesign_3_Incorrect1,blockdesign_3a_incorrect1"
wasiblockdes_3_incorrect1b,String,255,,Recommended,"","Yes;No",,"","Block Design","blockdesign_3a_incorrect1b,WASI_1999_BlockDesign_3_Incorrect1b"
blockdesign_3a_comp_time,Integer,0,,Recommended,"","1+",,"","Block Design","WASI_1999_BlockDesign_3_Completion_Time"
wasiblockdes_3_correct_des,String,255,,Recommended,"","Yes;No",,"","Block Design","blockdesign_3a_correct_design,WASI_1999_BlockDesign_3_Correct_Design"
blockdesign_3a_score,Integer,0,,Recommended,"","0;1;2",,"","Block Design","WASI_1999_BlockDesign_3_Score"
wasiblockdes_4_incorrect1,String,255,,Recommended,"","Yes;No",,"","Block Design","WASI_1999_BlockDesign_4_Incorrect1,blockdesign_4a_incorrect1"
wasiblockdes_4_incorrect1b,String,255,,Recommended,"","Yes;No",,"","Block Design","WASI_1999_BlockDesign_4_Incorrect1b,blockdesign_4a_incorrect1b"
blockdesign_4a_comp_time,Integer,0,,Recommended,"","1+",,"","Block Design","WASI_1999_BlockDesign_4_Completion_Time"
wasiblockdes_4_correct_des,String,255,,Recommended,"","Yes;No",,"","Block Design","blockdesign_4a_correct_design,WASI_1999_BlockDesign_4_Correct_Design"
blockdesign_4a_score,Integer,0,,Recommended,"","0;1;2",,"","Block Design","WASI_1999_BlockDesign_4_Score"
wasiblockdes_5_incorrect,String,255,,Recommended,"","Yes;No",,"","Block Design","blockdesign_5a_incorrect,WASI_1999_BlockDesign_5_Incorrect"
blockdesign_5a_comp_time,Integer,0,,Recommended,"","1+",,"","Block Design","WASI_1999_BlockDesign_5_Completion_Time"
wasiblockdes_5_correct_des,String,255,,Recommended,"","Yes;No",,"","Block Design","blockdesign_5a_correct_design,WASI_1999_BlockDesign_5_Correct_Design"
blockdesign_5a_score,Integer,0,,Recommended,"","0;4;5;6;7",,"","Block Design","WASI_1999_BlockDesign_5_Score"
wasiblockdes_6_incorrect,String,255,,Recommended,"","Yes;No",,"","Block Design","WASI_1999_BlockDesign_6_Incorrect,blockdesign_6a_incorrect"
blockdesign_6a_comp_time,Integer,0,,Recommended,"","1+",,"","Block Design","WASI_1999_BlockDesign_6_Completion_Time"
wasiblockdes_6_correct_des,String,255,,Recommended,"","Yes;No",,"","Block Design","blockdesign_6a_correct_design,WASI_1999_BlockDesign_6_Correct_Design"
blockdesign_6a_score,Integer,0,,Recommended,"","0;4;5;6;7",,"","Block Design","WASI_1999_BlockDesign_6_Score"
wasiblockdes_7_incorrect,String,255,,Recommended,"","Yes;No",,"","Block Design","WASI_1999_BlockDesign_7_Incorrect,blockdesign_7a_incorrect"
blockdesign_7a_comp_time,Integer,0,,Recommended,"","1+",,"","Block Design","WASI_1999_BlockDesign_7_Completion_Time"
wasiblockdes_7_correct_des,String,255,,Recommended,"","Yes;No",,"","Block Design","blockdesign_7a_correct_design,WASI_1999_BlockDesign_7_Correct_Design"
blockdesign_7a_score,Integer,0,,Recommended,"","0;4;5;6;7",,"","Block Design","WASI_1999_BlockDesign_7_Score"
wasiblockdes_8_incorrect,String,255,,Recommended,"","Yes;No",,"","Block Design","blockdesign_8a_incorrect,WASI_1999_BlockDesign_8_Incorrect"
blockdesign_8a_comp_time,Integer,0,,Recommended,"","1+",,"","Block Design","WASI_1999_BlockDesign_8_Completion_Time"
wasiblockdes_8_correct_des,String,255,,Recommended,"","Yes;No",,"","Block Design","WASI_1999_BlockDesign_8_Correct_Design,blockdesign_8a_correct_design"
blockdesign_8a_score,Integer,0,,Recommended,"","0;4;5;6;7",,"","Block Design","WASI_1999_BlockDesign_8_Score"
wasiblockdes_9_incorrect,String,255,,Recommended,"","Yes;No",,"","Block Design","blockdesign_9a_incorrect,WASI_1999_BlockDesign_9_Incorrect"
blockdesign_9a_comp_time,Integer,0,,Recommended,"","1+",,"","Block Design","WASI_1999_BlockDesign_9_Completion_Time"
wasiblockdes_9_correct_des,String,255,,Recommended,"","Yes;No",,"","Block Design","WASI_1999_BlockDesign_9_Correct_Design,blockdesign_9a_correct_design"
blockdesign_9a_score,Integer,0,,Recommended,"","0;4;5;6;7",,"","Block Design","WASI_1999_BlockDesign_9_Score"
wasiblockdes_10_incorrect,String,255,,Recommended,"","Yes;No",,"","Block Design","WASI_1999_BlockDesign_10_Incorrect,blockdesign_10a_incorrect"
blockdesign_10a_comp_time,Integer,0,,Recommended,"","1+",,"","Block Design","WASI_1999_BlockDesign_10_Completion_Time"
wasiblockdes_10_correct_des,String,255,,Recommended,"","Yes;No",,"","Block Design","WASI_1999_BlockDesign_10_Correct_Design,blockdesign_10a_correct_design"
blockdesign_10a_score,Integer,0,,Recommended,"","0;4;5;6;7",,"","Block Design","WASI_1999_BlockDesign_10_Score"
wasiblockdes_11_incorrect,String,255,,Recommended,"","Yes;No",,"","Block Design","blockdesign_11a_incorrect,WASI_1999_BlockDesign_11_Incorrect"
blockdesign_11a_comp_time,Integer,0,,Recommended,"","1+",,"","Block Design","WASI_1999_BlockDesign_11_Completion_Time"
wasiblockdes_11_correct_des,String,255,,Recommended,"","Yes;No",,"","Block Design","blockdesign_11a_correct_design,WASI_1999_BlockDesign_11_Correct_Design"
blockdesign_11a_score,Integer,0,,Recommended,"","0;4;5;6;7",,"","Block Design","WASI_1999_BlockDesign_11_Score"
wasiblockdes_12_incorrect,String,255,,Recommended,"","Yes;No",,"","Block Design","WASI_1999_BlockDesign_12_Incorrect,blockdesign_12a_incorrect"
blockdesign_12a_comp_time,Integer,0,,Recommended,"","1+",,"","Block Design","WASI_1999_BlockDesign_12_Completion_Time"
wasiblockdes_12_correct_des,String,255,,Recommended,"","Yes;No",,"","Block Design","blockdesign_12a_correct_design,WASI_1999_BlockDesign_12_Correct_Design"
blockdesign_12a_score,Integer,0,,Recommended,"","0;4;5;6;7",,"","Block Design","WASI_1999_BlockDesign_12_Score"
wasiblockdes_13_incorrect,String,255,,Recommended,"","Yes;No",,"","Block Design","WASI_1999_BlockDesign_13_Incorrect,blockdesign_13a_incorrect"
blockdesign_13a_comp_time,Integer,0,,Recommended,"","1+",,"","Block Design","WASI_1999_BlockDesign_13_Completion_Time"
wasiblockdes_13_correct_des,String,255,,Recommended,"","Yes;No",,"","Block Design","blockdesign_13a_correct_design,WASI_1999_BlockDesign_13_Correct_Design"
blockdesign_13a_score,Integer,0,,Recommended,"","0;4;5;6;7",,"","Block Design","WASI_1999_BlockDesign_13_Score"
blockdesign_totalrawscore_a,Integer,0,,Recommended,"","0 to 71",,"","Block Design","WASI_1999_BlockDesign_TotalRawScore"
wasisimil_1_four_wheeled_r,String,255,,Recommended,"","",,"","Similarities","similarities_1_four_wheeled_r,WASI_1999_Similarities_1_Four_Wheeled_R"
similarities_1_four_wheeled_s,Integer,0,,Recommended,"","0;1",,"","Similarities","WASI_1999_Similarities_1_Four_Wheeled_S"
wasisimil_2_dining_items_r,String,255,,Recommended,"","",,"","Similarities","similarities_2_dining_items_r,WASI_1999_Similarities_2_Dining_Items_R"
similarities_2_dining_items_s,Integer,0,,Recommended,"","0;1",,"","Similarities","WASI_1999_Similarities_2_Dining_Items_S"
wasisimilarities_3_clothing_r,String,255,,Recommended,"","",,"","Similarities","WASI_1999_Similarities_3_Clothing_R,similarities_3_clothing_r"
similarities_3_clothing_s,Integer,0,,Recommended,"","0;1",,"","Similarities","WASI_1999_Similarities_3_Clothing_S"
wasisimilarities_4_fruits_r,String,255,,Recommended,"","",,"","Similarities","WASI_1999_Similarities_4_Fruits_R,similarities_4_fruits_r"
similarities_4_fruits_s,Integer,0,,Recommended,"","0;1",,"","Similarities","WASI_1999_Similarities_4_Fruits_S"
wasisimilarities_5_red_blue_r,String,255,,Recommended,"","",,"","Similarities","WASI_1999_Similarities_5_Red_Blue_R,similarities_5_red_blue_r"
similarities_5_red_blue_s,Integer,0,,Recommended,"","0;1;2",,"","Similarities","WASI_1999_Similarities_5_Red_Blue_S"
wasisimil_6_circle_square_r,String,255,,Recommended,"","",,"","Similarities","similarities_6_circle_square_r,WASI_1999_Similarities_6_Circle_Square_R"
similarities_6_circle_square_s,Integer,0,,Recommended,"","0;1;2",,"","Similarities","WASI_1999_Similarities_6_Circle_Square_S"
wasisimil_7_grapes_strawb_r,String,255,,Recommended,"","",,"","Similarities","similarities_7_grapes_strawb_r,WASI_1999_Similarities_7_Grapes_Strawb_R"
similarities_7_grapes_strawb_s,Integer,0,,Recommended,"","0;1;2",,"","Similarities","WASI_1999_Similarities_7_Grapes_Strawb_S"
wasisimilarities_8_cow_bear_r,String,255,,Recommended,"","",,"","Similarities","similarities_8_cow_bear_r,WASI_1999_Similarities_8_Cow_Bear_R"
similarities_8_cow_bear_s,Integer,0,,Recommended,"","0;1;2",,"","Similarities","WASI_1999_Similarities_8_Cow_Bear_S"
wasisimilarities_9_plane_bus_r,String,255,,Recommended,"","",,"","Similarities","similarities_9_plane_bus_r,WASI_1999_Similarities_9_Plane_Bus_R"
similarities_9_plane_bus_s,Integer,0,,Recommended,"","0;1;2",,"","Similarities","WASI_1999_Similarities_9_Plane_Bus_S"
wasisimil_10_shirt_jacket_r,String,255,,Recommended,"","",,"","Similarities","similarities_10_shirt_jacket_r,WASI_1999_Similarities_10_Shirt_Jacket_R"
similarities_10_shirt_jacket_s,Integer,0,,Recommended,"","0;1;2",,"","Similarities","WASI_1999_Similarities_10_Shirt_Jacket_S"
wasisimil_11_pen_pencil_r,String,255,,Recommended,"","",,"","Similarities","similarities_11_pen_pencil_r,WASI_1999_Similarities_11_Pen_Pencil_R"
similarities_11_pen_pencil_s,Integer,0,,Recommended,"","0;1;2",,"","Similarities","WASI_1999_Similarities_11_Pen_Pencil_S"
wasisimil_12_bowl_pane_r,String,255,,Recommended,"","",,"","Similarities","similarities_12_bowl_pane_r,WASI_1999_Similarities_12_Bowl_Pane_R"
similarities_12_bowl_pane_s,Integer,0,,Recommended,"","0;1;2",,"","Similarities","WASI_1999_Similarities_12_Bowl_Pane_S"
wasisimil_13_love_hate_r,String,255,,Recommended,"","",,"","Similarities","similarities_13_love_hate_r,WASI_1999_Similarities_13_Love_Hate_R"
similarities_13_love_hate_s,Integer,0,,Recommended,"","0;1;2",,"","Similarities","WASI_1999_Similarities_13_Love_Hate_S"
wasisimil_14_tv_newspaper_r,String,255,,Recommended,"","",,"","Similarities","WASI_1999_Similarities_14_TV_Newspaper_R,similarities_14_tv_newspaper_r"
similarities_14_tv_newspaper_s,Integer,0,,Recommended,"","0;1;2",,"","Similarities","WASI_1999_Similarities_14_TV_Newspaper_S"
wasisimil_15_smooth_rough_r,String,255,,Recommended,"","",,"","Similarities","similarities_15_smooth_rough_r,WASI_1999_Similarities_15_Smooth_Rough_R"
similarities_15_smooth_rough_s,Integer,0,,Recommended,"","0;1;2",,"","Similarities","WASI_1999_Similarities_15_Smooth_Rough_S"
wasisimil_16_should_ancle_r,String,255,,Recommended,"","",,"","Similarities","WASI_1999_Similarities_16_Should_Ancle_R,similarities_16_should_ancle_r"
similarities_16_should_ancle_s,Integer,0,,Recommended,"","0;1;2",,"","Similarities","WASI_1999_Similarities_16_Should_Ancle_S"
wasisimilarities_17_sit_run_r,String,255,,Recommended,"","",,"","Similarities","similarities_17_sit_run_r,WASI_1999_Similarities_17_Sit_Run_R"
similarities_17_sit_run_s,Integer,0,,Recommended,"","0;1;2",,"","Similarities","WASI_1999_Similarities_17_Sit_Run_S"
wasisimil_18_child_adult_r,String,255,,Recommended,"","",,"","Similarities","WASI_1999_Similarities_18_Child_Adult_R,similarities_18_child_adult_r"
similarities_18_child_adult_s,Integer,0,,Recommended,"","0;1;2",,"","Similarities","WASI_1999_Similarities_18_Child_Adult_S"
wasisimil_19_steam_cloud_r,String,255,,Recommended,"","",,"","Similarities","similarities_19_steam_cloud_r,WASI_1999_Similarities_19_Steam_Cloud_R"
similarities_19_steam_cloud_s,Integer,0,,Recommended,"","0;1;2",,"","Similarities","WASI_1999_Similarities_19_Steam_Cloud_S"
wasisimil_20_bird_flower_r,String,255,,Recommended,"","",,"","Similarities","WASI_1999_Similarities_20_Bird_Flower_R,similarities_20_bird_flower_r"
similarities_20_bird_flower_s,Integer,0,,Recommended,"","0;1;2",,"","Similarities","WASI_1999_Similarities_20_Bird_Flower_S"
wasisimil_21_more_less_r,String,255,,Recommended,"","",,"","Similarities","WASI_1999_Similarities_21_More_Less_R,similarities_21_more_less_r"
similarities_21_more_less_s,Integer,0,,Recommended,"","0;1;2",,"","Similarities","WASI_1999_Similarities_21_More_Less_S"
wasisimil_22_photo_song_r,String,255,,Recommended,"","",,"","Similarities","WASI_1999_Similarities_22_Photo_Song_R,similarities_22_photo_song_r"
similarities_22_photo_song_s,Integer,0,,Recommended,"","0;1;2",,"","Similarities","WASI_1999_Similarities_22_Photo_Song_S"
wasisimil_23_pease_war_r,String,255,,Recommended,"","",,"","Similarities","similarities_23_pease_war_r,WASI_1999_Similarities_23_Pease_War_R"
similarities_23_pease_war_s,Integer,0,,Recommended,"","0;1;2",,"","Similarities","WASI_1999_Similarities_23_Pease_War_S"
wasisimil_24_capit_social_r,String,255,,Recommended,"","",,"","Similarities","similarities_24_capit_social_r,WASI_1999_Similarities_24_Capit_Social_R"
similarities_24_capit_social_s,Integer,0,,Recommended,"","0;1;2",,"","Similarities","WASI_1999_Similarities_24_Capit_Social_S"
wasisimil_25_trad_habit_r,String,255,,Recommended,"","",,"","Similarities","similarities_25_trad_habit_r,WASI_1999_Similarities_25_Trad_Habit_R"
similarities_25_trad_habit_s,Integer,0,,Recommended,"","0;1;2",,"","Similarities","WASI_1999_Similarities_25_Trad_Habit_S"
wasisimil_26_freedom_law_r,String,255,,Recommended,"","",,"","Similarities","similarities_26_freedom_law_r,WASI_1999_Similarities_26_Freedom_Law_R"
similarities_26_freedom_law_s,Integer,0,,Recommended,"","0;1;2",,"","Similarities","WASI_1999_Similarities_26_Freedom_Law_S"
similarities_totalrawscore_a,Integer,0,,Recommended,"","0 to 48",,"","Similarities","WASI_1999_Similarities_TotalRawScore"
matrix_a_r,Integer,0,,Recommended,"","1;2;3;4;5",,"","Matrix Reasoning","WASI_1999_Matrix_A_R"
wasi_1999_matrix_a_dk,String,255,,Recommended,"","Yes;No",,"","Matrix Reasoning","matrix_a_dk"
matrix_a_s,Integer,0,,Recommended,"","0;1",,"","Matrix Reasoning","WASI_1999_Matrix_A_S"
matrix_b_r,Integer,0,,Recommended,"","1;2;3;4;5",,"","Matrix Reasoning","WASI_1999_Matrix_B_R"
wasi_1999_matrix_b_dk,String,255,,Recommended,"","Yes;No",,"","Matrix Reasoning","matrix_b_dk"
matrix_b_s,Integer,0,,Recommended,"","0;1",,"","Matrix Reasoning","WASI_1999_Matrix_B_S"
matrix_1_r,Integer,0,,Recommended,"","1;2;3;4;5",,"","Matrix Reasoning","WASI_1999_Matrix_1_R"
wasi_1999_matrix_1_dk,String,255,,Recommended,"","Yes;No",,"","Matrix Reasoning","matrix_1_dk"
matrix_1_s,Integer,0,,Recommended,"","0;1",,"","Matrix Reasoning","WASI_1999_Matrix_1_S"
matrix_2_r,Integer,0,,Recommended,"","1;2;3;4;5",,"","Matrix Reasoning","WASI_1999_Matrix_2_R"
wasi_1999_matrix_2_dk,String,255,,Recommended,"","Yes;No",,"","Matrix Reasoning","matrix_2_dk"
matrix_2_s,Integer,0,,Recommended,"","0;1",,"","Matrix Reasoning","WASI_1999_Matrix_2_S"
matrix_3_r,Integer,0,,Recommended,"","1;2;3;4;5",,"","Matrix Reasoning","WASI_1999_Matrix_3_R"
wasi_1999_matrix_3_dk,String,255,,Recommended,"","Yes;No",,"","Matrix Reasoning","matrix_3_dk"
matrix_3_s,Integer,0,,Recommended,"","0;1",,"","Matrix Reasoning","WASI_1999_Matrix_3_S"
matrix_4_r,Integer,0,,Recommended,"","1;2;3;4;5",,"","Matrix Reasoning","WASI_1999_Matrix_4_R"
wasi_1999_matrix_4_dk,String,255,,Recommended,"","Yes;No",,"","Matrix Reasoning","matrix_4_dk"
matrix_4_s,Integer,0,,Recommended,"","0;1",,"","Matrix Reasoning","WASI_1999_Matrix_4_S"
matrix_5_r,Integer,0,,Recommended,"","1;2;3;4;5",,"","Matrix Reasoning","WASI_1999_Matrix_5_R"
wasi_1999_matrix_5_dk,String,255,,Recommended,"","Yes;No",,"","Matrix Reasoning","matrix_5_dk"
matrix_5_s,Integer,0,,Recommended,"","0;1",,"","Matrix Reasoning","WASI_1999_Matrix_5_S"
matrix_6_r,Integer,0,,Recommended,"","1;2;3;4;5",,"","Matrix Reasoning","WASI_1999_Matrix_6_R"
wasi_1999_matrix_6_dk,String,255,,Recommended,"","Yes;No",,"","Matrix Reasoning","matrix_6_dk"
matrix_6_s,Integer,0,,Recommended,"","0;1",,"","Matrix Reasoning","WASI_1999_Matrix_6_S"
matrix_7_r,Integer,0,,Recommended,"","1;2;3;4;5",,"","Matrix Reasoning","WASI_1999_Matrix_7_R"
wasi_1999_matrix_7_dk,String,255,,Recommended,"","Yes;No",,"","Matrix Reasoning","matrix_7_dk"
matrix_7_s,Integer,0,,Recommended,"","0;1",,"","Matrix Reasoning","WASI_1999_Matrix_7_S"
matrix_8_r,Integer,0,,Recommended,"","1;2;3;4;5",,"","Matrix Reasoning","WASI_1999_Matrix_8_R"
wasi_1999_matrix_8_dk,String,255,,Recommended,"","Yes;No",,"","Matrix Reasoning","matrix_8_dk"
matrix_8_s,Integer,0,,Recommended,"","0;1",,"","Matrix Reasoning","WASI_1999_Matrix_8_S"
matrix_9_r,Integer,0,,Recommended,"","1;2;3;4;5",,"","Matrix Reasoning","WASI_1999_Matrix_9_R"
wasi_1999_matrix_9_dk,String,255,,Recommended,"","Yes;No",,"","Matrix Reasoning","matrix_9_dk"
matrix_9_s,Integer,0,,Recommended,"","0;1",,"","Matrix Reasoning","WASI_1999_Matrix_9_S"
matrix_10_r,Integer,0,,Recommended,"","1;2;3;4;5",,"","Matrix Reasoning","WASI_1999_Matrix_10_R"
wasi_1999_matrix_10_dk,String,255,,Recommended,"","Yes;No",,"","Matrix Reasoning","matrix_10_dk"
matrix_10_s,Integer,0,,Recommended,"","0;1",,"","Matrix Reasoning","WASI_1999_Matrix_10_S"
matrix_11_r,Integer,0,,Recommended,"","1;2;3;4;5",,"","Matrix Reasoning","WASI_1999_Matrix_11_R"
wasi_1999_matrix_11_dk,String,255,,Recommended,"","Yes;No",,"","Matrix Reasoning","matrix_11_dk"
matrix_11_s,Integer,0,,Recommended,"","0;1",,"","Matrix Reasoning","WASI_1999_Matrix_11_S"
matrix_12_r,Integer,0,,Recommended,"","1;2;3;4;5",,"","Matrix Reasoning","WASI_1999_Matrix_12_R"
wasi_1999_matrix_12_dk,String,255,,Recommended,"","Yes;No",,"","Matrix Reasoning","matrix_12_dk"
matrix_12_s,Integer,0,,Recommended,"","0;1",,"","Matrix Reasoning","WASI_1999_Matrix_12_S"
matrix_13_r,Integer,0,,Recommended,"","1;2;3;4;5",,"","Matrix Reasoning","WASI_1999_Matrix_13_R"
wasi_1999_matrix_13_dk,String,255,,Recommended,"","Yes;No",,"","Matrix Reasoning","matrix_13_dk"
matrix_13_s,Integer,0,,Recommended,"","0;1",,"","Matrix Reasoning","WASI_1999_Matrix_13_S"
matrix_14_r,Integer,0,,Recommended,"","1;2;3;4;5",,"","Matrix Reasoning","WASI_1999_Matrix_14_R"
wasi_1999_matrix_14_dk,String,255,,Recommended,"","Yes;No",,"","Matrix Reasoning","matrix_14_dk"
matrix_14_s,Integer,0,,Recommended,"","0;1",,"","Matrix Reasoning","WASI_1999_Matrix_14_S"
matrix_15_r,Integer,0,,Recommended,"","1;2;3;4;5",,"","Matrix Reasoning","WASI_1999_Matrix_15_R"
wasi_1999_matrix_15_dk,String,255,,Recommended,"","Yes;No",,"","Matrix Reasoning","matrix_15_dk"
matrix_15_s,Integer,0,,Recommended,"","0;1",,"","Matrix Reasoning","WASI_1999_Matrix_15_S"
matrix_16_r,Integer,0,,Recommended,"","1;2;3;4;5",,"","Matrix Reasoning","WASI_1999_Matrix_16_R"
wasi_1999_matrix_16_dk,String,255,,Recommended,"","Yes;No",,"","Matrix Reasoning","matrix_16_dk"
matrix_16_s,Integer,0,,Recommended,"","0;1",,"","Matrix Reasoning","WASI_1999_Matrix_16_S"
matrix_17_r,Integer,0,,Recommended,"","1;2;3;4;5",,"","Matrix Reasoning","WASI_1999_Matrix_17_R"
wasi_1999_matrix_17_dk,String,255,,Recommended,"","Yes;No",,"","Matrix Reasoning","matrix_17_dk"
matrix_17_s,Integer,0,,Recommended,"","0;1",,"","Matrix Reasoning","WASI_1999_Matrix_17_S"
matrix_18_r,Integer,0,,Recommended,"","1;2;3;4;5",,"","Matrix Reasoning","WASI_1999_Matrix_18_R"
wasi_1999_matrix_18_dk,String,255,,Recommended,"","Yes;No",,"","Matrix Reasoning","matrix_18_dk"
matrix_18_s,Integer,0,,Recommended,"","0;1",,"","Matrix Reasoning","WASI_1999_Matrix_18_S"
matrix_19_r,Integer,0,,Recommended,"","1;2;3;4;5",,"","Matrix Reasoning","WASI_1999_Matrix_19_R"
wasi_1999_matrix_19_dk,String,255,,Recommended,"","Yes;No",,"","Matrix Reasoning","matrix_19_dk"
matrix_19_s,Integer,0,,Recommended,"","0;1",,"","Matrix Reasoning","WASI_1999_Matrix_19_S"
matrix_20_r,Integer,0,,Recommended,"","1;2;3;4;5",,"","Matrix Reasoning","WASI_1999_Matrix_20_R"
wasi_1999_matrix_20_dk,String,255,,Recommended,"","Yes;No",,"","Matrix Reasoning","matrix_20_dk"
matrix_20_s,Integer,0,,Recommended,"","0;1",,"","Matrix Reasoning","WASI_1999_Matrix_20_S"
matrix_21_r,Integer,0,,Recommended,"","1;2;3;4;5",,"","Matrix Reasoning","WASI_1999_Matrix_21_R"
wasi_1999_matrix_21_dk,String,255,,Recommended,"","Yes;No",,"","Matrix Reasoning","matrix_21_dk"
matrix_21_s,Integer,0,,Recommended,"","0;1",,"","Matrix Reasoning","WASI_1999_Matrix_21_S"
matrix_22_r,Integer,0,,Recommended,"","1;2;3;4;5",,"","Matrix Reasoning","WASI_1999_Matrix_22_R"
wasi_1999_matrix_22_dk,String,255,,Recommended,"","Yes;No",,"","Matrix Reasoning","matrix_22_dk"
matrix_22_s,Integer,0,,Recommended,"","0;1",,"","Matrix Reasoning","WASI_1999_Matrix_22_S"
matrix_23_r,Integer,0,,Recommended,"","1;2;3;4;5",,"","Matrix Reasoning","WASI_1999_Matrix_23_R"
wasi_1999_matrix_23_dk,String,255,,Recommended,"","Yes;No",,"","Matrix Reasoning","matrix_23_dk"
matrix_23_s,Integer,0,,Recommended,"","0;1",,"","Matrix Reasoning","WASI_1999_Matrix_23_S"
matrix_24_r,Integer,0,,Recommended,"","1;2;3;4;5",,"","Matrix Reasoning","WASI_1999_Matrix_24_R"
wasi_1999_matrix_24_dk,String,255,,Recommended,"","Yes;No",,"","Matrix Reasoning","matrix_24_dk"
matrix_24_s,Integer,0,,Recommended,"","0;1",,"","Matrix Reasoning","WASI_1999_Matrix_24_S"
matrix_25_r,Integer,0,,Recommended,"","1;2;3;4;5",,"","Matrix Reasoning","WASI_1999_Matrix_25_R"
wasi_1999_matrix_25_dk,String,255,,Recommended,"","Yes;No",,"","Matrix Reasoning","matrix_25_dk"
matrix_25_s,Integer,0,,Recommended,"","0;1",,"","Matrix Reasoning","WASI_1999_Matrix_25_S"
matrix_26_r,Integer,0,,Recommended,"","1;2;3;4;5",,"","Matrix Reasoning","WASI_1999_Matrix_26_R"
wasi_1999_matrix_26_dk,String,255,,Recommended,"","Yes;No",,"","Matrix Reasoning","matrix_26_dk"
matrix_26_s,Integer,0,,Recommended,"","0;1",,"","Matrix Reasoning","WASI_1999_Matrix_26_S"
matrix_27_r,Integer,0,,Recommended,"","1;2;3;4;5",,"","Matrix Reasoning","WASI_1999_Matrix_27_R"
wasi_1999_matrix_27_dk,String,255,,Recommended,"","Yes;No",,"","Matrix Reasoning","matrix_27_dk"
matrix_27_s,Integer,0,,Recommended,"","0;1",,"","Matrix Reasoning","WASI_1999_Matrix_27_S"
matrix_28_r,Integer,0,,Recommended,"","1;2;3;4;5",,"","Matrix Reasoning","WASI_1999_Matrix_28_R"
wasi_1999_matrix_28_dk,String,255,,Recommended,"","Yes;No",,"","Matrix Reasoning","matrix_28_dk"
matrix_28_s,Integer,0,,Recommended,"","0;1",,"","Matrix Reasoning","WASI_1999_Matrix_28_S"
matrix_29_r,Integer,0,,Recommended,"","1;2;3;4;5",,"","Matrix Reasoning","WASI_1999_Matrix_29_R"
wasi_1999_matrix_29_dk,String,255,,Recommended,"","Yes;No",,"","Matrix Reasoning","matrix_29_dk"
matrix_29_s,Integer,0,,Recommended,"","0;1",,"","Matrix Reasoning","WASI_1999_Matrix_29_S"
matrix_30_r,Integer,0,,Recommended,"","1;2;3;4;5",,"","Matrix Reasoning","WASI_1999_Matrix_30_R"
wasi_1999_matrix_30_dk,String,255,,Recommended,"","Yes;No",,"","Matrix Reasoning","matrix_30_dk"
matrix_30_s,Integer,0,,Recommended,"","0;1",,"","Matrix Reasoning","WASI_1999_Matrix_30_S"
matrix_31_r,Integer,0,,Recommended,"","1;2;3;4;5",,"","Matrix Reasoning","WASI_1999_Matrix_31_R"
wasi_1999_matrix_31_dk,String,255,,Recommended,"","Yes;No",,"","Matrix Reasoning","matrix_31_dk"
matrix_31_s,Integer,0,,Recommended,"","0;1",,"","Matrix Reasoning","WASI_1999_Matrix_31_S"
matrix_32_r,Integer,0,,Recommended,"","1;2;3;4;5",,"","Matrix Reasoning","WASI_1999_Matrix_32_R"
wasi_1999_matrix_32_dk,String,255,,Recommended,"","Yes;No",,"","Matrix Reasoning","matrix_32_dk"
matrix_32_s,Integer,0,,Recommended,"","0;1",,"","Matrix Reasoning","WASI_1999_Matrix_32_S"
matrix_33_r,Integer,0,,Recommended,"","1;2;3;4;5",,"","Matrix Reasoning","WASI_1999_Matrix_33_R"
wasi_1999_matrix_33_dk,String,255,,Recommended,"","Yes;No",,"","Matrix Reasoning","matrix_33_dk"
matrix_33_s,Integer,0,,Recommended,"","0;1",,"","Matrix Reasoning","WASI_1999_Matrix_33_S"
matrix_34_r,Integer,0,,Recommended,"","1;2;3;4;5",,"","Matrix Reasoning","WASI_1999_Matrix_34_R"
wasi_1999_matrix_34_dk,String,255,,Recommended,"","Yes;No",,"","Matrix Reasoning","matrix_34_dk"
matrix_34_s,Integer,0,,Recommended,"","0;1",,"","Matrix Reasoning","WASI_1999_Matrix_34_S"
matrix_35_r,Integer,0,,Recommended,"","1;2;3;4;5",,"","Matrix Reasoning","WASI_1999_Matrix_35_R"
wasi_1999_matrix_35_dk,String,255,,Recommended,"","Yes;No",,"","Matrix Reasoning","matrix_35_dk"
matrix_35_s,Integer,0,,Recommended,"","0;1",,"","Matrix Reasoning","WASI_1999_Matrix_35_S"
matrix_totalrawscore,Integer,0,,Recommended,"","0 to 35",,"","Matrix Reasoning","WASI_1999_Matrix_TotalRawScore"
behavobs_referralreason,String,255,,Recommended,"","",,"","Behavioral Observations","WASI_1999_BehavObs_ReferralReason"
behavobs_attitude,String,255,,Recommended,"","",,"","Behavioral Observations","WASI_1999_BehavObs_Attitude"
behavobs_appearance,String,255,,Recommended,"","",,"","Behavioral Observations","WASI_1999_BehavObs_Appearance"
behavobs_attention,String,255,,Recommended,"","",,"","Behavioral Observations","WASI_1999_BehavObs_Attention"
behavobs_problems,String,255,,Recommended,"","",,"","Behavioral Observations","WASI_1999_BehavObs_Problems"
behavobs_language,String,255,,Recommended,"","",,"","Behavioral Observations","WASI_1999_BehavObs_Language"
behavobs_mood,String,255,,Recommended,"","",,"","Behavioral Observations","WASI_1999_BehavObs_Mood"
behavobs_behaviors,String,255,,Recommended,"","",,"","Behavioral Observations","WASI_1999_BehavObs_Behaviors"
behavobs_remarks,String,255,,Recommended,"","",,"","Behavioral Observations","WASI_1999_BehavObs_Remarks"
