ElementName,DataType,Size,Unit,Required,ElementDescription,ValueRange,Keywords,Notes,Section,Aliases
subjectkey,GUID,0,,Required,"","NDAR*",,"","Header",""
assess_join_var,Integer,0,,Required,"","",,"","",""
src_subject_id,String,20,,Required,"","",,"","Header","Wisc_iv_SRC_Subject_ID"
interview_date,Date,0,,Required,"","MM/yyyy;MM/dd/yyyy",,"* '01/01/1900' indicates that a date associated with retrospective data is not known.","Header","Wisc_iv_interview_date"
interview_age,Integer,0,,Required,"","0 to 1200",,"Age is rounded to chronological month If the research participant is 13 days old at time of interview  the appropriate value would be 0 months if the participant is 19 days old the value would be 1 month","Header","Wisc_iv_interview_age"
gender,String,50,,Required,"","M;F",,"","",""
comments_misc,String,255,,Optional,"","",,"","Header","Wisc_iv_comments_misc"
codingcopy_001,Integer,0,,Recommended,"","",,"","Coding Copy","Wisc_iv_CodingCopy_001"
codingcopy_002,Integer,0,,Recommended,"","",,"","Coding Copy","Wisc_iv_CodingCopy_002"
codingcopy_003,Integer,0,,Recommended,"","",,"","Coding Copy","Wisc_iv_CodingCopy_003"
codingcopy_004,String,50,,Recommended,"","",,"","Coding Copy","Wisc_iv_CodingCopy_004"
codingcopy_005,String,50,,Recommended,"","",,"","Coding Copy","Wisc_iv_CodingCopy_005"
codingcopy_006,String,50,,Recommended,"","0 to 200",,"","Coding Copy","Wisc_iv_CodingCopy_006"
codingcopy_po_notestitem1,String,50,,Recommended,"","",,"","Coding Copy","Wisc_iv_CodingCopy_PO_NoTestItem1"
codingcopy_po_notestitem2,String,50,,Recommended,"","",,"","Coding Copy","Wisc_iv_CodingCopy_PO_NoTestItem2"
codingcopy_po_notestitem3,String,50,,Recommended,"","",,"","Coding Copy","Wisc_iv_CodingCopy_PO_NoTestItem3"
behavioralobservations_rs,String,255,,Recommended,"","",,"","Behavioral Observations","Wisc_iv_BehavioralObservations_rs"
behavioralobservations_lang,String,255,,Recommended,"","",,"","Behavioral Observations","Wisc_iv_BehavioralObservations_lang"
behavioralobservations_pa,String,255,,Recommended,"","",,"","Behavioral Observations","Wisc_iv_BehavioralObservations_pa"
behavioralobservations_hand,String,255,,Recommended,"","",,"","Behavioral Observations","Wisc_iv_BehavioralObservations_hand"
behavioralobservations_mp,String,255,,Recommended,"","",,"","Behavioral Observations","Wisc_iv_BehavioralObservations_mp"
behavioralobservations_attnt,String,255,,Recommended,"","",,"","Behavioral Observations","Wisc_iv_BehavioralObservations_attnt"
behavioralobservations_test,String,255,,Recommended,"","",,"","Behavioral Observations","Wisc_iv_BehavioralObservations_test"
behavioralobservations_mood,String,255,,Recommended,"","",,"","Behavioral Observations","Wisc_iv_BehavioralObservations_mood"
behavioralobservations_nerb,String,255,,Recommended,"","",,"","Behavioral Observations","Wisc_iv_BehavioralObservations_nerb"
behavioralobservations_othr,String,255,,Optional,"","",,"","Behavioral Observations","Wisc_iv_BehavioralObservations_othr"
sp27_dc_vci_pri1,String,50,,Recommended,"","",,"","Summary Page 27","Wisc_iv_SP27_DC_vci_pri1"
sp27_dc_vci_pri2,String,50,,Recommended,"","",,"","Summary Page 27","Wisc_iv_SP27_DC_vci_pri2"
sp27_dc_vci_pri3,String,50,,Recommended,"","",,"","Summary Page 27","Wisc_iv_SP27_DC_vci_pri3"
sp27_dc_vci_pri4,String,50,,Recommended,"","",,"","Summary Page 27","Wisc_iv_SP27_DC_vci_pri4"
sp27_dc_vci_pri5,String,50,,Recommended,"","Yes;No",,"","Summary Page 27","Wisc_iv_SP27_DC_vci_pri5"
sp27_dc_vci_pri6,String,50,,Recommended,"","",,"","Summary Page 27","Wisc_iv_SP27_DC_vci_pri6"
sp27_dc_vci_wmi1,String,50,,Recommended,"","",,"","Summary Page 27","Wisc_iv_SP27_DC_vci_wmi1"
sp27_dc_vci_wmi2,String,50,,Recommended,"","",,"","Summary Page 27","Wisc_iv_SP27_DC_vci_wmi2"
sp27_dc_vci_wmi3,String,50,,Recommended,"","",,"","Summary Page 27","Wisc_iv_SP27_DC_vci_wmi3"
sp27_dc_vci_wmi4,String,50,,Recommended,"","",,"","Summary Page 27","Wisc_iv_SP27_DC_vci_wmi4"
sp27_dc_vci_wmi5,String,50,,Recommended,"","Yes;No",,"","Summary Page 27","Wisc_iv_SP27_DC_vci_wmi5"
sp27_dc_vci_wmi6,String,50,,Recommended,"","",,"","Summary Page 27","Wisc_iv_SP27_DC_vci_wmi6"
sp27_dc_vci_psi1,String,50,,Recommended,"","",,"","Summary Page 27","Wisc_iv_SP27_DC_vci_psi1"
sp27_dc_vci_psi2,String,50,,Recommended,"","",,"","Summary Page 27","Wisc_iv_SP27_DC_vci_psi2"
sp27_dc_vci_psi3,String,50,,Recommended,"","",,"","Summary Page 27","Wisc_iv_SP27_DC_vci_psi3"
sp27_dc_vci_psi4,String,50,,Recommended,"","",,"","Summary Page 27","Wisc_iv_SP27_DC_vci_psi4"
sp27_dc_vci_psi5,String,50,,Recommended,"","Yes;No",,"","Summary Page 27","Wisc_iv_SP27_DC_vci_psi5"
sp27_dc_vci_psi6,String,50,,Recommended,"","",,"","Summary Page 27","Wisc_iv_SP27_DC_vci_psi6"
sp27_dc_pri_wmi1,String,50,,Recommended,"","",,"","Summary Page 27","Wisc_iv_SP27_DC_pri_wmi1"
sp27_dc_pri_wmi2,String,50,,Recommended,"","",,"","Summary Page 27","Wisc_iv_SP27_DC_pri_wmi2"
sp27_dc_pri_wmi3,String,50,,Recommended,"","",,"","Summary Page 27","Wisc_iv_SP27_DC_pri_wmi3"
sp27_dc_pri_wmi4,String,50,,Recommended,"","",,"","Summary Page 27","Wisc_iv_SP27_DC_pri_wmi4"
sp27_dc_pri_wmi5,String,50,,Recommended,"","Yes;No",,"","Summary Page 27","Wisc_iv_SP27_DC_pri_wmi5"
sp27_dc_pri_wmi6,String,50,,Recommended,"","",,"","Summary Page 27","Wisc_iv_SP27_DC_pri_wmi6"
sp27_dc_pri_psi1,String,50,,Recommended,"","",,"","Summary Page 27","Wisc_iv_SP27_DC_pri_psi1"
sp27_dc_pri_psi2,String,50,,Recommended,"","",,"","Summary Page 27","Wisc_iv_SP27_DC_pri_psi2"
sp27_dc_pri_psi3,String,50,,Recommended,"","",,"","Summary Page 27","Wisc_iv_SP27_DC_pri_psi3"
sp27_dc_pri_psi4,String,50,,Recommended,"","",,"","Summary Page 27","Wisc_iv_SP27_DC_pri_psi4"
sp27_dc_pri_psi5,String,50,,Recommended,"","Yes;No",,"","Summary Page 27","Wisc_iv_SP27_DC_pri_psi5"
sp27_dc_pri_psi6,String,50,,Recommended,"","",,"","Summary Page 27","Wisc_iv_SP27_DC_pri_psi6"
sp27_dc_wmi_psi1,String,50,,Recommended,"","",,"","Summary Page 27","Wisc_iv_SP27_DC_wmi_psi1"
sp27_dc_wmi_psi2,String,50,,Recommended,"","",,"","Summary Page 27","Wisc_iv_SP27_DC_wmi_psi2"
sp27_dc_wmi_psi3,String,50,,Recommended,"","",,"","Summary Page 27","Wisc_iv_SP27_DC_wmi_psi3"
sp27_dc_wmi_psi4,String,50,,Recommended,"","",,"","Summary Page 27","Wisc_iv_SP27_DC_wmi_psi4"
sp27_dc_wmi_psi5,String,50,,Recommended,"","Yes;No",,"","Summary Page 27","Wisc_iv_SP27_DC_wmi_psi5"
sp27_dc_wmi_psi6,String,50,,Recommended,"","",,"","Summary Page 27","Wisc_iv_SP27_DC_wmi_psi6"
sp27_dc_ds_lns1,String,50,,Recommended,"","",,"","Summary Page 27","Wisc_iv_SP27_DC_ds_lns1"
sp27_dc_ds_lns2,String,50,,Recommended,"","",,"","Summary Page 27","Wisc_iv_SP27_DC_ds_lns2"
sp27_dc_ds_lns3,String,50,,Recommended,"","",,"","Summary Page 27","Wisc_iv_SP27_DC_ds_lns3"
sp27_dc_ds_lns4,String,50,,Recommended,"","",,"","Summary Page 27","Wisc_iv_SP27_DC_ds_lns4"
sp27_dc_ds_lns5,String,50,,Recommended,"","Yes;No",,"","Summary Page 27","Wisc_iv_SP27_DC_ds_lns5"
sp27_dc_ds_lns6,String,50,,Recommended,"","",,"","Summary Page 27","Wisc_iv_SP27_DC_ds_lns6"
sp27_dc_ds_a1,String,50,,Recommended,"","",,"","Summary Page 27","Wisc_iv_SP27_DC_ds_a1"
sp27_dc_ds_a2,String,50,,Recommended,"","",,"","Summary Page 27","Wisc_iv_SP27_DC_ds_a2"
sp27_dc_ds_a3,String,50,,Recommended,"","",,"","Summary Page 27","Wisc_iv_SP27_DC_ds_a3"
sp27_dc_ds_a4,String,50,,Recommended,"","",,"","Summary Page 27","Wisc_iv_SP27_DC_ds_a4"
sp27_dc_ds_a5,String,50,,Recommended,"","Yes;No",,"","Summary Page 27","Wisc_iv_SP27_DC_ds_a5"
sp27_dc_ds_a6,String,50,,Recommended,"","",,"","Summary Page 27","Wisc_iv_SP27_DC_ds_a6"
sp27_dc_lns_a1,String,50,,Recommended,"","",,"","Summary Page 27","Wisc_iv_SP27_DC_lns_a1"
sp27_dc_lns_a2,String,50,,Recommended,"","",,"","Summary Page 27","Wisc_iv_SP27_DC_lns_a2"
sp27_dc_lns_a3,String,50,,Recommended,"","",,"","Summary Page 27","Wisc_iv_SP27_DC_lns_a3"
sp27_dc_lns_a4,String,50,,Recommended,"","",,"","Summary Page 27","Wisc_iv_SP27_DC_lns_a4"
sp27_dc_lns_a5,String,50,,Recommended,"","",,"","Summary Page 27","Wisc_iv_SP27_DC_lns_a5"
sp27_dc_lns_a6,String,50,,Recommended,"","",,"","Summary Page 27","Wisc_iv_SP27_DC_lns_a6"
sp27_dc_cssearch1,String,50,,Recommended,"","",,"","Summary Page 27","Wisc_iv_SP27_DC_cssearch1"
sp27_dc_cssearch2,String,50,,Recommended,"","",,"","Summary Page 27","Wisc_iv_SP27_DC_cssearch2"
sp27_dc_cssearch3,String,50,,Recommended,"","",,"","Summary Page 27","Wisc_iv_SP27_DC_cssearch3"
sp27_dc_cssearch4,String,50,,Recommended,"","",,"","Summary Page 27","Wisc_iv_SP27_DC_cssearch4"
sp27_dc_cssearch5,String,50,,Recommended,"","Yes;No",,"","Summary Page 27","Wisc_iv_SP27_DC_cssearch5"
sp27_dc_cssearch6,String,50,,Recommended,"","",,"","Summary Page 27","Wisc_iv_SP27_DC_cssearch6"
sp27_dc_ccancel1,String,50,,Recommended,"","",,"","Summary Page 27","Wisc_iv_SP27_DC_ccancel1"
sp27_dc_ccancel2,String,50,,Recommended,"","",,"","Summary Page 27","Wisc_iv_SP27_DC_ccancel2"
sp27_dc_ccancel3,String,50,,Recommended,"","",,"","Summary Page 27","Wisc_iv_SP27_DC_ccancel3"
sp27_dc_ccancel4,String,50,,Recommended,"","",,"","Summary Page 27","Wisc_iv_SP27_DC_ccancel4"
sp27_dc_ccancel5,String,50,,Recommended,"","Yes;No",,"","Summary Page 27","Wisc_iv_SP27_DC_ccancel5"
sp27_dc_ccancel6,String,50,,Recommended,"","",,"","Summary Page 27","Wisc_iv_SP27_DC_ccancel6"
sp27_dc_sscancel1,String,50,,Recommended,"","",,"","Summary Page 27","Wisc_iv_SP27_DC_sscancel1"
sp27_dc_sscancel2,String,50,,Recommended,"","",,"","Summary Page 27","Wisc_iv_SP27_DC_sscancel2"
sp27_dc_sscancel3,String,50,,Recommended,"","",,"","Summary Page 27","Wisc_iv_SP27_DC_sscancel3"
sp27_dc_sscancel4,String,50,,Recommended,"","",,"","Summary Page 27","Wisc_iv_SP27_DC_sscancel4"
sp27_dc_sscancel5,String,50,,Recommended,"","Yes;No",,"","Summary Page 27","Wisc_iv_SP27_DC_sscancel5"
sp27_dc_sscancel6,String,50,,Recommended,"","",,"","Summary Page 27","Wisc_iv_SP27_DC_sscancel6"
sp27_dc_spc1,String,50,,Recommended,"","",,"","Summary Page 27","Wisc_iv_SP27_DC_spc1"
sp27_dc_spc2,String,50,,Recommended,"","",,"","Summary Page 27","Wisc_iv_SP27_DC_spc2"
sp27_dc_spc3,String,50,,Recommended,"","",,"","Summary Page 27","Wisc_iv_SP27_DC_spc3"
sp27_dc_spc4,String,50,,Recommended,"","",,"","Summary Page 27","Wisc_iv_SP27_DC_spc4"
sp27_dc_spc5,String,50,,Recommended,"","Yes;No",,"","Summary Page 27","Wisc_iv_SP27_DC_spc5"
sp27_dc_spc6,String,50,,Recommended,"","",,"","Summary Page 27","Wisc_iv_SP27_DC_spc6"
sp27_dc_bc_overallsample,String,50,,Recommended,"","Yes;No",,"","Summary Page 27","Wisc_iv_SP27_DC_bc_overallsample"
sp27_dc_bc_comp,String,50,,Recommended,"","Yes;No",,"","Summary Page 27","Wisc_iv_SP27_DC_bc_comp"
sp27_dsw_bd1,String,50,,Recommended,"","",,"","Summary Page 27","Wisc_iv_SP27_DSW_bd1"
sp27_dsw_bd2,String,50,,Recommended,"","",,"","Summary Page 27","Wisc_iv_SP27_DSW_bd2"
sp27_dsw_bd3,String,50,,Recommended,"","",,"","Summary Page 27","Wisc_iv_SP27_DSW_bd3"
sp27_dsw_bd4,String,50,,Recommended,"","",,"","Summary Page 27","Wisc_iv_SP27_DSW_bd4"
sp27_dsw_bd5,String,50,,Recommended,"","Strength;Weakness",,"","Summary Page 27","Wisc_iv_SP27_DSW_bd5"
sp27_dsw_bd6,String,50,,Recommended,"","",,"","Summary Page 27","Wisc_iv_SP27_DSW_bd6"
sp27_dsw_similar1,String,50,,Recommended,"","",,"","Summary Page 27","Wisc_iv_SP27_DSW_similar1"
sp27_dsw_similar2,String,50,,Recommended,"","",,"","Summary Page 27","Wisc_iv_SP27_DSW_similar2"
sp27_dsw_similar3,String,50,,Recommended,"","",,"","Summary Page 27","Wisc_iv_SP27_DSW_similar3"
sp27_dsw_similar4,String,50,,Recommended,"","",,"","Summary Page 27","Wisc_iv_SP27_DSW_similar4"
sp27_dsw_similar5,String,50,,Recommended,"","Strength;Weakness",,"","Summary Page 27","Wisc_iv_SP27_DSW_similar5"
sp27_dsw_similar6,String,50,,Recommended,"","",,"","Summary Page 27","Wisc_iv_SP27_DSW_similar6"
sp27_dsw_ds1,String,50,,Recommended,"","",,"","Summary Page 27","Wisc_iv_SP27_DSW_ds1"
sp27_dsw_ds2,String,50,,Recommended,"","",,"","Summary Page 27","Wisc_iv_SP27_DSW_ds2"
sp27_dsw_ds3,String,50,,Recommended,"","",,"","Summary Page 27","Wisc_iv_SP27_DSW_ds3"
sp27_dsw_ds4,String,50,,Recommended,"","",,"","Summary Page 27","Wisc_iv_SP27_DSW_ds4"
sp27_dsw_ds5,String,50,,Recommended,"","Strength;Weakness",,"","Summary Page 27","Wisc_iv_SP27_DSW_ds5"
sp27_dsw_ds6,String,50,,Recommended,"","",,"","Summary Page 27","Wisc_iv_SP27_DSW_ds6"
sp27_dsw_pc1,String,50,,Recommended,"","",,"","Summary Page 27","Wisc_iv_SP27_DSW_pc1"
sp27_dsw_pc2,String,50,,Recommended,"","",,"","Summary Page 27","Wisc_iv_SP27_DSW_pc2"
sp27_dsw_pc3,String,50,,Recommended,"","",,"","Summary Page 27","Wisc_iv_SP27_DSW_pc3"
sp27_dsw_pc4,String,50,,Recommended,"","",,"","Summary Page 27","Wisc_iv_SP27_DSW_pc4"
sp27_dsw_pc5,String,50,,Recommended,"","Strength;Weakness",,"","Summary Page 27","Wisc_iv_SP27_DSW_pc5"
sp27_dsw_pc6,String,50,,Recommended,"","",,"","Summary Page 27","Wisc_iv_SP27_DSW_pc6"
sp27_dsw_code1,String,50,,Recommended,"","",,"","Summary Page 27","Wisc_iv_SP27_DSW_code1"
sp27_dsw_code2,String,50,,Recommended,"","",,"","Summary Page 27","Wisc_iv_SP27_DSW_code2"
sp27_dsw_code3,String,50,,Recommended,"","",,"","Summary Page 27","Wisc_iv_SP27_DSW_code3"
sp27_dsw_code4,String,50,,Recommended,"","",,"","Summary Page 27","Wisc_iv_SP27_DSW_code4"
sp27_dsw_code5,String,50,,Recommended,"","Strength;Weakness",,"","Summary Page 27","Wisc_iv_SP27_DSW_code5"
sp27_dsw_code6,String,50,,Recommended,"","",,"","Summary Page 27","Wisc_iv_SP27_DSW_code6"
sp27_dsw_vocab1,String,50,,Recommended,"","",,"","Summary Page 27","Wisc_iv_SP27_DSW_vocab1"
sp27_dsw_vocab2,String,50,,Recommended,"","",,"","Summary Page 27","Wisc_iv_SP27_DSW_vocab2"
sp27_dsw_vocab3,String,50,,Recommended,"","",,"","Summary Page 27","Wisc_iv_SP27_DSW_vocab3"
sp27_dsw_vocab4,String,50,,Recommended,"","",,"","Summary Page 27","Wisc_iv_SP27_DSW_vocab4"
sp27_dsw_vocab5,String,50,,Recommended,"","Strength;Weakness",,"","Summary Page 27","Wisc_iv_SP27_DSW_vocab5"
sp27_dsw_vocab6,String,50,,Recommended,"","",,"","Summary Page 27","Wisc_iv_SP27_DSW_vocab6"
sp27_dsw_lns1,String,50,,Recommended,"","",,"","Summary Page 27","Wisc_iv_SP27_DSW_lns1"
sp27_dsw_lns2,String,50,,Recommended,"","",,"","Summary Page 27","Wisc_iv_SP27_DSW_lns2"
sp27_dsw_lns3,String,50,,Recommended,"","",,"","Summary Page 27","Wisc_iv_SP27_DSW_lns3"
sp27_dsw_lns4,String,50,,Recommended,"","",,"","Summary Page 27","Wisc_iv_SP27_DSW_lns4"
sp27_dsw_lns5,String,50,,Recommended,"","Strength;Weakness",,"","Summary Page 27","Wisc_iv_SP27_DSW_lns5"
sp27_dsw_lns6,String,50,,Recommended,"","",,"","Summary Page 27","Wisc_iv_SP27_DSW_lns6"
sp27_dsw_mr1,String,50,,Recommended,"","",,"","Summary Page 27","Wisc_iv_SP27_DSW_mr1"
sp27_dsw_mr2,String,50,,Recommended,"","",,"","Summary Page 27","Wisc_iv_SP27_DSW_mr2"
sp27_dsw_mr3,String,50,,Recommended,"","",,"","Summary Page 27","Wisc_iv_SP27_DSW_mr3"
sp27_dsw_mr4,String,50,,Recommended,"","",,"","Summary Page 27","Wisc_iv_SP27_DSW_mr4"
sp27_dsw_mr5,String,50,,Recommended,"","Strength;Weakness",,"","Summary Page 27","Wisc_iv_SP27_DSW_mr5"
sp27_dsw_mr6,String,50,,Recommended,"","",,"","Summary Page 27","Wisc_iv_SP27_DSW_mr6"
sp27_dsw_compa1,String,50,,Recommended,"","",,"","Summary Page 27","Wisc_iv_SP27_DSW_compa1"
sp27_dsw_compa2,String,50,,Recommended,"","",,"","Summary Page 27","Wisc_iv_SP27_DSW_compa2"
sp27_dsw_compa3,String,50,,Recommended,"","",,"","Summary Page 27","Wisc_iv_SP27_DSW_compa3"
sp27_dsw_compa4,String,50,,Recommended,"","",,"","Summary Page 27","Wisc_iv_SP27_DSW_compa4"
sp27_dsw_compa5,String,50,,Recommended,"","Strength;Weakness",,"","Summary Page 27","Wisc_iv_SP27_DSW_compa5"
sp27_dsw_compa6,String,50,,Recommended,"","",,"","Summary Page 27","Wisc_iv_SP27_DSW_compa6"
sp27_dsw_ssearch1,String,50,,Recommended,"","",,"","Summary Page 27","Wisc_iv_SP27_DSW_ssearch1"
sp27_dsw_ssearch2,String,50,,Recommended,"","",,"","Summary Page 27","Wisc_iv_SP27_DSW_ssearch2"
sp27_dsw_ssearch3,String,50,,Recommended,"","",,"","Summary Page 27","Wisc_iv_SP27_DSW_ssearch3"
sp27_dsw_ssearch4,String,50,,Recommended,"","",,"","Summary Page 27","Wisc_iv_SP27_DSW_ssearch4"
sp27_dsw_ssearch5,String,50,,Recommended,"","Strength;Weakness",,"","Summary Page 27","Wisc_iv_SP27_DSW_ssearch5"
sp27_dsw_ssearch6,String,50,,Recommended,"","",,"","Summary Page 27","Wisc_iv_SP27_DSW_ssearch6"
sp27_dcw_bc_overallsample,String,50,,Recommended,"","Yes;No",,"","Summary Page 27","Wisc_iv_SP27_DCW_bc_overallsample"
sp27_dcw_bc_abilitylevel,String,50,,Recommended,"","Yes;No",,"","Summary Page 27","Wisc_iv_SP27_DCW_bc_abilitylevel"
sp27_dcw_sumssall,String,50,,Recommended,"","",,"","Summary Page 27","Wisc_iv_SP27_DCW_sumssall"
sp27_dcw_sumss3vc,String,50,,Recommended,"","",,"","Summary Page 27","Wisc_iv_SP27_DCW_sumss3vc"
sp27_dcw_sumss3pr,String,50,,Recommended,"","",,"","Summary Page 27","Wisc_iv_SP27_DCW_sumss3pr"
sp27_dcw_meanscoreall,String,50,,Recommended,"","",,"","Summary Page 27","Wisc_iv_SP27_DCW_meanscoreall"
sp27_dcw_meanscore3vc,String,50,,Recommended,"","",,"","Summary Page 27","Wisc_iv_SP27_DCW_meanscore3vc"
sp27_dcw_meanscore3pr,String,50,,Recommended,"","",,"","Summary Page 27","Wisc_iv_SP27_DCW_meanscore3pr"
sp27_vd_trstossc_simc1,String,50,,Recommended,"","",,"","Summary Page 27","Wisc_iv_SP27_VD_TRStoSSC_simc1"
sp27_vd_trstossc_simc2,String,50,,Recommended,"","",,"","Summary Page 27","Wisc_iv_SP27_VD_TRStoSSC_simc2"
sp27_vd_trstossc_vcmc1,String,50,,Recommended,"","",,"","Summary Page 27","Wisc_iv_SP27_VD_TRStoSSC_vcmc1"
sp27_vd_trstossc_vcmc2,String,50,,Recommended,"","",,"","Summary Page 27","Wisc_iv_SP27_VD_TRStoSSC_vcmc2"
sp27_vd_trstossc_pvmc1,String,50,,Recommended,"","",,"","Summary Page 27","Wisc_iv_SP27_VD_TRStoSSC_pvmc1"
sp27_vd_trstossc_pvmc2,String,50,,Recommended,"","",,"","Summary Page 27","Wisc_iv_SP27_VD_TRStoSSC_pvmc2"
sp27_vd_trstossc_comc1,String,50,,Recommended,"","",,"","Summary Page 27","Wisc_iv_SP27_VD_TRStoSSC_comc1"
sp27_vd_trstossc_comc2,String,50,,Recommended,"","",,"","Summary Page 27","Wisc_iv_SP27_VD_TRStoSSC_comc2"
sp27_vd_trstossc_inmc1,String,50,,Recommended,"","",,"","Summary Page 27","Wisc_iv_SP27_VD_TRStoSSC_inmc1"
sp27_vd_trstossc_inmc2,String,50,,Recommended,"","",,"","Summary Page 27","Wisc_iv_SP27_VD_TRStoSSC_inmc2"
sp27_vd_dc_si_simc1,String,50,,Recommended,"","",,"","Summary Page 27","Wisc_iv_SP27_VD_DC_si_simc1"
sp27_vd_dc_si_simc2,String,50,,Recommended,"","",,"","Summary Page 27","Wisc_iv_SP27_VD_DC_si_simc2"
sp27_vd_dc_si_simc3,String,50,,Recommended,"","",,"","Summary Page 27","Wisc_iv_SP27_VD_DC_si_simc3"
sp27_vd_dc_si_simc4,String,50,,Recommended,"","",,"","Summary Page 27","Wisc_iv_SP27_VD_DC_si_simc4"
sp27_vd_dc_si_simc5,String,50,,Recommended,"","Yes;No",,"","Summary Page 27","Wisc_iv_SP27_VD_DC_si_simc5"
sp27_vd_dc_si_simc6,String,50,,Recommended,"","",,"","Summary Page 27","Wisc_iv_SP27_VD_DC_si_simc6"
sp27_vd_dc_vcmc1,String,50,,Recommended,"","",,"","Summary Page 27","Wisc_iv_SP27_VD_DC_vcmc1"
sp27_vd_dc_vcmc2,String,50,,Recommended,"","",,"","Summary Page 27","Wisc_iv_SP27_VD_DC_vcmc2"
sp27_vd_dc_vcmc3,String,50,,Recommended,"","",,"","Summary Page 27","Wisc_iv_SP27_VD_DC_vcmc3"
sp27_vd_dc_vcmc4,String,50,,Recommended,"","",,"","Summary Page 27","Wisc_iv_SP27_VD_DC_vcmc4"
sp27_vd_dc_vcmc5,String,50,,Recommended,"","Yes;No",,"","Summary Page 27","Wisc_iv_SP27_VD_DC_vcmc5"
sp27_vd_dc_vcmc6,String,50,,Recommended,"","",,"","Summary Page 27","Wisc_iv_SP27_VD_DC_vcmc6"
sp27_vd_dc_vc_pvmc1,String,50,,Recommended,"","",,"","Summary Page 27","Wisc_iv_SP27_VD_DC_vc_pvmc1"
sp27_vd_dc_vc_pvmc2,String,50,,Recommended,"","",,"","Summary Page 27","Wisc_iv_SP27_VD_DC_vc_pvmc2"
sp27_vd_dc_vc_pvmc3,String,50,,Recommended,"","",,"","Summary Page 27","Wisc_iv_SP27_VD_DC_vc_pvmc3"
sp27_vd_dc_vc_pvmc4,String,50,,Recommended,"","",,"","Summary Page 27","Wisc_iv_SP27_VD_DC_vc_pvmc4"
sp27_vd_dc_vc_pvmc5,String,50,,Recommended,"","Yes;No",,"","Summary Page 27","Wisc_iv_SP27_VD_DC_vc_pvmc5"
sp27_vd_dc_vc_pvmc6,String,50,,Recommended,"","",,"","Summary Page 27","Wisc_iv_SP27_VD_DC_vc_pvmc6"
sp27_vd_dc_vcmc_pvmc1,String,50,,Recommended,"","",,"","Summary Page 27","Wisc_iv_SP27_VD_DC_vcmc_pvmc1"
sp27_vd_dc_vcmc_pvmc2,String,50,,Recommended,"","",,"","Summary Page 27","Wisc_iv_SP27_VD_DC_vcmc_pvmc2"
sp27_vd_dc_vcmc_pvmc3,String,50,,Recommended,"","",,"","Summary Page 27","Wisc_iv_SP27_VD_DC_vcmc_pvmc3"
sp27_vd_dc_vcmc_pvmc4,String,50,,Recommended,"","",,"","Summary Page 27","Wisc_iv_SP27_VD_DC_vcmc_pvmc4"
sp27_vd_dc_vcmc_pvmc5,String,50,,Recommended,"","Yes;No",,"","Summary Page 27","Wisc_iv_SP27_VD_DC_vcmc_pvmc5"
sp27_vd_dc_vcmc_pvmc6,String,50,,Recommended,"","",,"","Summary Page 27","Wisc_iv_SP27_VD_DC_vcmc_pvmc6"
sp27_vd_dc_co_comc1,String,50,,Recommended,"","",,"","Summary Page 27","Wisc_iv_SP27_VD_DC_co_comc1"
sp27_vd_dc_co_comc2,String,50,,Recommended,"","",,"","Summary Page 27","Wisc_iv_SP27_VD_DC_co_comc2"
sp27_vd_dc_co_comc3,String,50,,Recommended,"","",,"","Summary Page 27","Wisc_iv_SP27_VD_DC_co_comc3"
sp27_vd_dc_co_comc4,String,50,,Recommended,"","",,"","Summary Page 27","Wisc_iv_SP27_VD_DC_co_comc4"
sp27_vd_dc_co_comc5,String,50,,Recommended,"","Yes;No",,"","Summary Page 27","Wisc_iv_SP27_VD_DC_co_comc5"
sp27_vd_dc_co_comc6,String,50,,Recommended,"","",,"","Summary Page 27","Wisc_iv_SP27_VD_DC_co_comc6"
sp27_vd_dc_in_inmc1,String,50,,Recommended,"","",,"","Summary Page 27","Wisc_iv_SP27_VD_DC_in_inmc1"
sp27_vd_dc_in_inmc2,String,50,,Recommended,"","",,"","Summary Page 27","Wisc_iv_SP27_VD_DC_in_inmc2"
sp27_vd_dc_in_inmc3,String,50,,Recommended,"","",,"","Summary Page 27","Wisc_iv_SP27_VD_DC_in_inmc3"
sp27_vd_dc_in_inmc4,String,50,,Recommended,"","",,"","Summary Page 27","Wisc_iv_SP27_VD_DC_in_inmc4"
sp27_vd_dc_in_inmc5,String,50,,Recommended,"","Yes;No",,"","Summary Page 27","Wisc_iv_SP27_VD_DC_in_inmc5"
sp27_vd_dc_in_inmc6,String,50,,Recommended,"","",,"","Summary Page 27","Wisc_iv_SP27_VD_DC_in_inmc6"
sp28_trstossc_bd1,String,50,,Recommended,"","",,"","Summary Page 28","Wisc_iv_SP28_TRStoSSC_bd1"
sp28_trstossc_bd2,String,50,,Recommended,"","",,"","Summary Page 28","Wisc_iv_SP28_TRStoSSC_bd2"
sp28_trstossc_bd3,String,50,,Recommended,"","",,"","Summary Page 28","Wisc_iv_SP28_TRStoSSC_bd3"
sp28_trstossc_bd4,String,50,,Recommended,"","",,"","Summary Page 28","Wisc_iv_SP28_TRStoSSC_bd4"
sp28_trstossc_similar1,String,50,,Recommended,"","",,"","Summary Page 28","Wisc_iv_SP28_TRStoSSC_similar1"
sp28_trstossc_similar2,String,50,,Recommended,"","",,"","Summary Page 28","Wisc_iv_SP28_TRStoSSC_similar2"
sp28_trstossc_similar3,String,50,,Recommended,"","",,"","Summary Page 28","Wisc_iv_SP28_TRStoSSC_similar3"
sp28_trstossc_similar4,String,50,,Recommended,"","",,"","Summary Page 28","Wisc_iv_SP28_TRStoSSC_similar4"
sp28_trstossc_ds1,String,50,,Recommended,"","",,"","Summary Page 28","Wisc_iv_SP28_TRStoSSC_ds1"
sp28_trstossc_ds2,String,50,,Recommended,"","",,"","Summary Page 28","Wisc_iv_SP28_TRStoSSC_ds2"
sp28_trstossc_ds3,String,50,,Recommended,"","",,"","Summary Page 28","Wisc_iv_SP28_TRStoSSC_ds3"
sp28_trstossc_ds4,String,50,,Recommended,"","",,"","Summary Page 28","Wisc_iv_SP28_TRStoSSC_ds4"
sp28_trstossc_picccon1,String,50,,Recommended,"","",,"","Summary Page 28","Wisc_iv_SP28_TRStoSSC_picccon1"
sp28_trstossc_picccon2,String,50,,Recommended,"","",,"","Summary Page 28","Wisc_iv_SP28_TRStoSSC_picccon2"
sp28_trstossc_picccon3,String,50,,Recommended,"","",,"","Summary Page 28","Wisc_iv_SP28_TRStoSSC_picccon3"
sp28_trstossc_picccon4,String,50,,Recommended,"","",,"","Summary Page 28","Wisc_iv_SP28_TRStoSSC_picccon4"
sp28_trstossc_code1,String,50,,Recommended,"","",,"","Summary Page 28","Wisc_iv_SP28_TRStoSSC_code1"
sp28_trstossc_code2,String,50,,Recommended,"","",,"","Summary Page 28","Wisc_iv_SP28_TRStoSSC_code2"
sp28_trstossc_code3,String,50,,Recommended,"","",,"","Summary Page 28","Wisc_iv_SP28_TRStoSSC_code3"
sp28_trstossc_code4,String,50,,Recommended,"","",,"","Summary Page 28","Wisc_iv_SP28_TRStoSSC_code4"
sp28_trstossc_vocab1,String,50,,Recommended,"","",,"","Summary Page 28","Wisc_iv_SP28_TRStoSSC_vocab1"
sp28_trstossc_vocab2,String,50,,Recommended,"","",,"","Summary Page 28","Wisc_iv_SP28_TRStoSSC_vocab2"
sp28_trstossc_vocab3,String,50,,Recommended,"","",,"","Summary Page 28","Wisc_iv_SP28_TRStoSSC_vocab3"
sp28_trstossc_vocab4,String,50,,Recommended,"","",,"","Summary Page 28","Wisc_iv_SP28_TRStoSSC_vocab4"
sp28_trstossc_lns1,String,50,,Recommended,"","",,"","Summary Page 28","Wisc_iv_SP28_TRStoSSC_lns1"
sp28_trstossc_lns2,String,50,,Recommended,"","",,"","Summary Page 28","Wisc_iv_SP28_TRStoSSC_lns2"
sp28_trstossc_lns3,String,50,,Recommended,"","",,"","Summary Page 28","Wisc_iv_SP28_TRStoSSC_lns3"
sp28_trstossc_lns4,String,50,,Recommended,"","",,"","Summary Page 28","Wisc_iv_SP28_TRStoSSC_lns4"
sp28_trstossc_mr1,String,50,,Recommended,"","",,"","Summary Page 28","Wisc_iv_SP28_TRStoSSC_mr1"
sp28_trstossc_mr2,String,50,,Recommended,"","",,"","Summary Page 28","Wisc_iv_SP28_TRStoSSC_mr2"
sp28_trstossc_mr3,String,50,,Recommended,"","",,"","Summary Page 28","Wisc_iv_SP28_TRStoSSC_mr3"
sp28_trstossc_mr4,String,50,,Recommended,"","",,"","Summary Page 28","Wisc_iv_SP28_TRStoSSC_mr4"
sp28_trstossc_comp1,String,50,,Recommended,"","",,"","Summary Page 28","Wisc_iv_SP28_TRStoSSC_comp1"
sp28_trstossc_comp2,String,50,,Recommended,"","",,"","Summary Page 28","Wisc_iv_SP28_TRStoSSC_comp2"
sp28_trstossc_comp3,String,50,,Recommended,"","",,"","Summary Page 28","Wisc_iv_SP28_TRStoSSC_comp3"
sp28_trstossc_comp4,String,50,,Recommended,"","",,"","Summary Page 28","Wisc_iv_SP28_TRStoSSC_comp4"
sp28_trstossc_ssearch1,String,50,,Recommended,"","",,"","Summary Page 28","Wisc_iv_SP28_TRStoSSC_ssearch1"
sp28_trstossc_ssearch2,String,50,,Recommended,"","",,"","Summary Page 28","Wisc_iv_SP28_TRStoSSC_ssearch2"
sp28_trstossc_ssearch3,String,50,,Recommended,"","",,"","Summary Page 28","Wisc_iv_SP28_TRStoSSC_ssearch3"
sp28_trstossc_ssearch4,String,50,,Recommended,"","",,"","Summary Page 28","Wisc_iv_SP28_TRStoSSC_ssearch4"
sp28_trstossc_pc1,String,50,,Recommended,"","",,"","Summary Page 28","Wisc_iv_SP28_TRStoSSC_pc1"
sp28_trstossc_pc2,String,50,,Recommended,"","",,"","Summary Page 28","Wisc_iv_SP28_TRStoSSC_pc2"
sp28_trstossc_pc3,String,50,,Recommended,"","",,"","Summary Page 28","Wisc_iv_SP28_TRStoSSC_pc3"
sp28_trstossc_pc4,String,50,,Recommended,"","",,"","Summary Page 28","Wisc_iv_SP28_TRStoSSC_pc4"
sp28_trstossc_cancel1,String,50,,Recommended,"","",,"","Summary Page 28","Wisc_iv_SP28_TRStoSSC_cancel1"
sp28_trstossc_cancel2,String,50,,Recommended,"","",,"","Summary Page 28","Wisc_iv_SP28_TRStoSSC_cancel2"
sp28_trstossc_cancel3,String,50,,Recommended,"","",,"","Summary Page 28","Wisc_iv_SP28_TRStoSSC_cancel3"
sp28_trstossc_cancel4,String,50,,Recommended,"","",,"","Summary Page 28","Wisc_iv_SP28_TRStoSSC_cancel4"
sp28_trstossc_info1,String,50,,Recommended,"","",,"","Summary Page 28","Wisc_iv_SP28_TRStoSSC_info1"
sp28_trstossc_info2,String,50,,Recommended,"","",,"","Summary Page 28","Wisc_iv_SP28_TRStoSSC_info2"
sp28_trstossc_info3,String,50,,Recommended,"","",,"","Summary Page 28","Wisc_iv_SP28_TRStoSSC_info3"
sp28_trstossc_info4,String,50,,Recommended,"","",,"","Summary Page 28","Wisc_iv_SP28_TRStoSSC_info4"
sp28_trstossc_arith1,String,50,,Recommended,"","",,"","Summary Page 28","Wisc_iv_SP28_TRStoSSC_arith1"
sp28_trstossc_arith2,String,50,,Recommended,"","",,"","Summary Page 28","Wisc_iv_SP28_TRStoSSC_arith2"
sp28_trstossc_arith3,String,50,,Recommended,"","",,"","Summary Page 28","Wisc_iv_SP28_TRStoSSC_arith3"
sp28_trstossc_arith4,String,50,,Recommended,"","",,"","Summary Page 28","Wisc_iv_SP28_TRStoSSC_arith4"
sp28_trstossc_word_reason1,String,50,,Recommended,"","",,"","Summary Page 28","Wisc_iv_SP28_TRStoSSC_word_reason1"
sp28_trstossc_word_reason2,String,50,,Recommended,"","",,"","Summary Page 28","Wisc_iv_SP28_TRStoSSC_word_reason2"
sp28_trstossc_word_reason3,String,50,,Recommended,"","",,"","Summary Page 28","Wisc_iv_SP28_TRStoSSC_word_reason3"
sp28_trstossc_word_reason4,String,50,,Recommended,"","",,"","Summary Page 28","Wisc_iv_SP28_TRStoSSC_word_reason4"
sp28_trstossc_score1,String,50,,Recommended,"","",,"","Summary Page 28","Wisc_iv_SP28_TRStoSSC_score1"
sp28_trstossc_score2,String,50,,Recommended,"","",,"","Summary Page 28","Wisc_iv_SP28_TRStoSSC_score2"
sp28_trstossc_score3,String,50,,Recommended,"","",,"","Summary Page 28","Wisc_iv_SP28_TRStoSSC_score3"
sp28_trstossc_score4,String,50,,Recommended,"","",,"","Summary Page 28","Wisc_iv_SP28_TRStoSSC_score4"
sp28_trstossc_score5,String,50,,Recommended,"","",,"","Summary Page 28","Wisc_iv_SP28_TRStoSSC_score5"
sp28_ssctocsc_vc1,String,50,,Recommended,"","",,"","Summary Page 28","Wisc_iv_SP28_SSCtoCSC_vc1"
sp28_ssctocsc_vc2,String,50,,Recommended,"","",,"","Summary Page 28","Wisc_iv_SP28_SSCtoCSC_vc2"
sp28_ssctocsc_vc3,String,50,,Recommended,"","",,"","Summary Page 28","Wisc_iv_SP28_SSCtoCSC_vc3"
sp28_ssctocsc_vcps,String,50,,Recommended,"","",,"","Summary Page 28","Wisc_iv_SP28_SSCtoCSC_vcps"
sp28_ssctocsc_reason1,String,50,,Recommended,"","",,"","Summary Page 28","Wisc_iv_SP28_SSCtoCSC_reason1"
sp28_ssctocsc_reason2,String,50,,Recommended,"","",,"","Summary Page 28","Wisc_iv_SP28_SSCtoCSC_reason2"
sp28_ssctocsc_reason3,String,50,,Recommended,"","",,"","Summary Page 28","Wisc_iv_SP28_SSCtoCSC_reason3"
sp28_ssctocsc_reasonps,String,50,,Recommended,"","",,"","Summary Page 28","Wisc_iv_SP28_SSCtoCSC_reasonps"
sp28_ssctocsc_wm1,String,50,,Recommended,"","",,"","Summary Page 28","Wisc_iv_SP28_SSCtoCSC_wm1"
sp28_ssctocsc_wm2,String,50,,Recommended,"","",,"","Summary Page 28","Wisc_iv_SP28_SSCtoCSC_wm2"
sp28_ssctocsc_wm3,String,50,,Recommended,"","",,"","Summary Page 28","Wisc_iv_SP28_SSCtoCSC_wm3"
sp28_ssctocsc_wmps,String,50,,Recommended,"","",,"","Summary Page 28","Wisc_iv_SP28_SSCtoCSC_wmps"
sp28_ssctocsc_ps1,String,50,,Recommended,"","",,"","Summary Page 28","Wisc_iv_SP28_SSCtoCSC_ps1"
sp28_ssctocsc_ps2,String,50,,Recommended,"","",,"","Summary Page 28","Wisc_iv_SP28_SSCtoCSC_ps2"
sp28_ssctocsc_ps3,String,50,,Recommended,"","",,"","Summary Page 28","Wisc_iv_SP28_SSCtoCSC_ps3"
sp28_ssctocsc_ps4,String,50,,Recommended,"","",,"","Summary Page 28","Wisc_iv_SP28_SSCtoCSC_ps4"
sp28_ssctocsc_fs1,String,50,,Recommended,"","",,"","Summary Page 28","Wisc_iv_SP28_SSCtoCSC_fs1"
sp28_ssctocsc_fs2,String,50,,Recommended,"","",,"","Summary Page 28","Wisc_iv_SP28_SSCtoCSC_fs2"
sp28_ssctocsc_fs3,String,50,,Recommended,"","",,"","Summary Page 28","Wisc_iv_SP28_SSCtoCSC_fs3"
sp28_ssctocsc_fs4,String,50,,Recommended,"","",,"","Summary Page 28","Wisc_iv_SP28_SSCtoCSC_fs4"
sp29_pd_trstossc_bdn1,String,50,,Recommended,"","",,"","Summary Page 29","Wisc_iv_SP29_pd_TRStoSSC_bdn1"
sp29_pd_trstossc_bdn2,String,50,,Recommended,"","",,"","Summary Page 29","Wisc_iv_SP29_pd_TRStoSSC_bdn2"
sp29_pd_trstossc_bcmc1,String,50,,Recommended,"","",,"","Summary Page 29","Wisc_iv_SP29_pd_TRStoSSC_bcmc1"
sp29_pd_trstossc_bcmc2,String,50,,Recommended,"","",,"","Summary Page 29","Wisc_iv_SP29_pd_TRStoSSC_bcmc2"
sp29_pd_trstossc_bdmcn1,String,50,,Recommended,"","",,"","Summary Page 29","Wisc_iv_SP29_pd_TRStoSSC_bdmcn1"
sp29_pd_trstossc_bdmcn2,String,50,,Recommended,"","",,"","Summary Page 29","Wisc_iv_SP29_pd_TRStoSSC_bdmcn2"
sp29_pd_trstossc_bdpa1,String,50,,Recommended,"","",,"","Summary Page 29","Wisc_iv_SP29_pd_TRStoSSC_bdpa1"
sp29_pd_trstossc_bdpa2,String,50,,Recommended,"","",,"","Summary Page 29","Wisc_iv_SP29_pd_TRStoSSC_bdpa2"
sp29_pd_trstossc_em1,String,50,,Recommended,"","",,"","Summary Page 29","Wisc_iv_SP29_pd_TRStoSSC_em1"
sp29_pd_trstossc_em2,String,50,,Recommended,"","",,"","Summary Page 29","Wisc_iv_SP29_pd_TRStoSSC_em2"
sp29_pd_trstossc_emn1,String,50,,Recommended,"","",,"","Summary Page 29","Wisc_iv_SP29_pd_TRStoSSC_emn1"
sp29_pd_trstossc_emn2,String,50,,Recommended,"","",,"","Summary Page 29","Wisc_iv_SP29_pd_TRStoSSC_emn2"
sp29_pd_dc_bd_bdn1,String,50,,Recommended,"","",,"","Summary Page 29","Wisc_iv_SP29_pd_DC_bd_bdn1"
sp29_pd_dc_bd_bdn2,String,50,,Recommended,"","",,"","Summary Page 29","Wisc_iv_SP29_pd_DC_bd_bdn2"
sp29_pd_dc_bd_bdn3,String,50,,Recommended,"","",,"","Summary Page 29","Wisc_iv_SP29_pd_DC_bd_bdn3"
sp29_pd_dc_bd_bdn4,String,50,,Recommended,"","",,"","Summary Page 29","Wisc_iv_SP29_pd_DC_bd_bdn4"
sp29_pd_dc_bd_bdn5,String,50,,Recommended,"","",,"","Summary Page 29","Wisc_iv_SP29_pd_DC_bd_bdn5"
sp29_pd_dc_bd_bdn6,String,50,,Recommended,"","",,"","Summary Page 29","Wisc_iv_SP29_pd_DC_bd_bdn6"
sp29_pd_dc_bd_bdmc1,String,50,,Recommended,"","",,"","Summary Page 29","Wisc_iv_SP29_pd_DC_bd_bdmc1"
sp29_pd_dc_bd_bdmc2,String,50,,Recommended,"","",,"","Summary Page 29","Wisc_iv_SP29_pd_DC_bd_bdmc2"
sp29_pd_dc_bd_bdmc3,String,50,,Recommended,"","",,"","Summary Page 29","Wisc_iv_SP29_pd_DC_bd_bdmc3"
sp29_pd_dc_bd_bdmc4,String,50,,Recommended,"","",,"","Summary Page 29","Wisc_iv_SP29_pd_DC_bd_bdmc4"
sp29_pd_dc_bd_bdmc5,String,50,,Recommended,"","",,"","Summary Page 29","Wisc_iv_SP29_pd_DC_bd_bdmc5"
sp29_pd_dc_bd_bdmc6,String,50,,Recommended,"","",,"","Summary Page 29","Wisc_iv_SP29_pd_DC_bd_bdmc6"
sp29_pd_dc_bdmc_bdmcn1,String,50,,Recommended,"","",,"","Summary Page 29","Wisc_iv_SP29_pd_DC_bdmc_bdmcn1"
sp29_pd_dc_bdmc_bdmcn2,String,50,,Recommended,"","",,"","Summary Page 29","Wisc_iv_SP29_pd_DC_bdmc_bdmcn2"
sp29_pd_dc_bdmc_bdmcn3,String,50,,Recommended,"","",,"","Summary Page 29","Wisc_iv_SP29_pd_DC_bdmc_bdmcn3"
sp29_pd_dc_bdmc_bdmcn4,String,50,,Recommended,"","",,"","Summary Page 29","Wisc_iv_SP29_pd_DC_bdmc_bdmcn4"
sp29_pd_dc_bdmc_bdmcn5,String,50,,Recommended,"","",,"","Summary Page 29","Wisc_iv_SP29_pd_DC_bdmc_bdmcn5"
sp29_pd_dc_bdmc_bdmcn6,String,50,,Recommended,"","",,"","Summary Page 29","Wisc_iv_SP29_pd_DC_bdmc_bdmcn6"
sp29_pd_dc_bdmc_em1,String,50,,Recommended,"","",,"","Summary Page 29","Wisc_iv_SP29_pd_DC_bdmc_em1"
sp29_pd_dc_bdmc_em2,String,50,,Recommended,"","",,"","Summary Page 29","Wisc_iv_SP29_pd_DC_bdmc_em2"
sp29_pd_dc_bdmc_em3,String,50,,Recommended,"","",,"","Summary Page 29","Wisc_iv_SP29_pd_DC_bdmc_em3"
sp29_pd_dc_bdmc_em4,String,50,,Recommended,"","",,"","Summary Page 29","Wisc_iv_SP29_pd_DC_bdmc_em4"
sp29_pd_dc_bdmc_em5,String,50,,Recommended,"","",,"","Summary Page 29","Wisc_iv_SP29_pd_DC_bdmc_em5"
sp29_pd_dc_bdmc_em6,String,50,,Recommended,"","",,"","Summary Page 29","Wisc_iv_SP29_pd_DC_bdmc_em6"
sp29_pd_dc_mr_em1,String,50,,Recommended,"","",,"","Summary Page 29","Wisc_iv_SP29_pd_DC_mr_em1"
sp29_pd_dc_mr_em2,String,50,,Recommended,"","",,"","Summary Page 29","Wisc_iv_SP29_pd_DC_mr_em2"
sp29_pd_dc_mr_em3,String,50,,Recommended,"","",,"","Summary Page 29","Wisc_iv_SP29_pd_DC_mr_em3"
sp29_pd_dc_mr_em4,String,50,,Recommended,"","",,"","Summary Page 29","Wisc_iv_SP29_pd_DC_mr_em4"
sp29_pd_dc_mr_em5,String,50,,Recommended,"","",,"","Summary Page 29","Wisc_iv_SP29_pd_DC_mr_em5"
sp29_pd_dc_mr_em6,String,50,,Recommended,"","",,"","Summary Page 29","Wisc_iv_SP29_pd_DC_mr_em6"
sp29_pd_dc_cas_em1,String,50,,Recommended,"","",,"","Summary Page 29","Wisc_iv_SP29_pd_DC_cas_em1"
sp29_pd_dc_cas_em2,String,50,,Recommended,"","",,"","Summary Page 29","Wisc_iv_SP29_pd_DC_cas_em2"
sp29_pd_dc_cas_em3,String,50,,Recommended,"","",,"","Summary Page 29","Wisc_iv_SP29_pd_DC_cas_em3"
sp29_pd_dc_cas_em4,String,50,,Recommended,"","",,"","Summary Page 29","Wisc_iv_SP29_pd_DC_cas_em4"
sp29_pd_dc_cas_em5,String,50,,Recommended,"","",,"","Summary Page 29","Wisc_iv_SP29_pd_DC_cas_em5"
sp29_pd_dc_cas_em6,String,50,,Recommended,"","",,"","Summary Page 29","Wisc_iv_SP29_pd_DC_cas_em6"
sp29_pd_dc_em_emn1,String,50,,Recommended,"","",,"","Summary Page 29","Wisc_iv_SP29_pd_DC_em_emn1"
sp29_pd_dc_em_emn2,String,50,,Recommended,"","",,"","Summary Page 29","Wisc_iv_SP29_pd_DC_em_emn2"
sp29_pd_dc_em_emn3,String,50,,Recommended,"","",,"","Summary Page 29","Wisc_iv_SP29_pd_DC_em_emn3"
sp29_pd_dc_em_emn4,String,50,,Recommended,"","",,"","Summary Page 29","Wisc_iv_SP29_pd_DC_em_emn4"
sp29_pd_dc_em_emn5,String,50,,Recommended,"","",,"","Summary Page 29","Wisc_iv_SP29_pd_DC_em_emn5"
sp29_pd_dc_em_emn6,String,50,,Recommended,"","",,"","Summary Page 29","Wisc_iv_SP29_pd_DC_em_emn6"
sp29_pd_trstobrc_ps1,String,50,,Recommended,"","",,"","Summary Page 29","Wisc_iv_SP29_pd_TRStoBRC_ps1"
sp29_pd_trstobrc_ps2,String,50,,Recommended,"","",,"","Summary Page 29","Wisc_iv_SP29_pd_TRStoBRC_ps2"
sp29_pd_trstobrc_ps3,String,50,,Recommended,"","",,"","Summary Page 29","Wisc_iv_SP29_pd_TRStoBRC_ps3"
sp29_pd_trstobrc_ps4,String,50,,Recommended,"","",,"","Summary Page 29","Wisc_iv_SP29_pd_TRStoBRC_ps4"
sp29_pd_trstobrc_nrbc1,String,50,,Recommended,"","",,"","Summary Page 29","Wisc_iv_SP29_pd_TRStoBRC_nrbc1"
sp29_pd_trstobrc_nrbc2,String,50,,Recommended,"","",,"","Summary Page 29","Wisc_iv_SP29_pd_TRStoBRC_nrbc2"
sp29_pd_trstobrc_nrbc3,String,50,,Recommended,"","",,"","Summary Page 29","Wisc_iv_SP29_pd_TRStoBRC_nrbc3"
sp29_pd_trstobrc_nrbc4,String,50,,Recommended,"","",,"","Summary Page 29","Wisc_iv_SP29_pd_TRStoBRC_nrbc4"
sp29_pd_trstobrc_bfc1,String,50,,Recommended,"","",,"","Summary Page 29","Wisc_iv_SP29_pd_TRStoBRC_bfc1"
sp29_pd_trstobrc_bfc2,String,50,,Recommended,"","",,"","Summary Page 29","Wisc_iv_SP29_pd_TRStoBRC_bfc2"
sp29_pd_trstobrc_bfc3,String,50,,Recommended,"","",,"","Summary Page 29","Wisc_iv_SP29_pd_TRStoBRC_bfc3"
sp29_pd_trstobrc_bfc4,String,50,,Recommended,"","",,"","Summary Page 29","Wisc_iv_SP29_pd_TRStoBRC_bfc4"
sp29_pd_trstobrc_ebc1,String,50,,Recommended,"","",,"","Summary Page 29","Wisc_iv_SP29_pd_TRStoBRC_ebc1"
sp29_pd_trstobrc_ebc2,String,50,,Recommended,"","",,"","Summary Page 29","Wisc_iv_SP29_pd_TRStoBRC_ebc2"
sp29_pd_trstobrc_ebc3,String,50,,Recommended,"","",,"","Summary Page 29","Wisc_iv_SP29_pd_TRStoBRC_ebc3"
sp29_pd_trstobrc_ebc4,String,50,,Recommended,"","",,"","Summary Page 29","Wisc_iv_SP29_pd_TRStoBRC_ebc4"
sp29_pd_rstobrc_mp_trial11,String,50,,Recommended,"","",,"","Summary Page 29","Wisc_iv_SP29_pd_RStoBRC_mp_trial11"
sp29_pd_rstobrc_mp_trial12,String,50,,Recommended,"","",,"","Summary Page 29","Wisc_iv_SP29_pd_RStoBRC_mp_trial12"
sp29_pd_rstobrc_mp_trial13,String,50,,Recommended,"","",,"","Summary Page 29","Wisc_iv_SP29_pd_RStoBRC_mp_trial13"
sp29_pd_rstobrc_mp_trial14,String,50,,Recommended,"","",,"","Summary Page 29","Wisc_iv_SP29_pd_RStoBRC_mp_trial14"
sp29_pd_rstobrc_mp_trial15,String,50,,Recommended,"","",,"","Summary Page 29","Wisc_iv_SP29_pd_RStoBRC_mp_trial15"
sp29_pd_rstobrc_mp_trial16,String,50,,Recommended,"","",,"","Summary Page 29","Wisc_iv_SP29_pd_RStoBRC_mp_trial16"
sp29_pd_rstobrc_mp_trial17,String,50,,Recommended,"","",,"","Summary Page 29","Wisc_iv_SP29_pd_RStoBRC_mp_trial17"
sp29_pd_rstobrc_mp_trial18,String,50,,Recommended,"","",,"","Summary Page 29","Wisc_iv_SP29_pd_RStoBRC_mp_trial18"
sp29_pd_rstobrc_mp_trial19,String,50,,Recommended,"","",,"","Summary Page 29","Wisc_iv_SP29_pd_RStoBRC_mp_trial19"
sp29_pd_rstobrc_mp_trial110,String,50,,Recommended,"","",,"","Summary Page 29","Wisc_iv_SP29_pd_RStoBRC_mp_trial110"
sp29_pd_rstobrc_mp_trial111,String,50,,Recommended,"","",,"","Summary Page 29","Wisc_iv_SP29_pd_RStoBRC_mp_trial111"
sp29_pd_rstobrc_mp_trial112,String,50,,Recommended,"","",,"","Summary Page 29","Wisc_iv_SP29_pd_RStoBRC_mp_trial112"
sp29_pd_rstobrc_mp_trial113,String,50,,Recommended,"","",,"","Summary Page 29","Wisc_iv_SP29_pd_RStoBRC_mp_trial113"
sp29_pd_rstobrc_mp_trial114,String,50,,Recommended,"","",,"","Summary Page 29","Wisc_iv_SP29_pd_RStoBRC_mp_trial114"
sp29_pd_rstobrc_mp_trial21,String,50,,Recommended,"","",,"","Summary Page 29","Wisc_iv_SP29_pd_RStoBRC_mp_trial21"
sp29_pd_rstobrc_mp_trial22,String,50,,Recommended,"","",,"","Summary Page 29","Wisc_iv_SP29_pd_RStoBRC_mp_trial22"
sp29_pd_rstobrc_mp_trial23,String,50,,Recommended,"","",,"","Summary Page 29","Wisc_iv_SP29_pd_RStoBRC_mp_trial23"
sp29_pd_rstobrc_mp_trial24,String,50,,Recommended,"","",,"","Summary Page 29","Wisc_iv_SP29_pd_RStoBRC_mp_trial24"
sp29_pd_rstobrc_mp_trial25,String,50,,Recommended,"","",,"","Summary Page 29","Wisc_iv_SP29_pd_RStoBRC_mp_trial25"
sp29_pd_rstobrc_mp_trial26,String,50,,Recommended,"","",,"","Summary Page 29","Wisc_iv_SP29_pd_RStoBRC_mp_trial26"
sp29_pd_rstobrc_mp_trial27,String,50,,Recommended,"","",,"","Summary Page 29","Wisc_iv_SP29_pd_RStoBRC_mp_trial27"
sp29_pd_rstobrc_mp_trial28,String,50,,Recommended,"","",,"","Summary Page 29","Wisc_iv_SP29_pd_RStoBRC_mp_trial28"
sp29_pd_rstobrc_mp_trial29,String,50,,Recommended,"","",,"","Summary Page 29","Wisc_iv_SP29_pd_RStoBRC_mp_trial29"
sp29_pd_rstobrc_mp_trial210,String,50,,Recommended,"","",,"","Summary Page 29","Wisc_iv_SP29_pd_RStoBRC_mp_trial210"
sp29_pd_rstobrc_mp_trial211,String,50,,Recommended,"","",,"","Summary Page 29","Wisc_iv_SP29_pd_RStoBRC_mp_trial211"
sp29_pd_rstobrc_mp_trial212,String,50,,Recommended,"","",,"","Summary Page 29","Wisc_iv_SP29_pd_RStoBRC_mp_trial212"
sp29_pd_rstobrc_mp_trial213,String,50,,Recommended,"","",,"","Summary Page 29","Wisc_iv_SP29_pd_RStoBRC_mp_trial213"
sp29_pd_rstobrc_mp_trial214,String,50,,Recommended,"","",,"","Summary Page 29","Wisc_iv_SP29_pd_RStoBRC_mp_trial214"
sp29_pd_rstobrc_lt_trial11,String,50,,Recommended,"","",,"","Summary Page 29","Wisc_iv_SP29_pd_RStoBRC_lt_trial11"
sp29_pd_rstobrc_lt_trial12,String,50,,Recommended,"","",,"","Summary Page 29","Wisc_iv_SP29_pd_RStoBRC_lt_trial12"
sp29_pd_rstobrc_lt_trial13,String,50,,Recommended,"","",,"","Summary Page 29","Wisc_iv_SP29_pd_RStoBRC_lt_trial13"
sp29_pd_rstobrc_lt_trial14,String,50,,Recommended,"","",,"","Summary Page 29","Wisc_iv_SP29_pd_RStoBRC_lt_trial14"
sp29_pd_rstobrc_lt_trial15,String,50,,Recommended,"","",,"","Summary Page 29","Wisc_iv_SP29_pd_RStoBRC_lt_trial15"
sp29_pd_rstobrc_lt_trial16,String,50,,Recommended,"","",,"","Summary Page 29","Wisc_iv_SP29_pd_RStoBRC_lt_trial16"
sp29_pd_rstobrc_lt_trial17,String,50,,Recommended,"","",,"","Summary Page 29","Wisc_iv_SP29_pd_RStoBRC_lt_trial17"
sp29_pd_rstobrc_lt_trial18,String,50,,Recommended,"","",,"","Summary Page 29","Wisc_iv_SP29_pd_RStoBRC_lt_trial18"
sp29_pd_rstobrc_lt_trial19,String,50,,Recommended,"","",,"","Summary Page 29","Wisc_iv_SP29_pd_RStoBRC_lt_trial19"
sp29_pd_rstobrc_lt_trial110,String,50,,Recommended,"","",,"","Summary Page 29","Wisc_iv_SP29_pd_RStoBRC_lt_trial110"
sp29_pd_rstobrc_lt_trial111,String,50,,Recommended,"","",,"","Summary Page 29","Wisc_iv_SP29_pd_RStoBRC_lt_trial111"
sp29_pd_rstobrc_lt_trial112,String,50,,Recommended,"","",,"","Summary Page 29","Wisc_iv_SP29_pd_RStoBRC_lt_trial112"
sp29_pd_rstobrc_lt_trial113,String,50,,Recommended,"","",,"","Summary Page 29","Wisc_iv_SP29_pd_RStoBRC_lt_trial113"
sp29_pd_rstobrc_lt_trial114,String,50,,Recommended,"","",,"","Summary Page 29","Wisc_iv_SP29_pd_RStoBRC_lt_trial114"
sp29_pd_rstobrc_trial21,String,50,,Recommended,"","",,"","Summary Page 29","Wisc_iv_SP29_pd_RStoBRC_trial21"
sp29_pd_rstobrc_trial22,String,50,,Recommended,"","",,"","Summary Page 29","Wisc_iv_SP29_pd_RStoBRC_trial22"
sp29_pd_rstobrc_trial23,String,50,,Recommended,"","",,"","Summary Page 29","Wisc_iv_SP29_pd_RStoBRC_trial23"
sp29_pd_rstobrc_trial24,String,50,,Recommended,"","",,"","Summary Page 29","Wisc_iv_SP29_pd_RStoBRC_trial24"
sp29_pd_rstobrc_trial25,String,50,,Recommended,"","",,"","Summary Page 29","Wisc_iv_SP29_pd_RStoBRC_trial25"
sp29_pd_rstobrc_trial26,String,50,,Recommended,"","",,"","Summary Page 29","Wisc_iv_SP29_pd_RStoBRC_trial26"
sp29_pd_rstobrc_trial27,String,50,,Recommended,"","",,"","Summary Page 29","Wisc_iv_SP29_pd_RStoBRC_trial27"
sp29_pd_rstobrc_trial28,String,50,,Recommended,"","",,"","Summary Page 29","Wisc_iv_SP29_pd_RStoBRC_trial28"
sp29_pd_rstobrc_trial29,String,50,,Recommended,"","",,"","Summary Page 29","Wisc_iv_SP29_pd_RStoBRC_trial29"
sp29_pd_rstobrc_trial210,String,50,,Recommended,"","",,"","Summary Page 29","Wisc_iv_SP29_pd_RStoBRC_trial210"
sp29_pd_rstobrc_trial211,String,50,,Recommended,"","",,"","Summary Page 29","Wisc_iv_SP29_pd_RStoBRC_trial211"
sp29_pd_rstobrc_trial212,String,50,,Recommended,"","",,"","Summary Page 29","Wisc_iv_SP29_pd_RStoBRC_trial212"
sp29_pd_rstobrc_trial213,String,50,,Recommended,"","",,"","Summary Page 29","Wisc_iv_SP29_pd_RStoBRC_trial213"
sp29_pd_rstobrc_trial214,String,50,,Recommended,"","",,"","Summary Page 29","Wisc_iv_SP29_pd_RStoBRC_trial214"
sp29_pd_rstobrc_mi_trial11,String,50,,Recommended,"","",,"","Summary Page 29","Wisc_iv_SP29_pd_RStoBRC_mi_trial11"
sp29_pd_rstobrc_mi_trial12,String,50,,Recommended,"","",,"","Summary Page 29","Wisc_iv_SP29_pd_RStoBRC_mi_trial12"
sp29_pd_rstobrc_mi_trial13,String,50,,Recommended,"","",,"","Summary Page 29","Wisc_iv_SP29_pd_RStoBRC_mi_trial13"
sp29_pd_rstobrc_mi_trial14,String,50,,Recommended,"","",,"","Summary Page 29","Wisc_iv_SP29_pd_RStoBRC_mi_trial14"
sp29_pd_rstobrc_mi_trial15,String,50,,Recommended,"","",,"","Summary Page 29","Wisc_iv_SP29_pd_RStoBRC_mi_trial15"
sp29_pd_rstobrc_mi_trial16,String,50,,Recommended,"","",,"","Summary Page 29","Wisc_iv_SP29_pd_RStoBRC_mi_trial16"
sp29_pd_rstobrc_mi_trial17,String,50,,Recommended,"","",,"","Summary Page 29","Wisc_iv_SP29_pd_RStoBRC_mi_trial17"
sp29_pd_rstobrc_mi_trial18,String,50,,Recommended,"","",,"","Summary Page 29","Wisc_iv_SP29_pd_RStoBRC_mi_trial18"
sp29_pd_rstobrc_mi_trial19,String,50,,Recommended,"","",,"","Summary Page 29","Wisc_iv_SP29_pd_RStoBRC_mi_trial19"
sp29_pd_rstobrc_mi_trial110,String,50,,Recommended,"","",,"","Summary Page 29","Wisc_iv_SP29_pd_RStoBRC_mi_trial110"
sp29_pd_rstobrc_mi_trial111,String,50,,Recommended,"","",,"","Summary Page 29","Wisc_iv_SP29_pd_RStoBRC_mi_trial111"
sp29_pd_rstobrc_mi_trial112,String,50,,Recommended,"","",,"","Summary Page 29","Wisc_iv_SP29_pd_RStoBRC_mi_trial112"
sp29_pd_rstobrc_mi_trial113,String,50,,Recommended,"","",,"","Summary Page 29","Wisc_iv_SP29_pd_RStoBRC_mi_trial113"
sp29_pd_rstobrc_mi_trial114,String,50,,Recommended,"","",,"","Summary Page 29","Wisc_iv_SP29_pd_RStoBRC_mi_trial114"
sp29_pd_rstobrc_mi_trial21,String,50,,Recommended,"","",,"","Summary Page 29","Wisc_iv_SP29_pd_RStoBRC_mi_trial21"
sp29_pd_rstobrc_mi_trial22,String,50,,Recommended,"","",,"","Summary Page 29","Wisc_iv_SP29_pd_RStoBRC_mi_trial22"
sp29_pd_rstobrc_mi_trial23,String,50,,Recommended,"","",,"","Summary Page 29","Wisc_iv_SP29_pd_RStoBRC_mi_trial23"
sp29_pd_rstobrc_mi_trial24,String,50,,Recommended,"","",,"","Summary Page 29","Wisc_iv_SP29_pd_RStoBRC_mi_trial24"
sp29_pd_rstobrc_mi_trial25,String,50,,Recommended,"","",,"","Summary Page 29","Wisc_iv_SP29_pd_RStoBRC_mi_trial25"
sp29_pd_rstobrc_mi_trial26,String,50,,Recommended,"","",,"","Summary Page 29","Wisc_iv_SP29_pd_RStoBRC_mi_trial26"
sp29_pd_rstobrc_mi_trial27,String,50,,Recommended,"","",,"","Summary Page 29","Wisc_iv_SP29_pd_RStoBRC_mi_trial27"
sp29_pd_rstobrc_mi_trial28,String,50,,Recommended,"","",,"","Summary Page 29","Wisc_iv_SP29_pd_RStoBRC_mi_trial28"
sp29_pd_rstobrc_mi_trial29,String,50,,Recommended,"","",,"","Summary Page 29","Wisc_iv_SP29_pd_RStoBRC_mi_trial29"
sp29_pd_rstobrc_mi_trial210,String,50,,Recommended,"","",,"","Summary Page 29","Wisc_iv_SP29_pd_RStoBRC_mi_trial210"
sp29_pd_rstobrc_mi_trial211,String,50,,Recommended,"","",,"","Summary Page 29","Wisc_iv_SP29_pd_RStoBRC_mi_trial211"
sp29_pd_rstobrc_mi_trial212,String,50,,Recommended,"","",,"","Summary Page 29","Wisc_iv_SP29_pd_RStoBRC_mi_trial212"
sp29_pd_rstobrc_mi_trial213,String,50,,Recommended,"","",,"","Summary Page 29","Wisc_iv_SP29_pd_RStoBRC_mi_trial213"
sp29_pd_rstobrc_mi_trial214,String,50,,Recommended,"","",,"","Summary Page 29","Wisc_iv_SP29_pd_RStoBRC_mi_trial214"
sp29_pd_rstobrc_bk_trial11,String,50,,Recommended,"","",,"","Summary Page 29","Wisc_iv_SP29_pd_RStoBRC_bk_trial11"
sp29_pd_rstobrc_bk_trial12,String,50,,Recommended,"","",,"","Summary Page 29","Wisc_iv_SP29_pd_RStoBRC_bk_trial12"
sp29_pd_rstobrc_bk_trial13,String,50,,Recommended,"","",,"","Summary Page 29","Wisc_iv_SP29_pd_RStoBRC_bk_trial13"
sp29_pd_rstobrc_bk_trial14,String,50,,Recommended,"","",,"","Summary Page 29","Wisc_iv_SP29_pd_RStoBRC_bk_trial14"
sp29_pd_rstobrc_bk_trial15,String,50,,Recommended,"","",,"","Summary Page 29","Wisc_iv_SP29_pd_RStoBRC_bk_trial15"
sp29_pd_rstobrc_bk_trial16,String,50,,Recommended,"","",,"","Summary Page 29","Wisc_iv_SP29_pd_RStoBRC_bk_trial16"
sp29_pd_rstobrc_bk_trial17,String,50,,Recommended,"","",,"","Summary Page 29","Wisc_iv_SP29_pd_RStoBRC_bk_trial17"
sp29_pd_rstobrc_bk_trial18,String,50,,Recommended,"","",,"","Summary Page 29","Wisc_iv_SP29_pd_RStoBRC_bk_trial18"
sp29_pd_rstobrc_bk_trial19,String,50,,Recommended,"","",,"","Summary Page 29","Wisc_iv_SP29_pd_RStoBRC_bk_trial19"
sp29_pd_rstobrc_bk_trial110,String,50,,Recommended,"","",,"","Summary Page 29","Wisc_iv_SP29_pd_RStoBRC_bk_trial110"
sp29_pd_rstobrc_bk_trial111,String,50,,Recommended,"","",,"","Summary Page 29","Wisc_iv_SP29_pd_RStoBRC_bk_trial111"
sp29_pd_rstobrc_bk_trial112,String,50,,Recommended,"","",,"","Summary Page 29","Wisc_iv_SP29_pd_RStoBRC_bk_trial112"
sp29_pd_rstobrc_bk_trial113,String,50,,Recommended,"","",,"","Summary Page 29","Wisc_iv_SP29_pd_RStoBRC_bk_trial113"
sp29_pd_rstobrc_bk_trial114,String,50,,Recommended,"","",,"","Summary Page 29","Wisc_iv_SP29_pd_RStoBRC_bk_trial114"
sp29_pd_rstobrc_bk_trial21,String,50,,Recommended,"","",,"","Summary Page 29","Wisc_iv_SP29_pd_RStoBRC_bk_trial21"
sp29_pd_rstobrc_bk_trial22,String,50,,Recommended,"","",,"","Summary Page 29","Wisc_iv_SP29_pd_RStoBRC_bk_trial22"
sp29_pd_rstobrc_bk_trial23,String,50,,Recommended,"","",,"","Summary Page 29","Wisc_iv_SP29_pd_RStoBRC_bk_trial23"
sp29_pd_rstobrc_bk_trial24,String,50,,Recommended,"","",,"","Summary Page 29","Wisc_iv_SP29_pd_RStoBRC_bk_trial24"
sp29_pd_rstobrc_bk_trial25,String,50,,Recommended,"","",,"","Summary Page 29","Wisc_iv_SP29_pd_RStoBRC_bk_trial25"
sp29_pd_rstobrc_bk_trial26,String,50,,Recommended,"","",,"","Summary Page 29","Wisc_iv_SP29_pd_RStoBRC_bk_trial26"
sp29_pd_rstobrc_bk_trial27,String,50,,Recommended,"","",,"","Summary Page 29","Wisc_iv_SP29_pd_RStoBRC_bk_trial27"
sp29_pd_rstobrc_bk_trial28,String,50,,Recommended,"","",,"","Summary Page 29","Wisc_iv_SP29_pd_RStoBRC_bk_trial28"
sp29_pd_rstobrc_bk_trial29,String,50,,Recommended,"","",,"","Summary Page 29","Wisc_iv_SP29_pd_RStoBRC_bk_trial29"
sp29_pd_rstobrc_bk_trial210,String,50,,Recommended,"","",,"","Summary Page 29","Wisc_iv_SP29_pd_RStoBRC_bk_trial210"
sp29_pd_rstobrc_bk_trial211,String,50,,Recommended,"","",,"","Summary Page 29","Wisc_iv_SP29_pd_RStoBRC_bk_trial211"
sp29_pd_rstobrc_bk_trial212,String,50,,Recommended,"","",,"","Summary Page 29","Wisc_iv_SP29_pd_RStoBRC_bk_trial212"
sp29_pd_rstobrc_bk_trial213,String,50,,Recommended,"","",,"","Summary Page 29","Wisc_iv_SP29_pd_RStoBRC_bk_trial213"
sp29_pd_rstobrc_bk_trial214,String,50,,Recommended,"","",,"","Summary Page 29","Wisc_iv_SP29_pd_RStoBRC_bk_trial214"
sp29_pd_rstobrc_acr_trial11,String,50,,Recommended,"","",,"","Summary Page 29","Wisc_iv_SP29_pd_RStoBRC_acr_trial11"
sp29_pd_rstobrc_acr_trial12,String,50,,Recommended,"","",,"","Summary Page 29","Wisc_iv_SP29_pd_RStoBRC_acr_trial12"
sp29_pd_rstobrc_acr_trial13,String,50,,Recommended,"","",,"","Summary Page 29","Wisc_iv_SP29_pd_RStoBRC_acr_trial13"
sp29_pd_rstobrc_acr_trial14,String,50,,Recommended,"","",,"","Summary Page 29","Wisc_iv_SP29_pd_RStoBRC_acr_trial14"
sp29_pd_rstobrc_acr_trial15,String,50,,Recommended,"","",,"","Summary Page 29","Wisc_iv_SP29_pd_RStoBRC_acr_trial15"
sp29_pd_rstobrc_acr_trial16,String,50,,Recommended,"","",,"","Summary Page 29","Wisc_iv_SP29_pd_RStoBRC_acr_trial16"
sp29_pd_rstobrc_acr_trial17,String,50,,Recommended,"","",,"","Summary Page 29","Wisc_iv_SP29_pd_RStoBRC_acr_trial17"
sp29_pd_rstobrc_acr_trial18,String,50,,Recommended,"","",,"","Summary Page 29","Wisc_iv_SP29_pd_RStoBRC_acr_trial18"
sp29_pd_rstobrc_acr_trial19,String,50,,Recommended,"","",,"","Summary Page 29","Wisc_iv_SP29_pd_RStoBRC_acr_trial19"
sp29_pd_rstobrc_acr_trial110,String,50,,Recommended,"","",,"","Summary Page 29","Wisc_iv_SP29_pd_RStoBRC_acr_trial110"
sp29_pd_rstobrc_acr_trial111,String,50,,Recommended,"","",,"","Summary Page 29","Wisc_iv_SP29_pd_RStoBRC_acr_trial111"
sp29_pd_rstobrc_acr_trial112,String,50,,Recommended,"","",,"","Summary Page 29","Wisc_iv_SP29_pd_RStoBRC_acr_trial112"
sp29_pd_rstobrc_acr_trial113,String,50,,Recommended,"","",,"","Summary Page 29","Wisc_iv_SP29_pd_RStoBRC_acr_trial113"
sp29_pd_rstobrc_acr_trial114,String,50,,Recommended,"","",,"","Summary Page 29","Wisc_iv_SP29_pd_RStoBRC_acr_trial114"
sp29_pd_rstobrc_acr_trial21,String,50,,Recommended,"","",,"","Summary Page 29","Wisc_iv_SP29_pd_RStoBRC_acr_trial21"
sp29_pd_rstobrc_acr_trial22,String,50,,Recommended,"","",,"","Summary Page 29","Wisc_iv_SP29_pd_RStoBRC_acr_trial22"
sp29_pd_rstobrc_acr_trial23,String,50,,Recommended,"","",,"","Summary Page 29","Wisc_iv_SP29_pd_RStoBRC_acr_trial23"
sp29_pd_rstobrc_acr_trial24,String,50,,Recommended,"","",,"","Summary Page 29","Wisc_iv_SP29_pd_RStoBRC_acr_trial24"
sp29_pd_rstobrc_acr_trial25,String,50,,Recommended,"","",,"","Summary Page 29","Wisc_iv_SP29_pd_RStoBRC_acr_trial25"
sp29_pd_rstobrc_acr_trial26,String,50,,Recommended,"","",,"","Summary Page 29","Wisc_iv_SP29_pd_RStoBRC_acr_trial26"
sp29_pd_rstobrc_acr_trial27,String,50,,Recommended,"","",,"","Summary Page 29","Wisc_iv_SP29_pd_RStoBRC_acr_trial27"
sp29_pd_rstobrc_acr_trial28,String,50,,Recommended,"","",,"","Summary Page 29","Wisc_iv_SP29_pd_RStoBRC_acr_trial28"
sp29_pd_rstobrc_acr_trial29,String,50,,Recommended,"","",,"","Summary Page 29","Wisc_iv_SP29_pd_RStoBRC_acr_trial29"
sp29_pd_rstobrc_acr_trial210,String,50,,Recommended,"","",,"","Summary Page 29","Wisc_iv_SP29_pd_RStoBRC_acr_trial210"
sp29_pd_rstobrc_acr_trial211,String,50,,Recommended,"","",,"","Summary Page 29","Wisc_iv_SP29_pd_RStoBRC_acr_trial211"
sp29_pd_rstobrc_acr_trial212,String,50,,Recommended,"","",,"","Summary Page 29","Wisc_iv_SP29_pd_RStoBRC_acr_trial212"
sp29_pd_rstobrc_acr_trial213,String,50,,Recommended,"","",,"","Summary Page 29","Wisc_iv_SP29_pd_RStoBRC_acr_trial213"
sp29_pd_rstobrc_acr_trial214,String,50,,Recommended,"","",,"","Summary Page 29","Wisc_iv_SP29_pd_RStoBRC_acr_trial214"
sp29_wmd_trstossc_dsf1,String,50,,Recommended,"","",,"","Summary Page 29","Wisc_iv_SP29_WMD_TRStoSSC_dsf1"
sp29_wmd_trstossc_dsf2,String,50,,Recommended,"","",,"","Summary Page 29","Wisc_iv_SP29_WMD_TRStoSSC_dsf2"
sp29_wmd_trstossc_vds1,String,50,,Recommended,"","",,"","Summary Page 29","Wisc_iv_SP29_WMD_TRStoSSC_vds1"
sp29_wmd_trstossc_vds2,String,50,,Recommended,"","",,"","Summary Page 29","Wisc_iv_SP29_WMD_TRStoSSC_vds2"
sp29_wmd_trstossc_ssf1,String,50,,Recommended,"","",,"","Summary Page 29","Wisc_iv_SP29_WMD_TRStoSSC_ssf1"
sp29_wmd_trstossc_ssf2,String,50,,Recommended,"","",,"","Summary Page 29","Wisc_iv_SP29_WMD_TRStoSSC_ssf2"
sp29_wmd_trstossc_lsn1,String,50,,Recommended,"","",,"","Summary Page 29","Wisc_iv_SP29_WMD_TRStoSSC_lsn1"
sp29_wmd_trstossc_lsn2,String,50,,Recommended,"","",,"","Summary Page 29","Wisc_iv_SP29_WMD_TRStoSSC_lsn2"
sp29_wmd_trstossc_lsr1,String,50,,Recommended,"","",,"","Summary Page 29","Wisc_iv_SP29_WMD_TRStoSSC_lsr1"
sp29_wmd_trstossc_lsr2,String,50,,Recommended,"","",,"","Summary Page 29","Wisc_iv_SP29_WMD_TRStoSSC_lsr2"
sp29_wmd_trstossc_dsb1,String,50,,Recommended,"","",,"","Summary Page 29","Wisc_iv_SP29_WMD_TRStoSSC_dsb1"
sp29_wmd_trstossc_dsb2,String,50,,Recommended,"","",,"","Summary Page 29","Wisc_iv_SP29_WMD_TRStoSSC_dsb2"
sp29_wmd_trstossc_ssb1,String,50,,Recommended,"","",,"","Summary Page 29","Wisc_iv_SP29_WMD_TRStoSSC_ssb1"
sp29_wmd_trstossc_ssb2,String,50,,Recommended,"","",,"","Summary Page 29","Wisc_iv_SP29_WMD_TRStoSSC_ssb2"
sp29_wmd_trstossc_lns1,String,50,,Recommended,"","",,"","Summary Page 29","Wisc_iv_SP29_WMD_TRStoSSC_lns1"
sp29_wmd_trstossc_lns2,String,50,,Recommended,"","",,"","Summary Page 29","Wisc_iv_SP29_WMD_TRStoSSC_lns2"
sp29_wmd_trstossc_art1,String,50,,Recommended,"","",,"","Summary Page 29","Wisc_iv_SP29_WMD_TRStoSSC_art1"
sp29_wmd_trstossc_art2,String,50,,Recommended,"","",,"","Summary Page 29","Wisc_iv_SP29_WMD_TRStoSSC_art2"
sp29_wmd_trstossc_arpaa1,String,50,,Recommended,"","",,"","Summary Page 29","Wisc_iv_SP29_WMD_TRStoSSC_arpaa1"
sp29_wmd_trstossc_arpaa2,String,50,,Recommended,"","",,"","Summary Page 29","Wisc_iv_SP29_WMD_TRStoSSC_arpaa2"
sp29_wmd_trstossc_arpaat1,String,50,,Recommended,"","",,"","Summary Page 29","Wisc_iv_SP29_WMD_TRStoSSC_arpaat1"
sp29_wmd_trstossc_arpaat2,String,50,,Recommended,"","",,"","Summary Page 29","Wisc_iv_SP29_WMD_TRStoSSC_arpaat2"
sp29_wmd_trstossc_arpab1,String,50,,Recommended,"","",,"","Summary Page 29","Wisc_iv_SP29_WMD_TRStoSSC_arpab1"
sp29_wmd_trstossc_arpab2,String,50,,Recommended,"","",,"","Summary Page 29","Wisc_iv_SP29_WMD_TRStoSSC_arpab2"
sp29_wmd_trstossc_wa1,String,50,,Recommended,"","",,"","Summary Page 29","Wisc_iv_SP29_WMD_TRStoSSC_wa1"
sp29_wmd_trstossc_wa2,String,50,,Recommended,"","",,"","Summary Page 29","Wisc_iv_SP29_WMD_TRStoSSC_wa2"
sp29_wmd_dc_dsf_vds1,String,50,,Recommended,"","",,"","Summary Page 29","Wisc_iv_SP29_WMD_DC_dsf_vds1"
sp29_wmd_dc_dsf_vds2,String,50,,Recommended,"","",,"","Summary Page 29","Wisc_iv_SP29_WMD_DC_dsf_vds2"
sp29_wmd_dc_dsf_vds3,String,50,,Recommended,"","",,"","Summary Page 29","Wisc_iv_SP29_WMD_DC_dsf_vds3"
sp29_wmd_dc_dsf_vds4,String,50,,Recommended,"","",,"","Summary Page 29","Wisc_iv_SP29_WMD_DC_dsf_vds4"
sp29_wmd_dc_dsf_vds5,String,50,,Recommended,"","",,"","Summary Page 29","Wisc_iv_SP29_WMD_DC_dsf_vds5"
sp29_wmd_dc_dsf_vds6,String,50,,Recommended,"","",,"","Summary Page 29","Wisc_iv_SP29_WMD_DC_dsf_vds6"
sp29_wmd_dc_dsf_sspf1,String,50,,Recommended,"","",,"","Summary Page 29","Wisc_iv_SP29_WMD_DC_dsf_sspf1"
sp29_wmd_dc_dsf_sspf2,String,50,,Recommended,"","",,"","Summary Page 29","Wisc_iv_SP29_WMD_DC_dsf_sspf2"
sp29_wmd_dc_dsf_sspf3,String,50,,Recommended,"","",,"","Summary Page 29","Wisc_iv_SP29_WMD_DC_dsf_sspf3"
sp29_wmd_dc_dsf_sspf4,String,50,,Recommended,"","",,"","Summary Page 29","Wisc_iv_SP29_WMD_DC_dsf_sspf4"
sp29_wmd_dc_dsf_sspf5,String,50,,Recommended,"","",,"","Summary Page 29","Wisc_iv_SP29_WMD_DC_dsf_sspf5"
sp29_wmd_dc_dsf_sspf6,String,50,,Recommended,"","",,"","Summary Page 29","Wisc_iv_SP29_WMD_DC_dsf_sspf6"
sp29_wmd_dc_dsf_lsn1,String,50,,Recommended,"","",,"","Summary Page 29","Wisc_iv_SP29_WMD_DC_dsf_lsn1"
sp29_wmd_dc_dsf_lsn2,String,50,,Recommended,"","",,"","Summary Page 29","Wisc_iv_SP29_WMD_DC_dsf_lsn2"
sp29_wmd_dc_dsf_lsn3,String,50,,Recommended,"","",,"","Summary Page 29","Wisc_iv_SP29_WMD_DC_dsf_lsn3"
sp29_wmd_dc_dsf_lsn4,String,50,,Recommended,"","",,"","Summary Page 29","Wisc_iv_SP29_WMD_DC_dsf_lsn4"
sp29_wmd_dc_dsf_lsn5,String,50,,Recommended,"","",,"","Summary Page 29","Wisc_iv_SP29_WMD_DC_dsf_lsn5"
sp29_wmd_dc_dsf_lsn6,String,50,,Recommended,"","",,"","Summary Page 29","Wisc_iv_SP29_WMD_DC_dsf_lsn6"
sp29_wmd_dc_vds_sspf1,String,50,,Recommended,"","",,"","Summary Page 29","Wisc_iv_SP29_WMD_DC_vds_sspf1"
sp29_wmd_dc_vds_sspf2,String,50,,Recommended,"","",,"","Summary Page 29","Wisc_iv_SP29_WMD_DC_vds_sspf2"
sp29_wmd_dc_vds_sspf3,String,50,,Recommended,"","",,"","Summary Page 29","Wisc_iv_SP29_WMD_DC_vds_sspf3"
sp29_wmd_dc_vds_sspf4,String,50,,Recommended,"","",,"","Summary Page 29","Wisc_iv_SP29_WMD_DC_vds_sspf4"
sp29_wmd_dc_vds_sspf5,String,50,,Recommended,"","",,"","Summary Page 29","Wisc_iv_SP29_WMD_DC_vds_sspf5"
sp29_wmd_dc_vds_sspf6,String,50,,Recommended,"","",,"","Summary Page 29","Wisc_iv_SP29_WMD_DC_vds_sspf6"
sp29_wmd_dc_lsn_lsr1,String,50,,Recommended,"","",,"","Summary Page 29","Wisc_iv_SP29_WMD_DC_lsn_lsr1"
sp29_wmd_dc_lsn_lsr2,String,50,,Recommended,"","",,"","Summary Page 29","Wisc_iv_SP29_WMD_DC_lsn_lsr2"
sp29_wmd_dc_lsn_lsr3,String,50,,Recommended,"","",,"","Summary Page 29","Wisc_iv_SP29_WMD_DC_lsn_lsr3"
sp29_wmd_dc_lsn_lsr4,String,50,,Recommended,"","",,"","Summary Page 29","Wisc_iv_SP29_WMD_DC_lsn_lsr4"
sp29_wmd_dc_lsn_lsr5,String,50,,Recommended,"","",,"","Summary Page 29","Wisc_iv_SP29_WMD_DC_lsn_lsr5"
sp29_wmd_dc_lsn_lsr6,String,50,,Recommended,"","",,"","Summary Page 29","Wisc_iv_SP29_WMD_DC_lsn_lsr6"
sp29_wmd_dc_ln_dsb1,String,50,,Recommended,"","",,"","Summary Page 29","Wisc_iv_SP29_WMD_DC_ln_dsb1"
sp29_wmd_dc_ln_dsb2,String,50,,Recommended,"","",,"","Summary Page 29","Wisc_iv_SP29_WMD_DC_ln_dsb2"
sp29_wmd_dc_ln_dsb3,String,50,,Recommended,"","",,"","Summary Page 29","Wisc_iv_SP29_WMD_DC_ln_dsb3"
sp29_wmd_dc_ln_dsb4,String,50,,Recommended,"","",,"","Summary Page 29","Wisc_iv_SP29_WMD_DC_ln_dsb4"
sp29_wmd_dc_ln_dsb5,String,50,,Recommended,"","",,"","Summary Page 29","Wisc_iv_SP29_WMD_DC_ln_dsb5"
sp29_wmd_dc_ln_dsb6,String,50,,Recommended,"","",,"","Summary Page 29","Wisc_iv_SP29_WMD_DC_ln_dsb6"
sp29_wmd_dc_ln_lnpa1,String,50,,Recommended,"","",,"","Summary Page 29","Wisc_iv_SP29_WMD_DC_ln_lnpa1"
sp29_wmd_dc_ln_lnpa2,String,50,,Recommended,"","",,"","Summary Page 29","Wisc_iv_SP29_WMD_DC_ln_lnpa2"
sp29_wmd_dc_ln_lnpa3,String,50,,Recommended,"","",,"","Summary Page 29","Wisc_iv_SP29_WMD_DC_ln_lnpa3"
sp29_wmd_dc_ln_lnpa4,String,50,,Recommended,"","",,"","Summary Page 29","Wisc_iv_SP29_WMD_DC_ln_lnpa4"
sp29_wmd_dc_ln_lnpa5,String,50,,Recommended,"","",,"","Summary Page 29","Wisc_iv_SP29_WMD_DC_ln_lnpa5"
sp29_wmd_dc_ln_lnpa6,String,50,,Recommended,"","",,"","Summary Page 29","Wisc_iv_SP29_WMD_DC_ln_lnpa6"
sp29_wmd_dc_dsb_sspb1,String,50,,Recommended,"","",,"","Summary Page 29","Wisc_iv_SP29_WMD_DC_dsb_sspb1"
sp29_wmd_dc_dsb_sspb2,String,50,,Recommended,"","",,"","Summary Page 29","Wisc_iv_SP29_WMD_DC_dsb_sspb2"
sp29_wmd_dc_dsb_sspb3,String,50,,Recommended,"","",,"","Summary Page 29","Wisc_iv_SP29_WMD_DC_dsb_sspb3"
sp29_wmd_dc_dsb_sspb4,String,50,,Recommended,"","",,"","Summary Page 29","Wisc_iv_SP29_WMD_DC_dsb_sspb4"
sp29_wmd_dc_dsb_sspb5,String,50,,Recommended,"","",,"","Summary Page 29","Wisc_iv_SP29_WMD_DC_dsb_sspb5"
sp29_wmd_dc_dsb_sspb6,String,50,,Recommended,"","",,"","Summary Page 29","Wisc_iv_SP29_WMD_DC_dsb_sspb6"
sp29_wmd_dc_ar_art1,String,50,,Recommended,"","",,"","Summary Page 29","Wisc_iv_SP29_WMD_DC_ar_art1"
sp29_wmd_dc_ar_art2,String,50,,Recommended,"","",,"","Summary Page 29","Wisc_iv_SP29_WMD_DC_ar_art2"
sp29_wmd_dc_ar_art3,String,50,,Recommended,"","",,"","Summary Page 29","Wisc_iv_SP29_WMD_DC_ar_art3"
sp29_wmd_dc_ar_art4,String,50,,Recommended,"","",,"","Summary Page 29","Wisc_iv_SP29_WMD_DC_ar_art4"
sp29_wmd_dc_ar_art5,String,50,,Recommended,"","",,"","Summary Page 29","Wisc_iv_SP29_WMD_DC_ar_art5"
sp29_wmd_dc_ar_art6,String,50,,Recommended,"","",,"","Summary Page 29","Wisc_iv_SP29_WMD_DC_ar_art6"
sp29_wmd_dc_ar_arpa_a1,String,50,,Recommended,"","",,"","Summary Page 29","Wisc_iv_SP29_WMD_DC_ar_arpa_a1"
sp29_wmd_dc_ar_arpa_a2,String,50,,Recommended,"","",,"","Summary Page 29","Wisc_iv_SP29_WMD_DC_ar_arpa_a2"
sp29_wmd_dc_ar_arpa_a3,String,50,,Recommended,"","",,"","Summary Page 29","Wisc_iv_SP29_WMD_DC_ar_arpa_a3"
sp29_wmd_dc_ar_arpa_a4,String,50,,Recommended,"","",,"","Summary Page 29","Wisc_iv_SP29_WMD_DC_ar_arpa_a4"
sp29_wmd_dc_ar_arpa_a5,String,50,,Recommended,"","",,"","Summary Page 29","Wisc_iv_SP29_WMD_DC_ar_arpa_a5"
sp29_wmd_dc_ar_arpa_a6,String,50,,Recommended,"","",,"","Summary Page 29","Wisc_iv_SP29_WMD_DC_ar_arpa_a6"
sp29_wmd_dc_ar_arpa_b1,String,50,,Recommended,"","",,"","Summary Page 29","Wisc_iv_SP29_WMD_DC_ar_arpa_b1"
sp29_wmd_dc_ar_arpa_b2,String,50,,Recommended,"","",,"","Summary Page 29","Wisc_iv_SP29_WMD_DC_ar_arpa_b2"
sp29_wmd_dc_ar_arpa_b3,String,50,,Recommended,"","",,"","Summary Page 29","Wisc_iv_SP29_WMD_DC_ar_arpa_b3"
sp29_wmd_dc_ar_arpa_b4,String,50,,Recommended,"","",,"","Summary Page 29","Wisc_iv_SP29_WMD_DC_ar_arpa_b4"
sp29_wmd_dc_ar_arpa_b5,String,50,,Recommended,"","",,"","Summary Page 29","Wisc_iv_SP29_WMD_DC_ar_arpa_b5"
sp29_wmd_dc_ar_arpa_b6,String,50,,Recommended,"","",,"","Summary Page 29","Wisc_iv_SP29_WMD_DC_ar_arpa_b6"
sp29_wmd_dc_ar_wa1,String,50,,Recommended,"","",,"","Summary Page 29","Wisc_iv_SP29_WMD_DC_ar_wa1"
sp29_wmd_dc_ar_wa2,String,50,,Recommended,"","",,"","Summary Page 29","Wisc_iv_SP29_WMD_DC_ar_wa2"
sp29_wmd_dc_ar_wa3,String,50,,Recommended,"","",,"","Summary Page 29","Wisc_iv_SP29_WMD_DC_ar_wa3"
sp29_wmd_dc_ar_wa4,String,50,,Recommended,"","",,"","Summary Page 29","Wisc_iv_SP29_WMD_DC_ar_wa4"
sp29_wmd_dc_ar_wa5,String,50,,Recommended,"","",,"","Summary Page 29","Wisc_iv_SP29_WMD_DC_ar_wa5"
sp29_wmd_dc_ar_wa6,String,50,,Recommended,"","",,"","Summary Page 29","Wisc_iv_SP29_WMD_DC_ar_wa6"
sp29_wmd_dc_arpa_a_arpa_at1,String,50,,Recommended,"","",,"","Summary Page 29","Wisc_iv_SP29_WMD_DC_arpa_a_arpa_at1"
sp29_wmd_dc_arpa_a_arpa_at2,String,50,,Recommended,"","",,"","Summary Page 29","Wisc_iv_SP29_WMD_DC_arpa_a_arpa_at2"
sp29_wmd_dc_arpa_a_arpa_at3,String,50,,Recommended,"","",,"","Summary Page 29","Wisc_iv_SP29_WMD_DC_arpa_a_arpa_at3"
sp29_wmd_dc_arpa_a_arpa_at4,String,50,,Recommended,"","",,"","Summary Page 29","Wisc_iv_SP29_WMD_DC_arpa_a_arpa_at4"
sp29_wmd_dc_arpa_a_arpa_at5,String,50,,Recommended,"","",,"","Summary Page 29","Wisc_iv_SP29_WMD_DC_arpa_a_arpa_at5"
sp29_wmd_dc_arpa_a_arpa_at6,String,50,,Recommended,"","",,"","Summary Page 29","Wisc_iv_SP29_WMD_DC_arpa_a_arpa_at6"
sp29_wmd_dc_dsf_dsb1,String,50,,Recommended,"","",,"","Summary Page 29","Wisc_iv_SP29_WMD_DC_dsf_dsb1"
sp29_wmd_dc_dsf_dsb2,String,50,,Recommended,"","",,"","Summary Page 29","Wisc_iv_SP29_WMD_DC_dsf_dsb2"
sp29_wmd_dc_dsf_dsb3,String,50,,Recommended,"","",,"","Summary Page 29","Wisc_iv_SP29_WMD_DC_dsf_dsb3"
sp29_wmd_dc_dsf_dsb4,String,50,,Recommended,"","",,"","Summary Page 29","Wisc_iv_SP29_WMD_DC_dsf_dsb4"
sp29_wmd_dc_dsf_dsb5,String,50,,Recommended,"","",,"","Summary Page 29","Wisc_iv_SP29_WMD_DC_dsf_dsb5"
sp29_wmd_dc_dsf_dsb6,String,50,,Recommended,"","",,"","Summary Page 29","Wisc_iv_SP29_WMD_DC_dsf_dsb6"
sp29_wmd_dc_sspf_sspb1,String,50,,Recommended,"","",,"","Summary Page 29","Wisc_iv_SP29_WMD_DC_sspf_sspb1"
sp29_wmd_dc_sspf_sspb2,String,50,,Recommended,"","",,"","Summary Page 29","Wisc_iv_SP29_WMD_DC_sspf_sspb2"
sp29_wmd_dc_sspf_sspb3,String,50,,Recommended,"","",,"","Summary Page 29","Wisc_iv_SP29_WMD_DC_sspf_sspb3"
sp29_wmd_dc_sspf_sspb4,String,50,,Recommended,"","",,"","Summary Page 29","Wisc_iv_SP29_WMD_DC_sspf_sspb4"
sp29_wmd_dc_sspf_sspb5,String,50,,Recommended,"","",,"","Summary Page 29","Wisc_iv_SP29_WMD_DC_sspf_sspb5"
sp29_wmd_dc_sspf_sspb6,String,50,,Recommended,"","",,"","Summary Page 29","Wisc_iv_SP29_WMD_DC_sspf_sspb6"
sp30_wmd_rstobrc_ldsf1,String,50,,Recommended,"","",,"","Summary Page 30","Wisc_iv_SP30_WMD_RStoBRC_ldsf1"
sp30_wmd_rstobrc_ldsf2,String,50,,Recommended,"","",,"","Summary Page 30","Wisc_iv_SP30_WMD_RStoBRC_ldsf2"
sp30_wmd_rstobrc_ldsb1,String,50,,Recommended,"","",,"","Summary Page 30","Wisc_iv_SP30_WMD_RStoBRC_ldsb1"
sp30_wmd_rstobrc_ldsb2,String,50,,Recommended,"","",,"","Summary Page 30","Wisc_iv_SP30_WMD_RStoBRC_ldsb2"
sp30_wmd_rstobrc_lvds1,String,50,,Recommended,"","",,"","Summary Page 30","Wisc_iv_SP30_WMD_RStoBRC_lvds1"
sp30_wmd_rstobrc_lvds2,String,50,,Recommended,"","",,"","Summary Page 30","Wisc_iv_SP30_WMD_RStoBRC_lvds2"
sp30_wmd_rstobrc_lsspf1,String,50,,Recommended,"","",,"","Summary Page 30","Wisc_iv_SP30_WMD_RStoBRC_lsspf1"
sp30_wmd_rstobrc_lsspf2,String,50,,Recommended,"","",,"","Summary Page 30","Wisc_iv_SP30_WMD_RStoBRC_lsspf2"
sp30_wmd_rstobrc_lsspb1,String,50,,Recommended,"","",,"","Summary Page 30","Wisc_iv_SP30_WMD_RStoBRC_lsspb1"
sp30_wmd_rstobrc_lsspb2,String,50,,Recommended,"","",,"","Summary Page 30","Wisc_iv_SP30_WMD_RStoBRC_lsspb2"
sp30_wmd_rstobrc_llsn1,String,50,,Recommended,"","",,"","Summary Page 30","Wisc_iv_SP30_WMD_RStoBRC_llsn1"
sp30_wmd_rstobrc_llsn2,String,50,,Recommended,"","",,"","Summary Page 30","Wisc_iv_SP30_WMD_RStoBRC_llsn2"
sp30_wmd_rstobrc_llsr1,String,50,,Recommended,"","",,"","Summary Page 30","Wisc_iv_SP30_WMD_RStoBRC_llsr1"
sp30_wmd_rstobrc_llsr2,String,50,,Recommended,"","",,"","Summary Page 30","Wisc_iv_SP30_WMD_RStoBRC_llsr2"
sp30_wmd_rstobrc_lln1,String,50,,Recommended,"","",,"","Summary Page 30","Wisc_iv_SP30_WMD_RStoBRC_lln1"
sp30_wmd_rstobrc_lln2,String,50,,Recommended,"","",,"","Summary Page 30","Wisc_iv_SP30_WMD_RStoBRC_lln2"
sp30_wmd_rstobrc_llnpa1,String,50,,Recommended,"","",,"","Summary Page 30","Wisc_iv_SP30_WMD_RStoBRC_llnpa1"
sp30_wmd_rstobrc_llnpa2,String,50,,Recommended,"","",,"","Summary Page 30","Wisc_iv_SP30_WMD_RStoBRC_llnpa2"
sp30_wmd_dc2_ldsf_ldsb1,String,50,,Recommended,"","",,"","Summary Page 30","Wisc_iv_SP30_WMD_DC2_ldsf_ldsb1"
sp30_wmd_dc2_ldsf_ldsb2,String,50,,Recommended,"","",,"","Summary Page 30","Wisc_iv_SP30_WMD_DC2_ldsf_ldsb2"
sp30_wmd_dc2_ldsf_ldsb3,String,50,,Recommended,"","",,"","Summary Page 30","Wisc_iv_SP30_WMD_DC2_ldsf_ldsb3"
sp30_wmd_dc2_ldsf_ldsb4,String,50,,Recommended,"","",,"","Summary Page 30","Wisc_iv_SP30_WMD_DC2_ldsf_ldsb4"
sp30_wmd_dc2_lsspf_lsspb1,String,50,,Recommended,"","",,"","Summary Page 30","Wisc_iv_SP30_WMD_DC2_lsspf_lsspb1"
sp30_wmd_dc2_lsspf_lsspb2,String,50,,Recommended,"","",,"","Summary Page 30","Wisc_iv_SP30_WMD_DC2_lsspf_lsspb2"
sp30_wmd_dc2_lsspf_lsspb3,String,50,,Recommended,"","",,"","Summary Page 30","Wisc_iv_SP30_WMD_DC2_lsspf_lsspb3"
sp30_wmd_dc2_lsspf_lsspb4,String,50,,Recommended,"","",,"","Summary Page 30","Wisc_iv_SP30_WMD_DC2_lsspf_lsspb4"
sp30_wmd_dc2_llsn_llsr1,String,50,,Recommended,"","",,"","Summary Page 30","Wisc_iv_SP30_WMD_DC2_llsn_llsr1"
sp30_wmd_dc2_llsn_llsr2,String,50,,Recommended,"","",,"","Summary Page 30","Wisc_iv_SP30_WMD_DC2_llsn_llsr2"
sp30_wmd_dc2_llsn_llsr3,String,50,,Recommended,"","",,"","Summary Page 30","Wisc_iv_SP30_WMD_DC2_llsn_llsr3"
sp30_wmd_dc2_llsn_llsr4,String,50,,Recommended,"","",,"","Summary Page 30","Wisc_iv_SP30_WMD_DC2_llsn_llsr4"
sp30_wmd_dc2_lln_llnpa1,String,50,,Recommended,"","",,"","Summary Page 30","Wisc_iv_SP30_WMD_DC2_lln_llnpa1"
sp30_wmd_dc2_lln_llnpa2,String,50,,Recommended,"","",,"","Summary Page 30","Wisc_iv_SP30_WMD_DC2_lln_llnpa2"
sp30_wmd_dc2_lln_llnpa3,String,50,,Recommended,"","",,"","Summary Page 30","Wisc_iv_SP30_WMD_DC2_lln_llnpa3"
sp30_wmd_dc2_lln_llnpa4,String,50,,Recommended,"","",,"","Summary Page 30","Wisc_iv_SP30_WMD_DC2_lln_llnpa4"
sp30_psd_trstossc_car1,String,50,,Recommended,"","",,"","Summary Page 30","Wisc_iv_SP30_PSD_TRStoSSC_car1"
sp30_psd_trstossc_car2,String,50,,Recommended,"","",,"","Summary Page 30","Wisc_iv_SP30_PSD_TRStoSSC_car2"
sp30_psd_trstossc_cas1,String,50,,Recommended,"","",,"","Summary Page 30","Wisc_iv_SP30_PSD_TRStoSSC_cas1"
sp30_psd_trstossc_cas2,String,50,,Recommended,"","",,"","Summary Page 30","Wisc_iv_SP30_PSD_TRStoSSC_cas2"
sp30_psd_trstossc_cdc1,String,50,,Recommended,"","",,"","Summary Page 30","Wisc_iv_SP30_PSD_TRStoSSC_cdc1"
sp30_psd_trstossc_cdc2,String,50,,Recommended,"","",,"","Summary Page 30","Wisc_iv_SP30_PSD_TRStoSSC_cdc2"
sp30_psd_dc_cd_cdc1,String,50,,Recommended,"","",,"","Summary Page 30","Wisc_iv_SP30_PSD_DC_cd_cdc1"
sp30_psd_dc_cd_cdc2,String,50,,Recommended,"","",,"","Summary Page 30","Wisc_iv_SP30_PSD_DC_cd_cdc2"
sp30_psd_dc_cd_cdc3,String,50,,Recommended,"","",,"","Summary Page 30","Wisc_iv_SP30_PSD_DC_cd_cdc3"
sp30_psd_dc_cd_cdc4,String,50,,Recommended,"","",,"","Summary Page 30","Wisc_iv_SP30_PSD_DC_cd_cdc4"
sp30_psd_dc_cd_cdc5,String,50,,Recommended,"","",,"","Summary Page 30","Wisc_iv_SP30_PSD_DC_cd_cdc5"
sp30_psd_dc_cd_cdc6,String,50,,Recommended,"","",,"","Summary Page 30","Wisc_iv_SP30_PSD_DC_cd_cdc6"
sp30_psd_dc_car_cas1,String,50,,Recommended,"","",,"","Summary Page 30","Wisc_iv_SP30_PSD_DC_car_cas1"
sp30_psd_dc_car_cas2,String,50,,Recommended,"","",,"","Summary Page 30","Wisc_iv_SP30_PSD_DC_car_cas2"
sp30_psd_dc_car_cas3,String,50,,Recommended,"","",,"","Summary Page 30","Wisc_iv_SP30_PSD_DC_car_cas3"
sp30_psd_dc_car_cas4,String,50,,Recommended,"","",,"","Summary Page 30","Wisc_iv_SP30_PSD_DC_car_cas4"
sp30_psd_dc_car_cas5,String,50,,Recommended,"","",,"","Summary Page 30","Wisc_iv_SP30_PSD_DC_car_cas5"
sp30_psd_dc_car_cas6,String,50,,Recommended,"","",,"","Summary Page 30","Wisc_iv_SP30_PSD_DC_car_cas6"
sp30_psd_rstobrc_cars1,String,50,,Recommended,"","",,"","Summary Page 30","Wisc_iv_SP30_PSD_RStoBRC_cars1"
sp30_psd_rstobrc_cars2,String,50,,Recommended,"","",,"","Summary Page 30","Wisc_iv_SP30_PSD_RStoBRC_cars2"
sp30_psd_rstobrc_cass1,String,50,,Recommended,"","",,"","Summary Page 30","Wisc_iv_SP30_PSD_RStoBRC_cass1"
sp30_psd_rstobrc_cass2,String,50,,Recommended,"","",,"","Summary Page 30","Wisc_iv_SP30_PSD_RStoBRC_cass2"
sp30_psd_rstobrc2_csr1,String,50,,Recommended,"","",,"","Summary Page 30","Wisc_iv_SP30_PSD_RStoBRC2_csr1"
sp30_psd_rstobrc2_csr2,String,50,,Recommended,"","",,"","Summary Page 30","Wisc_iv_SP30_PSD_RStoBRC2_csr2"
sp30_psd_rstobrc2_fsr1,String,50,,Recommended,"","",,"","Summary Page 30","Wisc_iv_SP30_PSD_RStoBRC2_fsr1"
sp30_psd_rstobrc2_fsr2,String,50,,Recommended,"","",,"","Summary Page 30","Wisc_iv_SP30_PSD_RStoBRC2_fsr2"
sp30_psd_rstobrc2_cdr1,String,50,,Recommended,"","",,"","Summary Page 30","Wisc_iv_SP30_PSD_RStoBRC2_cdr1"
sp30_psd_rstobrc2_cdr2,String,50,,Recommended,"","",,"","Summary Page 30","Wisc_iv_SP30_PSD_RStoBRC2_cdr2"
sp30_psd_trstobrc_conv1_301,String,50,,Recommended,"","",,"","Summary Page 30","Wisc_iv_SP30_PSD_TRStoBRC_conv1_301"
sp30_psd_trstobrc_conv1_302,String,50,,Recommended,"","",,"","Summary Page 30","Wisc_iv_SP30_PSD_TRStoBRC_conv1_302"
sp30_psd_trstobrc_conv1_303,String,50,,Recommended,"","",,"","Summary Page 30","Wisc_iv_SP30_PSD_TRStoBRC_conv1_303"
sp30_psd_trstobrc_conv1_304,String,50,,Recommended,"","",,"","Summary Page 30","Wisc_iv_SP30_PSD_TRStoBRC_conv1_304"
sp30_psd_trstobrc_conv31_601,String,50,,Recommended,"","",,"","Summary Page 30","Wisc_iv_SP30_PSD_TRStoBRC_conv31_601"
sp30_psd_trstobrc_conv31_602,String,50,,Recommended,"","",,"","Summary Page 30","Wisc_iv_SP30_PSD_TRStoBRC_conv31_602"
sp30_psd_trstobrc_conv31_603,String,50,,Recommended,"","",,"","Summary Page 30","Wisc_iv_SP30_PSD_TRStoBRC_conv31_603"
sp30_psd_trstobrc_conv31_604,String,50,,Recommended,"","",,"","Summary Page 30","Wisc_iv_SP30_PSD_TRStoBRC_conv31_604"
sp30_psd_trstobrc_conv61_901,String,50,,Recommended,"","",,"","Summary Page 30","Wisc_iv_SP30_PSD_TRStoBRC_conv61_901"
sp30_psd_trstobrc_conv61_902,String,50,,Recommended,"","",,"","Summary Page 30","Wisc_iv_SP30_PSD_TRStoBRC_conv61_902"
sp30_psd_trstobrc_conv61_903,String,50,,Recommended,"","",,"","Summary Page 30","Wisc_iv_SP30_PSD_TRStoBRC_conv61_903"
sp30_psd_trstobrc_conv61_904,String,50,,Recommended,"","",,"","Summary Page 30","Wisc_iv_SP30_PSD_TRStoBRC_conv61_904"
sp30_alldmn_trstobrc_simc1,String,50,,Recommended,"","",,"","Summary Page 30","Wisc_iv_SP30_AllDmn_TRStoBRC_simc1"
sp30_alldmn_trstobrc_simc2,String,50,,Recommended,"","",,"","Summary Page 30","Wisc_iv_SP30_AllDmn_TRStoBRC_simc2"
sp30_alldmn_trstobrc_simc3,String,50,,Recommended,"","",,"","Summary Page 30","Wisc_iv_SP30_AllDmn_TRStoBRC_simc3"
sp30_alldmn_trstobrc_simc4,String,50,,Recommended,"","",,"","Summary Page 30","Wisc_iv_SP30_AllDmn_TRStoBRC_simc4"
sp30_alldmn_trstobrc_simc5,String,50,,Recommended,"","",,"","Summary Page 30","Wisc_iv_SP30_AllDmn_TRStoBRC_simc5"
sp30_alldmn_trstobrc_simc6,String,50,,Recommended,"","",,"","Summary Page 30","Wisc_iv_SP30_AllDmn_TRStoBRC_simc6"
sp30_alldmn_trstobrc_simc7,String,50,,Recommended,"","",,"","Summary Page 30","Wisc_iv_SP30_AllDmn_TRStoBRC_simc7"
sp30_alldmn_trstobrc_simc8,String,50,,Recommended,"","",,"","Summary Page 30","Wisc_iv_SP30_AllDmn_TRStoBRC_simc8"
sp30_alldmn_trstobrc_simc9,String,50,,Recommended,"","",,"","Summary Page 30","Wisc_iv_SP30_AllDmn_TRStoBRC_simc9"
sp30_alldmn_trstobrc_simc10,String,50,,Recommended,"","",,"","Summary Page 30","Wisc_iv_SP30_AllDmn_TRStoBRC_simc10"
sp30_alldmn_trstobrc_vcmc1,String,50,,Recommended,"","",,"","Summary Page 30","Wisc_iv_SP30_AllDmn_TRStoBRC_vcmc1"
sp30_alldmn_trstobrc_vcmc2,String,50,,Recommended,"","",,"","Summary Page 30","Wisc_iv_SP30_AllDmn_TRStoBRC_vcmc2"
sp30_alldmn_trstobrc_vcmc3,String,50,,Recommended,"","",,"","Summary Page 30","Wisc_iv_SP30_AllDmn_TRStoBRC_vcmc3"
sp30_alldmn_trstobrc_vcmc4,String,50,,Recommended,"","",,"","Summary Page 30","Wisc_iv_SP30_AllDmn_TRStoBRC_vcmc4"
sp30_alldmn_trstobrc_vcmc5,String,50,,Recommended,"","",,"","Summary Page 30","Wisc_iv_SP30_AllDmn_TRStoBRC_vcmc5"
sp30_alldmn_trstobrc_vcmc6,String,50,,Recommended,"","",,"","Summary Page 30","Wisc_iv_SP30_AllDmn_TRStoBRC_vcmc6"
sp30_alldmn_trstobrc_vcmc7,String,50,,Recommended,"","",,"","Summary Page 30","Wisc_iv_SP30_AllDmn_TRStoBRC_vcmc7"
sp30_alldmn_trstobrc_vcmc8,String,50,,Recommended,"","",,"","Summary Page 30","Wisc_iv_SP30_AllDmn_TRStoBRC_vcmc8"
sp30_alldmn_trstobrc_vcmc9,String,50,,Recommended,"","",,"","Summary Page 30","Wisc_iv_SP30_AllDmn_TRStoBRC_vcmc9"
sp30_alldmn_trstobrc_vcmc10,String,50,,Recommended,"","",,"","Summary Page 30","Wisc_iv_SP30_AllDmn_TRStoBRC_vcmc10"
sp30_alldmn_trstobrc_pvmc1,String,50,,Recommended,"","",,"","Summary Page 30","Wisc_iv_SP30_AllDmn_TRStoBRC_pvmc1"
sp30_alldmn_trstobrc_pvmc2,String,50,,Recommended,"","",,"","Summary Page 30","Wisc_iv_SP30_AllDmn_TRStoBRC_pvmc2"
sp30_alldmn_trstobrc_pvmc3,String,50,,Recommended,"","",,"","Summary Page 30","Wisc_iv_SP30_AllDmn_TRStoBRC_pvmc3"
sp30_alldmn_trstobrc_pvmc4,String,50,,Recommended,"","",,"","Summary Page 30","Wisc_iv_SP30_AllDmn_TRStoBRC_pvmc4"
sp30_alldmn_trstobrc_pvmc5,String,50,,Recommended,"","",,"","Summary Page 30","Wisc_iv_SP30_AllDmn_TRStoBRC_pvmc5"
sp30_alldmn_trstobrc_pvmc6,String,50,,Recommended,"","",,"","Summary Page 30","Wisc_iv_SP30_AllDmn_TRStoBRC_pvmc6"
sp30_alldmn_trstobrc_pvmc7,String,50,,Recommended,"","",,"","Summary Page 30","Wisc_iv_SP30_AllDmn_TRStoBRC_pvmc7"
sp30_alldmn_trstobrc_pvmc8,String,50,,Recommended,"","",,"","Summary Page 30","Wisc_iv_SP30_AllDmn_TRStoBRC_pvmc8"
sp30_alldmn_trstobrc_pvmc9,String,50,,Recommended,"","",,"","Summary Page 30","Wisc_iv_SP30_AllDmn_TRStoBRC_pvmc9"
sp30_alldmn_trstobrc_pvmc10,String,50,,Recommended,"","",,"","Summary Page 30","Wisc_iv_SP30_AllDmn_TRStoBRC_pvmc10"
sp30_alldmn_trstobrc_comc1,String,50,,Recommended,"","",,"","Summary Page 30","Wisc_iv_SP30_AllDmn_TRStoBRC_comc1"
sp30_alldmn_trstobrc_comc2,String,50,,Recommended,"","",,"","Summary Page 30","Wisc_iv_SP30_AllDmn_TRStoBRC_comc2"
sp30_alldmn_trstobrc_comc3,String,50,,Recommended,"","",,"","Summary Page 30","Wisc_iv_SP30_AllDmn_TRStoBRC_comc3"
sp30_alldmn_trstobrc_comc4,String,50,,Recommended,"","",,"","Summary Page 30","Wisc_iv_SP30_AllDmn_TRStoBRC_comc4"
sp30_alldmn_trstobrc_comc5,String,50,,Recommended,"","",,"","Summary Page 30","Wisc_iv_SP30_AllDmn_TRStoBRC_comc5"
sp30_alldmn_trstobrc_comc6,String,50,,Recommended,"","",,"","Summary Page 30","Wisc_iv_SP30_AllDmn_TRStoBRC_comc6"
sp30_alldmn_trstobrc_comc7,String,50,,Recommended,"","",,"","Summary Page 30","Wisc_iv_SP30_AllDmn_TRStoBRC_comc7"
sp30_alldmn_trstobrc_comc8,String,50,,Recommended,"","",,"","Summary Page 30","Wisc_iv_SP30_AllDmn_TRStoBRC_comc8"
sp30_alldmn_trstobrc_comc9,String,50,,Recommended,"","",,"","Summary Page 30","Wisc_iv_SP30_AllDmn_TRStoBRC_comc9"
sp30_alldmn_trstobrc_comc10,String,50,,Recommended,"","",,"","Summary Page 30","Wisc_iv_SP30_AllDmn_TRStoBRC_comc10"
sp30_alldmn_trstobrc_inmc1,String,50,,Recommended,"","",,"","Summary Page 30","Wisc_iv_SP30_AllDmn_TRStoBRC_inmc1"
sp30_alldmn_trstobrc_inmc2,String,50,,Recommended,"","",,"","Summary Page 30","Wisc_iv_SP30_AllDmn_TRStoBRC_inmc2"
sp30_alldmn_trstobrc_inmc3,String,50,,Recommended,"","",,"","Summary Page 30","Wisc_iv_SP30_AllDmn_TRStoBRC_inmc3"
sp30_alldmn_trstobrc_inmc4,String,50,,Recommended,"","",,"","Summary Page 30","Wisc_iv_SP30_AllDmn_TRStoBRC_inmc4"
sp30_alldmn_trstobrc_inmc5,String,50,,Recommended,"","",,"","Summary Page 30","Wisc_iv_SP30_AllDmn_TRStoBRC_inmc5"
sp30_alldmn_trstobrc_inmc6,String,50,,Recommended,"","",,"","Summary Page 30","Wisc_iv_SP30_AllDmn_TRStoBRC_inmc6"
sp30_alldmn_trstobrc_inmc7,String,50,,Recommended,"","",,"","Summary Page 30","Wisc_iv_SP30_AllDmn_TRStoBRC_inmc7"
sp30_alldmn_trstobrc_inmc8,String,50,,Recommended,"","",,"","Summary Page 30","Wisc_iv_SP30_AllDmn_TRStoBRC_inmc8"
sp30_alldmn_trstobrc_inmc9,String,50,,Recommended,"","",,"","Summary Page 30","Wisc_iv_SP30_AllDmn_TRStoBRC_inmc9"
sp30_alldmn_trstobrc_inmc10,String,50,,Recommended,"","",,"","Summary Page 30","Wisc_iv_SP30_AllDmn_TRStoBRC_inmc10"
sp30_alldmn_trstobrc_bdmc1,String,50,,Recommended,"","",,"","Summary Page 30","Wisc_iv_SP30_AllDmn_TRStoBRC_bdmc1"
sp30_alldmn_trstobrc_bdmc2,String,50,,Recommended,"","",,"","Summary Page 30","Wisc_iv_SP30_AllDmn_TRStoBRC_bdmc2"
sp30_alldmn_trstobrc_bdmc3,String,50,,Recommended,"","",,"","Summary Page 30","Wisc_iv_SP30_AllDmn_TRStoBRC_bdmc3"
sp30_alldmn_trstobrc_bdmc4,String,50,,Recommended,"","",,"","Summary Page 30","Wisc_iv_SP30_AllDmn_TRStoBRC_bdmc4"
sp30_alldmn_trstobrc_bdmc5,String,50,,Recommended,"","",,"","Summary Page 30","Wisc_iv_SP30_AllDmn_TRStoBRC_bdmc5"
sp30_alldmn_trstobrc_bdmc6,String,50,,Recommended,"","",,"","Summary Page 30","Wisc_iv_SP30_AllDmn_TRStoBRC_bdmc6"
sp30_alldmn_trstobrc_bdmc7,String,50,,Recommended,"","",,"","Summary Page 30","Wisc_iv_SP30_AllDmn_TRStoBRC_bdmc7"
sp30_alldmn_trstobrc_bdmc8,String,50,,Recommended,"","",,"","Summary Page 30","Wisc_iv_SP30_AllDmn_TRStoBRC_bdmc8"
sp30_alldmn_trstobrc_bdmc9,String,50,,Recommended,"","",,"","Summary Page 30","Wisc_iv_SP30_AllDmn_TRStoBRC_bdmc9"
sp30_alldmn_trstobrc_bdmc10,String,50,,Recommended,"","",,"","Summary Page 30","Wisc_iv_SP30_AllDmn_TRStoBRC_bdmc10"
sp30_alldmn_trstobrc_em1,String,50,,Recommended,"","",,"","Summary Page 30","Wisc_iv_SP30_AllDmn_TRStoBRC_em1"
sp30_alldmn_trstobrc_em2,String,50,,Recommended,"","",,"","Summary Page 30","Wisc_iv_SP30_AllDmn_TRStoBRC_em2"
sp30_alldmn_trstobrc_em3,String,50,,Recommended,"","",,"","Summary Page 30","Wisc_iv_SP30_AllDmn_TRStoBRC_em3"
sp30_alldmn_trstobrc_em4,String,50,,Recommended,"","",,"","Summary Page 30","Wisc_iv_SP30_AllDmn_TRStoBRC_em4"
sp30_alldmn_trstobrc_em5,String,50,,Recommended,"","",,"","Summary Page 30","Wisc_iv_SP30_AllDmn_TRStoBRC_em5"
sp30_alldmn_trstobrc_em6,String,50,,Recommended,"","",,"","Summary Page 30","Wisc_iv_SP30_AllDmn_TRStoBRC_em6"
sp30_alldmn_trstobrc_em7,String,50,,Recommended,"","",,"","Summary Page 30","Wisc_iv_SP30_AllDmn_TRStoBRC_em7"
sp30_alldmn_trstobrc_em8,String,50,,Recommended,"","",,"","Summary Page 30","Wisc_iv_SP30_AllDmn_TRStoBRC_em8"
sp30_alldmn_trstobrc_em9,String,50,,Recommended,"","",,"","Summary Page 30","Wisc_iv_SP30_AllDmn_TRStoBRC_em9"
sp30_alldmn_trstobrc_em10,String,50,,Recommended,"","",,"","Summary Page 30","Wisc_iv_SP30_AllDmn_TRStoBRC_em10"
sp30_alldmn_trstobrc_vds1,String,50,,Recommended,"","",,"","Summary Page 30","Wisc_iv_SP30_AllDmn_TRStoBRC_vds1"
sp30_alldmn_trstobrc_vds2,String,50,,Recommended,"","",,"","Summary Page 30","Wisc_iv_SP30_AllDmn_TRStoBRC_vds2"
sp30_alldmn_trstobrc_vds3,String,50,,Recommended,"","",,"","Summary Page 30","Wisc_iv_SP30_AllDmn_TRStoBRC_vds3"
sp30_alldmn_trstobrc_vds4,String,50,,Recommended,"","",,"","Summary Page 30","Wisc_iv_SP30_AllDmn_TRStoBRC_vds4"
sp30_alldmn_trstobrc_vds5,String,50,,Recommended,"","",,"","Summary Page 30","Wisc_iv_SP30_AllDmn_TRStoBRC_vds5"
sp30_alldmn_trstobrc_vds6,String,50,,Recommended,"","",,"","Summary Page 30","Wisc_iv_SP30_AllDmn_TRStoBRC_vds6"
sp30_alldmn_trstobrc_vds7,String,50,,Recommended,"","",,"","Summary Page 30","Wisc_iv_SP30_AllDmn_TRStoBRC_vds7"
sp30_alldmn_trstobrc_vds8,String,50,,Recommended,"","",,"","Summary Page 30","Wisc_iv_SP30_AllDmn_TRStoBRC_vds8"
sp30_alldmn_trstobrc_vds9,String,50,,Recommended,"","",,"","Summary Page 30","Wisc_iv_SP30_AllDmn_TRStoBRC_vds9"
sp30_alldmn_trstobrc_vds10,String,50,,Recommended,"","",,"","Summary Page 30","Wisc_iv_SP30_AllDmn_TRStoBRC_vds10"
sp30_alldmn_trstobrc_ssp1,String,50,,Recommended,"","",,"","Summary Page 30","Wisc_iv_SP30_AllDmn_TRStoBRC_ssp1"
sp30_alldmn_trstobrc_ssp2,String,50,,Recommended,"","",,"","Summary Page 30","Wisc_iv_SP30_AllDmn_TRStoBRC_ssp2"
sp30_alldmn_trstobrc_ssp3,String,50,,Recommended,"","",,"","Summary Page 30","Wisc_iv_SP30_AllDmn_TRStoBRC_ssp3"
sp30_alldmn_trstobrc_ssp4,String,50,,Recommended,"","",,"","Summary Page 30","Wisc_iv_SP30_AllDmn_TRStoBRC_ssp4"
sp30_alldmn_trstobrc_ssp5,String,50,,Recommended,"","",,"","Summary Page 30","Wisc_iv_SP30_AllDmn_TRStoBRC_ssp5"
sp30_alldmn_trstobrc_ssp6,String,50,,Recommended,"","",,"","Summary Page 30","Wisc_iv_SP30_AllDmn_TRStoBRC_ssp6"
sp30_alldmn_trstobrc_ssp7,String,50,,Recommended,"","",,"","Summary Page 30","Wisc_iv_SP30_AllDmn_TRStoBRC_ssp7"
sp30_alldmn_trstobrc_ssp8,String,50,,Recommended,"","",,"","Summary Page 30","Wisc_iv_SP30_AllDmn_TRStoBRC_ssp8"
sp30_alldmn_trstobrc_ssp9,String,50,,Recommended,"","",,"","Summary Page 30","Wisc_iv_SP30_AllDmn_TRStoBRC_ssp9"
sp30_alldmn_trstobrc_ssp10,String,50,,Recommended,"","",,"","Summary Page 30","Wisc_iv_SP30_AllDmn_TRStoBRC_ssp10"
sp30_alldmn_trstobrc_ls1,String,50,,Recommended,"","",,"","Summary Page 30","Wisc_iv_SP30_AllDmn_TRStoBRC_ls1"
sp30_alldmn_trstobrc_ls2,String,50,,Recommended,"","",,"","Summary Page 30","Wisc_iv_SP30_AllDmn_TRStoBRC_ls2"
sp30_alldmn_trstobrc_ls3,String,50,,Recommended,"","",,"","Summary Page 30","Wisc_iv_SP30_AllDmn_TRStoBRC_ls3"
sp30_alldmn_trstobrc_ls4,String,50,,Recommended,"","",,"","Summary Page 30","Wisc_iv_SP30_AllDmn_TRStoBRC_ls4"
sp30_alldmn_trstobrc_ls5,String,50,,Recommended,"","",,"","Summary Page 30","Wisc_iv_SP30_AllDmn_TRStoBRC_ls5"
sp30_alldmn_trstobrc_ls6,String,50,,Recommended,"","",,"","Summary Page 30","Wisc_iv_SP30_AllDmn_TRStoBRC_ls6"
sp30_alldmn_trstobrc_ls7,String,50,,Recommended,"","",,"","Summary Page 30","Wisc_iv_SP30_AllDmn_TRStoBRC_ls7"
sp30_alldmn_trstobrc_ls8,String,50,,Recommended,"","",,"","Summary Page 30","Wisc_iv_SP30_AllDmn_TRStoBRC_ls8"
sp30_alldmn_trstobrc_ls9,String,50,,Recommended,"","",,"","Summary Page 30","Wisc_iv_SP30_AllDmn_TRStoBRC_ls9"
sp30_alldmn_trstobrc_ls10,String,50,,Recommended,"","",,"","Summary Page 30","Wisc_iv_SP30_AllDmn_TRStoBRC_ls10"
sp30_alldmn_trstobrc_lnpa1,String,50,,Recommended,"","",,"","Summary Page 30","Wisc_iv_SP30_AllDmn_TRStoBRC_lnpa1"
sp30_alldmn_trstobrc_lnpa2,String,50,,Recommended,"","",,"","Summary Page 30","Wisc_iv_SP30_AllDmn_TRStoBRC_lnpa2"
sp30_alldmn_trstobrc_lnpa3,String,50,,Recommended,"","",,"","Summary Page 30","Wisc_iv_SP30_AllDmn_TRStoBRC_lnpa3"
sp30_alldmn_trstobrc_lnpa4,String,50,,Recommended,"","",,"","Summary Page 30","Wisc_iv_SP30_AllDmn_TRStoBRC_lnpa4"
sp30_alldmn_trstobrc_lnpa5,String,50,,Recommended,"","",,"","Summary Page 30","Wisc_iv_SP30_AllDmn_TRStoBRC_lnpa5"
sp30_alldmn_trstobrc_lnpa6,String,50,,Recommended,"","",,"","Summary Page 30","Wisc_iv_SP30_AllDmn_TRStoBRC_lnpa6"
sp30_alldmn_trstobrc_lnpa7,String,50,,Recommended,"","",,"","Summary Page 30","Wisc_iv_SP30_AllDmn_TRStoBRC_lnpa7"
sp30_alldmn_trstobrc_lnpa8,String,50,,Recommended,"","",,"","Summary Page 30","Wisc_iv_SP30_AllDmn_TRStoBRC_lnpa8"
sp30_alldmn_trstobrc_lnpa9,String,50,,Recommended,"","",,"","Summary Page 30","Wisc_iv_SP30_AllDmn_TRStoBRC_lnpa9"
sp30_alldmn_trstobrc_lnpa10,String,50,,Recommended,"","",,"","Summary Page 30","Wisc_iv_SP30_AllDmn_TRStoBRC_lnpa10"
sp30_alldmn_trstobrc_arpa_a1,String,50,,Recommended,"","",,"","Summary Page 30","Wisc_iv_SP30_AllDmn_TRStoBRC_arpa_a1"
sp30_alldmn_trstobrc_arpa_a2,String,50,,Recommended,"","",,"","Summary Page 30","Wisc_iv_SP30_AllDmn_TRStoBRC_arpa_a2"
sp30_alldmn_trstobrc_arpa_a3,String,50,,Recommended,"","",,"","Summary Page 30","Wisc_iv_SP30_AllDmn_TRStoBRC_arpa_a3"
sp30_alldmn_trstobrc_arpa_a4,String,50,,Recommended,"","",,"","Summary Page 30","Wisc_iv_SP30_AllDmn_TRStoBRC_arpa_a4"
sp30_alldmn_trstobrc_arpa_a5,String,50,,Recommended,"","",,"","Summary Page 30","Wisc_iv_SP30_AllDmn_TRStoBRC_arpa_a5"
sp30_alldmn_trstobrc_arpa_a6,String,50,,Recommended,"","",,"","Summary Page 30","Wisc_iv_SP30_AllDmn_TRStoBRC_arpa_a6"
sp30_alldmn_trstobrc_arpa_a7,String,50,,Recommended,"","",,"","Summary Page 30","Wisc_iv_SP30_AllDmn_TRStoBRC_arpa_a7"
sp30_alldmn_trstobrc_arpa_a8,String,50,,Recommended,"","",,"","Summary Page 30","Wisc_iv_SP30_AllDmn_TRStoBRC_arpa_a8"
sp30_alldmn_trstobrc_arpa_a9,String,50,,Recommended,"","",,"","Summary Page 30","Wisc_iv_SP30_AllDmn_TRStoBRC_arpa_a9"
sp30_alldmn_trstobrc_arpa_a10,String,50,,Recommended,"","",,"","Summary Page 30","Wisc_iv_SP30_AllDmn_TRStoBRC_arpa_a10"
sp30_alldmn_trstobrc_arpa_b1,String,50,,Recommended,"","",,"","Summary Page 30","Wisc_iv_SP30_AllDmn_TRStoBRC_arpa_b1"
sp30_alldmn_trstobrc_arpa_b2,String,50,,Recommended,"","",,"","Summary Page 30","Wisc_iv_SP30_AllDmn_TRStoBRC_arpa_b2"
sp30_alldmn_trstobrc_arpa_b3,String,50,,Recommended,"","",,"","Summary Page 30","Wisc_iv_SP30_AllDmn_TRStoBRC_arpa_b3"
sp30_alldmn_trstobrc_arpa_b4,String,50,,Recommended,"","",,"","Summary Page 30","Wisc_iv_SP30_AllDmn_TRStoBRC_arpa_b4"
sp30_alldmn_trstobrc_arpa_b5,String,50,,Recommended,"","",,"","Summary Page 30","Wisc_iv_SP30_AllDmn_TRStoBRC_arpa_b5"
sp30_alldmn_trstobrc_arpa_b6,String,50,,Recommended,"","",,"","Summary Page 30","Wisc_iv_SP30_AllDmn_TRStoBRC_arpa_b6"
sp30_alldmn_trstobrc_arpa_b7,String,50,,Recommended,"","",,"","Summary Page 30","Wisc_iv_SP30_AllDmn_TRStoBRC_arpa_b7"
sp30_alldmn_trstobrc_arpa_b8,String,50,,Recommended,"","",,"","Summary Page 30","Wisc_iv_SP30_AllDmn_TRStoBRC_arpa_b8"
sp30_alldmn_trstobrc_arpa_b9,String,50,,Recommended,"","",,"","Summary Page 30","Wisc_iv_SP30_AllDmn_TRStoBRC_arpa_b9"
sp30_alldmn_trstobrc_arpa_b10,String,50,,Recommended,"","",,"","Summary Page 30","Wisc_iv_SP30_AllDmn_TRStoBRC_arpa_b10"
