ElementName,DataType,Size,Unit,Required,ElementDescription,ValueRange,Keywords,Notes,Section,Aliases
subjectkey,GUID,0,,Required,"","NDAR*",,"","Header",""
assess_join_var,Integer,0,,Recommended,"","",,"","",""
src_subject_id,String,20,,Required,"","",,"","Header","Wisc_iv_SRC_Subject_ID"
interview_date,Date,0,,Required,"","MM/yyyy;MM/dd/yyyy",,"* '01/01/1900' indicates that a date associated with retrospective data is not known.","Header","WISC_Date,Wisc_iv_interview_date"
interview_age,Integer,0,,Required,"","0 to 1200",,"Age is rounded to chronological month If the research participant is 13 days old at time of interview  the appropriate value would be 0 months if the participant is 19 days old the value would be 1 month","Header","Wisc_iv_interview_age"
gender,String,50,,Required,"","M;F",,"","",""
comments_misc,String,255,,Optional,"","",,"","Header","Wisc_iv_comments_misc"
blockdesign_design1trial1ct,Integer,0,,Recommended,"","",,"","Block Design","Wisc_iv_BlockDesign_Design1Trial1ct"
blockdesign_design1trial1cd,String,50,,Recommended,"","Y;N",,"","Block Design","Wisc_iv_BlockDesign_Design1cd"
blockdesign_design1trial1s,Integer,0,,Recommended,"","0;1;2",,"","Block Design","Wisc_iv_BlockDesign_Design1s"
blockdesign_design1trial2ct,Integer,0,,Recommended,"","",,"","Block Design","Wisc_iv_BlockDesign_Design1Trial2ct"
blockdesign_design2trial1ct,Integer,0,,Recommended,"","",,"","Block Design","Wisc_iv_BlockDesign_Design2Trial1ct"
blockdesign_design2trial1cd,String,50,,Recommended,"","Y;N",,"","Block Design","Wisc_iv_BlockDesign_Design2cd"
blockdesign_design2trial1s,Integer,0,,Recommended,"","0;1;2",,"","Block Design","Wisc_iv_BlockDesign_Design2s"
blockdesign_design2trial2ct,Integer,0,,Recommended,"","",,"","Block Design","Wisc_iv_BlockDesign_Design2Trial2ct"
blockdesign_design3trial1ct,Integer,0,,Recommended,"","",,"","Block Design","Wisc_iv_BlockDesign_Design3Trial1ct"
blockdesign_design3trial1cd,String,50,,Recommended,"","Y;N",,"","Block Design","Wisc_iv_BlockDesign_Design3cd"
blockdesign_design3trial1s,Integer,0,,Recommended,"","0;1;2",,"","Block Design","Wisc_iv_BlockDesign_Design3s"
blockdesign_design3trial2ct,Integer,0,,Recommended,"","",,"","Block Design","Wisc_iv_BlockDesign_Design3Trial2ct"
blockdesign_design4ct,Integer,0,,Recommended,"","",,"","Block Design","Wisc_iv_BlockDesign_Design4ct"
blockdesign_design4cd,String,50,,Recommended,"","Y;N",,"","Block Design","Wisc_iv_BlockDesign_Design4cd"
blockdesign_design4s,Integer,0,,Recommended,"","0;4",,"","Block Design","Wisc_iv_BlockDesign_Design4s"
blockdesign_design5ct,Integer,0,,Recommended,"","",,"","Block Design","Wisc_iv_BlockDesign_Design5ct"
blockdesign_design5cd,String,50,,Recommended,"","Y;N",,"","Block Design","Wisc_iv_BlockDesign_Design5cd"
blockdesign_design5s,Integer,0,,Recommended,"","0;4",,"","Block Design","Wisc_iv_BlockDesign_Design5s"
blockdesign_design6ct,Integer,0,,Recommended,"","",,"","Block Design","Wisc_iv_BlockDesign_Design6ct"
blockdesign_design6cd,String,50,,Recommended,"","Y;N",,"","Block Design","Wisc_iv_BlockDesign_Design6cd"
blockdesign_design6s,Integer,0,,Recommended,"","0;4",,"","Block Design","Wisc_iv_BlockDesign_Design6s"
blockdesign_design7ct,Integer,0,,Recommended,"","",,"","Block Design","Wisc_iv_BlockDesign_Design7ct"
blockdesign_design7cd,String,50,,Recommended,"","Y;N",,"","Block Design","Wisc_iv_BlockDesign_Design7cd"
blockdesign_design7s,Integer,0,,Recommended,"","0;4",,"","Block Design","Wisc_iv_BlockDesign_Design7s"
blockdesign_design8ct,Integer,0,,Recommended,"","",,"","Block Design","Wisc_iv_BlockDesign_Design8ct"
blockdesign_design8cd,String,50,,Recommended,"","Y;N",,"","Block Design","Wisc_iv_BlockDesign_Design8cd"
blockdesign_design8s,Integer,0,,Recommended,"","0;4",,"","Block Design","Wisc_iv_BlockDesign_Design8s"
blockdesign_design9ct,Integer,0,,Recommended,"","",,"","Block Design","Wisc_iv_BlockDesign_Design9ct"
blockdesign_design9cd,String,50,,Recommended,"","Y;N",,"","Block Design","Wisc_iv_BlockDesign_Design9cd"
blockdesign_design9s,Integer,0,,Recommended,"","0;4;5;6;7",,"","Block Design","Wisc_iv_BlockDesign_Design9s"
blockdesign_design10ct,Integer,0,,Recommended,"","",,"","Block Design","Wisc_iv_BlockDesign_Design10ct"
blockdesign_design10cd,String,50,,Recommended,"","Y;N",,"","Block Design","Wisc_iv_BlockDesign_Design10cd"
blockdesign_design10s,Integer,0,,Recommended,"","0;4;5;6;7",,"","Block Design","Wisc_iv_BlockDesign_Design10s"
blockdesign_design11ct,Integer,0,,Recommended,"","",,"","Block Design","Wisc_iv_BlockDesign_Design11ct"
blockdesign_design11cd,String,50,,Recommended,"","Y;N",,"","Block Design","Wisc_iv_BlockDesign_Design11cd"
blockdesign_design11s,Integer,0,,Recommended,"","0;4;5;6;7",,"","Block Design","Wisc_iv_BlockDesign_Design11s"
blockdesign_design12ct,Integer,0,,Recommended,"","",,"","Block Design","Wisc_iv_BlockDesign_Design12ct"
blockdesign_design12cd,String,50,,Recommended,"","Y;N",,"","Block Design","Wisc_iv_BlockDesign_Design12cd"
blockdesign_design12s,Integer,0,,Recommended,"","0;4;5;6;7",,"","Block Design","Wisc_iv_BlockDesign_Design12s"
blockdesign_design13ct,Integer,0,,Recommended,"","",,"","Block Design","Wisc_iv_BlockDesign_Design13ct"
blockdesign_design13cd,String,50,,Recommended,"","Y;N",,"","Block Design","Wisc_iv_BlockDesign_Design13cd"
blockdesign_design13s,Integer,0,,Recommended,"","0;4;5;6;7",,"","Block Design","Wisc_iv_BlockDesign_Design13s"
blockdesign_design14ct,Integer,0,,Recommended,"","",,"","Block Design","Wisc_iv_BlockDesign_Design14ct"
blockdesign_design14cd,String,50,,Recommended,"","Y;N",,"","Block Design","Wisc_iv_BlockDesign_Design14cd"
blockdesign_design14s,Integer,0,,Recommended,"","0;4;5;6;7",,"","Block Design","Wisc_iv_BlockDesign_Design14s"
blockdesign_score,Integer,0,,Recommended,"","0 to 68",,"","Block Design","Block_Design_Raw,Wisc_iv_BlockDesign_Score"
blockdesign_bdnscore,Integer,0,,Recommended,"","0 to 50",,"","Block Design","Wisc_iv_BlockDesign_BDNScore"
similarities_penresp,String,50,,Recommended,"","",,"","Similarities","Wisc_iv_Similarities_PenResp"
similarities_pen,Integer,0,,Recommended,"","0;1",,"","Similarities","Wisc_iv_Similarities_Pen"
similarities_milkresp,String,50,,Recommended,"","",,"","Similarities","Wisc_iv_Similarities_MilkResp"
similarities_milk,Integer,0,,Recommended,"","0;1",,"","Similarities","Wisc_iv_Similarities_Milk"
similarities_appleresp,String,50,,Recommended,"","",,"","Similarities","Wisc_iv_Similarities_AppleResp"
similarities_apple,Integer,0,,Recommended,"","0;1;2",,"","Similarities","Wisc_iv_Similarities_Apple"
similarities_shirtresp,String,50,,Recommended,"","",,"","Similarities","Wisc_iv_Similarities_ShirtResp"
similarities_shirt,Integer,0,,Recommended,"","0;1;2",,"","Similarities","Wisc_iv_Similarities_Shirt"
similarities_butterflyresp,String,50,,Recommended,"","",,"","Similarities","Wisc_iv_Similarities_ButterflyResp"
similarities_butterfly,Integer,0,,Recommended,"","0;1;2",,"","Similarities","Wisc_iv_Similarities_Butterfly"
similarities_catresp,String,50,,Recommended,"","",,"","Similarities","Wisc_iv_Similarities_CatResp"
similarities_cat,Integer,0,,Recommended,"","0;1;2",,"","Similarities","Wisc_iv_Similarities_Cat"
similarities_winterresp,String,50,,Recommended,"","",,"","Similarities","Wisc_iv_Similarities_WinterResp"
similarities_winter,Integer,0,,Recommended,"","0;1;2",,"","Similarities","Wisc_iv_Similarities_Winter"
similarities_angerresp,String,50,,Recommended,"","",,"","Similarities","Wisc_iv_Similarities_AngerResp"
similarities_anger,Integer,0,,Recommended,"","0;1;2",,"","Similarities","Wisc_iv_Similarities_Anger"
similarities_elbowresp,String,50,,Recommended,"","",,"","Similarities","Wisc_iv_Similarities_ElbowResp"
similarities_elbow,Integer,0,,Recommended,"","0;1;2",,"","Similarities","Wisc_iv_Similarities_Elbow"
similarities_frownresp,String,50,,Recommended,"","",,"","Similarities","Wisc_iv_Similarities_FrownResp"
similarities_frown,Integer,0,,Recommended,"","0;1;2",,"","Similarities","Wisc_iv_Similarities_Frown"
similarities_paintingresp,String,50,,Recommended,"","",,"","Similarities","Wisc_iv_Similarities_PaintingResp"
similarities_painting,Integer,0,,Recommended,"","0;1;2",,"","Similarities","Wisc_iv_Similarities_Painting"
similarities_lumberresp,String,50,,Recommended,"","",,"","Similarities","Wisc_iv_Similarities_LumberResp"
similarities_lumber,Integer,0,,Recommended,"","0;1;2",,"","Similarities","Wisc_iv_Similarities_Lumber"
similarities_poetresp,String,50,,Recommended,"","",,"","Similarities","Wisc_iv_Similarities_PoetResp"
similarities_poet,Integer,0,,Recommended,"","0;1;2",,"","Similarities","Wisc_iv_Similarities_Poet"
similarities_mountainresp,String,50,,Recommended,"","",,"","Similarities","Wisc_iv_Similarities_MountainResp"
similarities_mountain,Integer,0,,Recommended,"","0;1;2",,"","Similarities","Wisc_iv_Similarities_Mountain"
similarities_iceresp,String,50,,Recommended,"","",,"","Similarities","Wisc_iv_Similarities_IceResp"
similarities_ice,Integer,0,,Recommended,"","0;1;2",,"","Similarities","Wisc_iv_Similarities_Ice"
similarities_firstresp,String,50,,Recommended,"","",,"","Similarities","Wisc_iv_Similarities_FirstResp"
similarities_first,Integer,0,,Recommended,"","0;1;2",,"","Similarities","Wisc_iv_Similarities_First"
similarities_floodresp,String,50,,Recommended,"","",,"","Similarities","Wisc_iv_Similarities_FloodResp"
similarities_flood,Integer,0,,Recommended,"","0;1;2",,"","Similarities","Wisc_iv_Similarities_Flood"
similarities_rubberresp,String,50,,Recommended,"","",,"","Similarities","Wisc_iv_Similarities_RubberResp"
similarities_rubber,Integer,0,,Recommended,"","0;1;2",,"","Similarities","Wisc_iv_Similarities_Rubber"
similarities_saltresp,String,50,,Recommended,"","",,"","Similarities","Wisc_iv_Similarities_SaltResp"
similarities_salt,Integer,0,,Recommended,"","0;1;2",,"","Similarities","Wisc_iv_Similarities_Salt"
similarities_revengeresp,String,50,,Recommended,"","",,"","Similarities","Wisc_iv_Similarities_RevengeResp"
similarities_revenge,Integer,0,,Recommended,"","0;1;2",,"","Similarities","Wisc_iv_Similarities_Revenge"
similarities_permissionresp,String,50,,Recommended,"","",,"","Similarities","Wisc_iv_Similarities_PermissionResp"
similarities_permission,Integer,0,,Recommended,"","0;1;2",,"","Similarities","Wisc_iv_Similarities_Permission"
similarities_realityresp,String,50,,Recommended,"","",,"","Similarities","Wisc_iv_Similarities_RealityResp"
similarities_reality,Integer,0,,Recommended,"","0;1;2",,"","Similarities","Wisc_iv_Similarities_Reality"
similarities_spaceresp,String,50,,Recommended,"","",,"","Similarities","Wisc_iv_Similarities_SpaceResp"
similarities_space,Integer,0,,Recommended,"","0;1;2",,"","Similarities","Wisc_iv_Similarities_Space"
similarities_score,Integer,0,,Recommended,"","0 to 44",,"","Similarities","Similarities_Raw,Wisc_iv_Similarities_Score"
digitspan_fwdtrial1aresp,String,50,,Recommended,"","",,"","Digit Span","Wisc_iv_DigitSpan_FwdTrial1aResp"
digitspan_fwdtrial1a,Integer,0,,Recommended,"","0;1",,"","Digit Span","Wisc_iv_DigitSpan_FwdTrial1a"
digitspan_fwdtrial1bresp,String,50,,Recommended,"","",,"","Digit Span","Wisc_iv_DigitSpan_FwdTrial1bResp"
digitspan_fwdtrial1b,Integer,0,,Recommended,"","0;1",,"","Digit Span","Wisc_iv_DigitSpan_FwdTrial1b"
digitspan_fwdtrial1,Integer,0,,Recommended,"","0;1;2",,"","Digit Span","Wisc_iv_DigitSpan_FwdTrial1"
digitspan_fwdtrial2aresp,String,50,,Recommended,"","",,"","Digit Span","Wisc_iv_DigitSpan_FwdTrial2aResp"
digitspan_fwdtrial2a,Integer,0,,Recommended,"","0;1",,"","Digit Span","Wisc_iv_DigitSpan_FwdTrial2a"
digitspan_fwdtrial2bresp,String,50,,Recommended,"","",,"","Digit Span","Wisc_iv_DigitSpan_FwdTrial2bResp"
digitspan_fwdtrial2b,Integer,0,,Recommended,"","0;1",,"","Digit Span","Wisc_iv_DigitSpan_FwdTrial2b"
digitspan_fwdtrial2,Integer,0,,Recommended,"","0;1;2",,"","Digit Span","Wisc_iv_DigitSpan_FwdTrial2"
digitspan_fwdtrial3aresp,String,50,,Recommended,"","",,"","Digit Span","Wisc_iv_DigitSpan_FwdTrial3aResp"
digitspan_fwdtrial3a,Integer,0,,Recommended,"","0;1",,"","Digit Span","Wisc_iv_DigitSpan_FwdTrial3a"
digitspan_fwdtrial3bresp,String,50,,Recommended,"","",,"","Digit Span","Wisc_iv_DigitSpan_FwdTrial3bResp"
digitspan_fwdtrial3b,Integer,0,,Recommended,"","0;1",,"","Digit Span","Wisc_iv_DigitSpan_FwdTrial3b"
digitspan_fwdtrial3,Integer,0,,Recommended,"","0;1;2",,"","Digit Span","Wisc_iv_DigitSpan_FwdTrial3"
digitspan_fwdtrial4aresp,String,50,,Recommended,"","",,"","Digit Span","Wisc_iv_DigitSpan_FwdTrial4aResp"
digitspan_fwdtrial4a,Integer,0,,Recommended,"","0;1",,"","Digit Span","Wisc_iv_DigitSpan_FwdTrial4a"
digitspan_fwdtrial4bresp,String,50,,Recommended,"","",,"","Digit Span","Wisc_iv_DigitSpan_FwdTrial4bResp"
digitspan_fwdtrial4b,Integer,0,,Recommended,"","0;1",,"","Digit Span","Wisc_iv_DigitSpan_FwdTrial4b"
digitspan_fwdtrial4,Integer,0,,Recommended,"","0;1;2",,"","Digit Span","Wisc_iv_DigitSpan_FwdTrial4"
digitspan_fwdtrial5aresp,String,50,,Recommended,"","",,"","Digit Span","Wisc_iv_DigitSpan_FwdTrial5aResp"
digitspan_fwdtrial5a,Integer,0,,Recommended,"","0;1",,"","Digit Span","Wisc_iv_DigitSpan_FwdTrial5a"
digitspan_fwdtrial5bresp,String,50,,Recommended,"","",,"","Digit Span","Wisc_iv_DigitSpan_FwdTrial5bResp"
digitspan_fwdtrial5b,Integer,0,,Recommended,"","0;1",,"","Digit Span","Wisc_iv_DigitSpan_FwdTrial5b"
digitspan_fwdtrial5,Integer,0,,Recommended,"","0;1;2",,"","Digit Span","Wisc_iv_DigitSpan_FwdTrial5"
digitspan_fwdtrial6aresp,String,50,,Recommended,"","",,"","Digit Span","Wisc_iv_DigitSpan_FwdTrial6aResp"
digitspan_fwdtrial6a,Integer,0,,Recommended,"","0;1",,"","Digit Span","Wisc_iv_DigitSpan_FwdTrial6a"
digitspan_fwdtrial6bresp,String,50,,Recommended,"","",,"","Digit Span","Wisc_iv_DigitSpan_FwdTrial6bResp"
digitspan_fwdtrial6b,Integer,0,,Recommended,"","0;1",,"","Digit Span","Wisc_iv_DigitSpan_FwdTrial6b"
digitspan_fwdtrial6,Integer,0,,Recommended,"","0;1;2",,"","Digit Span","Wisc_iv_DigitSpan_FwdTrial6"
digitspan_fwdtrial7aresp,String,50,,Recommended,"","",,"","Digit Span","Wisc_iv_DigitSpan_FwdTrial7aResp"
digitspan_fwdtrial7a,Integer,0,,Recommended,"","0;1",,"","Digit Span","Wisc_iv_DigitSpan_FwdTrial7a"
digitspan_fwdtrial7bresp,String,50,,Recommended,"","",,"","Digit Span","Wisc_iv_DigitSpan_FwdTrial7bResp"
digitspan_fwdtrial7b,Integer,0,,Recommended,"","0;1",,"","Digit Span","Wisc_iv_DigitSpan_FwdTrial7b"
digitspan_fwdtrial7,Integer,0,,Recommended,"","0;1;2",,"","Digit Span","Wisc_iv_DigitSpan_FwdTrial7"
digitspan_fwdtrial8aresp,String,50,,Recommended,"","",,"","Digit Span","Wisc_iv_DigitSpan_FwdTrial8aResp"
digitspan_fwdtrial8a,Integer,0,,Recommended,"","0;1",,"","Digit Span","Wisc_iv_DigitSpan_FwdTrial8a"
digitspan_fwdtrial8bresp,String,50,,Recommended,"","",,"","Digit Span","Wisc_iv_DigitSpan_FwdTrial8bResp"
digitspan_fwdtrial8b,Integer,0,,Recommended,"","0;1",,"","Digit Span","Wisc_iv_DigitSpan_FwdTrial8b"
digitspan_fwdtrial8,Integer,0,,Recommended,"","0;1;2",,"","Digit Span","Wisc_iv_DigitSpan_FwdTrial8"
digitspan_bwdtrialsaresp,String,50,,Recommended,"","",,"","Digit Span","Wisc_iv_DigitSpan_BwdTrialSaResp"
digitspan_bwdtrialsbresp,String,50,,Recommended,"","",,"","Digit Span","Wisc_iv_DigitSpan_BwdTrialSbResp"
digitspan_bwdtrial1aresp,String,50,,Recommended,"","",,"","Digit Span","Wisc_iv_DigitSpan_BwdTrial1aResp"
digitspan_bwdtrial1a,Integer,0,,Recommended,"","0;1",,"","Digit Span","Wisc_iv_DigitSpan_BwdTrial1a"
digitspan_bwdtrial1bresp,String,50,,Recommended,"","",,"","Digit Span","Wisc_iv_DigitSpan_BwdTrial1bResp"
digitspan_bwdtrial1b,Integer,0,,Recommended,"","0;1",,"","Digit Span","Wisc_iv_DigitSpan_BwdTrial1b"
digitspan_bwdtrial1,Integer,0,,Recommended,"","0;1;2",,"","Digit Span","Wisc_iv_DigitSpan_BwdTrial1"
digitspan_bwdtrial2aresp,String,50,,Recommended,"","",,"","Digit Span","Wisc_iv_DigitSpan_BwdTrial2aResp"
digitspan_bwdtrial2a,Integer,0,,Recommended,"","0;1",,"","Digit Span","Wisc_iv_DigitSpan_BwdTrial2a"
digitspan_bwdtrial2bresp,String,50,,Recommended,"","",,"","Digit Span","Wisc_iv_DigitSpan_BwdTrial2bResp"
digitspan_bwdtrial2b,Integer,0,,Recommended,"","0;1",,"","Digit Span","Wisc_iv_DigitSpan_BwdTrial2b"
digitspan_bwdtrial2,Integer,0,,Recommended,"","0;1;2",,"","Digit Span","Wisc_iv_DigitSpan_BwdTrial2"
digitspan_bwdtrial3aresp,String,50,,Recommended,"","",,"","Digit Span","Wisc_iv_DigitSpan_BwdTrial3aResp"
digitspan_bwdtrial3a,Integer,0,,Recommended,"","0;1",,"","Digit Span","Wisc_iv_DigitSpan_BwdTrial3a"
digitspan_bwdtrial3bresp,String,50,,Recommended,"","",,"","Digit Span","Wisc_iv_DigitSpan_BwdTrial3bResp"
digitspan_bwdtrial3b,Integer,0,,Recommended,"","0;1",,"","Digit Span","Wisc_iv_DigitSpan_BwdTrial3b"
digitspan_bwdtrial3,Integer,0,,Recommended,"","0;1;2",,"","Digit Span","Wisc_iv_DigitSpan_BwdTrial3"
digitspan_bwdtrial4aresp,String,50,,Recommended,"","",,"","Digit Span","Wisc_iv_DigitSpan_BwdTrial4aResp"
digitspan_bwdtrial4a,Integer,0,,Recommended,"","0;1",,"","Digit Span","Wisc_iv_DigitSpan_BwdTrial4a"
digitspan_bwdtrial4bresp,String,50,,Recommended,"","",,"","Digit Span","Wisc_iv_DigitSpan_BwdTrial4bResp"
digitspan_bwdtrial4b,Integer,0,,Recommended,"","0;1",,"","Digit Span","Wisc_iv_DigitSpan_BwdTrial4b"
digitspan_bwdtrial4,Integer,0,,Recommended,"","0;1;2",,"","Digit Span","Wisc_iv_DigitSpan_BwdTrial4"
digitspan_bwdtrial5aresp,String,50,,Recommended,"","",,"","Digit Span","Wisc_iv_DigitSpan_BwdTrial5aResp"
digitspan_bwdtrial5a,Integer,0,,Recommended,"","0;1",,"","Digit Span","Wisc_iv_DigitSpan_BwdTrial5a"
digitspan_bwdtrial5bresp,String,50,,Recommended,"","",,"","Digit Span","Wisc_iv_DigitSpan_BwdTrial5bResp"
digitspan_bwdtrial5b,Integer,0,,Recommended,"","0;1",,"","Digit Span","Wisc_iv_DigitSpan_BwdTrial5b"
digitspan_bwdtrial5,Integer,0,,Recommended,"","0;1;2",,"","Digit Span","Wisc_iv_DigitSpan_BwdTrial5"
digitspan_bwdtrial6aresp,String,50,,Recommended,"","",,"","Digit Span","Wisc_iv_DigitSpan_BwdTrial6aResp"
digitspan_bwdtrial6a,Integer,0,,Recommended,"","0;1",,"","Digit Span","Wisc_iv_DigitSpan_BwdTrial6a"
digitspan_bwdtrial6bresp,String,50,,Recommended,"","",,"","Digit Span","Wisc_iv_DigitSpan_BwdTrial6bResp"
digitspan_bwdtrial6b,Integer,0,,Recommended,"","0;1",,"","Digit Span","Wisc_iv_DigitSpan_BwdTrial6b"
digitspan_bwdtrial6,Integer,0,,Recommended,"","0;1;2",,"","Digit Span","Wisc_iv_DigitSpan_BwdTrial6"
digitspan_bwdtrial7aresp,String,50,,Recommended,"","",,"","Digit Span","Wisc_iv_DigitSpan_BwdTrial7aResp"
digitspan_bwdtrial7a,Integer,0,,Recommended,"","0;1",,"","Digit Span","Wisc_iv_DigitSpan_BwdTrial7a"
digitspan_bwdtrial7bresp,String,50,,Recommended,"","",,"","Digit Span","Wisc_iv_DigitSpan_BwdTrial7bResp"
digitspan_bwdtrial7b,Integer,0,,Recommended,"","0;1",,"","Digit Span","Wisc_iv_DigitSpan_BwdTrial7b"
digitspan_bwdtrial7,Integer,0,,Recommended,"","0;1;2",,"","Digit Span","Wisc_iv_DigitSpan_BwdTrial7"
digitspan_bwdtrial8aresp,String,50,,Recommended,"","",,"","Digit Span","Wisc_iv_DigitSpan_BwdTrial8aResp"
digitspan_bwdtrial8a,Integer,0,,Recommended,"","0;1",,"","Digit Span","Wisc_iv_DigitSpan_BwdTrial8a"
digitspan_bwdtrial8bresp,String,50,,Recommended,"","",,"","Digit Span","Wisc_iv_DigitSpan_BwdTrial8bResp"
digitspan_bwdtrial8b,Integer,0,,Recommended,"","0;1",,"","Digit Span","Wisc_iv_DigitSpan_BwdTrial8b"
digitspan_bwdtrial8,Integer,0,,Recommended,"","0;1;2",,"","Digit Span","Wisc_iv_DigitSpan_BwdTrial8"
digitspan_ldsf,Integer,0,,Recommended,"","0 to 9",,"","Digit Span","Wisc_iv_DigitSpan_LDSF"
digitspan_dsfscore,Integer,0,,Recommended,"","0 to 16",,"","Digit Span","Wisc_iv_DigitSpan_DSFScore"
digitspan_ldsb,Integer,0,,Recommended,"","0 to 8",,"","Digit Span","Wisc_iv_DigitSpan_LDSB"
digitspan_dsbscore,Integer,0,,Recommended,"","0 to 16",,"","Digit Span","Wisc_iv_DigitSpan_DSBScore"
digitspan_score,Integer,0,,Recommended,"","0 to 32",,"","Digit Span","Digit_Span_Raw,Wisc_iv_DigitSpan_Score"
picconcepts_itemaresp,String,50,,Recommended,"","",,"","Picture Concepts","Wisc_iv_PicConcepts_ItemAResp"
picconcepts_itembresp,String,50,,Recommended,"","",,"","Picture Concepts","Wisc_iv_PicConcepts_ItemBResp"
picconcepts_item1resp,String,50,,Recommended,"","",,"","Picture Concepts","Wisc_iv_PicConcepts_Item1Resp"
picconcepts_item1,Integer,0,,Recommended,"","0;1",,"","Picture Concepts","Wisc_iv_PicConcepts_Item1"
picconcepts_item2resp,String,50,,Recommended,"","",,"","Picture Concepts","Wisc_iv_PicConcepts_Item2Resp"
picconcepts_item2,Integer,0,,Recommended,"","0;1",,"","Picture Concepts","Wisc_iv_PicConcepts_Item2"
picconcepts_item3resp,String,50,,Recommended,"","",,"","Picture Concepts","Wisc_iv_PicConcepts_Item3Resp"
picconcepts_item3,Integer,0,,Recommended,"","0;1",,"","Picture Concepts","Wisc_iv_PicConcepts_Item3"
picconcepts_item4resp,String,50,,Recommended,"","",,"","Picture Concepts","Wisc_iv_PicConcepts_Item4Resp"
picconcepts_item4,Integer,0,,Recommended,"","0;1",,"","Picture Concepts","Wisc_iv_PicConcepts_Item4"
picconcepts_item5resp,String,50,,Recommended,"","",,"","Picture Concepts","Wisc_iv_PicConcepts_Item5Resp"
picconcepts_item5,Integer,0,,Recommended,"","0;1",,"","Picture Concepts","Wisc_iv_PicConcepts_Item5"
picconcepts_item6resp,String,50,,Recommended,"","",,"","Picture Concepts","Wisc_iv_PicConcepts_Item6Resp"
picconcepts_item6,Integer,0,,Recommended,"","0;1",,"","Picture Concepts","Wisc_iv_PicConcepts_Item6"
picconcepts_item7resp,String,50,,Recommended,"","",,"","Picture Concepts","Wisc_iv_PicConcepts_Item7Resp"
picconcepts_item7,Integer,0,,Recommended,"","0;1",,"","Picture Concepts","Wisc_iv_PicConcepts_Item7"
picconcepts_item8resp,String,50,,Recommended,"","",,"","Picture Concepts","Wisc_iv_PicConcepts_Item8Resp"
picconcepts_item8,Integer,0,,Recommended,"","0;1",,"","Picture Concepts","Wisc_iv_PicConcepts_Item8"
picconcepts_item9resp,String,50,,Recommended,"","",,"","Picture Concepts","Wisc_iv_PicConcepts_Item9Resp"
picconcepts_item9,Integer,0,,Recommended,"","0;1",,"","Picture Concepts","Wisc_iv_PicConcepts_Item9"
picconcepts_item10resp,String,50,,Recommended,"","",,"","Picture Concepts","Wisc_iv_PicConcepts_Item10Resp"
picconcepts_item10,Integer,0,,Recommended,"","0;1",,"","Picture Concepts","Wisc_iv_PicConcepts_Item10"
picconcepts_item11resp,String,50,,Recommended,"","",,"","Picture Concepts","Wisc_iv_PicConcepts_Item11Resp"
picconcepts_item11,Integer,0,,Recommended,"","0;1",,"","Picture Concepts","Wisc_iv_PicConcepts_Item11"
picconcepts_item12resp,String,50,,Recommended,"","",,"","Picture Concepts","Wisc_iv_PicConcepts_Item12Resp"
picconcepts_item12,Integer,0,,Recommended,"","0;1",,"","Picture Concepts","Wisc_iv_PicConcepts_Item12"
picconcepts_item13resp,String,50,,Recommended,"","",,"","Picture Concepts","Wisc_iv_PicConcepts_Item13Resp"
picconcepts_item13,Integer,0,,Recommended,"","0;1",,"","Picture Concepts","Wisc_iv_PicConcepts_Item13"
picconcepts_item14resp,String,50,,Recommended,"","",,"","Picture Concepts","Wisc_iv_PicConcepts_Item14Resp"
picconcepts_item14,Integer,0,,Recommended,"","0;1",,"","Picture Concepts","Wisc_iv_PicConcepts_Item14"
picconcepts_item15resp,String,50,,Recommended,"","",,"","Picture Concepts","Wisc_iv_PicConcepts_Item15Resp"
picconcepts_item15,Integer,0,,Recommended,"","0;1",,"","Picture Concepts","Wisc_iv_PicConcepts_Item15"
picconcepts_item16resp,String,50,,Recommended,"","",,"","Picture Concepts","Wisc_iv_PicConcepts_Item16Resp"
picconcepts_item16,Integer,0,,Recommended,"","0;1",,"","Picture Concepts","Wisc_iv_PicConcepts_Item16"
picconcepts_item17resp,String,50,,Recommended,"","",,"","Picture Concepts","Wisc_iv_PicConcepts_Item17Resp"
picconcepts_item17,Integer,0,,Recommended,"","0;1",,"","Picture Concepts","Wisc_iv_PicConcepts_Item17"
picconcepts_item18resp,String,50,,Recommended,"","",,"","Picture Concepts","Wisc_iv_PicConcepts_Item18Resp"
picconcepts_item18,Integer,0,,Recommended,"","0;1",,"","Picture Concepts","Wisc_iv_PicConcepts_Item18"
picconcepts_item19resp,String,50,,Recommended,"","",,"","Picture Concepts","Wisc_iv_PicConcepts_Item19Resp"
picconcepts_item19,Integer,0,,Recommended,"","0;1",,"","Picture Concepts","Wisc_iv_PicConcepts_Item19"
picconcepts_item20resp,String,50,,Recommended,"","",,"","Picture Concepts","Wisc_iv_PicConcepts_Item20Resp"
picconcepts_item20,Integer,0,,Recommended,"","0;1",,"","Picture Concepts","Wisc_iv_PicConcepts_Item20"
picconcepts_item21resp,String,50,,Recommended,"","",,"","Picture Concepts","Wisc_iv_PicConcepts_Item21Resp"
picconcepts_item21,Integer,0,,Recommended,"","0;1",,"","Picture Concepts","Wisc_iv_PicConcepts_Item21"
picconcepts_item22resp,String,50,,Recommended,"","",,"","Picture Concepts","Wisc_iv_PicConcepts_Item22Resp"
picconcepts_item22,Integer,0,,Recommended,"","0;1",,"","Picture Concepts","Wisc_iv_PicConcepts_Item22"
picconcepts_item23resp,String,50,,Recommended,"","",,"","Picture Concepts","Wisc_iv_PicConcepts_Item23Resp"
picconcepts_item23,Integer,0,,Recommended,"","0;1",,"","Picture Concepts","Wisc_iv_PicConcepts_Item23"
picconcepts_item24resp,String,50,,Recommended,"","",,"","Picture Concepts","Wisc_iv_PicConcepts_Item24Resp"
picconcepts_item24,Integer,0,,Recommended,"","0;1",,"","Picture Concepts","Wisc_iv_PicConcepts_Item24"
picconcepts_item25resp,String,50,,Recommended,"","",,"","Picture Concepts","Wisc_iv_PicConcepts_Item25Resp"
picconcepts_item25,Integer,0,,Recommended,"","0;1",,"","Picture Concepts","Wisc_iv_PicConcepts_Item25"
picconcepts_item26resp,String,50,,Recommended,"","",,"","Picture Concepts","Wisc_iv_PicConcepts_Item26Resp"
picconcepts_item26,Integer,0,,Recommended,"","0;1",,"","Picture Concepts","Wisc_iv_PicConcepts_Item26"
picconcepts_item27resp,String,50,,Recommended,"","",,"","Picture Concepts","Wisc_iv_PicConcepts_Item27Resp"
picconcepts_item27,Integer,0,,Recommended,"","0;1",,"","Picture Concepts","Wisc_iv_PicConcepts_Item27"
picconcepts_item28resp,String,50,,Recommended,"","",,"","Picture Concepts","Wisc_iv_PicConcepts_Item28Resp"
picconcepts_item28,Integer,0,,Recommended,"","0;1",,"","Picture Concepts","Wisc_iv_PicConcepts_Item28"
picconcepts_score,Integer,0,,Recommended,"","0 to 28",,"","Picture Concepts","Picture_Concepts_Raw,Wisc_iv_PicConcepts_Score"
coding_forma,Integer,0,,Recommended,"","0 to 120",,"","Coding","Wisc_iv_Coding_FormA"
coding_formb,Integer,0,,Recommended,"","0 to 120",,"","Coding","Wisc_iv_Coding_FormB"
coding_scoreforma,Integer,0,,Recommended,"","0 to 65",,"","Coding","Coding_Raw,Wisc_iv_Coding_ScoreFormA"
coding_scoreformb,Integer,0,,Recommended,"","0 to 119",,"","Coding","Wisc_iv_Coding_ScoreFormB"
coding_scoreformaddb,Integer,0,,Recommended,"","",,"","Coding","Wisc_iv_Coding_ScoreFormAddB"
coding_scoreformperfb1,Integer,0,,Recommended,"","",,"","Coding","Wisc_iv_Coding_ScoreFormPerfB1"
coding_scoreformperfb31,Integer,0,,Recommended,"","",,"","Coding","Wisc_iv_Coding_ScoreFormPerfB31"
coding_scoreformperfb61,Integer,0,,Recommended,"","",,"","Coding","Wisc_iv_Coding_ScoreFormPerfB61"
coding_recall_csr_ct,Integer,0,,Recommended,"","",,"","Coding","Wisc_iv_Coding_Recall_csr_ct"
coding_recall_csr_score,Integer,0,,Recommended,"","0 to 18",,"","Coding","Wisc_iv_Coding_Recall_csr_score"
coding_recall_fsr_ct,Integer,0,,Recommended,"","",,"","Coding","Wisc_iv_Coding_Recall_fsr_ct"
coding_recall_fsr_score,Integer,0,,Recommended,"","0 to 9",,"","Coding","Wisc_iv_Coding_Recall_fsr_score"
coding_recall_cdr_ct,Integer,0,,Recommended,"","",,"","Coding","Wisc_iv_Coding_Recall_cdr_ct"
coding_recall_cdr_score,Integer,0,,Recommended,"","0 to 18",,"","Coding","Wisc_iv_Coding_Recall_cdr_score"
vocab_carresp,String,50,,Recommended,"","",,"","Vocabulary","Wisc_iv_Vocab_CarResp"
vocab_car,Integer,0,,Recommended,"","0;1",,"","Vocabulary","Wisc_iv_Vocab_Car"
vocab_flowerresp,String,50,,Recommended,"","",,"","Vocabulary","Wisc_iv_Vocab_FlowerResp"
vocab_flower,Integer,0,,Recommended,"","0;1",,"","Vocabulary","Wisc_iv_Vocab_Flower"
vocab_trainresp,String,50,,Recommended,"","",,"","Vocabulary","Wisc_iv_Vocab_TrainResp"
vocab_train,Integer,0,,Recommended,"","0;1",,"","Vocabulary","Wisc_iv_Vocab_Train"
vocab_bucketresp,String,50,,Recommended,"","",,"","Vocabulary","Wisc_iv_Vocab_BucketResp"
vocab_bucket,Integer,0,,Recommended,"","0;1",,"","Vocabulary","Wisc_iv_Vocab_Bucket"
vocab_clockresp,String,50,,Recommended,"","",,"","Vocabulary","Wisc_iv_Vocab_ClockResp"
vocab_clock,Integer,0,,Recommended,"","0;1;2",,"","Vocabulary","Wisc_iv_Vocab_Clock"
vocab_hatresp,String,50,,Recommended,"","",,"","Vocabulary","Wisc_iv_Vocab_HatResp"
vocab_hat,Integer,0,,Recommended,"","0;1;2",,"","Vocabulary","Wisc_iv_Vocab_Hat"
vocab_umbrellaresp,String,50,,Recommended,"","",,"","Vocabulary","Wisc_iv_Vocab_UmbrellaResp"
vocab_umbrella,Integer,0,,Recommended,"","0;1;2",,"","Vocabulary","Wisc_iv_Vocab_Umbrella"
vocab_cowresp,String,50,,Recommended,"","",,"","Vocabulary","Wisc_iv_Vocab_CowResp"
vocab_cow,Integer,0,,Recommended,"","0;1;2",,"","Vocabulary","Wisc_iv_Vocab_Cow"
vocab_bicycleresp,String,50,,Recommended,"","",,"","Vocabulary","Wisc_iv_Vocab_BicycleResp"
vocab_bicycle,Integer,0,,Recommended,"","0;1;2",,"","Vocabulary","Wisc_iv_Vocab_Bicycle"
vocab_alphabetresp,String,50,,Recommended,"","",,"","Vocabulary","Wisc_iv_Vocab_AlphabetResp"
vocab_alphabet,Integer,0,,Recommended,"","0;1;2",,"","Vocabulary","Wisc_iv_Vocab_Alphabet"
vocab_leaveresp,String,50,,Recommended,"","",,"","Vocabulary","Wisc_iv_Vocab_LeaveResp"
vocab_leave,Integer,0,,Recommended,"","0;1;2",,"","Vocabulary","Wisc_iv_Vocab_Leave"
vocab_braveresp,String,50,,Recommended,"","",,"","Vocabulary","Wisc_iv_Vocab_BraveResp"
vocab_brave,Integer,0,,Recommended,"","0;1;2",,"","Vocabulary","Wisc_iv_Vocab_Brave"
vocab_theifresp,String,50,,Recommended,"","",,"","Vocabulary","Wisc_iv_Vocab_TheifResp"
vocab_theif,Integer,0,,Recommended,"","0;1;2",,"","Vocabulary","Wisc_iv_Vocab_Theif"
vocab_obeyresp,String,50,,Recommended,"","",,"","Vocabulary","Wisc_iv_Vocab_ObeyResp"
vocab_obey,Integer,0,,Recommended,"","0;1;2",,"","Vocabulary","Wisc_iv_Vocab_Obey"
vocab_islandresp,String,50,,Recommended,"","",,"","Vocabulary","Wisc_iv_Vocab_IslandResp"
vocab_island,Integer,0,,Recommended,"","0;1;2",,"","Vocabulary","Wisc_iv_Vocab_Island"
vocab_pestresp,String,50,,Recommended,"","",,"","Vocabulary","Wisc_iv_Vocab_PestResp"
vocab_pest,Integer,0,,Recommended,"","0;1;2",,"","Vocabulary","Wisc_iv_Vocab_Pest"
vocab_nonsenseresp,String,50,,Recommended,"","",,"","Vocabulary","Wisc_iv_Vocab_NonsenseResp"
vocab_nonsense,Integer,0,,Recommended,"","0;1;2",,"","Vocabulary","Wisc_iv_Vocab_Nonsense"
vocab_ancientresp,String,50,,Recommended,"","",,"","Vocabulary","Wisc_iv_Vocab_AncientResp"
vocab_ancient,Integer,0,,Recommended,"","0;1;2",,"","Vocabulary","Wisc_iv_Vocab_Ancient"
vocab_mimicresp,String,50,,Recommended,"","",,"","Vocabulary","Wisc_iv_Vocab_MimicResp"
vocab_mimic,Integer,0,,Recommended,"","0;1;2",,"","Vocabulary","Wisc_iv_Vocab_Mimic"
vocab_absorbresp,String,50,,Recommended,"","",,"","Vocabulary","Wisc_iv_Vocab_AbsorbResp"
vocab_absorb,Integer,0,,Recommended,"","0;1;2",,"","Vocabulary","Wisc_iv_Vocab_Absorb"
vocab_fableresp,String,50,,Recommended,"","",,"","Vocabulary","Wisc_iv_Vocab_FableResp"
vocab_fable,Integer,0,,Recommended,"","0;1;2",,"","Vocabulary","Wisc_iv_Vocab_Fable"
vocab_migrateresp,String,50,,Recommended,"","",,"","Vocabulary","Wisc_iv_Vocab_MigrateResp"
vocab_migrate,Integer,0,,Recommended,"","0;1;2",,"","Vocabulary","Wisc_iv_Vocab_Migrate"
vocab_preciseresp,String,50,,Recommended,"","",,"","Vocabulary","Wisc_iv_Vocab_PreciseResp"
vocab_precise,Integer,0,,Recommended,"","0;1;2",,"","Vocabulary","Wisc_iv_Vocab_Precise"
vocab_transparentresp,String,50,,Recommended,"","",,"","Vocabulary","Wisc_iv_Vocab_TransparentResp"
vocab_transparent,Integer,0,,Recommended,"","0;1;2",,"","Vocabulary","Wisc_iv_Vocab_Transparent"
vocab_seldomresp,String,50,,Recommended,"","",,"","Vocabulary","Wisc_iv_Vocab_SeldomResp"
vocab_seldom,Integer,0,,Recommended,"","0;1;2",,"","Vocabulary","Wisc_iv_Vocab_Seldom"
vocab_rivalryresp,String,50,,Recommended,"","",,"","Vocabulary","Wisc_iv_Vocab_RivalryResp"
vocab_rivalry,Integer,0,,Recommended,"","0;1;2",,"","Vocabulary","Wisc_iv_Vocab_Rivalry"
vocab_strenousresp,String,50,,Recommended,"","",,"","Vocabulary","Wisc_iv_Vocab_StrenousResp"
vocab_strenous,Integer,0,,Recommended,"","0;1;2",,"","Vocabulary","Wisc_iv_Vocab_Strenous"
vocab_foresightresp,String,50,,Recommended,"","",,"","Vocabulary","Wisc_iv_Vocab_ForesightResp"
vocab_foresight,Integer,0,,Recommended,"","0;1;2",,"","Vocabulary","Wisc_iv_Vocab_Foresight"
vocab_unanimousresp,String,50,,Recommended,"","",,"","Vocabulary","Wisc_iv_Vocab_UnanimousResp"
vocab_unanimous,Integer,0,,Recommended,"","0;1;2",,"","Vocabulary","Wisc_iv_Vocab_Unanimous"
vocab_amendmentresp,String,50,,Recommended,"","",,"","Vocabulary","Wisc_iv_Vocab_AmendmentResp"
vocab_amendment,Integer,0,,Recommended,"","0;1;2",,"","Vocabulary","Wisc_iv_Vocab_Amendment"
vocab_compelresp,String,50,,Recommended,"","",,"","Vocabulary","Wisc_iv_Vocab_CompelResp"
vocab_compel,Integer,0,,Recommended,"","0;1;2",,"","Vocabulary","Wisc_iv_Vocab_Compel"
vocab_afflictionresp,String,50,,Recommended,"","",,"","Vocabulary","Wisc_iv_Vocab_AfflictionResp"
vocab_affliction,Integer,0,,Recommended,"","0;1;2",,"","Vocabulary","Wisc_iv_Vocab_Affliction"
vocab_imminentresp,String,50,,Recommended,"","",,"","Vocabulary","Wisc_iv_Vocab_ImminentResp"
vocab_imminent,Integer,0,,Recommended,"","0;1;2",,"","Vocabulary","Wisc_iv_Vocab_Imminent"
vocab_aberrationresp,String,50,,Recommended,"","",,"","Vocabulary","Wisc_iv_Vocab_AberrationResp"
vocab_aberration,Integer,0,,Recommended,"","0;1;2",,"","Vocabulary","Wisc_iv_Vocab_Aberration"
vocab_garrulousresp,String,50,,Recommended,"","",,"","Vocabulary","Wisc_iv_Vocab_GarrulousResp"
vocab_garrulous,Integer,0,,Recommended,"","0;1;2",,"","Vocabulary","Wisc_iv_Vocab_Garrulous"
vocaby_dilatoryresp,String,50,,Recommended,"","",,"","Vocabulary","Wisc_iv_Vocaby_DilatoryResp"
vocaby_dilatory,Integer,0,,Recommended,"","0;1;2",,"","Vocabulary","Wisc_iv_Vocaby_Dilatory"
vocab_score,Integer,0,,Recommended,"","0 to 68",,"","Vocabulary","Vocabulary_Raw,Wisc_iv_Vocab_Score"
ltrnumseq_qualitemcount,String,50,,Recommended,"","Y;N",,"","Letter-Number Sequencing","Wisc_iv_LtrNumSeq_QualItemCount"
ltrnumseq_qualitemalp,String,50,,Recommended,"","Y;N",,"","Letter-Number Sequencing","Wisc_iv_LtrNumSeq_QualItemalp"
ltrnumseq_item1aresp,String,50,,Recommended,"","",,"","Letter-Number Sequencing","Wisc_iv_LtrNumSeq_Item1AResp"
ltrnumseq_item1a,Integer,0,,Recommended,"","0;1",,"","Letter-Number Sequencing","Wisc_iv_LtrNumSeq_Item1A"
ltrnumseq_item1bresp,String,50,,Recommended,"","",,"","Letter-Number Sequencing","Wisc_iv_LtrNumSeq_Item1BResp"
ltrnumseq_item1b,Integer,0,,Recommended,"","0;1",,"","Letter-Number Sequencing","Wisc_iv_LtrNumSeq_Item1B"
ltrnumseq_item1cresp,String,50,,Recommended,"","",,"","Letter-Number Sequencing","Wisc_iv_LtrNumSeq_Item1CResp"
ltrnumseq_item1c,Integer,0,,Recommended,"","0;1",,"","Letter-Number Sequencing","Wisc_iv_LtrNumSeq_Item1C"
ltrnumseq_item1,Integer,0,,Recommended,"","0;1;2;3",,"","Letter-Number Sequencing","Wisc_iv_LtrNumSeq_Item1"
ltrnumseq_item2aresp,String,50,,Recommended,"","",,"","Letter-Number Sequencing","Wisc_iv_LtrNumSeq_Item2AResp"
ltrnumseq_item2a,Integer,0,,Recommended,"","0;1",,"","Letter-Number Sequencing","Wisc_iv_LtrNumSeq_Item2A"
ltrnumseq_item2bresp,String,50,,Recommended,"","",,"","Letter-Number Sequencing","Wisc_iv_LtrNumSeq_Item2BResp"
ltrnumseq_item2b,Integer,0,,Recommended,"","0;1",,"","Letter-Number Sequencing","Wisc_iv_LtrNumSeq_Item2B"
ltrnumseq_item2cresp,String,50,,Recommended,"","",,"","Letter-Number Sequencing","Wisc_iv_LtrNumSeq_Item2CResp"
ltrnumseq_item2c,Integer,0,,Recommended,"","0;1",,"","Letter-Number Sequencing","Wisc_iv_LtrNumSeq_Item2C"
ltrnumseq_item2,Integer,0,,Recommended,"","0;1;2;3",,"","Letter-Number Sequencing","Wisc_iv_LtrNumSeq_Item2"
ltrnumseq_item3aresp,String,50,,Recommended,"","",,"","Letter-Number Sequencing","Wisc_iv_LtrNumSeq_Item3AResp"
ltrnumseq_item3a,Integer,0,,Recommended,"","0;1",,"","Letter-Number Sequencing","Wisc_iv_LtrNumSeq_Item3A"
ltrnumseq_item3bresp,String,50,,Recommended,"","",,"","Letter-Number Sequencing","Wisc_iv_LtrNumSeq_Item3BResp"
ltrnumseq_item3b,Integer,0,,Recommended,"","0;1",,"","Letter-Number Sequencing","Wisc_iv_LtrNumSeq_Item3B"
ltrnumseq_item3cresp,String,50,,Recommended,"","",,"","Letter-Number Sequencing","Wisc_iv_LtrNumSeq_Item3CResp"
ltrnumseq_item3c,Integer,0,,Recommended,"","0;1",,"","Letter-Number Sequencing","Wisc_iv_LtrNumSeq_Item3C"
ltrnumseq_item3,Integer,0,,Recommended,"","0;1;2;3",,"","Letter-Number Sequencing","Wisc_iv_LtrNumSeq_Item3"
ltrnumseq_item4aresp,String,50,,Recommended,"","",,"","Letter-Number Sequencing","Wisc_iv_LtrNumSeq_Item4AResp"
ltrnumseq_item4a,Integer,0,,Recommended,"","0;1",,"","Letter-Number Sequencing","Wisc_iv_LtrNumSeq_Item4A"
ltrnumseq_item4bresp,String,50,,Recommended,"","",,"","Letter-Number Sequencing","Wisc_iv_LtrNumSeq_Item4BResp"
ltrnumseq_item4b,Integer,0,,Recommended,"","0;1",,"","Letter-Number Sequencing","Wisc_iv_LtrNumSeq_Item4B"
ltrnumseq_item4cresp,String,50,,Recommended,"","",,"","Letter-Number Sequencing","Wisc_iv_LtrNumSeq_Item4CResp"
ltrnumseq_item4c,Integer,0,,Recommended,"","0;1",,"","Letter-Number Sequencing","Wisc_iv_LtrNumSeq_Item4C"
ltrnumseq_item4,Integer,0,,Recommended,"","0;1;2;3",,"","Letter-Number Sequencing","Wisc_iv_LtrNumSeq_Item4"
ltrnumseq_item5aresp,String,50,,Recommended,"","",,"","Letter-Number Sequencing","Wisc_iv_LtrNumSeq_Item5AResp"
ltrnumseq_item5a,Integer,0,,Recommended,"","0;1",,"","Letter-Number Sequencing","Wisc_iv_LtrNumSeq_Item5A"
ltrnumseq_item5bresp,String,50,,Recommended,"","",,"","Letter-Number Sequencing","Wisc_iv_LtrNumSeq_Item5BResp"
ltrnumseq_item5b,Integer,0,,Recommended,"","0;1",,"","Letter-Number Sequencing","Wisc_iv_LtrNumSeq_Item5B"
ltrnumseq_item5cresp,String,50,,Recommended,"","",,"","Letter-Number Sequencing","Wisc_iv_LtrNumSeq_Item5CResp"
ltrnumseq_item5c,Integer,0,,Recommended,"","0;1",,"","Letter-Number Sequencing","Wisc_iv_LtrNumSeq_Item5C"
ltrnumseq_item5,Integer,0,,Recommended,"","0;1;2;3",,"","Letter-Number Sequencing","Wisc_iv_LtrNumSeq_Item5"
ltrnumseq_item6aresp,String,50,,Recommended,"","",,"","Letter-Number Sequencing","Wisc_iv_LtrNumSeq_Item6AResp"
ltrnumseq_item6a,Integer,0,,Recommended,"","0;1",,"","Letter-Number Sequencing","Wisc_iv_LtrNumSeq_Item6A"
ltrnumseq_item6bresp,String,50,,Recommended,"","",,"","Letter-Number Sequencing","Wisc_iv_LtrNumSeq_Item6BResp"
ltrnumseq_item6b,Integer,0,,Recommended,"","0;1",,"","Letter-Number Sequencing","Wisc_iv_LtrNumSeq_Item6B"
ltrnumseq_item6cresp,String,50,,Recommended,"","",,"","Letter-Number Sequencing","Wisc_iv_LtrNumSeq_Item6CResp"
ltrnumseq_item6c,Integer,0,,Recommended,"","0;1",,"","Letter-Number Sequencing","Wisc_iv_LtrNumSeq_Item6C"
ltrnumseq_item6,Integer,0,,Recommended,"","0;1;2;3",,"","Letter-Number Sequencing","Wisc_iv_LtrNumSeq_Item6"
ltrnumseq_item7aresp,String,50,,Recommended,"","",,"","Letter-Number Sequencing","Wisc_iv_LtrNumSeq_Item7AResp"
ltrnumseq_item7a,Integer,0,,Recommended,"","0;1",,"","Letter-Number Sequencing","Wisc_iv_LtrNumSeq_Item7A"
ltrnumseq_item7bresp,String,50,,Recommended,"","",,"","Letter-Number Sequencing","Wisc_iv_LtrNumSeq_Item7BResp"
ltrnumseq_item7b,Integer,0,,Recommended,"","0;1",,"","Letter-Number Sequencing","Wisc_iv_LtrNumSeq_Item7B"
ltrnumseq_item7cresp,String,50,,Recommended,"","",,"","Letter-Number Sequencing","Wisc_iv_LtrNumSeq_Item7CResp"
ltrnumseq_item7c,Integer,0,,Recommended,"","0;1",,"","Letter-Number Sequencing","Wisc_iv_LtrNumSeq_Item7C"
ltrnumseq_item7,Integer,0,,Recommended,"","0;1;2;3",,"","Letter-Number Sequencing","Wisc_iv_LtrNumSeq_Item7"
ltrnumseq_item8aresp,String,50,,Recommended,"","",,"","Letter-Number Sequencing","Wisc_iv_LtrNumSeq_Item8AResp"
ltrnumseq_item8a,Integer,0,,Recommended,"","0;1",,"","Letter-Number Sequencing","Wisc_iv_LtrNumSeq_Item8A"
ltrnumseq_item8bresp,String,50,,Recommended,"","",,"","Letter-Number Sequencing","Wisc_iv_LtrNumSeq_Item8BResp"
ltrnumseq_item8b,Integer,0,,Recommended,"","0;1",,"","Letter-Number Sequencing","Wisc_iv_LtrNumSeq_Item8B"
ltrnumseq_item8cresp,String,50,,Recommended,"","",,"","Letter-Number Sequencing","Wisc_iv_LtrNumSeq_Item8CResp"
ltrnumseq_item8c,Integer,0,,Recommended,"","0;1",,"","Letter-Number Sequencing","Wisc_iv_LtrNumSeq_Item8C"
ltrnumseq_item8,Integer,0,,Recommended,"","0;1;2;3",,"","Letter-Number Sequencing","Wisc_iv_LtrNumSeq_Item8"
ltrnumseq_item9aresp,String,50,,Recommended,"","",,"","Letter-Number Sequencing","Wisc_iv_LtrNumSeq_Item9AResp"
ltrnumseq_item9a,Integer,0,,Recommended,"","0;1",,"","Letter-Number Sequencing","Wisc_iv_LtrNumSeq_Item9A"
ltrnumseq_item9bresp,String,50,,Recommended,"","",,"","Letter-Number Sequencing","Wisc_iv_LtrNumSeq_Item9BResp"
ltrnumseq_item9b,Integer,0,,Recommended,"","0;1",,"","Letter-Number Sequencing","Wisc_iv_LtrNumSeq_Item9B"
ltrnumseq_item9cresp,String,50,,Recommended,"","",,"","Letter-Number Sequencing","Wisc_iv_LtrNumSeq_Item9CResp"
ltrnumseq_item9c,Integer,0,,Recommended,"","0;1",,"","Letter-Number Sequencing","Wisc_iv_LtrNumSeq_Item9C"
ltrnumseq_item9,Integer,0,,Recommended,"","0;1;2;3",,"","Letter-Number Sequencing","Wisc_iv_LtrNumSeq_Item9"
ltrnumseq_item10aresp,String,50,,Recommended,"","",,"","Letter-Number Sequencing","Wisc_iv_LtrNumSeq_Item10AResp"
ltrnumseq_item10a,Integer,0,,Recommended,"","0;1",,"","Letter-Number Sequencing","Wisc_iv_LtrNumSeq_Item10A"
ltrnumseq_item10bresp,String,50,,Recommended,"","",,"","Letter-Number Sequencing","Wisc_iv_LtrNumSeq_Item10BResp"
ltrnumseq_item10b,Integer,0,,Recommended,"","0;1",,"","Letter-Number Sequencing","Wisc_iv_LtrNumSeq_Item10B"
ltrnumseq_item10cresp,String,50,,Recommended,"","",,"","Letter-Number Sequencing","Wisc_iv_LtrNumSeq_Item10CResp"
ltrnumseq_item10c,Integer,0,,Recommended,"","0;1",,"","Letter-Number Sequencing","Wisc_iv_LtrNumSeq_Item10C"
ltrnumseq_item10,Integer,0,,Recommended,"","0;1;2;3",,"","Letter-Number Sequencing","Wisc_iv_LtrNumSeq_Item10"
ltrnumseq_score,Integer,0,,Recommended,"","0 to 30",,"","Letter-Number Sequencing","Wisc_iv_LtrNumSeq_Score"
ltrnumseq_llnscore,Integer,0,,Recommended,"","0 to 8",,"","Letter-Number Sequencing","Wisc_iv_LtrNumSeq_LLNScore"
matrixreason_item1resp,String,50,,Recommended,"","",,"","Matrix Reasoning","Wisc_iv_MatrixReason_Item1Resp"
matrixreason_item1,Integer,0,,Recommended,"","0;1",,"","Matrix Reasoning","Wisc_iv_MatrixReason_Item1"
matrixreason_item2resp,String,50,,Recommended,"","",,"","Matrix Reasoning","Wisc_iv_MatrixReason_Item2Resp"
matrixreason_item2,Integer,0,,Recommended,"","0;1",,"","Matrix Reasoning","Wisc_iv_MatrixReason_Item2"
matrixreason_item3resp,String,50,,Recommended,"","",,"","Matrix Reasoning","Wisc_iv_MatrixReason_Item3Resp"
matrixreason_item3,Integer,0,,Recommended,"","0;1",,"","Matrix Reasoning","Wisc_iv_MatrixReason_Item3"
matrixreason_item4resp,String,50,,Recommended,"","",,"","Matrix Reasoning","Wisc_iv_MatrixReason_Item4Resp"
matrixreason_item4,Integer,0,,Recommended,"","0;1",,"","Matrix Reasoning","Wisc_iv_MatrixReason_Item4"
matrixreason_item5resp,String,50,,Recommended,"","",,"","Matrix Reasoning","Wisc_iv_MatrixReason_Item5Resp"
matrixreason_item5,Integer,0,,Recommended,"","0;1",,"","Matrix Reasoning","Wisc_iv_MatrixReason_Item5"
matrixreason_item6resp,String,50,,Recommended,"","",,"","Matrix Reasoning","Wisc_iv_MatrixReason_Item6Resp"
matrixreason_item6,Integer,0,,Recommended,"","0;1",,"","Matrix Reasoning","Wisc_iv_MatrixReason_Item6"
matrixreason_item7resp,String,50,,Recommended,"","",,"","Matrix Reasoning","Wisc_iv_MatrixReason_Item7Resp"
matrixreason_item7,Integer,0,,Recommended,"","0;1",,"","Matrix Reasoning","Wisc_iv_MatrixReason_Item7"
matrixreason_item8resp,String,50,,Recommended,"","",,"","Matrix Reasoning","Wisc_iv_MatrixReason_Item8Resp"
matrixreason_item8,Integer,0,,Recommended,"","0;1",,"","Matrix Reasoning","Wisc_iv_MatrixReason_Item8"
matrixreason_item9resp,String,50,,Recommended,"","",,"","Matrix Reasoning","Wisc_iv_MatrixReason_Item9Resp"
matrixreason_item9,Integer,0,,Recommended,"","0;1",,"","Matrix Reasoning","Wisc_iv_MatrixReason_Item9"
matrixreason_item10resp,String,50,,Recommended,"","",,"","Matrix Reasoning","Wisc_iv_MatrixReason_Item10Resp"
matrixreason_item10,Integer,0,,Recommended,"","0;1",,"","Matrix Reasoning","Wisc_iv_MatrixReason_Item10"
matrixreason_item11resp,String,50,,Recommended,"","",,"","Matrix Reasoning","Wisc_iv_MatrixReason_Item11Resp"
matrixreason_item11,Integer,0,,Recommended,"","0;1",,"","Matrix Reasoning","Wisc_iv_MatrixReason_Item11"
matrixreason_item12resp,String,50,,Recommended,"","",,"","Matrix Reasoning","Wisc_iv_MatrixReason_Item12Resp"
matrixreason_item12,Integer,0,,Recommended,"","0;1",,"","Matrix Reasoning","Wisc_iv_MatrixReason_Item12"
matrixreason_item13resp,String,50,,Recommended,"","",,"","Matrix Reasoning","Wisc_iv_MatrixReason_Item13Resp"
matrixreason_item13,Integer,0,,Recommended,"","0;1",,"","Matrix Reasoning","Wisc_iv_MatrixReason_Item13"
matrixreason_item14resp,String,50,,Recommended,"","",,"","Matrix Reasoning","Wisc_iv_MatrixReason_Item14Resp"
matrixreason_item14,Integer,0,,Recommended,"","0;1",,"","Matrix Reasoning","Wisc_iv_MatrixReason_Item14"
matrixreason_item15resp,String,50,,Recommended,"","",,"","Matrix Reasoning","Wisc_iv_MatrixReason_Item15Resp"
matrixreason_item15,Integer,0,,Recommended,"","0;1",,"","Matrix Reasoning","Wisc_iv_MatrixReason_Item15"
matrixreason_item16resp,String,50,,Recommended,"","",,"","Matrix Reasoning","Wisc_iv_MatrixReason_Item16Resp"
matrixreason_item16,Integer,0,,Recommended,"","0;1",,"","Matrix Reasoning","Wisc_iv_MatrixReason_Item16"
matrixreason_item17resp,String,50,,Recommended,"","",,"","Matrix Reasoning","Wisc_iv_MatrixReason_Item17Resp"
matrixreason_item17,Integer,0,,Recommended,"","0;1",,"","Matrix Reasoning","Wisc_iv_MatrixReason_Item17"
matrixreason_item18resp,String,50,,Recommended,"","",,"","Matrix Reasoning","Wisc_iv_MatrixReason_Item18Resp"
matrixreason_item18,Integer,0,,Recommended,"","0;1",,"","Matrix Reasoning","Wisc_iv_MatrixReason_Item18"
matrixreason_item19resp,String,50,,Recommended,"","",,"","Matrix Reasoning","Wisc_iv_MatrixReason_Item19Resp"
matrixreason_item19,Integer,0,,Recommended,"","0;1",,"","Matrix Reasoning","Wisc_iv_MatrixReason_Item19"
matrixreason_item20resp,String,50,,Recommended,"","",,"","Matrix Reasoning","Wisc_iv_MatrixReason_Item20Resp"
matrixreason_item20,Integer,0,,Recommended,"","0;1",,"","Matrix Reasoning","Wisc_iv_MatrixReason_Item20"
matrixreason_item21resp,String,50,,Recommended,"","",,"","Matrix Reasoning","Wisc_iv_MatrixReason_Item21Resp"
matrixreason_item21,Integer,0,,Recommended,"","0;1",,"","Matrix Reasoning","Wisc_iv_MatrixReason_Item21"
matrixreason_item22resp,String,50,,Recommended,"","",,"","Matrix Reasoning","Wisc_iv_MatrixReason_Item22Resp"
matrixreason_item22,Integer,0,,Recommended,"","0;1",,"","Matrix Reasoning","Wisc_iv_MatrixReason_Item22"
matrixreason_item23resp,String,50,,Recommended,"","",,"","Matrix Reasoning","Wisc_iv_MatrixReason_Item23Resp"
matrixreason_item23,Integer,0,,Recommended,"","0;1",,"","Matrix Reasoning","Wisc_iv_MatrixReason_Item23"
matrixreason_item24resp,String,50,,Recommended,"","",,"","Matrix Reasoning","Wisc_iv_MatrixReason_Item24Resp"
matrixreason_item24,Integer,0,,Recommended,"","0;1",,"","Matrix Reasoning","Wisc_iv_MatrixReason_Item24"
matrixreason_item25resp,String,50,,Recommended,"","",,"","Matrix Reasoning","Wisc_iv_MatrixReason_Item25Resp"
matrixreason_item25,Integer,0,,Recommended,"","0;1",,"","Matrix Reasoning","Wisc_iv_MatrixReason_Item25"
matrixreason_item26resp,String,50,,Recommended,"","",,"","Matrix Reasoning","Wisc_iv_MatrixReason_Item26Resp"
matrixreason_item26,Integer,0,,Recommended,"","0;1",,"","Matrix Reasoning","Wisc_iv_MatrixReason_Item26"
matrixreason_item27resp,String,50,,Recommended,"","",,"","Matrix Reasoning","Wisc_iv_MatrixReason_Item27Resp"
matrixreason_item27,Integer,0,,Recommended,"","0;1",,"","Matrix Reasoning","Wisc_iv_MatrixReason_Item27"
matrixreason_item28resp,String,50,,Recommended,"","",,"","Matrix Reasoning","Wisc_iv_MatrixReason_Item28Resp"
matrixreason_item28,Integer,0,,Recommended,"","0;1",,"","Matrix Reasoning","Wisc_iv_MatrixReason_Item28"
matrixreason_item29resp,String,50,,Recommended,"","",,"","Matrix Reasoning","Wisc_iv_MatrixReason_Item29Resp"
matrixreason_item29,Integer,0,,Recommended,"","0;1",,"","Matrix Reasoning","Wisc_iv_MatrixReason_Item29"
matrixreason_item30resp,String,50,,Recommended,"","",,"","Matrix Reasoning","Wisc_iv_MatrixReason_Item30Resp"
matrixreason_item30,Integer,0,,Recommended,"","0;1",,"","Matrix Reasoning","Wisc_iv_MatrixReason_Item30"
matrixreason_item31resp,String,50,,Recommended,"","",,"","Matrix Reasoning","Wisc_iv_MatrixReason_Item31Resp"
matrixreason_item31,Integer,0,,Recommended,"","0;1",,"","Matrix Reasoning","Wisc_iv_MatrixReason_Item31"
matrixreason_item32resp,String,50,,Recommended,"","",,"","Matrix Reasoning","Wisc_iv_MatrixReason_Item32Resp"
matrixreason_item32,Integer,0,,Recommended,"","0;1",,"","Matrix Reasoning","Wisc_iv_MatrixReason_Item32"
matrixreason_item33resp,String,50,,Recommended,"","",,"","Matrix Reasoning","Wisc_iv_MatrixReason_Item33Resp"
matrixreason_item33,Integer,0,,Recommended,"","0;1",,"","Matrix Reasoning","Wisc_iv_MatrixReason_Item33"
matrixreason_item34resp,String,50,,Recommended,"","",,"","Matrix Reasoning","Wisc_iv_MatrixReason_Item34Resp"
matrixreason_item34,Integer,0,,Recommended,"","0;1",,"","Matrix Reasoning","Wisc_iv_MatrixReason_Item34"
matrixreason_item35resp,String,50,,Recommended,"","",,"","Matrix Reasoning","Wisc_iv_MatrixReason_Item35Resp"
matrixreason_item35,Integer,0,,Recommended,"","0;1",,"","Matrix Reasoning","Wisc_iv_MatrixReason_Item35"
matrixreason_score,Integer,0,,Recommended,"","0 to 35",,"","Matrix Reasoning","Matrix_Reasoning_Raw,Wisc_iv_MatrixReason_Score"
comp_teethresp,String,50,,Recommended,"","",,"","Comprehension","Wisc_iv_Comp_TeethResp"
comp_teeth,Integer,0,,Recommended,"","0;1;2",,"","Comprehension","Wisc_iv_Comp_Teeth"
comp_vegresp,String,50,,Recommended,"","",,"","Comprehension","Wisc_iv_Comp_VegResp"
comp_veg,Integer,0,,Recommended,"","0;1;2",,"","Comprehension","Wisc_iv_Comp_Veg"
comp_seatbeltsresp,String,50,,Recommended,"","",,"","Comprehension","Wisc_iv_Comp_SeatbeltsResp"
comp_seatbelts,Integer,0,,Recommended,"","0;1;2",,"","Comprehension","Wisc_iv_Comp_Seatbelts"
comp_smokeresp,String,50,,Recommended,"","",,"","Comprehension","Wisc_iv_Comp_SmokeResp"
comp_smoke,Integer,0,,Recommended,"","0;1;2",,"","Comprehension","Wisc_iv_Comp_Smoke"
comp_walletresp,String,50,,Recommended,"","",,"","Comprehension","Wisc_iv_Comp_WalletResp"
comp_wallet,Integer,0,,Recommended,"","0;1;2",,"","Comprehension","Wisc_iv_Comp_Wallet"
comp_policeresp,String,50,,Recommended,"","",,"","Comprehension","Wisc_iv_Comp_PoliceResp"
comp_police,Integer,0,,Recommended,"","0;1;2",,"","Comprehension","Wisc_iv_Comp_Police"
comp_fightresp,String,50,,Recommended,"","",,"","Comprehension","Wisc_iv_Comp_FightResp"
comp_fight,Integer,0,,Recommended,"","0;1;2",,"","Comprehension","Wisc_iv_Comp_Fight"
comp_apologizeresp,String,50,,Recommended,"","",,"","Comprehension","Wisc_iv_Comp_ApologizeResp"
comp_apologize,Integer,0,,Recommended,"","0;1;2",,"","Comprehension","Wisc_iv_Comp_Apologize"
comp_lightsresp,String,50,,Recommended,"","",,"","Comprehension","Wisc_iv_Comp_LightsResp"
comp_lights,Integer,0,,Recommended,"","0;1;2",,"","Comprehension","Wisc_iv_Comp_Lights"
comp_exerciseresp,String,50,,Recommended,"","",,"","Comprehension","Wisc_iv_Comp_ExerciseResp"
comp_exercise,Integer,0,,Recommended,"","0;1;2",,"","Comprehension","Wisc_iv_Comp_Exercise"
comp_librariesresp,String,50,,Recommended,"","",,"","Comprehension","Wisc_iv_Comp_LibrariesResp"
comp_libraries,Integer,0,,Recommended,"","0;1;2",,"","Comprehension","Wisc_iv_Comp_Libraries"
comp_inspectresp,String,50,,Recommended,"","",,"","Comprehension","Wisc_iv_Comp_InspectResp"
comp_inspect,Integer,0,,Recommended,"","0;1;2",,"","Comprehension","Wisc_iv_Comp_Inspect"
comp_newspaperresp,String,50,,Recommended,"","",,"","Comprehension","Wisc_iv_Comp_NewspaperResp"
comp_newspaper,Integer,0,,Recommended,"","0;1;2",,"","Comprehension","Wisc_iv_Comp_Newspaper"
comp_doctorsresp,String,50,,Recommended,"","",,"","Comprehension","Wisc_iv_Comp_DoctorsResp"
comp_doctors,Integer,0,,Recommended,"","0;1;2",,"","Comprehension","Wisc_iv_Comp_Doctors"
comp_copyrightsresp,String,50,,Recommended,"","",,"","Comprehension","Wisc_iv_Comp_CopyrightsResp"
comp_copyrights,Integer,0,,Recommended,"","0;1;2",,"","Comprehension","Wisc_iv_Comp_Copyrights"
comp_promiseresp,String,50,,Recommended,"","",,"","Comprehension","Wisc_iv_Comp_PromiseResp"
comp_promise,Integer,0,,Recommended,"","0;1;2",,"","Comprehension","Wisc_iv_Comp_Promise"
comp_stampsresp,String,50,,Recommended,"","",,"","Comprehension","Wisc_iv_Comp_StampsResp"
comp_stamps,Integer,0,,Recommended,"","0;1;2",,"","Comprehension","Wisc_iv_Comp_Stamps"
comp_owningresp,String,50,,Recommended,"","",,"","Comprehension","Wisc_iv_Comp_OwningResp"
comp_owning,Integer,0,,Recommended,"","0;1;2",,"","Comprehension","Wisc_iv_Comp_Owning"
comp_democracyresp,String,50,,Recommended,"","",,"","Comprehension","Wisc_iv_Comp_DemocracyResp"
comp_democracy,Integer,0,,Recommended,"","0;1;2",,"","Comprehension","Wisc_iv_Comp_Democracy"
comp_technologyresp,String,50,,Recommended,"","",,"","Comprehension","Wisc_iv_Comp_TechnologyResp"
comp_technology,Integer,0,,Recommended,"","0;1;2",,"","Comprehension","Wisc_iv_Comp_Technology"
comp_communicationresp,String,50,,Recommended,"","",,"","Comprehension","Wisc_iv_Comp_CommunicationResp"
comp_communication,Integer,0,,Recommended,"","0;1;2",,"","Comprehension","Wisc_iv_Comp_Communication"
comp_ageequiv,String,255,,Recommended,"","",,"","Comprehension","Wisc_iv_Comp_AgeEquiv"
comp_score,Integer,0,,Recommended,"","0 to 42",,"","Comprehension","Comprehension_Raw,Wisc_iv_Comp_Score"
symbol_comptimeforma,Integer,0,,Recommended,"","0 to 120",,"","Symbol Search","Wisc_iv_Symbol_CompTimeFormA"
symbol_numcorrectforma,Integer,0,,Recommended,"","0 to 45",,"","Symbol Search","Wisc_iv_Symbol_NumCorrectFormA"
symbol_numincorrectforma,Integer,0,,Recommended,"","0 to 45",,"","Symbol Search","Wisc_iv_Symbol_NumInCorrectFormA"
symbol_comptimeformb,Integer,0,,Recommended,"","0 to 120",,"","Symbol Search","Wisc_iv_Symbol_CompTimeFormB"
symbol_numcorrectformb,Integer,0,,Recommended,"","0 to 60",,"","Symbol Search","Wisc_iv_Symbol_NumCorrectFormB"
symbol_numincorrectformb,Integer,0,,Recommended,"","0 to 60",,"","Symbol Search","Wisc_iv_Symbol_NumInCorrectFormB"
symbol_scoreforma,Integer,0,,Recommended,"","0 to 90",,"","Symbol Search","Symbol_Search_Raw,Wisc_iv_Symbol_ScoreFormA"
symbol_scoreformb,Integer,0,,Recommended,"","-60 to 60",,"","Symbol Search","Wisc_iv_Symbol_ScoreFormB"
piccomp_jacketresp,String,50,,Recommended,"","",,"","Picture Completion","Wisc_iv_PicComp_JacketResp"
piccomp_jacket,Integer,0,,Recommended,"","0;1",,"","Picture Completion","Wisc_iv_PicComp_Jacket"
piccomp_foxresp,String,50,,Recommended,"","",,"","Picture Completion","Wisc_iv_PicComp_FoxResp"
piccomp_fox,Integer,0,,Recommended,"","0;1",,"","Picture Completion","Wisc_iv_PicComp_Fox"
piccomp_handresp,String,50,,Recommended,"","",,"","Picture Completion","Wisc_iv_PicComp_HandResp"
piccomp_hand,Integer,0,,Recommended,"","0;1",,"","Picture Completion","Wisc_iv_PicComp_Hand"
piccomp_catresp,String,50,,Recommended,"","",,"","Picture Completion","Wisc_iv_PicComp_CatResp"
piccomp_cat,Integer,0,,Recommended,"","0;1",,"","Picture Completion","Wisc_iv_PicComp_Cat"
piccomp_bellresp,String,50,,Recommended,"","",,"","Picture Completion","Wisc_iv_PicComp_BellResp"
piccomp_bell,Integer,0,,Recommended,"","0;1",,"","Picture Completion","Wisc_iv_PicComp_Bell"
piccomp_jumpresp,String,50,,Recommended,"","",,"","Picture Completion","Wisc_iv_PicComp_JumpResp"
piccomp_jump,Integer,0,,Recommended,"","0;1",,"","Picture Completion","Wisc_iv_PicComp_Jump"
piccomp_mirrorresp,String,50,,Recommended,"","",,"","Picture Completion","Wisc_iv_PicComp_MirrorResp"
piccomp_mirror,Integer,0,,Recommended,"","0;1",,"","Picture Completion","Wisc_iv_PicComp_Mirror"
piccomp_manresp,String,50,,Recommended,"","",,"","Picture Completion","Wisc_iv_PicComp_ManResp"
piccomp_man,Integer,0,,Recommended,"","0;1",,"","Picture Completion","Wisc_iv_PicComp_Man"
piccomp_doorresp,String,50,,Recommended,"","",,"","Picture Completion","Wisc_iv_PicComp_DoorResp"
piccomp_door,Integer,0,,Recommended,"","0;1",,"","Picture Completion","Wisc_iv_PicComp_Door"
piccomp_leafresp,String,50,,Recommended,"","",,"","Picture Completion","Wisc_iv_PicComp_LeafResp"
piccomp_leaf,Integer,0,,Recommended,"","0;1",,"","Picture Completion","Wisc_iv_PicComp_Leaf"
piccomp_ladderresp,String,50,,Recommended,"","",,"","Picture Completion","Wisc_iv_PicComp_LadderResp"
piccomp_ladder,Integer,0,,Recommended,"","0;1",,"","Picture Completion","Wisc_iv_PicComp_Ladder"
piccomp_dresserresp,String,50,,Recommended,"","",,"","Picture Completion","Wisc_iv_PicComp_DresserResp"
piccomp_dresser,Integer,0,,Recommended,"","0;1",,"","Picture Completion","Wisc_iv_PicComp_Dresser"
piccomp_beltresp,String,50,,Recommended,"","",,"","Picture Completion","Wisc_iv_PicComp_BeltResp"
piccomp_belt,Integer,0,,Recommended,"","0;1",,"","Picture Completion","Wisc_iv_PicComp_Belt"
piccomp_clockresp,String,50,,Recommended,"","",,"","Picture Completion","Wisc_iv_PicComp_ClockResp"
piccomp_clock,Integer,0,,Recommended,"","0;1",,"","Picture Completion","Wisc_iv_PicComp_Clock"
piccomp_faceresp,String,50,,Recommended,"","",,"","Picture Completion","Wisc_iv_PicComp_FaceResp"
piccomp_face,Integer,0,,Recommended,"","0;1",,"","Picture Completion","Wisc_iv_PicComp_Face"
piccomp_diceresp,String,50,,Recommended,"","",,"","Picture Completion","Wisc_iv_PicComp_DiceResp"
piccomp_dice,Integer,0,,Recommended,"","0;1",,"","Picture Completion","Wisc_iv_PicComp_Dice"
piccomp_bulbresp,String,50,,Recommended,"","",,"","Picture Completion","Wisc_iv_PicComp_BulbResp"
piccomp_bulb,Integer,0,,Recommended,"","0;1",,"","Picture Completion","Wisc_iv_PicComp_Bulb"
piccomp_soccerresp,String,50,,Recommended,"","",,"","Picture Completion","Wisc_iv_PicComp_SoccerResp"
piccomp_soccer,Integer,0,,Recommended,"","0;1",,"","Picture Completion","Wisc_iv_PicComp_Soccer"
piccomp_bikeresp,String,50,,Recommended,"","",,"","Picture Completion","Wisc_iv_PicComp_BikeResp"
piccomp_bike,Integer,0,,Recommended,"","0;1",,"","Picture Completion","Wisc_iv_PicComp_Bike"
piccomp_treeresp,String,50,,Recommended,"","",,"","Picture Completion","Wisc_iv_PicComp_TreeResp"
piccomp_tree,Integer,0,,Recommended,"","0;1",,"","Picture Completion","Wisc_iv_PicComp_Tree"
piccomp_scissorsresp,String,50,,Recommended,"","",,"","Picture Completion","Wisc_iv_PicComp_ScissorsResp"
piccomp_scissors,Integer,0,,Recommended,"","0;1",,"","Picture Completion","Wisc_iv_PicComp_Scissors"
piccomp_bridgeresp,String,50,,Recommended,"","",,"","Picture Completion","Wisc_iv_PicComp_BridgeResp"
piccomp_bridge,Integer,0,,Recommended,"","0;1",,"","Picture Completion","Wisc_iv_PicComp_Bridge"
piccomp_whistleresp,String,50,,Recommended,"","",,"","Picture Completion","Wisc_iv_PicComp_WhistleResp"
piccomp_whistle,Integer,0,,Recommended,"","0;1",,"","Picture Completion","Wisc_iv_PicComp_Whistle"
piccomp_bandresp,String,50,,Recommended,"","",,"","Picture Completion","Wisc_iv_PicComp_BandResp"
piccomp_band,Integer,0,,Recommended,"","0;1",,"","Picture Completion","Wisc_iv_PicComp_Band"
piccomp_pigresp,String,50,,Recommended,"","",,"","Picture Completion","Wisc_iv_PicComp_PigResp"
piccomp_pig,Integer,0,,Recommended,"","0;1",,"","Picture Completion","Wisc_iv_PicComp_Pig"
piccomp_bathtubresp,String,50,,Recommended,"","",,"","Picture Completion","Wisc_iv_PicComp_BathtubResp"
piccomp_bathtub,Integer,0,,Recommended,"","0;1",,"","Picture Completion","Wisc_iv_PicComp_Bathtub"
piccomp_bicycleresp,String,50,,Recommended,"","",,"","Picture Completion","Wisc_iv_PicComp_BicycleResp"
piccomp_bicycle,Integer,0,,Recommended,"","0;1",,"","Picture Completion","Wisc_iv_PicComp_Bicycle"
piccomp_thermometerresp,String,50,,Recommended,"","",,"","Picture Completion","Wisc_iv_PicComp_ThermometerResp"
piccomp_thermometer,Integer,0,,Recommended,"","0;1",,"","Picture Completion","Wisc_iv_PicComp_Thermometer"
piccomp_orangeresp,String,50,,Recommended,"","",,"","Picture Completion","Wisc_iv_PicComp_OrangeResp"
piccomp_orange,Integer,0,,Recommended,"","0;1",,"","Picture Completion","Wisc_iv_PicComp_Orange"
piccomp_goldfishresp,String,50,,Recommended,"","",,"","Picture Completion","Wisc_iv_PicComp_GoldfishResp"
piccomp_goldfish,Integer,0,,Recommended,"","0;1",,"","Picture Completion","Wisc_iv_PicComp_Goldfish"
piccomp_trellisresp,String,50,,Recommended,"","",,"","Picture Completion","Wisc_iv_PicComp_TrellisResp"
piccomp_trellis,Integer,0,,Recommended,"","0;1",,"","Picture Completion","Wisc_iv_PicComp_Trellis"
piccomp_marketresp,String,50,,Recommended,"","",,"","Picture Completion","Wisc_iv_PicComp_MarketResp"
piccomp_market,Integer,0,,Recommended,"","0;1",,"","Picture Completion","Wisc_iv_PicComp_Market"
piccomp_profileresp,String,50,,Recommended,"","",,"","Picture Completion","Wisc_iv_PicComp_ProfileResp"
piccomp_profile,Integer,0,,Recommended,"","0;1",,"","Picture Completion","Wisc_iv_PicComp_Profile"
piccomp_umbrellaresp,String,50,,Recommended,"","",,"","Picture Completion","Wisc_iv_PicComp_UmbrellaResp"
piccomp_umbrella,Integer,0,,Recommended,"","0;1",,"","Picture Completion","Wisc_iv_PicComp_Umbrella"
piccomp_waterresp,String,50,,Recommended,"","",,"","Picture Completion","Wisc_iv_PicComp_WaterResp"
piccomp_water,Integer,0,,Recommended,"","0;1",,"","Picture Completion","Wisc_iv_PicComp_Water"
piccomp_houseresp,String,50,,Recommended,"","",,"","Picture Completion","Wisc_iv_PicComp_HouseResp"
piccomp_house,Integer,0,,Recommended,"","0;1",,"","Picture Completion","Wisc_iv_PicComp_House"
piccomp_familyresp,String,50,,Recommended,"","",,"","Picture Completion","Wisc_iv_PicComp_FamilyResp"
piccomp_family,Integer,0,,Recommended,"","0;1",,"","Picture Completion","Wisc_iv_PicComp_Family"
piccomp_shoeresp,String,50,,Recommended,"","",,"","Picture Completion","Wisc_iv_PicComp_ShoeResp"
piccomp_shoe,Integer,0,,Recommended,"","0;1",,"","Picture Completion","Wisc_iv_PicComp_Shoe"
piccomp_score,Integer,0,,Recommended,"","0 to 38",,"","Picture Completion","Wisc_iv_PicComp_Score"
cancel_rdmcomptime,Integer,0,,Recommended,"","0 to 45",,"","Cancellation","Wisc_iv_Cancel_RdmCompTime"
cancel_rdmnumcorrect,Integer,0,,Recommended,"","0 to 64",,"","Cancellation","Wisc_iv_Cancel_RdmNumCorrect"
cancel_rdmnumincorrect,Integer,0,,Recommended,"","0 to 64",,"","Cancellation","Wisc_iv_Cancel_RdmNumInCorrect"
cancel_rdmdiff,Integer,0,,Recommended,"","-64 to 64",,"","Cancellation","Wisc_iv_Cancel_RdmDiff"
cancel_rdmbonuspt,Integer,0,,Recommended,"","0 to 4",,"","Cancellation","Wisc_iv_Cancel_RdmBonusPt"
cancel_rdmscore,Integer,0,,Recommended,"","0 to 68",,"","Cancellation","Wisc_iv_Cancel_RdmScore"
cancel_strctcomptime,Integer,0,,Recommended,"","0 to 45",,"","Cancellation","Wisc_iv_Cancel_StrctCompTime"
cancel_strctnumcorrect,Integer,0,,Recommended,"","0 to 64",,"","Cancellation","Wisc_iv_Cancel_StrctNumCorrect"
cancel_strctnumincorrect,Integer,0,,Recommended,"","0 to 64",,"","Cancellation","Wisc_iv_Cancel_StrctNumInCorrect"
cancel_strctdiff,Integer,0,,Recommended,"","-64 to 64",,"","Cancellation","Wisc_iv_Cancel_StrctDiff"
cancel_strctbonuspt,Integer,0,,Recommended,"","0 to 4",,"","Cancellation","Wisc_iv_Cancel_StrctBonusPt"
cancel_strctscore,Integer,0,,Recommended,"","0 to 68",,"","Cancellation","Wisc_iv_Cancel_StrctScore"
cancel_carawscore,Integer,0,,Recommended,"","0 to 136",,"","Cancellation","Wisc_iv_Cancel_CARawScore"
cancel_searchitem1aa,Integer,0,,Recommended,"","",,"","Cancellation","Wisc_iv_Cancel_SearchItem1AA"
cancel_searchitem1ab,Integer,0,,Recommended,"","",,"","Cancellation","Wisc_iv_Cancel_SearchItem1AB"
cancel_searchitem1ba,Integer,0,,Recommended,"","",,"","Cancellation","Wisc_iv_Cancel_SearchItem1BA"
cancel_searchitem1bb,Integer,0,,Recommended,"","",,"","Cancellation","Wisc_iv_Cancel_SearchItem1BB"
cancel_searchitemcars,Integer,0,,Recommended,"","",,"","Cancellation","Wisc_iv_Cancel_SearchItemCARS"
cancel_searchitem2aa,Integer,0,,Recommended,"","",,"","Cancellation","Wisc_iv_Cancel_SearchItem2AA"
cancel_searchitem2ab,Integer,0,,Recommended,"","",,"","Cancellation","Wisc_iv_Cancel_SearchItem2AB"
cancel_searchitem2ba,Integer,0,,Recommended,"","",,"","Cancellation","Wisc_iv_Cancel_SearchItem2BA"
cancel_searchitem2bb,Integer,0,,Recommended,"","",,"","Cancellation","Wisc_iv_Cancel_SearchItem2BB"
cancel_searchitemcass,Integer,0,,Recommended,"","",,"","Cancellation","Wisc_iv_Cancel_SearchItemCASS"
info_footresp,String,50,,Recommended,"","",,"","Information","Wisc_iv_Info_FootResp"
info_foot,Integer,0,,Recommended,"","0;1",,"","Information","Wisc_iv_Info_Foot"
info_noseresp,String,50,,Recommended,"","",,"","Information","Wisc_iv_Info_NoseResp"
info_nose,Integer,0,,Recommended,"","0;1",,"","Information","Wisc_iv_Info_Nose"
info_eatresp,String,50,,Recommended,"","",,"","Information","Wisc_iv_Info_EatResp"
info_eat,Integer,0,,Recommended,"","0;1",,"","Information","Wisc_iv_Info_Eat"
info_earsresp,String,50,,Recommended,"","",,"","Information","Wisc_iv_Info_EarsResp"
info_ears,Integer,0,,Recommended,"","0;1",,"","Information","Wisc_iv_Info_Ears"
info_oldresp,String,50,,Recommended,"","",,"","Information","Wisc_iv_Info_OldResp"
info_old,Integer,0,,Recommended,"","0;1",,"","Information","Wisc_iv_Info_Old"
info_legsresp,String,50,,Recommended,"","",,"","Information","Wisc_iv_Info_LegsResp"
info_legs,Integer,0,,Recommended,"","0;1",,"","Information","Wisc_iv_Info_Legs"
info_thursdayresp,String,50,,Recommended,"","",,"","Information","Wisc_iv_Info_ThursdayResp"
info_thursday,Integer,0,,Recommended,"","0;1",,"","Information","Wisc_iv_Info_Thursday"
info_coinsresp,String,50,,Recommended,"","",,"","Information","Wisc_iv_Info_CoinsResp"
info_coins,Integer,0,,Recommended,"","0;1",,"","Information","Wisc_iv_Info_Coins"
info_marchresp,String,50,,Recommended,"","",,"","Information","Wisc_iv_Info_MarchResp"
info_march,Integer,0,,Recommended,"","0;1",,"","Information","Wisc_iv_Info_March"
info_boilresp,String,50,,Recommended,"","",,"","Information","Wisc_iv_Info_BoilResp"
info_boil,Integer,0,,Recommended,"","0;1",,"","Information","Wisc_iv_Info_Boil"
info_weekresp,String,50,,Recommended,"","",,"","Information","Wisc_iv_Info_WeekResp"
info_week,Integer,0,,Recommended,"","0;1",,"","Information","Wisc_iv_Info_Week"
info_seasonsresp,String,50,,Recommended,"","",,"","Information","Wisc_iv_Info_SeasonsResp"
info_seasons,Integer,0,,Recommended,"","0;1",,"","Information","Wisc_iv_Info_Seasons"
info_dozenresp,String,50,,Recommended,"","",,"","Information","Wisc_iv_Info_DozenResp"
info_dozen,Integer,0,,Recommended,"","0;1",,"","Information","Wisc_iv_Info_Dozen"
info_stomachresp,String,50,,Recommended,"","",,"","Information","Wisc_iv_Info_StomachResp"
info_stomach,Integer,0,,Recommended,"","0;1",,"","Information","Wisc_iv_Info_Stomach"
info_fossilresp,String,50,,Recommended,"","",,"","Information","Wisc_iv_Info_FossilResp"
info_fossil,Integer,0,,Recommended,"","0;1",,"","Information","Wisc_iv_Info_Fossil"
info_columbusresp,String,50,,Recommended,"","",,"","Information","Wisc_iv_Info_ColumbusResp"
info_columbus,Integer,0,,Recommended,"","0;1",,"","Information","Wisc_iv_Info_Columbus"
info_monthresp,String,50,,Recommended,"","",,"","Information","Wisc_iv_Info_MonthResp"
info_month,Integer,0,,Recommended,"","0;1",,"","Information","Wisc_iv_Info_Month"
info_yearresp,String,50,,Recommended,"","",,"","Information","Wisc_iv_Info_YearResp"
info_year,Integer,0,,Recommended,"","0;1",,"","Information","Wisc_iv_Info_Year"
info_oxygenresp,String,50,,Recommended,"","",,"","Information","Wisc_iv_Info_OxygenResp"
info_oxygen,Integer,0,,Recommended,"","0;1",,"","Information","Wisc_iv_Info_Oxygen"
info_rustresp,String,50,,Recommended,"","",,"","Information","Wisc_iv_Info_RustResp"
info_rust,Integer,0,,Recommended,"","0;1",,"","Information","Wisc_iv_Info_Rust"
info_hieroglyphicsresp,String,50,,Recommended,"","",,"","Information","Wisc_iv_Info_HieroglyphicsResp"
info_hieroglyphics,Integer,0,,Recommended,"","0;1",,"","Information","Wisc_iv_Info_Hieroglyphics"
info_populationresp,String,50,,Recommended,"","",,"","Information","Wisc_iv_Info_PopulationResp"
info_population,Integer,0,,Recommended,"","0;1",,"","Information","Wisc_iv_Info_Population"
info_ozoneresp,String,50,,Recommended,"","",,"","Information","Wisc_iv_Info_OzoneResp"
info_ozone,Integer,0,,Recommended,"","0;1",,"","Information","Wisc_iv_Info_Ozone"
info_leavesresp,String,50,,Recommended,"","",,"","Information","Wisc_iv_Info_LeavesResp"
info_leaves,Integer,0,,Recommended,"","0;1",,"","Information","Wisc_iv_Info_Leaves"
info_greeceresp,String,50,,Recommended,"","",,"","Information","Wisc_iv_Info_GreeceResp"
info_greece,Integer,0,,Recommended,"","0;1",,"","Information","Wisc_iv_Info_Greece"
info_barometerresp,String,50,,Recommended,"","",,"","Information","Wisc_iv_Info_BarometerResp"
info_barometer,Integer,0,,Recommended,"","0;1",,"","Information","Wisc_iv_Info_Barometer"
info_darwinresp,String,50,,Recommended,"","",,"","Information","Wisc_iv_Info_DarwinResp"
info_darwin,Integer,0,,Recommended,"","0;1",,"","Information","Wisc_iv_Info_Darwin"
info_confuciusresp,String,50,,Recommended,"","",,"","Information","Wisc_iv_Info_ConfuciusResp"
info_confucius,Integer,0,,Recommended,"","0;1",,"","Information","Wisc_iv_Info_Confucius"
info_solsticeresp,String,50,,Recommended,"","",,"","Information","Wisc_iv_Info_SolsticeResp"
info_solstice,Integer,0,,Recommended,"","0;1",,"","Information","Wisc_iv_Info_Solstice"
info_diamondsresp,String,50,,Recommended,"","",,"","Information","Wisc_iv_Info_DiamondsResp"
info_diamonds,Integer,0,,Recommended,"","0;1",,"","Information","Wisc_iv_Info_Diamonds"
info_londonresp,String,50,,Recommended,"","",,"","Information","Wisc_iv_Info_LondonResp"
info_london,Integer,0,,Recommended,"","0;1",,"","Information","Wisc_iv_Info_London"
info_fissionresp,String,50,,Recommended,"","",,"","Information","Wisc_iv_Info_FissionResp"
info_fission,Integer,0,,Recommended,"","0;1",,"","Information","Wisc_iv_Info_Fission"
info_turpentineresp,String,50,,Recommended,"","",,"","Information","Wisc_iv_Info_TurpentineResp"
info_turpentine,Integer,0,,Recommended,"","0;1",,"","Information","Wisc_iv_Info_Turpentine"
info_score,Integer,0,,Recommended,"","0 to 33",,"","Information","Wisc_iv_Info_Score"
arith_birds_ct,String,50,,Recommended,"","",,"","Arithmetic","Wisc_iv_Arith_Birds_ct"
arith_birds_resp,String,50,,Recommended,"","",,"","Arithmetic","Wisc_iv_Arith_Birds_resp"
arith_birds_score,Integer,0,,Recommended,"","0;1",,"","Arithmetic","Wisc_iv_Arith_Birds_score"
arith_birds_pscore,Integer,0,,Recommended,"","0;1;2;3",,"","Arithmetic","Wisc_iv_Arith_Birds_pscore"
arith_chicks_ct,String,50,,Recommended,"","",,"","Arithmetic","Wisc_iv_Arith_Chicks_ct"
arith_chicks_resp,String,50,,Recommended,"","",,"","Arithmetic","Wisc_iv_Arith_Chicks_resp"
arith_chicks_score,Integer,0,,Recommended,"","0;1",,"","Arithmetic","Wisc_iv_Arith_Chicks_score"
arith_chicks_pscore,Integer,0,,Recommended,"","0;1;2;3",,"","Arithmetic","Wisc_iv_Arith_Chicks_pscore"
arith_trees_ct,String,50,,Recommended,"","",,"","Arithmetic","Wisc_iv_Arith_Trees_ct"
arith_trees_resp,String,50,,Recommended,"","",,"","Arithmetic","Wisc_iv_Arith_Trees_resp"
arith_trees_score,Integer,0,,Recommended,"","0;1",,"","Arithmetic","Wisc_iv_Arith_Trees_score"
arith_trees_pscore,Integer,0,,Recommended,"","0;1;2;3",,"","Arithmetic","Wisc_iv_Arith_Trees_pscore"
arith_butterflies_ct,String,50,,Recommended,"","",,"","Arithmetic","Wisc_iv_Arith_Butterflies_ct"
arith_butterflies_resp,String,50,,Recommended,"","",,"","Arithmetic","Wisc_iv_Arith_Butterflies_resp"
arith_butterflies_score,Integer,0,,Recommended,"","0;1",,"","Arithmetic","Wisc_iv_Arith_Butterflies_score"
arith_butterflies_pscore,Integer,0,,Recommended,"","0;1;2;3",,"","Arithmetic","Wisc_iv_Arith_Butterflies_pscore"
arith_nuts_ct,String,50,,Recommended,"","",,"","Arithmetic","Wisc_iv_Arith_Nuts_ct"
arith_nuts_resp,String,50,,Recommended,"","",,"","Arithmetic","Wisc_iv_Arith_Nuts_resp"
arith_nuts_score,Integer,0,,Recommended,"","0;1",,"","Arithmetic","Wisc_iv_Arith_Nuts_score"
arith_nuts_pscore,Integer,0,,Recommended,"","0;1;2;3",,"","Arithmetic","Wisc_iv_Arith_Nuts_pscore"
arith_books_ct,String,50,,Recommended,"","",,"","Arithmetic","Wisc_iv_Arith_Books_ct"
arith_books_resp,String,50,,Recommended,"","",,"","Arithmetic","Wisc_iv_Arith_Books_resp"
arith_books_score,Integer,0,,Recommended,"","0;1",,"","Arithmetic","Wisc_iv_Arith_Books_score"
arith_books_pscore,Integer,0,,Recommended,"","0;1;2;3",,"","Arithmetic","Wisc_iv_Arith_Books_pscore"
arith_crayons_ct,String,50,,Recommended,"","",,"","Arithmetic","Wisc_iv_Arith_Crayons_ct"
arith_crayons_resp,String,50,,Recommended,"","",,"","Arithmetic","Wisc_iv_Arith_Crayons_resp"
arith_crayons_score,Integer,0,,Recommended,"","0;1",,"","Arithmetic","Wisc_iv_Arith_Crayons_score"
arith_crayons_pscore,Integer,0,,Recommended,"","0;1;2;3",,"","Arithmetic","Wisc_iv_Arith_Crayons_pscore"
arith_cookies_ct,String,50,,Recommended,"","",,"","Arithmetic","Wisc_iv_Arith_Cookies_ct"
arith_cookies_resp,String,50,,Recommended,"","",,"","Arithmetic","Wisc_iv_Arith_Cookies_resp"
arith_cookies_score,Integer,0,,Recommended,"","0;1",,"","Arithmetic","Wisc_iv_Arith_Cookies_score"
arith_cookies_pscore,Integer,0,,Recommended,"","0;1;2;3",,"","Arithmetic","Wisc_iv_Arith_Cookies_pscore"
arith_pieces_ct,String,50,,Recommended,"","",,"","Arithmetic","Wisc_iv_Arith_Pieces_ct"
arith_pieces_resp,String,50,,Recommended,"","",,"","Arithmetic","Wisc_iv_Arith_Pieces_resp"
arith_pieces_score,Integer,0,,Recommended,"","0;1",,"","Arithmetic","Wisc_iv_Arith_Pieces_score"
arith_pieces_pscore,Integer,0,,Recommended,"","0;1;2;3",,"","Arithmetic","Wisc_iv_Arith_Pieces_pscore"
arith_pennies_ct,String,50,,Recommended,"","",,"","Arithmetic","Wisc_iv_Arith_Pennies_ct"
arith_pennies_resp,String,50,,Recommended,"","",,"","Arithmetic","Wisc_iv_Arith_Pennies_resp"
arith_pennies_score,Integer,0,,Recommended,"","0;1",,"","Arithmetic","Wisc_iv_Arith_Pennies_score"
arith_pennies_pscore,Integer,0,,Recommended,"","0;1;2;3",,"","Arithmetic","Wisc_iv_Arith_Pennies_pscore"
arith_pencils_ct,String,50,,Recommended,"","",,"","Arithmetic","Wisc_iv_Arith_Pencils_ct"
arith_pencils_resp,String,50,,Recommended,"","",,"","Arithmetic","Wisc_iv_Arith_Pencils_resp"
arith_pencils_score,Integer,0,,Recommended,"","0;1",,"","Arithmetic","Wisc_iv_Arith_Pencils_score"
arith_pencils_pscore,Integer,0,,Recommended,"","0;1;2;3",,"","Arithmetic","Wisc_iv_Arith_Pencils_pscore"
arith_candy_ct,String,50,,Recommended,"","",,"","Arithmetic","Wisc_iv_Arith_Candy_ct"
arith_candy_resp,String,50,,Recommended,"","",,"","Arithmetic","Wisc_iv_Arith_Candy_resp"
arith_candy_score,Integer,0,,Recommended,"","0;1",,"","Arithmetic","Wisc_iv_Arith_Candy_score"
arith_candy_pscore,Integer,0,,Recommended,"","0;1;2;3",,"","Arithmetic","Wisc_iv_Arith_Candy_pscore"
arith_cars_ct,String,50,,Recommended,"","",,"","Arithmetic","Wisc_iv_Arith_Cars_ct"
arith_cars_resp,String,50,,Recommended,"","",,"","Arithmetic","Wisc_iv_Arith_Cars_resp"
arith_cars_score,Integer,0,,Recommended,"","0;1",,"","Arithmetic","Wisc_iv_Arith_Cars_score"
arith_cars_pscore,Integer,0,,Recommended,"","0;1;2;3",,"","Arithmetic","Wisc_iv_Arith_Cars_pscore"
arith_markers_ct,String,50,,Recommended,"","",,"","Arithmetic","Wisc_iv_Arith_Markers_ct"
arith_markers_resp,String,50,,Recommended,"","",,"","Arithmetic","Wisc_iv_Arith_Markers_resp"
arith_markers_score,Integer,0,,Recommended,"","0;1",,"","Arithmetic","Wisc_iv_Arith_Markers_score"
arith_markers_pscore,Integer,0,,Recommended,"","0;1;2;3",,"","Arithmetic","Wisc_iv_Arith_Markers_pscore"
arith_apples_ct,String,50,,Recommended,"","",,"","Arithmetic","Wisc_iv_Arith_Apples_ct"
arith_apples_resp,String,50,,Recommended,"","",,"","Arithmetic","Wisc_iv_Arith_Apples_resp"
arith_apples_score,Integer,0,,Recommended,"","0;1",,"","Arithmetic","Wisc_iv_Arith_Apples_score"
arith_apples_pscore,Integer,0,,Recommended,"","0;1;2;3",,"","Arithmetic","Wisc_iv_Arith_Apples_pscore"
arith_cows_ct,String,50,,Recommended,"","",,"","Arithmetic","Wisc_iv_Arith_Cows_ct"
arith_cows_resp,String,50,,Recommended,"","",,"","Arithmetic","Wisc_iv_Arith_Cows_resp"
arith_cows_score,Integer,0,,Recommended,"","0;1",,"","Arithmetic","Wisc_iv_Arith_Cows_score"
arith_cows_pscore,Integer,0,,Recommended,"","0;1;2;3",,"","Arithmetic","Wisc_iv_Arith_Cows_pscore"
arith_stickers_ct,String,50,,Recommended,"","",,"","Arithmetic","Wisc_iv_Arith_Stickers_ct"
arith_stickers_resp,String,50,,Recommended,"","",,"","Arithmetic","Wisc_iv_Arith_Stickers_resp"
arith_stickers_score,Integer,0,,Recommended,"","0;1",,"","Arithmetic","Wisc_iv_Arith_Stickers_score"
arith_stickers_pscore,Integer,0,,Recommended,"","0;1;2;3",,"","Arithmetic","Wisc_iv_Arith_Stickers_pscore"
arith_balloons_ct,String,50,,Recommended,"","",,"","Arithmetic","Wisc_iv_Arith_Balloons_ct"
arith_balloons_resp,String,50,,Recommended,"","",,"","Arithmetic","Wisc_iv_Arith_Balloons_resp"
arith_balloons_score,Integer,0,,Recommended,"","0;1",,"","Arithmetic","Wisc_iv_Arith_Balloons_score"
arith_balloons_pscore,Integer,0,,Recommended,"","0;1;2;3",,"","Arithmetic","Wisc_iv_Arith_Balloons_pscore"
arith_watching_ct,String,50,,Recommended,"","",,"","Arithmetic","Wisc_iv_Arith_Watching_ct"
arith_watching_resp,String,50,,Recommended,"","",,"","Arithmetic","Wisc_iv_Arith_Watching_resp"
arith_watching_score,Integer,0,,Recommended,"","0;1",,"","Arithmetic","Wisc_iv_Arith_Watching_score"
arith_watching_pscore,Integer,0,,Recommended,"","0;1;2;3",,"","Arithmetic","Wisc_iv_Arith_Watching_pscore"
arith_points_ct,String,50,,Recommended,"","",,"","Arithmetic","Wisc_iv_Arith_Points_ct"
arith_points_resp,String,50,,Recommended,"","",,"","Arithmetic","Wisc_iv_Arith_Points_resp"
arith_points_score,Integer,0,,Recommended,"","0;1",,"","Arithmetic","Wisc_iv_Arith_Points_score"
arith_points_pscore,Integer,0,,Recommended,"","0;1;2;3",,"","Arithmetic","Wisc_iv_Arith_Points_pscore"
arith_ribbons_ct,String,50,,Recommended,"","",,"","Arithmetic","Wisc_iv_Arith_Ribbons_ct"
arith_ribbons_resp,String,50,,Recommended,"","",,"","Arithmetic","Wisc_iv_Arith_Ribbons_resp"
arith_ribbons_score,Integer,0,,Recommended,"","0;1",,"","Arithmetic","Wisc_iv_Arith_Ribbons_score"
arith_ribbons_pscore,Integer,0,,Recommended,"","0;1;2;3",,"","Arithmetic","Wisc_iv_Arith_Ribbons_pscore"
arith_pens_ct,String,50,,Recommended,"","",,"","Arithmetic","Wisc_iv_Arith_Pens_ct"
arith_pens_resp,String,50,,Recommended,"","",,"","Arithmetic","Wisc_iv_Arith_Pens_resp"
arith_pens_score,Integer,0,,Recommended,"","0;1",,"","Arithmetic","Wisc_iv_Arith_Pens_score"
arith_pens_pscore,Integer,0,,Recommended,"","0;1;2;3",,"","Arithmetic","Wisc_iv_Arith_Pens_pscore"
arith_students_ct,String,50,,Recommended,"","",,"","Arithmetic","Wisc_iv_Arith_Students_ct"
arith_students_resp,String,50,,Recommended,"","",,"","Arithmetic","Wisc_iv_Arith_Students_resp"
arith_students_score,Integer,0,,Recommended,"","0;1",,"","Arithmetic","Wisc_iv_Arith_Students_score"
arith_students_pscore,Integer,0,,Recommended,"","0;1;2;3",,"","Arithmetic","Wisc_iv_Arith_Students_pscore"
arith_magazines_ct,String,50,,Recommended,"","",,"","Arithmetic","Wisc_iv_Arith_Magazines_ct"
arith_magazines_resp,String,50,,Recommended,"","",,"","Arithmetic","Wisc_iv_Arith_Magazines_resp"
arith_magazines_score,Integer,0,,Recommended,"","0;1",,"","Arithmetic","Wisc_iv_Arith_Magazines_score"
arith_magazines_pscore,Integer,0,,Recommended,"","0;1;2;3",,"","Arithmetic","Wisc_iv_Arith_Magazines_pscore"
arith_change_ct,String,50,,Recommended,"","",,"","Arithmetic","Wisc_iv_Arith_Change_ct"
arith_change_resp,String,50,,Recommended,"","",,"","Arithmetic","Wisc_iv_Arith_Change_resp"
arith_change_score,Integer,0,,Recommended,"","0;1",,"","Arithmetic","Wisc_iv_Arith_Change_score"
arith_change_pscore,Integer,0,,Recommended,"","0;1;2;3",,"","Arithmetic","Wisc_iv_Arith_Change_pscore"
arith_classrooms_ct,String,50,,Recommended,"","",,"","Arithmetic","Wisc_iv_Arith_Classrooms_ct"
arith_classrooms_resp,String,50,,Recommended,"","",,"","Arithmetic","Wisc_iv_Arith_Classrooms_resp"
arith_classrooms_score,Integer,0,,Recommended,"","0;1",,"","Arithmetic","Wisc_iv_Arith_Classrooms_score"
arith_classrooms_pscore,Integer,0,,Recommended,"","0;1;2;3",,"","Arithmetic","Wisc_iv_Arith_Classrooms_pscore"
arith_money_ct,String,50,,Recommended,"","",,"","Arithmetic","Wisc_iv_Arith_Money_ct"
arith_money_resp,String,50,,Recommended,"","",,"","Arithmetic","Wisc_iv_Arith_Money_resp"
arith_money_score,Integer,0,,Recommended,"","0;1",,"","Arithmetic","Wisc_iv_Arith_Money_score"
arith_money_pscore,Integer,0,,Recommended,"","0;1;2;3",,"","Arithmetic","Wisc_iv_Arith_Money_pscore"
arith_drive_ct,String,50,,Recommended,"","",,"","Arithmetic","Wisc_iv_Arith_Drive_ct"
arith_drive_resp,String,50,,Recommended,"","",,"","Arithmetic","Wisc_iv_Arith_Drive_resp"
arith_drive_score,Integer,0,,Recommended,"","0;1",,"","Arithmetic","Wisc_iv_Arith_Drive_score"
arith_drive_pscore,Integer,0,,Recommended,"","0;1;2;3",,"","Arithmetic","Wisc_iv_Arith_Drive_pscore"
arith_bicycle_ct,String,50,,Recommended,"","",,"","Arithmetic","Wisc_iv_Arith_Bicycle_ct"
arith_bicycle_resp,String,50,,Recommended,"","",,"","Arithmetic","Wisc_iv_Arith_Bicycle_resp"
arith_bicycle_score,Integer,0,,Recommended,"","0;1",,"","Arithmetic","Wisc_iv_Arith_Bicycle_score"
arith_bicycle_pscore,Integer,0,,Recommended,"","0;1;2;3",,"","Arithmetic","Wisc_iv_Arith_Bicycle_pscore"
arith_temperature_ct,String,50,,Recommended,"","",,"","Arithmetic","Wisc_iv_Arith_Temperature_ct"
arith_temperature_resp,String,50,,Recommended,"","",,"","Arithmetic","Wisc_iv_Arith_Temperature_resp"
arith_temperature_score,Integer,0,,Recommended,"","0;1",,"","Arithmetic","Wisc_iv_Arith_Temperature_score"
arith_temperature_pscore,Integer,0,,Recommended,"","0;1;2;3",,"","Arithmetic","Wisc_iv_Arith_Temperature_pscore"
arith_game_ct,String,50,,Recommended,"","",,"","Arithmetic","Wisc_iv_Arith_Game_ct"
arith_game_resp,String,50,,Recommended,"","",,"","Arithmetic","Wisc_iv_Arith_Game_resp"
arith_game_score,Integer,0,,Recommended,"","0;1",,"","Arithmetic","Wisc_iv_Arith_Game_score"
arith_game_pscore,Integer,0,,Recommended,"","0;1;2;3",,"","Arithmetic","Wisc_iv_Arith_Game_pscore"
arith_car_wash_ct,String,50,,Recommended,"","",,"","Arithmetic","Wisc_iv_Arith_Car_wash_ct"
arith_car_wash_resp,String,50,,Recommended,"","",,"","Arithmetic","Wisc_iv_Arith_Car_wash_resp"
arith_car_wash_score,Integer,0,,Recommended,"","0;1",,"","Arithmetic","Wisc_iv_Arith_Car_wash_score"
arith_car_wash_pscore,Integer,0,,Recommended,"","0;1;2;3",,"","Arithmetic","Wisc_iv_Arith_Car_wash_pscore"
arith_flight_ct,String,50,,Recommended,"","",,"","Arithmetic","Wisc_iv_Arith_Flight_ct"
arith_flight_resp,String,50,,Recommended,"","",,"","Arithmetic","Wisc_iv_Arith_Flight_resp"
arith_flight_score,Integer,0,,Recommended,"","0;1",,"","Arithmetic","Wisc_iv_Arith_Flight_score"
arith_flight_pscore,Integer,0,,Recommended,"","0;1;2;3",,"","Arithmetic","Wisc_iv_Arith_Flight_pscore"
arith_work_ct,String,50,,Recommended,"","",,"","Arithmetic","Wisc_iv_Arith_Work_ct"
arith_work_resp,String,50,,Recommended,"","",,"","Arithmetic","Wisc_iv_Arith_Work_resp"
arith_work_score,Integer,0,,Recommended,"","0;1",,"","Arithmetic","Wisc_iv_Arith_Work_score"
arith_work_pscore,Integer,0,,Recommended,"","0;1;2;3",,"","Arithmetic","Wisc_iv_Arith_Work_pscore"
arith_scorear,Integer,0,,Recommended,"","0 to 34",,"","Arithmetic","Wisc_iv_Arith_ScoreAR"
arith_scoreart,Integer,0,,Recommended,"","0 to 102",,"","Arithmetic","Wisc_iv_Arith_ScoreART"
wordreason_woofresp,String,50,,Recommended,"","",,"","Word Reasoning","Wisc_iv_Wordreason_woofresp"
wordreason_woof,String,50,,Recommended,"","Y;N",,"","Word Reasoning","Wisc_iv_Wordreason_woof"
wordreason_cleanaresp,String,50,,Recommended,"","",,"","Word Reasoning","Wisc_iv_Wordreason_cleanAresp"
wordreason_cleana,String,50,,Recommended,"","Y;N",,"","Word Reasoning","Wisc_iv_Wordreason_cleanA"
wordreason_cleanbresp,String,50,,Recommended,"","",,"","Word Reasoning","Wisc_iv_Wordreason_CleanBresp"
wordreason_cleanb,String,50,,Recommended,"","Y;N",,"","Word Reasoning","Wisc_iv_Wordreason_CleanB"
wordreason_batharesp,String,50,,Recommended,"","",,"","Word Reasoning","Wisc_iv_Wordreason_BathAresp"
wordreason_batha,String,50,,Recommended,"","Y;N",,"","Word Reasoning","Wisc_iv_Wordreason_BathA"
wordreason_bath,Integer,0,,Recommended,"","0;1",,"","Word Reasoning","Wisc_iv_Wordreason_Bath"
wordreason_knobaresp,String,50,,Recommended,"","",,"","Word Reasoning","Wisc_iv_Wordreason_KnobAresp"
wordreason_knoba,String,50,,Recommended,"","Y;N",,"","Word Reasoning","Wisc_iv_Wordreason_KnobA"
wordreason_knob,Integer,0,,Recommended,"","0;1",,"","Word Reasoning","Wisc_iv_Wordreason_Knob"
wordreason_smellaresp,String,50,,Recommended,"","",,"","Word Reasoning","Wisc_iv_Wordreason_SmellAresp"
wordreason_smella,String,50,,Recommended,"","Y;N",,"","Word Reasoning","Wisc_iv_Wordreason_SmellA"
wordreason_smell,Integer,0,,Recommended,"","0;1",,"","Word Reasoning","Wisc_iv_Wordreason_Smell"
wordreason_earsaresp,String,50,,Recommended,"","",,"","Word Reasoning","Wisc_iv_Wordreason_EarsAresp"
wordreason_earsa,String,50,,Recommended,"","Y;N",,"","Word Reasoning","Wisc_iv_Wordreason_EarsA"
wordreason_ears,Integer,0,,Recommended,"","0;1",,"","Word Reasoning","Wisc_iv_Wordreason_Ears"
wordreason_headaresp,String,50,,Recommended,"","",,"","Word Reasoning","Wisc_iv_Wordreason_HeadAresp"
wordreason_heada,String,50,,Recommended,"","Y;N",,"","Word Reasoning","Wisc_iv_Wordreason_HeadA"
wordreason_head,Integer,0,,Recommended,"","0;1",,"","Word Reasoning","Wisc_iv_Wordreason_Head"
wordreason_sleeparesp,String,50,,Recommended,"","",,"","Word Reasoning","Wisc_iv_Wordreason_SleepAresp"
wordreason_sleepa,String,50,,Recommended,"","Y;N",,"","Word Reasoning","Wisc_iv_Wordreason_SleepA"
wordreason_sleep,Integer,0,,Recommended,"","0;1",,"","Word Reasoning","Wisc_iv_Wordreason_Sleep"
wordreason_rainaresp,String,50,,Recommended,"","",,"","Word Reasoning","Wisc_iv_Wordreason_RainAresp"
wordreason_raina,String,50,,Recommended,"","Y;N",,"","Word Reasoning","Wisc_iv_Wordreason_RainA"
wordreason_rainbresp,String,50,,Recommended,"","",,"","Word Reasoning","Wisc_iv_Wordreason_RainBresp"
wordreason_rainb,String,50,,Recommended,"","Y;N",,"","Word Reasoning","Wisc_iv_Wordreason_RainB"
wordreason_rain,Integer,0,,Recommended,"","0;1",,"","Word Reasoning","Wisc_iv_Wordreason_Rain"
wordreason_colorsaresp,String,50,,Recommended,"","",,"","Word Reasoning","Wisc_iv_Wordreason_ColorsAresp"
wordreason_colorsa,String,50,,Recommended,"","Y;N",,"","Word Reasoning","Wisc_iv_Wordreason_ColorsA"
wordreason_colorsbresp,String,50,,Recommended,"","",,"","Word Reasoning","Wisc_iv_Wordreason_ColorsBresp"
wordreason_colorsb,String,50,,Recommended,"","Y;N",,"","Word Reasoning","Wisc_iv_Wordreason_ColorsB"
wordreason_colors,Integer,0,,Recommended,"","0;1",,"","Word Reasoning","Wisc_iv_Wordreason_Colors"
wordreason_pastaresp,String,50,,Recommended,"","",,"","Word Reasoning","Wisc_iv_Wordreason_PastAresp"
wordreason_pasta,String,50,,Recommended,"","Y;N",,"","Word Reasoning","Wisc_iv_Wordreason_PastA"
wordreason_pastbresp,String,50,,Recommended,"","",,"","Word Reasoning","Wisc_iv_Wordreason_PastBresp"
wordreason_pastb,String,50,,Recommended,"","Y;N",,"","Word Reasoning","Wisc_iv_Wordreason_PastB"
wordreason_past,Integer,0,,Recommended,"","0;1",,"","Word Reasoning","Wisc_iv_Wordreason_Past"
wordreason_skyaresp,String,50,,Recommended,"","",,"","Word Reasoning","Wisc_iv_Wordreason_SkyAresp"
wordreason_skya,String,50,,Recommended,"","Y;N",,"","Word Reasoning","Wisc_iv_Wordreason_SkyA"
wordreason_skybresp,String,50,,Recommended,"","",,"","Word Reasoning","Wisc_iv_Wordreason_SkyBresp"
wordreason_skyb,String,50,,Recommended,"","Y;N",,"","Word Reasoning","Wisc_iv_Wordreason_SkyB"
wordreason_sky,Integer,0,,Recommended,"","0;1",,"","Word Reasoning","Wisc_iv_Wordreason_Sky"
wordreason_newaresp,String,50,,Recommended,"","",,"","Word Reasoning","Wisc_iv_Wordreason_NewAresp"
wordreason_newa,String,50,,Recommended,"","Y;N",,"","Word Reasoning","Wisc_iv_Wordreason_NewA"
wordreason_newbresp,String,50,,Recommended,"","",,"","Word Reasoning","Wisc_iv_Wordreason_NewBresp"
wordreason_newb,String,50,,Recommended,"","Y;N",,"","Word Reasoning","Wisc_iv_Wordreason_NewB"
wordreason_new,Integer,0,,Recommended,"","0;1",,"","Word Reasoning","Wisc_iv_Wordreason_New"
wordreason_oceanaresp,String,50,,Recommended,"","",,"","Word Reasoning","Wisc_iv_Wordreason_OceanAresp"
wordreason_oceana,String,50,,Recommended,"","Y;N",,"","Word Reasoning","Wisc_iv_Wordreason_OceanA"
wordreason_oceanbresp,String,50,,Recommended,"","",,"","Word Reasoning","Wisc_iv_Wordreason_OceanBresp"
wordreason_oceanb,String,50,,Recommended,"","Y;N",,"","Word Reasoning","Wisc_iv_Wordreason_OceanB"
wordreason_ocean,Integer,0,,Recommended,"","0;1",,"","Word Reasoning","Wisc_iv_Wordreason_Ocean"
wordreason_naturearesp,String,50,,Recommended,"","",,"","Word Reasoning","Wisc_iv_Wordreason_NatureAresp"
wordreason_naturea,String,50,,Recommended,"","Y;N",,"","Word Reasoning","Wisc_iv_Wordreason_NatureA"
wordreason_naturebresp,String,50,,Recommended,"","",,"","Word Reasoning","Wisc_iv_Wordreason_NatureBresp"
wordreason_natureb,String,50,,Recommended,"","Y;N",,"","Word Reasoning","Wisc_iv_Wordreason_NatureB"
wordreason_nature,Integer,0,,Recommended,"","0;1",,"","Word Reasoning","Wisc_iv_Wordreason_Nature"
wordreason_skinaresp,String,50,,Recommended,"","",,"","Word Reasoning","Wisc_iv_Wordreason_SkinAresp"
wordreason_skina,String,50,,Recommended,"","Y;N",,"","Word Reasoning","Wisc_iv_Wordreason_SkinA"
wordreason_skinbresp,String,50,,Recommended,"","",,"","Word Reasoning","Wisc_iv_Wordreason_SkinBresp"
wordreason_skinb,String,50,,Recommended,"","Y;N",,"","Word Reasoning","Wisc_iv_Wordreason_SkinB"
wordreason_skin,Integer,0,,Recommended,"","0;1",,"","Word Reasoning","Wisc_iv_Wordreason_Skin"
wordreason_protectaresp,String,50,,Recommended,"","",,"","Word Reasoning","Wisc_iv_Wordreason_ProtectAresp"
wordreason_protecta,String,50,,Recommended,"","Y;N",,"","Word Reasoning","Wisc_iv_Wordreason_ProtectA"
wordreason_protectbresp,String,50,,Recommended,"","",,"","Word Reasoning","Wisc_iv_Wordreason_ProtectBresp"
wordreason_protectb,String,50,,Recommended,"","Y;N",,"","Word Reasoning","Wisc_iv_Wordreason_ProtectB"
wordreason_protect,Integer,0,,Recommended,"","0;1",,"","Word Reasoning","Wisc_iv_Wordreason_Protect"
wordreason_discoveraresp,String,50,,Recommended,"","",,"","Word Reasoning","Wisc_iv_Wordreason_DiscoverAresp"
wordreason_discovera,String,50,,Recommended,"","Y;N",,"","Word Reasoning","Wisc_iv_Wordreason_DiscoverA"
wordreason_discoverbresp,String,50,,Recommended,"","",,"","Word Reasoning","Wisc_iv_Wordreason_DiscoverBresp"
wordreason_discoverb,String,50,,Recommended,"","Y;N",,"","Word Reasoning","Wisc_iv_Wordreason_DiscoverB"
wordreason_discovercresp,String,50,,Recommended,"","",,"","Word Reasoning","Wisc_iv_Wordreason_DiscoverCresp"
wordreason_discoverc,String,50,,Recommended,"","Y;N",,"","Word Reasoning","Wisc_iv_Wordreason_DiscoverC"
wordreason_discover,Integer,0,,Recommended,"","0;1",,"","Word Reasoning","Wisc_iv_Wordreason_Discover"
wordreason_allowaresp,String,50,,Recommended,"","",,"","Word Reasoning","Wisc_iv_Wordreason_AllowAresp"
wordreason_allowa,String,50,,Recommended,"","Y;N",,"","Word Reasoning","Wisc_iv_Wordreason_AllowA"
wordreason_allowbresp,String,50,,Recommended,"","",,"","Word Reasoning","Wisc_iv_Wordreason_AllowBresp"
wordreason_allowb,String,50,,Recommended,"","Y;N",,"","Word Reasoning","Wisc_iv_Wordreason_AllowB"
wordreason_allowcresp,String,50,,Recommended,"","",,"","Word Reasoning","Wisc_iv_Wordreason_AllowCresp"
wordreason_allowc,String,50,,Recommended,"","Y;N",,"","Word Reasoning","Wisc_iv_Wordreason_AllowC"
wordreason_allow,Integer,0,,Recommended,"","0;1",,"","Word Reasoning","Wisc_iv_Wordreason_Allow"
wordreason_wantaresp,String,50,,Recommended,"","",,"","Word Reasoning","Wisc_iv_Wordreason_WantAresp"
wordreason_wanta,String,50,,Recommended,"","Y;N",,"","Word Reasoning","Wisc_iv_Wordreason_WantA"
wordreason_wantbresp,String,50,,Recommended,"","",,"","Word Reasoning","Wisc_iv_Wordreason_WantBresp"
wordreason_wantb,String,50,,Recommended,"","Y;N",,"","Word Reasoning","Wisc_iv_Wordreason_WantB"
wordreason_wantcresp,String,50,,Recommended,"","",,"","Word Reasoning","Wisc_iv_Wordreason_WantCresp"
wordreason_wantc,String,50,,Recommended,"","Y;N",,"","Word Reasoning","Wisc_iv_Wordreason_WantC"
wordreason_want,Integer,0,,Recommended,"","0;1",,"","Word Reasoning","Wisc_iv_Wordreason_Want"
wordreason_changearesp,String,50,,Recommended,"","",,"","Word Reasoning","Wisc_iv_Wordreason_ChangeAresp"
wordreason_changea,String,50,,Recommended,"","Y;N",,"","Word Reasoning","Wisc_iv_Wordreason_ChangeA"
wordreason_changebresp,String,50,,Recommended,"","",,"","Word Reasoning","Wisc_iv_Wordreason_ChangeBresp"
wordreason_changeb,String,50,,Recommended,"","Y;N",,"","Word Reasoning","Wisc_iv_Wordreason_ChangeB"
wordreason_changecresp,String,50,,Recommended,"","",,"","Word Reasoning","Wisc_iv_Wordreason_ChangeCresp"
wordreason_changec,String,50,,Recommended,"","Y;N",,"","Word Reasoning","Wisc_iv_Wordreason_ChangeC"
wordreason_change,Integer,0,,Recommended,"","0;1",,"","Word Reasoning","Wisc_iv_Wordreason_Change"
wordreason_toucharesp,String,50,,Recommended,"","",,"","Word Reasoning","Wisc_iv_Wordreason_TouchAresp"
wordreason_toucha,String,50,,Recommended,"","Y;N",,"","Word Reasoning","Wisc_iv_Wordreason_TouchA"
wordreason_touchbresp,String,50,,Recommended,"","",,"","Word Reasoning","Wisc_iv_Wordreason_TouchBresp"
wordreason_touchb,String,50,,Recommended,"","Y;N",,"","Word Reasoning","Wisc_iv_Wordreason_TouchB"
wordreason_touchcresp,String,50,,Recommended,"","",,"","Word Reasoning","Wisc_iv_Wordreason_TouchCresp"
wordreason_touchc,String,50,,Recommended,"","Y;N",,"","Word Reasoning","Wisc_iv_Wordreason_TouchC"
wordreason_touch,Integer,0,,Recommended,"","0;1",,"","Word Reasoning","Wisc_iv_Wordreason_Touch"
wordreason_placearesp,String,50,,Recommended,"","",,"","Word Reasoning","Wisc_iv_Wordreason_PlaceAresp"
wordreason_placea,String,50,,Recommended,"","Y;N",,"","Word Reasoning","Wisc_iv_Wordreason_PlaceA"
wordreason_placebresp,String,50,,Recommended,"","",,"","Word Reasoning","Wisc_iv_Wordreason_PlaceBresp"
wordreason_placeb,String,50,,Recommended,"","Y;N",,"","Word Reasoning","Wisc_iv_Wordreason_PlaceB"
wordreason_placecresp,String,50,,Recommended,"","",,"","Word Reasoning","Wisc_iv_Wordreason_PlaceCresp"
wordreason_placec,String,50,,Recommended,"","Y;N",,"","Word Reasoning","Wisc_iv_Wordreason_PlaceC"
wordreason_place,Integer,0,,Recommended,"","0;1",,"","Word Reasoning","Wisc_iv_Wordreason_Place"
wordreason_riveraresp,String,50,,Recommended,"","",,"","Word Reasoning","Wisc_iv_Wordreason_RiverAresp"
wordreason_rivera,String,50,,Recommended,"","Y;N",,"","Word Reasoning","Wisc_iv_Wordreason_RiverA"
wordreason_riverbresp,String,50,,Recommended,"","",,"","Word Reasoning","Wisc_iv_Wordreason_RiverBresp"
wordreason_riverb,String,50,,Recommended,"","Y;N",,"","Word Reasoning","Wisc_iv_Wordreason_RiverB"
wordreason_rivercresp,String,50,,Recommended,"","",,"","Word Reasoning","Wisc_iv_Wordreason_RiverCresp"
wordreason_riverc,String,50,,Recommended,"","Y;N",,"","Word Reasoning","Wisc_iv_Wordreason_RiverC"
wordreason_river,Integer,0,,Recommended,"","0;1",,"","Word Reasoning","Wisc_iv_Wordreason_River"
wordreason_madearesp,String,50,,Recommended,"","",,"","Word Reasoning","Wisc_iv_Wordreason_MadeAresp"
wordreason_madea,String,50,,Recommended,"","Y;N",,"","Word Reasoning","Wisc_iv_Wordreason_MadeA"
wordreason_madebresp,String,50,,Recommended,"","",,"","Word Reasoning","Wisc_iv_Wordreason_MadeBresp"
wordreason_madeb,String,50,,Recommended,"","Y;N",,"","Word Reasoning","Wisc_iv_Wordreason_MadeB"
wordreason_madecresp,String,50,,Recommended,"","",,"","Word Reasoning","Wisc_iv_Wordreason_MadeCresp"
wordreason_madec,String,50,,Recommended,"","Y;N",,"","Word Reasoning","Wisc_iv_Wordreason_MadeC"
wordreason_made,Integer,0,,Recommended,"","0;1",,"","Word Reasoning","Wisc_iv_Wordreason_Made"
wordreason_mindaresp,String,50,,Recommended,"","",,"","Word Reasoning","Wisc_iv_Wordreason_MindAresp"
wordreason_minda,String,50,,Recommended,"","Y;N",,"","Word Reasoning","Wisc_iv_Wordreason_MindA"
wordreason_mindbresp,String,50,,Recommended,"","",,"","Word Reasoning","Wisc_iv_Wordreason_MindBresp"
wordreason_mindb,String,50,,Recommended,"","Y;N",,"","Word Reasoning","Wisc_iv_Wordreason_MindB"
wordreason_mindcresp,String,50,,Recommended,"","",,"","Word Reasoning","Wisc_iv_Wordreason_MindCresp"
wordreason_mindc,String,50,,Recommended,"","Y;N",,"","Word Reasoning","Wisc_iv_Wordreason_MindC"
wordreason_mind,Integer,0,,Recommended,"","0;1",,"","Word Reasoning","Wisc_iv_Wordreason_Mind"
wordreason_score,Integer,0,,Recommended,"","0 to 24",,"","Word Reasoning","Wisc_iv_Wordreason_Score"
