ElementName,DataType,Size,Unit,Required,ElementDescription,ValueRange,Keywords,Notes,Section,Aliases
wms3_logicalmemoryi_rs,Integer,5,,Recommended,"","",,"","Subtest Raw Scores",""
wms3_facei_rs,Integer,5,,Recommended,"","",,"","Subtest Raw Scores",""
wms3_vpa_i_rs,Integer,5,,Recommended,"","",,"","Subtest Raw Scores",""
wms3_familypicturesi_rs,Integer,5,,Recommended,"","",,"","Subtest Raw Scores",""
wms3_lnsequencing_rs,Integer,5,,Recommended,"","",,"","Subtest Raw Scores",""
wms3_spatialspan_rs,Integer,5,,Recommended,"","",,"","Subtest Raw Scores",""
wms3_logicalmemoryii_rs,Integer,5,,Recommended,"","",,"","Subtest Raw Scores",""
wms3_faceii_rs,Integer,5,,Recommended,"","",,"","Subtest Raw Scores",""
wms3_vpa_ii_rs,Integer,5,,Recommended,"","",,"","Subtest Raw Scores",""
wms3_familypicturesii_rs,Integer,5,,Recommended,"","",,"","Subtest Raw Scores",""
wms3_audrecog_rs,Integer,5,,Recommended,"","",,"","Subtest Raw Scores",""
wms3_audimmediate_ss,Integer,5,,Recommended,"","",,"","Sum of Scaled Scores",""
wms3_visualimmediate_ss,Integer,5,,Recommended,"","",,"","Sum of Scaled Scores",""
wms3_immediatememory_ss,Integer,5,,Recommended,"","",,"","Sum of Scaled Scores",""
wms3_auditorydelayed_ss,Integer,5,,Recommended,"","",,"","Sum of Scaled Scores",""
wms3_visualdelayed_ss,Integer,5,,Recommended,"","",,"","Sum of Scaled Scores",""
wms3_audrecogdelayed_ss,Integer,5,,Recommended,"","",,"","Sum of Scaled Scores",""
wms3_generalmemory_ss,Integer,5,,Recommended,"","",,"","Sum of Scaled Scores",""
wms3_workingmemory_ss,Integer,5,,Recommended,"","",,"","Sum of Scaled Scores",""
wms3_audimmediate_is,Integer,5,,Recommended,"","",,"","Index Scores",""
wms3_visualimmediate_is,Integer,5,,Recommended,"","",,"","Index Scores",""
wms3_immediatememory_is,Integer,5,,Recommended,"","",,"","Index Scores",""
wms3_auditorydelayed_is,Integer,5,,Recommended,"","",,"","Index Scores",""
wms3_visualdelayed_is,Integer,5,,Recommended,"","",,"","Index Scores",""
wms3_generalmemory_is,Integer,5,,Recommended,"","",,"","Index Scores",""
wms3_workingmemory_is,Integer,5,,Recommended,"","",,"","Index Scores",""
wms3_auditoryimmediate_per,Integer,5,,Recommended,"","",,"","Percentiles",""
wms3_visualimmediate_per,Integer,5,,Recommended,"","",,"","Percentiles",""
wms3_immediatememory_per,Integer,5,,Recommended,"","",,"","Percentiles",""
wms3_auditorydelayed_per,Integer,5,,Recommended,"","",,"","Percentiles",""
wms3_visualdelayed_per,Integer,5,,Recommended,"","",,"","Percentiles",""
wms3_audrecogdelayed_per,Integer,5,,Recommended,"","",,"","Percentiles",""
wms3_generalmemory_per,Integer,5,,Recommended,"","",,"","Percentiles",""
wms3_workingmemory_per,Integer,5,,Recommended,"","",,"","Percentiles",""
wms3_auditoryimmediate_ci_from,Integer,5,,Recommended,"","",,"","Confidence Intervals",""
wms3_auditoryimmediate_ci_to,Integer,5,,Recommended,"","",,"","Confidence Intervals",""
wms3_visualimmediate_ci_from,Integer,5,,Recommended,"","",,"","Confidence Intervals",""
wms3_visualimmediate_ci_to,Integer,5,,Recommended,"","",,"","Confidence Intervals",""
wms3_immediatememory_ci_from,Integer,5,,Recommended,"","",,"","Confidence Intervals",""
wms3_immediatememory_ci_to,Integer,5,,Recommended,"","",,"","Confidence Intervals",""
wms3_auditorydelayed_ci_from,Integer,5,,Recommended,"","",,"","Confidence Intervals",""
wms3_auditorydelayed_ci_to,Integer,5,,Recommended,"","",,"","Confidence Intervals",""
wms3_visualdelayed_ci_from,Integer,5,,Recommended,"","",,"","Confidence Intervals",""
wms3_visualdelayed_ci_to,Integer,5,,Recommended,"","",,"","Confidence Intervals",""
wms3_audrecogdelayed_ci_from,Integer,5,,Recommended,"","",,"","Confidence Intervals",""
wms3_audrecogdelayed_ci_to,Integer,5,,Recommended,"","",,"","Confidence Intervals",""
wms3_generalmemory_ci_from,Integer,5,,Recommended,"","",,"","Confidence Intervals",""
wms3_generalmemory_ci_to,Integer,5,,Recommended,"","",,"","Confidence Intervals",""
wms3_workingmemory_ci_from,Integer,5,,Recommended,"","",,"","Confidence Intervals",""
wms3_workingmemory_ci_to,Integer,5,,Recommended,"","",,"","Confidence Intervals",""
wms3_lm_i_storya_recall,Integer,5,,Recommended,"","0 to 25",,"","Subtest - Logical Memory I",""
wms3_lm_i_storya_thematic,Integer,5,,Recommended,"","0 to 7",,"","Subtest - Logical Memory I",""
wms3_lm_i_storyb_recall,Integer,5,,Recommended,"","0 to 25",,"","Subtest - Logical Memory I",""
wms3_lm_i_storyb_thematic,Integer,5,,Recommended,"","0 to 8",,"","Subtest - Logical Memory I",""
wms3_lm_i_storyb2_recall,Integer,5,,Recommended,"","0 to 25",,"","Subtest - Logical Memory I",""
wms3_lm_i_storyb2_thematic,Integer,5,,Recommended,"","0 to 8",,"","Subtest - Logical Memory I",""
wms3_lm_i_recall_total,Integer,5,,Recommended,"","0 to 75",,"","Subtest - Logical Memory I",""
wms3_lm_thematic_total,Integer,5,,Recommended,"","0 to 23",,"","Subtest - Logical Memory I",""
wms3_lm_learnslopecalc,Integer,5,,Recommended,"","-25 to +25",,"","Subtest - Logical Memory I",""
wms3_facesi_item1,Integer,5,,Recommended,"","0;1",,"","Subtest - Faces I",""
wms3_facesi_item2,Integer,5,,Recommended,"","0;1",,"","Subtest - Faces I",""
wms3_facesi_item3,Integer,5,,Recommended,"","0;1",,"","Subtest - Faces I",""
wms3_facesi_item4,Integer,5,,Recommended,"","0;1",,"","Subtest - Faces I",""
wms3_facesi_item5,Integer,5,,Recommended,"","0;1",,"","Subtest - Faces I",""
wms3_facesi_item6,Integer,5,,Recommended,"","0;1",,"","Subtest - Faces I",""
wms3_facesi_item7,Integer,5,,Recommended,"","0;1",,"","Subtest - Faces I",""
wms3_facesi_item8,Integer,5,,Recommended,"","0;1",,"","Subtest - Faces I",""
wms3_facesi_item9,Integer,5,,Recommended,"","0;1",,"","Subtest - Faces I",""
wms3_facesi_item10,Integer,5,,Recommended,"","0;1",,"","Subtest - Faces I",""
wms3_facesi_item11,Integer,5,,Recommended,"","0;1",,"","Subtest - Faces I",""
wms3_facesi_item12,Integer,5,,Recommended,"","0;1",,"","Subtest - Faces I",""
wms3_faces_item13,Integer,5,,Recommended,"","0;1",,"","Subtest - Faces I",""
wms3_faces_item14,Integer,5,,Recommended,"","0;1",,"","Subtest - Faces I",""
wms3_facesi_item15,Integer,5,,Recommended,"","0;1",,"","Subtest - Faces I",""
wms3_facesi_item16,Integer,5,,Recommended,"","0;1",,"","Subtest - Faces I",""
wms3_facesi_item17,Integer,5,,Recommended,"","0;1",,"","Subtest - Faces I",""
wms3_facesi_item18,Integer,5,,Recommended,"","0;1",,"","Subtest - Faces I",""
wms3_facesi_item19,Integer,5,,Recommended,"","0;1",,"","Subtest - Faces I",""
wms3_facesi_item20,Integer,5,,Recommended,"","0;1",,"","Subtest - Faces I",""
wms3_facesi_item21,Integer,5,,Recommended,"","0;1",,"","Subtest - Faces I",""
wms3_facesi_item22,Integer,5,,Recommended,"","0;1",,"","Subtest - Faces I",""
wms3_facesi_item23,Integer,5,,Recommended,"","0;1",,"","Subtest - Faces I",""
wms3_facesi_item24,Integer,5,,Recommended,"","0;1",,"","Subtest - Faces I",""
wms3_facesi_item25,Integer,5,,Recommended,"","0;1",,"","Subtest - Faces I",""
wms3_facesi_item26,Integer,5,,Recommended,"","0;1",,"","Subtest - Faces I",""
wms3_facesi_item27,Integer,5,,Recommended,"","0;1",,"","Subtest - Faces I",""
wms3_facesi_item28,Integer,5,,Recommended,"","0;1",,"","Subtest - Faces I",""
wms3_facesi_item29,Integer,5,,Recommended,"","0;1",,"","Subtest - Faces I",""
wms3_facesi_item30,Integer,5,,Recommended,"","0;1",,"","Subtest - Faces I",""
wms3_facesi_item31,Integer,5,,Recommended,"","0;1",,"","Subtest - Faces I",""
wms3_facesi_item32,Integer,5,,Recommended,"","0;1",,"","Subtest - Faces I",""
wms3_facesi_item33,Integer,5,,Recommended,"","0;1",,"","Subtest - Faces I",""
wms3_facesi_item34,Integer,5,,Recommended,"","0;1",,"","Subtest - Faces I",""
wms3_facesi_item35,Integer,5,,Recommended,"","0;1",,"","Subtest - Faces I",""
wms3_facesi_item36,Integer,5,,Recommended,"","0;1",,"","Subtest - Faces I",""
wms3_facesi_item37,Integer,5,,Recommended,"","0;1",,"","Subtest - Faces I",""
wms3_facesi_item38,Integer,5,,Recommended,"","0;1",,"","Subtest - Faces I",""
wms3_facesi_item39,Integer,5,,Recommended,"","0;1",,"","Subtest - Faces I",""
wms3_facesi_item40,Integer,5,,Recommended,"","0;1",,"","Subtest - Faces I",""
wms3_facesi_item41,Integer,5,,Recommended,"","0;1",,"","Subtest - Faces I",""
wms3_facesi_item42,Integer,5,,Recommended,"","0;1",,"","Subtest - Faces I",""
wms3_facesi_item43,Integer,5,,Recommended,"","0;1",,"","Subtest - Faces I",""
wms3_facesi_item44,Integer,5,,Recommended,"","0;1",,"","Subtest - Faces I",""
wms3_facesi_item45,Integer,5,,Recommended,"","0;1",,"","Subtest - Faces I",""
wms3_facesi_item46,Integer,5,,Recommended,"","0;1",,"","Subtest - Faces I",""
wms3_facesi_item47,Integer,5,,Recommended,"","0;1",,"","Subtest - Faces I",""
wms3_facesi_item48,Integer,5,,Recommended,"","0;1",,"","Subtest - Faces I",""
wms3_vpai_a1,Integer,5,,Recommended,"","0;1",,"","Subtest - Faces I",""
wms3_vpal_a2,Integer,5,,Recommended,"","0;1",,"","Subtest - Faces I",""
wms3_vpai_a3,Integer,5,,Recommended,"","0;1",,"","Subtest - Faces I",""
wms3_vpai_a4,Integer,5,,Recommended,"","0;1",,"","Subtest - Faces I",""
wms3_vpai_a5,Integer,5,,Recommended,"","0;1",,"","Subtest - Faces I",""
wms3_vpai_a6,Integer,5,,Recommended,"","0;1",,"","Subtest - Faces I",""
wms3_vpai_a7,Integer,5,,Recommended,"","0;1",,"","Subtest - Faces I",""
wms3_vpai_a8,Integer,5,,Recommended,"","0;1",,"","Subtest - Faces I",""
wms3_vpai_list_a_recall,Integer,5,,Recommended,"","0 to 8",,"","Subtest - Faces I",""
wms3_vpai_b1,Integer,5,,Recommended,"","0;1",,"","Subtest - Faces I",""
wms3_vpai_b2,Integer,5,,Recommended,"","0;1",,"","Subtest - Faces I",""
wms3_vpai_b3,Integer,5,,Recommended,"","0;1",,"","Subtest - Faces I",""
wms3_vpai_b4,Integer,5,,Recommended,"","0;1",,"","Subtest - Faces I",""
wms3_vpai_b5,Integer,5,,Recommended,"","0;1",,"","Subtest - Faces I",""
wms3_vpai_b6,Integer,5,,Recommended,"","0;1",,"","Subtest - Faces I",""
wms3_vpai_b7,Integer,5,,Recommended,"","0;1",,"","Subtest - Faces I",""
wms3_vpai_b8,Integer,5,,Recommended,"","0;1",,"","Subtest - Faces I",""
wms3_vpai_list_b_recall,Integer,5,,Recommended,"","0 to 8",,"","Subtest - Faces I",""
wms3_vpai_c1,Integer,5,,Recommended,"","0;1",,"","Subtest - Faces I",""
wms3_vpai_c2,Integer,5,,Recommended,"","0;1",,"","Subtest - Faces I",""
wms3_vpai_c3,Integer,5,,Recommended,"","0;1",,"","Subtest - Faces I",""
wms3_vpai_c4,Integer,5,,Recommended,"","0;1",,"","Subtest - Faces I",""
wms3_vpai_c5,Integer,5,,Recommended,"","0;1",,"","Subtest - Faces I",""
wms3_vpai_c6,Integer,5,,Recommended,"","0;1",,"","Subtest - Faces I",""
wms3_vpai_c7,Integer,5,,Recommended,"","0;1",,"","Subtest - Faces I",""
wms3_vpai_c8,Integer,5,,Recommended,"","0;1",,"","Subtest - Faces I",""
wms3_vpai_list_c_recall,Integer,5,,Recommended,"","0 to 8",,"","Subtest - Faces I",""
wms3_vpai_d1,Integer,5,,Recommended,"","0;1",,"","Subtest - Faces I",""
wms3_vpai_d2,Integer,5,,Recommended,"","0;1",,"","Subtest - Faces I",""
wms3_vpai_d3,Integer,5,,Recommended,"","0;1",,"","Subtest - Faces I",""
wms3_vpai_d4,Integer,5,,Recommended,"","0;1",,"","Subtest - Faces I",""
wms3_vpai_d5,Integer,5,,Recommended,"","0;1",,"","Subtest - Faces I",""
wms3_vpai_d6,Integer,5,,Recommended,"","0;1",,"","Subtest - Faces I",""
wms3_vpai_d7,Integer,5,,Recommended,"","0;1",,"","Subtest - Faces I",""
wms3_vpai_d8,Integer,5,,Recommended,"","0;1",,"","Subtest - Faces I",""
wms3_vpai_list_d_recall,Integer,5,,Recommended,"","0 to 8",,"","Subtest - Faces I",""
wms3_vpai_recall_total,Integer,5,,Recommended,"","0 to 32",,"","Subtest - Faces I",""
wms3_fp_i_s1_gf_score,Integer,5,,Recommended,"","0 to 4",,"","Subtest - Family Pictures I",""
wms3_fp_i_s1_f_score,Integer,5,,Recommended,"","0 to 4",,"","Subtest - Family Pictures I",""
wms3_fp_i_si_d_score,Integer,5,,Recommended,"","0 to 4",,"","Subtest - Family Pictures I",""
wms3_fp_i_si_dog_score,Integer,5,,Recommended,"","0 to 4",,"","Subtest - Family Pictures I",""
wms3_fp_1_s2_gf_score,Integer,5,,Recommended,"","0 to 4",,"","Subtest - Family Pictures I",""
wms3_fp_i_s2_m_score,Integer,5,,Recommended,"","0 to 4",,"","Subtest - Family Pictures I",""
wms3_fp_i_s2_f_score,Integer,5,,Recommended,"","0 to 4",,"","Subtest - Family Pictures I",""
wms3_fp_i_s2_d_score,Integer,5,,Recommended,"","0 to 4",,"","Subtest - Family Pictures I",""
wms3_fp_i_s3_gm_score,Integer,5,,Recommended,"","0 to 4",,"","Subtest - Family Pictures I",""
wms3_fp_i_s3_gf_score,Integer,5,,Recommended,"","0 to 4",,"","Subtest - Family Pictures I",""
wms3_fp_i_s3_s_score,Integer,5,,Recommended,"","0 to 4",,"","Subtest - Family Pictures I",""
wms3_fp_i_s3_dog_score,Integer,5,,Recommended,"","0 to 4",,"","Subtest - Family Pictures I",""
wms3_fp_i_s4_gm_score,Integer,5,,Recommended,"","0 to 4",,"","Subtest - Family Pictures I",""
wms3_fp_i_s4_m_score,Integer,5,,Recommended,"","0 to 4",,"","Subtest - Family Pictures I",""
wms3_fp_i_s4_f_score,Integer,5,,Recommended,"","0 to 4",,"","Subtest - Family Pictures I",""
wms3_fp_i_s4_s_score,Integer,5,,Recommended,"","0 to 4",,"","Subtest - Family Pictures I",""
wms3_l_ns_item1_trial1,Integer,5,,Recommended,"","0;1",,"","Subtest - Letter-Number Sequencing",""
wms3_l_ns_item1_trial2,Integer,5,,Recommended,"","0;1",,"","Subtest - Letter-Number Sequencing",""
wms3_l_ns_item1_trial3,Integer,5,,Recommended,"","0;1",,"","Subtest - Letter-Number Sequencing",""
wms3_l_ns_item2_trial1,Integer,5,,Recommended,"","0;1",,"","Subtest - Letter-Number Sequencing",""
wms3_l_ns_item2_trial2,Integer,5,,Recommended,"","0;1",,"","Subtest - Letter-Number Sequencing",""
wms3_l_ns_item2_trial3,Integer,5,,Recommended,"","0;1",,"","Subtest - Letter-Number Sequencing",""
wms3_l_ns_item3_trial1,Integer,5,,Recommended,"","0;1",,"","Subtest - Letter-Number Sequencing",""
wms3_l_ns_item3_trial2,Integer,5,,Recommended,"","0;1",,"","Subtest - Letter-Number Sequencing",""
wms3_l_ns_item3_trial3,Integer,5,,Recommended,"","0;1",,"","Subtest - Letter-Number Sequencing",""
wms3_l_ns_item4_trial1,Integer,5,,Recommended,"","0;1",,"","Subtest - Letter-Number Sequencing",""
wms3_l_ns_item4_trial2,Integer,5,,Recommended,"","0;1",,"","Subtest - Letter-Number Sequencing",""
wms3_l_ns_item4_trial3,Integer,5,,Recommended,"","0;1",,"","Subtest - Letter-Number Sequencing",""
wms3_l_ns_item5_trial1,Integer,5,,Recommended,"","0;1",,"","Subtest - Letter-Number Sequencing",""
wms3_l_ns_item5_trial2,Integer,5,,Recommended,"","0;1",,"","Subtest - Letter-Number Sequencing",""
wms3_l_ns_item5_trial3,Integer,5,,Recommended,"","0;1",,"","Subtest - Letter-Number Sequencing",""
wms3_l_ns_item6_trial1,Integer,5,,Recommended,"","0;1",,"","Subtest - Letter-Number Sequencing",""
wms3_l_ns_item6_trial2,Integer,5,,Recommended,"","0;1",,"","Subtest - Letter-Number Sequencing",""
wms3_l_ns_item6_trial3,Integer,5,,Recommended,"","0;1",,"","Subtest - Letter-Number Sequencing",""
wms3_l_ns_item7_trial1,Integer,5,,Recommended,"","0;1",,"","Subtest - Letter-Number Sequencing",""
wms3_l_ns_item7_trial2,Integer,5,,Recommended,"","0;1",,"","Subtest - Letter-Number Sequencing",""
wms3_l_ns_item7_trial3,Integer,5,,Recommended,"","0;1",,"","Subtest - Letter-Number Sequencing",""
wms3_l_ns_total,Integer,5,,Recommended,"","0 to 21",,"","Subtest - Letter-Number Sequencing",""
wms3_ss_item1_t1f,Integer,5,,Recommended,"","0;1",,"","Subtest - Spatial Span",""
wms3_ss_item1_t2f,Integer,5,,Recommended,"","0;1",,"","Subtest - Spatial Span",""
wms3_ss_item2_t1f,Integer,5,,Recommended,"","0;1",,"","Subtest - Spatial Span",""
wms3_ss_item2_t2f,Integer,5,,Recommended,"","0;1",,"","Subtest - Spatial Span",""
wms3_ss_item3_t1f,Integer,5,,Recommended,"","0;1",,"","Subtest - Spatial Span",""
wms3_ss_item3_t2f,Integer,5,,Recommended,"","0;1",,"","Subtest - Spatial Span",""
wms3_ss_item4_t1f,Integer,5,,Recommended,"","0;1",,"","Subtest - Spatial Span",""
wms3_ss_item4_t2f,Integer,5,,Recommended,"","0;1",,"","Subtest - Spatial Span",""
wms3_ss_item5_t1f,Integer,5,,Recommended,"","0;1",,"","Subtest - Spatial Span",""
wms3_ss_item5_t2f,Integer,5,,Recommended,"","0;1",,"","Subtest - Spatial Span",""
wms3_ss_item6_t1f,Integer,5,,Recommended,"","0;1",,"","Subtest - Spatial Span",""
wms3_ss_item6_t2f,Integer,5,,Recommended,"","0;1",,"","Subtest - Spatial Span",""
wms3_ss_item7_t1f,Integer,5,,Recommended,"","0;1",,"","Subtest - Spatial Span",""
wms3_ss_item7_t2f,Integer,5,,Recommended,"","0;1",,"","Subtest - Spatial Span",""
wms3_ss_item8_t1f,Integer,5,,Recommended,"","0;1",,"","Subtest - Spatial Span",""
wms3_ss_item8_t2f,Integer,5,,Recommended,"","0;1",,"","Subtest - Spatial Span",""
wms3_ss_forward_total,Integer,5,,Recommended,"","0 to 16",,"","Subtest - Spatial Span",""
wms3_ss_item1_t1b,Integer,5,,Recommended,"","0;1",,"","Subtest - Spatial Span",""
wms3_ss_item1_t2b,Integer,5,,Recommended,"","0;1",,"","Subtest - Spatial Span",""
wms3_ss_item2_t1b,Integer,5,,Recommended,"","0;1",,"","Subtest - Spatial Span",""
wms3_ss_item2_t2b,Integer,5,,Recommended,"","0;1",,"","Subtest - Spatial Span",""
wms3_ss_item3_t1b,Integer,5,,Recommended,"","0;1",,"","Subtest - Spatial Span",""
wms3_ss_item3_t2b,Integer,5,,Recommended,"","0;1",,"","Subtest - Spatial Span",""
wms3_ss_item4_t1b,Integer,5,,Recommended,"","0;1",,"","Subtest - Spatial Span",""
wms3_ss_item4_t2b,Integer,5,,Recommended,"","0;1",,"","Subtest - Spatial Span",""
wms3_ss_item5_t1b,Integer,5,,Recommended,"","0;1",,"","Subtest - Spatial Span",""
wms3_ss_item5_t2b,Integer,5,,Recommended,"","0;1",,"","Subtest - Spatial Span",""
wms3_ss_item6_t1b,Integer,5,,Recommended,"","0;1",,"","Subtest - Spatial Span",""
wms3_ss_item6_t2b,Integer,5,,Recommended,"","0;1",,"","Subtest - Spatial Span",""
wms3_ss_item7_t1b,Integer,5,,Recommended,"","0;1",,"","Subtest - Spatial Span",""
wms3_ss_item7_t2b,Integer,5,,Recommended,"","0;1",,"","Subtest - Spatial Span",""
wms3_ss_item8_t1b,Integer,5,,Recommended,"","0;1",,"","Subtest - Spatial Span",""
wms3_ss_item8_t2b,Integer,5,,Recommended,"","0;1",,"","Subtest - Spatial Span",""
wms3_ss_backward_total,Integer,5,,Recommended,"","0 to 16",,"","Subtest - Spatial Span",""
wms3_ss_total,Integer,5,,Recommended,"","0 to 32",,"","Subtest - Spatial Span",""
wms3_lm_ii_storya_recall,Integer,5,,Recommended,"","0 to 25",,"","Subtest - Logical Memory II",""
wms3_lm_ii_storya_thematic,Integer,5,,Recommended,"","0 to 7",,"","Subtest - Logical Memory II",""
wms3_lm_ii_storyb_recall,Integer,5,,Recommended,"","0 to 25",,"","Subtest - Logical Memory II",""
wms3_lm_ii_storyb_thematic,Integer,5,,Recommended,"","0 to 8",,"","Subtest - Logical Memory II",""
wms3_lm_ii_recall_total,Integer,5,,Recommended,"","0 to 50",,"","Subtest - Logical Memory II",""
wms3_lm_ii_thematic_total,Integer,5,,Recommended,"","0 to 15",,"","Subtest - Logical Memory II",""
wms3_lm_ii_recog_total,Integer,5,,Recommended,"","0 to 30",,"","Subtest - Logical Memory II",""
wms3_facesii_item1,Integer,5,,Recommended,"","0;1",,"","Subtest - Faces II",""
wms3_facesii_item2,Integer,5,,Recommended,"","0;1",,"","Subtest - Faces II",""
wms3_facesii_item3,Integer,5,,Recommended,"","0;1",,"","Subtest - Faces II",""
wms3_facesii_item4,Integer,5,,Recommended,"","0;1",,"","Subtest - Faces II",""
wms3_facesii_item5,Integer,5,,Recommended,"","0;1",,"","Subtest - Faces II",""
wms3_facesii_item6,Integer,5,,Recommended,"","0;1",,"","Subtest - Faces II",""
wms3_facesii_item7,Integer,5,,Recommended,"","0;1",,"","Subtest - Faces II",""
wms3_facesii_item8,Integer,5,,Recommended,"","0;1",,"","Subtest - Faces II",""
wms3_facesii_item9,Integer,5,,Recommended,"","0;1",,"","Subtest - Faces II",""
wms3_facesii_item10,Integer,5,,Recommended,"","0;1",,"","Subtest - Faces II",""
wms3_facesii_item11,Integer,5,,Recommended,"","0;1",,"","Subtest - Faces II",""
wms3_facesii_item12,Integer,5,,Recommended,"","0;1",,"","Subtest - Faces II",""
wms3_facesii_item13,Integer,5,,Recommended,"","0;1",,"","Subtest - Faces II",""
wms3_facesii_item14,Integer,5,,Recommended,"","0;1",,"","Subtest - Faces II",""
wms3_facesii_item15,Integer,5,,Recommended,"","0;1",,"","Subtest - Faces II",""
wms3_facesii_item16,Integer,5,,Recommended,"","0;1",,"","Subtest - Faces II",""
wms3_facesii_item17,Integer,5,,Recommended,"","0;1",,"","Subtest - Faces II",""
wms3_facesii_item18,Integer,5,,Recommended,"","0;1",,"","Subtest - Faces II",""
wms3_facesii_item19,Integer,5,,Recommended,"","0;1",,"","Subtest - Faces II",""
wms3_facesii_item20,Integer,5,,Recommended,"","0;1",,"","Subtest - Faces II",""
wms3_facesii_item21,Integer,5,,Recommended,"","0;1",,"","Subtest - Faces II",""
wms3_facesii_item22,Integer,5,,Recommended,"","0;1",,"","Subtest - Faces II",""
wms3_facesii_item23,Integer,5,,Recommended,"","0;1",,"","Subtest - Faces II",""
wms3_facesii_item24,Integer,5,,Recommended,"","0;1",,"","Subtest - Faces II",""
wms3_facesii_item25,Integer,5,,Recommended,"","0;1",,"","Subtest - Faces II",""
wms3_facesii_item26,Integer,5,,Recommended,"","0;1",,"","Subtest - Faces II",""
wms3_facesii_item27,Integer,5,,Recommended,"","0;1",,"","Subtest - Faces II",""
wms3_facesii_item28,Integer,5,,Recommended,"","0;1",,"","Subtest - Faces II",""
wms3_facesii_item29,Integer,5,,Recommended,"","0;1",,"","Subtest - Faces II",""
wms3_facesii_item30,Integer,5,,Recommended,"","0;1",,"","Subtest - Faces II",""
wms3_facesii_item31,Integer,5,,Recommended,"","0;1",,"","Subtest - Faces II",""
wms3_facesii_item32,Integer,5,,Recommended,"","0;1",,"","Subtest - Faces II",""
wms3_facesii_item33,Integer,5,,Recommended,"","0;1",,"","Subtest - Faces II",""
wms3_facesii_item34,Integer,5,,Recommended,"","0;1",,"","Subtest - Faces II",""
wms3_facesii_item35,Integer,5,,Recommended,"","0;1",,"","Subtest - Faces II",""
wms3_facesii_item36,Integer,5,,Recommended,"","0;1",,"","Subtest - Faces II",""
wms3_facesii_item37,Integer,5,,Recommended,"","0;1",,"","Subtest - Faces II",""
wms3_facesii_item38,Integer,5,,Recommended,"","0;1",,"","Subtest - Faces II",""
wms3_facesii_item39,Integer,5,,Recommended,"","0;1",,"","Subtest - Faces II",""
wms3_facesii_item40,Integer,5,,Recommended,"","0;1",,"","Subtest - Faces II",""
wms3_facesii_item41,Integer,5,,Recommended,"","0;1",,"","Subtest - Faces II",""
wms3_facesii_item42,Integer,5,,Recommended,"","0;1",,"","Subtest - Faces II",""
wms3_facesii_item43,Integer,5,,Recommended,"","0;1",,"","Subtest - Faces II",""
wms3_facesii_item44,Integer,5,,Recommended,"","0;1",,"","Subtest - Faces II",""
wms3_facesii_item45,Integer,5,,Recommended,"","0;1",,"","Subtest - Faces II",""
wms3_facesii_item46,Integer,5,,Recommended,"","0;1",,"","Subtest - Faces II",""
wms3_facesii_item47,Integer,5,,Recommended,"","0;1",,"","Subtest - Faces II",""
wms3_facesii_item48,Integer,5,,Recommended,"","0;1",,"","Subtest - Faces II",""
wms3_faces_ii_recog_total,Integer,5,,Recommended,"","0 to 48",,"","Subtest - Faces II",""
wms3_facesii_perretcal,Integer,5,,Recommended,"","0 to 100",,"","Subtest - Faces II",""
wms3_vpaii_recall_1,Integer,5,,Recommended,"","0;1",,"","Subtest - Verbal Paired Associates II",""
wms3_vpaii_recall_2,Integer,5,,Recommended,"","0;1",,"","Subtest - Verbal Paired Associates II",""
wms3_vpaii_recall_3,Integer,5,,Recommended,"","0;1",,"","Subtest - Verbal Paired Associates II",""
wms3_vpaii_recall_4,Integer,5,,Recommended,"","0;1",,"","Subtest - Verbal Paired Associates II",""
wms3_vpaii_recall_5,Integer,5,,Recommended,"","0;1",,"","Subtest - Verbal Paired Associates II",""
wms3_vpaii_recall_6,Integer,5,,Recommended,"","0;1",,"","Subtest - Verbal Paired Associates II",""
wms3_vapii_recall_7,Integer,5,,Recommended,"","0;1",,"","Subtest - Verbal Paired Associates II",""
wms3_vapii_recall_8,Integer,5,,Recommended,"","0;1",,"","Subtest - Verbal Paired Associates II",""
wms3_vpaii_recalll_total,Integer,5,,Recommended,"","0 to 8",,"","Subtest - Verbal Paired Associates II",""
wms3_vpaii_recognition_1,Integer,5,,Recommended,"","0;1",,"","Subtest - Verbal Paired Associates II",""
wms3_vpaii_recognition_2,Integer,5,,Recommended,"","0;1",,"","Subtest - Verbal Paired Associates II",""
wms3_vpaii_recognition_3,Integer,5,,Recommended,"","0;1",,"","Subtest - Verbal Paired Associates II",""
wms3_vpaii_recognition_4,Integer,5,,Recommended,"","0;1",,"","Subtest - Verbal Paired Associates II",""
wms3_vpaii_recognition_5,Integer,5,,Recommended,"","0;1",,"","Subtest - Verbal Paired Associates II",""
wms3_vpaii_recognition_6,Integer,5,,Recommended,"","0;1",,"","Subtest - Verbal Paired Associates II",""
wms3_vpaii_recognition_7,Integer,5,,Recommended,"","0;1",,"","Subtest - Verbal Paired Associates II",""
wms3_vpaii_recognition_8,Integer,5,,Recommended,"","0;1",,"","Subtest - Verbal Paired Associates II",""
wms3_vpaii_recognition_9,Integer,5,,Recommended,"","0;1",,"","Subtest - Verbal Paired Associates II",""
wms3_vpaii_recognition_10,Integer,5,,Recommended,"","0;1",,"","Subtest - Verbal Paired Associates II",""
wms3_vpaii_recognition_11,Integer,5,,Recommended,"","0;1",,"","Subtest - Verbal Paired Associates II",""
wms3_vpaii_recognition_12,Integer,5,,Recommended,"","0;1",,"","Subtest - Verbal Paired Associates II",""
wms3_vpaii_recognition_13,Integer,5,,Recommended,"","0;1",,"","Subtest - Verbal Paired Associates II",""
wms3_vpaii_recognition_14,Integer,5,,Recommended,"","0;1",,"","Subtest - Verbal Paired Associates II",""
wms3_vpaii_recognition_15,Integer,5,,Recommended,"","0;1",,"","Subtest - Verbal Paired Associates II",""
wms3_vpaii_recognition_16,Integer,5,,Recommended,"","0;1",,"","Subtest - Verbal Paired Associates II",""
wms3_vpaii_recognition_17,Integer,5,,Recommended,"","0;1",,"","Subtest - Verbal Paired Associates II",""
wms3_vpaii_recognition_18,Integer,5,,Recommended,"","0;1",,"","Subtest - Verbal Paired Associates II",""
wms3_vpaii_recognition_19,Integer,5,,Recommended,"","0;1",,"","Subtest - Verbal Paired Associates II",""
wms3_vpaii_recognition_20,Integer,5,,Recommended,"","0;1",,"","Subtest - Verbal Paired Associates II",""
wms3_vpaii_recognition_21,Integer,5,,Recommended,"","0;1",,"","Subtest - Verbal Paired Associates II",""
wms3_vpaii_recognition_22,Integer,5,,Recommended,"","0;1",,"","Subtest - Verbal Paired Associates II",""
wms3_vpaii_recognition_23,Integer,5,,Recommended,"","0;1",,"","Subtest - Verbal Paired Associates II",""
wms3_vpaii_recognition_24,Integer,5,,Recommended,"","0;1",,"","Subtest - Verbal Paired Associates II",""
wms3_vpaii_recog_total,Integer,5,,Recommended,"","0 to 24",,"","Subtest - Verbal Paired Associates II",""
wms3_fp_ii_s1_gf_score,Integer,5,,Recommended,"","0 to 4",,"","Subtest - Family Pictures II",""
wms3_fp_ii_s1_f_score,Integer,5,,Recommended,"","0 to 4",,"","Subtest - Family Pictures II",""
wms3_fp_ii_si_d_score,Integer,5,,Recommended,"","0 to 4",,"","Subtest - Family Pictures II",""
wms3_fp_ii_si_dog_score,Integer,5,,Recommended,"","0 to 4",,"","Subtest - Family Pictures II",""
wms3_fp_ii_s2_gf_score,Integer,5,,Recommended,"","0 to 4",,"","Subtest - Family Pictures II",""
wms3_fp_ii_s2_m_score,Integer,5,,Recommended,"","0 to 4",,"","Subtest - Family Pictures II",""
wms3_fp_ii_s2_f_score,Integer,5,,Recommended,"","0 to 4",,"","Subtest - Family Pictures II",""
wms3_fp_ii_s2_d_score,Integer,5,,Recommended,"","0 to 4",,"","Subtest - Family Pictures II",""
wms3_fp_ii_s3_gm_score,Integer,5,,Recommended,"","0 to 4",,"","Subtest - Family Pictures II",""
wms3_fp_ii_s3_gf_score,Integer,5,,Recommended,"","0 to 4",,"","Subtest - Family Pictures II",""
wms3_fp_ii_s3_s_score,Integer,5,,Recommended,"","0 to 4",,"","Subtest - Family Pictures II",""
wms3_fp_ii_s3_dog_score,Integer,5,,Recommended,"","0 to 4",,"","Subtest - Family Pictures II",""
wms3_fp_ii_s4_gm_score,Integer,5,,Recommended,"","0 to 4",,"","Subtest - Family Pictures II",""
wms3_fp_ii_s4_m_score,Integer,5,,Recommended,"","0 to 4",,"","Subtest - Family Pictures II",""
wms3_fp_ii_s4_f_score,Integer,5,,Recommended,"","0 to 4",,"","Subtest - Family Pictures II",""
wms3_fp_ii_s4_s_score,Integer,5,,Recommended,"","0 to 4",,"","Subtest - Family Pictures II",""
wms3_fp_ii_recall_total,Integer,5,,Recommended,"","0 to 64",,"","Subtest - Family Pictures II",""
subjectkey,GUID,0,,Required,"","NDAR*",,"","Header",""
src_subject_id,String,20,,Required,"","",,"","Header",""
interview_date,Date,0,,Required,"","MM/yyyy;MM/dd/yyyy",,"* '01/01/1900' indicates that a date associated with retrospective data is not known.","Header",""
interview_age,Integer,0,,Required,"","0 to 1200",,"Age is rounded to chronological month If the research participant is 13 days old at time of interview  the appropriate value would be 0 months if the participant is 19 days old the value would be 1 month","Header",""
grade_highed,String,50,,Recommended,"","",,"","Header",""
comments_misc,String,255,,Optional,"","",,"","Header",""
